sample_idx,true_label,prefix_state,rank_RL,rank_LLM,rank_FeatFusion,rank_GlobalFusion,logit_RL,logit_LLM,logit_FeatFusion,logit_GlobalFusion,RL_top3,LLM_top3,FeatFusion_top3,GlobalFusion_top3,llm_thinking_process,category,case_score
774,T1591,T1595 || T1595 || T1592 || T1592 || T1589 || T1589 || T1589 || T1590 || T1590,1,129,1,1,10.923009872436523,-15.999137878417969,10.923009872436523,6.077023506164551,T1591 (10.92) | T1598 (9.99) | T1590 (8.17),T1059 (3.41) | T1078 (0.98) | T1110 (0.45),T1591 (10.92) | T1598 (9.99) | T1590 (8.17),T1591 (6.08) | T1598 (5.03) | T1583 (4.78),nan,cat2_rl_correct_global_stays_correct,19.4107608795166
122,T1213,T1069 || T1057 || T1012 || T1018 || T1518 || T1082 || T1016 || T1016 || T1049 || T1007 || T1124 || T1570 || T1021 || T1021 || T1560 || T1560 || T1213,1,116,1,1,12.112074851989746,-15.160449981689453,12.112074851989746,7.203020095825195,T1213 (12.11) | T1074 (10.02) | T1005 (9.28),T1059 (3.41) | T1078 (0.98) | T1110 (0.45),T1213 (12.11) | T1074 (10.02) | T1005 (9.28),T1213 (7.20) | T1074 (6.96) | T1005 (5.48),nan,cat2_rl_correct_global_stays_correct,18.572072982788086
1654,T1560,T1560,1,77,1,1,11.182398796081543,-11.962284088134766,11.182398796081543,7.016355991363525,T1560 (11.18) | T1056 (6.79) | T1074 (5.98),T1059 (3.41) | T1078 (0.98) | T1110 (0.45),T1560 (11.18) | T1056 (6.79) | T1074 (5.98),T1560 (7.02) | T1056 (5.37) | T1074 (3.64),nan,cat2_rl_correct_global_stays_correct,15.373907089233398
191,T1560,T1680 || T1069 || T1069 || T1057 || T1018 || T1016 || T1016 || T1021 || T1021 || T1021 || T1021 || T1550 || T1550 || T1550,1,77,1,1,11.411367416381836,-11.962284088134766,11.411367416381836,7.2041096687316895,T1560 (11.41) | T1557 (9.85) | T1071 (7.21),T1059 (3.41) | T1078 (0.98) | T1110 (0.45),T1560 (11.41) | T1557 (9.85) | T1071 (7.21),T1560 (7.20) | T1557 (6.19) | T1114 (4.87),nan,cat2_rl_correct_global_stays_correct,15.373907089233398
1423,T1021,T1087 || T1654 || T1518 || T1082 || T1033 || T1007 || T1021,1,74,1,1,13.794516563415527,-11.817142486572266,13.794516563415527,9.184417724609375,T1021 (13.79) | T1550 (7.52) | T1560 (7.49),T1059 (3.41) | T1078 (0.98) | T1110 (0.45),T1021 (13.79) | T1550 (7.52) | T1560 (7.49),T1021 (9.18) | T1550 (4.98) | T1560 (3.99),nan,cat2_rl_correct_global_stays_correct,15.228765487670898
799,T1071,T1087 || T1087 || T1083 || T1018 || T1518 || T1007 || T1124 || T1080 || T1550 || T1550 || T1560 || T1560 || T1005 || T1039 || T1113 || T1071,1,45,1,1,13.34242057800293,-9.417064666748047,13.34242057800293,9.245712280273438,T1071 (13.34) | T1105 (8.87) | T1114 (6.91),T1059 (3.41) | T1078 (0.98) | T1110 (0.45),T1071 (13.34) | T1105 (8.87) | T1114 (6.91),T1071 (9.25) | T1105 (5.78) | T1114 (5.05),nan,cat2_rl_correct_global_stays_correct,12.82868766784668
912,T1071,T1027 || T1078 || T1586 || T1110 || T1110 || T1555 || T1040 || T1003 || T1003 || T1003 || T1003 || T1552 || T1552 || T1552 || T1040 || T1560 || T1560 || T1071,1,45,1,1,13.876747131347656,-9.417064666748047,13.876747131347656,9.683860778808594,T1071 (13.88) | T1105 (9.90) | T1590 (7.53),T1059 (3.41) | T1078 (0.98) | T1110 (0.45),T1071 (13.88) | T1105 (9.90) | T1590 (7.53),T1071 (9.68) | T1105 (6.63) | T1590 (4.16),nan,cat2_rl_correct_global_stays_correct,12.82868766784668
291,T1071,T1053 || T1053 || T1078 || T1547 || T1060 || T1053 || T1053 || T1078 || T1070 || T1027 || T1027 || T1078 || T1083 || T1082 || T1071,1,45,1,1,10.475598335266113,-9.417064666748047,10.475598335266113,6.894918918609619,T1071 (10.48) | T1132 (8.59) | T1105 (8.55),T1059 (3.41) | T1078 (0.98) | T1110 (0.45),T1071 (10.48) | T1132 (8.59) | T1105 (8.55),T1071 (6.89) | T1105 (5.52) | T1590 (3.86),nan,cat2_rl_correct_global_stays_correct,12.82868766784668
483,T1074,T1003 || T1003 || T1003 || T1087 || T1087 || T1046 || T1018 || T1021 || T1560 || T1560 || T1119 || T1213 || T1213 || T1005 || T1074,1,30,1,1,12.211823463439941,-7.0091657638549805,12.211823463439941,8.752044677734375,T1074 (12.21) | T1114 (8.86) | T1025 (8.78),T1059 (3.41) | T1078 (0.98) | T1110 (0.45),T1074 (12.21) | T1114 (8.86) | T1025 (8.78),T1074 (8.75) | T1114 (6.65) | T1056 (4.96),nan,cat2_rl_correct_global_stays_correct,10.42078971862793
137,T1567,T1213 || T1213 || T1005 || T1025 || T1071 || T1071 || T1071 || T1105 || T1090 || T1090 || T1102 || T1102 || T1567,1,22,1,1,14.29668140411377,-5.986304759979248,14.29668140411377,10.645744323730469,T1567 (14.30) | T1486 (12.98) | T1485 (10.61),T1059 (3.41) | T1078 (0.98) | T1110 (0.45),T1567 (14.30) | T1486 (12.98) | T1485 (10.61),T1567 (10.65) | T1486 (8.99) | T1485 (6.42),nan,cat2_rl_correct_global_stays_correct,9.397928237915039
2089,T1567,T1071 || T1071 || T1573 || T1573 || T1571 || T1090 || T1219 || T1219 || T1048 || T1048 || T1041,1,22,1,1,13.890493392944336,-5.986310958862305,13.890493392944336,10.312668800354004,T1567 (13.89) | T1486 (10.64) | T1485 (10.38),T1059 (3.41) | T1078 (0.98) | T1110 (0.45),T1567 (13.89) | T1486 (10.64) | T1485 (10.38),T1567 (10.31) | T1486 (7.07) | T1485 (6.24),nan,cat2_rl_correct_global_stays_correct,9.397926330566406
1900,T1074,T1087 || T1482 || T1033 || T1570 || T1021 || T1021 || T1021 || T1074,1,50,1,1,10.391727447509766,-5.095090866088867,10.391727447509766,7.604100227355957,T1074 (10.39) | T1114 (8.19) | T1071 (7.67),T1574 (4.08) | T1021 (2.35) | T1562 (2.12),T1074 (10.39) | T1114 (8.19) | T1071 (7.67),T1074 (7.60) | T1114 (6.53) | T1071 (6.05),"[战术阶段评估]：前缀序列显示攻击者已完成侦察（T1087, T1482, T1033）和初始访问后的持久化/工具部署（T1570）。最后两步（T1021, T1021, T1074）表明攻击者正在利用远程访问技术（RDP）进行横向移动，并紧接着执行了数据破坏或清理操作（T1074，数据破坏/删除）。这种“横向移动后立即破坏”的模式通常意味着攻击者已锁定特定目标系统，正在执行数据销毁以掩盖踪迹或作为勒索攻击的一部分，或者是在清理现场准备进行更深层的渗透。然而，T1074 出现在 T1021 之后，可能暗示攻击者正在尝试在受控环境中进行数据操作，或者是在破坏后重新建立连接以确认状态。结合上下文，攻击者已具备远程执行能力。

[已获资产推演]：基于 T1021（远程服务）的多次出现，攻击者已掌握了对目标系统的远程访问权限（如 RDP 会话）。T1074 的执行表明攻击者已能访问文件系统并执行破坏性操作。此时，攻击者可能已获取了本地管理员权限或高权限账户凭证，能够访问敏感数据或部署恶意载荷。

[意图图谱映射]：在破坏或清理数据（T1074）之后，攻击者的意图通常转向：1. 窃取高价值数据（",cat2_rl_correct_global_stays_correct,9.177356719970703
1111,T1018,T1027 || T1553 || T1550 || T1075 || T1078 || T1003 || T1003 || T1003,1,10,1,1,9.617819786071777,0.8649002909660339,9.617819786071777,8.042293548583984,T1018 (9.62) | T1135 (8.58) | T1021 (8.44),T1552 (8.94) | T1003 (8.02) | T1087 (6.16),T1018 (9.62) | T1135 (8.58) | T1021 (8.44),T1018 (8.04) | T1083 (6.90) | T1135 (6.61),"[战术阶段评估]：前缀序列以 T1003 (OS Credential Dumping) 连续三次结束。这表明攻击者已经完成了初始入侵（T1078 获取访问权限）、横向移动或权限维持（T1027, T1553, T1550, T1075），并正在执行或刚刚完成了针对本地账户凭证的暴力提取。连续三次 T1003 暗示攻击者可能正在尝试不同的转储方法（如 LSASS、SAM、NTDS.dit）以确保获取足够的凭据，或者正在对多个目标节点进行重复的凭据转储操作。当前处于‘凭据获取与验证’阶段。

[已获资产推演]：基于 T1003 的连续执行，攻击者目前极大概率已经获取了本地管理员权限、域管理员权限或高价值的哈希值（如 NTLM 或 Kerberos TGT/TGS）。这些资产是进行后续横向移动和权限提升的关键燃料。攻击者目前拥有的是‘凭据’这一核心资产，而非直接的‘执行权’。

[意图图谱映射]：在 ATT&CK 逻辑中，获取凭据（T1003）后的直接逻辑闭环通常是利用这些凭据进行‘远程执行’或‘横向移动’。KG Context 中提到的 Axiom, POWERTON, MuddyWat",cat2_rl_correct_global_stays_correct,8.071253776550293
2039,T1588,T1587 || T1587 || T1585,1,14,1,1,11.593916893005371,-4.571277141571045,11.593916893005371,8.684181213378906,T1588 (11.59) | T1608 (9.67) | T1189 (7.90),T1059 (3.41) | T1078 (0.98) | T1110 (0.45),T1588 (11.59) | T1608 (9.67) | T1189 (7.90),T1588 (8.68) | T1608 (6.17) | T1059 (4.24),nan,cat2_rl_correct_global_stays_correct,7.982900619506836
610,T1120,T1552 || T1087 || T1087 || T1087 || T1217 || T1046 || T1201,1,73,1,1,10.574702262878418,-5.1309709548950195,10.574702262878418,7.747681140899658,T1120 (10.57) | T1201 (10.53) | T1591 (8.64),T1083 (2.51) | T1056 (1.71) | T1078 (1.68),T1120 (10.57) | T1201 (10.53) | T1591 (8.64),T1120 (7.75) | T1201 (7.60) | T1057 (5.92),"[战术阶段评估]：前缀序列以 T1217 (Browser Information Discovery) 和 T1046 (Network Service Discovery) 结尾，随后再次出现 T1217。这表明攻击者正处于‘侦察与情报收集’阶段，且重点从系统层面的服务扫描（T1046）转移到了用户层面的浏览器数据窃取（T1217）。这种重复和交叉操作暗示攻击者正在系统性地收集凭证和会话信息，为后续的身份验证或横向移动做准备。

[已获资产推演]：基于 T1217 的多次执行，攻击者极有可能已经获取了受害者的浏览器缓存、Cookie、保存的密码或书签等敏感数据。结合 T1046 的扫描结果，攻击者可能已经识别了网络中暴露的服务（如 Redis, SSH 等）。此时，攻击者掌握的‘资产’主要是：1. 潜在的合法用户凭证（来自浏览器）；2. 网络拓扑和暴露面信息（来自服务扫描）。

[意图图谱映射]：在获取了浏览器凭证和网络服务信息后，攻击者的逻辑下一步通常是利用这些新获取的资产进行‘访问’或‘横向移动’。KG Context 中提到的 PowerLess 和 Calisto 都是窃取",cat2_rl_correct_global_stays_correct,7.64155912399292
1377,T1552,T1222 || T1222 || T1562 || T1562 || T1562 || T1070 || T1070 || T1070 || T1036 || T1036 || T1027 || T1027 || T1014,1,10,1,1,8.987618446350098,0.6452829837799072,8.987618446350098,7.485998153686523,T1552 (8.99) | T1003 (7.84) | T1553 (7.43),T1027 (8.04) | T1055 (6.01) | T1218 (5.26),T1552 (8.99) | T1003 (7.84) | T1553 (7.43),T1552 (7.49) | T1553 (6.84) | T1218 (6.83),"[战术阶段评估]：前缀序列显示攻击者经历了反复的 T1222（文件加密/压缩）和 T1562（防御规避，如禁用安全工具），随后是 T1070（清除痕迹）和 T1036（进程伪装）。最后两步 T1027（代码混淆/打包）和 T1014（注册表持久化）表明攻击者正在对恶意载荷进行最终加固，并试图在目标系统上建立持久化立足点。T1014 通常紧随在载荷准备就绪之后，用于确保恶意代码在重启后能自动执行。当前处于‘持久化建立’与‘载荷交付’的临界点。

[已获资产推演]：基于 T1027 和 T1014 的组合，攻击者已经成功将经过混淆和打包的恶意载荷（可能是 Machete、GALLIUM 或 XLoader 等变体）写入目标系统，并配置了注册表项以实现自动启动。攻击者目前掌握了目标系统的‘执行环境’和‘持久化通道’，但尚未进行横向移动或数据窃取，因为之前的 T1070 和 T1036 更多是为了掩盖初始入侵痕迹。

[意图图谱映射]：KG Context 明确指出 T1027.002（软件打包）是 Machete、GALLIUM、XLoader 等恶意软件家族的特征。这些家族通常作为初始访问",cat2_rl_correct_global_stays_correct,7.398063659667969
2002,T1583,T1589 || T1593 || T1593 || T1593 || T1681 || T1583 || T1583,1,8,1,1,11.38508129119873,0.5834999680519104,11.38508129119873,9.440796852111816,T1583 (11.39) | T1584 (10.01) | T1587 (9.70),T1584 (6.61) | T1587 (2.70) | T1586 (2.67),T1583 (11.39) | T1584 (10.01) | T1587 (9.70),T1583 (9.44) | T1584 (9.40) | T1587 (8.44),"[战术阶段评估]：前缀序列以 T1589 (收集信息) 开始，随后是多次 T1593 (收集目标信息)，接着是 T1681 (账户操纵) 和两次 T1583 (建立基础设施)。最后两步 T1681 || T1583 || T1583 表明攻击者已经完成了对目标账户的初步操纵（如创建后门账户或提升权限），并正在积极构建或完善其命令与控制（C2）基础设施。这标志着攻击正从‘侦察与准备’阶段向‘初始访问与持久化’的过渡期，基础设施的搭建是为了支撑后续的恶意载荷投递和长期驻留。

[已获资产推演]：基于 T1589 和 T1593，攻击者已掌握目标的组织架构、关键人员及潜在入口点信息。T1681 暗示攻击者可能已经获取了部分账户控制权或正在准备利用这些账户进行持久化。T1583 的连续执行表明攻击者正在建立专用的 C2 通道（如注册域名、托管恶意代码的 GitHub 仓库或建立中继网络），这是为了规避检测并建立稳定的通信链路。

[意图图谱映射]：结合 KG Context，ZIRCONIUM 和 Winnti 等组织在建立基础设施（T1583）后，通常会立即利用这些基础设施进行恶意载荷的托管",cat2_rl_correct_global_stays_correct,6.0282392501831055
1880,T1070,T1053 || T1053 || T1547 || T1053 || T1053 || T1656,1,18,1,1,8.080252647399902,-0.44455260038375854,8.080252647399902,6.545787811279297,T1070 (8.08) | T1036 (6.12) | T1547 (5.12),T1053 (5.35) | T1547 (5.25) | T1140 (4.26),T1070 (8.08) | T1036 (6.12) | T1547 (5.12),T1070 (6.55) | T1547 (5.15) | T1036 (5.02),"[战术阶段评估]：前缀序列以 T1053 (Scheduled Task/Job) 的多次重复开始，随后出现 T1547 (Boot or Logon Autostart Execution)，最后以 T1656 (User Execution) 结束。T1053 的重复出现表明攻击者正在反复尝试建立或验证持久化机制。T1547 的出现确认了持久化策略已部分生效或正在被强化。T1656 是典型的用户交互触发技术，通常用于在用户登录或执行特定操作时激活恶意载荷。整体来看，攻击者正处于从‘建立持久化’向‘利用持久化触发执行’过渡的关键阶段，即‘执行’（Execution）战术的深化期。

[已获资产推演]：基于 T1053 和 T1547 的序列，攻击者已经成功在目标系统上创建了计划任务或注册表启动项，这意味着攻击者已经获得了某种形式的‘持久化访问权’（Persistent Access）。T1656 的引入暗示攻击者可能已经部署了诱饵文件、宏或脚本，等待用户触发。此时，攻击者掌握的资产主要是‘已部署的持久化后门’和‘待触发的恶意载荷’。

[意图图谱映射]：结合 KG Context，S",cat2_rl_correct_global_stays_correct,5.799267768859863
620,T1201,T1552 || T1087 || T1087 || T1087 || T1217 || T1046,1,48,1,1,10.222240447998047,-3.810129165649414,10.222240447998047,7.696413993835449,T1201 (10.22) | T1120 (8.98) | T1591 (8.43),T1135 (1.77) | T1018 (1.42) | T1083 (1.10),T1201 (10.22) | T1120 (8.98) | T1591 (8.43),T1201 (7.70) | T1120 (6.57) | T1591 (5.84),"[战术阶段评估]：前缀序列以 T1087 (Account Discovery) 开始，随后是 T1217 (Browser Information Discovery) 和 T1046 (Network Service Discovery)。这表明攻击者已经完成了初步的资产发现阶段，从本地账户信息扩展到浏览器凭证，再到网络层面的服务扫描。当前处于从‘信息收集’向‘凭证获取’或‘横向移动’过渡的关键节点。

[已获资产推演]：攻击者目前掌握了：1) 本地/域账户列表 (T1087)；2) 浏览器中存储的凭据、Cookie 或会话令牌 (T1217)；3) 网络中暴露的服务端口及潜在的服务类型 (T1046)。特别是 T1217 和 T1046 的组合，暗示攻击者可能已经定位到具体的服务（如 Redis, SSH, 或 Web 服务）并可能获取了部分浏览器凭证，这为利用这些凭证进行认证或爆破提供了基础。

[意图图谱映射]：结合 KG Context，T1217 明确指向浏览器凭证窃取，而 T1046 指向网络服务扫描。在获取了浏览器凭证并扫描到网络服务后，攻击者的逻辑下一步通常是利用这",cat2_rl_correct_global_stays_correct,5.580072402954102
409,T1562,T1078 || T1078 || T1098 || T1543 || T1501 || T1543 || T1484 || T1484 || T1055 || T1053 || T1053 || T1078 || T1078 || T1140 || T1484 || T1484 || T1562,1,6,1,1,12.800713539123535,-2.1010382175445557,12.800713539123535,10.11839771270752,T1562 (12.80) | T1070 (7.91) | T1564 (7.09),T1059 (3.41) | T1078 (0.98) | T1110 (0.45),T1562 (12.80) | T1070 (7.91) | T1564 (7.09),T1562 (10.12) | T1656 (5.12) | T1070 (5.02),nan,cat2_rl_correct_global_stays_correct,5.512661933898926
225,T1027,T1566 || T1566 || T1059 || T1059 || T1059 || T1059 || T1053 || T1053 || T1204 || T1204 || T1204 || T1547 || T1053 || T1053 || T1547 || T1060 || T1053 || T1053 || T1140,1,10,1,1,7.65959358215332,-0.10474345088005066,7.65959358215332,6.262012958526611,T1027 (7.66) | T1564 (6.98) | T1036 (6.45),T1053 (5.30) | T1564 (1.70) | T1204 (1.68),T1027 (7.66) | T1564 (6.98) | T1036 (6.45),T1027 (6.26) | T1564 (6.03) | T1036 (5.58),"[战术阶段评估]：攻击前缀序列显示攻击者经历了初始访问（T1566 钓鱼）、执行（T1059 命令解释器）、持久化（T1053 计划任务、T1204 用户界面、T1547 启动项）以及防御规避（T1060 脚本、T1140 隐藏文件/目录）。最后两步 T1053 || T1053 || T1140 表明攻击者刚刚完成了多轮计划任务的创建（可能是为了应对被删除或确保存活）并执行了文件隐藏操作。这标志着‘持久化’阶段的收尾和‘防御规避’的强化，攻击者正在为下一步的横向移动或数据窃取做准备，确保环境稳定且不易被察觉。

[已获资产推演]：基于 T1059（命令执行）和 T1053/T1547（持久化），攻击者已经成功在目标系统上获得了用户级或系统级的命令执行权限，并且已经建立了至少一个或多个持久化的后门（计划任务）。T1140 的使用暗示攻击者可能已经放置了恶意载荷或敏感文件，并试图隐藏它们。此时，攻击者拥有对单点的控制权，但尚未表现出明显的横向移动或数据外传行为。

[意图图谱映射]：结合 KG Context，T1053（计划任务）是 Lucifer、Saint Bot 等恶意软件建立持",cat2_rl_correct_global_stays_correct,5.4048895835876465
989,T1070,T1480 || T1562 || T1562 || T1562 || T1562 || T1562,1,2,1,1,13.100738525390625,3.074462652206421,13.100738525390625,11.296008110046387,T1070 (13.10) | T1036 (9.04) | T1656 (8.77),T1562 (8.39) | T1070 (3.07) | T1027 (2.38),T1070 (13.10) | T1036 (9.04) | T1656 (8.77),T1070 (11.30) | T1562 (8.53) | T1036 (7.34),"[战术阶段评估]：前缀序列以 T1480（数据加密）开始，随后连续五次执行 T1562（Impair Defenses）。T1480 通常标志着勒索软件攻击中数据加密阶段的完成或接近完成。随后的 T1562 重复执行，表明攻击者正在系统性地清除或禁用安全防御机制，特别是防火墙（T1562.004）和反病毒工具（T1562.001），以确保持久化并防止警报触发。当前处于攻击的‘后加密/防御规避’阶段。

[已获资产推演]：攻击者已经成功执行了数据加密（T1480），意味着核心数据资产已被锁定。连续执行 T1562 表明攻击者已获取了系统管理员或高权限账户，能够修改系统配置、停止安全服务并添加防火墙规则。此时，攻击者已掌握对目标系统的完全控制权，并正在构建一个‘静默’环境。

[意图图谱映射]：根据 KG Context，Rocke 和 H1N1 等组织在加密后或加密过程中会利用 T1562 来阻止安全软件通信或阻止其他威胁（如其他矿机）干扰，同时确保自身不被发现。在防御被彻底破坏后，攻击者的逻辑下一步通常是建立持久化（确保重启后仍能控制）、横向移动（寻找其他易受攻击的机器）或外传数据（如",cat2_rl_correct_global_stays_correct,5.310773849487305
212,T1060,T1566 || T1566 || T1059 || T1059 || T1059 || T1059 || T1053 || T1053 || T1204 || T1204 || T1204 || T1547 || T1053 || T1053 || T1547,1,15,1,1,12.540549278259277,-1.0354983806610107,12.540549278259277,10.0968599319458,T1060 (12.54) | T1053 (7.56) | T1547 (6.76),T1053 (4.19) | T1204 (2.83) | T1547 (2.58),T1060 (12.54) | T1053 (7.56) | T1547 (6.76),T1060 (10.10) | T1053 (6.95) | T1547 (6.01),"[战术阶段评估]：攻击前缀序列以 T1566 (Phishing) 开始，随后进入 T1059 (Command and Scripting Interpreter) 进行多次执行，接着是 T1053 (Command and Scripting Interpreter: Scheduled Task/Job) 和 T1204 (User Execution)。序列最后两步为 T1053 和 T1547 (Boot or Logon Autostart Execution)。这表明攻击者已经完成了初始入侵（钓鱼），执行了恶意载荷，并正在积极建立持久性机制（通过计划任务和启动项）。T1547 的出现通常紧随 T1053 之后，意味着攻击者正在尝试确保在系统重启或用户登录时恶意代码能再次运行。当前处于攻击生命周期的‘持久化 (Persistence)'阶段，且该阶段操作非常密集。

[已获资产推演]：基于 T1059 的多次执行和 T1204 的用户交互，攻击者已经成功在目标系统上执行了代码，并获得了用户级别的权限（User Privileges）。通过 T1053 和 T1547 的操作",cat2_rl_correct_global_stays_correct,5.223172187805176
2057,T1562,T1546 || T1546 || T1547 || T1060 || T1547 || T1543 || T1543 || T1546 || T1546 || T1480,1,19,1,1,9.094769477844238,-0.28592830896377563,9.094769477844238,7.406243801116943,T1562 (9.09) | T1574 (7.77) | T1546 (6.33),T1574 (4.87) | T1078 (3.18) | T1053 (3.10),T1562 (9.09) | T1574 (7.77) | T1546 (6.33),T1562 (7.41) | T1574 (7.24) | T1546 (5.65),[战术阶段评估]：前缀序列以 T1546 (多次) 和 T1547 (多次) 结尾，随后是 T1060 和 T1543，最后两步为 T1546 和 T1480。T1546 (事件触发执行) 和 T1547 (启动项/启动文件夹) 是典型的持久化技术。T1543 (创建系统服务) 也是持久化手段。T1060 (注册表修改) 通常用于配置持久化或绕过控制。T1480 (利用漏洞) 在此处作为序列的结尾，结合上下文中的 SILENTTRINITY 和 Deep Panda 案例，暗示攻击者可能刚刚利用了一个漏洞（如 T1480 可能指代具体的漏洞利用，或者作为前缀的一部分暗示了利用过程）来达成某种目的，或者 T1480 在此处被用作某种特定的利用手段来辅助持久化。然而，序列中大量的 T1546 和 T1547 表明攻击者正处于**持久化建立**阶段，且可能已经完成了初步的持久化，正在通过 T1480（利用漏洞）来增强权限或绕过防御（如 UAC），或者 T1480 是前一步利用漏洞后的结果。考虑到 T1546 和 T1547 的重复出现，攻击者正在反复确认或加固其持久化机制。T1480 的出现,cat2_rl_correct_global_stays_correct,5.159390449523926
486,T1574,T1574 || T1574 || T1055 || T1093 || T1053 || T1053 || T1548 || T1548 || T1197,1,6,1,1,9.568133354187012,0.8516852855682373,9.568133354187012,7.999172210693359,T1574 (9.57) | T1070 (8.92) | T1140 (7.47),T1140 (5.91) | T1547 (2.40) | T1548 (1.72),T1574 (9.57) | T1070 (8.92) | T1140 (7.47),T1574 (8.00) | T1140 (7.19) | T1070 (7.11),"[战术阶段评估]：前缀序列显示攻击者首先执行了 T1574 (组件组件化/持久化) 和 T1055 (进程注入) 进行初步的隐蔽驻留，随后通过 T1093 (进程间通信) 和 T1053 (计划任务) 建立执行机制。最后两步 T1548 (访问权限提升) 的重复出现，明确表明攻击者正在尝试或已经成功利用 UAC 绕过机制（如 fodhelper.exe）将权限从受限用户提升至系统级（SYSTEM）。最后的 T1197 (BITS 传输) 通常用于在权限提升后，利用系统信任的后台智能传输服务下载或传输恶意载荷，这标志着攻击者正从‘权限提升’阶段过渡到‘后渗透/载荷部署’阶段。

[已获资产推演]：基于 T1548 的连续执行，攻击者极大概率已经获得了目标主机的 SYSTEM 级别权限。T1197 的使用进一步证实了攻击者正在利用高权限访问网络资源或本地存储，准备进行下一步的横向移动或数据外传。此时，攻击者已具备在本地执行任意代码、修改注册表、安装服务以及访问敏感数据的完整能力。

[意图图谱映射]：在获得 SYSTEM 权限并利用 BITS 进行传输后，攻击者的逻辑意图通常转向扩大攻击面",cat2_rl_correct_global_stays_correct,5.06028938293457
1358,T1098,T1609 || T1610 || T1569 || T1569 || T1204 || T1204 || T1098 || T1098 || T1547 || T1136 || T1087 || T1543 || T1543 || T1133 || T1098,1,7,1,1,9.431441307067871,1.1238481998443604,9.431441307067871,7.936074256896973,T1098 (9.43) | T1547 (6.93) | T1543 (6.57),T1543 (6.16) | T1484 (4.67) | T1078 (3.64),T1098 (9.43) | T1547 (6.93) | T1543 (6.57),T1098 (7.94) | T1543 (6.50) | T1547 (5.69),"[战术阶段评估]：前缀序列以 T1543 (Create or Modify System Process) 和 T1133 (System Information Discovery) 结尾，随后紧跟 T1098 (Account Manipulation)。T1543 通常用于建立持久化（如注册服务），T1133 用于确认系统环境，而 T1098 表明攻击者正在修改账户属性（如添加组成员资格或修改密码）。最后两步 T1133 || T1098 显示攻击者已完成系统信息收集，并正在通过操纵账户（可能是提升权限或创建后门账户）来巩固访问权限。这标志着攻击者正从‘建立持久化’阶段过渡到‘权限提升’或‘横向移动准备’阶段。

[已获资产推演]：基于 T1543 (Service) 和 T1098，攻击者目前极有可能已经获得了 SYSTEM 级别的权限（通过服务运行）或已拥有高权限账户（通过账户操纵）。攻击者已掌握对目标系统的完全控制权，并可能已创建了一个具有特殊权限的本地或域账户，用于后续操作。

[意图图谱映射]：在获得高权限并操纵账户后，攻击者的逻辑下一步通常是利用这些新获得的权限进行",cat2_rl_correct_global_stays_correct,5.040501594543457
2092,T1484,T1484 || T1484 || T1053 || T1053 || T1078 || T1586,1,50,1,1,8.706096649169922,-2.8673462867736816,8.706096649169922,6.6228766441345215,T1484 (8.71) | T1562 (7.61) | T1006 (7.03),T1586 (2.01) | T1078 (1.75) | T1574 (0.63),T1484 (8.71) | T1562 (7.61) | T1006 (7.03),T1484 (6.62) | T1562 (5.62) | T1140 (5.46),"[战术阶段评估]：前缀序列显示攻击者首先执行了 T1484（资源重命名/伪装），随后通过 T1053（计划任务）建立持久性，接着利用 T1078（有效账户）进行身份验证或账户滥用，最后执行 T1586（收集资源）。最后两步 T1078 和 T1586 表明攻击者已经成功获取了某种形式的访问权限（可能是通过 T1078 获得的账户），并正在积极收集系统内的资源（如凭证、文件、配置等）。这标志着攻击者正处于从‘初始访问/持久化’向‘凭证访问/信息收集’过渡的关键阶段。

[已获资产推演]：基于 T1078 和 T1586 的组合，攻击者目前至少掌握了一个有效的用户账户上下文，并且已经能够列出或访问系统资源。T1586 通常作为 T1003（凭证访问）的前置步骤，意味着攻击者正在寻找具体的凭证存储位置或敏感文件。结合 T1053 的持久化手段，攻击者已经确保了在系统重启后的存活能力，当前的核心资产是‘已建立的会话’和‘可访问的文件系统’。

[意图图谱映射]：在收集到资源（T1586）后，攻击者的逻辑下一步通常是利用这些资源进行更深层的渗透。KG Context 中提到的 T1053 持久化",cat2_rl_correct_global_stays_correct,4.879671573638916
396,T1018,T1078 || T1110 || T1555 || T1056 || T1056 || T1040 || T1003 || T1003 || T1003 || T1539 || T1087 || T1087 || T1087 || T1083 || T1040,1,41,1,1,11.905759811401367,-2.4425857067108154,11.905759811401367,9.323057174682617,T1018 (11.91) | T1049 (10.20) | T1135 (9.94),T1071 (2.29) | T1046 (2.03) | T1082 (1.51),T1018 (11.91) | T1049 (10.20) | T1135 (9.94),T1018 (9.32) | T1049 (8.39) | T1135 (8.24),"[战术阶段评估]：攻击前缀序列显示攻击者已完成初始访问（T1078）、凭证获取（T1110）、凭证窃取（T1555）、键盘记录（T1056）及数据收集（T1040, T1003）。最后两步 T1087（账户发现）和 T1083（文件/目录发现）结合 T1040（网络嗅探），表明攻击者正处于‘侦察与资产映射’阶段，正在系统性地梳理本地账户、文件结构及网络流量特征，为后续的数据窃取或横向移动做准备。

[已获资产推演]：基于 T1087 和 T1083 的执行，攻击者目前掌握了目标系统的本地账户列表（包括权限级别）、关键文件路径、目录结构以及部分网络流量特征。这构成了一个完整的‘资产地图’，攻击者已知晓哪些账户值得利用，哪些文件包含高价值数据。

[意图图谱映射]：结合 KG Context，T1087 和 T1083 是典型的‘数据收集’子阶段，通常紧随其后的是‘数据渗出’或‘利用已发现资产进行横向移动’。攻击者已收集了账户和文件信息，下一步极大概率是利用这些信息进行：1) 将收集到的数据（如文件列表、账户名）打包并传输出去（Exfiltration）；2) 利用发现的账户凭证进行远程执",cat2_rl_correct_global_stays_correct,4.731162071228027
421,T1087,T1078 || T1110 || T1555 || T1056 || T1056 || T1040 || T1003 || T1003 || T1003 || T1539,1,5,1,1,11.85373306274414,2.0543484687805176,11.85373306274414,10.08984375,T1087 (11.85) | T1083 (9.72) | T1552 (8.35),T1552 (6.70) | T1003 (3.79) | T1558 (3.68),T1087 (11.85) | T1083 (9.72) | T1552 (8.35),T1087 (10.09) | T1083 (8.28) | T1552 (8.06),"[战术阶段评估]：前缀序列显示攻击者已完成初始访问（T1078）、凭证获取（T1110）及持久化/凭证窃取（T1555, T1056）。随后，攻击者执行了多次 T1003（OS Credential Dumping），这是典型的凭证转储阶段，旨在获取系统级或域级凭据。最后一步 T1539（Steal Web Session Cookie）表明攻击者正在尝试窃取特定应用或浏览器的会话令牌，这通常发生在拥有系统权限后，为了获取特定服务（如云控制台、Web 应用）的访问权限。当前处于‘凭证利用与横向移动准备’阶段。

[已获资产推演]：基于 T1003 的多次执行，攻击者极大概率已经获取了本地管理员凭据、域管理员凭据或哈希值。结合 T1539，攻击者可能已经获取了特定 Web 会话的 Cookie。这意味着攻击者目前拥有高权限的本地/域账户，以及可能的特定应用会话令牌，具备了进行横向移动或云资源访问的资格。

[意图图谱映射]：在获取了高价值凭证（T1003）和会话令牌（T1539）后，攻击者的核心意图是利用这些凭据进行横向移动（Lateral Movement）以扩大控制范围，或者利用 W",cat2_rl_correct_global_stays_correct,4.647277355194092
630,T1056,T1556 || T1556 || T1112 || T1027 || T1027 || T1553 || T1218 || T1218 || T1078 || T1078 || T1497 || T1497 || T1110 || T1555 || T1555 || T1056,1,4,1,1,13.227538108825684,-1.1025505065917969,13.227538108825684,10.648122787475586,T1056 (13.23) | T1087 (6.84) | T1111 (6.80),T1059 (3.41) | T1078 (0.98) | T1110 (0.45),T1056 (13.23) | T1087 (6.84) | T1111 (6.80),T1056 (10.65) | T1003 (4.48) | T1556 (4.32),nan,cat2_rl_correct_global_stays_correct,4.514173984527588
2094,T1484,T1484 || T1484 || T1053 || T1053 || T1078 || T1586 || T1484,1,23,1,1,11.049100875854492,-0.4523908495903015,11.049100875854492,8.978832244873047,T1484 (11.05) | T1562 (7.86) | T1564 (7.82),T1098 (4.02) | T1059 (2.28) | T1134 (1.97),T1484 (11.05) | T1562 (7.86) | T1564 (7.82),T1484 (8.98) | T1562 (6.62) | T1564 (6.53),"[战术阶段评估]：前缀序列以 T1484 (攻击面暴露) 开始，随后是 T1053 (命令和脚本解释器) 和 T1078 (有效账户)。最后两步 T1586 (收集凭据) 和 T1484 表明攻击者已经完成了初步的横向移动或权限提升，并正在主动收集更多凭据（T1586），同时可能再次暴露攻击面（T1484）以准备后续的大规模行动。T1078 的重复出现暗示攻击者正在利用已获取的账户进行持久化或横向移动。整体处于从‘初始访问/执行’向‘凭证访问/横向移动’过渡的关键阶段。

[已获资产推演]：基于 T1078 和 T1586 的组合，攻击者目前至少掌握了一个有效的本地或域账户（根据 KG Context，可能是 Turla 风格的本地账户或 SolarWinds 风格的域账户）。T1586 的执行意味着攻击者正在尝试获取更多的凭据（如哈希、明文密码），这通常是为了获取更高权限的账户（如域管理员）或访问更多系统。攻击者目前拥有的是‘已验证的访问权限’，但可能尚未完全控制整个域或关键基础设施。

[意图图谱映射]：KG Context 强调了 T1078 与特定 APT 组织（Turla, ",cat2_rl_correct_global_stays_correct,4.472131729125977
2084,T1053,T1587 || T1588 || T1588 || T1190 || T1078 || T1586 || T1059 || T1059 || T1059 || T1053 || T1053 || T1098 || T1098 || T1098 || T1556 || T1556,1,11,1,1,11.346566200256348,-1.2356528043746948,11.346566200256348,9.081766128540039,T1053 (11.35) | T1505 (5.06) | T1137 (4.40),T1078 (3.22) | T1090 (1.73) | T1578 (1.12),T1053 (11.35) | T1505 (5.06) | T1137 (4.40),T1053 (9.08) | T1505 (3.53) | T1556 (3.32),"[战术阶段评估]：攻击前缀序列显示攻击者已完成侦察（T1587, T1588, T1190, T1586）和初始访问（T1078）。随后进入执行阶段（T1059），并进行了持久化操作（T1053, T1098, T1556）。最后两步 T1098（Account Manipulation）和 T1556（Access Token Manipulation/Modify Authentication Process）表明攻击者正在强化其访问权限，特别是通过修改认证机制（如 SSH 登录或公钥认证）来确保即使凭据泄露也能维持访问，或为横向移动建立隐蔽通道。这标志着攻击者正从‘建立立足点’向‘利用已建立的持久化通道进行横向移动或权限提升’过渡。

[已获资产推演]：基于 T1078（Valid Accounts）和 T1098（Account Manipulation），攻击者已掌握至少一个合法账户的控制权，并可能已修改该账户的认证逻辑（如添加后门密码、修改 SSH 配置）。结合 T1556 的上下文（Kessel, SYNful Knock, Scattered Spider 等利用此技术",cat2_rl_correct_global_stays_correct,4.4562273025512695
1751,T1018,T1133 || T1078 || T1059 || T1059 || T1133 || T1078 || T1078 || T1562 || T1562 || T1036 || T1036 || T1027 || T1078 || T1558 || T1482,1,27,1,1,10.186470985412598,-2.1565213203430176,10.186470985412598,7.9647321701049805,T1018 (10.19) | T1057 (9.35) | T1135 (8.59),T1078 (2.26) | T1557 (2.17) | T1586 (1.08),T1018 (10.19) | T1057 (9.35) | T1135 (8.59),T1018 (7.96) | T1057 (6.95) | T1135 (6.40),"[战术阶段评估]：前缀序列显示攻击者经历了反复的凭证获取（T1078）和持久化尝试（T1133, T1059），随后进行了防御规避（T1562 禁用服务/进程，T1036 伪装，T1027 代码签名/修改）。最后两步 T1078（账户访问）和 T1558（滥用 Kerberos TGT）表明攻击者已获取高权限凭证并正在利用 Kerberos 协议进行横向移动或权限提升。T1482（域信任）的加入暗示攻击者正在探索域环境中的信任关系，为跨域攻击做准备。整体处于从单点突破向域内横向移动及域间渗透过渡的关键阶段。

[已获资产推演]：基于 T1078 和 T1558 的组合，攻击者目前掌握了域内高权限账户（如 Domain Admin 或 Enterprise Admin）的 Kerberos TGT 或票据。T1482 表明攻击者已识别出域信任关系。攻击者拥有在域内任意节点执行代码的能力，并具备利用信任关系进行跨域攻击的潜在能力。

[意图图谱映射]：结合 KG Context 中关于 Turla 和 SolarWinds 滥用本地/域账户的上下文，攻击者下一步极大概率会利用已获取的 Ke",cat2_rl_correct_global_stays_correct,4.418184280395508
1934,T1555,T1027 || T1055 || T1014 || T1218 || T1218 || T1205 || T1205 || T1078 || T1078 || T1555,1,11,1,1,10.414009094238281,-0.5582455396652222,10.414009094238281,8.439003944396973,T1555 (10.41) | T1212 (8.11) | T1003 (7.78),T1003 (3.81) | T1056 (3.49) | T1552 (2.81),T1555 (10.41) | T1212 (8.11) | T1003 (7.78),T1555 (8.44) | T1003 (7.07) | T1212 (6.41),"[战术阶段评估]：前缀序列显示攻击者经历了代码注入/隐藏 (T1055)、文件伪装/隐藏 (T1014)、可执行文件伪装 (T1218)、进程注入 (T1205)，随后进行了多次凭据获取 (T1078) 和凭据转储 (T1555)。最后两步 T1078 (T1078.002 域账户) 和 T1555 (凭据转储) 表明攻击者正处于‘凭据获取与利用’的循环中，试图通过转储的凭据进行横向移动或提升权限。T1078 的重复出现暗示攻击者正在尝试使用新获取的凭据进行登录或会话建立。

[已获资产推演]：基于 T1555 和 T1078 的上下文，攻击者目前掌握了域账户凭据（Domain Accounts）或本地管理员凭据。KG Context 明确指出 Cobalt Strike 和 FIN10 等组织利用这些凭据进行后续操作。攻击者已具备在域内或本地进行身份验证的‘粗粒度资产’（即有效的用户凭据）。

[意图图谱映射]：攻击者刚刚获取了凭据（T1555）并尝试使用域账户登录（T1078），其逻辑意图是‘利用这些新凭据进行横向移动’或‘在已登录的会话中执行操作’。根据 ATT&CK 逻辑，获取",cat2_rl_correct_global_stays_correct,4.372718334197998
897,T1213,T1552 || T1482 || T1615 || T1135 || T1018 || T1082 || T1534 || T1021 || T1021 || T1021 || T1560,1,6,1,1,12.620308876037598,3.3930065631866455,12.620308876037598,10.959394454956055,T1213 (12.62) | T1074 (8.87) | T1005 (8.75),T1560 (7.65) | T1119 (6.46) | T1021 (5.60),T1213 (12.62) | T1074 (8.87) | T1005 (8.75),T1213 (10.96) | T1074 (7.98) | T1005 (7.70),"[战术阶段评估]：前缀序列显示攻击者已完成初始访问（T1552 凭证窃取）、系统发现（T1482, T1615, T1135, T1018, T1082）及命令执行/持久化尝试（T1534, T1021）。最后两步 T1021（远程服务）的重复出现，紧接着 T1560（归档数据），表明攻击者正处于‘横向移动后的数据收集与准备’阶段。攻击者利用远程服务（RDP/SSH/WMI）在多个节点间移动，并立即执行了数据压缩/归档操作，这通常是数据窃取前的最后准备步骤。

[已获资产推演]：基于 T1021 的多次执行，攻击者已掌握至少一个内部节点的远程访问权限（RDP/SSH/WMI），并可能已遍历了部分网络拓扑。T1560 的执行意味着攻击者已识别出高价值数据（如数据库、文档、配置），并将其打包。此时攻击者拥有的是‘已打包的待传输数据’和‘内部网络的访问通道’。

[意图图谱映射]：结合 KG Context，Magic Hound 和 FIN13 等组织在利用 T1021 进行横向移动后，常利用相同的通道或新的通道进行数据外传。T1560 是 T1560.001 (Archive via U",cat2_rl_correct_global_stays_correct,4.252809524536133
1311,T1027,T1190 || T1133 || T1566 || T1195 || T1195 || T1199 || T1059 || T1059 || T1133 || T1027,1,13,1,1,8.507493019104004,-2.462148666381836,8.507493019104004,6.532957553863525,T1027 (8.51) | T1078 (7.00) | T1553 (5.96),T1059 (1.67) | T1078 (1.37) | T1518 (1.30),T1027 (8.51) | T1078 (7.00) | T1553 (5.96),T1027 (6.53) | T1078 (5.99) | T1566 (4.32),"[战术阶段评估]：前缀序列以 T1059 (Command and Scripting Interpreter) 开始，紧接着是 T1133 (Remote System Discovery) 和 T1027 (Obfuscated Files or Information)。这表明攻击者已经成功执行了初始载荷（T1190, T1133, T1566, T1195），并正在通过命令解释器（T1059）进行活动。最后两步 T1133 和 T1027 的组合非常关键：T1133 代表攻击者正在扫描或枚举本地网络/系统资源，而紧随其后的 T1027 表明攻击者正在对即将执行或正在执行的命令进行混淆（如 Base64 编码或加壳），这通常是为了规避检测或隐藏恶意意图。结合 KG Context 中提到的 Ursnif 使用 Base64 编码 PowerShell 和 GALLIUM 使用软件打包，可以推断当前处于“本地执行与隐蔽化”阶段，攻击者正在准备更复杂的后续操作。

[已获资产推演]：基于 T1190 (Exploit Public-Facing Application) 和 T113",cat2_rl_correct_global_stays_correct,4.133450984954834
535,T1140,T1559 || T1106 || T1053 || T1053 || T1204 || T1204 || T1204 || T1047 || T1547 || T1112 || T1137 || T1053 || T1053 || T1547 || T1060 || T1055 || T1053 || T1053,1,4,1,1,7.505298614501953,1.9470146894454956,7.505298614501953,6.504807472229004,T1140 (7.51) | T1548 (7.41) | T1078 (6.55),T1078 (6.04) | T1053 (5.28) | T1204 (3.13),T1140 (7.51) | T1548 (7.41) | T1078 (6.55),T1140 (6.50) | T1078 (6.46) | T1548 (6.22),"[战术阶段评估]：前缀序列以 T1055 (Process Injection) 和 T1053 (Scheduled Task/Job) 的重复组合结束。T1055 通常用于在内存中隐藏恶意代码或提升权限，而 T1053 用于建立持久性。序列中 T1053 的多次出现（特别是最后两步）表明攻击者正在反复验证或强化其持久化机制，或者在注入后重新触发任务以维持存活。这标志着攻击者已经完成了初始入侵、权限提升和持久化建立，正处于‘维持访问’（Persistence）向‘防御规避’（Defense Evasion）或‘横向移动’（Lateral Movement）过渡的关键节点。

[已获资产推演]：基于 T1055 和 T1053 的组合，攻击者目前已在目标主机上获得了系统级或用户级权限，并成功将恶意负载注入到合法进程中（如 lsass.exe, svchost.exe 等），同时通过计划任务确保了即使重启也能存活。KG Context 中提到的 Lucifer、Saint Bot 等恶意软件均利用 T1053.005 建立持久性，这暗示攻击者可能正在使用类似的恶意软件家族，且当前状态是‘",cat2_rl_correct_global_stays_correct,4.092036724090576
1075,T1547,T1059 || T1059 || T1106 || T1053 || T1053 || T1072 || T1569 || T1569 || T1204 || T1204 || T1547 || T1112 || T1053 || T1053 || T1078,1,9,1,1,8.572315216064453,1.7653043270111084,8.572315216064453,7.347053050994873,T1547 (8.57) | T1134 (7.08) | T1078 (7.05),T1078 (5.85) | T1053 (4.49) | T1140 (3.52),T1547 (8.57) | T1134 (7.08) | T1078 (7.05),T1547 (7.35) | T1078 (6.83) | T1053 (6.52),"[战术阶段评估]：前缀序列以 T1053 (Scheduled Task) 和 T1078 (Valid Accounts) 结尾。T1053 的重复出现（特别是结合 KG Context 中提到的恶意软件如 Lucifer, Saint Bot, NETWIRE）表明攻击者正在执行或强化持久化机制。T1078 表明攻击者已经获取了合法凭证。最后两步的组合（T1053 || T1053 || T1078）显示攻击者可能刚刚利用新获取的凭证（T1078）创建了新的计划任务（T1053），或者正在验证/调整这些任务以确保在凭证轮换或系统重启后仍能维持访问。这标志着攻击者正处于从‘初始访问/凭证获取’向‘持久化巩固’过渡的关键节点。

[已获资产推演]：基于 T1078 和 T1053 的序列，攻击者目前掌握了至少一个有效的用户账户权限（可能是本地管理员或域用户），并且已经成功在该账户下建立了基于计划任务的持久化机制。攻击者目前拥有在目标系统上执行代码的权限，且该权限具有重启后自动恢复的特性。

[意图图谱映射]：根据 KG Context，恶意软件（如 Lucifer, Saint Bot",cat2_rl_correct_global_stays_correct,4.08034610748291
479,T1572,T1560 || T1560 || T1119 || T1213 || T1213 || T1005 || T1074 || T1074 || T1573 || T1573 || T1095,1,6,1,1,11.907123565673828,4.389522552490234,11.907123565673828,10.553956031799316,T1572 (11.91) | T1102 (9.99) | T1090 (9.68),T1105 (8.41) | T1090 (6.72) | T1095 (6.26),T1572 (11.91) | T1102 (9.99) | T1090 (9.68),T1572 (10.55) | T1090 (9.15) | T1102 (8.77),"[战术阶段评估]：前缀序列显示攻击者首先执行了数据收集（T1005）和文件操作（T1074），随后进行了加密通信（T1573）和隧道化（T1095）。最后两步 T1573（加密）和 T1095（非标准端口/协议隧道）表明攻击者正在建立或加固隐蔽的 C2 通道，这是典型的‘命令与控制’（C2）战术阶段。攻击者正在为后续的数据外传或指令接收做准备。

[已获资产推演]：基于 T1005（本地数据收集）和 T1074（数据加密/存储），攻击者已经成功在目标系统上收集了敏感数据，并可能将其加密存储或准备传输。T1573 和 T1095 的连续出现暗示攻击者已经掌握了初步的访问权限，并正在利用加密和隧道技术来规避检测，确保 C2 通道的稳定性。此时，攻击者处于‘潜伏’或‘准备外传’的状态。

[意图图谱映射]：结合 KG Context，T1573 的上下文强调了加密 C2 通信（如 XOR, AES, VEST-32），这通常是为了保护 C2 流量不被识别。T1095 则提供了非标准通信路径。在建立了加密且隐蔽的 C2 通道后，攻击者的逻辑下一步通常是利用该通道进行实际的数据操作。根据 ATT",cat2_rl_correct_global_stays_correct,4.015865325927734
528,T1547,T1559 || T1106 || T1053 || T1053 || T1204 || T1204 || T1204 || T1047 || T1547 || T1112 || T1137 || T1053 || T1053,1,5,1,1,9.05197525024414,2.169508695602417,9.05197525024414,7.813131332397461,T1547 (9.05) | T1053 (7.55) | T1078 (7.53),T1078 (6.12) | T1053 (3.57) | T1548 (2.72),T1547 (9.05) | T1053 (7.55) | T1078 (7.53),T1547 (7.81) | T1078 (7.28) | T1053 (6.84),"[战术阶段评估]：前缀序列以 T1137 (Registry Run Keys / Startup Folder) 和 T1053 (Scheduled Task/Job) 结尾，且 T1053 连续出现三次。这表明攻击者刚刚完成了对持久化机制的密集配置，特别是结合了注册表启动项和计划任务。这标志着‘持久化 (Persistence)'战术阶段的收尾工作，攻击者正在确保恶意载荷在系统重启或用户登录时能够自动执行。

[已获资产推演]：基于 T1559 (Command and Scripting Interpreter) 和 T1106 (Native API) 的早期执行，以及 T1047 (WMI) 和 T1204 (User Execution) 的辅助，攻击者已经获得了目标系统的本地执行能力。当前的 T1137 和 T1053 操作表明攻击者已经成功将恶意代码注册为系统服务或定时任务，这意味着攻击者目前掌握了‘持久化访问权限’，即拥有在系统重启或特定时间触发时自动恢复控制的能力。

[意图图谱映射]：根据 KG Context，SpeakUp、Dragonfly 和 Lucif",cat2_rl_correct_global_stays_correct,3.9479496479034424
1356,T1133,T1609 || T1610 || T1569 || T1569 || T1204 || T1204 || T1098 || T1098 || T1547 || T1136 || T1087 || T1543 || T1543,1,12,1,1,10.394082069396973,-0.33992111682891846,10.394082069396973,8.46196174621582,T1133 (10.39) | T1546 (9.25) | T1112 (8.43),T1543 (3.56) | T1078 (3.32) | T1574 (3.16),T1133 (10.39) | T1546 (9.25) | T1112 (8.43),T1133 (8.46) | T1546 (7.96) | T1112 (7.40),"[战术阶段评估]：攻击前缀序列显示攻击者刚刚完成了 T1087 (Account Discovery) 和 T1543 (Create or Modify System Process) 的重复执行。T1087 表明攻击者正在收集账户信息，而 T1543 的连续出现（特别是结合 KG Context 中关于 Carbanak/WannaCry/GoldenSpy 使用 Windows Service 建立持久化并获取 SYSTEM 权限的描述）表明攻击者正处于‘建立持久化’阶段，且极可能已经成功将恶意载荷注册为系统服务，从而获得了高权限（SYSTEM）的立足点。

[已获资产推演]：基于 T1543.003 (Windows Service) 的上下文，攻击者目前最可能已经掌握了目标系统的‘SYSTEM’级别权限，并拥有了一个稳定的、随系统启动自动运行的‘恶意服务’作为持久化载体。此时，攻击者已具备在本地执行任意代码、修改系统配置以及访问本地敏感数据的最高权限。

[意图图谱映射]：在获得 SYSTEM 权限并建立持久化服务后，攻击者的逻辑下一步通常是利用该高权限进行‘横向移动’或‘数",cat2_rl_correct_global_stays_correct,3.903193950653076
308,T1003,T1574 || T1562 || T1562 || T1070 || T1070 || T1112 || T1027 || T1027 || T1027 || T1055 || T1078 || T1555 || T1555 || T1056 || T1056 || T1003,1,5,1,1,14.55485725402832,3.531506299972534,14.55485725402832,12.570653915405273,T1003 (14.55) | T1552 (8.69) | T1111 (7.44),T1071 (7.40) | T1056 (5.51) | T1113 (4.76),T1003 (14.55) | T1552 (8.69) | T1111 (7.44),T1003 (12.57) | T1552 (6.86) | T1111 (6.18),"[战术阶段评估]：前缀序列最后两步为 T1056 (Keylogging) 和 T1003 (Data from Local System)。T1056 的重复执行表明攻击者正在持续收集凭据或敏感输入，而紧随其后的 T1003 表明攻击者正在尝试从本地系统提取数据。这标志着攻击者正处于从‘凭证收集’向‘数据提取/外传’过渡的关键阶段，即数据窃取（Data Exfiltration）的预备期。攻击者已经完成了对系统的持久化（T1574, T1562）、清理痕迹（T1070）、权限维持（T1078, T1027）以及进程注入（T1055），并成功获取了凭据（T1056）。

[已获资产推演]：基于 T1056 和 T1003 的组合，攻击者目前掌握了受害者的本地凭据（通过键盘记录获取的密码、用户名等）以及本地文件系统上的敏感数据（如文档、配置、数据库文件等）。攻击者已具备在本地进行数据聚合的能力，并可能正在评估哪些数据具有高价值，准备进行下一步的传输。

[意图图谱映射]：结合 KG Context 中关于 PoetRAT、Catchamas 等恶意软件利用 T1056 进行键盘记录的描述",cat2_rl_correct_global_stays_correct,3.8676416873931885
1710,T1021,T1140 || T1484 || T1484 || T1574 || T1574 || T1078 || T1078 || T1021,1,13,1,1,8.826193809509277,-0.5705440640449524,8.826193809509277,7.1347808837890625,T1021 (8.83) | T1080 (7.62) | T1114 (5.68),T1098 (3.21) | T1484 (2.11) | T1547 (2.00),T1021 (8.83) | T1080 (7.62) | T1114 (5.68),T1021 (7.13) | T1080 (5.86) | T1114 (4.39),"[战术阶段评估]：前缀序列显示攻击者经历了初始访问（T1140 可能指代某种初始载荷或配置，但结合上下文更可能是 T1140 的变体或误标，实际核心是 T1484 和 T1574），随后进行了权限提升与持久化（T1484 域组管理，T1574 组件组件）。最后两步 T1078（有效账户）和 T1021（远程服务）表明攻击者已成功利用域账户（T1078.002）或本地账户（T1078.003）进行横向移动，并建立了远程连接通道。当前处于‘横向移动’向‘命令与控制/数据窃取’过渡的关键节点。

[已获资产推演]：基于 KG Context 中提到的 Cobalt Strike 和 FIN10 使用域账户或本地管理员账户的案例，攻击者目前掌握了具有较高权限的域账户（Domain Admin 或类似特权）或本地管理员账户。他们已具备在域内不同主机间进行身份验证和会话建立的能力。

[意图图谱映射]：攻击者刚刚建立了远程服务（T1021），这通常是为了执行后续操作。在拥有域账户并建立远程连接后，最自然的逻辑流向是：1. 在远程主机上执行命令（T1059）；2. 收集本地凭证或哈希（T1003）；",cat2_rl_correct_global_stays_correct,3.782153844833374
1103,T1075,T1027 || T1553 || T1550,1,11,1,1,11.727234840393066,1.4562079906463623,11.727234840393066,9.878449440002441,T1075 (11.73) | T1550 (8.01) | T1078 (7.78),T1218 (5.23) | T1078 (5.03) | T1553 (4.04),T1075 (11.73) | T1550 (8.01) | T1078 (7.78),T1075 (9.88) | T1078 (7.28) | T1218 (6.97),"[战术阶段评估]：前缀序列 T1027 (Obfuscated Files or Information) -> T1553 (Modify Authentication Process) -> T1550 (Use Alternate Authentication Material) 显示攻击者正处于从初始载荷投递向持久化与权限维持过渡的关键阶段。T1027 通常用于初始入侵阶段的载荷混淆；T1553 和 T1550 则明确指向攻击者正在尝试绕过或修改系统的认证机制（如注册表 Run 键、服务、计划任务等），这是建立持久化（Persistence）和获取更高权限（Privilege Escalation）的典型前置动作。

[已获资产推演]：基于 T1553 和 T1550 的执行，攻击者目前极可能已经成功在目标系统上植入了某种形式的持久化机制（如注册表项、计划任务或修改了系统服务），或者已经获取了某种形式的凭证/令牌。此时，攻击者通常拥有对目标系统的有限访问权限（可能是低权限用户），但已经具备了在系统重启后保持连接的能力，或者正在尝试利用这些凭证进行横向移动或提权。

[意图图谱映",cat2_rl_correct_global_stays_correct,3.7764079570770264
67,T1071,T1025 || T1074 || T1074 || T1074 || T1114 || T1114 || T1056 || T1056 || T1113 || T1071 || T1071,1,6,1,1,15.102206230163574,5.224630355834961,15.102206230163574,13.32424259185791,T1071 (15.10) | T1105 (10.80) | T1590 (10.35),T1001 (9.00) | T1132 (8.73) | T1105 (8.18),T1071 (15.10) | T1105 (10.80) | T1590 (10.35),T1071 (13.32) | T1105 (10.33) | T1590 (9.59),"[战术阶段评估]：前缀序列以 T1113 (信息收集 - 系统信息收集) 和 T1071 (网络通信 - 应用层协议) 结尾。T1113 表明攻击者正在确认目标环境的具体配置或信息，而 T1071 的连续出现（特别是结合 KG Context 中关于 C2 通信的上下文）表明攻击者正在建立或维护与命令控制服务器的通信通道。这标志着攻击者已从初始入侵和凭证窃取阶段（T1025, T1074, T1114, T1056）过渡到稳定的 C2 通信阶段。

[已获资产推演]：基于 T1025 (数据从本地系统复制)、T1074 (数据破坏/清理)、T1114 (数据窃取) 和 T1056 (凭据窃取)，攻击者已经成功获取了目标系统的本地数据、凭据，并可能已经清除了部分痕迹。T1113 的加入说明攻击者正在收集关于目标网络拓扑、系统版本或用户环境的详细信息，为后续操作做准备。此时，攻击者拥有对目标系统的访问权限，并建立了初步的 C2 通道。

[意图图谱映射]：结合 KG Context，T1071 被明确标记为 C2 通信协议（HTTP, SMTP, DNS）。在建立了 C2 通道并收集了系统",cat2_rl_correct_global_stays_correct,3.7742958068847656
1709,T1078,T1140 || T1484 || T1484 || T1574 || T1574,1,5,1,1,8.396244049072266,2.338287115097046,8.396244049072266,7.305811882019043,T1078 (8.40) | T1055 (7.65) | T1036 (7.57),T1574 (6.01) | T1562 (3.38) | T1112 (3.34),T1078 (8.40) | T1055 (7.65) | T1036 (7.57),T1078 (7.31) | T1055 (6.64) | T1036 (6.53),"[战术阶段评估]：前缀序列以 T1140 (Disable or Modify Tools) 开始，随后是两次 T1484 (Domain Trusts) 和两次 T1574 (Component Object Model Hijacking)。T1484 通常用于横向移动或建立持久化信任，而 T1574 是典型的持久化技术，通过劫持 COM 对象或 DLL 加载顺序来确保恶意代码在系统启动或特定事件触发时执行。序列末尾连续两次 T1574 表明攻击者正在反复验证或强化这种持久化机制，或者正在尝试不同的 DLL 劫持变体（如 FoggyWeb 的 Search Order 或 Hildegard 的 ld.so.preload）以确保存活。当前处于‘持久化建立’与‘权限维持’的收尾阶段，尚未进入明显的‘执行’或‘收集’阶段。

[已获资产推演]：攻击者已经成功绕过了部分安全工具（T1140），可能已经获取了域信任关系（T1484），并且已经成功在目标系统上植入了持久化后门（T1574）。这意味着攻击者目前拥有对目标系统的‘持久化访问权’，并且可能已经具备了在特定上下文中执行代码的能力（",cat2_rl_correct_global_stays_correct,3.6679184436798096
379,T1140,T1078 || T1078 || T1098 || T1543 || T1501 || T1543 || T1484 || T1484 || T1055 || T1053 || T1053 || T1078 || T1078,1,15,1,1,9.694267272949219,-0.1932511180639267,9.694267272949219,7.91451358795166,T1140 (9.69) | T1484 (7.25) | T1211 (6.48),T1078 (3.45) | T1586 (2.58) | T1564 (2.34),T1140 (9.69) | T1484 (7.25) | T1211 (6.48),T1140 (7.91) | T1484 (5.59) | T1134 (4.78),"[战术阶段评估]：前缀序列以 T1053 (Command and Scripting Interpreter) 和 T1078 (Valid Accounts) 的重复出现结束。T1053 通常用于执行持久化或执行恶意载荷，而 T1078 的连续出现表明攻击者正在频繁地重新验证身份、切换上下文或维持对特定账户的访问。结合上下文，攻击者似乎处于‘维持访问’与‘横向移动准备’的循环中，利用已获取的凭证（可能是域账户或本地管理员）在系统间反复建立连接。

[已获资产推演]：基于 T1078.002 (Domain Accounts) 和 T1078.003 (Local Accounts) 的上下文，攻击者目前至少掌握了一个有效的域账户或本地管理员账户。T1053 的执行暗示攻击者已经能够提交命令。当前的资产状态是：拥有远程执行能力，且具备在域环境或本地网络中切换身份的能力。攻击者可能已经完成了初步的权限提升或凭证窃取，现在处于利用这些凭证进行后续操作（如横向移动或数据窃取）的前夜。

[意图图谱映射]：攻击者连续执行 T1078 和 T1053，逻辑上是在为更复杂的攻击动作铺路。在 AT",cat2_rl_correct_global_stays_correct,3.6449851989746094
938,T1547,T1053 || T1053 || T1548 || T1548,1,7,1,1,8.771484375,2.0193774700164795,8.771484375,7.55610466003418,T1547 (8.77) | T1098 (7.55) | T1140 (6.25),T1140 (5.62) | T1053 (5.47) | T1548 (4.36),T1547 (8.77) | T1098 (7.55) | T1140 (6.25),T1547 (7.56) | T1098 (6.47) | T1140 (6.13),[战术阶段评估]：前缀序列 T1053 (Scheduled Task/Job) 重复两次，随后 T1548 (Modify Authentication Process) 重复两次。T1053 通常用于初始执行或持久化，而 T1548 明确指向提权（特别是 UAC 绕过，如 T1548.002）。序列从执行/持久化迅速过渡到提权，且提权操作被重复执行，表明攻击者正在尝试突破当前用户权限限制，处于‘权限提升’战术阶段的攻坚期。,cat2_rl_correct_global_stays_correct,3.6018083095550537
487,T1070,T1574 || T1574 || T1055 || T1093 || T1053 || T1053 || T1548 || T1548 || T1197 || T1574 || T1574,1,9,1,1,10.710624694824219,0.3693370819091797,10.710624694824219,8.84919261932373,T1070 (10.71) | T1036 (8.04) | T1562 (8.03),T1053 (3.96) | T1574 (2.16) | T1112 (2.01),T1070 (10.71) | T1036 (8.04) | T1562 (8.03),T1070 (8.85) | T1562 (6.88) | T1036 (6.62),"[战术阶段评估]：前缀序列以 T1574 (组件篡改) 结尾，且中间穿插了 T1197 (系统信息发现) 和 T1548 (权限提升/持久化)。T1197 通常用于确认系统环境以适配特定的 DLL 劫持载荷。T1574 的重复出现表明攻击者正在反复验证或执行 DLL 侧加载/劫持机制。当前处于‘持久化建立’与‘载荷执行’的循环阶段，攻击者已确认了劫持路径并正在尝试加载恶意 DLL。

[已获资产推演]：基于 T1574 和 T1548 的组合，攻击者目前极可能已经成功将恶意 DLL 注入到合法进程或系统启动流程中，并获得了该进程上下文下的执行权限（通常是 SYSTEM 或高权限用户上下文）。攻击者已具备在目标系统上执行任意代码的能力，但尚未进行横向移动或数据外传。

[意图图谱映射]：KG Context 明确指出 T1574.001 (DLL Search Order Hijacking) 和 T1574.006 (Dynamic Linker Hijacking) 是 FoggyWeb 和 Hildegard 等恶意软件利用的特定技术。既然攻击者已经完成了 DLL 的加载（T157",cat2_rl_correct_global_stays_correct,3.5881357192993164
900,T1135,T1552 || T1482 || T1615,1,18,1,1,9.122405052185059,-2.413618803024292,9.122405052185059,7.045920372009277,T1135 (9.12) | T1021 (8.45) | T1083 (8.14),T1078 (1.15) | T1615 (0.92) | T1018 (0.72),T1135 (9.12) | T1021 (8.45) | T1083 (8.14),T1135 (7.05) | T1021 (6.82) | T1083 (6.77),"[战术阶段评估]：前缀序列 T1552 (Credential Access) -> T1482 (Discovery: Cloud) -> T1615 (Discovery: Role Management) 显示攻击者正处于从本地凭证获取向云环境横向移动的关键过渡期。T1552 是基础凭证获取，而随后的 T1482 和 T1615 明确表明攻击者已经成功进入云环境，并正在主动探测云身份角色（IAM Roles）和权限边界。这标志着攻击者已完成‘立足’和‘初步侦察’，正在为‘云横向移动’或‘权限提升’做最后的情报准备。

[已获资产推演]：基于 T1552，攻击者已掌握本地或云端的凭证（如私钥、会话令牌）。结合 T1482 和 T1615，攻击者目前掌握了云环境的访问权限，并且已经识别出当前身份所关联的 IAM 角色及其权限策略。他们可能已经获取了能够访问特定云资源（如 S3 存储桶、EC2 实例）的临时凭证或长期密钥。

[意图图谱映射]：在识别了云角色（T1615）后，攻击者的逻辑意图通常是利用这些角色权限执行具体操作。KG Context 强调了私钥提取（T1552.004），",cat2_rl_correct_global_stays_correct,3.561391830444336
1856,T1505,T1059 || T1203 || T1133,1,7,1,1,10.85316276550293,1.8828507661819458,10.85316276550293,9.238506317138672,T1505 (10.85) | T1053 (6.23) | T1137 (6.06),T1053 (5.44) | T1078 (3.65) | T1106 (3.31),T1505 (10.85) | T1053 (6.23) | T1137 (6.06),T1505 (9.24) | T1053 (6.09) | T1106 (4.81),"[战术阶段评估]：前缀序列 T1059 (Command and Scripting Interpreter) -> T1203 (Exploit Public-Facing Application) -> T1133 (External Remote Services) 显示了一个非典型的攻击路径。通常 T1203 是初始访问手段，而 T1059 是执行手段。这里 T1203 出现在 T1059 之后，可能意味着攻击者先利用 T1059 在本地执行了某种探测或配置，随后通过 T1203 尝试利用外部服务（如 Web 应用漏洞）进行横向移动或二次入侵，或者 T1203 是误标，实际指代的是利用已获取的凭据访问外部服务。但结合 T1133 (Remote Services)，攻击者显然已经建立或正在尝试建立远程连接。最后两步 T1203 和 T1133 强烈暗示攻击者正在利用远程服务接口（如 RDP, SSH, 或 Web 服务）进行访问或横向移动。这属于‘初始访问’向‘执行’及‘横向移动’过渡的阶段。

[已获资产推演]：基于 T1059 和 T1133，攻击者已经具备了在目标系统上执",cat2_rl_correct_global_stays_correct,3.557927131652832
1626,T1018,T1003 || T1003 || T1552 || T1087 || T1087 || T1087 || T1010 || T1217 || T1083 || T1680 || T1654 || T1046 || T1120 || T1069 || T1069 || T1069 || T1057 || T1012,1,5,1,1,13.922586441040039,3.720898151397705,13.922586441040039,12.086282730102539,T1018 (13.92) | T1082 (10.08) | T1012 (9.71),T1518 (7.23) | T1016 (7.15) | T1082 (6.94),T1018 (13.92) | T1082 (10.08) | T1012 (9.71),T1018 (12.09) | T1082 (9.51) | T1012 (8.27),"[战术阶段评估]：前缀序列以 T1069 (Windows Group Policy Discovery) 开始，紧接着是 T1057 (Process Discovery) 和 T1012 (Query Registry)。这表明攻击者正处于‘侦察与资产发现’的收尾阶段。T1069 用于了解系统安全策略，T1057 用于识别运行中的进程（特别是结合 KG 上下文提到的 CLR 加载情况），T1012 用于检查注册表键值以确认环境配置。这三步构成了典型的本地环境指纹绘制。

[已获资产推演]：基于前缀，攻击者目前掌握了目标系统的进程列表、注册表配置信息以及组策略设置。KG 上下文特别指出 T1057 和 T1012 常被用于环境检查（如 Maze 和 Saint Bot 的行为），这意味着攻击者正在确认系统是否具备执行特定恶意载荷的条件（例如，是否有特定的 .NET 环境，注册表中是否有特定的配置项）。此时，攻击者尚未进行明显的持久化或横向移动，处于‘确认环境’阶段。

[意图图谱映射]：在完成了进程、注册表和组策略的侦察后，攻击者的逻辑下一步通常是利用已收集的信息进行‘环境验证’或‘",cat2_rl_correct_global_stays_correct,3.513002395629883
8,T1078,T1218 || T1218 || T1221 || T1550 || T1075,1,5,1,1,11.24705696105957,2.078889846801758,11.24705696105957,9.596786499023438,T1078 (11.25) | T1550 (7.48) | T1557 (6.88),T1003 (5.59) | T1557 (2.93) | T1056 (2.20),T1078 (11.25) | T1550 (7.48) | T1557 (6.88),T1078 (9.60) | T1003 (6.26) | T1557 (6.17),"[战术阶段评估]：前缀序列以 T1221 (文件压缩) 开始，随后是 T1550 (凭证访问/滥用) 和 T1075 (数据加密/传输)。T1221 通常用于打包敏感数据以便传输。T1550 表明攻击者正在获取或滥用凭证（如 Pass the Hash/Ticket）。T1075 是数据加密或传输的关键步骤，通常紧随凭证获取之后，用于将窃取的数据（如哈希、票据）打包并发送回 C2。最后两步 T1550 || T1075 显示攻击者刚刚完成了凭证的获取和初步的传输/加密，这标志着‘凭证窃取’阶段的结束和‘数据外传’或‘横向移动准备’阶段的开始。

[已获资产推演]：基于 T1550 和上下文（Wizard Spider, SeaDuke, APT29 均使用 Pass the Hash/Ticket），攻击者目前掌握了有效的身份凭证（NTLM 哈希或 Kerberos 票据）。这些凭证是粗粒度的资产，允许攻击者在域内以特定用户身份进行身份验证。攻击者尚未执行横向移动（Lateral Movement）或远程执行代码，但已具备执行这些操作所需的‘钥匙’。

[意图图谱映射]：在获取凭证（T",cat2_rl_correct_global_stays_correct,3.5116209983825684
1570,T1574,T1574,1,6,1,1,7.674770832061768,2.610168933868408,7.674770832061768,6.7631425857543945,T1574 (7.67) | T1112 (7.06) | T1053 (6.64),T1053 (6.08) | T1055 (5.18) | T1112 (4.39),T1574 (7.67) | T1112 (7.06) | T1053 (6.64),T1574 (6.76) | T1112 (6.58) | T1053 (6.54),"[战术阶段评估]：前缀序列以 T1574 (组件篡改) 结尾，具体上下文指向 T1574.001 (DLL 侧加载/搜索顺序劫持) 和 T1574.006 (动态链接器劫持)。这表明攻击者已经完成了对目标系统加载机制的篡改，处于‘持久化’或‘执行’的临界点。攻击者尚未看到明确的执行结果（如 T1059 或 T1053），说明恶意代码可能刚刚被触发或正准备被触发。

[已获资产推演]：基于 T1574 的上下文，攻击者目前掌握了目标系统的‘加载器控制权’。他们能够决定系统启动或进程初始化时加载哪个 DLL 或共享库。这通常意味着攻击者已经获得了某种形式的初始访问（Initial Access）或已存在一个被利用的合法进程，现在通过篡改其依赖项来注入恶意载荷。此时，攻击者尚未获得完整的系统级权限，但已具备在特定上下文中执行任意代码的能力。

[意图图谱映射]：T1574 是典型的‘执行’前置步骤。一旦 DLL 劫持或侧加载成功，攻击者的首要逻辑目标就是让恶意代码实际运行。因此，下一步必然是利用被篡改的加载机制触发恶意代码执行（T1059 命令与脚本解释器，或 T1204 用户执行）。如果执",cat2_rl_correct_global_stays_correct,3.4676012992858887
1433,T1069,T1087 || T1087 || T1010 || T1046 || T1069,1,5,1,1,12.819740295410156,2.621643304824829,12.819740295410156,10.98408317565918,T1069 (12.82) | T1057 (10.51) | T1012 (9.63),T1018 (6.08) | T1135 (4.49) | T1012 (3.93),T1069 (12.82) | T1057 (10.51) | T1012 (9.63),T1069 (10.98) | T1057 (9.16) | T1012 (8.60),"[战术阶段评估]：前缀序列以 T1010 (Software Discovery) 开始，随后是 T1046 (Network Service Discovery) 和 T1069 (Permission Groups Discovery)。这表明攻击者已经完成了初步的资产发现（T1087, T1010），并深入到了网络层面的服务扫描（T1046）以及本地/域权限组的枚举（T1069）。最后两步 T1046 和 T1069 的组合强烈暗示攻击者正在构建一个详细的“攻击面地图”，识别出高价值目标（如暴露的 SSH/Redis 端口）和潜在的提权路径（如域管理员组）。

[已获资产推演]：基于 T1046 和 T1069 的执行，攻击者目前掌握了目标网络中特定服务的暴露情况（如端口 7001, SSH, Redis）以及用户所属的权限组信息。他们尚未执行具体的利用（Exploitation）或凭证获取（Credential Access）动作，但已经具备了选择攻击入口和评估提权可行性的情报基础。

[意图图谱映射]：根据 KG Context，T1046 常作为 T1110 (Brute ",cat2_rl_correct_global_stays_correct,3.4607083797454834
1017,T1083,T1056 || T1056 || T1003 || T1003,1,3,1,1,10.207289695739746,4.292156219482422,10.207289695739746,9.142565727233887,T1083 (10.21) | T1552 (9.01) | T1135 (7.73),T1003 (7.73) | T1552 (6.08) | T1083 (4.29),T1083 (10.21) | T1552 (9.01) | T1135 (7.73),T1083 (9.14) | T1552 (8.48) | T1087 (7.01),"[战术阶段评估]：前缀序列以 T1056 (输入捕获) 开始，随后连续两次执行 T1003 (凭证转储)。T1056 通常用于记录键盘输入以获取明文密码，而 T1003 用于从内存中提取哈希或明文凭证。连续执行 T1003 表明攻击者正在积极收集多种凭证来源，且处于‘凭证获取’战术阶段的高峰期，尚未进入明显的‘权限提升’或‘横向移动’阶段。最后两步的 T1003 重复出现，暗示攻击者可能在尝试绕过检测或确保获取了足够的凭证集。

[已获资产推演]：基于 T1056 和 T1003 的组合，攻击者目前极大概率已经掌握了目标系统的本地管理员权限（通过 T1056 获取的凭据或 T1003 获取的哈希），或者至少掌握了具有较高权限的域用户凭据。他们现在拥有用于身份验证的‘弹药’，但尚未展示利用这些凭据进行网络遍历的行为。

[意图图谱映射]：根据 KG Context，Axiom、FIN6 和 Agrius 等组织在获取凭证（T1003）后，通常紧接着利用这些凭证进行横向移动或访问远程系统。T1003 是典型的‘准备阶段’，其直接逻辑后果是‘使用凭据’。因此，下一步最可能的操作是利用已获取的",cat2_rl_correct_global_stays_correct,3.437192916870117
1690,T1543,T1059 || T1047 || T1543 || T1543 || T1574 || T1574 || T1078 || T1078 || T1543,1,4,1,1,12.098121643066406,2.931772470474243,12.098121643066406,10.448179244995117,T1543 (12.10) | T1574 (7.90) | T1484 (7.50),T1060 (6.36) | T1547 (4.60) | T1037 (3.64),T1543 (12.10) | T1574 (7.90) | T1484 (7.50),T1543 (10.45) | T1574 (6.99) | T1484 (6.34),"[战术阶段评估]：前缀序列显示攻击者经历了初始执行 (T1059)、持久化 (T1047, T1543)、权限提升/绕过 (T1574) 以及多次凭证访问 (T1078)。最后两步 'T1078 || T1078 || T1543' 表明攻击者刚刚利用获取的凭证 (T1078) 进行了登录，并立即重新建立了持久化机制 (T1543)。这通常意味着攻击者已经成功切换了身份（例如从本地账户切换到域账户，或获取了更高权限的域账户），并确保了在新身份下的会话持久性。当前处于‘凭证访问与身份切换’后的‘横向移动准备’阶段。

[已获资产推演]：基于 KG Context 中关于 Cobalt Strike 和 FIN10 使用域账户 (T1078.002) 或本地管理员账户 (T1078.003) 的描述，结合前缀中 T1078 的重复出现，攻击者极大概率已经掌握了有效的域账户凭证或高权限本地账户。攻击者目前拥有在域内或特定主机上执行命令的权限，且已建立持久化入口。

[意图图谱映射]：在获得新凭证并建立持久化后，攻击者的核心意图通常是利用这些新凭证进行横向移动 (Lateral Movemen",cat2_rl_correct_global_stays_correct,3.430715799331665
1941,T1083,T1027 || T1055 || T1014 || T1218 || T1218 || T1205 || T1205 || T1078 || T1078 || T1555 || T1555 || T1212 || T1040 || T1003 || T1003,1,4,1,1,11.156085968017578,2.492213487625122,11.156085968017578,9.596589088439941,T1083 (11.16) | T1539 (8.99) | T1482 (8.83),T1003 (5.87) | T1552 (3.91) | T1087 (2.50),T1083 (11.16) | T1539 (8.99) | T1482 (8.83),T1083 (9.60) | T1539 (7.63) | T1482 (7.33),"[战术阶段评估]：前缀序列以 T1040 (Network Sniffing) 和 T1003 (OS Credential Dumping) 结尾。T1003 是凭证转储的核心技术，通常紧随在获取初始访问或执行阶段之后。T1040 表明攻击者正在尝试捕获网络流量以获取额外凭证或敏感数据。最后两步（T1040 || T1003）表明攻击者正处于‘凭证获取与强化’阶段，旨在最大化其横向移动和持久化的能力。

[已获资产推演]：基于 T1003 的执行，攻击者极大概率已经获取了本地系统的哈希值（如 NTLM）或明文密码。结合 T1078 (Valid Accounts) 和 T1218 (System Binary Proxy Execution) 的前序操作，攻击者已经具备了在本地系统上执行代码的能力，并可能已经利用转储的凭证尝试过或准备尝试其他系统的访问。此时，攻击者拥有的核心资产是‘有效的凭据’和‘本地执行权限’。

[意图图谱映射]：在获取凭证（T1003）和嗅探网络（T1040）后，攻击者的逻辑下一步必然是利用这些新获取的凭据进行‘横向移动’。根据 ATT&CK 图谱，T1003",cat2_rl_correct_global_stays_correct,3.372906446456909
252,T1053,T1133 || T1078 || T1059 || T1059 || T1053 || T1053 || T1547 || T1133 || T1053 || T1053 || T1078 || T1547 || T1060,1,7,1,1,10.518576622009277,1.9671869277954102,10.518576622009277,8.979326248168945,T1053 (10.52) | T1055 (7.53) | T1004 (6.16),T1543 (5.33) | T1546 (4.54) | T1547 (3.46),T1053 (10.52) | T1055 (7.53) | T1004 (6.16),T1053 (8.98) | T1055 (6.29) | T1004 (5.46),"[战术阶段评估]：攻击前缀序列显示攻击者经历了初始访问（T1133）、凭证获取与使用（T1078）、命令执行（T1059）以及初步的持久化尝试（T1053, T1547）。序列末尾的 T1078（账户登录）和 T1547（启动/登录脚本）表明攻击者正在验证或重新建立持久化机制，特别是结合上下文中的 Pikabot 和 Reaver 案例，这通常发生在恶意软件部署后，攻击者需要确保重启后仍能维持控制。最后的 T1060（注册表修改）进一步确认了攻击者正在深度配置系统以支持持久化或规避检测。

[已获资产推演]：基于 T1078 和 T1059 的反复出现，攻击者已掌握本地或域账户的访问权限，并成功在目标系统上执行了代码。结合 T1547 和 T1060 的操作，攻击者目前拥有对注册表启动项的写入权限，且恶意载荷（如 Pikabot）可能已驻留。攻击者目前处于‘持久化验证’或‘持久化加固’阶段，尚未进入明显的横向移动或数据窃取阶段，但已具备执行后续操作的权限基础。

[意图图谱映射]：根据 KG Context，Pikabot 和 Reaver 等恶意软件在建立持久化后，通常会立即进行自我",cat2_rl_correct_global_stays_correct,3.3649654388427734
1429,T1053,T1505 || T1505 || T1078 || T1078 || T1134 || T1134 || T1098 || T1098 || T1546 || T1546,1,5,1,1,10.825414657592773,3.1854162216186523,10.825414657592773,9.450214385986328,T1053 (10.83) | T1068 (7.98) | T1546 (7.38),T1546 (6.53) | T1547 (4.61) | T1068 (3.87),T1053 (10.83) | T1068 (7.98) | T1546 (7.38),T1053 (9.45) | T1068 (7.24) | T1546 (7.23),"[战术阶段评估]：攻击前缀序列显示攻击者首先通过 T1505 (建立持久化/服务) 和 T1078 (有效账户) 完成了初始立足点和权限提升。随后，T1134 (访问令牌操作) 和 T1098 (账户操作) 表明攻击者正在精细管理账户权限，特别是 T1098 的重复出现暗示了创建新账户或修改现有账户属性以维持长期访问。序列的最后两步 T1546 (事件触发器/启动项) 的重复出现，结合 KG Context 中提到的 SILENTTRINITY 和 Deep Panda 利用 T1546 进行 UAC 绕过或 RDP 登录绕过，明确表明攻击者正处于**持久化建立与权限维持**的关键阶段，特别是针对系统启动机制或登录界面的底层修改。攻击者刚刚完成了对系统启动项或登录逻辑的植入，这通常是为了确保在系统重启或用户登录时能自动执行恶意载荷。

[已获资产推演]：基于 T1078 和 T1134，攻击者已掌握高权限账户（如 Administrator 或 SYSTEM 上下文）的访问令牌。T1098 的操作意味着攻击者可能已经创建了新的本地账户或修改了现有账户的组属性（如加入 Administr",cat2_rl_correct_global_stays_correct,3.347872734069824
226,T1140,T1566 || T1566 || T1059 || T1059 || T1059 || T1059 || T1053 || T1053 || T1204 || T1204 || T1204 || T1547 || T1053 || T1053 || T1547 || T1060 || T1053 || T1053,1,2,1,1,7.189570426940918,2.4544906616210938,7.189570426940918,6.337255954742432,T1140 (7.19) | T1053 (6.78) | T1547 (6.56),T1078 (5.74) | T1140 (2.45) | T1053 (2.39),T1140 (7.19) | T1053 (6.78) | T1547 (6.56),T1140 (6.34) | T1053 (5.99) | T1547 (5.71),"[战术阶段评估]：攻击前缀序列以 T1060 (注册表启动项) 和 T1053 (计划任务) 的交替出现结束。T1060 和 T1053 均属于【持久化 (Persistence)】战术。序列中多次重复 T1053 和 T1059 (命令与脚本解释器)，表明攻击者正在反复尝试建立或验证多种持久化机制，确保在系统重启或用户注销后仍能维持访问。KG Context 明确指出 SpeakUp、Dragonfly 和 Rancor 等恶意软件均利用 T1053 (Cron 或计划任务) 作为核心持久化手段，这进一步证实了当前阶段的核心目标是构建稳固的持久化环境。

[已获资产推演]：基于 T1566 (钓鱼) 作为起始，攻击者已成功获取初始访问权限。随后的 T1059 执行表明攻击者已具备在目标系统上执行代码的能力。T1204 (用户界面) 的出现暗示攻击者可能正在尝试通过 GUI 交互来规避某些检测或进行手动配置。目前，攻击者已掌握对目标系统的控制权，并正在利用注册表 (T1060) 和计划任务 (T1053) 将这种控制权固化为系统级的持久化机制。此时，攻击者已具备执行后续操作的基础权限，",cat2_rl_correct_global_stays_correct,3.2847652435302734
2081,T1098,T1587 || T1588 || T1588 || T1190 || T1078 || T1586 || T1059 || T1059 || T1059 || T1053 || T1053 || T1098,1,8,1,1,10.060157775878906,2.1559853553771973,10.060157775878906,8.637407302856445,T1098 (10.06) | T1136 (8.93) | T1554 (7.25),T1204 (5.42) | T1505 (5.31) | T1078 (3.43),T1098 (10.06) | T1136 (8.93) | T1554 (7.25),T1098 (8.64) | T1136 (7.33) | T1547 (6.19),"[战术阶段评估]：攻击前缀序列显示攻击者已完成侦察（T1587, T1588, T1190, T1586）和初始访问（T1078）。随后进入执行阶段（T1059），并多次重复执行命令。最后两步为 T1053（命令和脚本执行）和 T1098（账户操作）。T1053 的重复出现结合 KG Context 中关于恶意软件（如 Lucifer, Saint Bot, NETWIRE）利用计划任务建立持久性的描述，表明攻击者正在利用计划任务（Scheduled Task）作为持久化机制。T1098 的加入暗示攻击者可能正在修改账户属性（如添加服务账户或修改权限）以配合持久化或提升权限。

[已获资产推演]：攻击者目前拥有初始访问权限（通过 T1078），并已成功执行代码（T1059）。通过 T1053 和 T1098 的操作，攻击者极有可能已经成功在目标系统上创建了持久化机制（如计划任务），并可能获得了更稳定的执行环境或提升了账户权限。此时，攻击者处于“已建立持久化”但尚未进行大规模横向移动或数据外泄的阶段。

[意图图谱映射]：基于 KG Context，T1053 是恶意软件建立持久性的关键",cat2_rl_correct_global_stays_correct,3.2654829025268555
1113,T1049,T1027 || T1553 || T1550 || T1075 || T1078 || T1003 || T1003 || T1003 || T1018 || T1016,1,9,1,1,13.319470405578613,1.5847140550613403,13.319470405578613,11.20721435546875,T1049 (13.32) | T1033 (11.36) | T1016 (10.65),T1021 (4.82) | T1033 (3.98) | T1016 (3.51),T1049 (13.32) | T1033 (11.36) | T1016 (10.65),T1049 (11.21) | T1033 (10.03) | T1016 (9.36),"[战术阶段评估]：前缀序列显示攻击者已完成初始访问（T1078）、凭证获取（T1003 多次执行，暗示尝试获取高价值凭证如 LSASS 或 SAM）、系统信息收集（T1018 远程系统发现）以及网络配置发现（T1016）。最后两步 T1018 和 T1016 明确指向 Reconnaissance（侦察）阶段，特别是针对网络拓扑和系统配置的深度扫描。攻击者正处于从‘立足与凭证获取’向‘横向移动准备’过渡的关键节点。

[已获资产推演]：基于 T1003 的多次执行，攻击者极大概率已获取了本地或域账户的明文/哈希凭证。结合 T1018 和 T1016 的侦察结果，攻击者已掌握目标网络的 IP 地址、子网掩码、网关、DNS 服务器以及可能存在的其他主机名。此时，攻击者拥有‘凭证’和‘网络地图’，但尚未执行具体的横向移动动作。

[意图图谱映射]：根据 KG Context，T1018 常与 AdFind 等工具关联用于域环境发现，T1016 用于确认网络环境。在拥有凭证和网络拓扑后，攻击者的核心意图是寻找可攻击的跳板。逻辑上，下一步必然是利用已获取的凭证（T1003 的结果）和网络发现（T",cat2_rl_correct_global_stays_correct,3.232372283935547
934,T1546,T1204 || T1546 || T1546 || T1053 || T1053 || T1546,1,9,1,1,10.251676559448242,1.0366904735565186,10.251676559448242,8.592979431152344,T1546 (10.25) | T1053 (8.68) | T1068 (6.74),T1078 (4.27) | T1053 (3.48) | T1505 (2.92),T1546 (10.25) | T1053 (8.68) | T1068 (6.74),T1546 (8.59) | T1053 (7.74) | T1068 (5.71),"[战术阶段评估]：前缀序列以 T1546 (修改启动/登录项) 和 T1053 (计划任务) 交替出现并重复结束。T1546 和 T1053 均属于 Persistence (持久化) 战术。序列末尾连续出现 T1053 和 T1546，表明攻击者正在反复验证或强化其持久化机制，确保在系统重启或用户登录时能够维持访问权限。这通常发生在初始访问成功后的早期阶段，旨在建立稳固的立足点。

[已获资产推演]：基于 T1204 (用户交互) 和多次 T1546/T1053 操作，攻击者已经成功在目标系统上执行了恶意载荷，并成功将恶意代码注册为系统服务或计划任务。此时，攻击者已拥有该系统的**本地用户权限**（通常是系统级或高权限用户），并掌握了**持久化访问通道**。攻击者尚未表现出明显的横向移动或数据窃取特征，说明当前阶段的核心目标是“生存”而非“扩张”。

[意图图谱映射]：在 KG Context 中，T1053.005 (计划任务) 被明确标记为多种恶意软件（如 Lucifer, Saint Bot, NETWIRE）建立持久化的首选手段。既然攻击者刚刚完成了持久化设置，下一步的逻辑必",cat2_rl_correct_global_stays_correct,3.231455087661743
1518,T1557,T1112 || T1553 || T1557 || T1557 || T1539 || T1083 || T1033 || T1091,1,18,1,1,8.895583152770996,-1.6025866270065308,8.895583152770996,7.005912780761719,T1557 (8.90) | T1560 (7.00) | T1550 (6.50),T1119 (1.61) | T1115 (1.44) | T1021 (1.24),T1557 (8.90) | T1560 (7.00) | T1550 (6.50),T1557 (7.01) | T1560 (5.85) | T1550 (5.04),"[战术阶段评估]：前缀序列以 T1083 (File and Directory Discovery) 和 T1033 (System Owner/User Discovery) 结尾，随后紧跟 T1091 (Per-User/Per-Computer/Network Share). 这表明攻击者已经完成了对目标系统的初步侦察（发现文件结构、用户身份），并正在利用这些信息进行横向移动或权限提升的尝试。T1091 通常用于将恶意载荷复制到本地或网络共享位置，为后续执行做准备。整体处于侦察向初始访问/执行过渡的阶段。

[已获资产推演]：攻击者目前掌握了目标系统的文件系统结构信息（通过 T1083）以及当前用户的身份和权限上下文（通过 T1033）。T1091 的执行暗示攻击者可能已经获取了某种形式的写入权限，或者正在尝试利用网络共享（如 SMB）来部署恶意文件，以便在目标系统上执行。

[意图图谱映射]：结合 KG Context，T1033 和 T1083 是典型的侦察技术，用于构建攻击者对环境的认知。T1091 是连接侦察与执行的桥梁，通常用于将攻击载荷（Payload）放置到易于执",cat2_rl_correct_global_stays_correct,3.21453595161438
2053,T1555,T1546 || T1546 || T1547 || T1060 || T1547 || T1543 || T1543 || T1546 || T1546 || T1480 || T1562 || T1562 || T1656 || T1070 || T1036 || T1027 || T1027 || T1027 || T1497,1,13,1,1,9.230986595153809,1.418893814086914,9.230986595153809,7.824810028076172,T1555 (9.23) | T1497 (7.91) | T1056 (6.80),T1497 (4.60) | T1550 (3.51) | T1218 (3.35),T1555 (9.23) | T1497 (7.91) | T1056 (6.80),T1555 (7.82) | T1497 (7.32) | T1056 (6.12),"[战术阶段评估]：前缀序列以 T1027 (Obfuscated Files or Information) 的重复执行和 T1497 (Virtualization/Sandbox Evasion) 结尾。T1027 的多次出现通常意味着攻击者正在对恶意载荷进行多层打包或混淆，以绕过静态分析。T1497 的出现表明攻击者正在验证环境或尝试规避沙箱检测。这标志着攻击者正处于‘载荷交付与生存’阶段的尾声，正在为最终的执行做准备，或者刚刚完成了针对特定环境的载荷适配。

[已获资产推演]：基于 T1546 (Persistence), T1547 (Boot/Logon Autostart), T1543 (Create or Modify System Process), T1480 (Establish Multi-Stage Channels) 等前置技术，攻击者已经成功在目标系统中建立了持久化机制，并可能已经获取了初始访问权限。当前的 T1027 和 T1497 操作表明攻击者正在处理具体的恶意文件（Payload），使其具备在目标环境中运行的能力。此时，攻击者手中握有经过混淆、可",cat2_rl_correct_global_stays_correct,3.1766061782836914
728,T1078,T1216 || T1216 || T1550 || T1075 || T1550,1,6,1,1,7.949404239654541,1.3343777656555176,7.949404239654541,6.758699417114258,T1078 (7.95) | T1560 (7.22) | T1550 (6.20),T1056 (4.51) | T1003 (3.86) | T1075 (2.82),T1078 (7.95) | T1560 (7.22) | T1550 (6.20),T1078 (6.76) | T1560 (5.99) | T1075 (5.42),"[战术阶段评估]：前缀序列以 T1550 (Credential Access) 开始，随后 T1075 (Data Staging) 和 T1550 交替出现。T1216 (Scripting) 通常用于执行初始载荷或辅助脚本。序列末尾的 'T1550 || T1075 || T1550' 模式表明攻击者正在反复进行凭证获取（T1550）和将获取到的凭证/数据暂存到本地（T1075）。这通常发生在攻击者试图收集足够多的凭证以进行横向移动，或者在尝试利用已获取的凭证（如 Pass the Hash/Ticket）失败后，重新收集并暂存新的凭证。当前处于 '凭证获取与准备' 阶段，尚未进入大规模的横向移动或数据外传阶段。

[已获资产推演]：基于 T1550 的反复执行，攻击者目前掌握了多种形式的凭证（可能是哈希、票据或明文密码）。T1075 的出现证实攻击者正在本地或受控节点上整理这些凭证，为下一步行动做准备。攻击者目前拥有的是‘凭证资产’，但尚未确认是否成功利用这些凭证获得了远程执行权限（Lateral Movement）。

[意图图谱映射]：结合 KG Context，APT32",cat2_rl_correct_global_stays_correct,3.1734213829040527
1218,T1083,T1204 || T1204 || T1547 || T1547 || T1060 || T1027 || T1027 || T1218 || T1218 || T1221 || T1555,1,3,1,1,11.41488265991211,1.8189643621444702,11.41488265991211,9.687617301940918,T1083 (11.41) | T1555 (7.01) | T1003 (6.92),T1056 (4.97) | T1003 (2.90) | T1083 (1.82),T1083 (11.41) | T1555 (7.01) | T1003 (6.92),T1083 (9.69) | T1003 (6.19) | T1555 (5.92),"[战术阶段评估]：攻击前缀序列显示攻击者经历了多次尝试（T1204 重复）以执行初始访问，随后通过 T1547 建立持久化，利用 T1060 和 T1027 进行脚本/代码修改以隐藏或加固，接着使用 T1218 (Rundll32) 和 T1221 (文件压缩/打包) 进行载荷交付或组件部署。序列最后一步是 T1555 (凭证访问)。这表明攻击者刚刚完成了对本地凭证的收集，正处于从‘初始访问/持久化’阶段向‘凭证访问/防御规避’阶段过渡的关键节点。

[已获资产推演]：基于 T1555 的执行，攻击者目前最可能已经获取了本地存储的凭证（如 Windows Credential Manager、浏览器凭据或 SSH 密钥）。结合 KG Context 中提到的 Lizar 和 Volt Typhoon 利用 T1555 获取凭据的案例，攻击者现在拥有了用于横向移动或提升权限的‘钥匙’。他们尚未执行明确的横向移动（如 T1021）或远程执行（如 T1059），但已具备执行这些操作所需的身份凭证。

[意图图谱映射]：在获取凭证（T1555）后，攻击者的逻辑意图通常是利用这些凭证进行下一步行",cat2_rl_correct_global_stays_correct,3.1548547744750977
1810,T1195,T1589 || T1589 || T1591 || T1598 || T1192 || T1583 || T1583 || T1587 || T1587 || T1585 || T1608 || T1608 || T1566 || T1566 || T1195,1,6,1,1,9.351836204528809,2.0488433837890625,9.351836204528809,8.037297248840332,T1195 (9.35) | T1078 (8.31) | T1059 (7.01),T1078 (5.18) | T1059 (3.52) | T1199 (3.49),T1195 (9.35) | T1078 (8.31) | T1059 (7.01),T1195 (8.04) | T1078 (7.75) | T1059 (6.38),"[战术阶段评估]：前缀序列以 T1566 (Spearphishing) 重复两次后紧跟 T1195 (Compromised Credentials) 结束。T1566 代表攻击者通过钓鱼邮件（如带密码保护的 ZIP 或恶意 Office 文档）诱骗用户执行恶意载荷。T1195 的出现表明攻击者已成功利用钓鱼载荷获取了凭据（可能是通过键盘记录、凭据转储或用户输入）。这标志着攻击者刚刚完成了初始访问阶段，并成功获取了初步的凭证资产。

[已获资产推演]：基于 T1195 的完成，攻击者目前掌握了受害者的有效凭据（User Credentials）。这些凭据可能属于普通用户或具有更高权限的账户（取决于钓鱼载荷的窃取范围）。此时，攻击者尚未建立持久的远程访问通道（如 RDP、SSH 或反向 Shell），但已具备在本地或通过网络进行身份验证的资格。

[意图图谱映射]：在获取凭据（T1195）后，攻击者的核心逻辑意图是‘利用这些凭据进入系统’。根据 ATT&CK 逻辑，下一步必然是尝试使用这些凭据进行远程登录或本地登录。因此，最直接的父技术是 T1078 (Valid Accounts)，",cat2_rl_correct_global_stays_correct,3.129298210144043
1434,T1018,T1087 || T1087 || T1010 || T1046 || T1069 || T1069 || T1057,1,3,1,1,13.532271385192871,7.1978349685668945,13.532271385192871,12.392072677612305,T1018 (13.53) | T1012 (10.74) | T1049 (9.07),T1012 (10.32) | T1082 (8.56) | T1018 (7.20),T1018 (13.53) | T1012 (10.74) | T1049 (9.07),T1018 (12.39) | T1012 (10.67) | T1082 (8.71),"[战术阶段评估]：前缀序列以 T1069 (Local Group Discovery) 重复两次，紧接着是 T1057 (Process Discovery)。这表明攻击者刚刚完成了对本地用户组（特别是管理员组）的枚举，并立即转向了进程发现。这标志着攻击者正从‘信息收集’阶段向‘权限提升’或‘横向移动’的过渡阶段。T1057 通常用于确认当前进程权限或寻找高权限进程，为后续操作做铺垫。

[已获资产推演]：基于 T1069 的重复执行，攻击者已经掌握了本地用户组的成员列表，特别是‘Administrators’组的成员。结合 T1057 的进程发现，攻击者可能已经识别出当前运行的高权限进程或正在寻找可以注入/利用的进程。此时，攻击者最核心的资产是‘本地管理员组权限’的映射关系。

[意图图谱映射]：在获取了本地组信息和进程信息后，攻击者的逻辑意图通常是利用这些高权限组身份进行下一步行动。根据 ATT&CK 逻辑，发现组后最直接的下一步是：1. 利用这些组身份进行本地提权（T1068）；2. 利用组身份进行凭证访问或窃取（T1550/T1003）；3. 利用组身份进行远程执行（T102",cat2_rl_correct_global_stays_correct,3.1176862716674805
1139,T1090,T1018 || T1016 || T1049 || T1033 || T1570 || T1550 || T1560 || T1560 || T1005 || T1074 || T1074 || T1105,1,4,1,1,12.359358787536621,3.573516845703125,12.359358787536621,10.777907371520996,T1090 (12.36) | T1095 (10.28) | T1219 (10.25),T1056 (6.68) | T1114 (5.01) | T1074 (4.01),T1090 (12.36) | T1095 (10.28) | T1219 (10.25),T1090 (10.78) | T1095 (8.89) | T1219 (8.26),"[战术阶段评估]：前缀序列以 T1074 (Data Staged) 连续两次，紧接着是 T1105 (Ingress Tool Transfer) 结束。T1074 代表攻击者正在将收集到的敏感数据（如凭证、内存转储等）暂存到本地特定目录。T1105 代表攻击者正在将工具或数据从外部传输到目标环境，或者在内部进行工具/数据的移动。结合 KG Context 中提到的 Kobalos、Mis-Type 和 FIN5 等组织利用 T1074 存储凭证或内存数据，可以推断攻击者刚刚完成了数据的本地聚合与暂存，并可能正在准备将数据移出或进行下一步的横向移动。当前处于‘数据收集与暂存’向‘数据外传’或‘横向移动’过渡的关键节点。

[已获资产推演]：基于 T1018 (System Discovery), T1016 (OS Discovery), T1049 (System Network Connections), T1033 (System Owner/User), T1570 (Lateral Tool Transfer), T1550 (Use Alternate Authentic",cat2_rl_correct_global_stays_correct,3.1072750091552734
1684,T1574,T1059 || T1047 || T1543 || T1543,1,8,1,1,10.073296546936035,1.4939242601394653,10.073296546936035,8.529009819030762,T1574 (10.07) | T1112 (7.50) | T1546 (7.19),T1112 (4.60) | T1053 (2.99) | T1543 (2.81),T1574 (10.07) | T1112 (7.50) | T1546 (7.19),T1574 (8.53) | T1112 (6.98) | T1546 (6.22),"[战术阶段评估]：前缀序列以 T1059 (Command and Scripting Interpreter) 开始，随后是 T1047 (Windows Management Instrumentation) 和两次 T1543 (Create or Modify System Process)。最后两步 T1543 || T1543 表明攻击者已经成功执行了系统级进程创建或修改操作，且重复执行暗示了双重保险或特定服务配置（如 Carbanak/WannaCry 案例所示）的完成。这标志着攻击者已稳固地处于‘持久化’阶段，并极有可能已经获得了 SYSTEM 或高权限账户的访问权。

[已获资产推演]：基于 T1543.003 (Windows Service) 的上下文，攻击者目前掌握了目标系统的‘系统级控制权’。他们不仅拥有执行任意命令的能力（通过 T1059/T1047），还拥有了在系统重启后自动恢复的‘持久化后门’。此时，攻击者通常已经完成了初始入侵和权限提升，系统处于‘被完全控制’的状态。

[意图图谱映射]：在获得持久化系统权限后，攻击者的逻辑路径通常转向‘横向移动’以扩",cat2_rl_correct_global_stays_correct,3.1055049896240234
1896,T1105,T1087 || T1482 || T1033 || T1570 || T1021 || T1021 || T1021 || T1074 || T1074 || T1056,1,2,1,1,10.519481658935547,4.313033103942871,10.519481658935547,9.402320861816406,T1105 (10.52) | T1056 (9.01) | T1573 (8.22),T1056 (7.37) | T1105 (4.31) | T1090 (3.83),T1105 (10.52) | T1056 (9.01) | T1573 (8.22),T1105 (9.40) | T1056 (8.71) | T1071 (7.05),"[战术阶段评估]：前缀序列显示攻击者已完成初始访问（T1021 多次尝试，暗示横向移动或持久化建立）、凭证收集（T1087, T1482, T1033）以及数据收集后的本地暂存（T1074 连续两次）。最后一步 T1056 (Keylogging) 表明攻击者正在主动捕获新的凭据或敏感输入。整体处于‘数据收集与暂存’向‘数据外传’过渡的关键阶段。攻击者已具备在目标系统上写入文件的能力，并正在积累高价值数据。

[已获资产推演]：攻击者目前掌握了目标系统的本地文件系统控制权（通过 T1074 写入文件），并可能已获取部分 SSH 凭据或正在通过键盘记录器（T1056）获取新的凭据。攻击者已具备在本地构建‘数据 staging 区域’的能力，且该区域可能包含敏感凭证（如 KG Context 中提到的 SSH 凭据或内存转储）。

[意图图谱映射]：根据 KG Context，T1074 通常作为 T1041 (Exfiltration Over C2 Channel) 或 T1048 (Exfiltration Over Alternative Protocol) 的前置步骤。攻击者刚刚",cat2_rl_correct_global_stays_correct,3.054814338684082
1456,T1033,T1087 || T1087 || T1010 || T1046 || T1069 || T1069 || T1057 || T1018 || T1518 || T1082 || T1016 || T1016 || T1049,1,5,1,1,13.54636287689209,2.2626376152038574,13.54636287689209,11.51529312133789,T1033 (13.55) | T1007 (10.34) | T1210 (9.87),T1049 (5.25) | T1007 (2.78) | T1069 (2.54),T1033 (13.55) | T1007 (10.34) | T1210 (9.87),T1033 (11.52) | T1007 (8.98) | T1210 (8.36),"[战术阶段评估]：前缀序列以 T1016 (System Network Configuration Discovery) 和 T1049 (Network Share Discovery) 结尾。T1016 用于收集网络配置（如 IP、子网、网关），而 T1049 专门用于发现网络共享资源。这表明攻击者刚刚完成了对当前主机网络环境的详细测绘，并正在主动寻找局域网内的可访问共享文件夹。这属于侦察（Reconnaissance）阶段向初始访问（Initial Access）或横向移动（Lateral Movement）过渡的关键节点。

[已获资产推演]：基于 T1087 (Account Discovery)、T1010 (Application Window Discovery)、T1046 (Network Service Discovery) 等前置技术，攻击者已经掌握了目标主机的用户账户信息、运行中的应用程序以及网络服务列表。结合最后的 T1016 和 T1049，攻击者现在拥有了具体的网络拓扑信息（IP 地址、子网掩码）以及潜在的共享路径（如 C$, ADMIN$ 或特定业务",cat2_rl_correct_global_stays_correct,2.9901323318481445
43,T1016,T1003 || T1003 || T1003 || T1528 || T1083 || T1040 || T1120 || T1057,1,4,1,1,12.902223587036133,4.994816780090332,12.902223587036133,11.478890419006348,T1016 (12.90) | T1049 (10.19) | T1614 (9.33),T1518 (7.98) | T1018 (5.57) | T1082 (5.47),T1016 (12.90) | T1049 (10.19) | T1614 (9.33),T1016 (11.48) | T1049 (8.65) | T1518 (6.95),"[战术阶段评估]：前缀序列以 T1040 (Network Sniffing) 和 T1120 (Peripherals Discovery) 开始，随后以 T1057 (Process Discovery) 结束。T1040 和 T1120 属于侦察阶段（Reconnaissance），用于收集网络流量特征和外围设备信息。T1057 是侦察阶段的最后一步，用于枚举当前运行的进程。这表明攻击者已经完成了对目标环境的初步环境侦察，正在从被动收集转向主动分析，或者准备利用收集到的信息。KG Context 明确指出 T1057 常被用于确定进程属性（如 CLR 加载状态），这通常是为了寻找可注入的目标或识别特定服务。

[已获资产推演]：基于 T1003 (OS Credential Dumping) 的早期出现，攻击者可能已经获取了部分凭证。结合 T1040 和 T1120，攻击者掌握了网络流量特征和外围设备列表。最关键的是 T1057 的执行，意味着攻击者现在拥有当前系统上所有运行进程的列表及其属性。这为攻击者提供了识别高价值进程（如浏览器、数据库、加密软件）或寻找注入点（如未加载 C",cat2_rl_correct_global_stays_correct,2.9818973541259766
587,T1053,T1556 || T1556 || T1112 || T1137 || T1137 || T1053 || T1053 || T1505 || T1505 || T1078 || T1078 || T1543 || T1543 || T1068 || T1053,1,4,1,1,13.956014633178711,2.116152286529541,13.956014633178711,11.824838638305664,T1053 (13.96) | T1078 (8.40) | T1140 (6.53),T1543 (5.10) | T1078 (4.21) | T1548 (3.39),T1053 (13.96) | T1078 (8.40) | T1140 (6.53),T1053 (11.82) | T1078 (7.65) | T1140 (5.54),"[战术阶段评估]：前缀序列显示攻击者经历了重复的凭证访问（T1112）、系统信息收集（T1137）、启动机制（T1053）、本地提权/服务利用（T1505）、账户创建（T1078）、服务安装（T1543）以及进程注入/执行（T1068）。最后两步 T1543（创建服务）和 T1068（执行提权/注入）结合 T1053（计划任务），表明攻击者正在构建一个高权限（SYSTEM）的持久化环境，并可能正在利用该环境执行恶意负载或进行横向移动前的最后准备。当前处于‘持久化建立’向‘初始访问/执行’循环的过渡阶段，重点在于利用已建立的服务进行执行。

[已获资产推演]：基于 T1543.003（Windows Service）和 T1505（OS Credential Dumping/Service）的上下文，攻击者极大概率已经获得了目标系统的 SYSTEM 级别权限，并成功将恶意代码注册为系统服务。这意味着攻击者拥有对目标主机的完全控制权，且该控制具有重启后自动恢复的特性。资产状态为：已控制的 SYSTEM 权限、已注册的恶意服务、潜在的本地账户。

[意图图谱映射]：KG Context 明确",cat2_rl_correct_global_stays_correct,2.9815354347229004
1114,T1560,T1027 || T1553 || T1550 || T1075 || T1078 || T1003 || T1003 || T1003 || T1018 || T1016 || T1049 || T1033 || T1570 || T1550,1,20,1,1,13.004502296447754,-1.8026353120803833,13.004502296447754,10.339217185974121,T1560 (13.00) | T1557 (9.04) | T1021 (8.34),T1046 (1.16) | T1574 (0.95) | T1021 (0.89),T1560 (13.00) | T1557 (9.04) | T1021 (8.34),T1560 (10.34) | T1557 (7.47) | T1021 (7.00),"[战术阶段评估]：前缀序列显示攻击者已完成初始访问（T1078）、持久化（T1553, T1550）、凭证获取（T1003 多次执行，表明深度挖掘）及系统发现（T1018, T1016, T1049）。最后两步 T1033（系统所有者/用户发现）和 T1570（文件加密/破坏）结合上下文，表明攻击者已确认目标用户身份，并可能正在执行或准备执行针对特定用户数据的破坏性操作（如勒索加密）。T1550 再次出现可能是在加密前清理痕迹或准备加密特定文件。

[已获资产推演]：攻击者目前拥有高权限（通过 T1078 和多次 T1003 获取），已掌握目标系统的用户列表、权限结构及关键文件位置。T1570 的执行暗示攻击者已具备对文件系统的高层控制，能够识别并锁定特定用户的数据。

[意图图谱映射]：基于 T1033 确认用户身份和 T1570 的破坏行为，攻击者的逻辑意图是扩大破坏范围或确保数据无法恢复。下一步最可能的操作是：1. 利用已获取的权限进行横向移动（T1021）以感染更多主机；2. 执行更广泛的文件加密或破坏（T1486 数据加密）；3. 清除日志以掩盖 T1570 的痕迹（T107",cat2_rl_correct_global_stays_correct,2.965768814086914
1752,T1021,T1133 || T1078 || T1059 || T1059 || T1133 || T1078 || T1078 || T1562 || T1562 || T1036 || T1036 || T1027 || T1078 || T1558 || T1482 || T1018,1,3,1,1,10.813425064086914,2.096858501434326,10.813425064086914,9.2444429397583,T1021 (10.81) | T1082 (7.90) | T1518 (7.79),T1082 (4.99) | T1518 (4.08) | T1021 (2.10),T1021 (10.81) | T1082 (7.90) | T1518 (7.79),T1021 (9.24) | T1082 (7.38) | T1518 (7.12),"[战术阶段评估]：分析 Prefix 序列，攻击者经历了初始访问（T1078）、持久化（T1133, T1078）、执行（T1059）以及防御规避（T1562 禁用服务/进程，T1036 伪装，T1027 修改文件属性）。序列后半段出现了 T1558（滥用 Kerberos 协议，通常用于获取域凭据）和 T1482（域信任发现，属于域环境侦察）。最后两步 T1018（远程系统发现）明确表明攻击者正在主动扫描和枚举网络中的主机，这是典型的横向移动前奏。整体处于从‘单点突破’向‘域内横向移动’过渡的关键阶段。

[已获资产推演]：基于 T1558 和 T1482，攻击者极可能已经获取了域内高价值凭据（如 TGT 或域管理员哈希），并初步了解了域信任关系。T1018 的执行意味着攻击者正在构建目标列表，识别网络中可被利用的远程主机（如文件服务器、数据库服务器或域控制器）。

[意图图谱映射]：结合 KG Context，T1018 是横向移动（TA0008）的标准前置步骤。一旦远程系统被枚举，攻击者的逻辑意图是寻找可访问的共享资源或可执行的服务。根据 ATT&CK 图谱，发现远程系统后，下一",cat2_rl_correct_global_stays_correct,2.8964390754699707
59,T1557,T1003 || T1003 || T1003 || T1528 || T1083 || T1040 || T1120 || T1057 || T1016 || T1016 || T1210 || T1021 || T1021 || T1091 || T1550 || T1557,1,4,1,1,10.843777656555176,4.206190586090088,10.843777656555176,9.649011611938477,T1557 (10.84) | T1560 (10.71) | T1056 (6.60),T1003 (7.09) | T1078 (4.75) | T1110 (4.63),T1557 (10.84) | T1560 (10.71) | T1056 (6.60),T1557 (9.65) | T1560 (9.20) | T1056 (5.65),"[战术阶段评估]：前缀序列以 T1091 (Relay Attack) 和 T1550 (Use Alternate Authentication Material) 结尾，紧接着是 T1557 (Adversary-in-the-Middle)。T1091 通常用于在无法直接获取凭证时通过中间人攻击获取哈希，而 T1550 明确指向了 Pass-the-Hash (PtH) 或 Pass-the-Ticket (PtT) 的使用。T1557 作为最后一步，表明攻击者正在利用已获取的凭证或中间人能力，在本地或网络层面拦截、修改或重放流量以维持访问或获取更高权限。这标志着攻击者正处于从‘凭证获取/利用’向‘横向移动’过渡的关键节点。

[已获资产推演]：基于 T1091 和 T1550 的组合，攻击者已经成功获取了有效的 NTLM 哈希或 Kerberos TGT/TGS 票据。结合 KG Context 中提到的 Wizard Spider (Pass the Hash) 和 SeaDuke/APT29 (Pass the Ticket) 的战术习惯，攻击者目前掌握了能够模拟合法用户身",cat2_rl_correct_global_stays_correct,2.886946201324463
908,T1105,T1552 || T1482 || T1615 || T1135 || T1018 || T1082 || T1534 || T1021 || T1021 || T1021 || T1560 || T1213 || T1213 || T1074 || T1074 || T1074 || T1056,1,3,1,1,11.37374496459961,4.393420219421387,11.37374496459961,10.11728572845459,T1105 (11.37) | T1071 (9.42) | T1573 (7.93),T1056 (7.20) | T1113 (5.86) | T1105 (4.39),T1105 (11.37) | T1071 (9.42) | T1573 (7.93),T1105 (10.12) | T1071 (8.28) | T1056 (7.45),"[战术阶段评估]：前缀序列以 T1074 (Data Staged) 两次和 T1056 (Input Capture) 结尾。T1074 代表攻击者正在将收集到的数据（如凭据、内存转储等）暂存到本地文件系统中，这是数据收集阶段的收尾动作。T1056 代表攻击者正在主动捕获输入（如键盘记录），这通常是为了获取新的凭据或敏感信息。结合 KG Context 中提到的 Kobalos 和 Mis-Type 等恶意软件利用 T1074 存储 SSH 凭据或主机信息，可以判断攻击者正处于‘数据收集与整理’的战术阶段，且刚刚完成了关键数据的本地化暂存。

[已获资产推演]：基于 T1074 和 T1056 的连续执行，攻击者目前掌握了本地文件系统上的敏感数据（如 SSH 凭据、主机信息、内存转储等）。这些数据尚未离开受害主机，处于‘待传输’状态。攻击者已经完成了‘收集’和‘暂存’，下一步的核心逻辑必然是利用这些已获取的资产进行横向移动或外传。

[意图图谱映射]：根据 ATT&CK 逻辑，数据暂存（T1074）后的标准后续动作是数据外传（Exfiltration）。KG Context 明确指出",cat2_rl_correct_global_stays_correct,2.8086557388305664
1435,T1057,T1087 || T1087 || T1010 || T1046 || T1069 || T1069,1,4,1,1,11.04985523223877,3.700035572052002,11.04985523223877,9.726887702941895,T1057 (11.05) | T1069 (9.84) | T1082 (9.34),T1069 (6.50) | T1012 (3.99) | T1049 (3.92),T1057 (11.05) | T1069 (9.84) | T1082 (9.34),T1057 (9.73) | T1069 (9.24) | T1012 (8.27),"[战术阶段评估]：前缀序列以 T1046 (Network Service Discovery) 和 T1069 (Permission Groups Discovery) 结尾。T1046 表明攻击者正在扫描网络以识别活跃的服务和主机，而 T1069 的重复执行（特别是结合 KG Context 中提到的 BlackCat、Volt Typhoon 等组织）表明攻击者正在深入分析本地和域环境中的用户组权限结构。这标志着攻击者正处于从‘侦察’向‘权限提升/横向移动准备’过渡的关键阶段，即‘权限映射与验证’阶段。

[已获资产推演]：基于 T1087 (Account Discovery) 和 T1010 (Application Window Discovery) 的早期步骤，攻击者已掌握基础账户信息和应用环境。随后的 T1046 和 T1069 表明攻击者已确认了网络拓扑，并识别出特定的权限组（如 Domain Admins, Administrators 等）。KG Context 特别指出 BlackCat 等组织利用 T1069 来确认用户是否拥有域管理员权限。因此，攻击者目前",cat2_rl_correct_global_stays_correct,2.801051616668701
813,T1134,T1053 || T1053 || T1204 || T1204 || T1204 || T1047 || T1546 || T1546 || T1112 || T1053 || T1053 || T1078 || T1134,1,10,1,1,9.027013778686523,1.5719033479690552,9.027013778686523,7.685093879699707,T1134 (9.03) | T1197 (7.28) | T1547 (6.87),T1547 (4.36) | T1078 (3.81) | T1068 (3.25),T1134 (9.03) | T1197 (7.28) | T1547 (6.87),T1134 (7.69) | T1547 (6.42) | T1197 (5.95),"[战术阶段评估]：前缀序列以 T1053 (Scheduled Task) 开始，随后是 T1204 (User Execution) 和 T1047 (Windows Admin Shares)，表明攻击者正在尝试通过多种手段维持持久性并建立初始访问。序列中段出现了 T1546 (Event Triggered Execution) 和 T1112 (Modify Registry)，这是典型的持久性增强手段。序列末尾的 T1078 (Valid Accounts) 和 T1134 (Access Token Manipulation) 是关键转折点：T1078 表明攻击者已获取或创建了合法凭证，而 T1134 表明攻击者正在利用这些凭证进行权限提升或横向移动，试图绕过访问控制。最后一步 T1053 再次出现，结合上下文，这极有可能是为了在获得高权限或新凭证后，再次建立或更新持久性机制，确保在系统重启或凭证失效后仍能保持控制。

[已获资产推演]：基于 T1078 和 T1134，攻击者目前掌握了至少一个有效的用户账户（可能是本地管理员或域用户），并且已经能够操作访问令牌。这意味着攻",cat2_rl_correct_global_stays_correct,2.7873077392578125
1418,T1562,T1505 || T1505 || T1078 || T1078 || T1134 || T1134 || T1098 || T1098 || T1546 || T1546 || T1053 || T1053 || T1078 || T1078 || T1134 || T1134 || T1562,1,10,1,1,12.325807571411133,1.8644707202911377,12.325807571411133,10.442767143249512,T1562 (12.33) | T1070 (9.90) | T1656 (7.95),T1140 (4.56) | T1098 (4.38) | T1547 (3.85),T1562 (12.33) | T1070 (9.90) | T1656 (7.95),T1562 (10.44) | T1070 (8.15) | T1140 (6.81),"[战术阶段评估]：前缀序列显示攻击者经历了反复的初始访问（T1078）、持久化（T1546, T1053）和权限提升/维持（T1134, T1098）。最后两步 T1134（访问令牌操纵）和 T1562（防御规避）表明攻击者刚刚完成了对当前会话令牌的精细调整（如提权或模拟），并可能清除了相关痕迹或规避了针对令牌操作的检测。这标志着从‘权限建立’阶段向‘横向移动’或‘目标达成’阶段的过渡。

[已获资产推演]：基于 T1134 和 T1098 的重复执行，攻击者目前极可能已经获取了高权限（如 SYSTEM 或 Domain Admin）的访问令牌，或者成功模拟了特定高价值用户。攻击者手中握有有效的、经过提权的身份凭证，且已准备好在本地或网络中执行操作。

[意图图谱映射]：结合 KG Context 中提到的 'HomeLand Justice' 和 'MegaCortex' 等组织利用 T1134 进行令牌操纵和进程创建，攻击者在完成令牌操纵和规避后，最自然的逻辑下一步是利用这些高权限令牌进行横向移动（T1021）以访问其他主机，或者利用这些令牌执行恶意负载（T1059 命令执行）以达",cat2_rl_correct_global_stays_correct,2.692594289779663
1214,T1218,T1204 || T1204 || T1547 || T1547 || T1060 || T1027 || T1027,1,4,1,1,9.03100872039795,2.54065203666687,9.03100872039795,7.862744331359863,T1218 (9.03) | T1055 (7.58) | T1027 (7.32),T1027 (5.19) | T1055 (4.05) | T1078 (2.68),T1218 (9.03) | T1055 (7.58) | T1027 (7.32),T1218 (7.86) | T1055 (6.94) | T1027 (6.93),"[战术阶段评估]：前缀序列以 T1204 (用户执行) 开始，随后是 T1547 (启动增强/持久化)，接着是 T1060 (注册表启动项) 和 T1027 (软件打包/混淆)。最后两步 T1060 || T1027 表明攻击者已经完成了初始执行，建立了持久化机制（通过注册表），并正在对恶意载荷进行打包或混淆处理。这通常发生在攻击者准备进行横向移动或部署更复杂的第二阶段载荷之前，目的是绕过检测并确保持久性。

[已获资产推演]：基于 T1547 和 T1060 的组合，攻击者已经成功在目标系统上获得了用户级或系统级的持久化访问权限。T1027 的重复出现暗示攻击者可能正在处理多个载荷，或者正在对已部署的载荷进行二次加固/更新，以便在后续阶段（如横向移动或数据窃取）中保持隐蔽。此时，攻击者拥有对单点的控制权，但尚未表现出明显的横向移动或数据外传行为。

[意图图谱映射]：结合 KG Context，T1027 常与恶意软件家族（如 Machete, GALLIUM, XLoader）的交付和载荷处理相关。在建立了持久化并完成了载荷打包后，攻击者的逻辑下一步通常是利用已建立的立足点进行更进",cat2_rl_correct_global_stays_correct,2.6449663639068604
1502,T1560,T1027 || T1027 || T1218 || T1218 || T1003 || T1003 || T1003 || T1482 || T1057 || T1018 || T1016 || T1049 || T1033 || T1007 || T1210 || T1560,1,6,1,1,13.389482498168945,3.1199517250061035,13.389482498168945,11.540966987609863,T1560 (13.39) | T1021 (8.10) | T1072 (6.75),T1005 (5.76) | T1213 (4.63) | T1114 (4.11),T1560 (13.39) | T1021 (8.10) | T1072 (6.75),T1560 (11.54) | T1021 (6.64) | T1074 (6.05),"[战术阶段评估]：攻击前缀序列显示攻击者经历了完整的侦察（T1016, T1018, T1049, T1033, T1007）和凭证获取（T1003）阶段。最后两步 T1210 (Exploitation for Defense Evasion) 和 T1560 (Archive Collected Data) 表明攻击者正在利用漏洞进行防御规避，并紧接着将收集到的敏感数据（如前文 T1003 获取的凭证或 T1003 暗示的数据库）进行压缩打包。这标志着攻击者正处于‘数据收集完成，准备外传’的关键转折点。

[已获资产推演]：基于 T1003 (OS Credential Dumping) 和 T1560 (Archive via Utility) 的组合，攻击者目前掌握了高价值的本地凭证数据（如 ntds.dit 或 SAM 文件）以及系统关键配置信息。T1210 的使用暗示攻击者可能刚刚利用某个漏洞（如远程代码执行或权限提升）来确保数据压缩过程的稳定性或规避检测，或者正在处理加密/压缩后的数据流。

[意图图谱映射]：根据 KG Context，APT1 和 Volt Typho",cat2_rl_correct_global_stays_correct,2.6436638832092285
890,T1018,T1552 || T1482 || T1615 || T1135,1,7,1,1,11.371722221374512,2.3650403022766113,11.371722221374512,9.750518798828125,T1018 (11.37) | T1069 (9.27) | T1012 (8.94),T1012 (5.00) | T1082 (4.60) | T1069 (3.83),T1018 (11.37) | T1069 (9.27) | T1012 (8.94),T1018 (9.75) | T1069 (8.29) | T1012 (8.23),"[战术阶段评估]：前缀序列 T1552 (Credential Access) -> T1482 (Discovery: Cloud) -> T1615 (Discovery: Group Policy) -> T1135 (Discovery: Network Share Discovery)。最后两步 T1615 和 T1135 均属于 'Discovery' 战术阶段。T1615 表明攻击者正在通过组策略对象（GPO）收集系统配置和权限信息，而 T1135 表明攻击者正在主动枚举网络共享资源。这标志着攻击者正处于从本地/云环境发现向横向移动准备过渡的关键节点，正在绘制网络拓扑和寻找高价值目标。

[已获资产推演]：基于 T1552，攻击者已获取凭证（可能是本地或域账户）。结合 T1482 和 T1615，攻击者已掌握云环境配置及本地/域组的权限结构。T1135 的执行意味着攻击者已经识别出了具体的网络共享路径（如 C$, ADMIN$, 或特定业务共享），并确认了这些共享的可访问性。此时，攻击者手中握有‘凭证’和‘网络路径’，但尚未在目标共享上执行实质性操作（如文件操作或进程执行",cat2_rl_correct_global_stays_correct,2.637962818145752
161,T1556,T1218 || T1550 || T1550 || T1550 || T1078 || T1078 || T1078 || T1586 || T1110 || T1110 || T1110 || T1555 || T1606 || T1606 || T1606 || T1556,1,4,1,1,10.964612007141113,2.1458520889282227,10.964612007141113,9.377235412597656,T1556 (10.96) | T1003 (8.79) | T1111 (8.30),T1003 (4.78) | T1578 (3.16) | T1056 (2.57),T1556 (10.96) | T1003 (8.79) | T1111 (8.30),T1556 (9.38) | T1003 (8.06) | T1621 (6.23),"[战术阶段评估]：前缀序列显示攻击者经历了初始访问（T1218）、凭证窃取（T1550）、账户利用（T1078）、凭证收集（T1586, T1110）以及凭据转储（T1555）。最后两步 T1606（生成/修改认证令牌）和 T1556（修改认证过程）表明攻击者正处于‘持久化’与‘权限维持’的深层阶段，特别是针对身份验证机制的劫持。T1606 的重复出现暗示攻击者正在批量生成伪造的会话令牌（如 SAML 或 Web Cookie），而 T1556 则表明攻击者可能已植入后门以拦截或修改登录流程。这标志着攻击重心已从‘获取凭证’转向‘建立不可检测的长期访问通道’。

[已获资产推演]：基于 T1078（合法账户）和 T1555（凭据转储），攻击者已掌握高权限账户的明文密码或哈希。结合 T1606 和 T1556 的上下文（SolarWinds 和 AADInternals 案例），攻击者目前掌握了能够绕过 MFA 的伪造会话令牌（Session Tokens）或能够劫持 SSH 登录的修改版认证模块。他们拥有对目标身份提供商（IdP）或认证服务的完全控制权，能够模拟合法用户行为。

[意图",cat2_rl_correct_global_stays_correct,2.629256248474121
408,T1570,T1078 || T1110 || T1555 || T1056 || T1056 || T1040 || T1003 || T1003 || T1003 || T1539 || T1087 || T1087 || T1087 || T1083 || T1040 || T1018 || T1082 || T1049 || T1033,1,11,1,1,11.23294734954834,0.038001835346221924,11.23294734954834,9.217857360839844,T1570 (11.23) | T1210 (9.17) | T1007 (8.48),T1119 (2.66) | T1033 (2.25) | T1105 (2.01),T1570 (11.23) | T1210 (9.17) | T1007 (8.48),T1570 (9.22) | T1210 (7.87) | T1007 (7.18),"[战术阶段评估]：攻击前缀序列显示攻击者已完成初始访问（T1078, T1110）、凭证获取（T1555, T1003）、持久化/行为（T1056, T1040, T1539）以及信息收集（T1087, T1083, T1018, T1082, T1049）。最后两步 T1082（系统信息发现）和 T1049（系统网络配置发现）结合 T1033（系统所有者发现），表明攻击者正处于‘侦察与情报收集’的收尾阶段，旨在全面掌握目标主机的身份、网络拓扑及用户权限。这通常是为后续横向移动或数据外传做最后的环境映射。

[已获资产推演]：基于 T1087（账户发现）、T1003（凭证转储）和 T1033（系统所有者发现），攻击者目前掌握了目标主机的本地管理员或高权限用户凭证，并已知晓当前用户的身份及权限级别。结合 T1049（网络配置），攻击者已了解主机的 IP、子网、网关等网络环境信息。此时，攻击者已具备在本地进行提权、横向移动或建立反向连接的基础条件。

[意图图谱映射]：在完成了系统信息（T1082）、网络配置（T1049）和所有者（T1033）的收集后，攻击者的逻辑意图通常转向利用已收集的",cat2_rl_correct_global_stays_correct,2.6244795322418213
1569,T1555,T1564 || T1564 || T1562 || T1562 || T1656 || T1070 || T1070 || T1556 || T1556 || T1556 || T1578 || T1578 || T1553 || T1078 || T1586 || T1555,1,4,1,1,11.262777328491211,3.7110486030578613,11.262777328491211,9.90346622467041,T1555 (11.26) | T1056 (7.34) | T1110 (6.61),T1056 (6.29) | T1003 (5.13) | T1078 (3.90),T1555 (11.26) | T1056 (7.34) | T1110 (6.61),T1555 (9.90) | T1056 (7.15) | T1110 (5.72),"[战术阶段评估]：前缀序列以 T1078 (Valid Accounts) 和 T1586 (Credential Access) 结尾，紧接着是 T1555 (Credentials from Password Stores)。T1078 表明攻击者已经成功获取了有效的账户凭据（可能是通过之前的 T1586 或 T1555 获取的），并正在利用这些凭据进行登录或维持访问。T1555 是具体的凭证收集手段，特别是针对密码存储库。最后两步 T1078 || T1555 显示攻击者处于‘利用已获取凭据进行横向移动或权限提升’的关键节点，或者正在通过密码存储库进一步挖掘高价值凭证以维持持久性。

[已获资产推演]：基于 T1078 和 T1555 的序列，攻击者目前至少掌握了一个或多个有效的用户账户凭据（可能是本地管理员或域用户）。KG Context 特别强调了 T1555 涉及从 Windows Credential Manager、浏览器（IE/Edge）、OpenSSH、RDP 等存储中获取凭证。这意味着攻击者手中握有明文或加密的密码，且可能已经能够访问这些存储库。攻击者可能已经拥有",cat2_rl_correct_global_stays_correct,2.5837836265563965
238,T1078,T1133,1,3,1,1,7.555020332336426,3.409548759460449,7.555020332336426,6.808835506439209,T1078 (7.56) | T1505 (6.84) | T1566 (6.55),T1566 (5.97) | T1583 (3.65) | T1078 (3.41),T1078 (7.56) | T1505 (6.84) | T1566 (6.55),T1078 (6.81) | T1566 (6.45) | T1505 (5.86),"[战术阶段评估]：前缀序列仅包含 T1133 (External Remote Services)。在 ATT&CK 战术框架中，T1133 通常作为初始访问（Initial Access）或命令与控制（Command and Control）的入口点。鉴于序列中只有这一步，且上下文强调了 'WebVPN sessions' 和 'Clientless SSLVPN'，这表明攻击者刚刚成功建立了一个远程连接通道，或者正在利用该通道进行初步的横向移动/持久化。目前处于攻击的早期阶段，即‘建立连接’或‘初步渗透’阶段。

[已获资产推演]：基于 T1133 和上下文（WebVPN/SSLVPN），攻击者目前掌握的是‘远程访问通道’这一粗粒度资产。他们可能已经获得了网络边界的访问权限，但尚未深入内部网络。他们可能拥有的是‘远程会话’权限，而非具体的主机控制权或域管理员权限。攻击者目前处于‘外部’视角，正在尝试通过此通道进入内部系统。

[意图图谱映射]：建立远程连接（T1133）后的逻辑下一步通常是利用该通道执行具体操作。根据 KG Context 中提到的 'communicate to ",cat2_rl_correct_global_stays_correct,2.5623555183410645
362,T1021,T1012 || T1082 || T1614 || T1614 || T1016 || T1049 || T1033 || T1124 || T1497 || T1497 || T1497 || T1534,1,4,1,1,10.537810325622559,1.8257910013198853,10.537810325622559,8.969647407531738,T1021 (10.54) | T1091 (8.07) | T1570 (7.44),T1114 (4.36) | T1056 (3.14) | T1105 (1.91),T1021 (10.54) | T1091 (8.07) | T1570 (7.44),T1021 (8.97) | T1497 (6.23) | T1091 (6.01),"[战术阶段评估]：前缀序列以 T1497 (T1497.001 系统检查) 连续三次出现，随后紧跟 T1534 (数据窃取)。这表明攻击者刚刚完成了多轮环境验证（确认非沙箱、非虚拟机环境），并立即执行了数据窃取操作。T1497 的重复执行通常意味着攻击者在进行更深层的指纹确认或等待特定条件满足，而 T1534 的出现标志着攻击重心从‘侦察/规避’正式转向‘数据收集/窃取’阶段。

[已获资产推演]：基于 T1012 (系统信息)、T1082 (系统信息)、T1614 (系统位置)、T1016 (系统网络配置)、T1049 (系统网络连接)、T1033 (用户账户)、T1124 (系统时间) 以及 T1497，攻击者已经掌握了目标系统的完整环境画像、网络拓扑、用户身份以及时间同步状态。T1534 的执行意味着攻击者已经定位了高价值数据（如文档、数据库、凭证等）并正在将其移出或准备移出。此时，攻击者已具备对目标系统的完全控制权（Full Access）。

[意图图谱映射]：在 T1534 (数据窃取) 之后，攻击者的逻辑路径通常分为两类：一是将窃取的数据通过 C2 通道外传（Exfilt",cat2_rl_correct_global_stays_correct,2.5379185676574707
183,T1568,T1213 || T1593 || T1005 || T1074 || T1074 || T1114 || T1114 || T1071 || T1071 || T1001 || T1027,1,8,1,1,11.633462905883789,2.929356575012207,11.633462905883789,10.066723823547363,T1568 (11.63) | T1001 (11.06) | T1573 (10.44),T1071 (5.45) | T1105 (4.96) | T1001 (4.21),T1568 (11.63) | T1001 (11.06) | T1573 (10.44),T1568 (10.07) | T1001 (9.83) | T1573 (9.24),"[战术阶段评估]：前缀序列显示攻击者已完成初始访问（T1001 邮件投递）、执行载荷（T1027 代码混淆/打包）以及数据收集与准备阶段（T1213 数据发现、T1593 搜索、T1005 本地数据收集）。随后，攻击者进行了数据操作（T1074 数据破坏/加密，此处可能为数据准备或加密勒索的早期迹象，结合上下文更倾向于数据准备或加密以隐藏痕迹）和凭证/数据窃取（T1114 邮件数据窃取）。最后两步 T1071（网络协议通信）和 T1001（邮件协议）表明攻击者正在建立或维护命令与控制（C2）通道，特别是利用邮件协议（SMTP）进行通信。结合 KG Context 中 Agent Tesla 使用 SMTP 进行 C2 的关联，攻击者极可能正在通过邮件协议将窃取的数据外传或接收指令。

[已获资产推演]：攻击者目前似乎已经成功窃取了邮件数据（T1114），并可能已经获取了部分凭证或敏感文件（T1005, T1213）。通过 T1071 和 T1001 的反复出现，攻击者已经建立了稳定的 C2 通道，能够进行双向通信。此时，攻击者通常处于‘数据外传’或‘C2 维持’阶段，准备进行下一步的横",cat2_rl_correct_global_stays_correct,2.517609119415283
234,T1018,T1218 || T1078 || T1078 || T1110 || T1110 || T1555 || T1056 || T1056 || T1003 || T1003 || T1552 || T1552 || T1087 || T1087 || T1083 || T1069 || T1057,1,4,1,1,13.123270988464355,4.197454452514648,13.123270988464355,11.516623497009277,T1018 (13.12) | T1012 (11.54) | T1518 (9.05),T1082 (6.71) | T1518 (5.56) | T1016 (4.93),T1018 (13.12) | T1012 (11.54) | T1518 (9.05),T1018 (11.52) | T1012 (10.14) | T1082 (8.56),"[战术阶段评估]：攻击前缀序列显示攻击者已经完成了初始访问（T1078）、凭证获取（T1110）、凭证转储（T1555, T1056, T1003）以及信息收集（T1552, T1087, T1083）。最后两步 T1069 (Group Discovery) 和 T1057 (Process Discovery) 属于信息收集阶段的高阶操作，旨在构建完整的系统环境视图（用户组关系、运行进程）。这表明攻击者正处于‘侦察与映射’的收尾阶段，准备进入‘执行’或‘横向移动’阶段。

[已获资产推演]：基于 T1110, T1555, T1056, T1003 等技术的执行，攻击者极大概率已经获取了本地或域账户的明文密码、哈希值或 Kerberos TGT。结合 T1083 和 T1069 的上下文，攻击者已知晓文件结构、共享资源以及当前运行的进程（可能包含敏感服务或易受攻击的进程）。此时，攻击者拥有‘身份凭证’和‘环境拓扑’这两大核心资产。

[意图图谱映射]：在获取了凭证并完成了进程/组发现后，攻击者的逻辑意图通常转向利用这些凭证进行远程访问或执行恶意代码。KG Context 中提到的 ",cat2_rl_correct_global_stays_correct,2.512549877166748
1865,T1027,T1059 || T1203 || T1133 || T1505 || T1505 || T1078 || T1078 || T1078 || T1078 || T1564 || T1564 || T1562 || T1562 || T1070 || T1070,1,7,1,1,8.98983383178711,1.6098378896713257,8.98983383178711,7.661434173583984,T1027 (8.99) | T1112 (7.80) | T1070 (7.42),T1036 (4.11) | T1562 (3.40) | T1112 (3.09),T1027 (8.99) | T1112 (7.80) | T1070 (7.42),T1027 (7.66) | T1112 (6.95) | T1070 (6.63),"[战术阶段评估]：攻击前缀序列显示攻击者经历了初始执行 (T1059)、利用漏洞 (T1203)、持久化 (T1133, T1505)、凭证访问 (T1078) 以及隐蔽操作 (T1564, T1562)。最后两步 T1562 (防御规避) 和 T1070 (清除痕迹) 是典型的‘收尾’或‘静默’阶段操作。特别是 T1070 在上下文中明确关联到清除 Windows 事件日志，这标志着攻击者正在主动消除数字足迹，以掩盖之前的入侵行为。这通常发生在攻击者已经完成了核心目标（如数据窃取、横向移动或建立持久控制）之后，准备进入休眠或进行下一步隐蔽行动之前。

[已获资产推演]：基于 T1078 (账户利用) 和 T1505 (服务注册) 的重复出现，攻击者已经成功获取了系统级或高权限账户的控制权，并建立了稳定的持久化机制。T1562 (破坏防御) 和 T1564 (隐藏文件) 表明攻击者已经深入系统内部，能够修改安全配置和隐藏恶意载荷。此时，攻击者拥有对受害主机的完全控制权，且防御机制已被暂时绕过或破坏。

[意图图谱映射]：在清除日志 (T1070) 和破坏防御 (T1562) 之后，攻击",cat2_rl_correct_global_stays_correct,2.503075122833252
1732,T1098,T1583 || T1583 || T1588 || T1588 || T1190 || T1078 || T1078 || T1586 || T1059 || T1059 || T1059 || T1053 || T1053 || T1098,1,5,1,1,10.111721992492676,2.3066751956939697,10.111721992492676,8.706812858581543,T1098 (10.11) | T1136 (9.01) | T1554 (7.32),T1078 (4.79) | T1053 (4.12) | T1505 (3.36),T1098 (10.11) | T1136 (9.01) | T1554 (7.32),T1098 (8.71) | T1136 (6.88) | T1053 (6.34),"[战术阶段评估]：攻击前缀序列显示攻击者已完成资源开发（T1583, T1588）、初始访问（T1190）、凭证获取（T1078）及数据收集（T1586）。序列末尾的 T1059（Command and Scripting Interpreter）和 T1053（Command and Scripting Interpreter: Scheduled Task/Job）表明攻击者正在执行具体的命令操作，并频繁使用计划任务（T1053）来维持持久性。最后一步 T1098（Account Manipulation）显示攻击者正在修改账户属性（如添加权限、修改组别），这通常是为了在建立持久性后，确保拥有长期、隐蔽的控制权。

[已获资产推演]：基于 T1078（Valid Accounts）和 T1098（Account Manipulation），攻击者目前掌握了合法的本地或域账户权限，并且已经通过 T1053 在目标系统上植入了持久化机制（计划任务）。攻击者已具备在目标系统上执行任意命令的能力，且该能力具有持久性。

[意图图谱映射]：在建立了持久性（T1053）和账户操纵（T1098）",cat2_rl_correct_global_stays_correct,2.487776517868042
980,T1053,T1059 || T1059 || T1059 || T1106 || T1053 || T1053 || T1053 || T1569 || T1569 || T1204 || T1204 || T1204 || T1543 || T1543 || T1112 || T1053,1,7,1,1,14.610732078552246,1.166029930114746,14.610732078552246,12.190686225891113,T1053 (14.61) | T1505 (6.44) | T1547 (5.25),T1505 (3.65) | T1543 (3.06) | T1098 (2.35),T1053 (14.61) | T1505 (6.44) | T1547 (5.25),T1053 (12.19) | T1505 (5.94) | T1078 (4.45),"[战术阶段评估]：前缀序列显示攻击者经历了初始执行（T1059）、命令与脚本解释器（T1106）、启动机制（T1053）、数据收集/网络（T1569）、凭证访问（T1204）以及关键的持久化建立阶段（T1543 创建服务，T1112 修改注册表）。最后一步 T1053 再次出现，表明攻击者正在验证或调整启动机制。整体处于‘持久化建立’向‘权限提升/横向移动’过渡的阶段。

[已获资产推演]：攻击者通过 T1543.003（Windows Service）和 T1112（修改注册表）已经成功建立了高权限（通常是 SYSTEM 或 Local System）的持久化后门。这意味着攻击者拥有对目标系统的长期控制权，且具备在系统重启后自动恢复的能力。此时，攻击者通常已具备执行高权限操作的基础。

[意图图谱映射]：在建立了稳固的持久化（T1543/T1112）后，攻击者的逻辑意图通常转向利用这些高权限进行下一步行动。根据 ATT&CK 图谱，建立服务后最常见的后续动作包括：1. 利用该服务或系统权限进行横向移动（T1021）；2. 收集更多凭证以扩大战果（T1003）；3. 部署新的载荷或工具",cat2_rl_correct_global_stays_correct,2.481260061264038
922,T1548,T1559 || T1559 || T1106 || T1053 || T1053 || T1204 || T1204 || T1547 || T1053 || T1053 || T1548,1,3,1,1,11.344109535217285,4.3885979652404785,11.344109535217285,10.092117309570312,T1548 (11.34) | T1547 (8.87) | T1140 (6.44),T1053 (6.85) | T1078 (4.99) | T1548 (4.39),T1548 (11.34) | T1547 (8.87) | T1140 (6.44),T1548 (10.09) | T1547 (7.76) | T1140 (5.88),"[战术阶段评估]：前缀序列以 T1053 (Command and Scripting Interpreter: Scheduled Task/Job) 和 T1548 (Abuse Elevation Control Mechanism: Elevation Privilege Escalation) 结尾。T1053 的重复出现表明攻击者正在通过计划任务维持持久性，而紧随其后的 T1548 表明攻击者正在尝试提升权限（例如利用计划任务配置漏洞或执行提权脚本）。这标志着攻击者正处于从‘持久化建立’向‘权限提升’过渡的关键节点，且刚刚完成了提权动作或正在执行提权载荷。

[已获资产推演]：基于 T1053 和 T1548 的组合，攻击者目前极可能已经获得了目标系统的本地管理员权限（Local Admin）或 SYSTEM 权限。T1548 的成功执行通常意味着攻击者突破了标准用户限制，能够访问受保护的系统资源。此时，攻击者手中的‘资产’是已提权的系统环境，但尚未建立稳定的远程连接或横向移动通道。

[意图图谱映射]：在获得提权后，攻击者的核心意图是扩大控制范围。根据 ATT&CK 逻辑",cat2_rl_correct_global_stays_correct,2.465301036834717
1049,T1078,T1059 || T1059 || T1053 || T1053 || T1546 || T1133 || T1053 || T1053 || T1505 || T1505 || T1078 || T1546 || T1053 || T1053,1,3,1,1,9.174079895019531,4.013531684875488,9.174079895019531,8.2451810836792,T1078 (9.17) | T1505 (5.58) | T1053 (5.34),T1505 (6.46) | T1053 (4.16) | T1078 (4.01),T1078 (9.17) | T1505 (5.58) | T1053 (5.34),T1078 (8.25) | T1505 (5.74) | T1053 (5.13),"[战术阶段评估]：攻击前缀序列以 T1546 (Event Triggered Execution) 和 T1053 (Scheduled Task) 的重复组合结束。T1546 通常用于修改注册表启动项、登录脚本或计划任务本身以触发执行，而 T1053 是具体的计划任务创建或修改动作。序列末尾的 T1546 || T1053 || T1053 表明攻击者刚刚完成了一次针对持久化机制的强化或更新，极有可能是为了确保恶意载荷在系统重启或特定时间触发时能再次运行。这标志着攻击者已经稳固了立足点，并完成了从‘初始访问/执行’到‘持久化’阶段的闭环。

[已获资产推演]：基于 T1059 (Command and Scripting Interpreter) 的早期出现，攻击者已具备在目标系统上执行命令的能力。随后的 T1546 和 T1053 操作表明攻击者已经成功在目标系统上建立了高优先级的持久化机制（如计划任务）。此时，攻击者拥有的是‘系统级’或‘用户级’的持久化访问权限，且该权限具有自动触发特性。攻击者目前掌握的是‘执行环境’和‘持久化通道’，但尚未展示明显的横向移动或数据窃取行为。
",cat2_rl_correct_global_stays_correct,2.4460954666137695
1594,T1588,T1587 || T1587 || T1587 || T1588,1,8,1,1,13.281828880310059,0.23395539820194244,13.281828880310059,10.933212280273438,T1588 (13.28) | T1189 (9.25) | T1608 (7.97),T1078 (2.66) | T1059 (2.09) | T1566 (1.35),T1588 (13.28) | T1189 (9.25) | T1608 (7.97),T1588 (10.93) | T1189 (7.35) | T1608 (6.77),"[战术阶段评估]：前缀序列 T1587 (收集外部信息) 重复三次后接 T1588 (获取访问权限)。这表明攻击者处于攻击的早期阶段，具体为‘侦察’向‘初始访问’过渡的时期。T1587 的重复暗示攻击者正在广泛搜集目标环境信息，特别是关于代码签名证书或软件供应链的弱点。最后的 T1588 标志着攻击者已利用收集到的信息（如伪造的证书或漏洞）成功获取了初始访问权限。

[已获资产推演]：基于 T1587.002 (获取代码签名证书) 和 T1588 (获取访问权限) 的组合，攻击者目前最可能已经获得了目标网络中的‘初始访问’权限。结合 KG Context 中提到的 PROMETHIUM 和 LuminousMoth 等组织利用自签名证书或自定义恶意软件的行为，攻击者极可能已经部署了经过签名或伪装过的恶意载荷（如安装程序、Webshell），从而在目标系统上建立了立足点。此时，攻击者拥有的是‘初始访问’级别的权限，通常受限于特定服务或用户上下文。

[意图图谱映射]：在成功获取初始访问并部署恶意载荷后，攻击者的核心逻辑意图是扩大控制范围。根据 ATT&CK 战术流程，下一步必然是‘执行’",cat2_rl_correct_global_stays_correct,2.422356128692627
1466,T1078,T1098 || T1136 || T1087 || T1133,1,2,1,1,8.010900497436523,0.3714025020599365,8.010900497436523,6.635790824890137,T1078 (8.01) | T1112 (7.46) | T1505 (7.33),T1112 (2.77) | T1078 (0.37) | T1137 (0.35),T1078 (8.01) | T1112 (7.46) | T1505 (7.33),T1078 (6.64) | T1112 (6.62) | T1574 (5.28),"[战术阶段评估]：前缀序列 T1098 (Account Manipulation) -> T1136 (Create Account) -> T1087 (Account Discovery) -> T1133 (Remote System Discovery) 显示攻击者已完成初始访问后的持久化建立（创建账户），并迅速转入信息收集阶段。最后两步 T1087 和 T1133 明确指向对本地账户、云账户及远程系统的广泛侦察。攻击者正处于‘信息收集’战术阶段，且该阶段已覆盖本地、云及网络拓扑，为后续横向移动或权限提升做好了充分的情报准备。

[已获资产推演]：基于 T1136 和 T1087，攻击者已掌握至少一个有效的本地或云账户凭证，并拥有该账户的枚举权限。T1133 表明攻击者已识别出网络中的其他主机或系统。此时，攻击者拥有‘已建立的账户’和‘目标网络拓扑’这两项关键资产，具备了发起横向移动或执行特定系统操作的基础。

[意图图谱映射]：结合 KG Context，T1087 的上下文提到了 MailSniper (Exchange/O365) 和 Net (Local Accoun",cat2_rl_correct_global_stays_correct,2.39391827583313
668,T1192,T1589 || T1589 || T1598,1,7,1,1,10.713174819946289,2.741361141204834,10.713174819946289,9.27824878692627,T1192 (10.71) | T1598 (8.80) | T1591 (8.68),T1598 (5.13) | T1583 (3.84) | T1597 (3.20),T1192 (10.71) | T1598 (8.80) | T1591 (8.68),T1192 (9.28) | T1598 (8.14) | T1591 (7.62),"[战术阶段评估]：前缀序列 T1589 (Reconnaissance) 重复两次，随后接 T1598 (Gather Victim Identity Information)。这表明攻击者正处于初始侦察阶段，且专注于收集目标的身份信息。T1589 通常涉及收集公开信息，而 T1598 更侧重于通过特定手段（如社交媒体、公开数据库）获取具体的受害者身份细节（如邮箱、姓名）。当前阶段尚未进入武器化或投递阶段。

[已获资产推演]：基于 T1589 和 T1598 的连续执行，攻击者目前掌握的粗粒度资产主要是‘目标组织的公开信息’以及‘特定关键人员（如员工、高管）的身份标识（特别是电子邮件地址）’。KG Context 明确指出 Sandworm、APT32 等组织利用这些获取的邮箱地址进行后续攻击，说明攻击者已具备构建针对性攻击载荷的‘靶子’。

[意图图谱映射]：在获取了目标邮箱地址（T1598.002）后，攻击图谱的逻辑流向通常指向利用这些身份信息进行社会工程学攻击。KG Context 中明确提到 'subsequently used in spearphishing'（随后用于鱼",cat2_rl_correct_global_stays_correct,2.389580726623535
718,T1070,T1543 || T1543 || T1068 || T1574 || T1574 || T1055 || T1053 || T1053 || T1078 || T1078 || T1222 || T1222 || T1564 || T1564 || T1574 || T1574,1,6,1,1,9.84201717376709,1.6942332983016968,9.84201717376709,8.375415802001953,T1070 (9.84) | T1036 (8.12) | T1562 (7.62),T1078 (4.04) | T1036 (3.54) | T1574 (3.45),T1070 (9.84) | T1036 (8.12) | T1562 (7.62),T1070 (8.38) | T1036 (7.30) | T1562 (6.66),"[战术阶段评估]：攻击前缀序列显示攻击者经历了初始访问（T1078）、持久化（T1543）、权限提升（T1068）以及进程注入/劫持（T1055, T1053）。序列末尾连续出现 T1564（隐藏文件/数据）和 T1574（组件劫持），特别是 T1574 的重复出现，表明攻击者正在利用 DLL 侧加载（Side-loading）或劫持合法组件来维持隐蔽的持久化或执行恶意负载。最后两步 T1564 || T1574 表明攻击者刚刚完成了恶意 DLL 的放置或配置，并可能正在清理痕迹或准备利用该劫持机制。这标志着攻击正处于‘持久化建立’向‘横向移动’或‘命令与控制’过渡的关键节点。

[已获资产推演]：基于 T1078（凭据）和 T1068（提权），攻击者已拥有高权限（SYSTEM 或 Administrator）。通过 T1574 的侧加载，攻击者已经成功将恶意代码注入到合法的系统进程或高信任度进程中。此时，攻击者掌握了一个稳定的、隐蔽的持久化通道，且该通道通常具备较高的执行权限和较低的检测概率。

[意图图谱映射]：KG Context 明确指出 Metamorfo、Tropic Tr",cat2_rl_correct_global_stays_correct,2.3453431129455566
2035,T1060,T1546 || T1546 || T1547,1,3,1,1,11.009042739868164,4.3673272132873535,11.009042739868164,9.813533782958984,T1060 (11.01) | T1546 (7.48) | T1543 (5.80),T1574 (6.69) | T1112 (4.66) | T1060 (4.37),T1060 (11.01) | T1546 (7.48) | T1543 (5.80),T1060 (9.81) | T1546 (6.71) | T1574 (5.79),"[战术阶段评估]：前缀序列 T1546 (T1546.008/017/003 等变体) 重复出现，紧接着是 T1547 (Boot or Logon Autostart Execution)。这表明攻击者已经完成了初始入侵，并正在密集地执行持久化操作。T1546 专注于建立持久性（如注册表、计划任务、WMI 订阅），而 T1547 专注于确保这些持久化机制在系统重启或用户登录时生效。当前处于攻击生命周期的‘持久化’阶段，且该阶段操作已趋于饱和或完成。

[已获资产推演]：基于 T1546 和 T1547 的组合，攻击者已经成功在目标系统上建立了至少一种（很可能是多种）高隐蔽性的持久化机制。这意味着攻击者目前拥有对目标系统的‘长期控制权’，即使系统重启或凭证轮换，攻击者仍能保持访问。此时，攻击者已具备在目标主机上执行任意代码的权限（通常通过系统级或用户级权限），且该权限是稳定的。

[意图图谱映射]：在建立了稳固的持久化后，攻击者的逻辑意图通常转向扩大战果。根据 ATT&CK 战术逻辑，持久化完成后，下一步最自然的动作是：1) 利用已建立的权限进行横向移动（Lateral Movemen",cat2_rl_correct_global_stays_correct,2.318779468536377
1378,T1083,T1222 || T1222 || T1562 || T1562 || T1562 || T1070 || T1070 || T1070 || T1036 || T1036 || T1027 || T1027 || T1014 || T1552 || T1552 || T1552 || T1613,1,2,1,1,12.341015815734863,2.339627742767334,12.341015815734863,10.540765762329102,T1083 (12.34) | T1087 (8.61) | T1046 (8.12),T1552 (4.65) | T1083 (2.34) | T1046 (1.92),T1083 (12.34) | T1087 (8.61) | T1046 (8.12),T1083 (10.54) | T1087 (7.14) | T1046 (7.00),"[战术阶段评估]：前缀序列显示攻击者经历了明显的‘清理与隐蔽’阶段（T1562 禁用/修改防御，T1070 清除日志，T1036 进程伪装，T1027 代码混淆，T1014 注册表滥用），随后进入‘凭证获取’阶段（T1552 获取凭据，重复执行暗示深度挖掘）。最后一步 T1613（创建/修改系统快照或配置）通常用于在凭证获取后建立持久化环境或为横向移动准备特定配置。整体处于从‘立足点巩固’向‘横向移动’过渡的关键节点。

[已获资产推演]：基于 T1552 的重复执行及 KG Context 中关于 Mimikatz、Empire、Mafalda 提取私钥和会话信息的描述，攻击者极大概率已经获取了本地管理员权限、域用户凭据，甚至可能提取了用于加密通信的私钥或浏览器会话 Cookie。这些资产是进行后续横向移动的核心燃料。

[意图图谱映射]：KG Context 明确指出 T1552.004（提取私钥）是 Mimikatz 和 Empire 等工具的关键能力。一旦攻击者拥有私钥或会话令牌，下一步逻辑必然是利用这些凭证在受信任的实体间进行通信或访问。T1613 可能暗示攻击者正在配置代理",cat2_rl_correct_global_stays_correct,2.3152565956115723
1735,T1053,T1583 || T1583 || T1588 || T1588 || T1190 || T1078 || T1078 || T1586 || T1059 || T1059 || T1059 || T1053 || T1053 || T1098 || T1098 || T1554 || T1136 || T1087,1,4,1,1,8.27936840057373,1.7700037956237793,8.27936840057373,7.107682704925537,T1053 (8.28) | T1133 (8.13) | T1543 (7.65),T1087 (4.08) | T1574 (2.51) | T1078 (1.95),T1053 (8.28) | T1133 (8.13) | T1543 (7.65),T1053 (7.11) | T1543 (6.58) | T1087 (6.14),"[战术阶段评估]：前缀序列以 T1087 (System Information Discovery) 结尾，紧随其后的 T1554 (Compromise Client Software Binary) 和 T1136 (Create Account) 表明攻击者正处于从‘信息收集’向‘持久化/权限维持’过渡的关键阶段。T1554 通常用于替换或注入合法二进制文件以维持访问，而 T1136 则是创建新账户以确保持久性。T1087 的重复出现暗示攻击者正在验证新创建的账户或系统信息是否生效。

[已获资产推演]：基于 T1087 的上下文（MailSniper, Net, Pacu），攻击者已经获取了本地账户列表、Exchange/Office 365 账户信息以及云 IAM 信息。结合 T1136 的创建账户操作，攻击者目前至少掌握了一个新的本地或云账户权限，并可能已经通过 T1554 在目标系统上植入了某种形式的持久化载荷。

[意图图谱映射]：攻击者刚刚完成了账户创建（T1136）和可能的二进制替换（T1554），当前的逻辑攻击面在于‘验证新权限’和‘利用新权限进行横向移动’。根",cat2_rl_correct_global_stays_correct,2.3080573081970215
143,T1586,T1218 || T1550 || T1550 || T1550 || T1078 || T1078 || T1078,1,5,1,1,8.70628833770752,1.0805583000183105,8.70628833770752,7.3336567878723145,T1586 (8.71) | T1078 (7.16) | T1110 (5.49),T1078 (3.39) | T1059 (1.98) | T1110 (1.84),T1586 (8.71) | T1078 (7.16) | T1110 (5.49),T1586 (7.33) | T1078 (6.48) | T1110 (4.83),"[战术阶段评估]：前缀序列以 T1078 (Valid Accounts) 连续三次结束。T1078 属于‘初始访问’战术，但在此处连续出现，表明攻击者正在利用已获取的凭证进行多次尝试、横向移动验证或建立持久性会话。结合前序的 T1218 (Signed Binary Proxy Execution) 和 T1550 (Credential Access)，攻击者已经完成了凭证窃取（T1550）并正在利用这些凭证（T1078）进行活跃操作。当前处于从‘凭证获取’向‘横向移动’或‘权限提升’过渡的关键阶段。

[已获资产推演]：基于 KG Context，T1078 的变体（.002 域账户，.003 本地账户）被多个 APT 组织（Turla, SolarWinds, FIN7）广泛使用。连续三次 T1078 暗示攻击者可能已经获取了高价值凭证（如域管理员或本地 SYSTEM 权限），并正在尝试在不同主机间复用这些凭证。攻击者目前掌握的资产是‘有效的用户凭证’，且可能已经成功在至少一个目标系统上建立了会话。

[意图图谱映射]：在成功利用凭证（T1078）后，攻击者的逻辑下一步通常是利",cat2_rl_correct_global_stays_correct,2.307873249053955
1194,T1036,T1204 || T1204 || T1204 || T1574 || T1574 || T1574 || T1574 || T1574 || T1574,1,3,1,1,9.132072448730469,3.9263105392456055,9.132072448730469,8.195034980773926,T1036 (9.13) | T1574 (7.98) | T1547 (6.68),T1574 (6.23) | T1053 (4.32) | T1036 (3.93),T1036 (9.13) | T1574 (7.98) | T1547 (6.68),T1036 (8.20) | T1574 (7.67) | T1547 (5.64),"[战术阶段评估]：前缀序列显示攻击者连续执行了多次 T1204（用户执行）和 T1574（组件篡改）。T1204 通常用于触发初始载荷，而 T1574 的连续出现（特别是最后三步）表明攻击者正在反复验证或强化其持久化机制，极可能是在进行 DLL 搜索顺序劫持（T1574.001）或动态链接器劫持（T1574.006）的部署与确认。当前处于攻击链的‘持久化’阶段，且该阶段已接近完成或正在收尾。

[已获资产推演]：基于 T1574 的上下文（FoggyWeb, Hildegard, Pcexter 等案例），攻击者已经成功修改了系统配置（如 `ld.so.preload` 或 DLL 搜索路径），使得恶意代码能够在系统启动或特定合法程序运行时被自动加载。这意味着攻击者目前掌握了‘系统级’或‘进程级’的持久化执行点，但尚未建立稳定的命令与控制（C2）通道，也未进行横向移动。

[意图图谱映射]：在成功建立持久化（T1574）后，攻击者的逻辑下一步必然是验证该持久化是否生效（通过再次执行 T1204 或 T1574 的变体），随后立即建立与外部服务器的通信以接收指令。根据 ATT&CK 战术",cat2_rl_correct_global_stays_correct,2.3072509765625
1487,T1578,T1098 || T1136 || T1087 || T1133 || T1078 || T1586 || T1098 || T1098 || T1068 || T1078 || T1586 || T1656,1,7,1,1,8.624922752380371,1.779011845588684,8.624922752380371,7.3926591873168945,T1578 (8.62) | T1036 (6.85) | T1027 (6.52),T1110 (4.09) | T1098 (2.87) | T1656 (2.68),T1578 (8.62) | T1036 (6.85) | T1027 (6.52),T1578 (7.39) | T1110 (5.34) | T1070 (5.16),"[战术阶段评估]：前缀序列以 T1078 (Valid Accounts) 和 T1586 (Compromise Email Accounts) 结尾，随后紧跟 T1656 (Compromise Email Accounts - 注：此处 T1656 在 ATT&CK 中通常指代 'Compromise Email Accounts' 的变体或特定上下文，但结合 T1586 和 T1078 的重复出现，核心意图是建立并维持基于凭证的访问，特别是针对邮件账户或域账户。T1078 的重复出现表明攻击者正在尝试利用不同凭证或同一凭证在不同位置进行横向移动或权限提升。T1586 和 T1656 的连续出现强烈暗示攻击者正在利用已获取的邮件凭证进行进一步的渗透，这通常发生在初始访问或横向移动阶段，旨在获取更高级别的权限或访问敏感数据。整体处于 'Initial Access' 向 'Lateral Movement' 或 'Privilege Escalation' 过渡的阶段，且高度依赖凭证滥用。

[已获资产推演]：基于 T1078 (Valid Accounts) 和 T1586/T1",cat2_rl_correct_global_stays_correct,2.3060598373413086
823,T1546,T1112 || T1053 || T1053 || T1078 || T1134 || T1134 || T1546,1,6,1,1,11.281108856201172,2.2959272861480713,11.281108856201172,9.663776397705078,T1546 (11.28) | T1053 (7.63) | T1547 (6.28),T1068 (4.57) | T1140 (3.92) | T1070 (3.35),T1546 (11.28) | T1053 (7.63) | T1547 (6.28),T1546 (9.66) | T1053 (6.48) | T1140 (5.85),"[战术阶段评估]：前缀序列以 T1134 (Token Impersonation/Theft) 连续两次，紧接着 T1546 (Event Triggered Execution) 结束。T1134 通常用于提升当前会话权限或横向移动，而 T1546 是典型的持久化手段（如修改注册表 Run 键、计划任务等）。这表明攻击者刚刚完成了权限提升（或维持）并成功植入了持久化机制，战术阶段已从‘初始访问/执行’过渡到‘持久化’完成，即将进入‘防御规避’或‘后续操作’阶段。

[已获资产推演]：攻击者通过 T1134 获取了高权限令牌（如 SYSTEM 或特定用户令牌），并通过 T1546 确保了即使重启或会话结束，该高权限环境也能自动恢复。此时，攻击者已掌握了一个稳定的、高权限的、具备自动启动能力的执行环境。KG Context 中提到的 Havoc、KONNI 等框架均利用 T1134 进行令牌窃取以执行后续操作，暗示攻击者已具备在目标系统上以高权限运行任意代码的能力。

[意图图谱映射]：在持久化建立后，攻击者的首要逻辑需求通常是确保该持久化机制不被发现（防御规避），或者利用已建立的高权",cat2_rl_correct_global_stays_correct,2.2779629230499268
590,T1078,T1556 || T1556 || T1112 || T1137 || T1137 || T1053 || T1053 || T1505 || T1505 || T1078 || T1078 || T1543 || T1543 || T1068 || T1053 || T1053,1,4,1,1,11.004008293151855,3.8499722480773926,11.004008293151855,9.71628189086914,T1078 (11.00) | T1053 (6.97) | T1134 (6.28),T1053 (6.12) | T1036 (5.04) | T1140 (4.82),T1078 (11.00) | T1053 (6.97) | T1134 (6.28),T1078 (9.72) | T1053 (6.82) | T1140 (5.09),"[战术阶段评估]：前缀序列以 T1068 (Exploitation for Privilege Escalation) 和 T1053 (Scheduled Task/Job) 的重复出现结束。T1053 的多次出现表明攻击者正在反复尝试建立或验证持久化机制。T1068 紧随其后，暗示在建立持久化后，攻击者可能发现权限不足，试图利用该持久化点或相关漏洞进行提权。整体处于‘持久化建立’与‘权限提升’的循环阶段，尚未进入明显的横向移动或数据窃取阶段。

[已获资产推演]：攻击者目前似乎已经成功在目标系统上创建了计划任务（T1053），并可能利用这些任务或相关漏洞（T1068）尝试获取更高权限。他们目前掌握的是‘已部署的持久化载荷’和‘潜在的本地提权路径’，但尚未确认是否获得了系统级（SYSTEM）或域管理员权限，因此需要继续尝试提权或验证权限。

[意图图谱映射]：结合 KG Context，SpeakUp、Dragonfly 和 Rancor 等组织均利用 T1053 进行持久化。攻击者当前的序列（T1068 -> T1053）逻辑上是为了确保在提权尝试失败或权限不足时，依然保留执行代",cat2_rl_correct_global_stays_correct,2.2725305557250977
806,T1112,T1053 || T1053 || T1204 || T1204 || T1204 || T1047 || T1546 || T1546,1,6,1,1,9.2499418258667,3.8067822456359863,9.2499418258667,8.270173072814941,T1112 (9.25) | T1574 (8.51) | T1133 (8.34),T1053 (6.07) | T1546 (5.52) | T1505 (4.68),T1112 (9.25) | T1574 (8.51) | T1133 (8.34),T1112 (8.27) | T1053 (7.89) | T1574 (7.79),"[战术阶段评估]：前缀序列以 T1053 (Scheduled Task/Job) 和 T1204 (User Execution) 开始，随后进入 T1047 (Windows Management Instrumentation) 和 T1546 (Event Triggered Execution)。最后两步 T1546 || T1546 表明攻击者正在密集地配置多种持久化机制（如 WMI 事件订阅、注册表 Run 键、计划任务等）。这标志着攻击者已完成初始访问和初步执行，正处于‘持久化’阶段的收尾或巩固期，旨在确保即使系统重启或凭证变更，恶意负载仍能运行。

[已获资产推演]：基于 T1047 和 T1546 的使用，攻击者已经成功在目标系统上建立了至少一种或多种高隐蔽性的持久化通道。他们目前拥有对目标系统的本地控制权（Local Access），并且已经植入了能够触发恶意代码执行的逻辑钩子。此时，攻击者通常已经上传了主要的恶意载荷（Payload），或者正在等待触发条件。

[意图图谱映射]：在成功建立持久化后，攻击者的核心意图通常转向‘利用’这些新建立的通道来维持长期控制，",cat2_rl_correct_global_stays_correct,2.2672996520996094
809,T1546,T1053 || T1053 || T1204 || T1204 || T1204 || T1047 || T1546 || T1546 || T1112 || T1053 || T1053 || T1078 || T1134 || T1134 || T1546,1,4,1,1,11.374046325683594,2.963214874267578,11.374046325683594,9.86009693145752,T1546 (11.37) | T1053 (7.24) | T1547 (6.89),T1140 (5.23) | T1068 (3.48) | T1547 (3.08),T1546 (11.37) | T1053 (7.24) | T1547 (6.89),T1546 (9.86) | T1547 (6.20) | T1140 (6.20),"[战术阶段评估]：攻击前缀序列以 T1134 (Token Impersonation/Theft) 和 T1546 (Event Triggered Execution) 结尾。T1134 通常用于提升当前会话权限或切换上下文，而 T1546 用于确保持久化。序列中 T1134 连续出现两次，紧接着是 T1546，这表明攻击者刚刚完成了权限提升（或上下文切换）并建立了持久化机制。这标志着攻击者已经稳固了当前主机的立足点，并可能正在准备进行横向移动或进一步的数据窃取。

[已获资产推演]：基于 T1134 的连续执行，攻击者极有可能已经获取了高权限令牌（如 SYSTEM 或 Domain Admin 令牌），或者成功切换到了具有更高权限的用户上下文。结合 T1546 的持久化，攻击者现在拥有对当前主机的完全控制权，并且可能已经具备了在域内其他主机上执行代码的凭证或令牌。

[意图图谱映射]：在获得高权限令牌并建立持久化后，攻击者的逻辑下一步通常是利用这些新获得的权限进行横向移动（Lateral Movement）或远程执行。KG Context 中提到的 Havoc、KONNI 和 S",cat2_rl_correct_global_stays_correct,2.266460418701172
49,T1573,T1025 || T1074 || T1074 || T1074 || T1114 || T1114 || T1056 || T1056 || T1113 || T1071 || T1071 || T1071 || T1092 || T1001 || T1001 || T1573,1,3,1,1,12.3815279006958,3.698751211166382,12.3815279006958,10.818628311157227,T1573 (12.38) | T1105 (10.50) | T1090 (8.58),T1105 (5.96) | T1090 (5.22) | T1573 (3.70),T1573 (12.38) | T1105 (10.50) | T1090 (8.58),T1573 (10.82) | T1105 (9.68) | T1090 (7.98),"[战术阶段评估]：攻击前缀序列显示攻击者经历了数据收集（T1025, T1074, T1114, T1056, T1113）和命令与控制（C2）建立阶段（T1071, T1092, T1001, T1573）。最后两步 T1001（输入收集/数据编码）和 T1573（加密通道）表明攻击者正在对 C2 通信进行深度伪装和加密，这是典型的 C2 流量优化和隐蔽阶段，旨在绕过网络检测。",cat2_rl_correct_global_stays_correct,2.2661545276641846
1741,T1136,T1583 || T1583 || T1588 || T1588 || T1190 || T1078 || T1078 || T1586 || T1059 || T1059 || T1059 || T1053 || T1053 || T1098 || T1098 || T1554,1,5,1,1,11.125664710998535,1.5707802772521973,11.125664710998535,9.40578556060791,T1136 (11.13) | T1053 (6.68) | T1037 (6.65),T1547 (3.83) | T1098 (3.26) | T1543 (2.15),T1136 (11.13) | T1053 (6.68) | T1037 (6.65),T1136 (9.41) | T1547 (5.56) | T1053 (5.41),"[战术阶段评估]：前缀序列显示攻击者已完成资源获取（T1583, T1588, T1190）、初始访问与凭证获取（T1078）、数据收集（T1586）以及执行阶段（T1059, T1053）。最后两步 T1098（账户操作）和 T1554（凭证转储）表明攻击者正处于‘权限维持与凭证强化’的关键阶段。特别是 T1098 的重复出现，暗示攻击者正在积极操纵账户以建立持久化或提升权限，而 T1554 则用于获取这些新账户或现有账户的凭证以验证或进一步利用。

[已获资产推演]：基于 T1078（有效账户）和 T1098（账户操作），攻击者目前至少掌握了一个具有特定权限的本地或域账户，并正在尝试将其提升为管理员或创建新的持久化账户。T1554 的执行意味着攻击者已经能够读取内存或注册表中的凭证数据，可能已经获取了新的凭据或正在验证 T1098 操作的有效性。此时，攻击者拥有的是‘已操纵的账户’和‘潜在的明文/哈希凭证’。

[意图图谱映射]：结合 KG Context，APT41 和 Lazarus 等组织在 T1098 后通常会利用这些新账户进行横向移动或建立更隐蔽的持久化机制。T1554 ",cat2_rl_correct_global_stays_correct,2.25840425491333
1394,T1033,T1087 || T1654 || T1518 || T1082,1,5,1,1,12.858219146728516,2.9949889183044434,12.858219146728516,11.082837104797363,T1033 (12.86) | T1007 (9.46) | T1490 (8.49),T1016 (5.24) | T1021 (4.32) | T1497 (3.76),T1033 (12.86) | T1007 (9.46) | T1490 (8.49),T1033 (11.08) | T1007 (7.89) | T1016 (7.08),"[战术阶段评估]：前缀序列 T1087 (Account Discovery) -> T1654 (Time Manipulation) -> T1518 (Software Discovery) -> T1082 (System Information Discovery) 显示攻击者正处于‘侦察与情报收集’阶段。最后两步 T1518 和 T1082 是典型的系统指纹识别操作，旨在获取受害主机的软件版本、配置细节及基础环境信息。时间操纵 (T1654) 通常用于规避日志分析或同步攻击时间线，为后续持久化或横向移动做准备。

[已获资产推演]：基于 T1087 和 T1082 的执行，攻击者目前掌握了受害主机的用户账户列表、系统基础配置（如主机名、域、IP、OS 版本）以及已安装的软件清单。攻击者已确认目标主机的身份特征，但尚未建立持久化控制或进行横向移动。

[意图图谱映射]：在获取了详细的系统信息和软件环境后，攻击者的逻辑下一步通常是利用这些信息来优化攻击策略。具体而言，他们可能会：1) 利用发现的软件版本漏洞进行利用 (T1203/T1190)；2) 根据系统配置寻找凭证存储位置",cat2_rl_correct_global_stays_correct,2.246598243713379
662,T1589,T1589,1,3,1,1,11.094832420349121,4.801033020019531,11.094832420349121,9.96194839477539,T1589 (11.09) | T1590 (9.78) | T1583 (9.34),T1590 (6.99) | T1583 (6.29) | T1589 (4.80),T1589 (11.09) | T1590 (9.78) | T1583 (9.34),T1589 (9.96) | T1590 (9.28) | T1583 (8.79),"[战术阶段评估]：前缀序列仅包含 T1589（收集情报），且最后一步仍停留在 T1589。这表明攻击者目前处于攻击生命周期的初始阶段——侦察（Reconnaissance）。攻击者正在通过公开来源（OSINT）或内部渠道收集目标的关键身份信息（如电子邮件地址、电话号码），尚未进入武器化、投递或执行阶段。

[已获资产推演]：基于 KG Context 中提到的 'Silent Librarian' 和 'Sandworm Team' 案例，攻击者已获取了目标的电子邮件地址（T1589.002）或移动电话号码。这些是构建社会工程学攻击（如鱼叉式网络钓鱼）的核心资产。攻击者目前拥有的是‘目标身份数据’，但尚未获得对目标系统的任何访问权限或执行代码的能力。

[意图图谱映射]：在 ATT&CK 框架中，收集到电子邮件地址后的标准逻辑路径是将其用于‘初始访问’（Initial Access）。KG Context 明确指出了这些地址被用于 'spearphishing'（鱼叉式网络钓鱼）。因此，攻击者下一步最强烈的意图是利用这些已收集的身份信息发起定向攻击。虽然 T1589 本身是侦察，但其直",cat2_rl_correct_global_stays_correct,2.1933937072753906
1034,T1560,T1056 || T1056 || T1003 || T1003 || T1083 || T1046 || T1135 || T1012 || T1018 || T1033 || T1021 || T1021 || T1021,1,3,1,1,10.826866149902344,3.900188446044922,10.826866149902344,9.580063819885254,T1560 (10.83) | T1021 (8.56) | T1550 (8.49),T1550 (6.06) | T1530 (3.96) | T1560 (3.90),T1560 (10.83) | T1021 (8.56) | T1550 (8.49),T1560 (9.58) | T1550 (8.05) | T1021 (7.55),"[战术阶段评估]：前缀序列以 T1021 (T1021.001 或 T1021.006) 连续三次结束。T1021 代表远程服务，是典型的横向移动技术。连续三次执行该操作表明攻击者正在积极地在网络内部进行跳跃，试图扩大控制范围，处于‘横向移动’战术阶段的高峰期，尚未进入‘命令与控制’或‘数据渗出’阶段。

[已获资产推演]：基于 T1056 (凭证窃取) -> T1003 (LSASS 内存转储) -> T1083 (文件枚举) -> T1046 (网络服务发现) -> T1135 (网络共享访问) -> T1012 (注册表查询) -> T1018 (远程系统发现) -> T1033 (系统信息发现) 的序列，攻击者已经完成了初步的凭证获取、本地信息收集以及网络拓扑的初步测绘。连续使用 T1021 意味着攻击者已经成功利用获取的凭证（如通过 T1003 获取的哈希或明文）在多个节点间建立了远程会话（RDP 或 WinRM）。目前攻击者拥有的是‘已建立远程会话的中间节点’权限，正在寻找下一个高价值目标。

[意图图谱映射]：KG Context 明确指出 FIN13 和 Storm-0",cat2_rl_correct_global_stays_correct,2.157846450805664
502,T1027,T1140 || T1564 || T1562 || T1562 || T1036 || T1036 || T1036 || T1027 || T1027,1,2,1,1,11.004983901977539,4.041345119476318,11.004983901977539,9.7515287399292,T1027 (11.00) | T1055 (10.23) | T1553 (8.05),T1055 (6.17) | T1027 (4.04) | T1078 (3.98),T1027 (11.00) | T1055 (10.23) | T1553 (8.05),T1027 (9.75) | T1055 (9.50) | T1553 (7.14),"[战术阶段评估]：前缀序列以 T1036 (代码签名/伪装) 和 T1027 (代码混淆/加壳) 结尾。T1036 通常用于绕过静态检测，而 T1027 用于动态混淆。连续多次出现 T1036 和 T1027，表明攻击者正在对恶意载荷进行深度的加固处理，使其难以被沙箱分析或静态特征匹配。这属于攻击链中的‘载荷准备’或‘持久化前的最后加固’阶段，而非初始入侵或横向移动阶段。

[已获资产推演]：基于前缀，攻击者尚未表现出明显的执行动作（如 T1059 或 T1053），也没有明显的权限提升（T1068）或凭证获取（T1555）迹象。攻击者目前掌握的是‘待执行’或‘待部署’的恶意载荷文件。这些载荷经过加壳（T1027）和伪装（T1036），但尚未在目标系统上运行。攻击者当前的资产状态是‘拥有经过加固的恶意文件’。

[意图图谱映射]：结合 KG Context，GALLIUM 和 CANONSTAGER 等组织使用 T1027 是为了规避检测，Lumma Stealer 使用 T1027 是为了保护窃密数据。在完成了代码混淆和伪装后，攻击者的逻辑下一步必然是将处理好的载荷‘落地’并‘执行’",cat2_rl_correct_global_stays_correct,2.127124786376953
1704,T1078,T1059 || T1047 || T1543 || T1543 || T1574 || T1574 || T1078 || T1078 || T1543 || T1543 || T1484 || T1484 || T1574 || T1574,1,8,1,1,10.010920524597168,2.416480541229248,10.010920524597168,8.6439208984375,T1078 (10.01) | T1574 (7.75) | T1055 (6.83),T1562 (4.54) | T1036 (3.24) | T1070 (3.17),T1078 (10.01) | T1574 (7.75) | T1055 (6.83),T1078 (8.64) | T1574 (6.89) | T1055 (6.10),"[战术阶段评估]：前缀序列以 T1484 (Taint) 和 T1574 (DLL Search Order Hijacking) 的重复执行结束。T1484 通常用于修改系统配置（如注册表或文件权限）以持久化或提升权限，而 T1574 是典型的 DLL 劫持技术。序列中 T1574 的重复出现表明攻击者正在反复验证或利用 DLL 搜索顺序漏洞，结合 T1484 的上下文，这通常意味着攻击者已经完成了对目标系统 DLL 加载路径的篡改，并正在准备或已经成功加载了恶意载荷。这标志着攻击者正处于从‘初始访问/持久化’向‘执行恶意代码’过渡的关键阶段。

[已获资产推演]：基于 T1059 (Command and Scripting Interpreter) 和 T1047 (Windows Management Instrumentation) 的早期出现，攻击者已具备执行代码的能力。随后的 T1543 (Create or Modify System Process) 和 T1078 (Valid Accounts) 表明攻击者已建立了持久化通道并拥有合法凭证。T1484 和 T157",cat2_rl_correct_global_stays_correct,2.121525287628174
283,T1505,T1204 || T1047 || T1547 || T1543 || T1543 || T1133 || T1574 || T1574 || T1112 || T1053 || T1053,1,2,1,1,9.660194396972656,4.101321220397949,9.660194396972656,8.659597396850586,T1505 (9.66) | T1078 (8.83) | T1548 (5.68),T1078 (6.18) | T1505 (4.10) | T1053 (3.90),T1505 (9.66) | T1078 (8.83) | T1548 (5.68),T1505 (8.66) | T1078 (8.36) | T1548 (5.23),"[战术阶段评估]：前缀序列以 T1112 (Modify Registry) 和 T1053 (Scheduled Task) 结尾，且 T1053 连续出现两次。这表明攻击者刚刚完成了对注册表的修改（可能是为了配置持久化参数或隐藏痕迹），并紧接着创建或修改了计划任务。结合 KG Context 中提到的 Lucifer、Saint Bot 和 NETWIRE 等恶意软件均利用 T1053.005（计划任务）建立持久化，可以确定当前处于‘持久化建立’阶段的收尾或验证环节。攻击者正在确保恶意负载在系统重启或特定时间触发后能再次运行。

[已获资产推演]：基于 T1204 (User Execution) 到 T1547 (Boot or Logon Autostart Execution) 再到 T1543 (Create or Modify System Process) 的序列，攻击者已经成功在目标系统上获得了用户级或系统级的执行权限，并且已经植入了持久化机制。此时，攻击者拥有的‘资产’是已驻留的恶意进程和已配置的触发器，但尚未进行横向移动或数据外传。

[意图图谱映射]：在成功建立",cat2_rl_correct_global_stays_correct,2.082216262817383
427,T1060,T1547 || T1053 || T1053 || T1078 || T1134 || T1547,1,3,1,1,14.123589515686035,3.409621477127075,14.123589515686035,12.195075988769531,T1060 (14.12) | T1543 (6.55) | T1087 (6.37),T1140 (5.47) | T1574 (3.54) | T1060 (3.41),T1060 (14.12) | T1543 (6.55) | T1087 (6.37),T1060 (12.20) | T1543 (5.76) | T1140 (4.96),"[战术阶段评估]：前缀序列以 T1547 (Persistence) 结尾，紧随其后的 T1078 (Valid Accounts) 和 T1134 (Access Token Manipulation) 表明攻击者刚刚完成了身份验证的切换或提升。T1078.002 (Domain Accounts) 结合 T1134 暗示攻击者可能正在利用域凭据进行横向移动或提升本地权限，而最后的 T1547 再次出现，极有可能是为了在切换身份或执行特权操作后，确保新会话或新进程具备持久化能力，或者是在新建立的会话中重新确认持久化机制。整体处于从‘初始访问/执行’向‘持久化/权限提升’过渡，并准备进入‘横向移动’或‘命令与控制’的临界点。

[已获资产推演]：攻击者目前掌握了域账户权限（T1078.002），并具备操作访问令牌的能力（T1134）。这意味着攻击者不再局限于单台主机的本地权限，而是拥有了在域内移动的基础。KG Context 中提到 Pikabot 和 Cobalt Strike 均利用 Run Keys 和域账户，说明攻击者可能正在利用这些工具在域环境中建立长期驻留。

[意图图谱映",cat2_rl_correct_global_stays_correct,2.0574862957000732
1503,T1049,T1027 || T1027 || T1218 || T1218 || T1003 || T1003 || T1003 || T1482 || T1057 || T1018 || T1016,1,4,1,1,13.252644538879395,7.6935858726501465,13.252644538879395,12.25201416015625,T1049 (13.25) | T1016 (12.12) | T1033 (10.61),T1016 (9.74) | T1082 (8.01) | T1518 (7.89),T1049 (13.25) | T1016 (12.12) | T1033 (10.61),T1049 (12.25) | T1016 (11.69) | T1033 (9.99),"[战术阶段评估]：前缀序列以 T1057 (Process Discovery) 和 T1018 (Remote System Discovery) 结尾，随后紧跟 T1016 (System Network Configuration Discovery)。这表明攻击者正处于‘侦察与资产发现’（Reconnaissance）阶段的高潮。攻击者刚刚完成了对进程列表的扫描（T1057），确认了远程系统的存在（T1018），并正在深入收集网络配置细节（T1016）。

[已获资产推演]：基于 T1057 和 T1016 的组合，攻击者目前掌握了目标系统的运行进程上下文（如是否加载了 CLR、关键服务进程）以及网络拓扑信息（IP 地址、子网掩码、网关、DNS 服务器等）。这为攻击者提供了识别高价值目标（如域控制器、数据库服务器）和规划横向移动路径的完整视图。

[意图图谱映射]：在收集完网络配置（T1016）后，攻击者的逻辑下一步通常是利用这些网络信息来定位具体的服务或账户。KG Context 中提到的 OilRig 使用 T1016 进行网络配置发现，通常是为了后续的网络扫描或凭证访问。",cat2_rl_correct_global_stays_correct,2.0433735847473145
1736,T1087,T1583 || T1583 || T1588 || T1588 || T1190 || T1078 || T1078 || T1586 || T1059 || T1059 || T1059 || T1053 || T1053 || T1098 || T1098 || T1554 || T1136,1,4,1,1,12.682506561279297,0.747857391834259,12.682506561279297,10.534269332885742,T1087 (12.68) | T1543 (6.56) | T1053 (4.87),T1586 (2.78) | T1078 (2.09) | T1098 (1.94),T1087 (12.68) | T1543 (6.56) | T1053 (4.87),T1087 (10.53) | T1543 (5.08) | T1053 (3.56),"[战术阶段评估]：攻击前缀序列显示攻击者已完成资源获取（T1583, T1588, T1190）、初始访问与凭证获取（T1078）、数据收集与输入捕获（T1586, T1059, T1053）。最后两步 T1098（账户操作）和 T1554（凭证欺骗/伪造）结合 T1136（创建远程服务），表明攻击者正处于‘持久化与权限提升’的关键阶段。特别是 T1098 和 T1136 的上下文显示攻击者正在创建新账户（如 supportaccount）并赋予其特定权限，T1554 暗示可能涉及凭证的伪造或滥用以维持访问。

[已获资产推演]：基于 T1098 和 T1136 的上下文，攻击者目前至少掌握了一个新创建的本地账户（如 supportaccount）或已将该账户加入特定组（如 Admin 组）。攻击者已具备在目标系统上创建服务（T1136）的能力，并可能已利用该服务账户进行后续操作。此时，攻击者拥有的是‘已建立但可能未完全稳固’的本地高权限或特定服务账户。

[意图图谱映射]：攻击者刚刚完成了账户创建和权限赋予（T1098, T1136），并可能进行了凭证欺骗（T1554）。下一步逻辑必",cat2_rl_correct_global_stays_correct,2.0336384773254395
144,T1555,T1218 || T1550 || T1550 || T1550 || T1078 || T1078 || T1078 || T1586 || T1110 || T1110 || T1110,1,4,1,1,10.961657524108887,4.213541030883789,10.961657524108887,9.74699592590332,T1555 (10.96) | T1110 (9.68) | T1056 (7.05),T1110 (6.22) | T1056 (4.57) | T1003 (4.28),T1555 (10.96) | T1110 (9.68) | T1056 (7.05),T1555 (9.75) | T1110 (9.05) | T1056 (6.60),"[战术阶段评估]：攻击前缀序列显示攻击者首先通过 T1218 (System Binary Proxy Execution) 和 T1550 (Use Alternate Authentication Material) 执行了初始载荷和凭证窃取/利用。随后，T1078 (Valid Accounts) 表明攻击者已利用合法凭证进行横向移动或持久化。T1586 (Compromise Email Accounts) 暗示攻击者可能正在针对邮件账户进行特定攻击。最后连续出现的 T1110 (Brute Force) 是核心信号，结合 KG Context 中提到的 CrackMapExec 和 MailSniper，表明攻击者正在利用自动化工具对网络范围内的凭证进行暴力破解或密码喷洒，试图扩大凭证库或提升权限。

[已获资产推演]：基于 T1078 和 T1586 的上下文，攻击者目前至少掌握了一个或多个有效的用户凭证（Valid Accounts）。连续执行 T1110 意味着攻击者正在利用这些已知凭证作为跳板，尝试暴力破解其他账户（如域管理员、服务账户或普通用户），或者在已知凭证失效",cat2_rl_correct_global_stays_correct,2.0074520111083984
1977,T1574,T1543 || T1546 || T1546 || T1574 || T1574 || T1078 || T1543 || T1543 || T1546 || T1546 || T1574 || T1574 || T1055 || T1055 || T1078 || T1678,1,5,1,1,10.296875,1.4784125089645386,10.296875,8.709551811218262,T1574 (10.30) | T1078 (7.98) | T1140 (7.66),T1078 (3.48) | T1053 (2.90) | T1564 (1.79),T1574 (10.30) | T1078 (7.98) | T1140 (7.66),T1574 (8.71) | T1078 (7.17) | T1140 (6.58),"[战术阶段评估]：前缀序列显示攻击者经历了反复的持久化（T1543, T1546）和权限提升/绕过（T1574）尝试，随后进入 T1078（有效账户）阶段，最后两步为 T1055（进程注入）和 T1678（使用外部服务）。T1055 通常用于在合法进程中隐藏恶意负载，而 T1678 表明攻击者正在利用外部服务（如云存储或协作平台）进行通信或载荷分发。结合 KG Context 中提到的 Orz 和 Malteiro 利用进程注入（T1055）进行执行，以及 Cobalt Strike 利用域账户（T1078）的特性，当前阶段处于‘执行与隐蔽’向‘命令与控制’过渡的关键期。

[已获资产推演]：攻击者已掌握系统级或域级账户权限（T1078），并成功将恶意代码注入到受信任的进程上下文中（T1055）。这意味着攻击者拥有了较高的执行权限，且能够利用合法进程作为掩护。T1678 的使用暗示攻击者可能正在建立或维护一个基于外部服务的 C2 通道，或者正在利用外部资源下载后续载荷。

[意图图谱映射]：基于 T1055（注入）和 T1678（外部服务）的组合，攻击者下一步最可能的意图是：1. 利用",cat2_rl_correct_global_stays_correct,2.00492525100708
1006,T1071,T1005 || T1056 || T1056,1,3,1,1,12.638274192810059,5.320616245269775,12.638274192810059,11.321096420288086,T1071 (12.64) | T1113 (9.94) | T1105 (7.64),T1056 (7.32) | T1003 (7.22) | T1071 (5.32),T1071 (12.64) | T1113 (9.94) | T1105 (7.64),T1071 (11.32) | T1113 (8.80) | T1105 (7.03),"[战术阶段评估]：前缀序列 T1005 (Data from Local System) 后接两次 T1056 (Input Capture)。这表明攻击者已经完成了对本地数据的初步扫描或定位，并立即执行了键盘记录操作。连续两次 T1056 可能意味着攻击者在尝试覆盖不同的进程、确保记录服务的持久性，或者在收集到部分数据后再次确认捕获状态。整体处于‘数据收集’向‘凭证获取’过渡的关键阶段。

[已获资产推演]：攻击者目前通过 T1005 确认了本地文件系统的存在及潜在的高价值数据位置，并通过 T1056 建立了针对用户输入流的监控能力。此时，攻击者尚未明确获取到具体的凭证（如密码、令牌），但已经具备了通过键盘记录窃取明文凭证的‘逻辑资产’。攻击者处于‘等待凭证生成’或‘准备提取已捕获数据’的状态。

[意图图谱映射]：基于 KG Context，PoetRAT、Catchamas、APT42 等威胁组织在 T1056 后通常紧接着进行凭证的提取、解密或外传。T1056 是手段，其直接目的是获取 T1003 (OS Credential Dumping) 或 T1003.001 (LSA",cat2_rl_correct_global_stays_correct,2.003361225128174
1902,T1587,T1681,1,7,1,1,6.0307230949401855,-0.32384419441223145,6.0307230949401855,4.886900901794434,T1587 (6.03) | T1584 (5.99) | T1583 (5.91),T1082 (1.68) | T1566 (0.56) | T1192 (0.45),T1587 (6.03) | T1584 (5.99) | T1583 (5.91),T1587 (4.89) | T1192 (4.79) | T1566 (4.35),"[战术阶段评估]：前缀序列仅包含 T1681 (Search Threat Vendor Data)。根据 KG Context，T1681 明确属于 'Reconnaissance' (侦察) 阶段。攻击者正在主动查询威胁情报供应商（如 VirusTotal, AlienVault 等）以确认其攻击指标（IOCs）是否已被公开披露，或者寻找新的攻击目标。这是典型的攻击前侦察行为。

[已获资产推演]：基于仅执行 T1681 这一事实，攻击者目前尚未获得任何目标系统的访问权限、凭证或内部资产控制权。他们掌握的‘资产’仅限于通过公开或半公开情报源获取的关于自身活动是否暴露的信息，以及可能识别出的潜在目标列表。攻击者处于‘外部观察者’状态，尚未建立任何持久化连接。

[意图图谱映射]：攻击者执行 T1681 的逻辑意图通常是‘自我审查’或‘目标筛选’。如果确认指标未暴露，下一步通常是发起实际攻击；如果确认已暴露，可能会调整策略。在攻击图谱中，侦察（Reconnaissance）之后最自然的逻辑流向是‘初始访问’（Initial Access）或‘资源开发’（Resource Develop",cat2_rl_correct_global_stays_correct,2.0022411346435547
1779,T1059,T1584 || T1587 || T1587 || T1189 || T1195 || T1195 || T1059,1,2,1,1,11.664946556091309,5.623219966888428,11.664946556091309,10.577435493469238,T1059 (11.66) | T1203 (7.27) | T1204 (6.88),T1053 (7.63) | T1059 (5.62) | T1078 (5.13),T1059 (11.66) | T1203 (7.27) | T1204 (6.88),T1059 (10.58) | T1203 (6.65) | T1204 (6.19),"[战术阶段评估]：前缀序列以 T1195 (Supply Chain Compromise) 结尾两次，紧接着是 T1059 (Command and Scripting Interpreter)。T1195 代表攻击者通过供应链投毒（如注入恶意代码到合法软件）完成了初始入侵或分发阶段。T1059 的出现标志着攻击者已经成功在目标环境中执行了被植入的恶意载荷，战术重心已从‘分发’转向‘执行’和‘初始访问后的行为’。

[已获资产推演]：基于 T1195 和 T1059 的组合，攻击者目前至少拥有在目标系统上执行脚本或命令的权限（通常通过被感染的合法软件触发）。这种权限通常是用户级或系统级，但尚未明确显示已建立持久化机制或横向移动。攻击者目前掌握的是‘执行环境’，但尚未完全控制整个网络或获取高价值凭证。

[意图图谱映射]：在成功执行恶意代码（T1059）后，攻击者的标准逻辑路径是：1. 确保长期存在（持久化）；2. 提升权限（Privilege Escalation）；3. 收集本地凭证（Credential Access）；4. 探测网络环境（Discovery）；5. 准备横向移动",cat2_rl_correct_global_stays_correct,2.0018787384033203
1775,T1587,T1584 || T1587,1,3,1,1,12.137954711914062,4.00267219543457,12.137954711914062,10.673604011535645,T1587 (12.14) | T1585 (10.96) | T1584 (8.25),T1588 (6.00) | T1585 (4.89) | T1587 (4.00),T1587 (12.14) | T1585 (10.96) | T1584 (8.25),T1587 (10.67) | T1585 (9.87) | T1588 (7.42),"[战术阶段评估]：前缀序列 T1584 (Compromise Infrastructure) 和 T1587 (Acquire Capabilities) 均属于 ATT&CK 框架中的 'Initial Access' (TA0001) 战术阶段。T1584 涉及建立受控的通信基础设施（如注册或劫持域名），而 T1587 涉及获取执行恶意代码所需的资源（如代码签名证书）。这两个步骤是攻击者在进行实际入侵前的典型准备活动，旨在构建隐蔽且可信的攻击环境。

[已获资产推演]：基于 T1584 和 T1587 的执行，攻击者目前掌握了：1) 一个或多个用于分发载荷或作为 C2 的受控域名/基础设施；2) 用于对恶意软件进行数字签名的证书（可能是自签或盗用的），使其恶意文件在受害者端看起来更可信，从而绕过部分安全检测。此时攻击者尚未进入目标网络内部，尚未获取目标系统的访问权限。

[意图图谱映射]：结合 KG Context 中提到的 Transparent Tribe 和 Kimsuky 利用受控域名分发恶意软件，以及 PROMETHIUM 利用签名证书签署恶意代码的案例，攻击者当前的逻",cat2_rl_correct_global_stays_correct,1.9980363845825195
455,T1119,T1003 || T1003 || T1003 || T1087 || T1087 || T1046 || T1018 || T1021 || T1560 || T1560,1,4,1,1,11.029328346252441,5.375471115112305,11.029328346252441,10.01163387298584,T1119 (11.03) | T1005 (10.14) | T1074 (9.20),T1560 (7.37) | T1005 (5.77) | T1074 (5.41),T1119 (11.03) | T1005 (10.14) | T1074 (9.20),T1119 (10.01) | T1005 (9.36) | T1074 (8.52),"[战术阶段评估]：前缀序列以 T1021 (远程服务) 和 T1560 (归档数据) 结尾。T1021 表明攻击者已建立稳定的远程访问通道（如 RDP, SMB, WinRM），而 T1560 的连续出现（两次）明确指向数据收集后的压缩/归档阶段。这标志着攻击者正处于从‘数据收集’向‘数据外传’过渡的关键节点，即数据准备阶段（Data Staging/Preparation）。

[已获资产推演]：基于 T1003 (凭证转储) 和 T1087 (账户发现)，攻击者已掌握系统级凭证和广泛的账户信息。T1046 (网络服务发现) 和 T1018 (远程系统发现) 确认了攻击者对网络拓扑和可用服务的认知。T1021 证明攻击者已具备在目标网络内部横向移动并控制远程主机的能力。T1560 的完成意味着敏感数据已被打包，等待传输。

[意图图谱映射]：KG Context 明确指出 APT1、Prikormka 和 LunarWeb 等组织在 T1560 之后，通常紧接着执行数据外传操作。数据压缩/加密（T1560）是外传前的标准预处理步骤。因此，逻辑上的下一步必然是利用已建立的通道（T102",cat2_rl_correct_global_stays_correct,1.9955120086669922
2069,T1059,T1587 || T1588 || T1588 || T1190 || T1078 || T1586,1,4,1,1,9.879792213439941,1.8787992000579834,9.879792213439941,8.439613342285156,T1059 (9.88) | T1098 (7.07) | T1669 (6.23),T1585 (3.86) | T1586 (2.21) | T1078 (2.05),T1059 (9.88) | T1098 (7.07) | T1669 (6.23),T1059 (8.44) | T1098 (6.04) | T1585 (4.97),"[战术阶段评估]：前缀序列 T1587 (收集漏洞) -> T1588 (收集凭证) -> T1190 (利用外部服务) -> T1078 (获取访问权限) -> T1586 (收集输入源)。最后两步 T1078 和 T1586 表明攻击者已经成功获取了访问权限（可能是通过 T1190 利用外部服务或 T1588 获取的凭证），并正在积极收集输入源（如邮件、文档等）以寻找新的攻击面或数据。这标志着攻击者正处于从‘初始访问’向‘内部侦察与横向移动准备’过渡的关键阶段。

[已获资产推演]：基于 T1078 和 KG Context 中关于 Turla 和 FIN7 使用本地账户或域账户的上下文，攻击者目前至少掌握了一个有效的用户账户（可能是本地管理员或域用户）。T1586 的收集行为暗示攻击者正在扫描该账户可访问的输入源（如邮箱、共享文件夹），试图发现更多敏感信息或凭证。

[意图图谱映射]：攻击者收集输入源（T1586）后，最直接的逻辑意图是利用这些输入源进行进一步的凭证窃取（如钓鱼邮件中的链接、文档中的宏）或执行恶意代码。结合 KG Context 中提到的‘利用外部服务’和‘凭证复",cat2_rl_correct_global_stays_correct,1.9850859642028809
957,T1543,T1053 || T1053 || T1548 || T1548 || T1547 || T1060 || T1037 || T1037 || T1543,1,3,1,1,10.921093940734863,6.447145462036133,10.921093940734863,10.115782737731934,T1543 (10.92) | T1484 (9.25) | T1546 (8.15),T1060 (8.41) | T1574 (7.76) | T1543 (6.45),T1543 (10.92) | T1484 (9.25) | T1546 (8.15),T1543 (10.12) | T1484 (7.78) | T1546 (7.44),"[战术阶段评估]：前缀序列显示攻击者首先通过 T1053 (Scheduled Task/Job) 和 T1548 (Abuse Elevation Control Mechanism) 进行初始执行和权限提升，随后利用 T1547 (Boot or Logon Autostart Execution) 和 T1060 (Registry Run Keys) 建立持久性。最后两步 T1037 (Input Capture/Logon Script) 和 T1543 (Create or Modify System Process) 表明攻击者正在通过注册表中的 Logon Script 机制（如 HKCU\Environment\UserInitMprLogonScript）强化持久性，并可能正在验证或触发该脚本以确认其执行环境。这标志着攻击者已稳固了持久性控制，处于从‘建立持久性’向‘横向移动’或‘数据窃取’过渡的关键节点。

[已获资产推演]：基于 T1037 和 T1543 的组合，攻击者目前掌握了目标系统的用户级或系统级持久化入口。他们能够确保在用户登录或系统启动时自动执行恶意",cat2_rl_correct_global_stays_correct,1.960160255432129
169,T1560,T1680 || T1069 || T1069 || T1057 || T1018 || T1016 || T1016 || T1021 || T1021 || T1021 || T1021 || T1550 || T1550 || T1550 || T1560,1,3,1,1,10.672701835632324,2.8715744018554688,10.672701835632324,9.268499374389648,T1560 (10.67) | T1119 (7.82) | T1074 (7.15),T1550 (4.82) | T1078 (3.00) | T1560 (2.87),T1560 (10.67) | T1119 (7.82) | T1074 (7.15),T1560 (9.27) | T1119 (6.33) | T1074 (5.61),"[战术阶段评估]：前缀序列以 T1550 (T1550.002 Pass the Hash) 和 T1560 (T1560.001 Create or Modify System Process) 结尾。T1550 代表攻击者正在利用窃取的凭据（哈希或票据）进行身份验证，而紧随其后的 T1560 通常用于在目标系统上创建或修改系统进程（如注册表启动项、计划任务等）以维持持久性或准备执行载荷。这表明攻击者刚刚完成了一次成功的横向移动（利用哈希/票据），并正在当前受控节点上建立立足点或准备执行下一步操作。

[已获资产推演]：基于 T1069 (权限组枚举)、T1018 (远程系统发现)、T1021 (远程服务访问) 以及最后的 T1550/T1560，攻击者目前掌握了目标网络中至少一个内部节点的**系统级或高权限账户凭据**（通过 Pass the Hash 获得），并且已经成功在该节点上执行了代码或修改了系统配置。攻击者已具备在域内或子网内进行进一步横向移动的资格。

[意图图谱映射]：结合 KG Context，Wizard Spider 和 APT29 等组织在 T1550 之后，",cat2_rl_correct_global_stays_correct,1.9483942985534668
1239,T1078,T1133 || T1574 || T1574 || T1556 || T1556 || T1053 || T1053 || T1078 || T1078 || T1574 || T1574 || T1053 || T1053,1,2,1,1,10.183332443237305,2.7227158546447754,10.183332443237305,8.840420722961426,T1078 (10.18) | T1548 (6.83) | T1053 (6.65),T1053 (4.67) | T1078 (2.72) | T1548 (1.91),T1078 (10.18) | T1548 (6.83) | T1053 (6.65),T1078 (8.84) | T1053 (6.29) | T1548 (5.94),[战术阶段评估]：前缀序列显示攻击者经历了反复的尝试与执行循环。T1133 (Access Remote Services) 和 T1078 (Valid Accounts) 表明攻击者已建立初始访问通道并获取了凭证。随后的 T1574 (Component Modification) 和 T1556 (Modify Authentication Process) 是典型的持久化尝试，旨在修改系统组件或认证机制以维持访问。最后两步 T1574 和 T1053 (Command and Scripting Interpreter) 的重复出现，特别是结合 KG Context 中关于 'Scheduled Task' (T1053.005) 的明确关联，强烈暗示攻击者正在利用计划任务作为持久化机制，并反复验证或执行该任务以确保其生效。当前处于‘持久化建立与验证’阶段，且该阶段已接近完成或正在微调。,cat2_rl_correct_global_stays_correct,1.9451088905334473
987,T1053,T1059 || T1059 || T1059 || T1106 || T1053 || T1053 || T1053 || T1569 || T1569 || T1204 || T1204 || T1204 || T1543 || T1543 || T1112,1,3,1,1,9.69532585144043,3.5000436305999756,9.69532585144043,8.580175399780273,T1053 (9.70) | T1078 (5.62) | T1505 (5.32),T1505 (5.43) | T1574 (3.52) | T1053 (3.50),T1053 (9.70) | T1078 (5.62) | T1505 (5.32),T1053 (8.58) | T1505 (5.34) | T1078 (5.02),"[战术阶段评估]：攻击前缀序列显示攻击者首先通过 T1059 (Command and Scripting Interpreter) 执行了多次命令，随后利用 T1106 (Native API) 和 T1053 (Scheduled Task) 进行初步执行和调度。T1569 (System Services) 和 T1204 (User Execution) 表明攻击者正在尝试利用系统服务或诱导用户交互。序列末尾的 T1543 (Create or Modify System Process) 连续出现两次，紧接着是 T1112 (Modify Registry)。这表明攻击者正处于‘持久化’（Persistence）战术阶段，具体是在建立系统级持久化机制（如 Windows 服务）并修改注册表以确保该机制在重启后生效或配置正确。

[已获资产推演]：基于 T1543 和 T1112 的组合，攻击者已经成功在目标系统上创建了系统服务（System Service）或修改了关键注册表项。这意味着攻击者目前掌握了‘系统级’（System）或‘高权限’的持久化立足点。攻击者已经完成了‘建",cat2_rl_correct_global_stays_correct,1.926715612411499
1138,T1090,T1018 || T1016 || T1049 || T1033 || T1570 || T1550 || T1560 || T1560 || T1005 || T1074 || T1074 || T1105 || T1090,1,4,1,1,12.863319396972656,4.492770195007324,12.863319396972656,11.356620788574219,T1090 (12.86) | T1102 (11.84) | T1219 (11.28),T1102 (6.41) | T1041 (6.32) | T1048 (4.67),T1090 (12.86) | T1102 (11.84) | T1219 (11.28),T1090 (11.36) | T1102 (10.86) | T1219 (9.72),"[战术阶段评估]：前缀序列以 T1074 (Data Staged) 和 T1105 (Ingress Tool Transfer) 结尾，随后紧跟 T1090 (Proxy)。T1074 表明攻击者已收集并暂存了关键数据（如凭证或敏感文件）；T1105 暗示攻击者可能正在上传工具或下载新载荷；T1090 则是建立代理通道。最后两步 T1105 || T1090 显示攻击者正在配置网络路径，极有可能是为了将之前暂存的数据（T1074）通过代理（T1090）外传，或者为后续 C2 通信建立隐蔽通道。这标志着攻击正处于从‘数据收集/准备’向‘数据外泄/命令控制’过渡的关键节点。

[已获资产推演]：基于 T1018 (System Information), T1016 (OS Discovery), T1049 (System Network Connections), T1033 (System Owner/User), T1570 (Lateral Tool Transfer), T1550 (Use Alternate Authentication Material), T1560",cat2_rl_correct_global_stays_correct,1.9179925918579102
1152,T1560,T1560,1,6,1,1,11.182398796081543,1.8801466226577759,11.182398796081543,9.507993698120117,T1560 (11.18) | T1056 (6.79) | T1074 (5.98),T1005 (3.79) | T1074 (3.58) | T1056 (3.35),T1560 (11.18) | T1056 (6.79) | T1074 (5.98),T1560 (9.51) | T1056 (6.17) | T1074 (5.55),"[战术阶段评估]：前缀序列仅包含 T1560 (Archive via Utility)，且重点关注最后一步。T1560 属于 ATT&CK 战术 'Collection' (收集) 的末端技术。在典型的攻击链中，收集到数据后，攻击者通常会立即进行压缩/加密以优化传输体积或规避检测。因此，当前处于 'Collection' 战术的收尾阶段，即将向 'Exfiltration' (数据外传) 战术过渡。

[已获资产推演]：基于 KG Context 中提到的 APT1、Volt Typhoon 和 Prikormka 案例，攻击者已经成功收集了敏感数据（如文档、ntds.dit 数据库等），并完成了压缩（可能伴随加密）。这意味着攻击者目前掌握了经过处理的、体积更小且可能具有保护机制的‘待外传资产包’。

[意图图谱映射]：KG Context 明确指出这些组织在压缩后紧接着进行‘移动’或‘外传’操作（'moving them outside', 'exfiltrate'）。逻辑上，压缩后的下一步必然是利用某种通道将数据移出受害网络。根据 ATT&CK 框架，这直接指向 'Exfiltr",cat2_rl_correct_global_stays_correct,1.9125522375106812
608,T1555,T1556 || T1556 || T1112 || T1027 || T1027 || T1553 || T1218 || T1218 || T1078 || T1078 || T1497 || T1497 || T1110 || T1555,1,2,1,1,11.656946182250977,3.863394260406494,11.656946182250977,10.254106521606445,T1555 (11.66) | T1056 (10.10) | T1497 (6.99),T1056 (5.76) | T1555 (3.86) | T1003 (2.59),T1555 (11.66) | T1056 (10.10) | T1497 (6.99),T1555 (10.25) | T1056 (9.32) | T1110 (5.39),"[战术阶段评估]：前缀序列显示攻击者经历了初始访问（T1078）、持久化（T1556, T1553, T1218）和防御规避（T1027, T1497）阶段。最后两步 T1110（凭证转储）和 T1555（凭证从密码存储中获取）表明攻击者正处于‘凭证收集’战术阶段的高潮，且刚刚完成了对本地凭证存储的扫描。T1497（系统检查）在 T1110 之前出现，说明攻击者在执行凭证转储前进行了环境指纹识别，以规避检测或确认目标环境。当前状态为：攻击者已获取或正在尝试获取高价值凭证，准备进行横向移动或权限提升。

[已获资产推演]：基于 T1110 和 T1555 的执行，攻击者目前极可能已经掌握了本地账户的明文密码、哈希值或加密的凭据令牌。结合 T1078（有效账户）的重复出现，攻击者可能已经利用这些凭证在本地或远程建立了新的会话，或者正在尝试利用这些凭证进行远程访问。资产层面，攻击者已具备‘身份’层面的控制权，但尚未明确展示‘横向移动’或‘数据渗出’的宏观动作。

[意图图谱映射]：根据 KG Context，T1555 常与 Volt Typhoon 等高级威胁关联，用于获取长期潜伏所需的凭",cat2_rl_correct_global_stays_correct,1.9003100395202637
969,T1055,T1053 || T1053 || T1548 || T1548 || T1547 || T1060 || T1037 || T1037 || T1543 || T1543 || T1068 || T1055 || T1053 || T1053 || T1548 || T1548 || T1070 || T1027 || T1027,1,2,1,1,9.235334396362305,4.500290393829346,9.235334396362305,8.383026123046875,T1055 (9.24) | T1027 (8.66) | T1553 (7.55),T1027 (6.39) | T1055 (4.50) | T1078 (3.19),T1055 (9.24) | T1027 (8.66) | T1553 (7.55),T1055 (8.38) | T1027 (8.26) | T1553 (6.69),"[战术阶段评估]：前缀序列以 T1070 (清除日志) 和 T1027 (代码混淆) 结尾。T1070 通常标志着攻击者认为当前阶段的痕迹已足够隐蔽，准备进行持久化后的清理或为下一步操作扫清障碍。T1027 紧随其后，表明攻击者正在对即将执行的新载荷或脚本进行混淆处理，以规避检测。这通常发生在‘初始访问’和‘持久化’完成，且‘防御规避’策略已实施之后，准备进入‘执行’或‘凭证访问’阶段的关键节点。

[已获资产推演]：攻击者已经成功建立了持久化机制（T1543, T1547, T1053），并可能已经获取了系统级或用户级权限（T1068, T1055）。T1070 和 T1027 的组合暗示攻击者已经完成了对当前环境的初步控制，并正在准备执行更敏感的操作，如窃取数据或横向移动。此时，攻击者最可能拥有的是经过混淆处理的恶意载荷或脚本，准备在目标系统上运行。

[意图图谱映射]：结合 KG Context，GALLIUM 和 CANONSTAGER 等组织倾向于使用打包和 API 哈希来混淆载荷。Lumma Stealer 则利用加密文件进行数据窃取。在 T1070 清理日志和 T1027",cat2_rl_correct_global_stays_correct,1.8931231498718262
538,T1059,T1588 || T1588 || T1608 || T1608 || T1133 || T1566 || T1566 || T1195 || T1078 || T1078,1,2,1,1,11.959569931030273,5.075933456420898,11.959569931030273,10.720515251159668,T1059 (11.96) | T1078 (7.70) | T1586 (7.05),T1078 (6.96) | T1059 (5.08) | T1586 (2.23),T1059 (11.96) | T1078 (7.70) | T1586 (7.05),T1059 (10.72) | T1078 (7.57) | T1586 (6.18),"[战术阶段评估]：前缀序列以 T1195 (Supply Chain Compromise) 和 T1078 (Valid Accounts) 结尾。T1195 通常用于初始入侵或供应链投毒，而 T1078 紧随其后，明确表明攻击者已成功利用供应链漏洞获取了凭证并建立了初始访问。最后两步重复 T1078，暗示攻击者正在利用这些凭证进行横向移动、权限提升或建立持久性，处于‘初始访问’向‘执行/持久化’过渡的关键阶段。

[已获资产推演]：基于 KG Context，T1078 关联了本地账户（Turla, FIN7）和域账户（SolarWinds）。攻击者目前拥有的是‘有效凭证’（Valid Accounts）。结合 T1195 的上下文，这些凭证极有可能是通过供应链攻击获取的域管理员或高权限本地账户。攻击者目前掌握的是‘身份’层面的资产，尚未明确展示具体的执行载荷或横向移动动作，但已具备执行这些动作的资格。

[意图图谱映射]：在获得有效凭证（T1078）后，攻击者的逻辑下一步通常是利用这些凭证执行恶意代码、建立持久化机制或进行横向移动。KG Context 中提到的 Turla 和 ",cat2_rl_correct_global_stays_correct,1.8866500854492188
79,T1090,T1025 || T1074 || T1074 || T1074 || T1114 || T1114 || T1056 || T1056 || T1113 || T1071 || T1071 || T1071 || T1092 || T1001 || T1001 || T1573 || T1573 || T1105,1,3,1,1,10.582526206970215,6.1063127517700195,10.582526206970215,9.77680778503418,T1090 (10.58) | T1104 (9.55) | T1095 (9.51),T1571 (7.98) | T1572 (7.05) | T1090 (6.11),T1090 (10.58) | T1104 (9.55) | T1095 (9.51),T1090 (9.78) | T1572 (9.06) | T1571 (8.84),"[战术阶段评估]：前缀序列显示攻击者经历了数据收集（T1025, T1074, T1114）、凭证窃取（T1056）、信息收集（T1113）以及网络通信（T1071, T1092, T1001）。最后两步 T1573（加密通信）的重复出现，紧接着 T1105（外部远程服务），表明攻击者已经完成了通信通道的加密配置，并正在尝试建立或维持一个加密的远程连接通道。这标志着攻击者正从‘准备通信’阶段过渡到‘实际建立远程访问’阶段。

[已获资产推演]：基于 T1025（数据从本地系统）、T1074（数据本地化）、T1056（凭证窃取）和 T1113（屏幕截图），攻击者已经获取了目标系统的敏感数据、凭证以及视觉信息。T1071 和 T1092 表明攻击者已经能够利用网络协议进行数据传输。此时，攻击者拥有的是‘已加密的敏感数据’和‘已窃取的凭证’，但尚未通过 T1105 建立稳定的、加密的远程会话来直接控制目标。

[意图图谱映射]：KG Context 明确指出 T1573（加密通信）常被 APT 组织（如 Torisma, APT33, WIREFIRE）用于 C2 流量加密。在 T1573 ",cat2_rl_correct_global_stays_correct,1.8739399909973145
387,T1555,T1078 || T1110,1,2,1,1,10.53614616394043,7.627096176147461,10.53614616394043,10.012516975402832,T1555 (10.54) | T1110 (9.86) | T1003 (7.34),T1110 (9.47) | T1555 (7.63) | T1003 (6.38),T1555 (10.54) | T1110 (9.86) | T1003 (7.34),T1555 (10.01) | T1110 (9.79) | T1003 (7.16),"[战术阶段评估]：前缀序列 T1078 (Valid Accounts) 后接 T1110 (Brute Force)。T1078 代表攻击者已经成功利用凭证进入了系统，而紧随其后的 T1110 表明攻击者正在尝试通过暴力破解获取其他凭证。这种组合通常意味着攻击者虽然获得了初始访问，但当前凭证权限不足（例如仅为普通用户），或者正在尝试横向移动以获取更高权限的凭证。这标志着攻击正处于从‘初始访问’向‘权限提升’或‘横向移动’过渡的关键阶段。

[已获资产推演]：基于 T1078，攻击者目前至少掌握了一个有效的本地或域账户。结合 KG Context 中提到的 Turla 和 FIN7 利用本地账户（T1078.003）进行横向移动或提权的案例，攻击者当前可能处于一个低权限的立足点（Low Privilege foothold）。T1110 的执行暗示攻击者正在尝试爆破本地管理员账户、域管理员账户或特定服务账户的密码，试图获取 SYSTEM 或 Domain Admin 级别的权限。

[意图图谱映射]：攻击者执行 T1110 的目的是为了获取新的、更高权限的凭证。一旦暴力破解成功，攻击者",cat2_rl_correct_global_stays_correct,1.8476276397705078
211,T1547,T1566 || T1566 || T1059 || T1059 || T1059 || T1059 || T1053 || T1053 || T1204 || T1204 || T1204 || T1547 || T1053 || T1053,1,7,1,1,10.71372127532959,2.7085983753204346,10.71372127532959,9.272799491882324,T1547 (10.71) | T1053 (7.94) | T1548 (7.55),T1548 (4.54) | T1060 (4.46) | T1574 (3.73),T1547 (10.71) | T1053 (7.94) | T1548 (7.55),T1547 (9.27) | T1053 (7.16) | T1548 (7.01),"[战术阶段评估]：攻击前缀序列以 T1547 (Boot or Logon Autostart Execution) 和 T1053 (Scheduled Task/Job) 结尾。T1547 通常用于建立持久性，而紧随其后的 T1053 进一步确认了攻击者正在通过计划任务机制确保恶意载荷在系统重启或特定时间间隔后自动执行。这表明攻击者刚刚完成了‘持久化’阶段的关键步骤，且该阶段已稳固。

[已获资产推演]：基于前缀中的 T1566 (Phishing) 和 T1059 (Command and Scripting Interpreter)，攻击者已经成功通过钓鱼邮件获取了初始访问权限，并在受害者主机上执行了命令。结合 T1204 (User Execution) 和 T1053，攻击者已经获得了目标主机的用户级或系统级执行权限，并成功植入了持久化机制。目前，攻击者拥有对单台主机的控制权，但尚未表现出明显的横向移动或数据窃取行为。

[意图图谱映射]：在成功建立持久化（T1547/T1053）后，攻击者的标准战术流程是验证持久化是否生效，或者利用当前权限进行下一步操作。根据 KG Co",cat2_rl_correct_global_stays_correct,1.8354370594024658
1175,T1059,T1566 || T1566 || T1195 || T1195 || T1078,1,2,1,1,10.973939895629883,5.340710163116455,10.973939895629883,9.95995807647705,T1059 (10.97) | T1078 (9.90) | T1586 (6.96),T1078 (7.16) | T1059 (5.34) | T1204 (0.89),T1059 (10.97) | T1078 (9.90) | T1586 (6.96),T1059 (9.96) | T1078 (9.41) | T1586 (5.82),"[战术阶段评估]：前缀序列以 T1566 (Phishing) 开始，随后是两次 T1195 (Compromise Software Supply Chain)，最后以 T1078 (Valid Accounts) 结束。T1195 代表攻击者通过供应链投毒（如植入恶意软件到合法安装包）获得了初始访问能力。T1078 的出现表明攻击者已经成功利用供应链植入的恶意载荷，在受害环境中建立了有效的凭据或会话，完成了从‘初始访问’到‘持久化/初始立足点’的过渡。当前处于攻击链的早期阶段，即‘初始访问’向‘执行’和‘持久化’过渡的节点。

[已获资产推演]：基于 T1195 和 T1078 的组合，攻击者目前掌握了受害环境的‘合法’身份（Valid Accounts）。这意味着攻击者拥有与正常用户或系统服务同等的访问权限，能够绕过部分基于身份验证的防御机制。攻击者目前处于‘已登录’或‘已建立会话’的状态，但尚未明确展示横向移动或数据窃取行为。

[意图图谱映射]：在拥有 Valid Accounts (T1078) 后，攻击者的逻辑下一步通常是利用这些权限在系统内部进行活动。根据 ATT&CK",cat2_rl_correct_global_stays_correct,1.8211708068847656
711,T1055,T1543 || T1543 || T1068 || T1574 || T1574,1,5,1,1,9.527124404907227,2.675222158432007,9.527124404907227,8.293782234191895,T1055 (9.53) | T1053 (9.36) | T1112 (7.71),T1574 (4.49) | T1053 (3.42) | T1078 (3.03),T1055 (9.53) | T1053 (9.36) | T1112 (7.71),T1055 (8.29) | T1053 (8.29) | T1112 (6.63),"[战术阶段评估]：前缀序列以 T1543 (创建持久性) 开始，随后是 T1068 (利用漏洞) 和两次 T1574 (组件修改)。T1543 确立了基础立足点。T1068 通常用于在受限环境中获取更高权限或执行特定载荷。T1574 (组件修改) 的连续出现，特别是结合 KG Context 中提到的 DLL 搜索顺序劫持 (T1574.001) 和动态链接器劫持 (T1574.006)，表明攻击者正在精心配置系统环境，以便在后续进程启动时自动加载恶意代码。这标志着攻击者正从“建立持久性”和“利用漏洞”阶段，过渡到“为后续执行做准备”的阶段，即通过修改系统组件来确保恶意载荷的自动执行。

[已获资产推演]：基于 T1543 和 T1068，攻击者已经获得了系统的执行权限（可能是用户级或系统级，取决于 T1068 的具体利用情况）。连续执行 T1574 意味着攻击者已经成功修改了关键的系统组件（如 DLL 搜索路径或动态链接器配置）。此时，攻击者掌握的资产是：一个被篡改的系统环境，该环境被配置为在特定条件（如启动、加载特定应用）下自动执行攻击者控制的代码。攻击者尚未执行最终的恶意载荷（如",cat2_rl_correct_global_stays_correct,1.8138000965118408
1711,T1105,T1140 || T1484 || T1484 || T1574 || T1574 || T1078 || T1078 || T1021 || T1021 || T1080,1,5,1,1,8.764674186706543,1.527037262916565,8.764674186706543,7.461899280548096,T1105 (8.76) | T1573 (7.17) | T1550 (6.53),T1102 (3.34) | T1550 (3.02) | T1119 (2.69),T1105 (8.76) | T1573 (7.17) | T1550 (6.53),T1105 (7.46) | T1550 (5.90) | T1573 (5.06),"[战术阶段评估]：前缀序列显示攻击者已完成初始访问（T1140）、凭证发现与修改（T1484）、持久化（T1574）及凭据窃取（T1078）。随后，攻击者高频使用 T1021（远程服务）进行横向移动，最后一步 T1080（多跳代理/代理）表明攻击者正在构建或优化其横向移动的基础设施，以绕过网络检测或隐藏真实源。当前处于‘横向移动与基础设施构建’的战术阶段。

[已获资产推演]：攻击者已掌握多个系统的访问权限（通过 T1078 获取凭据），并成功利用远程服务（T1021）在内部网络中移动。T1080 的使用暗示攻击者可能已经控制了跳板机或正在配置代理链，以便从更隐蔽的位置发起后续攻击。此时，攻击者具备在受控网络内部进行深度渗透的能力。

[意图图谱映射]：结合 KG Context，FIN13 和 Storm-0501 等组织在利用 T1021 进行横向移动后，常利用 WMI 或远程服务执行恶意代码。T1080 的引入通常是为了支持更复杂的横向移动或数据外传。基于此，攻击者下一步极可能利用已建立的代理通道和远程服务权限，执行远程代码（T1059/T1047）以部署工具，或进一步收集凭证（",cat2_rl_correct_global_stays_correct,1.8086251020431519
1484,T1555,T1098 || T1136 || T1087 || T1133 || T1078 || T1586 || T1098 || T1098 || T1068 || T1078 || T1586 || T1656 || T1578 || T1578 || T1578 || T1078 || T1586 || T1555,1,4,1,1,9.788850784301758,2.850428819656372,9.788850784301758,8.539934158325195,T1555 (9.79) | T1111 (6.08) | T1212 (6.08),T1056 (4.66) | T1003 (4.38) | T1556 (3.87),T1555 (9.79) | T1111 (6.08) | T1212 (6.08),T1555 (8.54) | T1003 (5.31) | T1111 (5.12),"[战术阶段评估]：攻击前缀序列以 T1078 (Valid Accounts) 和 T1586 (Compromise Infrastructure) 结尾，紧接着是 T1555 (Credentials from Password Stores)。T1078 表明攻击者已建立或维持了有效的账户访问权限；T1586 暗示攻击者可能正在利用或准备利用基础设施（如 RDP 凭据）进行横向移动或持久化。最后一步 T1555 明确指向凭据窃取，特别是从密码存储区（如 Windows Credential Manager、浏览器、SSH 等）提取数据。这表明攻击者正处于‘凭据收集与利用’阶段，旨在获取更高权限或横向移动所需的凭证。

[已获资产推演]：基于 T1078 和 T1586，攻击者目前至少掌握了一个低权限或中等权限的账户，并可能已经定位了关键的基础设施入口点。T1555 的执行意味着攻击者正在尝试从本地存储（如 Credential Manager、浏览器缓存、SSH 密钥）中提取明文或加密的凭据。此时，攻击者尚未确认是否成功获取了域管理员或系统级权限，但正在积极寻找提升权限或横向移动",cat2_rl_correct_global_stays_correct,1.8072593212127686
859,T1053,T1059 || T1203 || T1053 || T1053 || T1204 || T1204 || T1204 || T1547 || T1546 || T1546,1,4,1,1,10.362675666809082,3.6354522705078125,10.362675666809082,9.151775360107422,T1053 (10.36) | T1112 (6.97) | T1546 (6.75),T1546 (5.44) | T1574 (4.86) | T1068 (4.05),T1053 (10.36) | T1112 (6.97) | T1546 (6.75),T1053 (9.15) | T1546 (6.52) | T1068 (6.07),"[战术阶段评估]：前缀序列以 T1547 (Boot or Logon Autostart Execution) 和 T1546 (Event Triggered Execution) 结尾，且 T1546 连续出现两次。这表明攻击者刚刚完成了对目标系统的持久化配置（Persistence），具体涉及修改注册表、计划任务或系统服务以在重启或特定事件触发时执行恶意载荷。这是典型的‘建立持久性’战术阶段。

[已获资产推演]：攻击者已经成功执行了 T1059 (Command and Scripting Interpreter) 和 T1203 (Exploitation for Client Execution) 等前期技术，并成功利用 T1053 (Scheduled Task/Job) 和 T1547/1546 系列技术将恶意代码植入系统启动项或触发机制中。这意味着攻击者目前拥有对目标系统的长期控制权（Persistence），且该控制具有抗重启能力。攻击者已具备在目标系统上稳定驻留的粗粒度资产。

[意图图谱映射]：在成功建立持久化后，攻击者的逻辑意图通常转向‘维持访问’的验证（确",cat2_rl_correct_global_stays_correct,1.8019905090332031
1868,T1573,T1583 || T1583 || T1071 || T1071 || T1568 || T1573,1,3,1,1,13.525668144226074,2.680436372756958,13.525668144226074,11.573526382446289,T1573 (13.53) | T1105 (12.47) | T1001 (8.36),T1105 (4.48) | T1095 (3.16) | T1573 (2.68),T1573 (13.53) | T1105 (12.47) | T1001 (8.36),T1573 (11.57) | T1105 (11.03) | T1001 (6.47),"[战术阶段评估]：前缀序列显示攻击者首先进行了资源获取（T1583 建立资源），随后进入通信建立阶段（T1071 使用协议，T1568 加密数据，T1573 加密通道）。最后两步 T1568 和 T1573 明确指向了通信通道的加密与封装，这是典型的 C2 基础设施搭建完成标志。攻击者刚刚完成了隐蔽通道的建立，尚未进入执行载荷或持久化阶段。

[已获资产推演]：基于 T1583 和 T1071，攻击者已具备外部资源（如域名、服务器）并建立了初步的网络连接。T1568 和 T1573 表明攻击者已配置好加密的 C2 通道（如 Torisma 案例所示的 XOR/VEST-32 加密）。此时，攻击者拥有的是‘通信能力’，但尚未在目标主机上执行具体的恶意载荷或获取系统权限。

[意图图谱映射]：在 ATT&CK 战术图谱中，完成 C2 通道建立（T1071/T1568/T1573）后的逻辑下一步必然是利用该通道进行实际攻击。根据 KG Context 中提到的恶意软件（如 Torisma, Explosive）通常通过 C2 接收指令，下一步最可能的操作是：1. 下载并执行恶意载荷（T105",cat2_rl_correct_global_stays_correct,1.796966791152954
2097,T1556,T1484 || T1484 || T1053 || T1053 || T1078 || T1586 || T1484 || T1484 || T1484 || T1036 || T1036 || T1556,1,6,1,1,9.228927612304688,3.057476043701172,9.228927612304688,8.11806583404541,T1556 (9.23) | T1578 (8.22) | T1027 (7.65),T1027 (4.85) | T1078 (4.27) | T1550 (3.94),T1556 (9.23) | T1578 (8.22) | T1027 (7.65),T1556 (8.12) | T1027 (7.15) | T1578 (6.92),"[战术阶段评估]：前缀序列以 T1036 (Masquerading) 和 T1556 (Modify Authentication Process) 结尾。T1036 通常用于伪装恶意文件以绕过检测，而 T1556 涉及修改认证机制（如修改注册表以劫持认证过程）。结合上下文，攻击者（如 Elise, Chaes, NotPetya）在 T1036 阶段常利用伪装文件名（如 svchost.exe）或 DLL 劫持。T1556 的出现表明攻击者正在尝试持久化或提升权限，通过修改系统认证流程来确保恶意代码在用户登录或系统启动时自动执行。这标志着攻击者正从单纯的伪装阶段过渡到深度持久化和权限维持阶段。

[已获资产推演]：基于 T1036 和 T1556 的组合，攻击者目前很可能已经成功将恶意载荷伪装成系统关键组件（如服务或 DLL），并修改了系统的认证或启动机制。攻击者目前掌握了系统的“信任”入口点，能够以高权限（如 SYSTEM 或 Local System）在系统启动或用户登录时执行代码。他们可能已经获得了初始的持久化立足点，但尚未完全建立横向移动或数据外传的能力。

[意图图谱映射",cat2_rl_correct_global_stays_correct,1.7968378067016602
1204,T1021,T1204 || T1204 || T1204 || T1574 || T1574 || T1574 || T1574 || T1574 || T1574 || T1036 || T1036 || T1046 || T1021,1,7,1,1,9.720316886901855,1.7539951801300049,9.720316886901855,8.286378860473633,T1021 (9.72) | T1550 (7.92) | T1560 (7.62),T1074 (3.55) | T1071 (3.32) | T1560 (2.56),T1021 (9.72) | T1550 (7.92) | T1560 (7.62),T1021 (8.29) | T1550 (6.84) | T1071 (6.83),"[战术阶段评估]：前缀序列显示攻击者经历了多次 T1204（用户执行）以部署初始载荷，随后通过 T1574（组件篡改）和 T1036（权限伪装）建立持久性和隐蔽性。序列末尾的 T1046（网络服务发现）和 T1021（远程服务）表明攻击者已完成对单点的初步控制，并正在主动扫描网络以寻找可横向移动的目标，且已尝试建立远程连接通道。当前处于从‘初始访问/持久化’向‘横向移动’过渡的关键阶段。

[已获资产推演]：攻击者目前至少掌握了一个受控节点（通过 T1204/T1574/T1036 确认），并具备在该节点上执行网络扫描（T1046）和发起远程连接（T1021）的能力。T1021 的出现暗示攻击者可能已经获取了凭据或已配置了远程访问工具，正在尝试连接其他主机。

[意图图谱映射]：结合 KG Context，Magic Hound 和 Rocke 等组织在 T1021 和 T1046 之后，通常紧接着进行更广泛的横向移动或数据窃取。T1021 是横向移动的核心手段，而 T1046 是发现新目标的前置步骤。在成功建立远程连接（T1021）后，攻击者极大概率会利用该连接执行命令（T1059）",cat2_rl_correct_global_stays_correct,1.7916295528411865
1482,T1586,T1098 || T1136 || T1087 || T1133 || T1078 || T1586 || T1098 || T1098 || T1068 || T1078,1,10,1,1,11.179676055908203,0.3663955628871918,11.179676055908203,9.233285903930664,T1586 (11.18) | T1078 (10.44) | T1134 (6.63),T1484 (2.16) | T1543 (1.85) | T1078 (1.76),T1586 (11.18) | T1078 (10.44) | T1134 (6.63),T1586 (9.23) | T1078 (8.88) | T1134 (5.47),[战术阶段评估]：前缀序列以 T1098 (Account Manipulation) 开始，随后是 T1136 (Create Account) 和 T1087 (Account Discovery)，表明攻击者正在建立持久化并侦察环境。T1133 (Remote System Discovery) 和 T1078 (Valid Accounts) 显示攻击者已获取凭证并尝试登录。序列末尾的 T1586 (Compromise Infrastructure) 暗示攻击者可能正在配置或验证其基础设施（如 C2 服务器或代理）。最后两步 T1098 (Account Manipulation) 和 T1068 (Exploit Public-Facing Application) 结合 T1078 (Valid Accounts) 显示了一个关键转折：攻击者似乎正在利用 T1068 获取初始访问或提升权限，随后立即通过 T1098 修改账户（可能是为了持久化或清除痕迹），并再次利用 T1078 验证新凭证。这表明攻击者正处于从‘初始访问/权限提升’向‘横向移动/持久化’过渡的关键阶段，且,cat2_rl_correct_global_stays_correct,1.7894071340560913
1151,T1586,T1589 || T1589 || T1589 || T1591 || T1598 || T1192 || T1596 || T1593 || T1593 || T1593 || T1594 || T1583 || T1583 || T1583 || T1583 || T1586,1,2,1,1,11.68200969696045,6.064910888671875,11.68200969696045,10.670931816101074,T1586 (11.68) | T1584 (7.91) | T1111 (5.73),T1584 (7.85) | T1586 (6.06) | T1587 (5.88),T1586 (11.68) | T1584 (7.91) | T1111 (5.73),T1586 (10.67) | T1584 (7.90) | T1585 (4.43),[战术阶段评估]：前缀序列以 T1583 (收集信息) 和 T1586 (收集账户凭据) 结尾。T1583 的重复执行表明攻击者正在积极构建基础设施（如注册域名、托管恶意软件），而 T1586 的引入标志着攻击重心从单纯的信息收集转向了针对特定账户凭据的侦察。最后两步 T1583 || T1586 显示攻击者正在将基础设施准备与目标账户情报收集并行进行，这是典型的‘初始访问前’或‘初始访问准备’阶段。[已获资产推演]：基于 T1589 (收集信息) 和 T1591 (收集身份) 的早期执行，攻击者已掌握目标组织的宏观情报。T1583 的持续执行意味着攻击者已拥有或正在构建用于攻击的 C2 域名和恶意软件托管点。T1586 表明攻击者已识别出特定的目标账户（如管理员、开发人员），并可能正在评估这些账户的暴露面（如是否使用 MFA、密码强度等）。此时攻击者尚未执行 T1566 (网络钓鱼) 或 T1190 (利用公开漏洞) 等直接入侵动作，处于‘武器化’和‘投递’前的最后准备期。[意图图谱映射]：结合 KG Context，ZIRCONIUM 和 Winnti 等组织利用 T1583 托管,cat2_rl_correct_global_stays_correct,1.7873835563659668
160,T1003,T1218 || T1550 || T1550 || T1550 || T1078 || T1078 || T1078 || T1586 || T1110 || T1110 || T1110 || T1555 || T1606 || T1606 || T1606 || T1556 || T1556 || T1621,1,3,1,1,12.268811225891113,0.6803445816040039,12.268811225891113,10.182887077331543,T1003 (12.27) | T1111 (8.60) | T1556 (8.28),T1560 (2.46) | T1556 (2.08) | T1003 (0.68),T1003 (12.27) | T1111 (8.60) | T1556 (8.28),T1003 (10.18) | T1556 (7.16) | T1111 (6.46),"[战术阶段评估]：攻击前缀序列显示攻击者经历了初始访问（T1218）、凭证窃取（T1550）、账户创建/滥用（T1078）、凭证收集（T1586, T1110）以及凭证转储（T1555）。序列末尾的 T1556（Modify Authentication Process）重复出现，紧接着是 T1621（Remote Services: Remote Desktop Protocol）。这表明攻击者已经完成了对认证机制的底层篡改（如 Kessel 或 SYNful Knock 案例所示，修改了 SSH 或系统认证逻辑），并正在利用这些被篡改的机制或新建立的凭证进行远程连接。当前处于从‘持久化/凭证获取’向‘远程执行/横向移动’过渡的关键阶段。

[已获资产推演]：基于 T1556 的上下文，攻击者已经成功在目标系统上植入了后门逻辑（如修改 sshd 配置或添加自定义密码），这意味着他们现在拥有对目标系统的‘免密’或‘高权限’访问能力。T1621 的出现证实了攻击者正在尝试建立远程桌面连接。此时，攻击者掌握的资产是：被篡改的认证通道、潜在的本地管理员权限（通过 T1078 创建或 T155",cat2_rl_correct_global_stays_correct,1.7819445133209229
977,T1569,T1059 || T1059 || T1059 || T1106 || T1053 || T1053 || T1053,1,3,1,1,8.422844886779785,5.121501445770264,8.422844886779785,7.8286027908325195,T1569 (8.42) | T1204 (7.16) | T1072 (6.87),T1204 (6.90) | T1078 (5.67) | T1569 (5.12),T1569 (8.42) | T1204 (7.16) | T1072 (6.87),T1569 (7.83) | T1204 (7.12) | T1072 (6.16),"[战术阶段评估]：前缀序列以 T1053 (Scheduled Task/Command and Scripting Interpreter) 连续三次结束。T1053 在 ATT&CK 中通常用于执行恶意负载或建立持久性。结合 KG Context 中提到的 SpeakUp、Dragonfly 和 Rancor 等 APT 组织均利用 T1053 (特别是 T1053.003 Cron 和 T1053.005 Scheduled Task) 来确保持久性或执行特定逻辑（如定时登录/注销），可以判断攻击者当前正处于**持久化建立**或**定时任务触发**阶段。连续三次 T1053 暗示攻击者正在反复确认或配置定时任务，以确保恶意代码在系统重启或特定时间间隔后能自动执行。

[已获资产推演]：攻击者已经成功执行了 T1059 (Command and Scripting Interpreter) 和 T1106 (Native API)，这意味着他们拥有在目标系统上执行命令的权限，并且已经能够调用底层 API。连续使用 T1053 表明攻击者已经成功将恶意负载注册为系统任务。此时，攻击者",cat2_rl_correct_global_stays_correct,1.7772459983825684
919,T1547,T1559 || T1559 || T1106 || T1053 || T1053 || T1204 || T1204 || T1547 || T1053 || T1053 || T1548 || T1548,1,4,1,1,10.445645332336426,4.244862079620361,10.445645332336426,9.329504013061523,T1547 (10.45) | T1098 (8.06) | T1548 (7.26),T1140 (6.02) | T1548 (4.96) | T1574 (4.79),T1547 (10.45) | T1098 (8.06) | T1548 (7.26),T1547 (9.33) | T1098 (6.96) | T1548 (6.84),"[战术阶段评估]：前缀序列以 T1548 (T1548.002) 结尾，这是典型的权限提升（Privilege Escalation）阶段。序列中多次出现 T1053 (Scheduled Task) 和 T1204 (User Execution)，表明攻击者正在通过计划任务或用户交互来维持持久性并尝试触发提权操作。最后两步的 T1548 重复出现，强烈暗示攻击者正在反复尝试绕过 UAC 以获取 SYSTEM 权限，或者刚刚成功提权但尚未验证/利用该权限。

[已获资产推演]：基于 T1548 的上下文（Empire, ShimRat, Shamoon 等恶意软件利用此技术），攻击者当前的核心目标是获取高权限（通常是 SYSTEM 级别）。如果 T1548 成功，攻击者将拥有对目标系统的完全控制权。如果失败，攻击者可能会尝试其他提权向量或回退到持久化机制。目前，攻击者处于‘刚完成或正在执行提权’的关键节点，尚未进入横向移动或数据窃取阶段。

[意图图谱映射]：一旦提权成功（T1548），攻击者的逻辑下一步必然是利用新获得的 SYSTEM 权限进行后续操作。根据 ATT&CK 战术逻辑",cat2_rl_correct_global_stays_correct,1.773653507232666
81,T1048,T1573 || T1105 || T1090 || T1090 || T1090 || T1102 || T1102 || T1030,1,2,1,1,13.68303394317627,4.859657287597656,13.68303394317627,12.094826698303223,T1048 (13.68) | T1041 (12.35) | T1567 (11.25),T1041 (6.62) | T1048 (4.86) | T1052 (4.67),T1048 (13.68) | T1041 (12.35) | T1567 (11.25),T1048 (12.09) | T1041 (11.32) | T1567 (9.89),"[战术阶段评估]：前缀序列以 T1102 (Dead Drop Resolver) 的重复执行开始，随后紧跟 T1030 (Data Staging)。这表明攻击者刚刚完成了 C2 通信通道的建立（通过 S3 或 Web 服务作为中转），并立即将获取到的数据（可能是凭证、文件或其他敏感信息）在本地临时存储。当前处于‘数据收集’向‘数据外传’过渡的关键节点，或者是在进行‘数据准备’以进行下一步的横向移动。

[已获资产推演]：攻击者已经成功建立了隐蔽的 C2 通道（T1102），并确认了数据在本地（T1030）的可用性。这意味着攻击者目前拥有对受害主机的控制权，并且已经获取了初步的敏感数据。此时，攻击者最迫切的需求是将这些暂存的数据通过 C2 通道发送出去，或者利用已获取的凭证进行进一步的权限提升或横向移动。

[意图图谱映射]：结合 KG Context，T1102 涉及 S3 桶和 Web 服务作为 Dead Drop Resolver。T1030 是数据暂存。在数据暂存后，逻辑上的下一步通常是利用已建立的 C2 通道将数据传出（T1041 Data Exfiltration Ove",cat2_rl_correct_global_stays_correct,1.7652435302734375
1963,T1574,T1189 || T1566 || T1195 || T1195 || T1078 || T1203 || T1559 || T1543 || T1543 || T1546 || T1546 || T1574 || T1574 || T1078 || T1543 || T1543 || T1546 || T1546,1,4,1,1,8.820084571838379,2.6171412467956543,8.820084571838379,7.703554630279541,T1574 (8.82) | T1133 (8.12) | T1546 (8.03),T1053 (4.38) | T1068 (3.83) | T1055 (2.86),T1574 (8.82) | T1133 (8.12) | T1546 (8.03),T1574 (7.70) | T1053 (7.04) | T1546 (6.97),"[战术阶段评估]：攻击前缀序列显示攻击者经历了初始访问（T1189, T1566, T1195），随后进行了凭证获取与滥用（T1078），接着是执行与权限提升（T1203, T1559）。序列后半段（T1543, T1546, T1574）高度集中在持久化（Persistence）和权限提升（Privilege Escalation）阶段。特别是最后两步 T1543 (Create or Modify System Process) 和 T1546 (Event Triggered Execution) 的重复出现，表明攻击者正在反复尝试建立或加固系统级的持久化机制，且极可能涉及 Windows 事件订阅或计划任务等底层机制。KG Context 中提到的 'Deep Panda' 使用 T1546.008 (Accessibility Features) 和 'PoshC2' 使用 T1546.003 (WMI Event Subscription) 进一步佐证了攻击者正在利用系统事件触发机制进行持久化。

[已获资产推演]：基于 T1078 (Valid Accounts) 和 T",cat2_rl_correct_global_stays_correct,1.758181095123291
749,T1590,T1595 || T1595 || T1592 || T1592 || T1589 || T1589 || T1589,1,5,1,1,11.901784896850586,3.120310068130493,11.901784896850586,10.32111930847168,T1590 (11.90) | T1589 (9.98) | T1594 (9.42),T1583 (4.83) | T1597 (4.53) | T1587 (3.63),T1590 (11.90) | T1589 (9.98) | T1594 (9.42),T1590 (10.32) | T1589 (8.60) | T1594 (8.37),"[战术阶段评估]：前缀序列以 T1595 (Active Scanning) 开始，随后是 T1592 (Gather Victim Host Information) 和 T1589 (Gather Victim Identity Information)。序列末尾连续三次出现 T1589，表明攻击者正处于侦察阶段（Reconnaissance）的深化期，且重心已从网络层面的扫描和主机信息收集，完全转移到了针对特定人员身份信息的深度挖掘上。这通常意味着攻击者正在为后续的针对性攻击（如鱼叉式网络钓鱼）构建目标画像。

[已获资产推演]：基于 T1595 和 T1592，攻击者已掌握目标网络的基础拓扑、存活主机及可能的服务信息。基于末尾的 T1589，攻击者目前掌握了目标组织的关键人员身份信息（如邮箱地址、手机号等）。结合 KG Context 中提到的 'Silent Librarian' 和 'Sandworm Team' 案例，这些收集到的邮箱地址极大概率是用于构建高可信度的鱼叉式钓鱼攻击（Spearphishing）的素材。

[意图图谱映射]：在收集到足够的受害者身份信息（特别",cat2_rl_correct_global_stays_correct,1.7136924266815186
462,T1213,T1560 || T1560 || T1119,1,2,1,1,12.733258247375488,6.608390808105469,12.733258247375488,11.630782127380371,T1213 (12.73) | T1005 (10.38) | T1074 (9.73),T1005 (8.27) | T1213 (6.61) | T1114 (5.19),T1213 (12.73) | T1005 (10.38) | T1074 (9.73),T1213 (11.63) | T1005 (10.00) | T1074 (8.77),"[战术阶段评估]：前缀序列以 T1560 (收集/归档数据) 开始，连续两次出现，随后紧跟 T1119 (自动化收集)。这表明攻击者正处于数据收集与预处理阶段。T1560 通常涉及将敏感数据压缩或加密，而 T1119 则侧重于自动扫描和收集特定类型的文件（如文档、数据库）。连续执行 T1560 暗示攻击者正在对已收集的数据进行打包，可能是为了减少体积或增加隐蔽性，为后续传输做准备。

[已获资产推演]：基于 T1560 和 T1119 的组合，攻击者目前掌握了目标网络中的关键数据资产（如文档、数据库文件等），并且已经完成了对这些资产的初步筛选和压缩打包。攻击者目前处于‘数据已就绪，等待外传’的状态。他们可能已经获取了本地存储的敏感信息，并正在构建一个或多个压缩包。

[意图图谱映射]：结合 KG Context，APT1、Volt Typhoon 和 Prikormka 等组织在 T1560 之后，通常紧接着执行数据外传（Exfiltration）操作。压缩后的数据体积更小，更易于通过不寻常的通道传输，或者为了绕过基于文件大小的检测。因此，下一步最合乎逻辑的动作是将这些打包好的数据移出",cat2_rl_correct_global_stays_correct,1.6631507873535156
327,T1016,T1027 || T1055 || T1078 || T1555 || T1555 || T1056 || T1056 || T1003 || T1003 || T1003 || T1003 || T1087 || T1087 || T1046 || T1012 || T1018,1,5,1,1,12.43437385559082,1.8606574535369873,12.43437385559082,10.53110408782959,T1016 (12.43) | T1049 (9.86) | T1210 (9.59),T1082 (3.52) | T1049 (3.20) | T1069 (3.03),T1016 (12.43) | T1049 (9.86) | T1210 (9.59),T1016 (10.53) | T1049 (8.66) | T1210 (7.93),"[战术阶段评估]：攻击前缀序列显示攻击者已完成初始访问（T1078）、持久化（T1055）、凭证窃取（T1555）、进程注入/劫持（T1056）以及系统信息收集（T1003, T1087）。最后两步 T1046（网络服务发现）和 T1018（远程系统发现）表明攻击者正处于‘网络侦察与横向移动准备’阶段。攻击者正在扫描特定端口（如 Rocke 案例中的 7001, SSH, Redis）并枚举域内主机，旨在识别高价值目标。[已获资产推演]：基于 T1078 和 T1055，攻击者已拥有初始立足点（Initial Foothold）和持久化能力。T1003 和 T1087 的多次执行暗示攻击者已获取了本地或域账户的凭证（Hashes 或明文），并可能已尝试过本地提权。当前的 T1046 和 T1018 表明攻击者已掌握网络拓扑信息，并锁定了潜在的横向移动目标（如数据库服务器、域控制器或关键业务服务器）。[意图图谱映射]：结合 KG Context，Rocke 和 Industroyer 在发现服务后通常会立即尝试利用这些服务进行横向移动。T1046 扫描到的暴露端口（如 Redis, SS",cat2_rl_correct_global_stays_correct,1.6551380157470703
1590,T1547,T1574 || T1574 || T1556 || T1053 || T1053 || T1505 || T1505 || T1078 || T1078 || T1134 || T1134 || T1098 || T1098,1,3,1,1,10.557560920715332,4.171527862548828,10.557560920715332,9.408075332641602,T1547 (10.56) | T1098 (8.96) | T1068 (5.60),T1098 (5.81) | T1574 (4.20) | T1547 (4.17),T1547 (10.56) | T1098 (8.96) | T1068 (5.60),T1547 (9.41) | T1098 (8.39) | T1068 (4.85),"[战术阶段评估]：攻击前缀序列显示攻击者首先通过 T1574 (Component Object Model Hijacking) 和 T1556 (Modify Authentication Process) 进行持久化，随后利用 T1053 (Scheduled Task/Job) 和 T1505 (Server Component Hijacking) 建立执行机制。T1078 (Valid Accounts) 表明攻击者已获取或创建了有效凭据。最后两步 T1134 (Access Token Manipulation) 和 T1098 (Account Manipulation) 是典型的权限提升与横向移动准备阶段。T1134 用于获取更高权限的令牌，而 T1098 用于修改账户属性（如添加组、重命名），这通常是为了确保持久化或绕过检测。当前处于‘权限维持与横向移动准备’的战术阶段。

[已获资产推演]：基于 T1078 和 T1134，攻击者目前掌握了具有较高权限的本地或域账户令牌。T1098 的操作（如添加组）暗示攻击者正在将当前账户提升为管理员或特定特权组，或者在域环境中",cat2_rl_correct_global_stays_correct,1.6421566009521484
2101,T1578,T1484 || T1484 || T1053 || T1053 || T1078 || T1586 || T1484 || T1484 || T1484 || T1036 || T1036 || T1556 || T1556 || T1578,1,3,1,1,9.612403869628906,2.061466693878174,9.612403869628906,8.25323486328125,T1578 (9.61) | T1556 (8.00) | T1027 (7.87),T1003 (3.69) | T1078 (2.51) | T1578 (2.06),T1578 (9.61) | T1556 (8.00) | T1027 (7.87),T1578 (8.25) | T1027 (6.78) | T1556 (6.74),"[战术阶段评估]：前缀序列以 T1556 (Modify Authentication Process) 和 T1578 (Modify Cloud Compute) 结尾。T1556 的重复出现表明攻击者正在深入修改认证机制（如 SSH 密钥、密码哈希或认证模块），这是典型的持久化或凭证窃取准备阶段。T1578 的出现暗示攻击者可能正在云环境中修改计算实例的配置以配合上述认证修改，或者在云环境中建立类似的持久化机制。整体处于‘持久化’与‘凭证访问’的交叉阶段，攻击者正在构建长期访问通道。

[已获资产推演]：基于 T1556 和 T1578 的操作，攻击者目前尚未直接展示 T1003 (OS Credential Dumping) 或 T1078 (Valid Accounts) 的后续利用动作，但已经具备了修改认证流程的能力。这意味着攻击者极有可能已经获取了修改后的凭证（如硬编码的密码、被篡改的 SSH 密钥对），或者正在等待凭证被写入/生效。攻击者目前掌握的是‘修改后的认证环境’和‘潜在的凭证获取能力’，但尚未完成对目标系统的‘横向移动’或‘数据外传’。

[意图图谱映射]：结合",cat2_rl_correct_global_stays_correct,1.6281404495239258
1320,T1218,T1589 || T1589 || T1566 || T1566 || T1059 || T1059 || T1204 || T1204 || T1036 || T1027 || T1027 || T1027 || T1218 || T1218,1,2,1,1,8.11441421508789,2.9195892810821533,8.11441421508789,7.179345607757568,T1218 (8.11) | T1083 (7.63) | T1221 (6.51),T1078 (4.55) | T1218 (2.92) | T1550 (1.82),T1218 (8.11) | T1083 (7.63) | T1221 (6.51),T1218 (7.18) | T1083 (6.50) | T1555 (5.60),"[战术阶段评估]：攻击前缀序列显示攻击者已完成侦察（T1589）、初始访问（T1566）和权限获取（T1059）。随后进行了持久化（T1204）和防御规避（T1036, T1027）。最后两步 T1218（System Binary Proxy Execution）的重复出现，特别是结合 KG Context 中提到的 Gamaredon、Heyoka 等组织利用 Rundll32 执行恶意组件的案例，表明攻击者正处于‘执行阶段’的深化期，正在利用系统合法二进制文件加载并运行新的恶意载荷。这通常意味着初始载荷已激活，正在尝试加载更复杂的第二阶段 Payload。

[已获资产推演]：基于 T1059（Command and Scripting Interpreter）和 T1204（User Execution）的完成，攻击者已拥有目标系统的用户级或系统级执行权限。T1027（Obfuscated Files or Information）和 T1036（Masquerading）表明攻击者已具备对文件进行混淆和伪装的能力。当前 T1218 的使用意味着攻击者已掌握利用系统组件（如 r",cat2_rl_correct_global_stays_correct,1.626250982284546
866,T1110,T1027 || T1078 || T1586,1,5,1,1,9.735344886779785,1.4744175672531128,9.735344886779785,8.248377799987793,T1110 (9.74) | T1555 (9.15) | T1557 (6.70),T1078 (3.10) | T1087 (2.32) | T1059 (1.54),T1110 (9.74) | T1555 (9.15) | T1557 (6.70),T1110 (8.25) | T1555 (7.21) | T1557 (5.43),"[战术阶段评估]：前缀序列 T1027 (Obfuscated Files or Information) -> T1078 (Valid Accounts) -> T1586 (Compromise Client Software) 显示攻击者已经完成了初始载荷的混淆（T1027），并成功获取了合法凭证（T1078），随后利用这些凭证或权限对目标客户端软件进行了入侵或配置修改（T1586）。这表明攻击者正处于从‘初始访问/执行’向‘持久化/横向移动’过渡的关键阶段，且已经具备了在目标环境内进行操作的能力。

[已获资产推演]：基于 T1078 和 T1586，攻击者目前掌握了至少一个有效的用户账户权限，并且已经能够修改或影响目标客户端软件（可能是邮件客户端、浏览器或特定业务软件）。这意味着攻击者已经拥有了在目标网络内部进行进一步操作的‘立足点’，且该立足点具有用户级别的上下文。

[意图图谱映射]：在获取客户端软件控制权后，攻击者的逻辑意图通常是利用该权限进行持久化（确保下次登录或软件启动时仍能控制）或横向移动（利用该客户端作为跳板）。结合 KG Context 中提到的 Mache",cat2_rl_correct_global_stays_correct,1.6209291219711304
277,T1574,T1204 || T1047 || T1547 || T1543 || T1543 || T1133,1,6,1,1,10.111725807189941,1.5537089109420776,10.111725807189941,8.571283340454102,T1574 (10.11) | T1112 (9.64) | T1078 (7.53),T1078 (3.17) | T1548 (2.53) | T1112 (2.47),T1574 (10.11) | T1112 (9.64) | T1078 (7.53),T1574 (8.57) | T1112 (8.35) | T1078 (6.75),"[战术阶段评估]：前缀序列以 T1543 (Create or Modify System Process) 和 T1133 (System Information Discovery) 结尾。T1543 的连续出现（特别是结合 KG Context 中关于 Carbanak/WannaCry/TEARDROP 使用 Windows Service 的上下文）表明攻击者刚刚完成了持久化机制的部署，将恶意载荷注册为系统服务。随后的 T1133 是典型的‘确认’动作，用于验证服务是否成功注册、服务名称是否正确以及系统信息是否匹配预期，标志着‘持久化’阶段的收尾和‘侦察/验证’阶段的开始。

[已获资产推演]：基于 T1543.003 (Windows Service) 的上下文，攻击者目前极大概率已经获得了目标系统的 SYSTEM 级别权限（因为服务通常以 SYSTEM 账户运行）。攻击者已掌握了一个稳定的、随系统启动自动运行的执行环境。此时，攻击者拥有对目标系统的完全控制权，但尚未进行横向移动或数据窃取。

[意图图谱映射]：在确认持久化成功（T1133）后，攻击者的逻辑意图通常转向利用",cat2_rl_correct_global_stays_correct,1.6206833124160767
407,T1087,T1003 || T1003 || T1003 || T1003,1,4,1,1,9.917213439941406,4.196717739105225,9.917213439941406,8.887524604797363,T1087 (9.92) | T1552 (9.59) | T1003 (8.16),T1003 (5.81) | T1552 (4.82) | T1539 (4.59),T1087 (9.92) | T1552 (9.59) | T1003 (8.16),T1087 (8.89) | T1552 (8.73) | T1003 (7.74),"[战术阶段评估]：前缀序列显示攻击者连续四次执行 T1003 (OS Credential Dumping)。这表明攻击者已经完成了初始入侵（如通过钓鱼或漏洞利用），并成功获取了系统访问权限，随后立即进入了以凭证窃取为核心的‘凭证访问’战术阶段。连续多次执行该操作暗示攻击者可能正在尝试绕过检测、针对不同的进程（如 LSASS、SAM、NTDS.dit）进行提取，或者在多个目标主机上重复此操作以扩大战果。

[已获资产推演]：基于 T1003 的持续执行，攻击者目前极大概率已经获取了高价值的凭证资产，包括明文密码、NTLM 哈希或 Kerberos TGT/TGS 票据。这些资产构成了攻击者进行横向移动和权限提升的‘通行证’。攻击者目前处于‘拥有凭证但尚未大规模利用’的临界状态。

[意图图谱映射]：根据 ATT&CK 逻辑和 KG 上下文（如 Axiom, POWERTON, MuddyWater 等 APT 组织在获取凭证后的典型行为），获取凭证后的核心意图是‘利用’这些凭证。因此，下一步最自然的逻辑流向是利用这些凭证进行‘账户操作’（T1078）以建立持久会话，或者利用这些凭证进行",cat2_rl_correct_global_stays_correct,1.6177177429199219
1994,T1135,T1070 || T1070 || T1112 || T1027 || T1027 || T1553 || T1218 || T1218 || T1078 || T1003 || T1003 || T1003 || T1087 || T1087 || T1652 || T1083 || T1046,1,3,1,1,12.038962364196777,3.356795072555542,12.038962364196777,10.47617244720459,T1135 (12.04) | T1012 (9.75) | T1018 (9.41),T1069 (4.97) | T1016 (3.73) | T1135 (3.36),T1135 (12.04) | T1012 (9.75) | T1018 (9.41),T1135 (10.48) | T1012 (8.36) | T1018 (8.24),"[战术阶段评估]：前缀序列以 T1652 (Exploitation for Client Execution) 开始，随后紧跟 T1083 (File and Directory Discovery) 和 T1046 (Network Service Discovery)。这表明攻击者刚刚完成了一次初始入侵（可能是通过漏洞利用），并立即进入了侦察阶段，同时扫描本地文件系统结构和网络服务端口。这是典型的‘立足后侦察’阶段，旨在评估环境以寻找下一步攻击目标。

[已获资产推演]：攻击者目前拥有通过 T1652 获得的初始执行权限（可能是低权限用户或系统级权限，取决于漏洞利用结果）。通过 T1083 和 T1046，攻击者已经掌握了目标系统的文件分布情况（如文档、配置文件位置）以及网络拓扑信息（如开放的 SSH、Redis 或特定应用端口）。此时，攻击者尚未建立持久化，也未进行横向移动，但已具备识别高价值目标（如包含敏感数据的文件或易受攻击的服务）的能力。

[意图图谱映射]：结合 KG Context，T1083 和 T1046 是发现阶段的核心技术。在发现阶段完成后，攻击者的逻辑下一步",cat2_rl_correct_global_stays_correct,1.6154215335845947
139,T1087,T1059 || T1059 || T1203 || T1053 || T1053 || T1204 || T1204 || T1204 || T1047 || T1098 || T1098 || T1098 || T1098 || T1098 || T1547 || T1037 || T1037 || T1136,1,4,1,1,9.783491134643555,3.456244468688965,9.783491134643555,8.644586563110352,T1087 (9.78) | T1546 (7.23) | T1543 (6.51),T1543 (5.06) | T1546 (4.29) | T1055 (3.65),T1087 (9.78) | T1546 (7.23) | T1543 (6.51),T1087 (8.64) | T1546 (6.70) | T1543 (6.25),"[战术阶段评估]：攻击前缀序列显示攻击者首先通过 T1059 (Command and Scripting Interpreter) 执行初始载荷，随后利用 T1203 (Exploitation for Client Execution) 和 T1047 (Windows Management Instrumentation) 进行横向移动或本地提权。关键转折在于 T1098 (Account Manipulation) 的多次重复执行，这通常意味着攻击者正在创建或修改账户以建立长期访问权限。紧接着的 T1547 (Boot or Logon Initialization Scripts) 和 T1037 (Boot or Logon Initialization Scripts) 是典型的持久化手段，特别是 T1037 在 KG Context 中明确关联到通过注册表键值（如 UserInitMprLogonScript）添加启动脚本。序列最后以 T1136 (Create Account) 结束，这进一步确认了攻击者正在构建一个完整的持久化环境（新账户 + 启动脚本）。

[已获",cat2_rl_correct_global_stays_correct,1.6069488525390625
1367,T1070,T1222 || T1222 || T1562 || T1562 || T1562,1,2,1,1,12.494256019592285,3.7323687076568604,12.494256019592285,10.917116165161133,T1070 (12.49) | T1036 (9.38) | T1656 (8.74),T1562 (5.33) | T1070 (3.73) | T1027 (1.97),T1070 (12.49) | T1036 (9.38) | T1656 (8.74),T1070 (10.92) | T1036 (7.97) | T1562 (7.66),"[战术阶段评估]：前缀序列以 T1222（磁盘加密）连续两次开始，随后是 T1562（防御规避）连续三次。T1222 通常用于勒索或破坏，而 T1562 的连续执行（特别是 T1562.004 防火墙修改和 T1562.001 工具禁用）表明攻击者正处于‘巩固阶段’的尾声，正在系统性地清除安全软件、关闭防御机制并阻断网络通信，以确保恶意载荷（如加密程序或后门）能无干扰地运行或持久化。

[已获资产推演]：攻击者已经成功执行了防御规避操作，意味着他们目前掌握了系统的控制权，并且已经成功绕过了或破坏了主要的防御层（防火墙、杀毒软件）。此时，攻击者通常已经完成了初始访问和权限提升，当前的资产状态是‘拥有高权限但防御已失效’。他们可能已经部署了加密脚本或后门，但尚未进行横向移动或数据外传，因为防御机制刚刚被清除。

[意图图谱映射]：在防御机制（T1562）被彻底清除后，攻击者的逻辑意图通常转向利用已建立的权限进行更深层的操作。根据 ATT&CK 图谱，防御规避后的自然流向是：1. 利用已清除的防御进行横向移动（T1021）；2. 建立持久化机制（T1547/T1543）以防重启后丢失；3. ",cat2_rl_correct_global_stays_correct,1.597801923751831
2061,T1090,T1071 || T1071 || T1573 || T1573 || T1571,1,3,1,1,10.517400741577148,5.516310691833496,10.517400741577148,9.617204666137695,T1090 (10.52) | T1105 (8.69) | T1102 (7.62),T1105 (7.11) | T1573 (6.08) | T1090 (5.52),T1090 (10.52) | T1105 (8.69) | T1102 (7.62),T1090 (9.62) | T1105 (8.41) | T1102 (6.77),"[战术阶段评估]：前缀序列以 T1071 (应用层协议) 开始，随后是 T1573 (加密通道) 的重复执行，最后以 T1571 (非标准端口) 结束。这表明攻击者已经成功建立了隐蔽的通信链路，并正在通过加密（T1573）和非常规端口（T1571）来规避检测。当前处于 C2 通信建立与加固阶段，而非初始访问或执行阶段。

[已获资产推演]：基于 T1071 和 T1573 的序列，攻击者已经获得了目标网络的初步访问权限，并成功在受控主机上部署了能够与 C2 服务器进行加密通信的代理或模块。攻击者目前掌握的是“通信通道”这一资产，但尚未明确展示对特定系统文件、凭证或内部横向移动路径的深入控制。T1571 的加入暗示攻击者正在优化通道的隐蔽性，为后续更敏感的操作做准备。

[意图图谱映射]：在 ATT&CK 知识图谱中，T1571 (非标准端口) 和 T1573 (加密) 通常作为 T1071 (应用层协议) 的增强手段。一旦通信通道被确认稳定且隐蔽（如前缀所示），攻击者的逻辑下一步通常是利用该通道进行实质性操作。根据 APT 行为模式，建立 C2 后最常见的后续动作包括：1) 收集更多凭",cat2_rl_correct_global_stays_correct,1.5941753387451172
1874,T1053,T1053 || T1053 || T1547 || T1053,1,7,1,1,14.8910551071167,3.196817636489868,14.8910551071167,12.786091804504395,T1053 (14.89) | T1547 (7.52) | T1140 (7.17),T1078 (4.79) | T1134 (4.69) | T1547 (4.49),T1053 (14.89) | T1547 (7.52) | T1140 (7.17),T1053 (12.79) | T1547 (6.98) | T1140 (6.52),"[战术阶段评估]：前缀序列以 T1053 (Scheduled Task/Job) 开始，随后是 T1547 (Boot or Logon Autostart Execution)，最后再次回到 T1053。T1547 通常紧随 T1053 之后，用于将 T1053 创建的定时任务注册为系统启动项或登录项，确保持久化生效。序列末尾再次出现 T1053，表明攻击者正在对持久化机制进行微调、修复或创建新的定时任务以维持控制。整体处于‘持久化 (Persistence)'战术阶段的收尾或巩固期。

[已获资产推演]：攻击者已经成功在目标系统上创建了具有系统级或用户级权限的定时任务，并确保了这些任务在系统重启或用户登录时能够自动执行。这意味着攻击者目前掌握了‘持久化执行环境’，即只要系统运行，恶意负载就会定期或触发式地运行。攻击者尚未表现出明显的横向移动或数据窃取行为，当前核心资产是‘受控的定时执行通道’。

[意图图谱映射]：基于 KG Context，Lucifer、Saint Bot、NETWIRE 等恶意软件均利用 T1053.005 建立持久化。在持久化机制稳固后，攻击者的逻辑下一步",cat2_rl_correct_global_stays_correct,1.5884244441986084
1799,T1587,T1589 || T1589 || T1591 || T1598 || T1192 || T1583 || T1583 || T1587,1,5,1,1,10.911121368408203,5.001884937286377,10.911121368408203,9.847458839416504,T1587 (10.91) | T1585 (9.69) | T1583 (9.62),T1608 (6.58) | T1584 (6.09) | T1586 (5.65),T1587 (10.91) | T1585 (9.69) | T1583 (9.62),T1587 (9.85) | T1585 (8.77) | T1583 (8.53),"[战术阶段评估]：前缀序列以 T1583 (收集资源) 和 T1587 (收集凭据) 结尾。T1583 的重复出现表明攻击者正在积极构建或验证其基础设施（如 C2 服务器、域名、GitHub 仓库），而 T1587 表明攻击者正在尝试获取访问这些资源所需的凭证。这标志着攻击者正处于从‘侦察/资源构建’向‘初始访问/持久化’过渡的关键阶段，即基础设施已就绪，正在准备建立连接。

[已获资产推演]：基于 T1583 和 T1587 的组合，攻击者目前掌握了：1) 一个或多个用于通信的受控基础设施（如 GitHub 仓库、C2 域名或中继节点）；2) 针对该基础设施或目标系统的部分凭据（如 GitHub 令牌、SSH 密钥或 Web 服务凭据）。攻击者尚未执行明确的执行（Execution）或持久化（Persistence）动作，但已具备执行这些动作的‘钥匙’和‘大门’。

[意图图谱映射]：结合 KG Context，ZIRCONIUM 和 Winnti 等组织利用 T1583 托管恶意载荷或 C2，利用 T1587 获取访问权限。在拥有基础设施和凭据后，攻击者的逻辑下一步必然是利用这些资",cat2_rl_correct_global_stays_correct,1.5746989250183105
679,T1566,T1589 || T1589 || T1598 || T1192 || T1583 || T1583 || T1583 || T1585 || T1588 || T1588 || T1608 || T1608 || T1608 || T1189,1,2,1,1,12.119159698486328,6.015382766723633,12.119159698486328,11.020479202270508,T1566 (12.12) | T1190 (9.02) | T1133 (7.64),T1190 (7.59) | T1566 (6.02) | T1133 (5.62),T1566 (12.12) | T1190 (9.02) | T1133 (7.64),T1566 (11.02) | T1190 (8.76) | T1133 (7.28),"[战术阶段评估]：前缀序列以 T1608 (Upload Malware) 的重复执行和 T1189 (Drive-by Compromise) 结尾。T1608 代表攻击者正在将恶意载荷上传至受控基础设施（如 CDN、云存储），而 T1189 代表利用这些已托管的恶意内容诱导受害者访问（如通过钓鱼链接或恶意网站）。这表明攻击者已完成‘载荷分发准备’阶段，正处于‘诱导受害者执行’的关键节点。

[已获资产推演]：基于 T1589 (Gather Victim Info), T1598 (Phishing), T1192 (Supply Chain), T1583 (Acquire Infrastructure), T1585 (Establish Capabilities), T1588 (Acquire Capabilities) 等前序步骤，攻击者已构建了完整的攻击链条：从情报收集、基础设施搭建、能力获取到最终的恶意载荷托管。目前，攻击者已掌握‘已托管的恶意载荷’和‘诱导访问的入口点’，但尚未确认是否成功获取受害者权限。

[意图图谱映射]：结合 KG Context，T1608 ",cat2_rl_correct_global_stays_correct,1.5714387893676758
1848,T1078,T1059 || T1203 || T1133 || T1505 || T1505,1,2,1,1,9.731511116027832,3.5348873138427734,9.731511116027832,8.616118431091309,T1078 (9.73) | T1505 (7.75) | T1218 (4.91),T1505 (5.10) | T1078 (3.53) | T1176 (1.64),T1078 (9.73) | T1505 (7.75) | T1218 (4.91),T1078 (8.62) | T1505 (7.27) | T1176 (4.09),"[战术阶段评估]：前缀序列 T1059 (Command and Scripting Interpreter) -> T1203 (Exploit Public-Facing Application) -> T1133 (External Remote Services) -> T1505 (Server Software Component) -> T1505。最后两步重复 T1505，且结合 KG Context 中关于 T1505.003 (Web Shell) 的明确关联，表明攻击者已经成功利用 Web 应用漏洞（T1203）或远程服务（T1133）部署了 Web Shell，并正在通过该 Web Shell 进行持续的命令执行或配置加固。当前处于“持久化建立”向“初始访问维持”过渡的阶段，核心资产是 Web Shell。

[已获资产推演]：攻击者目前掌握了目标 Web 服务器的控制权（通过 Web Shell）。这通常意味着攻击者拥有该 Web 服务账户的权限，可能已具备读取敏感文件、执行系统命令的能力，但尚未明确获得域管理员权限或横向移动到其他主机的凭证。攻击者处于“立足",cat2_rl_correct_global_stays_correct,1.56174898147583
437,T1053,T1547 || T1053 || T1053 || T1078 || T1134 || T1547 || T1060 || T1068,1,4,1,1,11.915496826171875,3.5844357013702393,11.915496826171875,10.415905952453613,T1053 (11.92) | T1055 (8.45) | T1140 (6.17),T1574 (5.14) | T1055 (4.85) | T1078 (4.15),T1053 (11.92) | T1055 (8.45) | T1140 (6.17),T1053 (10.42) | T1055 (7.81) | T1574 (5.55),"[战术阶段评估]：前缀序列以 T1547 (Persistence) 开始，随后是 T1053 (Command and Scripting Interpreter) 和 T1078 (Valid Accounts)，表明攻击者已建立持久化并获取了初始访问权限。序列中段出现了 T1134 (Access Token Manipulation) 和 T1060 (Registry Run Keys / Startup Folder)，这通常是为了提升权限或确保在特定用户会话下的持久化。最后两步 T1060 和 T1068 (Impair Defenses) 是关键信号：T1060 再次确认了持久化机制的部署，而 T1068 则明确指向攻击者正在尝试通过提升进程权限（如从低权限用户提升至 SYSTEM）来绕过安全限制。这标志着攻击者正处于从‘初始访问/持久化’向‘权限提升/防御规避’过渡，并准备进行‘横向移动’或‘数据窃取’的关键节点。

[已获资产推演]：基于 T1078 和 T1134，攻击者目前至少掌握了一个有效的用户账户，并可能已经通过令牌操作获得了该账户的更高权限上下文。结合 T",cat2_rl_correct_global_stays_correct,1.5545480251312256
1193,T1547,T1566 || T1566 || T1195 || T1195 || T1078 || T1059 || T1059 || T1059 || T1059 || T1059 || T1203 || T1053 || T1053 || T1569 || T1569 || T1047 || T1098 || T1098 || T1197,1,2,1,1,9.39422607421875,2.846447706222534,9.39422607421875,8.215625762939453,T1547 (9.39) | T1136 (8.13) | T1098 (6.51),T1098 (4.40) | T1547 (2.85) | T1078 (2.43),T1547 (9.39) | T1136 (8.13) | T1098 (6.51),T1547 (8.22) | T1136 (6.72) | T1098 (6.13),"[战术阶段评估]：攻击前缀序列显示攻击者已完成初始访问（T1566 钓鱼）、利用（T1195 恶意附件）、凭证获取（T1078 有效账户）和初始执行（T1059 命令执行）。随后进行了系统发现（T1203）、持久化（T1053 计划任务）、权限提升/账户操作（T1569 系统服务、T1047 远程服务、T1098 账户操纵）以及横向移动准备（T1197 远程服务）。最后两步 T1098（账户操纵）和 T1197（远程服务）表明攻击者正在通过修改账户属性（如添加组、重命名）来建立持久控制，并可能正在配置远程访问通道以进行后续操作。当前处于‘权限维持与横向移动准备’阶段。

[已获资产推演]：攻击者已掌握域管理员或高权限本地账户（T1078），并正在通过 T1098 进一步巩固这些账户的权限（如加入 Admin 组或重命名管理员账户）。T1197 的使用暗示攻击者可能正在配置 RDP 或类似服务，以便从外部或内部其他节点进行连接。攻击者目前拥有高权限的本地/域账户，并具备远程执行能力。

[意图图谱映射]：基于 KG Context，APT41 和 Lazarus 等组织在 T1098 后",cat2_rl_correct_global_stays_correct,1.551652193069458
759,T1583,T1595 || T1595 || T1592 || T1592 || T1589 || T1589 || T1589 || T1590 || T1590 || T1591 || T1591 || T1598 || T1192 || T1583 || T1583,1,3,1,1,11.397835731506348,4.166771411895752,11.397835731506348,10.096243858337402,T1583 (11.40) | T1584 (7.25) | T1591 (7.24),T1608 (5.71) | T1586 (5.44) | T1583 (4.17),T1583 (11.40) | T1584 (7.25) | T1591 (7.24),T1583 (10.10) | T1586 (6.75) | T1584 (6.27),"[战术阶段评估]：前缀序列以 T1595 (Active Scanning) 和 T1592 (Gather Victim Host Information) 开始，随后是 T1589 (Gather Victim Identity Information) 和 T1590 (Gather Victim Network Information)，最后两步为 T1192 (Gather Victim Host Information) 和 T1583 (Gather Victim Host Information)。这表明攻击者已经完成了从网络扫描、主机信息收集到身份和特定主机信息获取的完整侦察阶段。序列中 T1583 的重复出现（特别是最后两步）强烈暗示攻击者正在利用已建立的资产（如 GitHub 仓库、C2 域名或僵尸网络节点）来进一步巩固其基础设施或准备分发载荷。

[已获资产推演]：基于 T1595-T1592-T1589-T1590 的序列，攻击者已掌握目标网络的拓扑结构、关键主机列表及用户身份特征。结合 KG Context 中提到的 ZIRCONIUM 使用 GitHub ",cat2_rl_correct_global_stays_correct,1.543971061706543
1479,T1578,T1098 || T1136 || T1087 || T1133 || T1078 || T1586 || T1098 || T1098 || T1068 || T1078 || T1586 || T1656 || T1578 || T1578,1,3,1,1,8.724357604980469,0.5639434456825256,8.724357604980469,7.255483150482178,T1578 (8.72) | T1078 (7.40) | T1027 (6.82),T1574 (2.09) | T1078 (1.28) | T1578 (0.56),T1578 (8.72) | T1078 (7.40) | T1027 (6.82),T1578 (7.26) | T1078 (6.30) | T1027 (5.23),"[战术阶段评估]：前缀序列以 T1656 (Cloud Account) 和 T1578 (Cloud Storage) 结尾，且 T1578 连续出现两次。T1656 通常涉及创建或接管云账户，而 T1578 涉及云存储（如快照、实例）。连续两次 T1578 结合 KG Context 中提到的 'Create Snapshot' (T1578.001) 和 'Create Cloud Instance' (T1578.002)，表明攻击者正在利用已获取的权限在云环境中进行基础设施的持久化或资源构建。这标志着攻击已从单纯的凭证窃取/横向移动阶段，正式进入‘云基础设施构建与持久化’阶段。

[已获资产推演]：基于 T1098 (Account Manipulation), T1136 (Cloud Account), T1087 (Discovery), T1078 (Valid Accounts) 等前置技术，攻击者已经获得了高权限的云账户访问权（可能是管理员或具有创建资源权限的 IAM 角色）。连续执行 T1578 意味着他们正在利用这些权限创建新的云资源（如 VM、快照）或修改现",cat2_rl_correct_global_stays_correct,1.5307369232177734
951,T1071,T1204 || T1546 || T1546 || T1053 || T1053 || T1546 || T1546 || T1053 || T1053 || T1218 || T1218 || T1071,1,5,1,1,12.618785858154297,1.5872511863708496,12.618785858154297,10.633110046386719,T1071 (12.62) | T1590 (9.64) | T1105 (8.52),T1218 (3.11) | T1105 (2.90) | T1078 (2.22),T1071 (12.62) | T1590 (9.64) | T1105 (8.52),T1071 (10.63) | T1590 (7.97) | T1105 (7.51),"[战术阶段评估]：前缀序列显示攻击者经历了多次 T1546 (Persistence) 和 T1053 (Scheduled Task) 的交替，随后执行了 T1218 (System Binary Proxy Execution) 两次，最后以 T1071 (Application Layer Protocol) 结束。T1218 通常用于在本地执行恶意载荷（如 DLL 或 EXE），而紧随其后的 T1071 表明攻击者正在尝试建立网络通信。这种 '执行本地载荷 -> 尝试网络通信' 的模式强烈暗示攻击者刚刚成功部署了第二阶段载荷（C2 Agent），并正在尝试建立与命令控制服务器的连接。当前处于 'Command and Control' 战术阶段的初期，即 C2 建立阶段。

[已获资产推演]：基于 T1546 和 T1053 的重复执行，攻击者已确保持久化机制生效。T1218 的执行意味着攻击者已经成功在目标系统上运行了恶意代码（可能是通过 rundll32 或 msiexec 调用的 DLL/EXE）。结合 KG Context 中提到的 Gamaredon 和 SDBbot",cat2_rl_correct_global_stays_correct,1.5192627906799316
1173,T1071,T1560 || T1560 || T1185 || T1005 || T1074 || T1074 || T1114 || T1114 || T1114 || T1056 || T1056 || T1113 || T1071 || T1071,1,3,1,1,13.336977005004883,9.025936126708984,13.336977005004883,12.560989379882812,T1071 (13.34) | T1105 (11.38) | T1590 (11.05),T1132 (10.54) | T1001 (10.00) | T1071 (9.03),T1071 (13.34) | T1105 (11.38) | T1590 (11.05),T1071 (12.56) | T1105 (10.65) | T1590 (10.65),"[战术阶段评估]：前缀序列以 T1113 (数据收集 - 系统信息收集) 和 T1071 (网络通信 - 应用层协议) 结尾。T1113 表明攻击者正在收集目标系统的详细配置、硬件或软件信息，这通常发生在建立稳定连接后、进行横向移动或数据外传前的侦察阶段。T1071 的重复出现（特别是结合 KG Context 中提到的 Web/DNS/SMTP 协议）表明攻击者正在利用这些协议进行命令与控制（C2）通信或数据回传。最后两步的组合暗示攻击者已完成初步侦察，正在通过特定协议（如 HTTP 或 DNS）维持通道或传输数据。

[已获资产推演]：基于 T1560 (归档/加密)、T1185 (数据投送)、T1005 (本地数据收集)、T1074 (数据窃取)、T1114 (远程数据收集) 等前置技术，攻击者已经成功获取了目标系统的本地数据，并可能已经通过某种方式将数据打包或准备传输。攻击者目前拥有对目标系统的访问权限（可能是用户级或系统级），并且已经建立了稳定的 C2 通道（T1071）。

[意图图谱映射]：结合 KG Context，T1071 的后续动作通常与 C2 的持续性、隐蔽性或",cat2_rl_correct_global_stays_correct,1.5140209197998047
791,T1132,T1550 || T1550 || T1560 || T1560 || T1005 || T1039 || T1113 || T1071 || T1071 || T1132,1,3,1,1,11.225996017456055,6.315983772277832,11.225996017456055,10.342193603515625,T1132 (11.23) | T1105 (10.41) | T1071 (9.87),T1001 (7.82) | T1071 (7.32) | T1132 (6.32),T1132 (11.23) | T1105 (10.41) | T1071 (9.87),T1132 (10.34) | T1071 (9.41) | T1105 (9.40),"[战术阶段评估]：前缀序列显示攻击者经历了初始访问（T1550 凭据访问/绕过）、数据收集（T1560 归档/压缩）、本地数据发现（T1005 本地数据、T1039 系统信息、T1113 屏幕捕获）以及网络通信配置（T1071 应用层协议）。最后两步 T1071 || T1071 || T1132 表明攻击者正在频繁尝试建立或维持应用层通信（T1071），并紧接着执行了凭据收集（T1132 凭据转储）。这标志着攻击者已从‘数据收集与准备’阶段过渡到‘凭据窃取与横向移动准备’阶段，且通信通道已初步建立。

[已获资产推演]：基于 T1005, T1039, T1113，攻击者已掌握目标系统的文件系统结构、系统配置及屏幕信息。T1132 的执行意味着攻击者正在尝试获取系统内的明文或哈希凭据。结合 T1071 的反复出现，攻击者已具备初步的 C2 通道，并正在利用该通道进行凭据的提取或传输。此时，攻击者最核心的资产是‘已获取的凭据’和‘已建立的 C2 通道’。

[意图图谱映射]：在获取凭据（T1132）并确认通信（T1071）后，攻击者的逻辑下一步必然是利用这些新获取的凭据进行身份验证以扩",cat2_rl_correct_global_stays_correct,1.5043692588806152
223,T1056,T1218 || T1078 || T1078 || T1110 || T1110 || T1555,1,2,1,1,12.178057670593262,6.029067516326904,12.178057670593262,11.07123851776123,T1056 (12.18) | T1555 (10.14) | T1003 (6.70),T1003 (7.53) | T1056 (6.03) | T1555 (4.63),T1056 (12.18) | T1555 (10.14) | T1003 (6.70),T1056 (11.07) | T1555 (9.15) | T1003 (6.85),"[战术阶段评估]：前缀序列以 T1110 (Brute Force) 连续两次出现，紧接着是 T1555 (Credentials from Password Stores)。这表明攻击者刚刚完成了高强度的凭证暴力破解尝试，并成功获取了明文密码或哈希值，随后立即利用这些凭证去提取系统或应用中的存储凭证（如 LSASS 内存、注册表、浏览器存储等）。这标志着攻击者正处于从‘凭证获取’向‘凭证滥用’过渡的关键战术阶段。

[已获资产推演]：基于 T1110 和 T1555 的组合，攻击者目前极大概率已经掌握了至少一个有效的域账户或本地账户的明文密码，甚至可能获取了 NTLM 哈希或 Kerberos TGT。他们拥有了初步的‘身份’，但尚未在目标网络中建立稳定的持久化连接或进行横向移动。

[意图图谱映射]：在获取了有效凭证（T1110）和存储凭证（T1555）后，攻击者的核心逻辑意图是‘利用’这些身份。根据 ATT&CK 图谱，获取凭证后的标准下一步是‘访问’（Access）或‘执行’（Execution）。攻击者需要利用这些新获取的凭据登录到新的系统（横向移动）或提升当前权限。因此，预",cat2_rl_correct_global_stays_correct,1.5019965171813965
292,T1543,T1204 || T1047 || T1547 || T1543 || T1543 || T1133 || T1574 || T1574 || T1112 || T1053 || T1053 || T1505 || T1505 || T1078 || T1548 || T1548 || T1547 || T1060,1,4,1,1,10.171141624450684,3.2516908645629883,10.171141624450684,8.925640106201172,T1543 (10.17) | T1004 (8.53) | T1574 (7.22),T1574 (4.74) | T1027 (4.35) | T1053 (3.45),T1543 (10.17) | T1004 (8.53) | T1574 (7.22),T1543 (8.93) | T1574 (6.77) | T1004 (6.74),"[战术阶段评估]：前缀序列最后几步为 T1548 (T1548.002 绕过 UAC) -> T1547 (T1547.001 注册表启动项) -> T1060 (注册表修改)。这表明攻击者刚刚完成了权限提升（绕过 UAC）并正在建立或加固持久化机制（修改注册表启动项）。T1060 紧随 T1547 之后，通常意味着在创建启动项后，攻击者需要进一步修改注册表以隐藏痕迹、配置参数或确保启动项生效。当前处于‘持久化建立与加固’阶段，且刚刚获得了系统级或高权限用户级的执行能力。

[已获资产推演]：攻击者已掌握目标系统的注册表写入权限（通过 T1548 绕过 UAC 获得），并成功植入了持久化载荷（T1547）。此时，攻击者通常已经拥有了一个稳定的、随系统启动自动运行的执行环境。他们可能已经获取了当前用户的凭证，或者正在尝试利用该持久化点执行后续载荷。

[意图图谱映射]：基于 KG Context，Pikabot 和 Reaver 等恶意软件在建立持久化后，通常会立即执行其核心功能（如下载、C2 通信、凭证窃取）。T1060 的注册表修改往往是为了配置 C2 地址、加密密钥或隐藏启动项。因",cat2_rl_correct_global_stays_correct,1.488682746887207
844,T1055,T1070 || T1070 || T1112 || T1027 || T1027 || T1055,1,4,1,1,10.02910041809082,4.6509108543396,10.02910041809082,9.061026573181152,T1055 (10.03) | T1553 (9.36) | T1218 (9.22),T1218 (6.14) | T1553 (5.09) | T1078 (4.91),T1055 (10.03) | T1553 (9.36) | T1218 (9.22),T1055 (9.06) | T1218 (8.66) | T1553 (8.59),"[战术阶段评估]：前缀序列以 T1027 (Obfuscated Files or Information) 连续两次，紧接着 T1055 (Process Injection) 结束。T1027 代表攻击者正在对恶意载荷进行混淆或加壳处理，通常发生在交付后、执行前，或者为了规避检测而进行的二次处理。T1055 的出现标志着攻击者已经成功执行了恶意代码，并正在尝试将恶意代码注入到合法进程中，这是典型的持久化或横向移动前的准备阶段。序列从 T1070 (清除痕迹) 开始，中间穿插 T1112 (修改注册表启动项) 和 T1027，最后以 T1055 收尾，显示攻击者可能在进行一次复杂的、多阶段的攻击，或者在尝试通过注入来维持访问并规避基于文件扫描的检测。

[已获资产推演]：攻击者已经成功执行了恶意代码（因为 T1055 需要执行上下文），并且正在利用进程注入技术。这意味着攻击者目前拥有目标系统上的用户级或系统级执行权限，并且已经能够控制或挂钩到特定的进程。T1027 的连续出现暗示攻击者可能正在处理多个载荷，或者在注入前对载荷进行了动态混淆以绕过实时防护。

[意图图谱映射]：T105",cat2_rl_correct_global_stays_correct,1.4842982292175293
1326,T1586,T1598 || T1192 || T1593 || T1583 || T1583 || T1583 || T1586,1,3,1,1,11.332277297973633,4.785477161407471,11.332277297973633,10.153853416442871,T1586 (11.33) | T1584 (7.39) | T1003 (6.30),T1583 (6.26) | T1588 (5.35) | T1586 (4.79),T1586 (11.33) | T1584 (7.39) | T1003 (6.30),T1586 (10.15) | T1584 (6.84) | T1078 (4.33),"[战术阶段评估]：前缀序列显示攻击者首先执行了 T1598 (Active Scanning) 和 T1192 (Vulnerability Scanning) 进行侦察，随后进入 T1593 (Search Open Websites) 和多次 T1583 (Acquire Infrastructure)。最后一步 T1586 (Acquire Capabilities) 表明攻击者正在获取具体的攻击工具或能力。整个序列处于攻击链的‘准备阶段’（Pre-Attack），即攻击者正在构建基础设施并获取必要工具，尚未进入初始访问或执行阶段。

[已获资产推演]：基于 T1583 的多次重复，攻击者已经成功获取了网络基础设施（如域名、服务器、C2 节点或僵尸网络节点）。结合 T1586，攻击者目前掌握了用于后续攻击的‘武器库’（如恶意软件、漏洞利用代码、凭证窃取工具等）。此时攻击者拥有‘攻击平台’和‘攻击弹药’，但尚未将其部署到目标环境中。

[意图图谱映射]：根据 KG Context，ZIRCONIUM 和 Winnti 等组织在获取基础设施（T1583）后，通常紧接着利用这些设施进行",cat2_rl_correct_global_stays_correct,1.47517728805542
929,T1546,T1204 || T1546,1,4,1,1,9.538620948791504,1.2031397819519043,9.538620948791504,8.03823471069336,T1546 (9.54) | T1574 (7.53) | T1053 (6.92),T1053 (2.66) | T1204 (2.44) | T1140 (1.27),T1546 (9.54) | T1574 (7.53) | T1053 (6.92),T1546 (8.04) | T1574 (6.18) | T1053 (6.15),"[战术阶段评估]：前缀序列以 T1204 (用户初始访问) 开始，紧接着是 T1546 (权限提升)。T1204 代表攻击者通过诱饵（如恶意链接或文件）成功诱导用户执行了恶意载荷。T1546 代表攻击者正在利用系统机制（如辅助功能特性）来维持持久性或提升权限，特别是上下文提到的 T1546.008 (辅助功能) 常用于绕过登录屏幕或获取系统级权限。这表明攻击者已经完成了初始入侵和初步的权限维持/提升阶段，正处于从‘访问’向‘执行’或‘横向移动’过渡的关键节点。

[已获资产推演]：基于 T1204 和 T1546 的组合，攻击者目前至少拥有目标系统的用户级访问权限，并且通过 T1546.008 可能已经获得了更高的系统权限（System）或能够绕过认证机制。攻击者已经成功在目标主机上植入了持久化机制，并可能已经获取了执行代码的能力。

[意图图谱映射]：在成功获得权限并建立持久化后，攻击者的逻辑下一步通常是利用当前权限执行恶意代码（Execution）以窃取数据、建立反向连接或进行横向移动。根据 ATT&CK 战术逻辑，执行阶段（T1059）是紧随权限提升后的自然步骤。此外，攻击者可能",cat2_rl_correct_global_stays_correct,1.4519436359405518
1908,T1587,T1681 || T1587,1,3,1,1,11.689403533935547,2.7368829250335693,11.689403533935547,10.077949523925781,T1587 (11.69) | T1585 (10.41) | T1584 (8.56),T1585 (4.16) | T1588 (3.55) | T1587 (2.74),T1587 (11.69) | T1585 (10.41) | T1584 (8.56),T1587 (10.08) | T1585 (9.28) | T1584 (6.79),"[战术阶段评估]：前缀序列 T1681 (Account Manipulation) 后接 T1587 (Acquire Capabilities)。T1681 通常用于在攻击初期建立持久性或提升权限，而 T1587 紧随其后，表明攻击者正在利用已获取的权限或访问点来部署特定的攻击工具（如自定义恶意软件、Webshell 或签名证书）。这标志着攻击者正从‘建立立足点’向‘部署攻击载荷’阶段过渡。

[已获资产推演]：基于 T1681 和 T1587 的组合，攻击者目前至少掌握了一个受控的账户（可能是本地管理员或域管理员）以及一个可以执行代码或上传文件的环境。KG Context 显示 PROMETHIUM 和 LuminousMoth 等组织在 T1587 阶段常使用自签名证书或自定义恶意软件。这意味着攻击者当前拥有部署自定义载荷所需的执行环境，且可能已经具备了代码签名能力或正在准备利用该能力。

[意图图谱映射]：在获取了执行环境并完成了能力获取（T1587）后，攻击者的逻辑下一步必然是利用这些新部署的载荷进行实际攻击。KG Context 中提到的‘信息窃取’和‘上传 Webshe",cat2_rl_correct_global_stays_correct,1.4240496158599854
381,T1053,T1078 || T1078 || T1098 || T1543 || T1501 || T1543 || T1484 || T1484 || T1055 || T1053,1,3,1,1,14.804194450378418,3.5777721405029297,14.804194450378418,12.783438682556152,T1053 (14.80) | T1078 (7.42) | T1140 (6.61),T1078 (5.00) | T1564 (4.21) | T1053 (3.58),T1053 (14.80) | T1078 (7.42) | T1140 (6.61),T1053 (12.78) | T1078 (6.98) | T1140 (5.47),"[战术阶段评估]：攻击前缀序列显示攻击者首先通过 T1078（有效账户）建立初始立足点，随后利用 T1098（账户操作）和 T1543（创建/修改启动项）进行持久化。T1484（组策略修改）和 T1055（进程注入）的连续出现，特别是结合 KG Context 中提到的 'Empire' 利用组策略安装恶意任务，以及 'Lucifer' 和 'Orz' 利用计划任务和进程注入的行为，表明攻击者正处于从‘持久化建立’向‘横向移动’或‘权限提升’过渡的关键阶段。最后两步 T1484 和 T1055 的组合，意味着攻击者已经成功在目标系统上植入了高权限的持久化机制（通过 GPO），并正在通过注入进程来隐藏自身或提升当前会话的权限，为后续的大规模行动做准备。

[已获资产推演]：基于 T1484（组策略修改）和 T1055（进程注入），攻击者目前极有可能已经获得了域控制器或关键服务器的系统级（SYSTEM）权限，或者至少是拥有高权限的域管理员账户。KG Context 明确指出 Empire 利用 GPO 安装任务，这通常意味着攻击者已经能够控制域策略，从而在域内所有受管机器上执行代码。T10",cat2_rl_correct_global_stays_correct,1.4202723503112793
2088,T1053,T1587 || T1588 || T1588 || T1190 || T1078 || T1586 || T1059 || T1059 || T1059 || T1053 || T1053 || T1098 || T1098 || T1098 || T1556 || T1556 || T1053,1,3,1,1,14.207032203674316,3.6083970069885254,14.207032203674316,12.299277305603027,T1053 (14.21) | T1547 (5.23) | T1505 (5.13),T1003 (5.02) | T1556 (3.95) | T1053 (3.61),T1053 (14.21) | T1547 (5.23) | T1505 (5.13),T1053 (12.30) | T1505 (3.95) | T1068 (3.61),"[战术阶段评估]：前缀序列以 T1556 (T1556.002 或 .003) 两次执行后，紧接着执行了 T1053 (Scheduled Task/Job)。T1556 属于‘持久化’战术，旨在建立长期凭证窃取机制；T1053 属于‘执行’战术，通常用于触发持久化载荷或执行特定命令。最后两步的组合表明攻击者刚刚部署了凭证窃取组件（如密码过滤器），并立即通过计划任务验证其运行或触发其工作，标志着‘持久化建立’阶段已收尾，正准备进入‘凭证访问’或‘横向移动’阶段。

[已获资产推演]：攻击者目前尚未直接展示 T1003 (Credential Dumping) 或 T1078 (Valid Accounts) 的后续利用动作，但 T1556 的部署意味着攻击者正在构建一个‘被动’的凭证收集环境。结合前缀中的 T1078 (Valid Accounts) 和 T1098 (Account Manipulation)，攻击者已经拥有了域控或关键服务器的访问权限，并正在通过 T1556 确保未来即使凭据变更也能持续获取明文密码。此时，攻击者最核心的资产是‘正在运行的凭证窃取钩子’。

[意图图",cat2_rl_correct_global_stays_correct,1.4123954772949219
615,T1069,T1552 || T1087 || T1087 || T1087 || T1217 || T1046 || T1201 || T1120 || T1069 || T1069,1,2,1,1,12.304903030395508,6.79166316986084,12.304903030395508,11.312519073486328,T1069 (12.30) | T1057 (10.33) | T1012 (8.37),T1057 (8.19) | T1069 (6.79) | T1012 (5.01),T1069 (12.30) | T1057 (10.33) | T1012 (8.37),T1069 (11.31) | T1057 (9.94) | T1012 (7.76),"[战术阶段评估]：前缀序列以 T1120 (Active Directory Discovery) 和 T1069 (Permission Groups Discovery) 结尾，且 T1069 重复出现。这表明攻击者正处于‘发现 (Discovery)'战术阶段的后期，具体聚焦于 Active Directory 环境中的权限组结构分析。重复执行 T1069 暗示攻击者正在验证特定组（如 Domain Admins）的成员资格或尝试扩大对组信息的掌握。

[已获资产推演]：基于 T1552 (Credential Access) 和 T1087 (Account Discovery) 的前置操作，攻击者已获取了部分凭证并枚举了本地/域账户。结合 T1120 和 T1069 的上下文，攻击者目前掌握了域内用户与组的映射关系，特别是识别出了高价值组（如 Domain Admins）的存在及其成员构成。KG Context 明确指出 BlackCat 等组织利用此步骤确认用户是否拥有域管理员权限，说明攻击者已锁定高权限目标。

[意图图谱映射]：在确认了高权限组（如 Domain Adm",cat2_rl_correct_global_stays_correct,1.4010467529296875
1531,T1071,T1112 || T1553 || T1557 || T1557 || T1539 || T1083 || T1033 || T1091 || T1557 || T1557 || T1560 || T1005 || T1071,1,4,1,1,13.44550895690918,3.4256174564361572,13.44550895690918,11.641928672790527,T1071 (13.45) | T1105 (9.12) | T1132 (7.60),T1074 (4.82) | T1105 (4.21) | T1560 (3.58),T1071 (13.45) | T1105 (9.12) | T1132 (7.60),T1071 (11.64) | T1105 (8.24) | T1132 (6.52),"[战术阶段评估]：前缀序列最后两步为 T1560 (Archive via Utility) 和 T1005 (Data from Local System)，紧接着是 T1071 (Application Layer Protocol)。T1560 和 T1005 的组合表明攻击者刚刚完成了对本地敏感数据的收集与压缩打包，这是典型的“数据准备”阶段。随后的 T1071 标志着攻击者正在尝试建立或维持与外部控制服务器的通信通道，意图将打包好的数据传出。整体处于从“数据收集/准备”向“数据外传”过渡的关键战术阶段。

[已获资产推演]：基于 T1083 (File and Directory Discovery)、T1033 (System Owner/User Discovery)、T1091 (Replication Through Removable Media) 以及 T1005，攻击者已经完成了对目标系统的全面侦察，并确认了本地存储的敏感数据（如文档、配置等）。T1560 的执行意味着攻击者已经掌握了具体的、经过压缩处理的“数据资产包”，具备了立即外传的条件。

[意图图谱映射",cat2_rl_correct_global_stays_correct,1.3967053890228271
392,T1070,T1078 || T1078 || T1098 || T1543 || T1501 || T1543 || T1484 || T1484 || T1055 || T1053 || T1053 || T1078 || T1078 || T1140 || T1484 || T1484 || T1562 || T1562 || T1562,1,3,1,1,11.489029884338379,6.220963001251221,11.489029884338379,10.540777206420898,T1070 (11.49) | T1562 (8.04) | T1656 (7.82),T1656 (7.61) | T1562 (7.00) | T1070 (6.22),T1070 (11.49) | T1562 (8.04) | T1656 (7.82),T1070 (10.54) | T1562 (7.85) | T1656 (7.78),"[战术阶段评估]：攻击前缀序列以 T1562 (Disable or Modify System Firewall/Tools) 的重复执行结束。T1562 属于防御规避（Defense Evasion）战术。序列中多次出现 T1078 (Valid Accounts) 和 T1543 (Create or Modify System Process) 表明攻击者已建立持久化并拥有高权限。最后连续三次 T1562 操作，结合 KG Context 中关于 Rocke 和 H1N1 利用脚本杀死进程、修改防火墙规则以阻止其他竞争者（如加密矿机）或安全软件的行为，表明攻击者正处于‘清理战场’或‘确保环境安全’的防御规避阶段，旨在消除干扰，为后续核心操作铺平道路。

[已获资产推演]：基于 T1078 和 T1543 的多次出现，攻击者已掌握系统级权限（System/Administrator）并建立了持久化后门。T1055 (Process Injection) 和 T1053 (Scheduled Task) 的穿插使用进一步证实了攻击者正在利用系统进程和计划任务进行隐蔽操作。当前的 T",cat2_rl_correct_global_stays_correct,1.3919768333435059
415,T1083,T1003 || T1003 || T1003 || T1003 || T1087 || T1087,1,2,1,1,11.541075706481934,3.461918830871582,11.541075706481934,10.086827278137207,T1083 (11.54) | T1087 (9.98) | T1217 (9.06),T1087 (4.84) | T1083 (3.46) | T1482 (2.82),T1083 (11.54) | T1087 (9.98) | T1217 (9.06),T1083 (10.09) | T1087 (9.05) | T1217 (7.50),"[战术阶段评估]：前缀序列以 T1003 (OS Credential Dumping) 开始，随后是 T1087 (Account Discovery)。最后两步为 T1087 || T1087，表明攻击者已经完成了凭证转储，并正在持续进行账户信息的枚举。这标志着攻击者正处于从‘凭证获取’向‘权限提升/横向移动准备’过渡的关键阶段。T1003 提供了明文或哈希凭证，而 T1087 正在利用这些凭证或系统权限来识别网络中的其他账户（本地或域账户）。

[已获资产推演]：基于 T1003 的多次执行，攻击者极大概率已经获取了本地管理员或系统级别的凭证（如 SAM 数据库中的哈希）。结合 T1087 的上下文（APT42 使用 POWERPOST，S-Type 使用 net user），攻击者目前掌握了目标机器的本地账户列表，甚至可能已经识别出域账户（如果 T1087.002 被触发）。攻击者目前拥有的是‘身份’层面的资产，即知道‘谁’存在，但尚未明确展示‘谁’拥有高权限或‘如何’利用这些身份进行下一步行动。

[意图图谱映射]：在获取了本地账户列表（T1087）和凭证（T1003）后，攻",cat2_rl_correct_global_stays_correct,1.3792219161987305
21,T1056,T1078 || T1586 || T1140 || T1036 || T1036 || T1036 || T1027 || T1078 || T1586,1,3,1,1,8.940574645996094,6.024555683135986,8.940574645996094,8.415691375732422,T1056 (8.94) | T1110 (8.31) | T1555 (6.99),T1110 (7.40) | T1078 (6.36) | T1056 (6.02),T1056 (8.94) | T1110 (8.31) | T1555 (6.99),T1056 (8.42) | T1110 (8.14) | T1555 (6.51),"[战术阶段评估]：前缀序列以 T1027 (Obfuscated Files or Information) 和 T1078 (Valid Accounts) 结尾，随后紧跟 T1586 (Software Accounts)。T1027 通常用于在交付阶段对载荷进行加壳或混淆，而 T1078 和 T1586 表明攻击者正在利用或建立合法的凭证访问权限。序列中多次出现的 T1036 (Masquerading) 和 T1027 暗示攻击者正在精心伪装其恶意软件以绕过检测，并可能正在尝试通过合法账户（如云服务账户或本地账户）进行持久化或横向移动。最后两步 T1078 || T1586 显示攻击者已经成功获取或正在配置账户凭证，这通常是执行后续恶意操作（如数据窃取、横向移动）的前置条件。

[已获资产推演]：基于 T1078 和 T1586，攻击者目前掌握了至少一个有效的用户账户权限（可能是本地账户、域账户或云账户）。结合 T1027 的加壳行为，攻击者已经具备了在目标环境中执行代码的能力，且该能力被伪装以规避检测。攻击者目前处于“已建立访问”但尚未进行大规模数据外传或深度横向移动的阶段。",cat2_rl_correct_global_stays_correct,1.3781065940856934
1245,T1053,T1133 || T1574 || T1574 || T1556 || T1556 || T1053,1,3,1,1,13.792413711547852,2.259671211242676,13.792413711547852,11.716520309448242,T1053 (13.79) | T1505 (6.58) | T1137 (6.24),T1003 (3.60) | T1556 (2.44) | T1053 (2.26),T1053 (13.79) | T1505 (6.58) | T1137 (6.24),T1053 (11.72) | T1505 (5.23) | T1556 (4.94),"[战术阶段评估]：前缀序列以 T1556 (Access Token Manipulation / Access Token Manipulation via Password Filter) 两次出现，紧接着是 T1053 (Scheduled Task/Job)。T1556 通常用于持久化并窃取凭证，而 T1053 是典型的执行机制。序列显示攻击者刚刚完成了凭证窃取/过滤器的注册（T1556），并立即配置了定时任务（T1053）来确保恶意载荷或凭证窃取逻辑的持续运行。这表明攻击者正处于从‘建立持久化’向‘利用窃取凭证进行横向移动或权限提升’过渡的关键节点。

[已获资产推演]：基于 T1556 (Password Filter DLL) 的上下文，攻击者已经成功在域控制器或关键节点注册了恶意密码过滤器。这意味着攻击者现在能够实时捕获明文密码。结合 T1053 的调度执行，攻击者不仅拥有持久化能力，还极有可能已经获取了高价值凭证（如域管理员凭据）或正在等待凭据捕获。攻击者目前掌握的资产是‘已捕获的凭证’和‘受控的调度执行环境’。

[意图图谱映射]：在获取凭证（T1556）并建立持久",cat2_rl_correct_global_stays_correct,1.341057300567627
985,T1505,T1059 || T1059 || T1059 || T1106 || T1053 || T1053 || T1053 || T1569 || T1569 || T1204 || T1204 || T1204 || T1543 || T1543 || T1112 || T1053 || T1053 || T1053,1,5,1,1,8.487428665161133,2.6855061054229736,8.487428665161133,7.443082809448242,T1505 (8.49) | T1078 (6.48) | T1548 (6.27),T1053 (4.02) | T1548 (3.44) | T1569 (3.09),T1505 (8.49) | T1078 (6.48) | T1548 (6.27),T1505 (7.44) | T1078 (5.80) | T1548 (5.76),"[战术阶段评估]：前缀序列以 T1053 (Scheduled Task/Command and Scripting Interpreter) 结尾，且连续三次出现。结合 KG Context 中提到的 SpeakUp、Dragonfly、Rancor 等 APT 组织均利用 T1053 进行持久化（Persistence），可以判断攻击者刚刚完成了或正在执行针对目标系统的持久化建立阶段。序列中穿插的 T1543 (Create or Modify System Process) 和 T1112 (Modify Registry) 进一步佐证了这是系统层面的持久化配置过程。当前战术阶段处于 'Persistence'（持久化）的收尾或验证期。

[已获资产推演]：攻击者已经成功在目标系统上建立了执行环境（通过 T1059 执行脚本/命令），并配置了自动触发机制（T1053）。这意味着攻击者目前掌握了目标系统的‘执行权’和‘自动触发权’。他们拥有了一个能够定期或触发式运行的恶意载荷入口点，但尚未利用该入口点执行更高级别的操作（如横向移动或数据窃取），因为持久化本身是手段而非最终目的。

",cat2_rl_correct_global_stays_correct,1.3375942707061768
1097,T1027,T1559 || T1106 || T1204 || T1204 || T1204 || T1112 || T1078 || T1078 || T1055 || T1055 || T1078 || T1078 || T1140 || T1562 || T1562 || T1112,1,3,1,1,9.986971855163574,6.270210266113281,9.986971855163574,9.317955017089844,T1027 (9.99) | T1055 (7.68) | T1070 (6.47),T1070 (7.60) | T1562 (6.99) | T1027 (6.27),T1027 (9.99) | T1055 (7.68) | T1070 (6.47),T1027 (9.32) | T1055 (7.16) | T1070 (6.67),"[战术阶段评估]：前缀序列以 T1562 (Disable or Modify System Firewall) 和 T1112 (Modify Registry) 结尾。T1562 的重复执行表明攻击者正在积极清除或修改系统防御机制（特别是防火墙），而紧随其后的 T1112 通常用于持久化这些修改或配置恶意启动项。这标志着攻击者正处于‘防御规避’与‘持久化建立’的收尾阶段，旨在为后续的高权限操作或横向移动扫清障碍。

[已获资产推演]：基于序列 T1559 (Command and Scripting Interpreter) -> T1106 (Native API) -> T1204 (User Execution) -> T1112 (Registry) -> T1078 (Valid Accounts) -> T1055 (Process Injection) -> T1140 (Process Hollowing) -> T1562 (Firewall Disable)，攻击者已经完成了初始访问、执行、权限提升（通过注入和空心化）、账户利用以及防御规避。攻击者目前极有可能已",cat2_rl_correct_global_stays_correct,1.3308992385864258
1668,T1053,T1093 || T1053,1,3,1,1,13.185880661010742,4.163992404937744,13.185880661010742,11.56194019317627,T1053 (13.19) | T1140 (6.69) | T1078 (6.46),T1078 (5.49) | T1505 (4.29) | T1053 (4.16),T1053 (13.19) | T1140 (6.69) | T1078 (6.46),T1053 (11.56) | T1078 (6.29) | T1140 (5.82),"[战术阶段评估]：前缀序列 T1093 (系统信息发现) 后紧跟 T1053 (命令和脚本执行)。T1093 表明攻击者刚刚完成了对目标系统环境（如操作系统版本、用户列表、服务状态等）的初步侦察。T1053 紧随其后，且 KG Context 明确指出 T1053.003 (Cron) 和 T1053.005 (Scheduled Task) 是恶意软件（如 SpeakUp, Dragonfly, Rancor）用于建立持久性的典型手段。这表明攻击者正处于从‘侦察’向‘持久化’过渡的关键阶段，且刚刚执行了持久化操作。

[已获资产推演]：攻击者通过 T1093 掌握了目标系统的宏观信息，通过 T1053 成功在目标系统上植入了持久化机制（如定时任务）。这意味着攻击者目前拥有对目标系统的‘持久访问权’，但尚未进行横向移动或数据窃取。当前的资产状态是‘已驻留’但‘未活跃利用’（等待下一次触发或手动激活）。

[意图图谱映射]：根据 KG Context，恶意软件利用 Cron 或计划任务通常是为了确保在系统重启或时间到达时能再次执行恶意载荷。在成功建立持久化（T1053）后，攻击者的逻辑下",cat2_rl_correct_global_stays_correct,1.3275394439697266
519,T1204,T1559 || T1106 || T1053 || T1053,1,3,1,1,8.409445762634277,6.716137886047363,8.409445762634277,8.104650497436523,T1204 (8.41) | T1072 (6.39) | T1569 (5.82),T1569 (8.02) | T1053 (7.33) | T1204 (6.72),T1204 (8.41) | T1072 (6.39) | T1569 (5.82),T1204 (8.10) | T1569 (6.21) | T1053 (6.07),"[战术阶段评估]：前缀序列 T1559 (执行环境) -> T1106 (执行系统命令) -> T1053 (计划任务) -> T1053 (计划任务)。最后两步连续出现 T1053，且结合 KG Context 中关于 Lucifer、Saint Bot 等恶意软件利用 T1053.005 (计划任务) 建立持久性的描述，表明攻击者刚刚完成了利用计划任务进行持久化部署的关键步骤。当前战术阶段处于从‘初始访问/执行’向‘持久化’过渡并刚刚完成持久化配置的节点。

[已获资产推演]：攻击者通过 T1559 和 T1106 成功在目标系统上执行了恶意载荷，并通过 T1053 创建了计划任务。这意味着攻击者目前拥有该计划任务所对应的执行上下文权限（通常是 SYSTEM 或当前用户权限，取决于任务配置），并且该恶意代码已具备在系统重启或特定时间触发后自动运行的能力。攻击者已掌握了一个稳定的、可重复触发的执行通道。

[意图图谱映射]：在成功建立持久化（T1053）后，攻击者的逻辑意图通常分为两类：一是验证持久化是否生效（通过触发任务或检查任务状态），二是利用这个新建立的通道进行后续操作（如横向",cat2_rl_correct_global_stays_correct,1.2989749908447266
474,T1119,T1560 || T1560,1,5,1,1,10.394721984863281,4.8080291748046875,10.394721984863281,9.389117240905762,T1119 (10.39) | T1560 (9.54) | T1005 (8.55),T1005 (6.11) | T1074 (6.04) | T1213 (5.65),T1119 (10.39) | T1560 (9.54) | T1005 (8.55),T1119 (9.39) | T1560 (8.71) | T1005 (8.11),"[战术阶段评估]：前缀序列显示攻击者连续两次执行了 T1560 (收集数据并压缩/归档)。这明确表明攻击者处于数据收集后的处理阶段，即数据准备阶段。攻击者正在将收集到的敏感数据打包，通常是为了减小体积、隐藏内容或便于传输。

[已获资产推演]：基于 T1560 的上下文（如 APT1 压缩文件、Volt Typhoon 压缩 ntds.dit），攻击者目前掌握了目标网络中的关键数据资产（如文档、数据库文件等），并且已经完成了对这些资产的本地压缩处理。此时，数据处于“已收集且已压缩”的状态，但尚未离开受害网络。

[意图图谱映射]：在数据压缩完成后，攻击者的核心逻辑意图是数据外泄（Exfiltration）。根据 ATT&CK 战术流程，T1560 之后最直接的下一步是 T1041 (数据外泄) 或 T1048 (数据外泄)。此外，为了规避检测，攻击者可能会在传输前进行加密（T1560.002 或 T1564.001）或利用合法服务（T1567）进行传输。考虑到 KG 上下文中提到的“移动出受害网络”和“加密”，下一步极大概率涉及将压缩后的数据通过某种通道传出。因此，预测将围绕数据外泄（",cat2_rl_correct_global_stays_correct,1.297816276550293
1023,T1135,T1056 || T1056 || T1003 || T1003 || T1083 || T1046,1,5,1,1,11.572385787963867,5.1023736000061035,11.572385787963867,10.407783508300781,T1135 (11.57) | T1057 (10.35) | T1120 (8.66),T1057 (6.40) | T1018 (6.30) | T1069 (6.21),T1135 (11.57) | T1057 (10.35) | T1120 (8.66),T1135 (10.41) | T1057 (9.64) | T1018 (7.84),"[战术阶段评估]：前缀序列以 T1003 (Credential Dumping) 开始，随后是 T1083 (File Discovery) 和 T1046 (Network Service Discovery)。T1003 标志着攻击者已获取本地凭证，进入凭证滥用准备阶段。T1083 和 T1046 是典型的侦察（Reconnaissance）行为，分别针对本地文件系统结构和网络服务端口。这表明攻击者已完成初始立足点的建立和凭证获取，正在通过本地和远程侦察来绘制网络拓扑和寻找高价值目标。当前处于从‘初始访问/凭证获取’向‘横向移动/目标选择’过渡的关键阶段。

[已获资产推演]：基于 T1003，攻击者已掌握当前主机的本地管理员或系统级凭证（如 NTLM 哈希、明文密码）。结合 T1083 和 T1046，攻击者已识别出本地关键文件路径以及网络中暴露的服务（如 SSH, Redis, 特定端口服务）。此时，攻击者拥有‘本地凭证’和‘网络服务发现结果’，具备了发起横向移动所需的‘钥匙’和‘地图’。

[意图图谱映射]：在获取凭证并发现网络服务后，攻击者的核心逻辑意图是利用这些凭证访问",cat2_rl_correct_global_stays_correct,1.2936720848083496
504,T1553,T1140 || T1564 || T1562 || T1562 || T1036 || T1036 || T1036 || T1027 || T1027 || T1027 || T1620,1,2,1,1,9.957267761230469,4.183455944061279,9.957267761230469,8.91798210144043,T1553 (9.96) | T1055 (9.29) | T1218 (8.78),T1027 (5.47) | T1553 (4.18) | T1056 (3.46),T1553 (9.96) | T1055 (9.29) | T1218 (8.78),T1553 (8.92) | T1055 (7.92) | T1218 (7.41),"[战术阶段评估]：前缀序列显示攻击者首先执行了 T1140（删除痕迹）和 T1564（隐藏文件/目录），随后进行了多次 T1036（进程伪装）和 T1027（软件打包/混淆）。最后两步是 T1027（再次打包/混淆）和 T1620（捕获凭据）。这表明攻击者正处于攻击的‘持久化与防御规避’阶段，特别是针对恶意载荷的二次封装和凭据窃取后的清理/隐藏。T1620 的出现通常意味着攻击者刚刚获取了凭据，或者正在为后续利用凭据做准备，而紧随其后的 T1027 暗示攻击者正在对包含新获取凭据的载荷或工具进行重新打包以绕过检测。

[已获资产推演]：基于 T1620（捕获凭据）和 T1036（伪装），攻击者目前很可能已经获取了本地或域账户的凭据（如 NTLM 哈希、明文密码或 Kerberos TGT），并可能已经控制了至少一个初始访问点。攻击者目前掌握的资产是‘已获取的凭据’和‘经过混淆的恶意载荷’。

[意图图谱映射]：结合 KG Context，T1027 常与 Machete、GALLIUM 等恶意软件关联，这些组织在获取凭据后，通常会利用这些凭据进行横向移动或提升权限。T1620 后的逻辑",cat2_rl_correct_global_stays_correct,1.2905011177062988
723,T1070,T1543 || T1543 || T1068 || T1574 || T1574 || T1055 || T1053 || T1053 || T1078 || T1078 || T1222 || T1222 || T1564 || T1564 || T1574 || T1574 || T1070,1,2,1,1,11.116714477539062,4.535872459411621,11.116714477539062,9.932162284851074,T1070 (11.12) | T1036 (9.66) | T1112 (6.23),T1036 (5.82) | T1070 (4.54) | T1027 (3.39),T1070 (11.12) | T1036 (9.66) | T1112 (6.23),T1070 (9.93) | T1036 (8.97) | T1027 (5.65),"[战术阶段评估]：攻击前缀序列显示攻击者经历了初始访问（T1078）、持久化（T1543）、权限提升（T1068, T1055, T1053）以及防御规避（T1222, T1564）。序列末尾的 T1574（修改启动项/进程启动）重复出现，紧接着是 T1070（清除日志）。这表明攻击者刚刚完成了对系统启动机制的修改（可能是为了持久化或加载恶意 DLL），并立即执行了日志清理以掩盖这些修改痕迹。这是典型的‘建立持久化 -> 清理痕迹’的闭环操作。

[已获资产推演]：基于 T1078（账户窃取/登录）和 T1068（提权），攻击者已拥有高权限（SYSTEM 或 Administrator）。T1574 的重复执行暗示攻击者可能正在利用合法的系统组件（如 DLL 侧加载）来维持这种高权限访问，或者正在准备一个更隐蔽的持久化机制。此时，攻击者已完全控制目标主机，并清除了部分审计日志。

[意图图谱映射]：根据 KG Context，Lazarus 和 Metamorfo 等组织在 T1574 后常进行 DLL 侧加载或恢复恶意代码。T1070 的清理动作通常是为了确保后续操作不被发现。在清理",cat2_rl_correct_global_stays_correct,1.2819056510925293
159,T1057,T1680 || T1069 || T1069,1,3,1,1,9.500521659851074,2.0890984535217285,9.500521659851074,8.166465759277344,T1057 (9.50) | T1082 (8.64) | T1069 (8.29),T1012 (3.36) | T1213 (2.10) | T1057 (2.09),T1057 (9.50) | T1082 (8.64) | T1069 (8.29),T1057 (8.17) | T1012 (7.39) | T1082 (7.25),"[战术阶段评估]：前缀序列 T1680 (收集加密密钥) 后紧跟两次 T1069 (发现权限组)。T1680 通常发生在攻击者已获取初步访问权限并试图锁定数据（勒索）或准备横向移动之前。随后的 T1069 重复执行，表明攻击者正在系统性地枚举本地或域内的用户组信息，这是典型的‘权限提升’或‘横向移动准备’阶段的侦察行为。攻击者不再满足于单点访问，而是试图理解权限边界。

[已获资产推演]：基于 T1680 和 T1069 的组合，攻击者目前至少掌握了一个受控主机（Compromised Host）的访问权限，并且已经能够读取该主机上的组策略或本地组信息。攻击者可能已经识别出该主机上的高价值账户（如 Domain Admin 或本地管理员），或者正在确认当前账户是否属于特权组。资产状态从‘单点入侵’向‘权限映射’过渡。

[意图图谱映射]：结合 KG Context，BlackCat、Volt Typhoon 和 MURKYTOP 等威胁组织在发现权限组（T1069）后，核心意图通常是利用发现的组信息来执行权限提升（T1068）或进行横向移动（T1021）。既然已经确认了组信息，下一步最",cat2_rl_correct_global_stays_correct,1.2747578620910645
959,T1053,T1053 || T1053 || T1548 || T1548 || T1547 || T1060 || T1037 || T1037 || T1543 || T1543 || T1068 || T1055,1,3,1,1,10.930834770202637,3.366771697998047,10.930834770202637,9.569303512573242,T1053 (10.93) | T1093 (10.69) | T1055 (8.64),T1055 (4.62) | T1133 (3.63) | T1053 (3.37),T1053 (10.93) | T1093 (10.69) | T1055 (8.64),T1053 (9.57) | T1093 (8.79) | T1055 (7.92),"[战术阶段评估]：攻击前缀序列显示攻击者已经完成了初始访问（T1053 执行）、持久化建立（T1548 启动/登录脚本、T1547 启动项、T1060 注册表运行、T1037 启动脚本、T1543 服务）以及权限提升（T1068 注入）。最后两步 T1068（注入）和 T1055（进程注入/扩展）表明攻击者正在利用已获取的权限，将恶意代码注入到合法进程中，这通常是执行阶段（Execution）或防御规避（Defense Evasion）的关键步骤，旨在隐藏恶意行为或获取更高权限。结合 KG Context 中提到的 Carbanak 和 WannaCry 利用服务（T1543.003）以及 Orz 利用进程空心化（T1055.012），当前状态处于‘利用注入技术进行隐蔽执行或权限维持’的过渡期。

[已获资产推演]：基于 T1543（服务）和 T1068/T1055（注入），攻击者目前极可能已经获得了 SYSTEM 级别的权限（通过服务）或已控制高权限进程（如 lsass.exe, svchost.exe 等）。攻击者已具备在目标系统上长期驻留的能力，并正在尝试通过注入技术绕过安全软件",cat2_rl_correct_global_stays_correct,1.2528233528137207
377,T1078,T1078 || T1078 || T1098 || T1543 || T1501 || T1543 || T1484 || T1484 || T1055 || T1053 || T1053,1,2,1,1,10.164528846740723,4.278094291687012,10.164528846740723,9.10496997833252,T1078 (10.16) | T1053 (6.70) | T1548 (6.01),T1505 (5.52) | T1078 (4.28) | T1569 (3.67),T1078 (10.16) | T1053 (6.70) | T1548 (6.01),T1078 (9.10) | T1053 (6.11) | T1548 (5.32),"[战术阶段评估]：前缀序列以 T1053 (Command and Scripting Interpreter: Scheduled Task/Job) 结尾，且连续两次出现。结合前序的 T1055 (Process Injection) 和 T1484 (Domain Trusts/Group Policy)，攻击者刚刚完成了从初始访问、凭证获取、权限提升到持久化建立的完整闭环。最后两步的 T1053 明确指向利用计划任务进行持久化，这是典型的‘建立立足点’阶段的收尾动作。

[已获资产推演]：基于 T1078 (Valid Accounts) 和 T1098 (Account Manipulation)，攻击者已拥有合法或篡改后的账户权限。T1484 表明攻击者可能已获取域内高权限或信任关系。T1055 和 T1053 的组合表明攻击者已具备在目标系统上执行任意代码的能力，并且该代码具有持久性（即使重启或用户注销后仍能运行）。此时，攻击者已稳固地控制了目标主机。

[意图图谱映射]：在成功建立持久化（T1053）后，攻击者的逻辑下一步通常是利用这个稳固的立足点执行恶意载荷。KG C",cat2_rl_correct_global_stays_correct,1.2390012741088867
230,T1087,T1218 || T1078 || T1078 || T1110 || T1110 || T1555 || T1056 || T1056 || T1003 || T1003 || T1552 || T1552,1,3,1,1,13.953315734863281,7.135732650756836,13.953315734863281,12.726150512695312,T1087 (13.95) | T1083 (9.33) | T1552 (7.08),T1003 (8.37) | T1552 (7.27) | T1087 (7.14),T1087 (13.95) | T1083 (9.33) | T1552 (7.08),T1087 (12.73) | T1083 (8.31) | T1552 (7.12),"[战术阶段评估]：前缀序列显示攻击者已完成初始访问（T1078）和持久化（T1110），随后进入凭证获取阶段。T1555（Credentials from Password Stores）和 T1056（Input Capture）表明攻击者正在积极收集明文密码和凭据。T1003（OS Credential Dumping）是典型的本地凭据转储技术，通常用于获取系统级或用户级哈希。最后两步 T1552（Credential Access）的重复出现，结合 KG Context 中提到的 TrickBot、Valak 等恶意软件通过注册表（T1552.002）窃取特定应用（如 PuTTY）或邮件凭据的行为，表明攻击者当前正处于‘深度凭证挖掘’阶段，专门针对注册表中的敏感配置和密钥进行提取。

[已获资产推演]：基于 T1003 和 T1552 的组合，攻击者目前极大概率已经获取了本地系统的 SAM/LSA 哈希、NTLM 哈希，以及特定应用程序（如 SSH 密钥、邮件客户端、远程管理工具）的明文凭据或私钥。这些资产构成了横向移动和权限提升的关键燃料。

[意图图谱映射]：在获取了本地哈希",cat2_rl_correct_global_stays_correct,1.2353744506835938
443,T1087,T1003 || T1003 || T1003,1,3,1,1,9.816166877746582,5.8550872802734375,9.816166877746582,9.103172302246094,T1087 (9.82) | T1552 (9.50) | T1003 (8.58),T1552 (7.08) | T1003 (6.32) | T1087 (5.86),T1087 (9.82) | T1552 (9.50) | T1003 (8.58),T1087 (9.10) | T1552 (9.07) | T1003 (8.17),"[战术阶段评估]：前缀序列显示攻击者连续三次执行 T1003 (OS Credential Dumping)。这表明攻击者已经完成了初始入侵（如通过 T1059 或 T1005 等），并正在深入进行凭证窃取阶段。连续多次执行通常意味着攻击者在尝试不同的凭证转储方法（如 LSASS、SAM、NTDS.dit 等）以确保获取高价值凭证，或者在获取凭证后尝试进行横向移动前的验证。当前处于‘凭证访问’战术阶段的核心环节，且极可能即将进入‘凭证转储后的利用’或‘横向移动’阶段。

[已获资产推演]：基于 T1003 的连续执行，攻击者目前极大概率已经获取了本地管理员权限、域管理员哈希、或特定服务的凭据。他们掌握了能够用于身份验证的敏感数据（如 NTLM 哈希、明文密码、Kerberos TGT/TGS）。这些资产是进行后续横向移动（Lateral Movement）和权限提升（Privilege Escalation）的关键燃料。

[意图图谱映射]：根据 ATT&CK 逻辑，获取凭证后的标准攻击路径是立即利用这些凭证进行横向移动。KG Context 中提到的 Axiom、POWERTON、M",cat2_rl_correct_global_stays_correct,1.2253351211547852
1068,T1569,T1059 || T1059 || T1106 || T1053 || T1053 || T1072,1,3,1,1,10.809093475341797,4.172122955322266,10.809093475341797,9.614439010620117,T1569 (10.81) | T1204 (8.13) | T1047 (6.03),T1078 (5.40) | T1053 (4.21) | T1569 (4.17),T1569 (10.81) | T1204 (8.13) | T1047 (6.03),T1569 (9.61) | T1204 (7.21) | T1047 (5.28),"[战术阶段评估]：前缀序列以 T1053 (Scheduled Task/Command and Scripting Interpreter) 连续两次出现，紧接着是 T1072 (Remote Services)。T1053 的重复出现通常意味着攻击者正在建立或验证持久化机制（如 Cron 或计划任务），而 T1072 的出现表明攻击者已经成功建立了远程连接通道（如 RDP, SSH, SMB 等）。这表明攻击者刚刚完成了从初始访问到持久化建立的过渡，并正在利用该通道进行后续操作。当前处于战术阶段：Persistence (持久化) 向 Command and Control (C2) 或 Lateral Movement (横向移动) 的过渡期。

[已获资产推演]：基于 T1053 和 T1072 的组合，攻击者目前掌握了目标系统的本地执行权限（通过计划任务/Cron）以及远程服务访问权限。KG Context 中提到 SpeakUp 和 Dragonfly 等组织利用 T1053 进行持久化，这暗示攻击者可能已经植入了恶意负载或配置了定时执行机制。T1072 确认了攻击者可以远",cat2_rl_correct_global_stays_correct,1.2242431640625
13,T1075,T1218 || T1218 || T1221 || T1550,1,3,1,1,11.496129989624023,3.594346523284912,11.496129989624023,10.073808670043945,T1075 (11.50) | T1550 (9.33) | T1557 (7.86),T1078 (4.81) | T1550 (4.01) | T1075 (3.59),T1075 (11.50) | T1550 (9.33) | T1557 (7.86),T1075 (10.07) | T1550 (8.37) | T1078 (7.19),"[战术阶段评估]：前缀序列 T1218 (System Binary Proxy Execution) 重复出现，随后是 T1221 (Template Injection) 和 T1550 (Credentials)。这表明攻击者已经完成了初始载荷的加载（通过 Rundll32/Msiexec 等代理执行），并可能利用模板注入技术（如 Office 宏或文档模板）来持久化或进一步执行代码。最后一步 T1550 明确指向凭证获取或传递（如 Pass the Hash），这是从初始访问/执行阶段向权限提升和横向移动过渡的关键节点。

[已获资产推演]：基于 T1550 的出现，攻击者目前极大概率已经获取了本地或域内的用户凭证哈希（Hashes）或明文密码。结合 Gamaredon 和 Wizard Spider 的上下文，攻击者已具备利用这些凭证进行身份验证的能力，但尚未展示明确的横向移动或数据窃取行为。此时，攻击者拥有的是‘身份’而非‘控制权’，下一步必须将身份转化为对目标系统的实际访问。

[意图图谱映射]：KG Context 中明确提到 Wizard Spider 使用 Pass",cat2_rl_correct_global_stays_correct,1.2195262908935547
1982,T1027,T1543 || T1546 || T1546 || T1574 || T1574 || T1078 || T1543 || T1543 || T1546 || T1546 || T1574 || T1574 || T1055 || T1055 || T1078 || T1678 || T1574 || T1574 || T1027,1,8,1,1,9.702723503112793,1.5036784410476685,9.702723503112793,8.226895332336426,T1027 (9.70) | T1055 (9.50) | T1542 (7.35),T1070 (2.69) | T1053 (2.56) | T1548 (2.48),T1027 (9.70) | T1055 (9.50) | T1542 (7.35),T1027 (8.23) | T1055 (7.93) | T1542 (6.06),"[战术阶段评估]：前缀序列显示攻击者反复执行 T1543 (创建持久化)、T1546 (修改启动项)、T1574 (组件篡改/DLL 劫持) 以及 T1078 (有效账户)。序列末尾的 T1574 || T1574 || T1027 表明攻击者刚刚完成了对系统组件的篡改（具体为 DLL 侧加载或劫持，结合 KG Context 指向 T1574.001），并紧接着执行了 T1027 (编译/编码/混淆)，这通常是为了隐藏恶意载荷或准备执行阶段。这标志着攻击者正处于从‘建立持久化/组件篡改’向‘执行恶意代码’过渡的关键节点。

[已获资产推演]：基于 T1078 和反复的 T1543/T1546，攻击者已拥有高权限（如 SYSTEM 或管理员）的本地账户，并成功在目标系统上植入了持久化机制。T1574 的重复执行暗示攻击者正在确保恶意 DLL 能够被系统加载。此时，攻击者已具备在系统启动或特定进程触发时执行恶意代码的能力，但尚未看到明确的执行动作（如 T1059 或 T1204）。

[意图图谱映射]：结合 KG Context 中关于 Metamorfo、Tropic Trooper ",cat2_rl_correct_global_stays_correct,1.188698172569275
463,T1572,T1003 || T1003 || T1003 || T1087 || T1087 || T1046 || T1018 || T1021 || T1560 || T1560 || T1119 || T1213 || T1213 || T1005 || T1074 || T1074 || T1573 || T1573 || T1095,1,4,1,1,8.707698822021484,5.637182235717773,8.707698822021484,8.155006408691406,T1572 (8.71) | T1571 (7.63) | T1102 (7.44),T1571 (6.82) | T1105 (6.08) | T1090 (6.00),T1572 (8.71) | T1571 (7.63) | T1102 (7.44),T1572 (8.16) | T1571 (7.49) | T1102 (6.83),"[战术阶段评估]：前缀序列最后两步为 T1573 (加密通信) 和 T1095 (非应用层协议)。T1573 代表攻击者正在对 C2 流量进行加密（如 KG 中提到的 AES/XOR），而 T1095 代表流量通过非标准协议（如 ICMP, DNS, HTTP 等）传输以规避检测。这表明攻击者已经完成了 C2 通道的建立和加固，当前处于‘隐蔽通信’阶段，而非初始访问或执行阶段。

[已获资产推演]：攻击者已经成功获取了系统权限（T1003 内存转储、T1087 账户枚举、T1046 网络服务发现、T1021 远程访问），并进行了数据收集（T1005 数据收集）和初步的持久化/数据操作（T1074 数据破坏/清理、T1119 自动命令）。T1560 压缩和 T1213 数据从外部源获取暗示攻击者正在准备将数据移出网络。此时，攻击者拥有对受害主机的完全控制权，并建立了安全的回传通道。

[意图图谱映射]：结合 KG Context，T1573 的加密通信通常是为了保护正在传输的敏感数据或确保 C2 指令的机密性。在建立了加密且隐蔽的通道（T1573 + T1095）后，攻击者的逻辑下一步通",cat2_rl_correct_global_stays_correct,1.1832847595214844
1521,T1557,T1112 || T1553 || T1557,1,2,1,1,7.6912760734558105,3.8894078731536865,7.6912760734558105,7.00693941116333,T1557 (7.69) | T1003 (6.09) | T1078 (5.68),T1078 (5.06) | T1557 (3.89) | T1218 (3.85),T1557 (7.69) | T1003 (6.09) | T1078 (5.68),T1557 (7.01) | T1078 (5.57) | T1110 (4.89),"[战术阶段评估]：前缀序列 T1112 (Modify Registry) -> T1553 (Subvert Trust Mechanisms) -> T1557 (Adversary-in-the-Middle) 显示攻击者正处于从‘持久化/配置’向‘防御规避’过渡的关键阶段。T1112 表明攻击者正在修改注册表以建立持久性或配置恶意行为；T1553 紧随其后，结合 KG 上下文（Medusa Group, MacMa），明确指向利用代码签名或驱动签名来绕过检测；T1557 则暗示攻击者可能正在利用中间人技术或配置代理以拦截流量或建立隐蔽通道。整体处于‘防御规避’与‘建立隐蔽通道’的混合阶段。

[已获资产推演]：基于 T1112 和 T1553，攻击者已经成功修改了系统配置（注册表），并可能已经部署了具有签名验证能力的恶意组件（如驱动或脚本）。攻击者目前掌握了系统的配置控制权，并试图利用信任机制（签名）来隐藏其活动。T1557 的存在暗示攻击者可能已经控制了部分网络流量或正在配置代理以绕过网络监控。

[意图图谱映射]：KG 上下文强调 Medusa Group 和 MacMa ",cat2_rl_correct_global_stays_correct,1.1656029224395752
1347,T1192,T1598,1,2,1,1,9.099496841430664,4.802303314208984,9.099496841430664,8.32600212097168,T1192 (9.10) | T1566 (7.68) | T1587 (6.23),T1566 (5.95) | T1192 (4.80) | T1608 (4.60),T1192 (9.10) | T1566 (7.68) | T1587 (6.23),T1192 (8.33) | T1566 (7.37) | T1190 (5.34),"[战术阶段评估]：前缀序列仅包含 T1598 (Impair Defenses)，具体子技术为 T1598.003 (Spearphishing Link)。在 ATT&CK 战术映射中，T1598 属于 'Initial Access' (TA0001) 阶段。这是攻击链的起始点，攻击者通过诱导用户点击恶意链接来建立初始接触。由于序列中只有这一步，说明攻击者刚刚完成或正在执行初始入侵尝试，尚未进入 'Execution' 或 'Persistence' 阶段。

[已获资产推演]：基于 T1598.003 的特性（钓鱼链接），攻击者目前尚未获得系统级权限或文件执行权。他们掌握的‘资产’仅限于诱导受害者访问恶意网站的能力。如果受害者点击了链接，攻击者最直接的收益是获取受害者的凭据（Credential Harvesting）或诱导受害者下载并执行恶意载荷（Payload Delivery）。此时，攻击者尚未建立持久化机制，也未进行横向移动。

[意图图谱映射]：结合 KG Context 中提到的 Dragonfly 和 Mustang Panda 案例，T1598.003 通常作为‘",cat2_rl_correct_global_stays_correct,1.142751693725586
1873,T1053,T1053,1,5,1,1,8.985633850097656,3.080838203430176,8.985633850097656,7.9227705001831055,T1053 (8.99) | T1078 (6.18) | T1204 (6.09),T1204 (4.22) | T1078 (3.74) | T1547 (3.29),T1053 (8.99) | T1078 (6.18) | T1204 (6.09),T1053 (7.92) | T1204 (5.75) | T1078 (5.74),"[战术阶段评估]：前缀序列仅包含 T1053（Scheduled Execution），且最后两步均为 T1053。这表明攻击者当前处于攻击链的早期阶段，具体为‘持久化（Persistence）’战术。攻击者正在利用系统调度机制（如 Cron 或计划任务）来确保恶意载荷在系统重启或用户登录后能够自动执行。

[已获资产推演]：基于 T1053 的执行，攻击者目前尚未获得高权限的交互式会话或横向移动能力。他们掌握的是‘执行环境’的持久化控制权，即确保恶意代码能在特定时间或事件触发下运行。此时攻击者通常拥有初始访问权限（如通过钓鱼或漏洞利用获得的低权限 shell），并正在尝试将其转化为长期驻留能力。

[意图图谱映射]：根据 KG Context，SpeakUp、Dragonfly 和 Rancor 等威胁组织在使用 T1053 后，通常紧接着会利用该调度机制触发恶意载荷的执行。因此，下一步最直接的逻辑是‘执行（Execution）’恶意文件。一旦调度任务触发，攻击者将执行具体的恶意二进制、脚本或 PowerShell 命令。此外，为了配合持久化，攻击者可能同时尝试‘凭证访问（Crede",cat2_rl_correct_global_stays_correct,1.1342592239379883
1633,T1012,T1003 || T1003 || T1552 || T1087 || T1087 || T1087 || T1010 || T1217 || T1083 || T1680 || T1654 || T1046 || T1120 || T1069 || T1069 || T1069 || T1057,1,2,1,1,10.706537246704102,6.833128452301025,10.706537246704102,10.009324073791504,T1012 (10.71) | T1018 (10.36) | T1082 (8.66),T1018 (7.96) | T1012 (6.83) | T1082 (5.15),T1012 (10.71) | T1018 (10.36) | T1082 (8.66),T1012 (10.01) | T1018 (9.93) | T1082 (8.02),"[战术阶段评估]：前缀序列以 T1069 (Local Group Discovery) 重复两次，紧接着是 T1057 (Process Discovery)。这表明攻击者刚刚完成了对本地权限组（如 Administrators, Users）的枚举，并立即转向了进程发现。这标志着攻击者正从‘权限结构分析’阶段过渡到‘进程/服务分析’阶段，旨在确认哪些进程以高权限运行，从而验证 T1069 的发现或寻找提权目标。

[已获资产推演]：基于 T1003 (OS Credential Dumping) 和 T1552 (Credentials from Password Stores) 的早期执行，攻击者已获取了系统凭证。随后的 T1087 (Account Discovery) 和 T1069 确认了攻击者已掌握本地账户列表及组关系。目前，攻击者处于‘权限映射’完成后的‘环境映射’阶段，已知的资产包括：本地管理员组列表、系统用户列表、以及当前运行的进程列表（T1057）。

[意图图谱映射]：在获取了本地组（T1069）和进程（T1057）信息后，攻击者的核心逻辑意图通常是：1. 确认",cat2_rl_correct_global_stays_correct,1.1287903785705566
1469,T1133,T1098 || T1136 || T1087,1,4,1,1,9.227875709533691,3.534383773803711,9.227875709533691,8.203046798706055,T1133 (9.23) | T1505 (6.58) | T1546 (6.22),T1543 (4.66) | T1087 (3.84) | T1053 (3.66),T1133 (9.23) | T1505 (6.58) | T1546 (6.22),T1133 (8.20) | T1505 (5.68) | T1053 (5.65),"[战术阶段评估]：前缀序列 T1098 (Account Manipulation) -> T1136 (Create Account) -> T1087 (Account Discovery) 显示攻击者正处于从‘建立持久化/后门’向‘信息收集’过渡的关键阶段。T1098 和 T1136 表明攻击者已经成功在目标系统上创建或操纵了本地账户（如 KG 中提到的 'supportaccount'），这通常是为了绕过检测或作为后续跳板。T1087 紧随其后，表明攻击者正在验证新账户的创建情况，并收集系统中所有本地账户的列表，以评估当前环境中的可用身份资源。

[已获资产推演]：基于 T1136 和 T1087 的组合，攻击者目前掌握了‘本地账户’级别的粗粒度资产。KG 上下文明确指出攻击者创建了名为 'supportaccount' 的本地账户，并正在通过类似 `net user` 或 PowerShell 脚本收集本地账户名。此时，攻击者尚未明确展示对域账户（Domain Account）的获取，其视野主要集中在本地环境（Local Account）。

[意图图谱映射]：在收集完本地账",cat2_rl_correct_global_stays_correct,1.1283469200134277
905,T1572,T1552 || T1482 || T1615 || T1135 || T1018 || T1082 || T1534 || T1021 || T1021 || T1021 || T1560 || T1213 || T1213 || T1074 || T1074 || T1074 || T1056 || T1105,1,3,1,1,11.258106231689453,7.702253341674805,11.258106231689453,10.618053436279297,T1572 (11.26) | T1102 (11.06) | T1090 (10.97),T1095 (8.83) | T1090 (8.51) | T1572 (7.70),T1572 (11.26) | T1102 (11.06) | T1090 (10.97),T1572 (10.62) | T1090 (10.53) | T1102 (9.86),"[战术阶段评估]：前缀序列最后两步为 T1074 (Data Staged) 和 T1056 (Keylogging)，紧接着是 T1105 (Ingress Tool Transfer)。T1074 和 T1056 属于‘收集’阶段，攻击者正在本地收集凭证（SSH 凭据、键盘输入）。T1105 的出现标志着战术阶段从‘收集’向‘命令与控制’或‘资源开发’过渡，通常用于将收集到的数据上传至 C2 服务器，或下载新的工具（如用于数据外传的加密工具）。

[已获资产推演]：基于 T1074 (Kobalos 写入 SSH 凭据) 和 T1056 (PoetRAT 记录键盘输入)，攻击者目前掌握了目标系统的本地凭证（SSH 密钥/密码）以及潜在的敏感输入数据。这些资产是进行横向移动或提升权限的关键。攻击者已具备在本地存储敏感数据的能力，并正在尝试通过 T1105 进行网络传输。

[意图图谱映射]：结合 KG Context，Kobalos 和 PoetRAT 的行为模式显示攻击者倾向于在收集数据后立即进行传输或进一步利用。T1105 作为连接点，极有可能是为了将 T1074/T1056 收",cat2_rl_correct_global_stays_correct,1.1257925033569336
1146,T1586,T1589 || T1589 || T1589 || T1591 || T1598 || T1192 || T1596 || T1593 || T1593 || T1593 || T1594 || T1583 || T1583 || T1583 || T1583,1,4,1,1,10.296844482421875,6.402538299560547,10.296844482421875,9.595870018005371,T1586 (10.30) | T1584 (9.09) | T1583 (8.02),T1587 (7.52) | T1584 (7.01) | T1583 (6.95),T1586 (10.30) | T1584 (9.09) | T1583 (8.02),T1586 (9.60) | T1584 (8.71) | T1583 (7.83),[战术阶段评估]：前缀序列以 T1583 (收集信息) 结尾，且连续三次出现。T1583 属于侦察阶段（Reconnaissance），具体子技术 T1583.006 (Web Services) 和 T1583.001 (Domains) 表明攻击者正在积极构建或验证其基础设施（如 C2 域名、恶意托管服务）。结合前序的 T1593 (通信框架) 和 T1594 (通信协议)，攻击者已完成从信息收集到基础设施搭建的闭环，目前处于攻击准备阶段的最后一步，即基础设施就绪。[已获资产推演]：攻击者目前掌握了针对目标环境的网络拓扑信息（T1591/T1598），并成功注册或控制了用于后续通信的域名和 Web 服务（T1583）。此时，攻击者尚未执行初始访问（Initial Access）或执行载荷（Execution），但已具备将载荷投递到目标并建立持久通信通道的能力。[意图图谱映射]：根据 KG Context，ZIRCONIUM 和 Winnti 等组织在建立基础设施（T1583）后，典型的下一步动作是利用这些基础设施进行初始入侵。逻辑上，攻击者需要利用已构建的 Web 服务或域名作为跳,cat2_rl_correct_global_stays_correct,1.1218781471252441
205,T1547,T1566 || T1566 || T1059 || T1059 || T1059 || T1059 || T1053 || T1053 || T1204 || T1204 || T1204,1,2,1,1,7.769814968109131,5.414060592651367,7.769814968109131,7.3457794189453125,T1547 (7.77) | T1047 (7.31) | T1053 (6.68),T1204 (6.53) | T1547 (5.41) | T1047 (4.73),T1547 (7.77) | T1047 (7.31) | T1053 (6.68),T1547 (7.35) | T1047 (6.85) | T1053 (5.84),"[战术阶段评估]：前缀序列以 T1204 (User Execution) 连续三次结束。T1204 属于初始访问阶段，通常指诱骗用户执行恶意文件。结合前序的 T1566 (Phishing) 和 T1059 (Command and Scripting Interpreter)，攻击者已经完成了从钓鱼邮件投递到用户点击执行恶意载荷的完整闭环。当前攻击处于初始访问成功后的临界点，即恶意代码刚刚在受害者机器上获得执行权。

[已获资产推演]：基于 T1204 的连续执行，攻击者目前掌握了受害者终端的‘用户级’执行权限。KG Context 明确指出 RedCurl 和 RTM 等组织利用恶意文件（T1204.002）进行感染，且涉及解压（decompressing）操作。这意味着攻击者刚刚触发了恶意载荷，但尚未建立持久化控制或横向移动，当前资产状态为‘已执行但未持久化的临时进程’。

[意图图谱映射]：根据 ATT&CK 逻辑，恶意文件执行后，攻击者的首要目标是确保在重启或会话结束后仍能控制目标，即建立‘持久化’。KG Context 中提到的‘解压’操作暗示了载荷可能包含多个组件，需要",cat2_rl_correct_global_stays_correct,1.1149134635925293
981,T1543,T1059 || T1059 || T1059 || T1106 || T1053 || T1053 || T1053 || T1569 || T1569 || T1204 || T1204 || T1204 || T1543,1,5,1,1,12.094499588012695,2.535513162612915,12.094499588012695,10.373882293701172,T1543 (12.09) | T1112 (7.06) | T1546 (6.88),T1053 (3.65) | T1574 (3.00) | T1547 (2.88),T1543 (12.09) | T1112 (7.06) | T1546 (6.88),T1543 (10.37) | T1546 (6.02) | T1112 (5.88),"[战术阶段评估]：前缀序列以 T1204 (Malicious Content) 重复三次，紧接着是 T1543 (Create or Modify System Process) 一次。T1204 代表攻击者通过恶意文件/链接诱导用户执行，这是初始访问阶段。T1543 代表攻击者成功在目标系统上创建了持久化机制（如注册表启动项、服务或计划任务）。这表明攻击者已经完成了从‘初始访问’到‘持久化’的跨越，当前处于攻击链的‘持久化’阶段末尾，正准备进入‘执行’或‘权限提升’阶段。

[已获资产推演]：基于 T1204 和 T1543 的组合，攻击者目前掌握了目标系统的‘用户级’或‘系统级’执行权限（取决于 T1543 的具体实现方式，通常伴随初始访问的权限）。攻击者已经成功在目标机器上植入了后门或持久化载荷，确保了重启后的存活能力。此时，攻击者拥有在目标系统上运行任意命令的能力，但尚未进行横向移动或数据窃取。

[意图图谱映射]：在成功建立持久化（T1543）后，攻击者的逻辑意图通常是验证持久化是否生效，或者利用当前权限进行下一步操作。根据 ATT&CK 逻辑，紧接着的常见动作包括：1. ",cat2_rl_correct_global_stays_correct,1.114300012588501
1130,T1560,T1018 || T1016 || T1049 || T1033 || T1570 || T1550,1,2,1,1,13.178953170776367,4.175802230834961,13.178953170776367,11.558385848999023,T1560 (13.18) | T1557 (9.14) | T1021 (8.39),T1021 (5.28) | T1560 (4.18) | T1570 (3.40),T1560 (13.18) | T1557 (9.14) | T1021 (8.39),T1560 (11.56) | T1557 (7.85) | T1021 (7.83),"[战术阶段评估]：前缀序列 T1018 (Remote System Discovery) -> T1016 (System Network Configuration Discovery) -> T1049 (System Network Connections Discovery) -> T1033 (System Owner/User Discovery) -> T1570 (Lateral Tool Transfer) -> T1550 (Use Alternate Authentication Material)。最后两步 T1570 和 T1550 表明攻击者已经完成了对目标系统的初步侦察（包括网络配置、连接状态及当前用户身份），并成功将攻击工具传输至目标，且正在利用或准备利用凭证（如哈希、令牌）进行身份验证。这标志着攻击者正处于从‘侦察’向‘横向移动’或‘权限提升’过渡的关键节点，且已经具备了执行高权限操作所需的凭证基础。

[已获资产推演]：基于 T1033 和 T1570，攻击者已掌握目标主机的用户身份（Username）及权限上下文，并成功将恶意载荷或工具（如 Mi",cat2_rl_correct_global_stays_correct,1.099747657775879
1155,T1005,T1560 || T1560 || T1185,1,6,1,1,11.073906898498535,1.3876113891601562,11.073906898498535,9.330373764038086,T1005 (11.07) | T1119 (9.67) | T1074 (9.04),T1074 (2.49) | T1572 (2.40) | T1560 (1.84),T1005 (11.07) | T1119 (9.67) | T1074 (9.04),T1005 (9.33) | T1119 (8.00) | T1074 (7.86),"[战术阶段评估]：前缀序列以 T1560 (收集/压缩数据) 开始，紧接着再次执行 T1560，最后一步是 T1185 (数据泄露/外传)。这表明攻击者已经完成了数据的收集、压缩（可能包含加密）以及初步的传输动作。当前处于数据外传（Exfiltration）的收尾或验证阶段，或者正在准备进行更大规模的数据搬运。

[已获资产推演]：攻击者已经成功获取了敏感数据（如文档、数据库等，参考 KG 中提到的 ntds.dit 或文档），并将其压缩打包。T1185 的执行意味着数据已经离开或正在离开受控环境。此时，攻击者手中持有的是压缩后的数据块，且可能已经建立了一条临时的外传通道。

[意图图谱映射]：基于 KG 上下文，APT1 和 Volt Typhoon 在 T1560 后通常涉及加密或分卷处理，而 Prikormka 则涉及加密后外传。既然 T1185 已经发生，攻击者极可能面临以下逻辑需求：1. 如果 T1185 只是部分传输，需要继续传输剩余数据（T1560 或 T1048）；2. 如果数据已外传，需要清理现场痕迹（T1070, T1071）；3. 如果外传通道被监控或需要隐蔽，需",cat2_rl_correct_global_stays_correct,1.0980870723724365
1476,T1098,T1098 || T1136 || T1087 || T1133 || T1078 || T1586,1,6,1,1,9.623395919799805,1.9204281568527222,9.623395919799805,8.236862182617188,T1098 (9.62) | T1547 (7.35) | T1134 (6.08),T1669 (3.02) | T1586 (2.70) | T1484 (2.53),T1098 (9.62) | T1547 (7.35) | T1134 (6.08),T1098 (8.24) | T1547 (6.22) | T1134 (4.97),"[战术阶段评估]：前缀序列 T1098 (Account Manipulation) -> T1136 (Create Account) -> T1087 (Account Discovery) -> T1133 (External Remote Services) -> T1078 (Valid Accounts) -> T1586 (Component Components) 显示攻击者已完成初始访问后的持久化建立（T1136）、本地/域账户信息收集（T1087）、远程服务建立（T1133）以及利用有效凭据（T1078）进入系统。最后一步 T1586 (Component Components) 通常指攻击者正在部署或配置特定的攻击组件（如 C2 代理、后门、或特定工具），这是从‘立足’转向‘行动’的关键过渡。结合 KG Context 中关于 Turla、SolarWinds 和 FIN7 利用账户（特别是本地账户和域管理员账户）进行横向移动和权限提升的案例，攻击者当前处于‘立足并准备扩大战果’的阶段。

[已获资产推演]：攻击者通过 T1078 和 T1136 已经掌握了至少一",cat2_rl_correct_global_stays_correct,1.0961183309555054
2079,T1484,T1484,1,4,1,1,7.795990467071533,3.814579963684082,7.795990467071533,7.079336643218994,T1484 (7.80) | T1546 (6.65) | T1140 (5.95),T1078 (4.90) | T1036 (4.79) | T1564 (4.09),T1484 (7.80) | T1546 (6.65) | T1140 (5.95),T1484 (7.08) | T1068 (5.53) | T1546 (5.23),"[战术阶段评估]：前缀序列仅包含 T1484（Tactic: Impact, Sub-technique: Trust Modification）。这是攻击者为了建立持久性、提升权限或绕过安全控制而进行的“信任修改”操作。在攻击链中，这通常发生在初始访问之后，但在完全控制目标之前。攻击者正在修改身份验证信任关系（如添加受信任的 SSO 提供商）或修改组策略以禁用安全机制。

[已获资产推演]：基于 T1484 的执行，攻击者目前尚未获得标准的用户凭据或系统 shell，但已经成功修改了底层的信任机制。这意味着攻击者已经获得了“逻辑上的信任”或“管理权限的入口”。攻击者现在处于一个特殊状态：他们可以通过被篡改的 SSO 或组策略，以管理员身份或系统身份自动登录，或者让受害者的系统自动信任攻击者控制的凭证。

[意图图谱映射]：T1484 是典型的“跳板”技术。一旦信任被修改（例如，Scattered Spider 添加受信任的 IDP），攻击者的直接意图是利用这个新建立的信任通道来获取高权限凭证或执行代码。因此，下一步必然是利用这个信任漏洞进行身份验证（T1078）或执行恶意代码（T10",cat2_rl_correct_global_stays_correct,1.0846586227416992
1070,T1204,T1059 || T1059 || T1106 || T1053 || T1053 || T1072 || T1569 || T1569,1,3,1,1,10.202258110046387,2.671478748321533,10.202258110046387,8.846717834472656,T1204 (10.20) | T1047 (9.09) | T1569 (6.77),T1078 (3.76) | T1047 (3.04) | T1204 (2.67),T1204 (10.20) | T1047 (9.09) | T1569 (6.77),T1204 (8.85) | T1047 (8.00) | T1569 (5.78),"[战术阶段评估]：前缀序列以 T1072 (Remote Services) 和 T1569 (System Services) 结尾。T1072 通常涉及建立远程连接（如 RDP, SMB, WinRM），而 T1569 涉及利用系统服务执行代码。结合上下文提到的 LockBit 3.0 和 ZxShell 利用 PsExec/Winexe 等工具通过服务执行命令，这表明攻击者正处于‘横向移动’或‘远程执行’的战术阶段，旨在将恶意载荷部署到目标网络中的其他节点。最后两步的重复（T1569 || T1569）暗示攻击者正在尝试通过服务机制在多个目标或同一目标的不同实例上建立持久性或执行关键载荷。

[已获资产推演]：基于 T1059 (Command and Scripting Interpreter) 和 T1106 (Native API) 的早期序列，攻击者已具备本地执行能力。随后的 T1053 (Scheduled Task) 和 T1072 表明攻击者已获取了远程访问凭证或建立了远程通道。目前，攻击者最可能已经掌握了目标系统的‘服务控制管理器 (SCM)’权限或‘远程服务’访",cat2_rl_correct_global_stays_correct,1.0838842391967773
1025,T1046,T1056 || T1056 || T1003 || T1003 || T1083,1,2,1,1,10.805395126342773,6.5275163650512695,10.805395126342773,10.035377502441406,T1046 (10.81) | T1654 (9.44) | T1040 (9.41),T1057 (7.60) | T1046 (6.53) | T1680 (5.02),T1046 (10.81) | T1654 (9.44) | T1040 (9.41),T1046 (10.04) | T1057 (8.36) | T1654 (8.30),"[战术阶段评估]：前缀序列以 T1056 (输入捕获) 开始，随后两次执行 T1003 (凭证转储)，最后执行 T1083 (文件枚举)。T1003 的重复执行表明攻击者正在尝试获取不同来源或不同格式的凭证（如内存转储、注册表等），而紧随其后的 T1083 显示攻击者正在扫描文件系统以寻找特定类型的文件（如配置文件、密钥文件、数据库文件等）。这标志着攻击者正处于从‘凭证获取’向‘凭证利用’过渡的关键阶段，正在为横向移动或权限提升收集必要的上下文信息。

[已获资产推演]：基于 T1003 的执行，攻击者极大概率已经获取了本地管理员权限、域管理员凭据或高价值的服务账户凭据。T1083 的执行暗示攻击者可能正在寻找存储这些凭据的明文文件（如 .config, .xml, .ini）或加密密钥，或者正在寻找用于后续攻击的敏感数据（如数据库文件、备份文件）。此时，攻击者拥有的资产是‘已泄露的凭据’和‘对目标文件系统的深度访问权’。

[意图图谱映射]：结合 KG Context，Axiom、FIN6、Agrius 等组织在 T1003 后通常紧接着进行凭证利用。T1083 作为文件枚举，通常是",cat2_rl_correct_global_stays_correct,1.077425479888916
30,T1003,T1003 || T1003,1,2,1,1,10.566909790039062,6.196338653564453,10.566909790039062,9.780206680297852,T1003 (10.57) | T1552 (8.66) | T1087 (8.43),T1552 (7.27) | T1003 (6.20) | T1539 (5.52),T1003 (10.57) | T1552 (8.66) | T1087 (8.43),T1003 (9.78) | T1552 (8.41) | T1087 (7.51),"[战术阶段评估]：前缀序列为 T1003 || T1003，表示攻击者连续两次执行了'OS Credential Dumping'（操作系统凭据转储）。这属于初始访问后的'凭证访问'（Credential Access）战术阶段。连续执行通常意味着攻击者正在尝试获取不同来源的凭据（如本地哈希、域哈希、明文密码等）以扩大攻击面，或者在尝试绕过某些检测机制。

[已获资产推演]：基于 T1003 的上下文，攻击者目前最可能已经获取了高价值的凭证资产，例如 NTLM 哈希、Kerberos TGT/TGS 票据或明文密码。这些资产是进行横向移动（Lateral Movement）和权限提升（Privilege Escalation）的关键燃料。攻击者尚未表现出明显的持久化（T1547）或命令执行（T1059）特征，说明当前核心目标是‘解锁’更多系统。

[意图图谱映射]：结合 KG Context 中提到的 Axiom、POWERTON、MuddyWater 等组织均利用 T1003 进行后续攻击，其逻辑路径通常是：获取凭据 -> 利用凭据进行横向移动（如使用 PsExec, WMI, RD",cat2_rl_correct_global_stays_correct,1.068716049194336
382,T1484,T1078 || T1078 || T1098 || T1543 || T1501 || T1543 || T1484 || T1484 || T1055 || T1053 || T1053 || T1078 || T1078 || T1140,1,3,1,1,9.984249114990234,4.033626556396484,9.984249114990234,8.913137435913086,T1484 (9.98) | T1564 (9.55) | T1222 (7.90),T1564 (5.10) | T1562 (4.24) | T1484 (4.03),T1484 (9.98) | T1564 (9.55) | T1222 (7.90),T1484 (8.91) | T1564 (8.75) | T1562 (7.09),"[战术阶段评估]：前缀序列以 T1078 (Valid Accounts) 的重复出现开始，随后经历了 T1098 (Account Manipulation)、T1543 (Create or Modify System Process)、T1501 (System Network Connection Discovery)、T1484 (Domain Trust) 以及 T1055/T1053 (Process Injection/Command and Scripting Interpreter)。序列最后以 T1078 (Valid Accounts) 和 T1140 (Deobfuscate/Decode Files) 结束。这表明攻击者刚刚完成了一次基于凭证的重新登录（可能是为了获取更高权限或绕过检测），并紧接着执行了文件解密/反混淆操作。这通常意味着攻击者正在准备执行被加密或混淆的恶意载荷（Payload）。

[已获资产推演]：攻击者目前拥有有效的域账户或本地账户权限（T1078），并且已经成功在目标系统上建立了持久化（T1543）并进行了横向移动或权限提升的尝试（T1",cat2_rl_correct_global_stays_correct,1.0671615600585938
529,T1588,T1588,1,3,1,1,12.127936363220215,6.740835666656494,12.127936363220215,11.158258438110352,T1588 (12.13) | T1189 (8.55) | T1608 (7.36),T1608 (7.80) | T1566 (6.81) | T1588 (6.74),T1588 (12.13) | T1189 (8.55) | T1608 (7.36),T1588 (11.16) | T1189 (7.89) | T1608 (7.44),"[战术阶段评估]：前缀序列仅包含 T1588（获取漏洞/利用能力），且特别标注了最后两步均为 T1588。这表明攻击者目前处于攻击链的早期准备阶段，专注于收集、验证或配置攻击所需的特定资源（如代码签名证书、漏洞利用工具或恶意软件）。尚未观察到任何初始访问（T1190, T1133 等）或执行（T1059, T1204 等）动作。

[已获资产推演]：基于 KG Context 中提到的 Mustang Panda 使用代码签名证书（T1588.003）以及 Andariel 使用 RAT（T1588.001），攻击者目前掌握的“资产”主要是经过伪装或具备特定属性的攻击载荷（Payloads）或工具集。这些资产尚未被部署到目标环境中，因此攻击者尚未获得对目标系统的任何访问权限或控制权。

[意图图谱映射]：T1588 是典型的“资源开发”阶段。在获取了签名证书或工具后，攻击者的逻辑下一步必然是将这些资源转化为实际的攻击行动。根据 ATT&CK 战术流程，获取资源后紧接着的必然是利用这些资源进行“初始访问”（如通过钓鱼附件、漏洞利用网站等）或“执行”（在目标上运行恶意代码）。KG Cont",cat2_rl_correct_global_stays_correct,1.063460350036621
1159,T1056,T1560 || T1560 || T1185 || T1005 || T1074 || T1074 || T1114 || T1114 || T1114,1,2,1,1,11.850333213806152,5.935418128967285,11.850333213806152,10.785648345947266,T1056 (11.85) | T1113 (10.15) | T1114 (9.86),T1114 (7.00) | T1056 (5.94) | T1071 (2.09),T1056 (11.85) | T1113 (10.15) | T1114 (9.86),T1056 (10.79) | T1114 (9.34) | T1113 (8.45),"[战术阶段评估]：前缀序列显示攻击者首先执行了 T1560 (Archive Collected Data) 和 T1185 (Campaign Data) 进行数据收集与压缩，随后通过 T1005 (Data from Local System) 和 T1074 (Data Staged) 将数据集中到特定位置。最后连续三次执行 T1114 (Email Collection)，表明攻击者已深入目标邮件系统，正在大规模窃取邮件数据。当前处于数据收集与外传准备的关键阶段，且重心已从本地文件转向邮件数据。

[已获资产推演]：基于 T1114 的连续执行，攻击者已获取了目标组织的邮件访问权限（可能是通过凭证窃取或已建立的邮件服务器访问权限），并掌握了包含敏感通信、凭证或内部情报的邮件数据。攻击者目前拥有对邮件系统的控制权，且数据已具备被提取或转发的条件。

[意图图谱映射]：结合 KG Context，Scattered Spider 和 Star Blizzard 等组织在 T1114 后通常利用已获取的邮件数据进行进一步的社会工程攻击（如钓鱼）或横向移动。T1114 的持续执行暗示攻",cat2_rl_correct_global_stays_correct,1.0632495880126953
1169,T1071,T1560 || T1560 || T1185 || T1005 || T1074 || T1074 || T1114 || T1114 || T1114 || T1056 || T1056 || T1113,1,2,1,1,15.576083183288574,4.433913707733154,15.576083183288574,13.5704927444458,T1071 (15.58) | T1113 (10.69) | T1105 (8.94),T1056 (5.49) | T1071 (4.43) | T1105 (3.93),T1071 (15.58) | T1113 (10.69) | T1105 (8.94),T1071 (13.57) | T1113 (8.92) | T1105 (8.04),"[战术阶段评估]：前缀序列显示攻击者经历了数据收集（T1560 压缩/加密）、数据窃取（T1185 数据破坏/窃取、T1005 数据从本地系统窃取）、数据操作（T1074 数据破坏/修改、T1114 数据收集/邮件收集）以及凭证获取（T1056 凭证访问/键盘记录）。最后两步 T1056 || T1056 || T1113 表明攻击者正在持续进行凭证捕获（键盘记录）并可能开始收集特定类型的凭证数据（T1113 屏幕截图）。这标志着攻击者正处于‘凭证获取与验证’阶段，试图通过键盘记录获取明文密码或会话令牌。

[已获资产推演]：基于 T1056 的重复执行，攻击者目前掌握了受害机器的输入流控制权，并正在积累潜在的明文凭证（用户名/密码组合）。T1113 的加入暗示攻击者可能正在尝试获取图形界面下的敏感信息（如验证码、双因素认证代码或敏感文档内容）。此时，攻击者尚未确认这些凭证的有效性，也未建立持久化连接或横向移动，处于‘等待凭证积累’或‘准备验证’的状态。

[意图图谱映射]：结合 KG Context 中提到的 PoetRAT、Catchamas 等恶意软件均利用 T1056 进行键盘",cat2_rl_correct_global_stays_correct,1.0582127571105957
1584,T1098,T1574 || T1574 || T1556 || T1053 || T1053 || T1505 || T1505 || T1078 || T1078 || T1134 || T1134,1,4,1,1,9.013710021972656,4.728191375732422,9.013710021972656,8.242316246032715,T1098 (9.01) | T1547 (8.47) | T1134 (8.21),T1140 (5.78) | T1547 (4.95) | T1574 (4.74),T1098 (9.01) | T1547 (8.47) | T1134 (8.21),T1098 (8.24) | T1547 (7.84) | T1140 (7.74),"[战术阶段评估]：前缀序列显示攻击者首先通过 T1574 (Component Object Model Hijacking) 和 T1556 (Modify Authentication Process) 进行持久化或权限维持，随后利用 T1053 (Scheduled Task/Job) 和 T1505 (Server Component) 建立执行通道。T1078 (Valid Accounts) 表明攻击者已获取或创建了合法凭证。最后两步 T1134 (Access Token Manipulation) 的重复出现，明确指示攻击者正在利用令牌提升权限或横向移动，这是典型的权限提升或横向移动前的准备动作。

[已获资产推演]：基于 T1078 和 T1134 的组合，攻击者目前极可能已经获取了高权限（如 SYSTEM 或 Domain Admin）的访问令牌，或者已经成功在本地/远程系统上模拟了特定用户的身份。攻击者目前处于‘已拥有高权限令牌’的状态，但尚未利用该令牌执行具体的后续载荷或横向移动操作。

[意图图谱映射]：根据 KG Context，T1134 常被用于在获取令",cat2_rl_correct_global_stays_correct,1.047607421875
1564,T1578,T1564 || T1564 || T1562 || T1562 || T1656 || T1070 || T1070 || T1556 || T1556 || T1556 || T1578,1,5,1,1,10.046347618103027,1.7528111934661865,10.046347618103027,8.553510665893555,T1578 (10.05) | T1027 (9.11) | T1556 (8.46),T1078 (2.80) | T1557 (2.76) | T1070 (2.07),T1578 (10.05) | T1027 (9.11) | T1556 (8.46),T1578 (8.55) | T1027 (7.68) | T1556 (6.99),"[战术阶段评估]：前缀序列显示攻击者经历了多次 T1564 (隐藏痕迹) 和 T1562 (防御规避) 操作，随后进行了 T1656 (伪造身份) 和 T1070 (数据清除)。最后两步 T1556 (访问凭证) 和 T1578 (修改进程执行) 表明攻击者正在积极修改认证机制并植入持久化后门。这标志着攻击已从‘立足与规避’阶段正式转入‘凭证窃取与持久化’阶段。

[已获资产推演]：基于 T1556 的上下文（如 Kessel 修改 ssh_login 或 SYNful Knock 添加后门密码），攻击者目前尚未直接获取明文密码，但已控制了认证流程的验证逻辑。这意味着攻击者拥有‘中间人’或‘后门’级别的访问能力，能够随时获取未来的登录凭证，或者在特定条件下自动获得访问权限。攻击者目前掌握的是‘认证逻辑控制权’而非‘当前会话令牌’。

[意图图谱映射]：T1578 (修改进程执行) 通常与 T1556 配合使用，用于确保恶意代码在系统启动或特定服务（如 SSH 守护进程）重启时自动加载。结合 KG Context 中提到的‘trojanized functions’，攻击者的下一步逻辑必",cat2_rl_correct_global_stays_correct,1.0474050045013428
1889,T1082,T1053 || T1053 || T1547 || T1053 || T1053 || T1656 || T1070 || T1070 || T1036 || T1036 || T1112 || T1555 || T1056 || T1056 || T1111 || T1539 || T1087 || T1087 || T1518,1,2,1,1,10.003935813903809,6.0597405433654785,10.003935813903809,9.293980598449707,T1082 (10.00) | T1049 (6.93) | T1482 (6.88),T1083 (7.10) | T1082 (6.06) | T1217 (2.52),T1082 (10.00) | T1049 (6.93) | T1482 (6.88),T1082 (9.29) | T1482 (5.61) | T1083 (5.53),"[战术阶段评估]：前缀序列以 T1087 (Account Discovery) 两次，紧接着 T1518 (Software Discovery) 结束。T1087 属于侦察阶段（Reconnaissance），旨在收集账户信息；T1518 同样属于侦察阶段，旨在发现已安装的软件。这表明攻击者刚刚完成了对目标系统本地账户和软件环境的详细盘点，处于从‘信息收集’向‘利用/权限提升’过渡的关键节点。

[已获资产推演]：基于 T1087 的重复执行，攻击者已掌握本地账户列表（可能包含管理员或高权限账户）以及域账户信息（取决于具体子技术）。结合前序的 T1555 (Credentials from Password Stores) 和 T1056 (Keylogging)，攻击者极可能已经获取了部分明文密码或凭据缓存。此时，攻击者拥有‘身份’（账户列表）和‘环境认知’（软件列表），但尚未展示明确的横向移动或持久化行为，说明下一步极大概率是利用已知的账户进行访问。

[意图图谱映射]：在 ATT&CK 逻辑中，完成账户枚举（T1087）后，最自然的下一步是‘利用’这些账户。攻击者需要验证凭据",cat2_rl_correct_global_stays_correct,1.0431385040283203
175,T1074,T1680 || T1069 || T1069 || T1057 || T1018 || T1016 || T1016 || T1021 || T1021 || T1021 || T1021 || T1550 || T1550 || T1550 || T1560 || T1560 || T1213 || T1593 || T1005,1,2,1,1,10.125504493713379,3.809065341949463,10.125504493713379,8.988545417785645,T1074 (10.13) | T1056 (8.06) | T1025 (7.79),T1071 (4.84) | T1074 (3.81) | T1039 (3.28),T1074 (10.13) | T1056 (8.06) | T1025 (7.79),T1074 (8.99) | T1056 (6.74) | T1025 (6.54),"[战术阶段评估]：攻击前缀序列显示攻击者已完成初始访问（T1680）、权限维持（T1069, T1057）、系统发现（T1018, T1016）及远程访问（T1021）阶段。随后进行了凭证访问（T1550）、命令与脚本解释器（T1560）及数据收集（T1213）。最后两步 T1593 (Scout) 和 T1005 (Data from Local System) 表明攻击者正在对本地数据进行深度扫描和初步窃取，这是数据窃取（Exfiltration）阶段的前奏。攻击者已确认目标系统上的敏感数据存在，并可能正在评估数据量或准备传输。

[已获资产推演]：基于 T1021 (Remote Services) 和 T1550 (Credential Access)，攻击者已掌握目标主机的远程访问权限（如 RDP/SSH）及有效的用户凭证。T1005 的执行意味着攻击者已定位到具体的数据源（如文档、数据库、配置文件），并可能已将其加载到内存或准备进行打包。攻击者目前拥有对目标主机数据的完全读取能力。

[意图图谱映射]：结合 KG Context，ZxShell、CharmPower、Out",cat2_rl_correct_global_stays_correct,1.0284404754638672
1473,T1586,T1098 || T1136 || T1087 || T1133 || T1078,1,4,1,1,10.588988304138184,2.05729341506958,10.588988304138184,9.053282737731934,T1586 (10.59) | T1078 (9.31) | T1134 (6.42),T1543 (3.07) | T1078 (2.92) | T1087 (2.86),T1586 (10.59) | T1078 (9.31) | T1134 (6.42),T1586 (9.05) | T1078 (8.16) | T1098 (5.30),"[战术阶段评估]：前缀序列 T1098 (Account Manipulation) -> T1136 (Create Account) -> T1087 (Account Discovery) -> T1133 (External Remote Services) -> T1078 (Valid Accounts) 显示攻击者已完成初始访问后的持久化建立（T1098/T1136），并成功利用新建立的账户或现有账户进行了本地账户枚举（T1087）和远程服务连接（T1133）。最后一步 T1078 表明攻击者已验证了凭据的有效性并建立了会话。当前处于‘初始访问’向‘执行’或‘凭证访问’过渡的关键节点，攻击者已具备在目标网络内部进行横向移动或进一步操作的基础。

[已获资产推演]：基于 T1087 和 T1133 的组合，攻击者目前掌握了目标主机的本地账户列表（Local Accounts）以及通过远程服务（如 RDP, SMB, WinRM 等）访问这些账户的能力。KG Context 特别指出 APT42 和 S-Type 等组织在 T1087 后常利用 PowerShell 或 ne",cat2_rl_correct_global_stays_correct,1.017418622970581
1559,T1070,T1564 || T1564 || T1562 || T1562 || T1656 || T1070,1,2,1,1,11.266156196594238,7.6145339012146,11.266156196594238,10.608863830566406,T1070 (11.27) | T1036 (9.55) | T1202 (8.15),T1036 (8.63) | T1070 (7.61) | T1027 (4.72),T1070 (11.27) | T1036 (9.55) | T1202 (8.15),T1070 (10.61) | T1036 (9.39) | T1202 (7.06),"[战术阶段评估]：前缀序列以 T1562 (Disable or Modify System Firewall/Indicator Blocking) 和 T1656 (Impair Defenses) 开始，随后以 T1070 (Indicator Removal) 结束。T1562 和 T1656 表明攻击者正在积极削弱防御机制（如关闭防火墙、抑制错误报告），而 T1070 是典型的“清理现场”动作，用于删除日志、临时文件或痕迹，以规避检测。这标志着攻击者刚刚完成了“防御规避”和“痕迹清理”阶段，准备进入下一个战术阶段。

[已获资产推演]：基于 T1562 和 T1656 的执行，攻击者已经成功降低了目标系统的防御能力（防火墙关闭、错误报告抑制）。结合 T1070 的清理动作，说明攻击者已经获得了某种程度的初始访问权限（可能是通过之前的 T1564 或 T1656 的利用），并且已经完成了对当前入侵痕迹的初步掩盖。此时，攻击者拥有的是“被削弱防御的访问权限”，但尚未进行大规模的横向移动或数据窃取。

[意图图谱映射]：在清理完痕迹（T1070）并削弱防御后，攻击者的逻辑意图通常是",cat2_rl_correct_global_stays_correct,1.012281894683838
389,T1003,T1078 || T1110 || T1555 || T1056 || T1056 || T1040,1,5,1,1,13.300830841064453,2.028690814971924,13.300830841064453,11.271845817565918,T1003 (13.30) | T1040 (7.08) | T1556 (6.55),T1056 (3.04) | T1113 (2.86) | T1069 (2.17),T1003 (13.30) | T1040 (7.08) | T1556 (6.55),T1003 (11.27) | T1040 (6.12) | T1083 (5.41),"[战术阶段评估]：前缀序列显示攻击者已完成初始访问（T1078）和凭证获取（T1110）。随后，攻击者执行了 T1555（凭证访问）和两次 T1056（输入捕获/键盘记录），最后执行了 T1040（网络共享访问）。最后两步（T1056 和 T1040）表明攻击者正在积极收集凭据（通过键盘记录）并尝试访问网络共享资源，这通常是为了横向移动或获取额外的凭证存储位置。这属于‘凭证访问’向‘横向移动’过渡的关键阶段。

[已获资产推演]：基于 T1056 和 T1040 的执行，攻击者目前可能已经捕获了明文或加密的键盘输入（包含密码），并可能已经访问了网络共享上的文件（如 SAM 数据库、注册表备份或明文配置文件）。攻击者目前掌握的资产级别为：已控制的端点（通过 gh0st RAT 等）、已捕获的凭据流、以及网络共享上的敏感文件访问权。

[意图图谱映射]：结合 KG Context，T1056 常与 gh0st RAT、APT3 等关联，这些恶意软件在捕获凭据后，核心意图是‘利用’这些凭据进行后续操作。T1040 的访问行为通常是为了寻找更多凭证或配置信息。因此，下一步最自然的逻辑是利用已捕",cat2_rl_correct_global_stays_correct,1.0109529495239258
901,T1074,T1552 || T1482 || T1615 || T1135 || T1018 || T1082 || T1534 || T1021 || T1021 || T1021 || T1560 || T1213 || T1213 || T1074,1,2,1,1,12.012471199035645,4.040066242218018,12.012471199035645,10.577438354492188,T1074 (12.01) | T1114 (8.97) | T1025 (7.99),T1114 (5.05) | T1074 (4.04) | T1056 (3.90),T1074 (12.01) | T1114 (8.97) | T1025 (7.99),T1074 (10.58) | T1114 (8.26) | T1025 (6.17),"[战术阶段评估]：前缀序列以 T1213 (Data from Local System) 的重复执行开始，紧接着是 T1074 (Data Staged)。这表明攻击者刚刚完成了对特定目标（根据 KG Context 极可能是 SharePoint 或类似协作平台）的数据收集，并正在将收集到的数据（如凭据、文档）集中存储到本地或受控位置，为后续操作做准备。这是典型的‘数据收集’向‘数据窃取/外传’过渡的阶段。

[已获资产推演]：基于 T1213 和 KG Context 中关于 LAPSUS$ 和 Ke3chang 使用 SharePoint 枚举工具的描述，攻击者目前掌握了目标网络中协作平台（如 SharePoint）的访问权限，并可能已经获取了高价值资产，如用户凭据、敏感文档或数据库内容。T1074 的执行意味着这些数据已被整理并暂存，攻击者已具备发起下一步攻击的‘弹药’。

[意图图谱映射]：在数据被 Staged (T1074) 之后，攻击者的逻辑意图通常有两个方向：一是立即将数据移出网络（Exfiltration），二是利用获取的凭据进行横向移动或权限提升以扩大战果。结合",cat2_rl_correct_global_stays_correct,1.0086565017700195
2007,T1583,T1589 || T1593 || T1593 || T1593 || T1681 || T1583,1,2,1,1,12.524105072021484,4.41702938079834,12.524105072021484,11.064830780029297,T1583 (12.52) | T1584 (8.92) | T1587 (8.48),T1586 (5.40) | T1583 (4.42) | T1566 (3.37),T1583 (12.52) | T1584 (8.92) | T1587 (8.48),T1583 (11.06) | T1584 (7.58) | T1587 (6.82),"[战术阶段评估]：前缀序列以 T1593 (Recon) 开始，随后是 T1583 (Gather Victim Identity Information) 和 T1583.006 (Web Services)。最后两步 T1681 (Tainted/Compromised Credentials) 和 T1583 (Gather Victim Identity Information) 表明攻击者已经完成了初步的情报收集，并正在利用收集到的信息（如 Web 服务信息）来验证或获取凭证。T1681 的出现通常意味着攻击者已经通过某种方式（如钓鱼、漏洞利用）获取了凭证，或者正在尝试利用已知的凭证进行横向移动前的验证。结合 KG Context 中提到的 ZIRCONIUM 和 Kimsuky 利用 Web 服务和社交媒体进行侦察和凭证收集，当前阶段处于从‘侦察/信息收集’向‘初始访问/凭证获取’过渡的关键节点。

[已获资产推演]：攻击者目前掌握了目标组织的 Web 服务信息（T1583.006）以及潜在的凭证（T1681）。这意味着攻击者可能已经识别出了特定的 Web 应用、API 端",cat2_rl_correct_global_stays_correct,0.98175048828125
1758,T1560,T1133 || T1078 || T1059 || T1059 || T1133 || T1078 || T1078 || T1562 || T1562 || T1036 || T1036 || T1027 || T1078 || T1558 || T1482 || T1018 || T1021 || T1560,1,3,1,1,9.653810501098633,5.56884765625,9.653810501098633,8.918517112731934,T1560 (9.65) | T1074 (8.26) | T1213 (7.72),T1005 (6.53) | T1074 (5.87) | T1560 (5.57),T1560 (9.65) | T1074 (8.26) | T1213 (7.72),T1560 (8.92) | T1074 (7.83) | T1213 (7.08),"[战术阶段评估]：攻击前缀序列的最后几步为 T1018 (Remote System Discovery) -> T1021 (Remote Services) -> T1560 (Archive Collected Data)。这表明攻击者刚刚完成了对目标系统的远程发现，利用远程服务（如 RDP 或 WinRM）建立了连接，并立即执行了数据归档操作。这标志着攻击者已从‘横向移动/建立立足点’阶段过渡到‘数据收集与准备外传’阶段。T1560 的出现是数据外传前的关键信号，意味着攻击者正在将敏感数据打包以便传输。

[已获资产推演]：基于 T1078 (Valid Accounts) 和 T1021 的反复出现，攻击者已拥有高权限的远程访问能力（如域管理员或本地管理员）。T1018 确认了攻击者已扫描并识别了网络中的其他关键资产。T1560 表明攻击者已定位了高价值数据（如文档、数据库备份等）并完成了压缩/归档。此时，攻击者手中握有已打包的数据包，且拥有远程执行通道。

[意图图谱映射]：结合 KG Context，Magic Hound 和 FIN13 等组织在利用 RDP/WinRM",cat2_rl_correct_global_stays_correct,0.9613628387451172
1740,T1078,T1133,1,2,1,1,7.555020332336426,1.3354099988937378,7.555020332336426,6.435490131378174,T1078 (7.56) | T1505 (6.84) | T1566 (6.55),T1505 (2.30) | T1078 (1.34) | T1134 (0.42),T1078 (7.56) | T1505 (6.84) | T1566 (6.55),T1078 (6.44) | T1505 (6.02) | T1566 (5.27),"[战术阶段评估]：前缀序列仅包含 T1133 (External Remote Services)。在 ATT&CK 战术框架中，T1133 通常属于 'Command and Control' (C2) 战术阶段。然而，在高级持续性威胁（APT）的早期阶段，攻击者利用 T1133 往往是为了建立初始的、隐蔽的通信通道，以便在受控环境中执行后续操作。由于序列中只有这一步，且上下文强调了 'WebVPN sessions' 和 'Clientless SSLVPN'，这表明攻击者刚刚成功建立了一个远程访问通道，或者正在利用该通道进行初步的侦察和权限维持。

[已获资产推演]：基于 T1133 的执行，攻击者目前掌握了 '远程访问通道' 这一关键资产。上下文提到的 'WebVPN' 和 'Clientless SSLVPN' 暗示攻击者可能已经获得了某种形式的网络层访问权限，能够绕过部分终端防护直接访问内部网络资源。此时，攻击者尚未明确展示对特定主机（如 T1053 或 T1059）的深入控制，但已具备发起横向移动或执行命令的基础设施。

[意图图谱映射]：结合 KG Context 中提",cat2_rl_correct_global_stays_correct,0.9610573053359985
648,T1005,T1069 || T1069 || T1069 || T1057 || T1012 || T1518 || T1082 || T1016 || T1049 || T1033 || T1007 || T1497 || T1497 || T1021 || T1021 || T1119 || T1115,1,4,1,1,10.137378692626953,4.318792343139648,10.137378692626953,9.090033531188965,T1005 (10.14) | T1213 (9.37) | T1074 (8.25),T1114 (5.27) | T1213 (4.51) | T1080 (4.32),T1005 (10.14) | T1213 (9.37) | T1074 (8.25),T1005 (9.09) | T1213 (8.49) | T1074 (6.97),"[战术阶段评估]：前缀序列以 T1021 (远程服务) 和 T1119 (自动化收集) 结尾。T1021 代表攻击者已成功建立远程连接通道（如 RDP, WinRM, SSH），标志着从初始访问/执行阶段正式转入‘横向移动’阶段。紧随其后的 T1119 表明攻击者正在利用该通道自动收集本地数据。最后两步 T1021 || T1119 显示攻击者正在通过远程通道进行持续的、自动化的信息搜集，这是典型的横向移动中的‘侦察’行为。

[已获资产推演]：基于 T1021 的多次出现，攻击者已掌握至少一个受控系统的远程访问权限（可能是 RDP 或 WinRM）。结合 T1016 (系统网络配置) 和 T1049 (系统网络连接) 的早期操作，攻击者对目标网络拓扑有初步了解。当前的 T1119 操作意味着攻击者正在利用已获得的远程权限，批量或自动化地收集目标系统上的文件、配置或凭证，为下一步的深入渗透做准备。

[意图图谱映射]：根据 KG Context，Magic Hound 和 FIN13 等组织在建立远程服务（T1021）后，常利用该通道进行工具复制、凭证窃取或进一步的横向移动。攻击者当前",cat2_rl_correct_global_stays_correct,0.9550137519836426
1449,T1570,T1087 || T1087 || T1010 || T1046 || T1069 || T1069 || T1057 || T1018 || T1518 || T1082 || T1016 || T1016 || T1049 || T1033 || T1534,1,2,1,1,10.60416316986084,3.007997512817383,10.60416316986084,9.23685359954834,T1570 (10.60) | T1021 (10.01) | T1210 (9.03),T1484 (3.96) | T1570 (3.01) | T1091 (2.85),T1570 (10.60) | T1021 (10.01) | T1210 (9.03),T1570 (9.24) | T1021 (8.42) | T1210 (7.27),"[战术阶段评估]：前缀序列以 T1049 (System Network Connections Discovery) 和 T1033 (System Owner/User Discovery) 结尾，随后是 T1534 (Account Manipulation)。T1049 和 T1033 属于侦察阶段（Reconnaissance），旨在收集网络拓扑和用户身份。T1534 属于初始访问或权限提升后的账户操作阶段。序列从 T1087 (Account Discovery) 开始，经过 T1010 (Application Window Discovery) 等，最后聚焦于网络、用户和账户操作。这表明攻击者已完成初步的资产和身份侦察，并可能正在尝试通过账户操作（如创建后门账户、修改权限）来维持访问或准备横向移动。

[已获资产推演]：基于 T1087, T1010, T1046, T1069, T1057, T1018, T1518, T1082, T1016, T1049, T1033，攻击者已经掌握了目标系统的用户列表、进程信息、网络接口、系统所有者信息以及当前的网络连接状态。特",cat2_rl_correct_global_stays_correct,0.9546949863433838
540,T1566,T1588 || T1588 || T1608 || T1608 || T1133 || T1566,1,4,1,1,12.263344764709473,3.378657817840576,12.263344764709473,10.664100646972656,T1566 (12.26) | T1199 (8.40) | T1195 (8.40),T1195 (4.32) | T1059 (4.18) | T1204 (3.70),T1566 (12.26) | T1199 (8.40) | T1195 (8.40),T1566 (10.66) | T1195 (7.66) | T1199 (7.16),"[战术阶段评估]：前缀序列以 T1566 (Spearphishing Attachment) 结尾，且前序步骤包含 T1588 (获取能力) 和 T1608 (资源开发)。T1566 是典型的初始访问阶段技术，通常意味着攻击者刚刚通过钓鱼邮件将恶意载荷投递到目标环境。T1133 (外部远程服务) 出现在 T1566 之前，可能表示攻击者在开发阶段利用外部服务进行通信或测试，或者是在模拟攻击链中的早期侦察。整体来看，攻击者刚刚完成了初始投递（Initial Access），正处于等待用户交互或载荷执行的临界点。

[已获资产推演]：基于 T1566 的完成，攻击者目前尚未获得系统权限。他们拥有的“资产”仅限于目标用户收到的恶意文件（如密码保护的 ZIP 或 Office 文档）。攻击者尚未建立持久化连接，也未获取任何凭证或系统控制权。当前的状态是“载荷已送达，等待触发”。

[意图图谱映射]：根据 KG Context，TA551、OceanSalt 等组织常利用密码保护的 ZIP 或 Office 文档进行投递。一旦用户打开文档或解压 ZIP，攻击者的下一步逻辑必然是执行载荷。这通常",cat2_rl_correct_global_stays_correct,0.9463253021240234
797,T1546,T1053 || T1053 || T1204 || T1204 || T1204 || T1047 || T1546,1,2,1,1,10.739415168762207,5.531680107116699,10.739415168762207,9.802022933959961,T1546 (10.74) | T1133 (9.06) | T1574 (7.59),T1053 (6.46) | T1546 (5.53) | T1112 (5.26),T1546 (10.74) | T1133 (9.06) | T1574 (7.59),T1546 (9.80) | T1133 (7.89) | T1112 (7.16),"[战术阶段评估]：前缀序列显示攻击者首先通过 T1053 (Scheduled Task/Job) 进行持久化，随后利用 T1204 (User Execution) 执行恶意载荷，接着通过 T1047 (Windows Management Instrumentation) 进行远程命令执行。最后一步 T1546 (Event Triggered Execution) 表明攻击者正在配置系统级的触发机制（如注册表 Run 键、计划任务更新等）以确保在重启或特定事件后再次激活。整体处于从初始访问/执行向持久化与防御规避过渡的关键阶段，且已具备远程执行能力。

[已获资产推演]：基于 T1047 和 T1546 的组合，攻击者目前拥有目标系统的本地管理员或高权限账户（用于配置 WMI 和持久化项），并掌握了在目标机器上执行任意命令的能力。攻击者已建立了一条稳定的、可被触发的远程执行通道。

[意图图谱映射]：结合 KG Context，T1047 (WMI) 常被用于横向移动（如连接其他主机）或收集系统信息。既然攻击者刚刚配置了持久化机制 (T1546)，下一步最自然的逻辑是利用已建立的",cat2_rl_correct_global_stays_correct,0.9310283660888672
893,T1021,T1552 || T1482 || T1615 || T1135 || T1018 || T1082 || T1534,1,3,1,1,13.909037590026855,2.5606207847595215,13.909037590026855,11.86632251739502,T1021 (13.91) | T1016 (8.56) | T1570 (8.45),T1033 (3.46) | T1016 (3.33) | T1021 (2.56),T1021 (13.91) | T1016 (8.56) | T1570 (8.45),T1021 (11.87) | T1016 (7.62) | T1570 (7.17),"[战术阶段评估]：前缀序列以 T1018 (Remote System Discovery) 和 T1082 (System Information Discovery) 结尾，随后是 T1534 (Internal Spearphishing)。T1018 和 T1082 均属于 'Discovery' (T1592) 战术阶段，旨在收集目标网络拓扑和主机指纹。T1534 属于 'Initial Access' (T1190) 或 'Lateral Movement' (T1021) 的变体，通常用于在内部网络中通过钓鱼邮件进行横向移动或二次投递。这表明攻击者已完成初步的资产发现，正在尝试利用已知的内部信任关系或弱口令进行横向渗透。

[已获资产推演]：基于 T1018 和 T1082，攻击者已掌握目标网络的内部 IP 段、主机名、操作系统版本、域成员身份以及基础的网络配置。KG Context 强调 APT41、BoomBox 和 Manjusaka 等组织利用 T1082 进行系统画像，这通常是为了识别高价值目标（如域控、数据库服务器）或寻找易受攻击的特定服务。攻击者目前拥有对单",cat2_rl_correct_global_stays_correct,0.9001531600952148
1771,T1562,T1588 || T1588 || T1190 || T1566 || T1078 || T1059 || T1059 || T1569 || T1569 || T1047 || T1078 || T1078 || T1562,1,2,1,1,10.743896484375,4.664242744445801,10.743896484375,9.649558067321777,T1562 (10.74) | T1070 (10.40) | T1036 (7.59),T1078 (5.56) | T1562 (4.66) | T1070 (3.75),T1562 (10.74) | T1070 (10.40) | T1036 (7.59),T1562 (9.65) | T1070 (9.20) | T1656 (6.28),"[战术阶段评估]：前缀序列以 T1078 (Valid Accounts) 连续两次出现，紧接着是 T1562 (Disable or Modify System Processes/Services)。T1078 的重复出现表明攻击者正在积极利用凭证进行横向移动或权限维持，而 T1562 的出现通常意味着攻击者正在清理痕迹、禁用安全软件（如杀毒服务）或阻止系统恢复机制，这是典型的‘持久化’或‘防御规避’阶段特征。结合前文的 T1569 (System Services) 和 T1047 (Windows Management Instrumentation)，攻击者已经完成了初步的权限获取、横向移动尝试以及系统服务的配置，现在正处于巩固控制权或为下一步大规模行动扫清障碍的关键节点。

[已获资产推演]：基于 KG Context 中关于 Cobalt Strike 和 FIN10 使用域账户 (T1078.002) 和域管理员账户的上下文，攻击者目前极大概率已经获取了域内高权限账户（Domain Admin 或类似特权）。T1078 的连续执行暗示攻击者可能正在利用这些凭证在不同主机",cat2_rl_correct_global_stays_correct,0.8992767333984375
1266,T1069,T1217 || T1482 || T1083 || T1680 || T1046 || T1135 || T1201 || T1069,1,3,1,1,13.650249481201172,3.2802963256835938,13.650249481201172,11.783658027648926,T1069 (13.65) | T1057 (11.16) | T1012 (9.95),T1012 (4.17) | T1057 (3.42) | T1069 (3.28),T1069 (13.65) | T1057 (11.16) | T1012 (9.95),T1069 (11.78) | T1057 (9.77) | T1012 (8.91),"[战术阶段评估]：前缀序列以 T1135 (Network Share Discovery) 和 T1069 (Domain Groups) 结尾。T1135 表明攻击者正在扫描网络共享资源，而 T1069 表明攻击者正在确认当前账户的域组权限（特别是域管理员权限）。这两个技术通常出现在初始访问后的横向移动准备阶段，属于‘侦察’与‘权限提升/确认’的混合阶段。攻击者正在确认‘我有谁’以及‘我能去哪里’。

[已获资产推演]：基于 T1069 的上下文（特别是 BlackCat 案例），攻击者极可能已经确认了当前主机上的用户拥有域管理员（Domain Admin）或高权限组身份。结合 T1135 的共享发现，攻击者已经掌握了网络中可访问的共享文件夹列表。此时，攻击者处于‘高权限、已知网络拓扑’的状态，具备了进行大规模横向移动或数据外传的基础条件。

[意图图谱映射]：在确认了域高权限和共享资源后，攻击者的逻辑下一步通常是利用这些权限进行‘横向移动’（如通过 SMB 连接共享）或‘数据收集/外传’。根据 ATT&CK 图谱，T1135 和 T1069 之后最自然的流向是：
1. 利用共享进",cat2_rl_correct_global_stays_correct,0.8925046920776367
296,T1027,T1574 || T1562 || T1562 || T1070 || T1070 || T1112 || T1027,1,2,1,1,12.502812385559082,5.330707550048828,12.502812385559082,11.211833000183105,T1027 (12.50) | T1055 (9.50) | T1078 (7.05),T1055 (6.21) | T1027 (5.33) | T1542 (3.07),T1027 (12.50) | T1055 (9.50) | T1078 (7.05),T1027 (11.21) | T1055 (8.91) | T1078 (6.28),"[战术阶段评估]：前缀序列以 T1070 (清除痕迹) 开始，随后是 T1112 (修改注册表/持久化) 和 T1027 (软件打包/混淆)。最后两步 T1112 和 T1027 表明攻击者刚刚完成了对恶意载荷的加固（打包）以及持久化机制的部署（注册表修改）。这通常发生在初始访问成功、执行载荷后，为了确保持久性并规避检测而进行的“收尾”与“加固”阶段。此时，攻击者尚未进入横向移动或数据窃取阶段。

[已获资产推演]：基于 T1112 和 T1027 的执行，攻击者目前已在目标主机上获得了稳定的执行环境（通过注册表实现持久化）和经过混淆处理的恶意代码（通过打包实现抗分析）。攻击者拥有该主机的本地权限（Local Access），且该权限已具备持久性。KG Context 中提到的 GALLIUM 和 XLoader 等组织在 T1027 和 T1070 后的行为模式显示，他们通常会利用这些加固后的环境进行进一步的横向移动或数据收集。

[意图图谱映射]：在完成了持久化（T1112）和载荷加固（T1027）后，攻击者的逻辑意图是扩大攻击面。根据 ATT&CK 战术逻辑，下一步最自然的动作是",cat2_rl_correct_global_stays_correct,0.8800926208496094
147,T1110,T1218 || T1550 || T1550 || T1550 || T1078 || T1078 || T1078 || T1586,1,6,1,1,7.554732799530029,1.1934525966644287,7.554732799530029,6.409702301025391,T1110 (7.55) | T1557 (6.07) | T1056 (5.75),T1056 (2.07) | T1078 (1.67) | T1564 (1.44),T1110 (7.55) | T1557 (6.07) | T1056 (5.75),T1110 (6.41) | T1557 (5.10) | T1056 (5.09),"[战术阶段评估]：前缀序列显示攻击者首先通过 T1218 (System Binary Proxy Execution) 执行了恶意载荷，随后多次尝试 T1550 (Use Alternate Authentication Material) 进行凭证窃取或传递，最终进入 T1078 (Valid Accounts) 阶段并重复执行，最后执行了 T1586 (Compromise User Accounts)。这表明攻击者已经完成了初始访问和凭证获取，目前正处于‘建立持久化访问’和‘扩大凭证范围’的战术阶段。特别是最后两步 T1078 和 T1586 的组合，强烈暗示攻击者正在利用已获取的凭证（可能是本地或域账户）进行横向移动前的准备，或者正在尝试获取更高权限的账户（如域管理员）。

[已获资产推演]：基于 T1078 的重复执行和 T1586 的上下文（Turla 滥用相同密码的本地账户，SolarWinds 滥用域管理员账户），攻击者目前至少掌握了一个有效的本地或域账户权限。T1586 的出现意味着攻击者正在主动挖掘更多账户，特别是那些具有更高价值（如域管理员）或相同密码的账户。攻",cat2_rl_correct_global_stays_correct,0.8729665279388428
1128,T1570,T1018 || T1016 || T1049 || T1033,1,3,1,1,11.181787490844727,4.558389186859131,11.181787490844727,9.989575386047363,T1570 (11.18) | T1210 (10.92) | T1021 (10.57),T1021 (5.42) | T1007 (4.77) | T1570 (4.56),T1570 (11.18) | T1210 (10.92) | T1021 (10.57),T1570 (9.99) | T1210 (9.76) | T1021 (9.64),"[战术阶段评估]：前缀序列 T1018 (Remote System Discovery) -> T1016 (System Network Configuration Discovery) -> T1049 (System Network Connections Discovery) -> T1033 (System Owner/User Discovery) 显示攻击者正处于‘侦察 (Reconnaissance)'阶段的深化期。特别是最后两步 T1049 和 T1033，表明攻击者不仅确认了网络拓扑和连接状态，还进一步获取了当前系统的用户身份和权限上下文。这通常意味着本地侦察已基本完成，准备进入‘初始访问’后的‘执行’或‘持久化’阶段。

[已获资产推演]：基于 T1016 和 T1049，攻击者已掌握目标主机的网络配置（IP、域名、路由）及活跃的网络连接（端口、协议、远程端点）。基于 T1033，攻击者已确认当前会话的用户身份（如 Administrator 或普通用户）及其所属组。结合 KG 上下文，RTM 和 OilRig 等恶意软件利用这些信息进行横向移动或权限提升。攻击",cat2_rl_correct_global_stays_correct,0.8654131889343262
1973,T1078,T1543 || T1546 || T1546 || T1574 || T1574 || T1078 || T1543 || T1543 || T1546 || T1546 || T1574 || T1574 || T1055 || T1055,1,2,1,1,11.290874481201172,2.4963936805725098,11.290874481201172,9.707868576049805,T1078 (11.29) | T1053 (10.42) | T1093 (7.40),T1053 (3.36) | T1078 (2.50) | T1553 (2.44),T1078 (11.29) | T1053 (10.42) | T1093 (7.40),T1078 (9.71) | T1053 (9.15) | T1093 (6.05),[战术阶段评估]：前缀序列显示攻击者反复执行 T1543 (创建持久化)、T1546 (修改启动项/登录脚本)、T1574 (组件组件/服务劫持) 以及 T1078 (有效账户)。最后两步 T1055 (进程注入) 的重复出现，标志着攻击重心已从‘建立持久化’和‘权限维持’完全转移到‘进程内执行’与‘防御规避’阶段。攻击者正在利用已获取的权限，将恶意载荷注入到合法进程中，以绕过基于文件扫描的防御。[已获资产推演]：基于 T1078 和多次 T1543/T1546 的循环，攻击者已拥有高权限账户（可能是域管理员或本地管理员）以及稳定的持久化入口。T1055 的连续执行表明攻击者已具备在目标系统上运行代码的能力，并正在寻找合适的宿主进程（如系统进程或高权限进程）进行驻留，以隐藏自身。[意图图谱映射]：结合 KG Context，T1055 是 Orz、Malteiro 和 Rocke 等恶意软件家族的核心技术，用于执行后续载荷。在成功注入进程后，攻击者的逻辑下一步通常是利用该进程执行具体的恶意功能。根据 ATT&CK 逻辑，进程注入后的直接后果是执行恶意代码（T1059 命令与控制/脚本执,cat2_rl_correct_global_stays_correct,0.8629517555236816
1609,T1112,T1587 || T1587 || T1587 || T1588 || T1588 || T1588 || T1190 || T1133 || T1078 || T1078 || T1059 || T1059 || T1059 || T1059 || T1047 || T1546 || T1133,1,2,1,1,9.608349800109863,5.338680267333984,9.608349800109863,8.83980941772461,T1112 (9.61) | T1505 (7.68) | T1053 (7.16),T1053 (6.20) | T1112 (5.34) | T1574 (4.47),T1112 (9.61) | T1505 (7.68) | T1053 (7.16),T1112 (8.84) | T1053 (6.98) | T1505 (6.83),"[战术阶段评估]：前缀序列以 T1047 (Windows Management Instrumentation) 和 T1546 (Event Triggered Execution) 结尾，随后紧跟 T1133 (External Remote Services)。T1047 通常用于在目标系统上执行命令或查询信息，而 T1546 表明攻击者正在建立持久化机制（如修改注册表启动项或计划任务）。T1133 的出现暗示攻击者可能正在尝试建立或验证远程连接通道，或者利用已建立的 WMI 通道进行远程操作。整体处于从‘初始访问/执行’向‘持久化/命令与控制’过渡的关键阶段。

[已获资产推演]：攻击者已经成功利用 T1078 (Valid Accounts) 获取了合法凭证，并通过 T1059 (Command and Scripting Interpreter) 执行了恶意代码。T1546 表明攻击者已具备在目标系统上修改系统配置以确保持久性的能力。T1133 暗示攻击者可能已经建立了某种形式的远程访问能力（如 RDP、SSH 或 WMI 远程调用），或者正在尝试通过外部服务进行连接。此",cat2_rl_correct_global_stays_correct,0.8604803085327148
1116,T1570,T1027 || T1553 || T1550 || T1075 || T1078 || T1003 || T1003 || T1003 || T1018 || T1016 || T1049 || T1033,1,4,1,1,11.47863483428955,5.536795616149902,11.47863483428955,10.409103393554688,T1570 (11.48) | T1021 (11.05) | T1210 (10.92),T1210 (6.39) | T1021 (6.36) | T1007 (5.61),T1570 (11.48) | T1021 (11.05) | T1210 (10.92),T1570 (10.41) | T1021 (10.21) | T1210 (10.10),"[战术阶段评估]：前缀序列以 T1016 (System Network Configuration Discovery) 和 T1049 (System Network Connections Discovery) 开始，紧接着是 T1033 (System Owner/User Discovery)。这表明攻击者已经完成了对目标主机网络环境（IP、域名、连接状态）的初步侦察，并正在深入确认当前会话的权限归属（用户名、权限）。这属于典型的‘侦察 (Reconnaissance)’阶段向‘执行 (Execution)’或‘防御规避 (Defense Evasion)’过渡的节点。攻击者正在收集建立持久化或横向移动所需的身份上下文。

[已获资产推演]：基于 T1078 (Valid Accounts) 和 T1003 (OS Credential Dumping) 的早期出现，攻击者已经获取了有效的凭据（可能是本地或域账户）。结合 T1033 的当前操作，攻击者现在明确知道当前进程运行的用户身份及其权限级别（例如：是否为管理员、是否属于特定域组）。他们掌握了‘谁’在‘哪台机器’上，以及",cat2_rl_correct_global_stays_correct,0.8565740585327148
2045,T1070,T1546 || T1546 || T1547 || T1060 || T1547 || T1543 || T1543 || T1546 || T1546 || T1480 || T1562 || T1562 || T1656,1,3,1,1,11.47673511505127,4.955179214477539,11.47673511505127,10.302855491638184,T1070 (11.48) | T1033 (7.63) | T1202 (6.91),T1562 (5.81) | T1027 (5.35) | T1070 (4.96),T1070 (11.48) | T1033 (7.63) | T1202 (6.91),T1070 (10.30) | T1027 (6.18) | T1036 (6.00),"[战术阶段评估]：前缀序列以 T1562 (Disable or Modify Tools/Defenses) 和 T1656 (Impair Process Control) 结尾。T1562 的重复出现表明攻击者正在积极清理或禁用安全工具（如杀毒软件、防火墙），而 T1656 通常用于阻止进程终止或干扰安全软件的运行。这标志着攻击者刚刚完成了‘防御规避’或‘环境清理’阶段，旨在为后续操作扫清障碍。

[已获资产推演]：基于 T1546 (Persistence) 和 T1547 (Boot or Logon Autostart Execution) 的多次出现，攻击者已经成功建立了持久化机制。结合 T1543 (Create or Modify System Process) 和 T1480 (Establish Multi-Factor Authentication Bypass/Impairment)，攻击者目前拥有较高的系统权限（可能是 SYSTEM 或 Administrator），并且已经控制了系统的启动项和关键进程。当前的资产状态是：已驻留、已持久化、已清除主要防御。
",cat2_rl_correct_global_stays_correct,0.8521728515625
1183,T1053,T1566 || T1566 || T1195 || T1195 || T1078 || T1059 || T1059 || T1059 || T1059 || T1059 || T1203,1,2,1,1,10.387072563171387,3.2028040885925293,10.387072563171387,9.093904495239258,T1053 (10.39) | T1559 (9.49) | T1106 (8.81),T1204 (4.05) | T1053 (3.20) | T1106 (1.72),T1053 (10.39) | T1559 (9.49) | T1106 (8.81),T1053 (9.09) | T1559 (7.93) | T1106 (7.54),"[战术阶段评估]：攻击前缀以 T1566 (Phishing) 开始，随后通过 T1195 (Supply Chain Compromise) 或 T1078 (Valid Accounts) 建立初始访问。核心序列 T1059 (Command and Scripting Interpreter) 连续出现多次，表明攻击者正在利用已获取的权限执行具体的恶意载荷或配置命令。最后一步 T1203 (Exploitation for Client Execution) 的出现非常关键，通常意味着攻击者正在尝试利用本地或远程客户端的漏洞来执行代码，这往往发生在权限提升或横向移动的准备阶段，或者是为了绕过现有的防御机制以获取更高权限。结合上下文，攻击者已处于‘执行’阶段，并可能正在向‘权限提升’或‘防御规避’过渡。

[已获资产推演]：基于 T1078 和多次 T1059，攻击者已拥有至少一个合法的用户账户权限，并能在该账户下执行任意命令。T1203 的介入暗示攻击者可能正在尝试利用该账户下的客户端软件（如浏览器、Office 等）漏洞，或者利用本地服务漏洞，以获取 SYSTEM 权限或突破沙",cat2_rl_correct_global_stays_correct,0.8493189811706543
452,T1213,T1003 || T1003 || T1003 || T1087 || T1087 || T1046 || T1018 || T1021 || T1560 || T1560 || T1119,1,2,1,1,11.934100151062012,5.276519775390625,11.934100151062012,10.735735893249512,T1213 (11.93) | T1005 (11.51) | T1530 (9.42),T1005 (6.11) | T1213 (5.28) | T1119 (4.64),T1213 (11.93) | T1005 (11.51) | T1530 (9.42),T1213 (10.74) | T1005 (10.54) | T1530 (8.19),"[战术阶段评估]：前缀序列显示攻击者经历了凭证获取 (T1003)、信息收集 (T1087)、网络服务发现 (T1046)、远程访问 (T1021) 以及数据收集后的压缩归档 (T1560)。最后两步 T1560 (Archive via Utility) 和 T1119 (Automated Exfiltration) 表明攻击者已完成数据的本地压缩/加密，并正在或刚刚启动了自动化的外传机制。这标志着攻击从‘数据准备’阶段正式进入‘数据外传’阶段。

[已获资产推演]：基于 T1003 和 T1087，攻击者已掌握高权限凭证（如域管理员或本地管理员）及完整的系统/网络资产清单。T1560 的重复执行暗示攻击者正在处理大量敏感数据（如知识库中提到的 ntds.dit 或文档），且数据已被打包成便于传输的格式。攻击者目前拥有对目标数据的完全控制权，并具备网络出口通道。

[意图图谱映射]：KG Context 明确指出 APT1 和 Volt Typhoon 在 T1560 后通常紧接着进行数据外传。T1119 作为自动化外传技术，通常依赖于预设的 C2 通道或云存储。因此，下一步逻辑必",cat2_rl_correct_global_stays_correct,0.8343133926391602
1862,T1070,T1059 || T1203 || T1133 || T1505 || T1505 || T1078 || T1078 || T1078 || T1078 || T1564 || T1564 || T1562 || T1562,1,3,1,1,11.69627571105957,6.749260902404785,11.69627571105957,10.80581283569336,T1070 (11.70) | T1562 (8.70) | T1027 (7.41),T1562 (7.58) | T1036 (7.48) | T1070 (6.75),T1070 (11.70) | T1562 (8.70) | T1027 (7.41),T1070 (10.81) | T1562 (8.50) | T1036 (7.40),"[战术阶段评估]：前缀序列以 T1564 (Hide Artifacts) 和 T1562 (Disable or Modify System Firewall/Indicator Blocking) 结尾。T1564 通常用于清理日志、隐藏进程或文件，而 T1562 用于关闭防御机制（如防火墙）或抑制错误报告。最后两步的重复执行（T1564 || T1562 || T1562）表明攻击者正在执行深度的‘防御规避’与‘环境清理’操作，旨在确保当前入侵的持久性并消除被检测的风险。这标志着攻击者正处于‘防御规避’（Defense Evasion）阶段的尾声，准备进入‘命令与控制’（Command and Control）或‘横向移动’（Lateral Movement）阶段。

[已获资产推演]：基于前缀 T1059 (Command and Scripting Interpreter) -> T1203 (Exploit Public-Facing Application) -> T1133 (External Remote Services) -> T1505 (Server Soft",cat2_rl_correct_global_stays_correct,0.8322353363037109
1689,T1484,T1059 || T1047 || T1543 || T1543 || T1574 || T1574 || T1078 || T1078 || T1543 || T1543 || T1484,1,3,1,1,9.61461353302002,2.9456260204315186,9.61461353302002,8.414196014404297,T1484 (9.61) | T1574 (9.00) | T1078 (6.89),T1546 (3.78) | T1543 (3.72) | T1484 (2.95),T1484 (9.61) | T1574 (9.00) | T1078 (6.89),T1484 (8.41) | T1574 (7.87) | T1078 (6.11),"[战术阶段评估]：前缀序列显示攻击者经历了初始执行 (T1059)、权限提升/持久化 (T1047, T1543)、横向移动/凭证访问 (T1078) 以及权限提升 (T1484)。最后两步 T1543 (创建/修改服务) 和 T1484 (权限提升) 的重复出现，表明攻击者正在强化其系统级持久化机制，并试图确保拥有最高权限（SYSTEM）。这标志着攻击者已稳固立足，处于从‘立足’向‘内网横向移动’或‘数据窃取’过渡的关键节点。

[已获资产推演]：基于 T1543.003 (Windows Service) 和 T1484 的上下文，攻击者目前极可能已经获得了目标主机的 SYSTEM 权限，并拥有高持久性的服务入口。这意味着攻击者可以绕过常规用户权限限制，访问系统关键区域，并作为高权限主体在本地或网络中发起进一步操作。

[意图图谱映射]：在获得 SYSTEM 权限并建立持久化服务后，攻击者的逻辑下一步通常是利用这些高权限进行内网侦察（发现网络拓扑、其他主机）、收集凭证（利用 SYSTEM 权限转储内存中的凭证）或部署恶意载荷。结合 KG Context 中提到的 Carbanak ",cat2_rl_correct_global_stays_correct,0.830500602722168
1105,T1033,T1027 || T1553 || T1550 || T1075 || T1078 || T1003 || T1003 || T1003 || T1018 || T1016 || T1049,1,2,1,1,11.925244331359863,4.452849864959717,11.925244331359863,10.580212593078613,T1033 (11.93) | T1210 (10.76) | T1007 (10.28),T1021 (5.27) | T1033 (4.45) | T1016 (3.71),T1033 (11.93) | T1210 (10.76) | T1007 (10.28),T1033 (10.58) | T1210 (9.42) | T1007 (8.93),[战术阶段评估]：前缀序列显示攻击者已完成初始访问（T1078）、凭证获取（T1003 x3）、系统配置发现（T1018）及网络配置发现（T1016）。最后一步 T1049 (System Network Connections Discovery) 表明攻击者正在深入调查目标网络的连接状态、监听端口及活跃会话。这标志着侦察阶段（Reconnaissance）已接近完成，正从被动收集转向主动利用网络拓扑信息。[已获资产推演]：攻击者已掌握域管理员或高权限凭证（T1078 + T1003），并成功在目标主机上执行了本地及网络层面的侦察。此时，攻击者对内部网络结构、关键服务端口及潜在的攻击路径有了清晰认知。[意图图谱映射]：结合 KG Context，T1016 和 T1018 常作为横向移动的前置步骤。在获取网络连接信息（T1049）后，攻击者最自然的逻辑是寻找可利用的远程服务或凭据进行横向移动。因此，下一步极大概率是利用已发现的网络路径进行远程执行（T1021）或窃取更多凭据（T1003/T1552）以维持访问。,cat2_rl_correct_global_stays_correct,0.8148832321166992
656,T1007,T1049 || T1033,1,4,1,1,11.433764457702637,4.27133321762085,11.433764457702637,10.144526481628418,T1007 (11.43) | T1033 (11.15) | T1570 (10.09),T1570 (5.07) | T1021 (4.69) | T1124 (4.30),T1007 (11.43) | T1033 (11.15) | T1570 (10.09),T1007 (10.14) | T1570 (9.19) | T1033 (9.04),"[战术阶段评估]：前缀序列以 T1049 (System Network Connections Discovery) 和 T1033 (System Owner/User Discovery) 结尾。这两个技术均属于 'Discovery' (侦察) 战术阶段。攻击者刚刚完成了对目标系统网络连接状态和当前用户身份/权限的初步确认。这标志着初始侦察阶段的收尾，攻击者正在收集建立持久性或提升权限所需的关键上下文信息。

[已获资产推演]：基于 T1033 的上下文（如 RTM, Saint Bot, PyDCrypt 等恶意软件利用该步骤获取用户名），攻击者目前已知晓受害主机的当前登录用户身份（User Identity）以及该用户可能拥有的权限级别。结合 T1049，攻击者还掌握了该用户当前的网络连接情况（如活跃端口、远程连接等）。此时，攻击者尚未获得系统级（SYSTEM）权限，但已具备当前用户上下文。

[意图图谱映射]：在获取了用户身份和连接信息后，攻击者的逻辑下一步通常是利用这些信息进行横向移动（Lateral Movement）或权限提升（Privilege Escalatio",cat2_rl_correct_global_stays_correct,0.8035812377929688
1998,T1046,T1070 || T1070 || T1112 || T1027 || T1027 || T1553 || T1218 || T1218 || T1078 || T1003 || T1003 || T1003 || T1087 || T1087 || T1652 || T1083,1,2,1,1,13.336562156677246,3.169717311859131,13.336562156677246,11.506529808044434,T1046 (13.34) | T1040 (9.84) | T1680 (9.56),T1680 (3.97) | T1046 (3.17) | T1615 (3.15),T1046 (13.34) | T1040 (9.84) | T1680 (9.56),T1046 (11.51) | T1680 (8.55) | T1135 (8.20),"[战术阶段评估]：前缀序列以 T1087 (Account Discovery) 和 T1652 (Device Control) 开始，最后以 T1083 (File and Directory Discovery) 结束。T1087 和 T1083 均属于侦察（Reconnaissance）阶段。攻击者刚刚完成了对本地账户信息的收集（T1087）以及对文件系统结构和内容的广泛扫描（T1083）。这表明攻击者正处于侦察阶段的收尾，正在为后续的横向移动或数据窃取构建目标列表。

[已获资产推演]：基于 T1087 和 T1083 的执行，攻击者目前掌握了：1. 本地用户账户列表（包括用户名、可能的 SID 或组信息）；2. 关键目录结构、文件类型分布及敏感文件路径。攻击者尚未表现出明显的权限提升（如 T1068）或凭证转储（如 T1003 虽在序列中但被后续侦察覆盖，可能用于验证或作为前置步骤），当前的核心资产是‘目标列表’。

[意图图谱映射]：结合 KG Context，T1083 的上下文提到 HotCroissant 利用此技术获取文件列表，而 T1087 的上下文提到 APT",cat2_rl_correct_global_stays_correct,0.7978506088256836
66,T1119,T1003 || T1003 || T1003 || T1528 || T1083 || T1040 || T1120 || T1057 || T1016 || T1016 || T1210 || T1021 || T1021 || T1091 || T1550 || T1557 || T1557 || T1560 || T1560,1,3,1,1,10.06964111328125,3.332132577896118,10.06964111328125,8.856889724731445,T1119 (10.07) | T1185 (7.84) | T1005 (7.47),T1560 (4.13) | T1005 (3.67) | T1119 (3.33),T1119 (10.07) | T1185 (7.84) | T1005 (7.47),T1119 (8.86) | T1560 (6.79) | T1005 (6.78),"[战术阶段评估]：攻击前缀序列以 T1557 (Adversary-in-the-Middle) 和 T1560 (Archive Collected Data) 结尾。T1557 通常用于拦截或修改流量以辅助数据窃取或凭证获取，而 T1560 明确指向对已收集数据的压缩/归档操作。结合 KG Context 中提到的 APT1、Volt Typhoon 和 Prikormka 均使用 T1560 进行数据压缩（特别是为了外传），可以判断攻击者正处于数据外传前的最后准备阶段（Exfiltration Preparation）。

[已获资产推演]：基于前缀中的 T1003 (OS Credential Dumping)、T1528 (Steal Application Access Token)、T1040 (Network Sniffing) 以及 T1557，攻击者已经获取了高价值的凭证、令牌以及网络流量数据。T1560 的连续执行表明这些敏感数据（如 ntds.dit 或文档）已被收集并正在被打包压缩，准备进行传输。

[意图图谱映射]：在数据完成归档（T1560）后，攻击者的逻",cat2_rl_correct_global_stays_correct,0.7955701351165771
380,T1053,T1078 || T1078 || T1098 || T1543 || T1501 || T1543 || T1484 || T1484 || T1055,1,3,1,1,9.72372817993164,3.086306095123291,9.72372817993164,8.52899169921875,T1053 (9.72) | T1055 (8.11) | T1093 (8.00),T1078 (3.88) | T1140 (3.86) | T1053 (3.09),T1053 (9.72) | T1055 (8.11) | T1093 (8.00),T1053 (8.53) | T1055 (6.45) | T1078 (6.28),"[战术阶段评估]：攻击前缀序列以 T1484 (Hardening) 两次后接 T1055 (Process Injection) 结束。T1484 代表攻击者正在修改系统配置（特别是利用 KG 上下文中的 Group Policy 修改）以增强持久性、禁用防御（如 Windows Defender）或扩大感染范围。T1055 代表攻击者正在将恶意代码注入到合法进程中，这通常是为了实现隐蔽执行或提升权限。最后两步的组合表明攻击者已完成环境加固/防御规避，并正在利用注入技术维持活跃状态或准备执行更复杂的载荷。这标志着从‘初始访问/持久化’阶段向‘防御规避/执行’阶段的深度过渡，且处于横向移动或数据窃取的准备期。

[已获资产推演]：基于 T1078 (Valid Accounts) 和 T1098 (Account Manipulation)，攻击者已拥有域管理员或高权限账户。T1484 的重复执行暗示攻击者已利用这些权限修改了域策略（如 HermeticWiper 或 LockBit 所述），从而获得了在域内自动部署或禁用安全软件的能力。T1055 表明攻击者已具备在目标主机上执行任意",cat2_rl_correct_global_stays_correct,0.7891709804534912
1411,T1098,T1505 || T1505 || T1078 || T1078 || T1134 || T1134,1,4,1,1,8.802176475524902,3.3339781761169434,8.802176475524902,7.817901134490967,T1098 (8.80) | T1547 (8.19) | T1134 (8.01),T1547 (4.12) | T1140 (4.08) | T1134 (4.00),T1098 (8.80) | T1547 (8.19) | T1134 (8.01),T1098 (7.82) | T1547 (7.46) | T1134 (7.29),"[战术阶段评估]：前缀序列以 T1078 (Valid Accounts) 开始，随后是 T1134 (Access Token Manipulation)。T1078 的重复出现表明攻击者正在建立或巩固初始访问，而 T1134 的连续出现（特别是最后两步）明确指向攻击者正在利用令牌提升权限或进行横向移动。这标志着攻击者正处于从‘初始访问’向‘权限提升/横向移动’过渡的关键阶段，且已经成功获取了高权限令牌。

[已获资产推演]：基于 T1078 和 T1134 的组合，攻击者目前至少掌握了一个具有较高权限（如 Local System 或 Domain Admin）的访问令牌。他们不再仅仅依赖初始凭证，而是拥有了在本地或域内模拟其他用户身份的能力。这意味着攻击者已经具备了在受控主机上执行任意操作或向其他主机发起连接所需的‘通行证’。

[意图图谱映射]：KG Context 显示 Havoc、KONNI 和 SILENTTRINITY 等工具专门利用 T1134 进行令牌窃取或模拟以执行进程。既然攻击者刚刚完成了 T1134 操作，逻辑上的下一步必然是利用这个新获得的令牌去执行具体的恶",cat2_rl_correct_global_stays_correct,0.7888107299804688
518,T1053,T1559 || T1106 || T1053,1,3,1,1,13.995458602905273,8.054481506347656,13.995458602905273,12.926082611083984,T1053 (14.00) | T1547 (5.71) | T1204 (5.44),T1569 (8.84) | T1204 (8.75) | T1053 (8.05),T1053 (14.00) | T1547 (5.71) | T1204 (5.44),T1053 (12.93) | T1204 (6.03) | T1547 (4.95),"[战术阶段评估]：前缀序列 T1559 (Command and Scripting Interpreter) -> T1106 (Native API) -> T1053 (Scheduled Task/Command and Scripting Interpreter) 显示攻击者已完成初始执行环境构建。T1559 用于解释执行脚本，T1106 用于调用底层系统 API 进行进程注入或系统调用，而最后一步 T1053 明确指向了通过计划任务建立持久化。这表明攻击者刚刚完成了从‘执行’到‘持久化’的关键跨越，当前处于战术阶段 Tactic: Persistence 的收尾或 Tactic: Privilege Escalation 的过渡期。

[已获资产推演]：基于 T1053 的上下文（Lucifer, Saint Bot, NETWIRE 等恶意软件均利用此技术），攻击者目前已在目标系统上成功部署了具有持久化能力的后门或恶意负载。这意味着攻击者已经获得了某种形式的系统级访问权限（System/User Level），并且该访问权限在重启后依然有效。攻击者目前掌握的资产是‘已驻留",cat2_rl_correct_global_stays_correct,0.7886028289794922
702,T1078,T1053 || T1053 || T1505 || T1505 || T1078 || T1078 || T1547 || T1060 || T1543 || T1543 || T1068 || T1574 || T1574 || T1055 || T1053 || T1053,1,2,1,1,9.61857795715332,4.190974235534668,9.61857795715332,8.641609191894531,T1078 (9.62) | T1548 (7.50) | T1053 (7.31),T1548 (4.97) | T1078 (4.19) | T1053 (3.86),T1078 (9.62) | T1548 (7.50) | T1053 (7.31),T1078 (8.64) | T1548 (7.04) | T1053 (6.69),"[战术阶段评估]：攻击前缀序列以 T1053 (Scheduled Task/Job) 结尾，且该技术在序列中多次出现（T1053 || T1053）。结合前序的 T1055 (Process Injection) 和 T1574 (Hijack Execution Flow)，攻击者刚刚完成了对目标系统的持久化建立（通过计划任务）以及进程注入/执行流劫持。序列末尾的重复 T1053 表明攻击者正在验证持久化机制的有效性，或者正在配置新的持久化任务以应对可能的重启或清理。这标志着攻击者已经稳固了立足点，并准备进入横向移动或数据窃取阶段。

[已获资产推演]：基于 T1078 (Valid Accounts) 和 T1547 (Boot or Logon Autostart Execution) 的早期出现，攻击者已拥有高权限账户（可能是域管理员或本地管理员）。T1055 和 T1574 的连续使用表明攻击者已经成功在目标进程上下文中执行了恶意代码，具备了在内存中隐藏和维持运行的能力。当前的 T1053 操作进一步确认了攻击者拥有对系统调度器的控制权，能够确保恶意载荷在系统重启或特定时间",cat2_rl_correct_global_stays_correct,0.7839183807373047
398,T1083,T1078 || T1110 || T1555 || T1056 || T1056 || T1040 || T1003 || T1003 || T1003 || T1539 || T1087 || T1087 || T1087,1,4,1,1,11.447937965393066,2.8761017322540283,11.447937965393066,9.905007362365723,T1083 (11.45) | T1217 (8.94) | T1135 (8.48),T1087 (3.66) | T1046 (3.32) | T1217 (3.13),T1083 (11.45) | T1217 (8.94) | T1135 (8.48),T1083 (9.91) | T1217 (7.89) | T1087 (7.42),"[战术阶段评估]：攻击前缀序列显示攻击者已完成初始访问（T1078）、凭证获取（T1110）、凭证转储（T1555）、键盘记录（T1056）及数据收集（T1040, T1003）。序列末尾连续三次出现 T1087（账户发现），且 KG Context 明确指向了针对 Exchange/Office 365（T1087.003）、本地账户（T1087.001）及云 IAM（T1087.004）的枚举行为。这表明攻击者正处于‘账户发现’战术阶段，正在系统性地梳理目标环境中的身份资产。

[已获资产推演]：基于前缀，攻击者已掌握初始凭证（T1110/T1078），并成功执行了本地和云端的账户枚举。目前攻击者已构建了一个包含本地用户、域用户及云 IAM 角色的粗粒度资产清单。连续重复 T1087 暗示攻击者可能正在交叉验证不同来源的账户信息，或针对特定高价值账户（如管理员、服务账号）进行深度挖掘，尚未进入横向移动或数据外传阶段。

[意图图谱映射]：根据 ATT&CK 逻辑，账户发现（T1087）是横向移动（T1021）和权限提升（T1548）的前置条件。KG Context 中提到的 Mai",cat2_rl_correct_global_stays_correct,0.7796008586883545
253,T1060,T1133 || T1078 || T1059 || T1059 || T1053 || T1053 || T1547 || T1133 || T1053 || T1053 || T1078 || T1547,1,3,1,1,13.403240203857422,3.693514347076416,13.403240203857422,11.655488967895508,T1060 (13.40) | T1053 (7.31) | T1574 (6.20),T1078 (4.45) | T1053 (3.91) | T1060 (3.69),T1060 (13.40) | T1053 (7.31) | T1574 (6.20),T1060 (11.66) | T1053 (6.70) | T1574 (5.54),"[战术阶段评估]：攻击前缀序列以 T1053 (Command and Scripting Interpreter: Scheduled Task/Job) 开始，紧接着是 T1078 (Valid Accounts) 和 T1547 (Boot or Logon Autostart Execution)。序列末尾的 'T1053 || T1078 || T1547' 表明攻击者刚刚完成了一次完整的‘持久化’循环：首先通过 T1053 创建计划任务，然后利用 T1078 验证或切换账户权限，最后通过 T1547 确保系统重启后能自动执行。这标志着攻击者已经成功将恶意载荷植入系统启动项或计划任务中，并确认了其在系统重启后的存活能力。当前战术阶段处于‘持久化 (Persistence)'的收尾或验证阶段，即将进入‘执行 (Execution)'或‘防御规避 (Defense Evasion)'的下一阶段。

[已获资产推演]：基于 T1078 和 T1547 的组合，攻击者目前掌握了目标系统的‘本地用户权限’（可能是通过凭据窃取或暴力破解获得的 T1078 账户），并且该账户拥有‘系统级或",cat2_rl_correct_global_stays_correct,0.758723258972168
1575,T1053,T1574 || T1574 || T1556,1,2,1,1,10.068632125854492,4.062872886657715,10.068632125854492,8.987595558166504,T1053 (10.07) | T1556 (6.26) | T1112 (5.17),T1574 (4.82) | T1053 (4.06) | T1055 (3.29),T1053 (10.07) | T1556 (6.26) | T1112 (5.17),T1053 (8.99) | T1556 (5.02) | T1112 (4.63),"[战术阶段评估]：前缀序列以 T1574 (组件组件化) 重复两次，随后是 T1556 (修改注册表/系统配置以持久化)。T1574 通常涉及 DLL 劫持或侧加载，用于在合法进程上下文中执行恶意代码。T1556 紧随其后，表明攻击者正在利用 T1574 提供的执行环境来修改系统配置（如注册表或 ld.so.preload），以确保恶意组件在系统重启或特定触发条件下能够再次加载。这标志着攻击者正处于从‘初始执行/加载’向‘持久化’过渡的关键阶段，且已经成功建立了某种形式的持久化机制。

[已获资产推演]：基于 T1574 和 T1556 的组合，攻击者目前掌握了目标系统的‘执行上下文’（通过 DLL 劫持/侧加载）和‘持久化入口点’（通过修改系统配置）。攻击者已经成功将恶意代码植入到系统启动或库加载流程中，具备了在目标系统上长期驻留的能力。此时，攻击者通常已经完成了初始访问和持久化，但尚未进行广泛的横向移动或数据窃取，因为持久化是这些后续操作的前提。

[意图图谱映射]：在成功建立持久化（T1556）后，攻击者的逻辑意图通常是验证持久化是否生效（T1059 执行脚本/命令），或者利用已",cat2_rl_correct_global_stays_correct,0.7577285766601562
192,T1566,T1566,1,2,1,1,9.722115516662598,6.063453197479248,9.722115516662598,9.063556671142578,T1566 (9.72) | T1059 (8.74) | T1078 (6.35),T1059 (6.82) | T1566 (6.06) | T1078 (4.94),T1566 (9.72) | T1059 (8.74) | T1078 (6.35),T1566 (9.06) | T1059 (8.39) | T1078 (6.09),"[战术阶段评估]：前缀序列仅包含 T1566（Phishing），且最后两步均为 T1566。这表明攻击目前处于初始访问（Initial Access）阶段。攻击者正在利用社会工程学手段（如带密码保护的 ZIP 附件或恶意链接）诱导用户执行恶意载荷。KG Context 明确指出 TA551 和 Higaisa 等组织使用 T1566.001（Spearphishing Attachment）作为主要入口，且涉及密码保护的压缩包，这通常意味着攻击者试图绕过简单的文件类型过滤或诱使用户输入密码以解压文件。

[已获资产推演]：基于 T1566 的序列，攻击者尚未获得系统权限或网络访问权限。他们目前仅拥有“诱导用户点击”的潜在能力。如果攻击成功（即用户解压并运行了附件），攻击者将刚刚获得初始执行权限（Execution），但尚未建立持久化、凭证访问或横向移动能力。此时，攻击者处于“刚刚获得执行权”或“等待用户交互完成”的临界状态。

[意图图谱映射]：在成功诱骗用户执行恶意附件后，攻击者的逻辑路径通常遵循以下顺序：
1. 确保恶意代码在目标系统上运行（Execution）。
2. 为了长期",cat2_rl_correct_global_stays_correct,0.754401683807373
1498,T1033,T1027 || T1027 || T1218 || T1218 || T1003 || T1003 || T1003 || T1482 || T1057 || T1018 || T1016 || T1049,1,2,1,1,11.301508903503418,6.079354286193848,11.301508903503418,10.36152172088623,T1033 (11.30) | T1021 (10.53) | T1210 (10.36),T1016 (6.83) | T1033 (6.08) | T1021 (5.27),T1033 (11.30) | T1021 (10.53) | T1210 (10.36),T1033 (10.36) | T1021 (9.58) | T1210 (9.20),"[战术阶段评估]：前缀序列显示攻击者经历了完整的初始访问（T1027 代码混淆/打包）、持久化（T1218 系统二进制程序）、凭证获取（T1003 凭证转储）以及系统发现（T1482 域发现）。最后两步 T1018（远程系统发现）和 T1016（系统网络配置发现）表明攻击者正处于‘侦察与映射’阶段，正在收集网络拓扑和主机配置信息。KG Context 明确指出 T1016 和 T1018 是 OilRig 和 SolarWinds 等高级威胁在发现阶段的关键步骤，用于构建网络地图。

[已获资产推演]：基于 T1003 的多次执行，攻击者已获取本地或域账户的明文/哈希凭证。结合 T1482 和 T1016/1018，攻击者已掌握域环境结构、关键服务器 IP、网络分段情况以及当前主机的网络配置。此时，攻击者拥有‘身份’和‘网络地图’，但尚未在目标网络中建立横向移动通道或执行特定载荷。

[意图图谱映射]：在获取了网络配置（T1016）和远程系统信息（T1018）后，攻击者的逻辑下一步必然是利用这些信息进行‘横向移动’。攻击者需要寻找高价值目标（如域控、文件服务器）并建立连接。因此，预测的",cat2_rl_correct_global_stays_correct,0.7542247772216797
1381,T1552,T1222 || T1222 || T1562 || T1562 || T1562 || T1070 || T1070 || T1070 || T1036 || T1036 || T1027 || T1027 || T1014 || T1552,1,5,1,1,11.944364547729492,1.5653694868087769,11.944364547729492,10.076146125793457,T1552 (11.94) | T1083 (9.07) | T1046 (8.75),T1027 (2.32) | T1110 (2.31) | T1550 (1.74),T1552 (11.94) | T1083 (9.07) | T1046 (8.75),T1552 (10.08) | T1083 (7.51) | T1046 (7.35),"[战术阶段评估]：前缀序列显示攻击者经历了完整的初始访问后处理阶段。T1222（文件隐藏/修改）和 T1562（防御规避）表明攻击者正在清理痕迹并隐藏自身。T1070（清除日志）和 T1036（进程伪装）进一步确认了反取证行为。T1027（软件打包/混淆）和 T1014（注册表启动项）是典型的持久化手段，特别是 T1014 通常用于确保恶意代码在重启后运行。序列末尾的 T1552（凭证访问）表明攻击者已建立持久化通道，并正在尝试获取系统凭证以扩大权限或横向移动。当前处于‘持久化建立完成，准备进行凭证窃取与横向移动’的战术阶段。

[已获资产推演]：基于 T1014 和 T1552 的组合，攻击者目前至少拥有目标主机的本地执行权限（Local Execution），并且已经能够访问或正在尝试访问本地存储的凭证（如 SAM 数据库、LSASS 内存、浏览器凭据等）。攻击者尚未表现出明显的横向移动（如 T1021）或远程执行（如 T1059）行为，但 T1552 是这些后续动作的前置条件。

[意图图谱映射]：结合 KG Context 中关于 T1027（软件打包）的上下文，虽然前缀中已出",cat2_rl_correct_global_stays_correct,0.7498131990432739
744,T1018,T1216 || T1216 || T1550 || T1075 || T1550 || T1078 || T1078 || T1056 || T1056 || T1003 || T1003 || T1552 || T1087 || T1087 || T1083 || T1046 || T1135 || T1012,1,3,1,1,13.435073852539062,2.9483485221862793,13.435073852539062,11.547463417053223,T1018 (13.44) | T1082 (10.95) | T1518 (10.01),T1210 (3.69) | T1069 (3.36) | T1018 (2.95),T1018 (13.44) | T1082 (10.95) | T1518 (10.01),T1018 (11.55) | T1082 (9.43) | T1518 (8.11),"[战术阶段评估]：前缀序列显示攻击者已完成初始访问（T1078）、凭证获取（T1056, T1552）、凭证转储（T1003）及信息收集（T1087, T1083）。最后两步 T1046（网络服务发现）和 T1135（网络共享发现）明确指向侦察与横向移动准备阶段。攻击者正在扫描网络中的开放端口和共享资源，以寻找可进一步渗透的目标。T1012（注册表查询）作为最后一步，可能是在本地或远程主机上查询特定配置以辅助发现或验证服务。

[已获资产推演]：基于 T1078（账户利用）和 T1003（凭证转储），攻击者已掌握至少一个有效账户的凭证，并可能拥有该账户的本地权限。结合 T1056（凭据注入）和 T1552（凭据访问），攻击者具备在本地或通过网络进行身份验证的能力。目前处于拥有初步立足点，正在寻找横向移动路径的状态。

[意图图谱映射]：T1046 和 T1135 的连续执行表明攻击者正在构建网络拓扑图，识别高价值目标（如数据库、文件服务器）。KG Context 中提到的 Rocke 和 Stuxnet 案例均显示，在发现服务（T1046）和共享（T1135）后，攻击者通常会立即尝试利",cat2_rl_correct_global_stays_correct,0.7465245723724365
907,T1053,T1559 || T1559 || T1106,1,2,1,1,11.55613899230957,5.601292610168457,11.55613899230957,10.484267234802246,T1053 (11.56) | T1204 (7.24) | T1547 (5.20),T1204 (6.34) | T1053 (5.60) | T1133 (0.98),T1053 (11.56) | T1204 (7.24) | T1547 (5.20),T1053 (10.48) | T1204 (7.08) | T1106 (4.11),"[战术阶段评估]：前缀序列以 T1559 (子进程执行) 开始，连续两次出现，最后以 T1106 (API 调用) 结束。T1559 通常用于在受控环境中启动辅助进程或执行脚本，而 T1106 代表攻击者正在通过底层 API 进行具体的系统交互。结合 KG Context，T1559 在此处被明确关联到 Medusa Ransomware 使用 `CreatePipe` 进行进程间通信 (IPC)。这表明攻击者刚刚完成了利用 IPC 机制建立进程间数据通道的操作，这是典型的恶意软件组件间通信或数据传递阶段。

[已获资产推演]：攻击者目前处于“执行”阶段，但已具备在本地系统内通过 IPC 机制协调多个恶意进程的能力。T1106 的介入暗示攻击者正在直接调用系统 API 来配置这些进程（如创建管道、设置句柄）。此时，攻击者尚未表现出明显的横向移动或持久化特征，而是专注于构建本地恶意软件内部的通信架构。

[意图图谱映射]：基于 Medusa Ransomware 的 KG 上下文，建立 IPC 通道（T1559）是加密数据或分发加密模块的前置条件。一旦通信管道建立，攻击者的逻辑下一步通常",cat2_rl_correct_global_stays_correct,0.7420625686645508
1512,T1567,T1027 || T1027 || T1218 || T1218 || T1003 || T1003 || T1003 || T1482 || T1057 || T1018 || T1016 || T1049 || T1033 || T1007 || T1210 || T1560 || T1560 || T1090 || T1567,1,4,1,1,9.377093315124512,2.437634229660034,9.377093315124512,8.12799072265625,T1567 (9.38) | T1485 (6.13) | T1048 (6.07),T1485 (3.18) | T1491 (2.65) | T1657 (2.63),T1567 (9.38) | T1485 (6.13) | T1048 (6.07),T1567 (8.13) | T1485 (5.60) | T1048 (5.14),"[战术阶段评估]：前缀序列最后几步为 T1560 (Archive via Utility) -> T1090 (Proxy) -> T1567 (Forceful Enumeration)。T1560 和 T1090 的组合强烈暗示攻击者正在执行数据外传（Exfiltration）的准备工作：先压缩/加密数据，再通过代理通道传输。T1567 通常用于在数据外传前确认目标文件是否可访问或验证数据完整性，或者在建立 C2 通道后验证其连通性。整体处于‘数据外传’或‘C2 通信建立’的战术阶段。

[已获资产推演]：攻击者已经完成了初始访问（T1027, T1218）、凭证获取（T1003）、系统信息收集（T1016, T1049, T1033, T1007）以及数据打包（T1560）。通过 T1090，攻击者已经建立了经过代理的 C2 通道。此时，攻击者最可能掌握的是：1. 目标网络中的敏感数据（已打包）；2. 一个稳定的、经过代理的 C2 通信通道；3. 对目标系统的部分控制权（足以执行枚举和打包）。

[意图图谱映射]：基于 KG Context，TrickBot 和 GreyEne",cat2_rl_correct_global_stays_correct,0.7393789291381836
1577,T1053,T1574 || T1574 || T1556 || T1053,1,2,1,1,14.488458633422852,4.3937530517578125,14.488458633422852,12.671411514282227,T1053 (14.49) | T1547 (6.77) | T1140 (5.65),T1078 (5.13) | T1053 (4.39) | T1548 (3.57),T1053 (14.49) | T1547 (6.77) | T1140 (5.65),T1053 (12.67) | T1547 (5.95) | T1140 (4.92),"[战术阶段评估]：前缀序列以 T1574 (组件组件化/持久化) 开始，随后重复 T1574 并进入 T1556 (修改注册表) 和 T1053 (计划任务)。最后两步 T1556 和 T1053 明确指向‘持久化’战术阶段。攻击者正在通过多种机制（注册表、计划任务）确保恶意载荷在系统重启或用户登录后能够自动运行。KG Context 进一步证实了 T1053.005（计划任务）是恶意软件（如 Lucifer, Saint Bot, NETWIRE）建立持久化的常见手段。

[已获资产推演]：基于 T1574 和 T1556 的执行，攻击者已经成功在目标系统上植入了持久化机制。这意味着攻击者目前拥有‘持久化访问’级别的资产控制权。虽然尚未明确显示已获取高权限（如 SYSTEM），但 T1556 和 T1053 通常用于在用户上下文或系统上下文中维持访问。此时，攻击者的主要资产是‘已建立的持久化通道’。

[意图图谱映射]：在成功建立持久化（T1574, T1556, T1053）后，攻击者的逻辑意图通常转向利用这些通道进行后续操作。KG Context 中提到的恶意软件（Lucifer",cat2_rl_correct_global_stays_correct,0.7389726638793945
1497,T1057,T1027 || T1027 || T1218 || T1218 || T1003 || T1003 || T1003 || T1482,1,2,1,1,11.325922966003418,2.7837719917297363,11.325922966003418,9.788335800170898,T1057 (11.33) | T1082 (9.35) | T1018 (8.66),T1484 (3.52) | T1057 (2.78) | T1046 (2.63),T1057 (11.33) | T1082 (9.35) | T1018 (8.66),T1057 (9.79) | T1018 (7.40) | T1082 (7.26),[战术阶段评估]：前缀序列显示攻击者首先执行了 T1027（命令和脚本解释器，通常用于代码混淆或隐藏），随后是 T1218（系统二进制程序，如编译或打包恶意软件），这构成了典型的初始载荷交付与执行阶段。紧接着，攻击者连续三次执行 T1003（凭证转储），最后执行了 T1482（域信任）。T1003 的重复执行表明攻击者正在尝试获取不同层级或不同来源的凭证（如本地管理员、域管理员或特定服务账户），而 T1482 的出现标志着攻击重心从单点突破转向了横向移动的准备，特别是针对域信任关系的利用。[已获资产推演]：基于 T1003 的多次执行，攻击者极大概率已经获取了高价值的凭证（如 NTLM 哈希或明文密码），可能已经拥有了域管理员（DA）或具有域信任关系的特权账户权限。T1482 的执行暗示攻击者正在确认或利用域信任关系，这意味着攻击者可能已经掌握了能够跨越域边界的凭证或访问权限。[意图图谱映射]：结合 KG Context，T1003 是 Axiom、POWERTON、MuddyWater 等 APT 组织常用的手段，用于获取凭据以进行后续操作。在获取凭证并确认域信任（T1482）后，攻,cat2_rl_correct_global_stays_correct,0.7333650588989258
1062,T1505,T1059 || T1059 || T1053 || T1053 || T1546 || T1133 || T1053 || T1053,1,2,1,1,8.680771827697754,4.6103620529174805,8.680771827697754,7.948098182678223,T1505 (8.68) | T1036 (5.97) | T1569 (5.93),T1078 (5.33) | T1505 (4.61) | T1053 (4.49),T1505 (8.68) | T1036 (5.97) | T1569 (5.93),T1505 (7.95) | T1078 (5.44) | T1569 (5.16),"[战术阶段评估]：前缀序列以 T1133 (Remote Services) 和 T1053 (Scheduled Task/Job) 的重复出现结束。T1133 通常代表攻击者正在建立或维护远程连接（如 RDP），而 T1053 的连续出现（特别是结合 KG Context 中提到的 SpeakUp、Dragonfly、Rancor 等恶意软件利用计划任务进行持久化）表明攻击者正处于‘持久化’与‘维持访问’的战术阶段。最后两步的 T1053 极有可能是为了在远程会话中配置自动执行的计划任务，以确保在重启或会话断开后仍能执行代码。

[已获资产推演]：基于 T1059 (Command and Scripting Interpreter) 的早期出现，攻击者已具备在目标系统上执行命令的能力。T1133 的出现暗示攻击者可能已经通过某种方式（如凭证窃取或漏洞利用）获得了远程访问权限（如 RDP 会话）。结合 T1053 的持久化操作，攻击者目前掌握了目标系统的‘远程执行权限’以及‘计划任务控制权限’，并可能已经植入了持久化载荷。

[意图图谱映射]：KG Context 明确指出 Spe",cat2_rl_correct_global_stays_correct,0.7222933769226074
1240,T1574,T1133 || T1574 || T1574 || T1556 || T1556 || T1053 || T1053 || T1078 || T1078 || T1574,1,3,1,1,12.640315055847168,3.152040719985962,12.640315055847168,10.932425498962402,T1574 (12.64) | T1053 (6.87) | T1070 (5.30),T1060 (3.87) | T1134 (3.19) | T1574 (3.15),T1574 (12.64) | T1053 (6.87) | T1070 (5.30),T1574 (10.93) | T1053 (5.79) | T1070 (4.28),"[战术阶段评估]：前缀序列显示攻击者经历了初始访问（T1133）、持久化（T1574）、凭证访问（T1556）以及命令执行（T1053）的循环。最后两步 T1078（Valid Accounts）的重复出现，紧接着又是 T1574（Component Modification），表明攻击者正在利用已获取的凭证（可能是域账户）进行身份验证，并试图修改系统组件以维持或提升权限。T1078 的重复暗示了攻击者正在尝试不同的账户或验证不同账户的可用性，这是横向移动前的典型特征。

[已获资产推演]：基于 KG Context 中提到的 'Cobalt Strike uses Domain Accounts' 和 'FIN10 uses Local Administrator account'，结合 T1078 的上下文，攻击者目前极可能已经掌握了有效的域账户（Domain Account）或本地管理员账户（Local Admin）的凭据。他们正处于‘身份验证’阶段，准备利用这些高权限账户在受控网络内进行活动。

[意图图谱映射]：攻击者刚刚完成了身份验证（T1078）并可能进行了初步的持久化尝",cat2_rl_correct_global_stays_correct,0.7187454700469971
792,T1573,T1550 || T1550 || T1560 || T1560 || T1005 || T1039 || T1113 || T1071 || T1071 || T1132 || T1132 || T1573,1,2,1,1,13.545313835144043,6.945896148681641,13.545313835144043,12.35741901397705,T1573 (13.55) | T1105 (12.39) | T1132 (10.19),T1105 (7.66) | T1573 (6.95) | T1001 (5.32),T1573 (13.55) | T1105 (12.39) | T1132 (10.19),T1573 (12.36) | T1105 (11.53) | T1132 (8.60),"[战术阶段评估]：前缀序列显示攻击者经历了初始访问（T1550 变体）、数据收集（T1005, T1039, T1113）以及网络通信配置（T1071）。最后两步 T1132（数据编码）的重复出现，紧接着 T1573（加密通道），表明攻击者正在构建或优化其命令与控制（C2）通道的隐蔽性和安全性。T1132 的重复暗示攻击者可能在尝试不同的编码方案（如 KG 中提到的非标准 Base64 或标准 Base64）以绕过检测，而 T1573 则确认了加密层的建立。当前处于 C2 通道建立与加固阶段。

[已获资产推演]：基于 T1005（本地数据收集）、T1039（内存数据收集）和 T1113（屏幕捕获），攻击者已经获取了目标系统的部分敏感数据。T1071 和 T1132 的序列表明攻击者已经成功建立了初步的 C2 连接，并正在通过编码和加密手段使其更加稳健。攻击者目前拥有对目标系统的受控访问权限，且具备将数据传出或接收指令的通道。

[意图图谱映射]：KG Context 详细描述了 NightClub（T1132.002）和 ADVSTORESHELL（T1132.001）在数据编码上的",cat2_rl_correct_global_stays_correct,0.7098836898803711
456,T1005,T1003 || T1003 || T1003 || T1087 || T1087 || T1046 || T1018 || T1021 || T1560 || T1560 || T1119 || T1213 || T1213,1,2,1,1,10.993432998657227,7.815365791320801,10.993432998657227,10.421380996704102,T1005 (10.99) | T1039 (8.90) | T1593 (8.47),T1039 (8.52) | T1005 (7.82) | T1074 (7.03),T1005 (10.99) | T1039 (8.90) | T1593 (8.47),T1005 (10.42) | T1039 (8.83) | T1593 (8.02),"[战术阶段评估]：前缀序列以 T1119 (Automated Exfiltration) 和 T1213 (Data from Information Repositories) 结尾。T1119 通常作为数据收集后的自动化传输手段，而 T1213 明确指向从信息存储库（如 SharePoint、数据库）中提取数据。最后两步的重复（T1213 || T1213）表明攻击者正在持续、批量地从特定目标（如 SharePoint 站点）拉取数据，这标志着攻击正处于‘数据收集与窃取’阶段的高峰期，且目标非常明确。

[已获资产推演]：基于 T1003 (Credential Dumping) 和 T1087 (Account Discovery) 的早期序列，攻击者已获取了本地及域账户权限。随后的 T1046 (Network Service Discovery) 和 T1021 (Remote Services) 表明攻击者已建立横向移动通道。结合 KG Context 中提到的 LAPSUS$ 和 Ke3chang 利用 SharePoint 枚举工具，攻击者目前掌握了对企业协作平台（S",cat2_rl_correct_global_stays_correct,0.7003164291381836
1660,T1566,T1583 || T1583 || T1583 || T1588 || T1588 || T1608 || T1608 || T1566,1,2,1,1,12.344542503356934,5.968728065490723,12.344542503356934,11.19689655303955,T1566 (12.34) | T1059 (7.81) | T1091 (7.65),T1608 (6.66) | T1566 (5.97) | T1190 (3.69),T1566 (12.34) | T1059 (7.81) | T1091 (7.65),T1566 (11.20) | T1091 (6.32) | T1059 (6.30),"[战术阶段评估]：前缀序列以 T1583 (Acquire Infrastructure) 开始，随后是 T1588 (Obtain Capabilities) 和 T1608 (Compromise Infrastructure)。最后两步是 T1608 (重复) 和 T1566 (Phishing)。这表明攻击者已经完成了基础设施的搭建和劫持（T1608），并正在利用这些被劫持的站点或相关渠道进行初始访问尝试（T1566）。T1608 的重复出现暗示攻击者正在持续维护或利用这些被攻陷的 Web 资产作为跳板。T1566 的出现表明攻击者正在尝试通过社会工程学（如钓鱼邮件或恶意链接）将受害者引导至这些被攻陷的基础设施，或者利用被攻陷的站点进行 Drive-by 攻击。整体处于初始访问（Initial Access）向执行（Execution）过渡的阶段。

[已获资产推演]：基于 T1583 和 T1588，攻击者已拥有自定义的基础设施。T1608 的多次出现（特别是结合 KG Context 中提到的 Dragonfly 和 Threat Group-3390 利用被攻陷网站进行重",cat2_rl_correct_global_stays_correct,0.6948165893554688
112,T1053,T1059 || T1059 || T1203,1,2,1,1,9.895235061645508,3.2163166999816895,9.895235061645508,8.693029403686523,T1053 (9.90) | T1559 (9.73) | T1106 (7.95),T1059 (3.91) | T1053 (3.22) | T1559 (3.06),T1053 (9.90) | T1559 (9.73) | T1106 (7.95),T1053 (8.69) | T1559 (8.53) | T1106 (6.90),"[战术阶段评估]：前缀序列 T1059 (Command and Scripting Interpreter) 连续出现两次，随后紧跟 T1203 (Exploitation for Client Execution)。这表明攻击者已经成功在目标系统上建立了执行环境（通过 T1059），并正在尝试利用客户端漏洞（T1203）来执行恶意载荷或提升权限。T1203 通常作为初始访问或权限提升的手段，紧随其后的操作往往涉及载荷的落地或执行。

[已获资产推演]：攻击者目前通过 T1059 掌握了命令行的控制权，并通过 T1203 尝试利用客户端漏洞。结合 KG Context 中提到的 njRAT、StarProxy 和 DarkWatchman 等恶意软件均利用 T1059 执行命令，可以推断攻击者极有可能已经成功部署了类似 njRAT 或 DarkWatchman 的远程访问木马（RAT）或恶意载荷。此时，攻击者已具备在目标主机上执行任意命令的能力，并可能已经获取了初步的访问凭证或系统控制权。

[意图图谱映射]：在成功利用 T1203 并配合 T1059 执行后，攻击者的逻辑意图通常转",cat2_rl_correct_global_stays_correct,0.694709300994873
129,T1547,T1059 || T1059 || T1203 || T1053 || T1053 || T1204 || T1204 || T1204 || T1047 || T1098 || T1098 || T1098 || T1098 || T1098,1,2,1,1,10.792497634887695,6.809146404266357,10.792497634887695,10.075493812561035,T1547 (10.79) | T1098 (8.44) | T1136 (7.87),T1098 (7.50) | T1547 (6.81) | T1136 (5.48),T1547 (10.79) | T1098 (8.44) | T1136 (7.87),T1547 (10.08) | T1098 (8.27) | T1136 (7.44),"[战术阶段评估]：前缀序列以 T1098 (Account Manipulation) 连续三次结束。T1098 属于 'Persistence' (持久化) 战术阶段。序列中先出现了 T1059 (Command and Scripting Interpreter) 和 T1203 (Exploitation for Client Execution) 等初始访问/执行技术，随后是 T1053 (Scheduled Task) 和 T1204 (User Execution) 的重复，最后通过 T1047 (Windows Admin Shares) 和 T1098 的多次操作，表明攻击者已经完成了初步的横向移动或权限提升，并正在通过操纵账户来建立长期、隐蔽的持久化机制。连续三次 T1098 强烈暗示攻击者正在批量创建后门账户、修改现有账户属性或将其加入特权组（如 KG 中提到的 APT41 将用户加入 Admin 组），这是典型的‘建立立足点’后的‘巩固’阶段。

[已获资产推演]：基于 T1098 的连续执行，攻击者目前极可能已经掌握了至少一个具有本地管理员权限或域管理员权限的账",cat2_rl_correct_global_stays_correct,0.6906380653381348
1081,T1060,T1059 || T1059 || T1106 || T1053 || T1053 || T1072 || T1569 || T1569 || T1204 || T1204 || T1547 || T1112 || T1053 || T1053 || T1078 || T1547,1,4,1,1,14.501132011413574,3.638554334640503,14.501132011413574,12.545867919921875,T1060 (14.50) | T1574 (7.31) | T1543 (6.66),T1078 (4.33) | T1053 (4.24) | T1543 (3.96),T1060 (14.50) | T1574 (7.31) | T1543 (6.66),T1060 (12.55) | T1574 (6.55) | T1543 (6.17),"[战术阶段评估]：攻击前缀序列以 T1053 (Command and Scripting Interpreter) 和 T1078 (Valid Accounts) 结尾，随后再次执行 T1547 (Boot or Logon Autostart Execution)。T1053 和 T1547 的组合通常标志着攻击者正在建立或验证持久化机制。T1078 表明攻击者已经获取了有效凭证。序列中反复出现的 T1053 和 T1547 显示攻击者正在尝试通过多种手段（计划任务、注册表启动项）确保恶意代码在系统重启或用户登录时自动运行。这属于攻击生命周期的‘持久化 (Persistence)'阶段，且处于该阶段的收尾或验证环节。

[已获资产推演]：基于 T1078 和 T1547 的上下文，攻击者目前掌握了目标系统的‘有效用户凭证’（可能是本地管理员或普通用户），并已经成功在目标系统上植入了‘持久化后门’（如计划任务或注册表项）。攻击者目前处于‘已驻留’状态，但尚未进行横向移动或数据窃取，因为序列中缺乏 T1021 (Remote Services) 或 T1005 (Data from ",cat2_rl_correct_global_stays_correct,0.6886389255523682
1881,T1070,T1053 || T1053 || T1547 || T1053 || T1053 || T1656 || T1070,1,2,1,1,10.302324295043945,4.843995094299316,10.302324295043945,9.31982421875,T1070 (10.30) | T1036 (8.88) | T1202 (8.15),T1036 (5.52) | T1070 (4.84) | T1027 (4.40),T1070 (10.30) | T1036 (8.88) | T1202 (8.15),T1070 (9.32) | T1036 (8.28) | T1202 (6.95),"[战术阶段评估]：攻击前缀序列以 T1053 (Command and Scripting Interpreter) 开始，随后通过 T1547 (Boot or Logon Autostart Execution) 建立持久性。序列中段再次出现 T1053 和 T1656 (Proxy), 最后以 T1070 (Indicator Removal) 结束。最后两步 T1656 和 T1070 表明攻击者已经完成了初步的持久化建立，可能进行了网络代理配置，并正在执行日志清理以掩盖痕迹。这标志着攻击者正处于从‘初始访问与持久化’阶段向‘防御规避’阶段过渡，并准备进入‘横向移动’或‘数据窃取’阶段的关键节点。

[已获资产推演]：基于 T1547 和 T1053 的组合，攻击者已经成功在目标系统上建立了稳定的执行环境（持久化）。T1656 暗示攻击者可能已经配置了网络代理，意味着攻击者具备了向外通信或作为跳板的能力。T1070 的执行表明攻击者已经获取了足够的控制权来修改系统日志，且当前处于单点或低权限的初始立足点，尚未大规模扩散。

[意图图谱映射]：在清理日志（T1070）之后，攻击者",cat2_rl_correct_global_stays_correct,0.6788425445556641
574,T1505,T1053 || T1204 || T1204 || T1204 || T1047 || T1543 || T1543 || T1133 || T1556 || T1556 || T1112 || T1137 || T1137 || T1053 || T1053,1,2,1,1,8.522976875305176,4.28186559677124,8.522976875305176,7.759576797485352,T1505 (8.52) | T1078 (8.34) | T1053 (8.17),T1078 (4.96) | T1505 (4.28) | T1140 (3.37),T1505 (8.52) | T1078 (8.34) | T1053 (8.17),T1505 (7.76) | T1078 (7.73) | T1053 (7.22),"[战术阶段评估]：前缀序列以 T1053 (Command and Scripting Interpreter: Scheduled Task/Job) 结尾，且连续出现两次。结合 KG Context 中关于 SpeakUp、Dragonfly 和 Lucifer 等恶意软件利用 T1053 进行持久化的案例，可以确定攻击者当前正处于【持久化 (Persistence)】阶段。攻击者刚刚完成了通过计划任务建立长期驻留的操作，这是典型的“建立立足点”后的巩固步骤。

[已获资产推演]：基于前缀序列，攻击者已经成功执行了初始访问 (T1204)、执行 (T1047)、权限提升 (T1543, T1133) 以及凭证访问 (T1112, T1137)。特别是 T1137 (Windows Registry Run Keys) 和 T1556 (Modify Authentication Process) 的出现，暗示攻击者可能已经获取了系统级或高权限账户的控制权。当前的 T1053 操作表明攻击者已经拥有了在目标系统上创建和调度任务的权限，资产状态为“已建立持久化入口的受控主机”。

[意",cat2_rl_correct_global_stays_correct,0.6776175498962402
1219,T1071,T1204 || T1204 || T1547 || T1547 || T1060 || T1027 || T1027 || T1218 || T1218 || T1221 || T1555 || T1083 || T1069 || T1069 || T1057 || T1518 || T1082 || T1005,1,2,1,1,10.664077758789062,5.168940544128418,10.664077758789062,9.67495346069336,T1071 (10.66) | T1113 (7.80) | T1105 (7.15),T1016 (5.84) | T1071 (5.17) | T1082 (4.58),T1071 (10.66) | T1113 (7.80) | T1105 (7.15),T1071 (9.67) | T1016 (6.76) | T1113 (6.03),"[战术阶段评估]：前缀序列最后两步为 T1518 (System Discovery) 和 T1082 (System Information Discovery)，紧接着是 T1005 (Data from Local System)。这表明攻击者已经完成了初步的持久化（T1547）、权限维持（T1060, T1027）、文件操作（T1218, T1221）以及凭证访问（T1555）。当前阶段明确处于‘侦察与数据收集’的深化期，攻击者正在系统性地收集本地系统信息以构建攻击画像。

[已获资产推演]：基于 T1518 和 T1082 的执行，攻击者已确认受害主机的操作系统版本、硬件配置、网络拓扑（主机名、域、IP）以及基础服务状态。结合 T1005 的上下文，攻击者已具备访问本地文件系统的能力，并正在利用这些系统信息来筛选高价值数据或确定下一步攻击路径（如寻找特定版本的漏洞利用点或特定类型的敏感文件）。

[意图图谱映射]：根据 KG Context，APT41、BoomBox 和 Manjusaka 等组织在 T1082 之后通常会进行更具体的‘文件发现’或‘网络服务发现’。T100",cat2_rl_correct_global_stays_correct,0.6757192611694336
1249,T1070,T1133 || T1574 || T1574 || T1556 || T1556 || T1053 || T1053 || T1078 || T1078 || T1574 || T1574 || T1053 || T1053 || T1078 || T1078 || T1574 || T1574 || T1070,1,2,1,1,11.01931095123291,4.666343688964844,11.01931095123291,9.875777244567871,T1070 (11.02) | T1036 (10.72) | T1112 (6.56),T1036 (5.34) | T1070 (4.67) | T1497 (3.53),T1070 (11.02) | T1036 (10.72) | T1112 (6.56),T1070 (9.88) | T1036 (9.75) | T1112 (5.60),[战术阶段评估]：前缀序列显示攻击者反复执行 T1574 (Component Modification) 和 T1053 (Scheduled Task/Service) 的循环，这通常代表持久化机制的构建或加固。序列末尾的 T1078 (Valid Accounts) 表明攻击者已切换至利用合法凭证进行横向移动或维持访问。最后两步 T1574 || T1574 || T1070 显示攻击者在利用合法凭证后，再次对系统组件进行了修改（可能是为了掩盖之前的持久化痕迹或准备新的载荷），紧接着执行了 T1070 (Indicator Removal)，这是典型的“清理现场”行为，标志着当前攻击阶段（如入侵或横向移动）的收尾。[已获资产推演]：基于 T1078 和 T1574 的反复操作，攻击者目前极可能已经获取了高权限的本地账户（如 Administrator 或 SYSTEM）或域账户，并成功在目标主机上建立了隐蔽的持久化通道（如修改了内核回调或侧加载了 DLL）。攻击者已具备对目标系统的完全控制权，并完成了对当前操作痕迹的清理。[意图图谱映射]：在清理痕迹（T1070）之后，攻击者的逻,cat2_rl_correct_global_stays_correct,0.6737937927246094
834,T1027,T1112 || T1053 || T1053 || T1078 || T1134 || T1134 || T1546 || T1546 || T1068 || T1055 || T1055 || T1053 || T1053 || T1078 || T1134 || T1134 || T1070 || T1070 || T1112,1,2,1,1,8.866012573242188,4.210755825042725,8.866012573242188,8.028066635131836,T1027 (8.87) | T1055 (6.39) | T1550 (5.38),T1036 (4.88) | T1027 (4.21) | T1110 (3.43),T1027 (8.87) | T1055 (6.39) | T1550 (5.38),T1027 (8.03) | T1055 (5.71) | T1078 (4.70),"[战术阶段评估]：前缀序列以 T1070 (清除痕迹) 和 T1112 (修改注册表) 结尾。T1070 的重复出现表明攻击者正在积极执行反取证操作，试图抹除入侵证据。T1112 紧随其后，通常用于持久化或配置系统以支持后续操作。这表明攻击者刚刚完成了‘清理现场’阶段，并可能正在为下一阶段做准备。当前处于‘防御规避’向‘持久化/横向移动’过渡的临界点。

[已获资产推演]：攻击者已经成功执行了 T1078 (有效账户) 和 T1134 (访问令牌) 操作，说明其已获取了高权限（如 SYSTEM 或 Domain Admin）的访问令牌。T1055 (进程注入) 和 T1068 (提权) 的序列表明攻击者正在确保在目标进程中的执行能力。此时，攻击者拥有对当前主机的完全控制权，且已清除日志，处于‘隐身’状态。

[意图图谱映射]：在清除日志 (T1070) 和修改注册表 (T1112) 后，攻击者的逻辑意图通常是：1. 确保当前权限的持久性（防止重启丢失）；2. 为横向移动做准备（如配置凭证存储）；3. 建立新的持久化机制（如计划任务、服务）。结合 KG Context 中提到的 Mete",cat2_rl_correct_global_stays_correct,0.6701607704162598
9,T1003,T1078 || T1586 || T1140 || T1036 || T1036 || T1036 || T1027 || T1078 || T1586 || T1056 || T1056,1,2,1,1,10.825447082519531,3.867122173309326,10.825447082519531,9.572948455810547,T1003 (10.83) | T1056 (7.96) | T1083 (7.70),T1056 (4.53) | T1003 (3.87) | T1071 (3.00),T1003 (10.83) | T1056 (7.96) | T1083 (7.70),T1003 (9.57) | T1056 (7.34) | T1083 (6.26),"[战术阶段评估]：前缀序列以 T1056 (Credential Access: Keylogging) 结尾，且连续两次出现。T1056 属于 Credential Access 战术阶段。结合前序的 T1078 (Valid Accounts) 和 T1586 (Compromise Infrastructure)，攻击者已经完成了初始入侵、持久化建立以及针对凭证的采集。当前处于凭证收集完成后的关键决策点。

[已获资产推演]：攻击者通过 T1056 连续执行，极大概率已经捕获了目标系统的明文密码、哈希值或会话令牌。结合 T1078 的上下文，攻击者可能已经利用这些凭证尝试过登录，或者正准备利用这些新获取的凭证进行横向移动或权限提升。此时，攻击者手中握有‘凭证’这一核心资产，但尚未明确展示其利用凭证后的具体行动（如远程登录或提权）。

[意图图谱映射]：根据 KG Context，T1056 通常与 APT3、gh0st RAT 等组织关联，这些组织在获取凭证后，标准战术流程是立即利用凭证进行‘远程访问’或‘本地登录’以扩大控制范围。因此，下一步最自然的逻辑是：1. 利用凭证进行远",cat2_rl_correct_global_stays_correct,0.667147159576416
1208,T1547,T1204 || T1204 || T1547,1,2,1,1,9.196383476257324,4.777758598327637,9.196383476257324,8.401030540466309,T1547 (9.20) | T1543 (8.17) | T1053 (7.98),T1060 (5.43) | T1547 (4.78) | T1574 (4.27),T1547 (9.20) | T1543 (8.17) | T1053 (7.98),T1547 (8.40) | T1543 (7.24) | T1053 (6.95),"[战术阶段评估]：前缀序列以 T1204 (User Execution) 开始，随后再次执行 T1204，最后以 T1547 (Boot or Logon Autostart Execution) 结束。这表明攻击者已经成功诱骗用户执行了恶意载荷（可能是通过恶意文件或链接），并且该载荷已经成功在目标系统上建立了持久化机制。攻击者目前处于从‘初始访问/执行’阶段向‘持久化’阶段过渡完成的状态，系统控制权已初步稳固。

[已获资产推演]：基于 T1547 的成功执行，攻击者目前掌握了目标系统的‘持久化访问权’。这意味着即使系统重启，恶意软件也能自动运行。攻击者目前拥有的粗粒度资产是‘已植入持久化后门/恶意软件的目标主机’。此时，攻击者尚未进行明显的横向移动或数据窃取，首要任务是确保该持久化机制的稳定性，并准备进行下一步的战术动作。

[意图图谱映射]：在建立持久化后，攻击者的逻辑攻击面通常指向两个方向：一是‘防御规避’，即清理痕迹或隐藏进程（T1055, T1027, T1070）；二是‘功能扩展’，即利用已获得的权限执行后续操作，如收集凭证（T1003）、扫描网络（T1046）或进行横",cat2_rl_correct_global_stays_correct,0.6543655395507812
2073,T1059,T1587 || T1588 || T1588 || T1190 || T1078 || T1586 || T1059 || T1059,1,2,1,1,10.223993301391602,1.1733756065368652,10.223993301391602,8.594882011413574,T1059 (10.22) | T1203 (5.95) | T1047 (5.33),T1569 (1.81) | T1059 (1.17) | T1547 (0.94),T1059 (10.22) | T1203 (5.95) | T1047 (5.33),T1059 (8.59) | T1203 (4.81) | T1053 (4.27),"[战术阶段评估]：前缀序列以 T1586 (收集输入设备) 和 T1059 (命令与脚本解释器) 结尾。T1586 通常用于捕获凭据（如键盘记录），而紧随其后的 T1059 重复出现，表明攻击者正在利用已获取的凭据或系统权限，在本地或远程执行具体的恶意命令。这标志着攻击者已从‘侦察/初始访问’阶段完全过渡到‘执行’与‘凭证访问’的混合阶段，且正处于利用新获取凭证进行横向移动或持久化操作的关键窗口期。

[已获资产推演]：基于 T1586 和 T1059 的组合，攻击者目前极大概率已经获取了本地系统的用户凭据（通过键盘记录或内存转储），并拥有了执行系统命令的权限（可能是通过 njRAT、StarProxy 或 DarkWatchman 等工具）。攻击者现在处于‘已控制单点’但尚未建立‘持久化’或‘广泛横向移动’的状态。他们拥有执行命令的能力，但尚未看到 T1003 (凭证转储) 或 T1021 (远程服务) 等后续动作，说明他们正在验证凭据的有效性或准备下一步的自动化脚本。

[意图图谱映射]：结合 KG Context，攻击者使用的工具（njRAT, StarProxy, DarkWa",cat2_rl_correct_global_stays_correct,0.6409105062484741
1274,T1021,T1217 || T1482 || T1083 || T1680 || T1046 || T1135 || T1201 || T1069 || T1069 || T1057 || T1012 || T1018 || T1016 || T1049 || T1033 || T1007 || T1124 || T1570,1,2,1,1,13.745026588439941,6.02880859375,13.745026588439941,12.356107711791992,T1021 (13.75) | T1570 (7.78) | T1560 (7.71),T1570 (6.67) | T1021 (6.03) | T1124 (5.65),T1021 (13.75) | T1570 (7.78) | T1560 (7.71),T1021 (12.36) | T1570 (7.58) | T1210 (6.99),"[战术阶段评估]：前缀序列最后两步为 T1007 (System Service Discovery) 和 T1124 (System Time Discovery)，紧接着是 T1570 (Link Local Network Discovery)。T1007 和 T1124 属于侦察阶段（Reconnaissance）中的系统信息收集，旨在了解目标环境的服务状态和时间基准。T1570 则标志着侦察范围从本地系统扩展到了本地网络环境。这表明攻击者正处于从‘本地系统侦察’向‘网络环境侦察’过渡的关键节点，正在绘制目标网络的拓扑结构。

[已获资产推演]：基于 T1217 (Browser), T1482 (OS Discovery), T1083 (File Discovery) 等前置技术，攻击者已经确认了操作系统类型、文件结构、浏览器凭证以及特定的服务状态。结合 T1069 (Permission Groups) 和 T1057 (Process Discovery)，攻击者已掌握了一定的本地权限（可能是用户级或系统级），并识别了关键进程。当前的资产状态是：拥有本地执行能力，已掌握",cat2_rl_correct_global_stays_correct,0.6364293098449707
1182,T1059,T1566 || T1566 || T1195 || T1195 || T1078 || T1059 || T1059 || T1059 || T1059,1,2,1,1,10.229787826538086,6.172772407531738,10.229787826538086,9.49952507019043,T1059 (10.23) | T1203 (8.97) | T1053 (6.88),T1203 (6.81) | T1059 (6.17) | T1204 (5.51),T1059 (10.23) | T1203 (8.97) | T1053 (6.88),T1059 (9.50) | T1203 (8.58) | T1053 (6.58),"[战术阶段评估]：前缀序列显示攻击者经历了初始访问（T1566 钓鱼）-> 利用用户信任/凭证（T1195 恶意软件/驱动）-> 初始凭证获取（T1078 有效账户）-> 命令执行（T1059）。最后连续四次 T1059 表明攻击者已经成功在目标系统上建立了稳定的命令执行通道，并正在持续进行脚本或命令的交互。这标志着攻击已从‘初始访问/执行’阶段完全过渡到‘执行’阶段的深化，并正在为后续的‘持久化’或‘横向移动’做准备。

[已获资产推演]：基于 T1078（有效账户）和连续的 T1059（命令执行），攻击者目前掌握了目标主机上的一个有效用户上下文（User Context），并拥有在该上下文中执行任意命令的能力。KG Context 中提到的 njRAT、StarProxy、DarkWatchman 等工具均利用 T1059 进行命令交互，暗示攻击者可能正在使用此类 RAT 或脚本工具进行自动化操作。此时，攻击者尚未表现出明显的持久化（T1547）或凭证转储（T1003）行为，但连续的命令执行通常意味着正在构建环境或准备下一步的关键动作。

[意图图谱映射]：在连续执行命令后，攻击者",cat2_rl_correct_global_stays_correct,0.6357221603393555
1441,T1583,T1595 || T1595 || T1595,1,2,1,1,10.304917335510254,3.9280478954315186,10.304917335510254,9.15708065032959,T1583 (10.30) | T1595 (9.99) | T1589 (9.30),T1595 (4.56) | T1583 (3.93) | T1589 (3.64),T1583 (10.30) | T1595 (9.99) | T1589 (9.30),T1583 (9.16) | T1595 (9.01) | T1589 (8.28),"[战术阶段评估]：前缀序列为 T1595 || T1595 || T1595，即连续三次执行‘主动探测’（Active Scanning）。这表明攻击者正处于攻击生命周期的早期侦察阶段，且专注于对目标网络或特定服务进行系统性的漏洞扫描，尚未进入利用或执行阶段。

[已获资产推演]：基于连续三次扫描行为，攻击者目前尚未获得任何系统访问权限或执行代码的能力。他们掌握的‘资产’是扫描结果生成的情报数据，即目标系统中存在的已知漏洞列表、开放端口、服务版本信息以及潜在的入口点（如 SharePoint 服务器或 SQL 注入点）。

[意图图谱映射]：结合 KG Context 中提到的 APT41、SharePoint ToolShell 和 Winter Vivern 等组织均使用 T1595 进行漏洞扫描，其逻辑意图非常明确：扫描是为了‘寻找’可利用的弱点。一旦扫描完成并识别出特定漏洞（如 Acunetix 发现的 SQL 注入或 SharePoint 漏洞），攻击者的下一步必然是利用这些已知弱点建立初始访问。因此，后续操作将直接映射到利用漏洞（T1190）或针对特定应用/服务的利用（T1",cat2_rl_correct_global_stays_correct,0.6297390460968018
1666,T1204,T1583 || T1583 || T1583 || T1588 || T1588 || T1608 || T1608 || T1566 || T1566 || T1059 || T1059 || T1059 || T1053 || T1053,1,2,1,1,10.27609634399414,6.2627105712890625,10.27609634399414,9.55368709564209,T1204 (10.28) | T1569 (8.52) | T1053 (7.40),T1569 (6.89) | T1204 (6.26) | T1053 (5.21),T1204 (10.28) | T1569 (8.52) | T1053 (7.40),T1204 (9.55) | T1569 (8.22) | T1053 (7.00),"[战术阶段评估]：攻击前缀序列显示攻击者经历了资源开发（T1583）、资源分发（T1588）、基础设施构建（T1608）、初始访问（T1566）以及执行（T1059）阶段。序列末尾连续出现 T1059（命令和脚本解释器）和 T1053（任务/调度程序），特别是最后两步为 T1059 || T1053 || T1053。这表明攻击者刚刚在目标系统上执行了命令，并紧接着利用 T1053（具体为 T1053.005 计划任务）来建立持久性。根据 KG Context，T1053.005 是恶意软件（如 Lucifer, Saint Bot, NETWIRE）建立持久性的常见手段。因此，当前战术阶段处于‘持久化’（Persistence）的完成点，即攻击者刚刚通过计划任务确保了恶意代码的长期驻留。

[已获资产推演]：基于 T1566（钓鱼）和 T1059（执行），攻击者已经成功获取了目标系统的初始访问权限，并执行了恶意载荷。结合 T1053 的连续使用，攻击者目前掌握了目标系统的用户级或系统级执行权限，并且已经成功植入了持久化机制（计划任务）。这意味着攻击者现在拥有在目标系统上长期、稳定运行",cat2_rl_correct_global_stays_correct,0.6291742324829102
1743,T1078,T1133 || T1078 || T1059 || T1059 || T1133 || T1078,1,2,1,1,11.174768447875977,3.567761182785034,11.174768447875977,9.805506706237793,T1078 (11.17) | T1586 (6.51) | T1059 (6.22),T1059 (4.20) | T1078 (3.57) | T1053 (2.38),T1078 (11.17) | T1586 (6.51) | T1059 (6.22),T1078 (9.81) | T1059 (5.86) | T1586 (5.21),"[战术阶段评估]：前缀序列以 T1059 (Command and Scripting Interpreter) 开始，随后是 T1133 (Remote Services)，最后以 T1078 (Valid Accounts) 结束。序列呈现 '执行 -> 远程连接 -> 凭证获取/验证 -> 再次执行 -> 再次远程连接 -> 凭证操作' 的循环。最后两步 T1133 || T1078 表明攻击者刚刚通过远程服务（如 RDP, SSH, SMB）建立了连接，并正在利用或验证已获取的凭证（Valid Accounts）。这通常意味着攻击者已经完成了初始入侵或横向移动的第一步，并正在尝试建立持久性或扩大访问范围。

[已获资产推演]：基于 T1078 和 T1133 的组合，攻击者目前至少掌握了一个合法的用户凭证（可能是本地管理员或域用户），并且已经成功通过远程服务登录到目标系统。攻击者目前处于‘已登录但权限可能受限’或‘已获取高权限但需进一步确认’的状态。他们拥有执行命令的能力（T1059），但尚未明确展示数据窃取或横向移动的具体动作。

[意图图谱映射]：在获得有效凭证并建立远程连",cat2_rl_correct_global_stays_correct,0.6273925304412842
682,T1059,T1589 || T1589 || T1598 || T1192 || T1583 || T1583 || T1583 || T1585 || T1588 || T1588 || T1608 || T1608 || T1608 || T1189 || T1566 || T1566 || T1078 || T1078,1,2,1,1,10.57561206817627,3.26021409034729,10.57561206817627,9.258840560913086,T1059 (10.58) | T1078 (8.16) | T1586 (7.16),T1078 (3.88) | T1059 (3.26) | T1110 (2.88),T1059 (10.58) | T1078 (8.16) | T1586 (7.16),T1059 (9.26) | T1078 (7.39) | T1586 (6.19),"[战术阶段评估]：前缀序列以 T1566 (Phishing) 和 T1078 (Valid Accounts) 结尾。T1566 代表攻击者通过钓鱼邮件获取了凭证，而 T1078 紧随其后，明确表明攻击者已成功利用这些凭证进行了身份验证并建立了初始访问。最后两步的重复（T1078 || T1078）暗示攻击者正在利用这些凭证进行多次尝试或维持访问，标志着‘初始访问’阶段的结束和‘执行/持久化’阶段的开始。

[已获资产推演]：基于 KG Context，T1078.002 (Domain Accounts) 和 T1078.003 (Local Accounts) 的上下文表明，攻击者目前掌握的是域用户或本地管理员级别的凭证。这意味着攻击者已经拥有了在域内或单台主机上的合法身份，具备了横向移动和权限提升的资格，但尚未展示出具体的横向移动或权限提升行为（如 T1021, T1068 等）。

[意图图谱映射]：在成功获取并验证凭证（T1078）后，攻击者的核心逻辑意图是扩大攻击面。根据 ATT&CK 逻辑，下一步最自然的动作是利用这些凭证进行横向移动（T1021）以接触更多主机，或者利",cat2_rl_correct_global_stays_correct,0.6243593692779541
221,T1555,T1218 || T1078 || T1078 || T1110 || T1110,1,2,1,1,11.798704147338867,5.667404651641846,11.798704147338867,10.695070266723633,T1555 (11.80) | T1110 (9.35) | T1056 (7.71),T1110 (6.29) | T1555 (5.67) | T1187 (4.55),T1555 (11.80) | T1110 (9.35) | T1056 (7.71),T1555 (10.70) | T1110 (8.80) | T1056 (7.05),"[战术阶段评估]：前缀序列以 T1078 (Valid Accounts) 开始，随后紧跟两次 T1110 (Brute Force)。T1078 表明攻击者已获取或正在利用已知凭据进行初始访问或横向移动。随后的 T1110 重复出现，结合 KG Context 中提到的 CrackMapExec 和 MailSniper 等工具，明确指向攻击者正在利用这些工具对网络范围内的账户进行暴力破解或密码喷洒，试图扩大凭据库或提升权限。最后两步的 T1110 表明暴力破解阶段仍在进行中，或者刚刚完成了一轮尝试，正在评估结果或准备下一轮。

[已获资产推演]：攻击者目前处于‘凭据获取与验证’阶段。他们可能已经通过 T1078 获得了一个初始跳板（如一个低权限域账户），并利用该账户作为基础，通过 T1110 尝试爆破其他账户。此时，攻击者可能已经掌握了一些新的有效凭据（如果 T1110 成功），或者正在寻找具有更高权限（如域管理员）的账户。他们尚未进入明显的横向移动（T1021）或持久化（T1547）阶段，因为暴力破解通常是这些动作的前置条件。

[意图图谱映射]：基于 KG Context，T1",cat2_rl_correct_global_stays_correct,0.6194090843200684
285,T1548,T1204 || T1047 || T1547 || T1543 || T1543 || T1133 || T1574 || T1574 || T1112 || T1053 || T1053 || T1505 || T1505 || T1078 || T1548,1,2,1,1,10.880468368530273,4.885934829711914,10.880468368530273,9.801451683044434,T1548 (10.88) | T1543 (7.95) | T1547 (6.60),T1140 (5.49) | T1548 (4.89) | T1543 (3.86),T1548 (10.88) | T1543 (7.95) | T1547 (6.60),T1548 (9.80) | T1543 (7.22) | T1547 (5.55),[战术阶段评估]：前缀序列最后几步为 T1505 (T1505.003 - 注册表启动项) 和 T1078 (Valid Accounts - 域账户登录)，紧接着是 T1548 (Bypass UAC)。T1505 通常用于持久化，T1078 表明攻击者已获取域凭据并可能正在建立会话，而 T1548 是典型的提权步骤。这表明攻击者正处于从‘初始访问/持久化’向‘权限提升’过渡的关键阶段，且刚刚执行了提权操作。[已获资产推演]：基于 T1078 和 T1548 的组合，攻击者目前极可能已经成功获取了域管理员或高权限域用户的本地会话，并绕过了 UAC 限制，拥有了对目标主机的本地系统（SYSTEM）或高权限用户上下文。[意图图谱映射]：在成功提权（T1548）并拥有高权限后，攻击者的逻辑下一步通常是利用这些权限进行横向移动（Lateral Movement）以扩大战果，或者执行本地防御规避（如禁用日志、清理痕迹）以维持隐蔽性。结合 KG Context 中提到的 Cobalt Strike 和 Empire 等工具，它们常用于在提权后执行命令、下载载荷或进行横向移动。因此，预测的下一步应,cat2_rl_correct_global_stays_correct,0.6082687377929688
623,T1049,T1552 || T1087 || T1087 || T1087 || T1217 || T1046 || T1201 || T1120 || T1069 || T1069 || T1069 || T1057 || T1012 || T1518 || T1082 || T1016,1,2,1,1,11.776491165161133,7.033420562744141,11.776491165161133,10.922739028930664,T1049 (11.78) | T1033 (10.93) | T1016 (9.35),T1016 (7.64) | T1049 (7.03) | T1033 (5.98),T1049 (11.78) | T1033 (10.93) | T1016 (9.35),T1049 (10.92) | T1033 (10.04) | T1016 (9.04),"[战术阶段评估]：前缀序列以 T1518 (Security Software Discovery) 和 T1082 (System Information Discovery) 开始，紧接着是 T1016 (System Network Configuration Discovery)。这表明攻击者已经完成了对目标系统的初步侦察，重点在于了解系统配置、网络环境以及安全软件部署情况。这是典型的‘侦察 (Reconnaissance)'阶段向‘初始访问/执行 (Initial Access/Execution)'过渡的节点。

[已获资产推演]：基于 T1082 和 T1016 的执行，攻击者目前掌握了目标主机的详细系统信息（如 OS 版本、补丁级别、主机名、IP 地址、网络接口配置等）。结合之前的 T1552 (Credential Access) 和 T1087 (Account Discovery)，攻击者可能已经获取了部分账户信息或正在验证账户权限。此时，攻击者对目标环境的‘地形’有了清晰的认知，具备了制定下一步行动策略的基础。

[意图图谱映射]：在获取了系统配置（T1016）",cat2_rl_correct_global_stays_correct,0.6033029556274414
1264,T1018,T1217 || T1482 || T1083 || T1680 || T1046 || T1135 || T1201 || T1069 || T1069 || T1057 || T1012,1,2,1,1,12.437993049621582,5.117076396942139,12.437993049621582,11.120227813720703,T1018 (12.44) | T1518 (11.72) | T1082 (11.53),T1518 (5.72) | T1018 (5.12) | T1082 (4.44),T1018 (12.44) | T1518 (11.72) | T1082 (11.53),T1018 (11.12) | T1518 (10.64) | T1082 (10.26),"[战术阶段评估]：前缀序列以 T1069 (Windows Registry) 和 T1057 (Process Discovery) 开始，紧接着是 T1012 (Query Registry)。这表明攻击者正处于‘环境侦察’（Reconnaissance）阶段。T1069 和 T1012 的重复出现暗示攻击者正在系统性地收集注册表键值，以识别系统配置、已安装软件、启动项或特定安全软件的存在。T1057 用于确认当前运行的进程，以评估系统负载、检测安全代理或寻找高价值目标。最后两步（T1057 -> T1012）显示攻击者正在交叉验证进程状态与注册表配置，这是典型的‘环境指纹识别’行为。

[已获资产推演]：基于前缀，攻击者目前掌握了目标系统的‘逻辑资产’视图，包括：1. 系统注册表结构及关键配置项（如 Run keys, Services, Installed Apps）；2. 当前活跃进程列表及其属性（如路径、加载的模块）。攻击者尚未表现出明显的‘执行’（Execution）或‘持久化’（Persistence）动作，说明其尚未部署恶意载荷，仍处于信息收集以决定下一步行动的阶段。",cat2_rl_correct_global_stays_correct,0.6010890007019043
695,T1543,T1053 || T1053 || T1505 || T1505 || T1078 || T1078 || T1547 || T1060 || T1543,1,2,1,1,13.392539024353027,4.460744380950928,13.392539024353027,11.784815788269043,T1543 (13.39) | T1546 (8.49) | T1501 (8.12),T1546 (5.06) | T1543 (4.46) | T1574 (4.27),T1543 (13.39) | T1546 (8.49) | T1501 (8.12),T1543 (11.78) | T1546 (7.87) | T1501 (6.58),"[战术阶段评估]：攻击前缀序列显示攻击者首先通过 T1053 (Command and Scripting Interpreter) 执行了初始命令，随后利用 T1505 (Server Software Component) 植入后门或组件。接着通过 T1078 (Valid Accounts) 获取了合法凭证，并利用 T1547 (Boot or Logon Autostart Execution) 和 T1060 (Registry Run Keys / Startup Folder) 建立了持久化机制。最后一步 T1543 (Create or Modify System Process) 明确指向了 Windows 服务的创建或修改。这表明攻击者已经完成了从初始访问、执行、权限提升、凭证窃取到持久化建立的全过程，当前正处于‘建立并验证持久化’的战术阶段。

[已获资产推演]：基于 T1543 (特别是上下文提到的 T1543.003 Windows Service) 和 T1078，攻击者目前极可能已经拥有了 SYSTEM 级别或高权限的账户控制权，并且该权限在系统重启后依然",cat2_rl_correct_global_stays_correct,0.5991158485412598
1720,T1567,T1140 || T1484 || T1484 || T1574 || T1574 || T1078 || T1078 || T1021 || T1021 || T1080 || T1105 || T1572 || T1090 || T1567,1,3,1,1,12.69898509979248,4.171245098114014,12.69898509979248,11.163991928100586,T1567 (12.70) | T1486 (10.73) | T1048 (10.11),T1219 (4.77) | T1090 (4.48) | T1567 (4.17),T1567 (12.70) | T1486 (10.73) | T1048 (10.11),T1567 (11.16) | T1486 (8.70) | T1048 (8.68),"[战术阶段评估]：前缀序列显示攻击者已完成初始访问（T1140, T1484）、持久化（T1574, T1078）、凭证访问（T1021）及本地代理配置（T1080）。最后两步 T1572（加密通道）和 T1090（代理/中继）表明攻击者正在构建隐蔽的通信链路。T1567（利用漏洞）作为序列的最后一环，通常用于在建立代理后，利用该通道投递载荷或执行远程代码，以维持或提升权限。整体处于‘命令与控制（C2）建立与利用’阶段，且正准备进行载荷投递或横向移动。

[已获资产推演]：攻击者已掌握目标系统的本地控制权（通过 T1021 远程桌面等），并配置了本地代理（T1080）和加密隧道（T1572）。T1090 的多次出现暗示攻击者正在尝试通过外部代理或中继（如 TrickBot/GreyEnergy 模式）将 C2 流量伪装或路由，以规避检测。此时攻击者已具备在受控主机上执行任意代码的能力，并拥有通往外部 C2 服务器的隐蔽路径。

[意图图谱映射]：结合 KG Context，T1090 常与 TrickBot、QakBot 等恶意软件关联，用于建立 C2 基础设施。T1567 作为最后一",cat2_rl_correct_global_stays_correct,0.5979561805725098
1140,T1583,T1589 || T1589 || T1589 || T1591 || T1598 || T1192 || T1596 || T1593 || T1593 || T1593 || T1594,1,5,1,1,12.7648344039917,0.11076775193214417,12.7648344039917,10.487102508544922,T1583 (12.76) | T1584 (8.88) | T1587 (7.95),T1584 (0.69) | T1056 (0.54) | T1114 (0.52),T1583 (12.76) | T1584 (8.88) | T1587 (7.95),T1583 (10.49) | T1584 (7.41) | T1587 (6.23),"[战术阶段评估]：前缀序列以 T1593 (收集信息) 和 T1594 (收集账户凭据) 结尾。T1593 涉及通过代码仓库、社交媒体等渠道收集目标信息，而 T1594 明确指向收集账户凭据。最后两步的重复操作（T1593 || T1593 || T1594）表明攻击者正处于信息收集的深化阶段，特别是针对代码仓库中暴露的凭据进行针对性挖掘。这属于初始访问前的侦察阶段（Reconnaissance），尚未进入执行或持久化阶段。

[已获资产推演]：基于 T1593 和 T1594 的序列，攻击者目前掌握了目标的公开信息（如 GitHub 仓库、社交媒体账号）以及潜在的敏感凭据（如 API 密钥、密码、令牌）。KG Context 特别强调了 LAPSUS$ 和 Contagious Interview 利用代码仓库获取凭据的行为，暗示攻击者可能已经识别出特定的凭据类型，并准备利用这些凭据进行下一步操作。

[意图图谱映射]：攻击者收集到凭据后，最直接的逻辑下一步是利用这些凭据进行初始访问（Initial Access）。根据 ATT&CK 框架，利用收集到的凭据进行登录或访问系统通常对应",cat2_rl_correct_global_stays_correct,0.5826997756958008
800,T1204,T1053 || T1053 || T1204 || T1204,1,2,1,1,8.28125286102295,6.456289768218994,8.28125286102295,7.952759742736816,T1204 (8.28) | T1047 (8.05) | T1547 (7.72),T1547 (7.03) | T1204 (6.46) | T1047 (5.15),T1204 (8.28) | T1047 (8.05) | T1547 (7.72),T1204 (7.95) | T1547 (7.59) | T1047 (7.53),"[战术阶段评估]：前缀序列 T1053 || T1053 || T1204 || T1204 显示攻击者首先通过 T1053 (Scheduled Task/Job) 建立了初步的持久化机制，随后连续两次执行 T1204 (User Execution)。结合 KG Context 中关于 RedCurl、Magic Hound 和 RTM 利用恶意文件/链接进行初始访问的描述，T1204 在此处极大概率代表攻击者诱导用户执行了恶意载荷（如宏文档、可执行文件），这是典型的初始访问（Initial Access）向执行（Execution）过渡的阶段。最后两步的重复 T1204 暗示攻击者可能正在尝试不同的载荷变体，或者在等待用户交互以触发后续逻辑。

[已获资产推演]：基于 T1053 和 T1204 的组合，攻击者目前尚未获得系统级权限（如 SYSTEM 或 Root），而是处于“用户上下文”下的执行状态。攻击者刚刚成功诱骗用户运行了恶意文件，这意味着恶意代码（Payload）已经加载到内存或磁盘上，但尚未进行权限提升或横向移动。此时攻击者拥有的资产是“已执行的恶意进程”和“用户会话",cat2_rl_correct_global_stays_correct,0.574343204498291
928,T1204,T1559 || T1559 || T1106 || T1053 || T1053,1,3,1,1,8.6668062210083,5.157147407531738,8.6668062210083,8.035067558288574,T1204 (8.67) | T1072 (6.19) | T1053 (5.87),T1053 (5.73) | T1569 (5.50) | T1204 (5.16),T1204 (8.67) | T1072 (6.19) | T1053 (5.87),T1204 (8.04) | T1053 (5.85) | T1072 (5.65),"[战术阶段评估]：前缀序列以 T1559 (Command and Scripting Interpreter) 开始，随后是 T1106 (Native API) 和连续的 T1053 (Command and Scripting Interpreter: Scheduled Task)。T1559 和 T1106 通常用于执行初始载荷或进行进程注入/动态链接库加载。最后两步 T1053 的重复出现，结合 KG Context 中关于 Lucifer、Saint Bot 和 NETWIRE 等恶意软件利用 T1053.005 (Scheduled Task) 建立持久性的明确记录，表明攻击者刚刚完成了持久化机制的部署。当前战术阶段已从‘初始访问/执行’过渡到‘持久化’完成，即将进入‘防御规避’或‘权限提升’阶段，或者开始利用已建立的持久化通道进行后续操作。

[已获资产推演]：基于 T1559 和 T1106 的执行，攻击者已经成功在目标系统上运行了恶意代码（可能是通过脚本解释器调用原生 API）。连续的 T1053 操作意味着攻击者已经获得了创建计划任务的权限，并成功将恶意负载注册",cat2_rl_correct_global_stays_correct,0.5719928741455078
1905,T1219,T1087 || T1482 || T1033 || T1570 || T1021 || T1021 || T1021 || T1074 || T1074 || T1056 || T1105 || T1219,1,5,1,1,11.562152862548828,3.9109458923339844,11.562152862548828,10.184935569763184,T1219 (11.56) | T1095 (10.40) | T1102 (10.13),T1572 (4.48) | T1102 (4.14) | T1095 (4.10),T1219 (11.56) | T1095 (10.40) | T1102 (10.13),T1219 (10.18) | T1095 (9.26) | T1102 (9.05),"[战术阶段评估]：前缀序列显示攻击者已完成侦察（T1087, T1482, T1033）、初始访问与持久化建立（T1021 多次出现，表明已建立稳定的远程访问通道）、以及数据收集与准备（T1074 数据加密/清理，T1056 键盘记录，T1105 工具传输，T1219 远程命令）。最后两步 T1056（键盘记录）和 T1105（工具传输）结合 T1219（远程命令），表明攻击者正处于‘数据窃取准备’与‘载荷部署’的活跃阶段，正在通过键盘记录获取凭证，并通过传输通道部署新的工具或窃取的数据。

[已获资产推演]：攻击者已掌握目标系统的远程访问权限（RDP/SSH等，T1021），并成功部署了恶意软件（PoetRAT/Hydraq等上下文暗示）。通过 T1056，攻击者正在收集用户输入的凭证（用户名/密码）。通过 T1105，攻击者可能正在上传窃取的凭证或下载用于横向移动的工具。此时，攻击者最核心的资产是‘已捕获的凭证’和‘已建立的远程通道’。

[意图图谱映射]：基于 KG Context，PoetRAT 和 Catchamas 等恶意软件利用键盘记录（T1056）获取凭证后，下一步逻辑",cat2_rl_correct_global_stays_correct,0.5710592269897461
268,T1543,T1204 || T1047 || T1547,1,3,1,1,8.329384803771973,4.897712707519531,8.329384803771973,7.711683750152588,T1543 (8.33) | T1053 (8.18) | T1112 (8.04),T1053 (5.47) | T1547 (4.96) | T1543 (4.90),T1543 (8.33) | T1053 (8.18) | T1112 (8.04),T1543 (7.71) | T1053 (7.69) | T1547 (7.33),"[战术阶段评估]：前缀序列 T1204 (User Execution) -> T1047 (WMI) -> T1547 (Registry Run Keys) 显示攻击者已完成初始访问（通过用户执行），利用 WMI 进行无文件执行或横向移动，并立即通过注册表启动项建立了持久化。这标志着攻击者已成功在目标系统上站稳脚跟，处于‘持久化建立’向‘后续操作’过渡的阶段。

[已获资产推演]：攻击者目前拥有目标系统的用户级或系统级权限（取决于 T1047 和 T1547 的执行上下文），且该权限已通过注册表持久化，确保重启后仍能存活。攻击者已具备在本地执行任意命令、查询系统信息以及利用 WMI 进行远程调度的能力。

[意图图谱映射]：在建立持久化（T1547）后，攻击者的首要逻辑需求通常是验证持久化是否生效、收集更多系统情报以规划下一步行动，或者利用已建立的通道进行横向移动。KG Context 中提到 Windshift 和 Raspberry Robin 利用 WMI 收集信息，这暗示在持久化后，利用 WMI 进行信息收集（T1082）或进一步执行命令（T1059）是极高频的后续动作。同",cat2_rl_correct_global_stays_correct,0.5690970420837402
350,T1204,T1588 || T1596 || T1608 || T1608 || T1608 || T1189 || T1566 || T1566 || T1078 || T1059 || T1059 || T1059 || T1059 || T1203 || T1106 || T1053 || T1053 || T1204 || T1204,1,3,1,1,6.858827114105225,3.5028011798858643,6.858827114105225,6.25474214553833,T1204 (6.86) | T1047 (6.26) | T1547 (5.67),T1078 (4.05) | T1547 (3.66) | T1204 (3.50),T1204 (6.86) | T1047 (6.26) | T1547 (5.67),T1204 (6.25) | T1047 (5.41) | T1547 (5.31),"[战术阶段评估]：前缀序列显示攻击者经历了初始访问（T1588 获取工具，T1596 获取情报，T1608 获取基础设施），随后通过社会工程（T1189 钓鱼，T1566 钓鱼邮件）诱骗用户执行恶意文件（T1204 恶意文件）。T1078 表明攻击者已获取凭据并建立持久访问。T1059（PowerShell）和 T1203（Exploit Public-Facing Application）的组合，特别是最后两步 T1053（Scheduled Task）和 T1204（Malicious File），强烈暗示攻击者正在利用本地调度任务来执行或维持恶意文件的运行，这是典型的从初始执行向持久化过渡的阶段。最后两步 T1204 的重复出现可能意味着攻击者在尝试不同的恶意载荷或修复之前的执行失败，而 T1053 则是为了确保持久性。

[已获资产推演]：基于 T1078（Valid Accounts）和 T1059/T1053 的执行序列，攻击者目前至少拥有目标主机上的一个有效用户账户权限，并且已经成功在目标系统上执行了代码（通过 PowerShell 和计划任务）。攻击者已经完成了初始入侵",cat2_rl_correct_global_stays_correct,0.5502750873565674
1102,T1078,T1559 || T1106 || T1204 || T1204 || T1204 || T1112 || T1078,1,2,1,1,11.366708755493164,3.233369827270508,11.366708755493164,9.90270709991455,T1078 (11.37) | T1134 (7.34) | T1539 (4.97),T1110 (3.77) | T1078 (3.23) | T1053 (2.83),T1078 (11.37) | T1134 (7.34) | T1539 (4.97),T1078 (9.90) | T1134 (6.13) | T1574 (3.88),"[战术阶段评估]：前缀序列显示攻击者首先通过 T1559 (Command and Scripting Interpreter) 执行脚本，随后利用 T1106 (Native API) 进行进程注入或创建，接着连续三次 T1204 (User Execution) 表明攻击者正在通过用户交互（如钓鱼邮件、恶意文档）诱导执行恶意载荷。最后两步 T1112 (Modify Registry) 和 T1078 (Valid Accounts) 是关键转折点：T1112 显示攻击者正在持久化配置（如 Exaramel 或 QUADAGENT 修改注册表存储会话 ID），而 T1078 表明攻击者已获取或正在利用有效的域账户凭据（如 Cobalt Strike 利用域账户）。这标志着攻击已从初始入侵和单点持久化，转向了基于有效凭据的横向移动准备阶段。

[已获资产推演]：基于 T1078 和 T1112 的组合，攻击者目前掌握了：1) 目标系统的本地访问权限（通过 T1204 和 T1106 获得）；2) 有效的域账户凭据（T1078）；3) 针对特定恶意软件（如 Exaramel/QUADA",cat2_rl_correct_global_stays_correct,0.5373015403747559
552,T1204,T1588 || T1588 || T1608 || T1608 || T1133 || T1566 || T1566 || T1195 || T1078 || T1078 || T1059 || T1059 || T1059 || T1059 || T1203 || T1053 || T1053,1,2,1,1,9.556314468383789,5.50079345703125,9.556314468383789,8.82632064819336,T1204 (9.56) | T1072 (7.47) | T1569 (7.12),T1053 (6.02) | T1204 (5.50) | T1505 (5.09),T1204 (9.56) | T1072 (7.47) | T1569 (7.12),T1204 (8.83) | T1072 (6.09) | T1053 (6.00),"[战术阶段评估]：攻击前缀序列以 T1203 (Exploitation for Client Execution) 和 T1053 (Scheduled Task/Job) 结尾。T1203 通常用于利用客户端漏洞执行代码，而紧随其后的 T1053 表明攻击者正在利用计划任务来维持这种执行环境。最后两步的重复（T1053 || T1053）强烈暗示攻击者正在反复验证或加固其持久化机制，确保在系统重启或用户操作后仍能保持访问权限。这标志着攻击者刚刚完成了从‘初始访问/执行’到‘持久化’的关键过渡，当前处于‘持久化建立与验证’阶段。

[已获资产推演]：基于 T1078 (Valid Accounts) 和 T1059 (Command and Scripting Interpreter) 的早期出现，攻击者已经获得了有效的用户凭据，并成功在目标系统上执行了命令。结合 T1203 和 T1053，攻击者目前拥有的是经过持久化加固的、具有较高存活率的系统级或用户级访问权限。KG Context 中提到的 Lucifer、Saint Bot 等恶意软件均利用 T1053.005 建立持久化，",cat2_rl_correct_global_stays_correct,0.5238914489746094
109,T1102,T1213 || T1213 || T1005 || T1025 || T1071 || T1071 || T1071 || T1105 || T1090 || T1090,1,2,1,1,13.310813903808594,5.710219383239746,13.310813903808594,11.942707061767578,T1102 (13.31) | T1090 (12.55) | T1219 (11.10),T1090 (6.23) | T1102 (5.71) | T1219 (4.46),T1102 (13.31) | T1090 (12.55) | T1219 (11.10),T1102 (11.94) | T1090 (11.41) | T1219 (9.91),"[战术阶段评估]：前缀序列以 T1105 (Ingress Tool Transfer) 开始，紧接着是两次 T1090 (Proxy)。T1105 通常用于将攻击载荷或工具上传至目标环境，而随后的 T1090 操作（特别是结合 KG Context 中提到的 TrickBot、QakBot 等恶意软件使用外部代理或 Tor 中继）表明攻击者正在建立或加固隐蔽的 C2 通信通道。这标志着攻击者已从‘初始访问/执行’阶段过渡到‘命令与控制 (C2)'阶段的配置与优化期。

[已获资产推演]：基于 T1213 (Data from Local System) 和 T1025 (Data from Removable Media) 的早期操作，攻击者已具备初步的数据收集能力。T1071 (Application Layer Protocol) 的多次出现暗示了网络通信的尝试。最关键的是，T1105 和 T1090 的组合表明攻击者已经成功将工具部署到目标网络，并正在配置网络路径以绕过检测或隐藏流量。此时，攻击者已掌握了对目标系统的部分控制权，并建立了初步的 C2 链路。

[意图图谱映射]：",cat2_rl_correct_global_stays_correct,0.5214099884033203
488,T1574,T1574 || T1574 || T1055 || T1093 || T1053 || T1053 || T1548 || T1548 || T1197 || T1574,1,2,1,1,11.257952690124512,3.0236358642578125,11.257952690124512,9.775774955749512,T1574 (11.26) | T1070 (9.37) | T1112 (6.18),T1140 (3.54) | T1574 (3.02) | T1484 (2.02),T1574 (11.26) | T1070 (9.37) | T1112 (6.18),T1574 (9.78) | T1070 (7.17) | T1140 (5.48),"[战术阶段评估]：前缀序列显示攻击者经历了多次 T1574 (组件篡改) 和 T1055 (进程注入) 的尝试，随后执行了 T1093 (进程间通信) 和 T1053 (计划任务)。最后两步 T1548 (权限提升/访问令牌) 和 T1197 (BITS 后台智能传输服务) 表明攻击者正在尝试通过 UAC 绕过获取更高权限，并利用 BITS 服务进行隐蔽的通信或载荷传输。T1574 的再次出现暗示攻击者可能在尝试持久化或修复之前的权限提升尝试。整体处于从‘权限提升’向‘持久化/通信’过渡的关键阶段。

[已获资产推演]：攻击者目前似乎已经成功或正在尝试获取系统级权限（通过 T1548.002 等 UAC 绕过技术）。T1197 的使用表明攻击者已经能够利用系统服务（BITS）作为跳板，这通常意味着攻击者已经具备了在目标系统上执行代码的能力，并且正在寻找一种低噪音、高持久性的方式来维持连接或传输数据。攻击者可能已经控制了部分用户上下文，并正在尝试将其提升为系统上下文。

[意图图谱映射]：结合 KG Context，T1548 和 T1197 的组合强烈指向攻击者正在利用系统服务（如 B",cat2_rl_correct_global_stays_correct,0.516671895980835
1918,T1059,T1681 || T1587 || T1587 || T1587 || T1588 || T1596 || T1190 || T1078 || T1078 || T1059 || T1059 || T1059 || T1059 || T1059,1,2,1,1,8.371271133422852,7.629859924316406,8.371271133422852,8.23781681060791,T1059 (8.37) | T1053 (7.08) | T1203 (7.04),T1203 (8.14) | T1059 (7.63) | T1053 (5.26),T1059 (8.37) | T1053 (7.08) | T1203 (7.04),T1059 (8.24) | T1203 (7.24) | T1053 (6.75),"[战术阶段评估]：前缀序列以 T1059 (Command and Scripting Interpreter) 连续三次结束，表明攻击者已经成功利用初始访问（T1078）和凭证获取（T1596, T1190）阶段，并正在通过命令行或脚本解释器执行具体的恶意载荷或操作。这标志着攻击已从‘初始访问/凭证窃取’阶段完全过渡到‘执行’阶段，且处于持续执行状态。

[已获资产推演]：基于 T1078 (Valid Accounts) 和 T1596 (Search for User Credentials) 的上下文，攻击者目前拥有合法的本地或域账户权限。结合 T1587 (Acquire Capabilities) 和 T1681 (Steal or Forge Authentication Certificates)，攻击者可能已经获取了特定的工具能力或证书。连续执行 T1059 意味着攻击者正在利用这些权限在目标主机上运行代码，可能是在部署持久化机制、执行横向移动载荷，或进行数据收集。

[意图图谱映射]：根据 KG Context，njRAT、StarProxy、DarkWatchma",cat2_rl_correct_global_stays_correct,0.5096063613891602
830,T1078,T1112 || T1053 || T1053 || T1078 || T1134 || T1134 || T1546 || T1546 || T1068 || T1055 || T1055 || T1053 || T1053,1,2,1,1,9.951135635375977,4.677369117736816,9.951135635375977,9.00185775756836,T1078 (9.95) | T1548 (6.35) | T1140 (6.01),T1548 (5.18) | T1078 (4.68) | T1053 (4.58),T1078 (9.95) | T1548 (6.35) | T1140 (6.01),T1078 (9.00) | T1548 (6.14) | T1140 (5.66),"[战术阶段评估]：攻击前缀序列以 T1053 (Command and Scripting Interpreter: Scheduled Task/Job) 结尾，且该技术在序列中多次重复出现（T1053 || T1053）。结合 KG Context 中关于 Lucifer、Saint Bot 和 NETWIRE 等恶意软件利用 T1053.005 建立持久性的描述，可以判断攻击者当前正处于【持久化 (Persistence)】阶段，或者正在通过重复执行计划任务来确保恶意负载的存活。序列中穿插的 T1055 (Process Injection) 和 T1068 (Exploitation for Privilege Escalation) 表明攻击者此前可能已经完成了提权并正在将恶意代码注入系统进程，随后通过 T1053 将注入后的行为或独立的恶意负载注册为计划任务，以实现长期驻留。

[已获资产推演]：基于 T1078 (Valid Accounts) 和 T1134 (Access Token Manipulation) 的早期出现，攻击者已获取了合法的用户凭证并可能进行了令牌",cat2_rl_correct_global_stays_correct,0.5073819160461426
781,T1573,T1087 || T1087 || T1083 || T1018 || T1518 || T1007 || T1124 || T1080 || T1550 || T1550 || T1560 || T1560 || T1005 || T1039 || T1113 || T1071 || T1071 || T1132 || T1132,1,2,1,1,11.51628589630127,6.648134708404541,11.51628589630127,10.640018463134766,T1573 (11.52) | T1105 (11.07) | T1132 (10.48),T1105 (7.15) | T1573 (6.65) | T1090 (4.90),T1573 (11.52) | T1105 (11.07) | T1132 (10.48),T1573 (10.64) | T1105 (10.36) | T1132 (8.83),"[战术阶段评估]：攻击前缀序列显示攻击者经历了完整的侦察（T1087, T1083, T1018, T1518, T1007）、凭证获取（T1124, T1080, T1550, T1560）、数据收集（T1005, T1039, T1113）以及网络通信建立阶段。最后两步（T1071, T1132）明确指向网络通信协议的配置与加密/编码通道的建立。T1071 代表应用层协议通信，T1132 代表数据编码。结合 KG Context 中关于 NightClub 和 ADVSTORESHELL 使用非标准 Base64 编码进行 DNS 隧道或加密 C2 的描述，攻击者刚刚完成了 C2 通道的构建和加密配置，处于“建立稳定隐蔽通信”的完成态。

[已获资产推演]：基于前缀，攻击者已掌握目标系统的文件系统访问权限（T1083）、用户账户信息（T1087, T1124）、本地数据（T1005, T1039）以及系统凭证。最关键的是，攻击者刚刚通过 T1132 建立了经过特殊编码（如去等号、替换字符）的 C2 隧道。这意味着攻击者现在拥有了一个受控的、隐蔽的远程执行通道，且该通道能够绕过常规流",cat2_rl_correct_global_stays_correct,0.5001034736633301
1153,T1074,T1560 || T1560 || T1185 || T1005,1,3,1,1,11.976021766662598,5.313084602355957,11.976021766662598,10.776692390441895,T1074 (11.98) | T1114 (8.57) | T1071 (7.29),T1560 (5.81) | T1005 (5.66) | T1074 (5.31),T1074 (11.98) | T1114 (8.57) | T1071 (7.29),T1074 (10.78) | T1114 (7.50) | T1071 (5.97),"[战术阶段评估]：前缀序列 T1560 (Archive via Utility) 重复出现，随后紧跟 T1185 (Browser Data) 和 T1005 (Data from Local System)。这表明攻击者已经完成了数据的收集（T1005）和特定敏感数据的获取（T1185），并正在或刚刚完成了数据的压缩打包（T1560）。当前处于数据收集完成后的‘数据封装’阶段，战术重心正从‘收集’向‘外传’过渡。

[已获资产推演]：攻击者目前掌握了本地系统上的文件数据（T1005）以及浏览器数据（T1185），并且已经将这些数据压缩（T1560）。这意味着攻击者手中持有的是经过压缩的、待传输的敏感数据资产包。权限级别至少为已获取数据的用户权限或系统权限。

[意图图谱映射]：根据 KG Context，APT1 和 Prikormka 等组织在压缩数据后，下一步的典型逻辑动作是将数据移出受害网络。T1560 的压缩行为通常直接服务于 T1041 (Exfiltration Over C2 Channel) 或 T1048 (Exfiltration Over Alternativ",cat2_rl_correct_global_stays_correct,0.49812793731689453
105,T1071,T1213 || T1213 || T1005 || T1025 || T1071 || T1071,1,2,1,1,13.772504806518555,4.445989608764648,13.772504806518555,12.093732833862305,T1071 (13.77) | T1105 (9.33) | T1590 (7.58),T1105 (4.94) | T1071 (4.45) | T1132 (3.85),T1071 (13.77) | T1105 (9.33) | T1590 (7.58),T1071 (12.09) | T1105 (8.54) | T1590 (6.87),"[战术阶段评估]：前缀序列以 T1025 (Data from Local System) 开始，随后紧跟两次 T1071 (Application Layer Protocol)。T1025 表明攻击者刚刚完成了对本地存储数据的收集（如剪贴板、文件等）。随后的 T1071 重复出现，强烈暗示攻击者正在利用应用层协议（如 HTTP, SMTP, DNS）将窃取的数据外传（Exfiltration）或进行命令与控制（C2）通信。当前处于数据外传或建立稳定 C2 通道的战术阶段。

[已获资产推演]：基于 T1025 的执行，攻击者已获取了目标系统的部分敏感数据（如剪贴板内容、本地文件片段）。基于 T1071 的持续执行，攻击者已确认或正在测试特定的网络协议通道（Web, Mail, DNS）的连通性和可用性，并可能正在传输数据。此时攻击者拥有的是‘已窃取的数据’和‘已验证的通信通道’。

[意图图谱映射]：在成功外传数据或建立 C2 后，攻击者的逻辑意图通常转向：1. 扩大权限（Privilege Escalation）以获取更高权限；2. 持久化（Persistence）以确保即使重启",cat2_rl_correct_global_stays_correct,0.49766063690185547
457,T1560,T1560,1,3,1,1,11.182398796081543,4.881348609924316,11.182398796081543,10.048210144042969,T1560 (11.18) | T1056 (6.79) | T1074 (5.98),T1005 (5.38) | T1074 (5.34) | T1560 (4.88),T1560 (11.18) | T1056 (6.79) | T1074 (5.98),T1560 (10.05) | T1056 (6.21) | T1074 (5.87),"[战术阶段评估]：前缀序列仅包含 T1560 (Archive via Utility)。在 ATT&CK 战术框架中，T1560 属于 'Collection' (收集) 战术。攻击者刚刚完成了对特定数据的压缩/打包操作。这通常是数据收集阶段的收尾动作，或者是为后续数据外传做准备的关键中间步骤。由于序列中尚未出现 'Exfiltration' (数据外传) 或 'Impact' (影响) 战术，当前处于从收集向外传过渡的临界点。

[已获资产推演]：基于 T1560 的执行，攻击者目前掌握了经过压缩、可能经过加密（如 KG 中提到的 Prikormka 案例）或分卷（如 Volt Typhoon 案例）的数据包。这些数据包在逻辑上已经准备好，但尚未离开受害网络。攻击者目前拥有的是‘待外传的数据资产’，而非‘外传通道’。

[意图图谱映射]：结合 KG Context，APT1、Volt Typhoon 和 Prikormka 在 T1560 之后的典型行为模式高度一致：立即进行数据外传。KG 明确指出这些组织在压缩后会将数据移出网络。因此，逻辑攻击面已指向 'Exfiltration",cat2_rl_correct_global_stays_correct,0.4950075149536133
1285,T1119,T1069 || T1057 || T1012 || T1018 || T1016 || T1049 || T1033 || T1007 || T1124 || T1570 || T1021 || T1021 || T1021 || T1550 || T1560 || T1560,1,2,1,1,12.18582820892334,8.049844741821289,12.18582820892334,11.441350936889648,T1119 (12.19) | T1005 (9.65) | T1560 (9.06),T1560 (8.54) | T1119 (8.05) | T1005 (7.43),T1119 (12.19) | T1005 (9.65) | T1560 (9.06),T1119 (11.44) | T1005 (9.25) | T1560 (8.96),"[战术阶段评估]：前缀序列以 T1550 (Use Alternate Authentication Material) 和 T1560 (Archive Collected Data) 结尾。T1550 通常涉及凭证窃取或滥用（如 Pass-the-Hash），而 T1560 明确指向数据压缩/归档。连续两次 T1560 表明攻击者正在对已收集的高价值数据（如前文 T1049 网络共享发现、T1018 远程系统发现所指向的数据）进行打包处理。这标志着攻击者正处于‘数据准备’阶段，即数据收集完成，正在为外传做准备。

[已获资产推演]：基于 T1069 (权限提升/账户发现) 到 T1021 (远程服务) 的序列，攻击者已建立了对目标系统的持久化访问（RDP/WinRM 等），并成功获取了本地凭证或会话令牌（T1550）。T1560 的执行意味着攻击者已经定位并压缩了关键数据资产（如数据库、文档或系统文件），目前掌握的是‘已压缩的本地数据副本’。

[意图图谱映射]：根据 KG Context，APT1、Volt Typhoon 等组织在 T1560 之后，典型的逻辑路径是‘数据外传’",cat2_rl_correct_global_stays_correct,0.4867534637451172
898,T1213,T1552 || T1482 || T1615 || T1135 || T1018 || T1082 || T1534 || T1021 || T1021 || T1021 || T1560 || T1213,1,3,1,1,13.764713287353516,7.720393657684326,13.764713287353516,12.676735877990723,T1213 (13.76) | T1005 (9.50) | T1074 (8.82),T1005 (8.20) | T1560 (8.17) | T1213 (7.72),T1213 (13.76) | T1005 (9.50) | T1074 (8.82),T1213 (12.68) | T1005 (9.27) | T1074 (8.45),"[战术阶段评估]：前缀序列以 T1021 (Remote Desktop) 和 T1560 (Archive via Utility) 结尾，随后是 T1213 (Data from Informational Sources)。T1021 的重复出现表明攻击者正在建立或维持稳定的远程访问通道。T1560 紧随其后，明确指向数据压缩/打包行为，这是数据外传前的典型准备步骤。T1213 在此处可能用于收集网络拓扑或系统信息以辅助外传路径选择。整体处于‘数据收集与准备’向‘数据外传’过渡的关键阶段。

[已获资产推演]：攻击者已掌握目标系统的本地管理员或高权限访问能力（通过 T1021 远程桌面），并成功在目标系统上执行了文件压缩操作（T1560）。这意味着攻击者已经完成了对敏感数据的定位、打包，并具备了将数据从受控节点传输到外部控制节点的能力。

[意图图谱映射]：基于 KG Context，Magic Hound 和 FIN13 等组织在利用 RDP (T1021) 后，常进行工具复制和数据移动。T1560 的压缩操作直接指向数据外传（Exfiltration）。在数据打包完成后，下一",cat2_rl_correct_global_stays_correct,0.4761233329772949
1407,T1078,T1505 || T1505,1,2,1,1,9.960846900939941,3.976841926574707,9.960846900939941,8.883726119995117,T1078 (9.96) | T1176 (5.80) | T1505 (5.30),T1505 (4.44) | T1078 (3.98) | T1068 (2.59),T1078 (9.96) | T1176 (5.80) | T1505 (5.30),T1078 (8.88) | T1505 (5.15) | T1176 (4.63),"[战术阶段评估]：前缀序列显示攻击者连续两次执行 T1505（服务器组件被利用），且上下文明确指出这是针对 Web Shell (T1505.003) 的部署。这表明攻击者刚刚完成了初始入侵阶段，成功在目标服务器上植入了持久化后门（Web Shell）。
[已获资产推演]：基于 T1505.003 的连续执行，攻击者目前掌握了目标 Web 服务器的控制权（Foothold）。这种权限通常允许攻击者执行任意代码、读取敏感文件、修改配置或作为跳板进行内部网络探测。此时，攻击者尚未建立稳定的远程访问通道（如 RDP/SSH），也未进行明显的横向移动或权限提升操作。
[意图图谱映射]：在获得 Web Shell 后，攻击者的标准战术路径是：1. 验证连接并建立更稳定的远程访问通道（Command and Control）；2. 利用 Web Shell 作为跳板，在内部网络中移动（Lateral Movement）；3. 收集本地凭证或敏感数据（Credential Access/Collection）；4. 提升权限以获取系统级控制（Privilege Escalation）。结合 KG C",cat2_rl_correct_global_stays_correct,0.46779727935791016
306,T1003,T1574 || T1562 || T1562 || T1070 || T1070 || T1112 || T1027 || T1027 || T1027 || T1055 || T1078 || T1555 || T1555 || T1056 || T1056,1,2,1,1,12.690766334533691,7.913319110870361,12.690766334533691,11.830825805664062,T1003 (12.69) | T1040 (9.15) | T1111 (8.45),T1056 (8.38) | T1003 (7.91) | T1111 (6.97),T1003 (12.69) | T1040 (9.15) | T1111 (8.45),T1003 (11.83) | T1111 (8.18) | T1040 (8.16),"[战术阶段评估]：前缀序列以 T1555 (Credentials from Password Stores) 和 T1056 (Input Capture) 结尾。T1555 通常用于窃取本地存储的凭据（如浏览器、RDP 凭据），而 T1056 是键盘记录。这两个技术组合表明攻击者正处于‘凭证收集与强化’阶段，旨在获取尽可能多的身份验证信息，为后续横向移动或持久化做准备。序列中 T1056 的重复出现暗示攻击者正在持续监控或确保捕获了关键输入。

[已获资产推演]：基于 T1555 和 T1056 的执行，攻击者目前极有可能已经获取了目标主机的本地管理员凭据、用户密码哈希、或已登录用户的明文密码。他们可能已经掌握了域内凭据的本地副本，或者正在等待捕获新的凭据输入。此时，攻击者拥有‘本地访问’和‘部分身份验证’能力，但尚未明确展示‘横向移动’或‘远程执行’的宏观动作。

[意图图谱映射]：结合 KG Context 中关于 PoetRAT、Catchamas 等恶意软件使用 T1056 进行键盘记录的案例，以及 T1555 的上下文，攻击者的逻辑意图非常清晰：在收集到足够的凭据后，下一",cat2_rl_correct_global_stays_correct,0.46424150466918945
1785,T1574,T1584 || T1587 || T1587 || T1189 || T1195 || T1195 || T1059 || T1059 || T1053 || T1053 || T1204 || T1204 || T1136 || T1087 || T1574,1,2,1,1,12.751949310302734,2.8516440391540527,12.751949310302734,10.969894409179688,T1574 (12.75) | T1053 (9.84) | T1112 (6.69),T1543 (3.31) | T1574 (2.85) | T1087 (2.72),T1574 (12.75) | T1053 (9.84) | T1112 (6.69),T1574 (10.97) | T1053 (8.47) | T1112 (5.89),"[战术阶段评估]：前缀序列显示攻击者已完成初始访问（T1584, T1587）、凭证获取（T1189, T1195）、执行（T1059, T1053, T1204）及持久化（T1136, T1087, T1574）。最后两步 T1087 (Account Discovery) 和 T1574 (Component Modification) 表明攻击者正在本地进行账户枚举并修改系统组件（如注册表或服务配置），这通常是为了验证新创建的账户（如上下文中的 supportaccount）或为后续横向移动/权限维持做准备。当前处于‘本地权限维持与侦察’向‘横向移动或提权’过渡的阶段。

[已获资产推演]：基于 T1136 (Create Account) 和上下文提到的 'ServHelper' 创建 'supportaccount'，攻击者已掌握一个本地高权限或特定服务账户。T1087 确认其已获取本地账户列表。此时攻击者拥有本地执行能力，且已建立持久化入口。

[意图图谱映射]：结合 KG Context，攻击者在创建本地账户并枚举账户后，下一步逻辑通常是利用这些新账户或已知账户进行横向移",cat2_rl_correct_global_stays_correct,0.45844483375549316
2096,T1036,T1484 || T1484 || T1053 || T1053 || T1078 || T1586 || T1484 || T1484 || T1484 || T1036,1,3,1,1,9.970418930053711,3.8604278564453125,9.970418930053711,8.870619773864746,T1036 (9.97) | T1078 (7.95) | T1556 (6.22),T1027 (4.30) | T1078 (4.18) | T1036 (3.86),T1036 (9.97) | T1078 (7.95) | T1556 (6.22),T1036 (8.87) | T1078 (7.27) | T1027 (5.48),"[战术阶段评估]：前缀序列以 T1484 (T1484.001: Modify Group Policy) 的重复执行和 T1036 (T1036.005: Masquerading: Match Legitimate Name or Location) 结尾。T1484 的连续出现表明攻击者正在反复修改组策略对象（GPO），结合 KG Context 中提到的 HermeticWiper、LockBit 和 Prestige 等恶意软件利用 GPO 进行横向移动或持久化，这属于‘防御规避’与‘持久化’的混合阶段。T1036 紧随其后，暗示攻击者正在对修改后的策略或相关文件进行伪装，以绕过检测。整体处于攻击的‘持久化与防御规避’阶段，且正在为大规模横向移动或最终载荷投递做准备。

[已获资产推演]：攻击者已经成功获取了域控制器的权限（通过 T1078 获取凭据），并能够修改域级别的组策略（T1484）。这意味着攻击者目前掌握了‘域管理员’级别的粗粒度资产，能够控制整个域内的终端行为。T1036 的伪装操作进一步表明攻击者正在确保这些恶意策略在日志和审计中看起来像合法的系统配置。

[意",cat2_rl_correct_global_stays_correct,0.43972110748291016
561,T1556,T1053 || T1204 || T1204 || T1204 || T1047 || T1543 || T1543 || T1133 || T1556,1,2,1,1,10.141504287719727,3.3977324962615967,10.141504287719727,8.92762565612793,T1556 (10.14) | T1112 (8.78) | T1574 (7.65),T1112 (3.84) | T1556 (3.40) | T1546 (2.61),T1556 (10.14) | T1112 (8.78) | T1574 (7.65),T1556 (8.93) | T1112 (7.89) | T1574 (6.48),"[战术阶段评估]：前缀序列显示攻击者经历了初始访问（T1053, T1204 多次尝试）、执行（T1047）以及关键的持久化建立阶段（T1543 多次，T1133 一次）。最后两步 T1543（创建/修改系统服务）和 T1556（修改系统凭据/注册表以维持访问）表明攻击者正在强化其立足点，特别是利用 Windows 服务机制（T1543.003）获取 SYSTEM 权限。这标志着攻击者已完成从‘尝试进入’到‘稳固立足’的过渡，当前处于‘持久化与权限提升’的收尾阶段。

[已获资产推演]：基于 T1543 和 T1556 的组合，攻击者目前极大概率已经获得了目标系统的 SYSTEM 级别权限，并拥有在系统重启后自动运行的能力。T1133（远程服务）的插入暗示攻击者可能已经建立了某种形式的远程连接通道或正在配置远程访问工具。此时，攻击者已具备在目标网络内部进行横向移动或数据窃取的高权限基础。

[意图图谱映射]：结合 KG Context 中关于 Carbanak、WannaCry 等利用 T1543.003 获取 SYSTEM 权限的案例，攻击者在完成服务安装和凭据修改后，下一步逻辑必然",cat2_rl_correct_global_stays_correct,0.43877530097961426
1667,T1547,T1583 || T1583 || T1583 || T1588 || T1588 || T1608 || T1608 || T1566 || T1566 || T1059 || T1059 || T1059 || T1053 || T1053 || T1204 || T1204 || T1204 || T1047,1,2,1,1,8.10422134399414,4.586253643035889,8.10422134399414,7.470987319946289,T1547 (8.10) | T1543 (7.64) | T1098 (7.09),T1098 (5.02) | T1547 (4.59) | T1197 (2.76),T1547 (8.10) | T1543 (7.64) | T1098 (7.09),T1547 (7.47) | T1098 (6.72) | T1543 (6.35),"[战术阶段评估]：前缀序列显示攻击者经历了完整的初始访问（T1583 资源开发、T1588 工具获取、T1608 基础设施、T1566 鱼叉式网络钓鱼）阶段。随后进入执行阶段（T1059 命令与脚本解释器），并频繁使用 T1053（计划任务）和 T1204（用户初始访问，具体为恶意文件/链接）来维持持久性或触发执行。最后两步为 T1204（恶意文件）和 T1047（Windows 远程管理）。这表明攻击者已经成功利用恶意文件触发了初始载荷，并正在尝试通过远程管理接口（如 WinRM）进行横向移动或远程命令执行，以扩大控制范围。当前处于从初始执行向横向移动/持久化深化的过渡阶段。

[已获资产推演]：基于 T1059 和 T1204 的重复出现，攻击者已获取了目标主机的用户级或系统级执行权限。T1047 的出现意味着攻击者已经能够利用远程管理协议，这通常暗示攻击者可能已经获取了凭据（通过 T1557 或 T1003 等未显示步骤，或 T1204 载荷本身携带的凭据窃取功能），或者正在尝试利用已知的远程服务漏洞。攻击者目前掌握的是单点或少数几个主机的控制权，并试图将其扩展至网络中的其他节点",cat2_rl_correct_global_stays_correct,0.4382338523864746
1864,T1027,T1059 || T1203 || T1133 || T1505 || T1505 || T1078 || T1078 || T1078 || T1078 || T1564 || T1564 || T1562 || T1562 || T1070 || T1070 || T1027,1,2,1,1,11.686285972595215,2.3738410472869873,11.686285972595215,10.010046005249023,T1027 (11.69) | T1055 (7.36) | T1078 (7.17),T1036 (2.81) | T1027 (2.37) | T1497 (2.35),T1027 (11.69) | T1055 (7.36) | T1078 (7.17),T1027 (10.01) | T1055 (6.31) | T1078 (6.28),"[战术阶段评估]：前缀序列以 T1070 (清除痕迹) 和 T1027 (修改权限/绕过) 结尾。T1070 的重复出现表明攻击者正在积极清理执行过的恶意载荷（如 XLoader, Zebrocy 等）以消除证据。T1027 紧随其后，通常用于修改文件属性（如只读、隐藏）或修改注册表权限，以确保持久化机制或清理后的文件不被轻易发现或恢复。这标志着攻击者正处于‘清理与加固’阶段，即初始入侵和载荷执行后的收尾工作。

[已获资产推演]：基于 T1059 (命令执行)、T1203 (漏洞利用)、T1133 (远程服务)、T1505 (持久化) 以及 T1078 (有效账户) 的序列，攻击者已经成功获取了目标系统的控制权，建立了持久化机制，并可能已经利用合法凭证进行了横向移动或权限提升。此时，攻击者拥有较高的系统权限（如 SYSTEM 或 Administrator），并掌握了清理自身痕迹的能力。

[意图图谱映射]：在清理痕迹（T1070）和加固权限（T1027）之后，攻击者的逻辑意图通常转向‘维持访问’或‘扩大战果’。由于 T1070 和 T1027 是典型的收尾动作，下一步最自然的逻辑是",cat2_rl_correct_global_stays_correct,0.4363391399383545
868,T1547,T1059 || T1203 || T1053 || T1053 || T1204 || T1204 || T1204 || T1547 || T1546 || T1546 || T1053 || T1053 || T1078 || T1586,1,4,1,1,8.869898796081543,3.582841157913208,8.869898796081543,7.9182281494140625,T1547 (8.87) | T1098 (8.28) | T1136 (6.38),T1204 (4.02) | T1053 (3.90) | T1569 (3.86),T1547 (8.87) | T1098 (8.28) | T1136 (6.38),T1547 (7.92) | T1098 (6.79) | T1053 (5.37),[战术阶段评估]：前缀序列以 T1053 (Command and Scripting Interpreter: Scheduled Task/Job) 开始，随后是 T1203 (Exploit Public-Facing Application) 和 T1059 (Command and Scripting Interpreter)。序列中段出现了 T1204 (User Execution) 和 T1547 (Boot or Logon Autostart Execution) 的重复，表明攻击者正在尝试建立持久性。序列末尾的 T1078 (Valid Accounts) 和 T1586 (Compromise Infrastructure) 是关键转折点。T1078 通常意味着攻击者已经获取了合法凭证并登录了系统，而 T1586 暗示攻击者可能正在利用或建立基础设施（如 C2 服务器）来支持后续操作。结合 KG Context 中关于 Lucifer、Saint Bot 和 NETWIRE 使用 T1053.005 (Scheduled Task) 建立持久性的描述，攻击者当前,cat2_rl_correct_global_stays_correct,0.43486475944519043
1341,T1059,T1598 || T1192 || T1593 || T1583 || T1583 || T1583 || T1586 || T1586 || T1587 || T1587 || T1585 || T1588 || T1588 || T1596 || T1608 || T1608 || T1566 || T1566 || T1091,1,2,1,1,7.779712200164795,4.563969612121582,7.779712200164795,7.200878620147705,T1059 (7.78) | T1195 (7.41) | T1078 (6.54),T1195 (5.00) | T1059 (4.56) | T1203 (4.55),T1059 (7.78) | T1195 (7.41) | T1078 (6.54),T1059 (7.20) | T1195 (6.98) | T1203 (6.07),"[战术阶段评估]：前缀序列以 T1566 (Spearphishing Attachment) 两次，紧接着 T1091 (Overwrite/Supply Chain Compromise) 结束。T1566 代表初始入侵向量（钓鱼邮件），而 T1091 代表攻击者正在利用供应链或第三方服务（如云存储、软件更新源）来分发恶意载荷或建立持久化通道。这表明攻击者已经完成了初始入侵尝试，并正在通过外部资源（供应链）扩大攻击面或分发第二阶段载荷。

[已获资产推演]：基于 T1566 和 T1091 的组合，攻击者目前可能已经获取了初始访问权限（Initial Access），或者正在尝试通过供应链渠道获取更广泛的访问权限。他们可能已经控制了某些受信任的第三方资源，或者正在利用这些资源来绕过终端防御。此时，攻击者尚未表现出明显的横向移动或数据窃取行为，处于“立足”和“分发”阶段。

[意图图谱映射]：结合 KG Context，TA551、OceanSalt 等组织常利用 T1566.001（带密码保护的 ZIP 附件）进行初始入侵。在 T1091 之后，攻击者的逻辑意图通常是：1. 执行刚",cat2_rl_correct_global_stays_correct,0.4315481185913086
1686,T1573,T1093 || T1053 || T1053 || T1562 || T1562 || T1036 || T1036 || T1027 || T1027 || T1027 || T1055 || T1218 || T1218 || T1518 || T1082 || T1016 || T1016 || T1568 || T1573,1,3,1,1,10.237269401550293,5.136672019958496,10.237269401550293,9.319161415100098,T1573 (10.24) | T1105 (10.18) | T1008 (7.42),T1496 (5.57) | T1105 (5.26) | T1573 (5.14),T1573 (10.24) | T1105 (10.18) | T1008 (7.42),T1573 (9.32) | T1105 (9.30) | T1665 (6.57),"[战术阶段评估]：前缀序列以 T1016 (System Network Configuration Discovery) 和 T1568 (Data Encrypted for Impact) 结尾，但结合 KG Context 中 T1573 (Encrypted Channel) 的上下文，这里的 T1568 极有可能是指代 C2 通信通道的加密建立（如 Torisma 案例中的 XOR/VEST-32 加密），而非破坏性加密。T1016 是典型的侦察阶段技术，用于收集网络拓扑信息。最后两步 T1016 -> T1568/T1573 表明攻击者已完成网络环境侦察，并正在建立或确认加密的 C2 通信通道，处于从‘侦察’向‘命令与控制’过渡的关键节点。

[已获资产推演]：攻击者目前掌握了目标主机的网络配置信息（IP、域名、子网等），并成功建立了加密的 C2 通道。这意味着攻击者已经具备了在受控网络内隐蔽通信的能力，且对网络环境有了初步认知，但尚未进行横向移动或数据窃取。

[意图图谱映射]：基于 KG Context，Torisma 和 OilRig 等组织在建立加密 C2 后，通",cat2_rl_correct_global_stays_correct,0.43094873428344727
1335,T1585,T1598 || T1192 || T1593 || T1583 || T1583 || T1583 || T1586 || T1586 || T1587 || T1587,1,2,1,1,11.506094932556152,5.782611846923828,11.506094932556152,10.475868225097656,T1585 (11.51) | T1587 (10.34) | T1584 (9.30),T1588 (6.21) | T1585 (5.78) | T1587 (5.63),T1585 (11.51) | T1587 (10.34) | T1584 (9.30),T1585 (10.48) | T1587 (9.50) | T1588 (8.55),"[战术阶段评估]：前缀序列以 T1586 (Acquire Infrastructure) 和 T1587 (Acquire Capabilities) 结尾，且 T1587 连续出现三次。这表明攻击者已经完成了基础设施的搭建（T1583/T1586），并正在积极构建或验证其攻击工具链。特别是 T1587 的重复出现，结合 KG Context 中关于 PROMETHIUM 和 LuminousMoth 使用代码签名证书（T1587.002）和自定义恶意软件（T1587.001）的描述，说明攻击者正处于‘武器化’阶段，正在利用获取的证书对恶意载荷进行签名，或部署自定义的 Webshells/恶意软件以增强隐蔽性。

[已获资产推演]：攻击者目前掌握了：1. 基础设施（T1583/T1586）；2. 代码签名证书（T1587.002）；3. 自定义恶意软件或 Webshell 能力（T1587.001）。攻击者尚未表现出明显的初始访问（如钓鱼）或执行动作，当前的资产状态是‘拥有签名过的恶意载荷’和‘待部署的基础设施’。

[意图图谱映射]：基于 KG Context，PROMETHIUM",cat2_rl_correct_global_stays_correct,0.42790985107421875
661,T1071,T1049 || T1033 || T1007 || T1497 || T1497 || T1021 || T1021 || T1119 || T1115 || T1005 || T1025 || T1074 || T1074 || T1056 || T1056 || T1113,1,2,1,1,14.865206718444824,3.910996198654175,14.865206718444824,12.893448829650879,T1071 (14.87) | T1113 (9.45) | T1590 (8.90),T1056 (4.34) | T1071 (3.91) | T1105 (3.56),T1071 (14.87) | T1113 (9.45) | T1590 (8.90),T1071 (12.89) | T1113 (8.29) | T1105 (7.47),"[战术阶段评估]：前缀序列显示攻击者已完成初始访问（T1049）、系统发现（T1033）、凭证发现（T1007）、防御规避（T1497）及远程访问建立（T1021）。随后进入数据收集与窃取阶段，包括本地数据收集（T1119）、文件系统发现（T1115）、数据窃取（T1005）、凭证窃取（T1025）及数据破坏/修改（T1074）。最后两步 T1056（输入捕获/键盘记录）的重复执行，结合 T1113（数据加密），表明攻击者正处于深度凭证窃取与数据加密准备阶段，意图获取敏感凭据并准备外传或加密勒索。
[已获资产推演]：攻击者已掌握目标系统的完全控制权（通过 T1021 远程访问），并能够执行本地脚本和工具（T1119, T1056）。目前攻击者已收集到部分凭证（T1025）和文件数据（T1005），并正在通过键盘记录（T1056）获取新的凭据（如密码、MFA 代码等）。T1113 的出现暗示攻击者可能正在对敏感数据进行加密（勒索前兆）或为加密外传做准备。
[意图图谱映射]：基于 KG Context，T1056 通常用于窃取登录凭据、加密密钥或敏感文档内容。结合 T1113（数据加密），",cat2_rl_correct_global_stays_correct,0.42731165885925293
300,T1055,T1574 || T1562 || T1562 || T1070 || T1070 || T1112 || T1027 || T1027 || T1027,1,3,1,1,10.401758193969727,5.805619716644287,10.401758193969727,9.574453353881836,T1055 (10.40) | T1027 (9.63) | T1218 (7.47),T1218 (6.23) | T1027 (6.17) | T1055 (5.81),T1055 (10.40) | T1027 (9.63) | T1218 (7.47),T1055 (9.57) | T1027 (9.01) | T1218 (7.24),"[战术阶段评估]：前缀序列显示攻击者首先执行了 T1574 (组件组件化/持久化) 和 T1562 (防御规避/禁用安全工具)，随后进行了 T1070 (清除日志) 以掩盖痕迹。最后连续三次执行 T1027 (软件打包/混淆)。这表明攻击者正处于‘攻击后处理’或‘攻击链准备’阶段，重点在于通过混淆技术隐藏恶意载荷，为后续执行做准备，而非单纯的初始入侵。连续三次 T1027 暗示攻击者可能正在对多个载荷进行打包，或者在尝试不同的打包参数以绕过特定的检测机制。

[已获资产推演]：基于 T1574 和 T1562 的执行，攻击者已经成功在目标系统上建立了某种形式的持久化机制，并尝试规避或禁用安全软件。连续执行 T1070 表明攻击者已经获取了足够的权限来访问并修改系统日志。此时，攻击者手中握有经过混淆处理的恶意载荷（Payload），这些载荷尚未执行或正在等待执行时机。

[意图图谱映射]：结合 KG Context，T1027 通常用于打包恶意软件（如 Machete, GALLIUM, XLoader 等案例所示）。在成功打包并隐藏载荷后，攻击者的逻辑下一步必然是执行这些载荷以达成最终",cat2_rl_correct_global_stays_correct,0.4213895797729492
1057,T1036,T1059 || T1059 || T1053 || T1053 || T1546 || T1133 || T1053 || T1053 || T1505 || T1505 || T1078 || T1546 || T1053 || T1053 || T1078 || T1070,1,4,1,1,11.152674674987793,3.3826045989990234,11.152674674987793,9.754061698913574,T1036 (11.15) | T1070 (8.64) | T1027 (7.44),T1078 (3.80) | T1053 (3.76) | T1070 (3.53),T1036 (11.15) | T1070 (8.64) | T1027 (7.44),T1036 (9.75) | T1070 (7.72) | T1027 (6.39),"[战术阶段评估]：攻击前缀序列以 T1053 (Scheduled Task) 和 T1070 (Indicator Removal) 结尾。T1053 的重复出现表明攻击者正在建立或强化持久化机制，而紧随其后的 T1070 明确指向日志清理行为。这标志着攻击者刚刚完成了一次关键的‘清理现场’操作，旨在消除 T1053 执行留下的痕迹，确保攻击链的隐蔽性。当前处于‘防御规避’与‘持久化巩固’的过渡阶段，攻击者已准备好进行下一步行动。

[已获资产推演]：基于 T1078 (Valid Accounts) 和 T1053 的序列，攻击者已经成功获取了合法凭证（可能是本地管理员或域用户），并利用这些凭证创建了计划任务（Scheduled Tasks）作为持久化手段。攻击者目前掌握的是‘已认证的会话’和‘受控的调度执行环境’。T1070 的完成意味着攻击者认为当前的执行痕迹已足够隐蔽，不再担心被日志审计发现。

[意图图谱映射]：在清理日志（T1070）并确认持久化（T1053）后，攻击者的逻辑意图通常是利用已建立的稳定通道进行实质性操作。根据 KG Context 中提到的 Meteor、",cat2_rl_correct_global_stays_correct,0.4204976558685303
1597,T1059,T1587 || T1587 || T1587 || T1588 || T1588 || T1588 || T1190 || T1133 || T1078 || T1078,1,2,1,1,10.221381187438965,2.7415969371795654,10.221381187438965,8.875020027160645,T1059 (10.22) | T1078 (6.64) | T1586 (6.55),T1078 (3.16) | T1059 (2.74) | T1586 (2.35),T1059 (10.22) | T1078 (6.64) | T1586 (6.55),T1059 (8.88) | T1078 (6.02) | T1586 (5.79),"[战术阶段评估]：前缀序列以 T1587 (收集漏洞信息) 和 T1588 (获取漏洞利用代码) 开始，随后通过 T1190 (利用漏洞) 和 T1133 (远程服务) 进行初始访问。最后两步 T1078 (有效账户) 重复出现，表明攻击者已经成功利用漏洞或凭证，并正在验证或维持对本地账户或域账户的访问权限。当前处于初始访问后的‘立足点建立’阶段，重点在于确认账户权限的有效性。

[已获资产推演]：基于 T1078 的重复执行以及 KG Context 中提到的 Turla 和 FIN7 滥用本地账户、SolarWinds 滥用域账户的案例，攻击者目前极可能已经获取了具有特定权限的本地账户（如 SYSTEM 或管理员）或域账户。攻击者已具备在目标网络内部进行横向移动或权限提升的‘入场券’。

[意图图谱映射]：在确认有效账户（T1078）后，攻击者的逻辑下一步通常是利用这些账户进行‘横向移动’以扩大控制范围，或者进行‘权限提升’以获取更高权限（如从普通用户到 SYSTEM）。KG Context 强调了账户复用和特定角色（如 Exchange 上的 SYSTEM）的重要性，这暗示攻击者",cat2_rl_correct_global_stays_correct,0.4175140857696533
1777,T1087,T1588 || T1588 || T1190 || T1566 || T1078 || T1059 || T1059 || T1569 || T1569 || T1047 || T1078 || T1078 || T1562 || T1562 || T1070 || T1036 || T1036 || T1078 || T1087,1,3,1,1,10.967621803283691,2.2412965297698975,10.967621803283691,9.396883964538574,T1087 (10.97) | T1083 (5.76) | T1069 (5.49),T1027 (2.66) | T1078 (2.52) | T1087 (2.24),T1087 (10.97) | T1083 (5.76) | T1069 (5.49),T1087 (9.40) | T1083 (4.81) | T1046 (4.74),"[战术阶段评估]：前缀序列显示攻击者已完成初始访问（T1078）、执行（T1059）、持久化（T1569, T1047, T1562）及防御规避（T1036, T1070）。最后两步 T1036（Masquerading）和 T1078（Valid Accounts）结合上下文中的 T1087（Account Discovery），表明攻击者正在通过伪装（如将恶意文件命名为 svchost.exe）来维持隐蔽性，并刚刚完成了对本地账户的枚举。当前处于从‘立足与规避’向‘横向移动与凭证获取’过渡的关键阶段。

[已获资产推演]：基于 T1078 和 T1087 的连续执行，攻击者已确认拥有有效的本地账户权限，并掌握了目标系统上的账户列表（如通过 net user 或 PowerShell 脚本）。T1036 的伪装操作暗示攻击者可能正在尝试将恶意载荷伪装成系统进程以绕过检测，或者正在清理痕迹以准备下一步行动。此时，攻击者已具备在本地进行进一步操作的基础，但尚未明确获取到域凭据或建立横向连接。

[意图图谱映射]：结合 KG Context 中 APT42 和 S-Type 在 T1087",cat2_rl_correct_global_stays_correct,0.4171152114868164
1060,T1027,T1566 || T1566 || T1203 || T1204 || T1204 || T1070,1,2,1,1,8.642792701721191,5.785296440124512,8.642792701721191,8.128443717956543,T1027 (8.64) | T1036 (7.97) | T1112 (6.88),T1036 (6.20) | T1027 (5.79) | T1574 (3.29),T1027 (8.64) | T1036 (7.97) | T1112 (6.88),T1027 (8.13) | T1036 (7.65) | T1112 (6.03),"[战术阶段评估]：前缀序列以 T1566 (Phishing) 开始，随后是 T1203 (Exploit Public-Facing Application) 和 T1204 (User Execution)。最后两步为 T1204 || T1204 || T1070。T1204 代表用户执行恶意文件，T1070 代表清除证据（文件删除/日志清理）。这表明攻击者已经成功诱骗用户执行了恶意载荷，并且为了掩盖入侵痕迹，刚刚执行了清理操作。当前处于初始访问后的‘立足’与‘隐蔽’阶段，攻击者正在尝试在目标系统中建立持久性并隐藏行踪。

[已获资产推演]：基于 T1204 的成功执行，攻击者已经获得了目标主机的用户级权限（User Privilege）。T1070 的执行进一步证实了攻击者已经能够访问文件系统并修改系统状态。此时，攻击者尚未明确展示提权（Privilege Escalation）或持久化（Persistence）的完整序列，但清理操作通常意味着攻击者认为当前载荷已运行，准备进行下一步的横向移动或权限提升，或者正在为持久化做准备。

[意图图谱映射]：结合 KG Context，",cat2_rl_correct_global_stays_correct,0.4170799255371094
1085,T1078,T1559 || T1106 || T1204 || T1204 || T1204 || T1112,1,2,1,1,6.988959789276123,3.219153642654419,6.988959789276123,6.310394763946533,T1078 (6.99) | T1547 (6.08) | T1505 (6.01),T1053 (3.63) | T1078 (3.22) | T1547 (3.20),T1078 (6.99) | T1547 (6.08) | T1505 (6.01),T1078 (6.31) | T1547 (5.56) | T1505 (4.74),"[战术阶段评估]：前缀序列以 T1204 (Malicious Content) 的多次重复开始，随后紧跟 T1112 (Modify Registry)。T1204 代表攻击者通过恶意文件/链接进行初始访问，而 T1112 是典型的持久化手段。序列末尾的 T1112 表明攻击者刚刚完成了注册表的修改，这通常是为了确保恶意载荷在系统重启后仍能运行。因此，当前战术阶段处于‘初始访问’向‘持久化’过渡完成，即将进入‘执行’或‘防御规避’阶段。

[已获资产推演]：基于 T1204 和 T1112 的组合，攻击者已经成功在目标系统上部署了恶意文件（Payload），并建立了注册表层面的持久化机制。此时，攻击者拥有对目标系统的‘执行权限’（能够运行恶意代码）和‘持久化权限’（代码可长期驻留）。攻击者目前掌握的是‘已驻留的恶意进程’这一粗粒度资产。

[意图图谱映射]：根据 KG Context，RedCurl、Magic Hound 和 RTM 等组织均使用恶意文件作为初始载体。在成功植入并持久化后，攻击者的逻辑下一步通常是：1. 确保该恶意进程能够稳定运行（执行 T1053 或 T1059）",cat2_rl_correct_global_stays_correct,0.4120504856109619
832,T1070,T1112 || T1053 || T1053 || T1078 || T1134 || T1134 || T1546 || T1546 || T1068 || T1055 || T1055 || T1053 || T1053 || T1078 || T1134 || T1134 || T1070,1,2,1,1,8.950639724731445,3.5258948802948,8.950639724731445,7.974185943603516,T1070 (8.95) | T1036 (6.36) | T1112 (5.91),T1564 (3.94) | T1070 (3.53) | T1197 (3.15),T1070 (8.95) | T1036 (6.36) | T1112 (5.91),T1070 (7.97) | T1036 (5.43) | T1112 (4.68),"[战术阶段评估]：前缀序列以 T1134 (Access Token Manipulation) 重复两次，紧接着是 T1070 (Indicator Removal)。T1134 的重复出现表明攻击者正在反复尝试或验证不同层级的令牌提升（如从用户令牌提升至 SYSTEM 令牌），这是典型的权限维持或横向移动前的准备。T1070 的出现标志着攻击者正在清理本地痕迹（如日志、临时文件），这通常发生在执行完高价值操作（如提权、窃取凭证）之后，或者在准备进行下一步隐蔽行动之前。整体来看，攻击者正处于从‘权限获取/提升’阶段向‘持久化/横向移动’或‘数据窃取’阶段过渡的临界点。

[已获资产推演]：基于 T1134 的上下文（Token Impersonation, SeDebugPrivilege），攻击者目前极大概率已经获取了高权限令牌（如 Local System 或 Domain Admin 令牌）。T1078 的早期出现也佐证了攻击者已掌握有效的凭据。此时，攻击者拥有对当前主机的完全控制权，并可能具备在域内其他主机上模拟该令牌的资格。

[意图图谱映射]：在清理痕迹（T1070）后，",cat2_rl_correct_global_stays_correct,0.4091176986694336
1160,T1056,T1560 || T1560 || T1185 || T1005 || T1074 || T1074 || T1114 || T1114 || T1114 || T1056,1,3,1,1,14.123021125793457,2.3468754291534424,14.123021125793457,12.003314971923828,T1056 (14.12) | T1113 (10.61) | T1114 (8.32),T1114 (2.75) | T1090 (2.37) | T1056 (2.35),T1056 (14.12) | T1113 (10.61) | T1114 (8.32),T1056 (12.00) | T1113 (8.43) | T1114 (7.32),"[战术阶段评估]：攻击前缀序列显示攻击者首先执行了 T1560 (Archive Collected Data) 和 T1185 (Drive Multi-Stage Compromise) 进行数据收集与持久化，随后通过 T1005 (Data from Local System) 和 T1074 (Data Staged) 将数据集中到特定位置。最后两步 T1114 (Local Email Collection) 的重复执行，结合 KG Context 中关于 RedCurl、QakBot 等组织利用本地邮件进行后续钓鱼活动的描述，表明攻击者正处于‘数据利用准备’阶段，即收集特定高价值凭证（邮件）以支持下一阶段的社会工程攻击。最后的 T1056 (Input Capture) 通常用于捕获键盘输入或剪贴板内容，这往往是为了获取额外的凭证（如密码、OTP）或监控用户操作，作为邮件收集后的补充凭证获取手段。

[已获资产推演]：基于 T1114 和 T1056 的执行，攻击者目前掌握了受害者本地存储的邮件数据（可能包含敏感通信、附件、联系人列表）以及潜在的实时输入凭证（密码、验证码）",cat2_rl_correct_global_stays_correct,0.40640950202941895
417,T1069,T1003 || T1003 || T1003 || T1003 || T1087 || T1087 || T1083 || T1135 || T1069,1,2,1,1,11.533465385437012,4.24837589263916,11.533465385437012,10.222148895263672,T1069 (11.53) | T1012 (10.50) | T1057 (10.34),T1012 (4.64) | T1069 (4.25) | T1018 (3.15),T1069 (11.53) | T1012 (10.50) | T1057 (10.34),T1069 (10.22) | T1012 (9.45) | T1082 (8.90),"[战术阶段评估]：前缀序列以 T1083 (File and Directory Discovery) 和 T1135 (Network Share Discovery) 结尾，随后紧跟 T1069 (Network Share Discovery)。这表明攻击者已经完成了对本地文件系统结构和网络共享资源的广泛侦察。T1069 的重复出现（或作为 T1135 的变体/细化）暗示攻击者正在确认具体的共享路径或验证访问权限，这是从‘发现’阶段向‘利用’阶段过渡的关键信号。攻击者目前处于战术阶段：侦察 (Reconnaissance) 的尾声，即将进入 初始访问 (Initial Access) 或 执行 (Execution) 阶段。

[已获资产推演]：基于 T1083 和 T1135/T1069 的组合，攻击者已经掌握了目标环境的目录树结构、文件分布情况以及可用的网络共享路径。这意味着攻击者已经识别出了高价值目标（如包含敏感数据的共享文件夹、可执行文件位置或配置存储位置）。攻击者目前拥有的是‘信息资产’（路径、文件名、共享名），尚未明确展示已获取的‘执行权限’或‘凭证’，但 T1003",cat2_rl_correct_global_stays_correct,0.3925352096557617
1697,T1574,T1059 || T1047 || T1543 || T1543 || T1574 || T1574 || T1078 || T1078 || T1543 || T1543 || T1484 || T1484 || T1574,1,2,1,1,12.85153579711914,3.9077534675598145,12.85153579711914,11.241655349731445,T1574 (12.85) | T1078 (8.30) | T1556 (6.00),T1078 (4.30) | T1574 (3.91) | T1546 (2.29),T1574 (12.85) | T1078 (8.30) | T1556 (6.00),T1574 (11.24) | T1078 (7.58) | T1112 (4.42),"[战术阶段评估]：前缀序列显示攻击者经历了初始访问（T1078）、持久化（T1543）、权限提升（T1047, T1574）以及当前的组策略修改（T1484）。最后两步 T1484 || T1484 || T1574 表明攻击者正在反复利用组策略对象（GPO）来部署脚本或配置，这通常是为了实现大规模、高权限的持久化或横向移动准备。T1574（组件篡改）与 T1484（组策略修改）结合，暗示攻击者正在构建一个基于域策略的自动化执行环境。

[已获资产推演]：基于 T1078（有效账户）和 T1484（域组策略），攻击者目前极可能已经获得了域管理员（Domain Admin）或具有足够权限的账户，能够修改域内的组策略对象（GPO）。他们掌握了在域内所有受管计算机上执行代码的能力，资产级别为“域级控制”。

[意图图谱映射]：KG Context 明确指出 Cinnamon Tempest、HermeticWiper 和 APT41 均利用 T1484.001 部署批处理脚本或计划任务。在修改了 GPO 后，攻击者的下一步逻辑必然是触发这些策略生效，即让部署的恶意脚本在目标机器上执行。这通常",cat2_rl_correct_global_stays_correct,0.3920912742614746
1691,T1078,T1059 || T1047 || T1543 || T1543 || T1574 || T1574 || T1078,1,4,1,1,12.989786148071289,3.667318820953369,12.989786148071289,11.311741828918457,T1078 (12.99) | T1134 (7.40) | T1574 (7.05),T1070 (4.06) | T1055 (3.96) | T1036 (3.86),T1078 (12.99) | T1134 (7.40) | T1574 (7.05),T1078 (11.31) | T1574 (6.42) | T1548 (5.74),"[战术阶段评估]：前缀序列显示攻击者首先通过 T1059 (Command and Scripting Interpreter) 执行初始载荷，随后利用 T1047 (Windows Management Instrumentation) 和 T1543 (Create or Modify System Process) 建立持久化。序列末尾的 T1574 (DLL Search Order Hijacking) 重复出现，紧接着是 T1078 (Valid Accounts)。这表明攻击者刚刚完成了对系统 DLL 搜索顺序的劫持（通常用于在合法进程启动时注入恶意代码），并随后利用已获取的合法凭证（Valid Accounts）进行横向移动或权限维持。当前处于从‘初始访问/持久化’向‘横向移动/权限提升’过渡的关键阶段。

[已获资产推演]：基于 T1574 的重复执行，攻击者已具备在特定系统进程（如系统服务或常用应用）中执行任意代码的能力，这通常意味着他们已获得了 SYSTEM 或高权限上下文。T1078 的出现证实攻击者已掌握有效的用户凭证（可能是本地管理员或域用户），这为后续利用",cat2_rl_correct_global_stays_correct,0.3880438804626465
1247,T1078,T1133 || T1574 || T1574 || T1556 || T1556 || T1053 || T1053,1,2,1,1,9.560158729553223,5.044571399688721,9.560158729553223,8.747352600097656,T1078 (9.56) | T1505 (9.51) | T1053 (5.32),T1053 (5.41) | T1078 (5.04) | T1505 (4.62),T1078 (9.56) | T1505 (9.51) | T1053 (5.32),T1078 (8.75) | T1505 (8.63) | T1053 (5.34),"[战术阶段评估]：前缀序列以 T1556 (Modify Trusted Path) 和 T1053 (Command and Scripting Interpreter) 结尾。T1556 通常涉及修改系统信任机制（如注册表、服务配置）以维持持久性，而 T1053 是执行这些持久化配置的具体手段（如通过计划任务执行命令）。最后两步的重复（T1556 || T1053 || T1053）表明攻击者正在反复验证或强化其持久化机制，确保在重启或特定触发条件下能再次获得执行权。这标志着攻击者刚刚完成了‘持久化’（Persistence）战术阶段的关键步骤。

[已获资产推演]：基于 T1133 (Remote System Discovery) 和 T1574 (Hijack Execution Flow) 的早期序列，攻击者已经完成了初步的侦察和权限提升/维持。结合 T1556 和 T1053 的完成，攻击者目前掌握了目标系统的‘持久化执行权’。这意味着攻击者已经建立了一个可靠的‘后门’或‘触发器’，可以在未来任意时间（如系统重启、用户登录或特定时间间隔）重新获得对系统的控制权。此时，攻击",cat2_rl_correct_global_stays_correct,0.3697657585144043
1231,T1021,T1036 || T1036 || T1112 || T1027 || T1027 || T1218 || T1218 || T1003 || T1003 || T1082,1,2,1,1,11.218026161193848,1.1635993719100952,11.218026161193848,9.408228874206543,T1021 (11.22) | T1016 (10.66) | T1071 (8.24),T1552 (1.53) | T1021 (1.16) | T1082 (1.04),T1021 (11.22) | T1016 (10.66) | T1071 (8.24),T1021 (9.41) | T1016 (8.82) | T1033 (5.89),"[战术阶段评估]：前缀序列以 T1003 (Credential Dumping) 和 T1082 (System Information Discovery) 结尾。T1003 的重复执行表明攻击者正在深入挖掘凭证（如 LSASS 内存），而紧随其后的 T1082 表明在获取凭证后，攻击者正在验证系统环境或确认当前权限状态。这标志着攻击者正处于从‘凭证获取’向‘权限提升/横向移动’过渡的关键阶段。

[已获资产推演]：基于 T1003 的上下文（Axiom, FIN6, Agrius 等 APT 组织均使用此技术），攻击者极大概率已经成功获取了本地管理员权限、域管理员凭证或高权限的哈希/明文密码。T1082 的确认操作进一步佐证了攻击者正在评估当前账户的权限范围，为下一步行动做准备。

[意图图谱映射]：在拥有高权限凭证并确认系统信息后，攻击者的核心意图通常是利用这些凭证进行横向移动（Lateral Movement）以扩大控制范围，或者利用凭证进行远程执行（Remote System Access）。根据 ATT&CK 图谱逻辑，Credential Dumping 后的标准后续动",cat2_rl_correct_global_stays_correct,0.36973655223846436
1382,T1680,T1222 || T1222 || T1562 || T1562 || T1562 || T1070 || T1070 || T1070 || T1036 || T1036 || T1027 || T1027 || T1014 || T1552 || T1552 || T1552 || T1613 || T1083,1,2,1,1,11.9335355758667,4.81581449508667,11.9335355758667,10.652345657348633,T1680 (11.93) | T1046 (11.10) | T1057 (9.24),T1046 (5.18) | T1680 (4.82) | T1040 (4.78),T1680 (11.93) | T1046 (11.10) | T1057 (9.24),T1680 (10.65) | T1046 (10.04) | T1057 (8.01),"[战术阶段评估]：前缀序列显示攻击者经历了完整的初始访问后处理阶段。T1222（文件隐藏/修改）和 T1562（防御规避）表明攻击者正在清理痕迹并维持隐蔽性。T1070（清除日志）和 T1036（进程伪装）进一步确认了反取证操作。T1027（编译/打包）和 T1014（注册表启动项）表明攻击者正在建立持久化机制。T1552（凭证获取）和 T1613（系统信息收集）显示攻击者正在收集关键情报。最后两步 T1083（文件与目录发现）表明攻击者已具备执行权限，并正在主动扫描文件系统以寻找高价值目标。当前处于‘侦察与数据收集’向‘数据窃取’过渡的关键节点。

[已获资产推演]：基于 T1552 和 T1613，攻击者已掌握系统基础信息（OS 版本、网络配置）并可能获取了部分本地凭证（如哈希或明文）。T1083 的执行意味着攻击者已确认了文件系统的结构，并识别出了特定的目录（如文档、下载、桌面等）。此时，攻击者拥有对目标系统的‘只读’或‘有限写’访问权限，且已锁定潜在的数据源。

[意图图谱映射]：T1083 是典型的‘数据定位’动作。在 ATT&CK 逻辑中，发现文件后，下一步必然是‘数据提取",cat2_rl_correct_global_stays_correct,0.3673892021179199
1486,T1586,T1098 || T1136 || T1087 || T1133 || T1078 || T1586 || T1098 || T1098 || T1068 || T1078 || T1586 || T1656 || T1578 || T1578 || T1578 || T1078,1,4,1,1,11.041498184204102,2.2749030590057373,11.041498184204102,9.46351146697998,T1586 (11.04) | T1078 (9.80) | T1110 (5.99),T1078 (2.63) | T1578 (2.62) | T1105 (2.32),T1586 (11.04) | T1078 (9.80) | T1110 (5.99),T1586 (9.46) | T1078 (8.51) | T1110 (4.79),"[战术阶段评估]：前缀序列以 T1578 (T1578.002 创建云实例 或 T1578.003 删除云实例) 的重复操作结尾，随后紧跟 T1078 (Valid Accounts)。T1578 的重复出现表明攻击者正在积极操纵云基础设施（可能是为了建立持久化跳板或清理痕迹），而最后的 T1078 表明攻击者正在利用已获取的凭证或已创建的实例进行身份验证。这标志着攻击者正处于从‘基础设施构建/清理’阶段向‘横向移动/权限维持’阶段过渡的关键节点。

[已获资产推演]：基于 T1578 的上下文（Storm-0501 删除资源，Scattered Spider 创建资源），攻击者目前极有可能已经控制了云环境中的计算实例（如 EC2 或 Azure VM）或拥有高权限的 IAM 角色。T1078 的再次出现暗示攻击者正在验证这些新实例或新凭证的有效性，或者正在利用这些实例作为跳板访问内部网络。攻击者目前掌握的是‘云环境控制权’和‘有效身份’。

[意图图谱映射]：在拥有云实例和有效凭证后，攻击者的核心意图通常是利用这些资产进行横向移动以扩大战果。根据 ATT&CK 逻辑，下一步最自然的动",cat2_rl_correct_global_stays_correct,0.3584144115447998
1406,T1560,T1087 || T1654 || T1518 || T1082 || T1033 || T1007 || T1021 || T1021 || T1021 || T1550,1,2,1,1,12.292901039123535,2.6931099891662598,12.292901039123535,10.564939498901367,T1560 (12.29) | T1557 (10.25) | T1550 (7.80),T1557 (3.05) | T1560 (2.69) | T1003 (1.55),T1560 (12.29) | T1557 (10.25) | T1550 (7.80),T1560 (10.56) | T1557 (8.96) | T1550 (6.53),"[战术阶段评估]：前缀序列显示攻击者已完成侦察（T1087, T1654, T1518, T1082）和初步发现（T1033, T1007）。随后，攻击者多次尝试建立远程访问（T1021 x3），表明其正在积极寻找并建立稳定的控制通道。最后一步 T1550（凭证访问/滥用）的出现，标志着攻击者从单纯的‘连接尝试’转向了‘凭证窃取或滥用’，这是为了绕过身份验证或提升权限以维持访问。整体处于‘横向移动与持久化’的过渡阶段。

[已获资产推演]：基于多次 T1021 尝试和随后的 T1550，攻击者目前至少掌握了一个受控节点的访问权，并正在尝试获取该节点或相邻节点的凭证（如哈希、明文密码、TGT 等）。攻击者尚未完全确立对核心资产的持久化控制，但已具备横向移动的初步能力。

[意图图谱映射]：T1550 是横向移动的关键前置步骤。一旦凭证获取成功，攻击者最直接的逻辑意图是利用这些凭证进行更广泛的横向移动（T1021 的变体或 T1021.001/006 等子技术），或者利用已获取的凭证执行远程命令（T1059）。此外，为了维持这种基于凭证的访问，攻击者可能会尝试创建新的账户（T1136）或修",cat2_rl_correct_global_stays_correct,0.35720205307006836
2103,T1078,T1484 || T1484 || T1053 || T1053 || T1078 || T1586 || T1484 || T1484 || T1484 || T1036 || T1036 || T1556 || T1556 || T1578 || T1578 || T1027 || T1218 || T1218,1,2,1,1,8.589486122131348,4.910056114196777,8.589486122131348,7.927188396453857,T1078 (8.59) | T1218 (7.53) | T1555 (7.39),T1218 (5.26) | T1078 (4.91) | T1555 (3.38),T1078 (8.59) | T1218 (7.53) | T1555 (7.39),T1078 (7.93) | T1218 (7.12) | T1555 (6.67),"[战术阶段评估]：前缀序列以 T1027 (Obfuscated Files or Information) 和 T1218 (System Binary Proxy Execution) 结尾。T1027 通常用于对恶意载荷进行混淆（如加壳、编码），而 T1218 是执行这些混淆载荷的具体手段（如使用 rundll32.exe 或 msiexec.exe）。最后两步的重复出现（T1218 || T1218）表明攻击者正在反复尝试或执行多个混淆后的组件，这标志着‘初始访问/执行’阶段的收尾，并正在向‘持久化’或‘横向移动’过渡。攻击者刚刚成功利用系统二进制文件执行了恶意代码。

[已获资产推演]：基于 T1078 (Valid Accounts) 和 T1556 (Modify Authentication Process) 的早期出现，攻击者已经获得了某种形式的系统访问权限，并可能修改了认证机制。结合 T1218 的执行，攻击者目前拥有在目标系统上运行任意代码的能力，且该代码具有系统级或用户级的执行上下文。他们刚刚执行了混淆的恶意负载，这意味着他们可能已经部署了后门、下载器或横向移动",cat2_rl_correct_global_stays_correct,0.35007190704345703
402,T1082,T1078 || T1110 || T1555 || T1056 || T1056 || T1040 || T1003 || T1003 || T1003 || T1539 || T1087 || T1087 || T1087 || T1083 || T1040 || T1018,1,2,1,1,10.869345664978027,4.912051200866699,10.869345664978027,9.797033309936523,T1082 (10.87) | T1049 (10.05) | T1518 (9.44),T1033 (5.26) | T1082 (4.91) | T1016 (4.45),T1082 (10.87) | T1049 (10.05) | T1518 (9.44),T1082 (9.80) | T1049 (8.90) | T1518 (8.33),"[战术阶段评估]：攻击前缀序列显示攻击者已完成初始访问（T1078）、凭证获取（T1110）、凭证窃取（T1555）、键盘记录（T1056）、数据收集（T1040, T1003）以及信息收集（T1539, T1087, T1083）。最后两步 T1083（文件目录发现）和 T1040（数据窃取）紧接着 T1018（远程系统发现），表明攻击者正处于从‘本地信息收集’向‘横向移动准备’或‘数据外传’过渡的关键节点。T1018 的出现通常意味着攻击者正在评估网络拓扑或寻找可横向移动的目标。

[已获资产推演]：基于 T1078 和 T1110，攻击者已获取了有效的用户凭证（可能是域管理员或高权限用户）。T1003 和 T1555 表明攻击者已掌握内存中的明文密码或哈希。T1083 和 T1040 显示攻击者已扫描了本地文件系统，识别了敏感文件（如配置文件、数据库文件等）。此时，攻击者拥有本地高权限，并掌握了部分敏感数据，且正在通过 T1018 了解网络环境。

[意图图谱映射]：结合 KG Context，T1018（远程系统发现）通常紧随在本地信息收集之后，用于识别网络中的其他主机。在获取",cat2_rl_correct_global_stays_correct,0.34775686264038086
1419,T1134,T1505 || T1505 || T1078 || T1078 || T1134 || T1134 || T1098 || T1098 || T1546 || T1546 || T1053 || T1053 || T1078 || T1078 || T1134,1,4,1,1,9.878274917602539,3.9829893112182617,9.878274917602539,8.817123413085938,T1134 (9.88) | T1098 (8.07) | T1197 (7.70),T1098 (4.33) | T1078 (4.17) | T1564 (4.15),T1134 (9.88) | T1098 (8.07) | T1197 (7.70),T1134 (8.82) | T1098 (7.39) | T1197 (6.62),"[战术阶段评估]：前缀序列显示攻击者经历了反复的凭证获取（T1078）、权限维持（T1546）、持久化执行（T1053）以及账户创建/修改（T1134）。最后两步 'T1078 || T1078 || T1134' 表明攻击者刚刚完成了一次新的本地账户创建或修改（T1134），并立即尝试使用这些新凭证或现有凭证进行登录（T1078）。这标志着攻击者正处于从‘建立持久化/后门’向‘横向移动’过渡的关键节点，试图验证新创建的账户是否有效并获取访问权限。

[已获资产推演]：基于 T1134（访问令牌操作/账户创建）和 T1078（有效账户）的反复出现，攻击者目前掌握了至少一个具有本地管理员权限或特定服务权限的本地账户（Local Account）。KG Context 特别指出 Turla 等组织利用跨网络相同密码的本地账户进行攻击，暗示攻击者可能正在利用这些新创建的本地账户作为跳板，试图在缺乏域控权限的情况下进行内部渗透。

[意图图谱映射]：攻击者刚刚验证了新账户的登录能力（T1078），下一步最自然的逻辑是利用该账户在内部网络中移动。由于当前处于本地账户阶段，攻击者极大概率会尝试利用",cat2_rl_correct_global_stays_correct,0.3473043441772461
1581,T1078,T1574 || T1574 || T1556 || T1053 || T1053 || T1505 || T1505,1,2,1,1,10.560811996459961,4.06099271774292,10.560811996459961,9.390844345092773,T1078 (10.56) | T1548 (6.92) | T1176 (6.49),T1505 (4.40) | T1078 (4.06) | T1176 (0.80),T1078 (10.56) | T1548 (6.92) | T1176 (6.49),T1078 (9.39) | T1505 (5.93) | T1176 (5.47),"[战术阶段评估]：前缀序列以 T1574 (Component Object Model Hijacking) 和 T1556 (Modify Authentication Process) 开始，随后是 T1053 (Scheduled Task/Job) 的重复执行，最后以 T1505 (Server Software Component) 的重复执行结束。T1053 的重复通常意味着攻击者在尝试建立持久化或确保命令执行通道的稳定性。T1505 的连续出现（特别是结合 KG Context 中提到的 Dragonfly、reGeorg 等组织）强烈表明攻击者已经成功在目标服务器上部署了 Web Shell，并正在利用该 Web Shell 进行后续的交互或配置。当前阶段已从初始访问/执行过渡到‘持久化建立’与‘命令执行通道确认’阶段，攻击者现在拥有一个基于 Web 的持久化控制点。

[已获资产推演]：基于 T1505 的完成，攻击者目前掌握了目标 Web 服务器（如邮件服务器或公开 Web 服务器）的远程代码执行权限（RCE）。结合 KG Context 中提到的 reGeorg",cat2_rl_correct_global_stays_correct,0.34313249588012695
1499,T1018,T1027 || T1027 || T1218 || T1218 || T1003 || T1003 || T1003 || T1482 || T1057,1,2,1,1,12.873025894165039,4.061718463897705,12.873025894165039,11.286991119384766,T1018 (12.87) | T1518 (8.76) | T1105 (8.69),T1083 (4.40) | T1018 (4.06) | T1482 (3.95),T1018 (12.87) | T1518 (8.76) | T1105 (8.69),T1018 (11.29) | T1518 (7.29) | T1012 (7.17),"[战术阶段评估]：前缀序列显示攻击者经历了重复的 T1027 (代码混淆/加壳) 和 T1218 (系统二进制程序执行)，随后进行了三次 T1003 (OS 凭证转储)，接着是 T1482 (域信任发现)，最后一步是 T1057 (进程发现)。这表明攻击者正处于从‘初始访问与持久化’向‘凭证获取与横向移动准备’过渡的关键阶段。T1003 的重复执行暗示攻击者可能正在尝试获取不同用户或系统的凭证，或者在验证凭证的有效性。T1482 表明攻击者正在探索网络拓扑结构，特别是域信任关系，为横向移动做准备。T1057 作为最后一步，是典型的侦察行为，用于确认当前环境中的活跃进程、服务或特定应用（如 .NET 应用），以便决定下一步的利用目标。

[已获资产推演]：基于 T1003 的多次执行，攻击者极大概率已经获取了本地或域账户的明文密码、哈希值或 Kerberos 票据。结合 T1482 的发现，攻击者可能已经识别出了域内的信任关系（如林信任、外部信任）。T1057 的执行意味着攻击者正在扫描当前主机上的进程列表，可能正在寻找高权限进程、特定的管理工具（如 PsExec, WMI 客户端）或易",cat2_rl_correct_global_stays_correct,0.33904361724853516
708,T1055,T1053 || T1053 || T1505 || T1505 || T1078 || T1078 || T1547 || T1060 || T1543 || T1543 || T1068 || T1574 || T1574,1,2,1,1,11.15614128112793,5.228931427001953,11.15614128112793,10.08924388885498,T1055 (11.16) | T1053 (9.06) | T1574 (7.49),T1574 (5.57) | T1055 (5.23) | T1078 (3.14),T1055 (11.16) | T1053 (9.06) | T1574 (7.49),T1055 (10.09) | T1053 (7.91) | T1574 (7.14),"[战术阶段评估]：前缀序列以 T1068 (Exploitation for Defense Evasion) 和 T1574 (Hijack Execution Flow) 结尾。T1068 通常用于利用漏洞绕过防御或获取初始执行点，而 T1574 是典型的执行流劫持技术（如 DLL 劫持、SO 劫持）。结合 KG Context 中提到的 FoggyWeb、Hildegard 和 Goopy 均利用 T1574 的子技术（如 DLL 搜索顺序劫持、动态链接器劫持）来加载恶意代码，可以判断攻击者正处于‘执行流劫持’阶段，即利用合法程序的执行流程来加载并运行恶意载荷。最后两步重复 T1574 表明攻击者正在验证或利用该劫持机制，或者正在配置特定的劫持环境（如修改 ld.so.preload 或放置恶意 DLL）。

[已获资产推演]：基于 T1078 (Valid Accounts) 和 T1547 (Boot or Logon Autostart Execution) 的前序操作，攻击者已经获得了系统层面的访问权限，并建立了持久化机制。当前的 T1068 和 T1574 操作表明攻击",cat2_rl_correct_global_stays_correct,0.3390369415283203
697,T1574,T1053 || T1053 || T1505 || T1505 || T1078 || T1078 || T1547 || T1060 || T1543 || T1543 || T1068,1,2,1,1,9.85754108428955,3.249333381652832,9.85754108428955,8.668063163757324,T1574 (9.86) | T1055 (9.07) | T1068 (7.38),T1055 (3.59) | T1574 (3.25) | T1078 (3.09),T1574 (9.86) | T1055 (9.07) | T1068 (7.38),T1574 (8.67) | T1055 (8.08) | T1078 (6.52),"[战术阶段评估]：攻击前缀序列显示攻击者首先通过 T1053 (Scheduled Task/Service) 建立初步执行环境，随后利用 T1505 (Server Software Component) 植入后门（如 Web Shell），接着通过 T1078 (Valid Accounts) 获取合法凭证。关键转折在于 T1547 (Boot or Logon Autostart Execution) 的重复执行，结合 KG Context 中关于 Carbanak、WannaCry 和 TEARDROP 均利用 T1543.003 (Windows Service) 实现持久化和 SYSTEM 权限的明确关联，可以判定攻击者当前正处于‘建立高权限持久化’阶段。最后一步 T1068 (Exploitation for Privilege Escalation) 的重复出现，进一步暗示攻击者正在尝试利用服务漏洞或配置错误将权限提升至 SYSTEM 级别，以配合 T1543 的服务运行。

[已获资产推演]：基于 T1078 和 T1543 的组合，攻击者目前极大概率已经获得了目标系",cat2_rl_correct_global_stays_correct,0.3386683464050293
962,T1543,T1053 || T1053 || T1548 || T1548 || T1547 || T1060 || T1037 || T1037,1,2,1,1,9.687369346618652,5.051145076751709,9.687369346618652,8.852849006652832,T1543 (9.69) | T1484 (8.46) | T1546 (8.05),T1037 (5.37) | T1543 (5.05) | T1546 (4.82),T1543 (9.69) | T1484 (8.46) | T1546 (8.05),T1543 (8.85) | T1546 (7.46) | T1484 (7.36),"[战术阶段评估]：前缀序列以 T1053 (Command and Scripting Interpreter) 开始，随后是 T1548 (Modify Authentication Process) 和 T1547 (Boot or Logon Autostart Execution)，最后两步为 T1060 (Registry Run Keys / Startup Folder) 和 T1037 (Boot or Logon Initialization Scripts)。这表明攻击者已经完成了初始访问后的持久化建立阶段。T1060 和 T1037 是典型的持久化技术，特别是 T1037 在上下文中明确关联到 Logon Script，说明攻击者正在配置系统启动或用户登录时的自动执行机制，以确保恶意载荷在重启或用户登录时再次运行。

[已获资产推演]：基于 T1053 的执行和 T1548/T1547/T1060/T1037 的持久化配置，攻击者目前极有可能已经获得了目标系统的本地用户权限（User Level）或系统权限（System Level），并且已经成功部署了持久化载荷",cat2_rl_correct_global_stays_correct,0.32282590866088867
1168,T1113,T1560 || T1560 || T1185 || T1005 || T1074 || T1074 || T1114 || T1114 || T1114 || T1056 || T1056,1,2,1,1,12.658788681030273,6.7194671630859375,12.658788681030273,11.58971118927002,T1113 (12.66) | T1071 (12.07) | T1105 (9.28),T1071 (7.03) | T1113 (6.72) | T1056 (6.09),T1113 (12.66) | T1071 (12.07) | T1105 (9.28),T1113 (11.59) | T1071 (11.16) | T1105 (8.40),"[战术阶段评估]：前缀序列显示攻击者经历了数据收集（T1560 压缩/加密）、数据外传（T1185 数据外传）、数据发现（T1005 本地数据发现）、数据破坏/清理（T1074 数据破坏）以及数据窃取（T1114 远程数据窃取）。序列最后两步为 T1114（远程数据窃取）和 T1056（输入捕获/键盘记录）。这表明攻击者已经完成了初步的数据收集与外传，并正在通过键盘记录（T1056）进行深度的凭证窃取。当前处于‘凭证窃取与数据收集’的战术阶段，且刚刚执行了针对凭据的专项收集。

[已获资产推演]：攻击者目前拥有对目标系统的持久化访问（通过 gh0st RAT 等工具，暗示 T1056 是 RAT 的一部分），并刚刚执行了远程数据窃取（T1114）。结合 T1056 的上下文（gh0st RAT, APT3, Carberp 均使用键盘记录窃取凭据），攻击者极有可能已经捕获了明文密码、剪贴板内容或敏感输入。此时，攻击者尚未进行横向移动或权限提升，但已具备窃取凭据的‘弹药’。

[意图图谱映射]：基于 KG Context，T1056（键盘记录）通常作为 T1110（凭据访问）的前置步骤。",cat2_rl_correct_global_stays_correct,0.3104691505432129
754,T1591,T1595 || T1595 || T1592 || T1592 || T1589 || T1589 || T1589 || T1590 || T1590 || T1591,1,3,1,1,11.016530990600586,4.133968830108643,11.016530990600586,9.777669906616211,T1591 (11.02) | T1598 (10.46) | T1594 (7.93),T1583 (4.44) | T1587 (4.31) | T1591 (4.13),T1591 (11.02) | T1598 (10.46) | T1594 (7.93),T1591 (9.78) | T1598 (8.78) | T1583 (7.17),"[战术阶段评估]：前缀序列以 T1595 (Active Scanning) 和 T1592 (Gather Victim Host Information) 开始，随后是 T1589 (Gather Victim Identity Information) 和 T1590 (Gather Victim Network Information)。序列最后两步为 T1590 (获取网络信息) 和 T1591 (获取网络配置信息)。这表明攻击者正处于侦察阶段（Reconnaissance）的收尾期，且重心已从广域扫描转向针对特定目标的深度网络拓扑和配置细节收集。

[已获资产推演]：基于 T1595 和 T1592，攻击者已掌握目标网络的存在、IP 段及主机名。T1589 暗示已获取部分身份或组织信息。T1590 和 T1591 的连续执行（特别是 T1591 获取网络配置）意味着攻击者现在拥有了详细的网络拓扑图、防火墙规则、路由表、DNS 配置以及潜在的信任关系。他们不再需要盲目扫描，而是拥有了精确的“攻击地图”。

[意图图谱映射]：结合 KG Context，T1590 和 T159",cat2_rl_correct_global_stays_correct,0.30837202072143555
326,T1018,T1027 || T1055 || T1078 || T1555 || T1555 || T1056 || T1056 || T1003 || T1003 || T1003 || T1003 || T1087 || T1087 || T1046 || T1012,1,3,1,1,13.17137622833252,1.199756383895874,13.17137622833252,11.016484260559082,T1018 (13.17) | T1135 (9.65) | T1049 (9.27),T1021 (1.50) | T1570 (1.29) | T1018 (1.20),T1018 (13.17) | T1135 (9.65) | T1049 (9.27),T1018 (11.02) | T1135 (7.99) | T1016 (7.60),"[战术阶段评估]：前缀序列显示攻击者已完成初始访问（T1078）、持久化（T1055）、凭证窃取（T1555）、进程注入（T1055）、凭据转储（T1003）以及信息收集（T1087）。最后两步 T1046（服务发现）和 T1012（查询注册表）表明攻击者正在从单点渗透转向横向移动前的侦察阶段，重点在于识别网络拓扑、开放服务及系统配置，以寻找下一个攻击跳板。

[已获资产推演]：基于 T1003 和 T1087 的连续执行，攻击者已掌握本地账户列表及部分凭据。结合 T1046 的扫描行为，攻击者目前拥有对当前主机的完全控制权，并正在构建目标网络的拓扑视图，识别出潜在的易受攻击服务（如 Redis, SSH, 端口 7001 等）。

[意图图谱映射]：T1046 和 T1012 是典型的横向移动前侦察动作。根据 KG Context，Rocke 利用 T1046 发现服务后通常会进行利用，Saint Bot 利用 T1012 进行环境检查后往往进行配置修改或持久化。因此，下一步极大概率是利用已发现的服务漏洞进行入侵（T1190），或者利用已获取的凭据进行远程访问（T1021），亦或是通",cat2_rl_correct_global_stays_correct,0.30390000343322754
1055,T1053,T1059 || T1059 || T1053 || T1053 || T1546 || T1133 || T1053 || T1053 || T1505 || T1505 || T1078 || T1546 || T1053,1,2,1,1,15.829239845275879,4.469008922576904,15.829239845275879,13.784398078918457,T1053 (15.83) | T1068 (6.43) | T1078 (6.30),T1078 (4.77) | T1053 (4.47) | T1548 (3.31),T1053 (15.83) | T1068 (6.43) | T1078 (6.30),T1053 (13.78) | T1078 (6.02) | T1068 (5.25),"[战术阶段评估]：前缀序列以 T1078 (Valid Accounts) 开始，紧接着是 T1546 (Modify Startup/Logon Behavior) 和 T1053 (Scheduled Task)。这表明攻击者刚刚完成了初始访问（利用凭证），并立即执行了持久化操作。T1078 通常意味着攻击者已经获取了合法凭证（可能是通过之前的 T1505 或 T1133 等步骤），并登录到了系统。随后的 T1546 和 T1053 是典型的建立持久化的手段，特别是 T1053 在序列中多次出现，且 KG Context 明确指出了恶意软件（Lucifer, Saint Bot）利用计划任务进行持久化。序列的结尾是 T1053，说明攻击者刚刚完成或正在完善其持久化机制。

[已获资产推演]：基于 T1078 和随后的持久化操作，攻击者目前拥有目标系统的**本地用户权限**（Local User Access）或**域用户权限**（Domain User Access），并且已经确保了在系统重启或用户登录时能够自动执行恶意代码。攻击者目前处于“立足点稳固”的状态，但尚未进行横向移动或",cat2_rl_correct_global_stays_correct,0.2973952293395996
760,T1083,T1087 || T1087,1,2,1,1,9.473627090454102,2.519263744354248,9.473627090454102,8.221841812133789,T1083 (9.47) | T1135 (8.18) | T1217 (7.73),T1087 (2.81) | T1083 (2.52) | T1010 (1.96),T1083 (9.47) | T1135 (8.18) | T1217 (7.73),T1083 (8.22) | T1135 (6.81) | T1482 (6.50),"[战术阶段评估]：前缀序列为 T1087 || T1087。T1087 (Account Discovery) 属于侦察阶段 (Reconnaissance)。连续两次执行该子技术（或同一技术的不同变体，如 T1087.001 本地账户和 T1087.003 邮箱账户），表明攻击者正处于信息收集的早期阶段，且专注于全面盘点目标环境中的身份资产。攻击者尚未表现出明显的权限提升或横向移动迹象。

[已获资产推演]：基于前缀，攻击者目前掌握了目标环境的“身份资产清单”。KG Context 提示了三种具体的发现路径：本地账户 (T1087.001)、Exchange/Office 365 邮箱账户 (T1087.003) 和云 IAM 账户 (T1087.004)。攻击者已经确认了这些账户的存在，但尚未获取其凭证或建立持久化控制。此时的资产状态是“已知但未利用”的账户列表。

[意图图谱映射]：在 ATT&CK 逻辑中，完成账户发现后的自然下一步是“利用”这些已发现的账户。攻击者需要获取凭证（Credential Access）以进行后续操作，或者尝试使用这些账户进行登录（Initial A",cat2_rl_correct_global_stays_correct,0.2938525676727295
1073,T1053,T1059 || T1059 || T1106 || T1053 || T1053 || T1072 || T1569 || T1569 || T1204 || T1204 || T1547 || T1112,1,2,1,1,10.795970916748047,5.700891017913818,10.795970916748047,9.878856658935547,T1053 (10.80) | T1547 (9.36) | T1137 (7.16),T1547 (5.99) | T1053 (5.70) | T1543 (5.54),T1053 (10.80) | T1547 (9.36) | T1137 (7.16),T1053 (9.88) | T1547 (8.75) | T1137 (6.08),"[战术阶段评估]：前缀序列以 T1204 (User Execution) 开始，紧接着 T1547 (Boot or Logon Autostart Execution) 和 T1112 (Modify Registry)。这表明攻击者刚刚完成了初始执行（可能是通过钓鱼邮件或文档），并立即着手建立持久化机制。T1547 和 T1112 的组合明确指向了通过注册表启动项或启动文件夹来确保恶意代码在系统重启后自动运行。KG Context 进一步证实了 Pikabot 和 Reaver 等恶意软件利用 T1547.001 和 T1547.009 进行持久化，而 T1112 则用于配置存储。当前处于‘持久化建立’阶段的尾声。

[已获资产推演]：攻击者目前拥有对目标系统的‘用户级’或‘系统级’执行权限（取决于 T1059 和 T1106 的具体上下文，通常意味着已获取了用户会话）。通过 T1547 和 T1112，攻击者已经成功将恶意负载注册为系统启动项。这意味着攻击者已经获得了‘长期驻留’的能力，但尚未进行深度的横向移动或数据窃取。当前的资产状态是：已植入持久化后门，等待系统重启或用户登",cat2_rl_correct_global_stays_correct,0.2938065528869629
1376,T1027,T1222 || T1222 || T1562 || T1562 || T1562 || T1070 || T1070 || T1070 || T1036 || T1036 || T1027,1,2,1,1,12.180662155151367,6.7988362312316895,12.180662155151367,11.211933135986328,T1027 (12.18) | T1055 (7.87) | T1553 (7.74),T1218 (7.09) | T1027 (6.80) | T1078 (3.91),T1027 (12.18) | T1055 (7.87) | T1553 (7.74),T1027 (11.21) | T1218 (7.24) | T1553 (6.98),"[战术阶段评估]：前缀序列显示攻击者经历了重复的 T1222（文件加密/压缩，可能用于隐藏或准备）和 T1562（防御规避，如禁用安全软件），随后是 T1070（清除日志/痕迹）和 T1036（进程伪装）。最后两步 T1036（重复）和 T1027（绕过保护机制，如代码签名或权限提升）表明攻击者正处于‘持久化建立’与‘权限维持’的过渡阶段。攻击者正在精心伪装其恶意进程，使其看起来像合法系统组件，并试图绕过现有的安全控制以确保持续访问。

[已获资产推演]：基于 T1036 和 T1027 的连续执行，攻击者目前很可能已经成功将恶意载荷伪装成系统关键进程（如 SSH 工具、Adobe Reader 或 Windows 搜索服务），并可能已经获得了较高的系统权限（如 SYSTEM 或 Administrator），或者正在尝试利用这些伪装进程来规避 EDR 的启发式检测。攻击者已掌握了对目标系统的‘视觉控制权’，即能够以合法身份运行代码。

[意图图谱映射]：结合 KG Context 中提到的 Darkhotel 和 APT1 利用 T1036.005（伪装成合法资源名）以及 Funny",cat2_rl_correct_global_stays_correct,0.2907238006591797
1201,T1204,T1204,1,3,1,1,8.893404960632324,2.927647590637207,8.893404960632324,7.819568634033203,T1204 (8.89) | T1047 (7.55) | T1547 (7.51),T1547 (3.22) | T1047 (3.13) | T1204 (2.93),T1204 (8.89) | T1047 (7.55) | T1547 (7.51),T1204 (7.82) | T1047 (6.75) | T1547 (6.74),"[战术阶段评估]：Prefix 序列仅包含 T1204（用户执行），且最后一步为 T1204。这表明攻击者刚刚完成了初始访问阶段（Initial Access）中的交付环节，并成功诱骗用户执行了恶意载荷。当前处于从‘初始访问’向‘执行’过渡的关键节点，但尚未进入持久化或横向移动阶段。

[已获资产推演]：基于 T1204 的执行动作，攻击者目前仅获得了目标主机上的‘用户级’执行权限。根据 KG Context 中提到的 RedCurl、Magic Hound 和 RTM 等组织均利用恶意文件或链接进行攻击，攻击者目前掌握的是被诱骗用户会话下的上下文，尚未确认是否已获取系统级权限（SYSTEM/Administrator）或是否已建立持久化机制。资产状态为‘单点、临时、低权限’。

[意图图谱映射]：在成功执行恶意文件后，攻击者的核心逻辑意图通常遵循 ATT&CK 生命周期：1. 确保存活（持久化）；2. 提升权限（权限提升）；3. 收集信息（凭证访问/发现）；4. 建立控制通道（命令与控制）。KG Context 中提到的恶意文件（T1204.002）通常包含后门或下载器，其后续动作极",cat2_rl_correct_global_stays_correct,0.29071712493896484
420,T1210,T1003 || T1003 || T1003 || T1003 || T1087 || T1087 || T1083 || T1135 || T1069 || T1069 || T1012 || T1018 || T1016 || T1033,1,2,1,1,11.521707534790039,6.2256975173950195,11.521707534790039,10.568425178527832,T1210 (11.52) | T1570 (10.87) | T1124 (8.73),T1124 (6.51) | T1210 (6.23) | T1007 (5.54),T1210 (11.52) | T1570 (10.87) | T1124 (8.73),T1210 (10.57) | T1570 (9.76) | T1124 (8.33),"[战术阶段评估]：前缀序列以 T1018 (Remote System Discovery) -> T1016 (System Network Configuration Discovery) -> T1033 (System Owner/User Discovery) 结尾。这表明攻击者已经完成了对目标主机及其网络环境的深度侦察，并正在确认当前会话的权限归属。这属于典型的‘侦察 (Reconnaissance)'阶段向‘初始访问/执行 (Initial Access/Execution)'过渡的节点。攻击者正在收集建立持久化或横向移动所需的关键元数据。

[已获资产推演]：基于 T1003 (Credential Dumping) 和 T1087 (Account Discovery) 的早期出现，攻击者已获取了部分凭证并识别了账户结构。结合最后的 T1016 和 T1033，攻击者现在掌握了：1. 目标主机的网络拓扑和配置细节；2. 当前运行进程的所有者身份及权限级别；3. 潜在的本地或域账户列表。攻击者已具备‘知道谁在运行什么’以及‘网络如何连接’的粗粒度资产视图。

[意图图谱",cat2_rl_correct_global_stays_correct,0.28513336181640625
751,T1590,T1595 || T1595 || T1592 || T1592 || T1589 || T1589 || T1589 || T1590,1,2,1,1,10.917186737060547,4.616901397705078,10.917186737060547,9.783135414123535,T1590 (10.92) | T1591 (9.78) | T1594 (9.01),T1587 (4.90) | T1590 (4.62) | T1583 (4.02),T1590 (10.92) | T1591 (9.78) | T1594 (9.01),T1590 (9.78) | T1591 (8.54) | T1583 (8.08),"[战术阶段评估]：前缀序列以 T1589 (Gather Victim Information) 和 T1590 (Gather Victim Host Information) 结尾。T1589 侧重于收集受害者身份（如邮箱、姓名），T1590 侧重于收集受害者主机信息（如域名、IP、网络拓扑）。最后两步的重复操作（T1589 || T1589 || T1590）表明攻击者正在对目标进行深度的情报收集，处于侦察（Reconnaissance）阶段的末期，旨在为后续的初始访问做准备。

[已获资产推演]：基于前缀，攻击者目前掌握了目标组织的宏观情报，包括关键人员的邮箱地址（T1589.002）以及目标网络的基础设施信息（T1590）。这些是构建社会工程学攻击（如鱼叉式网络钓鱼）和针对性网络攻击的必备要素。攻击者尚未获得任何执行权限或访问凭证，处于“信息收集完成，准备发起攻击”的临界点。

[意图图谱映射]：结合 KG Context，Sandworm、APT32 和 Quad7 等组织在收集到邮箱地址（T1589.002）后，最典型的下一步动作是利用这些信息进行鱼叉式网络钓鱼（Spea",cat2_rl_correct_global_stays_correct,0.2829756736755371
863,T1546,T1059 || T1203 || T1053 || T1053 || T1204 || T1204 || T1204 || T1547 || T1546,1,2,1,1,11.018668174743652,3.182183265686035,11.018668174743652,9.608100891113281,T1546 (11.02) | T1053 (9.22) | T1133 (7.57),T1543 (3.46) | T1546 (3.18) | T1053 (3.02),T1546 (11.02) | T1053 (9.22) | T1133 (7.57),T1546 (9.61) | T1053 (8.10) | T1133 (6.37),"[战术阶段评估]：攻击前缀序列显示攻击者首先通过 T1059 (Command and Scripting Interpreter) 执行了初始载荷，随后利用 T1203 (Exploitation for Client Execution) 和 T1053 (Scheduled Task/Job) 进行初步执行与持久化。序列末尾的 T1204 (User Execution) 和 T1547 (Boot or Logon Autostart Execution) 表明攻击者正在尝试通过用户交互或系统启动项来确保恶意代码在系统重启或用户登录时自动运行。最后两步 T1547 和 T1546 (Modify Registry/Accessibility Features) 明确指向了持久化机制的构建与加固，特别是利用注册表启动项和辅助功能特性（如粘滞键）来绕过登录验证或维持访问。这标志着攻击者已完成初始入侵和基础持久化，正处于‘建立并验证持久化’的战术阶段。

[已获资产推演]：基于前缀，攻击者已经成功在目标系统上执行了代码（T1059），并获得了某种形式的系统访问权限（可能是用户级或系统",cat2_rl_correct_global_stays_correct,0.27951908111572266
733,T1087,T1216 || T1216 || T1550 || T1075 || T1550 || T1078 || T1078 || T1056 || T1056 || T1003 || T1003 || T1552,1,2,1,1,11.561758995056152,6.275503158569336,11.561758995056152,10.610233306884766,T1087 (11.56) | T1083 (9.88) | T1552 (9.45),T1552 (6.55) | T1087 (6.28) | T1003 (6.26),T1087 (11.56) | T1083 (9.88) | T1552 (9.45),T1087 (10.61) | T1552 (8.93) | T1083 (8.24),"[战术阶段评估]：前缀序列以 T1003 (OS Credential Dumping) 重复两次，紧接着是 T1552 (Credentials in Registry) 一次。这表明攻击者刚刚完成了对本地凭据的提取（主要是 LSASS 内存转储），并正在检查或提取注册表中的其他凭据（如密码哈希、加密密钥等）。这标志着攻击者正处于‘凭据访问’战术阶段的收尾，并准备利用这些凭据进行下一步行动。

[已获资产推演]：基于 T1003 和 T1552 的执行，攻击者目前极大概率已经获取了高价值的本地凭据，包括明文密码、NTLM 哈希或 Kerberos 票据。这些凭据是进行横向移动或提升权限的关键资产。攻击者可能已经拥有了本地管理员权限或域用户的高权限凭据。

[意图图谱映射]：在获取凭据后，攻击者的核心意图通常是利用这些凭据扩大攻击面。根据 ATT&CK 逻辑，下一步最自然的动作是利用这些凭据进行‘远程访问’（T1021）以横向移动到内网其他主机，或者进行‘账户操作’（T1078）以创建持久化账户，亦或是进行‘凭证访问’的后续利用（如 T1550 使用凭据）。考虑到前缀中已经出现过 T1",cat2_rl_correct_global_stays_correct,0.27819347381591797
2066,T1048,T1071 || T1071 || T1573 || T1573 || T1571 || T1090 || T1219 || T1219 || T1048,1,3,1,1,11.914323806762695,3.422943115234375,11.914323806762695,10.385875701904297,T1048 (11.91) | T1041 (11.36) | T1102 (10.36),T1041 (3.70) | T1102 (3.61) | T1048 (3.42),T1048 (11.91) | T1041 (11.36) | T1102 (10.36),T1048 (10.39) | T1041 (9.98) | T1102 (9.15),"[战术阶段评估]：前缀序列显示攻击者首先通过 T1071（应用层协议）建立连接，利用 T1573（加密通道）和 T1571（非加密通道）进行隐蔽通信，随后通过 T1090（代理）和 T1219（远程访问工具）进行横向移动或持久化控制。最后两步 T1219 || T1219 || T1048 表明攻击者已经成功利用远程访问工具（如 TeamViewer, AnyDesk 等）建立了稳定的控制通道，并紧接着执行了 T1048（数据窃取）。这标志着攻击者已从‘建立连接’阶段完全过渡到‘数据窃取’阶段，且正在积极利用已获得的远程访问权限进行敏感数据提取。

[已获资产推演]：基于 T1219 的连续执行，攻击者目前掌握了目标系统的‘远程桌面’或‘远程管理’级别的粗粒度资产控制权。这意味着攻击者可以像本地用户一样操作目标系统，查看文件、执行命令、安装软件等。T1048 的执行进一步证实了攻击者已定位到关键数据源并正在利用该权限进行传输。

[意图图谱映射]：结合 KG Context，T1219 常被用于建立 C2 通道或进行横向移动。在 T1048（数据窃取）之后，攻击者的逻辑意图通常包括：1",cat2_rl_correct_global_stays_correct,0.27755045890808105
270,T1543,T1204 || T1047 || T1547 || T1543,1,2,1,1,14.9967622756958,2.7723703384399414,14.9967622756958,12.796371459960938,T1543 (15.00) | T1501 (8.22) | T1574 (7.69),T1112 (3.05) | T1543 (2.77) | T1133 (2.65),T1543 (15.00) | T1501 (8.22) | T1574 (7.69),T1543 (12.80) | T1574 (6.62) | T1133 (6.57),"[战术阶段评估]：攻击前缀序列为 T1204 (用户执行) -> T1047 (WMI) -> T1547 (启动/登录脚本) -> T1543 (创建服务)。最后两步 T1547 和 T1543 明确指向了【持久化 (Persistence)】战术阶段。攻击者已经通过 WMI 进行初步探测或执行，随后利用启动项和服务建立了双重持久化机制，确保在系统重启后仍能维持访问。这标志着初始入侵阶段的结束和稳定控制阶段的开始。

[已获资产推演]：基于 T1543 (创建服务) 的上下文（如 Carbanak 和 WannaCry 案例），攻击者极大概率已经获得了 SYSTEM 级别的权限，或者至少是拥有高权限的服务账户。攻击者目前掌握了一个稳定的、高权限的远程执行通道（通过 WMI 或 RPC 调用服务）。此时，攻击者已具备在目标网络内部进行横向移动或深度渗透的基础设施。

[意图图谱映射]：在建立了稳固的持久化通道后，攻击者的逻辑意图通常转向扩大战果。根据 ATT&CK 图谱的常见路径，下一步最可能的操作是：1. 利用当前高权限进行凭证窃取（Credential Dumping），以获取域内",cat2_rl_correct_global_stays_correct,0.27402734756469727
1728,T1059,T1583 || T1583 || T1588 || T1588 || T1190 || T1078 || T1078 || T1586 || T1059 || T1059,1,3,1,1,10.452449798583984,0.7972331047058105,10.452449798583984,8.714510917663574,T1059 (10.45) | T1203 (6.09) | T1047 (5.36),T1071 (1.06) | T1078 (1.01) | T1059 (0.80),T1059 (10.45) | T1203 (6.09) | T1047 (5.36),T1059 (8.71) | T1203 (4.23) | T1053 (3.56),"[战术阶段评估]：前缀序列显示攻击者经历了资源开发（T1583 资源开发）、漏洞利用（T1588 漏洞利用）、数据投送（T1190 投送）以及凭证获取（T1078 有效账户）。序列末尾的 T1586（发现输入方法/键盘记录器）和 T1059（命令与脚本解释器）表明攻击者已部署了特定的恶意软件（如 njRAT, StarProxy, DarkWatchman 等，根据 KG Context 推断），并正在通过命令行执行具体的恶意载荷，极有可能是为了激活键盘记录器或执行后续的数据窃取脚本。当前处于‘执行’阶段，且正在利用已获取的权限进行具体的恶意操作。

[已获资产推演]：攻击者目前拥有目标系统的本地执行权限（通过 T1059 体现），并且已经成功部署了具备持久化或特定功能（如键盘记录）的恶意软件（T1586 暗示了输入捕获能力）。攻击者已掌握系统控制权，能够运行任意命令。

[意图图谱映射]：基于 KG Context 中提到的恶意软件（njRAT, DarkWatchman 等）通常具备键盘记录、远程控制和数据窃取功能，且前缀中刚执行了 T1586（发现/部署输入捕获）和 T1059（",cat2_rl_correct_global_stays_correct,0.26707029342651367
2078,T1567,T1071 || T1071 || T1573 || T1573 || T1571 || T1090 || T1219 || T1219 || T1048 || T1048 || T1041 || T1567,1,2,1,1,14.395334243774414,4.896207809448242,14.395334243774414,12.685491561889648,T1567 (14.40) | T1486 (12.21) | T1485 (10.75),T1486 (5.16) | T1567 (4.90) | T1485 (4.37),T1567 (14.40) | T1486 (12.21) | T1485 (10.75),T1567 (12.69) | T1486 (10.94) | T1485 (9.60),"[战术阶段评估]：前缀序列以 T1048 (Exfiltration Over Alternative Protocol) 和 T1041 (Exfiltration Over Web Service) 为核心，紧接着是 T1567 (Exfiltration Over Web Service)。这表明攻击者已经完成了数据收集阶段，并正在积极执行数据外传操作。T1048 和 T1041 通常涉及将数据封装在 HTTP/HTTPS 流量中，利用邮件或云存储协议（如 KG 中提到的 PowerExchange 和 SharePoint 场景）绕过检测。T1567 是更广泛的 Web Service 外传父技术，涵盖了 T1041 等子技术。当前处于攻击生命周期的 'Exfiltration'（数据窃取）阶段，且处于该阶段的中后期，即数据正在被大量或关键地移出网络。

[已获资产推演]：基于 T1048/T1041/T1567 的连续执行，攻击者已经成功获取了高价值数据（如凭证、内部文档、敏感文件），并建立了稳定的 C2 通道（如邮件通道、OneDrive 等云存储通道）。攻击者目前掌握的是",cat2_rl_correct_global_stays_correct,0.26160335540771484
986,T1204,T1059 || T1059 || T1059 || T1106 || T1053 || T1053 || T1053 || T1569 || T1569 || T1204 || T1204,1,2,1,1,9.205045700073242,6.010666370391846,9.205045700073242,8.630057334899902,T1204 (9.21) | T1047 (8.56) | T1547 (8.10),T1547 (6.27) | T1204 (6.01) | T1047 (5.73),T1204 (9.21) | T1047 (8.56) | T1547 (8.10),T1204 (8.63) | T1047 (8.05) | T1547 (7.77),"[战术阶段评估]：前缀序列以 T1204 (Malicious Content) 结尾，且连续两次出现。T1204 通常代表攻击者利用恶意文件（如文档、压缩包）或链接诱导用户交互。结合 KG Context 中提到的 RedCurl、Magic Hound 和 RTM 均使用恶意文件/链接进行初始访问，当前序列明确处于‘初始访问’或‘利用用户交互’阶段。T1059 (Command and Scripting Interpreter) 和 T1053 (Scheduled Task) 的早期出现表明攻击者可能已经通过某种方式（如宏、脚本）在本地执行了命令，或者正在尝试建立持久化机制，但序列末尾的 T1204 暗示攻击者可能正在尝试通过新的恶意载荷（Payload）来绕过防御或执行新的操作，或者之前的执行尝试未成功，正在重新尝试利用。然而，更合理的解释是：攻击者已经通过 T1059/T1053 建立了初步的执行环境，现在通过 T1204 投递了新的恶意文件（Payload），等待用户交互或自动触发。

[已获资产推演]：基于 T1059 和 T1053 的存在，攻击者已经获得了在目标系统",cat2_rl_correct_global_stays_correct,0.2586708068847656
241,T1053,T1133 || T1078 || T1059 || T1059 || T1053 || T1053 || T1547 || T1133,1,2,1,1,10.053483009338379,5.075132846832275,10.053483009338379,9.157380104064941,T1053 (10.05) | T1112 (8.11) | T1137 (7.38),T1574 (5.31) | T1053 (5.08) | T1543 (5.05),T1053 (10.05) | T1112 (8.11) | T1137 (7.38),T1053 (9.16) | T1112 (7.04) | T1574 (6.99),"[战术阶段评估]：前缀序列以 T1053 (Command and Scripting Interpreter: Scheduled Task/Job) 和 T1547 (Boot or Logon Autostart Execution) 结尾，随后紧跟 T1133 (External Remote Services)。T1053 和 T1547 是典型的持久化技术，表明攻击者已经成功将恶意载荷注册为系统启动项或定时任务。序列末尾的 T1133 暗示攻击者可能正在尝试通过远程服务（如 RDP、SSH 或特定管理端口）进行连接，或者是在验证持久化后的远程可达性。整体处于从‘建立持久化’向‘维持访问/横向移动’过渡的阶段。

[已获资产推演]：基于 T1053 和 T1547 的执行，攻击者目前掌握了目标系统的**本地持久化权限**（Local Persistence）。这意味着即使系统重启，恶意代码也能自动运行。T1133 的出现表明攻击者可能已经获取了远程访问通道，或者正在尝试利用已建立的持久化机制来维持远程会话的稳定性。攻击者目前拥有的是受控的、具有自动执行能力的系统访问权。

[",cat2_rl_correct_global_stays_correct,0.23375177383422852
411,T1069,T1003 || T1003 || T1003 || T1003 || T1087 || T1087 || T1083 || T1135,1,2,1,1,12.143362045288086,4.016646385192871,12.143362045288086,10.680553436279297,T1069 (12.14) | T1057 (10.33) | T1012 (9.74),T1057 (4.25) | T1069 (4.02) | T1012 (3.21),T1069 (12.14) | T1057 (10.33) | T1012 (9.74),T1069 (10.68) | T1057 (9.24) | T1012 (8.56),"[战术阶段评估]：前缀序列以 T1087 (Account Discovery) 和 T1083 (File and Directory Discovery) 结尾，随后紧跟 T1135 (Network Share Discovery)。这表明攻击者正处于‘侦察与资产梳理’阶段。T1087 用于收集本地账户信息，T1083 用于了解文件系统结构，而 T1135 则专门用于发现网络共享资源。这是一个典型的从本地资产向网络资产扩展的侦察路径。

[已获资产推演]：基于 T1087 和 T1083，攻击者目前掌握了受害主机的本地账户列表（如管理员、服务账户）以及关键目录结构。结合 T1135 的意图，攻击者正在寻找可访问的网络共享路径，目的是寻找存储敏感数据（如文档、备份）或可执行文件（如脚本、配置）的远程位置。

[意图图谱映射]：在发现网络共享（T1135）后，攻击者的逻辑下一步必然是利用已发现的共享路径进行‘数据窃取’或‘横向移动’。KG Context 中提到 HotCroissant 利用 T1083 检索文件列表，这暗示了攻击者倾向于在发现文件后直接进行读取或复制。因此，预测的",cat2_rl_correct_global_stays_correct,0.23204898834228516
2016,T1585,T1587 || T1587,1,2,1,1,11.207119941711426,2.149858236312866,11.207119941711426,9.576812744140625,T1585 (11.21) | T1588 (10.76) | T1587 (9.60),T1586 (2.38) | T1585 (2.15) | T1588 (1.48),T1585 (11.21) | T1588 (10.76) | T1587 (9.60),T1585 (9.58) | T1588 (9.09) | T1587 (7.84),"[战术阶段评估]：前缀序列显示攻击者连续两次执行了 T1587（收集漏洞信息）。在 ATT&CK 战术中，这属于‘侦察（Reconnaissance）’阶段。连续重复该动作通常意味着攻击者正在针对特定目标环境进行深度的漏洞扫描、指纹识别，或者在确认特定漏洞（如 Fortinet/VMware 相关漏洞）的存在性后，正在收集更多细节以构建攻击载荷。当前阶段尚未进入‘武器化’或‘利用’，仍处于信息收集的准备期。

[已获资产推演]：基于 T1587 的重复执行，攻击者目前尚未获得任何系统访问权限或执行代码。他们掌握的‘资产’仅限于目标网络或系统的宏观信息，特别是关于特定软件（如 Fortinet 防火墙、VMware 虚拟化平台）的已知漏洞列表、版本指纹以及潜在的利用路径。他们尚未建立持久化通道或横向移动能力。

[意图图谱映射]：结合 KG Context，上下文明确指向了针对 Fortinet 和 VMware 系统的定制恶意软件部署（T1587.001 子技术）。攻击者收集漏洞信息的直接逻辑终点是‘利用’这些漏洞。因此，下一步最自然的逻辑动作是进入‘初始访问’或‘执行’阶段，利用刚刚",cat2_rl_correct_global_stays_correct,0.23045849800109863
470,T1213,T1560 || T1560 || T1119 || T1213,1,2,1,1,13.141983985900879,9.039331436157227,13.141983985900879,12.4035062789917,T1213 (13.14) | T1005 (9.77) | T1593 (9.16),T1005 (9.25) | T1213 (9.04) | T1074 (6.29),T1213 (13.14) | T1005 (9.77) | T1593 (9.16),T1213 (12.40) | T1005 (9.68) | T1593 (8.50),"[战术阶段评估]：前缀序列 T1560 (Archive via Utility) 重复出现，随后紧跟 T1119 (Automated Exfiltration) 和 T1213 (Data from Information Repositories)。这表明攻击者已经完成了数据的收集、压缩打包（T1560），并可能正在尝试通过自动化手段将数据从本地存储或临时位置传输出去（T1119），或者正在从特定的信息存储库（如数据库、文件系统）中提取数据（T1213）。最后两步 T1119 || T1213 显示攻击者正处于数据准备与初步外传的关键过渡期，T1213 作为数据源访问，往往紧随在数据压缩之后，意味着攻击者正在确认或获取最终待外传的数据块。

[已获资产推演]：基于 T1560 的多次执行，攻击者已经掌握了经过压缩打包的敏感数据资产（可能是文档、日志或配置信息）。T1119 暗示攻击者已经配置了自动化的传输机制或脚本，具备将数据从受控端点向外发送的能力。此时，攻击者拥有的是‘待外传的数据包’和‘传输通道’，但尚未完成最终的大规模数据离开网络的动作。

[意图图谱映射]：结合 KG ",cat2_rl_correct_global_stays_correct,0.2134075164794922
1906,T1048,T1087 || T1482 || T1033 || T1570 || T1021 || T1021 || T1021 || T1074 || T1074 || T1056 || T1105 || T1219 || T1219 || T1048,1,2,1,1,12.825496673583984,3.521796226501465,12.825496673583984,11.150830268859863,T1048 (12.83) | T1041 (11.92) | T1567 (10.18),T1567 (3.73) | T1048 (3.52) | T1071 (3.30),T1048 (12.83) | T1041 (11.92) | T1567 (10.18),T1048 (11.15) | T1041 (10.12) | T1567 (9.02),"[战术阶段评估]：前缀序列显示攻击者已完成侦察（T1087, T1482, T1033）、初始访问与持久化建立（T1021 多次出现，表明 RDP 连接已稳固）、数据收集与本地数据操作（T1074 数据加密/删除，T1056 凭据窃取）。最后两步 T1219（远程访问工具）和 T1048（数据窃取/外传）表明攻击者正利用 RAT 进行活跃的数据外传操作。当前处于‘数据外传’（Exfiltration）阶段，且可能伴随‘数据破坏’或‘勒索’准备。[已获资产推演]：攻击者已掌握目标系统的完全控制权（通过 T1021 RDP 和 T1219 RAT），并已成功窃取或准备窃取敏感数据（T1048）。攻击者目前处于‘数据操作’的高权限状态，能够直接访问文件系统并发起网络传输。[意图图谱映射]：结合 KG Context，T1219 常被用于建立隐蔽的 C2 通道或作为数据外传的直接载体（如 Evilnum, TeamTNT, INC Ransom 案例）。在 T1048 之后，攻击者极可能继续利用该通道进行更大规模的数据外传（T1041），或者为了掩盖痕迹/破坏系统而执行数据破坏（T1485 数",cat2_rl_correct_global_stays_correct,0.21080231666564941
1383,T1046,T1222 || T1222 || T1562 || T1562 || T1562 || T1070 || T1070 || T1070 || T1036 || T1036 || T1027 || T1027 || T1014 || T1552 || T1552 || T1552 || T1613 || T1083 || T1680,1,2,1,1,10.975297927856445,2.3814074993133545,10.975297927856445,9.428398132324219,T1046 (10.98) | T1057 (8.99) | T1680 (8.42),T1082 (2.59) | T1046 (2.38) | T1057 (2.28),T1046 (10.98) | T1057 (8.99) | T1680 (8.42),T1046 (9.43) | T1057 (7.79) | T1680 (7.20),"[战术阶段评估]：前缀序列显示攻击者经历了完整的初始访问后处理阶段。T1222 (File and Directory Discovery) 和 T1562 (Impair Defenses) 表明攻击者正在清理痕迹并确认环境。T1070 (Indicator Removal) 和 T1036 (Masquerading) 是典型的反取证和伪装操作。T1027 (Obfuscated Files) 和 T1014 (Rootkit) 进一步确认了持久化和隐蔽的意图。T1552 (Credentials) 表明攻击者正在收集凭据。最后两步 T1613 (System Information Discovery) 和 T1083 (File and Directory Discovery) 结合 T1680 (Local Storage Discovery) 显示攻击者正在深入侦察本地存储结构、卷信息和文件系统布局。这标志着攻击者已从‘生存与隐蔽’阶段过渡到‘深度侦察与数据定位’阶段，为数据窃取做准备。

[已获资产推演]：基于 T1552 和 T1014，攻击者目前拥有较高的系统权限（可",cat2_rl_correct_global_stays_correct,0.20660996437072754
856,T1560,T1070 || T1070 || T1112 || T1027 || T1027 || T1055 || T1055 || T1078 || T1003 || T1003 || T1482 || T1018 || T1518 || T1082 || T1016 || T1016 || T1033 || T1021 || T1021,1,2,1,1,8.364836692810059,7.466610431671143,8.364836692810059,8.203156471252441,T1560 (8.36) | T1550 (7.10) | T1021 (6.88),T1021 (7.67) | T1560 (7.47) | T1074 (4.59),T1560 (8.36) | T1550 (7.10) | T1021 (6.88),T1560 (8.20) | T1021 (7.02) | T1550 (6.58),"[战术阶段评估]：前缀序列以 T1033 (System Owner/User Discovery) 和 T1021 (Remote Services) 结尾。T1033 表明攻击者刚刚完成了对目标系统用户身份和权限的确认，而 T1021 的重复出现（特别是结合 KG Context 中提到的 RDP/WMI/SSH）表明攻击者正在积极利用远程服务接口进行横向移动或建立持久连接。这标志着攻击者已从‘侦察/发现’阶段完全过渡到‘横向移动’阶段，并正在尝试扩大控制范围。

[已获资产推演]：基于 T1070 (清除痕迹)、T1055 (进程注入)、T1003 (凭证转储) 和 T1078 (有效账户) 的前序操作，攻击者已经获取了本地管理员或高权限账户的凭证，并成功在目标主机上建立了执行环境。T1033 确认了当前会话的上下文，T1021 确认了攻击者已具备通过远程协议（如 RDP, WinRM, SSH）访问其他主机的能力。攻击者目前掌握的是‘已认证的远程访问通道’和‘目标网络内的部分主机控制权’。

[意图图谱映射]：KG Context 明确指出 Magic Hound 和 FIN1",cat2_rl_correct_global_stays_correct,0.2048048973083496
852,T1204,T1059 || T1203 || T1053 || T1053 || T1204 || T1204,1,2,1,1,8.065201759338379,5.235762596130371,8.065201759338379,7.555902481079102,T1204 (8.07) | T1547 (7.97) | T1047 (7.77),T1547 (5.44) | T1204 (5.24) | T1053 (4.52),T1204 (8.07) | T1547 (7.97) | T1047 (7.77),T1204 (7.56) | T1547 (7.51) | T1047 (7.07),"[战术阶段评估]：前缀序列以 T1053 (Scheduled Task/Job) 和 T1204 (User Execution) 结尾。T1204 代表攻击者利用社会工程学诱骗用户执行恶意载荷（如打开附件或点击链接），而紧随其后的 T1053 表明攻击者已成功利用该载荷在目标系统上创建了持久化机制（计划任务）。这标志着攻击者已经完成了初始访问（Initial Access）和持久化（Persistence）阶段，并成功建立了立足点。

[已获资产推演]：基于 T1204 和 T1053 的组合，攻击者目前掌握了目标系统的用户级或系统级执行权限。他们能够控制系统的调度器，确保恶意代码在系统重启或特定时间后自动运行。此时，攻击者通常已经获取了初始的恶意载荷（如 RedCurl 或 RTM 相关的木马），但尚未进行深度的横向移动或数据窃取。

[意图图谱映射]：结合 KG Context，RedCurl、Magic Hound 和 RTM 等组织均依赖恶意文件/链接作为初始入口。一旦初始执行和持久化完成，攻击者的标准战术路径是提升权限（Privilege Escalation）以获取更高",cat2_rl_correct_global_stays_correct,0.20414113998413086
2046,T1562,T1546 || T1546 || T1547 || T1060 || T1547 || T1543 || T1543 || T1546 || T1546 || T1480 || T1562,1,2,1,1,11.347492218017578,5.033536434173584,11.347492218017578,10.210979461669922,T1562 (11.35) | T1070 (8.97) | T1656 (7.59),T1070 (5.24) | T1562 (5.03) | T1036 (4.88),T1562 (11.35) | T1070 (8.97) | T1656 (7.59),T1562 (10.21) | T1070 (8.30) | T1656 (6.73),"[战术阶段评估]：前缀序列以 T1546 (Event Triggered Execution) 和 T1480 (Indicator Blocking) 结尾，最后一步是 T1562 (Defensive Evasion)。T1480 和 T1562 的组合表明攻击者正在积极清除或抑制系统层面的防御机制（如错误报告、防火墙规则），这是典型的‘清理现场’或‘确保持久性不被干扰’的阶段。T1546 的重复出现说明攻击者正在反复尝试建立或加固持久化机制。整体处于‘防御规避与持久化巩固’的战术阶段。

[已获资产推演]：攻击者已经成功执行了多次持久化操作（T1546, T1547, T1543），并成功修改了系统配置（T1060, T1480, T1562）。这意味着攻击者目前拥有较高的系统权限（通常是 SYSTEM 或高权限用户），并且已经成功绕过了部分基础防御（防火墙、错误报告）。此时，攻击者已具备在目标主机上执行任意代码、访问敏感数据或进行横向移动的基础环境。

[意图图谱映射]：在成功规避防御（T1562）并清除痕迹（T1480）后，攻击者的逻辑意图通常转向‘利用’已建立的权限。根据",cat2_rl_correct_global_stays_correct,0.2037792205810547
99,T1560,T1069 || T1057 || T1012 || T1018 || T1518 || T1082 || T1016 || T1016 || T1049 || T1007 || T1124 || T1570 || T1021 || T1021,1,2,1,1,9.708684921264648,7.118934631347656,9.708684921264648,9.24252986907959,T1560 (9.71) | T1550 (9.20) | T1072 (8.30),T1550 (7.32) | T1560 (7.12) | T1021 (6.26),T1560 (9.71) | T1550 (9.20) | T1072 (8.30),T1560 (9.24) | T1550 (8.86) | T1072 (7.81),"[战术阶段评估]：前缀序列以 T1570 (Lateral Tool Transfer) 和 T1021 (Remote Services) 结尾，且 T1021 连续出现两次。这表明攻击者刚刚完成了将攻击工具（Payload/Tools）传输到目标主机，并正在通过远程服务（如 RDP 或 WinRM）建立连接以执行这些工具。这标志着从‘初始访问/执行’阶段向‘横向移动’阶段的深度过渡，攻击者正在尝试在受控的远程会话中运行恶意负载。

[已获资产推演]：基于 T1069 (Permissions Discovery) 和 T1012 (Query Registry) 等前置步骤，攻击者已对目标系统进行了初步的权限和配置侦察。T1570 和 T1021 的连续使用暗示攻击者已经成功获取了至少一个远程会话的访问权限（可能是通过 T1021.001 RDP 或 T1021.006 WinRM），并正在利用该会话进行工具部署。此时，攻击者拥有的是‘远程执行能力’，但尚未确认该会话是否具备持久化或高权限（如 SYSTEM）。

[意图图谱映射]：根据 KG Context，FIN13 和 Sto",cat2_rl_correct_global_stays_correct,0.20119142532348633
1095,T1140,T1559 || T1106 || T1204 || T1204 || T1204 || T1112 || T1078 || T1078 || T1055 || T1055 || T1078 || T1078,1,3,1,1,8.329015731811523,2.9324264526367188,8.329015731811523,7.357629776000977,T1140 (8.33) | T1211 (6.74) | T1134 (6.39),T1078 (3.13) | T1211 (3.09) | T1140 (2.93),T1140 (8.33) | T1211 (6.74) | T1134 (6.39),T1140 (7.36) | T1211 (6.09) | T1134 (5.49),"[战术阶段评估]：前缀序列以 T1055 (Process Injection) 和 T1078 (Valid Accounts) 的交替重复结束。T1055 通常用于在合法进程中隐藏恶意负载或提升权限，而 T1078 代表攻击者正在利用已获取的凭证（特别是上下文提示的域账户或本地管理员）进行登录或维持访问。最后两步的 T1055 || T1078 表明攻击者刚刚完成了一次基于特定账户的进程注入或持久化操作，并可能正在验证该账户的权限或准备利用该账户进行下一步行动。整体处于‘执行’与‘防御规避’交织的横向移动准备阶段。

[已获资产推演]：基于 KG Context 中提到的 'Cobalt Strike uses Domain Accounts' 和 'FIN10 uses Local Administrator'，结合 T1078 的重复出现，攻击者目前极大概率已经掌握了具有较高权限的域账户（Domain Admin 或类似特权账户）或本地管理员账户。T1055 的介入暗示攻击者正在尝试在受信任的进程上下文中运行代码，以绕过基于进程名的检测，同时利用 T1078 的权限进行系统交互",cat2_rl_correct_global_stays_correct,0.19609379768371582
689,T1078,T1053 || T1053 || T1505 || T1505,1,2,1,1,9.399540901184082,5.099583625793457,9.399540901184082,8.625548362731934,T1078 (9.40) | T1176 (7.34) | T1548 (7.00),T1505 (5.28) | T1078 (5.10) | T1176 (3.45),T1078 (9.40) | T1176 (7.34) | T1548 (7.00),T1078 (8.63) | T1176 (6.64) | T1548 (5.60),"[战术阶段评估]：前缀序列以 T1053 (Scheduled Task/Job) 开始，随后连续两次 T1505 (Server Software Component)。T1053 通常用于初始执行或持久化，而 T1505 明确指向 Web Shell 的部署。序列末尾的 T1505 || T1505 表明攻击者刚刚成功在目标 Web 服务器上部署了 Web Shell（如 Dragonfly, reGeorg 等），并可能进行了二次确认或配置。这标志着攻击者已从“初始访问/执行”阶段成功跨越到“持久化/控制”阶段，且控制点位于 Web 服务器层。

[已获资产推演]：基于 T1505 的完成，攻击者目前掌握了 Web 服务器的控制权。这种权限通常允许攻击者执行任意命令（Command and Control）、读取敏感配置文件、访问数据库连接字符串，或者利用 Web 服务器作为跳板进行内网横向移动。攻击者此时拥有的是“应用层”或“Web 服务层”的权限，而非直接的系统级管理员权限（除非 Web 服务以高权限运行）。

[意图图谱映射]：结合 KG Context 中提到的 Drag",cat2_rl_correct_global_stays_correct,0.18441247940063477
424,T1053,T1547 || T1053,1,2,1,1,14.043600082397461,5.897739410400391,14.043600082397461,12.57734489440918,T1053 (14.04) | T1547 (8.38) | T1140 (7.43),T1547 (6.07) | T1053 (5.90) | T1060 (5.00),T1053 (14.04) | T1547 (8.38) | T1140 (7.43),T1053 (12.58) | T1547 (7.97) | T1140 (6.64),"[战术阶段评估]：前缀序列 T1547 (Persistence: Registry Run Keys / Startup Folder) 和 T1053 (Persistence: Scheduled Tasks) 均属于 ATT&CK 战术中的 'Persistence' (持久化) 阶段。攻击者刚刚完成了通过注册表启动项和计划任务建立双重持久化机制的操作。这通常发生在初始访问成功并执行了恶意载荷之后，旨在确保恶意软件在系统重启或用户注销后仍能自动运行。

[已获资产推演]：基于这两个技术，攻击者目前掌握了目标系统的 'System' 或 'User' 级别的执行权限，并且已经成功将恶意代码（如 Pikabot, Lucifer, 或 Saint Bot 等）注册为系统服务或计划任务。攻击者目前拥有的是 '驻留' 能力，但尚未展示明显的 'Lateral Movement' (横向移动) 或 'Privilege Escalation' (权限提升) 行为，除非初始访问本身已包含这些步骤。当前的资产状态是：已建立持久化入口，等待触发执行。

[意图图谱映射]：在建立持久化后，攻击者",cat2_rl_correct_global_stays_correct,0.17400693893432617
185,T1573,T1213 || T1593 || T1005 || T1074 || T1074 || T1114 || T1114 || T1071 || T1071 || T1001 || T1027 || T1568,1,3,1,1,11.606507301330566,3.182021379470825,11.606507301330566,10.090099334716797,T1573 (11.61) | T1568 (11.11) | T1001 (10.40),T1105 (3.35) | T1001 (3.22) | T1573 (3.18),T1573 (11.61) | T1568 (11.11) | T1001 (10.40),T1573 (10.09) | T1568 (9.58) | T1001 (9.11),"[战术阶段评估]：前缀序列显示攻击者经历了数据收集（T1005）、数据操作（T1074 数据移动/重命名）、数据加密（T1114 远程数据加密）以及网络通信（T1071 应用层协议）。最后两步 T1001（输入收集）和 T1027（软件打包/混淆）结合 T1568（动态资源）表明，攻击者正在对恶意载荷进行二次加工或准备新的通信通道。T1027 通常用于规避检测，而 T1568 暗示了动态生成或下载资源。这标志着攻击者可能正在从‘数据窃取/加密’阶段转向‘持久化’或‘横向移动’的载荷分发阶段，或者正在准备用于后续攻击的加密/混淆通信隧道。

[已获资产推演]：基于 T1074 和 T1114 的执行，攻击者已经成功在目标系统上执行了恶意代码，并可能已经获取了敏感数据（文件）或控制了部分系统权限。T1001 和 T1027 的连续出现暗示攻击者正在本地构建或修改工具，或者正在准备将新的载荷（可能是经过打包的）部署到系统中。此时攻击者拥有的是‘已执行环境’和‘本地构建/修改能力’。

[意图图谱映射]：结合 KG Context，T1027（软件打包）常与 Machete、GALLIUM 等",cat2_rl_correct_global_stays_correct,0.1664440631866455
1849,T1078,T1059 || T1203 || T1133 || T1505 || T1505 || T1078 || T1078,1,2,1,1,8.789785385131836,4.953540325164795,8.789785385131836,8.099261283874512,T1078 (8.79) | T1134 (6.40) | T1586 (6.09),T1586 (5.12) | T1078 (4.95) | T1547 (2.17),T1078 (8.79) | T1134 (6.40) | T1586 (6.09),T1078 (8.10) | T1586 (5.92) | T1134 (5.64),"[战术阶段评估]：前缀序列显示攻击者经历了初始执行 (T1059)、利用漏洞 (T1203)、持久化 (T1133)、服务注册 (T1505) 以及账户访问 (T1078)。最后两步重复了 T1078 (Valid Accounts)，结合 KG Context 中关于 Turla 和 FIN7 滥用本地账户或域账户的上下文，表明攻击者正处于‘账户建立与验证’阶段，且极可能刚刚成功获取了高权限的本地或域账户凭证，并正在尝试利用这些凭证进行横向移动或权限维持。T1505 的重复出现暗示攻击者可能在配置服务以确保持久化，随后立即验证了这些服务的运行或账户的可用性。

[已获资产推演]：基于 T1078 的重复执行及 KG 上下文，攻击者目前掌握了至少一个有效的本地账户（T1078.003）或域账户（T1078.002）。考虑到 T1133 (Remote Services) 和 T1505 (Server Software Component) 的存在，攻击者很可能已经控制了某个关键服务或服务器，并拥有了该服务器上的本地管理员权限，或者是一个具有域访问权限的账户。资产级别为‘已验证的本地/",cat2_rl_correct_global_stays_correct,0.16610479354858398
756,T1586,T1595 || T1595 || T1592 || T1592 || T1589 || T1589 || T1589 || T1590 || T1590 || T1591 || T1591 || T1598 || T1192 || T1583 || T1583 || T1583 || T1586,1,2,1,1,11.482112884521484,4.974911212921143,11.482112884521484,10.310816764831543,T1586 (11.48) | T1584 (7.37) | T1111 (6.10),T1584 (5.13) | T1586 (4.97) | T1585 (4.62),T1586 (11.48) | T1584 (7.37) | T1111 (6.10),T1586 (10.31) | T1584 (6.97) | T1583 (4.72),"[战术阶段评估]：前缀序列以 T1583 (Compromise Infrastructure) 和 T1586 (Compromise Accounts) 结尾。T1583 的重复出现表明攻击者正在积极构建或验证其基础设施（如注册域名、托管恶意软件），而 T1586 的出现标志着攻击重心从基础设施转向了身份凭证的获取。结合 KG Context 中提到的 ZIRCONIUM 和 Winnti 利用 GitHub 和域名进行 C2 及钓鱼活动，当前阶段处于‘基础设施构建完成，准备利用身份凭证进行初始访问或横向移动’的临界点。

[已获资产推演]：攻击者目前掌握了：1. 可控的恶意基础设施（域名、GitHub 仓库、C2 节点）；2. 针对特定目标的账户凭证（通过 T1586 暗示已获取或正在获取）。此时，攻击者尚未建立稳定的持久化通道或进行大规模横向移动，但已具备发起针对性攻击的‘弹药’（恶意载荷）和‘钥匙’（凭证）。

[意图图谱映射]：基于 T1586（获取账户）和 T1583（基础设施）的组合，攻击者的下一步逻辑必然是利用这些新获取的资产发起实际攻击。KG Context 明确指",cat2_rl_correct_global_stays_correct,0.15739965438842773
649,T1033,T1049,1,2,1,1,12.380666732788086,6.248403072357178,12.380666732788086,11.276859283447266,T1033 (12.38) | T1007 (11.21) | T1124 (8.74),T1007 (6.40) | T1033 (6.25) | T1082 (4.22),T1033 (12.38) | T1007 (11.21) | T1124 (8.74),T1033 (11.28) | T1007 (10.34) | T1210 (7.38),"[战术阶段评估]：前缀序列仅包含 T1049 (System Network Connections Discovery)。这是侦察阶段（Reconnaissance）中的系统发现技术。攻击者刚刚完成了对目标网络活跃连接、端口和协议状态的初步扫描。由于序列较短且仅停留在发现阶段，攻击者尚未进入执行、持久化或横向移动阶段。

[已获资产推演]：基于 T1049 的执行，攻击者目前掌握了目标主机上正在运行的网络服务、开放的端口、远程桌面会话状态以及潜在的活跃连接目标（IP/主机名）。这属于‘网络拓扑与活跃服务’级别的粗粒度资产信息，但尚未获取具体的凭证、文件系统权限或控制其他主机。

[意图图谱映射]：在 ATT&CK 逻辑中，发现网络连接（T1049）通常是为了识别高价值目标（如数据库服务器、域控制器、RDP 会话）或寻找未加密的通信通道。根据 KG Context 中提到的恶意软件（如 RedLeaves, Volgmer）利用此技术进行枚举，下一步最自然的逻辑是：
1. 利用发现的连接信息，尝试建立新的连接（T1021 远程服务）。
2. 针对发现的特定服务进行凭证窃取（T1003 ",cat2_rl_correct_global_stays_correct,0.1499919891357422
412,T1018,T1003 || T1003 || T1003 || T1003 || T1087 || T1087 || T1083 || T1135 || T1069 || T1069 || T1012,1,2,1,1,14.607017517089844,3.495157241821289,14.607017517089844,12.60688304901123,T1018 (14.61) | T1057 (9.34) | T1082 (9.34),T1069 (3.63) | T1018 (3.50) | T1057 (3.13),T1018 (14.61) | T1057 (9.34) | T1082 (9.34),T1018 (12.61) | T1057 (8.22) | T1082 (8.07),"[战术阶段评估]：前缀序列以 T1069 (Permission Groups Discovery) 重复两次，紧接着是 T1012 (Query Registry)。这表明攻击者刚刚完成了对目标系统权限组（特别是域组）的广泛侦察，并正在通过注册表查询来验证或细化特定账户的权限属性。这属于典型的‘侦察与权限提升准备’阶段，而非单纯的初始访问或执行阶段。

[已获资产推演]：攻击者已经成功获取了域组信息（T1069），结合 KG 上下文提到的 BlackCat 和 Volt Typhoon 等组织利用此技术判断域管理员权限，攻击者极大概率已经识别出具有域管理员（Domain Admin）或高权限组（如 Enterprise Admins）的账户。T1012 的查询可能是在确认这些高权限账户的本地配置或组策略设置。

[意图图谱映射]：在确认了高权限组（如域管）的存在后，攻击者的核心意图通常是利用这些凭证进行横向移动或权限提升。根据 ATT&CK 逻辑，发现高权限组后，下一步最自然的动作是：1) 利用这些组进行横向移动（T1021）；2) 利用组策略进行权限提升或持久化（T1098, T1",cat2_rl_correct_global_stays_correct,0.1376204490661621
1812,T1053,T1589 || T1589 || T1591 || T1598 || T1192 || T1583 || T1583 || T1587 || T1587 || T1585 || T1608 || T1608 || T1566 || T1566 || T1195 || T1195 || T1053,1,2,1,1,12.754128456115723,6.018860816955566,12.754128456115723,11.541780471801758,T1053 (12.75) | T1078 (6.95) | T1204 (5.32),T1505 (6.15) | T1053 (6.02) | T1204 (5.75),T1053 (12.75) | T1078 (6.95) | T1204 (5.32),T1053 (11.54) | T1078 (6.45) | T1204 (5.39),"[战术阶段评估]：前缀序列以 T1195 (Compromise Software Supply Chain) 重复两次开始，表明攻击者利用供应链攻击作为初始入侵向量。随后经历了 T1195 -> T1053 的序列。T1053 (Schedule Task/Job) 是典型的持久化技术。结合 KG Context 中提到的 'SUNSPOT' 和 'SolarWinds' 案例，攻击者通过供应链植入后门后，首要任务通常是建立持久化机制以确保在系统重启或环境变化后仍能保持访问权限。因此，当前战术阶段处于 'Initial Access' 向 'Persistence' 过渡并刚刚完成持久化建立的阶段。

[已获资产推演]：基于 T1195 和 T1053 的执行，攻击者已经成功获取了目标环境的初始访问权限（Initial Access），并成功在目标系统上部署了持久化机制（Persistence）。这意味着攻击者目前拥有在目标系统上执行代码的能力，且该能力具有持久性。此时，攻击者尚未进行明显的横向移动（Lateral Movement）或数据窃取（Exfiltration），处于‘立足",cat2_rl_correct_global_stays_correct,0.1350545883178711
841,T1018,T1070 || T1070 || T1112 || T1027 || T1027 || T1055 || T1055 || T1078 || T1003 || T1003 || T1482,1,2,1,1,14.043654441833496,2.4611284732818604,14.043654441833496,11.958799362182617,T1018 (14.04) | T1135 (9.70) | T1057 (9.68),T1570 (2.60) | T1018 (2.46) | T1021 (2.32),T1018 (14.04) | T1135 (9.70) | T1057 (9.68),T1018 (11.96) | T1057 (8.19) | T1135 (7.53),"[战术阶段评估]：前缀序列以 T1003 (OS Credential Dumping) 两次，紧接着 T1482 (Discovery: Domain Trusts) 结束。T1003 标志着攻击者已经完成了本地凭证的获取阶段，通常意味着他们试图获取高权限账户（如 Domain Admin）的哈希或明文。随后的 T1482 是一个关键的侦察步骤，专门用于探测域信任关系。这表明攻击者不再满足于单点突破，而是正在评估横向移动的范围，特别是跨域或跨林的可能性。

[已获资产推演]：基于 T1003 的连续执行，攻击者目前极大概率已经掌握了域内关键账户的凭证（如 Administrator 或 Domain Admin 的 NTLM 哈希）。结合 T1482 的侦察结果，攻击者已经确认了域信任的存在（例如，信任域 A 可以访问域 B）。此时，攻击者手中的“资产”是：本地/域内高权限凭证 + 已知的域信任路径。

[意图图谱映射]：在获取凭证并确认域信任后，攻击者的核心意图是进行横向移动（Lateral Movement）以利用这些信任关系。T1482 是 T1021 (Remote Serv",cat2_rl_correct_global_stays_correct,0.13387227058410645
1014,T1056,T1056,1,2,1,1,9.504144668579102,6.129106521606445,9.504144668579102,8.896637916564941,T1056 (9.50) | T1003 (7.77) | T1083 (7.39),T1003 (6.25) | T1056 (6.13) | T1113 (4.32),T1056 (9.50) | T1003 (7.77) | T1083 (7.39),T1056 (8.90) | T1003 (7.50) | T1083 (6.44),"[战术阶段评估]：前缀序列仅包含 T1056（凭证访问：输入捕获），且最后两步均为 T1056。这表明攻击者当前处于‘凭证收集’阶段，且正在利用恶意软件（如 gh0st RAT、APT3 等）的键盘记录功能持续捕获用户输入。攻击尚未进入凭证利用或横向移动阶段，而是专注于数据窃取。

[已获资产推演]：基于 T1056 的执行，攻击者目前尚未直接获得明文凭证或系统控制权（除非结合其他未列出的技术），但已掌握了‘潜在的凭证流’。攻击者正在等待用户输入敏感信息（如密码、用户名、信用卡号等）。此时攻击者拥有的资产是‘被捕获的键盘数据’，而非‘已验证的账户’。

[意图图谱映射]：结合 KG Context，gh0st RAT、APT3 和 Carberp 等恶意软件在实施 T1056 后，其核心战术意图是获取凭证以进行后续操作。根据 ATT&CK 逻辑，输入捕获（T1056）的直接下游必然是‘凭证利用’（T1078 或 T1110）或‘凭证转储’（T1003，虽然 T1056 是主动捕获，但攻击者常结合本地凭证转储以获取更多凭据）。此外，攻击者可能尝试将捕获的凭据用于‘远程服务’（T1021）",cat2_rl_correct_global_stays_correct,0.1237478256225586
384,T1562,T1078 || T1078 || T1098 || T1543 || T1501 || T1543 || T1484 || T1484 || T1055 || T1053 || T1053 || T1078 || T1078 || T1140 || T1484 || T1484,1,2,1,1,9.611937522888184,3.8617374897003174,9.611937522888184,8.57690143585205,T1562 (9.61) | T1564 (9.51) | T1484 (8.74),T1574 (3.98) | T1562 (3.86) | T1480 (3.24),T1562 (9.61) | T1564 (9.51) | T1484 (8.74),T1562 (8.58) | T1564 (8.36) | T1574 (7.13),"[战术阶段评估]：前缀序列以 T1140 (Data Destruction) 和 T1484 (Group Policy Modification) 结尾。T1140 代表破坏性操作（如擦除数据），而 T1484 代表对域策略的修改。这种组合（破坏 + 策略修改）通常出现在勒索软件或恶意软件（如 HermeticWiper, LockBit, Prestige）的最终执行阶段，即‘破坏/加密’与‘持久化/防御规避’同步进行。攻击者正在利用组策略（GPO）来确保恶意行为在域内扩散或阻止防御机制（如禁用 Defender）。

[已获资产推演]：攻击者已经成功获取了域管理员或等效的高权限（通过 T1078 多次出现及 T1484 的执行），并能够修改默认域策略。他们目前掌握了对域内所有受 GPO 影响主机的控制权，并可能已经触发了数据破坏逻辑（T1140）。

[意图图谱映射]：基于 KG Context，HermeticWiper、LockBit 和 Prestige 等恶意软件在修改 GPO 后，通常会利用该策略作为‘分发通道’或‘执行触发器’。修改后的 GPO 会强制在受管机器上执",cat2_rl_correct_global_stays_correct,0.12003636360168457
207,T1059,T1566 || T1566 || T1059 || T1059 || T1059,1,2,1,1,9.926101684570312,8.162957191467285,9.926101684570312,9.608736038208008,T1059 (9.93) | T1203 (8.28) | T1204 (8.20),T1203 (8.27) | T1059 (8.16) | T1204 (4.87),T1059 (9.93) | T1203 (8.28) | T1204 (8.20),T1059 (9.61) | T1203 (8.28) | T1204 (7.60),"[战术阶段评估]：前缀序列以 T1566 (Phishing) 开始，随后连续三次 T1059 (Command and Scripting Interpreter)。这表明攻击者已经成功完成了初始访问（通过钓鱼邮件），并立即在受害主机上执行了命令。连续三次 T1059 操作通常意味着攻击者正在执行一个多步骤的本地命令序列，例如下载载荷、解密文件、设置持久化或进行初步的权限提升。当前处于战术阶段 'Execution' 的深化期，且极大概率正在向 'Persistence'（持久化）或 'Privilege Escalation'（权限提升）阶段过渡。

[已获资产推演]：基于 T1566 和 T1059 的组合，攻击者目前掌握了目标主机的用户级访问权限（User Level Access）。连续执行命令表明攻击者已经成功在目标系统上建立了临时的执行环境（如 cmd.exe 或 powershell.exe 会话），并且正在利用该会话进行文件系统的读写操作或注册表修改。此时，攻击者尚未确认是否拥有系统级（System）权限，但正在积极尝试获取。

[意图图谱映射]：结合 KG Cont",cat2_rl_correct_global_stays_correct,0.1091470718383789
593,T1140,T1556 || T1556 || T1112 || T1137 || T1137 || T1053 || T1053 || T1505 || T1505 || T1078 || T1078 || T1543 || T1543 || T1068 || T1053 || T1053 || T1078 || T1078,1,2,1,1,7.722033977508545,2.1505744457244873,7.722033977508545,6.719171524047852,T1140 (7.72) | T1134 (6.91) | T1586 (6.80),T1078 (2.25) | T1140 (2.15) | T1110 (1.85),T1140 (7.72) | T1134 (6.91) | T1586 (6.80),T1140 (6.72) | T1134 (5.71) | T1586 (5.55),"[战术阶段评估]：前缀序列显示攻击者经历了初始访问（T1556 伪装/注入）、凭证获取（T1112）、持久化（T1137 计划任务、T1543 服务/启动项）以及执行（T1053 计划任务、T1068 多进程执行）。序列末尾的 T1053 || T1078 || T1078 表明攻击者刚刚利用计划任务（T1053）成功执行了操作，并随后进行了多次账户登录尝试（T1078）。结合 KG Context 中关于 Cobalt Strike 和 FIN10 使用域账户（T1078.002）或本地管理员账户（T1078.003）进行横向移动的线索，可以判断攻击者正处于从‘单点突破’向‘横向移动’过渡的关键阶段，且极可能已经获取了高权限账户凭证。

[已获资产推演]：基于 T1078 的重复出现及 KG 上下文，攻击者目前掌握了有效的域账户或本地管理员凭证。T1053 的再次出现暗示攻击者正在通过计划任务维持这种新获取的权限或执行特定的横向移动载荷。攻击者已具备在域内或本地网络中移动的基础能力，且可能正在尝试利用这些凭证访问共享资源或远程服务。

[意图图谱映射]：在成功登录（T1078）并维持",cat2_rl_correct_global_stays_correct,0.10123753547668457
466,T1005,T1560 || T1560 || T1119 || T1213 || T1213,1,3,1,1,10.553370475769043,5.774513244628906,10.553370475769043,9.69317626953125,T1005 (10.55) | T1039 (8.85) | T1114 (7.15),T1114 (5.87) | T1074 (5.79) | T1005 (5.77),T1005 (10.55) | T1039 (8.85) | T1114 (7.15),T1005 (9.69) | T1039 (7.97) | T1114 (6.92),"[战术阶段评估]：前缀序列以 T1119 (Automated Exfiltration) 和 T1213 (Data from Information Repositories) 结尾，且 T1213 连续出现两次。这表明攻击者已经完成了对特定数据源（如 SharePoint 或数据库）的识别、枚举和初步提取。T1119 的出现暗示攻击者可能正在尝试将已收集的数据自动传输出去，或者在传输过程中遇到了阻碍/分片处理。整体处于数据收集（Data Collection）向数据外传（Exfiltration）过渡的关键阶段。

[已获资产推演]：基于 T1213 的连续执行，攻击者目前掌握了目标网络中协作平台（如 SharePoint）或数据库的访问权限，并可能已经获取了部分敏感数据（如凭据、文档、聊天记录）。攻击者已确认了高价值资产的存在，并具备了从这些特定位置提取数据的能力。

[意图图谱映射]：结合 KG Context，LAPSUS$ 和 Ke3chang 等组织利用 T1213 专门针对 SharePoint 等协作平台进行凭据挖掘。攻击者连续执行 T1213 后，下一步逻辑必然是",cat2_rl_correct_global_stays_correct,0.09819984436035156
1458,T1078,T1595 || T1595 || T1595 || T1583 || T1585 || T1588 || T1190 || T1133 || T1195,1,2,1,1,9.26667308807373,4.903403282165527,9.26667308807373,8.481284141540527,T1078 (9.27) | T1199 (8.79) | T1566 (6.56),T1566 (5.00) | T1078 (4.90) | T1505 (1.78),T1078 (9.27) | T1199 (8.79) | T1566 (6.56),T1078 (8.48) | T1199 (7.42) | T1566 (6.28),"[战术阶段评估]：前缀序列以 T1190 (Exploit Public-Facing Application) 开始，随后是 T1133 (Access Remote Services) 和 T1195 (Supply Chain Compromise)。T1190 通常标志着初始访问阶段，攻击者利用外部暴露的漏洞（如 CVE-2020-0688）进入网络。T1133 表明攻击者已经成功建立了远程连接（如 RDP、SSH 或 Web Shell），这通常是初始访问后的直接结果。T1195 在此处作为序列的结尾，结合 KG Context 中提到的 'Supply Chain Compromise'，暗示攻击者可能正在利用供应链信任关系（如受信任的更新机制、第三方软件或合作伙伴凭证）来维持访问或横向移动，或者是在初始入侵后尝试通过供应链渠道植入持久化后门。整体来看，攻击者正处于从‘初始访问’向‘持久化’和‘横向移动’过渡的关键阶段。

[已获资产推演]：基于 T1190 和 T1133，攻击者目前至少拥有目标网络中一台外部暴露服务器（如 Exchange 服务器）的初始执行权限或远程访",cat2_rl_correct_global_stays_correct,0.09780740737915039
1359,T1547,T1609 || T1610 || T1569 || T1569 || T1204 || T1204 || T1098 || T1098 || T1547 || T1136 || T1087 || T1543 || T1543 || T1133 || T1098 || T1098,1,2,1,1,9.544210433959961,1.675349235534668,9.544210433959961,8.127815246582031,T1547 (9.54) | T1098 (8.15) | T1543 (6.17),T1098 (1.77) | T1547 (1.68) | T1543 (1.49),T1547 (9.54) | T1098 (8.15) | T1543 (6.17),T1547 (8.13) | T1098 (7.00) | T1543 (5.33),"[战术阶段评估]：前缀序列显示攻击者经历了初始访问（T1609, T1610）、利用系统服务（T1569）、持久化（T1204, T1547, T1543, T1136）以及凭证收集（T1087）阶段。最后两步 T1133（系统信息收集）和 T1098（账户操纵）表明攻击者已完成对目标环境的初步侦察，并正在通过操纵账户（如添加本地管理员、重命名账户或注册设备）来巩固权限并建立隐蔽的持久化通道。T1098 的重复出现暗示攻击者正在尝试建立多个持久化入口或提升特定账户的权限级别。

[已获资产推演]：基于 T1098 的频繁执行，攻击者目前极可能已经获得了高权限账户（如本地管理员或域管理员）的控制权，或者已经成功注册了受信任设备（Device Registration）。结合 T1133 的上下文，攻击者已掌握目标系统的详细配置、用户列表及网络拓扑信息。此时，攻击者处于‘权限维持与横向移动准备’阶段，拥有较高的信任度。

[意图图谱映射]：在拥有高权限账户和系统信息后，攻击者的逻辑下一步通常是利用这些权限进行横向移动（Lateral Movement）以扩大战果，或者进一步窃取更敏感的凭证",cat2_rl_correct_global_stays_correct,0.09385275840759277
1352,T1543,T1609 || T1610 || T1569 || T1569 || T1204 || T1204 || T1098 || T1098 || T1547 || T1136 || T1087,1,2,1,1,11.352295875549316,4.2478508949279785,11.352295875549316,10.073495864868164,T1543 (11.35) | T1133 (9.04) | T1112 (7.96),T1546 (4.33) | T1543 (4.25) | T1574 (3.53),T1543 (11.35) | T1133 (9.04) | T1112 (7.96),T1543 (10.07) | T1133 (7.96) | T1546 (7.12),"[战术阶段评估]：前缀序列显示攻击者已完成初始访问（T1609, T1610）、网络资源利用（T1569）、载荷交付（T1204）及账户创建（T1098）。最后两步 T1547（持久化）和 T1136（创建本地账户）表明攻击者已成功建立持久化机制并创建了专用账户（如 'supportaccount'）。紧随其后的 T1087（账户发现）显示攻击者正在验证新账户或收集本地账户信息。当前处于从‘建立立足点’向‘横向移动/权限提升’过渡的关键阶段。

[已获资产推演]：攻击者目前掌握了：1. 系统级的持久化入口（注册表启动项）；2. 一个具有本地权限的新账户（T1136.001）；3. 对本地账户列表的初步认知（T1087）。攻击者已具备在本地进行进一步操作的基础，但尚未明确展示对域环境的控制或远程执行能力。

[意图图谱映射]：基于 KG Context 中 Pikabot 和 APT42 的行为模式，在建立本地账户并发现账户后，攻击者的典型逻辑路径是：利用新创建的账户进行本地提权（T1055/T1068）或尝试利用该账户进行远程执行（T1021/T1059）。由于 T1087 刚刚执行，",cat2_rl_correct_global_stays_correct,0.08342218399047852
1112,T1055,T1559 || T1106 || T1204 || T1204 || T1204 || T1112 || T1078 || T1078 || T1055 || T1055 || T1078 || T1078 || T1140 || T1562 || T1562 || T1112 || T1027 || T1027 || T1027,1,2,1,1,10.190739631652832,4.725805282592773,10.190739631652832,9.207051277160645,T1055 (10.19) | T1027 (9.14) | T1542 (7.84),T1027 (4.81) | T1055 (4.73) | T1218 (3.89),T1055 (10.19) | T1027 (9.14) | T1542 (7.84),T1055 (9.21) | T1027 (8.36) | T1542 (6.73),"[战术阶段评估]：前缀序列以 T1027 (Obfuscated Files or Information) 的三次重复结束。结合上下文，这明确指向攻击者正在对恶意载荷进行加壳或混淆处理（如 NSIS 打包、CyaX 等）。在 ATT&CK 战术映射中，T1027 属于 'Defense Evasion'（防御规避）阶段。序列中穿插的 T1559 (Command and Scripting Interpreter)、T1106 (Native API)、T1204 (User Execution) 等表明攻击者已经完成了初始执行和权限维持的尝试，或者正在构建一个经过高度混淆的持久化载荷。最后的连续 T1027 操作通常发生在载荷交付后、执行前，或者是为了绕过静态检测而进行的二次处理。此时，攻击者尚未进入 'Lateral Movement'（横向移动）或 'Collection'（收集）阶段，而是处于 'Defense Evasion' 的收尾或 'Persistence' 的构建阶段。

[已获资产推演]：基于 T1078 (Valid Accounts) 和 T1112 (Mod",cat2_rl_correct_global_stays_correct,0.0821223258972168
478,T1053,T1574 || T1574 || T1055 || T1093 || T1053,1,2,1,1,15.319489479064941,5.410093784332275,15.319489479064941,13.535798072814941,T1053 (15.32) | T1140 (8.55) | T1547 (6.58),T1078 (5.48) | T1053 (5.41) | T1569 (2.70),T1053 (15.32) | T1140 (8.55) | T1547 (6.58),T1053 (13.54) | T1140 (7.25) | T1547 (5.36),"[战术阶段评估]：前缀序列以 T1055 (Process Injection) 和 T1093 (File System Metadata) 结尾，随后再次出现 T1053 (Scheduled Task)。T1055 和 T1093 通常属于执行或防御规避阶段，用于隐藏进程或修改元数据。然而，序列最后一步 T1053 明确指向持久化。结合 KG Context 中提到的 Lucifer、Orz 和 Saint Bot 等恶意软件均利用 T1053.005 (Scheduled Task) 建立持久化，可以判断攻击者刚刚完成了或正在执行关键的持久化操作，标志着从‘初始访问/执行’阶段向‘持久化’阶段的过渡完成。

[已获资产推演]：攻击者通过 T1055 成功注入进程，通过 T1093 可能清理了痕迹或确认了文件状态，最终通过 T1053 建立了计划任务。这意味着攻击者目前拥有目标系统的**用户级权限**（通常通过计划任务触发），并且已经建立了**长期驻留机制**。此时，攻击者已具备在系统重启或特定时间触发后自动执行代码的能力，但尚未进行横向移动或数据窃取。

[意图图谱映射]：在建",cat2_rl_correct_global_stays_correct,0.07397603988647461
527,T1053,T1559 || T1106 || T1053 || T1053 || T1204 || T1204 || T1204 || T1047 || T1547 || T1112 || T1137 || T1053,1,2,1,1,14.845234870910645,5.218891620635986,14.845234870910645,13.112493515014648,T1053 (14.85) | T1547 (8.38) | T1137 (8.11),T1505 (5.29) | T1053 (5.22) | T1078 (4.58),T1053 (14.85) | T1547 (8.38) | T1137 (8.11),T1053 (13.11) | T1547 (7.53) | T1137 (6.16),"[战术阶段评估]：攻击前缀序列以 T1112 (Modify Registry) 和 T1137 (Office Application Startup) 结尾，随后紧跟 T1053 (Scheduled Task)。这表明攻击者刚刚完成了对注册表启动项和 Office 启动项的修改，并再次利用计划任务进行持久化。这种组合（注册表 + Office 启动 + 计划任务）是典型的‘多重持久化’策略，旨在确保恶意载荷在系统重启或用户登录时能够自动执行。当前战术阶段处于‘持久化 (Persistence)'的收尾或验证阶段，攻击者正在构建一个高可靠性的执行环境。

[已获资产推演]：基于前缀序列，攻击者已经成功在目标系统上建立了多重持久化机制（注册表、Office 启动项、计划任务）。这意味着攻击者目前拥有‘持久化访问权限 (Persistent Access)'，并且其恶意代码（Payload）已经配置为在系统启动或用户登录时自动运行。攻击者尚未表现出明显的横向移动或数据窃取行为，当前的资产状态是‘已驻留但尚未进行后续操作’。

[意图图谱映射]：结合 KG Context，T1053 是",cat2_rl_correct_global_stays_correct,0.07274770736694336
939,T1218,T1204 || T1546 || T1546 || T1053 || T1053 || T1546 || T1546 || T1053 || T1053 || T1218,1,2,1,1,8.120038032531738,4.098697662353516,8.120038032531738,7.3961968421936035,T1218 (8.12) | T1205 (5.90) | T1078 (5.79),T1078 (4.17) | T1218 (4.10) | T1053 (2.02),T1218 (8.12) | T1205 (5.90) | T1078 (5.79),T1218 (7.40) | T1078 (5.50) | T1205 (5.11),"[战术阶段评估]：前缀序列以 T1053 (Command and Scripting Interpreter: Scheduled Task/Job) 的重复执行开始，随后以 T1218 (System Binary Proxy Execution: Msiexec) 结束。T1053 的多次出现表明攻击者正在建立或强化持久性机制（Persistence），而 T1218 通常用于部署恶意载荷或执行系统级操作。结合 KG Context 中提到的 Lucifer、Saint Bot 等恶意软件利用 T1053.005 建立持久性的案例，当前阶段处于‘持久化建立完成，准备进行载荷部署或进一步横向移动’的过渡期。T1218 的介入暗示攻击者可能刚刚完成或正在执行一个需要系统权限的部署动作。

[已获资产推演]：基于 T1053 的反复执行，攻击者已确认拥有目标系统的计划任务创建权限，并成功植入了持久化后门。T1218 的执行通常意味着攻击者已经获取了执行系统二进制文件的能力，且可能已经成功将恶意组件（如 DLL、EXE 或 MSI）部署到目标系统上。此时，攻击者已具备较高的系统级权限（S",cat2_rl_correct_global_stays_correct,0.07141923904418945
1562,T1556,T1564 || T1564 || T1562 || T1562 || T1656 || T1070 || T1070 || T1556,1,2,1,1,9.536826133728027,5.310403823852539,9.536826133728027,8.776070594787598,T1556 (9.54) | T1027 (8.99) | T1112 (8.29),T1070 (5.38) | T1556 (5.31) | T1036 (4.08),T1556 (9.54) | T1027 (8.99) | T1112 (8.29),T1556 (8.78) | T1027 (8.05) | T1112 (7.05),"[战术阶段评估]：前缀序列以 T1070 (清除痕迹) 的重复执行结束，紧接着是 T1556 (修改认证凭据)。T1070 的连续出现表明攻击者正在积极清理日志以掩盖之前的活动（如 T1564 的隐藏和 T1562 的防御规避）。T1556 的出现标志着战术重心从‘掩盖’转向‘持久化’，具体是通过修改系统认证机制（如注册表、服务）来确保即使系统重启或凭据被重置，攻击者仍能保持访问权限。这通常发生在初始访问和权限提升之后，是建立长期立足点的关键步骤。

[已获资产推演]：基于 T1564、T1562、T1070 和 T1556 的组合，攻击者已经成功在目标主机上建立了初步的立足点，并获得了系统级或高权限的访问能力。他们不仅隐藏了自身痕迹，还修改了系统的认证机制。此时，攻击者拥有对目标系统的控制权，但可能尚未建立横向移动的能力或尚未获取域管理员权限。他们目前掌握的是‘单点持久化’的资产。

[意图图谱映射]：T1556 的完成意味着攻击者已经为未来的访问铺设了‘后门’。在 ATT&CK 逻辑中，完成持久化（T1556）后，攻击者的下一个自然逻辑步骤通常是利用这个新建立的立足点进行‘横向移动",cat2_rl_correct_global_stays_correct,0.07082033157348633
507,T1218,T1140 || T1564 || T1562 || T1562 || T1036 || T1036 || T1036 || T1027 || T1027 || T1027 || T1620 || T1553,1,2,1,1,11.29804801940918,4.651870250701904,11.29804801940918,10.101736068725586,T1218 (11.30) | T1553 (9.61) | T1078 (7.75),T1553 (4.72) | T1218 (4.65) | T1078 (3.73),T1218 (11.30) | T1553 (9.61) | T1078 (7.75),T1218 (10.10) | T1553 (8.73) | T1078 (7.02),"[战术阶段评估]：前缀序列以 T1027 (Obfuscated Files or Information) 的重复执行开始，随后紧跟 T1620 (Reflective Code Loading) 和 T1553 (Code Signing)。T1027 的多次出现表明攻击者正在对恶意载荷进行深度混淆或打包（如 KG 中提到的 Machete, GALLIUM, XLoader 使用 NSIS 或 CyaX 打包）。T1620 标志着攻击者正在将混淆后的代码加载到内存中执行，而非写入磁盘。最后的 T1553 表明攻击者正在尝试对内存中的代码或即将执行的进程进行代码签名，以绕过 EDR 或白名单机制。整体处于‘载荷交付与执行’向‘持久化/权限维持’过渡的关键阶段，且高度依赖内存操作和签名绕过。

[已获资产推演]：基于 T1620 和 T1553 的组合，攻击者目前极有可能已经成功在目标系统内存中加载了经过签名或伪装成合法签名的恶意代码。他们可能已经获取了初始执行权限（Initial Access），并正在利用签名机制建立‘可信’的内存执行环境。此时，攻击者尚未进行明显的横向移动或数据",cat2_rl_correct_global_stays_correct,0.07024812698364258
1747,T1078,T1133 || T1078 || T1059 || T1059 || T1133,1,3,1,1,9.858793258666992,3.9677577018737793,9.858793258666992,8.798406600952148,T1078 (9.86) | T1505 (6.49) | T1199 (5.51),T1059 (4.03) | T1053 (3.98) | T1078 (3.97),T1078 (9.86) | T1505 (6.49) | T1199 (5.51),T1078 (8.80) | T1505 (5.49) | T1053 (4.66),"[战术阶段评估]：前缀序列以 T1133 (Remote Services) 开始，随后是 T1078 (Valid Accounts) 和两次 T1059 (Command and Scripting Interpreter)。最后一步再次回到 T1133。这种 'T1059 -> T1133' 的交替模式表明攻击者正在利用已建立的命令执行能力（T1059）来配置、维护或切换远程连接通道（T1133）。这通常发生在攻击者试图建立持久化连接、进行横向移动前的通道准备，或者在多个受控主机间切换以规避检测。当前处于'执行'与'命令与控制'的混合阶段，且正在强化其远程访问能力。

[已获资产推演]：基于 T1078 和 T1059，攻击者已经获得了目标系统的合法凭证（Valid Accounts）并成功在本地或远程执行了命令。KG Context 显示 njRAT、StarProxy 等恶意软件利用 T1059 进行命令执行。攻击者目前掌握的是受控主机的执行权限，并可能已经通过 T1133 建立了初步的 C2 通道或正在尝试建立新的通道以扩大控制范围。

[意图图谱映射]：KG Contex",cat2_rl_correct_global_stays_correct,0.05870771408081055
530,T1060,T1559 || T1106 || T1053 || T1053 || T1204 || T1204 || T1204 || T1047 || T1547 || T1112 || T1137 || T1053 || T1053 || T1547,1,2,1,1,11.403526306152344,5.667211532592773,11.403526306152344,10.370988845825195,T1060 (11.40) | T1053 (7.24) | T1543 (7.14),T1053 (5.72) | T1060 (5.67) | T1548 (4.68),T1060 (11.40) | T1053 (7.24) | T1543 (7.14),T1060 (10.37) | T1053 (6.97) | T1543 (6.15),"[战术阶段评估]：前缀序列以 T1053 (Scheduled Task) 和 T1547 (Boot or Logon Autostart Execution) 结尾，且中间穿插了多次 T1053 和 T1137 (Registry Run Keys)。这表明攻击者刚刚完成了从初始执行到持久化机制建立的完整闭环。T1547 通常作为 T1053 的补充或替代，用于确保在系统重启后恶意代码仍能运行。当前阶段处于‘持久化 (Persistence)'战术的收尾或验证阶段，攻击者正在确认其持久化机制是否生效。

[已获资产推演]：基于 T1559 (Component Object Model) 和 T1106 (Native API) 的早期执行，以及 T1047 (Windows Management Instrumentation) 和 T1204 (User Execution) 的利用，攻击者已经成功在目标系统上执行了恶意载荷。结合 T1112 (Modify Registry) 和 T1137，攻击者已经获得了修改系统配置的能力。目前的资产状态是：攻击者拥有对目标系统的‘执行权",cat2_rl_correct_global_stays_correct,0.05443096160888672
1427,T1053,T1505 || T1505 || T1078 || T1078 || T1134 || T1134 || T1098 || T1098 || T1546 || T1546 || T1053,1,2,1,1,15.494178771972656,5.763175010681152,15.494178771972656,13.742598533630371,T1053 (15.49) | T1068 (6.78) | T1078 (6.35),T1505 (5.81) | T1053 (5.76) | T1546 (5.41),T1053 (15.49) | T1068 (6.78) | T1078 (6.35),T1053 (13.74) | T1068 (6.15) | T1078 (6.06),"[战术阶段评估]：前缀序列显示攻击者首先通过 T1505 (建立持久性/服务) 和 T1078 (有效账户) 建立了初始立足点。随后通过 T1134 (访问令牌操作) 和 T1098 (账户操作) 进行了权限提升和横向移动准备。关键转折在于最后两步 T1546 (修改启动或登录行为) 和 T1053 (计划任务)。T1546 的重复出现表明攻击者正在尝试建立高隐蔽性的持久化机制（如注册表修改、计划任务触发器或辅助功能滥用），而 T1053 则明确指向了利用 Windows 任务计划程序来执行恶意负载。这标志着攻击者已从‘建立持久性’阶段过渡到‘执行阶段’，即准备在特定触发条件下运行恶意代码。

[已获资产推演]：基于 T1078 和 T1134，攻击者已拥有高权限账户（可能是域管理员或本地管理员）并能够操作访问令牌。T1546 和 T1053 的组合表明攻击者已经成功在目标系统上配置了自动执行机制。此时，攻击者掌握的资产是‘已配置但尚未触发’的持久化执行环境。他们拥有在系统重启、用户登录或特定时间触发时执行代码的能力。

[意图图谱映射]：结合 KG Context，T1546 常与辅",cat2_rl_correct_global_stays_correct,0.044816017150878906
1437,T1518,T1087 || T1087 || T1010 || T1046 || T1069 || T1069 || T1057 || T1018,1,2,1,1,14.145919799804688,6.989480018615723,14.145919799804688,12.857760429382324,T1518 (14.15) | T1082 (11.03) | T1016 (10.58),T1082 (7.03) | T1518 (6.99) | T1016 (5.23),T1518 (14.15) | T1082 (11.03) | T1016 (10.58),T1518 (12.86) | T1082 (10.31) | T1016 (9.61),"[战术阶段评估]：前缀序列以 T1069 (Windows/Network/Local Account Discovery) 和 T1057 (Process Discovery) 开始，紧接着是 T1018 (Remote System Discovery)。这表明攻击者已经完成了从本地进程枚举到网络/远程系统发现的过渡。T1018 通常标志着侦察阶段的收尾，攻击者正在绘制整个网络拓扑和可用资产的全景图，为后续的大规模横向移动或数据窃取做准备。

[已获资产推演]：基于 T1069 和 T1057，攻击者已掌握本地账户列表、进程运行状态及权限上下文。结合 T1018 的上下文（如 SolarWinds 案例），攻击者现在已识别出网络中其他活跃的主机、服务及潜在的信任关系。此时，攻击者处于‘已知目标’状态，但尚未执行针对这些新发现目标的实质性入侵动作。

[意图图谱映射]：在侦察（T1018）完成后，攻击者的逻辑意图通常转向利用已发现的资产进行渗透。根据 ATT&CK 战术流，侦察后的下一步通常是‘执行’（Execution）或‘持久化’（Persistence）以建立立足点，或者是‘",cat2_rl_correct_global_stays_correct,0.044671058654785156
973,T1027,T1053 || T1053 || T1548 || T1548 || T1547 || T1060 || T1037 || T1037 || T1543 || T1543 || T1068 || T1055 || T1053 || T1053 || T1548 || T1548 || T1070 || T1027,1,2,1,1,11.243535041809082,5.612165451049805,11.243535041809082,10.229888916015625,T1027 (11.24) | T1055 (8.40) | T1553 (6.54),T1055 (5.65) | T1027 (5.61) | T1078 (4.19),T1027 (11.24) | T1055 (8.40) | T1553 (6.54),T1027 (10.23) | T1055 (7.90) | T1553 (5.91),"[战术阶段评估]：前缀序列最后两步为 T1070 (清除痕迹) 和 T1027 (软件伪装/加壳)。T1070 通常用于删除临时载荷或清理日志以掩盖入侵痕迹，而 T1027 表明攻击者正在对恶意载荷进行加壳或混淆处理。结合前缀中反复出现的 T1053 (计划任务)、T1548 (权限提升/滥用) 和 T1543 (创建服务)，可以看出攻击者已经完成了初始访问、持久化建立、权限提升以及载荷的部署与伪装。当前的 T1070 和 T1027 组合强烈暗示攻击者正在执行‘清理现场’和‘优化载荷’的操作，这是从‘建立持久化’阶段向‘执行恶意载荷’或‘横向移动’阶段过渡的关键信号。

[已获资产推演]：基于 T1053、T1543、T1547 等技术的反复出现，攻击者已经成功在目标系统上建立了多重持久化机制（计划任务、服务、启动项），并获得了系统级或高权限用户级的访问能力。T1068 (提权) 和 T1055 (进程注入) 的存在进一步证实攻击者已具备在目标系统上执行任意代码的能力。此时，攻击者手中握有经过加壳（T1027）和清理（T1070）后的有效载荷，且系统防御已被绕过。

[意图图谱映射]",cat2_rl_correct_global_stays_correct,0.04149341583251953
281,T1112,T1204 || T1047 || T1547 || T1543 || T1543 || T1133 || T1574 || T1574,1,2,1,1,11.152264595031738,4.741593837738037,11.152264595031738,9.998343467712402,T1112 (11.15) | T1505 (8.15) | T1574 (7.55),T1053 (4.78) | T1112 (4.74) | T1574 (3.27),T1112 (11.15) | T1505 (8.15) | T1574 (7.55),T1112 (10.00) | T1053 (7.01) | T1574 (6.78),"[战术阶段评估]：前缀序列以 T1133 (Remote Services) 开始，随后连续两次执行 T1574 (Component Object Model Hijacking / DLL Search Order Hijacking / etc.)。T1133 通常用于建立初始或临时的远程连接通道，而 T1574 的连续执行（特别是结合 KG Context 中提到的 FoggyWeb、Hildegard 等利用 DLL 劫持或加载器机制的案例）表明攻击者正在深入进行持久化机制的构建或验证。最后两步的重复 T1574 暗示攻击者可能正在尝试不同的 DLL 劫持变体（如 T1574.001 或 T1574.006），或者在验证已植入的恶意 DLL 是否能被正确加载以维持访问。当前处于‘持久化建立’与‘权限维持’的过渡阶段，且已具备执行恶意代码的能力。

[已获资产推演]：基于 T1133 和 T1574 的组合，攻击者已经成功在目标系统上建立了某种形式的持久化后门（通过 DLL 劫持或加载器）。他们目前掌握的是‘执行权限’（能够运行恶意 DLL）和‘持久化访问’（系统重启后仍能执行",cat2_rl_correct_global_stays_correct,0.04021930694580078
28,T1003,T1218 || T1218 || T1221 || T1550 || T1075 || T1078 || T1586 || T1557 || T1557 || T1110 || T1110 || T1110 || T1056 || T1056 || T1040,1,2,1,1,12.309871673583984,3.8218955993652344,12.309871673583984,10.782035827636719,T1003 (12.31) | T1539 (7.01) | T1083 (6.80),T1056 (3.86) | T1003 (3.82) | T1105 (1.79),T1003 (12.31) | T1539 (7.01) | T1083 (6.80),T1003 (10.78) | T1083 (5.38) | T1040 (5.14),"[战术阶段评估]：前缀序列最后两步为 T1056 (输入捕获) 和 T1040 (凭证转储)。T1056 的连续出现（T1056 || T1056）表明攻击者正在持续收集凭据数据（如键盘记录），而紧随其后的 T1040 表明攻击者正在尝试从内存或本地存储中提取明文凭证。这标志着攻击者正处于‘凭证窃取与收集’阶段的高峰期，且正在尝试将捕获的数据转化为可用的身份凭证。

[已获资产推演]：基于 T1056 和 T1040 的组合，攻击者目前掌握了目标系统的‘输入流数据’（键盘记录）和‘内存/注册表中的凭证’。虽然尚未明确显示 T1078 (合法账户) 的利用，但 T1078 出现在前缀中段，暗示攻击者可能已经尝试过或正在准备利用已获取的凭证进行横向移动或权限维持。当前的资产状态是‘拥有潜在的高价值凭证数据，但尚未完全建立稳定的远程访问通道’。

[意图图谱映射]：结合 KG Context，gh0st RAT 和 APT3 等组织在 T1056 后通常会进行凭证的解密、验证或利用。T1040 的转储操作通常是为了获取明文密码以进行下一步的‘合法账户利用’。因此，攻击者的逻辑意图是：利用刚刚",cat2_rl_correct_global_stays_correct,0.0395815372467041
1807,T1566,T1589 || T1589 || T1591 || T1598 || T1192 || T1583 || T1583 || T1587 || T1587 || T1585 || T1608 || T1608,1,2,1,1,10.283204078674316,5.146065711975098,10.283204078674316,9.358518600463867,T1566 (10.28) | T1608 (9.90) | T1189 (9.34),T1608 (5.18) | T1566 (5.15) | T1190 (4.89),T1566 (10.28) | T1608 (9.90) | T1189 (9.34),T1566 (9.36) | T1608 (9.05) | T1189 (8.24),"[战术阶段评估]：前缀序列以 T1585 (Gather Victim Identity Information) 和 T1608 (Deploy Capabilities) 结尾。T1585 属于 Reconnaissance（侦察）阶段，用于收集受害者身份信息；T1608 属于 Initial Access（初始访问）或 Deployment（部署）阶段，具体为将恶意载荷上传至目标环境。序列中 T1608 连续出现两次，且结合 KG Context 中提到的 'Saint Bear' 和 'Mustang Panda' 等组织利用 T1608.001 (Upload Malware) 托管恶意内容，表明攻击者已完成恶意载荷的上传和部署准备。当前战术阶段正处于从‘部署能力’向‘执行载荷’过渡的关键节点。

[已获资产推演]：基于 T1585 和 T1608 的连续操作，攻击者目前掌握了受害者的身份信息（如邮箱、用户名等），并已成功将恶意软件（Payload）上传至目标基础设施（如 Discord CDN、DropBox 或受害者服务器）。攻击者已具备执行攻击所需的‘弹药’，但尚未在目",cat2_rl_correct_global_stays_correct,0.0328369140625
1754,T1560,T1133 || T1078 || T1059 || T1059 || T1133 || T1078 || T1078 || T1562 || T1562 || T1036 || T1036 || T1027 || T1078 || T1558 || T1482 || T1018 || T1021,1,2,1,1,8.020642280578613,6.7777509689331055,8.020642280578613,7.796921730041504,T1560 (8.02) | T1021 (7.40) | T1071 (7.32),T1021 (6.81) | T1560 (6.78) | T1550 (4.42),T1560 (8.02) | T1021 (7.40) | T1071 (7.32),T1560 (7.80) | T1021 (7.30) | T1074 (6.40),"[战术阶段评估]：前缀序列以 T1482 (Deep Discovery) 和 T1018 (Remote System Discovery) 结尾，随后是 T1021 (Remote Services)。这表明攻击者刚刚完成了对内部网络拓扑、关键资产（如域控制器、文件服务器）的深度扫描和远程连接测试。T1482 和 T1018 是典型的侦察阶段技术，用于绘制攻击面；而 T1021 则是利用已发现的资产建立持久连接。当前处于从‘侦察/发现’向‘横向移动/权限提升’过渡的关键节点。

[已获资产推演]：基于 T1078 (Valid Accounts) 和 T1558 (Kerberos) 的早期出现，攻击者已拥有合法凭证。T1482 和 T1018 的连续执行意味着攻击者已经识别出了高价值目标（如域控、数据库服务器或关键应用服务器）。T1021 的出现证实攻击者已经成功建立了远程会话（RDP 或 WinRM），并可能正在尝试在这些新发现的节点上执行操作或复制工具。

[意图图谱映射]：结合 KG Context，Magic Hound 和 FIN13 等组织在建立远程连接（T1021）",cat2_rl_correct_global_stays_correct,0.031007766723632812
913,T1053,T1559 || T1559 || T1106 || T1053,1,2,1,1,14.116318702697754,6.9300079345703125,14.116318702697754,12.822782516479492,T1053 (14.12) | T1547 (5.78) | T1204 (5.56),T1204 (6.96) | T1053 (6.93) | T1569 (6.21),T1053 (14.12) | T1547 (5.78) | T1204 (5.56),T1053 (12.82) | T1204 (5.81) | T1547 (5.33),"[战术阶段评估]：前缀序列 T1559 (Command and Scripting Interpreter) -> T1559 -> T1106 (Native API) -> T1053 (Command and Scripting Interpreter: Scheduled Task) 显示攻击者已完成初始执行、利用系统 API 进行进程注入或操作，并刚刚通过 T1053 建立了持久化机制。最后两步（T1106 和 T1053）标志着攻击者已从单纯的执行阶段过渡到稳固立足点阶段，即‘持久化’战术阶段。

[已获资产推演]：基于 T1559 和 T1106，攻击者已具备在目标系统上执行任意脚本或二进制代码的能力，并可能已获取了系统级或用户级权限（取决于 T1106 的具体调用上下文，通常涉及进程操作）。T1053 的完成意味着攻击者已确保恶意载荷在系统重启或用户注销后仍能运行，目前拥有稳定的远程访问通道。

[意图图谱映射]：KG Context 明确指出 T1053.005（Scheduled Task）是多种恶意软件（如 Lucifer, Saint Bot, NETWIRE",cat2_rl_correct_global_stays_correct,0.030663490295410156
1033,T1021,T1056 || T1056 || T1003 || T1003 || T1083 || T1046 || T1135 || T1012 || T1018 || T1033,1,2,1,1,11.72671890258789,3.8831825256347656,11.72671890258789,10.314882278442383,T1021 (11.73) | T1560 (8.78) | T1210 (7.63),T1560 (3.91) | T1021 (3.88) | T1570 (3.49),T1021 (11.73) | T1560 (8.78) | T1210 (7.63),T1021 (10.31) | T1560 (7.91) | T1210 (6.58),"[战术阶段评估]：前缀序列最后两步为 T1018 (System Discovery) 和 T1033 (System Owner/User Discovery)。T1018 属于 Discovery 战术，用于了解目标系统架构；T1033 同样属于 Discovery，专注于识别当前用户身份和权限。这两步操作标志着攻击者已完成对目标环境的宏观扫描和微观身份确认，处于侦察阶段的收尾，即将转入利用或权限维持阶段。

[已获资产推演]：基于 T1056 (Input Capture), T1003 (OS Credential Dumping), T1083 (File Discovery), T1046 (Network Service Discovery), T1135 (Network Share Discovery), T1012 (Registry), T1018, T1033 的序列，攻击者已经：
1. 获取了凭据（T1003）。
2. 发现了文件结构（T1083）和网络服务（T1046, T1135）。
3. 确认了当前执行上下文的用户身份和权限（T1033）。
攻击者目前掌",cat2_rl_correct_global_stays_correct,0.027395009994506836
401,T1003,T1003 || T1003,1,2,1,1,10.566909790039062,6.273388862609863,10.566909790039062,9.794075012207031,T1003 (10.57) | T1552 (8.66) | T1087 (8.43),T1552 (6.30) | T1003 (6.27) | T1482 (5.17),T1003 (10.57) | T1552 (8.66) | T1087 (8.43),T1003 (9.79) | T1552 (8.23) | T1087 (7.81),"[战术阶段评估]：前缀序列为 T1003 || T1003，表示攻击者连续两次执行了'OS Credential Dumping'（操作系统凭据转储）。这属于 ATT&CK 战术中的'凭证访问 (Credential Access)'阶段。连续执行通常意味着攻击者正在尝试获取不同来源的凭据（如本地 SAM、LSASS 内存、域控制器凭据等）以确保获取高价值凭证，或者在初步转储后验证有效性并尝试获取更深层的凭据。

[已获资产推演]：基于 T1003 的上下文（涉及 Axiom, POWERTON, MuddyWater, Mustang Panda 等 APT 组织），攻击者目前极大概率已经获取了本地管理员权限、域用户哈希或明文密码。这些资产是进行横向移动和权限提升的关键燃料。攻击者目前处于'凭证获取完成，准备利用'的临界点。

[意图图谱映射]：在获取到凭据后，攻击者的核心逻辑意图是利用这些凭据进行'横向移动 (Lateral Movement)'以扩大控制范围，或进行'权限提升 (Privilege Escalation)'以获取更高权限（如域管理员）。结合 KG 上下文，Mudd",cat2_rl_correct_global_stays_correct,0.026215553283691406
1869,T1573,T1583 || T1583 || T1071 || T1071 || T1568,1,2,1,1,12.513775825500488,4.030987739562988,12.513775825500488,10.986873626708984,T1573 (12.51) | T1105 (12.18) | T1590 (9.98),T1105 (4.05) | T1573 (4.03) | T1566 (2.58),T1573 (12.51) | T1105 (12.18) | T1590 (9.98),T1573 (10.99) | T1105 (10.72) | T1590 (8.07),"[战术阶段评估]：前缀序列以 T1583 (Acquire Infrastructure) 开始，随后是 T1071 (Application Layer Protocol) 的重复，最后以 T1568 (Dynamic Resolution) 结束。T1071 代表攻击者正在建立或测试通信通道（C2），而 T1568 通常用于在通信受阻时动态解析新的域名或 IP 以维持连接。这表明攻击者正处于‘命令与控制 (C2)'阶段的初期或中期，重点在于确保通信链路的稳定性和隐蔽性，尚未进入横向移动或数据窃取阶段。

[已获资产推演]：基于 T1583 和 T1071 的组合，攻击者目前掌握的是‘基础设施控制权’和‘初步的 C2 通道’。他们可能已经部署了恶意软件（如 Agent Tesla 或类似工具），并正在通过 HTTP、SMTP 或 DNS 等协议与 C2 服务器进行交互。此时，攻击者尚未获得目标网络内部的高权限账户或核心数据，资产状态停留在‘外部连接建立’和‘基础通信验证’层面。

[意图图谱映射]：T1568 的出现暗示攻击者可能遇到了网络过滤或域名失效，正在尝试动态切换通信路径。在",cat2_rl_correct_global_stays_correct,0.016008377075195312
224,T1003,T1218 || T1078 || T1078 || T1110 || T1110 || T1555 || T1056 || T1056,1,2,1,1,10.975445747375488,6.2810869216918945,10.975445747375488,10.130460739135742,T1003 (10.98) | T1040 (9.52) | T1083 (8.30),T1111 (6.29) | T1003 (6.28) | T1056 (5.75),T1003 (10.98) | T1040 (9.52) | T1083 (8.30),T1003 (10.13) | T1040 (8.02) | T1111 (7.91),"[战术阶段评估]：前缀序列以 T1555 (Credentials from Password Stores) 和 T1056 (Input Capture) 结尾。T1555 通常用于窃取本地存储的凭据（如浏览器、注册表），而 T1056 是主动的键盘记录。连续两次执行 T1056 表明攻击者正在持续收集输入数据，这通常发生在攻击者已经获得初步访问权限（T1078 登录）并尝试建立持久性或提升权限（T1110 暴力破解/凭证访问）之后。当前处于‘凭证收集与监控’阶段，旨在获取高价值凭据以进行横向移动或权限提升。

[已获资产推演]：攻击者目前拥有目标主机的用户级访问权限（User Level Access）。通过 T1555 和 T1056，攻击者正在收集明文密码、哈希值或会话令牌。此时，攻击者尚未完全控制域管理员账户或核心服务器，但正在积极寻找能够用于横向移动（Lateral Movement）或提升权限（Privilege Escalation）的‘钥匙’。

[意图图谱映射]：基于 KG Context，PoetRAT、Catchamas 等恶意软件在 T1056 后通常会利用",cat2_rl_correct_global_stays_correct,0.012404441833496094
1472,T1053,T1595 || T1595 || T1595 || T1583 || T1585 || T1588 || T1190 || T1133 || T1195 || T1078 || T1078 || T1059 || T1059 || T1203 || T1053 || T1053 || T1047 || T1133 || T1112,1,2,1,1,10.17325210571289,3.9715209007263184,10.17325210571289,9.056940078735352,T1053 (10.17) | T1505 (8.56) | T1137 (7.42),T1098 (3.98) | T1053 (3.97) | T1574 (3.91),T1053 (10.17) | T1505 (8.56) | T1137 (7.42),T1053 (9.06) | T1505 (7.02) | T1137 (5.59),"[战术阶段评估]：前缀序列最后两步为 T1047 (Windows Management Instrumentation) 和 T1133 (Remote Services: Remote Desktop Protocol)。T1047 通常用于在本地或远程执行命令、收集系统信息或作为持久化机制。T1133 表明攻击者已经建立了远程桌面连接。结合前缀中的 T1112 (Modify Registry)，攻击者刚刚完成了对注册表的修改，这通常是为了配置持久化、禁用安全软件或修改远程访问设置。当前阶段处于‘初始访问’向‘执行/持久化’过渡，并正在利用远程管理工具进行横向移动或深度渗透。攻击者已经成功建立了远程会话（T1133）并修改了系统配置（T1112），现在处于一个高权限的远程操作环境中。

[已获资产推演]：基于 T1078 (Valid Accounts) 和 T1133，攻击者已经获得了目标系统的远程桌面访问权限，且拥有较高的用户权限（能够执行 T1047 和修改 T1112）。T1059 (Command and Scripting Interpreter) 和 T1203 (",cat2_rl_correct_global_stays_correct,0.004863739013671875
