method,held_out_source,inner_validation_source,seed,epoch,w_h,w_s,w_t,campaign_macro_ndcg5,five_seed_two_source_mean_ndcg5,selected,training_rows,validation_rows
HM+ST,attack_flow,ctid,42,100,1.0,0.0,0.0,0.10632013574118082,0.12909526090771803,0,109,263
HM+ST,attack_flow,ctid,42,100,0.9,0.0,0.1,0.102007128914993,0.11509643374842748,0,109,263
HM+ST,attack_flow,ctid,42,100,0.8,0.0,0.2,0.10298769512046024,0.10960567846070787,0,109,263
HM+ST,attack_flow,ctid,42,100,0.7,0.0,0.3,0.09508915174733851,0.10115319875389986,0,109,263
HM+ST,attack_flow,ctid,42,100,0.6,0.0,0.4,0.09315864493247496,0.09390493175167733,0,109,263
HM+ST,attack_flow,ctid,42,100,0.5,0.0,0.5,0.09145762316230197,0.09120188099446488,0,109,263
HM+ST,attack_flow,ctid,42,100,0.4,0.0,0.6,0.09092416058595049,0.08901661566646062,0,109,263
HM+ST,attack_flow,ctid,42,100,0.3,0.0,0.7,0.09224732282890744,0.08630116514142908,0,109,263
HM+ST,attack_flow,ctid,42,100,0.2,0.0,0.8,0.08940005883677438,0.08512694015056109,0,109,263
HM+ST,attack_flow,ctid,42,100,0.1,0.0,0.9,0.08420133481911152,0.07801023615236924,0,109,263
HM+ST,attack_flow,ctid,42,100,0.0,0.0,1.0,0.05587796612221768,0.05119451025884521,0,109,263
HM+ST,attack_flow,ctid,42,100,0.9,0.1,0.0,0.10579836449651825,0.11917655819814574,0,109,263
HM+ST,attack_flow,ctid,42,100,0.8,0.1,0.1,0.1050994016775677,0.11799598809894052,0,109,263
HM+ST,attack_flow,ctid,42,100,0.7,0.1,0.2,0.10403664251806918,0.11416518315414648,0,109,263
HM+ST,attack_flow,ctid,42,100,0.6,0.1,0.3,0.10022029812050244,0.10034232915282588,0,109,263
HM+ST,attack_flow,ctid,42,100,0.5,0.1,0.4,0.09417067957144601,0.09557004669012578,0,109,263
HM+ST,attack_flow,ctid,42,100,0.4,0.1,0.5,0.09266864332963674,0.09066433917444915,0,109,263
HM+ST,attack_flow,ctid,42,100,0.3,0.1,0.6,0.08887206745226311,0.0897992472370703,0,109,263
HM+ST,attack_flow,ctid,42,100,0.2,0.1,0.7,0.0921400354594373,0.08894704376819179,0,109,263
HM+ST,attack_flow,ctid,42,100,0.1,0.1,0.8,0.08794717058932905,0.08577391139326328,0,109,263
HM+ST,attack_flow,ctid,42,100,0.0,0.1,0.9,0.09239923988806181,0.08494787415361102,0,109,263
HM+ST,attack_flow,ctid,42,100,0.8,0.2,0.0,0.10643608191687007,0.11950173139179857,0,109,263
HM+ST,attack_flow,ctid,42,100,0.7,0.2,0.1,0.10395562263506124,0.11876505647555605,0,109,263
HM+ST,attack_flow,ctid,42,100,0.6,0.2,0.2,0.10638764408772901,0.1129766141247828,0,109,263
HM+ST,attack_flow,ctid,42,100,0.5,0.2,0.3,0.10287943395767644,0.10280075481295407,0,109,263
HM+ST,attack_flow,ctid,42,100,0.4,0.2,0.4,0.09338296038024738,0.09596169077491844,0,109,263
HM+ST,attack_flow,ctid,42,100,0.3,0.2,0.5,0.09647734850909537,0.09357668713250936,0,109,263
HM+ST,attack_flow,ctid,42,100,0.2,0.2,0.6,0.09565039684072457,0.09046005909054969,0,109,263
HM+ST,attack_flow,ctid,42,100,0.1,0.2,0.7,0.09397651104394551,0.0898092303600631,0,109,263
HM+ST,attack_flow,ctid,42,100,0.0,0.2,0.8,0.09553356501385797,0.08610319945651032,0,109,263
HM+ST,attack_flow,ctid,42,100,0.7,0.3,0.0,0.10645293012308688,0.11932237865335268,0,109,263
HM+ST,attack_flow,ctid,42,100,0.6,0.3,0.1,0.10047312241491488,0.11750825083133756,0,109,263
HM+ST,attack_flow,ctid,42,100,0.5,0.3,0.2,0.10590794395420877,0.11181694844834558,0,109,263
HM+ST,attack_flow,ctid,42,100,0.4,0.3,0.3,0.11059071004296997,0.10789717963559724,0,109,263
HM+ST,attack_flow,ctid,42,100,0.3,0.3,0.4,0.10164210331532009,0.09717084033719214,0,109,263
HM+ST,attack_flow,ctid,42,100,0.2,0.3,0.5,0.09824553653164954,0.09236411384481721,0,109,263
HM+ST,attack_flow,ctid,42,100,0.1,0.3,0.6,0.09439572215200151,0.09112365215072056,0,109,263
HM+ST,attack_flow,ctid,42,100,0.0,0.3,0.7,0.098806072594805,0.08788698170583452,0,109,263
HM+ST,attack_flow,ctid,42,100,0.6,0.4,0.0,0.10745898963837283,0.11784895583676405,0,109,263
HM+ST,attack_flow,ctid,42,100,0.5,0.4,0.1,0.1029504978653731,0.11820418213491002,0,109,263
HM+ST,attack_flow,ctid,42,100,0.4,0.4,0.2,0.10800405709294778,0.11076487597319931,0,109,263
HM+ST,attack_flow,ctid,42,100,0.3,0.4,0.3,0.11574888171221867,0.10705898352036047,0,109,263
HM+ST,attack_flow,ctid,42,100,0.2,0.4,0.4,0.10524691693752046,0.09872761390578906,0,109,263
HM+ST,attack_flow,ctid,42,100,0.1,0.4,0.5,0.09754299313560383,0.0960371399718695,0,109,263
HM+ST,attack_flow,ctid,42,100,0.0,0.4,0.6,0.10424517761415639,0.09179263389206554,0,109,263
HM+ST,attack_flow,ctid,42,100,0.5,0.5,0.0,0.10618626212476645,0.11783874043858875,0,109,263
HM+ST,attack_flow,ctid,42,100,0.4,0.5,0.1,0.11346978521318614,0.11777123845695721,0,109,263
HM+ST,attack_flow,ctid,42,100,0.3,0.5,0.2,0.11713325911392272,0.11030296876639671,0,109,263
HM+ST,attack_flow,ctid,42,100,0.2,0.5,0.3,0.1182705608929425,0.10842153333964547,0,109,263
HM+ST,attack_flow,ctid,42,100,0.1,0.5,0.4,0.10976652403076362,0.10408789321651819,0,109,263
HM+ST,attack_flow,ctid,42,100,0.0,0.5,0.5,0.10619749982229632,0.09761907134247298,0,109,263
HM+ST,attack_flow,ctid,42,100,0.4,0.6,0.0,0.11315893694299387,0.1124335243407846,0,109,263
HM+ST,attack_flow,ctid,42,100,0.3,0.6,0.1,0.11489806069580832,0.11182999381849945,0,109,263
HM+ST,attack_flow,ctid,42,100,0.2,0.6,0.2,0.11988133643150864,0.11002373547525605,0,109,263
HM+ST,attack_flow,ctid,42,100,0.1,0.6,0.3,0.12429353586779106,0.10714982088701068,0,109,263
HM+ST,attack_flow,ctid,42,100,0.0,0.6,0.4,0.11252488890409007,0.10361408469179681,0,109,263
HM+ST,attack_flow,ctid,42,100,0.3,0.7,0.0,0.12647513396684612,0.10675515152230106,0,109,263
HM+ST,attack_flow,ctid,42,100,0.2,0.7,0.1,0.1225733329035114,0.10221827708169433,0,109,263
HM+ST,attack_flow,ctid,42,100,0.1,0.7,0.2,0.11921518519128656,0.1017178947057106,0,109,263
HM+ST,attack_flow,ctid,42,100,0.0,0.7,0.3,0.12331944402244326,0.10691180429826978,0,109,263
HM+ST,attack_flow,ctid,42,100,0.2,0.8,0.0,0.1261925822633904,0.10541064309925996,0,109,263
HM+ST,attack_flow,ctid,42,100,0.1,0.8,0.1,0.12118778779856387,0.10270158951058625,0,109,263
HM+ST,attack_flow,ctid,42,100,0.0,0.8,0.2,0.12459009736644999,0.10420946093274261,0,109,263
HM+ST,attack_flow,ctid,42,100,0.1,0.9,0.0,0.12708167246017982,0.10756346016516563,0,109,263
HM+ST,attack_flow,ctid,42,100,0.0,0.9,0.1,0.12427725857691471,0.10307957697637468,0,109,263
HM+ST,attack_flow,ctid,42,100,0.0,1.0,0.0,0.1284909641369278,0.10499041443912278,0,109,263
HM+ST,attack_flow,ctid,42,20,1.0,0.0,0.0,0.10632013574118082,0.12909526090771803,1,109,263
HM+ST,attack_flow,ctid,42,20,0.9,0.0,0.1,0.102007128914993,0.11509643374842748,0,109,263
HM+ST,attack_flow,ctid,42,20,0.8,0.0,0.2,0.10298769512046024,0.10960567846070787,0,109,263
HM+ST,attack_flow,ctid,42,20,0.7,0.0,0.3,0.09508915174733851,0.10115319875389986,0,109,263
HM+ST,attack_flow,ctid,42,20,0.6,0.0,0.4,0.09315864493247496,0.09390493175167733,0,109,263
HM+ST,attack_flow,ctid,42,20,0.5,0.0,0.5,0.09145762316230197,0.09120188099446488,0,109,263
HM+ST,attack_flow,ctid,42,20,0.4,0.0,0.6,0.09092416058595049,0.08901661566646062,0,109,263
HM+ST,attack_flow,ctid,42,20,0.3,0.0,0.7,0.09224732282890744,0.08630116514142908,0,109,263
HM+ST,attack_flow,ctid,42,20,0.2,0.0,0.8,0.08940005883677438,0.08512694015056109,0,109,263
HM+ST,attack_flow,ctid,42,20,0.1,0.0,0.9,0.08420133481911152,0.07801023615236924,0,109,263
HM+ST,attack_flow,ctid,42,20,0.0,0.0,1.0,0.05587796612221768,0.05119451025884521,0,109,263
HM+ST,attack_flow,ctid,42,20,0.9,0.1,0.0,0.10462322523810522,0.11534710805836265,0,109,263
HM+ST,attack_flow,ctid,42,20,0.8,0.1,0.1,0.09626597872510531,0.11395010759492978,0,109,263
HM+ST,attack_flow,ctid,42,20,0.7,0.1,0.2,0.1017509679203001,0.10818184105421476,0,109,263
HM+ST,attack_flow,ctid,42,20,0.6,0.1,0.3,0.09194734681981173,0.0966445609869179,0,109,263
HM+ST,attack_flow,ctid,42,20,0.5,0.1,0.4,0.08802523570287202,0.09422345912275494,0,109,263
HM+ST,attack_flow,ctid,42,20,0.4,0.1,0.5,0.08699217748321117,0.08787719438012578,0,109,263
HM+ST,attack_flow,ctid,42,20,0.3,0.1,0.6,0.08617779271870131,0.08550765009865713,0,109,263
HM+ST,attack_flow,ctid,42,20,0.2,0.1,0.7,0.09009496411195896,0.08552159400874461,0,109,263
HM+ST,attack_flow,ctid,42,20,0.1,0.1,0.8,0.09359552849090326,0.08466175870169754,0,109,263
HM+ST,attack_flow,ctid,42,20,0.0,0.1,0.9,0.09414424468430756,0.08536963989828626,0,109,263
HM+ST,attack_flow,ctid,42,20,0.8,0.2,0.0,0.10067173761990818,0.11247259736143349,0,109,263
HM+ST,attack_flow,ctid,42,20,0.7,0.2,0.1,0.09163143544268688,0.10933718100887029,0,109,263
HM+ST,attack_flow,ctid,42,20,0.6,0.2,0.2,0.10025487701739885,0.10442647595122703,0,109,263
HM+ST,attack_flow,ctid,42,20,0.5,0.2,0.3,0.0898135371713715,0.09664260094450094,0,109,263
HM+ST,attack_flow,ctid,42,20,0.4,0.2,0.4,0.09251548047293759,0.0915368398044912,0,109,263
HM+ST,attack_flow,ctid,42,20,0.3,0.2,0.5,0.09404648760020876,0.08659920015112132,0,109,263
HM+ST,attack_flow,ctid,42,20,0.2,0.2,0.6,0.09463585800574752,0.08371686471386033,0,109,263
HM+ST,attack_flow,ctid,42,20,0.1,0.2,0.7,0.09442970058076966,0.08453201388073571,0,109,263
HM+ST,attack_flow,ctid,42,20,0.0,0.2,0.8,0.09978431185701585,0.08850708127971832,0,109,263
HM+ST,attack_flow,ctid,42,20,0.7,0.3,0.0,0.10268676429941073,0.10837239173017973,0,109,263
HM+ST,attack_flow,ctid,42,20,0.6,0.3,0.1,0.09704055665701218,0.10549263838926885,0,109,263
HM+ST,attack_flow,ctid,42,20,0.5,0.3,0.2,0.10098832099636823,0.09706662619634103,0,109,263
HM+ST,attack_flow,ctid,42,20,0.4,0.3,0.3,0.09628640612088987,0.09268188648677504,0,109,263
HM+ST,attack_flow,ctid,42,20,0.3,0.3,0.4,0.09985544705114198,0.0905471530592842,0,109,263
HM+ST,attack_flow,ctid,42,20,0.2,0.3,0.5,0.10213599304348678,0.08671474463099335,0,109,263
HM+ST,attack_flow,ctid,42,20,0.1,0.3,0.6,0.09904295967714932,0.08612646895999326,0,109,263
HM+ST,attack_flow,ctid,42,20,0.0,0.3,0.7,0.10364612472519963,0.08829915082001032,0,109,263
HM+ST,attack_flow,ctid,42,20,0.6,0.4,0.0,0.09889941983049706,0.09994928732413949,0,109,263
HM+ST,attack_flow,ctid,42,20,0.5,0.4,0.1,0.10761158668745648,0.09710075549407526,0,109,263
HM+ST,attack_flow,ctid,42,20,0.4,0.4,0.2,0.10873786696141355,0.09588419989021045,0,109,263
HM+ST,attack_flow,ctid,42,20,0.3,0.4,0.3,0.10364292216460139,0.09232533960626933,0,109,263
HM+ST,attack_flow,ctid,42,20,0.2,0.4,0.4,0.10075814261128732,0.08719000633789599,0,109,263
HM+ST,attack_flow,ctid,42,20,0.1,0.4,0.5,0.09848611994101339,0.08433795673661301,0,109,263
HM+ST,attack_flow,ctid,42,20,0.0,0.4,0.6,0.10371094649863026,0.08882362011314755,0,109,263
HM+ST,attack_flow,ctid,42,20,0.5,0.5,0.0,0.10656885615178271,0.08819575163873514,0,109,263
HM+ST,attack_flow,ctid,42,20,0.4,0.5,0.1,0.11400114725295518,0.08885457806342408,0,109,263
HM+ST,attack_flow,ctid,42,20,0.3,0.5,0.2,0.11204421293006199,0.0937502011242093,0,109,263
HM+ST,attack_flow,ctid,42,20,0.2,0.5,0.3,0.10859269586450485,0.09028349188830039,0,109,263
HM+ST,attack_flow,ctid,42,20,0.1,0.5,0.4,0.10069739314599328,0.07907911949816435,0,109,263
HM+ST,attack_flow,ctid,42,20,0.0,0.5,0.5,0.10478086439937166,0.08798283705340955,0,109,263
HM+ST,attack_flow,ctid,42,20,0.4,0.6,0.0,0.11211665442373486,0.0911491621679181,0,109,263
HM+ST,attack_flow,ctid,42,20,0.3,0.6,0.1,0.11446202858833468,0.08941647254242169,0,109,263
HM+ST,attack_flow,ctid,42,20,0.2,0.6,0.2,0.11610205425330686,0.08435646018317342,0,109,263
HM+ST,attack_flow,ctid,42,20,0.1,0.6,0.3,0.1055466010703168,0.08100816698584606,0,109,263
HM+ST,attack_flow,ctid,42,20,0.0,0.6,0.4,0.10623570267285451,0.08870377384588432,0,109,263
HM+ST,attack_flow,ctid,42,20,0.3,0.7,0.0,0.11670773109387925,0.09496398511186688,0,109,263
HM+ST,attack_flow,ctid,42,20,0.2,0.7,0.1,0.1144242868129027,0.08813884411642482,0,109,263
HM+ST,attack_flow,ctid,42,20,0.1,0.7,0.2,0.11431989646624023,0.08760851168503506,0,109,263
HM+ST,attack_flow,ctid,42,20,0.0,0.7,0.3,0.11117090482815259,0.09015061844423274,0,109,263
HM+ST,attack_flow,ctid,42,20,0.2,0.8,0.0,0.11612009388501546,0.09365981128702702,0,109,263
HM+ST,attack_flow,ctid,42,20,0.1,0.8,0.1,0.11246852796449694,0.08805314963200647,0,109,263
HM+ST,attack_flow,ctid,42,20,0.0,0.8,0.2,0.11495717826835752,0.08663119187636528,0,109,263
HM+ST,attack_flow,ctid,42,20,0.1,0.9,0.0,0.11116785824289584,0.09126296822894123,0,109,263
HM+ST,attack_flow,ctid,42,20,0.0,0.9,0.1,0.11023857633210825,0.08633744929350531,0,109,263
HM+ST,attack_flow,ctid,42,20,0.0,1.0,0.0,0.11087016178992246,0.09340009972249218,0,109,263
HM+ST,attack_flow,ctid,42,40,1.0,0.0,0.0,0.10632013574118082,0.12909526090771803,0,109,263
HM+ST,attack_flow,ctid,42,40,0.9,0.0,0.1,0.102007128914993,0.11509643374842748,0,109,263
HM+ST,attack_flow,ctid,42,40,0.8,0.0,0.2,0.10298769512046024,0.10960567846070787,0,109,263
HM+ST,attack_flow,ctid,42,40,0.7,0.0,0.3,0.09508915174733851,0.10115319875389986,0,109,263
HM+ST,attack_flow,ctid,42,40,0.6,0.0,0.4,0.09315864493247496,0.09390493175167733,0,109,263
HM+ST,attack_flow,ctid,42,40,0.5,0.0,0.5,0.09145762316230197,0.09120188099446488,0,109,263
HM+ST,attack_flow,ctid,42,40,0.4,0.0,0.6,0.09092416058595049,0.08901661566646062,0,109,263
HM+ST,attack_flow,ctid,42,40,0.3,0.0,0.7,0.09224732282890744,0.08630116514142908,0,109,263
HM+ST,attack_flow,ctid,42,40,0.2,0.0,0.8,0.08940005883677438,0.08512694015056109,0,109,263
HM+ST,attack_flow,ctid,42,40,0.1,0.0,0.9,0.08420133481911152,0.07801023615236924,0,109,263
HM+ST,attack_flow,ctid,42,40,0.0,0.0,1.0,0.05587796612221768,0.05119451025884521,0,109,263
HM+ST,attack_flow,ctid,42,40,0.9,0.1,0.0,0.10437076517454795,0.11634609433431713,0,109,263
HM+ST,attack_flow,ctid,42,40,0.8,0.1,0.1,0.0987399271438921,0.11525613180148189,0,109,263
HM+ST,attack_flow,ctid,42,40,0.7,0.1,0.2,0.09774321262735869,0.11008071047802201,0,109,263
HM+ST,attack_flow,ctid,42,40,0.6,0.1,0.3,0.09475979557612244,0.09759759179589508,0,109,263
HM+ST,attack_flow,ctid,42,40,0.5,0.1,0.4,0.08689375001246566,0.09498373437054086,0,109,263
HM+ST,attack_flow,ctid,42,40,0.4,0.1,0.5,0.08444876111984076,0.08931843516236926,0,109,263
HM+ST,attack_flow,ctid,42,40,0.3,0.1,0.6,0.08788596040743668,0.08635828294931273,0,109,263
HM+ST,attack_flow,ctid,42,40,0.2,0.1,0.7,0.08918430090051885,0.0855511927280849,0,109,263
HM+ST,attack_flow,ctid,42,40,0.1,0.1,0.8,0.09089073271787915,0.08774465911310717,0,109,263
HM+ST,attack_flow,ctid,42,40,0.0,0.1,0.9,0.09364418665959495,0.09353832625321387,0,109,263
HM+ST,attack_flow,ctid,42,40,0.8,0.2,0.0,0.10295173945601026,0.11597439819251001,0,109,263
HM+ST,attack_flow,ctid,42,40,0.7,0.2,0.1,0.09380732486380702,0.11356540165727742,0,109,263
HM+ST,attack_flow,ctid,42,40,0.6,0.2,0.2,0.09645178184086349,0.1064265414655162,0,109,263
HM+ST,attack_flow,ctid,42,40,0.5,0.2,0.3,0.09731207665054423,0.09855379489784907,0,109,263
HM+ST,attack_flow,ctid,42,40,0.4,0.2,0.4,0.09142862667037006,0.09217394885698157,0,109,263
HM+ST,attack_flow,ctid,42,40,0.3,0.2,0.5,0.09021643375215906,0.08880929771640514,0,109,263
HM+ST,attack_flow,ctid,42,40,0.2,0.2,0.6,0.09435835072700408,0.08779067993074002,0,109,263
HM+ST,attack_flow,ctid,42,40,0.1,0.2,0.7,0.09083792706204366,0.08733090578867744,0,109,263
HM+ST,attack_flow,ctid,42,40,0.0,0.2,0.8,0.09747972574177068,0.09682593934466589,0,109,263
HM+ST,attack_flow,ctid,42,40,0.7,0.3,0.0,0.1055942214749787,0.11473086636400083,0,109,263
HM+ST,attack_flow,ctid,42,40,0.6,0.3,0.1,0.09546835489310271,0.10962166994525088,0,109,263
HM+ST,attack_flow,ctid,42,40,0.5,0.3,0.2,0.1004638077714943,0.1004042540660881,0,109,263
HM+ST,attack_flow,ctid,42,40,0.4,0.3,0.3,0.10515189825800908,0.0982923201455139,0,109,263
HM+ST,attack_flow,ctid,42,40,0.3,0.3,0.4,0.09814473499756951,0.09344222485423102,0,109,263
HM+ST,attack_flow,ctid,42,40,0.2,0.3,0.5,0.09621889757179818,0.08827206097615606,0,109,263
HM+ST,attack_flow,ctid,42,40,0.1,0.3,0.6,0.09133271591133303,0.08596627978409488,0,109,263
HM+ST,attack_flow,ctid,42,40,0.0,0.3,0.7,0.10003813123796826,0.09621225716315158,0,109,263
HM+ST,attack_flow,ctid,42,40,0.6,0.4,0.0,0.10508587956008783,0.10576282106911009,0,109,263
HM+ST,attack_flow,ctid,42,40,0.5,0.4,0.1,0.10134036131675139,0.10314843907176086,0,109,263
HM+ST,attack_flow,ctid,42,40,0.4,0.4,0.2,0.10676989714248217,0.10067336337822355,0,109,263
HM+ST,attack_flow,ctid,42,40,0.3,0.4,0.3,0.10980133627619107,0.09757344898027877,0,109,263
HM+ST,attack_flow,ctid,42,40,0.2,0.4,0.4,0.10206562121517553,0.09088504960899234,0,109,263
HM+ST,attack_flow,ctid,42,40,0.1,0.4,0.5,0.09322016801598364,0.08874621902765725,0,109,263
HM+ST,attack_flow,ctid,42,40,0.0,0.4,0.6,0.10449512986808271,0.09589638468428005,0,109,263
HM+ST,attack_flow,ctid,42,40,0.5,0.5,0.0,0.11427625644702004,0.10014930579417751,0,109,263
HM+ST,attack_flow,ctid,42,40,0.4,0.5,0.1,0.11003305387644355,0.09925042588520964,0,109,263
HM+ST,attack_flow,ctid,42,40,0.3,0.5,0.2,0.11322014366712016,0.09924699225107828,0,109,263
HM+ST,attack_flow,ctid,42,40,0.2,0.5,0.3,0.10794653959547724,0.09599865836560892,0,109,263
HM+ST,attack_flow,ctid,42,40,0.1,0.5,0.4,0.10385496759644723,0.09075906987244003,0,109,263
HM+ST,attack_flow,ctid,42,40,0.0,0.5,0.5,0.10298274126842452,0.09419183361802705,0,109,263
HM+ST,attack_flow,ctid,42,40,0.4,0.6,0.0,0.11583452445469009,0.09460459431376436,0,109,263
HM+ST,attack_flow,ctid,42,40,0.3,0.6,0.1,0.11276178089222619,0.08847469838357438,0,109,263
HM+ST,attack_flow,ctid,42,40,0.2,0.6,0.2,0.11335745473146272,0.0864227153580426,0,109,263
HM+ST,attack_flow,ctid,42,40,0.1,0.6,0.3,0.10998519295669998,0.08642626790662242,0,109,263
HM+ST,attack_flow,ctid,42,40,0.0,0.6,0.4,0.11357403091098935,0.09832913555043159,0,109,263
HM+ST,attack_flow,ctid,42,40,0.3,0.7,0.0,0.12168122193280514,0.09526557985010313,0,109,263
HM+ST,attack_flow,ctid,42,40,0.2,0.7,0.1,0.11239973284769585,0.09088447691910988,0,109,263
HM+ST,attack_flow,ctid,42,40,0.1,0.7,0.2,0.10991908691348504,0.08558850023118997,0,109,263
HM+ST,attack_flow,ctid,42,40,0.0,0.7,0.3,0.11796500032552593,0.09498004415041564,0,109,263
HM+ST,attack_flow,ctid,42,40,0.2,0.8,0.0,0.1193926042636819,0.09288745420161201,0,109,263
HM+ST,attack_flow,ctid,42,40,0.1,0.8,0.1,0.1147477802831887,0.09118550165237517,0,109,263
HM+ST,attack_flow,ctid,42,40,0.0,0.8,0.2,0.12635821449882412,0.09133421848513062,0,109,263
HM+ST,attack_flow,ctid,42,40,0.1,0.9,0.0,0.11878350779147544,0.09394938442326677,0,109,263
HM+ST,attack_flow,ctid,42,40,0.0,0.9,0.1,0.12934794531127003,0.09332834869576995,0,109,263
HM+ST,attack_flow,ctid,42,40,0.0,1.0,0.0,0.12954138366895834,0.0960989589544065,0,109,263
HM+ST,attack_flow,ctid,42,60,1.0,0.0,0.0,0.10632013574118082,0.12909526090771803,0,109,263
HM+ST,attack_flow,ctid,42,60,0.9,0.0,0.1,0.102007128914993,0.11509643374842748,0,109,263
HM+ST,attack_flow,ctid,42,60,0.8,0.0,0.2,0.10298769512046024,0.10960567846070787,0,109,263
HM+ST,attack_flow,ctid,42,60,0.7,0.0,0.3,0.09508915174733851,0.10115319875389986,0,109,263
HM+ST,attack_flow,ctid,42,60,0.6,0.0,0.4,0.09315864493247496,0.09390493175167733,0,109,263
HM+ST,attack_flow,ctid,42,60,0.5,0.0,0.5,0.09145762316230197,0.09120188099446488,0,109,263
HM+ST,attack_flow,ctid,42,60,0.4,0.0,0.6,0.09092416058595049,0.08901661566646062,0,109,263
HM+ST,attack_flow,ctid,42,60,0.3,0.0,0.7,0.09224732282890744,0.08630116514142908,0,109,263
HM+ST,attack_flow,ctid,42,60,0.2,0.0,0.8,0.08940005883677438,0.08512694015056109,0,109,263
HM+ST,attack_flow,ctid,42,60,0.1,0.0,0.9,0.08420133481911152,0.07801023615236924,0,109,263
HM+ST,attack_flow,ctid,42,60,0.0,0.0,1.0,0.05587796612221768,0.05119451025884521,0,109,263
HM+ST,attack_flow,ctid,42,60,0.9,0.1,0.0,0.10504444318397858,0.11683849280334657,0,109,263
HM+ST,attack_flow,ctid,42,60,0.8,0.1,0.1,0.10095199332346012,0.11652539474012562,0,109,263
HM+ST,attack_flow,ctid,42,60,0.7,0.1,0.2,0.10103232643590723,0.11043263725580313,0,109,263
HM+ST,attack_flow,ctid,42,60,0.6,0.1,0.3,0.09662596772123609,0.09764158382868846,0,109,263
HM+ST,attack_flow,ctid,42,60,0.5,0.1,0.4,0.09172937948859436,0.09542062470099387,0,109,263
HM+ST,attack_flow,ctid,42,60,0.4,0.1,0.5,0.08535566406595424,0.08949734745545804,0,109,263
HM+ST,attack_flow,ctid,42,60,0.3,0.1,0.6,0.09022887624031714,0.08820770348857268,0,109,263
HM+ST,attack_flow,ctid,42,60,0.2,0.1,0.7,0.08907261742280682,0.0863558822734486,0,109,263
HM+ST,attack_flow,ctid,42,60,0.1,0.1,0.8,0.08827391540161023,0.08616152191660767,0,109,263
HM+ST,attack_flow,ctid,42,60,0.0,0.1,0.9,0.09285107274439228,0.0899721951382507,0,109,263
HM+ST,attack_flow,ctid,42,60,0.8,0.2,0.0,0.10513416533339932,0.1160731885563608,0,109,263
HM+ST,attack_flow,ctid,42,60,0.7,0.2,0.1,0.09941874187731044,0.1136128804646835,0,109,263
HM+ST,attack_flow,ctid,42,60,0.6,0.2,0.2,0.09857776743777802,0.10796932921645656,0,109,263
HM+ST,attack_flow,ctid,42,60,0.5,0.2,0.3,0.09554388085135787,0.0991342425009775,0,109,263
HM+ST,attack_flow,ctid,42,60,0.4,0.2,0.4,0.09126974118029026,0.09288700818604056,0,109,263
HM+ST,attack_flow,ctid,42,60,0.3,0.2,0.5,0.09407559578677674,0.0893620602105685,0,109,263
HM+ST,attack_flow,ctid,42,60,0.2,0.2,0.6,0.09442280114947364,0.08835833047272738,0,109,263
HM+ST,attack_flow,ctid,42,60,0.1,0.2,0.7,0.09203310582383188,0.08959931074656255,0,109,263
HM+ST,attack_flow,ctid,42,60,0.0,0.2,0.8,0.09662234447043302,0.0901594951407181,0,109,263
HM+ST,attack_flow,ctid,42,60,0.7,0.3,0.0,0.10391663956057517,0.11375479301847206,0,109,263
HM+ST,attack_flow,ctid,42,60,0.6,0.3,0.1,0.09540081614347358,0.11060226289842542,0,109,263
HM+ST,attack_flow,ctid,42,60,0.5,0.3,0.2,0.09703336628892836,0.1036489076391062,0,109,263
HM+ST,attack_flow,ctid,42,60,0.4,0.3,0.3,0.10199840650067193,0.09835348203334124,0,109,263
HM+ST,attack_flow,ctid,42,60,0.3,0.3,0.4,0.09628135783702887,0.0912559057495524,0,109,263
HM+ST,attack_flow,ctid,42,60,0.2,0.3,0.5,0.0947234940971009,0.08915462459466231,0,109,263
HM+ST,attack_flow,ctid,42,60,0.1,0.3,0.6,0.09266797468299698,0.08870928383130385,0,109,263
HM+ST,attack_flow,ctid,42,60,0.0,0.3,0.7,0.0990632076109743,0.09220401808235638,0,109,263
HM+ST,attack_flow,ctid,42,60,0.6,0.4,0.0,0.10861808039542091,0.1102750829908679,0,109,263
HM+ST,attack_flow,ctid,42,60,0.5,0.4,0.1,0.09621229238466941,0.10617169741871597,0,109,263
HM+ST,attack_flow,ctid,42,60,0.4,0.4,0.2,0.10119293225471937,0.10130518736351486,0,109,263
HM+ST,attack_flow,ctid,42,60,0.3,0.4,0.3,0.10831470786932218,0.10030641666512692,0,109,263
HM+ST,attack_flow,ctid,42,60,0.2,0.4,0.4,0.10099949067423482,0.09404431885572954,0,109,263
HM+ST,attack_flow,ctid,42,60,0.1,0.4,0.5,0.095839523122417,0.09065788898799533,0,109,263
HM+ST,attack_flow,ctid,42,60,0.0,0.4,0.6,0.10353447235385353,0.09447455513299202,0,109,263
HM+ST,attack_flow,ctid,42,60,0.5,0.5,0.0,0.1090536399088202,0.10602235286575987,0,109,263
HM+ST,attack_flow,ctid,42,60,0.4,0.5,0.1,0.10431750949789656,0.10247073179389524,0,109,263
HM+ST,attack_flow,ctid,42,60,0.3,0.5,0.2,0.10656724866057658,0.1017362298035515,0,109,263
HM+ST,attack_flow,ctid,42,60,0.2,0.5,0.3,0.10789864923950479,0.09890357135457367,0,109,263
HM+ST,attack_flow,ctid,42,60,0.1,0.5,0.4,0.10725511333786286,0.09602109003607662,0,109,263
HM+ST,attack_flow,ctid,42,60,0.0,0.5,0.5,0.10468613024215365,0.09458176252070385,0,109,263
HM+ST,attack_flow,ctid,42,60,0.4,0.6,0.0,0.1107402183273982,0.09690392625118993,0,109,263
HM+ST,attack_flow,ctid,42,60,0.3,0.6,0.1,0.10826961857017255,0.09397395348238202,0,109,263
HM+ST,attack_flow,ctid,42,60,0.2,0.6,0.2,0.1113064257895298,0.09424525600402703,0,109,263
HM+ST,attack_flow,ctid,42,60,0.1,0.6,0.3,0.1075863460886302,0.09142617784252689,0,109,263
HM+ST,attack_flow,ctid,42,60,0.0,0.6,0.4,0.1149223086223238,0.09919380393304564,0,109,263
HM+ST,attack_flow,ctid,42,60,0.3,0.7,0.0,0.1196512122808043,0.09354110776766324,0,109,263
HM+ST,attack_flow,ctid,42,60,0.2,0.7,0.1,0.1119053708129727,0.0903870339590927,0,109,263
HM+ST,attack_flow,ctid,42,60,0.1,0.7,0.2,0.11124408886076032,0.08924630470716848,0,109,263
HM+ST,attack_flow,ctid,42,60,0.0,0.7,0.3,0.11675376792376502,0.09754359434925511,0,109,263
HM+ST,attack_flow,ctid,42,60,0.2,0.8,0.0,0.1181516219947385,0.09379443425541133,0,109,263
HM+ST,attack_flow,ctid,42,60,0.1,0.8,0.1,0.11537743049173436,0.09063157187811335,0,109,263
HM+ST,attack_flow,ctid,42,60,0.0,0.8,0.2,0.11557560739706432,0.08907273903905474,0,109,263
HM+ST,attack_flow,ctid,42,60,0.1,0.9,0.0,0.12058744555315348,0.09361074122067056,0,109,263
HM+ST,attack_flow,ctid,42,60,0.0,0.9,0.1,0.11815418334751245,0.08806949532155874,0,109,263
HM+ST,attack_flow,ctid,42,60,0.0,1.0,0.0,0.12613196049088132,0.09292537521432326,0,109,263
HM+ST,attack_flow,ctid,42,80,1.0,0.0,0.0,0.10632013574118082,0.12909526090771803,0,109,263
HM+ST,attack_flow,ctid,42,80,0.9,0.0,0.1,0.102007128914993,0.11509643374842748,0,109,263
HM+ST,attack_flow,ctid,42,80,0.8,0.0,0.2,0.10298769512046024,0.10960567846070787,0,109,263
HM+ST,attack_flow,ctid,42,80,0.7,0.0,0.3,0.09508915174733851,0.10115319875389986,0,109,263
HM+ST,attack_flow,ctid,42,80,0.6,0.0,0.4,0.09315864493247496,0.09390493175167733,0,109,263
HM+ST,attack_flow,ctid,42,80,0.5,0.0,0.5,0.09145762316230197,0.09120188099446488,0,109,263
HM+ST,attack_flow,ctid,42,80,0.4,0.0,0.6,0.09092416058595049,0.08901661566646062,0,109,263
HM+ST,attack_flow,ctid,42,80,0.3,0.0,0.7,0.09224732282890744,0.08630116514142908,0,109,263
HM+ST,attack_flow,ctid,42,80,0.2,0.0,0.8,0.08940005883677438,0.08512694015056109,0,109,263
HM+ST,attack_flow,ctid,42,80,0.1,0.0,0.9,0.08420133481911152,0.07801023615236924,0,109,263
HM+ST,attack_flow,ctid,42,80,0.0,0.0,1.0,0.05587796612221768,0.05119451025884521,0,109,263
HM+ST,attack_flow,ctid,42,80,0.9,0.1,0.0,0.10493620342627756,0.1194653081339796,0,109,263
HM+ST,attack_flow,ctid,42,80,0.8,0.1,0.1,0.1016843098678619,0.11689755687676928,0,109,263
HM+ST,attack_flow,ctid,42,80,0.7,0.1,0.2,0.10296293159592802,0.11391746125899616,0,109,263
HM+ST,attack_flow,ctid,42,80,0.6,0.1,0.3,0.09660197589877031,0.09857378998602498,0,109,263
HM+ST,attack_flow,ctid,42,80,0.5,0.1,0.4,0.08707675539099488,0.09435804604108042,0,109,263
HM+ST,attack_flow,ctid,42,80,0.4,0.1,0.5,0.08831258989183903,0.09037575480542809,0,109,263
HM+ST,attack_flow,ctid,42,80,0.3,0.1,0.6,0.08946109561964063,0.08913789540221398,0,109,263
HM+ST,attack_flow,ctid,42,80,0.2,0.1,0.7,0.0909378171891698,0.08811709784607123,0,109,263
HM+ST,attack_flow,ctid,42,80,0.1,0.1,0.8,0.08703286321559996,0.08495360999498278,0,109,263
HM+ST,attack_flow,ctid,42,80,0.0,0.1,0.9,0.0938087661246956,0.08569676813643023,0,109,263
HM+ST,attack_flow,ctid,42,80,0.8,0.2,0.0,0.10640580203458927,0.11583945924746046,0,109,263
HM+ST,attack_flow,ctid,42,80,0.7,0.2,0.1,0.09953673613317138,0.11641588434987664,0,109,263
HM+ST,attack_flow,ctid,42,80,0.6,0.2,0.2,0.10285783853179006,0.11209017602615926,0,109,263
HM+ST,attack_flow,ctid,42,80,0.5,0.2,0.3,0.09977280541916847,0.10020229262757234,0,109,263
HM+ST,attack_flow,ctid,42,80,0.4,0.2,0.4,0.09404478730121163,0.09411875733471152,0,109,263
HM+ST,attack_flow,ctid,42,80,0.3,0.2,0.5,0.09240252695694781,0.09235680458419629,0,109,263
HM+ST,attack_flow,ctid,42,80,0.2,0.2,0.6,0.09309490996948058,0.08844033078474083,0,109,263
HM+ST,attack_flow,ctid,42,80,0.1,0.2,0.7,0.09353977058370061,0.09018357941374437,0,109,263
HM+ST,attack_flow,ctid,42,80,0.0,0.2,0.8,0.09773734049543616,0.0887179591081469,0,109,263
HM+ST,attack_flow,ctid,42,80,0.7,0.3,0.0,0.10647804228558115,0.11269337369403336,0,109,263
HM+ST,attack_flow,ctid,42,80,0.6,0.3,0.1,0.09696419751880016,0.11026357060688749,0,109,263
HM+ST,attack_flow,ctid,42,80,0.5,0.3,0.2,0.10281161725043711,0.10616060586601676,0,109,263
HM+ST,attack_flow,ctid,42,80,0.4,0.3,0.3,0.10507663916680172,0.10262949311210068,0,109,263
HM+ST,attack_flow,ctid,42,80,0.3,0.3,0.4,0.09626984885131504,0.09438165301067529,0,109,263
HM+ST,attack_flow,ctid,42,80,0.2,0.3,0.5,0.09326727019117402,0.0917191984826721,0,109,263
HM+ST,attack_flow,ctid,42,80,0.1,0.3,0.6,0.09460508856988828,0.09010056224031322,0,109,263
HM+ST,attack_flow,ctid,42,80,0.0,0.3,0.7,0.10027986618757379,0.08784475168429393,0,109,263
HM+ST,attack_flow,ctid,42,80,0.6,0.4,0.0,0.10971978911815046,0.11162559528298004,0,109,263
HM+ST,attack_flow,ctid,42,80,0.5,0.4,0.1,0.10097067128080126,0.11123436037291241,0,109,263
HM+ST,attack_flow,ctid,42,80,0.4,0.4,0.2,0.1069732023884511,0.10531691119382454,0,109,263
HM+ST,attack_flow,ctid,42,80,0.3,0.4,0.3,0.10821665884466329,0.10415620350831192,0,109,263
HM+ST,attack_flow,ctid,42,80,0.2,0.4,0.4,0.09943575237869454,0.09702109998129112,0,109,263
HM+ST,attack_flow,ctid,42,80,0.1,0.4,0.5,0.097050955897406,0.09233683879021246,0,109,263
HM+ST,attack_flow,ctid,42,80,0.0,0.4,0.6,0.1045209336665867,0.09057469429094558,0,109,263
HM+ST,attack_flow,ctid,42,80,0.5,0.5,0.0,0.11079222021009476,0.11007846852969923,0,109,263
HM+ST,attack_flow,ctid,42,80,0.4,0.5,0.1,0.11009817803168502,0.10976412034684939,0,109,263
HM+ST,attack_flow,ctid,42,80,0.3,0.5,0.2,0.11345727839247381,0.10695684350621368,0,109,263
HM+ST,attack_flow,ctid,42,80,0.2,0.5,0.3,0.10901891879512648,0.1037126731933224,0,109,263
HM+ST,attack_flow,ctid,42,80,0.1,0.5,0.4,0.10543975614902364,0.09970148356644454,0,109,263
HM+ST,attack_flow,ctid,42,80,0.0,0.5,0.5,0.10392635814638132,0.09396714891607891,0,109,263
HM+ST,attack_flow,ctid,42,80,0.4,0.6,0.0,0.1128768112265521,0.10761383980093979,0,109,263
HM+ST,attack_flow,ctid,42,80,0.3,0.6,0.1,0.115640570882012,0.10753181017113908,0,109,263
HM+ST,attack_flow,ctid,42,80,0.2,0.6,0.2,0.11590027100549498,0.1034579997913669,0,109,263
HM+ST,attack_flow,ctid,42,80,0.1,0.6,0.3,0.11537061832156756,0.10057976897817844,0,109,263
HM+ST,attack_flow,ctid,42,80,0.0,0.6,0.4,0.11098818454036108,0.09976386199446688,0,109,263
HM+ST,attack_flow,ctid,42,80,0.3,0.7,0.0,0.11980717329542581,0.09867622969138838,0,109,263
HM+ST,attack_flow,ctid,42,80,0.2,0.7,0.1,0.1165394043494404,0.09850418995866156,0,109,263
HM+ST,attack_flow,ctid,42,80,0.1,0.7,0.2,0.11770542951882672,0.095029328380163,0,109,263
HM+ST,attack_flow,ctid,42,80,0.0,0.7,0.3,0.11778247677258877,0.09929563833706273,0,109,263
HM+ST,attack_flow,ctid,42,80,0.2,0.8,0.0,0.12154907815551666,0.09812347261027296,0,109,263
HM+ST,attack_flow,ctid,42,80,0.1,0.8,0.1,0.11949617223949238,0.09696905463705574,0,109,263
HM+ST,attack_flow,ctid,42,80,0.0,0.8,0.2,0.12013265417460761,0.09550988210845313,0,109,263
HM+ST,attack_flow,ctid,42,80,0.1,0.9,0.0,0.11895229804835797,0.09980604491264788,0,109,263
HM+ST,attack_flow,ctid,42,80,0.0,0.9,0.1,0.1190580338290805,0.09724631114537427,0,109,263
HM+ST,attack_flow,ctid,42,80,0.0,1.0,0.0,0.12208108306651504,0.1009233139126117,0,109,263
HM+ST,attack_flow,ctid,43,100,1.0,0.0,0.0,0.10124688596287826,0.12909526090771803,0,109,263
HM+ST,attack_flow,ctid,43,100,0.9,0.0,0.1,0.09235980253031104,0.11509643374842748,0,109,263
HM+ST,attack_flow,ctid,43,100,0.8,0.0,0.2,0.09198493172149576,0.10960567846070787,0,109,263
HM+ST,attack_flow,ctid,43,100,0.7,0.0,0.3,0.08817940415561511,0.10115319875389986,0,109,263
HM+ST,attack_flow,ctid,43,100,0.6,0.0,0.4,0.08819783394356631,0.09390493175167733,0,109,263
HM+ST,attack_flow,ctid,43,100,0.5,0.0,0.5,0.08625918919133777,0.09120188099446488,0,109,263
HM+ST,attack_flow,ctid,43,100,0.4,0.0,0.6,0.08459109041162784,0.08901661566646062,0,109,263
HM+ST,attack_flow,ctid,43,100,0.3,0.0,0.7,0.08711522935459871,0.08630116514142908,0,109,263
HM+ST,attack_flow,ctid,43,100,0.2,0.0,0.8,0.08489300526253045,0.08512694015056109,0,109,263
HM+ST,attack_flow,ctid,43,100,0.1,0.0,0.9,0.07896429935605817,0.07801023615236924,0,109,263
HM+ST,attack_flow,ctid,43,100,0.0,0.0,1.0,0.05587796612221768,0.05119451025884521,0,109,263
HM+ST,attack_flow,ctid,43,100,0.9,0.1,0.0,0.10116978640997745,0.11917655819814574,0,109,263
HM+ST,attack_flow,ctid,43,100,0.8,0.1,0.1,0.09841131474387951,0.11799598809894052,0,109,263
HM+ST,attack_flow,ctid,43,100,0.7,0.1,0.2,0.09798400717992312,0.11416518315414648,0,109,263
HM+ST,attack_flow,ctid,43,100,0.6,0.1,0.3,0.09254447975365118,0.10034232915282588,0,109,263
HM+ST,attack_flow,ctid,43,100,0.5,0.1,0.4,0.08979980823123511,0.09557004669012578,0,109,263
HM+ST,attack_flow,ctid,43,100,0.4,0.1,0.5,0.0877758169939151,0.09066433917444915,0,109,263
HM+ST,attack_flow,ctid,43,100,0.3,0.1,0.6,0.08893705773446957,0.0897992472370703,0,109,263
HM+ST,attack_flow,ctid,43,100,0.2,0.1,0.7,0.08666428960018531,0.08894704376819179,0,109,263
HM+ST,attack_flow,ctid,43,100,0.1,0.1,0.8,0.08566723476537,0.08577391139326328,0,109,263
HM+ST,attack_flow,ctid,43,100,0.0,0.1,0.9,0.0841765608479689,0.08494787415361102,0,109,263
HM+ST,attack_flow,ctid,43,100,0.8,0.2,0.0,0.09934464954735142,0.11950173139179857,0,109,263
HM+ST,attack_flow,ctid,43,100,0.7,0.2,0.1,0.09804928036360835,0.11876505647555605,0,109,263
HM+ST,attack_flow,ctid,43,100,0.6,0.2,0.2,0.10028610186935845,0.1129766141247828,0,109,263
HM+ST,attack_flow,ctid,43,100,0.5,0.2,0.3,0.099983389004071,0.10280075481295407,0,109,263
HM+ST,attack_flow,ctid,43,100,0.4,0.2,0.4,0.0889340409818287,0.09596169077491844,0,109,263
HM+ST,attack_flow,ctid,43,100,0.3,0.2,0.5,0.09068454877955076,0.09357668713250936,0,109,263
HM+ST,attack_flow,ctid,43,100,0.2,0.2,0.6,0.09251142752388951,0.09046005909054969,0,109,263
HM+ST,attack_flow,ctid,43,100,0.1,0.2,0.7,0.09398793429511801,0.0898092303600631,0,109,263
HM+ST,attack_flow,ctid,43,100,0.0,0.2,0.8,0.08940570132979923,0.08610319945651032,0,109,263
HM+ST,attack_flow,ctid,43,100,0.7,0.3,0.0,0.10263638159164445,0.11932237865335268,0,109,263
HM+ST,attack_flow,ctid,43,100,0.6,0.3,0.1,0.10508561838553569,0.11750825083133756,0,109,263
HM+ST,attack_flow,ctid,43,100,0.5,0.3,0.2,0.10063623291192628,0.11181694844834558,0,109,263
HM+ST,attack_flow,ctid,43,100,0.4,0.3,0.3,0.10898702590655876,0.10789717963559724,0,109,263
HM+ST,attack_flow,ctid,43,100,0.3,0.3,0.4,0.10265990666532676,0.09717084033719214,0,109,263
HM+ST,attack_flow,ctid,43,100,0.2,0.3,0.5,0.09523403160271973,0.09236411384481721,0,109,263
HM+ST,attack_flow,ctid,43,100,0.1,0.3,0.6,0.09310524489270834,0.09112365215072056,0,109,263
HM+ST,attack_flow,ctid,43,100,0.0,0.3,0.7,0.0937300887733863,0.08788698170583452,0,109,263
HM+ST,attack_flow,ctid,43,100,0.6,0.4,0.0,0.10474123021281227,0.11784895583676405,0,109,263
HM+ST,attack_flow,ctid,43,100,0.5,0.4,0.1,0.10895191210639735,0.11820418213491002,0,109,263
HM+ST,attack_flow,ctid,43,100,0.4,0.4,0.2,0.10995451054491834,0.11076487597319931,0,109,263
HM+ST,attack_flow,ctid,43,100,0.3,0.4,0.3,0.11402872953914041,0.10705898352036047,0,109,263
HM+ST,attack_flow,ctid,43,100,0.2,0.4,0.4,0.10582184834010251,0.09872761390578906,0,109,263
HM+ST,attack_flow,ctid,43,100,0.1,0.4,0.5,0.09721188411555506,0.0960371399718695,0,109,263
HM+ST,attack_flow,ctid,43,100,0.0,0.4,0.6,0.09805520819881793,0.09179263389206554,0,109,263
HM+ST,attack_flow,ctid,43,100,0.5,0.5,0.0,0.1082281341829427,0.11783874043858875,0,109,263
HM+ST,attack_flow,ctid,43,100,0.4,0.5,0.1,0.11355090060396981,0.11777123845695721,0,109,263
HM+ST,attack_flow,ctid,43,100,0.3,0.5,0.2,0.1131628027934827,0.11030296876639671,0,109,263
HM+ST,attack_flow,ctid,43,100,0.2,0.5,0.3,0.114579515302011,0.10842153333964547,0,109,263
HM+ST,attack_flow,ctid,43,100,0.1,0.5,0.4,0.11255571542513054,0.10408789321651819,0,109,263
HM+ST,attack_flow,ctid,43,100,0.0,0.5,0.5,0.10338649219706661,0.09761907134247298,0,109,263
HM+ST,attack_flow,ctid,43,100,0.4,0.6,0.0,0.11662027600551772,0.1124335243407846,0,109,263
HM+ST,attack_flow,ctid,43,100,0.3,0.6,0.1,0.11521634203733741,0.11182999381849945,0,109,263
HM+ST,attack_flow,ctid,43,100,0.2,0.6,0.2,0.11631941467065336,0.11002373547525605,0,109,263
HM+ST,attack_flow,ctid,43,100,0.1,0.6,0.3,0.11778441518103155,0.10714982088701068,0,109,263
HM+ST,attack_flow,ctid,43,100,0.0,0.6,0.4,0.11457720121407917,0.10361408469179681,0,109,263
HM+ST,attack_flow,ctid,43,100,0.3,0.7,0.0,0.12939600862774348,0.10675515152230106,0,109,263
HM+ST,attack_flow,ctid,43,100,0.2,0.7,0.1,0.12408118433885003,0.10221827708169433,0,109,263
HM+ST,attack_flow,ctid,43,100,0.1,0.7,0.2,0.11884947697867283,0.1017178947057106,0,109,263
HM+ST,attack_flow,ctid,43,100,0.0,0.7,0.3,0.12099262413894347,0.10691180429826978,0,109,263
HM+ST,attack_flow,ctid,43,100,0.2,0.8,0.0,0.13219707065194236,0.10541064309925996,0,109,263
HM+ST,attack_flow,ctid,43,100,0.1,0.8,0.1,0.1290969553646784,0.10270158951058625,0,109,263
HM+ST,attack_flow,ctid,43,100,0.0,0.8,0.2,0.12213336261818013,0.10420946093274261,0,109,263
HM+ST,attack_flow,ctid,43,100,0.1,0.9,0.0,0.13356228801352726,0.10756346016516563,0,109,263
HM+ST,attack_flow,ctid,43,100,0.0,0.9,0.1,0.1355164900828308,0.10307957697637468,0,109,263
HM+ST,attack_flow,ctid,43,100,0.0,1.0,0.0,0.13721852315127686,0.10499041443912278,0,109,263
HM+ST,attack_flow,ctid,43,20,1.0,0.0,0.0,0.10124688596287826,0.12909526090771803,1,109,263
HM+ST,attack_flow,ctid,43,20,0.9,0.0,0.1,0.09235980253031104,0.11509643374842748,0,109,263
HM+ST,attack_flow,ctid,43,20,0.8,0.0,0.2,0.09198493172149576,0.10960567846070787,0,109,263
HM+ST,attack_flow,ctid,43,20,0.7,0.0,0.3,0.08817940415561511,0.10115319875389986,0,109,263
HM+ST,attack_flow,ctid,43,20,0.6,0.0,0.4,0.08819783394356631,0.09390493175167733,0,109,263
HM+ST,attack_flow,ctid,43,20,0.5,0.0,0.5,0.08625918919133777,0.09120188099446488,0,109,263
HM+ST,attack_flow,ctid,43,20,0.4,0.0,0.6,0.08459109041162784,0.08901661566646062,0,109,263
HM+ST,attack_flow,ctid,43,20,0.3,0.0,0.7,0.08711522935459871,0.08630116514142908,0,109,263
HM+ST,attack_flow,ctid,43,20,0.2,0.0,0.8,0.08489300526253045,0.08512694015056109,0,109,263
HM+ST,attack_flow,ctid,43,20,0.1,0.0,0.9,0.07896429935605817,0.07801023615236924,0,109,263
HM+ST,attack_flow,ctid,43,20,0.0,0.0,1.0,0.05587796612221768,0.05119451025884521,0,109,263
HM+ST,attack_flow,ctid,43,20,0.9,0.1,0.0,0.10190718053638839,0.11534710805836265,0,109,263
HM+ST,attack_flow,ctid,43,20,0.8,0.1,0.1,0.09092395904107735,0.11395010759492978,0,109,263
HM+ST,attack_flow,ctid,43,20,0.7,0.1,0.2,0.09493542417928126,0.10818184105421476,0,109,263
HM+ST,attack_flow,ctid,43,20,0.6,0.1,0.3,0.08786775452366363,0.0966445609869179,0,109,263
HM+ST,attack_flow,ctid,43,20,0.5,0.1,0.4,0.08966016679258743,0.09422345912275494,0,109,263
HM+ST,attack_flow,ctid,43,20,0.4,0.1,0.5,0.08626923796736094,0.08787719438012578,0,109,263
HM+ST,attack_flow,ctid,43,20,0.3,0.1,0.6,0.08711734424548273,0.08550765009865713,0,109,263
HM+ST,attack_flow,ctid,43,20,0.2,0.1,0.7,0.08844127605533239,0.08552159400874461,0,109,263
HM+ST,attack_flow,ctid,43,20,0.1,0.1,0.8,0.08897924037166476,0.08466175870169754,0,109,263
HM+ST,attack_flow,ctid,43,20,0.0,0.1,0.9,0.07771085301284504,0.08536963989828626,0,109,263
HM+ST,attack_flow,ctid,43,20,0.8,0.2,0.0,0.09645923096138899,0.11247259736143349,0,109,263
HM+ST,attack_flow,ctid,43,20,0.7,0.2,0.1,0.09257499738735023,0.10933718100887029,0,109,263
HM+ST,attack_flow,ctid,43,20,0.6,0.2,0.2,0.096434822869407,0.10442647595122703,0,109,263
HM+ST,attack_flow,ctid,43,20,0.5,0.2,0.3,0.09494907109496553,0.09664260094450094,0,109,263
HM+ST,attack_flow,ctid,43,20,0.4,0.2,0.4,0.08994445300677127,0.0915368398044912,0,109,263
HM+ST,attack_flow,ctid,43,20,0.3,0.2,0.5,0.09227475608643891,0.08659920015112132,0,109,263
HM+ST,attack_flow,ctid,43,20,0.2,0.2,0.6,0.09141070705128798,0.08371686471386033,0,109,263
HM+ST,attack_flow,ctid,43,20,0.1,0.2,0.7,0.08942998246199803,0.08453201388073571,0,109,263
HM+ST,attack_flow,ctid,43,20,0.0,0.2,0.8,0.08320947663550624,0.08850708127971832,0,109,263
HM+ST,attack_flow,ctid,43,20,0.7,0.3,0.0,0.09985310574578188,0.10837239173017973,0,109,263
HM+ST,attack_flow,ctid,43,20,0.6,0.3,0.1,0.09620952428258706,0.10549263838926885,0,109,263
HM+ST,attack_flow,ctid,43,20,0.5,0.3,0.2,0.10001325172950895,0.09706662619634103,0,109,263
HM+ST,attack_flow,ctid,43,20,0.4,0.3,0.3,0.10452484557624653,0.09268188648677504,0,109,263
HM+ST,attack_flow,ctid,43,20,0.3,0.3,0.4,0.09714224316829886,0.0905471530592842,0,109,263
HM+ST,attack_flow,ctid,43,20,0.2,0.3,0.5,0.09631410365382963,0.08671474463099335,0,109,263
HM+ST,attack_flow,ctid,43,20,0.1,0.3,0.6,0.09149011160158257,0.08612646895999326,0,109,263
HM+ST,attack_flow,ctid,43,20,0.0,0.3,0.7,0.08872630079259802,0.08829915082001032,0,109,263
HM+ST,attack_flow,ctid,43,20,0.6,0.4,0.0,0.0978937789989611,0.09994928732413949,0,109,263
HM+ST,attack_flow,ctid,43,20,0.5,0.4,0.1,0.10964953655314738,0.09710075549407526,0,109,263
HM+ST,attack_flow,ctid,43,20,0.4,0.4,0.2,0.10779252672522521,0.09588419989021045,0,109,263
HM+ST,attack_flow,ctid,43,20,0.3,0.4,0.3,0.10848104289708475,0.09232533960626933,0,109,263
HM+ST,attack_flow,ctid,43,20,0.2,0.4,0.4,0.09654478832782064,0.08719000633789599,0,109,263
HM+ST,attack_flow,ctid,43,20,0.1,0.4,0.5,0.0925817795528598,0.08433795673661301,0,109,263
HM+ST,attack_flow,ctid,43,20,0.0,0.4,0.6,0.0885447014817797,0.08882362011314755,0,109,263
HM+ST,attack_flow,ctid,43,20,0.5,0.5,0.0,0.10862897887522364,0.08819575163873514,0,109,263
HM+ST,attack_flow,ctid,43,20,0.4,0.5,0.1,0.11043809029290932,0.08885457806342408,0,109,263
HM+ST,attack_flow,ctid,43,20,0.3,0.5,0.2,0.11202547803787388,0.0937502011242093,0,109,263
HM+ST,attack_flow,ctid,43,20,0.2,0.5,0.3,0.10854531734109604,0.09028349188830039,0,109,263
HM+ST,attack_flow,ctid,43,20,0.1,0.5,0.4,0.1042685196209285,0.07907911949816435,0,109,263
HM+ST,attack_flow,ctid,43,20,0.0,0.5,0.5,0.08938518324375705,0.08798283705340955,0,109,263
HM+ST,attack_flow,ctid,43,20,0.4,0.6,0.0,0.11342780266734132,0.0911491621679181,0,109,263
HM+ST,attack_flow,ctid,43,20,0.3,0.6,0.1,0.11232266455375865,0.08941647254242169,0,109,263
HM+ST,attack_flow,ctid,43,20,0.2,0.6,0.2,0.11313585565121556,0.08435646018317342,0,109,263
HM+ST,attack_flow,ctid,43,20,0.1,0.6,0.3,0.11148881294624391,0.08100816698584606,0,109,263
HM+ST,attack_flow,ctid,43,20,0.0,0.6,0.4,0.10546088972810301,0.08870377384588432,0,109,263
HM+ST,attack_flow,ctid,43,20,0.3,0.7,0.0,0.117109691366536,0.09496398511186688,0,109,263
HM+ST,attack_flow,ctid,43,20,0.2,0.7,0.1,0.11192637954932613,0.08813884411642482,0,109,263
HM+ST,attack_flow,ctid,43,20,0.1,0.7,0.2,0.11420425948816204,0.08760851168503506,0,109,263
HM+ST,attack_flow,ctid,43,20,0.0,0.7,0.3,0.11005400683702615,0.09015061844423274,0,109,263
HM+ST,attack_flow,ctid,43,20,0.2,0.8,0.0,0.12072801283643372,0.09365981128702702,0,109,263
HM+ST,attack_flow,ctid,43,20,0.1,0.8,0.1,0.11638842660694655,0.08805314963200647,0,109,263
HM+ST,attack_flow,ctid,43,20,0.0,0.8,0.2,0.11062808440987434,0.08663119187636528,0,109,263
HM+ST,attack_flow,ctid,43,20,0.1,0.9,0.0,0.12411112711150363,0.09126296822894123,0,109,263
HM+ST,attack_flow,ctid,43,20,0.0,0.9,0.1,0.12359820841963212,0.08633744929350531,0,109,263
HM+ST,attack_flow,ctid,43,20,0.0,1.0,0.0,0.1264150578073935,0.09340009972249218,0,109,263
HM+ST,attack_flow,ctid,43,40,1.0,0.0,0.0,0.10124688596287826,0.12909526090771803,0,109,263
HM+ST,attack_flow,ctid,43,40,0.9,0.0,0.1,0.09235980253031104,0.11509643374842748,0,109,263
HM+ST,attack_flow,ctid,43,40,0.8,0.0,0.2,0.09198493172149576,0.10960567846070787,0,109,263
HM+ST,attack_flow,ctid,43,40,0.7,0.0,0.3,0.08817940415561511,0.10115319875389986,0,109,263
HM+ST,attack_flow,ctid,43,40,0.6,0.0,0.4,0.08819783394356631,0.09390493175167733,0,109,263
HM+ST,attack_flow,ctid,43,40,0.5,0.0,0.5,0.08625918919133777,0.09120188099446488,0,109,263
HM+ST,attack_flow,ctid,43,40,0.4,0.0,0.6,0.08459109041162784,0.08901661566646062,0,109,263
HM+ST,attack_flow,ctid,43,40,0.3,0.0,0.7,0.08711522935459871,0.08630116514142908,0,109,263
HM+ST,attack_flow,ctid,43,40,0.2,0.0,0.8,0.08489300526253045,0.08512694015056109,0,109,263
HM+ST,attack_flow,ctid,43,40,0.1,0.0,0.9,0.07896429935605817,0.07801023615236924,0,109,263
HM+ST,attack_flow,ctid,43,40,0.0,0.0,1.0,0.05587796612221768,0.05119451025884521,0,109,263
HM+ST,attack_flow,ctid,43,40,0.9,0.1,0.0,0.10149513086741517,0.11634609433431713,0,109,263
HM+ST,attack_flow,ctid,43,40,0.8,0.1,0.1,0.09278240359687737,0.11525613180148189,0,109,263
HM+ST,attack_flow,ctid,43,40,0.7,0.1,0.2,0.09572040273326946,0.11008071047802201,0,109,263
HM+ST,attack_flow,ctid,43,40,0.6,0.1,0.3,0.08964353499773989,0.09759759179589508,0,109,263
HM+ST,attack_flow,ctid,43,40,0.5,0.1,0.4,0.09063484410336335,0.09498373437054086,0,109,263
HM+ST,attack_flow,ctid,43,40,0.4,0.1,0.5,0.09125416761901617,0.08931843516236926,0,109,263
HM+ST,attack_flow,ctid,43,40,0.3,0.1,0.6,0.08891431458738627,0.08635828294931273,0,109,263
HM+ST,attack_flow,ctid,43,40,0.2,0.1,0.7,0.09035755889478041,0.0855511927280849,0,109,263
HM+ST,attack_flow,ctid,43,40,0.1,0.1,0.8,0.0920273219673208,0.08774465911310717,0,109,263
HM+ST,attack_flow,ctid,43,40,0.0,0.1,0.9,0.09414823103789967,0.09353832625321387,0,109,263
HM+ST,attack_flow,ctid,43,40,0.8,0.2,0.0,0.09882257965270407,0.11597439819251001,0,109,263
HM+ST,attack_flow,ctid,43,40,0.7,0.2,0.1,0.09559691052759503,0.11356540165727742,0,109,263
HM+ST,attack_flow,ctid,43,40,0.6,0.2,0.2,0.09833891064017346,0.1064265414655162,0,109,263
HM+ST,attack_flow,ctid,43,40,0.5,0.2,0.3,0.08951482899274188,0.09855379489784907,0,109,263
HM+ST,attack_flow,ctid,43,40,0.4,0.2,0.4,0.09367811305789575,0.09217394885698157,0,109,263
HM+ST,attack_flow,ctid,43,40,0.3,0.2,0.5,0.09384997798004426,0.08880929771640514,0,109,263
HM+ST,attack_flow,ctid,43,40,0.2,0.2,0.6,0.09554657809789148,0.08779067993074002,0,109,263
HM+ST,attack_flow,ctid,43,40,0.1,0.2,0.7,0.09354490481243025,0.08733090578867744,0,109,263
HM+ST,attack_flow,ctid,43,40,0.0,0.2,0.8,0.09844825876385263,0.09682593934466589,0,109,263
HM+ST,attack_flow,ctid,43,40,0.7,0.3,0.0,0.09917020011106481,0.11473086636400083,0,109,263
HM+ST,attack_flow,ctid,43,40,0.6,0.3,0.1,0.0974833775116837,0.10962166994525088,0,109,263
HM+ST,attack_flow,ctid,43,40,0.5,0.3,0.2,0.10080531092641358,0.1004042540660881,0,109,263
HM+ST,attack_flow,ctid,43,40,0.4,0.3,0.3,0.10001720334430156,0.0982923201455139,0,109,263
HM+ST,attack_flow,ctid,43,40,0.3,0.3,0.4,0.10054446761338116,0.09344222485423102,0,109,263
HM+ST,attack_flow,ctid,43,40,0.2,0.3,0.5,0.09618980927436313,0.08827206097615606,0,109,263
HM+ST,attack_flow,ctid,43,40,0.1,0.3,0.6,0.0968364743583537,0.08596627978409488,0,109,263
HM+ST,attack_flow,ctid,43,40,0.0,0.3,0.7,0.10092304399645317,0.09621225716315158,0,109,263
HM+ST,attack_flow,ctid,43,40,0.6,0.4,0.0,0.09818439703464611,0.10576282106911009,0,109,263
HM+ST,attack_flow,ctid,43,40,0.5,0.4,0.1,0.10578180455877392,0.10314843907176086,0,109,263
HM+ST,attack_flow,ctid,43,40,0.4,0.4,0.2,0.10972694205330809,0.10067336337822355,0,109,263
HM+ST,attack_flow,ctid,43,40,0.3,0.4,0.3,0.10722347953591634,0.09757344898027877,0,109,263
HM+ST,attack_flow,ctid,43,40,0.2,0.4,0.4,0.09898129520989855,0.09088504960899234,0,109,263
HM+ST,attack_flow,ctid,43,40,0.1,0.4,0.5,0.09927761025416179,0.08874621902765725,0,109,263
HM+ST,attack_flow,ctid,43,40,0.0,0.4,0.6,0.1030126441632746,0.09589638468428005,0,109,263
HM+ST,attack_flow,ctid,43,40,0.5,0.5,0.0,0.10887440723805306,0.10014930579417751,0,109,263
HM+ST,attack_flow,ctid,43,40,0.4,0.5,0.1,0.11067928141692518,0.09925042588520964,0,109,263
HM+ST,attack_flow,ctid,43,40,0.3,0.5,0.2,0.11369259922584665,0.09924699225107828,0,109,263
HM+ST,attack_flow,ctid,43,40,0.2,0.5,0.3,0.10924380437720153,0.09599865836560892,0,109,263
HM+ST,attack_flow,ctid,43,40,0.1,0.5,0.4,0.10692605456895958,0.09075906987244003,0,109,263
HM+ST,attack_flow,ctid,43,40,0.0,0.5,0.5,0.10405103697512752,0.09419183361802705,0,109,263
HM+ST,attack_flow,ctid,43,40,0.4,0.6,0.0,0.11461411841296712,0.09460459431376436,0,109,263
HM+ST,attack_flow,ctid,43,40,0.3,0.6,0.1,0.11334065987482381,0.08847469838357438,0,109,263
HM+ST,attack_flow,ctid,43,40,0.2,0.6,0.2,0.11241126233047675,0.0864227153580426,0,109,263
HM+ST,attack_flow,ctid,43,40,0.1,0.6,0.3,0.11521492025318494,0.08642626790662242,0,109,263
HM+ST,attack_flow,ctid,43,40,0.0,0.6,0.4,0.11117848659283032,0.09832913555043159,0,109,263
HM+ST,attack_flow,ctid,43,40,0.3,0.7,0.0,0.1172125373979219,0.09526557985010313,0,109,263
HM+ST,attack_flow,ctid,43,40,0.2,0.7,0.1,0.11026072147221322,0.09088447691910988,0,109,263
HM+ST,attack_flow,ctid,43,40,0.1,0.7,0.2,0.11460674300303268,0.08558850023118997,0,109,263
HM+ST,attack_flow,ctid,43,40,0.0,0.7,0.3,0.11527888305735683,0.09498004415041564,0,109,263
HM+ST,attack_flow,ctid,43,40,0.2,0.8,0.0,0.11626906550794998,0.09288745420161201,0,109,263
HM+ST,attack_flow,ctid,43,40,0.1,0.8,0.1,0.11439834596609558,0.09118550165237517,0,109,263
HM+ST,attack_flow,ctid,43,40,0.0,0.8,0.2,0.1102387500669281,0.09133421848513062,0,109,263
HM+ST,attack_flow,ctid,43,40,0.1,0.9,0.0,0.11889595516795379,0.09394938442326677,0,109,263
HM+ST,attack_flow,ctid,43,40,0.0,0.9,0.1,0.1134280368904403,0.09332834869576995,0,109,263
HM+ST,attack_flow,ctid,43,40,0.0,1.0,0.0,0.11833926996433013,0.0960989589544065,0,109,263
HM+ST,attack_flow,ctid,43,60,1.0,0.0,0.0,0.10124688596287826,0.12909526090771803,0,109,263
HM+ST,attack_flow,ctid,43,60,0.9,0.0,0.1,0.09235980253031104,0.11509643374842748,0,109,263
HM+ST,attack_flow,ctid,43,60,0.8,0.0,0.2,0.09198493172149576,0.10960567846070787,0,109,263
HM+ST,attack_flow,ctid,43,60,0.7,0.0,0.3,0.08817940415561511,0.10115319875389986,0,109,263
HM+ST,attack_flow,ctid,43,60,0.6,0.0,0.4,0.08819783394356631,0.09390493175167733,0,109,263
HM+ST,attack_flow,ctid,43,60,0.5,0.0,0.5,0.08625918919133777,0.09120188099446488,0,109,263
HM+ST,attack_flow,ctid,43,60,0.4,0.0,0.6,0.08459109041162784,0.08901661566646062,0,109,263
HM+ST,attack_flow,ctid,43,60,0.3,0.0,0.7,0.08711522935459871,0.08630116514142908,0,109,263
HM+ST,attack_flow,ctid,43,60,0.2,0.0,0.8,0.08489300526253045,0.08512694015056109,0,109,263
HM+ST,attack_flow,ctid,43,60,0.1,0.0,0.9,0.07896429935605817,0.07801023615236924,0,109,263
HM+ST,attack_flow,ctid,43,60,0.0,0.0,1.0,0.05587796612221768,0.05119451025884521,0,109,263
HM+ST,attack_flow,ctid,43,60,0.9,0.1,0.0,0.10150898120154372,0.11683849280334657,0,109,263
HM+ST,attack_flow,ctid,43,60,0.8,0.1,0.1,0.09278240359687737,0.11652539474012562,0,109,263
HM+ST,attack_flow,ctid,43,60,0.7,0.1,0.2,0.09484727469739368,0.11043263725580313,0,109,263
HM+ST,attack_flow,ctid,43,60,0.6,0.1,0.3,0.08959189687629412,0.09764158382868846,0,109,263
HM+ST,attack_flow,ctid,43,60,0.5,0.1,0.4,0.09051736389465041,0.09542062470099387,0,109,263
HM+ST,attack_flow,ctid,43,60,0.4,0.1,0.5,0.09100303827415981,0.08949734745545804,0,109,263
HM+ST,attack_flow,ctid,43,60,0.3,0.1,0.6,0.08932871213345994,0.08820770348857268,0,109,263
HM+ST,attack_flow,ctid,43,60,0.2,0.1,0.7,0.09007359756858865,0.0863558822734486,0,109,263
HM+ST,attack_flow,ctid,43,60,0.1,0.1,0.8,0.08642667579164633,0.08616152191660767,0,109,263
HM+ST,attack_flow,ctid,43,60,0.0,0.1,0.9,0.0940143650638681,0.0899721951382507,0,109,263
HM+ST,attack_flow,ctid,43,60,0.8,0.2,0.0,0.0999023502899013,0.1160731885563608,0,109,263
HM+ST,attack_flow,ctid,43,60,0.7,0.2,0.1,0.0958840021809215,0.1136128804646835,0,109,263
HM+ST,attack_flow,ctid,43,60,0.6,0.2,0.2,0.09945715592128171,0.10796932921645656,0,109,263
HM+ST,attack_flow,ctid,43,60,0.5,0.2,0.3,0.08778398210864745,0.0991342425009775,0,109,263
HM+ST,attack_flow,ctid,43,60,0.4,0.2,0.4,0.09522010840654832,0.09288700818604056,0,109,263
HM+ST,attack_flow,ctid,43,60,0.3,0.2,0.5,0.09332116698204702,0.0893620602105685,0,109,263
HM+ST,attack_flow,ctid,43,60,0.2,0.2,0.6,0.09207817101481572,0.08835833047272738,0,109,263
HM+ST,attack_flow,ctid,43,60,0.1,0.2,0.7,0.09213844040586769,0.08959931074656255,0,109,263
HM+ST,attack_flow,ctid,43,60,0.0,0.2,0.8,0.09739544388387539,0.0901594951407181,0,109,263
HM+ST,attack_flow,ctid,43,60,0.7,0.3,0.0,0.09851670029349315,0.11375479301847206,0,109,263
HM+ST,attack_flow,ctid,43,60,0.6,0.3,0.1,0.0982015383609457,0.11060226289842542,0,109,263
HM+ST,attack_flow,ctid,43,60,0.5,0.3,0.2,0.10026954493589638,0.1036489076391062,0,109,263
HM+ST,attack_flow,ctid,43,60,0.4,0.3,0.3,0.09761627950951682,0.09835348203334124,0,109,263
HM+ST,attack_flow,ctid,43,60,0.3,0.3,0.4,0.0951014875687892,0.0912559057495524,0,109,263
HM+ST,attack_flow,ctid,43,60,0.2,0.3,0.5,0.0940862238561721,0.08915462459466231,0,109,263
HM+ST,attack_flow,ctid,43,60,0.1,0.3,0.6,0.09603535299354321,0.08870928383130385,0,109,263
HM+ST,attack_flow,ctid,43,60,0.0,0.3,0.7,0.09985632152617697,0.09220401808235638,0,109,263
HM+ST,attack_flow,ctid,43,60,0.6,0.4,0.0,0.09930612492385957,0.1102750829908679,0,109,263
HM+ST,attack_flow,ctid,43,60,0.5,0.4,0.1,0.10263923250074607,0.10617169741871597,0,109,263
HM+ST,attack_flow,ctid,43,60,0.4,0.4,0.2,0.10560924754532555,0.10130518736351486,0,109,263
HM+ST,attack_flow,ctid,43,60,0.3,0.4,0.3,0.10687528166741385,0.10030641666512692,0,109,263
HM+ST,attack_flow,ctid,43,60,0.2,0.4,0.4,0.0991252642804861,0.09404431885572954,0,109,263
HM+ST,attack_flow,ctid,43,60,0.1,0.4,0.5,0.10052928448641367,0.09065788898799533,0,109,263
HM+ST,attack_flow,ctid,43,60,0.0,0.4,0.6,0.10288410945100464,0.09447455513299202,0,109,263
HM+ST,attack_flow,ctid,43,60,0.5,0.5,0.0,0.10511557351885678,0.10602235286575987,0,109,263
HM+ST,attack_flow,ctid,43,60,0.4,0.5,0.1,0.10924227176044679,0.10247073179389524,0,109,263
HM+ST,attack_flow,ctid,43,60,0.3,0.5,0.2,0.10923377626754119,0.1017362298035515,0,109,263
HM+ST,attack_flow,ctid,43,60,0.2,0.5,0.3,0.10868461822455582,0.09890357135457367,0,109,263
HM+ST,attack_flow,ctid,43,60,0.1,0.5,0.4,0.10578113663376736,0.09602109003607662,0,109,263
HM+ST,attack_flow,ctid,43,60,0.0,0.5,0.5,0.1042543620783202,0.09458176252070385,0,109,263
HM+ST,attack_flow,ctid,43,60,0.4,0.6,0.0,0.11007472385005126,0.09690392625118993,0,109,263
HM+ST,attack_flow,ctid,43,60,0.3,0.6,0.1,0.11090561483070446,0.09397395348238202,0,109,263
HM+ST,attack_flow,ctid,43,60,0.2,0.6,0.2,0.11075863323926224,0.09424525600402703,0,109,263
HM+ST,attack_flow,ctid,43,60,0.1,0.6,0.3,0.11239013006511074,0.09142617784252689,0,109,263
HM+ST,attack_flow,ctid,43,60,0.0,0.6,0.4,0.11064702874757401,0.09919380393304564,0,109,263
HM+ST,attack_flow,ctid,43,60,0.3,0.7,0.0,0.11405505402087139,0.09354110776766324,0,109,263
HM+ST,attack_flow,ctid,43,60,0.2,0.7,0.1,0.11181083956217694,0.0903870339590927,0,109,263
HM+ST,attack_flow,ctid,43,60,0.1,0.7,0.2,0.11070104273492168,0.08924630470716848,0,109,263
HM+ST,attack_flow,ctid,43,60,0.0,0.7,0.3,0.11481006388342944,0.09754359434925511,0,109,263
HM+ST,attack_flow,ctid,43,60,0.2,0.8,0.0,0.11598196839495542,0.09379443425541133,0,109,263
HM+ST,attack_flow,ctid,43,60,0.1,0.8,0.1,0.11364212790093005,0.09063157187811335,0,109,263
HM+ST,attack_flow,ctid,43,60,0.0,0.8,0.2,0.11248683172599383,0.08907273903905474,0,109,263
HM+ST,attack_flow,ctid,43,60,0.1,0.9,0.0,0.12107790087524202,0.09361074122067056,0,109,263
HM+ST,attack_flow,ctid,43,60,0.0,0.9,0.1,0.11890843775908169,0.08806949532155874,0,109,263
HM+ST,attack_flow,ctid,43,60,0.0,1.0,0.0,0.1317536010684806,0.09292537521432326,0,109,263
HM+ST,attack_flow,ctid,43,80,1.0,0.0,0.0,0.10124688596287826,0.12909526090771803,0,109,263
HM+ST,attack_flow,ctid,43,80,0.9,0.0,0.1,0.09235980253031104,0.11509643374842748,0,109,263
HM+ST,attack_flow,ctid,43,80,0.8,0.0,0.2,0.09198493172149576,0.10960567846070787,0,109,263
HM+ST,attack_flow,ctid,43,80,0.7,0.0,0.3,0.08817940415561511,0.10115319875389986,0,109,263
HM+ST,attack_flow,ctid,43,80,0.6,0.0,0.4,0.08819783394356631,0.09390493175167733,0,109,263
HM+ST,attack_flow,ctid,43,80,0.5,0.0,0.5,0.08625918919133777,0.09120188099446488,0,109,263
HM+ST,attack_flow,ctid,43,80,0.4,0.0,0.6,0.08459109041162784,0.08901661566646062,0,109,263
HM+ST,attack_flow,ctid,43,80,0.3,0.0,0.7,0.08711522935459871,0.08630116514142908,0,109,263
HM+ST,attack_flow,ctid,43,80,0.2,0.0,0.8,0.08489300526253045,0.08512694015056109,0,109,263
HM+ST,attack_flow,ctid,43,80,0.1,0.0,0.9,0.07896429935605817,0.07801023615236924,0,109,263
HM+ST,attack_flow,ctid,43,80,0.0,0.0,1.0,0.05587796612221768,0.05119451025884521,0,109,263
HM+ST,attack_flow,ctid,43,80,0.9,0.1,0.0,0.10302877329105045,0.1194653081339796,0,109,263
HM+ST,attack_flow,ctid,43,80,0.8,0.1,0.1,0.09238759260903415,0.11689755687676928,0,109,263
HM+ST,attack_flow,ctid,43,80,0.7,0.1,0.2,0.09804132229354617,0.11391746125899616,0,109,263
HM+ST,attack_flow,ctid,43,80,0.6,0.1,0.3,0.08874116865817064,0.09857378998602498,0,109,263
HM+ST,attack_flow,ctid,43,80,0.5,0.1,0.4,0.0895779406481457,0.09435804604108042,0,109,263
HM+ST,attack_flow,ctid,43,80,0.4,0.1,0.5,0.0901284991451016,0.09037575480542809,0,109,263
HM+ST,attack_flow,ctid,43,80,0.3,0.1,0.6,0.08720512156887507,0.08913789540221398,0,109,263
HM+ST,attack_flow,ctid,43,80,0.2,0.1,0.7,0.08777673636220538,0.08811709784607123,0,109,263
HM+ST,attack_flow,ctid,43,80,0.1,0.1,0.8,0.08655583597868112,0.08495360999498278,0,109,263
HM+ST,attack_flow,ctid,43,80,0.0,0.1,0.9,0.09328845101542886,0.08569676813643023,0,109,263
HM+ST,attack_flow,ctid,43,80,0.8,0.2,0.0,0.09883223052716875,0.11583945924746046,0,109,263
HM+ST,attack_flow,ctid,43,80,0.7,0.2,0.1,0.09732592066237666,0.11641588434987664,0,109,263
HM+ST,attack_flow,ctid,43,80,0.6,0.2,0.2,0.1003664287682915,0.11209017602615926,0,109,263
HM+ST,attack_flow,ctid,43,80,0.5,0.2,0.3,0.09546512749682404,0.10020229262757234,0,109,263
HM+ST,attack_flow,ctid,43,80,0.4,0.2,0.4,0.09288802694428175,0.09411875733471152,0,109,263
HM+ST,attack_flow,ctid,43,80,0.3,0.2,0.5,0.09253694754071072,0.09235680458419629,0,109,263
HM+ST,attack_flow,ctid,43,80,0.2,0.2,0.6,0.09264093047443446,0.08844033078474083,0,109,263
HM+ST,attack_flow,ctid,43,80,0.1,0.2,0.7,0.09375189874499346,0.09018357941374437,0,109,263
HM+ST,attack_flow,ctid,43,80,0.0,0.2,0.8,0.09825862630096305,0.0887179591081469,0,109,263
HM+ST,attack_flow,ctid,43,80,0.7,0.3,0.0,0.09826098306118304,0.11269337369403336,0,109,263
HM+ST,attack_flow,ctid,43,80,0.6,0.3,0.1,0.09991246865147271,0.11026357060688749,0,109,263
HM+ST,attack_flow,ctid,43,80,0.5,0.3,0.2,0.10505743182453005,0.10616060586601676,0,109,263
HM+ST,attack_flow,ctid,43,80,0.4,0.3,0.3,0.10419383315023578,0.10262949311210068,0,109,263
HM+ST,attack_flow,ctid,43,80,0.3,0.3,0.4,0.09697146408912212,0.09438165301067529,0,109,263
HM+ST,attack_flow,ctid,43,80,0.2,0.3,0.5,0.09414447655826363,0.0917191984826721,0,109,263
HM+ST,attack_flow,ctid,43,80,0.1,0.3,0.6,0.09548165626077879,0.09010056224031322,0,109,263
HM+ST,attack_flow,ctid,43,80,0.0,0.3,0.7,0.10076850825665115,0.08784475168429393,0,109,263
HM+ST,attack_flow,ctid,43,80,0.6,0.4,0.0,0.10649911241806305,0.11162559528298004,0,109,263
HM+ST,attack_flow,ctid,43,80,0.5,0.4,0.1,0.10727647614208527,0.11123436037291241,0,109,263
HM+ST,attack_flow,ctid,43,80,0.4,0.4,0.2,0.10752854613998467,0.10531691119382454,0,109,263
HM+ST,attack_flow,ctid,43,80,0.3,0.4,0.3,0.10755009396892361,0.10415620350831192,0,109,263
HM+ST,attack_flow,ctid,43,80,0.2,0.4,0.4,0.10255275335636663,0.09702109998129112,0,109,263
HM+ST,attack_flow,ctid,43,80,0.1,0.4,0.5,0.09809379838557776,0.09233683879021246,0,109,263
HM+ST,attack_flow,ctid,43,80,0.0,0.4,0.6,0.10539033236709991,0.09057469429094558,0,109,263
HM+ST,attack_flow,ctid,43,80,0.5,0.5,0.0,0.11001378031042448,0.11007846852969923,0,109,263
HM+ST,attack_flow,ctid,43,80,0.4,0.5,0.1,0.10814946321600916,0.10976412034684939,0,109,263
HM+ST,attack_flow,ctid,43,80,0.3,0.5,0.2,0.11168819542101405,0.10695684350621368,0,109,263
HM+ST,attack_flow,ctid,43,80,0.2,0.5,0.3,0.11068677571019106,0.1037126731933224,0,109,263
HM+ST,attack_flow,ctid,43,80,0.1,0.5,0.4,0.10713075930352686,0.09970148356644454,0,109,263
HM+ST,attack_flow,ctid,43,80,0.0,0.5,0.5,0.11050354942945151,0.09396714891607891,0,109,263
HM+ST,attack_flow,ctid,43,80,0.4,0.6,0.0,0.11725989848366658,0.10761383980093979,0,109,263
HM+ST,attack_flow,ctid,43,80,0.3,0.6,0.1,0.11237424629184918,0.10753181017113908,0,109,263
HM+ST,attack_flow,ctid,43,80,0.2,0.6,0.2,0.11195799010703925,0.1034579997913669,0,109,263
HM+ST,attack_flow,ctid,43,80,0.1,0.6,0.3,0.12010856851822205,0.10057976897817844,0,109,263
HM+ST,attack_flow,ctid,43,80,0.0,0.6,0.4,0.11686347474965005,0.09976386199446688,0,109,263
HM+ST,attack_flow,ctid,43,80,0.3,0.7,0.0,0.12298953034547402,0.09867622969138838,0,109,263
HM+ST,attack_flow,ctid,43,80,0.2,0.7,0.1,0.12232240210562081,0.09850418995866156,0,109,263
HM+ST,attack_flow,ctid,43,80,0.1,0.7,0.2,0.11722715449916954,0.095029328380163,0,109,263
HM+ST,attack_flow,ctid,43,80,0.0,0.7,0.3,0.12000536233849719,0.09929563833706273,0,109,263
HM+ST,attack_flow,ctid,43,80,0.2,0.8,0.0,0.12874070254735454,0.09812347261027296,0,109,263
HM+ST,attack_flow,ctid,43,80,0.1,0.8,0.1,0.12419411184556757,0.09696905463705574,0,109,263
HM+ST,attack_flow,ctid,43,80,0.0,0.8,0.2,0.11977962212495186,0.09550988210845313,0,109,263
HM+ST,attack_flow,ctid,43,80,0.1,0.9,0.0,0.1289647803796751,0.09980604491264788,0,109,263
HM+ST,attack_flow,ctid,43,80,0.0,0.9,0.1,0.12841389646210827,0.09724631114537427,0,109,263
HM+ST,attack_flow,ctid,43,80,0.0,1.0,0.0,0.14787534786128617,0.1009233139126117,0,109,263
HM+ST,attack_flow,ctid,44,100,1.0,0.0,0.0,0.10821325635934269,0.12909526090771803,0,109,263
HM+ST,attack_flow,ctid,44,100,0.9,0.0,0.1,0.10107365296601445,0.11509643374842748,0,109,263
HM+ST,attack_flow,ctid,44,100,0.8,0.0,0.2,0.09065523785245702,0.10960567846070787,0,109,263
HM+ST,attack_flow,ctid,44,100,0.7,0.0,0.3,0.09298043171702172,0.10115319875389986,0,109,263
HM+ST,attack_flow,ctid,44,100,0.6,0.0,0.4,0.08382407052396106,0.09390493175167733,0,109,263
HM+ST,attack_flow,ctid,44,100,0.5,0.0,0.5,0.08212304875378806,0.09120188099446488,0,109,263
HM+ST,attack_flow,ctid,44,100,0.4,0.0,0.6,0.08217520486304095,0.08901661566646062,0,109,263
HM+ST,attack_flow,ctid,44,100,0.3,0.0,0.7,0.08178789116936899,0.08630116514142908,0,109,263
HM+ST,attack_flow,ctid,44,100,0.2,0.0,0.8,0.07900690632802201,0.08512694015056109,0,109,263
HM+ST,attack_flow,ctid,44,100,0.1,0.0,0.9,0.07363696117082846,0.07801023615236924,0,109,263
HM+ST,attack_flow,ctid,44,100,0.0,0.0,1.0,0.05587796612221768,0.05119451025884521,0,109,263
HM+ST,attack_flow,ctid,44,100,0.9,0.1,0.0,0.10478810023416885,0.11917655819814574,0,109,263
HM+ST,attack_flow,ctid,44,100,0.8,0.1,0.1,0.10484154800059686,0.11799598809894052,0,109,263
HM+ST,attack_flow,ctid,44,100,0.7,0.1,0.2,0.09962784349295085,0.11416518315414648,0,109,263
HM+ST,attack_flow,ctid,44,100,0.6,0.1,0.3,0.092213210608068,0.10034232915282588,0,109,263
HM+ST,attack_flow,ctid,44,100,0.5,0.1,0.4,0.08607395307719803,0.09557004669012578,0,109,263
HM+ST,attack_flow,ctid,44,100,0.4,0.1,0.5,0.08451847327548895,0.09066433917444915,0,109,263
HM+ST,attack_flow,ctid,44,100,0.3,0.1,0.6,0.08617813206450406,0.0897992472370703,0,109,263
HM+ST,attack_flow,ctid,44,100,0.2,0.1,0.7,0.0867658891776437,0.08894704376819179,0,109,263
HM+ST,attack_flow,ctid,44,100,0.1,0.1,0.8,0.0866505046441798,0.08577391139326328,0,109,263
HM+ST,attack_flow,ctid,44,100,0.0,0.1,0.9,0.09997582210341124,0.08494787415361102,0,109,263
HM+ST,attack_flow,ctid,44,100,0.8,0.2,0.0,0.10392101499202133,0.11950173139179857,0,109,263
HM+ST,attack_flow,ctid,44,100,0.7,0.2,0.1,0.1045284582161619,0.11876505647555605,0,109,263
HM+ST,attack_flow,ctid,44,100,0.6,0.2,0.2,0.0997530019468189,0.1129766141247828,0,109,263
HM+ST,attack_flow,ctid,44,100,0.5,0.2,0.3,0.092730594483864,0.10280075481295407,0,109,263
HM+ST,attack_flow,ctid,44,100,0.4,0.2,0.4,0.09059927453138769,0.09596169077491844,0,109,263
HM+ST,attack_flow,ctid,44,100,0.3,0.2,0.5,0.09119507824876706,0.09357668713250936,0,109,263
HM+ST,attack_flow,ctid,44,100,0.2,0.2,0.6,0.0943537308955753,0.09046005909054969,0,109,263
HM+ST,attack_flow,ctid,44,100,0.1,0.2,0.7,0.0963675621280555,0.0898092303600631,0,109,263
HM+ST,attack_flow,ctid,44,100,0.0,0.2,0.8,0.10203877206210468,0.08610319945651032,0,109,263
HM+ST,attack_flow,ctid,44,100,0.7,0.3,0.0,0.10613746902636204,0.11932237865335268,0,109,263
HM+ST,attack_flow,ctid,44,100,0.6,0.3,0.1,0.10282953464700306,0.11750825083133756,0,109,263
HM+ST,attack_flow,ctid,44,100,0.5,0.3,0.2,0.10407924452256215,0.11181694844834558,0,109,263
HM+ST,attack_flow,ctid,44,100,0.4,0.3,0.3,0.10464714616353199,0.10789717963559724,0,109,263
HM+ST,attack_flow,ctid,44,100,0.3,0.3,0.4,0.1007123480801485,0.09717084033719214,0,109,263
HM+ST,attack_flow,ctid,44,100,0.2,0.3,0.5,0.09529111281495335,0.09236411384481721,0,109,263
HM+ST,attack_flow,ctid,44,100,0.1,0.3,0.6,0.09702580465597359,0.09112365215072056,0,109,263
HM+ST,attack_flow,ctid,44,100,0.0,0.3,0.7,0.1047216675951543,0.08788698170583452,0,109,263
HM+ST,attack_flow,ctid,44,100,0.6,0.4,0.0,0.10488141984196113,0.11784895583676405,0,109,263
HM+ST,attack_flow,ctid,44,100,0.5,0.4,0.1,0.11252812701155743,0.11820418213491002,0,109,263
HM+ST,attack_flow,ctid,44,100,0.4,0.4,0.2,0.11118131450967847,0.11076487597319931,0,109,263
HM+ST,attack_flow,ctid,44,100,0.3,0.4,0.3,0.11529270723113713,0.10705898352036047,0,109,263
HM+ST,attack_flow,ctid,44,100,0.2,0.4,0.4,0.10787934569959864,0.09872761390578906,0,109,263
HM+ST,attack_flow,ctid,44,100,0.1,0.4,0.5,0.10423373565631408,0.0960371399718695,0,109,263
HM+ST,attack_flow,ctid,44,100,0.0,0.4,0.6,0.11142416917306186,0.09179263389206554,0,109,263
HM+ST,attack_flow,ctid,44,100,0.5,0.5,0.0,0.10901832912059292,0.11783874043858875,0,109,263
HM+ST,attack_flow,ctid,44,100,0.4,0.5,0.1,0.11991595544035709,0.11777123845695721,0,109,263
HM+ST,attack_flow,ctid,44,100,0.3,0.5,0.2,0.12028614188731575,0.11030296876639671,0,109,263
HM+ST,attack_flow,ctid,44,100,0.2,0.5,0.3,0.1221030489236603,0.10842153333964547,0,109,263
HM+ST,attack_flow,ctid,44,100,0.1,0.5,0.4,0.11880514568619963,0.10408789321651819,0,109,263
HM+ST,attack_flow,ctid,44,100,0.0,0.5,0.5,0.11739516320152694,0.09761907134247298,0,109,263
HM+ST,attack_flow,ctid,44,100,0.4,0.6,0.0,0.11980558545622384,0.1124335243407846,0,109,263
HM+ST,attack_flow,ctid,44,100,0.3,0.6,0.1,0.11905104490030467,0.11182999381849945,0,109,263
HM+ST,attack_flow,ctid,44,100,0.2,0.6,0.2,0.12736780946115558,0.11002373547525605,0,109,263
HM+ST,attack_flow,ctid,44,100,0.1,0.6,0.3,0.13163539061400192,0.10714982088701068,0,109,263
HM+ST,attack_flow,ctid,44,100,0.0,0.6,0.4,0.12611414020742723,0.10361408469179681,0,109,263
HM+ST,attack_flow,ctid,44,100,0.3,0.7,0.0,0.13308624946531009,0.10675515152230106,0,109,263
HM+ST,attack_flow,ctid,44,100,0.2,0.7,0.1,0.12755794360826772,0.10221827708169433,0,109,263
HM+ST,attack_flow,ctid,44,100,0.1,0.7,0.2,0.13380078018686137,0.1017178947057106,0,109,263
HM+ST,attack_flow,ctid,44,100,0.0,0.7,0.3,0.13653758337285848,0.10691180429826978,0,109,263
HM+ST,attack_flow,ctid,44,100,0.2,0.8,0.0,0.13021474388791537,0.10541064309925996,0,109,263
HM+ST,attack_flow,ctid,44,100,0.1,0.8,0.1,0.13021158164395072,0.10270158951058625,0,109,263
HM+ST,attack_flow,ctid,44,100,0.0,0.8,0.2,0.137756528224344,0.10420946093274261,0,109,263
HM+ST,attack_flow,ctid,44,100,0.1,0.9,0.0,0.13440185747747,0.10756346016516563,0,109,263
HM+ST,attack_flow,ctid,44,100,0.0,0.9,0.1,0.13705535295949786,0.10307957697637468,0,109,263
HM+ST,attack_flow,ctid,44,100,0.0,1.0,0.0,0.13276741683539536,0.10499041443912278,0,109,263
HM+ST,attack_flow,ctid,44,20,1.0,0.0,0.0,0.10821325635934269,0.12909526090771803,1,109,263
HM+ST,attack_flow,ctid,44,20,0.9,0.0,0.1,0.10107365296601445,0.11509643374842748,0,109,263
HM+ST,attack_flow,ctid,44,20,0.8,0.0,0.2,0.09065523785245702,0.10960567846070787,0,109,263
HM+ST,attack_flow,ctid,44,20,0.7,0.0,0.3,0.09298043171702172,0.10115319875389986,0,109,263
HM+ST,attack_flow,ctid,44,20,0.6,0.0,0.4,0.08382407052396106,0.09390493175167733,0,109,263
HM+ST,attack_flow,ctid,44,20,0.5,0.0,0.5,0.08212304875378806,0.09120188099446488,0,109,263
HM+ST,attack_flow,ctid,44,20,0.4,0.0,0.6,0.08217520486304095,0.08901661566646062,0,109,263
HM+ST,attack_flow,ctid,44,20,0.3,0.0,0.7,0.08178789116936899,0.08630116514142908,0,109,263
HM+ST,attack_flow,ctid,44,20,0.2,0.0,0.8,0.07900690632802201,0.08512694015056109,0,109,263
HM+ST,attack_flow,ctid,44,20,0.1,0.0,0.9,0.07363696117082846,0.07801023615236924,0,109,263
HM+ST,attack_flow,ctid,44,20,0.0,0.0,1.0,0.05587796612221768,0.05119451025884521,0,109,263
HM+ST,attack_flow,ctid,44,20,0.9,0.1,0.0,0.10193217087080061,0.11534710805836265,0,109,263
HM+ST,attack_flow,ctid,44,20,0.8,0.1,0.1,0.10271535570892783,0.11395010759492978,0,109,263
HM+ST,attack_flow,ctid,44,20,0.7,0.1,0.2,0.09203384296091445,0.10818184105421476,0,109,263
HM+ST,attack_flow,ctid,44,20,0.6,0.1,0.3,0.08698846658207916,0.0966445609869179,0,109,263
HM+ST,attack_flow,ctid,44,20,0.5,0.1,0.4,0.08542944164010594,0.09422345912275494,0,109,263
HM+ST,attack_flow,ctid,44,20,0.4,0.1,0.5,0.08321763875109364,0.08787719438012578,0,109,263
HM+ST,attack_flow,ctid,44,20,0.3,0.1,0.6,0.08740323907271705,0.08550765009865713,0,109,263
HM+ST,attack_flow,ctid,44,20,0.2,0.1,0.7,0.08754799962777399,0.08552159400874461,0,109,263
HM+ST,attack_flow,ctid,44,20,0.1,0.1,0.8,0.08645519482732952,0.08466175870169754,0,109,263
HM+ST,attack_flow,ctid,44,20,0.0,0.1,0.9,0.09419986915934543,0.08536963989828626,0,109,263
HM+ST,attack_flow,ctid,44,20,0.8,0.2,0.0,0.09845737927361234,0.11247259736143349,0,109,263
HM+ST,attack_flow,ctid,44,20,0.7,0.2,0.1,0.09769897248889894,0.10933718100887029,0,109,263
HM+ST,attack_flow,ctid,44,20,0.6,0.2,0.2,0.09591432515514141,0.10442647595122703,0,109,263
HM+ST,attack_flow,ctid,44,20,0.5,0.2,0.3,0.0871909274448606,0.09664260094450094,0,109,263
HM+ST,attack_flow,ctid,44,20,0.4,0.2,0.4,0.08847749499491993,0.0915368398044912,0,109,263
HM+ST,attack_flow,ctid,44,20,0.3,0.2,0.5,0.09151939068940575,0.08659920015112132,0,109,263
HM+ST,attack_flow,ctid,44,20,0.2,0.2,0.6,0.08888666150695275,0.08371686471386033,0,109,263
HM+ST,attack_flow,ctid,44,20,0.1,0.2,0.7,0.09385300246185928,0.08453201388073571,0,109,263
HM+ST,attack_flow,ctid,44,20,0.0,0.2,0.8,0.0980245184066802,0.08850708127971832,0,109,263
HM+ST,attack_flow,ctid,44,20,0.7,0.3,0.0,0.10262758095211585,0.10837239173017973,0,109,263
HM+ST,attack_flow,ctid,44,20,0.6,0.3,0.1,0.09460629236340515,0.10549263838926885,0,109,263
HM+ST,attack_flow,ctid,44,20,0.5,0.3,0.2,0.09816867495319205,0.09706662619634103,0,109,263
HM+ST,attack_flow,ctid,44,20,0.4,0.3,0.3,0.09597655501175954,0.09268188648677504,0,109,263
HM+ST,attack_flow,ctid,44,20,0.3,0.3,0.4,0.09414945802841532,0.0905471530592842,0,109,263
HM+ST,attack_flow,ctid,44,20,0.2,0.3,0.5,0.09737627321464656,0.08671474463099335,0,109,263
HM+ST,attack_flow,ctid,44,20,0.1,0.3,0.6,0.09942027662435818,0.08612646895999326,0,109,263
HM+ST,attack_flow,ctid,44,20,0.0,0.3,0.7,0.1032319589524543,0.08829915082001032,0,109,263
HM+ST,attack_flow,ctid,44,20,0.6,0.4,0.0,0.10555006773607764,0.09994928732413949,0,109,263
HM+ST,attack_flow,ctid,44,20,0.5,0.4,0.1,0.10352994057189605,0.09710075549407526,0,109,263
HM+ST,attack_flow,ctid,44,20,0.4,0.4,0.2,0.10540788838779391,0.09588419989021045,0,109,263
HM+ST,attack_flow,ctid,44,20,0.3,0.4,0.3,0.10543546806272086,0.09232533960626933,0,109,263
HM+ST,attack_flow,ctid,44,20,0.2,0.4,0.4,0.1002164338547217,0.08719000633789599,0,109,263
HM+ST,attack_flow,ctid,44,20,0.1,0.4,0.5,0.10010708232721917,0.08433795673661301,0,109,263
HM+ST,attack_flow,ctid,44,20,0.0,0.4,0.6,0.10252244688895737,0.08882362011314755,0,109,263
HM+ST,attack_flow,ctid,44,20,0.5,0.5,0.0,0.10433419003376762,0.08819575163873514,0,109,263
HM+ST,attack_flow,ctid,44,20,0.4,0.5,0.1,0.11117858807497258,0.08885457806342408,0,109,263
HM+ST,attack_flow,ctid,44,20,0.3,0.5,0.2,0.11363298298968519,0.0937502011242093,0,109,263
HM+ST,attack_flow,ctid,44,20,0.2,0.5,0.3,0.11078589380851893,0.09028349188830039,0,109,263
HM+ST,attack_flow,ctid,44,20,0.1,0.5,0.4,0.09813344161718919,0.07907911949816435,0,109,263
HM+ST,attack_flow,ctid,44,20,0.0,0.5,0.5,0.10333688357725317,0.08798283705340955,0,109,263
HM+ST,attack_flow,ctid,44,20,0.4,0.6,0.0,0.11255767800776437,0.0911491621679181,0,109,263
HM+ST,attack_flow,ctid,44,20,0.3,0.6,0.1,0.11444553983433411,0.08941647254242169,0,109,263
HM+ST,attack_flow,ctid,44,20,0.2,0.6,0.2,0.1122860021780759,0.08435646018317342,0,109,263
HM+ST,attack_flow,ctid,44,20,0.1,0.6,0.3,0.11310334314145973,0.08100816698584606,0,109,263
HM+ST,attack_flow,ctid,44,20,0.0,0.6,0.4,0.10731575545079075,0.08870377384588432,0,109,263
HM+ST,attack_flow,ctid,44,20,0.3,0.7,0.0,0.11652477630390415,0.09496398511186688,0,109,263
HM+ST,attack_flow,ctid,44,20,0.2,0.7,0.1,0.11422291399114792,0.08813884411642482,0,109,263
HM+ST,attack_flow,ctid,44,20,0.1,0.7,0.2,0.11243629400241037,0.08760851168503506,0,109,263
HM+ST,attack_flow,ctid,44,20,0.0,0.7,0.3,0.11283728932530705,0.09015061844423274,0,109,263
HM+ST,attack_flow,ctid,44,20,0.2,0.8,0.0,0.11727303161887662,0.09365981128702702,0,109,263
HM+ST,attack_flow,ctid,44,20,0.1,0.8,0.1,0.11854349987188835,0.08805314963200647,0,109,263
HM+ST,attack_flow,ctid,44,20,0.0,0.8,0.2,0.10803463485875868,0.08663119187636528,0,109,263
HM+ST,attack_flow,ctid,44,20,0.1,0.9,0.0,0.11630735970630521,0.09126296822894123,0,109,263
HM+ST,attack_flow,ctid,44,20,0.0,0.9,0.1,0.11391770288467111,0.08633744929350531,0,109,263
HM+ST,attack_flow,ctid,44,20,0.0,1.0,0.0,0.11272531614748642,0.09340009972249218,0,109,263
HM+ST,attack_flow,ctid,44,40,1.0,0.0,0.0,0.10821325635934269,0.12909526090771803,0,109,263
HM+ST,attack_flow,ctid,44,40,0.9,0.0,0.1,0.10107365296601445,0.11509643374842748,0,109,263
HM+ST,attack_flow,ctid,44,40,0.8,0.0,0.2,0.09065523785245702,0.10960567846070787,0,109,263
HM+ST,attack_flow,ctid,44,40,0.7,0.0,0.3,0.09298043171702172,0.10115319875389986,0,109,263
HM+ST,attack_flow,ctid,44,40,0.6,0.0,0.4,0.08382407052396106,0.09390493175167733,0,109,263
HM+ST,attack_flow,ctid,44,40,0.5,0.0,0.5,0.08212304875378806,0.09120188099446488,0,109,263
HM+ST,attack_flow,ctid,44,40,0.4,0.0,0.6,0.08217520486304095,0.08901661566646062,0,109,263
HM+ST,attack_flow,ctid,44,40,0.3,0.0,0.7,0.08178789116936899,0.08630116514142908,0,109,263
HM+ST,attack_flow,ctid,44,40,0.2,0.0,0.8,0.07900690632802201,0.08512694015056109,0,109,263
HM+ST,attack_flow,ctid,44,40,0.1,0.0,0.9,0.07363696117082846,0.07801023615236924,0,109,263
HM+ST,attack_flow,ctid,44,40,0.0,0.0,1.0,0.05587796612221768,0.05119451025884521,0,109,263
HM+ST,attack_flow,ctid,44,40,0.9,0.1,0.0,0.1026127155065715,0.11634609433431713,0,109,263
HM+ST,attack_flow,ctid,44,40,0.8,0.1,0.1,0.10393383261405391,0.11525613180148189,0,109,263
HM+ST,attack_flow,ctid,44,40,0.7,0.1,0.2,0.09509815158729039,0.11008071047802201,0,109,263
HM+ST,attack_flow,ctid,44,40,0.6,0.1,0.3,0.08807272341443667,0.09759759179589508,0,109,263
HM+ST,attack_flow,ctid,44,40,0.5,0.1,0.4,0.0865125465873835,0.09498373437054086,0,109,263
HM+ST,attack_flow,ctid,44,40,0.4,0.1,0.5,0.08585730978819968,0.08931843516236926,0,109,263
HM+ST,attack_flow,ctid,44,40,0.3,0.1,0.6,0.08696818959272924,0.08635828294931273,0,109,263
HM+ST,attack_flow,ctid,44,40,0.2,0.1,0.7,0.08726088027732658,0.0855511927280849,0,109,263
HM+ST,attack_flow,ctid,44,40,0.1,0.1,0.8,0.08998985582376004,0.08774465911310717,0,109,263
HM+ST,attack_flow,ctid,44,40,0.0,0.1,0.9,0.0948406483618435,0.09353832625321387,0,109,263
HM+ST,attack_flow,ctid,44,40,0.8,0.2,0.0,0.10178056193072518,0.11597439819251001,0,109,263
HM+ST,attack_flow,ctid,44,40,0.7,0.2,0.1,0.10379697435880253,0.11356540165727742,0,109,263
HM+ST,attack_flow,ctid,44,40,0.6,0.2,0.2,0.09656101339795113,0.1064265414655162,0,109,263
HM+ST,attack_flow,ctid,44,40,0.5,0.2,0.3,0.09152211952446734,0.09855379489784907,0,109,263
HM+ST,attack_flow,ctid,44,40,0.4,0.2,0.4,0.09070728990210405,0.09217394885698157,0,109,263
HM+ST,attack_flow,ctid,44,40,0.3,0.2,0.5,0.09147074530070742,0.08880929771640514,0,109,263
HM+ST,attack_flow,ctid,44,40,0.2,0.2,0.6,0.09345747383288497,0.08779067993074002,0,109,263
HM+ST,attack_flow,ctid,44,40,0.1,0.2,0.7,0.0965604134681149,0.08733090578867744,0,109,263
HM+ST,attack_flow,ctid,44,40,0.0,0.2,0.8,0.09742808762032491,0.09682593934466589,0,109,263
HM+ST,attack_flow,ctid,44,40,0.7,0.3,0.0,0.10088670109765166,0.11473086636400083,0,109,263
HM+ST,attack_flow,ctid,44,40,0.6,0.3,0.1,0.09892241763872212,0.10962166994525088,0,109,263
HM+ST,attack_flow,ctid,44,40,0.5,0.3,0.2,0.09980915404007303,0.1004042540660881,0,109,263
HM+ST,attack_flow,ctid,44,40,0.4,0.3,0.3,0.10257322113453682,0.0982923201455139,0,109,263
HM+ST,attack_flow,ctid,44,40,0.3,0.3,0.4,0.09788063111184683,0.09344222485423102,0,109,263
HM+ST,attack_flow,ctid,44,40,0.2,0.3,0.5,0.09500160080853821,0.08827206097615606,0,109,263
HM+ST,attack_flow,ctid,44,40,0.1,0.3,0.6,0.09731538520045185,0.08596627978409488,0,109,263
HM+ST,attack_flow,ctid,44,40,0.0,0.3,0.7,0.10120194920376728,0.09621225716315158,0,109,263
HM+ST,attack_flow,ctid,44,40,0.6,0.4,0.0,0.10283459237440758,0.10576282106911009,0,109,263
HM+ST,attack_flow,ctid,44,40,0.5,0.4,0.1,0.10871884377872612,0.10314843907176086,0,109,263
HM+ST,attack_flow,ctid,44,40,0.4,0.4,0.2,0.10919008008063207,0.10067336337822355,0,109,263
HM+ST,attack_flow,ctid,44,40,0.3,0.4,0.3,0.10677025720892468,0.09757344898027877,0,109,263
HM+ST,attack_flow,ctid,44,40,0.2,0.4,0.4,0.10115245535648212,0.09088504960899234,0,109,263
HM+ST,attack_flow,ctid,44,40,0.1,0.4,0.5,0.1019944251180763,0.08874621902765725,0,109,263
HM+ST,attack_flow,ctid,44,40,0.0,0.4,0.6,0.1044182332772585,0.09589638468428005,0,109,263
HM+ST,attack_flow,ctid,44,40,0.5,0.5,0.0,0.11269159359789904,0.10014930579417751,0,109,263
HM+ST,attack_flow,ctid,44,40,0.4,0.5,0.1,0.11296673712284055,0.09925042588520964,0,109,263
HM+ST,attack_flow,ctid,44,40,0.3,0.5,0.2,0.11176566342694297,0.09924699225107828,0,109,263
HM+ST,attack_flow,ctid,44,40,0.2,0.5,0.3,0.11298722919530954,0.09599865836560892,0,109,263
HM+ST,attack_flow,ctid,44,40,0.1,0.5,0.4,0.11032224763287346,0.09075906987244003,0,109,263
HM+ST,attack_flow,ctid,44,40,0.0,0.5,0.5,0.10317136399640751,0.09419183361802705,0,109,263
HM+ST,attack_flow,ctid,44,40,0.4,0.6,0.0,0.11489459318912894,0.09460459431376436,0,109,263
HM+ST,attack_flow,ctid,44,40,0.3,0.6,0.1,0.11661480124467907,0.08847469838357438,0,109,263
HM+ST,attack_flow,ctid,44,40,0.2,0.6,0.2,0.11391908841805438,0.0864227153580426,0,109,263
HM+ST,attack_flow,ctid,44,40,0.1,0.6,0.3,0.11584181789553201,0.08642626790662242,0,109,263
HM+ST,attack_flow,ctid,44,40,0.0,0.6,0.4,0.11378307377618613,0.09832913555043159,0,109,263
HM+ST,attack_flow,ctid,44,40,0.3,0.7,0.0,0.11633549403016226,0.09526557985010313,0,109,263
HM+ST,attack_flow,ctid,44,40,0.2,0.7,0.1,0.11519995468080158,0.09088447691910988,0,109,263
HM+ST,attack_flow,ctid,44,40,0.1,0.7,0.2,0.11626140365253039,0.08558850023118997,0,109,263
HM+ST,attack_flow,ctid,44,40,0.0,0.7,0.3,0.11418028169063488,0.09498004415041564,0,109,263
HM+ST,attack_flow,ctid,44,40,0.2,0.8,0.0,0.12084627749304681,0.09288745420161201,0,109,263
HM+ST,attack_flow,ctid,44,40,0.1,0.8,0.1,0.11772227521648353,0.09118550165237517,0,109,263
HM+ST,attack_flow,ctid,44,40,0.0,0.8,0.2,0.11621518686778742,0.09133421848513062,0,109,263
HM+ST,attack_flow,ctid,44,40,0.1,0.9,0.0,0.12564024826027412,0.09394938442326677,0,109,263
HM+ST,attack_flow,ctid,44,40,0.0,0.9,0.1,0.12593889591021531,0.09332834869576995,0,109,263
HM+ST,attack_flow,ctid,44,40,0.0,1.0,0.0,0.13245149993418837,0.0960989589544065,0,109,263
HM+ST,attack_flow,ctid,44,60,1.0,0.0,0.0,0.10821325635934269,0.12909526090771803,0,109,263
HM+ST,attack_flow,ctid,44,60,0.9,0.0,0.1,0.10107365296601445,0.11509643374842748,0,109,263
HM+ST,attack_flow,ctid,44,60,0.8,0.0,0.2,0.09065523785245702,0.10960567846070787,0,109,263
HM+ST,attack_flow,ctid,44,60,0.7,0.0,0.3,0.09298043171702172,0.10115319875389986,0,109,263
HM+ST,attack_flow,ctid,44,60,0.6,0.0,0.4,0.08382407052396106,0.09390493175167733,0,109,263
HM+ST,attack_flow,ctid,44,60,0.5,0.0,0.5,0.08212304875378806,0.09120188099446488,0,109,263
HM+ST,attack_flow,ctid,44,60,0.4,0.0,0.6,0.08217520486304095,0.08901661566646062,0,109,263
HM+ST,attack_flow,ctid,44,60,0.3,0.0,0.7,0.08178789116936899,0.08630116514142908,0,109,263
HM+ST,attack_flow,ctid,44,60,0.2,0.0,0.8,0.07900690632802201,0.08512694015056109,0,109,263
HM+ST,attack_flow,ctid,44,60,0.1,0.0,0.9,0.07363696117082846,0.07801023615236924,0,109,263
HM+ST,attack_flow,ctid,44,60,0.0,0.0,1.0,0.05587796612221768,0.05119451025884521,0,109,263
HM+ST,attack_flow,ctid,44,60,0.9,0.1,0.0,0.10244358029637206,0.11683849280334657,0,109,263
HM+ST,attack_flow,ctid,44,60,0.8,0.1,0.1,0.10457707122442328,0.11652539474012562,0,109,263
HM+ST,attack_flow,ctid,44,60,0.7,0.1,0.2,0.09611030046442268,0.11043263725580313,0,109,263
HM+ST,attack_flow,ctid,44,60,0.6,0.1,0.3,0.08766688451034806,0.09764158382868846,0,109,263
HM+ST,attack_flow,ctid,44,60,0.5,0.1,0.4,0.08494013615111544,0.09542062470099387,0,109,263
HM+ST,attack_flow,ctid,44,60,0.4,0.1,0.5,0.08440638118664824,0.08949734745545804,0,109,263
HM+ST,attack_flow,ctid,44,60,0.3,0.1,0.6,0.08536249813347582,0.08820770348857268,0,109,263
HM+ST,attack_flow,ctid,44,60,0.2,0.1,0.7,0.08524407121980257,0.0863558822734486,0,109,263
HM+ST,attack_flow,ctid,44,60,0.1,0.1,0.8,0.08093095152926408,0.08616152191660767,0,109,263
HM+ST,attack_flow,ctid,44,60,0.0,0.1,0.9,0.10292750318475433,0.0899721951382507,0,109,263
HM+ST,attack_flow,ctid,44,60,0.8,0.2,0.0,0.10122128958849756,0.1160731885563608,0,109,263
HM+ST,attack_flow,ctid,44,60,0.7,0.2,0.1,0.10159497121243574,0.1136128804646835,0,109,263
HM+ST,attack_flow,ctid,44,60,0.6,0.2,0.2,0.09897290995495503,0.10796932921645656,0,109,263
HM+ST,attack_flow,ctid,44,60,0.5,0.2,0.3,0.0904957050042782,0.0991342425009775,0,109,263
HM+ST,attack_flow,ctid,44,60,0.4,0.2,0.4,0.08947664331780843,0.09288700818604056,0,109,263
HM+ST,attack_flow,ctid,44,60,0.3,0.2,0.5,0.09008018364901932,0.0893620602105685,0,109,263
HM+ST,attack_flow,ctid,44,60,0.2,0.2,0.6,0.08938720741134173,0.08835833047272738,0,109,263
HM+ST,attack_flow,ctid,44,60,0.1,0.2,0.7,0.09481626526557214,0.08959931074656255,0,109,263
HM+ST,attack_flow,ctid,44,60,0.0,0.2,0.8,0.10492932375763138,0.0901594951407181,0,109,263
HM+ST,attack_flow,ctid,44,60,0.7,0.3,0.0,0.10034303061895786,0.11375479301847206,0,109,263
HM+ST,attack_flow,ctid,44,60,0.6,0.3,0.1,0.10295198055867325,0.11060226289842542,0,109,263
HM+ST,attack_flow,ctid,44,60,0.5,0.3,0.2,0.1020280537058679,0.1036489076391062,0,109,263
HM+ST,attack_flow,ctid,44,60,0.4,0.3,0.3,0.0971295110938482,0.09835348203334124,0,109,263
HM+ST,attack_flow,ctid,44,60,0.3,0.3,0.4,0.09061528753180498,0.0912559057495524,0,109,263
HM+ST,attack_flow,ctid,44,60,0.2,0.3,0.5,0.09300317653723343,0.08915462459466231,0,109,263
HM+ST,attack_flow,ctid,44,60,0.1,0.3,0.6,0.0958492936210695,0.08870928383130385,0,109,263
HM+ST,attack_flow,ctid,44,60,0.0,0.3,0.7,0.10740283063462217,0.09220401808235638,0,109,263
HM+ST,attack_flow,ctid,44,60,0.6,0.4,0.0,0.10036137937317599,0.1102750829908679,0,109,263
HM+ST,attack_flow,ctid,44,60,0.5,0.4,0.1,0.10407506668678575,0.10617169741871597,0,109,263
HM+ST,attack_flow,ctid,44,60,0.4,0.4,0.2,0.10322345230290533,0.10130518736351486,0,109,263
HM+ST,attack_flow,ctid,44,60,0.3,0.4,0.3,0.10768600805467166,0.10030641666512692,0,109,263
HM+ST,attack_flow,ctid,44,60,0.2,0.4,0.4,0.09943421981853406,0.09404431885572954,0,109,263
HM+ST,attack_flow,ctid,44,60,0.1,0.4,0.5,0.10732655161244606,0.09065788898799533,0,109,263
HM+ST,attack_flow,ctid,44,60,0.0,0.4,0.6,0.11217476695450415,0.09447455513299202,0,109,263
HM+ST,attack_flow,ctid,44,60,0.5,0.5,0.0,0.10962107083217805,0.10602235286575987,0,109,263
HM+ST,attack_flow,ctid,44,60,0.4,0.5,0.1,0.11039508921427135,0.10247073179389524,0,109,263
HM+ST,attack_flow,ctid,44,60,0.3,0.5,0.2,0.11017301860006616,0.1017362298035515,0,109,263
HM+ST,attack_flow,ctid,44,60,0.2,0.5,0.3,0.11383532335399764,0.09890357135457367,0,109,263
HM+ST,attack_flow,ctid,44,60,0.1,0.5,0.4,0.11109298281539952,0.09602109003607662,0,109,263
HM+ST,attack_flow,ctid,44,60,0.0,0.5,0.5,0.11377884385832875,0.09458176252070385,0,109,263
HM+ST,attack_flow,ctid,44,60,0.4,0.6,0.0,0.1159134492562183,0.09690392625118993,0,109,263
HM+ST,attack_flow,ctid,44,60,0.3,0.6,0.1,0.11056545632932971,0.09397395348238202,0,109,263
HM+ST,attack_flow,ctid,44,60,0.2,0.6,0.2,0.11184862278682142,0.09424525600402703,0,109,263
HM+ST,attack_flow,ctid,44,60,0.1,0.6,0.3,0.11642867326606858,0.09142617784252689,0,109,263
HM+ST,attack_flow,ctid,44,60,0.0,0.6,0.4,0.12013737629226107,0.09919380393304564,0,109,263
HM+ST,attack_flow,ctid,44,60,0.3,0.7,0.0,0.12492777369555068,0.09354110776766324,0,109,263
HM+ST,attack_flow,ctid,44,60,0.2,0.7,0.1,0.11517433886802816,0.0903870339590927,0,109,263
HM+ST,attack_flow,ctid,44,60,0.1,0.7,0.2,0.11262007425905565,0.08924630470716848,0,109,263
HM+ST,attack_flow,ctid,44,60,0.0,0.7,0.3,0.11967626121595525,0.09754359434925511,0,109,263
HM+ST,attack_flow,ctid,44,60,0.2,0.8,0.0,0.12361150827090912,0.09379443425541133,0,109,263
HM+ST,attack_flow,ctid,44,60,0.1,0.8,0.1,0.11990582505220446,0.09063157187811335,0,109,263
HM+ST,attack_flow,ctid,44,60,0.0,0.8,0.2,0.11795972344148373,0.08907273903905474,0,109,263
HM+ST,attack_flow,ctid,44,60,0.1,0.9,0.0,0.12401706301813038,0.09361074122067056,0,109,263
HM+ST,attack_flow,ctid,44,60,0.0,0.9,0.1,0.12067106593986181,0.08806949532155874,0,109,263
HM+ST,attack_flow,ctid,44,60,0.0,1.0,0.0,0.1294281672519662,0.09292537521432326,0,109,263
HM+ST,attack_flow,ctid,44,80,1.0,0.0,0.0,0.10821325635934269,0.12909526090771803,0,109,263
HM+ST,attack_flow,ctid,44,80,0.9,0.0,0.1,0.10107365296601445,0.11509643374842748,0,109,263
HM+ST,attack_flow,ctid,44,80,0.8,0.0,0.2,0.09065523785245702,0.10960567846070787,0,109,263
HM+ST,attack_flow,ctid,44,80,0.7,0.0,0.3,0.09298043171702172,0.10115319875389986,0,109,263
HM+ST,attack_flow,ctid,44,80,0.6,0.0,0.4,0.08382407052396106,0.09390493175167733,0,109,263
HM+ST,attack_flow,ctid,44,80,0.5,0.0,0.5,0.08212304875378806,0.09120188099446488,0,109,263
HM+ST,attack_flow,ctid,44,80,0.4,0.0,0.6,0.08217520486304095,0.08901661566646062,0,109,263
HM+ST,attack_flow,ctid,44,80,0.3,0.0,0.7,0.08178789116936899,0.08630116514142908,0,109,263
HM+ST,attack_flow,ctid,44,80,0.2,0.0,0.8,0.07900690632802201,0.08512694015056109,0,109,263
HM+ST,attack_flow,ctid,44,80,0.1,0.0,0.9,0.07363696117082846,0.07801023615236924,0,109,263
HM+ST,attack_flow,ctid,44,80,0.0,0.0,1.0,0.05587796612221768,0.05119451025884521,0,109,263
HM+ST,attack_flow,ctid,44,80,0.9,0.1,0.0,0.10416094884910507,0.1194653081339796,0,109,263
HM+ST,attack_flow,ctid,44,80,0.8,0.1,0.1,0.10502773077904182,0.11689755687676928,0,109,263
HM+ST,attack_flow,ctid,44,80,0.7,0.1,0.2,0.09837417246405666,0.11391746125899616,0,109,263
HM+ST,attack_flow,ctid,44,80,0.6,0.1,0.3,0.09112622126523989,0.09857378998602498,0,109,263
HM+ST,attack_flow,ctid,44,80,0.5,0.1,0.4,0.08391903674439136,0.09435804604108042,0,109,263
HM+ST,attack_flow,ctid,44,80,0.4,0.1,0.5,0.08678993436129159,0.09037575480542809,0,109,263
HM+ST,attack_flow,ctid,44,80,0.3,0.1,0.6,0.08620185039502816,0.08913789540221398,0,109,263
HM+ST,attack_flow,ctid,44,80,0.2,0.1,0.7,0.08469459590431673,0.08811709784607123,0,109,263
HM+ST,attack_flow,ctid,44,80,0.1,0.1,0.8,0.08318833457579572,0.08495360999498278,0,109,263
HM+ST,attack_flow,ctid,44,80,0.0,0.1,0.9,0.09102764930735743,0.08569676813643023,0,109,263
HM+ST,attack_flow,ctid,44,80,0.8,0.2,0.0,0.10253092014502493,0.11583945924746046,0,109,263
HM+ST,attack_flow,ctid,44,80,0.7,0.2,0.1,0.10244060094752896,0.11641588434987664,0,109,263
HM+ST,attack_flow,ctid,44,80,0.6,0.2,0.2,0.09845956867083826,0.11209017602615926,0,109,263
HM+ST,attack_flow,ctid,44,80,0.5,0.2,0.3,0.09613327203763496,0.10020229262757234,0,109,263
HM+ST,attack_flow,ctid,44,80,0.4,0.2,0.4,0.08696188690287657,0.09411875733471152,0,109,263
HM+ST,attack_flow,ctid,44,80,0.3,0.2,0.5,0.08985474217309264,0.09235680458419629,0,109,263
HM+ST,attack_flow,ctid,44,80,0.2,0.2,0.6,0.09033286142378191,0.08844033078474083,0,109,263
HM+ST,attack_flow,ctid,44,80,0.1,0.2,0.7,0.09206616815991986,0.09018357941374437,0,109,263
HM+ST,attack_flow,ctid,44,80,0.0,0.2,0.8,0.09178203831196759,0.0887179591081469,0,109,263
HM+ST,attack_flow,ctid,44,80,0.7,0.3,0.0,0.10034875114435556,0.11269337369403336,0,109,263
HM+ST,attack_flow,ctid,44,80,0.6,0.3,0.1,0.096907890855067,0.11026357060688749,0,109,263
HM+ST,attack_flow,ctid,44,80,0.5,0.3,0.2,0.10048793054641898,0.10616060586601676,0,109,263
HM+ST,attack_flow,ctid,44,80,0.4,0.3,0.3,0.10054727856860894,0.10262949311210068,0,109,263
HM+ST,attack_flow,ctid,44,80,0.3,0.3,0.4,0.09617073710877934,0.09438165301067529,0,109,263
HM+ST,attack_flow,ctid,44,80,0.2,0.3,0.5,0.09378563987825907,0.0917191984826721,0,109,263
HM+ST,attack_flow,ctid,44,80,0.1,0.3,0.6,0.09339345858279065,0.09010056224031322,0,109,263
HM+ST,attack_flow,ctid,44,80,0.0,0.3,0.7,0.09545920020746367,0.08784475168429393,0,109,263
HM+ST,attack_flow,ctid,44,80,0.6,0.4,0.0,0.10529350711055027,0.11162559528298004,0,109,263
HM+ST,attack_flow,ctid,44,80,0.5,0.4,0.1,0.10584466361801445,0.11123436037291241,0,109,263
HM+ST,attack_flow,ctid,44,80,0.4,0.4,0.2,0.10482029296170872,0.10531691119382454,0,109,263
HM+ST,attack_flow,ctid,44,80,0.3,0.4,0.3,0.11247938447680335,0.10415620350831192,0,109,263
HM+ST,attack_flow,ctid,44,80,0.2,0.4,0.4,0.10610011245640778,0.09702109998129112,0,109,263
HM+ST,attack_flow,ctid,44,80,0.1,0.4,0.5,0.09771315386520854,0.09233683879021246,0,109,263
HM+ST,attack_flow,ctid,44,80,0.0,0.4,0.6,0.09928870881786102,0.09057469429094558,0,109,263
HM+ST,attack_flow,ctid,44,80,0.5,0.5,0.0,0.10724026077882105,0.11007846852969923,0,109,263
HM+ST,attack_flow,ctid,44,80,0.4,0.5,0.1,0.11010555398672736,0.10976412034684939,0,109,263
HM+ST,attack_flow,ctid,44,80,0.3,0.5,0.2,0.11445414386627231,0.10695684350621368,0,109,263
HM+ST,attack_flow,ctid,44,80,0.2,0.5,0.3,0.11361815967394007,0.1037126731933224,0,109,263
HM+ST,attack_flow,ctid,44,80,0.1,0.5,0.4,0.11744008525403112,0.09970148356644454,0,109,263
HM+ST,attack_flow,ctid,44,80,0.0,0.5,0.5,0.10508828027716488,0.09396714891607891,0,109,263
HM+ST,attack_flow,ctid,44,80,0.4,0.6,0.0,0.11345551883522753,0.10761383980093979,0,109,263
HM+ST,attack_flow,ctid,44,80,0.3,0.6,0.1,0.11589206929370013,0.10753181017113908,0,109,263
HM+ST,attack_flow,ctid,44,80,0.2,0.6,0.2,0.1176596656118144,0.1034579997913669,0,109,263
HM+ST,attack_flow,ctid,44,80,0.1,0.6,0.3,0.1210383726578385,0.10057976897817844,0,109,263
HM+ST,attack_flow,ctid,44,80,0.0,0.6,0.4,0.11820004617696364,0.09976386199446688,0,109,263
HM+ST,attack_flow,ctid,44,80,0.3,0.7,0.0,0.12633746415606315,0.09867622969138838,0,109,263
HM+ST,attack_flow,ctid,44,80,0.2,0.7,0.1,0.12327468037849673,0.09850418995866156,0,109,263
HM+ST,attack_flow,ctid,44,80,0.1,0.7,0.2,0.11773509680284314,0.095029328380163,0,109,263
HM+ST,attack_flow,ctid,44,80,0.0,0.7,0.3,0.12294872585132141,0.09929563833706273,0,109,263
HM+ST,attack_flow,ctid,44,80,0.2,0.8,0.0,0.1255810257558317,0.09812347261027296,0,109,263
HM+ST,attack_flow,ctid,44,80,0.1,0.8,0.1,0.12590418504629758,0.09696905463705574,0,109,263
HM+ST,attack_flow,ctid,44,80,0.0,0.8,0.2,0.12591828928825757,0.09550988210845313,0,109,263
HM+ST,attack_flow,ctid,44,80,0.1,0.9,0.0,0.1345308650762446,0.09980604491264788,0,109,263
HM+ST,attack_flow,ctid,44,80,0.0,0.9,0.1,0.13079859280050016,0.09724631114537427,0,109,263
HM+ST,attack_flow,ctid,44,80,0.0,1.0,0.0,0.13549974324599107,0.1009233139126117,0,109,263
HM+ST,attack_flow,ctid,45,100,1.0,0.0,0.0,0.09846050989439702,0.12909526090771803,0,109,263
HM+ST,attack_flow,ctid,45,100,0.9,0.0,0.1,0.0960296916602742,0.11509643374842748,0,109,263
HM+ST,attack_flow,ctid,45,100,0.8,0.0,0.2,0.09052947016867195,0.10960567846070787,0,109,263
HM+ST,attack_flow,ctid,45,100,0.7,0.0,0.3,0.08708960616047302,0.10115319875389986,0,109,263
HM+ST,attack_flow,ctid,45,100,0.6,0.0,0.4,0.08463149686414081,0.09390493175167733,0,109,263
HM+ST,attack_flow,ctid,45,100,0.5,0.0,0.5,0.08126237631425788,0.09120188099446488,0,109,263
HM+ST,attack_flow,ctid,45,100,0.4,0.0,0.6,0.08239701251761633,0.08901661566646062,0,109,263
HM+ST,attack_flow,ctid,45,100,0.3,0.0,0.7,0.0838251167493179,0.08630116514142908,0,109,263
HM+ST,attack_flow,ctid,45,100,0.2,0.0,0.8,0.08087291076844023,0.08512694015056109,0,109,263
HM+ST,attack_flow,ctid,45,100,0.1,0.0,0.9,0.07567418675077738,0.07801023615236924,0,109,263
HM+ST,attack_flow,ctid,45,100,0.0,0.0,1.0,0.05587796612221768,0.05119451025884521,0,109,263
HM+ST,attack_flow,ctid,45,100,0.9,0.1,0.0,0.10065154092370854,0.11917655819814574,0,109,263
HM+ST,attack_flow,ctid,45,100,0.8,0.1,0.1,0.09503116545056647,0.11799598809894052,0,109,263
HM+ST,attack_flow,ctid,45,100,0.7,0.1,0.2,0.10191956864893063,0.11416518315414648,0,109,263
HM+ST,attack_flow,ctid,45,100,0.6,0.1,0.3,0.08940054573523384,0.10034232915282588,0,109,263
HM+ST,attack_flow,ctid,45,100,0.5,0.1,0.4,0.08680487697557335,0.09557004669012578,0,109,263
HM+ST,attack_flow,ctid,45,100,0.4,0.1,0.5,0.08821158858827112,0.09066433917444915,0,109,263
HM+ST,attack_flow,ctid,45,100,0.3,0.1,0.6,0.08759599290358552,0.0897992472370703,0,109,263
HM+ST,attack_flow,ctid,45,100,0.2,0.1,0.7,0.0900575927059876,0.08894704376819179,0,109,263
HM+ST,attack_flow,ctid,45,100,0.1,0.1,0.8,0.08836617798695959,0.08577391139326328,0,109,263
HM+ST,attack_flow,ctid,45,100,0.0,0.1,0.9,0.09944671958912367,0.08494787415361102,0,109,263
HM+ST,attack_flow,ctid,45,100,0.8,0.2,0.0,0.10309206347482239,0.11950173139179857,0,109,263
HM+ST,attack_flow,ctid,45,100,0.7,0.2,0.1,0.09858546337455162,0.11876505647555605,0,109,263
HM+ST,attack_flow,ctid,45,100,0.6,0.2,0.2,0.1066827163360082,0.1129766141247828,0,109,263
HM+ST,attack_flow,ctid,45,100,0.5,0.2,0.3,0.10005449150060339,0.10280075481295407,0,109,263
HM+ST,attack_flow,ctid,45,100,0.4,0.2,0.4,0.09598732997568561,0.09596169077491844,0,109,263
HM+ST,attack_flow,ctid,45,100,0.3,0.2,0.5,0.09264061170436423,0.09357668713250936,0,109,263
HM+ST,attack_flow,ctid,45,100,0.2,0.2,0.6,0.09540246507724476,0.09046005909054969,0,109,263
HM+ST,attack_flow,ctid,45,100,0.1,0.2,0.7,0.09754562316906601,0.0898092303600631,0,109,263
HM+ST,attack_flow,ctid,45,100,0.0,0.2,0.8,0.10260314848450276,0.08610319945651032,0,109,263
HM+ST,attack_flow,ctid,45,100,0.7,0.3,0.0,0.10491338163066896,0.11932237865335268,0,109,263
HM+ST,attack_flow,ctid,45,100,0.6,0.3,0.1,0.10566393560535578,0.11750825083133756,0,109,263
HM+ST,attack_flow,ctid,45,100,0.5,0.3,0.2,0.10745405940779511,0.11181694844834558,0,109,263
HM+ST,attack_flow,ctid,45,100,0.4,0.3,0.3,0.10845367478859314,0.10789717963559724,0,109,263
HM+ST,attack_flow,ctid,45,100,0.3,0.3,0.4,0.10227882078730455,0.09717084033719214,0,109,263
HM+ST,attack_flow,ctid,45,100,0.2,0.3,0.5,0.09586613133611857,0.09236411384481721,0,109,263
HM+ST,attack_flow,ctid,45,100,0.1,0.3,0.6,0.09726139568433205,0.09112365215072056,0,109,263
HM+ST,attack_flow,ctid,45,100,0.0,0.3,0.7,0.10628031037999885,0.08788698170583452,0,109,263
HM+ST,attack_flow,ctid,45,100,0.6,0.4,0.0,0.10940179378009648,0.11784895583676405,0,109,263
HM+ST,attack_flow,ctid,45,100,0.5,0.4,0.1,0.11168350691348905,0.11820418213491002,0,109,263
HM+ST,attack_flow,ctid,45,100,0.4,0.4,0.2,0.11725623289021095,0.11076487597319931,0,109,263
HM+ST,attack_flow,ctid,45,100,0.3,0.4,0.3,0.11160091373726892,0.10705898352036047,0,109,263
HM+ST,attack_flow,ctid,45,100,0.2,0.4,0.4,0.10873887221860616,0.09872761390578906,0,109,263
HM+ST,attack_flow,ctid,45,100,0.1,0.4,0.5,0.10237498947688897,0.0960371399718695,0,109,263
HM+ST,attack_flow,ctid,45,100,0.0,0.4,0.6,0.11138591845486653,0.09179263389206554,0,109,263
HM+ST,attack_flow,ctid,45,100,0.5,0.5,0.0,0.11711714165809066,0.11783874043858875,0,109,263
HM+ST,attack_flow,ctid,45,100,0.4,0.5,0.1,0.1173329419768662,0.11777123845695721,0,109,263
HM+ST,attack_flow,ctid,45,100,0.3,0.5,0.2,0.12034297366444906,0.11030296876639671,0,109,263
HM+ST,attack_flow,ctid,45,100,0.2,0.5,0.3,0.12039900056710132,0.10842153333964547,0,109,263
HM+ST,attack_flow,ctid,45,100,0.1,0.5,0.4,0.11395944826040219,0.10408789321651819,0,109,263
HM+ST,attack_flow,ctid,45,100,0.0,0.5,0.5,0.118379882861957,0.09761907134247298,0,109,263
HM+ST,attack_flow,ctid,45,100,0.4,0.6,0.0,0.12122034680192091,0.1124335243407846,0,109,263
HM+ST,attack_flow,ctid,45,100,0.3,0.6,0.1,0.11964237877780455,0.11182999381849945,0,109,263
HM+ST,attack_flow,ctid,45,100,0.2,0.6,0.2,0.1260280587854409,0.11002373547525605,0,109,263
HM+ST,attack_flow,ctid,45,100,0.1,0.6,0.3,0.12642503638920316,0.10714982088701068,0,109,263
HM+ST,attack_flow,ctid,45,100,0.0,0.6,0.4,0.1252298066331404,0.10361408469179681,0,109,263
HM+ST,attack_flow,ctid,45,100,0.3,0.7,0.0,0.1289686619206439,0.10675515152230106,0,109,263
HM+ST,attack_flow,ctid,45,100,0.2,0.7,0.1,0.12696198068753228,0.10221827708169433,0,109,263
HM+ST,attack_flow,ctid,45,100,0.1,0.7,0.2,0.12585778044476098,0.1017178947057106,0,109,263
HM+ST,attack_flow,ctid,45,100,0.0,0.7,0.3,0.13513920248249467,0.10691180429826978,0,109,263
HM+ST,attack_flow,ctid,45,100,0.2,0.8,0.0,0.1261893620405984,0.10541064309925996,0,109,263
HM+ST,attack_flow,ctid,45,100,0.1,0.8,0.1,0.12981260733958605,0.10270158951058625,0,109,263
HM+ST,attack_flow,ctid,45,100,0.0,0.8,0.2,0.1312231352092457,0.10420946093274261,0,109,263
HM+ST,attack_flow,ctid,45,100,0.1,0.9,0.0,0.1338105808231806,0.10756346016516563,0,109,263
HM+ST,attack_flow,ctid,45,100,0.0,0.9,0.1,0.13466320152052771,0.10307957697637468,0,109,263
HM+ST,attack_flow,ctid,45,100,0.0,1.0,0.0,0.13677164793618707,0.10499041443912278,0,109,263
HM+ST,attack_flow,ctid,45,20,1.0,0.0,0.0,0.09846050989439702,0.12909526090771803,1,109,263
HM+ST,attack_flow,ctid,45,20,0.9,0.0,0.1,0.0960296916602742,0.11509643374842748,0,109,263
HM+ST,attack_flow,ctid,45,20,0.8,0.0,0.2,0.09052947016867195,0.10960567846070787,0,109,263
HM+ST,attack_flow,ctid,45,20,0.7,0.0,0.3,0.08708960616047302,0.10115319875389986,0,109,263
HM+ST,attack_flow,ctid,45,20,0.6,0.0,0.4,0.08463149686414081,0.09390493175167733,0,109,263
HM+ST,attack_flow,ctid,45,20,0.5,0.0,0.5,0.08126237631425788,0.09120188099446488,0,109,263
HM+ST,attack_flow,ctid,45,20,0.4,0.0,0.6,0.08239701251761633,0.08901661566646062,0,109,263
HM+ST,attack_flow,ctid,45,20,0.3,0.0,0.7,0.0838251167493179,0.08630116514142908,0,109,263
HM+ST,attack_flow,ctid,45,20,0.2,0.0,0.8,0.08087291076844023,0.08512694015056109,0,109,263
HM+ST,attack_flow,ctid,45,20,0.1,0.0,0.9,0.07567418675077738,0.07801023615236924,0,109,263
HM+ST,attack_flow,ctid,45,20,0.0,0.0,1.0,0.05587796612221768,0.05119451025884521,0,109,263
HM+ST,attack_flow,ctid,45,20,0.9,0.1,0.0,0.09654448192806012,0.11534710805836265,0,109,263
HM+ST,attack_flow,ctid,45,20,0.8,0.1,0.1,0.09521061797179867,0.11395010759492978,0,109,263
HM+ST,attack_flow,ctid,45,20,0.7,0.1,0.2,0.10033762013274239,0.10818184105421476,0,109,263
HM+ST,attack_flow,ctid,45,20,0.6,0.1,0.3,0.0857032666006,0.0966445609869179,0,109,263
HM+ST,attack_flow,ctid,45,20,0.5,0.1,0.4,0.0875873415219658,0.09422345912275494,0,109,263
HM+ST,attack_flow,ctid,45,20,0.4,0.1,0.5,0.0860983601756461,0.08787719438012578,0,109,263
HM+ST,attack_flow,ctid,45,20,0.3,0.1,0.6,0.08684659594958592,0.08550765009865713,0,109,263
HM+ST,attack_flow,ctid,45,20,0.2,0.1,0.7,0.08761889015780214,0.08552159400874461,0,109,263
HM+ST,attack_flow,ctid,45,20,0.1,0.1,0.8,0.08749040825621736,0.08466175870169754,0,109,263
HM+ST,attack_flow,ctid,45,20,0.0,0.1,0.9,0.09554016090233583,0.08536963989828626,0,109,263
HM+ST,attack_flow,ctid,45,20,0.8,0.2,0.0,0.09377292997025763,0.11247259736143349,0,109,263
HM+ST,attack_flow,ctid,45,20,0.7,0.2,0.1,0.09330599948504711,0.10933718100887029,0,109,263
HM+ST,attack_flow,ctid,45,20,0.6,0.2,0.2,0.09809653126213583,0.10442647595122703,0,109,263
HM+ST,attack_flow,ctid,45,20,0.5,0.2,0.3,0.09124410435417797,0.09664260094450094,0,109,263
HM+ST,attack_flow,ctid,45,20,0.4,0.2,0.4,0.08891218313175178,0.0915368398044912,0,109,263
HM+ST,attack_flow,ctid,45,20,0.3,0.2,0.5,0.09125985812461457,0.08659920015112132,0,109,263
HM+ST,attack_flow,ctid,45,20,0.2,0.2,0.6,0.08992187493584057,0.08371686471386033,0,109,263
HM+ST,attack_flow,ctid,45,20,0.1,0.2,0.7,0.09020385065292241,0.08453201388073571,0,109,263
HM+ST,attack_flow,ctid,45,20,0.0,0.2,0.8,0.09779365940461922,0.08850708127971832,0,109,263
HM+ST,attack_flow,ctid,45,20,0.7,0.3,0.0,0.09584550187881558,0.10837239173017973,0,109,263
HM+ST,attack_flow,ctid,45,20,0.6,0.3,0.1,0.09721068308614869,0.10549263838926885,0,109,263
HM+ST,attack_flow,ctid,45,20,0.5,0.3,0.2,0.10167632917109734,0.09706662619634103,0,109,263
HM+ST,attack_flow,ctid,45,20,0.4,0.3,0.3,0.09972874749411297,0.09268188648677504,0,109,263
HM+ST,attack_flow,ctid,45,20,0.3,0.3,0.4,0.09509870359203274,0.0905471530592842,0,109,263
HM+ST,attack_flow,ctid,45,20,0.2,0.3,0.5,0.09584690562125038,0.08671474463099335,0,109,263
HM+ST,attack_flow,ctid,45,20,0.1,0.3,0.6,0.09517977146879311,0.08612646895999326,0,109,263
HM+ST,attack_flow,ctid,45,20,0.0,0.3,0.7,0.10339989901372489,0.08829915082001032,0,109,263
HM+ST,attack_flow,ctid,45,20,0.6,0.4,0.0,0.10296419420886468,0.09994928732413949,0,109,263
HM+ST,attack_flow,ctid,45,20,0.5,0.4,0.1,0.10450477353074443,0.09710075549407526,0,109,263
HM+ST,attack_flow,ctid,45,20,0.4,0.4,0.2,0.1079030714212202,0.09588419989021045,0,109,263
HM+ST,attack_flow,ctid,45,20,0.3,0.4,0.3,0.10620842319350794,0.09232533960626933,0,109,263
HM+ST,attack_flow,ctid,45,20,0.2,0.4,0.4,0.10460449361236926,0.08719000633789599,0,109,263
HM+ST,attack_flow,ctid,45,20,0.1,0.4,0.5,0.09635980995514674,0.08433795673661301,0,109,263
HM+ST,attack_flow,ctid,45,20,0.0,0.4,0.6,0.1037856178045858,0.08882362011314755,0,109,263
HM+ST,attack_flow,ctid,45,20,0.5,0.5,0.0,0.10518636744466184,0.08819575163873514,0,109,263
HM+ST,attack_flow,ctid,45,20,0.4,0.5,0.1,0.11214841347314061,0.08885457806342408,0,109,263
HM+ST,attack_flow,ctid,45,20,0.3,0.5,0.2,0.10970805244629993,0.0937502011242093,0,109,263
HM+ST,attack_flow,ctid,45,20,0.2,0.5,0.3,0.11100331541738247,0.09028349188830039,0,109,263
HM+ST,attack_flow,ctid,45,20,0.1,0.5,0.4,0.10457824345291636,0.07907911949816435,0,109,263
HM+ST,attack_flow,ctid,45,20,0.0,0.5,0.5,0.10673925987948925,0.08798283705340955,0,109,263
HM+ST,attack_flow,ctid,45,20,0.4,0.6,0.0,0.10761187765735965,0.0911491621679181,0,109,263
HM+ST,attack_flow,ctid,45,20,0.3,0.6,0.1,0.11339680573184745,0.08941647254242169,0,109,263
HM+ST,attack_flow,ctid,45,20,0.2,0.6,0.2,0.10970737199534257,0.08435646018317342,0,109,263
HM+ST,attack_flow,ctid,45,20,0.1,0.6,0.3,0.10908777521092936,0.08100816698584606,0,109,263
HM+ST,attack_flow,ctid,45,20,0.0,0.6,0.4,0.11375826393592503,0.08870377384588432,0,109,263
HM+ST,attack_flow,ctid,45,20,0.3,0.7,0.0,0.1135126485213787,0.09496398511186688,0,109,263
HM+ST,attack_flow,ctid,45,20,0.2,0.7,0.1,0.10872332416484029,0.08813884411642482,0,109,263
HM+ST,attack_flow,ctid,45,20,0.1,0.7,0.2,0.10775681120982279,0.08760851168503506,0,109,263
HM+ST,attack_flow,ctid,45,20,0.0,0.7,0.3,0.11169929460452824,0.09015061844423274,0,109,263
HM+ST,attack_flow,ctid,45,20,0.2,0.8,0.0,0.11356039686664363,0.09365981128702702,0,109,263
HM+ST,attack_flow,ctid,45,20,0.1,0.8,0.1,0.10959646864599151,0.08805314963200647,0,109,263
HM+ST,attack_flow,ctid,45,20,0.0,0.8,0.2,0.11913452359137053,0.08663119187636528,0,109,263
HM+ST,attack_flow,ctid,45,20,0.1,0.9,0.0,0.12165262068396084,0.09126296822894123,0,109,263
HM+ST,attack_flow,ctid,45,20,0.0,0.9,0.1,0.12885878091337513,0.08633744929350531,0,109,263
HM+ST,attack_flow,ctid,45,20,0.0,1.0,0.0,0.12955437031136036,0.09340009972249218,0,109,263
HM+ST,attack_flow,ctid,45,40,1.0,0.0,0.0,0.09846050989439702,0.12909526090771803,0,109,263
HM+ST,attack_flow,ctid,45,40,0.9,0.0,0.1,0.0960296916602742,0.11509643374842748,0,109,263
HM+ST,attack_flow,ctid,45,40,0.8,0.0,0.2,0.09052947016867195,0.10960567846070787,0,109,263
HM+ST,attack_flow,ctid,45,40,0.7,0.0,0.3,0.08708960616047302,0.10115319875389986,0,109,263
HM+ST,attack_flow,ctid,45,40,0.6,0.0,0.4,0.08463149686414081,0.09390493175167733,0,109,263
HM+ST,attack_flow,ctid,45,40,0.5,0.0,0.5,0.08126237631425788,0.09120188099446488,0,109,263
HM+ST,attack_flow,ctid,45,40,0.4,0.0,0.6,0.08239701251761633,0.08901661566646062,0,109,263
HM+ST,attack_flow,ctid,45,40,0.3,0.0,0.7,0.0838251167493179,0.08630116514142908,0,109,263
HM+ST,attack_flow,ctid,45,40,0.2,0.0,0.8,0.08087291076844023,0.08512694015056109,0,109,263
HM+ST,attack_flow,ctid,45,40,0.1,0.0,0.9,0.07567418675077738,0.07801023615236924,0,109,263
HM+ST,attack_flow,ctid,45,40,0.0,0.0,1.0,0.05587796612221768,0.05119451025884521,0,109,263
HM+ST,attack_flow,ctid,45,40,0.9,0.1,0.0,0.0970060456973303,0.11634609433431713,0,109,263
HM+ST,attack_flow,ctid,45,40,0.8,0.1,0.1,0.09665035409862259,0.11525613180148189,0,109,263
HM+ST,attack_flow,ctid,45,40,0.7,0.1,0.2,0.101179399016093,0.11008071047802201,0,109,263
HM+ST,attack_flow,ctid,45,40,0.6,0.1,0.3,0.08924132480518995,0.09759759179589508,0,109,263
HM+ST,attack_flow,ctid,45,40,0.5,0.1,0.4,0.09074132263022903,0.09498373437054086,0,109,263
HM+ST,attack_flow,ctid,45,40,0.4,0.1,0.5,0.08669409990170254,0.08931843516236926,0,109,263
HM+ST,attack_flow,ctid,45,40,0.3,0.1,0.6,0.08667787572862704,0.08635828294931273,0,109,263
HM+ST,attack_flow,ctid,45,40,0.2,0.1,0.7,0.08976970178498637,0.0855511927280849,0,109,263
HM+ST,attack_flow,ctid,45,40,0.1,0.1,0.8,0.0910959141923656,0.08774465911310717,0,109,263
HM+ST,attack_flow,ctid,45,40,0.0,0.1,0.9,0.09462815177513798,0.09353832625321387,0,109,263
HM+ST,attack_flow,ctid,45,40,0.8,0.2,0.0,0.09731705298954259,0.11597439819251001,0,109,263
HM+ST,attack_flow,ctid,45,40,0.7,0.2,0.1,0.09782245789428061,0.11356540165727742,0,109,263
HM+ST,attack_flow,ctid,45,40,0.6,0.2,0.2,0.10054370026718344,0.1064265414655162,0,109,263
HM+ST,attack_flow,ctid,45,40,0.5,0.2,0.3,0.09548404065970958,0.09855379489784907,0,109,263
HM+ST,attack_flow,ctid,45,40,0.4,0.2,0.4,0.09510165047779343,0.09217394885698157,0,109,263
HM+ST,attack_flow,ctid,45,40,0.3,0.2,0.5,0.09105197705486642,0.08880929771640514,0,109,263
HM+ST,attack_flow,ctid,45,40,0.2,0.2,0.6,0.09456353220149052,0.08779067993074002,0,109,263
HM+ST,attack_flow,ctid,45,40,0.1,0.2,0.7,0.09536430340690201,0.08733090578867744,0,109,263
HM+ST,attack_flow,ctid,45,40,0.0,0.2,0.8,0.09757725359566669,0.09682593934466589,0,109,263
HM+ST,attack_flow,ctid,45,40,0.7,0.3,0.0,0.09935910499989738,0.11473086636400083,0,109,263
HM+ST,attack_flow,ctid,45,40,0.6,0.3,0.1,0.1037394810864896,0.10962166994525088,0,109,263
HM+ST,attack_flow,ctid,45,40,0.5,0.3,0.2,0.10494118779042656,0.1004042540660881,0,109,263
HM+ST,attack_flow,ctid,45,40,0.4,0.3,0.3,0.10337838880438892,0.0982923201455139,0,109,263
HM+ST,attack_flow,ctid,45,40,0.3,0.3,0.4,0.09865257140673522,0.09344222485423102,0,109,263
HM+ST,attack_flow,ctid,45,40,0.2,0.3,0.5,0.09480316577431205,0.08827206097615606,0,109,263
HM+ST,attack_flow,ctid,45,40,0.1,0.3,0.6,0.09769804487880213,0.08596627978409488,0,109,263
HM+ST,attack_flow,ctid,45,40,0.0,0.3,0.7,0.1011180997042452,0.09621225716315158,0,109,263
HM+ST,attack_flow,ctid,45,40,0.6,0.4,0.0,0.1106399588195341,0.10576282106911009,0,109,263
HM+ST,attack_flow,ctid,45,40,0.5,0.4,0.1,0.10741132616814905,0.10314843907176086,0,109,263
HM+ST,attack_flow,ctid,45,40,0.4,0.4,0.2,0.10974056048937833,0.10067336337822355,0,109,263
HM+ST,attack_flow,ctid,45,40,0.3,0.4,0.3,0.10706392210207161,0.09757344898027877,0,109,263
HM+ST,attack_flow,ctid,45,40,0.2,0.4,0.4,0.10772424811816725,0.09088504960899234,0,109,263
HM+ST,attack_flow,ctid,45,40,0.1,0.4,0.5,0.09915609648532012,0.08874621902765725,0,109,263
HM+ST,attack_flow,ctid,45,40,0.0,0.4,0.6,0.10330080573873072,0.09589638468428005,0,109,263
HM+ST,attack_flow,ctid,45,40,0.5,0.5,0.0,0.11224815836957314,0.10014930579417751,0,109,263
HM+ST,attack_flow,ctid,45,40,0.4,0.5,0.1,0.11267262832091655,0.09925042588520964,0,109,263
HM+ST,attack_flow,ctid,45,40,0.3,0.5,0.2,0.11099815466681966,0.09924699225107828,0,109,263
HM+ST,attack_flow,ctid,45,40,0.2,0.5,0.3,0.11439808736059587,0.09599865836560892,0,109,263
HM+ST,attack_flow,ctid,45,40,0.1,0.5,0.4,0.10806124991796236,0.09075906987244003,0,109,263
HM+ST,attack_flow,ctid,45,40,0.0,0.5,0.5,0.1039565249709673,0.09419183361802705,0,109,263
HM+ST,attack_flow,ctid,45,40,0.4,0.6,0.0,0.11783194070082223,0.09460459431376436,0,109,263
HM+ST,attack_flow,ctid,45,40,0.3,0.6,0.1,0.11902076010807339,0.08847469838357438,0,109,263
HM+ST,attack_flow,ctid,45,40,0.2,0.6,0.2,0.11291985861745155,0.0864227153580426,0,109,263
HM+ST,attack_flow,ctid,45,40,0.1,0.6,0.3,0.1155797701768619,0.08642626790662242,0,109,263
HM+ST,attack_flow,ctid,45,40,0.0,0.6,0.4,0.11571783574622471,0.09832913555043159,0,109,263
HM+ST,attack_flow,ctid,45,40,0.3,0.7,0.0,0.1217680762303371,0.09526557985010313,0,109,263
HM+ST,attack_flow,ctid,45,40,0.2,0.7,0.1,0.11771825000029143,0.09088447691910988,0,109,263
HM+ST,attack_flow,ctid,45,40,0.1,0.7,0.2,0.11521844321089172,0.08558850023118997,0,109,263
HM+ST,attack_flow,ctid,45,40,0.0,0.7,0.3,0.1120062512197095,0.09498004415041564,0,109,263
HM+ST,attack_flow,ctid,45,40,0.2,0.8,0.0,0.12358066039187192,0.09288745420161201,0,109,263
HM+ST,attack_flow,ctid,45,40,0.1,0.8,0.1,0.12407934720998275,0.09118550165237517,0,109,263
HM+ST,attack_flow,ctid,45,40,0.0,0.8,0.2,0.11519399892081628,0.09133421848513062,0,109,263
HM+ST,attack_flow,ctid,45,40,0.1,0.9,0.0,0.12327568821265592,0.09394938442326677,0,109,263
HM+ST,attack_flow,ctid,45,40,0.0,0.9,0.1,0.12306336359666945,0.09332834869576995,0,109,263
HM+ST,attack_flow,ctid,45,40,0.0,1.0,0.0,0.12140109113504165,0.0960989589544065,0,109,263
HM+ST,attack_flow,ctid,45,60,1.0,0.0,0.0,0.09846050989439702,0.12909526090771803,0,109,263
HM+ST,attack_flow,ctid,45,60,0.9,0.0,0.1,0.0960296916602742,0.11509643374842748,0,109,263
HM+ST,attack_flow,ctid,45,60,0.8,0.0,0.2,0.09052947016867195,0.10960567846070787,0,109,263
HM+ST,attack_flow,ctid,45,60,0.7,0.0,0.3,0.08708960616047302,0.10115319875389986,0,109,263
HM+ST,attack_flow,ctid,45,60,0.6,0.0,0.4,0.08463149686414081,0.09390493175167733,0,109,263
HM+ST,attack_flow,ctid,45,60,0.5,0.0,0.5,0.08126237631425788,0.09120188099446488,0,109,263
HM+ST,attack_flow,ctid,45,60,0.4,0.0,0.6,0.08239701251761633,0.08901661566646062,0,109,263
HM+ST,attack_flow,ctid,45,60,0.3,0.0,0.7,0.0838251167493179,0.08630116514142908,0,109,263
HM+ST,attack_flow,ctid,45,60,0.2,0.0,0.8,0.08087291076844023,0.08512694015056109,0,109,263
HM+ST,attack_flow,ctid,45,60,0.1,0.0,0.9,0.07567418675077738,0.07801023615236924,0,109,263
HM+ST,attack_flow,ctid,45,60,0.0,0.0,1.0,0.05587796612221768,0.05119451025884521,0,109,263
HM+ST,attack_flow,ctid,45,60,0.9,0.1,0.0,0.0977326133925632,0.11683849280334657,0,109,263
HM+ST,attack_flow,ctid,45,60,0.8,0.1,0.1,0.0979438087505083,0.11652539474012562,0,109,263
HM+ST,attack_flow,ctid,45,60,0.7,0.1,0.2,0.10182265755634615,0.11043263725580313,0,109,263
HM+ST,attack_flow,ctid,45,60,0.6,0.1,0.3,0.08642319157425023,0.09764158382868846,0,109,263
HM+ST,attack_flow,ctid,45,60,0.5,0.1,0.4,0.0874218893610844,0.09542062470099387,0,109,263
HM+ST,attack_flow,ctid,45,60,0.4,0.1,0.5,0.08545614562973786,0.08949734745545804,0,109,263
HM+ST,attack_flow,ctid,45,60,0.3,0.1,0.6,0.08568191455867834,0.08820770348857268,0,109,263
HM+ST,attack_flow,ctid,45,60,0.2,0.1,0.7,0.08686658205539616,0.0863558822734486,0,109,263
HM+ST,attack_flow,ctid,45,60,0.1,0.1,0.8,0.08806174924905294,0.08616152191660767,0,109,263
HM+ST,attack_flow,ctid,45,60,0.0,0.1,0.9,0.09462003937325586,0.0899721951382507,0,109,263
HM+ST,attack_flow,ctid,45,60,0.8,0.2,0.0,0.10062815401506235,0.1160731885563608,0,109,263
HM+ST,attack_flow,ctid,45,60,0.7,0.2,0.1,0.09638714702933958,0.1136128804646835,0,109,263
HM+ST,attack_flow,ctid,45,60,0.6,0.2,0.2,0.1004934635855125,0.10796932921645656,0,109,263
HM+ST,attack_flow,ctid,45,60,0.5,0.2,0.3,0.09436356153270965,0.0991342425009775,0,109,263
HM+ST,attack_flow,ctid,45,60,0.4,0.2,0.4,0.09167766665114443,0.09288700818604056,0,109,263
HM+ST,attack_flow,ctid,45,60,0.3,0.2,0.5,0.09051956049507616,0.0893620602105685,0,109,263
HM+ST,attack_flow,ctid,45,60,0.2,0.2,0.6,0.09339381411412415,0.08835833047272738,0,109,263
HM+ST,attack_flow,ctid,45,60,0.1,0.2,0.7,0.09345452052923021,0.08959931074656255,0,109,263
HM+ST,attack_flow,ctid,45,60,0.0,0.2,0.8,0.09756914119378456,0.0901594951407181,0,109,263
HM+ST,attack_flow,ctid,45,60,0.7,0.3,0.0,0.10229106613994654,0.11375479301847206,0,109,263
HM+ST,attack_flow,ctid,45,60,0.6,0.3,0.1,0.0979492906917965,0.11060226289842542,0,109,263
HM+ST,attack_flow,ctid,45,60,0.5,0.3,0.2,0.09977851963933605,0.1036489076391062,0,109,263
HM+ST,attack_flow,ctid,45,60,0.4,0.3,0.3,0.10008537007162613,0.09835348203334124,0,109,263
HM+ST,attack_flow,ctid,45,60,0.3,0.3,0.4,0.0996260714622369,0.0912559057495524,0,109,263
HM+ST,attack_flow,ctid,45,60,0.2,0.3,0.5,0.09432557998960127,0.08915462459466231,0,109,263
HM+ST,attack_flow,ctid,45,60,0.1,0.3,0.6,0.09253261353762818,0.08870928383130385,0,109,263
HM+ST,attack_flow,ctid,45,60,0.0,0.3,0.7,0.09994573697819086,0.09220401808235638,0,109,263
HM+ST,attack_flow,ctid,45,60,0.6,0.4,0.0,0.10622733521872951,0.1102750829908679,0,109,263
HM+ST,attack_flow,ctid,45,60,0.5,0.4,0.1,0.10769188445513098,0.10617169741871597,0,109,263
HM+ST,attack_flow,ctid,45,60,0.4,0.4,0.2,0.1083444724046417,0.10130518736351486,0,109,263
HM+ST,attack_flow,ctid,45,60,0.3,0.4,0.3,0.11053980680446569,0.10030641666512692,0,109,263
HM+ST,attack_flow,ctid,45,60,0.2,0.4,0.4,0.10659449143568703,0.09404431885572954,0,109,263
HM+ST,attack_flow,ctid,45,60,0.1,0.4,0.5,0.09667699586283485,0.09065788898799533,0,109,263
HM+ST,attack_flow,ctid,45,60,0.0,0.4,0.6,0.1047524853813672,0.09447455513299202,0,109,263
HM+ST,attack_flow,ctid,45,60,0.5,0.5,0.0,0.11810806166042036,0.10602235286575987,0,109,263
HM+ST,attack_flow,ctid,45,60,0.4,0.5,0.1,0.11565249488054152,0.10247073179389524,0,109,263
HM+ST,attack_flow,ctid,45,60,0.3,0.5,0.2,0.11552067800756334,0.1017362298035515,0,109,263
HM+ST,attack_flow,ctid,45,60,0.2,0.5,0.3,0.11028622838668531,0.09890357135457367,0,109,263
HM+ST,attack_flow,ctid,45,60,0.1,0.5,0.4,0.11005099521959338,0.09602109003607662,0,109,263
HM+ST,attack_flow,ctid,45,60,0.0,0.5,0.5,0.1106759388550483,0.09458176252070385,0,109,263
HM+ST,attack_flow,ctid,45,60,0.4,0.6,0.0,0.12271846733957614,0.09690392625118993,0,109,263
HM+ST,attack_flow,ctid,45,60,0.3,0.6,0.1,0.11868721810314395,0.09397395348238202,0,109,263
HM+ST,attack_flow,ctid,45,60,0.2,0.6,0.2,0.11719044124093855,0.09424525600402703,0,109,263
HM+ST,attack_flow,ctid,45,60,0.1,0.6,0.3,0.11731289100463946,0.09142617784252689,0,109,263
HM+ST,attack_flow,ctid,45,60,0.0,0.6,0.4,0.11889495415309204,0.09919380393304564,0,109,263
HM+ST,attack_flow,ctid,45,60,0.3,0.7,0.0,0.1316403461383075,0.09354110776766324,0,109,263
HM+ST,attack_flow,ctid,45,60,0.2,0.7,0.1,0.1250106113498785,0.0903870339590927,0,109,263
HM+ST,attack_flow,ctid,45,60,0.1,0.7,0.2,0.12090051311754157,0.08924630470716848,0,109,263
HM+ST,attack_flow,ctid,45,60,0.0,0.7,0.3,0.12123566960748677,0.09754359434925511,0,109,263
HM+ST,attack_flow,ctid,45,60,0.2,0.8,0.0,0.13047552187377556,0.09379443425541133,0,109,263
HM+ST,attack_flow,ctid,45,60,0.1,0.8,0.1,0.12618060598373787,0.09063157187811335,0,109,263
HM+ST,attack_flow,ctid,45,60,0.0,0.8,0.2,0.12402607821480763,0.08907273903905474,0,109,263
HM+ST,attack_flow,ctid,45,60,0.1,0.9,0.0,0.1335969531091875,0.09361074122067056,0,109,263
HM+ST,attack_flow,ctid,45,60,0.0,0.9,0.1,0.13470074192409132,0.08806949532155874,0,109,263
HM+ST,attack_flow,ctid,45,60,0.0,1.0,0.0,0.1445363345899187,0.09292537521432326,0,109,263
HM+ST,attack_flow,ctid,45,80,1.0,0.0,0.0,0.09846050989439702,0.12909526090771803,0,109,263
HM+ST,attack_flow,ctid,45,80,0.9,0.0,0.1,0.0960296916602742,0.11509643374842748,0,109,263
HM+ST,attack_flow,ctid,45,80,0.8,0.0,0.2,0.09052947016867195,0.10960567846070787,0,109,263
HM+ST,attack_flow,ctid,45,80,0.7,0.0,0.3,0.08708960616047302,0.10115319875389986,0,109,263
HM+ST,attack_flow,ctid,45,80,0.6,0.0,0.4,0.08463149686414081,0.09390493175167733,0,109,263
HM+ST,attack_flow,ctid,45,80,0.5,0.0,0.5,0.08126237631425788,0.09120188099446488,0,109,263
HM+ST,attack_flow,ctid,45,80,0.4,0.0,0.6,0.08239701251761633,0.08901661566646062,0,109,263
HM+ST,attack_flow,ctid,45,80,0.3,0.0,0.7,0.0838251167493179,0.08630116514142908,0,109,263
HM+ST,attack_flow,ctid,45,80,0.2,0.0,0.8,0.08087291076844023,0.08512694015056109,0,109,263
HM+ST,attack_flow,ctid,45,80,0.1,0.0,0.9,0.07567418675077738,0.07801023615236924,0,109,263
HM+ST,attack_flow,ctid,45,80,0.0,0.0,1.0,0.05587796612221768,0.05119451025884521,0,109,263
HM+ST,attack_flow,ctid,45,80,0.9,0.1,0.0,0.09756867237347555,0.1194653081339796,0,109,263
HM+ST,attack_flow,ctid,45,80,0.8,0.1,0.1,0.0967409719442981,0.11689755687676928,0,109,263
HM+ST,attack_flow,ctid,45,80,0.7,0.1,0.2,0.10065775700980335,0.11391746125899616,0,109,263
HM+ST,attack_flow,ctid,45,80,0.6,0.1,0.3,0.08620761428389663,0.09857378998602498,0,109,263
HM+ST,attack_flow,ctid,45,80,0.5,0.1,0.4,0.08863928928594314,0.09435804604108042,0,109,263
HM+ST,attack_flow,ctid,45,80,0.4,0.1,0.5,0.08829646230303986,0.09037575480542809,0,109,263
HM+ST,attack_flow,ctid,45,80,0.3,0.1,0.6,0.08557767353405546,0.08913789540221398,0,109,263
HM+ST,attack_flow,ctid,45,80,0.2,0.1,0.7,0.08540828119277502,0.08811709784607123,0,109,263
HM+ST,attack_flow,ctid,45,80,0.1,0.1,0.8,0.08019847152329844,0.08495360999498278,0,109,263
HM+ST,attack_flow,ctid,45,80,0.0,0.1,0.9,0.09665388532167257,0.08569676813643023,0,109,263
HM+ST,attack_flow,ctid,45,80,0.8,0.2,0.0,0.10005576085763859,0.11583945924746046,0,109,263
HM+ST,attack_flow,ctid,45,80,0.7,0.2,0.1,0.0963179427646351,0.11641588434987664,0,109,263
HM+ST,attack_flow,ctid,45,80,0.6,0.2,0.2,0.10071739372532125,0.11209017602615926,0,109,263
HM+ST,attack_flow,ctid,45,80,0.5,0.2,0.3,0.0938250714363356,0.10020229262757234,0,109,263
HM+ST,attack_flow,ctid,45,80,0.4,0.2,0.4,0.08922530870830678,0.09411875733471152,0,109,263
HM+ST,attack_flow,ctid,45,80,0.3,0.2,0.5,0.08892634359711786,0.09235680458419629,0,109,263
HM+ST,attack_flow,ctid,45,80,0.2,0.2,0.6,0.08827941726605465,0.08844033078474083,0,109,263
HM+ST,attack_flow,ctid,45,80,0.1,0.2,0.7,0.09346184430991789,0.09018357941374437,0,109,263
HM+ST,attack_flow,ctid,45,80,0.0,0.2,0.8,0.09913197044968802,0.0887179591081469,0,109,263
HM+ST,attack_flow,ctid,45,80,0.7,0.3,0.0,0.10372367878241018,0.11269337369403336,0,109,263
HM+ST,attack_flow,ctid,45,80,0.6,0.3,0.1,0.10001334810751852,0.11026357060688749,0,109,263
HM+ST,attack_flow,ctid,45,80,0.5,0.3,0.2,0.10204497390741116,0.10616060586601676,0,109,263
HM+ST,attack_flow,ctid,45,80,0.4,0.3,0.3,0.10284710339495853,0.10262949311210068,0,109,263
HM+ST,attack_flow,ctid,45,80,0.3,0.3,0.4,0.09348151013491421,0.09438165301067529,0,109,263
HM+ST,attack_flow,ctid,45,80,0.2,0.3,0.5,0.09365282286345267,0.0917191984826721,0,109,263
HM+ST,attack_flow,ctid,45,80,0.1,0.3,0.6,0.09358573061269176,0.09010056224031322,0,109,263
HM+ST,attack_flow,ctid,45,80,0.0,0.3,0.7,0.10237183429418555,0.08784475168429393,0,109,263
HM+ST,attack_flow,ctid,45,80,0.6,0.4,0.0,0.10229232932300034,0.11162559528298004,0,109,263
HM+ST,attack_flow,ctid,45,80,0.5,0.4,0.1,0.10542561456319774,0.11123436037291241,0,109,263
HM+ST,attack_flow,ctid,45,80,0.4,0.4,0.2,0.1042842441571907,0.10531691119382454,0,109,263
HM+ST,attack_flow,ctid,45,80,0.3,0.4,0.3,0.10682350279422825,0.10415620350831192,0,109,263
HM+ST,attack_flow,ctid,45,80,0.2,0.4,0.4,0.10108903261212077,0.09702109998129112,0,109,263
HM+ST,attack_flow,ctid,45,80,0.1,0.4,0.5,0.09660610464157662,0.09233683879021246,0,109,263
HM+ST,attack_flow,ctid,45,80,0.0,0.4,0.6,0.1073625938588392,0.09057469429094558,0,109,263
HM+ST,attack_flow,ctid,45,80,0.5,0.5,0.0,0.1079726160184891,0.11007846852969923,0,109,263
HM+ST,attack_flow,ctid,45,80,0.4,0.5,0.1,0.10896005841921327,0.10976412034684939,0,109,263
HM+ST,attack_flow,ctid,45,80,0.3,0.5,0.2,0.11032262473077162,0.10695684350621368,0,109,263
HM+ST,attack_flow,ctid,45,80,0.2,0.5,0.3,0.11168420820496902,0.1037126731933224,0,109,263
HM+ST,attack_flow,ctid,45,80,0.1,0.5,0.4,0.10668228474944093,0.09970148356644454,0,109,263
HM+ST,attack_flow,ctid,45,80,0.0,0.5,0.5,0.11093446884548819,0.09396714891607891,0,109,263
HM+ST,attack_flow,ctid,45,80,0.4,0.6,0.0,0.11475465945365523,0.10761383980093979,0,109,263
HM+ST,attack_flow,ctid,45,80,0.3,0.6,0.1,0.1092934753941321,0.10753181017113908,0,109,263
HM+ST,attack_flow,ctid,45,80,0.2,0.6,0.2,0.11515530680018685,0.1034579997913669,0,109,263
HM+ST,attack_flow,ctid,45,80,0.1,0.6,0.3,0.12035498798376625,0.10057976897817844,0,109,263
HM+ST,attack_flow,ctid,45,80,0.0,0.6,0.4,0.11786480208302122,0.09976386199446688,0,109,263
HM+ST,attack_flow,ctid,45,80,0.3,0.7,0.0,0.12051123734919664,0.09867622969138838,0,109,263
HM+ST,attack_flow,ctid,45,80,0.2,0.7,0.1,0.11715627293760691,0.09850418995866156,0,109,263
HM+ST,attack_flow,ctid,45,80,0.1,0.7,0.2,0.11837844039823169,0.095029328380163,0,109,263
HM+ST,attack_flow,ctid,45,80,0.0,0.7,0.3,0.12105737384995297,0.09929563833706273,0,109,263
HM+ST,attack_flow,ctid,45,80,0.2,0.8,0.0,0.12112988815109793,0.09812347261027296,0,109,263
HM+ST,attack_flow,ctid,45,80,0.1,0.8,0.1,0.11865747315212967,0.09696905463705574,0,109,263
HM+ST,attack_flow,ctid,45,80,0.0,0.8,0.2,0.12354398365459737,0.09550988210845313,0,109,263
HM+ST,attack_flow,ctid,45,80,0.1,0.9,0.0,0.13077598018155948,0.09980604491264788,0,109,263
HM+ST,attack_flow,ctid,45,80,0.0,0.9,0.1,0.12977102714053596,0.09724631114537427,0,109,263
HM+ST,attack_flow,ctid,45,80,0.0,1.0,0.0,0.1432733475058621,0.1009233139126117,0,109,263
HM+ST,attack_flow,ctid,46,100,1.0,0.0,0.0,0.1025195286050203,0.12909526090771803,0,109,263
HM+ST,attack_flow,ctid,46,100,0.9,0.0,0.1,0.09567170869835391,0.11509643374842748,0,109,263
HM+ST,attack_flow,ctid,46,100,0.8,0.0,0.2,0.09646587667041431,0.10960567846070787,0,109,263
HM+ST,attack_flow,ctid,46,100,0.7,0.0,0.3,0.10121531980950467,0.10115319875389986,0,109,263
HM+ST,attack_flow,ctid,46,100,0.6,0.0,0.4,0.0932850095304718,0.09390493175167733,0,109,263
HM+ST,attack_flow,ctid,46,100,0.5,0.0,0.5,0.09043516716953777,0.09120188099446488,0,109,263
HM+ST,attack_flow,ctid,46,100,0.4,0.0,0.6,0.09196620470605335,0.08901661566646062,0,109,263
HM+ST,attack_flow,ctid,46,100,0.3,0.0,0.7,0.09328936694901031,0.08630116514142908,0,109,263
HM+ST,attack_flow,ctid,46,100,0.2,0.0,0.8,0.09040350146478811,0.08512694015056109,0,109,263
HM+ST,attack_flow,ctid,46,100,0.1,0.0,0.9,0.08520477744712525,0.07801023615236924,0,109,263
HM+ST,attack_flow,ctid,46,100,0.0,0.0,1.0,0.05587796612221768,0.05119451025884521,0,109,263
HM+ST,attack_flow,ctid,46,100,0.9,0.1,0.0,0.10429513309969898,0.11917655819814574,0,109,263
HM+ST,attack_flow,ctid,46,100,0.8,0.1,0.1,0.09729313384950929,0.11799598809894052,0,109,263
HM+ST,attack_flow,ctid,46,100,0.7,0.1,0.2,0.10602359648941193,0.11416518315414648,0,109,263
HM+ST,attack_flow,ctid,46,100,0.6,0.1,0.3,0.09338348939164488,0.10034232915282588,0,109,263
HM+ST,attack_flow,ctid,46,100,0.5,0.1,0.4,0.09069630314849064,0.09557004669012578,0,109,263
HM+ST,attack_flow,ctid,46,100,0.4,0.1,0.5,0.08914951394702131,0.09066433917444915,0,109,263
HM+ST,attack_flow,ctid,46,100,0.3,0.1,0.6,0.09040940355485282,0.0897992472370703,0,109,263
HM+ST,attack_flow,ctid,46,100,0.2,0.1,0.7,0.08967994833133035,0.08894704376819179,0,109,263
HM+ST,attack_flow,ctid,46,100,0.1,0.1,0.8,0.0882496368605996,0.08577391139326328,0,109,263
HM+ST,attack_flow,ctid,46,100,0.0,0.1,0.9,0.09645756294814778,0.08494787415361102,0,109,263
HM+ST,attack_flow,ctid,46,100,0.8,0.2,0.0,0.10491972389320434,0.11950173139179857,0,109,263
HM+ST,attack_flow,ctid,46,100,0.7,0.2,0.1,0.10006330348767171,0.11876505647555605,0,109,263
HM+ST,attack_flow,ctid,46,100,0.6,0.2,0.2,0.10905146362603262,0.1129766141247828,0,109,263
HM+ST,attack_flow,ctid,46,100,0.5,0.2,0.3,0.10307096758344714,0.10280075481295407,0,109,263
HM+ST,attack_flow,ctid,46,100,0.4,0.2,0.4,0.09514562760312008,0.09596169077491844,0,109,263
HM+ST,attack_flow,ctid,46,100,0.3,0.2,0.5,0.09419090977946042,0.09357668713250936,0,109,263
HM+ST,attack_flow,ctid,46,100,0.2,0.2,0.6,0.09562948128065571,0.09046005909054969,0,109,263
HM+ST,attack_flow,ctid,46,100,0.1,0.2,0.7,0.09602950712956795,0.0898092303600631,0,109,263
HM+ST,attack_flow,ctid,46,100,0.0,0.2,0.8,0.09828271905689658,0.08610319945651032,0,109,263
HM+ST,attack_flow,ctid,46,100,0.7,0.3,0.0,0.10392577177365739,0.11932237865335268,0,109,263
HM+ST,attack_flow,ctid,46,100,0.6,0.3,0.1,0.10594586647043391,0.11750825083133756,0,109,263
HM+ST,attack_flow,ctid,46,100,0.5,0.3,0.2,0.10607467552581182,0.11181694844834558,0,109,263
HM+ST,attack_flow,ctid,46,100,0.4,0.3,0.3,0.10909326061180338,0.10789717963559724,0,109,263
HM+ST,attack_flow,ctid,46,100,0.3,0.3,0.4,0.10092795048045285,0.09717084033719214,0,109,263
HM+ST,attack_flow,ctid,46,100,0.2,0.3,0.5,0.09812398673885064,0.09236411384481721,0,109,263
HM+ST,attack_flow,ctid,46,100,0.1,0.3,0.6,0.09902703452068028,0.09112365215072056,0,109,263
HM+ST,attack_flow,ctid,46,100,0.0,0.3,0.7,0.10145907302474526,0.08788698170583452,0,109,263
HM+ST,attack_flow,ctid,46,100,0.6,0.4,0.0,0.10774831110741726,0.11784895583676405,0,109,263
HM+ST,attack_flow,ctid,46,100,0.5,0.4,0.1,0.114754374726827,0.11820418213491002,0,109,263
HM+ST,attack_flow,ctid,46,100,0.4,0.4,0.2,0.11101740843764389,0.11076487597319931,0,109,263
HM+ST,attack_flow,ctid,46,100,0.3,0.4,0.3,0.11281706354663243,0.10705898352036047,0,109,263
HM+ST,attack_flow,ctid,46,100,0.2,0.4,0.4,0.10597780965527401,0.09872761390578906,0,109,263
HM+ST,attack_flow,ctid,46,100,0.1,0.4,0.5,0.10268168133580284,0.0960371399718695,0,109,263
HM+ST,attack_flow,ctid,46,100,0.0,0.4,0.6,0.10639110084108064,0.09179263389206554,0,109,263
HM+ST,attack_flow,ctid,46,100,0.5,0.5,0.0,0.11553542565792183,0.11783874043858875,0,109,263
HM+ST,attack_flow,ctid,46,100,0.4,0.5,0.1,0.11632165761999114,0.11777123845695721,0,109,263
HM+ST,attack_flow,ctid,46,100,0.3,0.5,0.2,0.11558856471856302,0.11030296876639671,0,109,263
HM+ST,attack_flow,ctid,46,100,0.2,0.5,0.3,0.11569494378832787,0.10842153333964547,0,109,263
HM+ST,attack_flow,ctid,46,100,0.1,0.5,0.4,0.11294875269809146,0.10408789321651819,0,109,263
HM+ST,attack_flow,ctid,46,100,0.0,0.5,0.5,0.11186055577324631,0.09761907134247298,0,109,263
HM+ST,attack_flow,ctid,46,100,0.4,0.6,0.0,0.12022404424131394,0.1124335243407846,0,109,263
HM+ST,attack_flow,ctid,46,100,0.3,0.6,0.1,0.1170285845358325,0.11182999381849945,0,109,263
HM+ST,attack_flow,ctid,46,100,0.2,0.6,0.2,0.11989495621745241,0.11002373547525605,0,109,263
HM+ST,attack_flow,ctid,46,100,0.1,0.6,0.3,0.12580114095373768,0.10714982088701068,0,109,263
HM+ST,attack_flow,ctid,46,100,0.0,0.6,0.4,0.1185958121097106,0.10361408469179681,0,109,263
HM+ST,attack_flow,ctid,46,100,0.3,0.7,0.0,0.13050703031861183,0.10675515152230106,0,109,263
HM+ST,attack_flow,ctid,46,100,0.2,0.7,0.1,0.12419779014882215,0.10221827708169433,0,109,263
HM+ST,attack_flow,ctid,46,100,0.1,0.7,0.2,0.1255908902546226,0.1017178947057106,0,109,263
HM+ST,attack_flow,ctid,46,100,0.0,0.7,0.3,0.1290250863062032,0.10691180429826978,0,109,263
HM+ST,attack_flow,ctid,46,100,0.2,0.8,0.0,0.1302468415067388,0.10541064309925996,0,109,263
HM+ST,attack_flow,ctid,46,100,0.1,0.8,0.1,0.12983634653646775,0.10270158951058625,0,109,263
HM+ST,attack_flow,ctid,46,100,0.0,0.8,0.2,0.13018913578521557,0.10420946093274261,0,109,263
HM+ST,attack_flow,ctid,46,100,0.1,0.9,0.0,0.1402894458681295,0.10756346016516563,0,109,263
HM+ST,attack_flow,ctid,46,100,0.0,0.9,0.1,0.14002876385315832,0.10307957697637468,0,109,263
HM+ST,attack_flow,ctid,46,100,0.0,1.0,0.0,0.14436581860198383,0.10499041443912278,0,109,263
HM+ST,attack_flow,ctid,46,20,1.0,0.0,0.0,0.1025195286050203,0.12909526090771803,1,109,263
HM+ST,attack_flow,ctid,46,20,0.9,0.0,0.1,0.09567170869835391,0.11509643374842748,0,109,263
HM+ST,attack_flow,ctid,46,20,0.8,0.0,0.2,0.09646587667041431,0.10960567846070787,0,109,263
HM+ST,attack_flow,ctid,46,20,0.7,0.0,0.3,0.10121531980950467,0.10115319875389986,0,109,263
HM+ST,attack_flow,ctid,46,20,0.6,0.0,0.4,0.0932850095304718,0.09390493175167733,0,109,263
HM+ST,attack_flow,ctid,46,20,0.5,0.0,0.5,0.09043516716953777,0.09120188099446488,0,109,263
HM+ST,attack_flow,ctid,46,20,0.4,0.0,0.6,0.09196620470605335,0.08901661566646062,0,109,263
HM+ST,attack_flow,ctid,46,20,0.3,0.0,0.7,0.09328936694901031,0.08630116514142908,0,109,263
HM+ST,attack_flow,ctid,46,20,0.2,0.0,0.8,0.09040350146478811,0.08512694015056109,0,109,263
HM+ST,attack_flow,ctid,46,20,0.1,0.0,0.9,0.08520477744712525,0.07801023615236924,0,109,263
HM+ST,attack_flow,ctid,46,20,0.0,0.0,1.0,0.05587796612221768,0.05119451025884521,0,109,263
HM+ST,attack_flow,ctid,46,20,0.9,0.1,0.0,0.10061468637497635,0.11534710805836265,0,109,263
HM+ST,attack_flow,ctid,46,20,0.8,0.1,0.1,0.09618825623953145,0.11395010759492978,0,109,263
HM+ST,attack_flow,ctid,46,20,0.7,0.1,0.2,0.10353440093628499,0.10818184105421476,0,109,263
HM+ST,attack_flow,ctid,46,20,0.6,0.1,0.3,0.09464030005630455,0.0966445609869179,0,109,263
HM+ST,attack_flow,ctid,46,20,0.5,0.1,0.4,0.09316630143851087,0.09422345912275494,0,109,263
HM+ST,attack_flow,ctid,46,20,0.4,0.1,0.5,0.09046399701952008,0.08787719438012578,0,109,263
HM+ST,attack_flow,ctid,46,20,0.3,0.1,0.6,0.09099552306711377,0.08550765009865713,0,109,263
HM+ST,attack_flow,ctid,46,20,0.2,0.1,0.7,0.09242228241256362,0.08552159400874461,0,109,263
HM+ST,attack_flow,ctid,46,20,0.1,0.1,0.8,0.09307749395928482,0.08466175870169754,0,109,263
HM+ST,attack_flow,ctid,46,20,0.0,0.1,0.9,0.09514131263971456,0.08536963989828626,0,109,263
HM+ST,attack_flow,ctid,46,20,0.8,0.2,0.0,0.09520060502776852,0.11247259736143349,0,109,263
HM+ST,attack_flow,ctid,46,20,0.7,0.2,0.1,0.09618030268666712,0.10933718100887029,0,109,263
HM+ST,attack_flow,ctid,46,20,0.6,0.2,0.2,0.10048648464717305,0.10442647595122703,0,109,263
HM+ST,attack_flow,ctid,46,20,0.5,0.2,0.3,0.09424134307249342,0.09664260094450094,0,109,263
HM+ST,attack_flow,ctid,46,20,0.4,0.2,0.4,0.09489185983495664,0.0915368398044912,0,109,263
HM+ST,attack_flow,ctid,46,20,0.3,0.2,0.5,0.099109338521397,0.08659920015112132,0,109,263
HM+ST,attack_flow,ctid,46,20,0.2,0.2,0.6,0.09486998148955404,0.08371686471386033,0,109,263
HM+ST,attack_flow,ctid,46,20,0.1,0.2,0.7,0.09438105597333016,0.08453201388073571,0,109,263
HM+ST,attack_flow,ctid,46,20,0.0,0.2,0.8,0.09821957411447221,0.08850708127971832,0,109,263
HM+ST,attack_flow,ctid,46,20,0.7,0.3,0.0,0.09763190945165977,0.10837239173017973,0,109,263
HM+ST,attack_flow,ctid,46,20,0.6,0.3,0.1,0.10549807692413911,0.10549263838926885,0,109,263
HM+ST,attack_flow,ctid,46,20,0.5,0.3,0.2,0.10332512801051123,0.09706662619634103,0,109,263
HM+ST,attack_flow,ctid,46,20,0.4,0.3,0.3,0.10241209436008854,0.09268188648677504,0,109,263
HM+ST,attack_flow,ctid,46,20,0.3,0.3,0.4,0.10072898912571845,0.0905471530592842,0,109,263
HM+ST,attack_flow,ctid,46,20,0.2,0.3,0.5,0.10021200138248872,0.08671474463099335,0,109,263
HM+ST,attack_flow,ctid,46,20,0.1,0.3,0.6,0.10052990558624446,0.08612646895999326,0,109,263
HM+ST,attack_flow,ctid,46,20,0.0,0.3,0.7,0.10174947324764619,0.08829915082001032,0,109,263
HM+ST,attack_flow,ctid,46,20,0.6,0.4,0.0,0.10955911218032892,0.09994928732413949,0,109,263
HM+ST,attack_flow,ctid,46,20,0.5,0.4,0.1,0.11286222134490034,0.09710075549407526,0,109,263
HM+ST,attack_flow,ctid,46,20,0.4,0.4,0.2,0.10921782700514975,0.09588419989021045,0,109,263
HM+ST,attack_flow,ctid,46,20,0.3,0.4,0.3,0.10509397321253913,0.09232533960626933,0,109,263
HM+ST,attack_flow,ctid,46,20,0.2,0.4,0.4,0.09985936118804475,0.08719000633789599,0,109,263
HM+ST,attack_flow,ctid,46,20,0.1,0.4,0.5,0.09982890714737286,0.08433795673661301,0,109,263
HM+ST,attack_flow,ctid,46,20,0.0,0.4,0.6,0.10278958840180297,0.08882362011314755,0,109,263
HM+ST,attack_flow,ctid,46,20,0.5,0.5,0.0,0.11300536686279665,0.08819575163873514,0,109,263
HM+ST,attack_flow,ctid,46,20,0.4,0.5,0.1,0.11310527901245133,0.08885457806342408,0,109,263
HM+ST,attack_flow,ctid,46,20,0.3,0.5,0.2,0.11219523734122186,0.0937502011242093,0,109,263
HM+ST,attack_flow,ctid,46,20,0.2,0.5,0.3,0.10962238233288184,0.09028349188830039,0,109,263
HM+ST,attack_flow,ctid,46,20,0.1,0.5,0.4,0.09790571735209111,0.07907911949816435,0,109,263
HM+ST,attack_flow,ctid,46,20,0.0,0.5,0.5,0.10333688357725317,0.08798283705340955,0,109,263
HM+ST,attack_flow,ctid,46,20,0.4,0.6,0.0,0.11250399683336236,0.0911491621679181,0,109,263
HM+ST,attack_flow,ctid,46,20,0.3,0.6,0.1,0.11265933383830133,0.08941647254242169,0,109,263
HM+ST,attack_flow,ctid,46,20,0.2,0.6,0.2,0.11059789157686828,0.08435646018317342,0,109,263
HM+ST,attack_flow,ctid,46,20,0.1,0.6,0.3,0.11433418061858547,0.08100816698584606,0,109,263
HM+ST,attack_flow,ctid,46,20,0.0,0.6,0.4,0.10416451715418999,0.08870377384588432,0,109,263
HM+ST,attack_flow,ctid,46,20,0.3,0.7,0.0,0.11285262777787661,0.09496398511186688,0,109,263
HM+ST,attack_flow,ctid,46,20,0.2,0.7,0.1,0.10969387075000354,0.08813884411642482,0,109,263
HM+ST,attack_flow,ctid,46,20,0.1,0.7,0.2,0.11346934334095475,0.08760851168503506,0,109,263
HM+ST,attack_flow,ctid,46,20,0.0,0.7,0.3,0.11112298672426016,0.09015061844423274,0,109,263
HM+ST,attack_flow,ctid,46,20,0.2,0.8,0.0,0.1096123137148884,0.09365981128702702,0,109,263
HM+ST,attack_flow,ctid,46,20,0.1,0.8,0.1,0.10834330000235197,0.08805314963200647,0,109,263
HM+ST,attack_flow,ctid,46,20,0.0,0.8,0.2,0.10827081496431298,0.08663119187636528,0,109,263
HM+ST,attack_flow,ctid,46,20,0.1,0.9,0.0,0.11076303168769866,0.09126296822894123,0,109,263
HM+ST,attack_flow,ctid,46,20,0.0,0.9,0.1,0.10542390801380189,0.08633744929350531,0,109,263
HM+ST,attack_flow,ctid,46,20,0.0,1.0,0.0,0.12434397430676272,0.09340009972249218,0,109,263
HM+ST,attack_flow,ctid,46,40,1.0,0.0,0.0,0.1025195286050203,0.12909526090771803,0,109,263
HM+ST,attack_flow,ctid,46,40,0.9,0.0,0.1,0.09567170869835391,0.11509643374842748,0,109,263
HM+ST,attack_flow,ctid,46,40,0.8,0.0,0.2,0.09646587667041431,0.10960567846070787,0,109,263
HM+ST,attack_flow,ctid,46,40,0.7,0.0,0.3,0.10121531980950467,0.10115319875389986,0,109,263
HM+ST,attack_flow,ctid,46,40,0.6,0.0,0.4,0.0932850095304718,0.09390493175167733,0,109,263
HM+ST,attack_flow,ctid,46,40,0.5,0.0,0.5,0.09043516716953777,0.09120188099446488,0,109,263
HM+ST,attack_flow,ctid,46,40,0.4,0.0,0.6,0.09196620470605335,0.08901661566646062,0,109,263
HM+ST,attack_flow,ctid,46,40,0.3,0.0,0.7,0.09328936694901031,0.08630116514142908,0,109,263
HM+ST,attack_flow,ctid,46,40,0.2,0.0,0.8,0.09040350146478811,0.08512694015056109,0,109,263
HM+ST,attack_flow,ctid,46,40,0.1,0.0,0.9,0.08520477744712525,0.07801023615236924,0,109,263
HM+ST,attack_flow,ctid,46,40,0.0,0.0,1.0,0.05587796612221768,0.05119451025884521,0,109,263
HM+ST,attack_flow,ctid,46,40,0.9,0.1,0.0,0.10143296673562785,0.11634609433431713,0,109,263
HM+ST,attack_flow,ctid,46,40,0.8,0.1,0.1,0.09691907551059117,0.11525613180148189,0,109,263
HM+ST,attack_flow,ctid,46,40,0.7,0.1,0.2,0.10403140133579589,0.11008071047802201,0,109,263
HM+ST,attack_flow,ctid,46,40,0.6,0.1,0.3,0.09238880135533066,0.09759759179589508,0,109,263
HM+ST,attack_flow,ctid,46,40,0.5,0.1,0.4,0.09418991899092156,0.09498373437054086,0,109,263
HM+ST,attack_flow,ctid,46,40,0.4,0.1,0.5,0.09110589197546945,0.08931843516236926,0,109,263
HM+ST,attack_flow,ctid,46,40,0.3,0.1,0.6,0.09046203168566969,0.08635828294931273,0,109,263
HM+ST,attack_flow,ctid,46,40,0.2,0.1,0.7,0.0931730465881688,0.0855511927280849,0,109,263
HM+ST,attack_flow,ctid,46,40,0.1,0.1,0.8,0.09128410028023633,0.08774465911310717,0,109,263
HM+ST,attack_flow,ctid,46,40,0.0,0.1,0.9,0.09598582061304332,0.09353832625321387,0,109,263
HM+ST,attack_flow,ctid,46,40,0.8,0.2,0.0,0.10196322401142369,0.11597439819251001,0,109,263
HM+ST,attack_flow,ctid,46,40,0.7,0.2,0.1,0.097407484183759,0.11356540165727742,0,109,263
HM+ST,attack_flow,ctid,46,40,0.6,0.2,0.2,0.10412682986528617,0.1064265414655162,0,109,263
HM+ST,attack_flow,ctid,46,40,0.5,0.2,0.3,0.09568350104158238,0.09855379489784907,0,109,263
HM+ST,attack_flow,ctid,46,40,0.4,0.2,0.4,0.09622736869870258,0.09217394885698157,0,109,263
HM+ST,attack_flow,ctid,46,40,0.3,0.2,0.5,0.09291032601567903,0.08880929771640514,0,109,263
HM+ST,attack_flow,ctid,46,40,0.2,0.2,0.6,0.09711658324233069,0.08779067993074002,0,109,263
HM+ST,attack_flow,ctid,46,40,0.1,0.2,0.7,0.096355186826962,0.08733090578867744,0,109,263
HM+ST,attack_flow,ctid,46,40,0.0,0.2,0.8,0.09821739976179165,0.09682593934466589,0,109,263
HM+ST,attack_flow,ctid,46,40,0.7,0.3,0.0,0.10012961286221286,0.11473086636400083,0,109,263
HM+ST,attack_flow,ctid,46,40,0.6,0.3,0.1,0.10690674466335082,0.10962166994525088,0,109,263
HM+ST,attack_flow,ctid,46,40,0.5,0.3,0.2,0.10430070260753896,0.1004042540660881,0,109,263
HM+ST,attack_flow,ctid,46,40,0.4,0.3,0.3,0.10504242833246302,0.0982923201455139,0,109,263
HM+ST,attack_flow,ctid,46,40,0.3,0.3,0.4,0.10063412197889177,0.09344222485423102,0,109,263
HM+ST,attack_flow,ctid,46,40,0.2,0.3,0.5,0.10338286586678694,0.08827206097615606,0,109,263
HM+ST,attack_flow,ctid,46,40,0.1,0.3,0.6,0.09811359948472835,0.08596627978409488,0,109,263
HM+ST,attack_flow,ctid,46,40,0.0,0.3,0.7,0.10155539825212243,0.09621225716315158,0,109,263
HM+ST,attack_flow,ctid,46,40,0.6,0.4,0.0,0.10734331887728601,0.10576282106911009,0,109,263
HM+ST,attack_flow,ctid,46,40,0.5,0.4,0.1,0.10818412388206096,0.10314843907176086,0,109,263
HM+ST,attack_flow,ctid,46,40,0.4,0.4,0.2,0.10927140442322414,0.10067336337822355,0,109,263
HM+ST,attack_flow,ctid,46,40,0.3,0.4,0.3,0.11022807583351679,0.09757344898027877,0,109,263
HM+ST,attack_flow,ctid,46,40,0.2,0.4,0.4,0.10133645638463543,0.09088504960899234,0,109,263
HM+ST,attack_flow,ctid,46,40,0.1,0.4,0.5,0.10153230486437603,0.08874621902765725,0,109,263
HM+ST,attack_flow,ctid,46,40,0.0,0.4,0.6,0.1030126441632746,0.09589638468428005,0,109,263
HM+ST,attack_flow,ctid,46,40,0.5,0.5,0.0,0.11562160588487969,0.10014930579417751,0,109,263
HM+ST,attack_flow,ctid,46,40,0.4,0.5,0.1,0.11537303011025282,0.09925042588520964,0,109,263
HM+ST,attack_flow,ctid,46,40,0.3,0.5,0.2,0.11042718756512744,0.09924699225107828,0,109,263
HM+ST,attack_flow,ctid,46,40,0.2,0.5,0.3,0.11300733336074502,0.09599865836560892,0,109,263
HM+ST,attack_flow,ctid,46,40,0.1,0.5,0.4,0.10655765316883696,0.09075906987244003,0,109,263
HM+ST,attack_flow,ctid,46,40,0.0,0.5,0.5,0.10392250226285756,0.09419183361802705,0,109,263
HM+ST,attack_flow,ctid,46,40,0.4,0.6,0.0,0.1141706058999578,0.09460459431376436,0,109,263
HM+ST,attack_flow,ctid,46,40,0.3,0.6,0.1,0.11452467715641976,0.08847469838357438,0,109,263
HM+ST,attack_flow,ctid,46,40,0.2,0.6,0.2,0.11426098712696078,0.0864227153580426,0,109,263
HM+ST,attack_flow,ctid,46,40,0.1,0.6,0.3,0.11604583847679306,0.08642626790662242,0,109,263
HM+ST,attack_flow,ctid,46,40,0.0,0.6,0.4,0.10997866064220765,0.09832913555043159,0,109,263
HM+ST,attack_flow,ctid,46,40,0.3,0.7,0.0,0.1167145091377384,0.09526557985010313,0,109,263
HM+ST,attack_flow,ctid,46,40,0.2,0.7,0.1,0.11544137529758132,0.09088447691910988,0,109,263
HM+ST,attack_flow,ctid,46,40,0.1,0.7,0.2,0.11258497279198798,0.08558850023118997,0,109,263
HM+ST,attack_flow,ctid,46,40,0.0,0.7,0.3,0.11322035091305123,0.09498004415041564,0,109,263
HM+ST,attack_flow,ctid,46,40,0.2,0.8,0.0,0.11690863409410954,0.09288745420161201,0,109,263
HM+ST,attack_flow,ctid,46,40,0.1,0.8,0.1,0.11385453241896566,0.09118550165237517,0,109,263
HM+ST,attack_flow,ctid,46,40,0.0,0.8,0.2,0.11238149398552458,0.09133421848513062,0,109,263
HM+ST,attack_flow,ctid,46,40,0.1,0.9,0.0,0.11970855043134243,0.09394938442326677,0,109,263
HM+ST,attack_flow,ctid,46,40,0.0,0.9,0.1,0.11023057027170682,0.09332834869576995,0,109,263
HM+ST,attack_flow,ctid,46,40,0.0,1.0,0.0,0.12704871542419344,0.0960989589544065,0,109,263
HM+ST,attack_flow,ctid,46,60,1.0,0.0,0.0,0.1025195286050203,0.12909526090771803,0,109,263
HM+ST,attack_flow,ctid,46,60,0.9,0.0,0.1,0.09567170869835391,0.11509643374842748,0,109,263
HM+ST,attack_flow,ctid,46,60,0.8,0.0,0.2,0.09646587667041431,0.10960567846070787,0,109,263
HM+ST,attack_flow,ctid,46,60,0.7,0.0,0.3,0.10121531980950467,0.10115319875389986,0,109,263
HM+ST,attack_flow,ctid,46,60,0.6,0.0,0.4,0.0932850095304718,0.09390493175167733,0,109,263
HM+ST,attack_flow,ctid,46,60,0.5,0.0,0.5,0.09043516716953777,0.09120188099446488,0,109,263
HM+ST,attack_flow,ctid,46,60,0.4,0.0,0.6,0.09196620470605335,0.08901661566646062,0,109,263
HM+ST,attack_flow,ctid,46,60,0.3,0.0,0.7,0.09328936694901031,0.08630116514142908,0,109,263
HM+ST,attack_flow,ctid,46,60,0.2,0.0,0.8,0.09040350146478811,0.08512694015056109,0,109,263
HM+ST,attack_flow,ctid,46,60,0.1,0.0,0.9,0.08520477744712525,0.07801023615236924,0,109,263
HM+ST,attack_flow,ctid,46,60,0.0,0.0,1.0,0.05587796612221768,0.05119451025884521,0,109,263
HM+ST,attack_flow,ctid,46,60,0.9,0.1,0.0,0.10307856828149073,0.11683849280334657,0,109,263
HM+ST,attack_flow,ctid,46,60,0.8,0.1,0.1,0.09734739265404053,0.11652539474012562,0,109,263
HM+ST,attack_flow,ctid,46,60,0.7,0.1,0.2,0.10007397708830797,0.11043263725580313,0,109,263
HM+ST,attack_flow,ctid,46,60,0.6,0.1,0.3,0.0925588278532994,0.09764158382868846,0,109,263
HM+ST,attack_flow,ctid,46,60,0.5,0.1,0.4,0.09174961099632778,0.09542062470099387,0,109,263
HM+ST,attack_flow,ctid,46,60,0.4,0.1,0.5,0.0888373879804041,0.08949734745545804,0,109,263
HM+ST,attack_flow,ctid,46,60,0.3,0.1,0.6,0.09022557660320561,0.08820770348857268,0,109,263
HM+ST,attack_flow,ctid,46,60,0.2,0.1,0.7,0.08981589944433566,0.0863558822734486,0,109,263
HM+ST,attack_flow,ctid,46,60,0.1,0.1,0.8,0.09042806921535744,0.08616152191660767,0,109,263
HM+ST,attack_flow,ctid,46,60,0.0,0.1,0.9,0.09826704243260795,0.0899721951382507,0,109,263
HM+ST,attack_flow,ctid,46,60,0.8,0.2,0.0,0.10236370421635126,0.1160731885563608,0,109,263
HM+ST,attack_flow,ctid,46,60,0.7,0.2,0.1,0.09588178976171556,0.1136128804646835,0,109,263
HM+ST,attack_flow,ctid,46,60,0.6,0.2,0.2,0.10485394767907955,0.10796932921645656,0,109,263
HM+ST,attack_flow,ctid,46,60,0.5,0.2,0.3,0.10407929166346566,0.0991342425009775,0,109,263
HM+ST,attack_flow,ctid,46,60,0.4,0.2,0.4,0.09213074949352654,0.09288700818604056,0,109,263
HM+ST,attack_flow,ctid,46,60,0.3,0.2,0.5,0.096555530389255,0.0893620602105685,0,109,263
HM+ST,attack_flow,ctid,46,60,0.2,0.2,0.6,0.09678315616133402,0.08835833047272738,0,109,263
HM+ST,attack_flow,ctid,46,60,0.1,0.2,0.7,0.09481475988205736,0.08959931074656255,0,109,263
HM+ST,attack_flow,ctid,46,60,0.0,0.2,0.8,0.0991419913382103,0.0901594951407181,0,109,263
HM+ST,attack_flow,ctid,46,60,0.7,0.3,0.0,0.10090124762466493,0.11375479301847206,0,109,263
HM+ST,attack_flow,ctid,46,60,0.6,0.3,0.1,0.09863984533790163,0.11060226289842542,0,109,263
HM+ST,attack_flow,ctid,46,60,0.5,0.3,0.2,0.10779733135787958,0.1036489076391062,0,109,263
HM+ST,attack_flow,ctid,46,60,0.4,0.3,0.3,0.10558652253578538,0.09835348203334124,0,109,263
HM+ST,attack_flow,ctid,46,60,0.3,0.3,0.4,0.09912132863752851,0.0912559057495524,0,109,263
HM+ST,attack_flow,ctid,46,60,0.2,0.3,0.5,0.09651009721663331,0.08915462459466231,0,109,263
HM+ST,attack_flow,ctid,46,60,0.1,0.3,0.6,0.09778159438859417,0.08870928383130385,0,109,263
HM+ST,attack_flow,ctid,46,60,0.0,0.3,0.7,0.1015828544787516,0.09220401808235638,0,109,263
HM+ST,attack_flow,ctid,46,60,0.6,0.4,0.0,0.10473958611737004,0.1102750829908679,0,109,263
HM+ST,attack_flow,ctid,46,60,0.5,0.4,0.1,0.11039754475205854,0.10617169741871597,0,109,263
HM+ST,attack_flow,ctid,46,60,0.4,0.4,0.2,0.11280129771416658,0.10130518736351486,0,109,263
HM+ST,attack_flow,ctid,46,60,0.3,0.4,0.3,0.11262464454791814,0.10030641666512692,0,109,263
HM+ST,attack_flow,ctid,46,60,0.2,0.4,0.4,0.10497775653720169,0.09404431885572954,0,109,263
HM+ST,attack_flow,ctid,46,60,0.1,0.4,0.5,0.10025347664559307,0.09065788898799533,0,109,263
HM+ST,attack_flow,ctid,46,60,0.0,0.4,0.6,0.10497395945920714,0.09447455513299202,0,109,263
HM+ST,attack_flow,ctid,46,60,0.5,0.5,0.0,0.11201579003177772,0.10602235286575987,0,109,263
HM+ST,attack_flow,ctid,46,60,0.4,0.5,0.1,0.11658273471303313,0.10247073179389524,0,109,263
HM+ST,attack_flow,ctid,46,60,0.3,0.5,0.2,0.11430390913936414,0.1017362298035515,0,109,263
HM+ST,attack_flow,ctid,46,60,0.2,0.5,0.3,0.11442047404756059,0.09890357135457367,0,109,263
HM+ST,attack_flow,ctid,46,60,0.1,0.5,0.4,0.11148175698275357,0.09602109003607662,0,109,263
HM+ST,attack_flow,ctid,46,60,0.0,0.5,0.5,0.10629966469667047,0.09458176252070385,0,109,263
HM+ST,attack_flow,ctid,46,60,0.4,0.6,0.0,0.11225330293566951,0.09690392625118993,0,109,263
HM+ST,attack_flow,ctid,46,60,0.3,0.6,0.1,0.11652297681700641,0.09397395348238202,0,109,263
HM+ST,attack_flow,ctid,46,60,0.2,0.6,0.2,0.1161165196589646,0.09424525600402703,0,109,263
HM+ST,attack_flow,ctid,46,60,0.1,0.6,0.3,0.12124182164297174,0.09142617784252689,0,109,263
HM+ST,attack_flow,ctid,46,60,0.0,0.6,0.4,0.11517949301351849,0.09919380393304564,0,109,263
HM+ST,attack_flow,ctid,46,60,0.3,0.7,0.0,0.12454096949872931,0.09354110776766324,0,109,263
HM+ST,attack_flow,ctid,46,60,0.2,0.7,0.1,0.11922695033570133,0.0903870339590927,0,109,263
HM+ST,attack_flow,ctid,46,60,0.1,0.7,0.2,0.12177198356187244,0.08924630470716848,0,109,263
HM+ST,attack_flow,ctid,46,60,0.0,0.7,0.3,0.12651150879304435,0.09754359434925511,0,109,263
HM+ST,attack_flow,ctid,46,60,0.2,0.8,0.0,0.12813743203762334,0.09379443425541133,0,109,263
HM+ST,attack_flow,ctid,46,60,0.1,0.8,0.1,0.1265885474130754,0.09063157187811335,0,109,263
HM+ST,attack_flow,ctid,46,60,0.0,0.8,0.2,0.12494412380961384,0.08907273903905474,0,109,263
HM+ST,attack_flow,ctid,46,60,0.1,0.9,0.0,0.13178917684608407,0.09361074122067056,0,109,263
HM+ST,attack_flow,ctid,46,60,0.0,0.9,0.1,0.1248802798255011,0.08806949532155874,0,109,263
HM+ST,attack_flow,ctid,46,60,0.0,1.0,0.0,0.131363282246339,0.09292537521432326,0,109,263
HM+ST,attack_flow,ctid,46,80,1.0,0.0,0.0,0.1025195286050203,0.12909526090771803,0,109,263
HM+ST,attack_flow,ctid,46,80,0.9,0.0,0.1,0.09567170869835391,0.11509643374842748,0,109,263
HM+ST,attack_flow,ctid,46,80,0.8,0.0,0.2,0.09646587667041431,0.10960567846070787,0,109,263
HM+ST,attack_flow,ctid,46,80,0.7,0.0,0.3,0.10121531980950467,0.10115319875389986,0,109,263
HM+ST,attack_flow,ctid,46,80,0.6,0.0,0.4,0.0932850095304718,0.09390493175167733,0,109,263
HM+ST,attack_flow,ctid,46,80,0.5,0.0,0.5,0.09043516716953777,0.09120188099446488,0,109,263
HM+ST,attack_flow,ctid,46,80,0.4,0.0,0.6,0.09196620470605335,0.08901661566646062,0,109,263
HM+ST,attack_flow,ctid,46,80,0.3,0.0,0.7,0.09328936694901031,0.08630116514142908,0,109,263
HM+ST,attack_flow,ctid,46,80,0.2,0.0,0.8,0.09040350146478811,0.08512694015056109,0,109,263
HM+ST,attack_flow,ctid,46,80,0.1,0.0,0.9,0.08520477744712525,0.07801023615236924,0,109,263
HM+ST,attack_flow,ctid,46,80,0.0,0.0,1.0,0.05587796612221768,0.05119451025884521,0,109,263
HM+ST,attack_flow,ctid,46,80,0.9,0.1,0.0,0.10394130229459013,0.1194653081339796,0,109,263
HM+ST,attack_flow,ctid,46,80,0.8,0.1,0.1,0.09645939669706886,0.11689755687676928,0,109,263
HM+ST,attack_flow,ctid,46,80,0.7,0.1,0.2,0.10404691117262217,0.11391746125899616,0,109,263
HM+ST,attack_flow,ctid,46,80,0.6,0.1,0.3,0.09245208618970491,0.09857378998602498,0,109,263
HM+ST,attack_flow,ctid,46,80,0.5,0.1,0.4,0.09037554298147837,0.09435804604108042,0,109,263
HM+ST,attack_flow,ctid,46,80,0.4,0.1,0.5,0.08813867670142546,0.09037575480542809,0,109,263
HM+ST,attack_flow,ctid,46,80,0.3,0.1,0.6,0.09089047402926285,0.08913789540221398,0,109,263
HM+ST,attack_flow,ctid,46,80,0.2,0.1,0.7,0.08971440819719059,0.08811709784607123,0,109,263
HM+ST,attack_flow,ctid,46,80,0.1,0.1,0.8,0.08859914514278358,0.08495360999498278,0,109,263
HM+ST,attack_flow,ctid,46,80,0.0,0.1,0.9,0.0968738353279985,0.08569676813643023,0,109,263
HM+ST,attack_flow,ctid,46,80,0.8,0.2,0.0,0.10324972958522002,0.11583945924746046,0,109,263
HM+ST,attack_flow,ctid,46,80,0.7,0.2,0.1,0.09696896408866215,0.11641588434987664,0,109,263
HM+ST,attack_flow,ctid,46,80,0.6,0.2,0.2,0.10675225579343554,0.11209017602615926,0,109,263
HM+ST,attack_flow,ctid,46,80,0.5,0.2,0.3,0.10331125413816049,0.10020229262757234,0,109,263
HM+ST,attack_flow,ctid,46,80,0.4,0.2,0.4,0.09223003334024833,0.09411875733471152,0,109,263
HM+ST,attack_flow,ctid,46,80,0.3,0.2,0.5,0.09416352575515335,0.09235680458419629,0,109,263
HM+ST,attack_flow,ctid,46,80,0.2,0.2,0.6,0.09489650946873412,0.08844033078474083,0,109,263
HM+ST,attack_flow,ctid,46,80,0.1,0.2,0.7,0.09721910211064193,0.09018357941374437,0,109,263
HM+ST,attack_flow,ctid,46,80,0.0,0.2,0.8,0.09840882535420274,0.0887179591081469,0,109,263
HM+ST,attack_flow,ctid,46,80,0.7,0.3,0.0,0.1038368574130543,0.11269337369403336,0,109,263
HM+ST,attack_flow,ctid,46,80,0.6,0.3,0.1,0.10025984156369731,0.11026357060688749,0,109,263
HM+ST,attack_flow,ctid,46,80,0.5,0.3,0.2,0.10322526372013305,0.10616060586601676,0,109,263
HM+ST,attack_flow,ctid,46,80,0.4,0.3,0.3,0.10719795499574647,0.10262949311210068,0,109,263
HM+ST,attack_flow,ctid,46,80,0.3,0.3,0.4,0.09911798808841772,0.09438165301067529,0,109,263
HM+ST,attack_flow,ctid,46,80,0.2,0.3,0.5,0.09765659237725698,0.0917191984826721,0,109,263
HM+ST,attack_flow,ctid,46,80,0.1,0.3,0.6,0.09727104793157153,0.09010056224031322,0,109,263
HM+ST,attack_flow,ctid,46,80,0.0,0.3,0.7,0.10066318947088426,0.08784475168429393,0,109,263
HM+ST,attack_flow,ctid,46,80,0.6,0.4,0.0,0.10827886529055572,0.11162559528298004,0,109,263
HM+ST,attack_flow,ctid,46,80,0.5,0.4,0.1,0.11067230798094023,0.11123436037291241,0,109,263
HM+ST,attack_flow,ctid,46,80,0.4,0.4,0.2,0.10776514723329864,0.10531691119382454,0,109,263
HM+ST,attack_flow,ctid,46,80,0.3,0.4,0.3,0.11332906810796343,0.10415620350831192,0,109,263
HM+ST,attack_flow,ctid,46,80,0.2,0.4,0.4,0.10615829228967197,0.09702109998129112,0,109,263
HM+ST,attack_flow,ctid,46,80,0.1,0.4,0.5,0.09908412958959598,0.09233683879021246,0,109,263
HM+ST,attack_flow,ctid,46,80,0.0,0.4,0.6,0.10367264329042966,0.09057469429094558,0,109,263
HM+ST,attack_flow,ctid,46,80,0.5,0.5,0.0,0.11324587450958527,0.11007846852969923,0,109,263
HM+ST,attack_flow,ctid,46,80,0.4,0.5,0.1,0.11755404800402855,0.10976412034684939,0,109,263
HM+ST,attack_flow,ctid,46,80,0.3,0.5,0.2,0.11375058901518646,0.10695684350621368,0,109,263
HM+ST,attack_flow,ctid,46,80,0.2,0.5,0.3,0.11310016817833876,0.1037126731933224,0,109,263
HM+ST,attack_flow,ctid,46,80,0.1,0.5,0.4,0.11101178722411978,0.09970148356644454,0,109,263
HM+ST,attack_flow,ctid,46,80,0.0,0.5,0.5,0.10571960148023245,0.09396714891607891,0,109,263
HM+ST,attack_flow,ctid,46,80,0.4,0.6,0.0,0.12116804368012643,0.10761383980093979,0,109,263
HM+ST,attack_flow,ctid,46,80,0.3,0.6,0.1,0.11808070192538662,0.10753181017113908,0,109,263
HM+ST,attack_flow,ctid,46,80,0.2,0.6,0.2,0.11712606848358527,0.1034579997913669,0,109,263
HM+ST,attack_flow,ctid,46,80,0.1,0.6,0.3,0.12067902449862031,0.10057976897817844,0,109,263
HM+ST,attack_flow,ctid,46,80,0.0,0.6,0.4,0.11577390316409712,0.09976386199446688,0,109,263
HM+ST,attack_flow,ctid,46,80,0.3,0.7,0.0,0.12862310187132103,0.09867622969138838,0,109,263
HM+ST,attack_flow,ctid,46,80,0.2,0.7,0.1,0.12328184982586235,0.09850418995866156,0,109,263
HM+ST,attack_flow,ctid,46,80,0.1,0.7,0.2,0.12062987197279676,0.095029328380163,0,109,263
HM+ST,attack_flow,ctid,46,80,0.0,0.7,0.3,0.12308620346106272,0.09929563833706273,0,109,263
HM+ST,attack_flow,ctid,46,80,0.2,0.8,0.0,0.128729860067524,0.09812347261027296,0,109,263
HM+ST,attack_flow,ctid,46,80,0.1,0.8,0.1,0.12187108274114877,0.09696905463705574,0,109,263
HM+ST,attack_flow,ctid,46,80,0.0,0.8,0.2,0.1242353202916963,0.09550988210845313,0,109,263
HM+ST,attack_flow,ctid,46,80,0.1,0.9,0.0,0.13319007995226315,0.09980604491264788,0,109,263
HM+ST,attack_flow,ctid,46,80,0.0,0.9,0.1,0.1272648231282424,0.09724631114537427,0,109,263
HM+ST,attack_flow,ctid,46,80,0.0,1.0,0.0,0.1364665321212361,0.1009233139126117,0,109,263
HM+ST,attack_flow,stockpile,42,100,1.0,0.0,0.0,0.15578535298008467,0.12909526090771803,0,263,109
HM+ST,attack_flow,stockpile,42,100,0.9,0.0,0.1,0.13464895401966032,0.11509643374842748,0,263,109
HM+ST,attack_flow,stockpile,42,100,0.8,0.0,0.2,0.12854890699006452,0.10960567846070787,0,263,109
HM+ST,attack_flow,stockpile,42,100,0.7,0.0,0.3,0.10316926013199179,0.10115319875389986,0,263,109
HM+ST,attack_flow,stockpile,42,100,0.6,0.0,0.4,0.09640407232049626,0.09390493175167733,0,263,109
HM+ST,attack_flow,stockpile,42,100,0.5,0.0,0.5,0.09471044584096013,0.09120188099446488,0,263,109
HM+ST,attack_flow,stockpile,42,100,0.4,0.0,0.6,0.09287648896281384,0.08901661566646062,0,263,109
HM+ST,attack_flow,stockpile,42,100,0.3,0.0,0.7,0.08417165354424941,0.08630116514142908,0,263,109
HM+ST,attack_flow,stockpile,42,100,0.2,0.0,0.8,0.0852922818932454,0.08512694015056109,0,263,109
HM+ST,attack_flow,stockpile,42,100,0.1,0.0,0.9,0.07633472843999331,0.07801023615236924,0,263,109
HM+ST,attack_flow,stockpile,42,100,0.0,0.0,1.0,0.04651105439547272,0.05119451025884521,0,263,109
HM+ST,attack_flow,stockpile,42,100,0.9,0.1,0.0,0.1384868593983541,0.11917655819814574,0,263,109
HM+ST,attack_flow,stockpile,42,100,0.8,0.1,0.1,0.13875278069699457,0.11799598809894052,0,263,109
HM+ST,attack_flow,stockpile,42,100,0.7,0.1,0.2,0.12806676644726306,0.11416518315414648,0,263,109
HM+ST,attack_flow,stockpile,42,100,0.6,0.1,0.3,0.10782089393051414,0.10034232915282588,0,263,109
HM+ST,attack_flow,stockpile,42,100,0.5,0.1,0.4,0.10554159310699378,0.09557004669012578,0,263,109
HM+ST,attack_flow,stockpile,42,100,0.4,0.1,0.5,0.09524168910804214,0.09066433917444915,0,263,109
HM+ST,attack_flow,stockpile,42,100,0.3,0.1,0.6,0.09478541494160647,0.0897992472370703,0,263,109
HM+ST,attack_flow,stockpile,42,100,0.2,0.1,0.7,0.08898492583450054,0.08894704376819179,0,263,109
HM+ST,attack_flow,stockpile,42,100,0.1,0.1,0.8,0.08580424497239597,0.08577391139326328,0,263,109
HM+ST,attack_flow,stockpile,42,100,0.0,0.1,0.9,0.07413451743159671,0.08494787415361102,0,263,109
HM+ST,attack_flow,stockpile,42,100,0.8,0.2,0.0,0.14308113272312356,0.11950173139179857,0,263,109
HM+ST,attack_flow,stockpile,42,100,0.7,0.2,0.1,0.14418678233371163,0.11876505647555605,0,263,109
HM+ST,attack_flow,stockpile,42,100,0.6,0.2,0.2,0.12190693162223142,0.1129766141247828,0,263,109
HM+ST,attack_flow,stockpile,42,100,0.5,0.2,0.3,0.10768266936017531,0.10280075481295407,0,263,109
HM+ST,attack_flow,stockpile,42,100,0.4,0.2,0.4,0.10139156481916939,0.09596169077491844,0,263,109
HM+ST,attack_flow,stockpile,42,100,0.3,0.2,0.5,0.09441683583871097,0.09357668713250936,0,263,109
HM+ST,attack_flow,stockpile,42,100,0.2,0.2,0.6,0.08679646377812934,0.09046005909054969,0,263,109
HM+ST,attack_flow,stockpile,42,100,0.1,0.2,0.7,0.08538695918147912,0.0898092303600631,0,263,109
HM+ST,attack_flow,stockpile,42,100,0.0,0.2,0.8,0.06996384006059964,0.08610319945651032,0,263,109
HM+ST,attack_flow,stockpile,42,100,0.7,0.3,0.0,0.1344315034774992,0.11932237865335268,0,263,109
HM+ST,attack_flow,stockpile,42,100,0.6,0.3,0.1,0.13350941293125432,0.11750825083133756,0,263,109
HM+ST,attack_flow,stockpile,42,100,0.5,0.3,0.2,0.12729329106576326,0.11181694844834558,0,263,109
HM+ST,attack_flow,stockpile,42,100,0.4,0.3,0.3,0.10959268351668287,0.10789717963559724,0,263,109
HM+ST,attack_flow,stockpile,42,100,0.3,0.3,0.4,0.09219717572815325,0.09717084033719214,0,263,109
HM+ST,attack_flow,stockpile,42,100,0.2,0.3,0.5,0.0901925219056713,0.09236411384481721,0,263,109
HM+ST,attack_flow,stockpile,42,100,0.1,0.3,0.6,0.08781109129936446,0.09112365215072056,0,263,109
HM+ST,attack_flow,stockpile,42,100,0.0,0.3,0.7,0.074695663235337,0.08788698170583452,0,263,109
HM+ST,attack_flow,stockpile,42,100,0.6,0.4,0.0,0.13353194262013812,0.11784895583676405,0,263,109
HM+ST,attack_flow,stockpile,42,100,0.5,0.4,0.1,0.13016315700548464,0.11820418213491002,0,263,109
HM+ST,attack_flow,stockpile,42,100,0.4,0.4,0.2,0.10472584062579993,0.11076487597319931,0,263,109
HM+ST,attack_flow,stockpile,42,100,0.3,0.4,0.3,0.10342380145327015,0.10705898352036047,0,263,109
HM+ST,attack_flow,stockpile,42,100,0.2,0.4,0.4,0.09157881712531918,0.09872761390578906,0,263,109
HM+ST,attack_flow,stockpile,42,100,0.1,0.4,0.5,0.09513269474205908,0.0960371399718695,0,263,109
HM+ST,attack_flow,stockpile,42,100,0.0,0.4,0.6,0.07578081187794546,0.09179263389206554,0,263,109
HM+ST,attack_flow,stockpile,42,100,0.5,0.5,0.0,0.12483638341880506,0.11783874043858875,0,263,109
HM+ST,attack_flow,stockpile,42,100,0.4,0.5,0.1,0.12373278835018166,0.11777123845695721,0,263,109
HM+ST,attack_flow,stockpile,42,100,0.3,0.5,0.2,0.10216829545106554,0.11030296876639671,0,263,109
HM+ST,attack_flow,stockpile,42,100,0.2,0.5,0.3,0.10475710075718787,0.10842153333964547,0,263,109
HM+ST,attack_flow,stockpile,42,100,0.1,0.5,0.4,0.09640707500438499,0.10408789321651819,0,263,109
HM+ST,attack_flow,stockpile,42,100,0.0,0.5,0.5,0.08152440347865557,0.09761907134247298,0,263,109
HM+ST,attack_flow,stockpile,42,100,0.4,0.6,0.0,0.10211161266860774,0.1124335243407846,0,263,109
HM+ST,attack_flow,stockpile,42,100,0.3,0.6,0.1,0.0939934840056341,0.11182999381849945,0,263,109
HM+ST,attack_flow,stockpile,42,100,0.2,0.6,0.2,0.10288553276861816,0.11002373547525605,0,263,109
HM+ST,attack_flow,stockpile,42,100,0.1,0.6,0.3,0.09524546780000583,0.10714982088701068,0,263,109
HM+ST,attack_flow,stockpile,42,100,0.0,0.6,0.4,0.08381988659612383,0.10361408469179681,0,263,109
HM+ST,attack_flow,stockpile,42,100,0.3,0.7,0.0,0.08087726202962132,0.10675515152230106,0,263,109
HM+ST,attack_flow,stockpile,42,100,0.2,0.7,0.1,0.0794321975322937,0.10221827708169433,0,263,109
HM+ST,attack_flow,stockpile,42,100,0.1,0.7,0.2,0.08117542545437327,0.1017178947057106,0,263,109
HM+ST,attack_flow,stockpile,42,100,0.0,0.7,0.3,0.07612252847779592,0.10691180429826978,0,263,109
HM+ST,attack_flow,stockpile,42,100,0.2,0.8,0.0,0.08264350650162443,0.10541064309925996,0,263,109
HM+ST,attack_flow,stockpile,42,100,0.1,0.8,0.1,0.07623634698084503,0.10270158951058625,0,263,109
HM+ST,attack_flow,stockpile,42,100,0.0,0.8,0.2,0.07615226627764021,0.10420946093274261,0,263,109
HM+ST,attack_flow,stockpile,42,100,0.1,0.9,0.0,0.07680411497420453,0.10756346016516563,0,263,109
HM+ST,attack_flow,stockpile,42,100,0.0,0.9,0.1,0.07200996268051801,0.10307957697637468,0,263,109
HM+ST,attack_flow,stockpile,42,100,0.0,1.0,0.0,0.06471795461624119,0.10499041443912278,0,263,109
HM+ST,attack_flow,stockpile,42,20,1.0,0.0,0.0,0.15578535298008467,0.12909526090771803,1,263,109
HM+ST,attack_flow,stockpile,42,20,0.9,0.0,0.1,0.13464895401966032,0.11509643374842748,0,263,109
HM+ST,attack_flow,stockpile,42,20,0.8,0.0,0.2,0.12854890699006452,0.10960567846070787,0,263,109
HM+ST,attack_flow,stockpile,42,20,0.7,0.0,0.3,0.10316926013199179,0.10115319875389986,0,263,109
HM+ST,attack_flow,stockpile,42,20,0.6,0.0,0.4,0.09640407232049626,0.09390493175167733,0,263,109
HM+ST,attack_flow,stockpile,42,20,0.5,0.0,0.5,0.09471044584096013,0.09120188099446488,0,263,109
HM+ST,attack_flow,stockpile,42,20,0.4,0.0,0.6,0.09287648896281384,0.08901661566646062,0,263,109
HM+ST,attack_flow,stockpile,42,20,0.3,0.0,0.7,0.08417165354424941,0.08630116514142908,0,263,109
HM+ST,attack_flow,stockpile,42,20,0.2,0.0,0.8,0.0852922818932454,0.08512694015056109,0,263,109
HM+ST,attack_flow,stockpile,42,20,0.1,0.0,0.9,0.07633472843999331,0.07801023615236924,0,263,109
HM+ST,attack_flow,stockpile,42,20,0.0,0.0,1.0,0.04651105439547272,0.05119451025884521,0,263,109
HM+ST,attack_flow,stockpile,42,20,0.9,0.1,0.0,0.13389048504894174,0.11534710805836265,0,263,109
HM+ST,attack_flow,stockpile,42,20,0.8,0.1,0.1,0.1332943172942624,0.11395010759492978,0,263,109
HM+ST,attack_flow,stockpile,42,20,0.7,0.1,0.2,0.11669968886298648,0.10818184105421476,0,263,109
HM+ST,attack_flow,stockpile,42,20,0.6,0.1,0.3,0.10569394052636137,0.0966445609869179,0,263,109
HM+ST,attack_flow,stockpile,42,20,0.5,0.1,0.4,0.10359623593465837,0.09422345912275494,0,263,109
HM+ST,attack_flow,stockpile,42,20,0.4,0.1,0.5,0.0932166759042997,0.08787719438012578,0,263,109
HM+ST,attack_flow,stockpile,42,20,0.3,0.1,0.6,0.08216067398751783,0.08550765009865713,0,263,109
HM+ST,attack_flow,stockpile,42,20,0.2,0.1,0.7,0.08736918722980462,0.08552159400874461,0,263,109
HM+ST,attack_flow,stockpile,42,20,0.1,0.1,0.8,0.08213537725402517,0.08466175870169754,0,263,109
HM+ST,attack_flow,stockpile,42,20,0.0,0.1,0.9,0.0693118666266552,0.08536963989828626,0,263,109
HM+ST,attack_flow,stockpile,42,20,0.8,0.2,0.0,0.12906814572732414,0.11247259736143349,0,263,109
HM+ST,attack_flow,stockpile,42,20,0.7,0.2,0.1,0.12878927729901563,0.10933718100887029,0,263,109
HM+ST,attack_flow,stockpile,42,20,0.6,0.2,0.2,0.1153651566533279,0.10442647595122703,0,263,109
HM+ST,attack_flow,stockpile,42,20,0.5,0.2,0.3,0.1087544642686961,0.09664260094450094,0,263,109
HM+ST,attack_flow,stockpile,42,20,0.4,0.2,0.4,0.09267229599595427,0.0915368398044912,0,263,109
HM+ST,attack_flow,stockpile,42,20,0.3,0.2,0.5,0.08116553350371022,0.08659920015112132,0,263,109
HM+ST,attack_flow,stockpile,42,20,0.2,0.2,0.6,0.08034680624610029,0.08371686471386033,0,263,109
HM+ST,attack_flow,stockpile,42,20,0.1,0.2,0.7,0.0810135293545977,0.08453201388073571,0,263,109
HM+ST,attack_flow,stockpile,42,20,0.0,0.2,0.8,0.07553611898444137,0.08850708127971832,0,263,109
HM+ST,attack_flow,stockpile,42,20,0.7,0.3,0.0,0.12260908089019047,0.10837239173017973,0,263,109
HM+ST,attack_flow,stockpile,42,20,0.6,0.3,0.1,0.11545307496293207,0.10549263838926885,0,263,109
HM+ST,attack_flow,stockpile,42,20,0.5,0.3,0.2,0.0970480503136316,0.09706662619634103,0,263,109
HM+ST,attack_flow,stockpile,42,20,0.4,0.3,0.3,0.09164224751912059,0.09268188648677504,0,263,109
HM+ST,attack_flow,stockpile,42,20,0.3,0.3,0.4,0.09004251637817376,0.0905471530592842,0,263,109
HM+ST,attack_flow,stockpile,42,20,0.2,0.3,0.5,0.08117601425105331,0.08671474463099335,0,263,109
HM+ST,attack_flow,stockpile,42,20,0.1,0.3,0.6,0.06976417029995258,0.08612646895999326,0,263,109
HM+ST,attack_flow,stockpile,42,20,0.0,0.3,0.7,0.0641280243789122,0.08829915082001032,0,263,109
HM+ST,attack_flow,stockpile,42,20,0.6,0.4,0.0,0.09734986700117372,0.09994928732413949,0,263,109
HM+ST,attack_flow,stockpile,42,20,0.5,0.4,0.1,0.08373749481548681,0.09710075549407526,0,263,109
HM+ST,attack_flow,stockpile,42,20,0.4,0.4,0.2,0.08781173152458635,0.09588419989021045,0,263,109
HM+ST,attack_flow,stockpile,42,20,0.3,0.4,0.3,0.08345315010692687,0.09232533960626933,0,263,109
HM+ST,attack_flow,stockpile,42,20,0.2,0.4,0.4,0.08327162923139406,0.08719000633789599,0,263,109
HM+ST,attack_flow,stockpile,42,20,0.1,0.4,0.5,0.06307740970277988,0.08433795673661301,0,263,109
HM+ST,attack_flow,stockpile,42,20,0.0,0.4,0.6,0.06271933270201512,0.08882362011314755,0,263,109
HM+ST,attack_flow,stockpile,42,20,0.5,0.5,0.0,0.06492997830457775,0.08819575163873514,0,263,109
HM+ST,attack_flow,stockpile,42,20,0.4,0.5,0.1,0.05953808725900558,0.08885457806342408,0,263,109
HM+ST,attack_flow,stockpile,42,20,0.3,0.5,0.2,0.060916317970734345,0.0937502011242093,0,263,109
HM+ST,attack_flow,stockpile,42,20,0.2,0.5,0.3,0.07710358410562451,0.09028349188830039,0,263,109
HM+ST,attack_flow,stockpile,42,20,0.1,0.5,0.4,0.056048322645914916,0.07907911949816435,0,263,109
HM+ST,attack_flow,stockpile,42,20,0.0,0.5,0.5,0.0581015987086477,0.08798283705340955,0,263,109
HM+ST,attack_flow,stockpile,42,20,0.4,0.6,0.0,0.07894600319163321,0.0911491621679181,0,263,109
HM+ST,attack_flow,stockpile,42,20,0.3,0.6,0.1,0.07606835004168103,0.08941647254242169,0,263,109
HM+ST,attack_flow,stockpile,42,20,0.2,0.6,0.2,0.05449053618406058,0.08435646018317342,0,263,109
HM+ST,attack_flow,stockpile,42,20,0.1,0.6,0.3,0.05180320558724336,0.08100816698584606,0,263,109
HM+ST,attack_flow,stockpile,42,20,0.0,0.6,0.4,0.0654567365293863,0.08870377384588432,0,263,109
HM+ST,attack_flow,stockpile,42,20,0.3,0.7,0.0,0.07277619644453238,0.09496398511186688,0,263,109
HM+ST,attack_flow,stockpile,42,20,0.2,0.7,0.1,0.0703916817384641,0.08813884411642482,0,263,109
HM+ST,attack_flow,stockpile,42,20,0.1,0.7,0.2,0.06840421190675364,0.08760851168503506,0,263,109
HM+ST,attack_flow,stockpile,42,20,0.0,0.7,0.3,0.05884284573248634,0.09015061844423274,0,263,109
HM+ST,attack_flow,stockpile,42,20,0.2,0.8,0.0,0.07283097788672026,0.09365981128702702,0,263,109
HM+ST,attack_flow,stockpile,42,20,0.1,0.8,0.1,0.06829562819784785,0.08805314963200647,0,263,109
HM+ST,attack_flow,stockpile,42,20,0.0,0.8,0.2,0.06665863398740123,0.08663119187636528,0,263,109
HM+ST,attack_flow,stockpile,42,20,0.1,0.9,0.0,0.07211748172117624,0.09126296822894123,0,263,109
HM+ST,attack_flow,stockpile,42,20,0.0,0.9,0.1,0.06669127966982925,0.08633744929350531,0,263,109
HM+ST,attack_flow,stockpile,42,20,0.0,1.0,0.0,0.07255262977203558,0.09340009972249218,0,263,109
HM+ST,attack_flow,stockpile,42,40,1.0,0.0,0.0,0.15578535298008467,0.12909526090771803,0,263,109
HM+ST,attack_flow,stockpile,42,40,0.9,0.0,0.1,0.13464895401966032,0.11509643374842748,0,263,109
HM+ST,attack_flow,stockpile,42,40,0.8,0.0,0.2,0.12854890699006452,0.10960567846070787,0,263,109
HM+ST,attack_flow,stockpile,42,40,0.7,0.0,0.3,0.10316926013199179,0.10115319875389986,0,263,109
HM+ST,attack_flow,stockpile,42,40,0.6,0.0,0.4,0.09640407232049626,0.09390493175167733,0,263,109
HM+ST,attack_flow,stockpile,42,40,0.5,0.0,0.5,0.09471044584096013,0.09120188099446488,0,263,109
HM+ST,attack_flow,stockpile,42,40,0.4,0.0,0.6,0.09287648896281384,0.08901661566646062,0,263,109
HM+ST,attack_flow,stockpile,42,40,0.3,0.0,0.7,0.08417165354424941,0.08630116514142908,0,263,109
HM+ST,attack_flow,stockpile,42,40,0.2,0.0,0.8,0.0852922818932454,0.08512694015056109,0,263,109
HM+ST,attack_flow,stockpile,42,40,0.1,0.0,0.9,0.07633472843999331,0.07801023615236924,0,263,109
HM+ST,attack_flow,stockpile,42,40,0.0,0.0,1.0,0.04651105439547272,0.05119451025884521,0,263,109
HM+ST,attack_flow,stockpile,42,40,0.9,0.1,0.0,0.1366738099887589,0.11634609433431713,0,263,109
HM+ST,attack_flow,stockpile,42,40,0.8,0.1,0.1,0.1352488104269361,0.11525613180148189,0,263,109
HM+ST,attack_flow,stockpile,42,40,0.7,0.1,0.2,0.12647114781699983,0.11008071047802201,0,263,109
HM+ST,attack_flow,stockpile,42,40,0.6,0.1,0.3,0.10732182293412967,0.09759759179589508,0,263,109
HM+ST,attack_flow,stockpile,42,40,0.5,0.1,0.4,0.10512553274613314,0.09498373437054086,0,263,109
HM+ST,attack_flow,stockpile,42,40,0.4,0.1,0.5,0.09831150517812871,0.08931843516236926,0,263,109
HM+ST,attack_flow,stockpile,42,40,0.3,0.1,0.6,0.0921335675364843,0.08635828294931273,0,263,109
HM+ST,attack_flow,stockpile,42,40,0.2,0.1,0.7,0.08570069015710373,0.0855511927280849,0,263,109
HM+ST,attack_flow,stockpile,42,40,0.1,0.1,0.8,0.08974329820018404,0.08774465911310717,0,263,109
HM+ST,attack_flow,stockpile,42,40,0.0,0.1,0.9,0.09118413742442408,0.09353832625321387,0,263,109
HM+ST,attack_flow,stockpile,42,40,0.8,0.2,0.0,0.1276905781140594,0.11597439819251001,0,263,109
HM+ST,attack_flow,stockpile,42,40,0.7,0.2,0.1,0.13649723571366912,0.11356540165727742,0,263,109
HM+ST,attack_flow,stockpile,42,40,0.6,0.2,0.2,0.11499254661799864,0.1064265414655162,0,263,109
HM+ST,attack_flow,stockpile,42,40,0.5,0.2,0.3,0.10682939400953384,0.09855379489784907,0,263,109
HM+ST,attack_flow,stockpile,42,40,0.4,0.2,0.4,0.09509829807989004,0.09217394885698157,0,263,109
HM+ST,attack_flow,stockpile,42,40,0.3,0.2,0.5,0.08607709315714658,0.08880929771640514,0,263,109
HM+ST,attack_flow,stockpile,42,40,0.2,0.2,0.6,0.08777179872303421,0.08779067993074002,0,263,109
HM+ST,attack_flow,stockpile,42,40,0.1,0.2,0.7,0.08049038246013822,0.08733090578867744,0,263,109
HM+ST,attack_flow,stockpile,42,40,0.0,0.2,0.8,0.0923621391303854,0.09682593934466589,0,263,109
HM+ST,attack_flow,stockpile,42,40,0.7,0.3,0.0,0.12644191440937902,0.11473086636400083,0,263,109
HM+ST,attack_flow,stockpile,42,40,0.6,0.3,0.1,0.12227116532519747,0.10962166994525088,0,263,109
HM+ST,attack_flow,stockpile,42,40,0.5,0.3,0.2,0.10649787626029444,0.1004042540660881,0,263,109
HM+ST,attack_flow,stockpile,42,40,0.4,0.3,0.3,0.09542505819711546,0.0982923201455139,0,263,109
HM+ST,attack_flow,stockpile,42,40,0.3,0.3,0.4,0.09367124823465939,0.09344222485423102,0,263,109
HM+ST,attack_flow,stockpile,42,40,0.2,0.3,0.5,0.07970959249261543,0.08827206097615606,0,263,109
HM+ST,attack_flow,stockpile,42,40,0.1,0.3,0.6,0.07493179381328409,0.08596627978409488,0,263,109
HM+ST,attack_flow,stockpile,42,40,0.0,0.3,0.7,0.09174382606138848,0.09621225716315158,0,263,109
HM+ST,attack_flow,stockpile,42,40,0.6,0.4,0.0,0.10753399758780303,0.10576282106911009,0,263,109
HM+ST,attack_flow,stockpile,42,40,0.5,0.4,0.1,0.10331998980421181,0.10314843907176086,0,263,109
HM+ST,attack_flow,stockpile,42,40,0.4,0.4,0.2,0.09836644032847888,0.10067336337822355,0,263,109
HM+ST,attack_flow,stockpile,42,40,0.3,0.4,0.3,0.08655315282839694,0.09757344898027877,0,263,109
HM+ST,attack_flow,stockpile,42,40,0.2,0.4,0.4,0.08019601357006678,0.09088504960899234,0,263,109
HM+ST,attack_flow,stockpile,42,40,0.1,0.4,0.5,0.07694253166371677,0.08874621902765725,0,263,109
HM+ST,attack_flow,stockpile,42,40,0.0,0.4,0.6,0.08825383911935873,0.09589638468428005,0,263,109
HM+ST,attack_flow,stockpile,42,40,0.5,0.5,0.0,0.08845877730706117,0.10014930579417751,0,263,109
HM+ST,attack_flow,stockpile,42,40,0.4,0.5,0.1,0.08427677945027799,0.09925042588520964,0,263,109
HM+ST,attack_flow,stockpile,42,40,0.3,0.5,0.2,0.08934406668977475,0.09924699225107828,0,263,109
HM+ST,attack_flow,stockpile,42,40,0.2,0.5,0.3,0.0851024078666516,0.09599865836560892,0,263,109
HM+ST,attack_flow,stockpile,42,40,0.1,0.5,0.4,0.077630093259873,0.09075906987244003,0,263,109
HM+ST,attack_flow,stockpile,42,40,0.0,0.5,0.5,0.08454480257322411,0.09419183361802705,0,263,109
HM+ST,attack_flow,stockpile,42,40,0.4,0.6,0.0,0.06580005423892729,0.09460459431376436,0,263,109
HM+ST,attack_flow,stockpile,42,40,0.3,0.6,0.1,0.05993386069867734,0.08847469838357438,0,263,109
HM+ST,attack_flow,stockpile,42,40,0.2,0.6,0.2,0.06153339655071704,0.0864227153580426,0,263,109
HM+ST,attack_flow,stockpile,42,40,0.1,0.6,0.3,0.062181333067710114,0.08642626790662242,0,263,109
HM+ST,attack_flow,stockpile,42,40,0.0,0.6,0.4,0.0862425446338065,0.09832913555043159,0,263,109
HM+ST,attack_flow,stockpile,42,40,0.3,0.7,0.0,0.07294587774717375,0.09526557985010313,0,263,109
HM+ST,attack_flow,stockpile,42,40,0.2,0.7,0.1,0.07326474566817362,0.09088447691910988,0,263,109
HM+ST,attack_flow,stockpile,42,40,0.1,0.7,0.2,0.057828571259043095,0.08558850023118997,0,263,109
HM+ST,attack_flow,stockpile,42,40,0.0,0.7,0.3,0.08429275514478501,0.09498004415041564,0,263,109
HM+ST,attack_flow,stockpile,42,40,0.2,0.8,0.0,0.08521006843834986,0.09288745420161201,0,263,109
HM+ST,attack_flow,stockpile,42,40,0.1,0.8,0.1,0.08289829744706749,0.09118550165237517,0,263,109
HM+ST,attack_flow,stockpile,42,40,0.0,0.8,0.2,0.08091329013272397,0.09133421848513062,0,263,109
HM+ST,attack_flow,stockpile,42,40,0.1,0.9,0.0,0.08282931117679558,0.09394938442326677,0,263,109
HM+ST,attack_flow,stockpile,42,40,0.0,0.9,0.1,0.09255140083767956,0.09332834869576995,0,263,109
HM+ST,attack_flow,stockpile,42,40,0.0,1.0,0.0,0.08975483265325519,0.0960989589544065,0,263,109
HM+ST,attack_flow,stockpile,42,60,1.0,0.0,0.0,0.15578535298008467,0.12909526090771803,0,263,109
HM+ST,attack_flow,stockpile,42,60,0.9,0.0,0.1,0.13464895401966032,0.11509643374842748,0,263,109
HM+ST,attack_flow,stockpile,42,60,0.8,0.0,0.2,0.12854890699006452,0.10960567846070787,0,263,109
HM+ST,attack_flow,stockpile,42,60,0.7,0.0,0.3,0.10316926013199179,0.10115319875389986,0,263,109
HM+ST,attack_flow,stockpile,42,60,0.6,0.0,0.4,0.09640407232049626,0.09390493175167733,0,263,109
HM+ST,attack_flow,stockpile,42,60,0.5,0.0,0.5,0.09471044584096013,0.09120188099446488,0,263,109
HM+ST,attack_flow,stockpile,42,60,0.4,0.0,0.6,0.09287648896281384,0.08901661566646062,0,263,109
HM+ST,attack_flow,stockpile,42,60,0.3,0.0,0.7,0.08417165354424941,0.08630116514142908,0,263,109
HM+ST,attack_flow,stockpile,42,60,0.2,0.0,0.8,0.0852922818932454,0.08512694015056109,0,263,109
HM+ST,attack_flow,stockpile,42,60,0.1,0.0,0.9,0.07633472843999331,0.07801023615236924,0,263,109
HM+ST,attack_flow,stockpile,42,60,0.0,0.0,1.0,0.04651105439547272,0.05119451025884521,0,263,109
HM+ST,attack_flow,stockpile,42,60,0.9,0.1,0.0,0.139705595110131,0.11683849280334657,0,263,109
HM+ST,attack_flow,stockpile,42,60,0.8,0.1,0.1,0.1373358920741461,0.11652539474012562,0,263,109
HM+ST,attack_flow,stockpile,42,60,0.7,0.1,0.2,0.1128255019802874,0.11043263725580313,0,263,109
HM+ST,attack_flow,stockpile,42,60,0.6,0.1,0.3,0.10558655842781052,0.09764158382868846,0,263,109
HM+ST,attack_flow,stockpile,42,60,0.5,0.1,0.4,0.10431838453523652,0.09542062470099387,0,263,109
HM+ST,attack_flow,stockpile,42,60,0.4,0.1,0.5,0.09428077592523672,0.08949734745545804,0,263,109
HM+ST,attack_flow,stockpile,42,60,0.3,0.1,0.6,0.09200976296014085,0.08820770348857268,0,263,109
HM+ST,attack_flow,stockpile,42,60,0.2,0.1,0.7,0.08633285750258496,0.0863558822734486,0,263,109
HM+ST,attack_flow,stockpile,42,60,0.1,0.1,0.8,0.08903451869397801,0.08616152191660767,0,263,109
HM+ST,attack_flow,stockpile,42,60,0.0,0.1,0.9,0.07908329546199297,0.0899721951382507,0,263,109
HM+ST,attack_flow,stockpile,42,60,0.8,0.2,0.0,0.12862636019993592,0.1160731885563608,0,263,109
HM+ST,attack_flow,stockpile,42,60,0.7,0.2,0.1,0.13294030797309675,0.1136128804646835,0,263,109
HM+ST,attack_flow,stockpile,42,60,0.6,0.2,0.2,0.1158189933193763,0.10796932921645656,0,263,109
HM+ST,attack_flow,stockpile,42,60,0.5,0.2,0.3,0.09986400649826252,0.0991342425009775,0,263,109
HM+ST,attack_flow,stockpile,42,60,0.4,0.2,0.4,0.09425841269711473,0.09288700818604056,0,263,109
HM+ST,attack_flow,stockpile,42,60,0.3,0.2,0.5,0.08561398023810908,0.0893620602105685,0,263,109
HM+ST,attack_flow,stockpile,42,60,0.2,0.2,0.6,0.08883170460325596,0.08835833047272738,0,263,109
HM+ST,attack_flow,stockpile,42,60,0.1,0.2,0.7,0.08341509398135905,0.08959931074656255,0,263,109
HM+ST,attack_flow,stockpile,42,60,0.0,0.2,0.8,0.07514001259453525,0.0901594951407181,0,263,109
HM+ST,attack_flow,stockpile,42,60,0.7,0.3,0.0,0.127984740485176,0.11375479301847206,0,263,109
HM+ST,attack_flow,stockpile,42,60,0.6,0.3,0.1,0.1271652635240329,0.11060226289842542,0,263,109
HM+ST,attack_flow,stockpile,42,60,0.5,0.3,0.2,0.10511025033033096,0.1036489076391062,0,263,109
HM+ST,attack_flow,stockpile,42,60,0.4,0.3,0.3,0.09597711504414763,0.09835348203334124,0,263,109
HM+ST,attack_flow,stockpile,42,60,0.3,0.3,0.4,0.08883013647308326,0.0912559057495524,0,263,109
HM+ST,attack_flow,stockpile,42,60,0.2,0.3,0.5,0.08559176362525354,0.08915462459466231,0,263,109
HM+ST,attack_flow,stockpile,42,60,0.1,0.3,0.6,0.08709966683712365,0.08870928383130385,0,263,109
HM+ST,attack_flow,stockpile,42,60,0.0,0.3,0.7,0.08021566763268344,0.09220401808235638,0,263,109
HM+ST,attack_flow,stockpile,42,60,0.6,0.4,0.0,0.11930745372968418,0.1102750829908679,0,263,109
HM+ST,attack_flow,stockpile,42,60,0.5,0.4,0.1,0.11475271821844833,0.10617169741871597,0,263,109
HM+ST,attack_flow,stockpile,42,60,0.4,0.4,0.2,0.0984073918686913,0.10130518736351486,0,263,109
HM+ST,attack_flow,stockpile,42,60,0.3,0.4,0.3,0.08967739890583228,0.10030641666512692,0,263,109
HM+ST,attack_flow,stockpile,42,60,0.2,0.4,0.4,0.08762687108683959,0.09404431885572954,0,263,109
HM+ST,attack_flow,stockpile,42,60,0.1,0.4,0.5,0.08526091138150382,0.09065788898799533,0,263,109
HM+ST,attack_flow,stockpile,42,60,0.0,0.4,0.6,0.08033645897720872,0.09447455513299202,0,263,109
HM+ST,attack_flow,stockpile,42,60,0.5,0.5,0.0,0.11096153004233769,0.10602235286575987,0,263,109
HM+ST,attack_flow,stockpile,42,60,0.4,0.5,0.1,0.09402408172219587,0.10247073179389524,0,263,109
HM+ST,attack_flow,stockpile,42,60,0.3,0.5,0.2,0.09198649325427118,0.1017362298035515,0,263,109
HM+ST,attack_flow,stockpile,42,60,0.2,0.5,0.3,0.08369352018588348,0.09890357135457367,0,263,109
HM+ST,attack_flow,stockpile,42,60,0.1,0.5,0.4,0.08676993382778031,0.09602109003607662,0,263,109
HM+ST,attack_flow,stockpile,42,60,0.0,0.5,0.5,0.08010719113096708,0.09458176252070385,0,263,109
HM+ST,attack_flow,stockpile,42,60,0.4,0.6,0.0,0.07141711223067485,0.09690392625118993,0,263,109
HM+ST,attack_flow,stockpile,42,60,0.3,0.6,0.1,0.06876061266711003,0.09397395348238202,0,263,109
HM+ST,attack_flow,stockpile,42,60,0.2,0.6,0.2,0.06893643453576002,0.09424525600402703,0,263,109
HM+ST,attack_flow,stockpile,42,60,0.1,0.6,0.3,0.06027832592575396,0.09142617784252689,0,263,109
HM+ST,attack_flow,stockpile,42,60,0.0,0.6,0.4,0.08302391299439905,0.09919380393304564,0,263,109
HM+ST,attack_flow,stockpile,42,60,0.3,0.7,0.0,0.0689846731838357,0.09354110776766324,0,263,109
HM+ST,attack_flow,stockpile,42,60,0.2,0.7,0.1,0.06634171135511718,0.0903870339590927,0,263,109
HM+ST,attack_flow,stockpile,42,60,0.1,0.7,0.2,0.057035623315146174,0.08924630470716848,0,263,109
HM+ST,attack_flow,stockpile,42,60,0.0,0.7,0.3,0.07735897493374379,0.09754359434925511,0,263,109
HM+ST,attack_flow,stockpile,42,60,0.2,0.8,0.0,0.06773224633770106,0.09379443425541133,0,263,109
HM+ST,attack_flow,stockpile,42,60,0.1,0.8,0.1,0.062456965260973434,0.09063157187811335,0,263,109
HM+ST,attack_flow,stockpile,42,60,0.0,0.8,0.2,0.05978924476211463,0.08907273903905474,0,263,109
HM+ST,attack_flow,stockpile,42,60,0.1,0.9,0.0,0.06207076266204556,0.09361074122067056,0,263,109
HM+ST,attack_flow,stockpile,42,60,0.0,0.9,0.1,0.05901474881219851,0.08806949532155874,0,263,109
HM+ST,attack_flow,stockpile,42,60,0.0,1.0,0.0,0.04938435427637798,0.09292537521432326,0,263,109
HM+ST,attack_flow,stockpile,42,80,1.0,0.0,0.0,0.15578535298008467,0.12909526090771803,0,263,109
HM+ST,attack_flow,stockpile,42,80,0.9,0.0,0.1,0.13464895401966032,0.11509643374842748,0,263,109
HM+ST,attack_flow,stockpile,42,80,0.8,0.0,0.2,0.12854890699006452,0.10960567846070787,0,263,109
HM+ST,attack_flow,stockpile,42,80,0.7,0.0,0.3,0.10316926013199179,0.10115319875389986,0,263,109
HM+ST,attack_flow,stockpile,42,80,0.6,0.0,0.4,0.09640407232049626,0.09390493175167733,0,263,109
HM+ST,attack_flow,stockpile,42,80,0.5,0.0,0.5,0.09471044584096013,0.09120188099446488,0,263,109
HM+ST,attack_flow,stockpile,42,80,0.4,0.0,0.6,0.09287648896281384,0.08901661566646062,0,263,109
HM+ST,attack_flow,stockpile,42,80,0.3,0.0,0.7,0.08417165354424941,0.08630116514142908,0,263,109
HM+ST,attack_flow,stockpile,42,80,0.2,0.0,0.8,0.0852922818932454,0.08512694015056109,0,263,109
HM+ST,attack_flow,stockpile,42,80,0.1,0.0,0.9,0.07633472843999331,0.07801023615236924,0,263,109
HM+ST,attack_flow,stockpile,42,80,0.0,0.0,1.0,0.04651105439547272,0.05119451025884521,0,263,109
HM+ST,attack_flow,stockpile,42,80,0.9,0.1,0.0,0.1421739329176034,0.1194653081339796,0,263,109
HM+ST,attack_flow,stockpile,42,80,0.8,0.1,0.1,0.13901176007231372,0.11689755687676928,0,263,109
HM+ST,attack_flow,stockpile,42,80,0.7,0.1,0.2,0.1326467259055459,0.11391746125899616,0,263,109
HM+ST,attack_flow,stockpile,42,80,0.6,0.1,0.3,0.10778526036697487,0.09857378998602498,0,263,109
HM+ST,attack_flow,stockpile,42,80,0.5,0.1,0.4,0.10709625380501536,0.09435804604108042,0,263,109
HM+ST,attack_flow,stockpile,42,80,0.4,0.1,0.5,0.09687813865445022,0.09037575480542809,0,263,109
HM+ST,attack_flow,stockpile,42,80,0.3,0.1,0.6,0.09397280391591349,0.08913789540221398,0,263,109
HM+ST,attack_flow,stockpile,42,80,0.2,0.1,0.7,0.08790699252416884,0.08811709784607123,0,263,109
HM+ST,attack_flow,stockpile,42,80,0.1,0.1,0.8,0.08549353529102797,0.08495360999498278,0,263,109
HM+ST,attack_flow,stockpile,42,80,0.0,0.1,0.9,0.07822257695990986,0.08569676813643023,0,263,109
HM+ST,attack_flow,stockpile,42,80,0.8,0.2,0.0,0.13793210019176566,0.11583945924746046,0,263,109
HM+ST,attack_flow,stockpile,42,80,0.7,0.2,0.1,0.1438746757954779,0.11641588434987664,0,263,109
HM+ST,attack_flow,stockpile,42,80,0.6,0.2,0.2,0.12725999629858362,0.11209017602615926,0,263,109
HM+ST,attack_flow,stockpile,42,80,0.5,0.2,0.3,0.10597773979384192,0.10020229262757234,0,263,109
HM+ST,attack_flow,stockpile,42,80,0.4,0.2,0.4,0.09701331101308,0.09411875733471152,0,263,109
HM+ST,attack_flow,stockpile,42,80,0.3,0.2,0.5,0.0970546794573723,0.09235680458419629,0,263,109
HM+ST,attack_flow,stockpile,42,80,0.2,0.2,0.6,0.08674789251865264,0.08844033078474083,0,263,109
HM+ST,attack_flow,stockpile,42,80,0.1,0.2,0.7,0.09456323368290664,0.09018357941374437,0,263,109
HM+ST,attack_flow,stockpile,42,80,0.0,0.2,0.8,0.08202089413135692,0.0887179591081469,0,263,109
HM+ST,attack_flow,stockpile,42,80,0.7,0.3,0.0,0.13731082571654138,0.11269337369403336,0,263,109
HM+ST,attack_flow,stockpile,42,80,0.6,0.3,0.1,0.12551433479473037,0.11026357060688749,0,263,109
HM+ST,attack_flow,stockpile,42,80,0.5,0.3,0.2,0.11112839871797632,0.10616060586601676,0,263,109
HM+ST,attack_flow,stockpile,42,80,0.4,0.3,0.3,0.11018208761625488,0.10262949311210068,0,263,109
HM+ST,attack_flow,stockpile,42,80,0.3,0.3,0.4,0.09281639808793682,0.09438165301067529,0,263,109
HM+ST,attack_flow,stockpile,42,80,0.2,0.3,0.5,0.09754199028518153,0.0917191984826721,0,263,109
HM+ST,attack_flow,stockpile,42,80,0.1,0.3,0.6,0.09152623123059035,0.09010056224031322,0,263,109
HM+ST,attack_flow,stockpile,42,80,0.0,0.3,0.7,0.07892034156335515,0.08784475168429393,0,263,109
HM+ST,attack_flow,stockpile,42,80,0.6,0.4,0.0,0.1299475048846155,0.11162559528298004,0,263,109
HM+ST,attack_flow,stockpile,42,80,0.5,0.4,0.1,0.1295451139011137,0.11123436037291241,0,263,109
HM+ST,attack_flow,stockpile,42,80,0.4,0.4,0.2,0.1030057751683625,0.10531691119382454,0,263,109
HM+ST,attack_flow,stockpile,42,80,0.3,0.4,0.3,0.10774578119127937,0.10415620350831192,0,263,109
HM+ST,attack_flow,stockpile,42,80,0.2,0.4,0.4,0.10044072769839404,0.09702109998129112,0,263,109
HM+ST,attack_flow,stockpile,42,80,0.1,0.4,0.5,0.09115853375109563,0.09233683879021246,0,263,109
HM+ST,attack_flow,stockpile,42,80,0.0,0.4,0.6,0.08091536419198755,0.09057469429094558,0,263,109
HM+ST,attack_flow,stockpile,42,80,0.5,0.5,0.0,0.1150469660123057,0.11007846852969923,0,263,109
HM+ST,attack_flow,stockpile,42,80,0.4,0.5,0.1,0.10768607347876157,0.10976412034684939,0,263,109
HM+ST,attack_flow,stockpile,42,80,0.3,0.5,0.2,0.10745291951192114,0.10695684350621368,0,263,109
HM+ST,attack_flow,stockpile,42,80,0.2,0.5,0.3,0.11075654005112404,0.1037126731933224,0,263,109
HM+ST,attack_flow,stockpile,42,80,0.1,0.5,0.4,0.09456927914830678,0.09970148356644454,0,263,109
HM+ST,attack_flow,stockpile,42,80,0.0,0.5,0.5,0.0855671041164298,0.09396714891607891,0,263,109
HM+ST,attack_flow,stockpile,42,80,0.4,0.6,0.0,0.10804727653453948,0.10761383980093979,0,263,109
HM+ST,attack_flow,stockpile,42,80,0.3,0.6,0.1,0.10674029975054207,0.10753181017113908,0,263,109
HM+ST,attack_flow,stockpile,42,80,0.2,0.6,0.2,0.10343696983076243,0.1034579997913669,0,263,109
HM+ST,attack_flow,stockpile,42,80,0.1,0.6,0.3,0.09644646851085856,0.10057976897817844,0,263,109
HM+ST,attack_flow,stockpile,42,80,0.0,0.6,0.4,0.08736585736837102,0.09976386199446688,0,263,109
HM+ST,attack_flow,stockpile,42,80,0.3,0.7,0.0,0.08247959876804434,0.09867622969138838,0,263,109
HM+ST,attack_flow,stockpile,42,80,0.2,0.7,0.1,0.07793489940306636,0.09850418995866156,0,263,109
HM+ST,attack_flow,stockpile,42,80,0.1,0.7,0.2,0.07661884448993364,0.095029328380163,0,263,109
HM+ST,attack_flow,stockpile,42,80,0.0,0.7,0.3,0.08421041385436297,0.09929563833706273,0,263,109
HM+ST,attack_flow,stockpile,42,80,0.2,0.8,0.0,0.07676803881166361,0.09812347261027296,0,263,109
HM+ST,attack_flow,stockpile,42,80,0.1,0.8,0.1,0.07658473696986838,0.09696905463705574,0,263,109
HM+ST,attack_flow,stockpile,42,80,0.0,0.8,0.2,0.06765783287055277,0.09550988210845313,0,263,109
HM+ST,attack_flow,stockpile,42,80,0.1,0.9,0.0,0.07406897640123897,0.09980604491264788,0,263,109
HM+ST,attack_flow,stockpile,42,80,0.0,0.9,0.1,0.0725061482338441,0.09724631114537427,0,263,109
HM+ST,attack_flow,stockpile,42,80,0.0,1.0,0.0,0.06815436831819098,0.1009233139126117,0,263,109
HM+ST,attack_flow,stockpile,43,100,1.0,0.0,0.0,0.15522652646444274,0.12909526090771803,0,263,109
HM+ST,attack_flow,stockpile,43,100,0.9,0.0,0.1,0.13351485081000533,0.11509643374842748,0,263,109
HM+ST,attack_flow,stockpile,43,100,0.8,0.0,0.2,0.12849975629066698,0.10960567846070787,0,263,109
HM+ST,attack_flow,stockpile,43,100,0.7,0.0,0.3,0.10861793014896663,0.10115319875389986,0,263,109
HM+ST,attack_flow,stockpile,43,100,0.6,0.0,0.4,0.09887771052483331,0.09390493175167733,0,263,109
HM+ST,attack_flow,stockpile,43,100,0.5,0.0,0.5,0.09883152754946581,0.09120188099446488,0,263,109
HM+ST,attack_flow,stockpile,43,100,0.4,0.0,0.6,0.09176923209700846,0.08901661566646062,0,263,109
HM+ST,attack_flow,stockpile,43,100,0.3,0.0,0.7,0.08431542016715232,0.08630116514142908,0,263,109
HM+ST,attack_flow,stockpile,43,100,0.2,0.0,0.8,0.08468951717786952,0.08512694015056109,0,263,109
HM+ST,attack_flow,stockpile,43,100,0.1,0.0,0.9,0.07535786671390021,0.07801023615236924,0,263,109
HM+ST,attack_flow,stockpile,43,100,0.0,0.0,1.0,0.04651105439547272,0.05119451025884521,0,263,109
HM+ST,attack_flow,stockpile,43,100,0.9,0.1,0.0,0.13585602055051002,0.11917655819814574,0,263,109
HM+ST,attack_flow,stockpile,43,100,0.8,0.1,0.1,0.1349032225145458,0.11799598809894052,0,263,109
HM+ST,attack_flow,stockpile,43,100,0.7,0.1,0.2,0.13183379234983003,0.11416518315414648,0,263,109
HM+ST,attack_flow,stockpile,43,100,0.6,0.1,0.3,0.11008562747661942,0.10034232915282588,0,263,109
HM+ST,attack_flow,stockpile,43,100,0.5,0.1,0.4,0.10048932299522947,0.09557004669012578,0,263,109
HM+ST,attack_flow,stockpile,43,100,0.4,0.1,0.5,0.09088955739598965,0.09066433917444915,0,263,109
HM+ST,attack_flow,stockpile,43,100,0.3,0.1,0.6,0.08980708398521774,0.0897992472370703,0,263,109
HM+ST,attack_flow,stockpile,43,100,0.2,0.1,0.7,0.08542724335561333,0.08894704376819179,0,263,109
HM+ST,attack_flow,stockpile,43,100,0.1,0.1,0.8,0.07957777668018658,0.08577391139326328,0,263,109
HM+ST,attack_flow,stockpile,43,100,0.0,0.1,0.9,0.0747685887055848,0.08494787415361102,0,263,109
HM+ST,attack_flow,stockpile,43,100,0.8,0.2,0.0,0.1317243462235518,0.11950173139179857,0,263,109
HM+ST,attack_flow,stockpile,43,100,0.7,0.2,0.1,0.1366962926718505,0.11876505647555605,0,263,109
HM+ST,attack_flow,stockpile,43,100,0.6,0.2,0.2,0.12792045429681093,0.1129766141247828,0,263,109
HM+ST,attack_flow,stockpile,43,100,0.5,0.2,0.3,0.10694408507558803,0.10280075481295407,0,263,109
HM+ST,attack_flow,stockpile,43,100,0.4,0.2,0.4,0.09943733082470285,0.09596169077491844,0,263,109
HM+ST,attack_flow,stockpile,43,100,0.3,0.2,0.5,0.09320430065864495,0.09357668713250936,0,263,109
HM+ST,attack_flow,stockpile,43,100,0.2,0.2,0.6,0.08362309522796049,0.09046005909054969,0,263,109
HM+ST,attack_flow,stockpile,43,100,0.1,0.2,0.7,0.08145718439115883,0.0898092303600631,0,263,109
HM+ST,attack_flow,stockpile,43,100,0.0,0.2,0.8,0.077927880086546,0.08610319945651032,0,263,109
HM+ST,attack_flow,stockpile,43,100,0.7,0.3,0.0,0.1269625439897598,0.11932237865335268,0,263,109
HM+ST,attack_flow,stockpile,43,100,0.6,0.3,0.1,0.12569329459171363,0.11750825083133756,0,263,109
HM+ST,attack_flow,stockpile,43,100,0.5,0.3,0.2,0.12285447491672882,0.11181694844834558,0,263,109
HM+ST,attack_flow,stockpile,43,100,0.4,0.3,0.3,0.10673817291130706,0.10789717963559724,0,263,109
HM+ST,attack_flow,stockpile,43,100,0.3,0.3,0.4,0.08919674270076328,0.09717084033719214,0,263,109
HM+ST,attack_flow,stockpile,43,100,0.2,0.3,0.5,0.08489633035703245,0.09236411384481721,0,263,109
HM+ST,attack_flow,stockpile,43,100,0.1,0.3,0.6,0.08517200558758814,0.09112365215072056,0,263,109
HM+ST,attack_flow,stockpile,43,100,0.0,0.3,0.7,0.07531564641111714,0.08788698170583452,0,263,109
HM+ST,attack_flow,stockpile,43,100,0.6,0.4,0.0,0.12548494163907561,0.11784895583676405,0,263,109
HM+ST,attack_flow,stockpile,43,100,0.5,0.4,0.1,0.13218508959480058,0.11820418213491002,0,263,109
HM+ST,attack_flow,stockpile,43,100,0.4,0.4,0.2,0.11404749167146973,0.11076487597319931,0,263,109
HM+ST,attack_flow,stockpile,43,100,0.3,0.4,0.3,0.09490122453135828,0.10705898352036047,0,263,109
HM+ST,attack_flow,stockpile,43,100,0.2,0.4,0.4,0.08860277439281562,0.09872761390578906,0,263,109
HM+ST,attack_flow,stockpile,43,100,0.1,0.4,0.5,0.08848468072521197,0.0960371399718695,0,263,109
HM+ST,attack_flow,stockpile,43,100,0.0,0.4,0.6,0.07995598317191882,0.09179263389206554,0,263,109
HM+ST,attack_flow,stockpile,43,100,0.5,0.5,0.0,0.11690769898051784,0.11783874043858875,0,263,109
HM+ST,attack_flow,stockpile,43,100,0.4,0.5,0.1,0.12027558871307456,0.11777123845695721,0,263,109
HM+ST,attack_flow,stockpile,43,100,0.3,0.5,0.2,0.103363138650689,0.11030296876639671,0,263,109
HM+ST,attack_flow,stockpile,43,100,0.2,0.5,0.3,0.09341832087410226,0.10842153333964547,0,263,109
HM+ST,attack_flow,stockpile,43,100,0.1,0.5,0.4,0.09302114054511093,0.10408789321651819,0,263,109
HM+ST,attack_flow,stockpile,43,100,0.0,0.5,0.5,0.0859700442335125,0.09761907134247298,0,263,109
HM+ST,attack_flow,stockpile,43,100,0.4,0.6,0.0,0.11371986603543875,0.1124335243407846,0,263,109
HM+ST,attack_flow,stockpile,43,100,0.3,0.6,0.1,0.11607184383098777,0.11182999381849945,0,263,109
HM+ST,attack_flow,stockpile,43,100,0.2,0.6,0.2,0.10015190713341156,0.11002373547525605,0,263,109
HM+ST,attack_flow,stockpile,43,100,0.1,0.6,0.3,0.09218345294270903,0.10714982088701068,0,263,109
HM+ST,attack_flow,stockpile,43,100,0.0,0.6,0.4,0.09160693186364659,0.10361408469179681,0,263,109
HM+ST,attack_flow,stockpile,43,100,0.3,0.7,0.0,0.09059018359240104,0.10675515152230106,0,263,109
HM+ST,attack_flow,stockpile,43,100,0.2,0.7,0.1,0.07743379070206707,0.10221827708169433,0,263,109
HM+ST,attack_flow,stockpile,43,100,0.1,0.7,0.2,0.07795927747981217,0.1017178947057106,0,263,109
HM+ST,attack_flow,stockpile,43,100,0.0,0.7,0.3,0.09026334857346383,0.10691180429826978,0,263,109
HM+ST,attack_flow,stockpile,43,100,0.2,0.8,0.0,0.08732915752110493,0.10541064309925996,0,263,109
HM+ST,attack_flow,stockpile,43,100,0.1,0.8,0.1,0.08047110166859782,0.10270158951058625,0,263,109
HM+ST,attack_flow,stockpile,43,100,0.0,0.8,0.2,0.08353095788908281,0.10420946093274261,0,263,109
HM+ST,attack_flow,stockpile,43,100,0.1,0.9,0.0,0.09074856666328644,0.10756346016516563,0,263,109
HM+ST,attack_flow,stockpile,43,100,0.0,0.9,0.1,0.07633532526609191,0.10307957697637468,0,263,109
HM+ST,attack_flow,stockpile,43,100,0.0,1.0,0.0,0.08690921850487682,0.10499041443912278,0,263,109
HM+ST,attack_flow,stockpile,43,20,1.0,0.0,0.0,0.15522652646444274,0.12909526090771803,1,263,109
HM+ST,attack_flow,stockpile,43,20,0.9,0.0,0.1,0.13351485081000533,0.11509643374842748,0,263,109
HM+ST,attack_flow,stockpile,43,20,0.8,0.0,0.2,0.12849975629066698,0.10960567846070787,0,263,109
HM+ST,attack_flow,stockpile,43,20,0.7,0.0,0.3,0.10861793014896663,0.10115319875389986,0,263,109
HM+ST,attack_flow,stockpile,43,20,0.6,0.0,0.4,0.09887771052483331,0.09390493175167733,0,263,109
HM+ST,attack_flow,stockpile,43,20,0.5,0.0,0.5,0.09883152754946581,0.09120188099446488,0,263,109
HM+ST,attack_flow,stockpile,43,20,0.4,0.0,0.6,0.09176923209700846,0.08901661566646062,0,263,109
HM+ST,attack_flow,stockpile,43,20,0.3,0.0,0.7,0.08431542016715232,0.08630116514142908,0,263,109
HM+ST,attack_flow,stockpile,43,20,0.2,0.0,0.8,0.08468951717786952,0.08512694015056109,0,263,109
HM+ST,attack_flow,stockpile,43,20,0.1,0.0,0.9,0.07535786671390021,0.07801023615236924,0,263,109
HM+ST,attack_flow,stockpile,43,20,0.0,0.0,1.0,0.04651105439547272,0.05119451025884521,0,263,109
HM+ST,attack_flow,stockpile,43,20,0.9,0.1,0.0,0.1366391699674672,0.11534710805836265,0,263,109
HM+ST,attack_flow,stockpile,43,20,0.8,0.1,0.1,0.12946011435930677,0.11395010759492978,0,263,109
HM+ST,attack_flow,stockpile,43,20,0.7,0.1,0.2,0.11405493144620212,0.10818184105421476,0,263,109
HM+ST,attack_flow,stockpile,43,20,0.6,0.1,0.3,0.10663586562997034,0.0966445609869179,0,263,109
HM+ST,attack_flow,stockpile,43,20,0.5,0.1,0.4,0.0972143661155932,0.09422345912275494,0,263,109
HM+ST,attack_flow,stockpile,43,20,0.4,0.1,0.5,0.08702918000355238,0.08787719438012578,0,263,109
HM+ST,attack_flow,stockpile,43,20,0.3,0.1,0.6,0.08012250898650494,0.08550765009865713,0,263,109
HM+ST,attack_flow,stockpile,43,20,0.2,0.1,0.7,0.0805007622677694,0.08552159400874461,0,263,109
HM+ST,attack_flow,stockpile,43,20,0.1,0.1,0.8,0.07211386926167422,0.08466175870169754,0,263,109
HM+ST,attack_flow,stockpile,43,20,0.0,0.1,0.9,0.07817948509546993,0.08536963989828626,0,263,109
HM+ST,attack_flow,stockpile,43,20,0.8,0.2,0.0,0.1323805024528852,0.11247259736143349,0,263,109
HM+ST,attack_flow,stockpile,43,20,0.7,0.2,0.1,0.11878517307663342,0.10933718100887029,0,263,109
HM+ST,attack_flow,stockpile,43,20,0.6,0.2,0.2,0.10344883789569347,0.10442647595122703,0,263,109
HM+ST,attack_flow,stockpile,43,20,0.5,0.2,0.3,0.09635573209924264,0.09664260094450094,0,263,109
HM+ST,attack_flow,stockpile,43,20,0.4,0.2,0.4,0.08755261657532004,0.0915368398044912,0,263,109
HM+ST,attack_flow,stockpile,43,20,0.3,0.2,0.5,0.07524260016296595,0.08659920015112132,0,263,109
HM+ST,attack_flow,stockpile,43,20,0.2,0.2,0.6,0.068030836056523,0.08371686471386033,0,263,109
HM+ST,attack_flow,stockpile,43,20,0.1,0.2,0.7,0.07031096390560962,0.08453201388073571,0,263,109
HM+ST,attack_flow,stockpile,43,20,0.0,0.2,0.8,0.07745540628934904,0.08850708127971832,0,263,109
HM+ST,attack_flow,stockpile,43,20,0.7,0.3,0.0,0.09803387545410201,0.10837239173017973,0,263,109
HM+ST,attack_flow,stockpile,43,20,0.6,0.3,0.1,0.09177074002022101,0.10549263838926885,0,263,109
HM+ST,attack_flow,stockpile,43,20,0.5,0.3,0.2,0.08719656562820505,0.09706662619634103,0,263,109
HM+ST,attack_flow,stockpile,43,20,0.4,0.3,0.3,0.07619298953232248,0.09268188648677504,0,263,109
HM+ST,attack_flow,stockpile,43,20,0.3,0.3,0.4,0.07753040215738957,0.0905471530592842,0,263,109
HM+ST,attack_flow,stockpile,43,20,0.2,0.3,0.5,0.06327241149270972,0.08671474463099335,0,263,109
HM+ST,attack_flow,stockpile,43,20,0.1,0.3,0.6,0.07118032962935911,0.08612646895999326,0,263,109
HM+ST,attack_flow,stockpile,43,20,0.0,0.3,0.7,0.07396541934731928,0.08829915082001032,0,263,109
HM+ST,attack_flow,stockpile,43,20,0.6,0.4,0.0,0.08228868088388504,0.09994928732413949,0,263,109
HM+ST,attack_flow,stockpile,43,20,0.5,0.4,0.1,0.07632677686216459,0.09710075549407526,0,263,109
HM+ST,attack_flow,stockpile,43,20,0.4,0.4,0.2,0.07374399781001074,0.09588419989021045,0,263,109
HM+ST,attack_flow,stockpile,43,20,0.3,0.4,0.3,0.06560312457391324,0.09232533960626933,0,263,109
HM+ST,attack_flow,stockpile,43,20,0.2,0.4,0.4,0.06206413617233667,0.08719000633789599,0,263,109
HM+ST,attack_flow,stockpile,43,20,0.1,0.4,0.5,0.05438706655071684,0.08433795673661301,0,263,109
HM+ST,attack_flow,stockpile,43,20,0.0,0.4,0.6,0.07412245617050413,0.08882362011314755,0,263,109
HM+ST,attack_flow,stockpile,43,20,0.5,0.5,0.0,0.06685465940043062,0.08819575163873514,0,263,109
HM+ST,attack_flow,stockpile,43,20,0.4,0.5,0.1,0.049355766821344335,0.08885457806342408,0,263,109
HM+ST,attack_flow,stockpile,43,20,0.3,0.5,0.2,0.06852907481212342,0.0937502011242093,0,263,109
HM+ST,attack_flow,stockpile,43,20,0.2,0.5,0.3,0.0680073458432887,0.09028349188830039,0,263,109
HM+ST,attack_flow,stockpile,43,20,0.1,0.5,0.4,0.059255278287853,0.07907911949816435,0,263,109
HM+ST,attack_flow,stockpile,43,20,0.0,0.5,0.5,0.07823739825148168,0.08798283705340955,0,263,109
HM+ST,attack_flow,stockpile,43,20,0.4,0.6,0.0,0.058450268658337336,0.0911491621679181,0,263,109
HM+ST,attack_flow,stockpile,43,20,0.3,0.6,0.1,0.05109670728530988,0.08941647254242169,0,263,109
HM+ST,attack_flow,stockpile,43,20,0.2,0.6,0.2,0.048608020728840545,0.08435646018317342,0,263,109
HM+ST,attack_flow,stockpile,43,20,0.1,0.6,0.3,0.055925464981610204,0.08100816698584606,0,263,109
HM+ST,attack_flow,stockpile,43,20,0.0,0.6,0.4,0.075217140977527,0.08870377384588432,0,263,109
HM+ST,attack_flow,stockpile,43,20,0.3,0.7,0.0,0.06537539569475512,0.09496398511186688,0,263,109
HM+ST,attack_flow,stockpile,43,20,0.2,0.7,0.1,0.04701282789314578,0.08813884411642482,0,263,109
HM+ST,attack_flow,stockpile,43,20,0.1,0.7,0.2,0.05141757914444517,0.08760851168503506,0,263,109
HM+ST,attack_flow,stockpile,43,20,0.0,0.7,0.3,0.06663919456871338,0.09015061844423274,0,263,109
HM+ST,attack_flow,stockpile,43,20,0.2,0.8,0.0,0.05446701605141803,0.09365981128702702,0,263,109
HM+ST,attack_flow,stockpile,43,20,0.1,0.8,0.1,0.038644837657027566,0.08805314963200647,0,263,109
HM+ST,attack_flow,stockpile,43,20,0.0,0.8,0.2,0.044275239774868566,0.08663119187636528,0,263,109
HM+ST,attack_flow,stockpile,43,20,0.1,0.9,0.0,0.0475751775379529,0.09126296822894123,0,263,109
HM+ST,attack_flow,stockpile,43,20,0.0,0.9,0.1,0.030920527369732897,0.08633744929350531,0,263,109
HM+ST,attack_flow,stockpile,43,20,0.0,1.0,0.0,0.04757243626541564,0.09340009972249218,0,263,109
HM+ST,attack_flow,stockpile,43,40,1.0,0.0,0.0,0.15522652646444274,0.12909526090771803,0,263,109
HM+ST,attack_flow,stockpile,43,40,0.9,0.0,0.1,0.13351485081000533,0.11509643374842748,0,263,109
HM+ST,attack_flow,stockpile,43,40,0.8,0.0,0.2,0.12849975629066698,0.10960567846070787,0,263,109
HM+ST,attack_flow,stockpile,43,40,0.7,0.0,0.3,0.10861793014896663,0.10115319875389986,0,263,109
HM+ST,attack_flow,stockpile,43,40,0.6,0.0,0.4,0.09887771052483331,0.09390493175167733,0,263,109
HM+ST,attack_flow,stockpile,43,40,0.5,0.0,0.5,0.09883152754946581,0.09120188099446488,0,263,109
HM+ST,attack_flow,stockpile,43,40,0.4,0.0,0.6,0.09176923209700846,0.08901661566646062,0,263,109
HM+ST,attack_flow,stockpile,43,40,0.3,0.0,0.7,0.08431542016715232,0.08630116514142908,0,263,109
HM+ST,attack_flow,stockpile,43,40,0.2,0.0,0.8,0.08468951717786952,0.08512694015056109,0,263,109
HM+ST,attack_flow,stockpile,43,40,0.1,0.0,0.9,0.07535786671390021,0.07801023615236924,0,263,109
HM+ST,attack_flow,stockpile,43,40,0.0,0.0,1.0,0.04651105439547272,0.05119451025884521,0,263,109
HM+ST,attack_flow,stockpile,43,40,0.9,0.1,0.0,0.13696058000416025,0.11634609433431713,0,263,109
HM+ST,attack_flow,stockpile,43,40,0.8,0.1,0.1,0.13123877367457149,0.11525613180148189,0,263,109
HM+ST,attack_flow,stockpile,43,40,0.7,0.1,0.2,0.11350631106469003,0.11008071047802201,0,263,109
HM+ST,attack_flow,stockpile,43,40,0.6,0.1,0.3,0.10699223525337313,0.09759759179589508,0,263,109
HM+ST,attack_flow,stockpile,43,40,0.5,0.1,0.4,0.09793318373904787,0.09498373437054086,0,263,109
HM+ST,attack_flow,stockpile,43,40,0.4,0.1,0.5,0.08945030333497828,0.08931843516236926,0,263,109
HM+ST,attack_flow,stockpile,43,40,0.3,0.1,0.6,0.07928804226644229,0.08635828294931273,0,263,109
HM+ST,attack_flow,stockpile,43,40,0.2,0.1,0.7,0.08044599236481494,0.0855511927280849,0,263,109
HM+ST,attack_flow,stockpile,43,40,0.1,0.1,0.8,0.08067573367083826,0.08774465911310717,0,263,109
HM+ST,attack_flow,stockpile,43,40,0.0,0.1,0.9,0.09761954367510178,0.09353832625321387,0,263,109
HM+ST,attack_flow,stockpile,43,40,0.8,0.2,0.0,0.1381637811126527,0.11597439819251001,0,263,109
HM+ST,attack_flow,stockpile,43,40,0.7,0.2,0.1,0.1260717943810079,0.11356540165727742,0,263,109
HM+ST,attack_flow,stockpile,43,40,0.6,0.2,0.2,0.10845825405878608,0.1064265414655162,0,263,109
HM+ST,attack_flow,stockpile,43,40,0.5,0.2,0.3,0.10319076023816981,0.09855379489784907,0,263,109
HM+ST,attack_flow,stockpile,43,40,0.4,0.2,0.4,0.08860669868063316,0.09217394885698157,0,263,109
HM+ST,attack_flow,stockpile,43,40,0.3,0.2,0.5,0.08242899392577868,0.08880929771640514,0,263,109
HM+ST,attack_flow,stockpile,43,40,0.2,0.2,0.6,0.07899470844564142,0.08779067993074002,0,263,109
HM+ST,attack_flow,stockpile,43,40,0.1,0.2,0.7,0.0794102755605585,0.08733090578867744,0,263,109
HM+ST,attack_flow,stockpile,43,40,0.0,0.2,0.8,0.10219526469987929,0.09682593934466589,0,263,109
HM+ST,attack_flow,stockpile,43,40,0.7,0.3,0.0,0.12795987262154332,0.11473086636400083,0,263,109
HM+ST,attack_flow,stockpile,43,40,0.6,0.3,0.1,0.11716967747779207,0.10962166994525088,0,263,109
HM+ST,attack_flow,stockpile,43,40,0.5,0.3,0.2,0.09068588775620612,0.1004042540660881,0,263,109
HM+ST,attack_flow,stockpile,43,40,0.4,0.3,0.3,0.08413135238038381,0.0982923201455139,0,263,109
HM+ST,attack_flow,stockpile,43,40,0.3,0.3,0.4,0.08789579509142048,0.09344222485423102,0,263,109
HM+ST,attack_flow,stockpile,43,40,0.2,0.3,0.5,0.07528744627261673,0.08827206097615606,0,263,109
HM+ST,attack_flow,stockpile,43,40,0.1,0.3,0.6,0.07366529474051504,0.08596627978409488,0,263,109
HM+ST,attack_flow,stockpile,43,40,0.0,0.3,0.7,0.09226136737379667,0.09621225716315158,0,263,109
HM+ST,attack_flow,stockpile,43,40,0.6,0.4,0.0,0.10395033940790704,0.10576282106911009,0,263,109
HM+ST,attack_flow,stockpile,43,40,0.5,0.4,0.1,0.08113221031719796,0.10314843907176086,0,263,109
HM+ST,attack_flow,stockpile,43,40,0.4,0.4,0.2,0.08829405421715258,0.10067336337822355,0,263,109
HM+ST,attack_flow,stockpile,43,40,0.3,0.4,0.3,0.08593140491580693,0.09757344898027877,0,263,109
HM+ST,attack_flow,stockpile,43,40,0.2,0.4,0.4,0.08032612634635931,0.09088504960899234,0,263,109
HM+ST,attack_flow,stockpile,43,40,0.1,0.4,0.5,0.08864238831978558,0.08874621902765725,0,263,109
HM+ST,attack_flow,stockpile,43,40,0.0,0.4,0.6,0.08844630361785805,0.09589638468428005,0,263,109
HM+ST,attack_flow,stockpile,43,40,0.5,0.5,0.0,0.06751261227173608,0.10014930579417751,0,263,109
HM+ST,attack_flow,stockpile,43,40,0.4,0.5,0.1,0.08246656958881761,0.09925042588520964,0,263,109
HM+ST,attack_flow,stockpile,43,40,0.3,0.5,0.2,0.08506950297948768,0.09924699225107828,0,263,109
HM+ST,attack_flow,stockpile,43,40,0.2,0.5,0.3,0.07989192772865683,0.09599865836560892,0,263,109
HM+ST,attack_flow,stockpile,43,40,0.1,0.5,0.4,0.0911507361728228,0.09075906987244003,0,263,109
HM+ST,attack_flow,stockpile,43,40,0.0,0.5,0.5,0.08928338556581734,0.09419183361802705,0,263,109
HM+ST,attack_flow,stockpile,43,40,0.4,0.6,0.0,0.06800797451820347,0.09460459431376436,0,263,109
HM+ST,attack_flow,stockpile,43,40,0.3,0.6,0.1,0.059916273451391444,0.08847469838357438,0,263,109
HM+ST,attack_flow,stockpile,43,40,0.2,0.6,0.2,0.05214879348852763,0.0864227153580426,0,263,109
HM+ST,attack_flow,stockpile,43,40,0.1,0.6,0.3,0.05706562170906512,0.08642626790662242,0,263,109
HM+ST,attack_flow,stockpile,43,40,0.0,0.6,0.4,0.08405063333580898,0.09832913555043159,0,263,109
HM+ST,attack_flow,stockpile,43,40,0.3,0.7,0.0,0.06741738268462773,0.09526557985010313,0,263,109
HM+ST,attack_flow,stockpile,43,40,0.2,0.7,0.1,0.060671062492044125,0.09088447691910988,0,263,109
HM+ST,attack_flow,stockpile,43,40,0.1,0.7,0.2,0.0547574711927077,0.08558850023118997,0,263,109
HM+ST,attack_flow,stockpile,43,40,0.0,0.7,0.3,0.07097822239950953,0.09498004415041564,0,263,109
HM+ST,attack_flow,stockpile,43,40,0.2,0.8,0.0,0.06148761615619073,0.09288745420161201,0,263,109
HM+ST,attack_flow,stockpile,43,40,0.1,0.8,0.1,0.05494104940085091,0.09118550165237517,0,263,109
HM+ST,attack_flow,stockpile,43,40,0.0,0.8,0.2,0.045066815108115554,0.09133421848513062,0,263,109
HM+ST,attack_flow,stockpile,43,40,0.1,0.9,0.0,0.04234644924410897,0.09394938442326677,0,263,109
HM+ST,attack_flow,stockpile,43,40,0.0,0.9,0.1,0.044076629797937805,0.09332834869576995,0,263,109
HM+ST,attack_flow,stockpile,43,40,0.0,1.0,0.0,0.04098618132197966,0.0960989589544065,0,263,109
HM+ST,attack_flow,stockpile,43,60,1.0,0.0,0.0,0.15522652646444274,0.12909526090771803,0,263,109
HM+ST,attack_flow,stockpile,43,60,0.9,0.0,0.1,0.13351485081000533,0.11509643374842748,0,263,109
HM+ST,attack_flow,stockpile,43,60,0.8,0.0,0.2,0.12849975629066698,0.10960567846070787,0,263,109
HM+ST,attack_flow,stockpile,43,60,0.7,0.0,0.3,0.10861793014896663,0.10115319875389986,0,263,109
HM+ST,attack_flow,stockpile,43,60,0.6,0.0,0.4,0.09887771052483331,0.09390493175167733,0,263,109
HM+ST,attack_flow,stockpile,43,60,0.5,0.0,0.5,0.09883152754946581,0.09120188099446488,0,263,109
HM+ST,attack_flow,stockpile,43,60,0.4,0.0,0.6,0.09176923209700846,0.08901661566646062,0,263,109
HM+ST,attack_flow,stockpile,43,60,0.3,0.0,0.7,0.08431542016715232,0.08630116514142908,0,263,109
HM+ST,attack_flow,stockpile,43,60,0.2,0.0,0.8,0.08468951717786952,0.08512694015056109,0,263,109
HM+ST,attack_flow,stockpile,43,60,0.1,0.0,0.9,0.07535786671390021,0.07801023615236924,0,263,109
HM+ST,attack_flow,stockpile,43,60,0.0,0.0,1.0,0.04651105439547272,0.05119451025884521,0,263,109
HM+ST,attack_flow,stockpile,43,60,0.9,0.1,0.0,0.14338696746494833,0.11683849280334657,0,263,109
HM+ST,attack_flow,stockpile,43,60,0.8,0.1,0.1,0.13270717733191206,0.11652539474012562,0,263,109
HM+ST,attack_flow,stockpile,43,60,0.7,0.1,0.2,0.12932084486692885,0.11043263725580313,0,263,109
HM+ST,attack_flow,stockpile,43,60,0.6,0.1,0.3,0.10693005220620659,0.09764158382868846,0,263,109
HM+ST,attack_flow,stockpile,43,60,0.5,0.1,0.4,0.09986965419870772,0.09542062470099387,0,263,109
HM+ST,attack_flow,stockpile,43,60,0.4,0.1,0.5,0.09390797160125873,0.08949734745545804,0,263,109
HM+ST,attack_flow,stockpile,43,60,0.3,0.1,0.6,0.08663116175429497,0.08820770348857268,0,263,109
HM+ST,attack_flow,stockpile,43,60,0.2,0.1,0.7,0.07941753721121105,0.0863558822734486,0,263,109
HM+ST,attack_flow,stockpile,43,60,0.1,0.1,0.8,0.07949963993509776,0.08616152191660767,0,263,109
HM+ST,attack_flow,stockpile,43,60,0.0,0.1,0.9,0.09356215926781869,0.0899721951382507,0,263,109
HM+ST,attack_flow,stockpile,43,60,0.8,0.2,0.0,0.13873208413405472,0.1160731885563608,0,263,109
HM+ST,attack_flow,stockpile,43,60,0.7,0.2,0.1,0.1292944862347993,0.1136128804646835,0,263,109
HM+ST,attack_flow,stockpile,43,60,0.6,0.2,0.2,0.10989269494748088,0.10796932921645656,0,263,109
HM+ST,attack_flow,stockpile,43,60,0.5,0.2,0.3,0.10968997192225854,0.0991342425009775,0,263,109
HM+ST,attack_flow,stockpile,43,60,0.4,0.2,0.4,0.09217805009811872,0.09288700818604056,0,263,109
HM+ST,attack_flow,stockpile,43,60,0.3,0.2,0.5,0.08193538320328841,0.0893620602105685,0,263,109
HM+ST,attack_flow,stockpile,43,60,0.2,0.2,0.6,0.07632416622435302,0.08835833047272738,0,263,109
HM+ST,attack_flow,stockpile,43,60,0.1,0.2,0.7,0.08221508097806526,0.08959931074656255,0,263,109
HM+ST,attack_flow,stockpile,43,60,0.0,0.2,0.8,0.08841857559231012,0.0901594951407181,0,263,109
HM+ST,attack_flow,stockpile,43,60,0.7,0.3,0.0,0.12870980224483247,0.11375479301847206,0,263,109
HM+ST,attack_flow,stockpile,43,60,0.6,0.3,0.1,0.11930790440320563,0.11060226289842542,0,263,109
HM+ST,attack_flow,stockpile,43,60,0.5,0.3,0.2,0.10414900189161268,0.1036489076391062,0,263,109
HM+ST,attack_flow,stockpile,43,60,0.4,0.3,0.3,0.09334757697121712,0.09835348203334124,0,263,109
HM+ST,attack_flow,stockpile,43,60,0.3,0.3,0.4,0.08251451277752127,0.0912559057495524,0,263,109
HM+ST,attack_flow,stockpile,43,60,0.2,0.3,0.5,0.07852375300513768,0.08915462459466231,0,263,109
HM+ST,attack_flow,stockpile,43,60,0.1,0.3,0.6,0.07891927294444949,0.08870928383130385,0,263,109
HM+ST,attack_flow,stockpile,43,60,0.0,0.3,0.7,0.09278838418349765,0.09220401808235638,0,263,109
HM+ST,attack_flow,stockpile,43,60,0.6,0.4,0.0,0.12501571132619368,0.1102750829908679,0,263,109
HM+ST,attack_flow,stockpile,43,60,0.5,0.4,0.1,0.09204247279389727,0.10617169741871597,0,263,109
HM+ST,attack_flow,stockpile,43,60,0.4,0.4,0.2,0.08993629746433339,0.10130518736351486,0,263,109
HM+ST,attack_flow,stockpile,43,60,0.3,0.4,0.3,0.08995433470761348,0.10030641666512692,0,263,109
HM+ST,attack_flow,stockpile,43,60,0.2,0.4,0.4,0.0811492853197841,0.09404431885572954,0,263,109
HM+ST,attack_flow,stockpile,43,60,0.1,0.4,0.5,0.08080995494535116,0.09065788898799533,0,263,109
HM+ST,attack_flow,stockpile,43,60,0.0,0.4,0.6,0.09302089207642547,0.09447455513299202,0,263,109
HM+ST,attack_flow,stockpile,43,60,0.5,0.5,0.0,0.08604641934032732,0.10602235286575987,0,263,109
HM+ST,attack_flow,stockpile,43,60,0.4,0.5,0.1,0.08731778522253215,0.10247073179389524,0,263,109
HM+ST,attack_flow,stockpile,43,60,0.3,0.5,0.2,0.09023613794677203,0.1017362298035515,0,263,109
HM+ST,attack_flow,stockpile,43,60,0.2,0.5,0.3,0.08729686002283453,0.09890357135457367,0,263,109
HM+ST,attack_flow,stockpile,43,60,0.1,0.5,0.4,0.0804791465646705,0.09602109003607662,0,263,109
HM+ST,attack_flow,stockpile,43,60,0.0,0.5,0.5,0.09060948835870876,0.09458176252070385,0,263,109
HM+ST,attack_flow,stockpile,43,60,0.4,0.6,0.0,0.06308344758393739,0.09690392625118993,0,263,109
HM+ST,attack_flow,stockpile,43,60,0.3,0.6,0.1,0.0867314231379219,0.09397395348238202,0,263,109
HM+ST,attack_flow,stockpile,43,60,0.2,0.6,0.2,0.08754141253796133,0.09424525600402703,0,263,109
HM+ST,attack_flow,stockpile,43,60,0.1,0.6,0.3,0.062419048982114866,0.09142617784252689,0,263,109
HM+ST,attack_flow,stockpile,43,60,0.0,0.6,0.4,0.09059163591731313,0.09919380393304564,0,263,109
HM+ST,attack_flow,stockpile,43,60,0.3,0.7,0.0,0.05684902816833674,0.09354110776766324,0,263,109
HM+ST,attack_flow,stockpile,43,60,0.2,0.7,0.1,0.06165479638261174,0.0903870339590927,0,263,109
HM+ST,attack_flow,stockpile,43,60,0.1,0.7,0.2,0.06525922127749342,0.08924630470716848,0,263,109
HM+ST,attack_flow,stockpile,43,60,0.0,0.7,0.3,0.07691104744791491,0.09754359434925511,0,263,109
HM+ST,attack_flow,stockpile,43,60,0.2,0.8,0.0,0.060736217377832386,0.09379443425541133,0,263,109
HM+ST,attack_flow,stockpile,43,60,0.1,0.8,0.1,0.058630544473382146,0.09063157187811335,0,263,109
HM+ST,attack_flow,stockpile,43,60,0.0,0.8,0.2,0.062471484727613956,0.08907273903905474,0,263,109
HM+ST,attack_flow,stockpile,43,60,0.1,0.9,0.0,0.058062251161628504,0.09361074122067056,0,263,109
HM+ST,attack_flow,stockpile,43,60,0.0,0.9,0.1,0.05451766856814667,0.08806949532155874,0,263,109
HM+ST,attack_flow,stockpile,43,60,0.0,1.0,0.0,0.05450848335447229,0.09292537521432326,0,263,109
HM+ST,attack_flow,stockpile,43,80,1.0,0.0,0.0,0.15522652646444274,0.12909526090771803,0,263,109
HM+ST,attack_flow,stockpile,43,80,0.9,0.0,0.1,0.13351485081000533,0.11509643374842748,0,263,109
HM+ST,attack_flow,stockpile,43,80,0.8,0.0,0.2,0.12849975629066698,0.10960567846070787,0,263,109
HM+ST,attack_flow,stockpile,43,80,0.7,0.0,0.3,0.10861793014896663,0.10115319875389986,0,263,109
HM+ST,attack_flow,stockpile,43,80,0.6,0.0,0.4,0.09887771052483331,0.09390493175167733,0,263,109
HM+ST,attack_flow,stockpile,43,80,0.5,0.0,0.5,0.09883152754946581,0.09120188099446488,0,263,109
HM+ST,attack_flow,stockpile,43,80,0.4,0.0,0.6,0.09176923209700846,0.08901661566646062,0,263,109
HM+ST,attack_flow,stockpile,43,80,0.3,0.0,0.7,0.08431542016715232,0.08630116514142908,0,263,109
HM+ST,attack_flow,stockpile,43,80,0.2,0.0,0.8,0.08468951717786952,0.08512694015056109,0,263,109
HM+ST,attack_flow,stockpile,43,80,0.1,0.0,0.9,0.07535786671390021,0.07801023615236924,0,263,109
HM+ST,attack_flow,stockpile,43,80,0.0,0.0,1.0,0.04651105439547272,0.05119451025884521,0,263,109
HM+ST,attack_flow,stockpile,43,80,0.9,0.1,0.0,0.1438251952744747,0.1194653081339796,0,263,109
HM+ST,attack_flow,stockpile,43,80,0.8,0.1,0.1,0.1335100374535945,0.11689755687676928,0,263,109
HM+ST,attack_flow,stockpile,43,80,0.7,0.1,0.2,0.13131698974141603,0.11391746125899616,0,263,109
HM+ST,attack_flow,stockpile,43,80,0.6,0.1,0.3,0.11042535655024624,0.09857378998602498,0,263,109
HM+ST,attack_flow,stockpile,43,80,0.5,0.1,0.4,0.10007097331968608,0.09435804604108042,0,263,109
HM+ST,attack_flow,stockpile,43,80,0.4,0.1,0.5,0.09007140401673534,0.09037575480542809,0,263,109
HM+ST,attack_flow,stockpile,43,80,0.3,0.1,0.6,0.08831079473964845,0.08913789540221398,0,263,109
HM+ST,attack_flow,stockpile,43,80,0.2,0.1,0.7,0.08329324031626972,0.08811709784607123,0,263,109
HM+ST,attack_flow,stockpile,43,80,0.1,0.1,0.8,0.08562402557392715,0.08495360999498278,0,263,109
HM+ST,attack_flow,stockpile,43,80,0.0,0.1,0.9,0.07422126894674651,0.08569676813643023,0,263,109
HM+ST,attack_flow,stockpile,43,80,0.8,0.2,0.0,0.1314285006639808,0.11583945924746046,0,263,109
HM+ST,attack_flow,stockpile,43,80,0.7,0.2,0.1,0.1307641205179909,0.11641588434987664,0,263,109
HM+ST,attack_flow,stockpile,43,80,0.6,0.2,0.2,0.11446521890776717,0.11209017602615926,0,263,109
HM+ST,attack_flow,stockpile,43,80,0.5,0.2,0.3,0.10163971404465062,0.10020229262757234,0,263,109
HM+ST,attack_flow,stockpile,43,80,0.4,0.2,0.4,0.0985833931489086,0.09411875733471152,0,263,109
HM+ST,attack_flow,stockpile,43,80,0.3,0.2,0.5,0.08764996381954589,0.09235680458419629,0,263,109
HM+ST,attack_flow,stockpile,43,80,0.2,0.2,0.6,0.0863307494450207,0.08844033078474083,0,263,109
HM+ST,attack_flow,stockpile,43,80,0.1,0.2,0.7,0.08297000708976096,0.09018357941374437,0,263,109
HM+ST,attack_flow,stockpile,43,80,0.0,0.2,0.8,0.07790312744585372,0.0887179591081469,0,263,109
HM+ST,attack_flow,stockpile,43,80,0.7,0.3,0.0,0.10648516598309693,0.11269337369403336,0,263,109
HM+ST,attack_flow,stockpile,43,80,0.6,0.3,0.1,0.12341002522360751,0.11026357060688749,0,263,109
HM+ST,attack_flow,stockpile,43,80,0.5,0.3,0.2,0.10517973089684508,0.10616060586601676,0,263,109
HM+ST,attack_flow,stockpile,43,80,0.4,0.3,0.3,0.09622429285302338,0.10262949311210068,0,263,109
HM+ST,attack_flow,stockpile,43,80,0.3,0.3,0.4,0.09242654193839926,0.09438165301067529,0,263,109
HM+ST,attack_flow,stockpile,43,80,0.2,0.3,0.5,0.08736197022819436,0.0917191984826721,0,263,109
HM+ST,attack_flow,stockpile,43,80,0.1,0.3,0.6,0.08162680888806363,0.09010056224031322,0,263,109
HM+ST,attack_flow,stockpile,43,80,0.0,0.3,0.7,0.07007075170311458,0.08784475168429393,0,263,109
HM+ST,attack_flow,stockpile,43,80,0.6,0.4,0.0,0.1093791245440021,0.11162559528298004,0,263,109
HM+ST,attack_flow,stockpile,43,80,0.5,0.4,0.1,0.10079449273277766,0.11123436037291241,0,263,109
HM+ST,attack_flow,stockpile,43,80,0.4,0.4,0.2,0.1005499658634865,0.10531691119382454,0,263,109
HM+ST,attack_flow,stockpile,43,80,0.3,0.4,0.3,0.09778243981370295,0.10415620350831192,0,263,109
HM+ST,attack_flow,stockpile,43,80,0.2,0.4,0.4,0.08837847439449241,0.09702109998129112,0,263,109
HM+ST,attack_flow,stockpile,43,80,0.1,0.4,0.5,0.08612604040408998,0.09233683879021246,0,263,109
HM+ST,attack_flow,stockpile,43,80,0.0,0.4,0.6,0.0739426575197102,0.09057469429094558,0,263,109
HM+ST,attack_flow,stockpile,43,80,0.5,0.5,0.0,0.10143769327389818,0.11007846852969923,0,263,109
HM+ST,attack_flow,stockpile,43,80,0.4,0.5,0.1,0.10577568163992355,0.10976412034684939,0,263,109
HM+ST,attack_flow,stockpile,43,80,0.3,0.5,0.2,0.09957852809481704,0.10695684350621368,0,263,109
HM+ST,attack_flow,stockpile,43,80,0.2,0.5,0.3,0.09330687018352508,0.1037126731933224,0,263,109
HM+ST,attack_flow,stockpile,43,80,0.1,0.5,0.4,0.08889874275063067,0.09970148356644454,0,263,109
HM+ST,attack_flow,stockpile,43,80,0.0,0.5,0.5,0.08111008680197519,0.09396714891607891,0,263,109
HM+ST,attack_flow,stockpile,43,80,0.4,0.6,0.0,0.09942452620590918,0.10761383980093979,0,263,109
HM+ST,attack_flow,stockpile,43,80,0.3,0.6,0.1,0.10040695836494361,0.10753181017113908,0,263,109
HM+ST,attack_flow,stockpile,43,80,0.2,0.6,0.2,0.0929100425088203,0.1034579997913669,0,263,109
HM+ST,attack_flow,stockpile,43,80,0.1,0.6,0.3,0.09193436062232693,0.10057976897817844,0,263,109
HM+ST,attack_flow,stockpile,43,80,0.0,0.6,0.4,0.08470376709179545,0.09976386199446688,0,263,109
HM+ST,attack_flow,stockpile,43,80,0.3,0.7,0.0,0.07505133144452214,0.09867622969138838,0,263,109
HM+ST,attack_flow,stockpile,43,80,0.2,0.7,0.1,0.07389411972261124,0.09850418995866156,0,263,109
HM+ST,attack_flow,stockpile,43,80,0.1,0.7,0.2,0.07431708821537895,0.095029328380163,0,263,109
HM+ST,attack_flow,stockpile,43,80,0.0,0.7,0.3,0.0771777402065872,0.09929563833706273,0,263,109
HM+ST,attack_flow,stockpile,43,80,0.2,0.8,0.0,0.07507590437266465,0.09812347261027296,0,263,109
HM+ST,attack_flow,stockpile,43,80,0.1,0.8,0.1,0.07396489569134924,0.09696905463705574,0,263,109
HM+ST,attack_flow,stockpile,43,80,0.0,0.8,0.2,0.0714802095833082,0.09550988210845313,0,263,109
HM+ST,attack_flow,stockpile,43,80,0.1,0.9,0.0,0.07238986159169236,0.09980604491264788,0,263,109
HM+ST,attack_flow,stockpile,43,80,0.0,0.9,0.1,0.07688729481776442,0.09724631114537427,0,263,109
HM+ST,attack_flow,stockpile,43,80,0.0,1.0,0.0,0.07112851455600985,0.1009233139126117,0,263,109
HM+ST,attack_flow,stockpile,44,100,1.0,0.0,0.0,0.15274960061987297,0.12909526090771803,0,263,109
HM+ST,attack_flow,stockpile,44,100,0.9,0.0,0.1,0.13122959995991776,0.11509643374842748,0,263,109
HM+ST,attack_flow,stockpile,44,100,0.8,0.0,0.2,0.1273270151473652,0.10960567846070787,0,263,109
HM+ST,attack_flow,stockpile,44,100,0.7,0.0,0.3,0.10623315722662309,0.10115319875389986,0,263,109
HM+ST,attack_flow,stockpile,44,100,0.6,0.0,0.4,0.101348033279225,0.09390493175167733,0,263,109
HM+ST,attack_flow,stockpile,44,100,0.5,0.0,0.5,0.09681025915587561,0.09120188099446488,0,263,109
HM+ST,attack_flow,stockpile,44,100,0.4,0.0,0.6,0.09296786461728683,0.08901661566646062,0,263,109
HM+ST,attack_flow,stockpile,44,100,0.3,0.0,0.7,0.08804369429659362,0.08630116514142908,0,263,109
HM+ST,attack_flow,stockpile,44,100,0.2,0.0,0.8,0.08804369429659362,0.08512694015056109,0,263,109
HM+ST,attack_flow,stockpile,44,100,0.1,0.0,0.9,0.07968955610818551,0.07801023615236924,0,263,109
HM+ST,attack_flow,stockpile,44,100,0.0,0.0,1.0,0.04651105439547272,0.05119451025884521,0,263,109
HM+ST,attack_flow,stockpile,44,100,0.9,0.1,0.0,0.12796309931183558,0.11917655819814574,0,263,109
HM+ST,attack_flow,stockpile,44,100,0.8,0.1,0.1,0.13117342678342606,0.11799598809894052,0,263,109
HM+ST,attack_flow,stockpile,44,100,0.7,0.1,0.2,0.1268305744637218,0.11416518315414648,0,263,109
HM+ST,attack_flow,stockpile,44,100,0.6,0.1,0.3,0.10639944540510336,0.10034232915282588,0,263,109
HM+ST,attack_flow,stockpile,44,100,0.5,0.1,0.4,0.10137513627361204,0.09557004669012578,0,263,109
HM+ST,attack_flow,stockpile,44,100,0.4,0.1,0.5,0.0935042836701287,0.09066433917444915,0,263,109
HM+ST,attack_flow,stockpile,44,100,0.3,0.1,0.6,0.09151210181138208,0.0897992472370703,0,263,109
HM+ST,attack_flow,stockpile,44,100,0.2,0.1,0.7,0.08731090786394914,0.08894704376819179,0,263,109
HM+ST,attack_flow,stockpile,44,100,0.1,0.1,0.8,0.08510760975498168,0.08577391139326328,0,263,109
HM+ST,attack_flow,stockpile,44,100,0.0,0.1,0.9,0.08273908037486732,0.08494787415361102,0,263,109
HM+ST,attack_flow,stockpile,44,100,0.8,0.2,0.0,0.1310855587204085,0.11950173139179857,0,263,109
HM+ST,attack_flow,stockpile,44,100,0.7,0.2,0.1,0.1338774554562456,0.11876505647555605,0,263,109
HM+ST,attack_flow,stockpile,44,100,0.6,0.2,0.2,0.10721438473885937,0.1129766141247828,0,263,109
HM+ST,attack_flow,stockpile,44,100,0.5,0.2,0.3,0.10110793540278655,0.10280075481295407,0,263,109
HM+ST,attack_flow,stockpile,44,100,0.4,0.2,0.4,0.09127923220017149,0.09596169077491844,0,263,109
HM+ST,attack_flow,stockpile,44,100,0.3,0.2,0.5,0.08971222632975913,0.09357668713250936,0,263,109
HM+ST,attack_flow,stockpile,44,100,0.2,0.2,0.6,0.0887992421882388,0.09046005909054969,0,263,109
HM+ST,attack_flow,stockpile,44,100,0.1,0.2,0.7,0.08570203013915036,0.0898092303600631,0,263,109
HM+ST,attack_flow,stockpile,44,100,0.0,0.2,0.8,0.07905654466104951,0.08610319945651032,0,263,109
HM+ST,attack_flow,stockpile,44,100,0.7,0.3,0.0,0.12967580177794177,0.11932237865335268,0,263,109
HM+ST,attack_flow,stockpile,44,100,0.6,0.3,0.1,0.1300451225252615,0.11750825083133756,0,263,109
HM+ST,attack_flow,stockpile,44,100,0.5,0.3,0.2,0.10392528923217557,0.11181694844834558,0,263,109
HM+ST,attack_flow,stockpile,44,100,0.4,0.3,0.3,0.10042701569604484,0.10789717963559724,0,263,109
HM+ST,attack_flow,stockpile,44,100,0.3,0.3,0.4,0.09326786842347276,0.09717084033719214,0,263,109
HM+ST,attack_flow,stockpile,44,100,0.2,0.3,0.5,0.08887401075692501,0.09236411384481721,0,263,109
HM+ST,attack_flow,stockpile,44,100,0.1,0.3,0.6,0.09108469352411325,0.09112365215072056,0,263,109
HM+ST,attack_flow,stockpile,44,100,0.0,0.3,0.7,0.0794623201317796,0.08788698170583452,0,263,109
HM+ST,attack_flow,stockpile,44,100,0.6,0.4,0.0,0.11976063795619916,0.11784895583676405,0,263,109
HM+ST,attack_flow,stockpile,44,100,0.5,0.4,0.1,0.10767835120079859,0.11820418213491002,0,263,109
HM+ST,attack_flow,stockpile,44,100,0.4,0.4,0.2,0.10607617736640679,0.11076487597319931,0,263,109
HM+ST,attack_flow,stockpile,44,100,0.3,0.4,0.3,0.10338997102031067,0.10705898352036047,0,263,109
HM+ST,attack_flow,stockpile,44,100,0.2,0.4,0.4,0.09172330364642212,0.09872761390578906,0,263,109
HM+ST,attack_flow,stockpile,44,100,0.1,0.4,0.5,0.09790812263442804,0.0960371399718695,0,263,109
HM+ST,attack_flow,stockpile,44,100,0.0,0.4,0.6,0.0806761567121193,0.09179263389206554,0,263,109
HM+ST,attack_flow,stockpile,44,100,0.5,0.5,0.0,0.12201092220239237,0.11783874043858875,0,263,109
HM+ST,attack_flow,stockpile,44,100,0.4,0.5,0.1,0.10796556106229103,0.11777123845695721,0,263,109
HM+ST,attack_flow,stockpile,44,100,0.3,0.5,0.2,0.10486597309414372,0.11030296876639671,0,263,109
HM+ST,attack_flow,stockpile,44,100,0.2,0.5,0.3,0.10119836836235713,0.10842153333964547,0,263,109
HM+ST,attack_flow,stockpile,44,100,0.1,0.5,0.4,0.10213131679431836,0.10408789321651819,0,263,109
HM+ST,attack_flow,stockpile,44,100,0.0,0.5,0.5,0.0865065375117882,0.09761907134247298,0,263,109
HM+ST,attack_flow,stockpile,44,100,0.4,0.6,0.0,0.08272500760416836,0.1124335243407846,0,263,109
HM+ST,attack_flow,stockpile,44,100,0.3,0.6,0.1,0.08885398287182718,0.11182999381849945,0,263,109
HM+ST,attack_flow,stockpile,44,100,0.2,0.6,0.2,0.09146168579063649,0.11002373547525605,0,263,109
HM+ST,attack_flow,stockpile,44,100,0.1,0.6,0.3,0.08738107534376294,0.10714982088701068,0,263,109
HM+ST,attack_flow,stockpile,44,100,0.0,0.6,0.4,0.09102742850025308,0.10361408469179681,0,263,109
HM+ST,attack_flow,stockpile,44,100,0.3,0.7,0.0,0.08237779143926482,0.10675515152230106,0,263,109
HM+ST,attack_flow,stockpile,44,100,0.2,0.7,0.1,0.08019839081060524,0.10221827708169433,0,263,109
HM+ST,attack_flow,stockpile,44,100,0.1,0.7,0.2,0.0839639105751422,0.1017178947057106,0,263,109
HM+ST,attack_flow,stockpile,44,100,0.0,0.7,0.3,0.08502607038008876,0.10691180429826978,0,263,109
HM+ST,attack_flow,stockpile,44,100,0.2,0.8,0.0,0.08376520618560246,0.10541064309925996,0,263,109
HM+ST,attack_flow,stockpile,44,100,0.1,0.8,0.1,0.08463989942053324,0.10270158951058625,0,263,109
HM+ST,attack_flow,stockpile,44,100,0.0,0.8,0.2,0.08279353241889717,0.10420946093274261,0,263,109
HM+ST,attack_flow,stockpile,44,100,0.1,0.9,0.0,0.08677516610400039,0.10756346016516563,0,263,109
HM+ST,attack_flow,stockpile,44,100,0.0,0.9,0.1,0.07756338019070264,0.10307957697637468,0,263,109
HM+ST,attack_flow,stockpile,44,100,0.0,1.0,0.0,0.07306334245071272,0.10499041443912278,0,263,109
HM+ST,attack_flow,stockpile,44,20,1.0,0.0,0.0,0.15274960061987297,0.12909526090771803,1,263,109
HM+ST,attack_flow,stockpile,44,20,0.9,0.0,0.1,0.13122959995991776,0.11509643374842748,0,263,109
HM+ST,attack_flow,stockpile,44,20,0.8,0.0,0.2,0.1273270151473652,0.10960567846070787,0,263,109
HM+ST,attack_flow,stockpile,44,20,0.7,0.0,0.3,0.10623315722662309,0.10115319875389986,0,263,109
HM+ST,attack_flow,stockpile,44,20,0.6,0.0,0.4,0.101348033279225,0.09390493175167733,0,263,109
HM+ST,attack_flow,stockpile,44,20,0.5,0.0,0.5,0.09681025915587561,0.09120188099446488,0,263,109
HM+ST,attack_flow,stockpile,44,20,0.4,0.0,0.6,0.09296786461728683,0.08901661566646062,0,263,109
HM+ST,attack_flow,stockpile,44,20,0.3,0.0,0.7,0.08804369429659362,0.08630116514142908,0,263,109
HM+ST,attack_flow,stockpile,44,20,0.2,0.0,0.8,0.08804369429659362,0.08512694015056109,0,263,109
HM+ST,attack_flow,stockpile,44,20,0.1,0.0,0.9,0.07968955610818551,0.07801023615236924,0,263,109
HM+ST,attack_flow,stockpile,44,20,0.0,0.0,1.0,0.04651105439547272,0.05119451025884521,0,263,109
HM+ST,attack_flow,stockpile,44,20,0.9,0.1,0.0,0.127198379029231,0.11534710805836265,0,263,109
HM+ST,attack_flow,stockpile,44,20,0.8,0.1,0.1,0.12828322984239268,0.11395010759492978,0,263,109
HM+ST,attack_flow,stockpile,44,20,0.7,0.1,0.2,0.11008700984459657,0.10818184105421476,0,263,109
HM+ST,attack_flow,stockpile,44,20,0.6,0.1,0.3,0.10288251013786644,0.0966445609869179,0,263,109
HM+ST,attack_flow,stockpile,44,20,0.5,0.1,0.4,0.102291776473296,0.09422345912275494,0,263,109
HM+ST,attack_flow,stockpile,44,20,0.4,0.1,0.5,0.09163376357961195,0.08787719438012578,0,263,109
HM+ST,attack_flow,stockpile,44,20,0.3,0.1,0.6,0.08211560800851092,0.08550765009865713,0,263,109
HM+ST,attack_flow,stockpile,44,20,0.2,0.1,0.7,0.08392336809411126,0.08552159400874461,0,263,109
HM+ST,attack_flow,stockpile,44,20,0.1,0.1,0.8,0.08090299880899154,0.08466175870169754,0,263,109
HM+ST,attack_flow,stockpile,44,20,0.0,0.1,0.9,0.08308611580582179,0.08536963989828626,0,263,109
HM+ST,attack_flow,stockpile,44,20,0.8,0.2,0.0,0.12655594557170255,0.11247259736143349,0,263,109
HM+ST,attack_flow,stockpile,44,20,0.7,0.2,0.1,0.12612898823316132,0.10933718100887029,0,263,109
HM+ST,attack_flow,stockpile,44,20,0.6,0.2,0.2,0.1076606385470102,0.10442647595122703,0,263,109
HM+ST,attack_flow,stockpile,44,20,0.5,0.2,0.3,0.10370846973518945,0.09664260094450094,0,263,109
HM+ST,attack_flow,stockpile,44,20,0.4,0.2,0.4,0.09111081399517916,0.0915368398044912,0,263,109
HM+ST,attack_flow,stockpile,44,20,0.3,0.2,0.5,0.08504212652132842,0.08659920015112132,0,263,109
HM+ST,attack_flow,stockpile,44,20,0.2,0.2,0.6,0.07835059553311487,0.08371686471386033,0,263,109
HM+ST,attack_flow,stockpile,44,20,0.1,0.2,0.7,0.08043301649222316,0.08453201388073571,0,263,109
HM+ST,attack_flow,stockpile,44,20,0.0,0.2,0.8,0.08252711218659937,0.08850708127971832,0,263,109
HM+ST,attack_flow,stockpile,44,20,0.7,0.3,0.0,0.12295267089092009,0.10837239173017973,0,263,109
HM+ST,attack_flow,stockpile,44,20,0.6,0.3,0.1,0.11744718524842732,0.10549263838926885,0,263,109
HM+ST,attack_flow,stockpile,44,20,0.5,0.3,0.2,0.09282232286393066,0.09706662619634103,0,263,109
HM+ST,attack_flow,stockpile,44,20,0.4,0.3,0.3,0.09167324535310695,0.09268188648677504,0,263,109
HM+ST,attack_flow,stockpile,44,20,0.3,0.3,0.4,0.08834065764758689,0.0905471530592842,0,263,109
HM+ST,attack_flow,stockpile,44,20,0.2,0.3,0.5,0.08084735184702646,0.08671474463099335,0,263,109
HM+ST,attack_flow,stockpile,44,20,0.1,0.3,0.6,0.079149515561654,0.08612646895999326,0,263,109
HM+ST,attack_flow,stockpile,44,20,0.0,0.3,0.7,0.07933059728730542,0.08829915082001032,0,263,109
HM+ST,attack_flow,stockpile,44,20,0.6,0.4,0.0,0.09760071475909156,0.09994928732413949,0,263,109
HM+ST,attack_flow,stockpile,44,20,0.5,0.4,0.1,0.0893590977626595,0.09710075549407526,0,263,109
HM+ST,attack_flow,stockpile,44,20,0.4,0.4,0.2,0.08862445862370974,0.09588419989021045,0,263,109
HM+ST,attack_flow,stockpile,44,20,0.3,0.4,0.3,0.08369808797119571,0.09232533960626933,0,263,109
HM+ST,attack_flow,stockpile,44,20,0.2,0.4,0.4,0.0762917012920641,0.08719000633789599,0,263,109
HM+ST,attack_flow,stockpile,44,20,0.1,0.4,0.5,0.08051852897799261,0.08433795673661301,0,263,109
HM+ST,attack_flow,stockpile,44,20,0.0,0.4,0.6,0.08152640384399766,0.08882362011314755,0,263,109
HM+ST,attack_flow,stockpile,44,20,0.5,0.5,0.0,0.05742871647452171,0.08819575163873514,0,263,109
HM+ST,attack_flow,stockpile,44,20,0.4,0.5,0.1,0.06500925431627709,0.08885457806342408,0,263,109
HM+ST,attack_flow,stockpile,44,20,0.3,0.5,0.2,0.08613196414181817,0.0937502011242093,0,263,109
HM+ST,attack_flow,stockpile,44,20,0.2,0.5,0.3,0.06561299378970718,0.09028349188830039,0,263,109
HM+ST,attack_flow,stockpile,44,20,0.1,0.5,0.4,0.0701914731361563,0.07907911949816435,0,263,109
HM+ST,attack_flow,stockpile,44,20,0.0,0.5,0.5,0.07452411622310556,0.08798283705340955,0,263,109
HM+ST,attack_flow,stockpile,44,20,0.4,0.6,0.0,0.06835657716864525,0.0911491621679181,0,263,109
HM+ST,attack_flow,stockpile,44,20,0.3,0.6,0.1,0.07320959389091455,0.08941647254242169,0,263,109
HM+ST,attack_flow,stockpile,44,20,0.2,0.6,0.2,0.06898796406638653,0.08435646018317342,0,263,109
HM+ST,attack_flow,stockpile,44,20,0.1,0.6,0.3,0.06210172838411804,0.08100816698584606,0,263,109
HM+ST,attack_flow,stockpile,44,20,0.0,0.6,0.4,0.06516461589321497,0.08870377384588432,0,263,109
HM+ST,attack_flow,stockpile,44,20,0.3,0.7,0.0,0.0791944513275603,0.09496398511186688,0,263,109
HM+ST,attack_flow,stockpile,44,20,0.2,0.7,0.1,0.07997389518962413,0.08813884411642482,0,263,109
HM+ST,attack_flow,stockpile,44,20,0.1,0.7,0.2,0.0842311475897527,0.08760851168503506,0,263,109
HM+ST,attack_flow,stockpile,44,20,0.0,0.7,0.3,0.09224767618362589,0.09015061844423274,0,263,109
HM+ST,attack_flow,stockpile,44,20,0.2,0.8,0.0,0.08213624278937084,0.09365981128702702,0,263,109
HM+ST,attack_flow,stockpile,44,20,0.1,0.8,0.1,0.07898011905678032,0.08805314963200647,0,263,109
HM+ST,attack_flow,stockpile,44,20,0.0,0.8,0.2,0.08294344826020247,0.08663119187636528,0,263,109
HM+ST,attack_flow,stockpile,44,20,0.1,0.9,0.0,0.07343075837272282,0.09126296822894123,0,263,109
HM+ST,attack_flow,stockpile,44,20,0.0,0.9,0.1,0.07565613796301823,0.08633744929350531,0,263,109
HM+ST,attack_flow,stockpile,44,20,0.0,1.0,0.0,0.07605145603426697,0.09340009972249218,0,263,109
HM+ST,attack_flow,stockpile,44,40,1.0,0.0,0.0,0.15274960061987297,0.12909526090771803,0,263,109
HM+ST,attack_flow,stockpile,44,40,0.9,0.0,0.1,0.13122959995991776,0.11509643374842748,0,263,109
HM+ST,attack_flow,stockpile,44,40,0.8,0.0,0.2,0.1273270151473652,0.10960567846070787,0,263,109
HM+ST,attack_flow,stockpile,44,40,0.7,0.0,0.3,0.10623315722662309,0.10115319875389986,0,263,109
HM+ST,attack_flow,stockpile,44,40,0.6,0.0,0.4,0.101348033279225,0.09390493175167733,0,263,109
HM+ST,attack_flow,stockpile,44,40,0.5,0.0,0.5,0.09681025915587561,0.09120188099446488,0,263,109
HM+ST,attack_flow,stockpile,44,40,0.4,0.0,0.6,0.09296786461728683,0.08901661566646062,0,263,109
HM+ST,attack_flow,stockpile,44,40,0.3,0.0,0.7,0.08804369429659362,0.08630116514142908,0,263,109
HM+ST,attack_flow,stockpile,44,40,0.2,0.0,0.8,0.08804369429659362,0.08512694015056109,0,263,109
HM+ST,attack_flow,stockpile,44,40,0.1,0.0,0.9,0.07968955610818551,0.07801023615236924,0,263,109
HM+ST,attack_flow,stockpile,44,40,0.0,0.0,1.0,0.04651105439547272,0.05119451025884521,0,263,109
HM+ST,attack_flow,stockpile,44,40,0.9,0.1,0.0,0.12436438557766281,0.11634609433431713,0,263,109
HM+ST,attack_flow,stockpile,44,40,0.8,0.1,0.1,0.12870341876385855,0.11525613180148189,0,263,109
HM+ST,attack_flow,stockpile,44,40,0.7,0.1,0.2,0.12389881621337938,0.11008071047802201,0,263,109
HM+ST,attack_flow,stockpile,44,40,0.6,0.1,0.3,0.10280142853356243,0.09759759179589508,0,263,109
HM+ST,attack_flow,stockpile,44,40,0.5,0.1,0.4,0.10099195385612986,0.09498373437054086,0,263,109
HM+ST,attack_flow,stockpile,44,40,0.4,0.1,0.5,0.09143876220364741,0.08931843516236926,0,263,109
HM+ST,attack_flow,stockpile,44,40,0.3,0.1,0.6,0.0815714201639988,0.08635828294931273,0,263,109
HM+ST,attack_flow,stockpile,44,40,0.2,0.1,0.7,0.08303417681010845,0.0855511927280849,0,263,109
HM+ST,attack_flow,stockpile,44,40,0.1,0.1,0.8,0.08648525866494287,0.08774465911310717,0,263,109
HM+ST,attack_flow,stockpile,44,40,0.0,0.1,0.9,0.09172372141681412,0.09353832625321387,0,263,109
HM+ST,attack_flow,stockpile,44,40,0.8,0.2,0.0,0.12590380469261298,0.11597439819251001,0,263,109
HM+ST,attack_flow,stockpile,44,40,0.7,0.2,0.1,0.1263565306423777,0.11356540165727742,0,263,109
HM+ST,attack_flow,stockpile,44,40,0.6,0.2,0.2,0.10914473903976762,0.1064265414655162,0,263,109
HM+ST,attack_flow,stockpile,44,40,0.5,0.2,0.3,0.10292278818038163,0.09855379489784907,0,263,109
HM+ST,attack_flow,stockpile,44,40,0.4,0.2,0.4,0.08326567378404229,0.09217394885698157,0,263,109
HM+ST,attack_flow,stockpile,44,40,0.3,0.2,0.5,0.083753303413941,0.08880929771640514,0,263,109
HM+ST,attack_flow,stockpile,44,40,0.2,0.2,0.6,0.07897704635526585,0.08779067993074002,0,263,109
HM+ST,attack_flow,stockpile,44,40,0.1,0.2,0.7,0.08027757590724632,0.08733090578867744,0,263,109
HM+ST,attack_flow,stockpile,44,40,0.0,0.2,0.8,0.09363334826087347,0.09682593934466589,0,263,109
HM+ST,attack_flow,stockpile,44,40,0.7,0.3,0.0,0.12310145690675985,0.11473086636400083,0,263,109
HM+ST,attack_flow,stockpile,44,40,0.6,0.3,0.1,0.11720759204107446,0.10962166994525088,0,263,109
HM+ST,attack_flow,stockpile,44,40,0.5,0.3,0.2,0.09446668016795298,0.1004042540660881,0,263,109
HM+ST,attack_flow,stockpile,44,40,0.4,0.3,0.3,0.09164442907313786,0.0982923201455139,0,263,109
HM+ST,attack_flow,stockpile,44,40,0.3,0.3,0.4,0.08311602019116071,0.09344222485423102,0,263,109
HM+ST,attack_flow,stockpile,44,40,0.2,0.3,0.5,0.07670741444870798,0.08827206097615606,0,263,109
HM+ST,attack_flow,stockpile,44,40,0.1,0.3,0.6,0.07344778338363012,0.08596627978409488,0,263,109
HM+ST,attack_flow,stockpile,44,40,0.0,0.3,0.7,0.09011039879829896,0.09621225716315158,0,263,109
HM+ST,attack_flow,stockpile,44,40,0.6,0.4,0.0,0.09893250735781646,0.10576282106911009,0,263,109
HM+ST,attack_flow,stockpile,44,40,0.5,0.4,0.1,0.08871140331554533,0.10314843907176086,0,263,109
HM+ST,attack_flow,stockpile,44,40,0.4,0.4,0.2,0.09157790300001925,0.10067336337822355,0,263,109
HM+ST,attack_flow,stockpile,44,40,0.3,0.4,0.3,0.08518589529364516,0.09757344898027877,0,263,109
HM+ST,attack_flow,stockpile,44,40,0.2,0.4,0.4,0.07929070735703009,0.09088504960899234,0,263,109
HM+ST,attack_flow,stockpile,44,40,0.1,0.4,0.5,0.07066196398222939,0.08874621902765725,0,263,109
HM+ST,attack_flow,stockpile,44,40,0.0,0.4,0.6,0.08639881069797967,0.09589638468428005,0,263,109
HM+ST,attack_flow,stockpile,44,40,0.5,0.5,0.0,0.08167420442570388,0.10014930579417751,0,263,109
HM+ST,attack_flow,stockpile,44,40,0.4,0.5,0.1,0.07962588935320253,0.09925042588520964,0,263,109
HM+ST,attack_flow,stockpile,44,40,0.3,0.5,0.2,0.08552840464064852,0.09924699225107828,0,263,109
HM+ST,attack_flow,stockpile,44,40,0.2,0.5,0.3,0.0797320643737787,0.09599865836560892,0,263,109
HM+ST,attack_flow,stockpile,44,40,0.1,0.5,0.4,0.07098890833227921,0.09075906987244003,0,263,109
HM+ST,attack_flow,stockpile,44,40,0.0,0.5,0.5,0.08584424727026245,0.09419183361802705,0,263,109
HM+ST,attack_flow,stockpile,44,40,0.4,0.6,0.0,0.06023401100528666,0.09460459431376436,0,263,109
HM+ST,attack_flow,stockpile,44,40,0.3,0.6,0.1,0.06167793301402053,0.08847469838357438,0,263,109
HM+ST,attack_flow,stockpile,44,40,0.2,0.6,0.2,0.058326249923971014,0.0864227153580426,0,263,109
HM+ST,attack_flow,stockpile,44,40,0.1,0.6,0.3,0.05743216042163369,0.08642626790662242,0,263,109
HM+ST,attack_flow,stockpile,44,40,0.0,0.6,0.4,0.08360693134002338,0.09832913555043159,0,263,109
HM+ST,attack_flow,stockpile,44,40,0.3,0.7,0.0,0.06080108231649522,0.09526557985010313,0,263,109
HM+ST,attack_flow,stockpile,44,40,0.2,0.7,0.1,0.059878327342690205,0.09088447691910988,0,263,109
HM+ST,attack_flow,stockpile,44,40,0.1,0.7,0.2,0.06207975014352396,0.08558850023118997,0,263,109
HM+ST,attack_flow,stockpile,44,40,0.0,0.7,0.3,0.076150815313802,0.09498004415041564,0,263,109
HM+ST,attack_flow,stockpile,44,40,0.2,0.8,0.0,0.04736285922676114,0.09288745420161201,0,263,109
HM+ST,attack_flow,stockpile,44,40,0.1,0.8,0.1,0.0566319406608088,0.09118550165237517,0,263,109
HM+ST,attack_flow,stockpile,44,40,0.0,0.8,0.2,0.06006551963004654,0.09133421848513062,0,263,109
HM+ST,attack_flow,stockpile,44,40,0.1,0.9,0.0,0.06791100086229199,0.09394938442326677,0,263,109
HM+ST,attack_flow,stockpile,44,40,0.0,0.9,0.1,0.06401180093991682,0.09332834869576995,0,263,109
HM+ST,attack_flow,stockpile,44,40,0.0,1.0,0.0,0.07065716040998174,0.0960989589544065,0,263,109
HM+ST,attack_flow,stockpile,44,60,1.0,0.0,0.0,0.15274960061987297,0.12909526090771803,0,263,109
HM+ST,attack_flow,stockpile,44,60,0.9,0.0,0.1,0.13122959995991776,0.11509643374842748,0,263,109
HM+ST,attack_flow,stockpile,44,60,0.8,0.0,0.2,0.1273270151473652,0.10960567846070787,0,263,109
HM+ST,attack_flow,stockpile,44,60,0.7,0.0,0.3,0.10623315722662309,0.10115319875389986,0,263,109
HM+ST,attack_flow,stockpile,44,60,0.6,0.0,0.4,0.101348033279225,0.09390493175167733,0,263,109
HM+ST,attack_flow,stockpile,44,60,0.5,0.0,0.5,0.09681025915587561,0.09120188099446488,0,263,109
HM+ST,attack_flow,stockpile,44,60,0.4,0.0,0.6,0.09296786461728683,0.08901661566646062,0,263,109
HM+ST,attack_flow,stockpile,44,60,0.3,0.0,0.7,0.08804369429659362,0.08630116514142908,0,263,109
HM+ST,attack_flow,stockpile,44,60,0.2,0.0,0.8,0.08804369429659362,0.08512694015056109,0,263,109
HM+ST,attack_flow,stockpile,44,60,0.1,0.0,0.9,0.07968955610818551,0.07801023615236924,0,263,109
HM+ST,attack_flow,stockpile,44,60,0.0,0.0,1.0,0.04651105439547272,0.05119451025884521,0,263,109
HM+ST,attack_flow,stockpile,44,60,0.9,0.1,0.0,0.1256836608962151,0.11683849280334657,0,263,109
HM+ST,attack_flow,stockpile,44,60,0.8,0.1,0.1,0.12996789196333897,0.11652539474012562,0,263,109
HM+ST,attack_flow,stockpile,44,60,0.7,0.1,0.2,0.12536959081818824,0.11043263725580313,0,263,109
HM+ST,attack_flow,stockpile,44,60,0.6,0.1,0.3,0.1032650331017729,0.09764158382868846,0,263,109
HM+ST,attack_flow,stockpile,44,60,0.5,0.1,0.4,0.10244273745707123,0.09542062470099387,0,263,109
HM+ST,attack_flow,stockpile,44,60,0.4,0.1,0.5,0.09183012196972944,0.08949734745545804,0,263,109
HM+ST,attack_flow,stockpile,44,60,0.3,0.1,0.6,0.08793353827412108,0.08820770348857268,0,263,109
HM+ST,attack_flow,stockpile,44,60,0.2,0.1,0.7,0.08495165584625888,0.0863558822734486,0,263,109
HM+ST,attack_flow,stockpile,44,60,0.1,0.1,0.8,0.08301726427857993,0.08616152191660767,0,263,109
HM+ST,attack_flow,stockpile,44,60,0.0,0.1,0.9,0.08291663028527706,0.0899721951382507,0,263,109
HM+ST,attack_flow,stockpile,44,60,0.8,0.2,0.0,0.12743264076984298,0.1160731885563608,0,263,109
HM+ST,attack_flow,stockpile,44,60,0.7,0.2,0.1,0.12995180923328678,0.1136128804646835,0,263,109
HM+ST,attack_flow,stockpile,44,60,0.6,0.2,0.2,0.11162316478774702,0.10796932921645656,0,263,109
HM+ST,attack_flow,stockpile,44,60,0.5,0.2,0.3,0.10548450662954784,0.0991342425009775,0,263,109
HM+ST,attack_flow,stockpile,44,60,0.4,0.2,0.4,0.08751748568818932,0.09288700818604056,0,263,109
HM+ST,attack_flow,stockpile,44,60,0.3,0.2,0.5,0.08588738148045304,0.0893620602105685,0,263,109
HM+ST,attack_flow,stockpile,44,60,0.2,0.2,0.6,0.08046445551044598,0.08835833047272738,0,263,109
HM+ST,attack_flow,stockpile,44,60,0.1,0.2,0.7,0.08654428580597082,0.08959931074656255,0,263,109
HM+ST,attack_flow,stockpile,44,60,0.0,0.2,0.8,0.07787498538008283,0.0901594951407181,0,263,109
HM+ST,attack_flow,stockpile,44,60,0.7,0.3,0.0,0.1236555953163566,0.11375479301847206,0,263,109
HM+ST,attack_flow,stockpile,44,60,0.6,0.3,0.1,0.12774800785179935,0.11060226289842542,0,263,109
HM+ST,attack_flow,stockpile,44,60,0.5,0.3,0.2,0.09840143745638529,0.1036489076391062,0,263,109
HM+ST,attack_flow,stockpile,44,60,0.4,0.3,0.3,0.08995842100962077,0.09835348203334124,0,263,109
HM+ST,attack_flow,stockpile,44,60,0.3,0.3,0.4,0.08378158061492241,0.0912559057495524,0,263,109
HM+ST,attack_flow,stockpile,44,60,0.2,0.3,0.5,0.08460969840279524,0.08915462459466231,0,263,109
HM+ST,attack_flow,stockpile,44,60,0.1,0.3,0.6,0.08031611991974198,0.08870928383130385,0,263,109
HM+ST,attack_flow,stockpile,44,60,0.0,0.3,0.7,0.08419117393640824,0.09220401808235638,0,263,109
HM+ST,attack_flow,stockpile,44,60,0.6,0.4,0.0,0.1076214805083742,0.1102750829908679,0,263,109
HM+ST,attack_flow,stockpile,44,60,0.5,0.4,0.1,0.10577048066405395,0.10617169741871597,0,263,109
HM+ST,attack_flow,stockpile,44,60,0.4,0.4,0.2,0.095083609522531,0.10130518736351486,0,263,109
HM+ST,attack_flow,stockpile,44,60,0.3,0.4,0.3,0.09022318863658069,0.10030641666512692,0,263,109
HM+ST,attack_flow,stockpile,44,60,0.2,0.4,0.4,0.0901990047120263,0.09404431885572954,0,263,109
HM+ST,attack_flow,stockpile,44,60,0.1,0.4,0.5,0.08342794135158424,0.09065788898799533,0,263,109
HM+ST,attack_flow,stockpile,44,60,0.0,0.4,0.6,0.08423365737078582,0.09447455513299202,0,263,109
HM+ST,attack_flow,stockpile,44,60,0.5,0.5,0.0,0.09789801721938447,0.10602235286575987,0,263,109
HM+ST,attack_flow,stockpile,44,60,0.4,0.5,0.1,0.08839602129153679,0.10247073179389524,0,263,109
HM+ST,attack_flow,stockpile,44,60,0.3,0.5,0.2,0.09431805085346319,0.1017362298035515,0,263,109
HM+ST,attack_flow,stockpile,44,60,0.2,0.5,0.3,0.08746445030309771,0.09890357135457367,0,263,109
HM+ST,attack_flow,stockpile,44,60,0.1,0.5,0.4,0.0851164214388507,0.09602109003607662,0,263,109
HM+ST,attack_flow,stockpile,44,60,0.0,0.5,0.5,0.08257537578330197,0.09458176252070385,0,263,109
HM+ST,attack_flow,stockpile,44,60,0.4,0.6,0.0,0.0638541091040581,0.09690392625118993,0,263,109
HM+ST,attack_flow,stockpile,44,60,0.3,0.6,0.1,0.06656977257477502,0.09397395348238202,0,263,109
HM+ST,attack_flow,stockpile,44,60,0.2,0.6,0.2,0.06602123728235888,0.09424525600402703,0,263,109
HM+ST,attack_flow,stockpile,44,60,0.1,0.6,0.3,0.07192599480561075,0.09142617784252689,0,263,109
HM+ST,attack_flow,stockpile,44,60,0.0,0.6,0.4,0.08377464276843168,0.09919380393304564,0,263,109
HM+ST,attack_flow,stockpile,44,60,0.3,0.7,0.0,0.06382444560206563,0.09354110776766324,0,263,109
HM+ST,attack_flow,stockpile,44,60,0.2,0.7,0.1,0.06667847262590278,0.0903870339590927,0,263,109
HM+ST,attack_flow,stockpile,44,60,0.1,0.7,0.2,0.07194517188774927,0.08924630470716848,0,263,109
HM+ST,attack_flow,stockpile,44,60,0.0,0.7,0.3,0.08774363122750559,0.09754359434925511,0,263,109
HM+ST,attack_flow,stockpile,44,60,0.2,0.8,0.0,0.06861419931902231,0.09379443425541133,0,263,109
HM+ST,attack_flow,stockpile,44,60,0.1,0.8,0.1,0.0633962186166741,0.09063157187811335,0,263,109
HM+ST,attack_flow,stockpile,44,60,0.0,0.8,0.2,0.06705151306594595,0.08907273903905474,0,263,109
HM+ST,attack_flow,stockpile,44,60,0.1,0.9,0.0,0.06734559042920947,0.09361074122067056,0,263,109
HM+ST,attack_flow,stockpile,44,60,0.0,0.9,0.1,0.05991030767296328,0.08806949532155874,0,263,109
HM+ST,attack_flow,stockpile,44,60,0.0,1.0,0.0,0.05961386165647794,0.09292537521432326,0,263,109
HM+ST,attack_flow,stockpile,44,80,1.0,0.0,0.0,0.15274960061987297,0.12909526090771803,0,263,109
HM+ST,attack_flow,stockpile,44,80,0.9,0.0,0.1,0.13122959995991776,0.11509643374842748,0,263,109
HM+ST,attack_flow,stockpile,44,80,0.8,0.0,0.2,0.1273270151473652,0.10960567846070787,0,263,109
HM+ST,attack_flow,stockpile,44,80,0.7,0.0,0.3,0.10623315722662309,0.10115319875389986,0,263,109
HM+ST,attack_flow,stockpile,44,80,0.6,0.0,0.4,0.101348033279225,0.09390493175167733,0,263,109
HM+ST,attack_flow,stockpile,44,80,0.5,0.0,0.5,0.09681025915587561,0.09120188099446488,0,263,109
HM+ST,attack_flow,stockpile,44,80,0.4,0.0,0.6,0.09296786461728683,0.08901661566646062,0,263,109
HM+ST,attack_flow,stockpile,44,80,0.3,0.0,0.7,0.08804369429659362,0.08630116514142908,0,263,109
HM+ST,attack_flow,stockpile,44,80,0.2,0.0,0.8,0.08804369429659362,0.08512694015056109,0,263,109
HM+ST,attack_flow,stockpile,44,80,0.1,0.0,0.9,0.07968955610818551,0.07801023615236924,0,263,109
HM+ST,attack_flow,stockpile,44,80,0.0,0.0,1.0,0.04651105439547272,0.05119451025884521,0,263,109
HM+ST,attack_flow,stockpile,44,80,0.9,0.1,0.0,0.12658851401865273,0.1194653081339796,0,263,109
HM+ST,attack_flow,stockpile,44,80,0.8,0.1,0.1,0.1316850698125451,0.11689755687676928,0,263,109
HM+ST,attack_flow,stockpile,44,80,0.7,0.1,0.2,0.12421802186376565,0.11391746125899616,0,263,109
HM+ST,attack_flow,stockpile,44,80,0.6,0.1,0.3,0.1053186929525893,0.09857378998602498,0,263,109
HM+ST,attack_flow,stockpile,44,80,0.5,0.1,0.4,0.09789372910123019,0.09435804604108042,0,263,109
HM+ST,attack_flow,stockpile,44,80,0.4,0.1,0.5,0.09258913435775502,0.09037575480542809,0,263,109
HM+ST,attack_flow,stockpile,44,80,0.3,0.1,0.6,0.08945320241053786,0.08913789540221398,0,263,109
HM+ST,attack_flow,stockpile,44,80,0.2,0.1,0.7,0.08765942383040683,0.08811709784607123,0,263,109
HM+ST,attack_flow,stockpile,44,80,0.1,0.1,0.8,0.08240177245636181,0.08495360999498278,0,263,109
HM+ST,attack_flow,stockpile,44,80,0.0,0.1,0.9,0.0848388974440239,0.08569676813643023,0,263,109
HM+ST,attack_flow,stockpile,44,80,0.8,0.2,0.0,0.12769722925694077,0.11583945924746046,0,263,109
HM+ST,attack_flow,stockpile,44,80,0.7,0.2,0.1,0.13135810489489066,0.11641588434987664,0,263,109
HM+ST,attack_flow,stockpile,44,80,0.6,0.2,0.2,0.12105190968164807,0.11209017602615926,0,263,109
HM+ST,attack_flow,stockpile,44,80,0.5,0.2,0.3,0.09703154163401194,0.10020229262757234,0,263,109
HM+ST,attack_flow,stockpile,44,80,0.4,0.2,0.4,0.08884885551451134,0.09411875733471152,0,263,109
HM+ST,attack_flow,stockpile,44,80,0.3,0.2,0.5,0.08931149549811146,0.09235680458419629,0,263,109
HM+ST,attack_flow,stockpile,44,80,0.2,0.2,0.6,0.0822869477050271,0.08844033078474083,0,263,109
HM+ST,attack_flow,stockpile,44,80,0.1,0.2,0.7,0.08281069338695762,0.09018357941374437,0,263,109
HM+ST,attack_flow,stockpile,44,80,0.0,0.2,0.8,0.087880153540806,0.0887179591081469,0,263,109
HM+ST,attack_flow,stockpile,44,80,0.7,0.3,0.0,0.1321008342352425,0.11269337369403336,0,263,109
HM+ST,attack_flow,stockpile,44,80,0.6,0.3,0.1,0.12180549107529146,0.11026357060688749,0,263,109
HM+ST,attack_flow,stockpile,44,80,0.5,0.3,0.2,0.09668172877147248,0.10616060586601676,0,263,109
HM+ST,attack_flow,stockpile,44,80,0.4,0.3,0.3,0.09429833009641303,0.10262949311210068,0,263,109
HM+ST,attack_flow,stockpile,44,80,0.3,0.3,0.4,0.08938367737358112,0.09438165301067529,0,263,109
HM+ST,attack_flow,stockpile,44,80,0.2,0.3,0.5,0.08347701428750554,0.0917191984826721,0,263,109
HM+ST,attack_flow,stockpile,44,80,0.1,0.3,0.6,0.08252010288527617,0.09010056224031322,0,263,109
HM+ST,attack_flow,stockpile,44,80,0.0,0.3,0.7,0.07845951908229602,0.08784475168429393,0,263,109
HM+ST,attack_flow,stockpile,44,80,0.6,0.4,0.0,0.11182709615033863,0.11162559528298004,0,263,109
HM+ST,attack_flow,stockpile,44,80,0.5,0.4,0.1,0.11630202387822218,0.11123436037291241,0,263,109
HM+ST,attack_flow,stockpile,44,80,0.4,0.4,0.2,0.10149949172259282,0.10531691119382454,0,263,109
HM+ST,attack_flow,stockpile,44,80,0.3,0.4,0.3,0.08752164365585918,0.10415620350831192,0,263,109
HM+ST,attack_flow,stockpile,44,80,0.2,0.4,0.4,0.08679081882429811,0.09702109998129112,0,263,109
HM+ST,attack_flow,stockpile,44,80,0.1,0.4,0.5,0.08376140016995502,0.09233683879021246,0,263,109
HM+ST,attack_flow,stockpile,44,80,0.0,0.4,0.6,0.07897673216644802,0.09057469429094558,0,263,109
HM+ST,attack_flow,stockpile,44,80,0.5,0.5,0.0,0.11015147110336955,0.11007846852969923,0,263,109
HM+ST,attack_flow,stockpile,44,80,0.4,0.5,0.1,0.11172804565189505,0.10976412034684939,0,263,109
HM+ST,attack_flow,stockpile,44,80,0.3,0.5,0.2,0.09789157711357475,0.10695684350621368,0,263,109
HM+ST,attack_flow,stockpile,44,80,0.2,0.5,0.3,0.08822498798862355,0.1037126731933224,0,263,109
HM+ST,attack_flow,stockpile,44,80,0.1,0.5,0.4,0.08686769875917577,0.09970148356644454,0,263,109
HM+ST,attack_flow,stockpile,44,80,0.0,0.5,0.5,0.08384908572935407,0.09396714891607891,0,263,109
HM+ST,attack_flow,stockpile,44,80,0.4,0.6,0.0,0.08326505894124595,0.10761383980093979,0,263,109
HM+ST,attack_flow,stockpile,44,80,0.3,0.6,0.1,0.0962887630915909,0.10753181017113908,0,263,109
HM+ST,attack_flow,stockpile,44,80,0.2,0.6,0.2,0.09409089216746354,0.1034579997913669,0,263,109
HM+ST,attack_flow,stockpile,44,80,0.1,0.6,0.3,0.0651138399249911,0.10057976897817844,0,263,109
HM+ST,attack_flow,stockpile,44,80,0.0,0.6,0.4,0.0850426501687439,0.09976386199446688,0,263,109
HM+ST,attack_flow,stockpile,44,80,0.3,0.7,0.0,0.06971073736071187,0.09867622969138838,0,263,109
HM+ST,attack_flow,stockpile,44,80,0.2,0.7,0.1,0.07346026336337427,0.09850418995866156,0,263,109
HM+ST,attack_flow,stockpile,44,80,0.1,0.7,0.2,0.07117858904995514,0.095029328380163,0,263,109
HM+ST,attack_flow,stockpile,44,80,0.0,0.7,0.3,0.07421283792270815,0.09929563833706273,0,263,109
HM+ST,attack_flow,stockpile,44,80,0.2,0.8,0.0,0.0671617442997012,0.09812347261027296,0,263,109
HM+ST,attack_flow,stockpile,44,80,0.1,0.8,0.1,0.0726858350012581,0.09696905463705574,0,263,109
HM+ST,attack_flow,stockpile,44,80,0.0,0.8,0.2,0.07083756315191375,0.09550988210845313,0,263,109
HM+ST,attack_flow,stockpile,44,80,0.1,0.9,0.0,0.06775834499809165,0.09980604491264788,0,263,109
HM+ST,attack_flow,stockpile,44,80,0.0,0.9,0.1,0.06096991697499242,0.09724631114537427,0,263,109
HM+ST,attack_flow,stockpile,44,80,0.0,1.0,0.0,0.06141939775006878,0.1009233139126117,0,263,109
HM+ST,attack_flow,stockpile,45,100,1.0,0.0,0.0,0.14935949719207245,0.12909526090771803,0,263,109
HM+ST,attack_flow,stockpile,45,100,0.9,0.0,0.1,0.1241981725990265,0.11509643374842748,0,263,109
HM+ST,attack_flow,stockpile,45,100,0.8,0.0,0.2,0.10702576299404086,0.10960567846070787,0,263,109
HM+ST,attack_flow,stockpile,45,100,0.7,0.0,0.3,0.10278727692266816,0.10115319875389986,0,263,109
HM+ST,attack_flow,stockpile,45,100,0.6,0.0,0.4,0.10014440644170898,0.09390493175167733,0,263,109
HM+ST,attack_flow,stockpile,45,100,0.5,0.0,0.5,0.09437697220764216,0.09120188099446488,0,263,109
HM+ST,attack_flow,stockpile,45,100,0.4,0.0,0.6,0.09099497989967392,0.08901661566646062,0,263,109
HM+ST,attack_flow,stockpile,45,100,0.3,0.0,0.7,0.0848437026743112,0.08630116514142908,0,263,109
HM+ST,attack_flow,stockpile,45,100,0.2,0.0,0.8,0.08595560095415308,0.08512694015056109,0,263,109
HM+ST,attack_flow,stockpile,45,100,0.1,0.0,0.9,0.07714116357433579,0.07801023615236924,0,263,109
HM+ST,attack_flow,stockpile,45,100,0.0,0.0,1.0,0.04651105439547272,0.05119451025884521,0,263,109
HM+ST,attack_flow,stockpile,45,100,0.9,0.1,0.0,0.12884780611705782,0.11917655819814574,0,263,109
HM+ST,attack_flow,stockpile,45,100,0.8,0.1,0.1,0.13122841553138012,0.11799598809894052,0,263,109
HM+ST,attack_flow,stockpile,45,100,0.7,0.1,0.2,0.11244876763043846,0.11416518315414648,0,263,109
HM+ST,attack_flow,stockpile,45,100,0.6,0.1,0.3,0.10385558293980325,0.10034232915282588,0,263,109
HM+ST,attack_flow,stockpile,45,100,0.5,0.1,0.4,0.10129083640569922,0.09557004669012578,0,263,109
HM+ST,attack_flow,stockpile,45,100,0.4,0.1,0.5,0.09323332101930015,0.09066433917444915,0,263,109
HM+ST,attack_flow,stockpile,45,100,0.3,0.1,0.6,0.09099643557569463,0.0897992472370703,0,263,109
HM+ST,attack_flow,stockpile,45,100,0.2,0.1,0.7,0.09609198351529179,0.08894704376819179,0,263,109
HM+ST,attack_flow,stockpile,45,100,0.1,0.1,0.8,0.08732847002913316,0.08577391139326328,0,263,109
HM+ST,attack_flow,stockpile,45,100,0.0,0.1,0.9,0.07705912135893815,0.08494787415361102,0,263,109
HM+ST,attack_flow,stockpile,45,100,0.8,0.2,0.0,0.13089720553579715,0.11950173139179857,0,263,109
HM+ST,attack_flow,stockpile,45,100,0.7,0.2,0.1,0.12809312870638342,0.11876505647555605,0,263,109
HM+ST,attack_flow,stockpile,45,100,0.6,0.2,0.2,0.11649629718294724,0.1129766141247828,0,263,109
HM+ST,attack_flow,stockpile,45,100,0.5,0.2,0.3,0.10728632264052285,0.10280075481295407,0,263,109
HM+ST,attack_flow,stockpile,45,100,0.4,0.2,0.4,0.10349644315561893,0.09596169077491844,0,263,109
HM+ST,attack_flow,stockpile,45,100,0.3,0.2,0.5,0.10051027949400193,0.09357668713250936,0,263,109
HM+ST,attack_flow,stockpile,45,100,0.2,0.2,0.6,0.08622101039248559,0.09046005909054969,0,263,109
HM+ST,attack_flow,stockpile,45,100,0.1,0.2,0.7,0.0830418394256183,0.0898092303600631,0,263,109
HM+ST,attack_flow,stockpile,45,100,0.0,0.2,0.8,0.08001829237676411,0.08610319945651032,0,263,109
HM+ST,attack_flow,stockpile,45,100,0.7,0.3,0.0,0.13167307761421698,0.11932237865335268,0,263,109
HM+ST,attack_flow,stockpile,45,100,0.6,0.3,0.1,0.13213284860479158,0.11750825083133756,0,263,109
HM+ST,attack_flow,stockpile,45,100,0.5,0.3,0.2,0.11253232809781515,0.11181694844834558,0,263,109
HM+ST,attack_flow,stockpile,45,100,0.4,0.3,0.3,0.1093185552399647,0.10789717963559724,0,263,109
HM+ST,attack_flow,stockpile,45,100,0.3,0.3,0.4,0.0938056272160422,0.09717084033719214,0,263,109
HM+ST,attack_flow,stockpile,45,100,0.2,0.3,0.5,0.0894647085389835,0.09236411384481721,0,263,109
HM+ST,attack_flow,stockpile,45,100,0.1,0.3,0.6,0.08247997244163235,0.09112365215072056,0,263,109
HM+ST,attack_flow,stockpile,45,100,0.0,0.3,0.7,0.0781974434790391,0.08788698170583452,0,263,109
HM+ST,attack_flow,stockpile,45,100,0.6,0.4,0.0,0.12845262701358667,0.11784895583676405,0,263,109
HM+ST,attack_flow,stockpile,45,100,0.5,0.4,0.1,0.12907372983759144,0.11820418213491002,0,263,109
HM+ST,attack_flow,stockpile,45,100,0.4,0.4,0.2,0.10739525338433023,0.11076487597319931,0,263,109
HM+ST,attack_flow,stockpile,45,100,0.3,0.4,0.3,0.09768171828261582,0.10705898352036047,0,263,109
HM+ST,attack_flow,stockpile,45,100,0.2,0.4,0.4,0.08673304675887605,0.09872761390578906,0,263,109
HM+ST,attack_flow,stockpile,45,100,0.1,0.4,0.5,0.08993863954249492,0.0960371399718695,0,263,109
HM+ST,attack_flow,stockpile,45,100,0.0,0.4,0.6,0.08013243594323649,0.09179263389206554,0,263,109
HM+ST,attack_flow,stockpile,45,100,0.5,0.5,0.0,0.1279968103507028,0.11783874043858875,0,263,109
HM+ST,attack_flow,stockpile,45,100,0.4,0.5,0.1,0.12107549558007913,0.11777123845695721,0,263,109
HM+ST,attack_flow,stockpile,45,100,0.3,0.5,0.2,0.10176441967862777,0.11030296876639671,0,263,109
HM+ST,attack_flow,stockpile,45,100,0.2,0.5,0.3,0.09471766213994967,0.10842153333964547,0,263,109
HM+ST,attack_flow,stockpile,45,100,0.1,0.5,0.4,0.09249604835015918,0.10408789321651819,0,263,109
HM+ST,attack_flow,stockpile,45,100,0.0,0.5,0.5,0.0845173859238808,0.09761907134247298,0,263,109
HM+ST,attack_flow,stockpile,45,100,0.4,0.6,0.0,0.11519015700062268,0.1124335243407846,0,263,109
HM+ST,attack_flow,stockpile,45,100,0.3,0.6,0.1,0.11578515845994732,0.11182999381849945,0,263,109
HM+ST,attack_flow,stockpile,45,100,0.2,0.6,0.2,0.09396101716017649,0.11002373547525605,0,263,109
HM+ST,attack_flow,stockpile,45,100,0.1,0.6,0.3,0.0729857366595569,0.10714982088701068,0,263,109
HM+ST,attack_flow,stockpile,45,100,0.0,0.6,0.4,0.0885528591514677,0.10361408469179681,0,263,109
HM+ST,attack_flow,stockpile,45,100,0.3,0.7,0.0,0.09146816446124842,0.10675515152230106,0,263,109
HM+ST,attack_flow,stockpile,45,100,0.2,0.7,0.1,0.08355800451583707,0.10221827708169433,0,263,109
HM+ST,attack_flow,stockpile,45,100,0.1,0.7,0.2,0.07524221563003257,0.1017178947057106,0,263,109
HM+ST,attack_flow,stockpile,45,100,0.0,0.7,0.3,0.09002061493126466,0.10691180429826978,0,263,109
HM+ST,attack_flow,stockpile,45,100,0.2,0.8,0.0,0.08462557056922783,0.10541064309925996,0,263,109
HM+ST,attack_flow,stockpile,45,100,0.1,0.8,0.1,0.06972907266809557,0.10270158951058625,0,263,109
HM+ST,attack_flow,stockpile,45,100,0.0,0.8,0.2,0.08255707237607615,0.10420946093274261,0,263,109
HM+ST,attack_flow,stockpile,45,100,0.1,0.9,0.0,0.08186838798797078,0.10756346016516563,0,263,109
HM+ST,attack_flow,stockpile,45,100,0.0,0.9,0.1,0.06630126112810938,0.10307957697637468,0,263,109
HM+ST,attack_flow,stockpile,45,100,0.0,1.0,0.0,0.0794848210147478,0.10499041443912278,0,263,109
HM+ST,attack_flow,stockpile,45,20,1.0,0.0,0.0,0.14935949719207245,0.12909526090771803,1,263,109
HM+ST,attack_flow,stockpile,45,20,0.9,0.0,0.1,0.1241981725990265,0.11509643374842748,0,263,109
HM+ST,attack_flow,stockpile,45,20,0.8,0.0,0.2,0.10702576299404086,0.10960567846070787,0,263,109
HM+ST,attack_flow,stockpile,45,20,0.7,0.0,0.3,0.10278727692266816,0.10115319875389986,0,263,109
HM+ST,attack_flow,stockpile,45,20,0.6,0.0,0.4,0.10014440644170898,0.09390493175167733,0,263,109
HM+ST,attack_flow,stockpile,45,20,0.5,0.0,0.5,0.09437697220764216,0.09120188099446488,0,263,109
HM+ST,attack_flow,stockpile,45,20,0.4,0.0,0.6,0.09099497989967392,0.08901661566646062,0,263,109
HM+ST,attack_flow,stockpile,45,20,0.3,0.0,0.7,0.0848437026743112,0.08630116514142908,0,263,109
HM+ST,attack_flow,stockpile,45,20,0.2,0.0,0.8,0.08595560095415308,0.08512694015056109,0,263,109
HM+ST,attack_flow,stockpile,45,20,0.1,0.0,0.9,0.07714116357433579,0.07801023615236924,0,263,109
HM+ST,attack_flow,stockpile,45,20,0.0,0.0,1.0,0.04651105439547272,0.05119451025884521,0,263,109
HM+ST,attack_flow,stockpile,45,20,0.9,0.1,0.0,0.10872189697568004,0.11534710805836265,0,263,109
HM+ST,attack_flow,stockpile,45,20,0.8,0.1,0.1,0.12667803386142784,0.11395010759492978,0,263,109
HM+ST,attack_flow,stockpile,45,20,0.7,0.1,0.2,0.11040400475291448,0.10818184105421476,0,263,109
HM+ST,attack_flow,stockpile,45,20,0.6,0.1,0.3,0.09981169885956745,0.0966445609869179,0,263,109
HM+ST,attack_flow,stockpile,45,20,0.5,0.1,0.4,0.0975977143123617,0.09422345912275494,0,263,109
HM+ST,attack_flow,stockpile,45,20,0.4,0.1,0.5,0.08727826639990034,0.08787719438012578,0,263,109
HM+ST,attack_flow,stockpile,45,20,0.3,0.1,0.6,0.08609255931298937,0.08550765009865713,0,263,109
HM+ST,attack_flow,stockpile,45,20,0.2,0.1,0.7,0.07766058961522336,0.08552159400874461,0,263,109
HM+ST,attack_flow,stockpile,45,20,0.1,0.1,0.8,0.0827493156792958,0.08466175870169754,0,263,109
HM+ST,attack_flow,stockpile,45,20,0.0,0.1,0.9,0.07426853126892337,0.08536963989828626,0,263,109
HM+ST,attack_flow,stockpile,45,20,0.8,0.2,0.0,0.11040246872661497,0.11247259736143349,0,263,109
HM+ST,attack_flow,stockpile,45,20,0.7,0.2,0.1,0.10684217808362162,0.10933718100887029,0,263,109
HM+ST,attack_flow,stockpile,45,20,0.6,0.2,0.2,0.10338538659746052,0.10442647595122703,0,263,109
HM+ST,attack_flow,stockpile,45,20,0.5,0.2,0.3,0.0945214098474451,0.09664260094450094,0,263,109
HM+ST,attack_flow,stockpile,45,20,0.4,0.2,0.4,0.09404611082294814,0.0915368398044912,0,263,109
HM+ST,attack_flow,stockpile,45,20,0.3,0.2,0.5,0.08173922801980055,0.08659920015112132,0,263,109
HM+ST,attack_flow,stockpile,45,20,0.2,0.2,0.6,0.07938963732650615,0.08371686471386033,0,263,109
HM+ST,attack_flow,stockpile,45,20,0.1,0.2,0.7,0.07117408215112832,0.08453201388073571,0,263,109
HM+ST,attack_flow,stockpile,45,20,0.0,0.2,0.8,0.074093521242361,0.08850708127971832,0,263,109
HM+ST,attack_flow,stockpile,45,20,0.7,0.3,0.0,0.103746861522178,0.10837239173017973,0,263,109
HM+ST,attack_flow,stockpile,45,20,0.6,0.3,0.1,0.10393095354846738,0.10549263838926885,0,263,109
HM+ST,attack_flow,stockpile,45,20,0.5,0.3,0.2,0.099477420338109,0.09706662619634103,0,263,109
HM+ST,attack_flow,stockpile,45,20,0.4,0.3,0.3,0.0868794324088498,0.09268188648677504,0,263,109
HM+ST,attack_flow,stockpile,45,20,0.3,0.3,0.4,0.08790975212074856,0.0905471530592842,0,263,109
HM+ST,attack_flow,stockpile,45,20,0.2,0.3,0.5,0.07761367203561077,0.08671474463099335,0,263,109
HM+ST,attack_flow,stockpile,45,20,0.1,0.3,0.6,0.06616938038549958,0.08612646895999326,0,263,109
HM+ST,attack_flow,stockpile,45,20,0.0,0.3,0.7,0.07359582791202275,0.08829915082001032,0,263,109
HM+ST,attack_flow,stockpile,45,20,0.6,0.4,0.0,0.09195290721737542,0.09994928732413949,0,263,109
HM+ST,attack_flow,stockpile,45,20,0.5,0.4,0.1,0.0916536652123889,0.09710075549407526,0,263,109
HM+ST,attack_flow,stockpile,45,20,0.4,0.4,0.2,0.09177137529899052,0.09588419989021045,0,263,109
HM+ST,attack_flow,stockpile,45,20,0.3,0.4,0.3,0.08393399724972858,0.09232533960626933,0,263,109
HM+ST,attack_flow,stockpile,45,20,0.2,0.4,0.4,0.07485218852747665,0.08719000633789599,0,263,109
HM+ST,attack_flow,stockpile,45,20,0.1,0.4,0.5,0.07328847456332485,0.08433795673661301,0,263,109
HM+ST,attack_flow,stockpile,45,20,0.0,0.4,0.6,0.07828792616482284,0.08882362011314755,0,263,109
HM+ST,attack_flow,stockpile,45,20,0.5,0.5,0.0,0.08228683150078499,0.08819575163873514,0,263,109
HM+ST,attack_flow,stockpile,45,20,0.4,0.5,0.1,0.08858309703429887,0.08885457806342408,0,263,109
HM+ST,attack_flow,stockpile,45,20,0.3,0.5,0.2,0.08228224727015955,0.0937502011242093,0,263,109
HM+ST,attack_flow,stockpile,45,20,0.2,0.5,0.3,0.07123741967665337,0.09028349188830039,0,263,109
HM+ST,attack_flow,stockpile,45,20,0.1,0.5,0.4,0.040720184457017264,0.07907911949816435,0,263,109
HM+ST,attack_flow,stockpile,45,20,0.0,0.5,0.5,0.07809428217804688,0.08798283705340955,0,263,109
HM+ST,attack_flow,stockpile,45,20,0.4,0.6,0.0,0.08038711881752333,0.0911491621679181,0,263,109
HM+ST,attack_flow,stockpile,45,20,0.3,0.6,0.1,0.0597641826482008,0.08941647254242169,0,263,109
HM+ST,attack_flow,stockpile,45,20,0.2,0.6,0.2,0.05455946786592755,0.08435646018317342,0,263,109
HM+ST,attack_flow,stockpile,45,20,0.1,0.6,0.3,0.046606115347375715,0.08100816698584606,0,263,109
HM+ST,attack_flow,stockpile,45,20,0.0,0.6,0.4,0.06868638663145957,0.08870377384588432,0,263,109
HM+ST,attack_flow,stockpile,45,20,0.3,0.7,0.0,0.07788958091536748,0.09496398511186688,0,263,109
HM+ST,attack_flow,stockpile,45,20,0.2,0.7,0.1,0.0736952601847488,0.08813884411642482,0,263,109
HM+ST,attack_flow,stockpile,45,20,0.1,0.7,0.2,0.06922946796487621,0.08760851168503506,0,263,109
HM+ST,attack_flow,stockpile,45,20,0.0,0.7,0.3,0.060715541591868226,0.09015061844423274,0,263,109
HM+ST,attack_flow,stockpile,45,20,0.2,0.8,0.0,0.07295038077680754,0.09365981128702702,0,263,109
HM+ST,attack_flow,stockpile,45,20,0.1,0.8,0.1,0.07111666354186351,0.08805314963200647,0,263,109
HM+ST,attack_flow,stockpile,45,20,0.0,0.8,0.2,0.06914604916707254,0.08663119187636528,0,263,109
HM+ST,attack_flow,stockpile,45,20,0.1,0.9,0.0,0.06990074351628262,0.09126296822894123,0,263,109
HM+ST,attack_flow,stockpile,45,20,0.0,0.9,0.1,0.06906563280905707,0.08633744929350531,0,263,109
HM+ST,attack_flow,stockpile,45,20,0.0,1.0,0.0,0.07516220977661832,0.09340009972249218,0,263,109
HM+ST,attack_flow,stockpile,45,40,1.0,0.0,0.0,0.14935949719207245,0.12909526090771803,0,263,109
HM+ST,attack_flow,stockpile,45,40,0.9,0.0,0.1,0.1241981725990265,0.11509643374842748,0,263,109
HM+ST,attack_flow,stockpile,45,40,0.8,0.0,0.2,0.10702576299404086,0.10960567846070787,0,263,109
HM+ST,attack_flow,stockpile,45,40,0.7,0.0,0.3,0.10278727692266816,0.10115319875389986,0,263,109
HM+ST,attack_flow,stockpile,45,40,0.6,0.0,0.4,0.10014440644170898,0.09390493175167733,0,263,109
HM+ST,attack_flow,stockpile,45,40,0.5,0.0,0.5,0.09437697220764216,0.09120188099446488,0,263,109
HM+ST,attack_flow,stockpile,45,40,0.4,0.0,0.6,0.09099497989967392,0.08901661566646062,0,263,109
HM+ST,attack_flow,stockpile,45,40,0.3,0.0,0.7,0.0848437026743112,0.08630116514142908,0,263,109
HM+ST,attack_flow,stockpile,45,40,0.2,0.0,0.8,0.08595560095415308,0.08512694015056109,0,263,109
HM+ST,attack_flow,stockpile,45,40,0.1,0.0,0.9,0.07714116357433579,0.07801023615236924,0,263,109
HM+ST,attack_flow,stockpile,45,40,0.0,0.0,1.0,0.04651105439547272,0.05119451025884521,0,263,109
HM+ST,attack_flow,stockpile,45,40,0.9,0.1,0.0,0.12391512776661709,0.11634609433431713,0,263,109
HM+ST,attack_flow,stockpile,45,40,0.8,0.1,0.1,0.12758019596843914,0.11525613180148189,0,263,109
HM+ST,attack_flow,stockpile,45,40,0.7,0.1,0.2,0.11071791166517538,0.11008071047802201,0,263,109
HM+ST,attack_flow,stockpile,45,40,0.6,0.1,0.3,0.10098150737370952,0.09759759179589508,0,263,109
HM+ST,attack_flow,stockpile,45,40,0.5,0.1,0.4,0.09834063859878803,0.09498373437054086,0,263,109
HM+ST,attack_flow,stockpile,45,40,0.4,0.1,0.5,0.08907046632264148,0.08931843516236926,0,263,109
HM+ST,attack_flow,stockpile,45,40,0.3,0.1,0.6,0.08606127941512064,0.08635828294931273,0,263,109
HM+ST,attack_flow,stockpile,45,40,0.2,0.1,0.7,0.0792871207903615,0.0855511927280849,0,263,109
HM+ST,attack_flow,stockpile,45,40,0.1,0.1,0.8,0.08293553873521921,0.08774465911310717,0,263,109
HM+ST,attack_flow,stockpile,45,40,0.0,0.1,0.9,0.07375333964167587,0.09353832625321387,0,263,109
HM+ST,attack_flow,stockpile,45,40,0.8,0.2,0.0,0.12328499535409601,0.11597439819251001,0,263,109
HM+ST,attack_flow,stockpile,45,40,0.7,0.2,0.1,0.1230708438560511,0.11356540165727742,0,263,109
HM+ST,attack_flow,stockpile,45,40,0.6,0.2,0.2,0.10871802200032187,0.1064265414655162,0,263,109
HM+ST,attack_flow,stockpile,45,40,0.5,0.2,0.3,0.09734407553052786,0.09855379489784907,0,263,109
HM+ST,attack_flow,stockpile,45,40,0.4,0.2,0.4,0.09545816475496721,0.09217394885698157,0,263,109
HM+ST,attack_flow,stockpile,45,40,0.3,0.2,0.5,0.09011239836626096,0.08880929771640514,0,263,109
HM+ST,attack_flow,stockpile,45,40,0.2,0.2,0.6,0.08163535710193338,0.08779067993074002,0,263,109
HM+ST,attack_flow,stockpile,45,40,0.1,0.2,0.7,0.08218525317648638,0.08733090578867744,0,263,109
HM+ST,attack_flow,stockpile,45,40,0.0,0.2,0.8,0.08339632654041776,0.09682593934466589,0,263,109
HM+ST,attack_flow,stockpile,45,40,0.7,0.3,0.0,0.12318883722057962,0.11473086636400083,0,263,109
HM+ST,attack_flow,stockpile,45,40,0.6,0.3,0.1,0.1070992458801823,0.10962166994525088,0,263,109
HM+ST,attack_flow,stockpile,45,40,0.5,0.3,0.2,0.10107598256580162,0.1004042540660881,0,263,109
HM+ST,attack_flow,stockpile,45,40,0.4,0.3,0.3,0.09750056768688949,0.0982923201455139,0,263,109
HM+ST,attack_flow,stockpile,45,40,0.3,0.3,0.4,0.0903855224345602,0.09344222485423102,0,263,109
HM+ST,attack_flow,stockpile,45,40,0.2,0.3,0.5,0.08760953342271997,0.08827206097615606,0,263,109
HM+ST,attack_flow,stockpile,45,40,0.1,0.3,0.6,0.08001743344746105,0.08596627978409488,0,263,109
HM+ST,attack_flow,stockpile,45,40,0.0,0.3,0.7,0.07394792105041004,0.09621225716315158,0,263,109
HM+ST,attack_flow,stockpile,45,40,0.6,0.4,0.0,0.10344150748879889,0.10576282106911009,0,263,109
HM+ST,attack_flow,stockpile,45,40,0.5,0.4,0.1,0.10629714097175771,0.10314843907176086,0,263,109
HM+ST,attack_flow,stockpile,45,40,0.4,0.4,0.2,0.09532333831412262,0.10067336337822355,0,263,109
HM+ST,attack_flow,stockpile,45,40,0.3,0.4,0.3,0.088628311768153,0.09757344898027877,0,263,109
HM+ST,attack_flow,stockpile,45,40,0.2,0.4,0.4,0.08231500861817104,0.09088504960899234,0,263,109
HM+ST,attack_flow,stockpile,45,40,0.1,0.4,0.5,0.07728295672567234,0.08874621902765725,0,263,109
HM+ST,attack_flow,stockpile,45,40,0.0,0.4,0.6,0.07008834267308377,0.09589638468428005,0,263,109
HM+ST,attack_flow,stockpile,45,40,0.5,0.5,0.0,0.08799502720640093,0.10014930579417751,0,263,109
HM+ST,attack_flow,stockpile,45,40,0.4,0.5,0.1,0.09364999578479265,0.09925042588520964,0,263,109
HM+ST,attack_flow,stockpile,45,40,0.3,0.5,0.2,0.09082594417650548,0.09924699225107828,0,263,109
HM+ST,attack_flow,stockpile,45,40,0.2,0.5,0.3,0.0797012981390189,0.09599865836560892,0,263,109
HM+ST,attack_flow,stockpile,45,40,0.1,0.5,0.4,0.052547572552542374,0.09075906987244003,0,263,109
HM+ST,attack_flow,stockpile,45,40,0.0,0.5,0.5,0.06399734430725935,0.09419183361802705,0,263,109
HM+ST,attack_flow,stockpile,45,40,0.4,0.6,0.0,0.08244082665910545,0.09460459431376436,0,263,109
HM+ST,attack_flow,stockpile,45,40,0.3,0.6,0.1,0.06651798652142868,0.08847469838357438,0,263,109
HM+ST,attack_flow,stockpile,45,40,0.2,0.6,0.2,0.06572275625922465,0.0864227153580426,0,263,109
HM+ST,attack_flow,stockpile,45,40,0.1,0.6,0.3,0.05666791729736026,0.08642626790662242,0,263,109
HM+ST,attack_flow,stockpile,45,40,0.0,0.6,0.4,0.06432776895373661,0.09832913555043159,0,263,109
HM+ST,attack_flow,stockpile,45,40,0.3,0.7,0.0,0.08473556358027048,0.09526557985010313,0,263,109
HM+ST,attack_flow,stockpile,45,40,0.2,0.7,0.1,0.08098516451587388,0.09088447691910988,0,263,109
HM+ST,attack_flow,stockpile,45,40,0.1,0.7,0.2,0.05592624636716942,0.08558850023118997,0,263,109
HM+ST,attack_flow,stockpile,45,40,0.0,0.7,0.3,0.06142783653626705,0.09498004415041564,0,263,109
HM+ST,attack_flow,stockpile,45,40,0.2,0.8,0.0,0.07677658994739504,0.09288745420161201,0,263,109
HM+ST,attack_flow,stockpile,45,40,0.1,0.8,0.1,0.07174623444332161,0.09118550165237517,0,263,109
HM+ST,attack_flow,stockpile,45,40,0.0,0.8,0.2,0.08622530814390018,0.09133421848513062,0,263,109
HM+ST,attack_flow,stockpile,45,40,0.1,0.9,0.0,0.0745846275781641,0.09394938442326677,0,263,109
HM+ST,attack_flow,stockpile,45,40,0.0,0.9,0.1,0.078658540007424,0.09332834869576995,0,263,109
HM+ST,attack_flow,stockpile,45,40,0.0,1.0,0.0,0.07281693142879228,0.0960989589544065,0,263,109
HM+ST,attack_flow,stockpile,45,60,1.0,0.0,0.0,0.14935949719207245,0.12909526090771803,0,263,109
HM+ST,attack_flow,stockpile,45,60,0.9,0.0,0.1,0.1241981725990265,0.11509643374842748,0,263,109
HM+ST,attack_flow,stockpile,45,60,0.8,0.0,0.2,0.10702576299404086,0.10960567846070787,0,263,109
HM+ST,attack_flow,stockpile,45,60,0.7,0.0,0.3,0.10278727692266816,0.10115319875389986,0,263,109
HM+ST,attack_flow,stockpile,45,60,0.6,0.0,0.4,0.10014440644170898,0.09390493175167733,0,263,109
HM+ST,attack_flow,stockpile,45,60,0.5,0.0,0.5,0.09437697220764216,0.09120188099446488,0,263,109
HM+ST,attack_flow,stockpile,45,60,0.4,0.0,0.6,0.09099497989967392,0.08901661566646062,0,263,109
HM+ST,attack_flow,stockpile,45,60,0.3,0.0,0.7,0.0848437026743112,0.08630116514142908,0,263,109
HM+ST,attack_flow,stockpile,45,60,0.2,0.0,0.8,0.08595560095415308,0.08512694015056109,0,263,109
HM+ST,attack_flow,stockpile,45,60,0.1,0.0,0.9,0.07714116357433579,0.07801023615236924,0,263,109
HM+ST,attack_flow,stockpile,45,60,0.0,0.0,1.0,0.04651105439547272,0.05119451025884521,0,263,109
HM+ST,attack_flow,stockpile,45,60,0.9,0.1,0.0,0.10870699451593832,0.11683849280334657,0,263,109
HM+ST,attack_flow,stockpile,45,60,0.8,0.1,0.1,0.1290239807099589,0.11652539474012562,0,263,109
HM+ST,attack_flow,stockpile,45,60,0.7,0.1,0.2,0.10987847129630497,0.11043263725580313,0,263,109
HM+ST,attack_flow,stockpile,45,60,0.6,0.1,0.3,0.1003233145017194,0.09764158382868846,0,263,109
HM+ST,attack_flow,stockpile,45,60,0.5,0.1,0.4,0.10076599070048947,0.09542062470099387,0,263,109
HM+ST,attack_flow,stockpile,45,60,0.4,0.1,0.5,0.0915761423707338,0.08949734745545804,0,263,109
HM+ST,attack_flow,stockpile,45,60,0.3,0.1,0.6,0.0877688802679935,0.08820770348857268,0,263,109
HM+ST,attack_flow,stockpile,45,60,0.2,0.1,0.7,0.09119666830851988,0.0863558822734486,0,263,109
HM+ST,attack_flow,stockpile,45,60,0.1,0.1,0.8,0.08885328517629579,0.08616152191660767,0,263,109
HM+ST,attack_flow,stockpile,45,60,0.0,0.1,0.9,0.08805556089310541,0.0899721951382507,0,263,109
HM+ST,attack_flow,stockpile,45,60,0.8,0.2,0.0,0.11214667437774646,0.1160731885563608,0,263,109
HM+ST,attack_flow,stockpile,45,60,0.7,0.2,0.1,0.11143584416972666,0.1136128804646835,0,263,109
HM+ST,attack_flow,stockpile,45,60,0.6,0.2,0.2,0.11180773809513923,0.10796932921645656,0,263,109
HM+ST,attack_flow,stockpile,45,60,0.5,0.2,0.3,0.09967386244061126,0.0991342425009775,0,263,109
HM+ST,attack_flow,stockpile,45,60,0.4,0.2,0.4,0.09993066791982291,0.09288700818604056,0,263,109
HM+ST,attack_flow,stockpile,45,60,0.3,0.2,0.5,0.09549538350614088,0.0893620602105685,0,263,109
HM+ST,attack_flow,stockpile,45,60,0.2,0.2,0.6,0.08724593568745849,0.08835833047272738,0,263,109
HM+ST,attack_flow,stockpile,45,60,0.1,0.2,0.7,0.08959728809036142,0.08959931074656255,0,263,109
HM+ST,attack_flow,stockpile,45,60,0.0,0.2,0.8,0.08971325920889822,0.0901594951407181,0,263,109
HM+ST,attack_flow,stockpile,45,60,0.7,0.3,0.0,0.11074261221224113,0.11375479301847206,0,263,109
HM+ST,attack_flow,stockpile,45,60,0.6,0.3,0.1,0.10705235489534222,0.11060226289842542,0,263,109
HM+ST,attack_flow,stockpile,45,60,0.5,0.3,0.2,0.10366657614943058,0.1036489076391062,0,263,109
HM+ST,attack_flow,stockpile,45,60,0.4,0.3,0.3,0.09861771545705385,0.09835348203334124,0,263,109
HM+ST,attack_flow,stockpile,45,60,0.3,0.3,0.4,0.08575589038513624,0.0912559057495524,0,263,109
HM+ST,attack_flow,stockpile,45,60,0.2,0.3,0.5,0.08602613090323373,0.08915462459466231,0,263,109
HM+ST,attack_flow,stockpile,45,60,0.1,0.3,0.6,0.08421912415808752,0.08870928383130385,0,263,109
HM+ST,attack_flow,stockpile,45,60,0.0,0.3,0.7,0.0872174120274496,0.09220401808235638,0,263,109
HM+ST,attack_flow,stockpile,45,60,0.6,0.4,0.0,0.10373453418068862,0.1102750829908679,0,263,109
HM+ST,attack_flow,stockpile,45,60,0.5,0.4,0.1,0.10711612938600454,0.10617169741871597,0,263,109
HM+ST,attack_flow,stockpile,45,60,0.4,0.4,0.2,0.10237081388536645,0.10130518736351486,0,263,109
HM+ST,attack_flow,stockpile,45,60,0.3,0.4,0.3,0.09414721935035272,0.10030641666512692,0,263,109
HM+ST,attack_flow,stockpile,45,60,0.2,0.4,0.4,0.08814009394994532,0.09404431885572954,0,263,109
HM+ST,attack_flow,stockpile,45,60,0.1,0.4,0.5,0.07756393760018641,0.09065788898799533,0,263,109
HM+ST,attack_flow,stockpile,45,60,0.0,0.4,0.6,0.08675610781898986,0.09447455513299202,0,263,109
HM+ST,attack_flow,stockpile,45,60,0.5,0.5,0.0,0.09712638818249086,0.10602235286575987,0,263,109
HM+ST,attack_flow,stockpile,45,60,0.4,0.5,0.1,0.09229377328153676,0.10247073179389524,0,263,109
HM+ST,attack_flow,stockpile,45,60,0.3,0.5,0.2,0.09252222855611884,0.1017362298035515,0,263,109
HM+ST,attack_flow,stockpile,45,60,0.2,0.5,0.3,0.08748634546156998,0.09890357135457367,0,263,109
HM+ST,attack_flow,stockpile,45,60,0.1,0.5,0.4,0.07986502004640758,0.09602109003607662,0,263,109
HM+ST,attack_flow,stockpile,45,60,0.0,0.5,0.5,0.0820092889182281,0.09458176252070385,0,263,109
HM+ST,attack_flow,stockpile,45,60,0.4,0.6,0.0,0.09067265589662878,0.09690392625118993,0,263,109
HM+ST,attack_flow,stockpile,45,60,0.3,0.6,0.1,0.08798514581539801,0.09397395348238202,0,263,109
HM+ST,attack_flow,stockpile,45,60,0.2,0.6,0.2,0.08611037872759214,0.09424525600402703,0,263,109
HM+ST,attack_flow,stockpile,45,60,0.1,0.6,0.3,0.07798186217376744,0.09142617784252689,0,263,109
HM+ST,attack_flow,stockpile,45,60,0.0,0.6,0.4,0.08216781817134534,0.09919380393304564,0,263,109
HM+ST,attack_flow,stockpile,45,60,0.3,0.7,0.0,0.06762982170019463,0.09354110776766324,0,263,109
HM+ST,attack_flow,stockpile,45,60,0.2,0.7,0.1,0.06122427259961598,0.0903870339590927,0,263,109
HM+ST,attack_flow,stockpile,45,60,0.1,0.7,0.2,0.0549034498752367,0.08924630470716848,0,263,109
HM+ST,attack_flow,stockpile,45,60,0.0,0.7,0.3,0.06459927762409001,0.09754359434925511,0,263,109
HM+ST,attack_flow,stockpile,45,60,0.2,0.8,0.0,0.06012746937663237,0.09379443425541133,0,263,109
HM+ST,attack_flow,stockpile,45,60,0.1,0.8,0.1,0.058541503402605735,0.09063157187811335,0,263,109
HM+ST,attack_flow,stockpile,45,60,0.0,0.8,0.2,0.048853776085814975,0.08907273903905474,0,263,109
HM+ST,attack_flow,stockpile,45,60,0.1,0.9,0.0,0.05792964147236942,0.09361074122067056,0,263,109
HM+ST,attack_flow,stockpile,45,60,0.0,0.9,0.1,0.03926853810446983,0.08806949532155874,0,263,109
HM+ST,attack_flow,stockpile,45,60,0.0,1.0,0.0,0.04390178036945552,0.09292537521432326,0,263,109
HM+ST,attack_flow,stockpile,45,80,1.0,0.0,0.0,0.14935949719207245,0.12909526090771803,0,263,109
HM+ST,attack_flow,stockpile,45,80,0.9,0.0,0.1,0.1241981725990265,0.11509643374842748,0,263,109
HM+ST,attack_flow,stockpile,45,80,0.8,0.0,0.2,0.10702576299404086,0.10960567846070787,0,263,109
HM+ST,attack_flow,stockpile,45,80,0.7,0.0,0.3,0.10278727692266816,0.10115319875389986,0,263,109
HM+ST,attack_flow,stockpile,45,80,0.6,0.0,0.4,0.10014440644170898,0.09390493175167733,0,263,109
HM+ST,attack_flow,stockpile,45,80,0.5,0.0,0.5,0.09437697220764216,0.09120188099446488,0,263,109
HM+ST,attack_flow,stockpile,45,80,0.4,0.0,0.6,0.09099497989967392,0.08901661566646062,0,263,109
HM+ST,attack_flow,stockpile,45,80,0.3,0.0,0.7,0.0848437026743112,0.08630116514142908,0,263,109
HM+ST,attack_flow,stockpile,45,80,0.2,0.0,0.8,0.08595560095415308,0.08512694015056109,0,263,109
HM+ST,attack_flow,stockpile,45,80,0.1,0.0,0.9,0.07714116357433579,0.07801023615236924,0,263,109
HM+ST,attack_flow,stockpile,45,80,0.0,0.0,1.0,0.04651105439547272,0.05119451025884521,0,263,109
HM+ST,attack_flow,stockpile,45,80,0.9,0.1,0.0,0.12761241768231,0.1194653081339796,0,263,109
HM+ST,attack_flow,stockpile,45,80,0.8,0.1,0.1,0.13027782020516282,0.11689755687676928,0,263,109
HM+ST,attack_flow,stockpile,45,80,0.7,0.1,0.2,0.11194705121284075,0.11391746125899616,0,263,109
HM+ST,attack_flow,stockpile,45,80,0.6,0.1,0.3,0.10371341145936254,0.09857378998602498,0,263,109
HM+ST,attack_flow,stockpile,45,80,0.5,0.1,0.4,0.10129083640569922,0.09435804604108042,0,263,109
HM+ST,attack_flow,stockpile,45,80,0.4,0.1,0.5,0.09308323448237059,0.09037575480542809,0,263,109
HM+ST,attack_flow,stockpile,45,80,0.3,0.1,0.6,0.09156752953123244,0.08913789540221398,0,263,109
HM+ST,attack_flow,stockpile,45,80,0.2,0.1,0.7,0.090834671994151,0.08811709784607123,0,263,109
HM+ST,attack_flow,stockpile,45,80,0.1,0.1,0.8,0.08698743699652904,0.08495360999498278,0,263,109
HM+ST,attack_flow,stockpile,45,80,0.0,0.1,0.9,0.07242455736288117,0.08569676813643023,0,263,109
HM+ST,attack_flow,stockpile,45,80,0.8,0.2,0.0,0.11442263120963672,0.11583945924746046,0,263,109
HM+ST,attack_flow,stockpile,45,80,0.7,0.2,0.1,0.13016177574346363,0.11641588434987664,0,263,109
HM+ST,attack_flow,stockpile,45,80,0.6,0.2,0.2,0.117075245438982,0.11209017602615926,0,263,109
HM+ST,attack_flow,stockpile,45,80,0.5,0.2,0.3,0.10379864145486799,0.10020229262757234,0,263,109
HM+ST,attack_flow,stockpile,45,80,0.4,0.2,0.4,0.10179912600586138,0.09411875733471152,0,263,109
HM+ST,attack_flow,stockpile,45,80,0.3,0.2,0.5,0.09662537950013796,0.09235680458419629,0,263,109
HM+ST,attack_flow,stockpile,45,80,0.2,0.2,0.6,0.0876550390759261,0.08844033078474083,0,263,109
HM+ST,attack_flow,stockpile,45,80,0.1,0.2,0.7,0.08876165793434085,0.09018357941374437,0,263,109
HM+ST,attack_flow,stockpile,45,80,0.0,0.2,0.8,0.07489035231667268,0.0887179591081469,0,263,109
HM+ST,attack_flow,stockpile,45,80,0.7,0.3,0.0,0.10846768280393665,0.11269337369403336,0,263,109
HM+ST,attack_flow,stockpile,45,80,0.6,0.3,0.1,0.11103152113563522,0.11026357060688749,0,263,109
HM+ST,attack_flow,stockpile,45,80,0.5,0.3,0.2,0.10764989020274157,0.10616060586601676,0,263,109
HM+ST,attack_flow,stockpile,45,80,0.4,0.3,0.3,0.1028717069432518,0.10262949311210068,0,263,109
HM+ST,attack_flow,stockpile,45,80,0.3,0.3,0.4,0.09242683963205327,0.09438165301067529,0,263,109
HM+ST,attack_flow,stockpile,45,80,0.2,0.3,0.5,0.09127259506090965,0.0917191984826721,0,263,109
HM+ST,attack_flow,stockpile,45,80,0.1,0.3,0.6,0.08280188661911898,0.09010056224031322,0,263,109
HM+ST,attack_flow,stockpile,45,80,0.0,0.3,0.7,0.07462046487911814,0.08784475168429393,0,263,109
HM+ST,attack_flow,stockpile,45,80,0.6,0.4,0.0,0.10847096978292452,0.11162559528298004,0,263,109
HM+ST,attack_flow,stockpile,45,80,0.5,0.4,0.1,0.1098226148373617,0.11123436037291241,0,263,109
HM+ST,attack_flow,stockpile,45,80,0.4,0.4,0.2,0.10922036597494664,0.10531691119382454,0,263,109
HM+ST,attack_flow,stockpile,45,80,0.3,0.4,0.3,0.09783645956224306,0.10415620350831192,0,263,109
HM+ST,attack_flow,stockpile,45,80,0.2,0.4,0.4,0.09133193785363265,0.09702109998129112,0,263,109
HM+ST,attack_flow,stockpile,45,80,0.1,0.4,0.5,0.08580256275474986,0.09233683879021246,0,263,109
HM+ST,attack_flow,stockpile,45,80,0.0,0.4,0.6,0.07484313583219661,0.09057469429094558,0,263,109
HM+ST,attack_flow,stockpile,45,80,0.5,0.5,0.0,0.10498600510921252,0.11007846852969923,0,263,109
HM+ST,attack_flow,stockpile,45,80,0.4,0.5,0.1,0.10653801197428311,0.10976412034684939,0,263,109
HM+ST,attack_flow,stockpile,45,80,0.3,0.5,0.2,0.10133317507654949,0.10695684350621368,0,263,109
HM+ST,attack_flow,stockpile,45,80,0.2,0.5,0.3,0.09173086241196647,0.1037126731933224,0,263,109
HM+ST,attack_flow,stockpile,45,80,0.1,0.5,0.4,0.0877580986989815,0.09970148356644454,0,263,109
HM+ST,attack_flow,stockpile,45,80,0.0,0.5,0.5,0.0753885547217099,0.09396714891607891,0,263,109
HM+ST,attack_flow,stockpile,45,80,0.4,0.6,0.0,0.09382003128258531,0.10761383980093979,0,263,109
HM+ST,attack_flow,stockpile,45,80,0.3,0.6,0.1,0.10075733414554765,0.10753181017113908,0,263,109
HM+ST,attack_flow,stockpile,45,80,0.2,0.6,0.2,0.07004908840781986,0.1034579997913669,0,263,109
HM+ST,attack_flow,stockpile,45,80,0.1,0.6,0.3,0.06778607237765856,0.10057976897817844,0,263,109
HM+ST,attack_flow,stockpile,45,80,0.0,0.6,0.4,0.07937020632302472,0.09976386199446688,0,263,109
HM+ST,attack_flow,stockpile,45,80,0.3,0.7,0.0,0.07142880943751043,0.09867622969138838,0,263,109
HM+ST,attack_flow,stockpile,45,80,0.2,0.7,0.1,0.07431622797458969,0.09850418995866156,0,263,109
HM+ST,attack_flow,stockpile,45,80,0.1,0.7,0.2,0.06976282256627718,0.095029328380163,0,263,109
HM+ST,attack_flow,stockpile,45,80,0.0,0.7,0.3,0.07408446494696726,0.09929563833706273,0,263,109
HM+ST,attack_flow,stockpile,45,80,0.2,0.8,0.0,0.06794235173482198,0.09812347261027296,0,263,109
HM+ST,attack_flow,stockpile,45,80,0.1,0.8,0.1,0.06679337013867112,0.09696905463705574,0,263,109
HM+ST,attack_flow,stockpile,45,80,0.0,0.8,0.2,0.06881114665313316,0.09550988210845313,0,263,109
HM+ST,attack_flow,stockpile,45,80,0.1,0.9,0.0,0.0667679627232102,0.09980604491264788,0,263,109
HM+ST,attack_flow,stockpile,45,80,0.0,0.9,0.1,0.062393245584331014,0.09724631114537427,0,263,109
HM+ST,attack_flow,stockpile,45,80,0.0,1.0,0.0,0.06040732413919746,0.1009233139126117,0,263,109
HM+ST,attack_flow,stockpile,46,100,1.0,0.0,0.0,0.16107131525788845,0.12909526090771803,0,263,109
HM+ST,attack_flow,stockpile,46,100,0.9,0.0,0.1,0.14023077532571826,0.11509643374842748,0,263,109
HM+ST,attack_flow,stockpile,46,100,0.8,0.0,0.2,0.13203213165144195,0.10960567846070787,0,263,109
HM+ST,attack_flow,stockpile,46,100,0.7,0.0,0.3,0.12617044951879586,0.10115319875389986,0,263,109
HM+ST,attack_flow,stockpile,46,100,0.6,0.0,0.4,0.09917803915589482,0.09390493175167733,0,263,109
HM+ST,attack_flow,stockpile,46,100,0.5,0.0,0.5,0.0957522005994816,0.09120188099446488,0,263,109
HM+ST,attack_flow,stockpile,46,100,0.4,0.0,0.6,0.08950391800353413,0.08901661566646062,0,263,109
HM+ST,attack_flow,stockpile,46,100,0.3,0.0,0.7,0.08337225368078094,0.08630116514142908,0,263,109
HM+ST,attack_flow,stockpile,46,100,0.2,0.0,0.8,0.08271192452319412,0.08512694015056109,0,263,109
HM+ST,attack_flow,stockpile,46,100,0.1,0.0,0.9,0.07389748714337682,0.07801023615236924,0,263,109
HM+ST,attack_flow,stockpile,46,100,0.0,0.0,1.0,0.04651105439547272,0.05119451025884521,0,263,109
HM+ST,attack_flow,stockpile,46,100,0.9,0.1,0.0,0.14390887143962797,0.11917655819814574,0,263,109
HM+ST,attack_flow,stockpile,46,100,0.8,0.1,0.1,0.1432254717409389,0.11799598809894052,0,263,109
HM+ST,attack_flow,stockpile,46,100,0.7,0.1,0.2,0.13288027232092567,0.11416518315414648,0,263,109
HM+ST,attack_flow,stockpile,46,100,0.6,0.1,0.3,0.10749971816711835,0.10034232915282588,0,263,109
HM+ST,attack_flow,stockpile,46,100,0.5,0.1,0.4,0.09945795711578026,0.09557004669012578,0,263,109
HM+ST,attack_flow,stockpile,46,100,0.4,0.1,0.5,0.09145050441669768,0.09066433917444915,0,263,109
HM+ST,attack_flow,stockpile,46,100,0.3,0.1,0.6,0.08889878234712707,0.0897992472370703,0,263,109
HM+ST,attack_flow,stockpile,46,100,0.2,0.1,0.7,0.08634762183797887,0.08894704376819179,0,263,109
HM+ST,attack_flow,stockpile,46,100,0.1,0.1,0.8,0.0830402876494974,0.08577391139326328,0,263,109
HM+ST,attack_flow,stockpile,46,100,0.0,0.1,0.9,0.06832152828840973,0.08494787415361102,0,263,109
HM+ST,attack_flow,stockpile,46,100,0.8,0.2,0.0,0.14051553689083507,0.11950173139179857,0,263,109
HM+ST,attack_flow,stockpile,46,100,0.7,0.2,0.1,0.13961477751031434,0.11876505647555605,0,263,109
HM+ST,attack_flow,stockpile,46,100,0.6,0.2,0.2,0.13406714554103175,0.1129766141247828,0,263,109
HM+ST,attack_flow,stockpile,46,100,0.5,0.2,0.3,0.10626765912080599,0.10280075481295407,0,263,109
HM+ST,attack_flow,stockpile,46,100,0.4,0.2,0.4,0.09996310327725227,0.09596169077491844,0,263,109
HM+ST,attack_flow,stockpile,46,100,0.3,0.2,0.5,0.09273473198273871,0.09357668713250936,0,263,109
HM+ST,attack_flow,stockpile,46,100,0.2,0.2,0.6,0.08561327770059275,0.09046005909054969,0,263,109
HM+ST,attack_flow,stockpile,46,100,0.1,0.2,0.7,0.08459715269747142,0.0898092303600631,0,263,109
HM+ST,attack_flow,stockpile,46,100,0.0,0.2,0.8,0.06620153143298266,0.08610319945651032,0,263,109
HM+ST,attack_flow,stockpile,46,100,0.7,0.3,0.0,0.14641492552868943,0.11932237865335268,0,263,109
HM+ST,attack_flow,stockpile,46,100,0.6,0.3,0.1,0.13370375213711128,0.11750825083133756,0,263,109
HM+ST,attack_flow,stockpile,46,100,0.5,0.3,0.2,0.12741194484866883,0.11181694844834558,0,263,109
HM+ST,attack_flow,stockpile,46,100,0.4,0.3,0.3,0.11112355147851559,0.10789717963559724,0,263,109
HM+ST,attack_flow,stockpile,46,100,0.3,0.3,0.4,0.0950198599749372,0.09717084033719214,0,263,109
HM+ST,attack_flow,stockpile,46,100,0.2,0.3,0.5,0.0874527678652681,0.09236411384481721,0,263,109
HM+ST,attack_flow,stockpile,46,100,0.1,0.3,0.6,0.08387355674881167,0.09112365215072056,0,263,109
HM+ST,attack_flow,stockpile,46,100,0.0,0.3,0.7,0.06620153143298266,0.08788698170583452,0,263,109
HM+ST,attack_flow,stockpile,46,100,0.6,0.4,0.0,0.13702766455798082,0.11784895583676405,0,263,109
HM+ST,attack_flow,stockpile,46,100,0.5,0.4,0.1,0.13207307508678104,0.11820418213491002,0,263,109
HM+ST,attack_flow,stockpile,46,100,0.4,0.4,0.2,0.11799047320858695,0.11076487597319931,0,263,109
HM+ST,attack_flow,stockpile,46,100,0.3,0.4,0.3,0.10170482414965216,0.10705898352036047,0,263,109
HM+ST,attack_flow,stockpile,46,100,0.2,0.4,0.4,0.09497340428335577,0.09872761390578906,0,263,109
HM+ST,attack_flow,stockpile,46,100,0.1,0.4,0.5,0.08486197835433613,0.0960371399718695,0,263,109
HM+ST,attack_flow,stockpile,46,100,0.0,0.4,0.6,0.06987937693345206,0.09179263389206554,0,263,109
HM+ST,attack_flow,stockpile,46,100,0.5,0.5,0.0,0.130550296689155,0.11783874043858875,0,263,109
HM+ST,attack_flow,stockpile,46,100,0.4,0.5,0.1,0.12407171000957534,0.11777123845695721,0,263,109
HM+ST,attack_flow,stockpile,46,100,0.3,0.5,0.2,0.10435411861170786,0.11030296876639671,0,263,109
HM+ST,attack_flow,stockpile,46,100,0.2,0.5,0.3,0.09907681178881458,0.10842153333964547,0,263,109
HM+ST,attack_flow,stockpile,46,100,0.1,0.5,0.4,0.08878776537062108,0.10408789321651819,0,263,109
HM+ST,attack_flow,stockpile,46,100,0.0,0.5,0.5,0.08045274842079955,0.09761907134247298,0,263,109
HM+ST,attack_flow,stockpile,46,100,0.4,0.6,0.0,0.11955941065103814,0.1124335243407846,0,263,109
HM+ST,attack_flow,stockpile,46,100,0.3,0.6,0.1,0.11775905806951066,0.11182999381849945,0,263,109
HM+ST,attack_flow,stockpile,46,100,0.2,0.6,0.2,0.1022856363335069,0.11002373547525605,0,263,109
HM+ST,attack_flow,stockpile,46,100,0.1,0.6,0.3,0.09776295711830668,0.10714982088701068,0,263,109
HM+ST,attack_flow,stockpile,46,100,0.0,0.6,0.4,0.08409189173802947,0.10361408469179681,0,263,109
HM+ST,attack_flow,stockpile,46,100,0.3,0.7,0.0,0.07380502940131951,0.10675515152230106,0,263,109
HM+ST,attack_flow,stockpile,46,100,0.2,0.7,0.1,0.07618815556915672,0.10221827708169433,0,263,109
HM+ST,attack_flow,stockpile,46,100,0.1,0.7,0.2,0.07552400486154154,0.1017178947057106,0,263,109
HM+ST,attack_flow,stockpile,46,100,0.0,0.7,0.3,0.08267154029714162,0.10691180429826978,0,263,109
HM+ST,attack_flow,stockpile,46,100,0.2,0.8,0.0,0.07070238986445469,0.10541064309925996,0,263,109
HM+ST,attack_flow,stockpile,46,100,0.1,0.8,0.1,0.0757941956845442,0.10270158951058625,0,263,109
HM+ST,attack_flow,stockpile,46,100,0.0,0.8,0.2,0.0711685211622944,0.10420946093274261,0,263,109
HM+ST,attack_flow,stockpile,46,100,0.1,0.9,0.0,0.07029252127970703,0.10756346016516563,0,263,109
HM+ST,attack_flow,stockpile,46,100,0.0,0.9,0.1,0.0670447735053955,0.10307957697637468,0,263,109
HM+ST,attack_flow,stockpile,46,100,0.0,1.0,0.0,0.06611443714287837,0.10499041443912278,0,263,109
HM+ST,attack_flow,stockpile,46,20,1.0,0.0,0.0,0.16107131525788845,0.12909526090771803,1,263,109
HM+ST,attack_flow,stockpile,46,20,0.9,0.0,0.1,0.14023077532571826,0.11509643374842748,0,263,109
HM+ST,attack_flow,stockpile,46,20,0.8,0.0,0.2,0.13203213165144195,0.10960567846070787,0,263,109
HM+ST,attack_flow,stockpile,46,20,0.7,0.0,0.3,0.12617044951879586,0.10115319875389986,0,263,109
HM+ST,attack_flow,stockpile,46,20,0.6,0.0,0.4,0.09917803915589482,0.09390493175167733,0,263,109
HM+ST,attack_flow,stockpile,46,20,0.5,0.0,0.5,0.0957522005994816,0.09120188099446488,0,263,109
HM+ST,attack_flow,stockpile,46,20,0.4,0.0,0.6,0.08950391800353413,0.08901661566646062,0,263,109
HM+ST,attack_flow,stockpile,46,20,0.3,0.0,0.7,0.08337225368078094,0.08630116514142908,0,263,109
HM+ST,attack_flow,stockpile,46,20,0.2,0.0,0.8,0.08271192452319412,0.08512694015056109,0,263,109
HM+ST,attack_flow,stockpile,46,20,0.1,0.0,0.9,0.07389748714337682,0.07801023615236924,0,263,109
HM+ST,attack_flow,stockpile,46,20,0.0,0.0,1.0,0.04651105439547272,0.05119451025884521,0,263,109
HM+ST,attack_flow,stockpile,46,20,0.9,0.1,0.0,0.14139940461397582,0.11534710805836265,0,263,109
HM+ST,attack_flow,stockpile,46,20,0.8,0.1,0.1,0.14048121290546747,0.11395010759492978,0,263,109
HM+ST,attack_flow,stockpile,46,20,0.7,0.1,0.2,0.13798051950592477,0.10818184105421476,0,263,109
HM+ST,attack_flow,stockpile,46,20,0.6,0.1,0.3,0.10427446013295429,0.0966445609869179,0,263,109
HM+ST,attack_flow,stockpile,46,20,0.5,0.1,0.4,0.09766601129559807,0.09422345912275494,0,263,109
HM+ST,attack_flow,stockpile,46,20,0.4,0.1,0.5,0.08657264651706145,0.08787719438012578,0,263,109
HM+ST,attack_flow,stockpile,46,20,0.3,0.1,0.6,0.08604465563744747,0.08550765009865713,0,263,109
HM+ST,attack_flow,stockpile,46,20,0.2,0.1,0.7,0.07963662051510635,0.08552159400874461,0,263,109
HM+ST,attack_flow,stockpile,46,20,0.1,0.1,0.8,0.07911816010758889,0.08466175870169754,0,263,109
HM+ST,attack_flow,stockpile,46,20,0.0,0.1,0.9,0.09211395978744392,0.08536963989828626,0,263,109
HM+ST,attack_flow,stockpile,46,20,0.8,0.2,0.0,0.14175702828287243,0.11247259736143349,0,263,109
HM+ST,attack_flow,stockpile,46,20,0.7,0.2,0.1,0.14143448590562063,0.10933718100887029,0,263,109
HM+ST,attack_flow,stockpile,46,20,0.6,0.2,0.2,0.12321769886752211,0.10442647595122703,0,263,109
HM+ST,attack_flow,stockpile,46,20,0.5,0.2,0.3,0.10564695035656718,0.09664260094450094,0,263,109
HM+ST,attack_flow,stockpile,46,20,0.4,0.2,0.4,0.09524508921417316,0.0915368398044912,0,263,109
HM+ST,attack_flow,stockpile,46,20,0.3,0.2,0.5,0.0745926822813431,0.08659920015112132,0,263,109
HM+ST,attack_flow,stockpile,46,20,0.2,0.2,0.6,0.0713256889869762,0.08371686471386033,0,263,109
HM+ST,attack_flow,stockpile,46,20,0.1,0.2,0.7,0.08009095477291878,0.08453201388073571,0,263,109
HM+ST,attack_flow,stockpile,46,20,0.0,0.2,0.8,0.09842711367613864,0.08850708127971832,0,263,109
HM+ST,attack_flow,stockpile,46,20,0.7,0.3,0.0,0.13773656621662292,0.10837239173017973,0,263,109
HM+ST,attack_flow,stockpile,46,20,0.6,0.3,0.1,0.1357592967993487,0.10549263838926885,0,263,109
HM+ST,attack_flow,stockpile,46,20,0.5,0.3,0.2,0.08995019795885623,0.09706662619634103,0,263,109
HM+ST,attack_flow,stockpile,46,20,0.4,0.3,0.3,0.08150230149125323,0.09268188648677504,0,263,109
HM+ST,attack_flow,stockpile,46,20,0.3,0.3,0.4,0.07467336132333581,0.0905471530592842,0,263,109
HM+ST,attack_flow,stockpile,46,20,0.2,0.3,0.5,0.07235271976783128,0.08671474463099335,0,263,109
HM+ST,attack_flow,stockpile,46,20,0.1,0.3,0.6,0.08933826876533975,0.08612646895999326,0,263,109
HM+ST,attack_flow,stockpile,46,20,0.0,0.3,0.7,0.0912178825429205,0.08829915082001032,0,263,109
HM+ST,attack_flow,stockpile,46,20,0.6,0.4,0.0,0.11543413042513978,0.09994928732413949,0,263,109
HM+ST,attack_flow,stockpile,46,20,0.5,0.4,0.1,0.09177246159990811,0.09710075549407526,0,263,109
HM+ST,attack_flow,stockpile,46,20,0.4,0.4,0.2,0.07783125514400452,0.09588419989021045,0,263,109
HM+ST,attack_flow,stockpile,46,20,0.3,0.4,0.3,0.0777032066304748,0.09232533960626933,0,263,109
HM+ST,attack_flow,stockpile,46,20,0.2,0.4,0.4,0.07343718856144468,0.08719000633789599,0,263,109
HM+ST,attack_flow,stockpile,46,20,0.1,0.4,0.5,0.084744388647704,0.08433795673661301,0,263,109
HM+ST,attack_flow,stockpile,46,20,0.0,0.4,0.6,0.09022678117437961,0.08882362011314755,0,263,109
HM+ST,attack_flow,stockpile,46,20,0.5,0.5,0.0,0.07273357133880382,0.08819575163873514,0,263,109
HM+ST,attack_flow,stockpile,46,20,0.4,0.5,0.1,0.06518805709688581,0.08885457806342408,0,263,109
HM+ST,attack_flow,stockpile,46,20,0.3,0.5,0.2,0.08003644330211467,0.0937502011242093,0,263,109
HM+ST,attack_flow,stockpile,46,20,0.2,0.5,0.3,0.07232397070334597,0.09028349188830039,0,263,109
HM+ST,attack_flow,stockpile,46,20,0.1,0.5,0.4,0.05899262126558359,0.07907911949816435,0,263,109
HM+ST,attack_flow,stockpile,46,20,0.0,0.5,0.5,0.08329190049568931,0.08798283705340955,0,263,109
HM+ST,attack_flow,stockpile,46,20,0.4,0.6,0.0,0.06713364425347923,0.0911491621679181,0,263,109
HM+ST,attack_flow,stockpile,46,20,0.3,0.6,0.1,0.0667395190115344,0.08941647254242169,0,263,109
HM+ST,attack_flow,stockpile,46,20,0.2,0.6,0.2,0.05508943733170968,0.08435646018317342,0,263,109
HM+ST,attack_flow,stockpile,46,20,0.1,0.6,0.3,0.04008444257057807,0.08100816698584606,0,263,109
HM+ST,attack_flow,stockpile,46,20,0.0,0.6,0.4,0.07557772948539203,0.08870377384588432,0,263,109
HM+ST,attack_flow,stockpile,46,20,0.3,0.7,0.0,0.07769675167287879,0.09496398511186688,0,263,109
HM+ST,attack_flow,stockpile,46,20,0.2,0.7,0.1,0.05132400089004479,0.08813884411642482,0,263,109
HM+ST,attack_flow,stockpile,46,20,0.1,0.7,0.2,0.04061610573693261,0.08760851168503506,0,263,109
HM+ST,attack_flow,stockpile,46,20,0.0,0.7,0.3,0.06617644404635925,0.09015061844423274,0,263,109
HM+ST,attack_flow,stockpile,46,20,0.2,0.8,0.0,0.07691964644409574,0.09365981128702702,0,263,109
HM+ST,attack_flow,stockpile,46,20,0.1,0.8,0.1,0.05815402477487024,0.08805314963200647,0,263,109
HM+ST,attack_flow,stockpile,46,20,0.0,0.8,0.2,0.042263311481433904,0.08663119187636528,0,263,109
HM+ST,attack_flow,stockpile,46,20,0.1,0.9,0.0,0.06560352370891341,0.09126296822894123,0,263,109
HM+ST,attack_flow,stockpile,46,20,0.0,0.9,0.1,0.0390037385598272,0.08633744929350531,0,263,109
HM+ST,attack_flow,stockpile,46,20,0.0,1.0,0.0,0.0587533850136598,0.09340009972249218,0,263,109
HM+ST,attack_flow,stockpile,46,40,1.0,0.0,0.0,0.16107131525788845,0.12909526090771803,0,263,109
HM+ST,attack_flow,stockpile,46,40,0.9,0.0,0.1,0.14023077532571826,0.11509643374842748,0,263,109
HM+ST,attack_flow,stockpile,46,40,0.8,0.0,0.2,0.13203213165144195,0.10960567846070787,0,263,109
HM+ST,attack_flow,stockpile,46,40,0.7,0.0,0.3,0.12617044951879586,0.10115319875389986,0,263,109
HM+ST,attack_flow,stockpile,46,40,0.6,0.0,0.4,0.09917803915589482,0.09390493175167733,0,263,109
HM+ST,attack_flow,stockpile,46,40,0.5,0.0,0.5,0.0957522005994816,0.09120188099446488,0,263,109
HM+ST,attack_flow,stockpile,46,40,0.4,0.0,0.6,0.08950391800353413,0.08901661566646062,0,263,109
HM+ST,attack_flow,stockpile,46,40,0.3,0.0,0.7,0.08337225368078094,0.08630116514142908,0,263,109
HM+ST,attack_flow,stockpile,46,40,0.2,0.0,0.8,0.08271192452319412,0.08512694015056109,0,263,109
HM+ST,attack_flow,stockpile,46,40,0.1,0.0,0.9,0.07389748714337682,0.07801023615236924,0,263,109
HM+ST,attack_flow,stockpile,46,40,0.0,0.0,1.0,0.04651105439547272,0.05119451025884521,0,263,109
HM+ST,attack_flow,stockpile,46,40,0.9,0.1,0.0,0.1346294160244795,0.11634609433431713,0,263,109
HM+ST,attack_flow,stockpile,46,40,0.8,0.1,0.1,0.14076452621697655,0.11525613180148189,0,263,109
HM+ST,attack_flow,stockpile,46,40,0.7,0.1,0.2,0.13244035072016822,0.11008071047802201,0,263,109
HM+ST,attack_flow,stockpile,46,40,0.6,0.1,0.3,0.10377274371535658,0.09759759179589508,0,263,109
HM+ST,attack_flow,stockpile,46,40,0.5,0.1,0.4,0.09847365244094668,0.09498373437054086,0,263,109
HM+ST,attack_flow,stockpile,46,40,0.4,0.1,0.5,0.08555308418006809,0.08931843516236926,0,263,109
HM+ST,attack_flow,stockpile,46,40,0.3,0.1,0.6,0.0836201481092324,0.08635828294931273,0,263,109
HM+ST,attack_flow,stockpile,46,40,0.2,0.1,0.7,0.07729845871267924,0.0855511927280849,0,263,109
HM+ST,attack_flow,stockpile,46,40,0.1,0.1,0.8,0.08231883687832545,0.08774465911310717,0,263,109
HM+ST,attack_flow,stockpile,46,40,0.0,0.1,0.9,0.10785548192660352,0.09353832625321387,0,263,109
HM+ST,attack_flow,stockpile,46,40,0.8,0.2,0.0,0.14186566461127328,0.11597439819251001,0,263,109
HM+ST,attack_flow,stockpile,46,40,0.7,0.2,0.1,0.13522646015142414,0.11356540165727742,0,263,109
HM+ST,attack_flow,stockpile,46,40,0.6,0.2,0.2,0.12692961692683016,0.1064265414655162,0,263,109
HM+ST,attack_flow,stockpile,46,40,0.5,0.2,0.3,0.10573436415083225,0.09855379489784907,0,263,109
HM+ST,attack_flow,stockpile,46,40,0.4,0.2,0.4,0.0921676044634172,0.09217394885698157,0,263,109
HM+ST,attack_flow,stockpile,46,40,0.3,0.2,0.5,0.08622172819746804,0.08880929771640514,0,263,109
HM+ST,attack_flow,stockpile,46,40,0.2,0.2,0.6,0.07548537057992363,0.08779067993074002,0,263,109
HM+ST,attack_flow,stockpile,46,40,0.1,0.2,0.7,0.07828283520589224,0.08733090578867744,0,263,109
HM+ST,attack_flow,stockpile,46,40,0.0,0.2,0.8,0.10752158933169642,0.09682593934466589,0,263,109
HM+ST,attack_flow,stockpile,46,40,0.7,0.3,0.0,0.14147674193594106,0.11473086636400083,0,263,109
HM+ST,attack_flow,stockpile,46,40,0.6,0.3,0.1,0.12994864293491362,0.10962166994525088,0,263,109
HM+ST,attack_flow,stockpile,46,40,0.5,0.3,0.2,0.10099595077467942,0.1004042540660881,0,263,109
HM+ST,attack_flow,stockpile,46,40,0.4,0.3,0.3,0.0980586542439129,0.0982923201455139,0,263,109
HM+ST,attack_flow,stockpile,46,40,0.3,0.3,0.4,0.08349713548208494,0.09344222485423102,0,263,109
HM+ST,attack_flow,stockpile,46,40,0.2,0.3,0.5,0.07781028382910204,0.08827206097615606,0,263,109
HM+ST,attack_flow,stockpile,46,40,0.1,0.3,0.6,0.07630427262238945,0.08596627978409488,0,263,109
HM+ST,attack_flow,stockpile,46,40,0.0,0.3,0.7,0.10922243595306531,0.09621225716315158,0,263,109
HM+ST,attack_flow,stockpile,46,40,0.6,0.4,0.0,0.11968171218281379,0.10576282106911009,0,263,109
HM+ST,attack_flow,stockpile,46,40,0.5,0.4,0.1,0.12058718660443433,0.10314843907176086,0,263,109
HM+ST,attack_flow,stockpile,46,40,0.4,0.4,0.2,0.08847301373343734,0.10067336337822355,0,263,109
HM+ST,attack_flow,stockpile,46,40,0.3,0.4,0.3,0.08834865404016513,0.09757344898027877,0,263,109
HM+ST,attack_flow,stockpile,46,40,0.2,0.4,0.4,0.07546256391393735,0.09088504960899234,0,263,109
HM+ST,attack_flow,stockpile,46,40,0.1,0.4,0.5,0.07875174484725046,0.08874621902765725,0,263,109
HM+ST,attack_flow,stockpile,46,40,0.0,0.4,0.6,0.10753709352389927,0.09589638468428005,0,263,109
HM+ST,attack_flow,stockpile,46,40,0.5,0.5,0.0,0.11214041519344811,0.10014930579417751,0,263,109
HM+ST,attack_flow,stockpile,46,40,0.4,0.5,0.1,0.09076029382762707,0.09925042588520964,0,263,109
HM+ST,attack_flow,stockpile,46,40,0.3,0.5,0.2,0.0815982554725095,0.09924699225107828,0,263,109
HM+ST,attack_flow,stockpile,46,40,0.2,0.5,0.3,0.07797589165865405,0.09599865836560892,0,263,109
HM+ST,attack_flow,stockpile,46,40,0.1,0.5,0.4,0.07955121552180337,0.09075906987244003,0,263,109
HM+ST,attack_flow,stockpile,46,40,0.0,0.5,0.5,0.10016438698992285,0.09419183361802705,0,263,109
HM+ST,attack_flow,stockpile,46,40,0.4,0.6,0.0,0.09221729405855453,0.09460459431376436,0,263,109
HM+ST,attack_flow,stockpile,46,40,0.3,0.6,0.1,0.06043825087400359,0.08847469838357438,0,263,109
HM+ST,attack_flow,stockpile,46,40,0.2,0.6,0.2,0.05962730613357948,0.0864227153580426,0,263,109
HM+ST,attack_flow,stockpile,46,40,0.1,0.6,0.3,0.0582481068113832,0.08642626790662242,0,263,109
HM+ST,attack_flow,stockpile,46,40,0.0,0.6,0.4,0.10083138957250223,0.09832913555043159,0,263,109
HM+ST,attack_flow,stockpile,46,40,0.3,0.7,0.0,0.07304405344349936,0.09526557985010313,0,263,109
HM+ST,attack_flow,stockpile,46,40,0.2,0.7,0.1,0.06302543487373352,0.09088447691910988,0,263,109
HM+ST,attack_flow,stockpile,46,40,0.1,0.7,0.2,0.05670231377752774,0.08558850023118997,0,263,109
HM+ST,attack_flow,stockpile,46,40,0.0,0.7,0.3,0.08430004490351432,0.09498004415041564,0,263,109
HM+ST,attack_flow,stockpile,46,40,0.2,0.8,0.0,0.061040166496763255,0.09288745420161201,0,263,109
HM+ST,attack_flow,stockpile,46,40,0.1,0.8,0.1,0.0608352134769867,0.09118550165237517,0,263,109
HM+ST,attack_flow,stockpile,46,40,0.0,0.8,0.2,0.060683607496639494,0.09133421848513062,0,263,109
HM+ST,attack_flow,stockpile,46,40,0.1,0.9,0.0,0.06551850550760534,0.09394938442326677,0,263,109
HM+ST,attack_flow,stockpile,46,40,0.0,0.9,0.1,0.05197630339443932,0.09332834869576995,0,263,109
HM+ST,attack_flow,stockpile,46,40,0.0,1.0,0.0,0.05799252360334416,0.0960989589544065,0,263,109
HM+ST,attack_flow,stockpile,46,60,1.0,0.0,0.0,0.16107131525788845,0.12909526090771803,0,263,109
HM+ST,attack_flow,stockpile,46,60,0.9,0.0,0.1,0.14023077532571826,0.11509643374842748,0,263,109
HM+ST,attack_flow,stockpile,46,60,0.8,0.0,0.2,0.13203213165144195,0.10960567846070787,0,263,109
HM+ST,attack_flow,stockpile,46,60,0.7,0.0,0.3,0.12617044951879586,0.10115319875389986,0,263,109
HM+ST,attack_flow,stockpile,46,60,0.6,0.0,0.4,0.09917803915589482,0.09390493175167733,0,263,109
HM+ST,attack_flow,stockpile,46,60,0.5,0.0,0.5,0.0957522005994816,0.09120188099446488,0,263,109
HM+ST,attack_flow,stockpile,46,60,0.4,0.0,0.6,0.08950391800353413,0.08901661566646062,0,263,109
HM+ST,attack_flow,stockpile,46,60,0.3,0.0,0.7,0.08337225368078094,0.08630116514142908,0,263,109
HM+ST,attack_flow,stockpile,46,60,0.2,0.0,0.8,0.08271192452319412,0.08512694015056109,0,263,109
HM+ST,attack_flow,stockpile,46,60,0.1,0.0,0.9,0.07389748714337682,0.07801023615236924,0,263,109
HM+ST,attack_flow,stockpile,46,60,0.0,0.0,1.0,0.04651105439547272,0.05119451025884521,0,263,109
HM+ST,attack_flow,stockpile,46,60,0.9,0.1,0.0,0.14109352369028463,0.11683849280334657,0,263,109
HM+ST,attack_flow,stockpile,46,60,0.8,0.1,0.1,0.1426163357725905,0.11652539474012562,0,263,109
HM+ST,attack_flow,stockpile,46,60,0.7,0.1,0.2,0.13304542735394415,0.11043263725580313,0,263,109
HM+ST,attack_flow,stockpile,46,60,0.6,0.1,0.3,0.10744411151394725,0.09764158382868846,0,263,109
HM+ST,attack_flow,stockpile,46,60,0.5,0.1,0.4,0.10045110022666139,0.09542062470099387,0,263,109
HM+ST,attack_flow,stockpile,46,60,0.4,0.1,0.5,0.08831984555071741,0.08949734745545804,0,263,109
HM+ST,attack_flow,stockpile,46,60,0.3,0.1,0.6,0.08690611396003944,0.08820770348857268,0,263,109
HM+ST,attack_flow,stockpile,46,60,0.2,0.1,0.7,0.08058733615498141,0.0863558822734486,0,263,109
HM+ST,attack_flow,stockpile,46,60,0.1,0.1,0.8,0.08708914989519415,0.08616152191660767,0,263,109
HM+ST,attack_flow,stockpile,46,60,0.0,0.1,0.9,0.0734242826754343,0.0899721951382507,0,263,109
HM+ST,attack_flow,stockpile,46,60,0.8,0.2,0.0,0.14454446263881598,0.1160731885563608,0,263,109
HM+ST,attack_flow,stockpile,46,60,0.7,0.2,0.1,0.14333970497420262,0.1136128804646835,0,263,109
HM+ST,attack_flow,stockpile,46,60,0.6,0.2,0.2,0.12819545643621544,0.10796932921645656,0,263,109
HM+ST,attack_flow,stockpile,46,60,0.5,0.2,0.3,0.10436365635863616,0.0991342425009775,0,263,109
HM+ST,attack_flow,stockpile,46,60,0.4,0.2,0.4,0.09521055640784194,0.09288700818604056,0,263,109
HM+ST,attack_flow,stockpile,46,60,0.3,0.2,0.5,0.08013643637551926,0.0893620602105685,0,263,109
HM+ST,attack_flow,stockpile,46,60,0.2,0.2,0.6,0.08465189285067112,0.08835833047272738,0,263,109
HM+ST,attack_flow,stockpile,46,60,0.1,0.2,0.7,0.08696426670330965,0.08959931074656255,0,263,109
HM+ST,attack_flow,stockpile,46,60,0.0,0.2,0.8,0.07478987398741985,0.0901594951407181,0,263,109
HM+ST,attack_flow,stockpile,46,60,0.7,0.3,0.0,0.14048649568847674,0.11375479301847206,0,263,109
HM+ST,attack_flow,stockpile,46,60,0.6,0.3,0.1,0.13160562721708363,0.11060226289842542,0,263,109
HM+ST,attack_flow,stockpile,46,60,0.5,0.3,0.2,0.11825499463539403,0.1036489076391062,0,263,109
HM+ST,attack_flow,stockpile,46,60,0.4,0.3,0.3,0.10321790213992464,0.09835348203334124,0,263,109
HM+ST,attack_flow,stockpile,46,60,0.3,0.3,0.4,0.09093140420747244,0.0912559057495524,0,263,109
HM+ST,attack_flow,stockpile,46,60,0.2,0.3,0.5,0.08414632831346178,0.08915462459466231,0,263,109
HM+ST,attack_flow,stockpile,46,60,0.1,0.3,0.6,0.08167182522980376,0.08870928383130385,0,263,109
HM+ST,attack_flow,stockpile,46,60,0.0,0.3,0.7,0.06977659181480901,0.09220401808235638,0,263,109
HM+ST,attack_flow,stockpile,46,60,0.6,0.4,0.0,0.12781914413518236,0.1102750829908679,0,263,109
HM+ST,attack_flow,stockpile,46,60,0.5,0.4,0.1,0.12101915234536492,0.10617169741871597,0,263,109
HM+ST,attack_flow,stockpile,46,60,0.4,0.4,0.2,0.09608235867246796,0.10130518736351486,0,263,109
HM+ST,attack_flow,stockpile,46,60,0.3,0.4,0.3,0.09302157610709846,0.10030641666512692,0,263,109
HM+ST,attack_flow,stockpile,46,60,0.2,0.4,0.4,0.08219671074255645,0.09404431885572954,0,263,109
HM+ST,attack_flow,stockpile,46,60,0.1,0.4,0.5,0.078890312871623,0.09065788898799533,0,263,109
HM+ST,attack_flow,stockpile,46,60,0.0,0.4,0.6,0.07207864148657368,0.09447455513299202,0,263,109
HM+ST,attack_flow,stockpile,46,60,0.5,0.5,0.0,0.11427703792100531,0.10602235286575987,0,263,109
HM+ST,attack_flow,stockpile,46,60,0.4,0.5,0.1,0.10648555635496128,0.10247073179389524,0,263,109
HM+ST,attack_flow,stockpile,46,60,0.3,0.5,0.2,0.09250075674977835,0.1017362298035515,0,263,109
HM+ST,attack_flow,stockpile,46,60,0.2,0.5,0.3,0.08796924432004688,0.09890357135457367,0,263,109
HM+ST,attack_flow,stockpile,46,60,0.1,0.5,0.4,0.0823183934936804,0.09602109003607662,0,263,109
HM+ST,attack_flow,stockpile,46,60,0.0,0.5,0.5,0.07082134128531134,0.09458176252070385,0,263,109
HM+ST,attack_flow,stockpile,46,60,0.4,0.6,0.0,0.10831177598768685,0.09690392625118993,0,263,109
HM+ST,attack_flow,stockpile,46,60,0.3,0.6,0.1,0.06474169597825818,0.09397395348238202,0,263,109
HM+ST,attack_flow,stockpile,46,60,0.2,0.6,0.2,0.06662245424108125,0.09424525600402703,0,263,109
HM+ST,attack_flow,stockpile,46,60,0.1,0.6,0.3,0.06669668447060116,0.09142617784252689,0,263,109
HM+ST,attack_flow,stockpile,46,60,0.0,0.6,0.4,0.07259886865019786,0.09919380393304564,0,263,109
HM+ST,attack_flow,stockpile,46,60,0.3,0.7,0.0,0.06330775338793643,0.09354110776766324,0,263,109
HM+ST,attack_flow,stockpile,46,60,0.2,0.7,0.1,0.06484297569892168,0.0903870339590927,0,263,109
HM+ST,attack_flow,stockpile,46,60,0.1,0.7,0.2,0.0660818781819076,0.08924630470716848,0,263,109
HM+ST,attack_flow,stockpile,46,60,0.0,0.7,0.3,0.069835740835616,0.09754359434925511,0,263,109
HM+ST,attack_flow,stockpile,46,60,0.2,0.8,0.0,0.06437615757092326,0.09379443425541133,0,263,109
HM+ST,attack_flow,stockpile,46,60,0.1,0.8,0.1,0.06159595018581587,0.09063157187811335,0,263,109
HM+ST,attack_flow,stockpile,46,60,0.0,0.8,0.2,0.0575690071600946,0.08907273903905474,0,263,109
HM+ST,attack_flow,stockpile,46,60,0.1,0.9,0.0,0.059630627079655205,0.09361074122067056,0,263,109
HM+ST,attack_flow,stockpile,46,60,0.0,0.9,0.1,0.050668981261760664,0.08806949532155874,0,263,109
HM+ST,attack_flow,stockpile,46,60,0.0,1.0,0.0,0.05863192683886301,0.09292537521432326,0,263,109
HM+ST,attack_flow,stockpile,46,80,1.0,0.0,0.0,0.16107131525788845,0.12909526090771803,0,263,109
HM+ST,attack_flow,stockpile,46,80,0.9,0.0,0.1,0.14023077532571826,0.11509643374842748,0,263,109
HM+ST,attack_flow,stockpile,46,80,0.8,0.0,0.2,0.13203213165144195,0.10960567846070787,0,263,109
HM+ST,attack_flow,stockpile,46,80,0.7,0.0,0.3,0.12617044951879586,0.10115319875389986,0,263,109
HM+ST,attack_flow,stockpile,46,80,0.6,0.0,0.4,0.09917803915589482,0.09390493175167733,0,263,109
HM+ST,attack_flow,stockpile,46,80,0.5,0.0,0.5,0.0957522005994816,0.09120188099446488,0,263,109
HM+ST,attack_flow,stockpile,46,80,0.4,0.0,0.6,0.08950391800353413,0.08901661566646062,0,263,109
HM+ST,attack_flow,stockpile,46,80,0.3,0.0,0.7,0.08337225368078094,0.08630116514142908,0,263,109
HM+ST,attack_flow,stockpile,46,80,0.2,0.0,0.8,0.08271192452319412,0.08512694015056109,0,263,109
HM+ST,attack_flow,stockpile,46,80,0.1,0.0,0.9,0.07389748714337682,0.07801023615236924,0,263,109
HM+ST,attack_flow,stockpile,46,80,0.0,0.0,1.0,0.04651105439547272,0.05119451025884521,0,263,109
HM+ST,attack_flow,stockpile,46,80,0.9,0.1,0.0,0.14081712121225634,0.1194653081339796,0,263,109
HM+ST,attack_flow,stockpile,46,80,0.8,0.1,0.1,0.14219087932677177,0.11689755687676928,0,263,109
HM+ST,attack_flow,stockpile,46,80,0.7,0.1,0.2,0.13496272933043693,0.11391746125899616,0,263,109
HM+ST,attack_flow,stockpile,46,80,0.6,0.1,0.3,0.10336611223529453,0.09857378998602498,0,263,109
HM+ST,attack_flow,stockpile,46,80,0.5,0.1,0.4,0.09764010272821996,0.09435804604108042,0,263,109
HM+ST,attack_flow,stockpile,46,80,0.4,0.1,0.5,0.08946947414027219,0.09037575480542809,0,263,109
HM+ST,attack_flow,stockpile,46,80,0.3,0.1,0.6,0.08873840827794537,0.08913789540221398,0,263,109
HM+ST,attack_flow,stockpile,46,80,0.2,0.1,0.7,0.09294481095005842,0.08811709784607123,0,263,109
HM+ST,attack_flow,stockpile,46,80,0.1,0.1,0.8,0.08345467919582308,0.08495360999498278,0,263,109
HM+ST,attack_flow,stockpile,46,80,0.0,0.1,0.9,0.075607793553588,0.08569676813643023,0,263,109
HM+ST,attack_flow,stockpile,46,80,0.8,0.2,0.0,0.13583968800263913,0.11583945924746046,0,263,109
HM+ST,attack_flow,stockpile,46,80,0.7,0.2,0.1,0.1354100019505691,0.11641588434987664,0,263,109
HM+ST,attack_flow,stockpile,46,80,0.6,0.2,0.2,0.13189590444493496,0.11209017602615926,0,263,109
HM+ST,attack_flow,stockpile,46,80,0.5,0.2,0.3,0.10506775882022745,0.10020229262757234,0,263,109
HM+ST,attack_flow,stockpile,46,80,0.4,0.2,0.4,0.0995928444678288,0.09411875733471152,0,263,109
HM+ST,attack_flow,stockpile,46,80,0.3,0.2,0.5,0.0950424415437729,0.09235680458419629,0,263,109
HM+ST,attack_flow,stockpile,46,80,0.2,0.2,0.6,0.08213805050029606,0.08844033078474083,0,263,109
HM+ST,attack_flow,stockpile,46,80,0.1,0.2,0.7,0.08269141813430399,0.09018357941374437,0,263,109
HM+ST,attack_flow,stockpile,46,80,0.0,0.2,0.8,0.07916626273452208,0.0887179591081469,0,263,109
HM+ST,attack_flow,stockpile,46,80,0.7,0.3,0.0,0.12992091551493196,0.11269337369403336,0,263,109
HM+ST,attack_flow,stockpile,46,80,0.6,0.3,0.1,0.1268165871430546,0.11026357060688749,0,263,109
HM+ST,attack_flow,stockpile,46,80,0.5,0.3,0.2,0.12733909282220177,0.10616060586601676,0,263,109
HM+ST,attack_flow,stockpile,46,80,0.4,0.3,0.3,0.10285570433571226,0.10262949311210068,0,263,109
HM+ST,attack_flow,stockpile,46,80,0.3,0.3,0.4,0.09475152480223407,0.09438165301067529,0,263,109
HM+ST,attack_flow,stockpile,46,80,0.2,0.3,0.5,0.08503161309652356,0.0917191984826721,0,263,109
HM+ST,attack_flow,stockpile,46,80,0.1,0.3,0.6,0.08819361082236206,0.09010056224031322,0,263,109
HM+ST,attack_flow,stockpile,46,80,0.0,0.3,0.7,0.076833841198297,0.08784475168429393,0,263,109
HM+ST,attack_flow,stockpile,46,80,0.6,0.4,0.0,0.12454765420759985,0.11162559528298004,0,263,109
HM+ST,attack_flow,stockpile,46,80,0.5,0.4,0.1,0.12568962479461002,0.11123436037291241,0,263,109
HM+ST,attack_flow,stockpile,46,80,0.4,0.4,0.2,0.10752208032822318,0.10531691119382454,0,263,109
HM+ST,attack_flow,stockpile,46,80,0.3,0.4,0.3,0.10227700266745267,0.10415620350831192,0,263,109
HM+ST,attack_flow,stockpile,46,80,0.2,0.4,0.4,0.08793309794883222,0.09702109998129112,0,263,109
HM+ST,attack_flow,stockpile,46,80,0.1,0.4,0.5,0.08797170844286915,0.09233683879021246,0,263,109
HM+ST,attack_flow,stockpile,46,80,0.0,0.4,0.6,0.076833841198297,0.09057469429094558,0,263,109
HM+ST,attack_flow,stockpile,46,80,0.5,0.5,0.0,0.11989779797079156,0.11007846852969923,0,263,109
HM+ST,attack_flow,stockpile,46,80,0.4,0.5,0.1,0.11104608906596737,0.10976412034684939,0,263,109
HM+ST,attack_flow,stockpile,46,80,0.3,0.5,0.2,0.0996394038395561,0.10695684350621368,0,263,109
HM+ST,attack_flow,stockpile,46,80,0.2,0.5,0.3,0.09499924073541959,0.1037126731933224,0,263,109
HM+ST,attack_flow,stockpile,46,80,0.1,0.5,0.4,0.0912163436272083,0.09970148356644454,0,263,109
HM+ST,attack_flow,stockpile,46,80,0.0,0.5,0.5,0.0775843996126018,0.09396714891607891,0,263,109
HM+ST,attack_flow,stockpile,46,80,0.4,0.6,0.0,0.11206657336589011,0.10761383980093979,0,263,109
HM+ST,attack_flow,stockpile,46,80,0.3,0.6,0.1,0.09984368257168662,0.10753181017113908,0,263,109
HM+ST,attack_flow,stockpile,46,80,0.2,0.6,0.2,0.09629370299068214,0.1034579997913669,0,263,109
HM+ST,attack_flow,stockpile,46,80,0.1,0.6,0.3,0.0869653763659346,0.10057976897817844,0,263,109
HM+ST,attack_flow,stockpile,46,80,0.0,0.6,0.4,0.0814657282786406,0.09976386199446688,0,263,109
HM+ST,attack_flow,stockpile,46,80,0.3,0.7,0.0,0.06982331288561444,0.09867622969138838,0,263,109
HM+ST,attack_flow,stockpile,46,80,0.2,0.7,0.1,0.08286177952594682,0.09850418995866156,0,263,109
HM+ST,attack_flow,stockpile,46,80,0.1,0.7,0.2,0.06673994628821718,0.095029328380163,0,263,109
HM+ST,attack_flow,stockpile,46,80,0.0,0.7,0.3,0.07839078416657871,0.09929563833706273,0,263,109
HM+ST,attack_flow,stockpile,46,80,0.2,0.8,0.0,0.06855613220655327,0.09812347261027296,0,263,109
HM+ST,attack_flow,stockpile,46,80,0.1,0.8,0.1,0.06953868354477463,0.09696905463705574,0,263,109
HM+ST,attack_flow,stockpile,46,80,0.0,0.8,0.2,0.06270219929151266,0.09550988210845313,0,263,109
HM+ST,attack_flow,stockpile,46,80,0.1,0.9,0.0,0.07066129977414536,0.09980604491264788,0,263,109
HM+ST,attack_flow,stockpile,46,80,0.0,0.9,0.1,0.06440013248234346,0.09724631114537427,0,263,109
HM+ST,attack_flow,stockpile,46,80,0.0,1.0,0.0,0.06292748056175944,0.1009233139126117,0,263,109
HM+ST,ctid,attack_flow,42,100,1.0,0.0,0.0,0.06818949184885319,0.10532388305352063,0,109,412
HM+ST,ctid,attack_flow,42,100,0.9,0.0,0.1,0.06697377739245362,0.10498726373403702,0,109,412
HM+ST,ctid,attack_flow,42,100,0.8,0.0,0.2,0.0563830873269398,0.10232370808375883,0,109,412
HM+ST,ctid,attack_flow,42,100,0.7,0.0,0.3,0.05462244450958185,0.10139327869456416,0,109,412
HM+ST,ctid,attack_flow,42,100,0.6,0.0,0.4,0.05391131656165463,0.09940345772092564,0,109,412
HM+ST,ctid,attack_flow,42,100,0.5,0.0,0.5,0.051907686998493054,0.09955241871302405,0,109,412
HM+ST,ctid,attack_flow,42,100,0.4,0.0,0.6,0.051282542726713634,0.0991013289816245,0,109,412
HM+ST,ctid,attack_flow,42,100,0.3,0.0,0.7,0.05133672392107488,0.09354187675084433,0,109,412
HM+ST,ctid,attack_flow,42,100,0.2,0.0,0.8,0.04897966516243723,0.0824690489801879,0,109,412
HM+ST,ctid,attack_flow,42,100,0.1,0.0,0.9,0.05248742526357216,0.08562426739887562,0,109,412
HM+ST,ctid,attack_flow,42,100,0.0,0.0,1.0,0.027243319745313046,0.021884687257427662,0,109,412
HM+ST,ctid,attack_flow,42,100,0.9,0.1,0.0,0.07740862052312306,0.10099219807681259,0,109,412
HM+ST,ctid,attack_flow,42,100,0.8,0.1,0.1,0.07472231683068034,0.1067408497671772,0,109,412
HM+ST,ctid,attack_flow,42,100,0.7,0.1,0.2,0.06598044683292836,0.10644980267308315,0,109,412
HM+ST,ctid,attack_flow,42,100,0.6,0.1,0.3,0.053533556018803115,0.10045242415925226,0,109,412
HM+ST,ctid,attack_flow,42,100,0.5,0.1,0.4,0.053753382254347594,0.09456452654034286,0,109,412
HM+ST,ctid,attack_flow,42,100,0.4,0.1,0.5,0.05386249222868334,0.0956126062551983,0,109,412
HM+ST,ctid,attack_flow,42,100,0.3,0.1,0.6,0.05387505634156381,0.09347852690309935,0,109,412
HM+ST,ctid,attack_flow,42,100,0.2,0.1,0.7,0.0538302832412084,0.08314984015174563,0,109,412
HM+ST,ctid,attack_flow,42,100,0.1,0.1,0.8,0.05433443159368737,0.07551354028523613,0,109,412
HM+ST,ctid,attack_flow,42,100,0.0,0.1,0.9,0.05194451357763071,0.07013856770697657,0,109,412
HM+ST,ctid,attack_flow,42,100,0.8,0.2,0.0,0.07608222959608704,0.09362628523731926,0,109,412
HM+ST,ctid,attack_flow,42,100,0.7,0.2,0.1,0.07138851294752499,0.10070980340480071,0,109,412
HM+ST,ctid,attack_flow,42,100,0.6,0.2,0.2,0.06831138897704236,0.09773831736213476,0,109,412
HM+ST,ctid,attack_flow,42,100,0.5,0.2,0.3,0.05829687041020118,0.09147243669387393,0,109,412
HM+ST,ctid,attack_flow,42,100,0.4,0.2,0.4,0.053768348548703035,0.08494167450135076,0,109,412
HM+ST,ctid,attack_flow,42,100,0.3,0.2,0.5,0.05446827082583751,0.0790170814991041,0,109,412
HM+ST,ctid,attack_flow,42,100,0.2,0.2,0.6,0.05409217361633933,0.06990689203732484,0,109,412
HM+ST,ctid,attack_flow,42,100,0.1,0.2,0.7,0.053923739998991714,0.06325622864588441,0,109,412
HM+ST,ctid,attack_flow,42,100,0.0,0.2,0.8,0.054639653095399046,0.06068704037079668,0,109,412
HM+ST,ctid,attack_flow,42,100,0.7,0.3,0.0,0.0781805986204934,0.08774867242258588,0,109,412
HM+ST,ctid,attack_flow,42,100,0.6,0.3,0.1,0.07163925383080033,0.08656195735439101,0,109,412
HM+ST,ctid,attack_flow,42,100,0.5,0.3,0.2,0.06967773398178491,0.08895102921843459,0,109,412
HM+ST,ctid,attack_flow,42,100,0.4,0.3,0.3,0.05883318096996703,0.08225783242063826,0,109,412
HM+ST,ctid,attack_flow,42,100,0.3,0.3,0.4,0.05504062523505417,0.07576097626284442,0,109,412
HM+ST,ctid,attack_flow,42,100,0.2,0.3,0.5,0.05432295766936288,0.06761829918933555,0,109,412
HM+ST,ctid,attack_flow,42,100,0.1,0.3,0.6,0.054497486747819714,0.06660306712625053,0,109,412
HM+ST,ctid,attack_flow,42,100,0.0,0.3,0.7,0.05343731918725408,0.05747143879834464,0,109,412
HM+ST,ctid,attack_flow,42,100,0.6,0.4,0.0,0.0765179821818386,0.08339213182031599,0,109,412
HM+ST,ctid,attack_flow,42,100,0.5,0.4,0.1,0.07413548953180932,0.08077169278590866,0,109,412
HM+ST,ctid,attack_flow,42,100,0.4,0.4,0.2,0.07023384570327211,0.07711071385926946,0,109,412
HM+ST,ctid,attack_flow,42,100,0.3,0.4,0.3,0.06131779083535773,0.07541711387140723,0,109,412
HM+ST,ctid,attack_flow,42,100,0.2,0.4,0.4,0.05487810100623226,0.07218742373915744,0,109,412
HM+ST,ctid,attack_flow,42,100,0.1,0.4,0.5,0.05480756999129661,0.0647618285877514,0,109,412
HM+ST,ctid,attack_flow,42,100,0.0,0.4,0.6,0.049226179028382104,0.05209935282858317,0,109,412
HM+ST,ctid,attack_flow,42,100,0.5,0.5,0.0,0.07551064452907004,0.08086112819851968,0,109,412
HM+ST,ctid,attack_flow,42,100,0.4,0.5,0.1,0.0742272205753967,0.07690134305797318,0,109,412
HM+ST,ctid,attack_flow,42,100,0.3,0.5,0.2,0.06664300379693583,0.07328313014697552,0,109,412
HM+ST,ctid,attack_flow,42,100,0.2,0.5,0.3,0.06229795951310724,0.07139034306316502,0,109,412
HM+ST,ctid,attack_flow,42,100,0.1,0.5,0.4,0.05369356800638689,0.0621874851825728,0,109,412
HM+ST,ctid,attack_flow,42,100,0.0,0.5,0.5,0.04816542473729103,0.05397990963661712,0,109,412
HM+ST,ctid,attack_flow,42,100,0.4,0.6,0.0,0.07732186551305213,0.07777218581975745,0,109,412
HM+ST,ctid,attack_flow,42,100,0.3,0.6,0.1,0.07325189883986655,0.07499169513774759,0,109,412
HM+ST,ctid,attack_flow,42,100,0.2,0.6,0.2,0.06434168810061784,0.07083513361789,0,109,412
HM+ST,ctid,attack_flow,42,100,0.1,0.6,0.3,0.05905453823221568,0.06475470186124434,0,109,412
HM+ST,ctid,attack_flow,42,100,0.0,0.6,0.4,0.05008217904540077,0.05600946325407248,0,109,412
HM+ST,ctid,attack_flow,42,100,0.3,0.7,0.0,0.07418025046632257,0.0731199081007746,0,109,412
HM+ST,ctid,attack_flow,42,100,0.2,0.7,0.1,0.07166715631855322,0.07057237170887137,0,109,412
HM+ST,ctid,attack_flow,42,100,0.1,0.7,0.2,0.06462339804010292,0.06692204838859517,0,109,412
HM+ST,ctid,attack_flow,42,100,0.0,0.7,0.3,0.056620716847763174,0.05931351849126485,0,109,412
HM+ST,ctid,attack_flow,42,100,0.2,0.8,0.0,0.07225593668555658,0.06283920964178602,0,109,412
HM+ST,ctid,attack_flow,42,100,0.1,0.8,0.1,0.06939010682343653,0.06494596778696,0,109,412
HM+ST,ctid,attack_flow,42,100,0.0,0.8,0.2,0.06270992614786135,0.05067467063328694,0,109,412
HM+ST,ctid,attack_flow,42,100,0.1,0.9,0.0,0.07000049227769349,0.05437446925851928,0,109,412
HM+ST,ctid,attack_flow,42,100,0.0,0.9,0.1,0.0680594684192768,0.05281316036094306,0,109,412
HM+ST,ctid,attack_flow,42,100,0.0,1.0,0.0,0.06845287230660677,0.05285116417196402,0,109,412
HM+ST,ctid,attack_flow,42,20,1.0,0.0,0.0,0.06818949184885319,0.10532388305352063,0,109,412
HM+ST,ctid,attack_flow,42,20,0.9,0.0,0.1,0.06697377739245362,0.10498726373403702,0,109,412
HM+ST,ctid,attack_flow,42,20,0.8,0.0,0.2,0.0563830873269398,0.10232370808375883,0,109,412
HM+ST,ctid,attack_flow,42,20,0.7,0.0,0.3,0.05462244450958185,0.10139327869456416,0,109,412
HM+ST,ctid,attack_flow,42,20,0.6,0.0,0.4,0.05391131656165463,0.09940345772092564,0,109,412
HM+ST,ctid,attack_flow,42,20,0.5,0.0,0.5,0.051907686998493054,0.09955241871302405,0,109,412
HM+ST,ctid,attack_flow,42,20,0.4,0.0,0.6,0.051282542726713634,0.0991013289816245,0,109,412
HM+ST,ctid,attack_flow,42,20,0.3,0.0,0.7,0.05133672392107488,0.09354187675084433,0,109,412
HM+ST,ctid,attack_flow,42,20,0.2,0.0,0.8,0.04897966516243723,0.0824690489801879,0,109,412
HM+ST,ctid,attack_flow,42,20,0.1,0.0,0.9,0.05248742526357216,0.08562426739887562,0,109,412
HM+ST,ctid,attack_flow,42,20,0.0,0.0,1.0,0.027243319745313046,0.021884687257427662,0,109,412
HM+ST,ctid,attack_flow,42,20,0.9,0.1,0.0,0.06685230113887387,0.10440395466678454,0,109,412
HM+ST,ctid,attack_flow,42,20,0.8,0.1,0.1,0.06265504315689004,0.10919916351624945,0,109,412
HM+ST,ctid,attack_flow,42,20,0.7,0.1,0.2,0.06426852360596261,0.10762677357539885,0,109,412
HM+ST,ctid,attack_flow,42,20,0.6,0.1,0.3,0.05342581415516873,0.10144877504386936,0,109,412
HM+ST,ctid,attack_flow,42,20,0.5,0.1,0.4,0.05209240029290746,0.09818963608710606,0,109,412
HM+ST,ctid,attack_flow,42,20,0.4,0.1,0.5,0.052196490145891304,0.09849298504051954,0,109,412
HM+ST,ctid,attack_flow,42,20,0.3,0.1,0.6,0.05180180499280866,0.0991830403624474,0,109,412
HM+ST,ctid,attack_flow,42,20,0.2,0.1,0.7,0.05236051043739269,0.09594782578222194,0,109,412
HM+ST,ctid,attack_flow,42,20,0.1,0.1,0.8,0.05174871910247018,0.08745083547397334,0,109,412
HM+ST,ctid,attack_flow,42,20,0.0,0.1,0.9,0.05054104788145752,0.07652524589583651,0,109,412
HM+ST,ctid,attack_flow,42,20,0.8,0.2,0.0,0.07418202650699883,0.09653060411595736,0,109,412
HM+ST,ctid,attack_flow,42,20,0.7,0.2,0.1,0.06429891585056098,0.10392540190632885,0,109,412
HM+ST,ctid,attack_flow,42,20,0.6,0.2,0.2,0.06572803766253305,0.10367513456388996,0,109,412
HM+ST,ctid,attack_flow,42,20,0.5,0.2,0.3,0.051903140078016184,0.0981850081763426,0,109,412
HM+ST,ctid,attack_flow,42,20,0.4,0.2,0.4,0.05209949833047228,0.08902840447513002,0,109,412
HM+ST,ctid,attack_flow,42,20,0.3,0.2,0.5,0.05202838568839971,0.09105169786494506,0,109,412
HM+ST,ctid,attack_flow,42,20,0.2,0.2,0.6,0.05190477012056862,0.08634209698713183,0,109,412
HM+ST,ctid,attack_flow,42,20,0.1,0.2,0.7,0.053368850038352754,0.08204310116202242,0,109,412
HM+ST,ctid,attack_flow,42,20,0.0,0.2,0.8,0.049602270321125644,0.07463837539142987,0,109,412
HM+ST,ctid,attack_flow,42,20,0.7,0.3,0.0,0.0785168503627404,0.09243884805813281,0,109,412
HM+ST,ctid,attack_flow,42,20,0.6,0.3,0.1,0.06667516730617398,0.0903418222980832,0,109,412
HM+ST,ctid,attack_flow,42,20,0.5,0.3,0.2,0.06383586288007725,0.09083772338967495,0,109,412
HM+ST,ctid,attack_flow,42,20,0.4,0.3,0.3,0.05158649534907586,0.08653078959984697,0,109,412
HM+ST,ctid,attack_flow,42,20,0.3,0.3,0.4,0.05241968161732439,0.08806244224150994,0,109,412
HM+ST,ctid,attack_flow,42,20,0.2,0.3,0.5,0.05183787015037807,0.08477087399722043,0,109,412
HM+ST,ctid,attack_flow,42,20,0.1,0.3,0.6,0.04932540983767938,0.07828352187585219,0,109,412
HM+ST,ctid,attack_flow,42,20,0.0,0.3,0.7,0.047060862642227495,0.06902174184386259,0,109,412
HM+ST,ctid,attack_flow,42,20,0.6,0.4,0.0,0.06818089169604923,0.08827106773859855,0,109,412
HM+ST,ctid,attack_flow,42,20,0.5,0.4,0.1,0.06576183907582903,0.08953287159604315,0,109,412
HM+ST,ctid,attack_flow,42,20,0.4,0.4,0.2,0.0631687339321907,0.08985224972919041,0,109,412
HM+ST,ctid,attack_flow,42,20,0.3,0.4,0.3,0.05129937960148967,0.08377368332834792,0,109,412
HM+ST,ctid,attack_flow,42,20,0.2,0.4,0.4,0.04924869446576801,0.0807281883389272,0,109,412
HM+ST,ctid,attack_flow,42,20,0.1,0.4,0.5,0.047598843207446576,0.07666374173361427,0,109,412
HM+ST,ctid,attack_flow,42,20,0.0,0.4,0.6,0.045963688266857816,0.07238633114620785,0,109,412
HM+ST,ctid,attack_flow,42,20,0.5,0.5,0.0,0.06729170275337142,0.0867179484484486,0,109,412
HM+ST,ctid,attack_flow,42,20,0.4,0.5,0.1,0.06405207805822108,0.08787184983015324,0,109,412
HM+ST,ctid,attack_flow,42,20,0.3,0.5,0.2,0.06074474265171439,0.08448018217178302,0,109,412
HM+ST,ctid,attack_flow,42,20,0.2,0.5,0.3,0.04939625448199936,0.07991339434368888,0,109,412
HM+ST,ctid,attack_flow,42,20,0.1,0.5,0.4,0.04764251213890833,0.07339589217416002,0,109,412
HM+ST,ctid,attack_flow,42,20,0.0,0.5,0.5,0.04528000905793025,0.061124748856792734,0,109,412
HM+ST,ctid,attack_flow,42,20,0.4,0.6,0.0,0.06503897588161206,0.0776557026730822,0,109,412
HM+ST,ctid,attack_flow,42,20,0.3,0.6,0.1,0.06269493708134043,0.08003477387347249,0,109,412
HM+ST,ctid,attack_flow,42,20,0.2,0.6,0.2,0.060421886952765416,0.07383419386182213,0,109,412
HM+ST,ctid,attack_flow,42,20,0.1,0.6,0.3,0.0491587038734876,0.06931664886416997,0,109,412
HM+ST,ctid,attack_flow,42,20,0.0,0.6,0.4,0.04535017827273287,0.060059377666504786,0,109,412
HM+ST,ctid,attack_flow,42,20,0.3,0.7,0.0,0.06097213093910423,0.06663704552579663,0,109,412
HM+ST,ctid,attack_flow,42,20,0.2,0.7,0.1,0.060817416192950585,0.06601216685573734,0,109,412
HM+ST,ctid,attack_flow,42,20,0.1,0.7,0.2,0.05944319812981613,0.06540575763057538,0,109,412
HM+ST,ctid,attack_flow,42,20,0.0,0.7,0.3,0.04688081309160914,0.0633645441766615,0,109,412
HM+ST,ctid,attack_flow,42,20,0.2,0.8,0.0,0.05961625923198125,0.06374769085903953,0,109,412
HM+ST,ctid,attack_flow,42,20,0.1,0.8,0.1,0.0575272907015927,0.06278994867744508,0,109,412
HM+ST,ctid,attack_flow,42,20,0.0,0.8,0.2,0.05364823114936966,0.06391148371581304,0,109,412
HM+ST,ctid,attack_flow,42,20,0.1,0.9,0.0,0.05439376937351659,0.062493278189076185,0,109,412
HM+ST,ctid,attack_flow,42,20,0.0,0.9,0.1,0.05405125301872556,0.06213476148018867,0,109,412
HM+ST,ctid,attack_flow,42,20,0.0,1.0,0.0,0.05294042294007213,0.062624718599025,0,109,412
HM+ST,ctid,attack_flow,42,40,1.0,0.0,0.0,0.06818949184885319,0.10532388305352063,0,109,412
HM+ST,ctid,attack_flow,42,40,0.9,0.0,0.1,0.06697377739245362,0.10498726373403702,0,109,412
HM+ST,ctid,attack_flow,42,40,0.8,0.0,0.2,0.0563830873269398,0.10232370808375883,0,109,412
HM+ST,ctid,attack_flow,42,40,0.7,0.0,0.3,0.05462244450958185,0.10139327869456416,0,109,412
HM+ST,ctid,attack_flow,42,40,0.6,0.0,0.4,0.05391131656165463,0.09940345772092564,0,109,412
HM+ST,ctid,attack_flow,42,40,0.5,0.0,0.5,0.051907686998493054,0.09955241871302405,0,109,412
HM+ST,ctid,attack_flow,42,40,0.4,0.0,0.6,0.051282542726713634,0.0991013289816245,0,109,412
HM+ST,ctid,attack_flow,42,40,0.3,0.0,0.7,0.05133672392107488,0.09354187675084433,0,109,412
HM+ST,ctid,attack_flow,42,40,0.2,0.0,0.8,0.04897966516243723,0.0824690489801879,0,109,412
HM+ST,ctid,attack_flow,42,40,0.1,0.0,0.9,0.05248742526357216,0.08562426739887562,0,109,412
HM+ST,ctid,attack_flow,42,40,0.0,0.0,1.0,0.027243319745313046,0.021884687257427662,0,109,412
HM+ST,ctid,attack_flow,42,40,0.9,0.1,0.0,0.07854164338401669,0.10414028527727175,0,109,412
HM+ST,ctid,attack_flow,42,40,0.8,0.1,0.1,0.06818783542769975,0.10979492500818744,0,109,412
HM+ST,ctid,attack_flow,42,40,0.7,0.1,0.2,0.06683814820094888,0.1078932355379841,0,109,412
HM+ST,ctid,attack_flow,42,40,0.6,0.1,0.3,0.05334948144155008,0.10145824781174509,0,109,412
HM+ST,ctid,attack_flow,42,40,0.5,0.1,0.4,0.05092838249555069,0.09744571988520952,0,109,412
HM+ST,ctid,attack_flow,42,40,0.4,0.1,0.5,0.052675488200554496,0.09695331583036859,0,109,412
HM+ST,ctid,attack_flow,42,40,0.3,0.1,0.6,0.05259894478075142,0.09724715037587114,0,109,412
HM+ST,ctid,attack_flow,42,40,0.2,0.1,0.7,0.05213136385787459,0.09631052829218116,0,109,412
HM+ST,ctid,attack_flow,42,40,0.1,0.1,0.8,0.05290847219120302,0.0862912199882301,0,109,412
HM+ST,ctid,attack_flow,42,40,0.0,0.1,0.9,0.05177523021984646,0.07561735224222654,0,109,412
HM+ST,ctid,attack_flow,42,40,0.8,0.2,0.0,0.07671367923275245,0.09735717301595644,0,109,412
HM+ST,ctid,attack_flow,42,40,0.7,0.2,0.1,0.07014523841295311,0.10967612693211268,0,109,412
HM+ST,ctid,attack_flow,42,40,0.6,0.2,0.2,0.06908806928252388,0.10515796669974067,0,109,412
HM+ST,ctid,attack_flow,42,40,0.5,0.2,0.3,0.06101675439447773,0.0982809780074823,0,109,412
HM+ST,ctid,attack_flow,42,40,0.4,0.2,0.4,0.05166949423412262,0.09650257377597661,0,109,412
HM+ST,ctid,attack_flow,42,40,0.3,0.2,0.5,0.05171944790969104,0.0936032243678301,0,109,412
HM+ST,ctid,attack_flow,42,40,0.2,0.2,0.6,0.05232392312635486,0.08976055358596803,0,109,412
HM+ST,ctid,attack_flow,42,40,0.1,0.2,0.7,0.05242033361780087,0.07891127544990763,0,109,412
HM+ST,ctid,attack_flow,42,40,0.0,0.2,0.8,0.05479418123707469,0.07469459230577533,0,109,412
HM+ST,ctid,attack_flow,42,40,0.7,0.3,0.0,0.07752965535855341,0.0922530311474256,0,109,412
HM+ST,ctid,attack_flow,42,40,0.6,0.3,0.1,0.06856037647879226,0.09215509097809985,0,109,412
HM+ST,ctid,attack_flow,42,40,0.5,0.3,0.2,0.06601151352172799,0.09301827109942004,0,109,412
HM+ST,ctid,attack_flow,42,40,0.4,0.3,0.3,0.06572435601189237,0.0934261236057336,0,109,412
HM+ST,ctid,attack_flow,42,40,0.3,0.3,0.4,0.05227158309735783,0.0872966596798773,0,109,412
HM+ST,ctid,attack_flow,42,40,0.2,0.3,0.5,0.05235370530352811,0.08652906665790047,0,109,412
HM+ST,ctid,attack_flow,42,40,0.1,0.3,0.6,0.05322205036977918,0.08362726938279061,0,109,412
HM+ST,ctid,attack_flow,42,40,0.0,0.3,0.7,0.05050439024006111,0.07174232306649578,0,109,412
HM+ST,ctid,attack_flow,42,40,0.6,0.4,0.0,0.0773744826226434,0.09142850606097933,0,109,412
HM+ST,ctid,attack_flow,42,40,0.5,0.4,0.1,0.06838444939580689,0.09129360657500692,0,109,412
HM+ST,ctid,attack_flow,42,40,0.4,0.4,0.2,0.06669321814486653,0.09009440890996726,0,109,412
HM+ST,ctid,attack_flow,42,40,0.3,0.4,0.3,0.06752807144040725,0.09056453163453383,0,109,412
HM+ST,ctid,attack_flow,42,40,0.2,0.4,0.4,0.05434979908451092,0.08690346775185621,0,109,412
HM+ST,ctid,attack_flow,42,40,0.1,0.4,0.5,0.05076807641228187,0.07957504405906876,0,109,412
HM+ST,ctid,attack_flow,42,40,0.0,0.4,0.6,0.048311827973095856,0.06946202629074785,0,109,412
HM+ST,ctid,attack_flow,42,40,0.5,0.5,0.0,0.07996653481918616,0.08979157776396304,0,109,412
HM+ST,ctid,attack_flow,42,40,0.4,0.5,0.1,0.06953754044292579,0.08989861432466525,0,109,412
HM+ST,ctid,attack_flow,42,40,0.3,0.5,0.2,0.0672412098279518,0.0899888868045426,0,109,412
HM+ST,ctid,attack_flow,42,40,0.2,0.5,0.3,0.0660788973294041,0.08675553058977706,0,109,412
HM+ST,ctid,attack_flow,42,40,0.1,0.5,0.4,0.05362134037505827,0.07870662215934827,0,109,412
HM+ST,ctid,attack_flow,42,40,0.0,0.5,0.5,0.04777917252354311,0.06761578843796326,0,109,412
HM+ST,ctid,attack_flow,42,40,0.4,0.6,0.0,0.07479251888859409,0.0881541949104075,0,109,412
HM+ST,ctid,attack_flow,42,40,0.3,0.6,0.1,0.06708955013564387,0.08493820545916309,0,109,412
HM+ST,ctid,attack_flow,42,40,0.2,0.6,0.2,0.06449261384658365,0.08381598036099137,0,109,412
HM+ST,ctid,attack_flow,42,40,0.1,0.6,0.3,0.06671517269547238,0.08163319754627656,0,109,412
HM+ST,ctid,attack_flow,42,40,0.0,0.6,0.4,0.057788480157774685,0.06465194018859516,0,109,412
HM+ST,ctid,attack_flow,42,40,0.3,0.7,0.0,0.07051148613950124,0.07539989431423771,0,109,412
HM+ST,ctid,attack_flow,42,40,0.2,0.7,0.1,0.06607906253652826,0.07528707056203712,0,109,412
HM+ST,ctid,attack_flow,42,40,0.1,0.7,0.2,0.06572032371221795,0.07037588299872402,0,109,412
HM+ST,ctid,attack_flow,42,40,0.0,0.7,0.3,0.06461028173505277,0.06598090812909646,0,109,412
HM+ST,ctid,attack_flow,42,40,0.2,0.8,0.0,0.06993735249049124,0.06739649292767538,0,109,412
HM+ST,ctid,attack_flow,42,40,0.1,0.8,0.1,0.06887488594626705,0.06599086122461602,0,109,412
HM+ST,ctid,attack_flow,42,40,0.0,0.8,0.2,0.06795034239194085,0.06361011845422343,0,109,412
HM+ST,ctid,attack_flow,42,40,0.1,0.9,0.0,0.06733360303536633,0.06477907053498438,0,109,412
HM+ST,ctid,attack_flow,42,40,0.0,0.9,0.1,0.06652323364378157,0.0626062657439272,0,109,412
HM+ST,ctid,attack_flow,42,40,0.0,1.0,0.0,0.06630569185570367,0.0637322533992606,0,109,412
HM+ST,ctid,attack_flow,42,60,1.0,0.0,0.0,0.06818949184885319,0.10532388305352063,0,109,412
HM+ST,ctid,attack_flow,42,60,0.9,0.0,0.1,0.06697377739245362,0.10498726373403702,0,109,412
HM+ST,ctid,attack_flow,42,60,0.8,0.0,0.2,0.0563830873269398,0.10232370808375883,0,109,412
HM+ST,ctid,attack_flow,42,60,0.7,0.0,0.3,0.05462244450958185,0.10139327869456416,0,109,412
HM+ST,ctid,attack_flow,42,60,0.6,0.0,0.4,0.05391131656165463,0.09940345772092564,0,109,412
HM+ST,ctid,attack_flow,42,60,0.5,0.0,0.5,0.051907686998493054,0.09955241871302405,0,109,412
HM+ST,ctid,attack_flow,42,60,0.4,0.0,0.6,0.051282542726713634,0.0991013289816245,0,109,412
HM+ST,ctid,attack_flow,42,60,0.3,0.0,0.7,0.05133672392107488,0.09354187675084433,0,109,412
HM+ST,ctid,attack_flow,42,60,0.2,0.0,0.8,0.04897966516243723,0.0824690489801879,0,109,412
HM+ST,ctid,attack_flow,42,60,0.1,0.0,0.9,0.05248742526357216,0.08562426739887562,0,109,412
HM+ST,ctid,attack_flow,42,60,0.0,0.0,1.0,0.027243319745313046,0.021884687257427662,0,109,412
HM+ST,ctid,attack_flow,42,60,0.9,0.1,0.0,0.07913854251523536,0.10351847491809614,0,109,412
HM+ST,ctid,attack_flow,42,60,0.8,0.1,0.1,0.07504520786071445,0.1101319076464173,0,109,412
HM+ST,ctid,attack_flow,42,60,0.7,0.1,0.2,0.06736963040296727,0.10796414137850478,0,109,412
HM+ST,ctid,attack_flow,42,60,0.6,0.1,0.3,0.053495683748361895,0.10217998750305313,0,109,412
HM+ST,ctid,attack_flow,42,60,0.5,0.1,0.4,0.05305247484917086,0.0981153761977245,0,109,412
HM+ST,ctid,attack_flow,42,60,0.4,0.1,0.5,0.05386249222868334,0.09661352867579052,0,109,412
HM+ST,ctid,attack_flow,42,60,0.3,0.1,0.6,0.05379829859068552,0.09630745367658908,0,109,412
HM+ST,ctid,attack_flow,42,60,0.2,0.1,0.7,0.05406123389563335,0.09259199416307845,0,109,412
HM+ST,ctid,attack_flow,42,60,0.1,0.1,0.8,0.05608115903501215,0.08482364774751991,0,109,412
HM+ST,ctid,attack_flow,42,60,0.0,0.1,0.9,0.05228427288834455,0.07202615315330205,0,109,412
HM+ST,ctid,attack_flow,42,60,0.8,0.2,0.0,0.07680946578725852,0.09863226595010315,0,109,412
HM+ST,ctid,attack_flow,42,60,0.7,0.2,0.1,0.07329056084542805,0.11026351363061268,1,109,412
HM+ST,ctid,attack_flow,42,60,0.6,0.2,0.2,0.069834717479986,0.10274434106775762,0,109,412
HM+ST,ctid,attack_flow,42,60,0.5,0.2,0.3,0.061329024434312276,0.09831518571566664,0,109,412
HM+ST,ctid,attack_flow,42,60,0.4,0.2,0.4,0.05360758496049286,0.09450013841230506,0,109,412
HM+ST,ctid,attack_flow,42,60,0.3,0.2,0.5,0.05440684041299279,0.09746520758843767,0,109,412
HM+ST,ctid,attack_flow,42,60,0.2,0.2,0.6,0.053159800403611374,0.08838366814360936,0,109,412
HM+ST,ctid,attack_flow,42,60,0.1,0.2,0.7,0.053221880677539676,0.0741529375316157,0,109,412
HM+ST,ctid,attack_flow,42,60,0.0,0.2,0.8,0.05572454307087923,0.06466744841128773,0,109,412
HM+ST,ctid,attack_flow,42,60,0.7,0.3,0.0,0.07808476556307233,0.09078174084058463,0,109,412
HM+ST,ctid,attack_flow,42,60,0.6,0.3,0.1,0.073285334009703,0.09182075247590685,0,109,412
HM+ST,ctid,attack_flow,42,60,0.5,0.3,0.2,0.07042007271481053,0.09261693784999003,0,109,412
HM+ST,ctid,attack_flow,42,60,0.4,0.3,0.3,0.06590101900040188,0.08822281356319721,0,109,412
HM+ST,ctid,attack_flow,42,60,0.3,0.3,0.4,0.05344022508031023,0.08706699896264457,0,109,412
HM+ST,ctid,attack_flow,42,60,0.2,0.3,0.5,0.05373339422562259,0.08512589401297838,0,109,412
HM+ST,ctid,attack_flow,42,60,0.1,0.3,0.6,0.053886046195033954,0.08038996181391558,0,109,412
HM+ST,ctid,attack_flow,42,60,0.0,0.3,0.7,0.05345534082160567,0.0679910258292302,0,109,412
HM+ST,ctid,attack_flow,42,60,0.6,0.4,0.0,0.07775846981650715,0.09094375575401913,0,109,412
HM+ST,ctid,attack_flow,42,60,0.5,0.4,0.1,0.07077231627005501,0.09169719630021245,0,109,412
HM+ST,ctid,attack_flow,42,60,0.4,0.4,0.2,0.0684532647115246,0.0900245652214877,0,109,412
HM+ST,ctid,attack_flow,42,60,0.3,0.4,0.3,0.06634017444838003,0.0901088309907007,0,109,412
HM+ST,ctid,attack_flow,42,60,0.2,0.4,0.4,0.053817109828600405,0.08703919022522093,0,109,412
HM+ST,ctid,attack_flow,42,60,0.1,0.4,0.5,0.052965247297583846,0.07893400168699652,0,109,412
HM+ST,ctid,attack_flow,42,60,0.0,0.4,0.6,0.04829734908380391,0.06503633209821133,0,109,412
HM+ST,ctid,attack_flow,42,60,0.5,0.5,0.0,0.077740582668667,0.0918293963787354,0,109,412
HM+ST,ctid,attack_flow,42,60,0.4,0.5,0.1,0.07171557462671094,0.09196399543201973,0,109,412
HM+ST,ctid,attack_flow,42,60,0.3,0.5,0.2,0.06953497091109825,0.08967609424425013,0,109,412
HM+ST,ctid,attack_flow,42,60,0.2,0.5,0.3,0.06706338091767458,0.08651884838964422,0,109,412
HM+ST,ctid,attack_flow,42,60,0.1,0.5,0.4,0.054195648341040376,0.07692809189926765,0,109,412
HM+ST,ctid,attack_flow,42,60,0.0,0.5,0.5,0.04878509540969535,0.06663789993040647,0,109,412
HM+ST,ctid,attack_flow,42,60,0.4,0.6,0.0,0.07337188352864646,0.08979618617840057,0,109,412
HM+ST,ctid,attack_flow,42,60,0.3,0.6,0.1,0.06923928155190516,0.08754175365115036,0,109,412
HM+ST,ctid,attack_flow,42,60,0.2,0.6,0.2,0.06695891419150878,0.08473290749002257,0,109,412
HM+ST,ctid,attack_flow,42,60,0.1,0.6,0.3,0.06488180357286683,0.08068365058390585,0,109,412
HM+ST,ctid,attack_flow,42,60,0.0,0.6,0.4,0.05477779345983538,0.06641684000458492,0,109,412
HM+ST,ctid,attack_flow,42,60,0.3,0.7,0.0,0.0733714802050619,0.08538385644894356,0,109,412
HM+ST,ctid,attack_flow,42,60,0.2,0.7,0.1,0.06877498442239738,0.08195542410543852,0,109,412
HM+ST,ctid,attack_flow,42,60,0.1,0.7,0.2,0.06528337590437476,0.0741214956213883,0,109,412
HM+ST,ctid,attack_flow,42,60,0.0,0.7,0.3,0.06240953670147406,0.06810122130707671,0,109,412
HM+ST,ctid,attack_flow,42,60,0.2,0.8,0.0,0.07031633492140833,0.07332693337335705,0,109,412
HM+ST,ctid,attack_flow,42,60,0.1,0.8,0.1,0.0660545239594424,0.06886742564229209,0,109,412
HM+ST,ctid,attack_flow,42,60,0.0,0.8,0.2,0.06180495863673828,0.060848177879072485,0,109,412
HM+ST,ctid,attack_flow,42,60,0.1,0.9,0.0,0.06974005784092326,0.06467566836716664,0,109,412
HM+ST,ctid,attack_flow,42,60,0.0,0.9,0.1,0.06387315065123675,0.058004243479169694,0,109,412
HM+ST,ctid,attack_flow,42,60,0.0,1.0,0.0,0.06578318462063522,0.057485137560333154,0,109,412
HM+ST,ctid,attack_flow,42,80,1.0,0.0,0.0,0.06818949184885319,0.10532388305352063,0,109,412
HM+ST,ctid,attack_flow,42,80,0.9,0.0,0.1,0.06697377739245362,0.10498726373403702,0,109,412
HM+ST,ctid,attack_flow,42,80,0.8,0.0,0.2,0.0563830873269398,0.10232370808375883,0,109,412
HM+ST,ctid,attack_flow,42,80,0.7,0.0,0.3,0.05462244450958185,0.10139327869456416,0,109,412
HM+ST,ctid,attack_flow,42,80,0.6,0.0,0.4,0.05391131656165463,0.09940345772092564,0,109,412
HM+ST,ctid,attack_flow,42,80,0.5,0.0,0.5,0.051907686998493054,0.09955241871302405,0,109,412
HM+ST,ctid,attack_flow,42,80,0.4,0.0,0.6,0.051282542726713634,0.0991013289816245,0,109,412
HM+ST,ctid,attack_flow,42,80,0.3,0.0,0.7,0.05133672392107488,0.09354187675084433,0,109,412
HM+ST,ctid,attack_flow,42,80,0.2,0.0,0.8,0.04897966516243723,0.0824690489801879,0,109,412
HM+ST,ctid,attack_flow,42,80,0.1,0.0,0.9,0.05248742526357216,0.08562426739887562,0,109,412
HM+ST,ctid,attack_flow,42,80,0.0,0.0,1.0,0.027243319745313046,0.021884687257427662,0,109,412
HM+ST,ctid,attack_flow,42,80,0.9,0.1,0.0,0.07615446984928718,0.1019619768848534,0,109,412
HM+ST,ctid,attack_flow,42,80,0.8,0.1,0.1,0.07143079578417481,0.10675588492724095,0,109,412
HM+ST,ctid,attack_flow,42,80,0.7,0.1,0.2,0.06372736623838357,0.10642155286583513,0,109,412
HM+ST,ctid,attack_flow,42,80,0.6,0.1,0.3,0.05280466566778431,0.10095220023742901,0,109,412
HM+ST,ctid,attack_flow,42,80,0.5,0.1,0.4,0.05157674604032695,0.09746754412072538,0,109,412
HM+ST,ctid,attack_flow,42,80,0.4,0.1,0.5,0.052416142782644,0.09603196786516796,0,109,412
HM+ST,ctid,attack_flow,42,80,0.3,0.1,0.6,0.05210452512313633,0.09568048900332514,0,109,412
HM+ST,ctid,attack_flow,42,80,0.2,0.1,0.7,0.05180156141555211,0.08489775202236668,0,109,412
HM+ST,ctid,attack_flow,42,80,0.1,0.1,0.8,0.05303523398053998,0.07872225399709158,0,109,412
HM+ST,ctid,attack_flow,42,80,0.0,0.1,0.9,0.05030929023781607,0.06882926291893049,0,109,412
HM+ST,ctid,attack_flow,42,80,0.8,0.2,0.0,0.07491505565854673,0.09594043292788636,0,109,412
HM+ST,ctid,attack_flow,42,80,0.7,0.2,0.1,0.06842934762682017,0.10816911400759896,0,109,412
HM+ST,ctid,attack_flow,42,80,0.6,0.2,0.2,0.06607868726950016,0.10094403899979869,0,109,412
HM+ST,ctid,attack_flow,42,80,0.5,0.2,0.3,0.053585660263675734,0.09284495583454584,0,109,412
HM+ST,ctid,attack_flow,42,80,0.4,0.2,0.4,0.05179304374632777,0.08920407780116879,0,109,412
HM+ST,ctid,attack_flow,42,80,0.3,0.2,0.5,0.05203809218438397,0.08815980038266372,0,109,412
HM+ST,ctid,attack_flow,42,80,0.2,0.2,0.6,0.05203763272996015,0.07722477236023208,0,109,412
HM+ST,ctid,attack_flow,42,80,0.1,0.2,0.7,0.05221054437906388,0.06683509744182208,0,109,412
HM+ST,ctid,attack_flow,42,80,0.0,0.2,0.8,0.05383511050698049,0.05866398711301679,0,109,412
HM+ST,ctid,attack_flow,42,80,0.7,0.3,0.0,0.07768163028731623,0.08926809474727293,0,109,412
HM+ST,ctid,attack_flow,42,80,0.6,0.3,0.1,0.0698441459387299,0.09047628463510618,0,109,412
HM+ST,ctid,attack_flow,42,80,0.5,0.3,0.2,0.06769186898253914,0.092767275295214,0,109,412
HM+ST,ctid,attack_flow,42,80,0.4,0.3,0.3,0.054782605175628385,0.08555972164838355,0,109,412
HM+ST,ctid,attack_flow,42,80,0.3,0.3,0.4,0.05242038375828703,0.08199499262176799,0,109,412
HM+ST,ctid,attack_flow,42,80,0.2,0.3,0.5,0.05269223950225257,0.07487548688720772,0,109,412
HM+ST,ctid,attack_flow,42,80,0.1,0.3,0.6,0.052580463386183204,0.06903088330304231,0,109,412
HM+ST,ctid,attack_flow,42,80,0.0,0.3,0.7,0.05195936222899021,0.058076491680676065,0,109,412
HM+ST,ctid,attack_flow,42,80,0.6,0.4,0.0,0.07556861916504636,0.09211528966222156,0,109,412
HM+ST,ctid,attack_flow,42,80,0.5,0.4,0.1,0.06883769248349525,0.08816789239867542,0,109,412
HM+ST,ctid,attack_flow,42,80,0.4,0.4,0.2,0.06663872731508066,0.0870569622567209,0,109,412
HM+ST,ctid,attack_flow,42,80,0.3,0.4,0.3,0.05613448310531803,0.08624828054452763,0,109,412
HM+ST,ctid,attack_flow,42,80,0.2,0.4,0.4,0.05329078121694529,0.08040401303547288,0,109,412
HM+ST,ctid,attack_flow,42,80,0.1,0.4,0.5,0.05300000068728218,0.06660833402953359,0,109,412
HM+ST,ctid,attack_flow,42,80,0.0,0.4,0.6,0.04824251481107444,0.0546884399868716,0,109,412
HM+ST,ctid,attack_flow,42,80,0.5,0.5,0.0,0.07077239448041535,0.08876434568999206,0,109,412
HM+ST,ctid,attack_flow,42,80,0.4,0.5,0.1,0.06783826806331895,0.08635674227265952,0,109,412
HM+ST,ctid,attack_flow,42,80,0.3,0.5,0.2,0.066833802056291,0.08344202233852188,0,109,412
HM+ST,ctid,attack_flow,42,80,0.2,0.5,0.3,0.057864973231812285,0.08427493923061685,0,109,412
HM+ST,ctid,attack_flow,42,80,0.1,0.5,0.4,0.05036836689465428,0.06702107699971954,0,109,412
HM+ST,ctid,attack_flow,42,80,0.0,0.5,0.5,0.04589861622861032,0.056573218319961274,0,109,412
HM+ST,ctid,attack_flow,42,80,0.4,0.6,0.0,0.07170514700481073,0.08276739289240063,0,109,412
HM+ST,ctid,attack_flow,42,80,0.3,0.6,0.1,0.07082588003367907,0.08009168393547819,0,109,412
HM+ST,ctid,attack_flow,42,80,0.2,0.6,0.2,0.065656567657489,0.07708926910877238,0,109,412
HM+ST,ctid,attack_flow,42,80,0.1,0.6,0.3,0.054338981821180465,0.07185101201304714,0,109,412
HM+ST,ctid,attack_flow,42,80,0.0,0.6,0.4,0.04645721937489193,0.05618613779709568,0,109,412
HM+ST,ctid,attack_flow,42,80,0.3,0.7,0.0,0.06915341266759394,0.07874495250796876,0,109,412
HM+ST,ctid,attack_flow,42,80,0.2,0.7,0.1,0.0671060756638096,0.07490712007482016,0,109,412
HM+ST,ctid,attack_flow,42,80,0.1,0.7,0.2,0.06309038525774419,0.07145303339657993,0,109,412
HM+ST,ctid,attack_flow,42,80,0.0,0.7,0.3,0.04987968839742059,0.059104831114609103,0,109,412
HM+ST,ctid,attack_flow,42,80,0.2,0.8,0.0,0.06804818432180637,0.06820207471579848,0,109,412
HM+ST,ctid,attack_flow,42,80,0.1,0.8,0.1,0.06557933609532143,0.06856093527300275,0,109,412
HM+ST,ctid,attack_flow,42,80,0.0,0.8,0.2,0.062208382921318084,0.055732867032094166,0,109,412
HM+ST,ctid,attack_flow,42,80,0.1,0.9,0.0,0.06591846603056983,0.058036750367296865,0,109,412
HM+ST,ctid,attack_flow,42,80,0.0,0.9,0.1,0.06123670358099559,0.0550213440484386,0,109,412
HM+ST,ctid,attack_flow,42,80,0.0,1.0,0.0,0.06293188022968803,0.05519968775804447,0,109,412
HM+ST,ctid,attack_flow,43,100,1.0,0.0,0.0,0.07973179361950655,0.10532388305352063,0,109,412
HM+ST,ctid,attack_flow,43,100,0.9,0.0,0.1,0.08171679124998545,0.10498726373403702,0,109,412
HM+ST,ctid,attack_flow,43,100,0.8,0.0,0.2,0.07332047670324608,0.10232370808375883,0,109,412
HM+ST,ctid,attack_flow,43,100,0.7,0.0,0.3,0.05770193928897305,0.10139327869456416,0,109,412
HM+ST,ctid,attack_flow,43,100,0.6,0.0,0.4,0.056287750596652024,0.09940345772092564,0,109,412
HM+ST,ctid,attack_flow,43,100,0.5,0.0,0.5,0.05705229991468124,0.09955241871302405,0,109,412
HM+ST,ctid,attack_flow,43,100,0.4,0.0,0.6,0.05642715564290182,0.0991013289816245,0,109,412
HM+ST,ctid,attack_flow,43,100,0.3,0.0,0.7,0.05674068225517358,0.09354187675084433,0,109,412
HM+ST,ctid,attack_flow,43,100,0.2,0.0,0.8,0.05412427807862542,0.0824690489801879,0,109,412
HM+ST,ctid,attack_flow,43,100,0.1,0.0,0.9,0.05763203817976035,0.08562426739887562,0,109,412
HM+ST,ctid,attack_flow,43,100,0.0,0.0,1.0,0.027243319745313046,0.021884687257427662,0,109,412
HM+ST,ctid,attack_flow,43,100,0.9,0.1,0.0,0.08058015300528276,0.10099219807681259,0,109,412
HM+ST,ctid,attack_flow,43,100,0.8,0.1,0.1,0.07924273600919568,0.1067408497671772,0,109,412
HM+ST,ctid,attack_flow,43,100,0.7,0.1,0.2,0.07167558571672493,0.10644980267308315,0,109,412
HM+ST,ctid,attack_flow,43,100,0.6,0.1,0.3,0.057488539172508145,0.10045242415925226,0,109,412
HM+ST,ctid,attack_flow,43,100,0.5,0.1,0.4,0.055495031678185126,0.09456452654034286,0,109,412
HM+ST,ctid,attack_flow,43,100,0.4,0.1,0.5,0.056224422838358955,0.0956126062551983,0,109,412
HM+ST,ctid,attack_flow,43,100,0.3,0.1,0.6,0.05615993338817982,0.09347852690309935,0,109,412
HM+ST,ctid,attack_flow,43,100,0.2,0.1,0.7,0.05549361231041781,0.08314984015174563,0,109,412
HM+ST,ctid,attack_flow,43,100,0.1,0.1,0.8,0.054882740656487246,0.07551354028523613,0,109,412
HM+ST,ctid,attack_flow,43,100,0.0,0.1,0.9,0.049748659987182774,0.07013856770697657,0,109,412
HM+ST,ctid,attack_flow,43,100,0.8,0.2,0.0,0.07838083355521985,0.09362628523731926,0,109,412
HM+ST,ctid,attack_flow,43,100,0.7,0.2,0.1,0.07547112148516794,0.10070980340480071,0,109,412
HM+ST,ctid,attack_flow,43,100,0.6,0.2,0.2,0.07197647673253722,0.09773831736213476,0,109,412
HM+ST,ctid,attack_flow,43,100,0.5,0.2,0.3,0.0644882102713411,0.09147243669387393,0,109,412
HM+ST,ctid,attack_flow,43,100,0.4,0.2,0.4,0.05501355751771983,0.08494167450135076,0,109,412
HM+ST,ctid,attack_flow,43,100,0.3,0.2,0.5,0.05432565763012257,0.0790170814991041,0,109,412
HM+ST,ctid,attack_flow,43,100,0.2,0.2,0.6,0.05380816394838763,0.06990689203732484,0,109,412
HM+ST,ctid,attack_flow,43,100,0.1,0.2,0.7,0.05406557434167534,0.06325622864588441,0,109,412
HM+ST,ctid,attack_flow,43,100,0.0,0.2,0.8,0.05293328895210532,0.06068704037079668,0,109,412
HM+ST,ctid,attack_flow,43,100,0.7,0.3,0.0,0.07895302939099834,0.08774867242258588,0,109,412
HM+ST,ctid,attack_flow,43,100,0.6,0.3,0.1,0.07789909491831536,0.08656195735439101,0,109,412
HM+ST,ctid,attack_flow,43,100,0.5,0.3,0.2,0.07464955501287822,0.08895102921843459,0,109,412
HM+ST,ctid,attack_flow,43,100,0.4,0.3,0.3,0.0681649572787169,0.08225783242063826,0,109,412
HM+ST,ctid,attack_flow,43,100,0.3,0.3,0.4,0.056132402134416344,0.07576097626284442,0,109,412
HM+ST,ctid,attack_flow,43,100,0.2,0.3,0.5,0.054695716891581356,0.06761829918933555,0,109,412
HM+ST,ctid,attack_flow,43,100,0.1,0.3,0.6,0.05414312095380388,0.06660306712625053,0,109,412
HM+ST,ctid,attack_flow,43,100,0.0,0.3,0.7,0.051321365507219885,0.05747143879834464,0,109,412
HM+ST,ctid,attack_flow,43,100,0.6,0.4,0.0,0.07959557172033233,0.08339213182031599,0,109,412
HM+ST,ctid,attack_flow,43,100,0.5,0.4,0.1,0.0756467808460991,0.08077169278590866,0,109,412
HM+ST,ctid,attack_flow,43,100,0.4,0.4,0.2,0.0718805773874751,0.07711071385926946,0,109,412
HM+ST,ctid,attack_flow,43,100,0.3,0.4,0.3,0.06939598933525502,0.07541711387140723,0,109,412
HM+ST,ctid,attack_flow,43,100,0.2,0.4,0.4,0.05993361014298008,0.07218742373915744,0,109,412
HM+ST,ctid,attack_flow,43,100,0.1,0.4,0.5,0.05588812027480125,0.0647618285877514,0,109,412
HM+ST,ctid,attack_flow,43,100,0.0,0.4,0.6,0.046920167342372414,0.05209935282858317,0,109,412
HM+ST,ctid,attack_flow,43,100,0.5,0.5,0.0,0.07793773318983105,0.08086112819851968,0,109,412
HM+ST,ctid,attack_flow,43,100,0.4,0.5,0.1,0.0758522614083155,0.07690134305797318,0,109,412
HM+ST,ctid,attack_flow,43,100,0.3,0.5,0.2,0.07211372559123112,0.07328313014697552,0,109,412
HM+ST,ctid,attack_flow,43,100,0.2,0.5,0.3,0.0713888626248456,0.07139034306316502,0,109,412
HM+ST,ctid,attack_flow,43,100,0.1,0.5,0.4,0.06124546677029332,0.0621874851825728,0,109,412
HM+ST,ctid,attack_flow,43,100,0.0,0.5,0.5,0.05029994350267021,0.05397990963661712,0,109,412
HM+ST,ctid,attack_flow,43,100,0.4,0.6,0.0,0.07847424619846448,0.07777218581975745,0,109,412
HM+ST,ctid,attack_flow,43,100,0.3,0.6,0.1,0.07513564183894483,0.07499169513774759,0,109,412
HM+ST,ctid,attack_flow,43,100,0.2,0.6,0.2,0.07043954695400746,0.07083513361789,0,109,412
HM+ST,ctid,attack_flow,43,100,0.1,0.6,0.3,0.06760963872815536,0.06475470186124434,0,109,412
HM+ST,ctid,attack_flow,43,100,0.0,0.6,0.4,0.05766308081243584,0.05600946325407248,0,109,412
HM+ST,ctid,attack_flow,43,100,0.3,0.7,0.0,0.0768446158451046,0.0731199081007746,0,109,412
HM+ST,ctid,attack_flow,43,100,0.2,0.7,0.1,0.07307518043365413,0.07057237170887137,0,109,412
HM+ST,ctid,attack_flow,43,100,0.1,0.7,0.2,0.06964311025229394,0.06692204838859517,0,109,412
HM+ST,ctid,attack_flow,43,100,0.0,0.7,0.3,0.06477190432686142,0.05931351849126485,0,109,412
HM+ST,ctid,attack_flow,43,100,0.2,0.8,0.0,0.07544452069462053,0.06283920964178602,0,109,412
HM+ST,ctid,attack_flow,43,100,0.1,0.8,0.1,0.0717077312775822,0.06494596778696,0,109,412
HM+ST,ctid,attack_flow,43,100,0.0,0.8,0.2,0.06605000977856873,0.05067467063328694,0,109,412
HM+ST,ctid,attack_flow,43,100,0.1,0.9,0.0,0.07518323251943328,0.05437446925851928,0,109,412
HM+ST,ctid,attack_flow,43,100,0.0,0.9,0.1,0.06911256476383025,0.05281316036094306,0,109,412
HM+ST,ctid,attack_flow,43,100,0.0,1.0,0.0,0.07301460869172852,0.05285116417196402,0,109,412
HM+ST,ctid,attack_flow,43,20,1.0,0.0,0.0,0.07973179361950655,0.10532388305352063,0,109,412
HM+ST,ctid,attack_flow,43,20,0.9,0.0,0.1,0.08171679124998545,0.10498726373403702,0,109,412
HM+ST,ctid,attack_flow,43,20,0.8,0.0,0.2,0.07332047670324608,0.10232370808375883,0,109,412
HM+ST,ctid,attack_flow,43,20,0.7,0.0,0.3,0.05770193928897305,0.10139327869456416,0,109,412
HM+ST,ctid,attack_flow,43,20,0.6,0.0,0.4,0.056287750596652024,0.09940345772092564,0,109,412
HM+ST,ctid,attack_flow,43,20,0.5,0.0,0.5,0.05705229991468124,0.09955241871302405,0,109,412
HM+ST,ctid,attack_flow,43,20,0.4,0.0,0.6,0.05642715564290182,0.0991013289816245,0,109,412
HM+ST,ctid,attack_flow,43,20,0.3,0.0,0.7,0.05674068225517358,0.09354187675084433,0,109,412
HM+ST,ctid,attack_flow,43,20,0.2,0.0,0.8,0.05412427807862542,0.0824690489801879,0,109,412
HM+ST,ctid,attack_flow,43,20,0.1,0.0,0.9,0.05763203817976035,0.08562426739887562,0,109,412
HM+ST,ctid,attack_flow,43,20,0.0,0.0,1.0,0.027243319745313046,0.021884687257427662,0,109,412
HM+ST,ctid,attack_flow,43,20,0.9,0.1,0.0,0.07699163695553254,0.10440395466678454,0,109,412
HM+ST,ctid,attack_flow,43,20,0.8,0.1,0.1,0.0796117327012485,0.10919916351624945,0,109,412
HM+ST,ctid,attack_flow,43,20,0.7,0.1,0.2,0.07002929333194134,0.10762677357539885,0,109,412
HM+ST,ctid,attack_flow,43,20,0.6,0.1,0.3,0.05464408811631558,0.10144877504386936,0,109,412
HM+ST,ctid,attack_flow,43,20,0.5,0.1,0.4,0.05489955041666638,0.09818963608710606,0,109,412
HM+ST,ctid,attack_flow,43,20,0.4,0.1,0.5,0.054342306761761675,0.09849298504051954,0,109,412
HM+ST,ctid,attack_flow,43,20,0.3,0.1,0.6,0.054367918210216234,0.0991830403624474,0,109,412
HM+ST,ctid,attack_flow,43,20,0.2,0.1,0.7,0.0546735772434776,0.09594782578222194,0,109,412
HM+ST,ctid,attack_flow,43,20,0.1,0.1,0.8,0.0542981520283682,0.08745083547397334,0,109,412
HM+ST,ctid,attack_flow,43,20,0.0,0.1,0.9,0.0514238004681613,0.07652524589583651,0,109,412
HM+ST,ctid,attack_flow,43,20,0.8,0.2,0.0,0.07833746189034264,0.09653060411595736,0,109,412
HM+ST,ctid,attack_flow,43,20,0.7,0.2,0.1,0.07283008887082053,0.10392540190632885,0,109,412
HM+ST,ctid,attack_flow,43,20,0.6,0.2,0.2,0.06871927253700218,0.10367513456388996,0,109,412
HM+ST,ctid,attack_flow,43,20,0.5,0.2,0.3,0.06661209754564583,0.0981850081763426,0,109,412
HM+ST,ctid,attack_flow,43,20,0.4,0.2,0.4,0.054504368459557216,0.08902840447513002,0,109,412
HM+ST,ctid,attack_flow,43,20,0.3,0.2,0.5,0.05385785025677728,0.09105169786494506,0,109,412
HM+ST,ctid,attack_flow,43,20,0.2,0.2,0.6,0.05359250495291051,0.08634209698713183,0,109,412
HM+ST,ctid,attack_flow,43,20,0.1,0.2,0.7,0.054835817106069676,0.08204310116202242,0,109,412
HM+ST,ctid,attack_flow,43,20,0.0,0.2,0.8,0.052773418182415065,0.07463837539142987,0,109,412
HM+ST,ctid,attack_flow,43,20,0.7,0.3,0.0,0.07966061248818805,0.09243884805813281,0,109,412
HM+ST,ctid,attack_flow,43,20,0.6,0.3,0.1,0.07226146426803176,0.0903418222980832,0,109,412
HM+ST,ctid,attack_flow,43,20,0.5,0.3,0.2,0.06851920526444642,0.09083772338967495,0,109,412
HM+ST,ctid,attack_flow,43,20,0.4,0.3,0.3,0.06697966203637512,0.08653078959984697,0,109,412
HM+ST,ctid,attack_flow,43,20,0.3,0.3,0.4,0.05340350087680453,0.08806244224150994,0,109,412
HM+ST,ctid,attack_flow,43,20,0.2,0.3,0.5,0.05375575848085604,0.08477087399722043,0,109,412
HM+ST,ctid,attack_flow,43,20,0.1,0.3,0.6,0.050348589158042696,0.07828352187585219,0,109,412
HM+ST,ctid,attack_flow,43,20,0.0,0.3,0.7,0.04678474850180072,0.06902174184386259,0,109,412
HM+ST,ctid,attack_flow,43,20,0.6,0.4,0.0,0.07869436225975099,0.08827106773859855,0,109,412
HM+ST,ctid,attack_flow,43,20,0.5,0.4,0.1,0.07001882670950342,0.08953287159604315,0,109,412
HM+ST,ctid,attack_flow,43,20,0.4,0.4,0.2,0.06953691580597429,0.08985224972919041,0,109,412
HM+ST,ctid,attack_flow,43,20,0.3,0.4,0.3,0.06729291477333613,0.08377368332834792,0,109,412
HM+ST,ctid,attack_flow,43,20,0.2,0.4,0.4,0.05523890176037743,0.0807281883389272,0,109,412
HM+ST,ctid,attack_flow,43,20,0.1,0.4,0.5,0.04933795742651378,0.07666374173361427,0,109,412
HM+ST,ctid,attack_flow,43,20,0.0,0.4,0.6,0.046912053261459793,0.07238633114620785,0,109,412
HM+ST,ctid,attack_flow,43,20,0.5,0.5,0.0,0.06947015307238585,0.0867179484484486,0,109,412
HM+ST,ctid,attack_flow,43,20,0.4,0.5,0.1,0.06923794015071703,0.08787184983015324,0,109,412
HM+ST,ctid,attack_flow,43,20,0.3,0.5,0.2,0.06819613009270142,0.08448018217178302,0,109,412
HM+ST,ctid,attack_flow,43,20,0.2,0.5,0.3,0.06490763761533261,0.07991339434368888,0,109,412
HM+ST,ctid,attack_flow,43,20,0.1,0.5,0.4,0.05672206417123872,0.07339589217416002,0,109,412
HM+ST,ctid,attack_flow,43,20,0.0,0.5,0.5,0.04828635132953777,0.061124748856792734,0,109,412
HM+ST,ctid,attack_flow,43,20,0.4,0.6,0.0,0.06747811178428849,0.0776557026730822,0,109,412
HM+ST,ctid,attack_flow,43,20,0.3,0.6,0.1,0.0672886388886308,0.08003477387347249,0,109,412
HM+ST,ctid,attack_flow,43,20,0.2,0.6,0.2,0.06844612090797786,0.07383419386182213,0,109,412
HM+ST,ctid,attack_flow,43,20,0.1,0.6,0.3,0.06510648851937166,0.06931664886416997,0,109,412
HM+ST,ctid,attack_flow,43,20,0.0,0.6,0.4,0.06231739366573118,0.060059377666504786,0,109,412
HM+ST,ctid,attack_flow,43,20,0.3,0.7,0.0,0.06730389450007103,0.06663704552579663,0,109,412
HM+ST,ctid,attack_flow,43,20,0.2,0.7,0.1,0.06635831412589653,0.06601216685573734,0,109,412
HM+ST,ctid,attack_flow,43,20,0.1,0.7,0.2,0.06607651177969291,0.06540575763057538,0,109,412
HM+ST,ctid,attack_flow,43,20,0.0,0.7,0.3,0.06400124496425508,0.0633645441766615,0,109,412
HM+ST,ctid,attack_flow,43,20,0.2,0.8,0.0,0.06776119793012897,0.06374769085903953,0,109,412
HM+ST,ctid,attack_flow,43,20,0.1,0.8,0.1,0.06586892405364325,0.06278994867744508,0,109,412
HM+ST,ctid,attack_flow,43,20,0.0,0.8,0.2,0.06084293011273558,0.06391148371581304,0,109,412
HM+ST,ctid,attack_flow,43,20,0.1,0.9,0.0,0.06713148270729252,0.062493278189076185,0,109,412
HM+ST,ctid,attack_flow,43,20,0.0,0.9,0.1,0.06768917905034756,0.06213476148018867,0,109,412
HM+ST,ctid,attack_flow,43,20,0.0,1.0,0.0,0.07038196652972606,0.062624718599025,0,109,412
HM+ST,ctid,attack_flow,43,40,1.0,0.0,0.0,0.07973179361950655,0.10532388305352063,0,109,412
HM+ST,ctid,attack_flow,43,40,0.9,0.0,0.1,0.08171679124998545,0.10498726373403702,0,109,412
HM+ST,ctid,attack_flow,43,40,0.8,0.0,0.2,0.07332047670324608,0.10232370808375883,0,109,412
HM+ST,ctid,attack_flow,43,40,0.7,0.0,0.3,0.05770193928897305,0.10139327869456416,0,109,412
HM+ST,ctid,attack_flow,43,40,0.6,0.0,0.4,0.056287750596652024,0.09940345772092564,0,109,412
HM+ST,ctid,attack_flow,43,40,0.5,0.0,0.5,0.05705229991468124,0.09955241871302405,0,109,412
HM+ST,ctid,attack_flow,43,40,0.4,0.0,0.6,0.05642715564290182,0.0991013289816245,0,109,412
HM+ST,ctid,attack_flow,43,40,0.3,0.0,0.7,0.05674068225517358,0.09354187675084433,0,109,412
HM+ST,ctid,attack_flow,43,40,0.2,0.0,0.8,0.05412427807862542,0.0824690489801879,0,109,412
HM+ST,ctid,attack_flow,43,40,0.1,0.0,0.9,0.05763203817976035,0.08562426739887562,0,109,412
HM+ST,ctid,attack_flow,43,40,0.0,0.0,1.0,0.027243319745313046,0.021884687257427662,0,109,412
HM+ST,ctid,attack_flow,43,40,0.9,0.1,0.0,0.07665926931381804,0.10414028527727175,0,109,412
HM+ST,ctid,attack_flow,43,40,0.8,0.1,0.1,0.08007516661206918,0.10979492500818744,0,109,412
HM+ST,ctid,attack_flow,43,40,0.7,0.1,0.2,0.07050293877385254,0.1078932355379841,0,109,412
HM+ST,ctid,attack_flow,43,40,0.6,0.1,0.3,0.0553778845914308,0.10145824781174509,0,109,412
HM+ST,ctid,attack_flow,43,40,0.5,0.1,0.4,0.05464013035919351,0.09744571988520952,0,109,412
HM+ST,ctid,attack_flow,43,40,0.4,0.1,0.5,0.05460986586539205,0.09695331583036859,0,109,412
HM+ST,ctid,attack_flow,43,40,0.3,0.1,0.6,0.05493268645165306,0.09724715037587114,0,109,412
HM+ST,ctid,attack_flow,43,40,0.2,0.1,0.7,0.054385415668021485,0.09631052829218116,0,109,412
HM+ST,ctid,attack_flow,43,40,0.1,0.1,0.8,0.05699166632866278,0.0862912199882301,0,109,412
HM+ST,ctid,attack_flow,43,40,0.0,0.1,0.9,0.051440373516913634,0.07561735224222654,0,109,412
HM+ST,ctid,attack_flow,43,40,0.8,0.2,0.0,0.07835547329830102,0.09735717301595644,0,109,412
HM+ST,ctid,attack_flow,43,40,0.7,0.2,0.1,0.07169183432617895,0.10967612693211268,0,109,412
HM+ST,ctid,attack_flow,43,40,0.6,0.2,0.2,0.0690763611268231,0.10515796669974067,0,109,412
HM+ST,ctid,attack_flow,43,40,0.5,0.2,0.3,0.05463269278804515,0.0982809780074823,0,109,412
HM+ST,ctid,attack_flow,43,40,0.4,0.2,0.4,0.054775048066199296,0.09650257377597661,0,109,412
HM+ST,ctid,attack_flow,43,40,0.3,0.2,0.5,0.05426931572637994,0.0936032243678301,0,109,412
HM+ST,ctid,attack_flow,43,40,0.2,0.2,0.6,0.05408977848143689,0.08976055358596803,0,109,412
HM+ST,ctid,attack_flow,43,40,0.1,0.2,0.7,0.05443963980657646,0.07891127544990763,0,109,412
HM+ST,ctid,attack_flow,43,40,0.0,0.2,0.8,0.054364952318183446,0.07469459230577533,0,109,412
HM+ST,ctid,attack_flow,43,40,0.7,0.3,0.0,0.07848447926736551,0.0922530311474256,0,109,412
HM+ST,ctid,attack_flow,43,40,0.6,0.3,0.1,0.071027995732001,0.09215509097809985,0,109,412
HM+ST,ctid,attack_flow,43,40,0.5,0.3,0.2,0.06845236833696693,0.09301827109942004,0,109,412
HM+ST,ctid,attack_flow,43,40,0.4,0.3,0.3,0.06467708977235238,0.0934261236057336,0,109,412
HM+ST,ctid,attack_flow,43,40,0.3,0.3,0.4,0.054235943976172006,0.0872966596798773,0,109,412
HM+ST,ctid,attack_flow,43,40,0.2,0.3,0.5,0.05369199415877142,0.08652906665790047,0,109,412
HM+ST,ctid,attack_flow,43,40,0.1,0.3,0.6,0.05517383577823273,0.08362726938279061,0,109,412
HM+ST,ctid,attack_flow,43,40,0.0,0.3,0.7,0.04842575371073518,0.07174232306649578,0,109,412
HM+ST,ctid,attack_flow,43,40,0.6,0.4,0.0,0.07697812730903886,0.09142850606097933,0,109,412
HM+ST,ctid,attack_flow,43,40,0.5,0.4,0.1,0.06783607273663546,0.09129360657500692,0,109,412
HM+ST,ctid,attack_flow,43,40,0.4,0.4,0.2,0.06813319012296175,0.09009440890996726,0,109,412
HM+ST,ctid,attack_flow,43,40,0.3,0.4,0.3,0.06640991829908244,0.09056453163453383,0,109,412
HM+ST,ctid,attack_flow,43,40,0.2,0.4,0.4,0.05393467455144023,0.08690346775185621,0,109,412
HM+ST,ctid,attack_flow,43,40,0.1,0.4,0.5,0.05200830621167975,0.07957504405906876,0,109,412
HM+ST,ctid,attack_flow,43,40,0.0,0.4,0.6,0.04737247663766664,0.06946202629074785,0,109,412
HM+ST,ctid,attack_flow,43,40,0.5,0.5,0.0,0.07003055186207777,0.08979157776396304,0,109,412
HM+ST,ctid,attack_flow,43,40,0.4,0.5,0.1,0.06836657037086773,0.08989861432466525,0,109,412
HM+ST,ctid,attack_flow,43,40,0.3,0.5,0.2,0.06898570798848021,0.0899888868045426,0,109,412
HM+ST,ctid,attack_flow,43,40,0.2,0.5,0.3,0.06507506131360659,0.08675553058977706,0,109,412
HM+ST,ctid,attack_flow,43,40,0.1,0.5,0.4,0.05311939843111864,0.07870662215934827,0,109,412
HM+ST,ctid,attack_flow,43,40,0.0,0.5,0.5,0.046723455374363135,0.06761578843796326,0,109,412
HM+ST,ctid,attack_flow,43,40,0.4,0.6,0.0,0.06638685442050668,0.0881541949104075,0,109,412
HM+ST,ctid,attack_flow,43,40,0.3,0.6,0.1,0.0654551511450182,0.08493820545916309,0,109,412
HM+ST,ctid,attack_flow,43,40,0.2,0.6,0.2,0.06583089805506459,0.08381598036099137,0,109,412
HM+ST,ctid,attack_flow,43,40,0.1,0.6,0.3,0.06372527511325428,0.08163319754627656,0,109,412
HM+ST,ctid,attack_flow,43,40,0.0,0.6,0.4,0.05096606510290944,0.06465194018859516,0,109,412
HM+ST,ctid,attack_flow,43,40,0.3,0.7,0.0,0.06339613274243194,0.07539989431423771,0,109,412
HM+ST,ctid,attack_flow,43,40,0.2,0.7,0.1,0.06343813118052259,0.07528707056203712,0,109,412
HM+ST,ctid,attack_flow,43,40,0.1,0.7,0.2,0.06261126752303628,0.07037588299872402,0,109,412
HM+ST,ctid,attack_flow,43,40,0.0,0.7,0.3,0.06153718991253718,0.06598090812909646,0,109,412
HM+ST,ctid,attack_flow,43,40,0.2,0.8,0.0,0.06352810597025955,0.06739649292767538,0,109,412
HM+ST,ctid,attack_flow,43,40,0.1,0.8,0.1,0.061570016346199886,0.06599086122461602,0,109,412
HM+ST,ctid,attack_flow,43,40,0.0,0.8,0.2,0.05907088412865924,0.06361011845422343,0,109,412
HM+ST,ctid,attack_flow,43,40,0.1,0.9,0.0,0.05816819161243175,0.06477907053498438,0,109,412
HM+ST,ctid,attack_flow,43,40,0.0,0.9,0.1,0.05715677021752959,0.0626062657439272,0,109,412
HM+ST,ctid,attack_flow,43,40,0.0,1.0,0.0,0.05747075347134397,0.0637322533992606,0,109,412
HM+ST,ctid,attack_flow,43,60,1.0,0.0,0.0,0.07973179361950655,0.10532388305352063,0,109,412
HM+ST,ctid,attack_flow,43,60,0.9,0.0,0.1,0.08171679124998545,0.10498726373403702,0,109,412
HM+ST,ctid,attack_flow,43,60,0.8,0.0,0.2,0.07332047670324608,0.10232370808375883,0,109,412
HM+ST,ctid,attack_flow,43,60,0.7,0.0,0.3,0.05770193928897305,0.10139327869456416,0,109,412
HM+ST,ctid,attack_flow,43,60,0.6,0.0,0.4,0.056287750596652024,0.09940345772092564,0,109,412
HM+ST,ctid,attack_flow,43,60,0.5,0.0,0.5,0.05705229991468124,0.09955241871302405,0,109,412
HM+ST,ctid,attack_flow,43,60,0.4,0.0,0.6,0.05642715564290182,0.0991013289816245,0,109,412
HM+ST,ctid,attack_flow,43,60,0.3,0.0,0.7,0.05674068225517358,0.09354187675084433,0,109,412
HM+ST,ctid,attack_flow,43,60,0.2,0.0,0.8,0.05412427807862542,0.0824690489801879,0,109,412
HM+ST,ctid,attack_flow,43,60,0.1,0.0,0.9,0.05763203817976035,0.08562426739887562,0,109,412
HM+ST,ctid,attack_flow,43,60,0.0,0.0,1.0,0.027243319745313046,0.021884687257427662,0,109,412
HM+ST,ctid,attack_flow,43,60,0.9,0.1,0.0,0.0798868085187655,0.10351847491809614,0,109,412
HM+ST,ctid,attack_flow,43,60,0.8,0.1,0.1,0.07923055087970193,0.1101319076464173,0,109,412
HM+ST,ctid,attack_flow,43,60,0.7,0.1,0.2,0.06997548990191077,0.10796414137850478,0,109,412
HM+ST,ctid,attack_flow,43,60,0.6,0.1,0.3,0.05501712175240258,0.10217998750305313,0,109,412
HM+ST,ctid,attack_flow,43,60,0.5,0.1,0.4,0.055936857448746026,0.0981153761977245,0,109,412
HM+ST,ctid,attack_flow,43,60,0.4,0.1,0.5,0.05603673812771955,0.09661352867579052,0,109,412
HM+ST,ctid,attack_flow,43,60,0.3,0.1,0.6,0.05468569081554781,0.09630745367658908,0,109,412
HM+ST,ctid,attack_flow,43,60,0.2,0.1,0.7,0.054385415668021485,0.09259199416307845,0,109,412
HM+ST,ctid,attack_flow,43,60,0.1,0.1,0.8,0.05453693776151578,0.08482364774751991,0,109,412
HM+ST,ctid,attack_flow,43,60,0.0,0.1,0.9,0.051749260393622036,0.07202615315330205,0,109,412
HM+ST,ctid,attack_flow,43,60,0.8,0.2,0.0,0.07728029609289858,0.09863226595010315,0,109,412
HM+ST,ctid,attack_flow,43,60,0.7,0.2,0.1,0.07188099974058162,0.11026351363061268,1,109,412
HM+ST,ctid,attack_flow,43,60,0.6,0.2,0.2,0.06862732093108238,0.10274434106775762,0,109,412
HM+ST,ctid,attack_flow,43,60,0.5,0.2,0.3,0.05590639955965568,0.09831518571566664,0,109,412
HM+ST,ctid,attack_flow,43,60,0.4,0.2,0.4,0.054794754653106785,0.09450013841230506,0,109,412
HM+ST,ctid,attack_flow,43,60,0.3,0.2,0.5,0.05413498395058532,0.09746520758843767,0,109,412
HM+ST,ctid,attack_flow,43,60,0.2,0.2,0.6,0.053861580971668654,0.08838366814360936,0,109,412
HM+ST,ctid,attack_flow,43,60,0.1,0.2,0.7,0.05430188090939699,0.0741529375316157,0,109,412
HM+ST,ctid,attack_flow,43,60,0.0,0.2,0.8,0.055446802055556736,0.06466744841128773,0,109,412
HM+ST,ctid,attack_flow,43,60,0.7,0.3,0.0,0.0788871564871417,0.09078174084058463,0,109,412
HM+ST,ctid,attack_flow,43,60,0.6,0.3,0.1,0.0719224926294649,0.09182075247590685,0,109,412
HM+ST,ctid,attack_flow,43,60,0.5,0.3,0.2,0.06925879173875325,0.09261693784999003,0,109,412
HM+ST,ctid,attack_flow,43,60,0.4,0.3,0.3,0.06057409114729991,0.08822281356319721,0,109,412
HM+ST,ctid,attack_flow,43,60,0.3,0.3,0.4,0.054235943976172006,0.08706699896264457,0,109,412
HM+ST,ctid,attack_flow,43,60,0.2,0.3,0.5,0.05369199415877142,0.08512589401297838,0,109,412
HM+ST,ctid,attack_flow,43,60,0.1,0.3,0.6,0.05549450467022203,0.08038996181391558,0,109,412
HM+ST,ctid,attack_flow,43,60,0.0,0.3,0.7,0.05325046060561718,0.0679910258292302,0,109,412
HM+ST,ctid,attack_flow,43,60,0.6,0.4,0.0,0.07836130261739263,0.09094375575401913,0,109,412
HM+ST,ctid,attack_flow,43,60,0.5,0.4,0.1,0.06915089311728104,0.09169719630021245,0,109,412
HM+ST,ctid,attack_flow,43,60,0.4,0.4,0.2,0.06842015696905732,0.0900245652214877,0,109,412
HM+ST,ctid,attack_flow,43,60,0.3,0.4,0.3,0.0664007545430929,0.0901088309907007,0,109,412
HM+ST,ctid,attack_flow,43,60,0.2,0.4,0.4,0.05497998471434738,0.08703919022522093,0,109,412
HM+ST,ctid,attack_flow,43,60,0.1,0.4,0.5,0.05443129272747867,0.07893400168699652,0,109,412
HM+ST,ctid,attack_flow,43,60,0.0,0.4,0.6,0.04883422797623909,0.06503633209821133,0,109,412
HM+ST,ctid,attack_flow,43,60,0.5,0.5,0.0,0.07347854456601177,0.0918293963787354,0,109,412
HM+ST,ctid,attack_flow,43,60,0.4,0.5,0.1,0.0687959835755615,0.09196399543201973,0,109,412
HM+ST,ctid,attack_flow,43,60,0.3,0.5,0.2,0.06843012212168666,0.08967609424425013,0,109,412
HM+ST,ctid,attack_flow,43,60,0.2,0.5,0.3,0.06586970546024837,0.08651884838964422,0,109,412
HM+ST,ctid,attack_flow,43,60,0.1,0.5,0.4,0.053054064602837105,0.07692809189926765,0,109,412
HM+ST,ctid,attack_flow,43,60,0.0,0.5,0.5,0.047364974349762924,0.06663789993040647,0,109,412
HM+ST,ctid,attack_flow,43,60,0.4,0.6,0.0,0.07116090570167972,0.08979618617840057,0,109,412
HM+ST,ctid,attack_flow,43,60,0.3,0.6,0.1,0.06975660371350992,0.08754175365115036,0,109,412
HM+ST,ctid,attack_flow,43,60,0.2,0.6,0.2,0.06674337041246425,0.08473290749002257,0,109,412
HM+ST,ctid,attack_flow,43,60,0.1,0.6,0.3,0.06362720962872302,0.08068365058390585,0,109,412
HM+ST,ctid,attack_flow,43,60,0.0,0.6,0.4,0.05230683362870192,0.06641684000458492,0,109,412
HM+ST,ctid,attack_flow,43,60,0.3,0.7,0.0,0.0681419036767179,0.08538385644894356,0,109,412
HM+ST,ctid,attack_flow,43,60,0.2,0.7,0.1,0.06763508812487103,0.08195542410543852,0,109,412
HM+ST,ctid,attack_flow,43,60,0.1,0.7,0.2,0.06576235686071509,0.0741214956213883,0,109,412
HM+ST,ctid,attack_flow,43,60,0.0,0.7,0.3,0.06387392461370903,0.06810122130707671,0,109,412
HM+ST,ctid,attack_flow,43,60,0.2,0.8,0.0,0.06548096617389683,0.07332693337335705,0,109,412
HM+ST,ctid,attack_flow,43,60,0.1,0.8,0.1,0.06326657349206599,0.06886742564229209,0,109,412
HM+ST,ctid,attack_flow,43,60,0.0,0.8,0.2,0.061923745698172605,0.060848177879072485,0,109,412
HM+ST,ctid,attack_flow,43,60,0.1,0.9,0.0,0.06437667332279381,0.06467566836716664,0,109,412
HM+ST,ctid,attack_flow,43,60,0.0,0.9,0.1,0.06461745327193169,0.058004243479169694,0,109,412
HM+ST,ctid,attack_flow,43,60,0.0,1.0,0.0,0.06564000324426676,0.057485137560333154,0,109,412
HM+ST,ctid,attack_flow,43,80,1.0,0.0,0.0,0.07973179361950655,0.10532388305352063,0,109,412
HM+ST,ctid,attack_flow,43,80,0.9,0.0,0.1,0.08171679124998545,0.10498726373403702,0,109,412
HM+ST,ctid,attack_flow,43,80,0.8,0.0,0.2,0.07332047670324608,0.10232370808375883,0,109,412
HM+ST,ctid,attack_flow,43,80,0.7,0.0,0.3,0.05770193928897305,0.10139327869456416,0,109,412
HM+ST,ctid,attack_flow,43,80,0.6,0.0,0.4,0.056287750596652024,0.09940345772092564,0,109,412
HM+ST,ctid,attack_flow,43,80,0.5,0.0,0.5,0.05705229991468124,0.09955241871302405,0,109,412
HM+ST,ctid,attack_flow,43,80,0.4,0.0,0.6,0.05642715564290182,0.0991013289816245,0,109,412
HM+ST,ctid,attack_flow,43,80,0.3,0.0,0.7,0.05674068225517358,0.09354187675084433,0,109,412
HM+ST,ctid,attack_flow,43,80,0.2,0.0,0.8,0.05412427807862542,0.0824690489801879,0,109,412
HM+ST,ctid,attack_flow,43,80,0.1,0.0,0.9,0.05763203817976035,0.08562426739887562,0,109,412
HM+ST,ctid,attack_flow,43,80,0.0,0.0,1.0,0.027243319745313046,0.021884687257427662,0,109,412
HM+ST,ctid,attack_flow,43,80,0.9,0.1,0.0,0.08001405960375685,0.1019619768848534,0,109,412
HM+ST,ctid,attack_flow,43,80,0.8,0.1,0.1,0.0812941363005549,0.10675588492724095,0,109,412
HM+ST,ctid,attack_flow,43,80,0.7,0.1,0.2,0.07027186090306758,0.10642155286583513,0,109,412
HM+ST,ctid,attack_flow,43,80,0.6,0.1,0.3,0.05589237634807668,0.10095220023742901,0,109,412
HM+ST,ctid,attack_flow,43,80,0.5,0.1,0.4,0.05606644927275896,0.09746754412072538,0,109,412
HM+ST,ctid,attack_flow,43,80,0.4,0.1,0.5,0.056224422838358955,0.09603196786516796,0,109,412
HM+ST,ctid,attack_flow,43,80,0.3,0.1,0.6,0.055947062279570504,0.09568048900332514,0,109,412
HM+ST,ctid,attack_flow,43,80,0.2,0.1,0.7,0.05430182036468204,0.08489775202236668,0,109,412
HM+ST,ctid,attack_flow,43,80,0.1,0.1,0.8,0.05450755839871122,0.07872225399709158,0,109,412
HM+ST,ctid,attack_flow,43,80,0.0,0.1,0.9,0.052830885699058056,0.06882926291893049,0,109,412
HM+ST,ctid,attack_flow,43,80,0.8,0.2,0.0,0.0774786157176309,0.09594043292788636,0,109,412
HM+ST,ctid,attack_flow,43,80,0.7,0.2,0.1,0.07741122040324777,0.10816911400759896,0,109,412
HM+ST,ctid,attack_flow,43,80,0.6,0.2,0.2,0.07141473676467051,0.10094403899979869,0,109,412
HM+ST,ctid,attack_flow,43,80,0.5,0.2,0.3,0.06051312769174429,0.09284495583454584,0,109,412
HM+ST,ctid,attack_flow,43,80,0.4,0.2,0.4,0.0542017304704402,0.08920407780116879,0,109,412
HM+ST,ctid,attack_flow,43,80,0.3,0.2,0.5,0.054635491660706255,0.08815980038266372,0,109,412
HM+ST,ctid,attack_flow,43,80,0.2,0.2,0.6,0.053861580971668654,0.07722477236023208,0,109,412
HM+ST,ctid,attack_flow,43,80,0.1,0.2,0.7,0.05426923717294748,0.06683509744182208,0,109,412
HM+ST,ctid,attack_flow,43,80,0.0,0.2,0.8,0.056246734529454695,0.05866398711301679,0,109,412
HM+ST,ctid,attack_flow,43,80,0.7,0.3,0.0,0.07954173172491082,0.08926809474727293,0,109,412
HM+ST,ctid,attack_flow,43,80,0.6,0.3,0.1,0.07616797116101064,0.09047628463510618,0,109,412
HM+ST,ctid,attack_flow,43,80,0.5,0.3,0.2,0.07052164059551932,0.092767275295214,0,109,412
HM+ST,ctid,attack_flow,43,80,0.4,0.3,0.3,0.06671108717950427,0.08555972164838355,0,109,412
HM+ST,ctid,attack_flow,43,80,0.3,0.3,0.4,0.05477624693015223,0.08199499262176799,0,109,412
HM+ST,ctid,attack_flow,43,80,0.2,0.3,0.5,0.054907353464571075,0.07487548688720772,0,109,412
HM+ST,ctid,attack_flow,43,80,0.1,0.3,0.6,0.05477433453471529,0.06903088330304231,0,109,412
HM+ST,ctid,attack_flow,43,80,0.0,0.3,0.7,0.05413944173090047,0.058076491680676065,0,109,412
HM+ST,ctid,attack_flow,43,80,0.6,0.4,0.0,0.0795248973096456,0.09211528966222156,0,109,412
HM+ST,ctid,attack_flow,43,80,0.5,0.4,0.1,0.07362431317957739,0.08816789239867542,0,109,412
HM+ST,ctid,attack_flow,43,80,0.4,0.4,0.2,0.07028341125597981,0.0870569622567209,0,109,412
HM+ST,ctid,attack_flow,43,80,0.3,0.4,0.3,0.06804789455966746,0.08624828054452763,0,109,412
HM+ST,ctid,attack_flow,43,80,0.2,0.4,0.4,0.05765776030765073,0.08040401303547288,0,109,412
HM+ST,ctid,attack_flow,43,80,0.1,0.4,0.5,0.05512208133654992,0.06660833402953359,0,109,412
HM+ST,ctid,attack_flow,43,80,0.0,0.4,0.6,0.05046053959785239,0.0546884399868716,0,109,412
HM+ST,ctid,attack_flow,43,80,0.5,0.5,0.0,0.07854772654150594,0.08876434568999206,0,109,412
HM+ST,ctid,attack_flow,43,80,0.4,0.5,0.1,0.07428775223801863,0.08635674227265952,0,109,412
HM+ST,ctid,attack_flow,43,80,0.3,0.5,0.2,0.07127961631564969,0.08344202233852188,0,109,412
HM+ST,ctid,attack_flow,43,80,0.2,0.5,0.3,0.06940501172844912,0.08427493923061685,0,109,412
HM+ST,ctid,attack_flow,43,80,0.1,0.5,0.4,0.055350850466098264,0.06702107699971954,0,109,412
HM+ST,ctid,attack_flow,43,80,0.0,0.5,0.5,0.050194976266487674,0.056573218319961274,0,109,412
HM+ST,ctid,attack_flow,43,80,0.4,0.6,0.0,0.0757222369225138,0.08276739289240063,0,109,412
HM+ST,ctid,attack_flow,43,80,0.3,0.6,0.1,0.07395220782487584,0.08009168393547819,0,109,412
HM+ST,ctid,attack_flow,43,80,0.2,0.6,0.2,0.07079166059412625,0.07708926910877238,0,109,412
HM+ST,ctid,attack_flow,43,80,0.1,0.6,0.3,0.06618249198727057,0.07185101201304714,0,109,412
HM+ST,ctid,attack_flow,43,80,0.0,0.6,0.4,0.058120209266186836,0.05618613779709568,0,109,412
HM+ST,ctid,attack_flow,43,80,0.3,0.7,0.0,0.08080470842579376,0.07874495250796876,0,109,412
HM+ST,ctid,attack_flow,43,80,0.2,0.7,0.1,0.07139563632629023,0.07490712007482016,0,109,412
HM+ST,ctid,attack_flow,43,80,0.1,0.7,0.2,0.06858340639305889,0.07145303339657993,0,109,412
HM+ST,ctid,attack_flow,43,80,0.0,0.7,0.3,0.06435312234856919,0.059104831114609103,0,109,412
HM+ST,ctid,attack_flow,43,80,0.2,0.8,0.0,0.07704204226438323,0.06820207471579848,0,109,412
HM+ST,ctid,attack_flow,43,80,0.1,0.8,0.1,0.07092871665863529,0.06856093527300275,0,109,412
HM+ST,ctid,attack_flow,43,80,0.0,0.8,0.2,0.06478330762542295,0.055732867032094166,0,109,412
HM+ST,ctid,attack_flow,43,80,0.1,0.9,0.0,0.07465614639444237,0.058036750367296865,0,109,412
HM+ST,ctid,attack_flow,43,80,0.0,0.9,0.1,0.07120188132743101,0.0550213440484386,0,109,412
HM+ST,ctid,attack_flow,43,80,0.0,1.0,0.0,0.07695758536015827,0.05519968775804447,0,109,412
HM+ST,ctid,attack_flow,44,100,1.0,0.0,0.0,0.07787324920751497,0.10532388305352063,0,109,412
HM+ST,ctid,attack_flow,44,100,0.9,0.0,0.1,0.07070539207852759,0.10498726373403702,0,109,412
HM+ST,ctid,attack_flow,44,100,0.8,0.0,0.2,0.06992128397436301,0.10232370808375883,0,109,412
HM+ST,ctid,attack_flow,44,100,0.7,0.0,0.3,0.057697308829703066,0.10139327869456416,0,109,412
HM+ST,ctid,attack_flow,44,100,0.6,0.0,0.4,0.05574046720234547,0.09940345772092564,0,109,412
HM+ST,ctid,attack_flow,44,100,0.5,0.0,0.5,0.056505016520374686,0.09955241871302405,0,109,412
HM+ST,ctid,attack_flow,44,100,0.4,0.0,0.6,0.055879872248595266,0.0991013289816245,0,109,412
HM+ST,ctid,attack_flow,44,100,0.3,0.0,0.7,0.05593405344295652,0.09354187675084433,0,109,412
HM+ST,ctid,attack_flow,44,100,0.2,0.0,0.8,0.05365014057474088,0.0824690489801879,0,109,412
HM+ST,ctid,attack_flow,44,100,0.1,0.0,0.9,0.057084754785453794,0.08562426739887562,0,109,412
HM+ST,ctid,attack_flow,44,100,0.0,0.0,1.0,0.027243319745313046,0.021884687257427662,0,109,412
HM+ST,ctid,attack_flow,44,100,0.9,0.1,0.0,0.07802113022120993,0.10099219807681259,0,109,412
HM+ST,ctid,attack_flow,44,100,0.8,0.1,0.1,0.07920079898833239,0.1067408497671772,0,109,412
HM+ST,ctid,attack_flow,44,100,0.7,0.1,0.2,0.0661156224444743,0.10644980267308315,0,109,412
HM+ST,ctid,attack_flow,44,100,0.6,0.1,0.3,0.05356118779004851,0.10045242415925226,0,109,412
HM+ST,ctid,attack_flow,44,100,0.5,0.1,0.4,0.053066366311100566,0.09456452654034286,0,109,412
HM+ST,ctid,attack_flow,44,100,0.4,0.1,0.5,0.05202924587677936,0.0956126062551983,0,109,412
HM+ST,ctid,attack_flow,44,100,0.3,0.1,0.6,0.052611595386119675,0.09347852690309935,0,109,412
HM+ST,ctid,attack_flow,44,100,0.2,0.1,0.7,0.052615787890438546,0.08314984015174563,0,109,412
HM+ST,ctid,attack_flow,44,100,0.1,0.1,0.8,0.05263633834713778,0.07551354028523613,0,109,412
HM+ST,ctid,attack_flow,44,100,0.0,0.1,0.9,0.050863881232129746,0.07013856770697657,0,109,412
HM+ST,ctid,attack_flow,44,100,0.8,0.2,0.0,0.07774040228783859,0.09362628523731926,0,109,412
HM+ST,ctid,attack_flow,44,100,0.7,0.2,0.1,0.07419173751424915,0.10070980340480071,0,109,412
HM+ST,ctid,attack_flow,44,100,0.6,0.2,0.2,0.07068626538339144,0.09773831736213476,0,109,412
HM+ST,ctid,attack_flow,44,100,0.5,0.2,0.3,0.05539808055637796,0.09147243669387393,0,109,412
HM+ST,ctid,attack_flow,44,100,0.4,0.2,0.4,0.05208231607445954,0.08494167450135076,0,109,412
HM+ST,ctid,attack_flow,44,100,0.3,0.2,0.5,0.05278743029210568,0.0790170814991041,0,109,412
HM+ST,ctid,attack_flow,44,100,0.2,0.2,0.6,0.05219254709429744,0.06990689203732484,0,109,412
HM+ST,ctid,attack_flow,44,100,0.1,0.2,0.7,0.05229504312324786,0.06325622864588441,0,109,412
HM+ST,ctid,attack_flow,44,100,0.0,0.2,0.8,0.05385851348201959,0.06068704037079668,0,109,412
HM+ST,ctid,attack_flow,44,100,0.7,0.3,0.0,0.08125325312442715,0.08774867242258588,0,109,412
HM+ST,ctid,attack_flow,44,100,0.6,0.3,0.1,0.07431737853056351,0.08656195735439101,0,109,412
HM+ST,ctid,attack_flow,44,100,0.5,0.3,0.2,0.0694146718879601,0.08895102921843459,0,109,412
HM+ST,ctid,attack_flow,44,100,0.4,0.3,0.3,0.05867687410056228,0.08225783242063826,0,109,412
HM+ST,ctid,attack_flow,44,100,0.3,0.3,0.4,0.05363391177524845,0.07576097626284442,0,109,412
HM+ST,ctid,attack_flow,44,100,0.2,0.3,0.5,0.052264771422985766,0.06761829918933555,0,109,412
HM+ST,ctid,attack_flow,44,100,0.1,0.3,0.6,0.05265406378343829,0.06660306712625053,0,109,412
HM+ST,ctid,attack_flow,44,100,0.0,0.3,0.7,0.05238402662512182,0.05747143879834464,0,109,412
HM+ST,ctid,attack_flow,44,100,0.6,0.4,0.0,0.07809522162039965,0.08339213182031599,0,109,412
HM+ST,ctid,attack_flow,44,100,0.5,0.4,0.1,0.07553340292890759,0.08077169278590866,0,109,412
HM+ST,ctid,attack_flow,44,100,0.4,0.4,0.2,0.0710034821991448,0.07711071385926946,0,109,412
HM+ST,ctid,attack_flow,44,100,0.3,0.4,0.3,0.06245139518975588,0.07541711387140723,0,109,412
HM+ST,ctid,attack_flow,44,100,0.2,0.4,0.4,0.05524938944807444,0.07218742373915744,0,109,412
HM+ST,ctid,attack_flow,44,100,0.1,0.4,0.5,0.05358018917392293,0.0647618285877514,0,109,412
HM+ST,ctid,attack_flow,44,100,0.0,0.4,0.6,0.047982657038141814,0.05209935282858317,0,109,412
HM+ST,ctid,attack_flow,44,100,0.5,0.5,0.0,0.07773518821501832,0.08086112819851968,0,109,412
HM+ST,ctid,attack_flow,44,100,0.4,0.5,0.1,0.07693334125699962,0.07690134305797318,0,109,412
HM+ST,ctid,attack_flow,44,100,0.3,0.5,0.2,0.07155973550050596,0.07328313014697552,0,109,412
HM+ST,ctid,attack_flow,44,100,0.2,0.5,0.3,0.06428362589085905,0.07139034306316502,0,109,412
HM+ST,ctid,attack_flow,44,100,0.1,0.5,0.4,0.05344796833267966,0.0621874851825728,0,109,412
HM+ST,ctid,attack_flow,44,100,0.0,0.5,0.5,0.04774758290957737,0.05397990963661712,0,109,412
HM+ST,ctid,attack_flow,44,100,0.4,0.6,0.0,0.07686998754804626,0.07777218581975745,0,109,412
HM+ST,ctid,attack_flow,44,100,0.3,0.6,0.1,0.07566898851756328,0.07499169513774759,0,109,412
HM+ST,ctid,attack_flow,44,100,0.2,0.6,0.2,0.06981472740643675,0.07083513361789,0,109,412
HM+ST,ctid,attack_flow,44,100,0.1,0.6,0.3,0.06125852165977564,0.06475470186124434,0,109,412
HM+ST,ctid,attack_flow,44,100,0.0,0.6,0.4,0.05260275878421423,0.05600946325407248,0,109,412
HM+ST,ctid,attack_flow,44,100,0.3,0.7,0.0,0.07627002586695335,0.0731199081007746,0,109,412
HM+ST,ctid,attack_flow,44,100,0.2,0.7,0.1,0.07381875246131367,0.07057237170887137,0,109,412
HM+ST,ctid,attack_flow,44,100,0.1,0.7,0.2,0.06620191407570387,0.06692204838859517,0,109,412
HM+ST,ctid,attack_flow,44,100,0.0,0.7,0.3,0.05785313615161386,0.05931351849126485,0,109,412
HM+ST,ctid,attack_flow,44,100,0.2,0.8,0.0,0.07265663501966009,0.06283920964178602,0,109,412
HM+ST,ctid,attack_flow,44,100,0.1,0.8,0.1,0.07272271706631059,0.06494596778696,0,109,412
HM+ST,ctid,attack_flow,44,100,0.0,0.8,0.2,0.06335847448335724,0.05067467063328694,0,109,412
HM+ST,ctid,attack_flow,44,100,0.1,0.9,0.0,0.07433137456562434,0.05437446925851928,0,109,412
HM+ST,ctid,attack_flow,44,100,0.0,0.9,0.1,0.0697528376963806,0.05281316036094306,0,109,412
HM+ST,ctid,attack_flow,44,100,0.0,1.0,0.0,0.07553602005373092,0.05285116417196402,0,109,412
HM+ST,ctid,attack_flow,44,20,1.0,0.0,0.0,0.07787324920751497,0.10532388305352063,0,109,412
HM+ST,ctid,attack_flow,44,20,0.9,0.0,0.1,0.07070539207852759,0.10498726373403702,0,109,412
HM+ST,ctid,attack_flow,44,20,0.8,0.0,0.2,0.06992128397436301,0.10232370808375883,0,109,412
HM+ST,ctid,attack_flow,44,20,0.7,0.0,0.3,0.057697308829703066,0.10139327869456416,0,109,412
HM+ST,ctid,attack_flow,44,20,0.6,0.0,0.4,0.05574046720234547,0.09940345772092564,0,109,412
HM+ST,ctid,attack_flow,44,20,0.5,0.0,0.5,0.056505016520374686,0.09955241871302405,0,109,412
HM+ST,ctid,attack_flow,44,20,0.4,0.0,0.6,0.055879872248595266,0.0991013289816245,0,109,412
HM+ST,ctid,attack_flow,44,20,0.3,0.0,0.7,0.05593405344295652,0.09354187675084433,0,109,412
HM+ST,ctid,attack_flow,44,20,0.2,0.0,0.8,0.05365014057474088,0.0824690489801879,0,109,412
HM+ST,ctid,attack_flow,44,20,0.1,0.0,0.9,0.057084754785453794,0.08562426739887562,0,109,412
HM+ST,ctid,attack_flow,44,20,0.0,0.0,1.0,0.027243319745313046,0.021884687257427662,0,109,412
HM+ST,ctid,attack_flow,44,20,0.9,0.1,0.0,0.07475495491612752,0.10440395466678454,0,109,412
HM+ST,ctid,attack_flow,44,20,0.8,0.1,0.1,0.06901542738408077,0.10919916351624945,0,109,412
HM+ST,ctid,attack_flow,44,20,0.7,0.1,0.2,0.06481910412185628,0.10762677357539885,0,109,412
HM+ST,ctid,attack_flow,44,20,0.6,0.1,0.3,0.05157231191414637,0.10144877504386936,0,109,412
HM+ST,ctid,attack_flow,44,20,0.5,0.1,0.4,0.05103276535247902,0.09818963608710606,0,109,412
HM+ST,ctid,attack_flow,44,20,0.4,0.1,0.5,0.0523177878701374,0.09849298504051954,0,109,412
HM+ST,ctid,attack_flow,44,20,0.3,0.1,0.6,0.052305192335984185,0.0991830403624474,0,109,412
HM+ST,ctid,attack_flow,44,20,0.2,0.1,0.7,0.05290304602505012,0.09594782578222194,0,109,412
HM+ST,ctid,attack_flow,44,20,0.1,0.1,0.8,0.05221054437906388,0.08745083547397334,0,109,412
HM+ST,ctid,attack_flow,44,20,0.0,0.1,0.9,0.050995127758322614,0.07652524589583651,0,109,412
HM+ST,ctid,attack_flow,44,20,0.8,0.2,0.0,0.07911820577899743,0.09653060411595736,0,109,412
HM+ST,ctid,attack_flow,44,20,0.7,0.2,0.1,0.06849428036531564,0.10392540190632885,0,109,412
HM+ST,ctid,attack_flow,44,20,0.6,0.2,0.2,0.06961221312431534,0.10367513456388996,0,109,412
HM+ST,ctid,attack_flow,44,20,0.5,0.2,0.3,0.05269711303762403,0.0981850081763426,0,109,412
HM+ST,ctid,attack_flow,44,20,0.4,0.2,0.4,0.05273383724112973,0.08902840447513002,0,109,412
HM+ST,ctid,attack_flow,44,20,0.3,0.2,0.5,0.052253715672890305,0.09105169786494506,0,109,412
HM+ST,ctid,attack_flow,44,20,0.2,0.2,0.6,0.051962863007195104,0.08634209698713183,0,109,412
HM+ST,ctid,attack_flow,44,20,0.1,0.2,0.7,0.05285393998241978,0.08204310116202242,0,109,412
HM+ST,ctid,attack_flow,44,20,0.0,0.2,0.8,0.0514194551286608,0.07463837539142987,0,109,412
HM+ST,ctid,attack_flow,44,20,0.7,0.3,0.0,0.08010920242015983,0.09243884805813281,0,109,412
HM+ST,ctid,attack_flow,44,20,0.6,0.3,0.1,0.07088267603604938,0.0903418222980832,0,109,412
HM+ST,ctid,attack_flow,44,20,0.5,0.3,0.2,0.06896442701990668,0.09083772338967495,0,109,412
HM+ST,ctid,attack_flow,44,20,0.4,0.3,0.3,0.05246516739074663,0.08653078959984697,0,109,412
HM+ST,ctid,attack_flow,44,20,0.3,0.3,0.4,0.05210450678185069,0.08806244224150994,0,109,412
HM+ST,ctid,attack_flow,44,20,0.2,0.3,0.5,0.05160929061846604,0.08477087399722043,0,109,412
HM+ST,ctid,attack_flow,44,20,0.1,0.3,0.6,0.0498028352162524,0.07828352187585219,0,109,412
HM+ST,ctid,attack_flow,44,20,0.0,0.3,0.7,0.047755445213752155,0.06902174184386259,0,109,412
HM+ST,ctid,attack_flow,44,20,0.6,0.4,0.0,0.07307590520934927,0.08827106773859855,0,109,412
HM+ST,ctid,attack_flow,44,20,0.5,0.4,0.1,0.06970996956841181,0.08953287159604315,0,109,412
HM+ST,ctid,attack_flow,44,20,0.4,0.4,0.2,0.06721573015643285,0.08985224972919041,0,109,412
HM+ST,ctid,attack_flow,44,20,0.3,0.4,0.3,0.053929076810654515,0.08377368332834792,0,109,412
HM+ST,ctid,attack_flow,44,20,0.2,0.4,0.4,0.04863866719088483,0.0807281883389272,0,109,412
HM+ST,ctid,attack_flow,44,20,0.1,0.4,0.5,0.047730426675839245,0.07666374173361427,0,109,412
HM+ST,ctid,attack_flow,44,20,0.0,0.4,0.6,0.04656181605502988,0.07238633114620785,0,109,412
HM+ST,ctid,attack_flow,44,20,0.5,0.5,0.0,0.06908155423799572,0.0867179484484486,0,109,412
HM+ST,ctid,attack_flow,44,20,0.4,0.5,0.1,0.06653840814871123,0.08787184983015324,0,109,412
HM+ST,ctid,attack_flow,44,20,0.3,0.5,0.2,0.0638405260541491,0.08448018217178302,0,109,412
HM+ST,ctid,attack_flow,44,20,0.2,0.5,0.3,0.05880001876687766,0.07991339434368888,0,109,412
HM+ST,ctid,attack_flow,44,20,0.1,0.5,0.4,0.048188642600899424,0.07339589217416002,0,109,412
HM+ST,ctid,attack_flow,44,20,0.0,0.5,0.5,0.04586759631402153,0.061124748856792734,0,109,412
HM+ST,ctid,attack_flow,44,20,0.4,0.6,0.0,0.06396315890585196,0.0776557026730822,0,109,412
HM+ST,ctid,attack_flow,44,20,0.3,0.6,0.1,0.06422168340046323,0.08003477387347249,0,109,412
HM+ST,ctid,attack_flow,44,20,0.2,0.6,0.2,0.06428902261993599,0.07383419386182213,0,109,412
HM+ST,ctid,attack_flow,44,20,0.1,0.6,0.3,0.06292744813499973,0.06931664886416997,0,109,412
HM+ST,ctid,attack_flow,44,20,0.0,0.6,0.4,0.04726281453023314,0.060059377666504786,0,109,412
HM+ST,ctid,attack_flow,44,20,0.3,0.7,0.0,0.06379316315867307,0.06663704552579663,0,109,412
HM+ST,ctid,attack_flow,44,20,0.2,0.7,0.1,0.06171785519774016,0.06601216685573734,0,109,412
HM+ST,ctid,attack_flow,44,20,0.1,0.7,0.2,0.0618608154744959,0.06540575763057538,0,109,412
HM+ST,ctid,attack_flow,44,20,0.0,0.7,0.3,0.05941784070064979,0.0633645441766615,0,109,412
HM+ST,ctid,attack_flow,44,20,0.2,0.8,0.0,0.06112556091816274,0.06374769085903953,0,109,412
HM+ST,ctid,attack_flow,44,20,0.1,0.8,0.1,0.06026436611482574,0.06278994867744508,0,109,412
HM+ST,ctid,attack_flow,44,20,0.0,0.8,0.2,0.05824369636490402,0.06391148371581304,0,109,412
HM+ST,ctid,attack_flow,44,20,0.1,0.9,0.0,0.05870585292454492,0.062493278189076185,0,109,412
HM+ST,ctid,attack_flow,44,20,0.0,0.9,0.1,0.054751623172020175,0.06213476148018867,0,109,412
HM+ST,ctid,attack_flow,44,20,0.0,1.0,0.0,0.05644270400640675,0.062624718599025,0,109,412
HM+ST,ctid,attack_flow,44,40,1.0,0.0,0.0,0.07787324920751497,0.10532388305352063,0,109,412
HM+ST,ctid,attack_flow,44,40,0.9,0.0,0.1,0.07070539207852759,0.10498726373403702,0,109,412
HM+ST,ctid,attack_flow,44,40,0.8,0.0,0.2,0.06992128397436301,0.10232370808375883,0,109,412
HM+ST,ctid,attack_flow,44,40,0.7,0.0,0.3,0.057697308829703066,0.10139327869456416,0,109,412
HM+ST,ctid,attack_flow,44,40,0.6,0.0,0.4,0.05574046720234547,0.09940345772092564,0,109,412
HM+ST,ctid,attack_flow,44,40,0.5,0.0,0.5,0.056505016520374686,0.09955241871302405,0,109,412
HM+ST,ctid,attack_flow,44,40,0.4,0.0,0.6,0.055879872248595266,0.0991013289816245,0,109,412
HM+ST,ctid,attack_flow,44,40,0.3,0.0,0.7,0.05593405344295652,0.09354187675084433,0,109,412
HM+ST,ctid,attack_flow,44,40,0.2,0.0,0.8,0.05365014057474088,0.0824690489801879,0,109,412
HM+ST,ctid,attack_flow,44,40,0.1,0.0,0.9,0.057084754785453794,0.08562426739887562,0,109,412
HM+ST,ctid,attack_flow,44,40,0.0,0.0,1.0,0.027243319745313046,0.021884687257427662,0,109,412
HM+ST,ctid,attack_flow,44,40,0.9,0.1,0.0,0.07883281996991175,0.10414028527727175,0,109,412
HM+ST,ctid,attack_flow,44,40,0.8,0.1,0.1,0.07849374364018558,0.10979492500818744,0,109,412
HM+ST,ctid,attack_flow,44,40,0.7,0.1,0.2,0.06594679491230455,0.1078932355379841,0,109,412
HM+ST,ctid,attack_flow,44,40,0.6,0.1,0.3,0.051056256750550276,0.10145824781174509,0,109,412
HM+ST,ctid,attack_flow,44,40,0.5,0.1,0.4,0.0517386676551733,0.09744571988520952,0,109,412
HM+ST,ctid,attack_flow,44,40,0.4,0.1,0.5,0.05223661285802245,0.09695331583036859,0,109,412
HM+ST,ctid,attack_flow,44,40,0.3,0.1,0.6,0.05251558397907293,0.09724715037587114,0,109,412
HM+ST,ctid,attack_flow,44,40,0.2,0.1,0.7,0.05269938319377798,0.09631052829218116,0,109,412
HM+ST,ctid,attack_flow,44,40,0.1,0.1,0.8,0.055034001122275814,0.0862912199882301,0,109,412
HM+ST,ctid,attack_flow,44,40,0.0,0.1,0.9,0.051363821057764686,0.07561735224222654,0,109,412
HM+ST,ctid,attack_flow,44,40,0.8,0.2,0.0,0.07782415945590986,0.09735717301595644,0,109,412
HM+ST,ctid,attack_flow,44,40,0.7,0.2,0.1,0.07225418258269349,0.10967612693211268,0,109,412
HM+ST,ctid,attack_flow,44,40,0.6,0.2,0.2,0.0700292304507365,0.10515796669974067,0,109,412
HM+ST,ctid,attack_flow,44,40,0.5,0.2,0.3,0.05411230649461613,0.0982809780074823,0,109,412
HM+ST,ctid,attack_flow,44,40,0.4,0.2,0.4,0.053147108478582276,0.09650257377597661,0,109,412
HM+ST,ctid,attack_flow,44,40,0.3,0.2,0.5,0.05301333975008174,0.0936032243678301,0,109,412
HM+ST,ctid,attack_flow,44,40,0.2,0.2,0.6,0.05254457724750001,0.08976055358596803,0,109,412
HM+ST,ctid,attack_flow,44,40,0.1,0.2,0.7,0.05261912475947593,0.07891127544990763,0,109,412
HM+ST,ctid,attack_flow,44,40,0.0,0.2,0.8,0.05383378070743439,0.07469459230577533,0,109,412
HM+ST,ctid,attack_flow,44,40,0.7,0.3,0.0,0.07960166999087967,0.0922530311474256,0,109,412
HM+ST,ctid,attack_flow,44,40,0.6,0.3,0.1,0.072199833464705,0.09215509097809985,0,109,412
HM+ST,ctid,attack_flow,44,40,0.5,0.3,0.2,0.0695006383891504,0.09301827109942004,0,109,412
HM+ST,ctid,attack_flow,44,40,0.4,0.3,0.3,0.06647538351718389,0.0934261236057336,0,109,412
HM+ST,ctid,attack_flow,44,40,0.3,0.3,0.4,0.05269074274223513,0.0872966596798773,0,109,412
HM+ST,ctid,attack_flow,44,40,0.2,0.3,0.5,0.05281962900770871,0.08652906665790047,0,109,412
HM+ST,ctid,attack_flow,44,40,0.1,0.3,0.6,0.053783929684320476,0.08362726938279061,0,109,412
HM+ST,ctid,attack_flow,44,40,0.0,0.3,0.7,0.05170140180787054,0.07174232306649578,0,109,412
HM+ST,ctid,attack_flow,44,40,0.6,0.4,0.0,0.08007837008370633,0.09142850606097933,0,109,412
HM+ST,ctid,attack_flow,44,40,0.5,0.4,0.1,0.07373640871494347,0.09129360657500692,0,109,412
HM+ST,ctid,attack_flow,44,40,0.4,0.4,0.2,0.0695670581075554,0.09009440890996726,0,109,412
HM+ST,ctid,attack_flow,44,40,0.3,0.4,0.3,0.06673434749296464,0.09056453163453383,0,109,412
HM+ST,ctid,attack_flow,44,40,0.2,0.4,0.4,0.05373252573846971,0.08690346775185621,0,109,412
HM+ST,ctid,attack_flow,44,40,0.1,0.4,0.5,0.050949078644403754,0.07957504405906876,0,109,412
HM+ST,ctid,attack_flow,44,40,0.0,0.4,0.6,0.04754617890255176,0.06946202629074785,0,109,412
HM+ST,ctid,attack_flow,44,40,0.5,0.5,0.0,0.08110225196801026,0.08979157776396304,0,109,412
HM+ST,ctid,attack_flow,44,40,0.4,0.5,0.1,0.07060942643429734,0.08989861432466525,0,109,412
HM+ST,ctid,attack_flow,44,40,0.3,0.5,0.2,0.07126300424586997,0.0899888868045426,0,109,412
HM+ST,ctid,attack_flow,44,40,0.2,0.5,0.3,0.06615739498745701,0.08675553058977706,0,109,412
HM+ST,ctid,attack_flow,44,40,0.1,0.5,0.4,0.05342056600631367,0.07870662215934827,0,109,412
HM+ST,ctid,attack_flow,44,40,0.0,0.5,0.5,0.04769338054054585,0.06761578843796326,0,109,412
HM+ST,ctid,attack_flow,44,40,0.4,0.6,0.0,0.07313046340139846,0.0881541949104075,0,109,412
HM+ST,ctid,attack_flow,44,40,0.3,0.6,0.1,0.06952954666711528,0.08493820545916309,0,109,412
HM+ST,ctid,attack_flow,44,40,0.2,0.6,0.2,0.06882392699434274,0.08381598036099137,0,109,412
HM+ST,ctid,attack_flow,44,40,0.1,0.6,0.3,0.06548650051510886,0.08163319754627656,0,109,412
HM+ST,ctid,attack_flow,44,40,0.0,0.6,0.4,0.053293321797378015,0.06465194018859516,0,109,412
HM+ST,ctid,attack_flow,44,40,0.3,0.7,0.0,0.06957733661658412,0.07539989431423771,0,109,412
HM+ST,ctid,attack_flow,44,40,0.2,0.7,0.1,0.06814759022734429,0.07528707056203712,0,109,412
HM+ST,ctid,attack_flow,44,40,0.1,0.7,0.2,0.06784263175518886,0.07037588299872402,0,109,412
HM+ST,ctid,attack_flow,44,40,0.0,0.7,0.3,0.06345696758375366,0.06598090812909646,0,109,412
HM+ST,ctid,attack_flow,44,40,0.2,0.8,0.0,0.07049798325334188,0.06739649292767538,0,109,412
HM+ST,ctid,attack_flow,44,40,0.1,0.8,0.1,0.06932516896241918,0.06599086122461602,0,109,412
HM+ST,ctid,attack_flow,44,40,0.0,0.8,0.2,0.06507626897735515,0.06361011845422343,0,109,412
HM+ST,ctid,attack_flow,44,40,0.1,0.9,0.0,0.0699774853685243,0.06477907053498438,0,109,412
HM+ST,ctid,attack_flow,44,40,0.0,0.9,0.1,0.06656443311127729,0.0626062657439272,0,109,412
HM+ST,ctid,attack_flow,44,40,0.0,1.0,0.0,0.06825084306148627,0.0637322533992606,0,109,412
HM+ST,ctid,attack_flow,44,60,1.0,0.0,0.0,0.07787324920751497,0.10532388305352063,0,109,412
HM+ST,ctid,attack_flow,44,60,0.9,0.0,0.1,0.07070539207852759,0.10498726373403702,0,109,412
HM+ST,ctid,attack_flow,44,60,0.8,0.0,0.2,0.06992128397436301,0.10232370808375883,0,109,412
HM+ST,ctid,attack_flow,44,60,0.7,0.0,0.3,0.057697308829703066,0.10139327869456416,0,109,412
HM+ST,ctid,attack_flow,44,60,0.6,0.0,0.4,0.05574046720234547,0.09940345772092564,0,109,412
HM+ST,ctid,attack_flow,44,60,0.5,0.0,0.5,0.056505016520374686,0.09955241871302405,0,109,412
HM+ST,ctid,attack_flow,44,60,0.4,0.0,0.6,0.055879872248595266,0.0991013289816245,0,109,412
HM+ST,ctid,attack_flow,44,60,0.3,0.0,0.7,0.05593405344295652,0.09354187675084433,0,109,412
HM+ST,ctid,attack_flow,44,60,0.2,0.0,0.8,0.05365014057474088,0.0824690489801879,0,109,412
HM+ST,ctid,attack_flow,44,60,0.1,0.0,0.9,0.057084754785453794,0.08562426739887562,0,109,412
HM+ST,ctid,attack_flow,44,60,0.0,0.0,1.0,0.027243319745313046,0.021884687257427662,0,109,412
HM+ST,ctid,attack_flow,44,60,0.9,0.1,0.0,0.07853866112783282,0.10351847491809614,0,109,412
HM+ST,ctid,attack_flow,44,60,0.8,0.1,0.1,0.0804124341386207,0.1101319076464173,0,109,412
HM+ST,ctid,attack_flow,44,60,0.7,0.1,0.2,0.06499258440480066,0.10796414137850478,0,109,412
HM+ST,ctid,attack_flow,44,60,0.6,0.1,0.3,0.05225688696436111,0.10217998750305313,0,109,412
HM+ST,ctid,attack_flow,44,60,0.5,0.1,0.4,0.052738312106653605,0.0981153761977245,0,109,412
HM+ST,ctid,attack_flow,44,60,0.4,0.1,0.5,0.053747798658539424,0.09661352867579052,0,109,412
HM+ST,ctid,attack_flow,44,60,0.3,0.1,0.6,0.053807900650962574,0.09630745367658908,0,109,412
HM+ST,ctid,attack_flow,44,60,0.2,0.1,0.7,0.054222918776100214,0.09259199416307845,0,109,412
HM+ST,ctid,attack_flow,44,60,0.1,0.1,0.8,0.05431141125140663,0.08482364774751991,0,109,412
HM+ST,ctid,attack_flow,44,60,0.0,0.1,0.9,0.0520832003146816,0.07202615315330205,0,109,412
HM+ST,ctid,attack_flow,44,60,0.8,0.2,0.0,0.07694804903860585,0.09863226595010315,0,109,412
HM+ST,ctid,attack_flow,44,60,0.7,0.2,0.1,0.0741956262667953,0.11026351363061268,1,109,412
HM+ST,ctid,attack_flow,44,60,0.6,0.2,0.2,0.06816610770280712,0.10274434106775762,0,109,412
HM+ST,ctid,attack_flow,44,60,0.5,0.2,0.3,0.056454015121536985,0.09831518571566664,0,109,412
HM+ST,ctid,attack_flow,44,60,0.4,0.2,0.4,0.054149234739415866,0.09450013841230506,0,109,412
HM+ST,ctid,attack_flow,44,60,0.3,0.2,0.5,0.054915412262147106,0.09746520758843767,0,109,412
HM+ST,ctid,attack_flow,44,60,0.2,0.2,0.6,0.05422556320629445,0.08838366814360936,0,109,412
HM+ST,ctid,attack_flow,44,60,0.1,0.2,0.7,0.05426923717294748,0.0741529375316157,0,109,412
HM+ST,ctid,attack_flow,44,60,0.0,0.2,0.8,0.05488773326473909,0.06466744841128773,0,109,412
HM+ST,ctid,attack_flow,44,60,0.7,0.3,0.0,0.0792702495329472,0.09078174084058463,0,109,412
HM+ST,ctid,attack_flow,44,60,0.6,0.3,0.1,0.07375384292949233,0.09182075247590685,0,109,412
HM+ST,ctid,attack_flow,44,60,0.5,0.3,0.2,0.06945242239054501,0.09261693784999003,0,109,412
HM+ST,ctid,attack_flow,44,60,0.4,0.3,0.3,0.060327978290647115,0.08822281356319721,0,109,412
HM+ST,ctid,attack_flow,44,60,0.3,0.3,0.4,0.05490782708176057,0.08706699896264457,0,109,412
HM+ST,ctid,attack_flow,44,60,0.2,0.3,0.5,0.05479875086472192,0.08512589401297838,0,109,412
HM+ST,ctid,attack_flow,44,60,0.1,0.3,0.6,0.05491702022948882,0.08038996181391558,0,109,412
HM+ST,ctid,attack_flow,44,60,0.0,0.3,0.7,0.05324632146191599,0.0679910258292302,0,109,412
HM+ST,ctid,attack_flow,44,60,0.6,0.4,0.0,0.08016578438111101,0.09094375575401913,0,109,412
HM+ST,ctid,attack_flow,44,60,0.5,0.4,0.1,0.07580062856588642,0.09169719630021245,0,109,412
HM+ST,ctid,attack_flow,44,60,0.4,0.4,0.2,0.06928116419140448,0.0900245652214877,0,109,412
HM+ST,ctid,attack_flow,44,60,0.3,0.4,0.3,0.06412745362631465,0.0901088309907007,0,109,412
HM+ST,ctid,attack_flow,44,60,0.2,0.4,0.4,0.05529447182274841,0.08703919022522093,0,109,412
HM+ST,ctid,attack_flow,44,60,0.1,0.4,0.5,0.05517721266860681,0.07893400168699652,0,109,412
HM+ST,ctid,attack_flow,44,60,0.0,0.4,0.6,0.04881601286247203,0.06503633209821133,0,109,412
HM+ST,ctid,attack_flow,44,60,0.5,0.5,0.0,0.08057926069264382,0.0918293963787354,0,109,412
HM+ST,ctid,attack_flow,44,60,0.4,0.5,0.1,0.07380287764155351,0.09196399543201973,0,109,412
HM+ST,ctid,attack_flow,44,60,0.3,0.5,0.2,0.06885237378559059,0.08967609424425013,0,109,412
HM+ST,ctid,attack_flow,44,60,0.2,0.5,0.3,0.06662440690474863,0.08651884838964422,0,109,412
HM+ST,ctid,attack_flow,44,60,0.1,0.5,0.4,0.05215922565538825,0.07692809189926765,0,109,412
HM+ST,ctid,attack_flow,44,60,0.0,0.5,0.5,0.04705055780913588,0.06663789993040647,0,109,412
HM+ST,ctid,attack_flow,44,60,0.4,0.6,0.0,0.07709767013478257,0.08979618617840057,0,109,412
HM+ST,ctid,attack_flow,44,60,0.3,0.6,0.1,0.07244856551741649,0.08754175365115036,0,109,412
HM+ST,ctid,attack_flow,44,60,0.2,0.6,0.2,0.06789416457405487,0.08473290749002257,0,109,412
HM+ST,ctid,attack_flow,44,60,0.1,0.6,0.3,0.06507914550887521,0.08068365058390585,0,109,412
HM+ST,ctid,attack_flow,44,60,0.0,0.6,0.4,0.05189979372453541,0.06641684000458492,0,109,412
HM+ST,ctid,attack_flow,44,60,0.3,0.7,0.0,0.074491783933122,0.08538385644894356,0,109,412
HM+ST,ctid,attack_flow,44,60,0.2,0.7,0.1,0.06952293542756223,0.08195542410543852,0,109,412
HM+ST,ctid,attack_flow,44,60,0.1,0.7,0.2,0.0662163748663677,0.0741214956213883,0,109,412
HM+ST,ctid,attack_flow,44,60,0.0,0.7,0.3,0.0604662969236921,0.06810122130707671,0,109,412
HM+ST,ctid,attack_flow,44,60,0.2,0.8,0.0,0.07132901073128167,0.07332693337335705,0,109,412
HM+ST,ctid,attack_flow,44,60,0.1,0.8,0.1,0.06679703963197217,0.06886742564229209,0,109,412
HM+ST,ctid,attack_flow,44,60,0.0,0.8,0.2,0.06038102227388435,0.060848177879072485,0,109,412
HM+ST,ctid,attack_flow,44,60,0.1,0.9,0.0,0.07054361770949595,0.06467566836716664,0,109,412
HM+ST,ctid,attack_flow,44,60,0.0,0.9,0.1,0.06448142152192557,0.058004243479169694,0,109,412
HM+ST,ctid,attack_flow,44,60,0.0,1.0,0.0,0.06636392332919902,0.057485137560333154,0,109,412
HM+ST,ctid,attack_flow,44,80,1.0,0.0,0.0,0.07787324920751497,0.10532388305352063,0,109,412
HM+ST,ctid,attack_flow,44,80,0.9,0.0,0.1,0.07070539207852759,0.10498726373403702,0,109,412
HM+ST,ctid,attack_flow,44,80,0.8,0.0,0.2,0.06992128397436301,0.10232370808375883,0,109,412
HM+ST,ctid,attack_flow,44,80,0.7,0.0,0.3,0.057697308829703066,0.10139327869456416,0,109,412
HM+ST,ctid,attack_flow,44,80,0.6,0.0,0.4,0.05574046720234547,0.09940345772092564,0,109,412
HM+ST,ctid,attack_flow,44,80,0.5,0.0,0.5,0.056505016520374686,0.09955241871302405,0,109,412
HM+ST,ctid,attack_flow,44,80,0.4,0.0,0.6,0.055879872248595266,0.0991013289816245,0,109,412
HM+ST,ctid,attack_flow,44,80,0.3,0.0,0.7,0.05593405344295652,0.09354187675084433,0,109,412
HM+ST,ctid,attack_flow,44,80,0.2,0.0,0.8,0.05365014057474088,0.0824690489801879,0,109,412
HM+ST,ctid,attack_flow,44,80,0.1,0.0,0.9,0.057084754785453794,0.08562426739887562,0,109,412
HM+ST,ctid,attack_flow,44,80,0.0,0.0,1.0,0.027243319745313046,0.021884687257427662,0,109,412
HM+ST,ctid,attack_flow,44,80,0.9,0.1,0.0,0.07922263266809232,0.1019619768848534,0,109,412
HM+ST,ctid,attack_flow,44,80,0.8,0.1,0.1,0.07706937434909342,0.10675588492724095,0,109,412
HM+ST,ctid,attack_flow,44,80,0.7,0.1,0.2,0.06527651966112122,0.10642155286583513,0,109,412
HM+ST,ctid,attack_flow,44,80,0.6,0.1,0.3,0.05252646539181234,0.10095220023742901,0,109,412
HM+ST,ctid,attack_flow,44,80,0.5,0.1,0.4,0.053228561555658103,0.09746754412072538,0,109,412
HM+ST,ctid,attack_flow,44,80,0.4,0.1,0.5,0.053866446085250166,0.09603196786516796,0,109,412
HM+ST,ctid,attack_flow,44,80,0.3,0.1,0.6,0.05376142634166139,0.09568048900332514,0,109,412
HM+ST,ctid,attack_flow,44,80,0.2,0.1,0.7,0.054054824728576804,0.08489775202236668,0,109,412
HM+ST,ctid,attack_flow,44,80,0.1,0.1,0.8,0.05665531852651485,0.07872225399709158,0,109,412
HM+ST,ctid,attack_flow,44,80,0.0,0.1,0.9,0.05316631522450811,0.06882926291893049,0,109,412
HM+ST,ctid,attack_flow,44,80,0.8,0.2,0.0,0.07625175103048494,0.09594043292788636,0,109,412
HM+ST,ctid,attack_flow,44,80,0.7,0.2,0.1,0.07622232065127436,0.10816911400759896,0,109,412
HM+ST,ctid,attack_flow,44,80,0.6,0.2,0.2,0.06905176533073352,0.10094403899979869,0,109,412
HM+ST,ctid,attack_flow,44,80,0.5,0.2,0.3,0.062462505525444544,0.09284495583454584,0,109,412
HM+ST,ctid,attack_flow,44,80,0.4,0.2,0.4,0.05362818695915985,0.08920407780116879,0,109,412
HM+ST,ctid,attack_flow,44,80,0.3,0.2,0.5,0.05484720795863389,0.08815980038266372,0,109,412
HM+ST,ctid,attack_flow,44,80,0.2,0.2,0.6,0.05419578517170777,0.07722477236023208,0,109,412
HM+ST,ctid,attack_flow,44,80,0.1,0.2,0.7,0.05431571148224867,0.06683509744182208,0,109,412
HM+ST,ctid,attack_flow,44,80,0.0,0.2,0.8,0.05613468329875298,0.05866398711301679,0,109,412
HM+ST,ctid,attack_flow,44,80,0.7,0.3,0.0,0.08014062086209463,0.08926809474727293,0,109,412
HM+ST,ctid,attack_flow,44,80,0.6,0.3,0.1,0.07762402185531812,0.09047628463510618,0,109,412
HM+ST,ctid,attack_flow,44,80,0.5,0.3,0.2,0.07202437154970749,0.092767275295214,0,109,412
HM+ST,ctid,attack_flow,44,80,0.4,0.3,0.3,0.06672675584090706,0.08555972164838355,0,109,412
HM+ST,ctid,attack_flow,44,80,0.3,0.3,0.4,0.05537015080923794,0.08199499262176799,0,109,412
HM+ST,ctid,attack_flow,44,80,0.2,0.3,0.5,0.054773163412384515,0.07487548688720772,0,109,412
HM+ST,ctid,attack_flow,44,80,0.1,0.3,0.6,0.05446196409766309,0.06903088330304231,0,109,412
HM+ST,ctid,attack_flow,44,80,0.0,0.3,0.7,0.05441187412712069,0.058076491680676065,0,109,412
HM+ST,ctid,attack_flow,44,80,0.6,0.4,0.0,0.08013940529519091,0.09211528966222156,0,109,412
HM+ST,ctid,attack_flow,44,80,0.5,0.4,0.1,0.07590190637871003,0.08816789239867542,0,109,412
HM+ST,ctid,attack_flow,44,80,0.4,0.4,0.2,0.07030303124775747,0.0870569622567209,0,109,412
HM+ST,ctid,attack_flow,44,80,0.3,0.4,0.3,0.06875135132362854,0.08624828054452763,0,109,412
HM+ST,ctid,attack_flow,44,80,0.2,0.4,0.4,0.05916003742262007,0.08040401303547288,0,109,412
HM+ST,ctid,attack_flow,44,80,0.1,0.4,0.5,0.056181566657615804,0.06660833402953359,0,109,412
HM+ST,ctid,attack_flow,44,80,0.0,0.4,0.6,0.050566379334066894,0.0546884399868716,0,109,412
HM+ST,ctid,attack_flow,44,80,0.5,0.5,0.0,0.07877225624425728,0.08876434568999206,0,109,412
HM+ST,ctid,attack_flow,44,80,0.4,0.5,0.1,0.07425710877204045,0.08635674227265952,0,109,412
HM+ST,ctid,attack_flow,44,80,0.3,0.5,0.2,0.07197935775589405,0.08344202233852188,0,109,412
HM+ST,ctid,attack_flow,44,80,0.2,0.5,0.3,0.06979213415670746,0.08427493923061685,0,109,412
HM+ST,ctid,attack_flow,44,80,0.1,0.5,0.4,0.05978021596335644,0.06702107699971954,0,109,412
HM+ST,ctid,attack_flow,44,80,0.0,0.5,0.5,0.051121250933321205,0.056573218319961274,0,109,412
HM+ST,ctid,attack_flow,44,80,0.4,0.6,0.0,0.07756105630298989,0.08276739289240063,0,109,412
HM+ST,ctid,attack_flow,44,80,0.3,0.6,0.1,0.0725640883204004,0.08009168393547819,0,109,412
HM+ST,ctid,attack_flow,44,80,0.2,0.6,0.2,0.07258953805331406,0.07708926910877238,0,109,412
HM+ST,ctid,attack_flow,44,80,0.1,0.6,0.3,0.06855866516635604,0.07185101201304714,0,109,412
HM+ST,ctid,attack_flow,44,80,0.0,0.6,0.4,0.06074283091650866,0.05618613779709568,0,109,412
HM+ST,ctid,attack_flow,44,80,0.3,0.7,0.0,0.07764690741274796,0.07874495250796876,0,109,412
HM+ST,ctid,attack_flow,44,80,0.2,0.7,0.1,0.07020657786408951,0.07490712007482016,0,109,412
HM+ST,ctid,attack_flow,44,80,0.1,0.7,0.2,0.07178043837089541,0.07145303339657993,0,109,412
HM+ST,ctid,attack_flow,44,80,0.0,0.7,0.3,0.06580894050851292,0.059104831114609103,0,109,412
HM+ST,ctid,attack_flow,44,80,0.2,0.8,0.0,0.07448950371734568,0.06820207471579848,0,109,412
HM+ST,ctid,attack_flow,44,80,0.1,0.8,0.1,0.07059027717453423,0.06856093527300275,0,109,412
HM+ST,ctid,attack_flow,44,80,0.0,0.8,0.2,0.06986961629584346,0.055732867032094166,0,109,412
HM+ST,ctid,attack_flow,44,80,0.1,0.9,0.0,0.07501571864090423,0.058036750367296865,0,109,412
HM+ST,ctid,attack_flow,44,80,0.0,0.9,0.1,0.0672347745016963,0.0550213440484386,0,109,412
HM+ST,ctid,attack_flow,44,80,0.0,1.0,0.0,0.07315423614538274,0.05519968775804447,0,109,412
HM+ST,ctid,attack_flow,45,100,1.0,0.0,0.0,0.08215207485401285,0.10532388305352063,0,109,412
HM+ST,ctid,attack_flow,45,100,0.9,0.0,0.1,0.08247369493981445,0.10498726373403702,0,109,412
HM+ST,ctid,attack_flow,45,100,0.8,0.0,0.2,0.07204895908526712,0.10232370808375883,0,109,412
HM+ST,ctid,attack_flow,45,100,0.7,0.0,0.3,0.05836631067752709,0.10139327869456416,0,109,412
HM+ST,ctid,attack_flow,45,100,0.6,0.0,0.4,0.059735331589958904,0.09940345772092564,0,109,412
HM+ST,ctid,attack_flow,45,100,0.5,0.0,0.5,0.05773170202679732,0.09955241871302405,0,109,412
HM+ST,ctid,attack_flow,45,100,0.4,0.0,0.6,0.0571065577550179,0.0991013289816245,0,109,412
HM+ST,ctid,attack_flow,45,100,0.3,0.0,0.7,0.05716073894937915,0.09354187675084433,0,109,412
HM+ST,ctid,attack_flow,45,100,0.2,0.0,0.8,0.0548036801907415,0.0824690489801879,0,109,412
HM+ST,ctid,attack_flow,45,100,0.1,0.0,0.9,0.058311440291876425,0.08562426739887562,0,109,412
HM+ST,ctid,attack_flow,45,100,0.0,0.0,1.0,0.027243319745313046,0.021884687257427662,0,109,412
HM+ST,ctid,attack_flow,45,100,0.9,0.1,0.0,0.08247623172693617,0.10099219807681259,0,109,412
HM+ST,ctid,attack_flow,45,100,0.8,0.1,0.1,0.08317856422151955,0.1067408497671772,0,109,412
HM+ST,ctid,attack_flow,45,100,0.7,0.1,0.2,0.07186354137570897,0.10644980267308315,0,109,412
HM+ST,ctid,attack_flow,45,100,0.6,0.1,0.3,0.05659195150002852,0.10045242415925226,0,109,412
HM+ST,ctid,attack_flow,45,100,0.5,0.1,0.4,0.05273504683919092,0.09456452654034286,0,109,412
HM+ST,ctid,attack_flow,45,100,0.4,0.1,0.5,0.05362201016890583,0.0956126062551983,0,109,412
HM+ST,ctid,attack_flow,45,100,0.3,0.1,0.6,0.05387736954684727,0.09347852690309935,0,109,412
HM+ST,ctid,attack_flow,45,100,0.2,0.1,0.7,0.05363983035634666,0.08314984015174563,0,109,412
HM+ST,ctid,attack_flow,45,100,0.1,0.1,0.8,0.05479207498403237,0.07551354028523613,0,109,412
HM+ST,ctid,attack_flow,45,100,0.0,0.1,0.9,0.05033358142175918,0.07013856770697657,0,109,412
HM+ST,ctid,attack_flow,45,100,0.8,0.2,0.0,0.08143474720687476,0.09362628523731926,0,109,412
HM+ST,ctid,attack_flow,45,100,0.7,0.2,0.1,0.07883868126329134,0.10070980340480071,0,109,412
HM+ST,ctid,attack_flow,45,100,0.6,0.2,0.2,0.07282863227287946,0.09773831736213476,0,109,412
HM+ST,ctid,attack_flow,45,100,0.5,0.2,0.3,0.05908881735516963,0.09147243669387393,0,109,412
HM+ST,ctid,attack_flow,45,100,0.4,0.2,0.4,0.054077064539148394,0.08494167450135076,0,109,412
HM+ST,ctid,attack_flow,45,100,0.3,0.2,0.5,0.05385302893224974,0.0790170814991041,0,109,412
HM+ST,ctid,attack_flow,45,100,0.2,0.2,0.6,0.05271538387990106,0.06990689203732484,0,109,412
HM+ST,ctid,attack_flow,45,100,0.1,0.2,0.7,0.05283487850572377,0.06325622864588441,0,109,412
HM+ST,ctid,attack_flow,45,100,0.0,0.2,0.8,0.054005921422418446,0.06068704037079668,0,109,412
HM+ST,ctid,attack_flow,45,100,0.7,0.3,0.0,0.08314438193685043,0.08774867242258588,0,109,412
HM+ST,ctid,attack_flow,45,100,0.6,0.3,0.1,0.07854611619303488,0.08656195735439101,0,109,412
HM+ST,ctid,attack_flow,45,100,0.5,0.3,0.2,0.07248155005430823,0.08895102921843459,0,109,412
HM+ST,ctid,attack_flow,45,100,0.4,0.3,0.3,0.06239394107365213,0.08225783242063826,0,109,412
HM+ST,ctid,attack_flow,45,100,0.3,0.3,0.4,0.05543908290462871,0.07576097626284442,0,109,412
HM+ST,ctid,attack_flow,45,100,0.2,0.3,0.5,0.053500202323036934,0.06761829918933555,0,109,412
HM+ST,ctid,attack_flow,45,100,0.1,0.3,0.6,0.05315781459791374,0.06660306712625053,0,109,412
HM+ST,ctid,attack_flow,45,100,0.0,0.3,0.7,0.05223885100383264,0.05747143879834464,0,109,412
HM+ST,ctid,attack_flow,45,100,0.6,0.4,0.0,0.08014844401977078,0.08339213182031599,0,109,412
HM+ST,ctid,attack_flow,45,100,0.5,0.4,0.1,0.07912654089285,0.08077169278590866,0,109,412
HM+ST,ctid,attack_flow,45,100,0.4,0.4,0.2,0.0725410773862007,0.07711071385926946,0,109,412
HM+ST,ctid,attack_flow,45,100,0.3,0.4,0.3,0.06578862514011395,0.07541711387140723,0,109,412
HM+ST,ctid,attack_flow,45,100,0.2,0.4,0.4,0.056562396609546546,0.07218742373915744,0,109,412
HM+ST,ctid,attack_flow,45,100,0.1,0.4,0.5,0.05399199626499848,0.0647618285877514,0,109,412
HM+ST,ctid,attack_flow,45,100,0.0,0.4,0.6,0.048308578646201646,0.05209935282858317,0,109,412
HM+ST,ctid,attack_flow,45,100,0.5,0.5,0.0,0.07855961614006132,0.08086112819851968,0,109,412
HM+ST,ctid,attack_flow,45,100,0.4,0.5,0.1,0.0763420610392875,0.07690134305797318,0,109,412
HM+ST,ctid,attack_flow,45,100,0.3,0.5,0.2,0.07165057511227965,0.07328313014697552,0,109,412
HM+ST,ctid,attack_flow,45,100,0.2,0.5,0.3,0.06586847861683551,0.07139034306316502,0,109,412
HM+ST,ctid,attack_flow,45,100,0.1,0.5,0.4,0.05478119700545331,0.0621874851825728,0,109,412
HM+ST,ctid,attack_flow,45,100,0.0,0.5,0.5,0.04987801357345157,0.05397990963661712,0,109,412
HM+ST,ctid,attack_flow,45,100,0.4,0.6,0.0,0.07910711332511237,0.07777218581975745,0,109,412
HM+ST,ctid,attack_flow,45,100,0.3,0.6,0.1,0.07543781167933712,0.07499169513774759,0,109,412
HM+ST,ctid,attack_flow,45,100,0.2,0.6,0.2,0.07100963750750265,0.07083513361789,0,109,412
HM+ST,ctid,attack_flow,45,100,0.1,0.6,0.3,0.06079939976338929,0.06475470186124434,0,109,412
HM+ST,ctid,attack_flow,45,100,0.0,0.6,0.4,0.05369582817350428,0.05600946325407248,0,109,412
HM+ST,ctid,attack_flow,45,100,0.3,0.7,0.0,0.07826981678931005,0.0731199081007746,0,109,412
HM+ST,ctid,attack_flow,45,100,0.2,0.7,0.1,0.0731904582914152,0.07057237170887137,0,109,412
HM+ST,ctid,attack_flow,45,100,0.1,0.7,0.2,0.06925989546274369,0.06692204838859517,0,109,412
HM+ST,ctid,attack_flow,45,100,0.0,0.7,0.3,0.05878215555019476,0.05931351849126485,0,109,412
HM+ST,ctid,attack_flow,45,100,0.2,0.8,0.0,0.07564824272567576,0.06283920964178602,0,109,412
HM+ST,ctid,attack_flow,45,100,0.1,0.8,0.1,0.06992831807891195,0.06494596778696,0,109,412
HM+ST,ctid,attack_flow,45,100,0.0,0.8,0.2,0.06444964400811794,0.05067467063328694,0,109,412
HM+ST,ctid,attack_flow,45,100,0.1,0.9,0.0,0.07461468456176759,0.05437446925851928,0,109,412
HM+ST,ctid,attack_flow,45,100,0.0,0.9,0.1,0.06825239451862067,0.05281316036094306,0,109,412
HM+ST,ctid,attack_flow,45,100,0.0,1.0,0.0,0.07637318589635596,0.05285116417196402,0,109,412
HM+ST,ctid,attack_flow,45,20,1.0,0.0,0.0,0.08215207485401285,0.10532388305352063,0,109,412
HM+ST,ctid,attack_flow,45,20,0.9,0.0,0.1,0.08247369493981445,0.10498726373403702,0,109,412
HM+ST,ctid,attack_flow,45,20,0.8,0.0,0.2,0.07204895908526712,0.10232370808375883,0,109,412
HM+ST,ctid,attack_flow,45,20,0.7,0.0,0.3,0.05836631067752709,0.10139327869456416,0,109,412
HM+ST,ctid,attack_flow,45,20,0.6,0.0,0.4,0.059735331589958904,0.09940345772092564,0,109,412
HM+ST,ctid,attack_flow,45,20,0.5,0.0,0.5,0.05773170202679732,0.09955241871302405,0,109,412
HM+ST,ctid,attack_flow,45,20,0.4,0.0,0.6,0.0571065577550179,0.0991013289816245,0,109,412
HM+ST,ctid,attack_flow,45,20,0.3,0.0,0.7,0.05716073894937915,0.09354187675084433,0,109,412
HM+ST,ctid,attack_flow,45,20,0.2,0.0,0.8,0.0548036801907415,0.0824690489801879,0,109,412
HM+ST,ctid,attack_flow,45,20,0.1,0.0,0.9,0.058311440291876425,0.08562426739887562,0,109,412
HM+ST,ctid,attack_flow,45,20,0.0,0.0,1.0,0.027243319745313046,0.021884687257427662,0,109,412
HM+ST,ctid,attack_flow,45,20,0.9,0.1,0.0,0.0808988623067456,0.10440395466678454,0,109,412
HM+ST,ctid,attack_flow,45,20,0.8,0.1,0.1,0.08212951465928937,0.10919916351624945,0,109,412
HM+ST,ctid,attack_flow,45,20,0.7,0.1,0.2,0.07454037506847469,0.10762677357539885,0,109,412
HM+ST,ctid,attack_flow,45,20,0.6,0.1,0.3,0.057590248113599786,0.10144877504386936,0,109,412
HM+ST,ctid,attack_flow,45,20,0.5,0.1,0.4,0.05731193174005201,0.09818963608710606,0,109,412
HM+ST,ctid,attack_flow,45,20,0.4,0.1,0.5,0.057868310744760544,0.09849298504051954,0,109,412
HM+ST,ctid,attack_flow,45,20,0.3,0.1,0.6,0.057935073081964446,0.0991830403624474,0,109,412
HM+ST,ctid,attack_flow,45,20,0.2,0.1,0.7,0.052980167894741845,0.09594782578222194,0,109,412
HM+ST,ctid,attack_flow,45,20,0.1,0.1,0.8,0.05221054437906388,0.08745083547397334,0,109,412
HM+ST,ctid,attack_flow,45,20,0.0,0.1,0.9,0.05136626379058738,0.07652524589583651,0,109,412
HM+ST,ctid,attack_flow,45,20,0.8,0.2,0.0,0.07846319165328831,0.09653060411595736,0,109,412
HM+ST,ctid,attack_flow,45,20,0.7,0.2,0.1,0.08219383928154442,0.10392540190632885,0,109,412
HM+ST,ctid,attack_flow,45,20,0.6,0.2,0.2,0.0756240298220325,0.10367513456388996,0,109,412
HM+ST,ctid,attack_flow,45,20,0.5,0.2,0.3,0.06820971604957557,0.0981850081763426,0,109,412
HM+ST,ctid,attack_flow,45,20,0.4,0.2,0.4,0.052810959110821454,0.08902840447513002,0,109,412
HM+ST,ctid,attack_flow,45,20,0.3,0.2,0.5,0.05288092057306052,0.09105169786494506,0,109,412
HM+ST,ctid,attack_flow,45,20,0.2,0.2,0.6,0.05187539075776406,0.08634209698713183,0,109,412
HM+ST,ctid,attack_flow,45,20,0.1,0.2,0.7,0.05392856335616693,0.08204310116202242,0,109,412
HM+ST,ctid,attack_flow,45,20,0.0,0.2,0.8,0.05319562815188741,0.07463837539142987,0,109,412
HM+ST,ctid,attack_flow,45,20,0.7,0.3,0.0,0.079532082041673,0.09243884805813281,0,109,412
HM+ST,ctid,attack_flow,45,20,0.6,0.3,0.1,0.06796674578902108,0.0903418222980832,0,109,412
HM+ST,ctid,attack_flow,45,20,0.5,0.3,0.2,0.06976349182251736,0.09083772338967495,0,109,412
HM+ST,ctid,attack_flow,45,20,0.4,0.3,0.3,0.06615438987514788,0.08653078959984697,0,109,412
HM+ST,ctid,attack_flow,45,20,0.3,0.3,0.4,0.05257390940386585,0.08806244224150994,0,109,412
HM+ST,ctid,attack_flow,45,20,0.2,0.3,0.5,0.05314265471091759,0.08477087399722043,0,109,412
HM+ST,ctid,attack_flow,45,20,0.1,0.3,0.6,0.05016288288018774,0.07828352187585219,0,109,412
HM+ST,ctid,attack_flow,45,20,0.0,0.3,0.7,0.048126581246016924,0.06902174184386259,0,109,412
HM+ST,ctid,attack_flow,45,20,0.6,0.4,0.0,0.07961788827927639,0.08827106773859855,0,109,412
HM+ST,ctid,attack_flow,45,20,0.5,0.4,0.1,0.06861140668191108,0.08953287159604315,0,109,412
HM+ST,ctid,attack_flow,45,20,0.4,0.4,0.2,0.0674757852518064,0.08985224972919041,0,109,412
HM+ST,ctid,attack_flow,45,20,0.3,0.4,0.3,0.06678074242990925,0.08377368332834792,0,109,412
HM+ST,ctid,attack_flow,45,20,0.2,0.4,0.4,0.052084766463617885,0.0807281883389272,0,109,412
HM+ST,ctid,attack_flow,45,20,0.1,0.4,0.5,0.049476885144137346,0.07666374173361427,0,109,412
HM+ST,ctid,attack_flow,45,20,0.0,0.4,0.6,0.04699564856479923,0.07238633114620785,0,109,412
HM+ST,ctid,attack_flow,45,20,0.5,0.5,0.0,0.08279233015912957,0.0867179484484486,0,109,412
HM+ST,ctid,attack_flow,45,20,0.4,0.5,0.1,0.06738559120018403,0.08787184983015324,0,109,412
HM+ST,ctid,attack_flow,45,20,0.3,0.5,0.2,0.0648686651857356,0.08448018217178302,0,109,412
HM+ST,ctid,attack_flow,45,20,0.2,0.5,0.3,0.06497165592131646,0.07991339434368888,0,109,412
HM+ST,ctid,attack_flow,45,20,0.1,0.5,0.4,0.055463183974277644,0.07339589217416002,0,109,412
HM+ST,ctid,attack_flow,45,20,0.0,0.5,0.5,0.04805414850517651,0.061124748856792734,0,109,412
HM+ST,ctid,attack_flow,45,20,0.4,0.6,0.0,0.07654227419978397,0.0776557026730822,0,109,412
HM+ST,ctid,attack_flow,45,20,0.3,0.6,0.1,0.06652712117438919,0.08003477387347249,0,109,412
HM+ST,ctid,attack_flow,45,20,0.2,0.6,0.2,0.06402835121594858,0.07383419386182213,0,109,412
HM+ST,ctid,attack_flow,45,20,0.1,0.6,0.3,0.06537395221021938,0.06931664886416997,0,109,412
HM+ST,ctid,attack_flow,45,20,0.0,0.6,0.4,0.06266896141664585,0.060059377666504786,0,109,412
HM+ST,ctid,attack_flow,45,20,0.3,0.7,0.0,0.06734607301167035,0.06663704552579663,0,109,412
HM+ST,ctid,attack_flow,45,20,0.2,0.7,0.1,0.06617601667660107,0.06601216685573734,0,109,412
HM+ST,ctid,attack_flow,45,20,0.1,0.7,0.2,0.06576195840660042,0.06540575763057538,0,109,412
HM+ST,ctid,attack_flow,45,20,0.0,0.7,0.3,0.06532292317994354,0.0633645441766615,0,109,412
HM+ST,ctid,attack_flow,45,20,0.2,0.8,0.0,0.06788438833568768,0.06374769085903953,0,109,412
HM+ST,ctid,attack_flow,45,20,0.1,0.8,0.1,0.06662725755990376,0.06278994867744508,0,109,412
HM+ST,ctid,attack_flow,45,20,0.0,0.8,0.2,0.06506840260190554,0.06391148371581304,0,109,412
HM+ST,ctid,attack_flow,45,20,0.1,0.9,0.0,0.06784167095335027,0.062493278189076185,0,109,412
HM+ST,ctid,attack_flow,45,20,0.0,0.9,0.1,0.06614138007636135,0.06213476148018867,0,109,412
HM+ST,ctid,attack_flow,45,20,0.0,1.0,0.0,0.06626162537653237,0.062624718599025,0,109,412
HM+ST,ctid,attack_flow,45,40,1.0,0.0,0.0,0.08215207485401285,0.10532388305352063,0,109,412
HM+ST,ctid,attack_flow,45,40,0.9,0.0,0.1,0.08247369493981445,0.10498726373403702,0,109,412
HM+ST,ctid,attack_flow,45,40,0.8,0.0,0.2,0.07204895908526712,0.10232370808375883,0,109,412
HM+ST,ctid,attack_flow,45,40,0.7,0.0,0.3,0.05836631067752709,0.10139327869456416,0,109,412
HM+ST,ctid,attack_flow,45,40,0.6,0.0,0.4,0.059735331589958904,0.09940345772092564,0,109,412
HM+ST,ctid,attack_flow,45,40,0.5,0.0,0.5,0.05773170202679732,0.09955241871302405,0,109,412
HM+ST,ctid,attack_flow,45,40,0.4,0.0,0.6,0.0571065577550179,0.0991013289816245,0,109,412
HM+ST,ctid,attack_flow,45,40,0.3,0.0,0.7,0.05716073894937915,0.09354187675084433,0,109,412
HM+ST,ctid,attack_flow,45,40,0.2,0.0,0.8,0.0548036801907415,0.0824690489801879,0,109,412
HM+ST,ctid,attack_flow,45,40,0.1,0.0,0.9,0.058311440291876425,0.08562426739887562,0,109,412
HM+ST,ctid,attack_flow,45,40,0.0,0.0,1.0,0.027243319745313046,0.021884687257427662,0,109,412
HM+ST,ctid,attack_flow,45,40,0.9,0.1,0.0,0.08317805390648901,0.10414028527727175,0,109,412
HM+ST,ctid,attack_flow,45,40,0.8,0.1,0.1,0.08245874123189349,0.10979492500818744,0,109,412
HM+ST,ctid,attack_flow,45,40,0.7,0.1,0.2,0.07490269253406903,0.1078932355379841,0,109,412
HM+ST,ctid,attack_flow,45,40,0.6,0.1,0.3,0.056658145141571054,0.10145824781174509,0,109,412
HM+ST,ctid,attack_flow,45,40,0.5,0.1,0.4,0.05221259484929137,0.09744571988520952,0,109,412
HM+ST,ctid,attack_flow,45,40,0.4,0.1,0.5,0.05393032119149061,0.09695331583036859,0,109,412
HM+ST,ctid,attack_flow,45,40,0.3,0.1,0.6,0.054124793568357116,0.09724715037587114,0,109,412
HM+ST,ctid,attack_flow,45,40,0.2,0.1,0.7,0.0527741401707651,0.09631052829218116,0,109,412
HM+ST,ctid,attack_flow,45,40,0.1,0.1,0.8,0.05523460477663119,0.0862912199882301,0,109,412
HM+ST,ctid,attack_flow,45,40,0.0,0.1,0.9,0.05110134905076461,0.07561735224222654,0,109,412
HM+ST,ctid,attack_flow,45,40,0.8,0.2,0.0,0.07817883917474733,0.09735717301595644,0,109,412
HM+ST,ctid,attack_flow,45,40,0.7,0.2,0.1,0.0822282874590996,0.10967612693211268,0,109,412
HM+ST,ctid,attack_flow,45,40,0.6,0.2,0.2,0.07187752787105178,0.10515796669974067,0,109,412
HM+ST,ctid,attack_flow,45,40,0.5,0.2,0.3,0.06214148515566772,0.0982809780074823,0,109,412
HM+ST,ctid,attack_flow,45,40,0.4,0.2,0.4,0.053221865455569395,0.09650257377597661,0,109,412
HM+ST,ctid,attack_flow,45,40,0.3,0.2,0.5,0.053169494095878046,0.0936032243678301,0,109,412
HM+ST,ctid,attack_flow,45,40,0.2,0.2,0.6,0.05247883829665742,0.08976055358596803,0,109,412
HM+ST,ctid,attack_flow,45,40,0.1,0.2,0.7,0.052787398862591775,0.07891127544990763,0,109,412
HM+ST,ctid,attack_flow,45,40,0.0,0.2,0.8,0.05458358975159153,0.07469459230577533,0,109,412
HM+ST,ctid,attack_flow,45,40,0.7,0.3,0.0,0.07844309440391524,0.0922530311474256,0,109,412
HM+ST,ctid,attack_flow,45,40,0.6,0.3,0.1,0.07221859797980149,0.09215509097809985,0,109,412
HM+ST,ctid,attack_flow,45,40,0.5,0.3,0.2,0.06973870650359082,0.09301827109942004,0,109,412
HM+ST,ctid,attack_flow,45,40,0.4,0.3,0.3,0.06728653251033048,0.0934261236057336,0,109,412
HM+ST,ctid,attack_flow,45,40,0.3,0.3,0.4,0.053057682209902,0.0872966596798773,0,109,412
HM+ST,ctid,attack_flow,45,40,0.2,0.3,0.5,0.05340818608021846,0.08652906665790047,0,109,412
HM+ST,ctid,attack_flow,45,40,0.1,0.3,0.6,0.05346139744643174,0.08362726938279061,0,109,412
HM+ST,ctid,attack_flow,45,40,0.0,0.3,0.7,0.05200287926963238,0.07174232306649578,0,109,412
HM+ST,ctid,attack_flow,45,40,0.6,0.4,0.0,0.08202446166609448,0.09142850606097933,0,109,412
HM+ST,ctid,attack_flow,45,40,0.5,0.4,0.1,0.07070210713008396,0.09129360657500692,0,109,412
HM+ST,ctid,attack_flow,45,40,0.4,0.4,0.2,0.06719141483287554,0.09009440890996726,0,109,412
HM+ST,ctid,attack_flow,45,40,0.3,0.4,0.3,0.06783822609234542,0.09056453163453383,0,109,412
HM+ST,ctid,attack_flow,45,40,0.2,0.4,0.4,0.0542149864853477,0.08690346775185621,0,109,412
HM+ST,ctid,attack_flow,45,40,0.1,0.4,0.5,0.05096818951749575,0.07957504405906876,0,109,412
HM+ST,ctid,attack_flow,45,40,0.0,0.4,0.6,0.04787808658248987,0.06946202629074785,0,109,412
HM+ST,ctid,attack_flow,45,40,0.5,0.5,0.0,0.07973057180719029,0.08979157776396304,0,109,412
HM+ST,ctid,attack_flow,45,40,0.4,0.5,0.1,0.07044221310037256,0.08989861432466525,0,109,412
HM+ST,ctid,attack_flow,45,40,0.3,0.5,0.2,0.06789103756634038,0.0899888868045426,0,109,412
HM+ST,ctid,attack_flow,45,40,0.2,0.5,0.3,0.06538135871943251,0.08675553058977706,0,109,412
HM+ST,ctid,attack_flow,45,40,0.1,0.5,0.4,0.05395106318711532,0.07870662215934827,0,109,412
HM+ST,ctid,attack_flow,45,40,0.0,0.5,0.5,0.04750172020905349,0.06761578843796326,0,109,412
HM+ST,ctid,attack_flow,45,40,0.4,0.6,0.0,0.0805675243729957,0.0881541949104075,0,109,412
HM+ST,ctid,attack_flow,45,40,0.3,0.6,0.1,0.06879739223063515,0.08493820545916309,0,109,412
HM+ST,ctid,attack_flow,45,40,0.2,0.6,0.2,0.06408848583071297,0.08381598036099137,0,109,412
HM+ST,ctid,attack_flow,45,40,0.1,0.6,0.3,0.06471699148202321,0.08163319754627656,0,109,412
HM+ST,ctid,attack_flow,45,40,0.0,0.6,0.4,0.05749617517320468,0.06465194018859516,0,109,412
HM+ST,ctid,attack_flow,45,40,0.3,0.7,0.0,0.07091057988291269,0.07539989431423771,0,109,412
HM+ST,ctid,attack_flow,45,40,0.2,0.7,0.1,0.06471145978350201,0.07528707056203712,0,109,412
HM+ST,ctid,attack_flow,45,40,0.1,0.7,0.2,0.060184702265651896,0.07037588299872402,0,109,412
HM+ST,ctid,attack_flow,45,40,0.0,0.7,0.3,0.06327380442501003,0.06598090812909646,0,109,412
HM+ST,ctid,attack_flow,45,40,0.2,0.8,0.0,0.0685413342199002,0.06739649292767538,0,109,412
HM+ST,ctid,attack_flow,45,40,0.1,0.8,0.1,0.06424136795235635,0.06599086122461602,0,109,412
HM+ST,ctid,attack_flow,45,40,0.0,0.8,0.2,0.06038751837242679,0.06361011845422343,0,109,412
HM+ST,ctid,attack_flow,45,40,0.1,0.9,0.0,0.06691674357831033,0.06477907053498438,0,109,412
HM+ST,ctid,attack_flow,45,40,0.0,0.9,0.1,0.06204935226114039,0.0626062657439272,0,109,412
HM+ST,ctid,attack_flow,45,40,0.0,1.0,0.0,0.06391318977253053,0.0637322533992606,0,109,412
HM+ST,ctid,attack_flow,45,60,1.0,0.0,0.0,0.08215207485401285,0.10532388305352063,0,109,412
HM+ST,ctid,attack_flow,45,60,0.9,0.0,0.1,0.08247369493981445,0.10498726373403702,0,109,412
HM+ST,ctid,attack_flow,45,60,0.8,0.0,0.2,0.07204895908526712,0.10232370808375883,0,109,412
HM+ST,ctid,attack_flow,45,60,0.7,0.0,0.3,0.05836631067752709,0.10139327869456416,0,109,412
HM+ST,ctid,attack_flow,45,60,0.6,0.0,0.4,0.059735331589958904,0.09940345772092564,0,109,412
HM+ST,ctid,attack_flow,45,60,0.5,0.0,0.5,0.05773170202679732,0.09955241871302405,0,109,412
HM+ST,ctid,attack_flow,45,60,0.4,0.0,0.6,0.0571065577550179,0.0991013289816245,0,109,412
HM+ST,ctid,attack_flow,45,60,0.3,0.0,0.7,0.05716073894937915,0.09354187675084433,0,109,412
HM+ST,ctid,attack_flow,45,60,0.2,0.0,0.8,0.0548036801907415,0.0824690489801879,0,109,412
HM+ST,ctid,attack_flow,45,60,0.1,0.0,0.9,0.058311440291876425,0.08562426739887562,0,109,412
HM+ST,ctid,attack_flow,45,60,0.0,0.0,1.0,0.027243319745313046,0.021884687257427662,0,109,412
HM+ST,ctid,attack_flow,45,60,0.9,0.1,0.0,0.08379299001229099,0.10351847491809614,0,109,412
HM+ST,ctid,attack_flow,45,60,0.8,0.1,0.1,0.08253619841406212,0.1101319076464173,0,109,412
HM+ST,ctid,attack_flow,45,60,0.7,0.1,0.2,0.07434028633927181,0.10796414137850478,0,109,412
HM+ST,ctid,attack_flow,45,60,0.6,0.1,0.3,0.05720367630003346,0.10217998750305313,0,109,412
HM+ST,ctid,attack_flow,45,60,0.5,0.1,0.4,0.05661524655121539,0.0981153761977245,0,109,412
HM+ST,ctid,attack_flow,45,60,0.4,0.1,0.5,0.05427186268296116,0.09661352867579052,0,109,412
HM+ST,ctid,attack_flow,45,60,0.3,0.1,0.6,0.05407831925905593,0.09630745367658908,0,109,412
HM+ST,ctid,attack_flow,45,60,0.2,0.1,0.7,0.053723425659686096,0.09259199416307845,0,109,412
HM+ST,ctid,attack_flow,45,60,0.1,0.1,0.8,0.05558332548802082,0.08482364774751991,0,109,412
HM+ST,ctid,attack_flow,45,60,0.0,0.1,0.9,0.05155209738227973,0.07202615315330205,0,109,412
HM+ST,ctid,attack_flow,45,60,0.8,0.2,0.0,0.08199502404655522,0.09863226595010315,0,109,412
HM+ST,ctid,attack_flow,45,60,0.7,0.2,0.1,0.08216162607702698,0.11026351363061268,1,109,412
HM+ST,ctid,attack_flow,45,60,0.6,0.2,0.2,0.07203632241393397,0.10274434106775762,0,109,412
HM+ST,ctid,attack_flow,45,60,0.5,0.2,0.3,0.06400252750427778,0.09831518571566664,0,109,412
HM+ST,ctid,attack_flow,45,60,0.4,0.2,0.4,0.05341967293417211,0.09450013841230506,0,109,412
HM+ST,ctid,attack_flow,45,60,0.3,0.2,0.5,0.05318720625657185,0.09746520758843767,0,109,412
HM+ST,ctid,attack_flow,45,60,0.2,0.2,0.6,0.052661966856620036,0.08838366814360936,0,109,412
HM+ST,ctid,attack_flow,45,60,0.1,0.2,0.7,0.05229504312324786,0.0741529375316157,0,109,412
HM+ST,ctid,attack_flow,45,60,0.0,0.2,0.8,0.054613018917800196,0.06466744841128773,0,109,412
HM+ST,ctid,attack_flow,45,60,0.7,0.3,0.0,0.08176111951090523,0.09078174084058463,0,109,412
HM+ST,ctid,attack_flow,45,60,0.6,0.3,0.1,0.08337792057656629,0.09182075247590685,0,109,412
HM+ST,ctid,attack_flow,45,60,0.5,0.3,0.2,0.07175253229371484,0.09261693784999003,0,109,412
HM+ST,ctid,attack_flow,45,60,0.4,0.3,0.3,0.06885987437000207,0.08822281356319721,0,109,412
HM+ST,ctid,attack_flow,45,60,0.3,0.3,0.4,0.05330373356453801,0.08706699896264457,0,109,412
HM+ST,ctid,attack_flow,45,60,0.2,0.3,0.5,0.05233857522243521,0.08512589401297838,0,109,412
HM+ST,ctid,attack_flow,45,60,0.1,0.3,0.6,0.05318986194352067,0.08038996181391558,0,109,412
HM+ST,ctid,attack_flow,45,60,0.0,0.3,0.7,0.05308666368331667,0.0679910258292302,0,109,412
HM+ST,ctid,attack_flow,45,60,0.6,0.4,0.0,0.08168872795858124,0.09094375575401913,0,109,412
HM+ST,ctid,attack_flow,45,60,0.5,0.4,0.1,0.08297126080631406,0.09169719630021245,0,109,412
HM+ST,ctid,attack_flow,45,60,0.4,0.4,0.2,0.0722245690255004,0.0900245652214877,0,109,412
HM+ST,ctid,attack_flow,45,60,0.3,0.4,0.3,0.06862047167453737,0.0901088309907007,0,109,412
HM+ST,ctid,attack_flow,45,60,0.2,0.4,0.4,0.05711585947952586,0.08703919022522093,0,109,412
HM+ST,ctid,attack_flow,45,60,0.1,0.4,0.5,0.05312254812921683,0.07893400168699652,0,109,412
HM+ST,ctid,attack_flow,45,60,0.0,0.4,0.6,0.04835772436610141,0.06503633209821133,0,109,412
HM+ST,ctid,attack_flow,45,60,0.5,0.5,0.0,0.08182104565762195,0.0918293963787354,0,109,412
HM+ST,ctid,attack_flow,45,60,0.4,0.5,0.1,0.07732185193922454,0.09196399543201973,0,109,412
HM+ST,ctid,attack_flow,45,60,0.3,0.5,0.2,0.07325958576042857,0.08967609424425013,0,109,412
HM+ST,ctid,attack_flow,45,60,0.2,0.5,0.3,0.06824917983325578,0.08651884838964422,0,109,412
HM+ST,ctid,attack_flow,45,60,0.1,0.5,0.4,0.05517211579328135,0.07692809189926765,0,109,412
HM+ST,ctid,attack_flow,45,60,0.0,0.5,0.5,0.04854939414309191,0.06663789993040647,0,109,412
HM+ST,ctid,attack_flow,45,60,0.4,0.6,0.0,0.08130364365137945,0.08979618617840057,0,109,412
HM+ST,ctid,attack_flow,45,60,0.3,0.6,0.1,0.07736213765711904,0.08754175365115036,0,109,412
HM+ST,ctid,attack_flow,45,60,0.2,0.6,0.2,0.07168094456529198,0.08473290749002257,0,109,412
HM+ST,ctid,attack_flow,45,60,0.1,0.6,0.3,0.06714042549763413,0.08068365058390585,0,109,412
HM+ST,ctid,attack_flow,45,60,0.0,0.6,0.4,0.059287865321276265,0.06641684000458492,0,109,412
HM+ST,ctid,attack_flow,45,60,0.3,0.7,0.0,0.08012599529727982,0.08538385644894356,0,109,412
HM+ST,ctid,attack_flow,45,60,0.2,0.7,0.1,0.07516943465703464,0.08195542410543852,0,109,412
HM+ST,ctid,attack_flow,45,60,0.1,0.7,0.2,0.07004424147469032,0.0741214956213883,0,109,412
HM+ST,ctid,attack_flow,45,60,0.0,0.7,0.3,0.06462303513300137,0.06810122130707671,0,109,412
HM+ST,ctid,attack_flow,45,60,0.2,0.8,0.0,0.07803280060425638,0.07332693337335705,0,109,412
HM+ST,ctid,attack_flow,45,60,0.1,0.8,0.1,0.07428405137173542,0.06886742564229209,0,109,412
HM+ST,ctid,attack_flow,45,60,0.0,0.8,0.2,0.06755058082148555,0.060848177879072485,0,109,412
HM+ST,ctid,attack_flow,45,60,0.1,0.9,0.0,0.08330385434992515,0.06467566836716664,0,109,412
HM+ST,ctid,attack_flow,45,60,0.0,0.9,0.1,0.07985371984835961,0.058004243479169694,0,109,412
HM+ST,ctid,attack_flow,45,60,0.0,1.0,0.0,0.08598525440386691,0.057485137560333154,0,109,412
HM+ST,ctid,attack_flow,45,80,1.0,0.0,0.0,0.08215207485401285,0.10532388305352063,0,109,412
HM+ST,ctid,attack_flow,45,80,0.9,0.0,0.1,0.08247369493981445,0.10498726373403702,0,109,412
HM+ST,ctid,attack_flow,45,80,0.8,0.0,0.2,0.07204895908526712,0.10232370808375883,0,109,412
HM+ST,ctid,attack_flow,45,80,0.7,0.0,0.3,0.05836631067752709,0.10139327869456416,0,109,412
HM+ST,ctid,attack_flow,45,80,0.6,0.0,0.4,0.059735331589958904,0.09940345772092564,0,109,412
HM+ST,ctid,attack_flow,45,80,0.5,0.0,0.5,0.05773170202679732,0.09955241871302405,0,109,412
HM+ST,ctid,attack_flow,45,80,0.4,0.0,0.6,0.0571065577550179,0.0991013289816245,0,109,412
HM+ST,ctid,attack_flow,45,80,0.3,0.0,0.7,0.05716073894937915,0.09354187675084433,0,109,412
HM+ST,ctid,attack_flow,45,80,0.2,0.0,0.8,0.0548036801907415,0.0824690489801879,0,109,412
HM+ST,ctid,attack_flow,45,80,0.1,0.0,0.9,0.058311440291876425,0.08562426739887562,0,109,412
HM+ST,ctid,attack_flow,45,80,0.0,0.0,1.0,0.027243319745313046,0.021884687257427662,0,109,412
HM+ST,ctid,attack_flow,45,80,0.9,0.1,0.0,0.08320695117621932,0.1019619768848534,0,109,412
HM+ST,ctid,attack_flow,45,80,0.8,0.1,0.1,0.08245331620816675,0.10675588492724095,0,109,412
HM+ST,ctid,attack_flow,45,80,0.7,0.1,0.2,0.07370554756253885,0.10642155286583513,0,109,412
HM+ST,ctid,attack_flow,45,80,0.6,0.1,0.3,0.05714239648699089,0.10095220023742901,0,109,412
HM+ST,ctid,attack_flow,45,80,0.5,0.1,0.4,0.05666281313861325,0.09746754412072538,0,109,412
HM+ST,ctid,attack_flow,45,80,0.4,0.1,0.5,0.057551175485604567,0.09603196786516796,0,109,412
HM+ST,ctid,attack_flow,45,80,0.3,0.1,0.6,0.054431782146927135,0.09568048900332514,0,109,412
HM+ST,ctid,attack_flow,45,80,0.2,0.1,0.7,0.05448856967264216,0.08489775202236668,0,109,412
HM+ST,ctid,attack_flow,45,80,0.1,0.1,0.8,0.05295764185724911,0.07872225399709158,0,109,412
HM+ST,ctid,attack_flow,45,80,0.0,0.1,0.9,0.0508098253177502,0.06882926291893049,0,109,412
HM+ST,ctid,attack_flow,45,80,0.8,0.2,0.0,0.08218738292502219,0.09594043292788636,0,109,412
HM+ST,ctid,attack_flow,45,80,0.7,0.2,0.1,0.08065442850590639,0.10816911400759896,0,109,412
HM+ST,ctid,attack_flow,45,80,0.6,0.2,0.2,0.07240709229397344,0.10094403899979869,0,109,412
HM+ST,ctid,attack_flow,45,80,0.5,0.2,0.3,0.059107636806986975,0.09284495583454584,0,109,412
HM+ST,ctid,attack_flow,45,80,0.4,0.2,0.4,0.05418481694712817,0.08920407780116879,0,109,412
HM+ST,ctid,attack_flow,45,80,0.3,0.2,0.5,0.05502574770846837,0.08815980038266372,0,109,412
HM+ST,ctid,attack_flow,45,80,0.2,0.2,0.6,0.05271538387990106,0.07722477236023208,0,109,412
HM+ST,ctid,attack_flow,45,80,0.1,0.2,0.7,0.05249870595452,0.06683509744182208,0,109,412
HM+ST,ctid,attack_flow,45,80,0.0,0.2,0.8,0.052828301186175146,0.05866398711301679,0,109,412
HM+ST,ctid,attack_flow,45,80,0.7,0.3,0.0,0.08166339317741629,0.08926809474727293,0,109,412
HM+ST,ctid,attack_flow,45,80,0.6,0.3,0.1,0.08012757558768502,0.09047628463510618,0,109,412
HM+ST,ctid,attack_flow,45,80,0.5,0.3,0.2,0.07444121893124293,0.092767275295214,0,109,412
HM+ST,ctid,attack_flow,45,80,0.4,0.3,0.3,0.06563782870949607,0.08555972164838355,0,109,412
HM+ST,ctid,attack_flow,45,80,0.3,0.3,0.4,0.05434351258386712,0.08199499262176799,0,109,412
HM+ST,ctid,attack_flow,45,80,0.2,0.3,0.5,0.05387904535813329,0.07487548688720772,0,109,412
HM+ST,ctid,attack_flow,45,80,0.1,0.3,0.6,0.05315925917211011,0.06903088330304231,0,109,412
HM+ST,ctid,attack_flow,45,80,0.0,0.3,0.7,0.052569256846944815,0.058076491680676065,0,109,412
HM+ST,ctid,attack_flow,45,80,0.6,0.4,0.0,0.08354638147696293,0.09211528966222156,0,109,412
HM+ST,ctid,attack_flow,45,80,0.5,0.4,0.1,0.07960264038369089,0.08816789239867542,0,109,412
HM+ST,ctid,attack_flow,45,80,0.4,0.4,0.2,0.07174485515829618,0.0870569622567209,0,109,412
HM+ST,ctid,attack_flow,45,80,0.3,0.4,0.3,0.06523407814976886,0.08624828054452763,0,109,412
HM+ST,ctid,attack_flow,45,80,0.2,0.4,0.4,0.054944165511926074,0.08040401303547288,0,109,412
HM+ST,ctid,attack_flow,45,80,0.1,0.4,0.5,0.053608750076699775,0.06660833402953359,0,109,412
HM+ST,ctid,attack_flow,45,80,0.0,0.4,0.6,0.04804769466475605,0.0546884399868716,0,109,412
HM+ST,ctid,attack_flow,45,80,0.5,0.5,0.0,0.08094024279361316,0.08876434568999206,0,109,412
HM+ST,ctid,attack_flow,45,80,0.4,0.5,0.1,0.07686152273189437,0.08635674227265952,0,109,412
HM+ST,ctid,attack_flow,45,80,0.3,0.5,0.2,0.07170360217503702,0.08344202233852188,0,109,412
HM+ST,ctid,attack_flow,45,80,0.2,0.5,0.3,0.06606631954537429,0.08427493923061685,0,109,412
HM+ST,ctid,attack_flow,45,80,0.1,0.5,0.4,0.0530064302858661,0.06702107699971954,0,109,412
HM+ST,ctid,attack_flow,45,80,0.0,0.5,0.5,0.04760023541673693,0.056573218319961274,0,109,412
HM+ST,ctid,attack_flow,45,80,0.4,0.6,0.0,0.08040612654426277,0.08276739289240063,0,109,412
HM+ST,ctid,attack_flow,45,80,0.3,0.6,0.1,0.07526936053364475,0.08009168393547819,0,109,412
HM+ST,ctid,attack_flow,45,80,0.2,0.6,0.2,0.06979583381446519,0.07708926910877238,0,109,412
HM+ST,ctid,attack_flow,45,80,0.1,0.6,0.3,0.06394460305823862,0.07185101201304714,0,109,412
HM+ST,ctid,attack_flow,45,80,0.0,0.6,0.4,0.054193822196284415,0.05618613779709568,0,109,412
HM+ST,ctid,attack_flow,45,80,0.3,0.7,0.0,0.07944763822341401,0.07874495250796876,0,109,412
HM+ST,ctid,attack_flow,45,80,0.2,0.7,0.1,0.07418201564275143,0.07490712007482016,0,109,412
HM+ST,ctid,attack_flow,45,80,0.1,0.7,0.2,0.06812778280404576,0.07145303339657993,0,109,412
HM+ST,ctid,attack_flow,45,80,0.0,0.7,0.3,0.06278703548689027,0.059104831114609103,0,109,412
HM+ST,ctid,attack_flow,45,80,0.2,0.8,0.0,0.0766111154852413,0.06820207471579848,0,109,412
HM+ST,ctid,attack_flow,45,80,0.1,0.8,0.1,0.07173492256734702,0.06856093527300275,0,109,412
HM+ST,ctid,attack_flow,45,80,0.0,0.8,0.2,0.06747055258248702,0.055732867032094166,0,109,412
HM+ST,ctid,attack_flow,45,80,0.1,0.9,0.0,0.07484233588192414,0.058036750367296865,0,109,412
HM+ST,ctid,attack_flow,45,80,0.0,0.9,0.1,0.07108145428108496,0.0550213440484386,0,109,412
HM+ST,ctid,attack_flow,45,80,0.0,1.0,0.0,0.07704297951929795,0.05519968775804447,0,109,412
HM+ST,ctid,attack_flow,46,100,1.0,0.0,0.0,0.07464485880698872,0.10532388305352063,0,109,412
HM+ST,ctid,attack_flow,46,100,0.9,0.0,0.1,0.07259960892465858,0.10498726373403702,0,109,412
HM+ST,ctid,attack_flow,46,100,0.8,0.0,0.2,0.06762904846679527,0.10232370808375883,0,109,412
HM+ST,ctid,attack_flow,46,100,0.7,0.0,0.3,0.056322754689542676,0.10139327869456416,0,109,412
HM+ST,ctid,attack_flow,46,100,0.6,0.0,0.4,0.054398642574029016,0.09940345772092564,0,109,412
HM+ST,ctid,attack_flow,46,100,0.5,0.0,0.5,0.05516319189205824,0.09955241871302405,0,109,412
HM+ST,ctid,attack_flow,46,100,0.4,0.0,0.6,0.05453804762027882,0.0991013289816245,0,109,412
HM+ST,ctid,attack_flow,46,100,0.3,0.0,0.7,0.05459222881464007,0.09354187675084433,0,109,412
HM+ST,ctid,attack_flow,46,100,0.2,0.0,0.8,0.052235170056002415,0.0824690489801879,0,109,412
HM+ST,ctid,attack_flow,46,100,0.1,0.0,0.9,0.05574293015713735,0.08562426739887562,0,109,412
HM+ST,ctid,attack_flow,46,100,0.0,0.0,1.0,0.027243319745313046,0.021884687257427662,0,109,412
HM+ST,ctid,attack_flow,46,100,0.9,0.1,0.0,0.07589632386327788,0.10099219807681259,0,109,412
HM+ST,ctid,attack_flow,46,100,0.8,0.1,0.1,0.07249431010802179,0.1067408497671772,0,109,412
HM+ST,ctid,attack_flow,46,100,0.7,0.1,0.2,0.0698036869481392,0.10644980267308315,0,109,412
HM+ST,ctid,attack_flow,46,100,0.6,0.1,0.3,0.0549344227581925,0.10045242415925226,0,109,412
HM+ST,ctid,attack_flow,46,100,0.5,0.1,0.4,0.051592699645306994,0.09456452654034286,0,109,412
HM+ST,ctid,attack_flow,46,100,0.4,0.1,0.5,0.052612154020463486,0.0956126062551983,0,109,412
HM+ST,ctid,attack_flow,46,100,0.3,0.1,0.6,0.05137403515486917,0.09347852690309935,0,109,412
HM+ST,ctid,attack_flow,46,100,0.2,0.1,0.7,0.05215129120277737,0.08314984015174563,0,109,412
HM+ST,ctid,attack_flow,46,100,0.1,0.1,0.8,0.052650384161466064,0.07551354028523613,0,109,412
HM+ST,ctid,attack_flow,46,100,0.0,0.1,0.9,0.051947705708547294,0.07013856770697657,0,109,412
HM+ST,ctid,attack_flow,46,100,0.8,0.2,0.0,0.07612095979369708,0.09362628523731926,0,109,412
HM+ST,ctid,attack_flow,46,100,0.7,0.2,0.1,0.07536405307144675,0.10070980340480071,0,109,412
HM+ST,ctid,attack_flow,46,100,0.6,0.2,0.2,0.06879260666282525,0.09773831736213476,0,109,412
HM+ST,ctid,attack_flow,46,100,0.5,0.2,0.3,0.057335627531091504,0.09147243669387393,0,109,412
HM+ST,ctid,attack_flow,46,100,0.4,0.2,0.4,0.05218115983327202,0.08494167450135076,0,109,412
HM+ST,ctid,attack_flow,46,100,0.3,0.2,0.5,0.05253186042410596,0.0790170814991041,0,109,412
HM+ST,ctid,attack_flow,46,100,0.2,0.2,0.6,0.05203763272996015,0.06990689203732484,0,109,412
HM+ST,ctid,attack_flow,46,100,0.1,0.2,0.7,0.052211105939078475,0.06325622864588441,0,109,412
HM+ST,ctid,attack_flow,46,100,0.0,0.2,0.8,0.05343647005538636,0.06068704037079668,0,109,412
HM+ST,ctid,attack_flow,46,100,0.7,0.3,0.0,0.07921217913431657,0.08774867242258588,0,109,412
HM+ST,ctid,attack_flow,46,100,0.6,0.3,0.1,0.07520953283520246,0.08656195735439101,0,109,412
HM+ST,ctid,attack_flow,46,100,0.5,0.3,0.2,0.07316232012185898,0.08895102921843459,0,109,412
HM+ST,ctid,attack_flow,46,100,0.4,0.3,0.3,0.06179971974828098,0.08225783242063826,0,109,412
HM+ST,ctid,attack_flow,46,100,0.3,0.3,0.4,0.053337672733786756,0.07576097626284442,0,109,412
HM+ST,ctid,attack_flow,46,100,0.2,0.3,0.5,0.05262132769708087,0.06761829918933555,0,109,412
HM+ST,ctid,attack_flow,46,100,0.1,0.3,0.6,0.05327715757305372,0.06660306712625053,0,109,412
HM+ST,ctid,attack_flow,46,100,0.0,0.3,0.7,0.05172880924190374,0.05747143879834464,0,109,412
HM+ST,ctid,attack_flow,46,100,0.6,0.4,0.0,0.07850682315057556,0.08339213182031599,0,109,412
HM+ST,ctid,attack_flow,46,100,0.5,0.4,0.1,0.0748052673020164,0.08077169278590866,0,109,412
HM+ST,ctid,attack_flow,46,100,0.4,0.4,0.2,0.07290086233882014,0.07711071385926946,0,109,412
HM+ST,ctid,attack_flow,46,100,0.3,0.4,0.3,0.06443683949263414,0.07541711387140723,0,109,412
HM+ST,ctid,attack_flow,46,100,0.2,0.4,0.4,0.05599821867707408,0.07218742373915744,0,109,412
HM+ST,ctid,attack_flow,46,100,0.1,0.4,0.5,0.05339596053132805,0.0647618285877514,0,109,412
HM+ST,ctid,attack_flow,46,100,0.0,0.4,0.6,0.048236870666060444,0.05209935282858317,0,109,412
HM+ST,ctid,attack_flow,46,100,0.5,0.5,0.0,0.07915972194216611,0.08086112819851968,0,109,412
HM+ST,ctid,attack_flow,46,100,0.4,0.5,0.1,0.07682908331553355,0.07690134305797318,0,109,412
HM+ST,ctid,attack_flow,46,100,0.3,0.5,0.2,0.07184807132061018,0.07328313014697552,0,109,412
HM+ST,ctid,attack_flow,46,100,0.2,0.5,0.3,0.06699181786625075,0.07139034306316502,0,109,412
HM+ST,ctid,attack_flow,46,100,0.1,0.5,0.4,0.055956956843972505,0.0621874851825728,0,109,412
HM+ST,ctid,attack_flow,46,100,0.0,0.5,0.5,0.04837361375364113,0.05397990963661712,0,109,412
HM+ST,ctid,attack_flow,46,100,0.4,0.6,0.0,0.08104325381842241,0.07777218581975745,0,109,412
HM+ST,ctid,attack_flow,46,100,0.3,0.6,0.1,0.07833547712689069,0.07499169513774759,0,109,412
HM+ST,ctid,attack_flow,46,100,0.2,0.6,0.2,0.07110064369663127,0.07083513361789,0,109,412
HM+ST,ctid,attack_flow,46,100,0.1,0.6,0.3,0.06388323571860681,0.06475470186124434,0,109,412
HM+ST,ctid,attack_flow,46,100,0.0,0.6,0.4,0.05172287999083807,0.05600946325407248,0,109,412
HM+ST,ctid,attack_flow,46,100,0.3,0.7,0.0,0.08027294080228348,0.0731199081007746,0,109,412
HM+ST,ctid,attack_flow,46,100,0.2,0.7,0.1,0.07641872111259118,0.07057237170887137,0,109,412
HM+ST,ctid,attack_flow,46,100,0.1,0.7,0.2,0.07051481931461201,0.06692204838859517,0,109,412
HM+ST,ctid,attack_flow,46,100,0.0,0.7,0.3,0.0621191097586599,0.05931351849126485,0,109,412
HM+ST,ctid,attack_flow,46,100,0.2,0.8,0.0,0.07719122434178254,0.06283920964178602,0,109,412
HM+ST,ctid,attack_flow,46,100,0.1,0.8,0.1,0.07743066655096409,0.06494596778696,0,109,412
HM+ST,ctid,attack_flow,46,100,0.0,0.8,0.2,0.0701186225526856,0.05067467063328694,0,109,412
HM+ST,ctid,attack_flow,46,100,0.1,0.9,0.0,0.07871269116932558,0.05437446925851928,0,109,412
HM+ST,ctid,attack_flow,46,100,0.0,0.9,0.1,0.07489048448447044,0.05281316036094306,0,109,412
HM+ST,ctid,attack_flow,46,100,0.0,1.0,0.0,0.0786119412530761,0.05285116417196402,0,109,412
HM+ST,ctid,attack_flow,46,20,1.0,0.0,0.0,0.07464485880698872,0.10532388305352063,0,109,412
HM+ST,ctid,attack_flow,46,20,0.9,0.0,0.1,0.07259960892465858,0.10498726373403702,0,109,412
HM+ST,ctid,attack_flow,46,20,0.8,0.0,0.2,0.06762904846679527,0.10232370808375883,0,109,412
HM+ST,ctid,attack_flow,46,20,0.7,0.0,0.3,0.056322754689542676,0.10139327869456416,0,109,412
HM+ST,ctid,attack_flow,46,20,0.6,0.0,0.4,0.054398642574029016,0.09940345772092564,0,109,412
HM+ST,ctid,attack_flow,46,20,0.5,0.0,0.5,0.05516319189205824,0.09955241871302405,0,109,412
HM+ST,ctid,attack_flow,46,20,0.4,0.0,0.6,0.05453804762027882,0.0991013289816245,0,109,412
HM+ST,ctid,attack_flow,46,20,0.3,0.0,0.7,0.05459222881464007,0.09354187675084433,0,109,412
HM+ST,ctid,attack_flow,46,20,0.2,0.0,0.8,0.052235170056002415,0.0824690489801879,0,109,412
HM+ST,ctid,attack_flow,46,20,0.1,0.0,0.9,0.05574293015713735,0.08562426739887562,0,109,412
HM+ST,ctid,attack_flow,46,20,0.0,0.0,1.0,0.027243319745313046,0.021884687257427662,0,109,412
HM+ST,ctid,attack_flow,46,20,0.9,0.1,0.0,0.07268306424346936,0.10440395466678454,0,109,412
HM+ST,ctid,attack_flow,46,20,0.8,0.1,0.1,0.0705294928496627,0.10919916351624945,0,109,412
HM+ST,ctid,attack_flow,46,20,0.7,0.1,0.2,0.06752192660647921,0.10762677357539885,0,109,412
HM+ST,ctid,attack_flow,46,20,0.6,0.1,0.3,0.05539429134123126,0.10144877504386936,0,109,412
HM+ST,ctid,attack_flow,46,20,0.5,0.1,0.4,0.0558057385793109,0.09818963608710606,0,109,412
HM+ST,ctid,attack_flow,46,20,0.4,0.1,0.5,0.05446212660777319,0.09849298504051954,0,109,412
HM+ST,ctid,attack_flow,46,20,0.3,0.1,0.6,0.05174882115584964,0.0991830403624474,0,109,412
HM+ST,ctid,attack_flow,46,20,0.2,0.1,0.7,0.052297813959888105,0.09594782578222194,0,109,412
HM+ST,ctid,attack_flow,46,20,0.1,0.1,0.8,0.05262300835151398,0.08745083547397334,0,109,412
HM+ST,ctid,attack_flow,46,20,0.0,0.1,0.9,0.053369962072698944,0.07652524589583651,0,109,412
HM+ST,ctid,attack_flow,46,20,0.8,0.2,0.0,0.07621108386374238,0.09653060411595736,0,109,412
HM+ST,ctid,attack_flow,46,20,0.7,0.2,0.1,0.06789212619983681,0.10392540190632885,0,109,412
HM+ST,ctid,attack_flow,46,20,0.6,0.2,0.2,0.06699410519649142,0.10367513456388996,0,109,412
HM+ST,ctid,attack_flow,46,20,0.5,0.2,0.3,0.052607402782826204,0.0981850081763426,0,109,412
HM+ST,ctid,attack_flow,46,20,0.4,0.2,0.4,0.0521913016534723,0.08902840447513002,0,109,412
HM+ST,ctid,attack_flow,46,20,0.3,0.2,0.5,0.051518957188932644,0.09105169786494506,0,109,412
HM+ST,ctid,attack_flow,46,20,0.2,0.2,0.6,0.051892083577539376,0.08634209698713183,0,109,412
HM+ST,ctid,attack_flow,46,20,0.1,0.2,0.7,0.05285227625368519,0.08204310116202242,0,109,412
HM+ST,ctid,attack_flow,46,20,0.0,0.2,0.8,0.0505201291844207,0.07463837539142987,0,109,412
HM+ST,ctid,attack_flow,46,20,0.7,0.3,0.0,0.07505144368665051,0.09243884805813281,0,109,412
HM+ST,ctid,attack_flow,46,20,0.6,0.3,0.1,0.0686410731948992,0.0903418222980832,0,109,412
HM+ST,ctid,attack_flow,46,20,0.5,0.3,0.2,0.06659249971420277,0.09083772338967495,0,109,412
HM+ST,ctid,attack_flow,46,20,0.4,0.3,0.3,0.05276470313297967,0.08653078959984697,0,109,412
HM+ST,ctid,attack_flow,46,20,0.3,0.3,0.4,0.052066120482131696,0.08806244224150994,0,109,412
HM+ST,ctid,attack_flow,46,20,0.2,0.3,0.5,0.05180184995344606,0.08477087399722043,0,109,412
HM+ST,ctid,attack_flow,46,20,0.1,0.3,0.6,0.05025065794869415,0.07828352187585219,0,109,412
HM+ST,ctid,attack_flow,46,20,0.0,0.3,0.7,0.0469420148833515,0.06902174184386259,0,109,412
HM+ST,ctid,attack_flow,46,20,0.6,0.4,0.0,0.06843679243958689,0.08827106773859855,0,109,412
HM+ST,ctid,attack_flow,46,20,0.5,0.4,0.1,0.06860572132060179,0.08953287159604315,0,109,412
HM+ST,ctid,attack_flow,46,20,0.4,0.4,0.2,0.06631088129738046,0.08985224972919041,0,109,412
HM+ST,ctid,attack_flow,46,20,0.3,0.4,0.3,0.057990763154003096,0.08377368332834792,0,109,412
HM+ST,ctid,attack_flow,46,20,0.2,0.4,0.4,0.04957394363522607,0.0807281883389272,0,109,412
HM+ST,ctid,attack_flow,46,20,0.1,0.4,0.5,0.04850783256600962,0.07666374173361427,0,109,412
HM+ST,ctid,attack_flow,46,20,0.0,0.4,0.6,0.0468787708929334,0.07238633114620785,0,109,412
HM+ST,ctid,attack_flow,46,20,0.5,0.5,0.0,0.06873361193135212,0.0867179484484486,0,109,412
HM+ST,ctid,attack_flow,46,20,0.4,0.5,0.1,0.06576969725550795,0.08787184983015324,0,109,412
HM+ST,ctid,attack_flow,46,20,0.3,0.5,0.2,0.06403440825856888,0.08448018217178302,0,109,412
HM+ST,ctid,attack_flow,46,20,0.2,0.5,0.3,0.059472170830841824,0.07991339434368888,0,109,412
HM+ST,ctid,attack_flow,46,20,0.1,0.5,0.4,0.04827210740036367,0.07339589217416002,0,109,412
HM+ST,ctid,attack_flow,46,20,0.0,0.5,0.5,0.046053485619207364,0.061124748856792734,0,109,412
HM+ST,ctid,attack_flow,46,20,0.4,0.6,0.0,0.06543668241563726,0.0776557026730822,0,109,412
HM+ST,ctid,attack_flow,46,20,0.3,0.6,0.1,0.06279588198398597,0.08003477387347249,0,109,412
HM+ST,ctid,attack_flow,46,20,0.2,0.6,0.2,0.06465788444298638,0.07383419386182213,0,109,412
HM+ST,ctid,attack_flow,46,20,0.1,0.6,0.3,0.06301248401856686,0.06931664886416997,0,109,412
HM+ST,ctid,attack_flow,46,20,0.0,0.6,0.4,0.04788911610627196,0.060059377666504786,0,109,412
HM+ST,ctid,attack_flow,46,20,0.3,0.7,0.0,0.06204272977990468,0.06663704552579663,0,109,412
HM+ST,ctid,attack_flow,46,20,0.2,0.7,0.1,0.06329929362017904,0.06601216685573734,0,109,412
HM+ST,ctid,attack_flow,46,20,0.1,0.7,0.2,0.061969700415432705,0.06540575763057538,0,109,412
HM+ST,ctid,attack_flow,46,20,0.0,0.7,0.3,0.056960065937828784,0.0633645441766615,0,109,412
HM+ST,ctid,attack_flow,46,20,0.2,0.8,0.0,0.05939066462623027,0.06374769085903953,0,109,412
HM+ST,ctid,attack_flow,46,20,0.1,0.8,0.1,0.05990723968871895,0.06278994867744508,0,109,412
HM+ST,ctid,attack_flow,46,20,0.0,0.8,0.2,0.05623262095101469,0.06391148371581304,0,109,412
HM+ST,ctid,attack_flow,46,20,0.1,0.9,0.0,0.060077944749604394,0.062493278189076185,0,109,412
HM+ST,ctid,attack_flow,46,20,0.0,0.9,0.1,0.058643589137157004,0.06213476148018867,0,109,412
HM+ST,ctid,attack_flow,46,20,0.0,1.0,0.0,0.06102603654170723,0.062624718599025,0,109,412
HM+ST,ctid,attack_flow,46,40,1.0,0.0,0.0,0.07464485880698872,0.10532388305352063,0,109,412
HM+ST,ctid,attack_flow,46,40,0.9,0.0,0.1,0.07259960892465858,0.10498726373403702,0,109,412
HM+ST,ctid,attack_flow,46,40,0.8,0.0,0.2,0.06762904846679527,0.10232370808375883,0,109,412
HM+ST,ctid,attack_flow,46,40,0.7,0.0,0.3,0.056322754689542676,0.10139327869456416,0,109,412
HM+ST,ctid,attack_flow,46,40,0.6,0.0,0.4,0.054398642574029016,0.09940345772092564,0,109,412
HM+ST,ctid,attack_flow,46,40,0.5,0.0,0.5,0.05516319189205824,0.09955241871302405,0,109,412
HM+ST,ctid,attack_flow,46,40,0.4,0.0,0.6,0.05453804762027882,0.0991013289816245,0,109,412
HM+ST,ctid,attack_flow,46,40,0.3,0.0,0.7,0.05459222881464007,0.09354187675084433,0,109,412
HM+ST,ctid,attack_flow,46,40,0.2,0.0,0.8,0.052235170056002415,0.0824690489801879,0,109,412
HM+ST,ctid,attack_flow,46,40,0.1,0.0,0.9,0.05574293015713735,0.08562426739887562,0,109,412
HM+ST,ctid,attack_flow,46,40,0.0,0.0,1.0,0.027243319745313046,0.021884687257427662,0,109,412
HM+ST,ctid,attack_flow,46,40,0.9,0.1,0.0,0.07347675656207357,0.10414028527727175,0,109,412
HM+ST,ctid,attack_flow,46,40,0.8,0.1,0.1,0.06876641341627844,0.10979492500818744,0,109,412
HM+ST,ctid,attack_flow,46,40,0.7,0.1,0.2,0.0681552643979286,0.1078932355379841,0,109,412
HM+ST,ctid,attack_flow,46,40,0.6,0.1,0.3,0.054517020901218266,0.10145824781174509,0,109,412
HM+ST,ctid,attack_flow,46,40,0.5,0.1,0.4,0.05523496494535099,0.09744571988520952,0,109,412
HM+ST,ctid,attack_flow,46,40,0.4,0.1,0.5,0.055396618780087205,0.09695331583036859,0,109,412
HM+ST,ctid,attack_flow,46,40,0.3,0.1,0.6,0.051394803072325176,0.09724715037587114,0,109,412
HM+ST,ctid,attack_flow,46,40,0.2,0.1,0.7,0.052072348861936575,0.09631052829218116,0,109,412
HM+ST,ctid,attack_flow,46,40,0.1,0.1,0.8,0.05280837706138054,0.0862912199882301,0,109,412
HM+ST,ctid,attack_flow,46,40,0.0,0.1,0.9,0.05286254993784229,0.07561735224222654,0,109,412
HM+ST,ctid,attack_flow,46,40,0.8,0.2,0.0,0.07912648907573493,0.09735717301595644,0,109,412
HM+ST,ctid,attack_flow,46,40,0.7,0.2,0.1,0.07433174427602404,0.10967612693211268,0,109,412
HM+ST,ctid,attack_flow,46,40,0.6,0.2,0.2,0.06817787717824103,0.10515796669974067,0,109,412
HM+ST,ctid,attack_flow,46,40,0.5,0.2,0.3,0.05398383468006517,0.0982809780074823,0,109,412
HM+ST,ctid,attack_flow,46,40,0.4,0.2,0.4,0.0524786740798897,0.09650257377597661,0,109,412
HM+ST,ctid,attack_flow,46,40,0.3,0.2,0.5,0.0526314677560414,0.0936032243678301,0,109,412
HM+ST,ctid,attack_flow,46,40,0.2,0.2,0.6,0.052319247263009405,0.08976055358596803,0,109,412
HM+ST,ctid,attack_flow,46,40,0.1,0.2,0.7,0.052766580246721505,0.07891127544990763,0,109,412
HM+ST,ctid,attack_flow,46,40,0.0,0.2,0.8,0.054580817980272284,0.07469459230577533,0,109,412
HM+ST,ctid,attack_flow,46,40,0.7,0.3,0.0,0.07836618538006908,0.0922530311474256,0,109,412
HM+ST,ctid,attack_flow,46,40,0.6,0.3,0.1,0.0696897007122871,0.09215509097809985,0,109,412
HM+ST,ctid,attack_flow,46,40,0.5,0.3,0.2,0.068052946630413,0.09301827109942004,0,109,412
HM+ST,ctid,attack_flow,46,40,0.4,0.3,0.3,0.0585285543703366,0.0934261236057336,0,109,412
HM+ST,ctid,attack_flow,46,40,0.3,0.3,0.4,0.05242868855423882,0.0872966596798773,0,109,412
HM+ST,ctid,attack_flow,46,40,0.2,0.3,0.5,0.053503560686811426,0.08652906665790047,0,109,412
HM+ST,ctid,attack_flow,46,40,0.1,0.3,0.6,0.052741384873789654,0.08362726938279061,0,109,412
HM+ST,ctid,attack_flow,46,40,0.0,0.3,0.7,0.04958773659190945,0.07174232306649578,0,109,412
HM+ST,ctid,attack_flow,46,40,0.6,0.4,0.0,0.07705594399319336,0.09142850606097933,0,109,412
HM+ST,ctid,attack_flow,46,40,0.5,0.4,0.1,0.07027635554720693,0.09129360657500692,0,109,412
HM+ST,ctid,attack_flow,46,40,0.4,0.4,0.2,0.06726692423157629,0.09009440890996726,0,109,412
HM+ST,ctid,attack_flow,46,40,0.3,0.4,0.3,0.06544990243341317,0.09056453163453383,0,109,412
HM+ST,ctid,attack_flow,46,40,0.2,0.4,0.4,0.05179738047046637,0.08690346775185621,0,109,412
HM+ST,ctid,attack_flow,46,40,0.1,0.4,0.5,0.05039420652276657,0.07957504405906876,0,109,412
HM+ST,ctid,attack_flow,46,40,0.0,0.4,0.6,0.04707801569350211,0.06946202629074785,0,109,412
HM+ST,ctid,attack_flow,46,40,0.5,0.5,0.0,0.0735693072951022,0.08979157776396304,0,109,412
HM+ST,ctid,attack_flow,46,40,0.4,0.5,0.1,0.06970913093239348,0.08989861432466525,0,109,412
HM+ST,ctid,attack_flow,46,40,0.3,0.5,0.2,0.06828806216092777,0.0899888868045426,0,109,412
HM+ST,ctid,attack_flow,46,40,0.2,0.5,0.3,0.06451809112122116,0.08675553058977706,0,109,412
HM+ST,ctid,attack_flow,46,40,0.1,0.5,0.4,0.04980711593109164,0.07870662215934827,0,109,412
HM+ST,ctid,attack_flow,46,40,0.0,0.5,0.5,0.04638159768669576,0.06761578843796326,0,109,412
HM+ST,ctid,attack_flow,46,40,0.4,0.6,0.0,0.07062324966709091,0.0881541949104075,0,109,412
HM+ST,ctid,attack_flow,46,40,0.3,0.6,0.1,0.0703200458052926,0.08493820545916309,0,109,412
HM+ST,ctid,attack_flow,46,40,0.2,0.6,0.2,0.06511290298464315,0.08381598036099137,0,109,412
HM+ST,ctid,attack_flow,46,40,0.1,0.6,0.3,0.0638738026174279,0.08163319754627656,0,109,412
HM+ST,ctid,attack_flow,46,40,0.0,0.6,0.4,0.05121076655173549,0.06465194018859516,0,109,412
HM+ST,ctid,attack_flow,46,40,0.3,0.7,0.0,0.06475640016959744,0.07539989431423771,0,109,412
HM+ST,ctid,attack_flow,46,40,0.2,0.7,0.1,0.06448609172706304,0.07528707056203712,0,109,412
HM+ST,ctid,attack_flow,46,40,0.1,0.7,0.2,0.06184630763915751,0.07037588299872402,0,109,412
HM+ST,ctid,attack_flow,46,40,0.0,0.7,0.3,0.06113439740026397,0.06598090812909646,0,109,412
HM+ST,ctid,attack_flow,46,40,0.2,0.8,0.0,0.06523276033995833,0.06739649292767538,0,109,412
HM+ST,ctid,attack_flow,46,40,0.1,0.8,0.1,0.06311323929278358,0.06599086122461602,0,109,412
HM+ST,ctid,attack_flow,46,40,0.0,0.8,0.2,0.06044807704379667,0.06361011845422343,0,109,412
HM+ST,ctid,attack_flow,46,40,0.1,0.9,0.0,0.06644785702994688,0.06477907053498438,0,109,412
HM+ST,ctid,attack_flow,46,40,0.0,0.9,0.1,0.058377010015911765,0.0626062657439272,0,109,412
HM+ST,ctid,attack_flow,46,40,0.0,1.0,0.0,0.06672323292967551,0.0637322533992606,0,109,412
HM+ST,ctid,attack_flow,46,60,1.0,0.0,0.0,0.07464485880698872,0.10532388305352063,0,109,412
HM+ST,ctid,attack_flow,46,60,0.9,0.0,0.1,0.07259960892465858,0.10498726373403702,0,109,412
HM+ST,ctid,attack_flow,46,60,0.8,0.0,0.2,0.06762904846679527,0.10232370808375883,0,109,412
HM+ST,ctid,attack_flow,46,60,0.7,0.0,0.3,0.056322754689542676,0.10139327869456416,0,109,412
HM+ST,ctid,attack_flow,46,60,0.6,0.0,0.4,0.054398642574029016,0.09940345772092564,0,109,412
HM+ST,ctid,attack_flow,46,60,0.5,0.0,0.5,0.05516319189205824,0.09955241871302405,0,109,412
HM+ST,ctid,attack_flow,46,60,0.4,0.0,0.6,0.05453804762027882,0.0991013289816245,0,109,412
HM+ST,ctid,attack_flow,46,60,0.3,0.0,0.7,0.05459222881464007,0.09354187675084433,0,109,412
HM+ST,ctid,attack_flow,46,60,0.2,0.0,0.8,0.052235170056002415,0.0824690489801879,0,109,412
HM+ST,ctid,attack_flow,46,60,0.1,0.0,0.9,0.05574293015713735,0.08562426739887562,0,109,412
HM+ST,ctid,attack_flow,46,60,0.0,0.0,1.0,0.027243319745313046,0.021884687257427662,0,109,412
HM+ST,ctid,attack_flow,46,60,0.9,0.1,0.0,0.07576254382895169,0.10351847491809614,0,109,412
HM+ST,ctid,attack_flow,46,60,0.8,0.1,0.1,0.07265226989556425,0.1101319076464173,0,109,412
HM+ST,ctid,attack_flow,46,60,0.7,0.1,0.2,0.07010473089130345,0.10796414137850478,0,109,412
HM+ST,ctid,attack_flow,46,60,0.6,0.1,0.3,0.05464626118273638,0.10217998750305313,0,109,412
HM+ST,ctid,attack_flow,46,60,0.5,0.1,0.4,0.0527577793456847,0.0981153761977245,0,109,412
HM+ST,ctid,attack_flow,46,60,0.4,0.1,0.5,0.05223681420448627,0.09661352867579052,0,109,412
HM+ST,ctid,attack_flow,46,60,0.3,0.1,0.6,0.05234945784927309,0.09630745367658908,0,109,412
HM+ST,ctid,attack_flow,46,60,0.2,0.1,0.7,0.052059752022780924,0.09259199416307845,0,109,412
HM+ST,ctid,attack_flow,46,60,0.1,0.1,0.8,0.052650384161466064,0.08482364774751991,0,109,412
HM+ST,ctid,attack_flow,46,60,0.0,0.1,0.9,0.05261312332633685,0.07202615315330205,0,109,412
HM+ST,ctid,attack_flow,46,60,0.8,0.2,0.0,0.07663603828296008,0.09863226595010315,0,109,412
HM+ST,ctid,attack_flow,46,60,0.7,0.2,0.1,0.07407756022478804,0.11026351363061268,1,109,412
HM+ST,ctid,attack_flow,46,60,0.6,0.2,0.2,0.06965378502196785,0.10274434106775762,0,109,412
HM+ST,ctid,attack_flow,46,60,0.5,0.2,0.3,0.057094949595990374,0.09831518571566664,0,109,412
HM+ST,ctid,attack_flow,46,60,0.4,0.2,0.4,0.05208494478993012,0.09450013841230506,0,109,412
HM+ST,ctid,attack_flow,46,60,0.3,0.2,0.5,0.05263072970258398,0.09746520758843767,0,109,412
HM+ST,ctid,attack_flow,46,60,0.2,0.2,0.6,0.05203763272996015,0.08838366814360936,0,109,412
HM+ST,ctid,attack_flow,46,60,0.1,0.2,0.7,0.05254207888697932,0.0741529375316157,0,109,412
HM+ST,ctid,attack_flow,46,60,0.0,0.2,0.8,0.05433139136876684,0.06466744841128773,0,109,412
HM+ST,ctid,attack_flow,46,60,0.7,0.3,0.0,0.07992451854129055,0.09078174084058463,0,109,412
HM+ST,ctid,attack_flow,46,60,0.6,0.3,0.1,0.07323513461486238,0.09182075247590685,0,109,412
HM+ST,ctid,attack_flow,46,60,0.5,0.3,0.2,0.07113626756612151,0.09261693784999003,0,109,412
HM+ST,ctid,attack_flow,46,60,0.4,0.3,0.3,0.06372503998528957,0.08822281356319721,0,109,412
HM+ST,ctid,attack_flow,46,60,0.3,0.3,0.4,0.05217511668082993,0.08706699896264457,0,109,412
HM+ST,ctid,attack_flow,46,60,0.2,0.3,0.5,0.05231212283677065,0.08512589401297838,0,109,412
HM+ST,ctid,attack_flow,46,60,0.1,0.3,0.6,0.052843842930593105,0.08038996181391558,0,109,412
HM+ST,ctid,attack_flow,46,60,0.0,0.3,0.7,0.05204120386034716,0.0679910258292302,0,109,412
HM+ST,ctid,attack_flow,46,60,0.6,0.4,0.0,0.08005652870214428,0.09094375575401913,0,109,412
HM+ST,ctid,attack_flow,46,60,0.5,0.4,0.1,0.07132026621929927,0.09169719630021245,0,109,412
HM+ST,ctid,attack_flow,46,60,0.4,0.4,0.2,0.07096585836986127,0.0900245652214877,0,109,412
HM+ST,ctid,attack_flow,46,60,0.3,0.4,0.3,0.06710462826432884,0.0901088309907007,0,109,412
HM+ST,ctid,attack_flow,46,60,0.2,0.4,0.4,0.05586602524325257,0.08703919022522093,0,109,412
HM+ST,ctid,attack_flow,46,60,0.1,0.4,0.5,0.052663082580436046,0.07893400168699652,0,109,412
HM+ST,ctid,attack_flow,46,60,0.0,0.4,0.6,0.046969445773870314,0.06503633209821133,0,109,412
HM+ST,ctid,attack_flow,46,60,0.5,0.5,0.0,0.08037718172445074,0.0918293963787354,0,109,412
HM+ST,ctid,attack_flow,46,60,0.4,0.5,0.1,0.07140889720694854,0.09196399543201973,0,109,412
HM+ST,ctid,attack_flow,46,60,0.3,0.5,0.2,0.07179172158003184,0.08967609424425013,0,109,412
HM+ST,ctid,attack_flow,46,60,0.2,0.5,0.3,0.06704876567783835,0.08651884838964422,0,109,412
HM+ST,ctid,attack_flow,46,60,0.1,0.5,0.4,0.05531753834457133,0.07692809189926765,0,109,412
HM+ST,ctid,attack_flow,46,60,0.0,0.5,0.5,0.04596246878744094,0.06663789993040647,0,109,412
HM+ST,ctid,attack_flow,46,60,0.4,0.6,0.0,0.08013515195767475,0.08979618617840057,0,109,412
HM+ST,ctid,attack_flow,46,60,0.3,0.6,0.1,0.07217496178835303,0.08754175365115036,0,109,412
HM+ST,ctid,attack_flow,46,60,0.2,0.6,0.2,0.06914360683484226,0.08473290749002257,0,109,412
HM+ST,ctid,attack_flow,46,60,0.1,0.6,0.3,0.062086381805140145,0.08068365058390585,0,109,412
HM+ST,ctid,attack_flow,46,60,0.0,0.6,0.4,0.05382456604677984,0.06641684000458492,0,109,412
HM+ST,ctid,attack_flow,46,60,0.3,0.7,0.0,0.0779539383651789,0.08538385644894356,0,109,412
HM+ST,ctid,attack_flow,46,60,0.2,0.7,0.1,0.069654424740214,0.08195542410543852,0,109,412
HM+ST,ctid,attack_flow,46,60,0.1,0.7,0.2,0.06597476989473704,0.0741214956213883,0,109,412
HM+ST,ctid,attack_flow,46,60,0.0,0.7,0.3,0.05898655777633148,0.06810122130707671,0,109,412
HM+ST,ctid,attack_flow,46,60,0.2,0.8,0.0,0.07520868196943158,0.07332693337335705,0,109,412
HM+ST,ctid,attack_flow,46,60,0.1,0.8,0.1,0.06802726626192115,0.06886742564229209,0,109,412
HM+ST,ctid,attack_flow,46,60,0.0,0.8,0.2,0.06473012876838717,0.060848177879072485,0,109,412
HM+ST,ctid,attack_flow,46,60,0.1,0.9,0.0,0.07152669023640539,0.06467566836716664,0,109,412
HM+ST,ctid,attack_flow,46,60,0.0,0.9,0.1,0.0672382764636467,0.058004243479169694,0,109,412
HM+ST,ctid,attack_flow,46,60,0.0,1.0,0.0,0.06835102348742383,0.057485137560333154,0,109,412
HM+ST,ctid,attack_flow,46,80,1.0,0.0,0.0,0.07464485880698872,0.10532388305352063,0,109,412
HM+ST,ctid,attack_flow,46,80,0.9,0.0,0.1,0.07259960892465858,0.10498726373403702,0,109,412
HM+ST,ctid,attack_flow,46,80,0.8,0.0,0.2,0.06762904846679527,0.10232370808375883,0,109,412
HM+ST,ctid,attack_flow,46,80,0.7,0.0,0.3,0.056322754689542676,0.10139327869456416,0,109,412
HM+ST,ctid,attack_flow,46,80,0.6,0.0,0.4,0.054398642574029016,0.09940345772092564,0,109,412
HM+ST,ctid,attack_flow,46,80,0.5,0.0,0.5,0.05516319189205824,0.09955241871302405,0,109,412
HM+ST,ctid,attack_flow,46,80,0.4,0.0,0.6,0.05453804762027882,0.0991013289816245,0,109,412
HM+ST,ctid,attack_flow,46,80,0.3,0.0,0.7,0.05459222881464007,0.09354187675084433,0,109,412
HM+ST,ctid,attack_flow,46,80,0.2,0.0,0.8,0.052235170056002415,0.0824690489801879,0,109,412
HM+ST,ctid,attack_flow,46,80,0.1,0.0,0.9,0.05574293015713735,0.08562426739887562,0,109,412
HM+ST,ctid,attack_flow,46,80,0.0,0.0,1.0,0.027243319745313046,0.021884687257427662,0,109,412
HM+ST,ctid,attack_flow,46,80,0.9,0.1,0.0,0.07635240748970008,0.1019619768848534,0,109,412
HM+ST,ctid,attack_flow,46,80,0.8,0.1,0.1,0.07266787961981848,0.10675588492724095,0,109,412
HM+ST,ctid,attack_flow,46,80,0.7,0.1,0.2,0.06901123633901737,0.10642155286583513,0,109,412
HM+ST,ctid,attack_flow,46,80,0.6,0.1,0.3,0.05464626118273638,0.10095220023742901,0,109,412
HM+ST,ctid,attack_flow,46,80,0.5,0.1,0.4,0.05453763579590045,0.09746754412072538,0,109,412
HM+ST,ctid,attack_flow,46,80,0.4,0.1,0.5,0.055396618780087205,0.09603196786516796,0,109,412
HM+ST,ctid,attack_flow,46,80,0.3,0.1,0.6,0.051805688317936124,0.09568048900332514,0,109,412
HM+ST,ctid,attack_flow,46,80,0.2,0.1,0.7,0.051593564523355874,0.08489775202236668,0,109,412
HM+ST,ctid,attack_flow,46,80,0.1,0.1,0.8,0.052650384161466064,0.07872225399709158,0,109,412
HM+ST,ctid,attack_flow,46,80,0.0,0.1,0.9,0.051959741677880374,0.06882926291893049,0,109,412
HM+ST,ctid,attack_flow,46,80,0.8,0.2,0.0,0.07669281588886112,0.09594043292788636,0,109,412
HM+ST,ctid,attack_flow,46,80,0.7,0.2,0.1,0.0749881205274532,0.10816911400759896,0,109,412
HM+ST,ctid,attack_flow,46,80,0.6,0.2,0.2,0.06949615494994574,0.10094403899979869,0,109,412
HM+ST,ctid,attack_flow,46,80,0.5,0.2,0.3,0.05577353168023511,0.09284495583454584,0,109,412
HM+ST,ctid,attack_flow,46,80,0.4,0.2,0.4,0.051623433153850526,0.08920407780116879,0,109,412
HM+ST,ctid,attack_flow,46,80,0.3,0.2,0.5,0.05224785075615426,0.08815980038266372,0,109,412
HM+ST,ctid,attack_flow,46,80,0.2,0.2,0.6,0.05203763272996015,0.07722477236023208,0,109,412
HM+ST,ctid,attack_flow,46,80,0.1,0.2,0.7,0.05229504312324786,0.06683509744182208,0,109,412
HM+ST,ctid,attack_flow,46,80,0.0,0.2,0.8,0.0537770840355559,0.05866398711301679,0,109,412
HM+ST,ctid,attack_flow,46,80,0.7,0.3,0.0,0.07846516419009555,0.08926809474727293,0,109,412
HM+ST,ctid,attack_flow,46,80,0.6,0.3,0.1,0.07535443328777361,0.09047628463510618,0,109,412
HM+ST,ctid,attack_flow,46,80,0.5,0.3,0.2,0.07155943017009332,0.092767275295214,0,109,412
HM+ST,ctid,attack_flow,46,80,0.4,0.3,0.3,0.06266373733622234,0.08555972164838355,0,109,412
HM+ST,ctid,attack_flow,46,80,0.3,0.3,0.4,0.05303534670194171,0.08199499262176799,0,109,412
HM+ST,ctid,attack_flow,46,80,0.2,0.3,0.5,0.05282739501563845,0.07487548688720772,0,109,412
HM+ST,ctid,attack_flow,46,80,0.1,0.3,0.6,0.05306182334428533,0.06903088330304231,0,109,412
HM+ST,ctid,attack_flow,46,80,0.0,0.3,0.7,0.05200388403985506,0.058076491680676065,0,109,412
HM+ST,ctid,attack_flow,46,80,0.6,0.4,0.0,0.07972764506662638,0.09211528966222156,0,109,412
HM+ST,ctid,attack_flow,46,80,0.5,0.4,0.1,0.07447425857902555,0.08816789239867542,0,109,412
HM+ST,ctid,attack_flow,46,80,0.4,0.4,0.2,0.07204436616643488,0.0870569622567209,0,109,412
HM+ST,ctid,attack_flow,46,80,0.3,0.4,0.3,0.06595914080643664,0.08624828054452763,0,109,412
HM+ST,ctid,attack_flow,46,80,0.2,0.4,0.4,0.05526332232595012,0.08040401303547288,0,109,412
HM+ST,ctid,attack_flow,46,80,0.1,0.4,0.5,0.05365182871331082,0.06660833402953359,0,109,412
HM+ST,ctid,attack_flow,46,80,0.0,0.4,0.6,0.04815889337093689,0.0546884399868716,0,109,412
HM+ST,ctid,attack_flow,46,80,0.5,0.5,0.0,0.07969873213334477,0.08876434568999206,0,109,412
HM+ST,ctid,attack_flow,46,80,0.4,0.5,0.1,0.07485515351504766,0.08635674227265952,0,109,412
HM+ST,ctid,attack_flow,46,80,0.3,0.5,0.2,0.07390460052270953,0.08344202233852188,0,109,412
HM+ST,ctid,attack_flow,46,80,0.2,0.5,0.3,0.06878892760196537,0.08427493923061685,0,109,412
HM+ST,ctid,attack_flow,46,80,0.1,0.5,0.4,0.05515163611444304,0.06702107699971954,0,109,412
HM+ST,ctid,attack_flow,46,80,0.0,0.5,0.5,0.04774731924266301,0.056573218319961274,0,109,412
HM+ST,ctid,attack_flow,46,80,0.4,0.6,0.0,0.0802818297744547,0.08276739289240063,0,109,412
HM+ST,ctid,attack_flow,46,80,0.3,0.6,0.1,0.07435908166537247,0.08009168393547819,0,109,412
HM+ST,ctid,attack_flow,46,80,0.2,0.6,0.2,0.07200667152121523,0.07708926910877238,0,109,412
HM+ST,ctid,attack_flow,46,80,0.1,0.6,0.3,0.06605890634659543,0.07185101201304714,0,109,412
HM+ST,ctid,attack_flow,46,80,0.0,0.6,0.4,0.05406651944558979,0.05618613779709568,0,109,412
HM+ST,ctid,attack_flow,46,80,0.3,0.7,0.0,0.07938073860305885,0.07874495250796876,0,109,412
HM+ST,ctid,attack_flow,46,80,0.2,0.7,0.1,0.072487535040759,0.07490712007482016,0,109,412
HM+ST,ctid,attack_flow,46,80,0.1,0.7,0.2,0.0697273302595579,0.07145303339657993,0,109,412
HM+ST,ctid,attack_flow,46,80,0.0,0.7,0.3,0.06357634853837382,0.059104831114609103,0,109,412
HM+ST,ctid,attack_flow,46,80,0.2,0.8,0.0,0.07672539255935962,0.06820207471579848,0,109,412
HM+ST,ctid,attack_flow,46,80,0.1,0.8,0.1,0.0707670573127449,0.06856093527300275,0,109,412
HM+ST,ctid,attack_flow,46,80,0.0,0.8,0.2,0.06690853243876309,0.055732867032094166,0,109,412
HM+ST,ctid,attack_flow,46,80,0.1,0.9,0.0,0.07579070080875125,0.058036750367296865,0,109,412
HM+ST,ctid,attack_flow,46,80,0.0,0.9,0.1,0.07000366247258469,0.0550213440484386,0,109,412
HM+ST,ctid,attack_flow,46,80,0.0,1.0,0.0,0.0755623296215898,0.05519968775804447,0,109,412
HM+ST,ctid,stockpile,42,100,1.0,0.0,0.0,0.13376743719758546,0.10532388305352063,0,412,109
HM+ST,ctid,stockpile,42,100,0.9,0.0,0.1,0.13832922730923317,0.10498726373403702,0,412,109
HM+ST,ctid,stockpile,42,100,0.8,0.0,0.2,0.13409206745531688,0.10232370808375883,0,412,109
HM+ST,ctid,stockpile,42,100,0.7,0.0,0.3,0.14002793160143834,0.10139327869456416,0,412,109
HM+ST,ctid,stockpile,42,100,0.6,0.0,0.4,0.14199111721549554,0.09940345772092564,0,412,109
HM+ST,ctid,stockpile,42,100,0.5,0.0,0.5,0.14306841698149741,0.09955241871302405,0,412,109
HM+ST,ctid,stockpile,42,100,0.4,0.0,0.6,0.1374108071005873,0.0991013289816245,0,412,109
HM+ST,ctid,stockpile,42,100,0.3,0.0,0.7,0.13307650210041405,0.09354187675084433,0,412,109
HM+ST,ctid,stockpile,42,100,0.2,0.0,0.8,0.11238824318983129,0.0824690489801879,0,412,109
HM+ST,ctid,stockpile,42,100,0.1,0.0,0.9,0.10756007924882034,0.08562426739887562,0,412,109
HM+ST,ctid,stockpile,42,100,0.0,0.0,1.0,0.01652605476954228,0.021884687257427662,0,412,109
HM+ST,ctid,stockpile,42,100,0.9,0.1,0.0,0.12568704735895805,0.10099219807681259,0,412,109
HM+ST,ctid,stockpile,42,100,0.8,0.1,0.1,0.13604786860799306,0.1067408497671772,0,412,109
HM+ST,ctid,stockpile,42,100,0.7,0.1,0.2,0.14052332676042642,0.10644980267308315,0,412,109
HM+ST,ctid,stockpile,42,100,0.6,0.1,0.3,0.1468987763222541,0.10045242415925226,0,412,109
HM+ST,ctid,stockpile,42,100,0.5,0.1,0.4,0.13440696021629328,0.09456452654034286,0,412,109
HM+ST,ctid,stockpile,42,100,0.4,0.1,0.5,0.13721154135522118,0.0956126062551983,0,412,109
HM+ST,ctid,stockpile,42,100,0.3,0.1,0.6,0.13452849563950556,0.09347852690309935,0,412,109
HM+ST,ctid,stockpile,42,100,0.2,0.1,0.7,0.11421770159118977,0.08314984015174563,0,412,109
HM+ST,ctid,stockpile,42,100,0.1,0.1,0.8,0.09749180791102517,0.07551354028523613,0,412,109
HM+ST,ctid,stockpile,42,100,0.0,0.1,0.9,0.0885245371740886,0.07013856770697657,0,412,109
HM+ST,ctid,stockpile,42,100,0.8,0.2,0.0,0.09844085009392588,0.09362628523731926,0,412,109
HM+ST,ctid,stockpile,42,100,0.7,0.2,0.1,0.12925458566941728,0.10070980340480071,0,412,109
HM+ST,ctid,stockpile,42,100,0.6,0.2,0.2,0.1291538690963547,0.09773831736213476,0,412,109
HM+ST,ctid,stockpile,42,100,0.5,0.2,0.3,0.1326788820548048,0.09147243669387393,0,412,109
HM+ST,ctid,stockpile,42,100,0.4,0.2,0.4,0.12285340522070799,0.08494167450135076,0,412,109
HM+ST,ctid,stockpile,42,100,0.3,0.2,0.5,0.11281960423899348,0.0790170814991041,0,412,109
HM+ST,ctid,stockpile,42,100,0.2,0.2,0.6,0.08661769038839567,0.06990689203732484,0,412,109
HM+ST,ctid,stockpile,42,100,0.1,0.2,0.7,0.07298092573633978,0.06325622864588441,0,412,109
HM+ST,ctid,stockpile,42,100,0.0,0.2,0.8,0.06757135332863334,0.06068704037079668,0,412,109
HM+ST,ctid,stockpile,42,100,0.7,0.3,0.0,0.1022507111128564,0.08774867242258588,0,412,109
HM+ST,ctid,stockpile,42,100,0.6,0.3,0.1,0.10256470415172762,0.08656195735439101,0,412,109
HM+ST,ctid,stockpile,42,100,0.5,0.3,0.2,0.11017956194374273,0.08895102921843459,0,412,109
HM+ST,ctid,stockpile,42,100,0.4,0.3,0.3,0.1094384972041069,0.08225783242063826,0,412,109
HM+ST,ctid,stockpile,42,100,0.3,0.3,0.4,0.1052301917711979,0.07576097626284442,0,412,109
HM+ST,ctid,stockpile,42,100,0.2,0.3,0.5,0.08263865881070062,0.06761829918933555,0,412,109
HM+ST,ctid,stockpile,42,100,0.1,0.3,0.6,0.08249836954489667,0.06660306712625053,0,412,109
HM+ST,ctid,stockpile,42,100,0.0,0.3,0.7,0.06283944340258531,0.05747143879834464,0,412,109
HM+ST,ctid,stockpile,42,100,0.6,0.4,0.0,0.08936110075875271,0.08339213182031599,0,412,109
HM+ST,ctid,stockpile,42,100,0.5,0.4,0.1,0.08301791219059848,0.08077169278590866,0,412,109
HM+ST,ctid,stockpile,42,100,0.4,0.4,0.2,0.0824943041299558,0.07711071385926946,0,412,109
HM+ST,ctid,stockpile,42,100,0.3,0.4,0.3,0.08449126511463663,0.07541711387140723,0,412,109
HM+ST,ctid,stockpile,42,100,0.2,0.4,0.4,0.08758311914094327,0.07218742373915744,0,412,109
HM+ST,ctid,stockpile,42,100,0.1,0.4,0.5,0.07847749842295967,0.0647618285877514,0,412,109
HM+ST,ctid,stockpile,42,100,0.0,0.4,0.6,0.057927572378262175,0.05209935282858317,0,412,109
HM+ST,ctid,stockpile,42,100,0.5,0.5,0.0,0.08518863944151145,0.08086112819851968,0,412,109
HM+ST,ctid,stockpile,42,100,0.4,0.5,0.1,0.0780184214596958,0.07690134305797318,0,412,109
HM+ST,ctid,stockpile,42,100,0.3,0.5,0.2,0.07479759721892962,0.07328313014697552,0,412,109
HM+ST,ctid,stockpile,42,100,0.2,0.5,0.3,0.07766554784502645,0.07139034306316502,0,412,109
HM+ST,ctid,stockpile,42,100,0.1,0.5,0.4,0.07400381853064067,0.0621874851825728,0,412,109
HM+ST,ctid,stockpile,42,100,0.0,0.5,0.5,0.062275738656884974,0.05397990963661712,0,412,109
HM+ST,ctid,stockpile,42,100,0.4,0.6,0.0,0.08000955816930626,0.07777218581975745,0,412,109
HM+ST,ctid,stockpile,42,100,0.3,0.6,0.1,0.07444087695693273,0.07499169513774759,0,412,109
HM+ST,ctid,stockpile,42,100,0.2,0.6,0.2,0.07682161050703791,0.07083513361789,0,412,109
HM+ST,ctid,stockpile,42,100,0.1,0.6,0.3,0.06874035976872937,0.06475470186124434,0,412,109
HM+ST,ctid,stockpile,42,100,0.0,0.6,0.4,0.05774749848186272,0.05600946325407248,0,412,109
HM+ST,ctid,stockpile,42,100,0.3,0.7,0.0,0.07064828643011332,0.0731199081007746,0,412,109
HM+ST,ctid,stockpile,42,100,0.2,0.7,0.1,0.07249883679849416,0.07057237170887137,0,412,109
HM+ST,ctid,stockpile,42,100,0.1,0.7,0.2,0.06813670216874627,0.06692204838859517,0,412,109
HM+ST,ctid,stockpile,42,100,0.0,0.7,0.3,0.0570765283895032,0.05931351849126485,0,412,109
HM+ST,ctid,stockpile,42,100,0.2,0.8,0.0,0.044998168086994646,0.06283920964178602,0,412,109
HM+ST,ctid,stockpile,42,100,0.1,0.8,0.1,0.06180767508774857,0.06494596778696,0,412,109
HM+ST,ctid,stockpile,42,100,0.0,0.8,0.2,0.035641271723367556,0.05067467063328694,0,412,109
HM+ST,ctid,stockpile,42,100,0.1,0.9,0.0,0.03667167570133305,0.05437446925851928,0,412,109
HM+ST,ctid,stockpile,42,100,0.0,0.9,0.1,0.03371273520008132,0.05281316036094306,0,412,109
HM+ST,ctid,stockpile,42,100,0.0,1.0,0.0,0.028878559424451944,0.05285116417196402,0,412,109
HM+ST,ctid,stockpile,42,20,1.0,0.0,0.0,0.13376743719758546,0.10532388305352063,0,412,109
HM+ST,ctid,stockpile,42,20,0.9,0.0,0.1,0.13832922730923317,0.10498726373403702,0,412,109
HM+ST,ctid,stockpile,42,20,0.8,0.0,0.2,0.13409206745531688,0.10232370808375883,0,412,109
HM+ST,ctid,stockpile,42,20,0.7,0.0,0.3,0.14002793160143834,0.10139327869456416,0,412,109
HM+ST,ctid,stockpile,42,20,0.6,0.0,0.4,0.14199111721549554,0.09940345772092564,0,412,109
HM+ST,ctid,stockpile,42,20,0.5,0.0,0.5,0.14306841698149741,0.09955241871302405,0,412,109
HM+ST,ctid,stockpile,42,20,0.4,0.0,0.6,0.1374108071005873,0.0991013289816245,0,412,109
HM+ST,ctid,stockpile,42,20,0.3,0.0,0.7,0.13307650210041405,0.09354187675084433,0,412,109
HM+ST,ctid,stockpile,42,20,0.2,0.0,0.8,0.11238824318983129,0.0824690489801879,0,412,109
HM+ST,ctid,stockpile,42,20,0.1,0.0,0.9,0.10756007924882034,0.08562426739887562,0,412,109
HM+ST,ctid,stockpile,42,20,0.0,0.0,1.0,0.01652605476954228,0.021884687257427662,0,412,109
HM+ST,ctid,stockpile,42,20,0.9,0.1,0.0,0.13556300889138043,0.10440395466678454,0,412,109
HM+ST,ctid,stockpile,42,20,0.8,0.1,0.1,0.14433202874227774,0.10919916351624945,0,412,109
HM+ST,ctid,stockpile,42,20,0.7,0.1,0.2,0.1458947568964152,0.10762677357539885,0,412,109
HM+ST,ctid,stockpile,42,20,0.6,0.1,0.3,0.14783040180245466,0.10144877504386936,0,412,109
HM+ST,ctid,stockpile,42,20,0.5,0.1,0.4,0.1344250202394334,0.09818963608710606,0,412,109
HM+ST,ctid,stockpile,42,20,0.4,0.1,0.5,0.14393426883650928,0.09849298504051954,0,412,109
HM+ST,ctid,stockpile,42,20,0.3,0.1,0.6,0.14291031373818025,0.0991830403624474,0,412,109
HM+ST,ctid,stockpile,42,20,0.2,0.1,0.7,0.13919300159948916,0.09594782578222194,0,412,109
HM+ST,ctid,stockpile,42,20,0.1,0.1,0.8,0.1208054428659224,0.08745083547397334,0,412,109
HM+ST,ctid,stockpile,42,20,0.0,0.1,0.9,0.10132902640074087,0.07652524589583651,0,412,109
HM+ST,ctid,stockpile,42,20,0.8,0.2,0.0,0.115722395747896,0.09653060411595736,0,412,109
HM+ST,ctid,stockpile,42,20,0.7,0.2,0.1,0.12053208317957435,0.10392540190632885,0,412,109
HM+ST,ctid,stockpile,42,20,0.6,0.2,0.2,0.14208510461837498,0.10367513456388996,0,412,109
HM+ST,ctid,stockpile,42,20,0.5,0.2,0.3,0.14266362496421683,0.0981850081763426,0,412,109
HM+ST,ctid,stockpile,42,20,0.4,0.2,0.4,0.11886544532517489,0.08902840447513002,0,412,109
HM+ST,ctid,stockpile,42,20,0.3,0.2,0.5,0.11801303860687788,0.09105169786494506,0,412,109
HM+ST,ctid,stockpile,42,20,0.2,0.2,0.6,0.11998265151288383,0.08634209698713183,0,412,109
HM+ST,ctid,stockpile,42,20,0.1,0.2,0.7,0.11026059064187956,0.08204310116202242,0,412,109
HM+ST,ctid,stockpile,42,20,0.0,0.2,0.8,0.09811028694450859,0.07463837539142987,0,412,109
HM+ST,ctid,stockpile,42,20,0.7,0.3,0.0,0.10471042027308375,0.09243884805813281,0,412,109
HM+ST,ctid,stockpile,42,20,0.6,0.3,0.1,0.11106654200548594,0.0903418222980832,0,412,109
HM+ST,ctid,stockpile,42,20,0.5,0.3,0.2,0.11331904422328266,0.09083772338967495,0,412,109
HM+ST,ctid,stockpile,42,20,0.4,0.3,0.3,0.10624000755894754,0.08653078959984697,0,412,109
HM+ST,ctid,stockpile,42,20,0.3,0.3,0.4,0.1224570511827307,0.08806244224150994,0,412,109
HM+ST,ctid,stockpile,42,20,0.2,0.3,0.5,0.11626513348466813,0.08477087399722043,0,412,109
HM+ST,ctid,stockpile,42,20,0.1,0.3,0.6,0.10463501306604833,0.07828352187585219,0,412,109
HM+ST,ctid,stockpile,42,20,0.0,0.3,0.7,0.09168257292735105,0.06902174184386259,0,412,109
HM+ST,ctid,stockpile,42,20,0.6,0.4,0.0,0.09547217405012673,0.08827106773859855,0,412,109
HM+ST,ctid,stockpile,42,20,0.5,0.4,0.1,0.10730916268857411,0.08953287159604315,0,412,109
HM+ST,ctid,stockpile,42,20,0.4,0.4,0.2,0.10933461394750735,0.08985224972919041,0,412,109
HM+ST,ctid,stockpile,42,20,0.3,0.4,0.3,0.10557443920915548,0.08377368332834792,0,412,109
HM+ST,ctid,stockpile,42,20,0.2,0.4,0.4,0.11010877576283863,0.0807281883389272,0,412,109
HM+ST,ctid,stockpile,42,20,0.1,0.4,0.5,0.10135603407928316,0.07666374173361427,0,412,109
HM+ST,ctid,stockpile,42,20,0.0,0.4,0.6,0.09748380831427815,0.07238633114620785,0,412,109
HM+ST,ctid,stockpile,42,20,0.5,0.5,0.0,0.1004821510113021,0.0867179484484486,0,412,109
HM+ST,ctid,stockpile,42,20,0.4,0.5,0.1,0.11325199191027172,0.08787184983015324,0,412,109
HM+ST,ctid,stockpile,42,20,0.3,0.5,0.2,0.10365404324707798,0.08448018217178302,0,412,109
HM+ST,ctid,stockpile,42,20,0.2,0.5,0.3,0.09716435346911946,0.07991339434368888,0,412,109
HM+ST,ctid,stockpile,42,20,0.1,0.5,0.4,0.09002324481795917,0.07339589217416002,0,412,109
HM+ST,ctid,stockpile,42,20,0.0,0.5,0.5,0.07251510960575411,0.061124748856792734,0,412,109
HM+ST,ctid,stockpile,42,20,0.4,0.6,0.0,0.07836240671722187,0.0776557026730822,0,412,109
HM+ST,ctid,stockpile,42,20,0.3,0.6,0.1,0.09797460983072893,0.08003477387347249,0,412,109
HM+ST,ctid,stockpile,42,20,0.2,0.6,0.2,0.07070882835724239,0.07383419386182213,0,412,109
HM+ST,ctid,stockpile,42,20,0.1,0.6,0.3,0.07169214396559968,0.06931664886416997,0,412,109
HM+ST,ctid,stockpile,42,20,0.0,0.6,0.4,0.06398285819857319,0.060059377666504786,0,412,109
HM+ST,ctid,stockpile,42,20,0.3,0.7,0.0,0.0689746166726204,0.06663704552579663,0,412,109
HM+ST,ctid,stockpile,42,20,0.2,0.7,0.1,0.06908890854832157,0.06601216685573734,0,412,109
HM+ST,ctid,stockpile,42,20,0.1,0.7,0.2,0.06319524986673719,0.06540575763057538,0,412,109
HM+ST,ctid,stockpile,42,20,0.0,0.7,0.3,0.06719474026140616,0.0633645441766615,0,412,109
HM+ST,ctid,stockpile,42,20,0.2,0.8,0.0,0.06494301131859778,0.06374769085903953,0,412,109
HM+ST,ctid,stockpile,42,20,0.1,0.8,0.1,0.06254016196134492,0.06278994867744508,0,412,109
HM+ST,ctid,stockpile,42,20,0.0,0.8,0.2,0.0672223147709892,0.06391148371581304,0,412,109
HM+ST,ctid,stockpile,42,20,0.1,0.9,0.0,0.06312662777168719,0.062493278189076185,0,412,109
HM+ST,ctid,stockpile,42,20,0.0,0.9,0.1,0.06311068388584083,0.06213476148018867,0,412,109
HM+ST,ctid,stockpile,42,20,0.0,1.0,0.0,0.06349964701263151,0.062624718599025,0,412,109
HM+ST,ctid,stockpile,42,40,1.0,0.0,0.0,0.13376743719758546,0.10532388305352063,0,412,109
HM+ST,ctid,stockpile,42,40,0.9,0.0,0.1,0.13832922730923317,0.10498726373403702,0,412,109
HM+ST,ctid,stockpile,42,40,0.8,0.0,0.2,0.13409206745531688,0.10232370808375883,0,412,109
HM+ST,ctid,stockpile,42,40,0.7,0.0,0.3,0.14002793160143834,0.10139327869456416,0,412,109
HM+ST,ctid,stockpile,42,40,0.6,0.0,0.4,0.14199111721549554,0.09940345772092564,0,412,109
HM+ST,ctid,stockpile,42,40,0.5,0.0,0.5,0.14306841698149741,0.09955241871302405,0,412,109
HM+ST,ctid,stockpile,42,40,0.4,0.0,0.6,0.1374108071005873,0.0991013289816245,0,412,109
HM+ST,ctid,stockpile,42,40,0.3,0.0,0.7,0.13307650210041405,0.09354187675084433,0,412,109
HM+ST,ctid,stockpile,42,40,0.2,0.0,0.8,0.11238824318983129,0.0824690489801879,0,412,109
HM+ST,ctid,stockpile,42,40,0.1,0.0,0.9,0.10756007924882034,0.08562426739887562,0,412,109
HM+ST,ctid,stockpile,42,40,0.0,0.0,1.0,0.01652605476954228,0.021884687257427662,0,412,109
HM+ST,ctid,stockpile,42,40,0.9,0.1,0.0,0.13542376033362616,0.10414028527727175,0,412,109
HM+ST,ctid,stockpile,42,40,0.8,0.1,0.1,0.14196392835703994,0.10979492500818744,0,412,109
HM+ST,ctid,stockpile,42,40,0.7,0.1,0.2,0.1455832368844764,0.1078932355379841,0,412,109
HM+ST,ctid,stockpile,42,40,0.6,0.1,0.3,0.14872144473270102,0.10145824781174509,0,412,109
HM+ST,ctid,stockpile,42,40,0.5,0.1,0.4,0.14088299942433058,0.09744571988520952,0,412,109
HM+ST,ctid,stockpile,42,40,0.4,0.1,0.5,0.13367287366498126,0.09695331583036859,0,412,109
HM+ST,ctid,stockpile,42,40,0.3,0.1,0.6,0.14008661777419937,0.09724715037587114,0,412,109
HM+ST,ctid,stockpile,42,40,0.2,0.1,0.7,0.13929757006676452,0.09631052829218116,0,412,109
HM+ST,ctid,stockpile,42,40,0.1,0.1,0.8,0.11414092955499718,0.0862912199882301,0,412,109
HM+ST,ctid,stockpile,42,40,0.0,0.1,0.9,0.10132902640074087,0.07561735224222654,0,412,109
HM+ST,ctid,stockpile,42,40,0.8,0.2,0.0,0.11250284723477805,0.09735717301595644,0,412,109
HM+ST,ctid,stockpile,42,40,0.7,0.2,0.1,0.14115892096366908,0.10967612693211268,0,412,109
HM+ST,ctid,stockpile,42,40,0.6,0.2,0.2,0.13819981013987115,0.10515796669974067,0,412,109
HM+ST,ctid,stockpile,42,40,0.5,0.2,0.3,0.1340858768483397,0.0982809780074823,0,412,109
HM+ST,ctid,stockpile,42,40,0.4,0.2,0.4,0.14071925777889058,0.09650257377597661,0,412,109
HM+ST,ctid,stockpile,42,40,0.3,0.2,0.5,0.12116686590807567,0.0936032243678301,0,412,109
HM+ST,ctid,stockpile,42,40,0.2,0.2,0.6,0.11484121671667129,0.08976055358596803,0,412,109
HM+ST,ctid,stockpile,42,40,0.1,0.2,0.7,0.10521355623246646,0.07891127544990763,0,412,109
HM+ST,ctid,stockpile,42,40,0.0,0.2,0.8,0.09707935604270103,0.07469459230577533,0,412,109
HM+ST,ctid,stockpile,42,40,0.7,0.3,0.0,0.10476468846956208,0.0922530311474256,0,412,109
HM+ST,ctid,stockpile,42,40,0.6,0.3,0.1,0.11425436718282456,0.09215509097809985,0,412,109
HM+ST,ctid,stockpile,42,40,0.5,0.3,0.2,0.11201650951878926,0.09301827109942004,0,412,109
HM+ST,ctid,stockpile,42,40,0.4,0.3,0.3,0.12052578370097677,0.0934261236057336,0,412,109
HM+ST,ctid,stockpile,42,40,0.3,0.3,0.4,0.11766021732657167,0.0872966596798773,0,412,109
HM+ST,ctid,stockpile,42,40,0.2,0.3,0.5,0.11772419005020217,0.08652906665790047,0,412,109
HM+ST,ctid,stockpile,42,40,0.1,0.3,0.6,0.11422585599025649,0.08362726938279061,0,412,109
HM+ST,ctid,stockpile,42,40,0.0,0.3,0.7,0.09246556018589633,0.07174232306649578,0,412,109
HM+ST,ctid,stockpile,42,40,0.6,0.4,0.0,0.10080813665169244,0.09142850606097933,0,412,109
HM+ST,ctid,stockpile,42,40,0.5,0.4,0.1,0.1112431363767902,0.09129360657500692,0,412,109
HM+ST,ctid,stockpile,42,40,0.4,0.4,0.2,0.1077030418710125,0.09009440890996726,0,412,109
HM+ST,ctid,stockpile,42,40,0.3,0.4,0.3,0.10777436993147119,0.09056453163453383,0,412,109
HM+ST,ctid,stockpile,42,40,0.2,0.4,0.4,0.116080765991365,0.08690346775185621,0,412,109
HM+ST,ctid,stockpile,42,40,0.1,0.4,0.5,0.10029498095374757,0.07957504405906876,0,412,109
HM+ST,ctid,stockpile,42,40,0.0,0.4,0.6,0.08863259842357928,0.06946202629074785,0,412,109
HM+ST,ctid,stockpile,42,40,0.5,0.5,0.0,0.09461432364333835,0.08979157776396304,0,412,109
HM+ST,ctid,stockpile,42,40,0.4,0.5,0.1,0.1071669912081334,0.08989861432466525,0,412,109
HM+ST,ctid,stockpile,42,40,0.3,0.5,0.2,0.1050529726416068,0.0899888868045426,0,412,109
HM+ST,ctid,stockpile,42,40,0.2,0.5,0.3,0.10142969788496606,0.08675553058977706,0,412,109
HM+ST,ctid,stockpile,42,40,0.1,0.5,0.4,0.10191733709091612,0.07870662215934827,0,412,109
HM+ST,ctid,stockpile,42,40,0.0,0.5,0.5,0.07306014846253693,0.06761578843796326,0,412,109
HM+ST,ctid,stockpile,42,40,0.4,0.6,0.0,0.09988872375371824,0.0881541949104075,0,412,109
HM+ST,ctid,stockpile,42,40,0.3,0.6,0.1,0.0936016876929099,0.08493820545916309,0,412,109
HM+ST,ctid,stockpile,42,40,0.2,0.6,0.2,0.09481160611634225,0.08381598036099137,0,412,109
HM+ST,ctid,stockpile,42,40,0.1,0.6,0.3,0.09251232244081464,0.08163319754627656,0,412,109
HM+ST,ctid,stockpile,42,40,0.0,0.6,0.4,0.07152560533722543,0.06465194018859516,0,412,109
HM+ST,ctid,stockpile,42,40,0.3,0.7,0.0,0.07087602088714273,0.07539989431423771,0,412,109
HM+ST,ctid,stockpile,42,40,0.2,0.7,0.1,0.06137382013705623,0.07528707056203712,0,412,109
HM+ST,ctid,stockpile,42,40,0.1,0.7,0.2,0.06966542677372399,0.07037588299872402,0,412,109
HM+ST,ctid,stockpile,42,40,0.0,0.7,0.3,0.06370929708808128,0.06598090812909646,0,412,109
HM+ST,ctid,stockpile,42,40,0.2,0.8,0.0,0.06669710763425479,0.06739649292767538,0,412,109
HM+ST,ctid,stockpile,42,40,0.1,0.8,0.1,0.06224208905936851,0.06599086122461602,0,412,109
HM+ST,ctid,stockpile,42,40,0.0,0.8,0.2,0.06261010134981682,0.06361011845422343,0,412,109
HM+ST,ctid,stockpile,42,40,0.1,0.9,0.0,0.06365944733913614,0.06477907053498438,0,412,109
HM+ST,ctid,stockpile,42,40,0.0,0.9,0.1,0.06173096022567277,0.0626062657439272,0,412,109
HM+ST,ctid,stockpile,42,40,0.0,1.0,0.0,0.06499564859721345,0.0637322533992606,0,412,109
HM+ST,ctid,stockpile,42,60,1.0,0.0,0.0,0.13376743719758546,0.10532388305352063,0,412,109
HM+ST,ctid,stockpile,42,60,0.9,0.0,0.1,0.13832922730923317,0.10498726373403702,0,412,109
HM+ST,ctid,stockpile,42,60,0.8,0.0,0.2,0.13409206745531688,0.10232370808375883,0,412,109
HM+ST,ctid,stockpile,42,60,0.7,0.0,0.3,0.14002793160143834,0.10139327869456416,0,412,109
HM+ST,ctid,stockpile,42,60,0.6,0.0,0.4,0.14199111721549554,0.09940345772092564,0,412,109
HM+ST,ctid,stockpile,42,60,0.5,0.0,0.5,0.14306841698149741,0.09955241871302405,0,412,109
HM+ST,ctid,stockpile,42,60,0.4,0.0,0.6,0.1374108071005873,0.0991013289816245,0,412,109
HM+ST,ctid,stockpile,42,60,0.3,0.0,0.7,0.13307650210041405,0.09354187675084433,0,412,109
HM+ST,ctid,stockpile,42,60,0.2,0.0,0.8,0.11238824318983129,0.0824690489801879,0,412,109
HM+ST,ctid,stockpile,42,60,0.1,0.0,0.9,0.10756007924882034,0.08562426739887562,0,412,109
HM+ST,ctid,stockpile,42,60,0.0,0.0,1.0,0.01652605476954228,0.021884687257427662,0,412,109
HM+ST,ctid,stockpile,42,60,0.9,0.1,0.0,0.12969306901059754,0.10351847491809614,0,412,109
HM+ST,ctid,stockpile,42,60,0.8,0.1,0.1,0.14182081228360513,0.1101319076464173,0,412,109
HM+ST,ctid,stockpile,42,60,0.7,0.1,0.2,0.1453675047045277,0.10796414137850478,0,412,109
HM+ST,ctid,stockpile,42,60,0.6,0.1,0.3,0.14629439289379384,0.10217998750305313,0,412,109
HM+ST,ctid,stockpile,42,60,0.5,0.1,0.4,0.14255002699857067,0.0981153761977245,0,412,109
HM+ST,ctid,stockpile,42,60,0.4,0.1,0.5,0.1374977735020908,0.09661352867579052,0,412,109
HM+ST,ctid,stockpile,42,60,0.3,0.1,0.6,0.14022973384763415,0.09630745367658908,0,412,109
HM+ST,ctid,stockpile,42,60,0.2,0.1,0.7,0.13420536817684958,0.09259199416307845,0,412,109
HM+ST,ctid,stockpile,42,60,0.1,0.1,0.8,0.11351337142541598,0.08482364774751991,0,412,109
HM+ST,ctid,stockpile,42,60,0.0,0.1,0.9,0.09175372277437657,0.07202615315330205,0,412,109
HM+ST,ctid,stockpile,42,60,0.8,0.2,0.0,0.11477102321628847,0.09863226595010315,0,412,109
HM+ST,ctid,stockpile,42,60,0.7,0.2,0.1,0.1430358699690923,0.11026351363061268,1,412,109
HM+ST,ctid,stockpile,42,60,0.6,0.2,0.2,0.13315354918349023,0.10274434106775762,0,412,109
HM+ST,ctid,stockpile,42,60,0.5,0.2,0.3,0.13926954641396128,0.09831518571566664,0,412,109
HM+ST,ctid,stockpile,42,60,0.4,0.2,0.4,0.13676799611003407,0.09450013841230506,0,412,109
HM+ST,ctid,stockpile,42,60,0.3,0.2,0.5,0.14037763571247652,0.09746520758843767,0,412,109
HM+ST,ctid,stockpile,42,60,0.2,0.2,0.6,0.12274339726579592,0.08838366814360936,0,412,109
HM+ST,ctid,stockpile,42,60,0.1,0.2,0.7,0.09864582475663342,0.0741529375316157,0,412,109
HM+ST,ctid,stockpile,42,60,0.0,0.2,0.8,0.07271203275632028,0.06466744841128773,0,412,109
HM+ST,ctid,stockpile,42,60,0.7,0.3,0.0,0.10587059641203264,0.09078174084058463,0,412,109
HM+ST,ctid,stockpile,42,60,0.6,0.3,0.1,0.11015918854508897,0.09182075247590685,0,412,109
HM+ST,ctid,stockpile,42,60,0.5,0.3,0.2,0.11406449937433248,0.09261693784999003,0,412,109
HM+ST,ctid,stockpile,42,60,0.4,0.3,0.3,0.10985975236390709,0.08822281356319721,0,412,109
HM+ST,ctid,stockpile,42,60,0.3,0.3,0.4,0.11806119507037172,0.08706699896264457,0,412,109
HM+ST,ctid,stockpile,42,60,0.2,0.3,0.5,0.118989492417398,0.08512589401297838,0,412,109
HM+ST,ctid,stockpile,42,60,0.1,0.3,0.6,0.11221479666508843,0.08038996181391558,0,412,109
HM+ST,ctid,stockpile,42,60,0.0,0.3,0.7,0.07803305943992153,0.0679910258292302,0,412,109
HM+ST,ctid,stockpile,42,60,0.6,0.4,0.0,0.09871926149726719,0.09094375575401913,0,412,109
HM+ST,ctid,stockpile,42,60,0.5,0.4,0.1,0.10742488468073906,0.09169719630021245,0,412,109
HM+ST,ctid,stockpile,42,60,0.4,0.4,0.2,0.10760482105385255,0.0900245652214877,0,412,109
HM+ST,ctid,stockpile,42,60,0.3,0.4,0.3,0.10929808990289051,0.0901088309907007,0,412,109
HM+ST,ctid,stockpile,42,60,0.2,0.4,0.4,0.12203227262868264,0.08703919022522093,0,412,109
HM+ST,ctid,stockpile,42,60,0.1,0.4,0.5,0.10678582975383653,0.07893400168699652,0,412,109
HM+ST,ctid,stockpile,42,60,0.0,0.4,0.6,0.07497475938083197,0.06503633209821133,0,412,109
HM+ST,ctid,stockpile,42,60,0.5,0.5,0.0,0.10395611334369148,0.0918293963787354,0,412,109
HM+ST,ctid,stockpile,42,60,0.4,0.5,0.1,0.11459508191497231,0.09196399543201973,0,412,109
HM+ST,ctid,stockpile,42,60,0.3,0.5,0.2,0.11174563926779768,0.08967609424425013,0,412,109
HM+ST,ctid,stockpile,42,60,0.2,0.5,0.3,0.10850593855295683,0.08651884838964422,0,412,109
HM+ST,ctid,stockpile,42,60,0.1,0.5,0.4,0.09958790004506508,0.07692809189926765,0,412,109
HM+ST,ctid,stockpile,42,60,0.0,0.5,0.5,0.08505224266820838,0.06663789993040647,0,412,109
HM+ST,ctid,stockpile,42,60,0.4,0.6,0.0,0.10102327031915091,0.08979618617840057,0,412,109
HM+ST,ctid,stockpile,42,60,0.3,0.6,0.1,0.1037193447991312,0.08754175365115036,0,412,109
HM+ST,ctid,stockpile,42,60,0.2,0.6,0.2,0.09790597605527393,0.08473290749002257,0,412,109
HM+ST,ctid,stockpile,42,60,0.1,0.6,0.3,0.09375358949229737,0.08068365058390585,0,412,109
HM+ST,ctid,stockpile,42,60,0.0,0.6,0.4,0.06108151004255991,0.06641684000458492,0,412,109
HM+ST,ctid,stockpile,42,60,0.3,0.7,0.0,0.09394522873697121,0.08538385644894356,0,412,109
HM+ST,ctid,stockpile,42,60,0.2,0.7,0.1,0.08952640103038173,0.08195542410543852,0,412,109
HM+ST,ctid,stockpile,42,60,0.1,0.7,0.2,0.08038328720547883,0.0741214956213883,0,412,109
HM+ST,ctid,stockpile,42,60,0.0,0.7,0.3,0.059269024226303875,0.06810122130707671,0,412,109
HM+ST,ctid,stockpile,42,60,0.2,0.8,0.0,0.06214653279839264,0.07332693337335705,0,412,109
HM+ST,ctid,stockpile,42,60,0.1,0.8,0.1,0.06422351820464191,0.06886742564229209,0,412,109
HM+ST,ctid,stockpile,42,60,0.0,0.8,0.2,0.05720631252497444,0.060848177879072485,0,412,109
HM+ST,ctid,stockpile,42,60,0.1,0.9,0.0,0.05933330282541394,0.06467566836716664,0,412,109
HM+ST,ctid,stockpile,42,60,0.0,0.9,0.1,0.041561055786044424,0.058004243479169694,0,412,109
HM+ST,ctid,stockpile,42,60,0.0,1.0,0.0,0.043149176921199704,0.057485137560333154,0,412,109
HM+ST,ctid,stockpile,42,80,1.0,0.0,0.0,0.13376743719758546,0.10532388305352063,0,412,109
HM+ST,ctid,stockpile,42,80,0.9,0.0,0.1,0.13832922730923317,0.10498726373403702,0,412,109
HM+ST,ctid,stockpile,42,80,0.8,0.0,0.2,0.13409206745531688,0.10232370808375883,0,412,109
HM+ST,ctid,stockpile,42,80,0.7,0.0,0.3,0.14002793160143834,0.10139327869456416,0,412,109
HM+ST,ctid,stockpile,42,80,0.6,0.0,0.4,0.14199111721549554,0.09940345772092564,0,412,109
HM+ST,ctid,stockpile,42,80,0.5,0.0,0.5,0.14306841698149741,0.09955241871302405,0,412,109
HM+ST,ctid,stockpile,42,80,0.4,0.0,0.6,0.1374108071005873,0.0991013289816245,0,412,109
HM+ST,ctid,stockpile,42,80,0.3,0.0,0.7,0.13307650210041405,0.09354187675084433,0,412,109
HM+ST,ctid,stockpile,42,80,0.2,0.0,0.8,0.11238824318983129,0.0824690489801879,0,412,109
HM+ST,ctid,stockpile,42,80,0.1,0.0,0.9,0.10756007924882034,0.08562426739887562,0,412,109
HM+ST,ctid,stockpile,42,80,0.0,0.0,1.0,0.01652605476954228,0.021884687257427662,0,412,109
HM+ST,ctid,stockpile,42,80,0.9,0.1,0.0,0.12990696092317575,0.1019619768848534,0,412,109
HM+ST,ctid,stockpile,42,80,0.8,0.1,0.1,0.13604786860799306,0.10675588492724095,0,412,109
HM+ST,ctid,stockpile,42,80,0.7,0.1,0.2,0.1427635398237633,0.10642155286583513,0,412,109
HM+ST,ctid,stockpile,42,80,0.6,0.1,0.3,0.14739221454178938,0.10095220023742901,0,412,109
HM+ST,ctid,stockpile,42,80,0.5,0.1,0.4,0.14171401716444185,0.09746754412072538,0,412,109
HM+ST,ctid,stockpile,42,80,0.4,0.1,0.5,0.13769763444311542,0.09603196786516796,0,412,109
HM+ST,ctid,stockpile,42,80,0.3,0.1,0.6,0.13802790577117688,0.09568048900332514,0,412,109
HM+ST,ctid,stockpile,42,80,0.2,0.1,0.7,0.1168820720451093,0.08489775202236668,0,412,109
HM+ST,ctid,stockpile,42,80,0.1,0.1,0.8,0.10138046894053993,0.07872225399709158,0,412,109
HM+ST,ctid,stockpile,42,80,0.0,0.1,0.9,0.08586954019482061,0.06882926291893049,0,412,109
HM+ST,ctid,stockpile,42,80,0.8,0.2,0.0,0.09915719602052556,0.09594043292788636,0,412,109
HM+ST,ctid,stockpile,42,80,0.7,0.2,0.1,0.1413685902676232,0.10816911400759896,0,412,109
HM+ST,ctid,stockpile,42,80,0.6,0.2,0.2,0.13055082777725283,0.10094403899979869,0,412,109
HM+ST,ctid,stockpile,42,80,0.5,0.2,0.3,0.13008371078308612,0.09284495583454584,0,412,109
HM+ST,ctid,stockpile,42,80,0.4,0.2,0.4,0.1253908995363852,0.08920407780116879,0,412,109
HM+ST,ctid,stockpile,42,80,0.3,0.2,0.5,0.11622488722162953,0.08815980038266372,0,412,109
HM+ST,ctid,stockpile,42,80,0.2,0.2,0.6,0.10050337096415124,0.07722477236023208,0,412,109
HM+ST,ctid,stockpile,42,80,0.1,0.2,0.7,0.07925170299041927,0.06683509744182208,0,412,109
HM+ST,ctid,stockpile,42,80,0.0,0.2,0.8,0.06198798952505305,0.05866398711301679,0,412,109
HM+ST,ctid,stockpile,42,80,0.7,0.3,0.0,0.0986624463945146,0.08926809474727293,0,412,109
HM+ST,ctid,stockpile,42,80,0.6,0.3,0.1,0.10484055543957052,0.09047628463510618,0,412,109
HM+ST,ctid,stockpile,42,80,0.5,0.3,0.2,0.1157279992782134,0.092767275295214,0,412,109
HM+ST,ctid,stockpile,42,80,0.4,0.3,0.3,0.10601323855557394,0.08555972164838355,0,412,109
HM+ST,ctid,stockpile,42,80,0.3,0.3,0.4,0.10874852491539357,0.08199499262176799,0,412,109
HM+ST,ctid,stockpile,42,80,0.2,0.3,0.5,0.09181874338319608,0.07487548688720772,0,412,109
HM+ST,ctid,stockpile,42,80,0.1,0.3,0.6,0.08393537664044988,0.06903088330304231,0,412,109
HM+ST,ctid,stockpile,42,80,0.0,0.3,0.7,0.0642392190531862,0.058076491680676065,0,412,109
HM+ST,ctid,stockpile,42,80,0.6,0.4,0.0,0.10137613064907852,0.09211528966222156,0,412,109
HM+ST,ctid,stockpile,42,80,0.5,0.4,0.1,0.10152986154348144,0.08816789239867542,0,412,109
HM+ST,ctid,stockpile,42,80,0.4,0.4,0.2,0.10058515060653603,0.0870569622567209,0,412,109
HM+ST,ctid,stockpile,42,80,0.3,0.4,0.3,0.10616626338179973,0.08624828054452763,0,412,109
HM+ST,ctid,stockpile,42,80,0.2,0.4,0.4,0.11001626232572087,0.08040401303547288,0,412,109
HM+ST,ctid,stockpile,42,80,0.1,0.4,0.5,0.0798053173980646,0.06660833402953359,0,412,109
HM+ST,ctid,stockpile,42,80,0.0,0.4,0.6,0.060076963834525286,0.0546884399868716,0,412,109
HM+ST,ctid,stockpile,42,80,0.5,0.5,0.0,0.08974162233663067,0.08876434568999206,0,412,109
HM+ST,ctid,stockpile,42,80,0.4,0.5,0.1,0.09364403225811523,0.08635674227265952,0,412,109
HM+ST,ctid,stockpile,42,80,0.3,0.5,0.2,0.08912421887212867,0.08344202233852188,0,412,109
HM+ST,ctid,stockpile,42,80,0.2,0.5,0.3,0.10164653987926088,0.08427493923061685,0,412,109
HM+ST,ctid,stockpile,42,80,0.1,0.5,0.4,0.07674283260709315,0.06702107699971954,0,412,109
HM+ST,ctid,stockpile,42,80,0.0,0.5,0.5,0.06389010457011564,0.056573218319961274,0,412,109
HM+ST,ctid,stockpile,42,80,0.4,0.6,0.0,0.08459653123762542,0.08276739289240063,0,412,109
HM+ST,ctid,stockpile,42,80,0.3,0.6,0.1,0.0863845487795541,0.08009168393547819,0,412,109
HM+ST,ctid,stockpile,42,80,0.2,0.6,0.2,0.08308647489771755,0.07708926910877238,0,412,109
HM+ST,ctid,stockpile,42,80,0.1,0.6,0.3,0.07762341373561032,0.07185101201304714,0,412,109
HM+ST,ctid,stockpile,42,80,0.0,0.6,0.4,0.046789501250101256,0.05618613779709568,0,412,109
HM+ST,ctid,stockpile,42,80,0.3,0.7,0.0,0.07828256613701122,0.07874495250796876,0,412,109
HM+ST,ctid,stockpile,42,80,0.2,0.7,0.1,0.07934757369249981,0.07490712007482016,0,412,109
HM+ST,ctid,stockpile,42,80,0.1,0.7,0.2,0.07528227385242904,0.07145303339657993,0,412,109
HM+ST,ctid,stockpile,42,80,0.0,0.7,0.3,0.04158593354885858,0.059104831114609103,0,412,109
HM+ST,ctid,stockpile,42,80,0.2,0.8,0.0,0.061375952499432736,0.06820207471579848,0,412,109
HM+ST,ctid,stockpile,42,80,0.1,0.8,0.1,0.06276615582404885,0.06856093527300275,0,412,109
HM+ST,ctid,stockpile,42,80,0.0,0.8,0.2,0.04032689698303308,0.055732867032094166,0,412,109
HM+ST,ctid,stockpile,42,80,0.1,0.9,0.0,0.044240640906690096,0.058036750367296865,0,412,109
HM+ST,ctid,stockpile,42,80,0.0,0.9,0.1,0.04028701972428969,0.0550213440484386,0,412,109
HM+ST,ctid,stockpile,42,80,0.0,1.0,0.0,0.03608545762738195,0.05519968775804447,0,412,109
HM+ST,ctid,stockpile,43,100,1.0,0.0,0.0,0.1372791209716135,0.10532388305352063,0,412,109
HM+ST,ctid,stockpile,43,100,0.9,0.0,0.1,0.13294550616848577,0.10498726373403702,0,412,109
HM+ST,ctid,stockpile,43,100,0.8,0.0,0.2,0.13815339130771284,0.10232370808375883,0,412,109
HM+ST,ctid,stockpile,43,100,0.7,0.0,0.3,0.149536253157855,0.10139327869456416,0,412,109
HM+ST,ctid,stockpile,43,100,0.6,0.0,0.4,0.1432749859848329,0.09940345772092564,0,412,109
HM+ST,ctid,stockpile,43,100,0.5,0.0,0.5,0.14391534331288622,0.09955241871302405,0,412,109
HM+ST,ctid,stockpile,43,100,0.4,0.0,0.6,0.1450965814603698,0.0991013289816245,0,412,109
HM+ST,ctid,stockpile,43,100,0.3,0.0,0.7,0.13419363386273506,0.09354187675084433,0,412,109
HM+ST,ctid,stockpile,43,100,0.2,0.0,0.8,0.11268597146456226,0.0824690489801879,0,412,109
HM+ST,ctid,stockpile,43,100,0.1,0.0,0.9,0.12238308569618826,0.08562426739887562,0,412,109
HM+ST,ctid,stockpile,43,100,0.0,0.0,1.0,0.01652605476954228,0.021884687257427662,0,412,109
HM+ST,ctid,stockpile,43,100,0.9,0.1,0.0,0.12591074442370456,0.10099219807681259,0,412,109
HM+ST,ctid,stockpile,43,100,0.8,0.1,0.1,0.13459573161426103,0.1067408497671772,0,412,109
HM+ST,ctid,stockpile,43,100,0.7,0.1,0.2,0.14539409889625532,0.10644980267308315,0,412,109
HM+ST,ctid,stockpile,43,100,0.6,0.1,0.3,0.14629769095885145,0.10045242415925226,0,412,109
HM+ST,ctid,stockpile,43,100,0.5,0.1,0.4,0.1403049695587819,0.09456452654034286,0,412,109
HM+ST,ctid,stockpile,43,100,0.4,0.1,0.5,0.14050448979916735,0.0956126062551983,0,412,109
HM+ST,ctid,stockpile,43,100,0.3,0.1,0.6,0.13700721404985575,0.09347852690309935,0,412,109
HM+ST,ctid,stockpile,43,100,0.2,0.1,0.7,0.11268169578700361,0.08314984015174563,0,412,109
HM+ST,ctid,stockpile,43,100,0.1,0.1,0.8,0.09573262382863174,0.07551354028523613,0,412,109
HM+ST,ctid,stockpile,43,100,0.0,0.1,0.9,0.08690030071655155,0.07013856770697657,0,412,109
HM+ST,ctid,stockpile,43,100,0.8,0.2,0.0,0.11084078417501633,0.09362628523731926,0,412,109
HM+ST,ctid,stockpile,43,100,0.7,0.2,0.1,0.12724414343324214,0.10070980340480071,0,412,109
HM+ST,ctid,stockpile,43,100,0.6,0.2,0.2,0.13021193876014575,0.09773831736213476,0,412,109
HM+ST,ctid,stockpile,43,100,0.5,0.2,0.3,0.12164281470325286,0.09147243669387393,0,412,109
HM+ST,ctid,stockpile,43,100,0.4,0.2,0.4,0.13025867341617584,0.08494167450135076,0,412,109
HM+ST,ctid,stockpile,43,100,0.3,0.2,0.5,0.10623660137301799,0.0790170814991041,0,412,109
HM+ST,ctid,stockpile,43,100,0.2,0.2,0.6,0.08586376866380434,0.06990689203732484,0,412,109
HM+ST,ctid,stockpile,43,100,0.1,0.2,0.7,0.07583466503502531,0.06325622864588441,0,412,109
HM+ST,ctid,stockpile,43,100,0.0,0.2,0.8,0.06594711687109629,0.06068704037079668,0,412,109
HM+ST,ctid,stockpile,43,100,0.7,0.3,0.0,0.09513171549864989,0.08774867242258588,0,412,109
HM+ST,ctid,stockpile,43,100,0.6,0.3,0.1,0.09934927510840845,0.08656195735439101,0,412,109
HM+ST,ctid,stockpile,43,100,0.5,0.3,0.2,0.10935730404106171,0.08895102921843459,0,412,109
HM+ST,ctid,stockpile,43,100,0.4,0.3,0.3,0.09584098504807866,0.08225783242063826,0,412,109
HM+ST,ctid,stockpile,43,100,0.3,0.3,0.4,0.09545837135362413,0.07576097626284442,0,412,109
HM+ST,ctid,stockpile,43,100,0.2,0.3,0.5,0.07893636171558234,0.06761829918933555,0,412,109
HM+ST,ctid,stockpile,43,100,0.1,0.3,0.6,0.07826707629244235,0.06660306712625053,0,412,109
HM+ST,ctid,stockpile,43,100,0.0,0.3,0.7,0.060873937709374375,0.05747143879834464,0,412,109
HM+ST,ctid,stockpile,43,100,0.6,0.4,0.0,0.08589267995812004,0.08339213182031599,0,412,109
HM+ST,ctid,stockpile,43,100,0.5,0.4,0.1,0.0833273812820653,0.08077169278590866,0,412,109
HM+ST,ctid,stockpile,43,100,0.4,0.4,0.2,0.07701474030126373,0.07711071385926946,0,412,109
HM+ST,ctid,stockpile,43,100,0.3,0.4,0.3,0.0836187362807346,0.07541711387140723,0,412,109
HM+ST,ctid,stockpile,43,100,0.2,0.4,0.4,0.08517834069708402,0.07218742373915744,0,412,109
HM+ST,ctid,stockpile,43,100,0.1,0.4,0.5,0.07799547300540974,0.0647618285877514,0,412,109
HM+ST,ctid,stockpile,43,100,0.0,0.4,0.6,0.05302609716753092,0.05209935282858317,0,412,109
HM+ST,ctid,stockpile,43,100,0.5,0.5,0.0,0.0796429414586604,0.08086112819851968,0,412,109
HM+ST,ctid,stockpile,43,100,0.4,0.5,0.1,0.07624672493002198,0.07690134305797318,0,412,109
HM+ST,ctid,stockpile,43,100,0.3,0.5,0.2,0.07615088611603078,0.07328313014697552,0,412,109
HM+ST,ctid,stockpile,43,100,0.2,0.5,0.3,0.07614023486836581,0.07139034306316502,0,412,109
HM+ST,ctid,stockpile,43,100,0.1,0.5,0.4,0.06320922845129788,0.0621874851825728,0,412,109
HM+ST,ctid,stockpile,43,100,0.0,0.5,0.5,0.0567507097582742,0.05397990963661712,0,412,109
HM+ST,ctid,stockpile,43,100,0.4,0.6,0.0,0.07718934287081175,0.07777218581975745,0,412,109
HM+ST,ctid,stockpile,43,100,0.3,0.6,0.1,0.07180010137126076,0.07499169513774759,0,412,109
HM+ST,ctid,stockpile,43,100,0.2,0.6,0.2,0.07065135347566939,0.07083513361789,0,412,109
HM+ST,ctid,stockpile,43,100,0.1,0.6,0.3,0.0651429136468933,0.06475470186124434,0,412,109
HM+ST,ctid,stockpile,43,100,0.0,0.6,0.4,0.057124309457329464,0.05600946325407248,0,412,109
HM+ST,ctid,stockpile,43,100,0.3,0.7,0.0,0.06648344752175031,0.0731199081007746,0,412,109
HM+ST,ctid,stockpile,43,100,0.2,0.7,0.1,0.06347837492864156,0.07057237170887137,0,412,109
HM+ST,ctid,stockpile,43,100,0.1,0.7,0.2,0.06201220735101032,0.06692204838859517,0,412,109
HM+ST,ctid,stockpile,43,100,0.0,0.7,0.3,0.056594065361832924,0.05931351849126485,0,412,109
HM+ST,ctid,stockpile,43,100,0.2,0.8,0.0,0.05456317092860202,0.06283920964178602,0,412,109
HM+ST,ctid,stockpile,43,100,0.1,0.8,0.1,0.056814489890929014,0.06494596778696,0,412,109
HM+ST,ctid,stockpile,43,100,0.0,0.8,0.2,0.033541300937221796,0.05067467063328694,0,412,109
HM+ST,ctid,stockpile,43,100,0.1,0.9,0.0,0.030552888464160183,0.05437446925851928,0,412,109
HM+ST,ctid,stockpile,43,100,0.0,0.9,0.1,0.03389909996485358,0.05281316036094306,0,412,109
HM+ST,ctid,stockpile,43,100,0.0,1.0,0.0,0.029870382370526867,0.05285116417196402,0,412,109
HM+ST,ctid,stockpile,43,20,1.0,0.0,0.0,0.1372791209716135,0.10532388305352063,0,412,109
HM+ST,ctid,stockpile,43,20,0.9,0.0,0.1,0.13294550616848577,0.10498726373403702,0,412,109
HM+ST,ctid,stockpile,43,20,0.8,0.0,0.2,0.13815339130771284,0.10232370808375883,0,412,109
HM+ST,ctid,stockpile,43,20,0.7,0.0,0.3,0.149536253157855,0.10139327869456416,0,412,109
HM+ST,ctid,stockpile,43,20,0.6,0.0,0.4,0.1432749859848329,0.09940345772092564,0,412,109
HM+ST,ctid,stockpile,43,20,0.5,0.0,0.5,0.14391534331288622,0.09955241871302405,0,412,109
HM+ST,ctid,stockpile,43,20,0.4,0.0,0.6,0.1450965814603698,0.0991013289816245,0,412,109
HM+ST,ctid,stockpile,43,20,0.3,0.0,0.7,0.13419363386273506,0.09354187675084433,0,412,109
HM+ST,ctid,stockpile,43,20,0.2,0.0,0.8,0.11268597146456226,0.0824690489801879,0,412,109
HM+ST,ctid,stockpile,43,20,0.1,0.0,0.9,0.12238308569618826,0.08562426739887562,0,412,109
HM+ST,ctid,stockpile,43,20,0.0,0.0,1.0,0.01652605476954228,0.021884687257427662,0,412,109
HM+ST,ctid,stockpile,43,20,0.9,0.1,0.0,0.13997557243843653,0.10440395466678454,0,412,109
HM+ST,ctid,stockpile,43,20,0.8,0.1,0.1,0.14766825241800866,0.10919916351624945,0,412,109
HM+ST,ctid,stockpile,43,20,0.7,0.1,0.2,0.1483928255690469,0.10762677357539885,0,412,109
HM+ST,ctid,stockpile,43,20,0.6,0.1,0.3,0.14899174510593943,0.10144877504386936,0,412,109
HM+ST,ctid,stockpile,43,20,0.5,0.1,0.4,0.14981784400992382,0.09818963608710606,0,412,109
HM+ST,ctid,stockpile,43,20,0.4,0.1,0.5,0.14381379748420478,0.09849298504051954,0,412,109
HM+ST,ctid,stockpile,43,20,0.3,0.1,0.6,0.1493615859828403,0.0991830403624474,0,412,109
HM+ST,ctid,stockpile,43,20,0.2,0.1,0.7,0.13877958515281594,0.09594782578222194,0,412,109
HM+ST,ctid,stockpile,43,20,0.1,0.1,0.8,0.1235992007119831,0.08745083547397334,0,412,109
HM+ST,ctid,stockpile,43,20,0.0,0.1,0.9,0.1028779221016005,0.07652524589583651,0,412,109
HM+ST,ctid,stockpile,43,20,0.8,0.2,0.0,0.1236787789065622,0.09653060411595736,0,412,109
HM+ST,ctid,stockpile,43,20,0.7,0.2,0.1,0.14829198271373378,0.10392540190632885,0,412,109
HM+ST,ctid,stockpile,43,20,0.6,0.2,0.2,0.14784682565275206,0.10367513456388996,0,412,109
HM+ST,ctid,stockpile,43,20,0.5,0.2,0.3,0.14496216993542876,0.0981850081763426,0,412,109
HM+ST,ctid,stockpile,43,20,0.4,0.2,0.4,0.14059669020907875,0.08902840447513002,0,412,109
HM+ST,ctid,stockpile,43,20,0.3,0.2,0.5,0.14415415196900117,0.09105169786494506,0,412,109
HM+ST,ctid,stockpile,43,20,0.2,0.2,0.6,0.12139019927286526,0.08634209698713183,0,412,109
HM+ST,ctid,stockpile,43,20,0.1,0.2,0.7,0.11335701363013626,0.08204310116202242,0,412,109
HM+ST,ctid,stockpile,43,20,0.0,0.2,0.8,0.09836432926527484,0.07463837539142987,0,412,109
HM+ST,ctid,stockpile,43,20,0.7,0.3,0.0,0.11401803658178612,0.09243884805813281,0,412,109
HM+ST,ctid,stockpile,43,20,0.6,0.3,0.1,0.11185588104771957,0.0903418222980832,0,412,109
HM+ST,ctid,stockpile,43,20,0.5,0.3,0.2,0.1211198481009318,0.09083772338967495,0,412,109
HM+ST,ctid,stockpile,43,20,0.4,0.3,0.3,0.12013967386733582,0.08653078959984697,0,412,109
HM+ST,ctid,stockpile,43,20,0.3,0.3,0.4,0.12792114965665954,0.08806244224150994,0,412,109
HM+ST,ctid,stockpile,43,20,0.2,0.3,0.5,0.12148126174858415,0.08477087399722043,0,412,109
HM+ST,ctid,stockpile,43,20,0.1,0.3,0.6,0.10603189198907868,0.07828352187585219,0,412,109
HM+ST,ctid,stockpile,43,20,0.0,0.3,0.7,0.09771804615825654,0.06902174184386259,0,412,109
HM+ST,ctid,stockpile,43,20,0.6,0.4,0.0,0.1073996766755728,0.08827106773859855,0,412,109
HM+ST,ctid,stockpile,43,20,0.5,0.4,0.1,0.11385756953004653,0.08953287159604315,0,412,109
HM+ST,ctid,stockpile,43,20,0.4,0.4,0.2,0.11782132884378252,0.08985224972919041,0,412,109
HM+ST,ctid,stockpile,43,20,0.3,0.4,0.3,0.10970273389784103,0.08377368332834792,0,412,109
HM+ST,ctid,stockpile,43,20,0.2,0.4,0.4,0.11979365081089267,0.0807281883389272,0,412,109
HM+ST,ctid,stockpile,43,20,0.1,0.4,0.5,0.11079219261613427,0.07666374173361427,0,412,109
HM+ST,ctid,stockpile,43,20,0.0,0.4,0.6,0.10892657209687624,0.07238633114620785,0,412,109
HM+ST,ctid,stockpile,43,20,0.5,0.5,0.0,0.10777356088579342,0.0867179484484486,0,412,109
HM+ST,ctid,stockpile,43,20,0.4,0.5,0.1,0.11703724911220031,0.08787184983015324,0,412,109
HM+ST,ctid,stockpile,43,20,0.3,0.5,0.2,0.10801767277273405,0.08448018217178302,0,412,109
HM+ST,ctid,stockpile,43,20,0.2,0.5,0.3,0.10181740709373265,0.07991339434368888,0,412,109
HM+ST,ctid,stockpile,43,20,0.1,0.5,0.4,0.10297386783893675,0.07339589217416002,0,412,109
HM+ST,ctid,stockpile,43,20,0.0,0.5,0.5,0.08527410076532495,0.061124748856792734,0,412,109
HM+ST,ctid,stockpile,43,20,0.4,0.6,0.0,0.09944389445793421,0.0776557026730822,0,412,109
HM+ST,ctid,stockpile,43,20,0.3,0.6,0.1,0.10293484586591051,0.08003477387347249,0,412,109
HM+ST,ctid,stockpile,43,20,0.2,0.6,0.2,0.09325622484973994,0.07383419386182213,0,412,109
HM+ST,ctid,stockpile,43,20,0.1,0.6,0.3,0.07885608484031341,0.06931664886416997,0,412,109
HM+ST,ctid,stockpile,43,20,0.0,0.6,0.4,0.07850217442632534,0.060059377666504786,0,412,109
HM+ST,ctid,stockpile,43,20,0.3,0.7,0.0,0.0716466828621228,0.06663704552579663,0,412,109
HM+ST,ctid,stockpile,43,20,0.2,0.7,0.1,0.07493009844567212,0.06601216685573734,0,412,109
HM+ST,ctid,stockpile,43,20,0.1,0.7,0.2,0.07274501816457729,0.06540575763057538,0,412,109
HM+ST,ctid,stockpile,43,20,0.0,0.7,0.3,0.0769827188215939,0.0633645441766615,0,412,109
HM+ST,ctid,stockpile,43,20,0.2,0.8,0.0,0.06606722026402322,0.06374769085903953,0,412,109
HM+ST,ctid,stockpile,43,20,0.1,0.8,0.1,0.06507913271445323,0.06278994867744508,0,412,109
HM+ST,ctid,stockpile,43,20,0.0,0.8,0.2,0.07088683448654735,0.06391148371581304,0,412,109
HM+ST,ctid,stockpile,43,20,0.1,0.9,0.0,0.06377134112077812,0.062493278189076185,0,412,109
HM+ST,ctid,stockpile,43,20,0.0,0.9,0.1,0.06605168750733642,0.06213476148018867,0,412,109
HM+ST,ctid,stockpile,43,20,0.0,1.0,0.0,0.06519584254527955,0.062624718599025,0,412,109
HM+ST,ctid,stockpile,43,40,1.0,0.0,0.0,0.1372791209716135,0.10532388305352063,0,412,109
HM+ST,ctid,stockpile,43,40,0.9,0.0,0.1,0.13294550616848577,0.10498726373403702,0,412,109
HM+ST,ctid,stockpile,43,40,0.8,0.0,0.2,0.13815339130771284,0.10232370808375883,0,412,109
HM+ST,ctid,stockpile,43,40,0.7,0.0,0.3,0.149536253157855,0.10139327869456416,0,412,109
HM+ST,ctid,stockpile,43,40,0.6,0.0,0.4,0.1432749859848329,0.09940345772092564,0,412,109
HM+ST,ctid,stockpile,43,40,0.5,0.0,0.5,0.14391534331288622,0.09955241871302405,0,412,109
HM+ST,ctid,stockpile,43,40,0.4,0.0,0.6,0.1450965814603698,0.0991013289816245,0,412,109
HM+ST,ctid,stockpile,43,40,0.3,0.0,0.7,0.13419363386273506,0.09354187675084433,0,412,109
HM+ST,ctid,stockpile,43,40,0.2,0.0,0.8,0.11268597146456226,0.0824690489801879,0,412,109
HM+ST,ctid,stockpile,43,40,0.1,0.0,0.9,0.12238308569618826,0.08562426739887562,0,412,109
HM+ST,ctid,stockpile,43,40,0.0,0.0,1.0,0.01652605476954228,0.021884687257427662,0,412,109
HM+ST,ctid,stockpile,43,40,0.9,0.1,0.0,0.13111721243592106,0.10414028527727175,0,412,109
HM+ST,ctid,stockpile,43,40,0.8,0.1,0.1,0.1432757021815402,0.10979492500818744,0,412,109
HM+ST,ctid,stockpile,43,40,0.7,0.1,0.2,0.1477826988660182,0.1078932355379841,0,412,109
HM+ST,ctid,stockpile,43,40,0.6,0.1,0.3,0.14866285341086855,0.10145824781174509,0,412,109
HM+ST,ctid,stockpile,43,40,0.5,0.1,0.4,0.14560298773927308,0.09744571988520952,0,412,109
HM+ST,ctid,stockpile,43,40,0.4,0.1,0.5,0.14362278771193088,0.09695331583036859,0,412,109
HM+ST,ctid,stockpile,43,40,0.3,0.1,0.6,0.14395514188723552,0.09724715037587114,0,412,109
HM+ST,ctid,stockpile,43,40,0.2,0.1,0.7,0.13877958515281594,0.09631052829218116,0,412,109
HM+ST,ctid,stockpile,43,40,0.1,0.1,0.8,0.11990941429462423,0.0862912199882301,0,412,109
HM+ST,ctid,stockpile,43,40,0.0,0.1,0.9,0.10078260371705498,0.07561735224222654,0,412,109
HM+ST,ctid,stockpile,43,40,0.8,0.2,0.0,0.11115987353305828,0.09735717301595644,0,412,109
HM+ST,ctid,stockpile,43,40,0.7,0.2,0.1,0.1537981282138467,0.10967612693211268,0,412,109
HM+ST,ctid,stockpile,43,40,0.6,0.2,0.2,0.14590896431610204,0.10515796669974067,0,412,109
HM+ST,ctid,stockpile,43,40,0.5,0.2,0.3,0.14428763841964,0.0982809780074823,0,412,109
HM+ST,ctid,stockpile,43,40,0.4,0.2,0.4,0.13959772917358707,0.09650257377597661,0,412,109
HM+ST,ctid,stockpile,43,40,0.3,0.2,0.5,0.14108759881502764,0.0936032243678301,0,412,109
HM+ST,ctid,stockpile,43,40,0.2,0.2,0.6,0.1400694211573163,0.08976055358596803,0,412,109
HM+ST,ctid,stockpile,43,40,0.1,0.2,0.7,0.10967938259732542,0.07891127544990763,0,412,109
HM+ST,ctid,stockpile,43,40,0.0,0.2,0.8,0.09503075748021407,0.07469459230577533,0,412,109
HM+ST,ctid,stockpile,43,40,0.7,0.3,0.0,0.11165729309404411,0.0922530311474256,0,412,109
HM+ST,ctid,stockpile,43,40,0.6,0.3,0.1,0.11428867080142764,0.09215509097809985,0,412,109
HM+ST,ctid,stockpile,43,40,0.5,0.3,0.2,0.12170374517161436,0.09301827109942004,0,412,109
HM+ST,ctid,stockpile,43,40,0.4,0.3,0.3,0.12727076074531748,0.0934261236057336,0,412,109
HM+ST,ctid,stockpile,43,40,0.3,0.3,0.4,0.12381763498507754,0.0872966596798773,0,412,109
HM+ST,ctid,stockpile,43,40,0.2,0.3,0.5,0.12361657890127749,0.08652906665790047,0,412,109
HM+ST,ctid,stockpile,43,40,0.1,0.3,0.6,0.11304008592641815,0.08362726938279061,0,412,109
HM+ST,ctid,stockpile,43,40,0.0,0.3,0.7,0.09577885726998753,0.07174232306649578,0,412,109
HM+ST,ctid,stockpile,43,40,0.6,0.4,0.0,0.10739537318754062,0.09142850606097933,0,412,109
HM+ST,ctid,stockpile,43,40,0.5,0.4,0.1,0.11357047106023084,0.09129360657500692,0,412,109
HM+ST,ctid,stockpile,43,40,0.4,0.4,0.2,0.11356048990132683,0.09009440890996726,0,412,109
HM+ST,ctid,stockpile,43,40,0.3,0.4,0.3,0.11860400373545163,0.09056453163453383,0,412,109
HM+ST,ctid,stockpile,43,40,0.2,0.4,0.4,0.12467753968742656,0.08690346775185621,0,412,109
HM+ST,ctid,stockpile,43,40,0.1,0.4,0.5,0.10742499514559711,0.07957504405906876,0,412,109
HM+ST,ctid,stockpile,43,40,0.0,0.4,0.6,0.09433088358115788,0.06946202629074785,0,412,109
HM+ST,ctid,stockpile,43,40,0.5,0.5,0.0,0.10576935008646698,0.08979157776396304,0,412,109
HM+ST,ctid,stockpile,43,40,0.4,0.5,0.1,0.11093108509383856,0.08989861432466525,0,412,109
HM+ST,ctid,stockpile,43,40,0.3,0.5,0.2,0.11747323552148413,0.0899888868045426,0,412,109
HM+ST,ctid,stockpile,43,40,0.2,0.5,0.3,0.11184029714549437,0.08675553058977706,0,412,109
HM+ST,ctid,stockpile,43,40,0.1,0.5,0.4,0.10802774355453489,0.07870662215934827,0,412,109
HM+ST,ctid,stockpile,43,40,0.0,0.5,0.5,0.09815770547320471,0.06761578843796326,0,412,109
HM+ST,ctid,stockpile,43,40,0.4,0.6,0.0,0.10493239994937299,0.0881541949104075,0,412,109
HM+ST,ctid,stockpile,43,40,0.3,0.6,0.1,0.10578497211560983,0.08493820545916309,0,412,109
HM+ST,ctid,stockpile,43,40,0.2,0.6,0.2,0.10881234918778235,0.08381598036099137,0,412,109
HM+ST,ctid,stockpile,43,40,0.1,0.6,0.3,0.10728453807980946,0.08163319754627656,0,412,109
HM+ST,ctid,stockpile,43,40,0.0,0.6,0.4,0.07577777331258666,0.06465194018859516,0,412,109
HM+ST,ctid,stockpile,43,40,0.3,0.7,0.0,0.09342131442228924,0.07539989431423771,0,412,109
HM+ST,ctid,stockpile,43,40,0.2,0.7,0.1,0.10375603669555487,0.07528707056203712,0,412,109
HM+ST,ctid,stockpile,43,40,0.1,0.7,0.2,0.0769965624574293,0.07037588299872402,0,412,109
HM+ST,ctid,stockpile,43,40,0.0,0.7,0.3,0.06891144373780304,0.06598090812909646,0,412,109
HM+ST,ctid,stockpile,43,40,0.2,0.8,0.0,0.06855370856601192,0.06739649292767538,0,412,109
HM+ST,ctid,stockpile,43,40,0.1,0.8,0.1,0.07258002844358126,0.06599086122461602,0,412,109
HM+ST,ctid,stockpile,43,40,0.0,0.8,0.2,0.07108527863833168,0.06361011845422343,0,412,109
HM+ST,ctid,stockpile,43,40,0.1,0.9,0.0,0.06780715244130593,0.06477907053498438,0,412,109
HM+ST,ctid,stockpile,43,40,0.0,0.9,0.1,0.06408269928282785,0.0626062657439272,0,412,109
HM+ST,ctid,stockpile,43,40,0.0,1.0,0.0,0.06394048793374753,0.0637322533992606,0,412,109
HM+ST,ctid,stockpile,43,60,1.0,0.0,0.0,0.1372791209716135,0.10532388305352063,0,412,109
HM+ST,ctid,stockpile,43,60,0.9,0.0,0.1,0.13294550616848577,0.10498726373403702,0,412,109
HM+ST,ctid,stockpile,43,60,0.8,0.0,0.2,0.13815339130771284,0.10232370808375883,0,412,109
HM+ST,ctid,stockpile,43,60,0.7,0.0,0.3,0.149536253157855,0.10139327869456416,0,412,109
HM+ST,ctid,stockpile,43,60,0.6,0.0,0.4,0.1432749859848329,0.09940345772092564,0,412,109
HM+ST,ctid,stockpile,43,60,0.5,0.0,0.5,0.14391534331288622,0.09955241871302405,0,412,109
HM+ST,ctid,stockpile,43,60,0.4,0.0,0.6,0.1450965814603698,0.0991013289816245,0,412,109
HM+ST,ctid,stockpile,43,60,0.3,0.0,0.7,0.13419363386273506,0.09354187675084433,0,412,109
HM+ST,ctid,stockpile,43,60,0.2,0.0,0.8,0.11268597146456226,0.0824690489801879,0,412,109
HM+ST,ctid,stockpile,43,60,0.1,0.0,0.9,0.12238308569618826,0.08562426739887562,0,412,109
HM+ST,ctid,stockpile,43,60,0.0,0.0,1.0,0.01652605476954228,0.021884687257427662,0,412,109
HM+ST,ctid,stockpile,43,60,0.9,0.1,0.0,0.1296906335585971,0.10351847491809614,0,412,109
HM+ST,ctid,stockpile,43,60,0.8,0.1,0.1,0.14208945148305105,0.1101319076464173,0,412,109
HM+ST,ctid,stockpile,43,60,0.7,0.1,0.2,0.14770614499193474,0.10796414137850478,0,412,109
HM+ST,ctid,stockpile,43,60,0.6,0.1,0.3,0.15217654625414398,0.10217998750305313,0,412,109
HM+ST,ctid,stockpile,43,60,0.5,0.1,0.4,0.14424331532954404,0.0981153761977245,0,412,109
HM+ST,ctid,stockpile,43,60,0.4,0.1,0.5,0.1415137326798957,0.09661352867579052,0,412,109
HM+ST,ctid,stockpile,43,60,0.3,0.1,0.6,0.13989156761911178,0.09630745367658908,0,412,109
HM+ST,ctid,stockpile,43,60,0.2,0.1,0.7,0.13593284478754833,0.09259199416307845,0,412,109
HM+ST,ctid,stockpile,43,60,0.1,0.1,0.8,0.11872123814441292,0.08482364774751991,0,412,109
HM+ST,ctid,stockpile,43,60,0.0,0.1,0.9,0.09175372277437657,0.07202615315330205,0,412,109
HM+ST,ctid,stockpile,43,60,0.8,0.2,0.0,0.11862726284524719,0.09863226595010315,0,412,109
HM+ST,ctid,stockpile,43,60,0.7,0.2,0.1,0.14894092565179862,0.11026351363061268,1,412,109
HM+ST,ctid,stockpile,43,60,0.6,0.2,0.2,0.13750276944276119,0.10274434106775762,0,412,109
HM+ST,ctid,stockpile,43,60,0.5,0.2,0.3,0.14020477102778897,0.09831518571566664,0,412,109
HM+ST,ctid,stockpile,43,60,0.4,0.2,0.4,0.13627679573975257,0.09450013841230506,0,412,109
HM+ST,ctid,stockpile,43,60,0.3,0.2,0.5,0.1413610971181743,0.09746520758843767,0,412,109
HM+ST,ctid,stockpile,43,60,0.2,0.2,0.6,0.13492859608649757,0.08838366814360936,0,412,109
HM+ST,ctid,stockpile,43,60,0.1,0.2,0.7,0.0999537918351079,0.0741529375316157,0,412,109
HM+ST,ctid,stockpile,43,60,0.0,0.2,0.8,0.07047077605832827,0.06466744841128773,0,412,109
HM+ST,ctid,stockpile,43,60,0.7,0.3,0.0,0.09929897746774537,0.09078174084058463,0,412,109
HM+ST,ctid,stockpile,43,60,0.6,0.3,0.1,0.11168696371385131,0.09182075247590685,0,412,109
HM+ST,ctid,stockpile,43,60,0.5,0.3,0.2,0.11581384538669016,0.09261693784999003,0,412,109
HM+ST,ctid,stockpile,43,60,0.4,0.3,0.3,0.11505068690983837,0.08822281356319721,0,412,109
HM+ST,ctid,stockpile,43,60,0.3,0.3,0.4,0.12132227348807591,0.08706699896264457,0,412,109
HM+ST,ctid,stockpile,43,60,0.2,0.3,0.5,0.11829085804998957,0.08512589401297838,0,412,109
HM+ST,ctid,stockpile,43,60,0.1,0.3,0.6,0.10470477169882907,0.08038996181391558,0,412,109
HM+ST,ctid,stockpile,43,60,0.0,0.3,0.7,0.08546631970397824,0.0679910258292302,0,412,109
HM+ST,ctid,stockpile,43,60,0.6,0.4,0.0,0.10753543644351365,0.09094375575401913,0,412,109
HM+ST,ctid,stockpile,43,60,0.5,0.4,0.1,0.11264897538514641,0.09169719630021245,0,412,109
HM+ST,ctid,stockpile,43,60,0.4,0.4,0.2,0.11199548000778253,0.0900245652214877,0,412,109
HM+ST,ctid,stockpile,43,60,0.3,0.4,0.3,0.11645539964253955,0.0901088309907007,0,412,109
HM+ST,ctid,stockpile,43,60,0.2,0.4,0.4,0.11955294384022389,0.08703919022522093,0,412,109
HM+ST,ctid,stockpile,43,60,0.1,0.4,0.5,0.10127131306448575,0.07893400168699652,0,412,109
HM+ST,ctid,stockpile,43,60,0.0,0.4,0.6,0.0822984173052645,0.06503633209821133,0,412,109
HM+ST,ctid,stockpile,43,60,0.5,0.5,0.0,0.107951732016988,0.0918293963787354,0,412,109
HM+ST,ctid,stockpile,43,60,0.4,0.5,0.1,0.11405462195217692,0.09196399543201973,0,412,109
HM+ST,ctid,stockpile,43,60,0.3,0.5,0.2,0.11107756509616078,0.08967609424425013,0,412,109
HM+ST,ctid,stockpile,43,60,0.2,0.5,0.3,0.10734306486648558,0.08651884838964422,0,412,109
HM+ST,ctid,stockpile,43,60,0.1,0.5,0.4,0.09753858752234368,0.07692809189926765,0,412,109
HM+ST,ctid,stockpile,43,60,0.0,0.5,0.5,0.08546139322810282,0.06663789993040647,0,412,109
HM+ST,ctid,stockpile,43,60,0.4,0.6,0.0,0.10309902571158654,0.08979618617840057,0,412,109
HM+ST,ctid,stockpile,43,60,0.3,0.6,0.1,0.10557222153387368,0.08754175365115036,0,412,109
HM+ST,ctid,stockpile,43,60,0.2,0.6,0.2,0.10468450226839963,0.08473290749002257,0,412,109
HM+ST,ctid,stockpile,43,60,0.1,0.6,0.3,0.09914677205005501,0.08068365058390585,0,412,109
HM+ST,ctid,stockpile,43,60,0.0,0.6,0.4,0.08038010006685745,0.06641684000458492,0,412,109
HM+ST,ctid,stockpile,43,60,0.3,0.7,0.0,0.0990137367779609,0.08538385644894356,0,412,109
HM+ST,ctid,stockpile,43,60,0.2,0.7,0.1,0.0956666650987114,0.08195542410543852,0,412,109
HM+ST,ctid,stockpile,43,60,0.1,0.7,0.2,0.09177441857806447,0.0741214956213883,0,412,109
HM+ST,ctid,stockpile,43,60,0.0,0.7,0.3,0.06591037840911829,0.06810122130707671,0,412,109
HM+ST,ctid,stockpile,43,60,0.2,0.8,0.0,0.09373143687793345,0.07332693337335705,0,412,109
HM+ST,ctid,stockpile,43,60,0.1,0.8,0.1,0.0697240715437082,0.06886742564229209,0,412,109
HM+ST,ctid,stockpile,43,60,0.0,0.8,0.2,0.06194052743147039,0.060848177879072485,0,412,109
HM+ST,ctid,stockpile,43,60,0.1,0.9,0.0,0.0652792669037869,0.06467566836716664,0,412,109
HM+ST,ctid,stockpile,43,60,0.0,0.9,0.1,0.06131879661600203,0.058004243479169694,0,412,109
HM+ST,ctid,stockpile,43,60,0.0,1.0,0.0,0.04504556088246233,0.057485137560333154,0,412,109
HM+ST,ctid,stockpile,43,80,1.0,0.0,0.0,0.1372791209716135,0.10532388305352063,0,412,109
HM+ST,ctid,stockpile,43,80,0.9,0.0,0.1,0.13294550616848577,0.10498726373403702,0,412,109
HM+ST,ctid,stockpile,43,80,0.8,0.0,0.2,0.13815339130771284,0.10232370808375883,0,412,109
HM+ST,ctid,stockpile,43,80,0.7,0.0,0.3,0.149536253157855,0.10139327869456416,0,412,109
HM+ST,ctid,stockpile,43,80,0.6,0.0,0.4,0.1432749859848329,0.09940345772092564,0,412,109
HM+ST,ctid,stockpile,43,80,0.5,0.0,0.5,0.14391534331288622,0.09955241871302405,0,412,109
HM+ST,ctid,stockpile,43,80,0.4,0.0,0.6,0.1450965814603698,0.0991013289816245,0,412,109
HM+ST,ctid,stockpile,43,80,0.3,0.0,0.7,0.13419363386273506,0.09354187675084433,0,412,109
HM+ST,ctid,stockpile,43,80,0.2,0.0,0.8,0.11268597146456226,0.0824690489801879,0,412,109
HM+ST,ctid,stockpile,43,80,0.1,0.0,0.9,0.12238308569618826,0.08562426739887562,0,412,109
HM+ST,ctid,stockpile,43,80,0.0,0.0,1.0,0.01652605476954228,0.021884687257427662,0,412,109
HM+ST,ctid,stockpile,43,80,0.9,0.1,0.0,0.1300790879946616,0.1019619768848534,0,412,109
HM+ST,ctid,stockpile,43,80,0.8,0.1,0.1,0.13756565245255134,0.10675588492724095,0,412,109
HM+ST,ctid,stockpile,43,80,0.7,0.1,0.2,0.14576913453799475,0.10642155286583513,0,412,109
HM+ST,ctid,stockpile,43,80,0.6,0.1,0.3,0.15193937123205503,0.10095220023742901,0,412,109
HM+ST,ctid,stockpile,43,80,0.5,0.1,0.4,0.1408089671329905,0.09746754412072538,0,412,109
HM+ST,ctid,stockpile,43,80,0.4,0.1,0.5,0.1409116172204294,0.09603196786516796,0,412,109
HM+ST,ctid,stockpile,43,80,0.3,0.1,0.6,0.1412113669090251,0.09568048900332514,0,412,109
HM+ST,ctid,stockpile,43,80,0.2,0.1,0.7,0.11701822724111938,0.08489775202236668,0,412,109
HM+ST,ctid,stockpile,43,80,0.1,0.1,0.8,0.10576491815217942,0.07872225399709158,0,412,109
HM+ST,ctid,stockpile,43,80,0.0,0.1,0.9,0.08706253023842929,0.06882926291893049,0,412,109
HM+ST,ctid,stockpile,43,80,0.8,0.2,0.0,0.11265904289701,0.09594043292788636,0,412,109
HM+ST,ctid,stockpile,43,80,0.7,0.2,0.1,0.14601412361400304,0.10816911400759896,0,412,109
HM+ST,ctid,stockpile,43,80,0.6,0.2,0.2,0.1374061644344027,0.10094403899979869,0,412,109
HM+ST,ctid,stockpile,43,80,0.5,0.2,0.3,0.13431754789800737,0.09284495583454584,0,412,109
HM+ST,ctid,stockpile,43,80,0.4,0.2,0.4,0.13253721346338349,0.08920407780116879,0,412,109
HM+ST,ctid,stockpile,43,80,0.3,0.2,0.5,0.1377708037482185,0.08815980038266372,0,412,109
HM+ST,ctid,stockpile,43,80,0.2,0.2,0.6,0.11303189372516843,0.07722477236023208,0,412,109
HM+ST,ctid,stockpile,43,80,0.1,0.2,0.7,0.0824134820771107,0.06683509744182208,0,412,109
HM+ST,ctid,stockpile,43,80,0.0,0.2,0.8,0.06318097956866174,0.05866398711301679,0,412,109
HM+ST,ctid,stockpile,43,80,0.7,0.3,0.0,0.10037128219943126,0.08926809474727293,0,412,109
HM+ST,ctid,stockpile,43,80,0.6,0.3,0.1,0.10546433892771441,0.09047628463510618,0,412,109
HM+ST,ctid,stockpile,43,80,0.5,0.3,0.2,0.11655112840965742,0.092767275295214,0,412,109
HM+ST,ctid,stockpile,43,80,0.4,0.3,0.3,0.10979135624609539,0.08555972164838355,0,412,109
HM+ST,ctid,stockpile,43,80,0.3,0.3,0.4,0.11188572062533565,0.08199499262176799,0,412,109
HM+ST,ctid,stockpile,43,80,0.2,0.3,0.5,0.08989800584302535,0.07487548688720772,0,412,109
HM+ST,ctid,stockpile,43,80,0.1,0.3,0.6,0.08450468419843886,0.06903088330304231,0,412,109
HM+ST,ctid,stockpile,43,80,0.0,0.3,0.7,0.06467987826325475,0.058076491680676065,0,412,109
HM+ST,ctid,stockpile,43,80,0.6,0.4,0.0,0.10566083958830282,0.09211528966222156,0,412,109
HM+ST,ctid,stockpile,43,80,0.5,0.4,0.1,0.10256706708543696,0.08816789239867542,0,412,109
HM+ST,ctid,stockpile,43,80,0.4,0.4,0.2,0.10315864963161009,0.0870569622567209,0,412,109
HM+ST,ctid,stockpile,43,80,0.3,0.4,0.3,0.11149021028007144,0.08624828054452763,0,412,109
HM+ST,ctid,stockpile,43,80,0.2,0.4,0.4,0.10891762206675298,0.08040401303547288,0,412,109
HM+ST,ctid,stockpile,43,80,0.1,0.4,0.5,0.07471434626396066,0.06660833402953359,0,412,109
HM+ST,ctid,stockpile,43,80,0.0,0.4,0.6,0.059616946998532566,0.0546884399868716,0,412,109
HM+ST,ctid,stockpile,43,80,0.5,0.5,0.0,0.10560768718294415,0.08876434568999206,0,412,109
HM+ST,ctid,stockpile,43,80,0.4,0.5,0.1,0.10654922985087341,0.08635674227265952,0,412,109
HM+ST,ctid,stockpile,43,80,0.3,0.5,0.2,0.10255837276323047,0.08344202233852188,0,412,109
HM+ST,ctid,stockpile,43,80,0.2,0.5,0.3,0.1005858713920316,0.08427493923061685,0,412,109
HM+ST,ctid,stockpile,43,80,0.1,0.5,0.4,0.0843964720441494,0.06702107699971954,0,412,109
HM+ST,ctid,stockpile,43,80,0.0,0.5,0.5,0.06773703455828975,0.056573218319961274,0,412,109
HM+ST,ctid,stockpile,43,80,0.4,0.6,0.0,0.08820730811267295,0.08276739289240063,0,412,109
HM+ST,ctid,stockpile,43,80,0.3,0.6,0.1,0.0864243116922811,0.08009168393547819,0,412,109
HM+ST,ctid,stockpile,43,80,0.2,0.6,0.2,0.08411374361489454,0.07708926910877238,0,412,109
HM+ST,ctid,stockpile,43,80,0.1,0.6,0.3,0.08295636732437656,0.07185101201304714,0,412,109
HM+ST,ctid,stockpile,43,80,0.0,0.6,0.4,0.06660079685628546,0.05618613779709568,0,412,109
HM+ST,ctid,stockpile,43,80,0.3,0.7,0.0,0.07474964179589468,0.07874495250796876,0,412,109
HM+ST,ctid,stockpile,43,80,0.2,0.7,0.1,0.08024742648393739,0.07490712007482016,0,412,109
HM+ST,ctid,stockpile,43,80,0.1,0.7,0.2,0.07218884875323697,0.07145303339657993,0,412,109
HM+ST,ctid,stockpile,43,80,0.0,0.7,0.3,0.06550146939292298,0.059104831114609103,0,412,109
HM+ST,ctid,stockpile,43,80,0.2,0.8,0.0,0.06683782336260195,0.06820207471579848,0,412,109
HM+ST,ctid,stockpile,43,80,0.1,0.8,0.1,0.06567941866364581,0.06856093527300275,0,412,109
HM+ST,ctid,stockpile,43,80,0.0,0.8,0.2,0.04136351187339827,0.055732867032094166,0,412,109
HM+ST,ctid,stockpile,43,80,0.1,0.9,0.0,0.0385805202757167,0.058036750367296865,0,412,109
HM+ST,ctid,stockpile,43,80,0.0,0.9,0.1,0.040881294610207425,0.0550213440484386,0,412,109
HM+ST,ctid,stockpile,43,80,0.0,1.0,0.0,0.034323661077660904,0.05519968775804447,0,412,109
HM+ST,ctid,stockpile,44,100,1.0,0.0,0.0,0.13268322000079613,0.10532388305352063,0,412,109
HM+ST,ctid,stockpile,44,100,0.9,0.0,0.1,0.13648982313222838,0.10498726373403702,0,412,109
HM+ST,ctid,stockpile,44,100,0.8,0.0,0.2,0.13640627436068864,0.10232370808375883,0,412,109
HM+ST,ctid,stockpile,44,100,0.7,0.0,0.3,0.14935416366456786,0.10139327869456416,0,412,109
HM+ST,ctid,stockpile,44,100,0.6,0.0,0.4,0.14348186325067291,0.09940345772092564,0,412,109
HM+ST,ctid,stockpile,44,100,0.5,0.0,0.5,0.14339350982781746,0.09955241871302405,0,412,109
HM+ST,ctid,stockpile,44,100,0.4,0.0,0.6,0.144513427200919,0.0991013289816245,0,412,109
HM+ST,ctid,stockpile,44,100,0.3,0.0,0.7,0.1262311999612418,0.09354187675084433,0,412,109
HM+ST,ctid,stockpile,44,100,0.2,0.0,0.8,0.11165448400696366,0.0824690489801879,0,412,109
HM+ST,ctid,stockpile,44,100,0.1,0.0,0.9,0.10964249218944537,0.08562426739887562,0,412,109
HM+ST,ctid,stockpile,44,100,0.0,0.0,1.0,0.01652605476954228,0.021884687257427662,0,412,109
HM+ST,ctid,stockpile,44,100,0.9,0.1,0.0,0.12123136481779576,0.10099219807681259,0,412,109
HM+ST,ctid,stockpile,44,100,0.8,0.1,0.1,0.1359412187278182,0.1067408497671772,0,412,109
HM+ST,ctid,stockpile,44,100,0.7,0.1,0.2,0.1451143319308827,0.10644980267308315,0,412,109
HM+ST,ctid,stockpile,44,100,0.6,0.1,0.3,0.14607245871964136,0.10045242415925226,0,412,109
HM+ST,ctid,stockpile,44,100,0.5,0.1,0.4,0.12889159452103455,0.09456452654034286,0,412,109
HM+ST,ctid,stockpile,44,100,0.4,0.1,0.5,0.13166107182587647,0.0956126062551983,0,412,109
HM+ST,ctid,stockpile,44,100,0.3,0.1,0.6,0.13628806834366014,0.09347852690309935,0,412,109
HM+ST,ctid,stockpile,44,100,0.2,0.1,0.7,0.11133268049258113,0.08314984015174563,0,412,109
HM+ST,ctid,stockpile,44,100,0.1,0.1,0.8,0.09711442358562226,0.07551354028523613,0,412,109
HM+ST,ctid,stockpile,44,100,0.0,0.1,0.9,0.08779579332589077,0.07013856770697657,0,412,109
HM+ST,ctid,stockpile,44,100,0.8,0.2,0.0,0.10056795181905392,0.09362628523731926,0,412,109
HM+ST,ctid,stockpile,44,100,0.7,0.2,0.1,0.11339894647343456,0.10070980340480071,0,412,109
HM+ST,ctid,stockpile,44,100,0.6,0.2,0.2,0.10640966710615292,0.09773831736213476,0,412,109
HM+ST,ctid,stockpile,44,100,0.5,0.2,0.3,0.10946351868608914,0.09147243669387393,0,412,109
HM+ST,ctid,stockpile,44,100,0.4,0.2,0.4,0.09621485733188494,0.08494167450135076,0,412,109
HM+ST,ctid,stockpile,44,100,0.3,0.2,0.5,0.09512457255872381,0.0790170814991041,0,412,109
HM+ST,ctid,stockpile,44,100,0.2,0.2,0.6,0.08541867362635845,0.06990689203732484,0,412,109
HM+ST,ctid,stockpile,44,100,0.1,0.2,0.7,0.0714310585184123,0.06325622864588441,0,412,109
HM+ST,ctid,stockpile,44,100,0.0,0.2,0.8,0.06684260948043551,0.06068704037079668,0,412,109
HM+ST,ctid,stockpile,44,100,0.7,0.3,0.0,0.08182305822436148,0.08774867242258588,0,412,109
HM+ST,ctid,stockpile,44,100,0.6,0.3,0.1,0.07922857646454885,0.08656195735439101,0,412,109
HM+ST,ctid,stockpile,44,100,0.5,0.3,0.2,0.09162968035708784,0.08895102921843459,0,412,109
HM+ST,ctid,stockpile,44,100,0.4,0.3,0.3,0.10071794694385004,0.08225783242063826,0,412,109
HM+ST,ctid,stockpile,44,100,0.3,0.3,0.4,0.08517166467675849,0.07576097626284442,0,412,109
HM+ST,ctid,stockpile,44,100,0.2,0.3,0.5,0.0820124181650922,0.06761829918933555,0,412,109
HM+ST,ctid,stockpile,44,100,0.1,0.3,0.6,0.07754031691601553,0.06660306712625053,0,412,109
HM+ST,ctid,stockpile,44,100,0.0,0.3,0.7,0.05694839314373503,0.05747143879834464,0,412,109
HM+ST,ctid,stockpile,44,100,0.6,0.4,0.0,0.07966564680330171,0.08339213182031599,0,412,109
HM+ST,ctid,stockpile,44,100,0.5,0.4,0.1,0.07798555128651698,0.08077169278590866,0,412,109
HM+ST,ctid,stockpile,44,100,0.4,0.4,0.2,0.07769557496257626,0.07711071385926946,0,412,109
HM+ST,ctid,stockpile,44,100,0.3,0.4,0.3,0.08526576790973844,0.07541711387140723,0,412,109
HM+ST,ctid,stockpile,44,100,0.2,0.4,0.4,0.08499489574573131,0.07218742373915744,0,412,109
HM+ST,ctid,stockpile,44,100,0.1,0.4,0.5,0.06641796068213474,0.0647618285877514,0,412,109
HM+ST,ctid,stockpile,44,100,0.0,0.4,0.6,0.05285487286438867,0.05209935282858317,0,412,109
HM+ST,ctid,stockpile,44,100,0.5,0.5,0.0,0.08167471736730302,0.08086112819851968,0,412,109
HM+ST,ctid,stockpile,44,100,0.4,0.5,0.1,0.07561977826268211,0.07690134305797318,0,412,109
HM+ST,ctid,stockpile,44,100,0.3,0.5,0.2,0.07500367229220667,0.07328313014697552,0,412,109
HM+ST,ctid,stockpile,44,100,0.2,0.5,0.3,0.06959543236365356,0.07139034306316502,0,412,109
HM+ST,ctid,stockpile,44,100,0.1,0.5,0.4,0.06472818476595583,0.0621874851825728,0,412,109
HM+ST,ctid,stockpile,44,100,0.0,0.5,0.5,0.05771296419142639,0.05397990963661712,0,412,109
HM+ST,ctid,stockpile,44,100,0.4,0.6,0.0,0.0686357195052004,0.07777218581975745,0,412,109
HM+ST,ctid,stockpile,44,100,0.3,0.6,0.1,0.07322399294170913,0.07499169513774759,0,412,109
HM+ST,ctid,stockpile,44,100,0.2,0.6,0.2,0.06764181501663283,0.07083513361789,0,412,109
HM+ST,ctid,stockpile,44,100,0.1,0.6,0.3,0.06699432869573917,0.06475470186124434,0,412,109
HM+ST,ctid,stockpile,44,100,0.0,0.6,0.4,0.058651740848649006,0.05600946325407248,0,412,109
HM+ST,ctid,stockpile,44,100,0.3,0.7,0.0,0.06550985256871268,0.0731199081007746,0,412,109
HM+ST,ctid,stockpile,44,100,0.2,0.7,0.1,0.06352417622187503,0.07057237170887137,0,412,109
HM+ST,ctid,stockpile,44,100,0.1,0.7,0.2,0.06499793243098877,0.06692204838859517,0,412,109
HM+ST,ctid,stockpile,44,100,0.0,0.7,0.3,0.05750355403647861,0.05931351849126485,0,412,109
HM+ST,ctid,stockpile,44,100,0.2,0.8,0.0,0.040875386437167115,0.06283920964178602,0,412,109
HM+ST,ctid,stockpile,44,100,0.1,0.8,0.1,0.045702628968031754,0.06494596778696,0,412,109
HM+ST,ctid,stockpile,44,100,0.0,0.8,0.2,0.035530881113908896,0.05067467063328694,0,412,109
HM+ST,ctid,stockpile,44,100,0.1,0.9,0.0,0.03232470132090497,0.05437446925851928,0,412,109
HM+ST,ctid,stockpile,44,100,0.0,0.9,0.1,0.03672183210220747,0.05281316036094306,0,412,109
HM+ST,ctid,stockpile,44,100,0.0,1.0,0.0,0.03064492537403006,0.05285116417196402,0,412,109
HM+ST,ctid,stockpile,44,20,1.0,0.0,0.0,0.13268322000079613,0.10532388305352063,0,412,109
HM+ST,ctid,stockpile,44,20,0.9,0.0,0.1,0.13648982313222838,0.10498726373403702,0,412,109
HM+ST,ctid,stockpile,44,20,0.8,0.0,0.2,0.13640627436068864,0.10232370808375883,0,412,109
HM+ST,ctid,stockpile,44,20,0.7,0.0,0.3,0.14935416366456786,0.10139327869456416,0,412,109
HM+ST,ctid,stockpile,44,20,0.6,0.0,0.4,0.14348186325067291,0.09940345772092564,0,412,109
HM+ST,ctid,stockpile,44,20,0.5,0.0,0.5,0.14339350982781746,0.09955241871302405,0,412,109
HM+ST,ctid,stockpile,44,20,0.4,0.0,0.6,0.144513427200919,0.0991013289816245,0,412,109
HM+ST,ctid,stockpile,44,20,0.3,0.0,0.7,0.1262311999612418,0.09354187675084433,0,412,109
HM+ST,ctid,stockpile,44,20,0.2,0.0,0.8,0.11165448400696366,0.0824690489801879,0,412,109
HM+ST,ctid,stockpile,44,20,0.1,0.0,0.9,0.10964249218944537,0.08562426739887562,0,412,109
HM+ST,ctid,stockpile,44,20,0.0,0.0,1.0,0.01652605476954228,0.021884687257427662,0,412,109
HM+ST,ctid,stockpile,44,20,0.9,0.1,0.0,0.12338529991987172,0.10440395466678454,0,412,109
HM+ST,ctid,stockpile,44,20,0.8,0.1,0.1,0.1427919870305264,0.10919916351624945,0,412,109
HM+ST,ctid,stockpile,44,20,0.7,0.1,0.2,0.14705493670462902,0.10762677357539885,0,412,109
HM+ST,ctid,stockpile,44,20,0.6,0.1,0.3,0.14944184867134133,0.10144877504386936,0,412,109
HM+ST,ctid,stockpile,44,20,0.5,0.1,0.4,0.14140913350118917,0.09818963608710606,0,412,109
HM+ST,ctid,stockpile,44,20,0.4,0.1,0.5,0.14082329511853475,0.09849298504051954,0,412,109
HM+ST,ctid,stockpile,44,20,0.3,0.1,0.6,0.1423770954805962,0.0991830403624474,0,412,109
HM+ST,ctid,stockpile,44,20,0.2,0.1,0.7,0.13844515305686245,0.09594782578222194,0,412,109
HM+ST,ctid,stockpile,44,20,0.1,0.1,0.8,0.1235992007119831,0.08745083547397334,0,412,109
HM+ST,ctid,stockpile,44,20,0.0,0.1,0.9,0.10068421141656854,0.07652524589583651,0,412,109
HM+ST,ctid,stockpile,44,20,0.8,0.2,0.0,0.10749433010696938,0.09653060411595736,0,412,109
HM+ST,ctid,stockpile,44,20,0.7,0.2,0.1,0.1387006094997597,0.10392540190632885,0,412,109
HM+ST,ctid,stockpile,44,20,0.6,0.2,0.2,0.11426447876139957,0.10367513456388996,0,412,109
HM+ST,ctid,stockpile,44,20,0.5,0.2,0.3,0.12247653694528397,0.0981850081763426,0,412,109
HM+ST,ctid,stockpile,44,20,0.4,0.2,0.4,0.11332755078401584,0.08902840447513002,0,412,109
HM+ST,ctid,stockpile,44,20,0.3,0.2,0.5,0.12265993416257244,0.09105169786494506,0,412,109
HM+ST,ctid,stockpile,44,20,0.2,0.2,0.6,0.12083892861877799,0.08634209698713183,0,412,109
HM+ST,ctid,stockpile,44,20,0.1,0.2,0.7,0.10830212134437395,0.08204310116202242,0,412,109
HM+ST,ctid,stockpile,44,20,0.0,0.2,0.8,0.0961706185802429,0.07463837539142987,0,412,109
HM+ST,ctid,stockpile,44,20,0.7,0.3,0.0,0.10201173096090617,0.09243884805813281,0,412,109
HM+ST,ctid,stockpile,44,20,0.6,0.3,0.1,0.109858471425893,0.0903418222980832,0,412,109
HM+ST,ctid,stockpile,44,20,0.5,0.3,0.2,0.1127844845426046,0.09083772338967495,0,412,109
HM+ST,ctid,stockpile,44,20,0.4,0.3,0.3,0.1190701098556678,0.08653078959984697,0,412,109
HM+ST,ctid,stockpile,44,20,0.3,0.3,0.4,0.1235076439691132,0.08806244224150994,0,412,109
HM+ST,ctid,stockpile,44,20,0.2,0.3,0.5,0.11574301307390743,0.08477087399722043,0,412,109
HM+ST,ctid,stockpile,44,20,0.1,0.3,0.6,0.10492339554445962,0.07828352187585219,0,412,109
HM+ST,ctid,stockpile,44,20,0.0,0.3,0.7,0.0891253277302002,0.06902174184386259,0,412,109
HM+ST,ctid,stockpile,44,20,0.6,0.4,0.0,0.101965387917365,0.08827106773859855,0,412,109
HM+ST,ctid,stockpile,44,20,0.5,0.4,0.1,0.10801554589476654,0.08953287159604315,0,412,109
HM+ST,ctid,stockpile,44,20,0.4,0.4,0.2,0.11443468779867454,0.08985224972919041,0,412,109
HM+ST,ctid,stockpile,44,20,0.3,0.4,0.3,0.10867636083463601,0.08377368332834792,0,412,109
HM+ST,ctid,stockpile,44,20,0.2,0.4,0.4,0.10636170112430822,0.0807281883389272,0,412,109
HM+ST,ctid,stockpile,44,20,0.1,0.4,0.5,0.1055114461956982,0.07666374173361427,0,412,109
HM+ST,ctid,stockpile,44,20,0.0,0.4,0.6,0.0936594615824612,0.07238633114620785,0,412,109
HM+ST,ctid,stockpile,44,20,0.5,0.5,0.0,0.09543588985688721,0.0867179484484486,0,412,109
HM+ST,ctid,stockpile,44,20,0.4,0.5,0.1,0.10293968527899346,0.08787184983015324,0,412,109
HM+ST,ctid,stockpile,44,20,0.3,0.5,0.2,0.1085664985627181,0.08448018217178302,0,412,109
HM+ST,ctid,stockpile,44,20,0.2,0.5,0.3,0.10361220390430166,0.07991339434368888,0,412,109
HM+ST,ctid,stockpile,44,20,0.1,0.5,0.4,0.09396998863688524,0.07339589217416002,0,412,109
HM+ST,ctid,stockpile,44,20,0.0,0.5,0.5,0.0736543808549154,0.061124748856792734,0,412,109
HM+ST,ctid,stockpile,44,20,0.4,0.6,0.0,0.08286634826014784,0.0776557026730822,0,412,109
HM+ST,ctid,stockpile,44,20,0.3,0.6,0.1,0.08762208942307549,0.08003477387347249,0,412,109
HM+ST,ctid,stockpile,44,20,0.2,0.6,0.2,0.09267157953958462,0.07383419386182213,0,412,109
HM+ST,ctid,stockpile,44,20,0.1,0.6,0.3,0.07169214396559968,0.06931664886416997,0,412,109
HM+ST,ctid,stockpile,44,20,0.0,0.6,0.4,0.06589619379640003,0.060059377666504786,0,412,109
HM+ST,ctid,stockpile,44,20,0.3,0.7,0.0,0.07016496540651686,0.06663704552579663,0,412,109
HM+ST,ctid,stockpile,44,20,0.2,0.7,0.1,0.06985242932239323,0.06601216685573734,0,412,109
HM+ST,ctid,stockpile,44,20,0.1,0.7,0.2,0.06668466510790536,0.06540575763057538,0,412,109
HM+ST,ctid,stockpile,44,20,0.0,0.7,0.3,0.06446708588567283,0.0633645441766615,0,412,109
HM+ST,ctid,stockpile,44,20,0.2,0.8,0.0,0.06430416068822707,0.06374769085903953,0,412,109
HM+ST,ctid,stockpile,44,20,0.1,0.8,0.1,0.06367372466753592,0.06278994867744508,0,412,109
HM+ST,ctid,stockpile,44,20,0.0,0.8,0.2,0.06877248439907141,0.06391148371581304,0,412,109
HM+ST,ctid,stockpile,44,20,0.1,0.9,0.0,0.0632578175056691,0.062493278189076185,0,412,109
HM+ST,ctid,stockpile,44,20,0.0,0.9,0.1,0.06404674390848024,0.06213476148018867,0,412,109
HM+ST,ctid,stockpile,44,20,0.0,1.0,0.0,0.06349964701263151,0.062624718599025,0,412,109
HM+ST,ctid,stockpile,44,40,1.0,0.0,0.0,0.13268322000079613,0.10532388305352063,0,412,109
HM+ST,ctid,stockpile,44,40,0.9,0.0,0.1,0.13648982313222838,0.10498726373403702,0,412,109
HM+ST,ctid,stockpile,44,40,0.8,0.0,0.2,0.13640627436068864,0.10232370808375883,0,412,109
HM+ST,ctid,stockpile,44,40,0.7,0.0,0.3,0.14935416366456786,0.10139327869456416,0,412,109
HM+ST,ctid,stockpile,44,40,0.6,0.0,0.4,0.14348186325067291,0.09940345772092564,0,412,109
HM+ST,ctid,stockpile,44,40,0.5,0.0,0.5,0.14339350982781746,0.09955241871302405,0,412,109
HM+ST,ctid,stockpile,44,40,0.4,0.0,0.6,0.144513427200919,0.0991013289816245,0,412,109
HM+ST,ctid,stockpile,44,40,0.3,0.0,0.7,0.1262311999612418,0.09354187675084433,0,412,109
HM+ST,ctid,stockpile,44,40,0.2,0.0,0.8,0.11165448400696366,0.0824690489801879,0,412,109
HM+ST,ctid,stockpile,44,40,0.1,0.0,0.9,0.10964249218944537,0.08562426739887562,0,412,109
HM+ST,ctid,stockpile,44,40,0.0,0.0,1.0,0.01652605476954228,0.021884687257427662,0,412,109
HM+ST,ctid,stockpile,44,40,0.9,0.1,0.0,0.1192843852071424,0.10414028527727175,0,412,109
HM+ST,ctid,stockpile,44,40,0.8,0.1,0.1,0.14290788694230333,0.10979492500818744,0,412,109
HM+ST,ctid,stockpile,44,40,0.7,0.1,0.2,0.1439496588466295,0.1078932355379841,0,412,109
HM+ST,ctid,stockpile,44,40,0.6,0.1,0.3,0.14691195960933362,0.10145824781174509,0,412,109
HM+ST,ctid,stockpile,44,40,0.5,0.1,0.4,0.14141134454863188,0.09744571988520952,0,412,109
HM+ST,ctid,stockpile,44,40,0.4,0.1,0.5,0.13329804421970162,0.09695331583036859,0,412,109
HM+ST,ctid,stockpile,44,40,0.3,0.1,0.6,0.1394677998896176,0.09724715037587114,0,412,109
HM+ST,ctid,stockpile,44,40,0.2,0.1,0.7,0.13868911239253548,0.09631052829218116,0,412,109
HM+ST,ctid,stockpile,44,40,0.1,0.1,0.8,0.1184900298517036,0.0862912199882301,0,412,109
HM+ST,ctid,stockpile,44,40,0.0,0.1,0.9,0.10066592207743064,0.07561735224222654,0,412,109
HM+ST,ctid,stockpile,44,40,0.8,0.2,0.0,0.11547044740394262,0.09735717301595644,0,412,109
HM+ST,ctid,stockpile,44,40,0.7,0.2,0.1,0.14317208594577407,0.10967612693211268,0,412,109
HM+ST,ctid,stockpile,44,40,0.6,0.2,0.2,0.1325537837321554,0.10515796669974067,0,412,109
HM+ST,ctid,stockpile,44,40,0.5,0.2,0.3,0.1351800430025021,0.0982809780074823,0,412,109
HM+ST,ctid,stockpile,44,40,0.4,0.2,0.4,0.13855717737015938,0.09650257377597661,0,412,109
HM+ST,ctid,stockpile,44,40,0.3,0.2,0.5,0.14153766622259506,0.0936032243678301,0,412,109
HM+ST,ctid,stockpile,44,40,0.2,0.2,0.6,0.1192394737623838,0.08976055358596803,0,412,109
HM+ST,ctid,stockpile,44,40,0.1,0.2,0.7,0.09805775154368297,0.07891127544990763,0,412,109
HM+ST,ctid,stockpile,44,40,0.0,0.2,0.8,0.09653688629702036,0.07469459230577533,0,412,109
HM+ST,ctid,stockpile,44,40,0.7,0.3,0.0,0.10122466505542897,0.0922530311474256,0,412,109
HM+ST,ctid,stockpile,44,40,0.6,0.3,0.1,0.1045183866034012,0.09215509097809985,0,412,109
HM+ST,ctid,stockpile,44,40,0.5,0.3,0.2,0.11139769163420753,0.09301827109942004,0,412,109
HM+ST,ctid,stockpile,44,40,0.4,0.3,0.3,0.12037412799337206,0.0934261236057336,0,412,109
HM+ST,ctid,stockpile,44,40,0.3,0.3,0.4,0.12242900048485897,0.0872966596798773,0,412,109
HM+ST,ctid,stockpile,44,40,0.2,0.3,0.5,0.11932603742249842,0.08652906665790047,0,412,109
HM+ST,ctid,stockpile,44,40,0.1,0.3,0.6,0.1143855730399753,0.08362726938279061,0,412,109
HM+ST,ctid,stockpile,44,40,0.0,0.3,0.7,0.09206116864948498,0.07174232306649578,0,412,109
HM+ST,ctid,stockpile,44,40,0.6,0.4,0.0,0.10204340652807149,0.09142850606097933,0,412,109
HM+ST,ctid,stockpile,44,40,0.5,0.4,0.1,0.10625695770356709,0.09129360657500692,0,412,109
HM+ST,ctid,stockpile,44,40,0.4,0.4,0.2,0.11206088241271835,0.09009440890996726,0,412,109
HM+ST,ctid,stockpile,44,40,0.3,0.4,0.3,0.10943334630937453,0.09056453163453383,0,412,109
HM+ST,ctid,stockpile,44,40,0.2,0.4,0.4,0.11732342675375067,0.08690346775185621,0,412,109
HM+ST,ctid,stockpile,44,40,0.1,0.4,0.5,0.11361967826324103,0.07957504405906876,0,412,109
HM+ST,ctid,stockpile,44,40,0.0,0.4,0.6,0.08828353781342856,0.06946202629074785,0,412,109
HM+ST,ctid,stockpile,44,40,0.5,0.5,0.0,0.10075301756448672,0.08979157776396304,0,412,109
HM+ST,ctid,stockpile,44,40,0.4,0.5,0.1,0.10338434631218016,0.08989861432466525,0,412,109
HM+ST,ctid,stockpile,44,40,0.3,0.5,0.2,0.10771294268963515,0.0899888868045426,0,412,109
HM+ST,ctid,stockpile,44,40,0.2,0.5,0.3,0.10550850597785812,0.08675553058977706,0,412,109
HM+ST,ctid,stockpile,44,40,0.1,0.5,0.4,0.10237845331871498,0.07870662215934827,0,412,109
HM+ST,ctid,stockpile,44,40,0.0,0.5,0.5,0.07416093905884365,0.06761578843796326,0,412,109
HM+ST,ctid,stockpile,44,40,0.4,0.6,0.0,0.09967703096171368,0.0881541949104075,0,412,109
HM+ST,ctid,stockpile,44,40,0.3,0.6,0.1,0.09233433461866057,0.08493820545916309,0,412,109
HM+ST,ctid,stockpile,44,40,0.2,0.6,0.2,0.0975004503045808,0.08381598036099137,0,412,109
HM+ST,ctid,stockpile,44,40,0.1,0.6,0.3,0.09346733801357415,0.08163319754627656,0,412,109
HM+ST,ctid,stockpile,44,40,0.0,0.6,0.4,0.06750771903216671,0.06465194018859516,0,412,109
HM+ST,ctid,stockpile,44,40,0.3,0.7,0.0,0.07324173116342268,0.07539989431423771,0,412,109
HM+ST,ctid,stockpile,44,40,0.2,0.7,0.1,0.06630782215494425,0.07528707056203712,0,412,109
HM+ST,ctid,stockpile,44,40,0.1,0.7,0.2,0.07126624781435599,0.07037588299872402,0,412,109
HM+ST,ctid,stockpile,44,40,0.0,0.7,0.3,0.059798808897766745,0.06598090812909646,0,412,109
HM+ST,ctid,stockpile,44,40,0.2,0.8,0.0,0.06790722293708967,0.06739649292767538,0,412,109
HM+ST,ctid,stockpile,44,40,0.1,0.8,0.1,0.06392399323509257,0.06599086122461602,0,412,109
HM+ST,ctid,stockpile,44,40,0.0,0.8,0.2,0.06021033418830393,0.06361011845422343,0,412,109
HM+ST,ctid,stockpile,44,40,0.1,0.9,0.0,0.06230870709218059,0.06477907053498438,0,412,109
HM+ST,ctid,stockpile,44,40,0.0,0.9,0.1,0.060378797664523885,0.0626062657439272,0,412,109
HM+ST,ctid,stockpile,44,40,0.0,1.0,0.0,0.06106611545739479,0.0637322533992606,0,412,109
HM+ST,ctid,stockpile,44,60,1.0,0.0,0.0,0.13268322000079613,0.10532388305352063,0,412,109
HM+ST,ctid,stockpile,44,60,0.9,0.0,0.1,0.13648982313222838,0.10498726373403702,0,412,109
HM+ST,ctid,stockpile,44,60,0.8,0.0,0.2,0.13640627436068864,0.10232370808375883,0,412,109
HM+ST,ctid,stockpile,44,60,0.7,0.0,0.3,0.14935416366456786,0.10139327869456416,0,412,109
HM+ST,ctid,stockpile,44,60,0.6,0.0,0.4,0.14348186325067291,0.09940345772092564,0,412,109
HM+ST,ctid,stockpile,44,60,0.5,0.0,0.5,0.14339350982781746,0.09955241871302405,0,412,109
HM+ST,ctid,stockpile,44,60,0.4,0.0,0.6,0.144513427200919,0.0991013289816245,0,412,109
HM+ST,ctid,stockpile,44,60,0.3,0.0,0.7,0.1262311999612418,0.09354187675084433,0,412,109
HM+ST,ctid,stockpile,44,60,0.2,0.0,0.8,0.11165448400696366,0.0824690489801879,0,412,109
HM+ST,ctid,stockpile,44,60,0.1,0.0,0.9,0.10964249218944537,0.08562426739887562,0,412,109
HM+ST,ctid,stockpile,44,60,0.0,0.0,1.0,0.01652605476954228,0.021884687257427662,0,412,109
HM+ST,ctid,stockpile,44,60,0.9,0.1,0.0,0.11662893983833741,0.10351847491809614,0,412,109
HM+ST,ctid,stockpile,44,60,0.8,0.1,0.1,0.13952407854393936,0.1101319076464173,0,412,109
HM+ST,ctid,stockpile,44,60,0.7,0.1,0.2,0.14576913453799475,0.10796414137850478,0,412,109
HM+ST,ctid,stockpile,44,60,0.6,0.1,0.3,0.14649172397846014,0.10217998750305313,0,412,109
HM+ST,ctid,stockpile,44,60,0.5,0.1,0.4,0.13874628305104122,0.0981153761977245,0,412,109
HM+ST,ctid,stockpile,44,60,0.4,0.1,0.5,0.13180418789931128,0.09661352867579052,0,412,109
HM+ST,ctid,stockpile,44,60,0.3,0.1,0.6,0.139181567742748,0.09630745367658908,0,412,109
HM+ST,ctid,stockpile,44,60,0.2,0.1,0.7,0.12458532977845042,0.09259199416307845,0,412,109
HM+ST,ctid,stockpile,44,60,0.1,0.1,0.8,0.10646984233126659,0.08482364774751991,0,412,109
HM+ST,ctid,stockpile,44,60,0.0,0.1,0.9,0.09205109106252633,0.07202615315330205,0,412,109
HM+ST,ctid,stockpile,44,60,0.8,0.2,0.0,0.11465303379478144,0.09863226595010315,0,412,109
HM+ST,ctid,stockpile,44,60,0.7,0.2,0.1,0.14349882346334075,0.11026351363061268,1,412,109
HM+ST,ctid,stockpile,44,60,0.6,0.2,0.2,0.13167579751448452,0.10274434106775762,0,412,109
HM+ST,ctid,stockpile,44,60,0.5,0.2,0.3,0.13286782476714692,0.09831518571566664,0,412,109
HM+ST,ctid,stockpile,44,60,0.4,0.2,0.4,0.13546546140554067,0.09450013841230506,0,412,109
HM+ST,ctid,stockpile,44,60,0.3,0.2,0.5,0.1405139741295087,0.09746520758843767,0,412,109
HM+ST,ctid,stockpile,44,60,0.2,0.2,0.6,0.11173463796421355,0.08838366814360936,0,412,109
HM+ST,ctid,stockpile,44,60,0.1,0.2,0.7,0.07984634733589387,0.0741529375316157,0,412,109
HM+ST,ctid,stockpile,44,60,0.0,0.2,0.8,0.07095553801729265,0.06466744841128773,0,412,109
HM+ST,ctid,stockpile,44,60,0.7,0.3,0.0,0.09783702794823339,0.09078174084058463,0,412,109
HM+ST,ctid,stockpile,44,60,0.6,0.3,0.1,0.10238697171198308,0.09182075247590685,0,412,109
HM+ST,ctid,stockpile,44,60,0.5,0.3,0.2,0.1131789260258815,0.09261693784999003,0,412,109
HM+ST,ctid,stockpile,44,60,0.4,0.3,0.3,0.10915217766447552,0.08822281356319721,0,412,109
HM+ST,ctid,stockpile,44,60,0.3,0.3,0.4,0.11919006763328614,0.08706699896264457,0,412,109
HM+ST,ctid,stockpile,44,60,0.2,0.3,0.5,0.10924859653522025,0.08512589401297838,0,412,109
HM+ST,ctid,stockpile,44,60,0.1,0.3,0.6,0.10298771979893138,0.08038996181391558,0,412,109
HM+ST,ctid,stockpile,44,60,0.0,0.3,0.7,0.085745765566815,0.0679910258292302,0,412,109
HM+ST,ctid,stockpile,44,60,0.6,0.4,0.0,0.09516341392856884,0.09094375575401913,0,412,109
HM+ST,ctid,stockpile,44,60,0.5,0.4,0.1,0.10446691123076446,0.09169719630021245,0,412,109
HM+ST,ctid,stockpile,44,60,0.4,0.4,0.2,0.105553885806643,0.0900245652214877,0,412,109
HM+ST,ctid,stockpile,44,60,0.3,0.4,0.3,0.10612584182684077,0.0901088309907007,0,412,109
HM+ST,ctid,stockpile,44,60,0.2,0.4,0.4,0.11354156264070177,0.08703919022522093,0,412,109
HM+ST,ctid,stockpile,44,60,0.1,0.4,0.5,0.1034685495103586,0.07893400168699652,0,412,109
HM+ST,ctid,stockpile,44,60,0.0,0.4,0.6,0.07626763658095542,0.06503633209821133,0,412,109
HM+ST,ctid,stockpile,44,60,0.5,0.5,0.0,0.10165817936589176,0.0918293963787354,0,412,109
HM+ST,ctid,stockpile,44,60,0.4,0.5,0.1,0.10555315295944014,0.09196399543201973,0,412,109
HM+ST,ctid,stockpile,44,60,0.3,0.5,0.2,0.10369127582338954,0.08967609424425013,0,412,109
HM+ST,ctid,stockpile,44,60,0.2,0.5,0.3,0.10251829471961621,0.08651884838964422,0,412,109
HM+ST,ctid,stockpile,44,60,0.1,0.5,0.4,0.09519256649741425,0.07692809189926765,0,412,109
HM+ST,ctid,stockpile,44,60,0.0,0.5,0.5,0.08273826881749942,0.06663789993040647,0,412,109
HM+ST,ctid,stockpile,44,60,0.4,0.6,0.0,0.09485622100133025,0.08979618617840057,0,412,109
HM+ST,ctid,stockpile,44,60,0.3,0.6,0.1,0.09690173828135597,0.08754175365115036,0,412,109
HM+ST,ctid,stockpile,44,60,0.2,0.6,0.2,0.09305978421826785,0.08473290749002257,0,412,109
HM+ST,ctid,stockpile,44,60,0.1,0.6,0.3,0.09163848932121223,0.08068365058390585,0,412,109
HM+ST,ctid,stockpile,44,60,0.0,0.6,0.4,0.08221570154057938,0.06641684000458492,0,412,109
HM+ST,ctid,stockpile,44,60,0.3,0.7,0.0,0.08917419221499803,0.08538385644894356,0,412,109
HM+ST,ctid,stockpile,44,60,0.2,0.7,0.1,0.09103939789159884,0.08195542410543852,0,412,109
HM+ST,ctid,stockpile,44,60,0.1,0.7,0.2,0.06686317675087797,0.0741214956213883,0,412,109
HM+ST,ctid,stockpile,44,60,0.0,0.7,0.3,0.07939115240696948,0.06810122130707671,0,412,109
HM+ST,ctid,stockpile,44,60,0.2,0.8,0.0,0.055889907933823445,0.07332693337335705,0,412,109
HM+ST,ctid,stockpile,44,60,0.1,0.8,0.1,0.06087597983841001,0.06886742564229209,0,412,109
HM+ST,ctid,stockpile,44,60,0.0,0.8,0.2,0.05431586390236065,0.060848177879072485,0,412,109
HM+ST,ctid,stockpile,44,60,0.1,0.9,0.0,0.03790012486806394,0.06467566836716664,0,412,109
HM+ST,ctid,stockpile,44,60,0.0,0.9,0.1,0.03489020629257996,0.058004243479169694,0,412,109
HM+ST,ctid,stockpile,44,60,0.0,1.0,0.0,0.03453466864498577,0.057485137560333154,0,412,109
HM+ST,ctid,stockpile,44,80,1.0,0.0,0.0,0.13268322000079613,0.10532388305352063,0,412,109
HM+ST,ctid,stockpile,44,80,0.9,0.0,0.1,0.13648982313222838,0.10498726373403702,0,412,109
HM+ST,ctid,stockpile,44,80,0.8,0.0,0.2,0.13640627436068864,0.10232370808375883,0,412,109
HM+ST,ctid,stockpile,44,80,0.7,0.0,0.3,0.14935416366456786,0.10139327869456416,0,412,109
HM+ST,ctid,stockpile,44,80,0.6,0.0,0.4,0.14348186325067291,0.09940345772092564,0,412,109
HM+ST,ctid,stockpile,44,80,0.5,0.0,0.5,0.14339350982781746,0.09955241871302405,0,412,109
HM+ST,ctid,stockpile,44,80,0.4,0.0,0.6,0.144513427200919,0.0991013289816245,0,412,109
HM+ST,ctid,stockpile,44,80,0.3,0.0,0.7,0.1262311999612418,0.09354187675084433,0,412,109
HM+ST,ctid,stockpile,44,80,0.2,0.0,0.8,0.11165448400696366,0.0824690489801879,0,412,109
HM+ST,ctid,stockpile,44,80,0.1,0.0,0.9,0.10964249218944537,0.08562426739887562,0,412,109
HM+ST,ctid,stockpile,44,80,0.0,0.0,1.0,0.01652605476954228,0.021884687257427662,0,412,109
HM+ST,ctid,stockpile,44,80,0.9,0.1,0.0,0.1170980201846218,0.1019619768848534,0,412,109
HM+ST,ctid,stockpile,44,80,0.8,0.1,0.1,0.1369017573126719,0.10675588492724095,0,412,109
HM+ST,ctid,stockpile,44,80,0.7,0.1,0.2,0.1453675047045277,0.10642155286583513,0,412,109
HM+ST,ctid,stockpile,44,80,0.6,0.1,0.3,0.14423470082874099,0.10095220023742901,0,412,109
HM+ST,ctid,stockpile,44,80,0.5,0.1,0.4,0.13655953296995685,0.09746754412072538,0,412,109
HM+ST,ctid,stockpile,44,80,0.4,0.1,0.5,0.13166107182587647,0.09603196786516796,0,412,109
HM+ST,ctid,stockpile,44,80,0.3,0.1,0.6,0.1383253114615272,0.09568048900332514,0,412,109
HM+ST,ctid,stockpile,44,80,0.2,0.1,0.7,0.11547545363306431,0.08489775202236668,0,412,109
HM+ST,ctid,stockpile,44,80,0.1,0.1,0.8,0.09674806833223894,0.07872225399709158,0,412,109
HM+ST,ctid,stockpile,44,80,0.0,0.1,0.9,0.08730264590253087,0.06882926291893049,0,412,109
HM+ST,ctid,stockpile,44,80,0.8,0.2,0.0,0.11416135525206789,0.09594043292788636,0,412,109
HM+ST,ctid,stockpile,44,80,0.7,0.2,0.1,0.1399568628491839,0.10816911400759896,0,412,109
HM+ST,ctid,stockpile,44,80,0.6,0.2,0.2,0.11691523356649725,0.10094403899979869,0,412,109
HM+ST,ctid,stockpile,44,80,0.5,0.2,0.3,0.1118560495998592,0.09284495583454584,0,412,109
HM+ST,ctid,stockpile,44,80,0.4,0.2,0.4,0.11370901789315131,0.08920407780116879,0,412,109
HM+ST,ctid,stockpile,44,80,0.3,0.2,0.5,0.1089624818861509,0.08815980038266372,0,412,109
HM+ST,ctid,stockpile,44,80,0.2,0.2,0.6,0.09729873517361112,0.07722477236023208,0,412,109
HM+ST,ctid,stockpile,44,80,0.1,0.2,0.7,0.08221856035183753,0.06683509744182208,0,412,109
HM+ST,ctid,stockpile,44,80,0.0,0.2,0.8,0.06483360175260709,0.05866398711301679,0,412,109
HM+ST,ctid,stockpile,44,80,0.7,0.3,0.0,0.09724466656429748,0.08926809474727293,0,412,109
HM+ST,ctid,stockpile,44,80,0.6,0.3,0.1,0.09675914014708925,0.09047628463510618,0,412,109
HM+ST,ctid,stockpile,44,80,0.5,0.3,0.2,0.11197013494844728,0.092767275295214,0,412,109
HM+ST,ctid,stockpile,44,80,0.4,0.3,0.3,0.1107142460141816,0.08555972164838355,0,412,109
HM+ST,ctid,stockpile,44,80,0.3,0.3,0.4,0.1090996494524382,0.08199499262176799,0,412,109
HM+ST,ctid,stockpile,44,80,0.2,0.3,0.5,0.10166702954972859,0.07487548688720772,0,412,109
HM+ST,ctid,stockpile,44,80,0.1,0.3,0.6,0.08441857854182061,0.06903088330304231,0,412,109
HM+ST,ctid,stockpile,44,80,0.0,0.3,0.7,0.060291573883276474,0.058076491680676065,0,412,109
HM+ST,ctid,stockpile,44,80,0.6,0.4,0.0,0.10469302247881708,0.09211528966222156,0,412,109
HM+ST,ctid,stockpile,44,80,0.5,0.4,0.1,0.09439277347165413,0.08816789239867542,0,412,109
HM+ST,ctid,stockpile,44,80,0.4,0.4,0.2,0.10003842300136212,0.0870569622567209,0,412,109
HM+ST,ctid,stockpile,44,80,0.3,0.4,0.3,0.10331848026322693,0.08624828054452763,0,412,109
HM+ST,ctid,stockpile,44,80,0.2,0.4,0.4,0.11033354217442318,0.08040401303547288,0,412,109
HM+ST,ctid,stockpile,44,80,0.1,0.4,0.5,0.08348040450190473,0.06660833402953359,0,412,109
HM+ST,ctid,stockpile,44,80,0.0,0.4,0.6,0.058741287410718226,0.0546884399868716,0,412,109
HM+ST,ctid,stockpile,44,80,0.5,0.5,0.0,0.09669889287538512,0.08876434568999206,0,412,109
HM+ST,ctid,stockpile,44,80,0.4,0.5,0.1,0.09219330502061289,0.08635674227265952,0,412,109
HM+ST,ctid,stockpile,44,80,0.3,0.5,0.2,0.09142106363780744,0.08344202233852188,0,412,109
HM+ST,ctid,stockpile,44,80,0.2,0.5,0.3,0.10187241209874456,0.08427493923061685,0,412,109
HM+ST,ctid,stockpile,44,80,0.1,0.5,0.4,0.0747984483242211,0.06702107699971954,0,412,109
HM+ST,ctid,stockpile,44,80,0.0,0.5,0.5,0.06111512897245235,0.056573218319961274,0,412,109
HM+ST,ctid,stockpile,44,80,0.4,0.6,0.0,0.08517541574491565,0.08276739289240063,0,412,109
HM+ST,ctid,stockpile,44,80,0.3,0.6,0.1,0.08379405002061589,0.08009168393547819,0,412,109
HM+ST,ctid,stockpile,44,80,0.2,0.6,0.2,0.08218034199121745,0.07708926910877238,0,412,109
HM+ST,ctid,stockpile,44,80,0.1,0.6,0.3,0.0742883650844693,0.07185101201304714,0,412,109
HM+ST,ctid,stockpile,44,80,0.0,0.6,0.4,0.06368985097144961,0.05618613779709568,0,412,109
HM+ST,ctid,stockpile,44,80,0.3,0.7,0.0,0.08012923348769668,0.07874495250796876,0,412,109
HM+ST,ctid,stockpile,44,80,0.2,0.7,0.1,0.07159306666572077,0.07490712007482016,0,412,109
HM+ST,ctid,stockpile,44,80,0.1,0.7,0.2,0.07443331556190771,0.07145303339657993,0,412,109
HM+ST,ctid,stockpile,44,80,0.0,0.7,0.3,0.06588288978512125,0.059104831114609103,0,412,109
HM+ST,ctid,stockpile,44,80,0.2,0.8,0.0,0.046652288564615625,0.06820207471579848,0,412,109
HM+ST,ctid,stockpile,44,80,0.1,0.8,0.1,0.06640709243085369,0.06856093527300275,0,412,109
HM+ST,ctid,stockpile,44,80,0.0,0.8,0.2,0.04368629820937723,0.055732867032094166,0,412,109
HM+ST,ctid,stockpile,44,80,0.1,0.9,0.0,0.039141567566911874,0.058036750367296865,0,412,109
HM+ST,ctid,stockpile,44,80,0.0,0.9,0.1,0.04126068552222678,0.0550213440484386,0,412,109
HM+ST,ctid,stockpile,44,80,0.0,1.0,0.0,0.034872354777965034,0.05519968775804447,0,412,109
HM+ST,ctid,stockpile,45,100,1.0,0.0,0.0,0.13540560612879915,0.10532388305352063,0,412,109
HM+ST,ctid,stockpile,45,100,0.9,0.0,0.1,0.13400396982085955,0.10498726373403702,0,412,109
HM+ST,ctid,stockpile,45,100,0.8,0.0,0.2,0.13812151537105619,0.10232370808375883,0,412,109
HM+ST,ctid,stockpile,45,100,0.7,0.0,0.3,0.15115983882539777,0.10139327869456416,0,412,109
HM+ST,ctid,stockpile,45,100,0.6,0.0,0.4,0.1427496671902423,0.09940345772092564,0,412,109
HM+ST,ctid,stockpile,45,100,0.5,0.0,0.5,0.14339350982781746,0.09955241871302405,0,412,109
HM+ST,ctid,stockpile,45,100,0.4,0.0,0.6,0.14446521256617367,0.0991013289816245,0,412,109
HM+ST,ctid,stockpile,45,100,0.3,0.0,0.7,0.13307650210041405,0.09354187675084433,0,412,109
HM+ST,ctid,stockpile,45,100,0.2,0.0,0.8,0.11116936206141809,0.0824690489801879,0,412,109
HM+ST,ctid,stockpile,45,100,0.1,0.0,0.9,0.11509775542093893,0.08562426739887562,0,412,109
HM+ST,ctid,stockpile,45,100,0.0,0.0,1.0,0.01652605476954228,0.021884687257427662,0,412,109
HM+ST,ctid,stockpile,45,100,0.9,0.1,0.0,0.12140041879405912,0.10099219807681259,0,412,109
HM+ST,ctid,stockpile,45,100,0.8,0.1,0.1,0.1343849819994412,0.1067408497671772,0,412,109
HM+ST,ctid,stockpile,45,100,0.7,0.1,0.2,0.14494297633826758,0.10644980267308315,0,412,109
HM+ST,ctid,stockpile,45,100,0.6,0.1,0.3,0.14754779088787348,0.10045242415925226,0,412,109
HM+ST,ctid,stockpile,45,100,0.5,0.1,0.4,0.1412100195902333,0.09456452654034286,0,412,109
HM+ST,ctid,stockpile,45,100,0.4,0.1,0.5,0.14167355117844596,0.0956126062551983,0,412,109
HM+ST,ctid,stockpile,45,100,0.3,0.1,0.6,0.12659681269671216,0.09347852690309935,0,412,109
HM+ST,ctid,stockpile,45,100,0.2,0.1,0.7,0.11259122302672316,0.08314984015174563,0,412,109
HM+ST,ctid,stockpile,45,100,0.1,0.1,0.8,0.09711442358562226,0.07551354028523613,0,412,109
HM+ST,ctid,stockpile,45,100,0.0,0.1,0.9,0.09347548540870372,0.07013856770697657,0,412,109
HM+ST,ctid,stockpile,45,100,0.8,0.2,0.0,0.12986763228757833,0.09362628523731926,0,412,109
HM+ST,ctid,stockpile,45,100,0.7,0.2,0.1,0.13281276473679893,0.10070980340480071,0,412,109
HM+ST,ctid,stockpile,45,100,0.6,0.2,0.2,0.12928639898501834,0.09773831736213476,0,412,109
HM+ST,ctid,stockpile,45,100,0.5,0.2,0.3,0.13073924020719102,0.09147243669387393,0,412,109
HM+ST,ctid,stockpile,45,100,0.4,0.2,0.4,0.11894998637988817,0.08494167450135076,0,412,109
HM+ST,ctid,stockpile,45,100,0.3,0.2,0.5,0.09972525782376668,0.0790170814991041,0,412,109
HM+ST,ctid,stockpile,45,100,0.2,0.2,0.6,0.08684484081079383,0.06990689203732484,0,412,109
HM+ST,ctid,stockpile,45,100,0.1,0.2,0.7,0.07298092573633978,0.06325622864588441,0,412,109
HM+ST,ctid,stockpile,45,100,0.0,0.2,0.8,0.06873744234864686,0.06068704037079668,0,412,109
HM+ST,ctid,stockpile,45,100,0.7,0.3,0.0,0.09491753745964268,0.08774867242258588,0,412,109
HM+ST,ctid,stockpile,45,100,0.6,0.3,0.1,0.10193381009776653,0.08656195735439101,0,412,109
HM+ST,ctid,stockpile,45,100,0.5,0.3,0.2,0.1076021217543113,0.08895102921843459,0,412,109
HM+ST,ctid,stockpile,45,100,0.4,0.3,0.3,0.10403046164984059,0.08225783242063826,0,412,109
HM+ST,ctid,stockpile,45,100,0.3,0.3,0.4,0.09276352120104546,0.07576097626284442,0,412,109
HM+ST,ctid,stockpile,45,100,0.2,0.3,0.5,0.08181313294998002,0.06761829918933555,0,412,109
HM+ST,ctid,stockpile,45,100,0.1,0.3,0.6,0.08226495728251752,0.06660306712625053,0,412,109
HM+ST,ctid,stockpile,45,100,0.0,0.3,0.7,0.06817614397327337,0.05747143879834464,0,412,109
HM+ST,ctid,stockpile,45,100,0.6,0.4,0.0,0.08422513700298222,0.08339213182031599,0,412,109
HM+ST,ctid,stockpile,45,100,0.5,0.4,0.1,0.08543803496502216,0.08077169278590866,0,412,109
HM+ST,ctid,stockpile,45,100,0.4,0.4,0.2,0.08033325791112132,0.07711071385926946,0,412,109
HM+ST,ctid,stockpile,45,100,0.3,0.4,0.3,0.0868269130885911,0.07541711387140723,0,412,109
HM+ST,ctid,stockpile,45,100,0.2,0.4,0.4,0.08720224603777725,0.07218742373915744,0,412,109
HM+ST,ctid,stockpile,45,100,0.1,0.4,0.5,0.07887559288183445,0.0647618285877514,0,412,109
HM+ST,ctid,stockpile,45,100,0.0,0.4,0.6,0.06162717602677756,0.05209935282858317,0,412,109
HM+ST,ctid,stockpile,45,100,0.5,0.5,0.0,0.08500556615575808,0.08086112819851968,0,412,109
HM+ST,ctid,stockpile,45,100,0.4,0.5,0.1,0.07710931600162797,0.07690134305797318,0,412,109
HM+ST,ctid,stockpile,45,100,0.3,0.5,0.2,0.07546659645594238,0.07328313014697552,0,412,109
HM+ST,ctid,stockpile,45,100,0.2,0.5,0.3,0.07996625756857298,0.07139034306316502,0,412,109
HM+ST,ctid,stockpile,45,100,0.1,0.5,0.4,0.07686031121354596,0.0621874851825728,0,412,109
HM+ST,ctid,stockpile,45,100,0.0,0.5,0.5,0.05812563425258698,0.05397990963661712,0,412,109
HM+ST,ctid,stockpile,45,100,0.4,0.6,0.0,0.07927899133516482,0.07777218581975745,0,412,109
HM+ST,ctid,stockpile,45,100,0.3,0.6,0.1,0.0752645894332446,0.07499169513774759,0,412,109
HM+ST,ctid,stockpile,45,100,0.2,0.6,0.2,0.075045460191751,0.07083513361789,0,412,109
HM+ST,ctid,stockpile,45,100,0.1,0.6,0.3,0.06851601671978672,0.06475470186124434,0,412,109
HM+ST,ctid,stockpile,45,100,0.0,0.6,0.4,0.0595269056601099,0.05600946325407248,0,412,109
HM+ST,ctid,stockpile,45,100,0.3,0.7,0.0,0.06993880662074949,0.0731199081007746,0,412,109
HM+ST,ctid,stockpile,45,100,0.2,0.7,0.1,0.07225778934293065,0.07057237170887137,0,412,109
HM+ST,ctid,stockpile,45,100,0.1,0.7,0.2,0.06924699923999322,0.06692204838859517,0,412,109
HM+ST,ctid,stockpile,45,100,0.0,0.7,0.3,0.06047571070584367,0.05931351849126485,0,412,109
HM+ST,ctid,stockpile,45,100,0.2,0.8,0.0,0.05521146802617435,0.06283920964178602,0,412,109
HM+ST,ctid,stockpile,45,100,0.1,0.8,0.1,0.06323644099101619,0.06494596778696,0,412,109
HM+ST,ctid,stockpile,45,100,0.0,0.8,0.2,0.03912112793008809,0.05067467063328694,0,412,109
HM+ST,ctid,stockpile,45,100,0.1,0.9,0.0,0.03791772044698852,0.05437446925851928,0,412,109
HM+ST,ctid,stockpile,45,100,0.0,0.9,0.1,0.03656301801673242,0.05281316036094306,0,412,109
HM+ST,ctid,stockpile,45,100,0.0,1.0,0.0,0.03607559617385657,0.05285116417196402,0,412,109
HM+ST,ctid,stockpile,45,20,1.0,0.0,0.0,0.13540560612879915,0.10532388305352063,0,412,109
HM+ST,ctid,stockpile,45,20,0.9,0.0,0.1,0.13400396982085955,0.10498726373403702,0,412,109
HM+ST,ctid,stockpile,45,20,0.8,0.0,0.2,0.13812151537105619,0.10232370808375883,0,412,109
HM+ST,ctid,stockpile,45,20,0.7,0.0,0.3,0.15115983882539777,0.10139327869456416,0,412,109
HM+ST,ctid,stockpile,45,20,0.6,0.0,0.4,0.1427496671902423,0.09940345772092564,0,412,109
HM+ST,ctid,stockpile,45,20,0.5,0.0,0.5,0.14339350982781746,0.09955241871302405,0,412,109
HM+ST,ctid,stockpile,45,20,0.4,0.0,0.6,0.14446521256617367,0.0991013289816245,0,412,109
HM+ST,ctid,stockpile,45,20,0.3,0.0,0.7,0.13307650210041405,0.09354187675084433,0,412,109
HM+ST,ctid,stockpile,45,20,0.2,0.0,0.8,0.11116936206141809,0.0824690489801879,0,412,109
HM+ST,ctid,stockpile,45,20,0.1,0.0,0.9,0.11509775542093893,0.08562426739887562,0,412,109
HM+ST,ctid,stockpile,45,20,0.0,0.0,1.0,0.01652605476954228,0.021884687257427662,0,412,109
HM+ST,ctid,stockpile,45,20,0.9,0.1,0.0,0.13339527057798914,0.10440395466678454,0,412,109
HM+ST,ctid,stockpile,45,20,0.8,0.1,0.1,0.14705700059128357,0.10919916351624945,0,412,109
HM+ST,ctid,stockpile,45,20,0.7,0.1,0.2,0.1491346360400936,0.10762677357539885,0,412,109
HM+ST,ctid,stockpile,45,20,0.6,0.1,0.3,0.14587915890572223,0.10144877504386936,0,412,109
HM+ST,ctid,stockpile,45,20,0.5,0.1,0.4,0.14636492169728962,0.09818963608710606,0,412,109
HM+ST,ctid,stockpile,45,20,0.4,0.1,0.5,0.14506378993948235,0.09849298504051954,0,412,109
HM+ST,ctid,stockpile,45,20,0.3,0.1,0.6,0.1424632524791561,0.0991830403624474,0,412,109
HM+ST,ctid,stockpile,45,20,0.2,0.1,0.7,0.13892270122625075,0.09594782578222194,0,412,109
HM+ST,ctid,stockpile,45,20,0.1,0.1,0.8,0.1198143414973815,0.08745083547397334,0,412,109
HM+ST,ctid,stockpile,45,20,0.0,0.1,0.9,0.10133607066748643,0.07652524589583651,0,412,109
HM+ST,ctid,stockpile,45,20,0.8,0.2,0.0,0.11147859860202768,0.09653060411595736,0,412,109
HM+ST,ctid,stockpile,45,20,0.7,0.2,0.1,0.1529845277391228,0.10392540190632885,0,412,109
HM+ST,ctid,stockpile,45,20,0.6,0.2,0.2,0.14431693258155123,0.10367513456388996,0,412,109
HM+ST,ctid,stockpile,45,20,0.5,0.2,0.3,0.14355051912083922,0.0981850081763426,0,412,109
HM+ST,ctid,stockpile,45,20,0.4,0.2,0.4,0.1396589121209113,0.08902840447513002,0,412,109
HM+ST,ctid,stockpile,45,20,0.3,0.2,0.5,0.1442845792057638,0.09105169786494506,0,412,109
HM+ST,ctid,stockpile,45,20,0.2,0.2,0.6,0.11999892653792966,0.08634209698713183,0,412,109
HM+ST,ctid,stockpile,45,20,0.1,0.2,0.7,0.1103322624689201,0.08204310116202242,0,412,109
HM+ST,ctid,stockpile,45,20,0.0,0.2,0.8,0.09811733121125414,0.07463837539142987,0,412,109
HM+ST,ctid,stockpile,45,20,0.7,0.3,0.0,0.10553966207062022,0.09243884805813281,0,412,109
HM+ST,ctid,stockpile,45,20,0.6,0.3,0.1,0.11160489711244713,0.0903418222980832,0,412,109
HM+ST,ctid,stockpile,45,20,0.5,0.3,0.2,0.11284696163345521,0.09083772338967495,0,412,109
HM+ST,ctid,stockpile,45,20,0.4,0.3,0.3,0.11922079198695926,0.08653078959984697,0,412,109
HM+ST,ctid,stockpile,45,20,0.3,0.3,0.4,0.12104916829118172,0.08806244224150994,0,412,109
HM+ST,ctid,stockpile,45,20,0.2,0.3,0.5,0.11594989033974745,0.08477087399722043,0,412,109
HM+ST,ctid,stockpile,45,20,0.1,0.3,0.6,0.11083675378373788,0.07828352187585219,0,412,109
HM+ST,ctid,stockpile,45,20,0.0,0.3,0.7,0.09185429138364495,0.06902174184386259,0,412,109
HM+ST,ctid,stockpile,45,20,0.6,0.4,0.0,0.10541080856135882,0.08827106773859855,0,412,109
HM+ST,ctid,stockpile,45,20,0.5,0.4,0.1,0.11171933724539355,0.08953287159604315,0,412,109
HM+ST,ctid,stockpile,45,20,0.4,0.4,0.2,0.1154739786400487,0.08985224972919041,0,412,109
HM+ST,ctid,stockpile,45,20,0.3,0.4,0.3,0.10815914775048402,0.08377368332834792,0,412,109
HM+ST,ctid,stockpile,45,20,0.2,0.4,0.4,0.11020281450541171,0.0807281883389272,0,412,109
HM+ST,ctid,stockpile,45,20,0.1,0.4,0.5,0.10526634554821968,0.07666374173361427,0,412,109
HM+ST,ctid,stockpile,45,20,0.0,0.4,0.6,0.09236841325335804,0.07238633114620785,0,412,109
HM+ST,ctid,stockpile,45,20,0.5,0.5,0.0,0.10452028218754181,0.0867179484484486,0,412,109
HM+ST,ctid,stockpile,45,20,0.4,0.5,0.1,0.1056445255667704,0.08787184983015324,0,412,109
HM+ST,ctid,stockpile,45,20,0.3,0.5,0.2,0.10673327930151112,0.08448018217178302,0,412,109
HM+ST,ctid,stockpile,45,20,0.2,0.5,0.3,0.10019995387552433,0.07991339434368888,0,412,109
HM+ST,ctid,stockpile,45,20,0.1,0.5,0.4,0.10017762597227875,0.07339589217416002,0,412,109
HM+ST,ctid,stockpile,45,20,0.0,0.5,0.5,0.07275104173457883,0.061124748856792734,0,412,109
HM+ST,ctid,stockpile,45,20,0.4,0.6,0.0,0.10263221396060039,0.0776557026730822,0,412,109
HM+ST,ctid,stockpile,45,20,0.3,0.6,0.1,0.09540522624416747,0.08003477387347249,0,412,109
HM+ST,ctid,stockpile,45,20,0.2,0.6,0.2,0.0909123954571912,0.07383419386182213,0,412,109
HM+ST,ctid,stockpile,45,20,0.1,0.6,0.3,0.09365489514794192,0.06931664886416997,0,412,109
HM+ST,ctid,stockpile,45,20,0.0,0.6,0.4,0.06345604741405059,0.060059377666504786,0,412,109
HM+ST,ctid,stockpile,45,20,0.3,0.7,0.0,0.06764913064355549,0.06663704552579663,0,412,109
HM+ST,ctid,stockpile,45,20,0.2,0.7,0.1,0.0633487217190454,0.06601216685573734,0,412,109
HM+ST,ctid,stockpile,45,20,0.1,0.7,0.2,0.06668466510790536,0.06540575763057538,0,412,109
HM+ST,ctid,stockpile,45,20,0.0,0.7,0.3,0.06449461870842269,0.0633645441766615,0,412,109
HM+ST,ctid,stockpile,45,20,0.2,0.8,0.0,0.0632578175056691,0.06374769085903953,0,412,109
HM+ST,ctid,stockpile,45,20,0.1,0.8,0.1,0.06302901131844499,0.06278994867744508,0,412,109
HM+ST,ctid,stockpile,45,20,0.0,0.8,0.2,0.06871387749075406,0.06391148371581304,0,412,109
HM+ST,ctid,stockpile,45,20,0.1,0.9,0.0,0.06312662777168719,0.062493278189076185,0,412,109
HM+ST,ctid,stockpile,45,20,0.0,0.9,0.1,0.06311068388584083,0.06213476148018867,0,412,109
HM+ST,ctid,stockpile,45,20,0.0,1.0,0.0,0.06349964701263151,0.062624718599025,0,412,109
HM+ST,ctid,stockpile,45,40,1.0,0.0,0.0,0.13540560612879915,0.10532388305352063,0,412,109
HM+ST,ctid,stockpile,45,40,0.9,0.0,0.1,0.13400396982085955,0.10498726373403702,0,412,109
HM+ST,ctid,stockpile,45,40,0.8,0.0,0.2,0.13812151537105619,0.10232370808375883,0,412,109
HM+ST,ctid,stockpile,45,40,0.7,0.0,0.3,0.15115983882539777,0.10139327869456416,0,412,109
HM+ST,ctid,stockpile,45,40,0.6,0.0,0.4,0.1427496671902423,0.09940345772092564,0,412,109
HM+ST,ctid,stockpile,45,40,0.5,0.0,0.5,0.14339350982781746,0.09955241871302405,0,412,109
HM+ST,ctid,stockpile,45,40,0.4,0.0,0.6,0.14446521256617367,0.0991013289816245,0,412,109
HM+ST,ctid,stockpile,45,40,0.3,0.0,0.7,0.13307650210041405,0.09354187675084433,0,412,109
HM+ST,ctid,stockpile,45,40,0.2,0.0,0.8,0.11116936206141809,0.0824690489801879,0,412,109
HM+ST,ctid,stockpile,45,40,0.1,0.0,0.9,0.11509775542093893,0.08562426739887562,0,412,109
HM+ST,ctid,stockpile,45,40,0.0,0.0,1.0,0.01652605476954228,0.021884687257427662,0,412,109
HM+ST,ctid,stockpile,45,40,0.9,0.1,0.0,0.13197347277569124,0.10414028527727175,0,412,109
HM+ST,ctid,stockpile,45,40,0.8,0.1,0.1,0.14643467507235988,0.10979492500818744,0,412,109
HM+ST,ctid,stockpile,45,40,0.7,0.1,0.2,0.1487432374508719,0.1078932355379841,0,412,109
HM+ST,ctid,stockpile,45,40,0.6,0.1,0.3,0.1527013051900716,0.10145824781174509,0,412,109
HM+ST,ctid,stockpile,45,40,0.5,0.1,0.4,0.14081375513489222,0.09744571988520952,0,412,109
HM+ST,ctid,stockpile,45,40,0.4,0.1,0.5,0.1519248423874345,0.09695331583036859,0,412,109
HM+ST,ctid,stockpile,45,40,0.3,0.1,0.6,0.1415664533247693,0.09724715037587114,0,412,109
HM+ST,ctid,stockpile,45,40,0.2,0.1,0.7,0.1430553473646389,0.09631052829218116,0,412,109
HM+ST,ctid,stockpile,45,40,0.1,0.1,0.8,0.11869735235041129,0.0862912199882301,0,412,109
HM+ST,ctid,stockpile,45,40,0.0,0.1,0.9,0.09368682220561934,0.07561735224222654,0,412,109
HM+ST,ctid,stockpile,45,40,0.8,0.2,0.0,0.13126966020214978,0.09735717301595644,0,412,109
HM+ST,ctid,stockpile,45,40,0.7,0.2,0.1,0.14455636365787786,0.10967612693211268,0,412,109
HM+ST,ctid,stockpile,45,40,0.6,0.2,0.2,0.14938065469291104,0.10515796669974067,0,412,109
HM+ST,ctid,stockpile,45,40,0.5,0.2,0.3,0.1451356237147461,0.0982809780074823,0,412,109
HM+ST,ctid,stockpile,45,40,0.4,0.2,0.4,0.14590718729555863,0.09650257377597661,0,412,109
HM+ST,ctid,stockpile,45,40,0.3,0.2,0.5,0.1261285486824597,0.0936032243678301,0,412,109
HM+ST,ctid,stockpile,45,40,0.2,0.2,0.6,0.1191739612944227,0.08976055358596803,0,412,109
HM+ST,ctid,stockpile,45,40,0.1,0.2,0.7,0.10475431784224423,0.07891127544990763,0,412,109
HM+ST,ctid,stockpile,45,40,0.0,0.2,0.8,0.08953008628042287,0.07469459230577533,0,412,109
HM+ST,ctid,stockpile,45,40,0.7,0.3,0.0,0.10636378539603132,0.0922530311474256,0,412,109
HM+ST,ctid,stockpile,45,40,0.6,0.3,0.1,0.1197773602731922,0.09215509097809985,0,412,109
HM+ST,ctid,stockpile,45,40,0.5,0.3,0.2,0.12553976402838818,0.09301827109942004,0,412,109
HM+ST,ctid,stockpile,45,40,0.4,0.3,0.3,0.1287534956986365,0.0934261236057336,0,412,109
HM+ST,ctid,stockpile,45,40,0.3,0.3,0.4,0.12638179043211112,0.0872966596798773,0,412,109
HM+ST,ctid,stockpile,45,40,0.2,0.3,0.5,0.1198039938437874,0.08652906665790047,0,412,109
HM+ST,ctid,stockpile,45,40,0.1,0.3,0.6,0.11326773908172261,0.08362726938279061,0,412,109
HM+ST,ctid,stockpile,45,40,0.0,0.3,0.7,0.08842498644458842,0.07174232306649578,0,412,109
HM+ST,ctid,stockpile,45,40,0.6,0.4,0.0,0.10572632841992673,0.09142850606097933,0,412,109
HM+ST,ctid,stockpile,45,40,0.5,0.4,0.1,0.11763462054518516,0.09129360657500692,0,412,109
HM+ST,ctid,stockpile,45,40,0.4,0.4,0.2,0.1159911917242007,0.09009440890996726,0,412,109
HM+ST,ctid,stockpile,45,40,0.3,0.4,0.3,0.12450251884568207,0.09056453163453383,0,412,109
HM+ST,ctid,stockpile,45,40,0.2,0.4,0.4,0.12306112297666782,0.08690346775185621,0,412,109
HM+ST,ctid,stockpile,45,40,0.1,0.4,0.5,0.11512655956487239,0.07957504405906876,0,412,109
HM+ST,ctid,stockpile,45,40,0.0,0.4,0.6,0.09398264645070613,0.06946202629074785,0,412,109
HM+ST,ctid,stockpile,45,40,0.5,0.5,0.0,0.10811513983454786,0.08979157776396304,0,412,109
HM+ST,ctid,stockpile,45,40,0.4,0.5,0.1,0.11766710460829917,0.08989861432466525,0,412,109
HM+ST,ctid,stockpile,45,40,0.3,0.5,0.2,0.11704545257912519,0.0899888868045426,0,412,109
HM+ST,ctid,stockpile,45,40,0.2,0.5,0.3,0.11143792257257538,0.08675553058977706,0,412,109
HM+ST,ctid,stockpile,45,40,0.1,0.5,0.4,0.10982278641782649,0.07870662215934827,0,412,109
HM+ST,ctid,stockpile,45,40,0.0,0.5,0.5,0.09498023716907211,0.06761578843796326,0,412,109
HM+ST,ctid,stockpile,45,40,0.4,0.6,0.0,0.10864037026355539,0.0881541949104075,0,412,109
HM+ST,ctid,stockpile,45,40,0.3,0.6,0.1,0.11335986053244493,0.08493820545916309,0,412,109
HM+ST,ctid,stockpile,45,40,0.2,0.6,0.2,0.10921023452382167,0.08381598036099137,0,412,109
HM+ST,ctid,stockpile,45,40,0.1,0.6,0.3,0.10103019740054951,0.08163319754627656,0,412,109
HM+ST,ctid,stockpile,45,40,0.0,0.6,0.4,0.08895109332394771,0.06465194018859516,0,412,109
HM+ST,ctid,stockpile,45,40,0.3,0.7,0.0,0.10190471229418988,0.07539989431423771,0,412,109
HM+ST,ctid,stockpile,45,40,0.2,0.7,0.1,0.10618180072794825,0.07528707056203712,0,412,109
HM+ST,ctid,stockpile,45,40,0.1,0.7,0.2,0.09605972400055135,0.07037588299872402,0,412,109
HM+ST,ctid,stockpile,45,40,0.0,0.7,0.3,0.08661600114032625,0.06598090812909646,0,412,109
HM+ST,ctid,stockpile,45,40,0.2,0.8,0.0,0.0694099065263102,0.06739649292767538,0,412,109
HM+ST,ctid,stockpile,45,40,0.1,0.8,0.1,0.07145263588579799,0.06599086122461602,0,412,109
HM+ST,ctid,stockpile,45,40,0.0,0.8,0.2,0.06295474463133414,0.06361011845422343,0,412,109
HM+ST,ctid,stockpile,45,40,0.1,0.9,0.0,0.06151207051350549,0.06477907053498438,0,412,109
HM+ST,ctid,stockpile,45,40,0.0,0.9,0.1,0.06659671539505561,0.0626062657439272,0,412,109
HM+ST,ctid,stockpile,45,40,0.0,1.0,0.0,0.06030107893882185,0.0637322533992606,0,412,109
HM+ST,ctid,stockpile,45,60,1.0,0.0,0.0,0.13540560612879915,0.10532388305352063,0,412,109
HM+ST,ctid,stockpile,45,60,0.9,0.0,0.1,0.13400396982085955,0.10498726373403702,0,412,109
HM+ST,ctid,stockpile,45,60,0.8,0.0,0.2,0.13812151537105619,0.10232370808375883,0,412,109
HM+ST,ctid,stockpile,45,60,0.7,0.0,0.3,0.15115983882539777,0.10139327869456416,0,412,109
HM+ST,ctid,stockpile,45,60,0.6,0.0,0.4,0.1427496671902423,0.09940345772092564,0,412,109
HM+ST,ctid,stockpile,45,60,0.5,0.0,0.5,0.14339350982781746,0.09955241871302405,0,412,109
HM+ST,ctid,stockpile,45,60,0.4,0.0,0.6,0.14446521256617367,0.0991013289816245,0,412,109
HM+ST,ctid,stockpile,45,60,0.3,0.0,0.7,0.13307650210041405,0.09354187675084433,0,412,109
HM+ST,ctid,stockpile,45,60,0.2,0.0,0.8,0.11116936206141809,0.0824690489801879,0,412,109
HM+ST,ctid,stockpile,45,60,0.1,0.0,0.9,0.11509775542093893,0.08562426739887562,0,412,109
HM+ST,ctid,stockpile,45,60,0.0,0.0,1.0,0.01652605476954228,0.021884687257427662,0,412,109
HM+ST,ctid,stockpile,45,60,0.9,0.1,0.0,0.12965429497047737,0.10351847491809614,0,412,109
HM+ST,ctid,stockpile,45,60,0.8,0.1,0.1,0.1428768114923501,0.1101319076464173,0,412,109
HM+ST,ctid,stockpile,45,60,0.7,0.1,0.2,0.1474882230975952,0.10796414137850478,0,412,109
HM+ST,ctid,stockpile,45,60,0.6,0.1,0.3,0.15319890537161407,0.10217998750305313,0,412,109
HM+ST,ctid,stockpile,45,60,0.5,0.1,0.4,0.14390076724552625,0.0981153761977245,0,412,109
HM+ST,ctid,stockpile,45,60,0.4,0.1,0.5,0.14895121686480686,0.09661352867579052,0,412,109
HM+ST,ctid,stockpile,45,60,0.3,0.1,0.6,0.14022973384763415,0.09630745367658908,0,412,109
HM+ST,ctid,stockpile,45,60,0.2,0.1,0.7,0.12677650445956268,0.09259199416307845,0,412,109
HM+ST,ctid,stockpile,45,60,0.1,0.1,0.8,0.1178787780249785,0.08482364774751991,0,412,109
HM+ST,ctid,stockpile,45,60,0.0,0.1,0.9,0.09197217140619894,0.07202615315330205,0,412,109
HM+ST,ctid,stockpile,45,60,0.8,0.2,0.0,0.1349765061371893,0.09863226595010315,0,412,109
HM+ST,ctid,stockpile,45,60,0.7,0.2,0.1,0.14806572628017545,0.11026351363061268,1,412,109
HM+ST,ctid,stockpile,45,60,0.6,0.2,0.2,0.14457623755719445,0.10274434106775762,0,412,109
HM+ST,ctid,stockpile,45,60,0.5,0.2,0.3,0.14123700535904393,0.09831518571566664,0,412,109
HM+ST,ctid,stockpile,45,60,0.4,0.2,0.4,0.13676799611003407,0.09450013841230506,0,412,109
HM+ST,ctid,stockpile,45,60,0.3,0.2,0.5,0.14234169610821812,0.09746520758843767,0,412,109
HM+ST,ctid,stockpile,45,60,0.2,0.2,0.6,0.13375559619749508,0.08838366814360936,0,412,109
HM+ST,ctid,stockpile,45,60,0.1,0.2,0.7,0.09992474926129259,0.0741529375316157,0,412,109
HM+ST,ctid,stockpile,45,60,0.0,0.2,0.8,0.07115877578256945,0.06466744841128773,0,412,109
HM+ST,ctid,stockpile,45,60,0.7,0.3,0.0,0.10293482100670265,0.09078174084058463,0,412,109
HM+ST,ctid,stockpile,45,60,0.6,0.3,0.1,0.11275399528879776,0.09182075247590685,0,412,109
HM+ST,ctid,stockpile,45,60,0.5,0.3,0.2,0.1164069963892007,0.09261693784999003,0,412,109
HM+ST,ctid,stockpile,45,60,0.4,0.3,0.3,0.11586741334093655,0.08822281356319721,0,412,109
HM+ST,ctid,stockpile,45,60,0.3,0.3,0.4,0.11888554024854175,0.08706699896264457,0,412,109
HM+ST,ctid,stockpile,45,60,0.2,0.3,0.5,0.11978084612719125,0.08512589401297838,0,412,109
HM+ST,ctid,stockpile,45,60,0.1,0.3,0.6,0.10612448673384405,0.08038996181391558,0,412,109
HM+ST,ctid,stockpile,45,60,0.0,0.3,0.7,0.08534668195712346,0.0679910258292302,0,412,109
HM+ST,ctid,stockpile,45,60,0.6,0.4,0.0,0.10417132102449919,0.09094375575401913,0,412,109
HM+ST,ctid,stockpile,45,60,0.5,0.4,0.1,0.11255506438110609,0.09169719630021245,0,412,109
HM+ST,ctid,stockpile,45,60,0.4,0.4,0.2,0.11240642262436396,0.0900245652214877,0,412,109
HM+ST,ctid,stockpile,45,60,0.3,0.4,0.3,0.11690189553814836,0.0901088309907007,0,412,109
HM+ST,ctid,stockpile,45,60,0.2,0.4,0.4,0.11733957749267894,0.08703919022522093,0,412,109
HM+ST,ctid,stockpile,45,60,0.1,0.4,0.5,0.10143827242603339,0.07893400168699652,0,412,109
HM+ST,ctid,stockpile,45,60,0.0,0.4,0.6,0.09190838636715651,0.06503633209821133,0,412,109
HM+ST,ctid,stockpile,45,60,0.5,0.5,0.0,0.10678842913399013,0.0918293963787354,0,412,109
HM+ST,ctid,stockpile,45,60,0.4,0.5,0.1,0.10941727273233154,0.09196399543201973,0,412,109
HM+ST,ctid,stockpile,45,60,0.3,0.5,0.2,0.10674086128335153,0.08967609424425013,0,412,109
HM+ST,ctid,stockpile,45,60,0.2,0.5,0.3,0.10599753525694586,0.08651884838964422,0,412,109
HM+ST,ctid,stockpile,45,60,0.1,0.5,0.4,0.10667905047478697,0.07692809189926765,0,412,109
HM+ST,ctid,stockpile,45,60,0.0,0.5,0.5,0.08231341852644,0.06663789993040647,0,412,109
HM+ST,ctid,stockpile,45,60,0.4,0.6,0.0,0.11032513713660502,0.08979618617840057,0,412,109
HM+ST,ctid,stockpile,45,60,0.3,0.6,0.1,0.1055655755283643,0.08754175365115036,0,412,109
HM+ST,ctid,stockpile,45,60,0.2,0.6,0.2,0.10654091940650216,0.08473290749002257,0,412,109
HM+ST,ctid,stockpile,45,60,0.1,0.6,0.3,0.10492194350517675,0.08068365058390585,0,412,109
HM+ST,ctid,stockpile,45,60,0.0,0.6,0.4,0.08634384985933137,0.06641684000458492,0,412,109
HM+ST,ctid,stockpile,45,60,0.3,0.7,0.0,0.10117710175202115,0.08538385644894356,0,412,109
HM+ST,ctid,stockpile,45,60,0.2,0.7,0.1,0.09873039976943637,0.08195542410543852,0,412,109
HM+ST,ctid,stockpile,45,60,0.1,0.7,0.2,0.0980891168197785,0.0741214956213883,0,412,109
HM+ST,ctid,stockpile,45,60,0.0,0.7,0.3,0.08559384322711533,0.06810122130707671,0,412,109
HM+ST,ctid,stockpile,45,60,0.2,0.8,0.0,0.09289380429489864,0.07332693337335705,0,412,109
HM+ST,ctid,stockpile,45,60,0.1,0.8,0.1,0.08709920547626633,0.06886742564229209,0,412,109
HM+ST,ctid,stockpile,45,60,0.0,0.8,0.2,0.0607225187449743,0.060848177879072485,0,412,109
HM+ST,ctid,stockpile,45,60,0.1,0.9,0.0,0.062482167850789624,0.06467566836716664,0,412,109
HM+ST,ctid,stockpile,45,60,0.0,0.9,0.1,0.04798127510364508,0.058004243479169694,0,412,109
HM+ST,ctid,stockpile,45,60,0.0,1.0,0.0,0.04213200030366734,0.057485137560333154,0,412,109
HM+ST,ctid,stockpile,45,80,1.0,0.0,0.0,0.13540560612879915,0.10532388305352063,0,412,109
HM+ST,ctid,stockpile,45,80,0.9,0.0,0.1,0.13400396982085955,0.10498726373403702,0,412,109
HM+ST,ctid,stockpile,45,80,0.8,0.0,0.2,0.13812151537105619,0.10232370808375883,0,412,109
HM+ST,ctid,stockpile,45,80,0.7,0.0,0.3,0.15115983882539777,0.10139327869456416,0,412,109
HM+ST,ctid,stockpile,45,80,0.6,0.0,0.4,0.1427496671902423,0.09940345772092564,0,412,109
HM+ST,ctid,stockpile,45,80,0.5,0.0,0.5,0.14339350982781746,0.09955241871302405,0,412,109
HM+ST,ctid,stockpile,45,80,0.4,0.0,0.6,0.14446521256617367,0.0991013289816245,0,412,109
HM+ST,ctid,stockpile,45,80,0.3,0.0,0.7,0.13307650210041405,0.09354187675084433,0,412,109
HM+ST,ctid,stockpile,45,80,0.2,0.0,0.8,0.11116936206141809,0.0824690489801879,0,412,109
HM+ST,ctid,stockpile,45,80,0.1,0.0,0.9,0.11509775542093893,0.08562426739887562,0,412,109
HM+ST,ctid,stockpile,45,80,0.0,0.0,1.0,0.01652605476954228,0.021884687257427662,0,412,109
HM+ST,ctid,stockpile,45,80,0.9,0.1,0.0,0.11604363563916119,0.1019619768848534,0,412,109
HM+ST,ctid,stockpile,45,80,0.8,0.1,0.1,0.1343849819994412,0.10675588492724095,0,412,109
HM+ST,ctid,stockpile,45,80,0.7,0.1,0.2,0.14483677956744623,0.10642155286583513,0,412,109
HM+ST,ctid,stockpile,45,80,0.6,0.1,0.3,0.1495015047634917,0.10095220023742901,0,412,109
HM+ST,ctid,stockpile,45,80,0.5,0.1,0.4,0.14180670097216502,0.09746754412072538,0,412,109
HM+ST,ctid,stockpile,45,80,0.4,0.1,0.5,0.14338575451056051,0.09603196786516796,0,412,109
HM+ST,ctid,stockpile,45,80,0.3,0.1,0.6,0.13784740373397586,0.09568048900332514,0,412,109
HM+ST,ctid,stockpile,45,80,0.2,0.1,0.7,0.11454662314825388,0.08489775202236668,0,412,109
HM+ST,ctid,stockpile,45,80,0.1,0.1,0.8,0.1065100252323461,0.07872225399709158,0,412,109
HM+ST,ctid,stockpile,45,80,0.0,0.1,0.9,0.08604068132600302,0.06882926291893049,0,412,109
HM+ST,ctid,stockpile,45,80,0.8,0.2,0.0,0.13325324616059314,0.09594043292788636,0,412,109
HM+ST,ctid,stockpile,45,80,0.7,0.2,0.1,0.1383060215721748,0.10816911400759896,0,412,109
HM+ST,ctid,stockpile,45,80,0.6,0.2,0.2,0.14463469154956532,0.10094403899979869,0,412,109
HM+ST,ctid,stockpile,45,80,0.5,0.2,0.3,0.1335264577111437,0.09284495583454584,0,412,109
HM+ST,ctid,stockpile,45,80,0.4,0.2,0.4,0.1337721730745673,0.08920407780116879,0,412,109
HM+ST,ctid,stockpile,45,80,0.3,0.2,0.5,0.13279466518030966,0.08815980038266372,0,412,109
HM+ST,ctid,stockpile,45,80,0.2,0.2,0.6,0.10017643759166293,0.07722477236023208,0,412,109
HM+ST,ctid,stockpile,45,80,0.1,0.2,0.7,0.07929700969047802,0.06683509744182208,0,412,109
HM+ST,ctid,stockpile,45,80,0.0,0.2,0.8,0.06182739720187381,0.05866398711301679,0,412,109
HM+ST,ctid,stockpile,45,80,0.7,0.3,0.0,0.10155318910153266,0.08926809474727293,0,412,109
HM+ST,ctid,stockpile,45,80,0.6,0.3,0.1,0.11362201737964114,0.09047628463510618,0,412,109
HM+ST,ctid,stockpile,45,80,0.5,0.3,0.2,0.11569202174748001,0.092767275295214,0,412,109
HM+ST,ctid,stockpile,45,80,0.4,0.3,0.3,0.10801502428738033,0.08555972164838355,0,412,109
HM+ST,ctid,stockpile,45,80,0.3,0.3,0.4,0.11234184858150288,0.08199499262176799,0,412,109
HM+ST,ctid,stockpile,45,80,0.2,0.3,0.5,0.09223647551958589,0.07487548688720772,0,412,109
HM+ST,ctid,stockpile,45,80,0.1,0.3,0.6,0.08441857854182061,0.06903088330304231,0,412,109
HM+ST,ctid,stockpile,45,80,0.0,0.3,0.7,0.06405528558380506,0.058076491680676065,0,412,109
HM+ST,ctid,stockpile,45,80,0.6,0.4,0.0,0.109801693061262,0.09211528966222156,0,412,109
HM+ST,ctid,stockpile,45,80,0.5,0.4,0.1,0.10840502226206465,0.08816789239867542,0,412,109
HM+ST,ctid,stockpile,45,80,0.4,0.4,0.2,0.11431312456185237,0.0870569622567209,0,412,109
HM+ST,ctid,stockpile,45,80,0.3,0.4,0.3,0.11196778956648062,0.08624828054452763,0,412,109
HM+ST,ctid,stockpile,45,80,0.2,0.4,0.4,0.0900728972097591,0.08040401303547288,0,412,109
HM+ST,ctid,stockpile,45,80,0.1,0.4,0.5,0.07578062812767122,0.06660833402953359,0,412,109
HM+ST,ctid,stockpile,45,80,0.0,0.4,0.6,0.06570614096574674,0.0546884399868716,0,412,109
HM+ST,ctid,stockpile,45,80,0.5,0.5,0.0,0.10209723996783844,0.08876434568999206,0,412,109
HM+ST,ctid,stockpile,45,80,0.4,0.5,0.1,0.09613674367367832,0.08635674227265952,0,412,109
HM+ST,ctid,stockpile,45,80,0.3,0.5,0.2,0.09383321724219539,0.08344202233852188,0,412,109
HM+ST,ctid,stockpile,45,80,0.2,0.5,0.3,0.10362336336338827,0.08427493923061685,0,412,109
HM+ST,ctid,stockpile,45,80,0.1,0.5,0.4,0.0825294040449629,0.06702107699971954,0,412,109
HM+ST,ctid,stockpile,45,80,0.0,0.5,0.5,0.06668055785720785,0.056573218319961274,0,412,109
HM+ST,ctid,stockpile,45,80,0.4,0.6,0.0,0.09442155188109308,0.08276739289240063,0,412,109
HM+ST,ctid,stockpile,45,80,0.3,0.6,0.1,0.08649967200679612,0.08009168393547819,0,412,109
HM+ST,ctid,stockpile,45,80,0.2,0.6,0.2,0.08266897295052222,0.07708926910877238,0,412,109
HM+ST,ctid,stockpile,45,80,0.1,0.6,0.3,0.07933256012073338,0.07185101201304714,0,412,109
HM+ST,ctid,stockpile,45,80,0.0,0.6,0.4,0.06245563232292094,0.05618613779709568,0,412,109
HM+ST,ctid,stockpile,45,80,0.3,0.7,0.0,0.0868550782351484,0.07874495250796876,0,412,109
HM+ST,ctid,stockpile,45,80,0.2,0.7,0.1,0.08062838358576864,0.07490712007482016,0,412,109
HM+ST,ctid,stockpile,45,80,0.1,0.7,0.2,0.07850795334757335,0.07145303339657993,0,412,109
HM+ST,ctid,stockpile,45,80,0.0,0.7,0.3,0.06619338609894508,0.059104831114609103,0,412,109
HM+ST,ctid,stockpile,45,80,0.2,0.8,0.0,0.07679734626424518,0.06820207471579848,0,412,109
HM+ST,ctid,stockpile,45,80,0.1,0.8,0.1,0.07285497670445062,0.06856093527300275,0,412,109
HM+ST,ctid,stockpile,45,80,0.0,0.8,0.2,0.058323266135574474,0.055732867032094166,0,412,109
HM+ST,ctid,stockpile,45,80,0.1,0.9,0.0,0.05102646992529584,0.058036750367296865,0,412,109
HM+ST,ctid,stockpile,45,80,0.0,0.9,0.1,0.04575795353781024,0.0550213440484386,0,412,109
HM+ST,ctid,stockpile,45,80,0.0,1.0,0.0,0.04347754977271654,0.05519968775804447,0,412,109
HM+ST,ctid,stockpile,46,100,1.0,0.0,0.0,0.13151197789953584,0.10532388305352063,0,412,109
HM+ST,ctid,stockpile,46,100,0.9,0.0,0.1,0.13363484632412365,0.10498726373403702,0,412,109
HM+ST,ctid,stockpile,46,100,0.8,0.0,0.2,0.13716097678620248,0.10232370808375883,0,412,109
HM+ST,ctid,stockpile,46,100,0.7,0.0,0.3,0.13914384170105495,0.10139327869456416,0,412,109
HM+ST,ctid,stockpile,46,100,0.6,0.0,0.4,0.1424634350433727,0.09940345772092564,0,412,109
HM+ST,ctid,stockpile,46,100,0.5,0.0,0.5,0.14339350982781746,0.09955241871302405,0,412,109
HM+ST,ctid,stockpile,46,100,0.4,0.0,0.6,0.1442930854946878,0.0991013289816245,0,412,109
HM+ST,ctid,stockpile,46,100,0.3,0.0,0.7,0.13307650210041405,0.09354187675084433,0,412,109
HM+ST,ctid,stockpile,46,100,0.2,0.0,0.8,0.11299949501655639,0.0824690489801879,0,412,109
HM+ST,ctid,stockpile,46,100,0.1,0.0,0.9,0.12030067275556323,0.08562426739887562,0,412,109
HM+ST,ctid,stockpile,46,100,0.0,0.0,1.0,0.01652605476954228,0.021884687257427662,0,412,109
HM+ST,ctid,stockpile,46,100,0.9,0.1,0.0,0.12130994603377866,0.10099219807681259,0,412,109
HM+ST,ctid,stockpile,46,100,0.8,0.1,0.1,0.13759997056450876,0.1067408497671772,0,412,109
HM+ST,ctid,stockpile,46,100,0.7,0.1,0.2,0.14308440948702364,0.10644980267308315,0,412,109
HM+ST,ctid,stockpile,46,100,0.6,0.1,0.3,0.1415978674643215,0.10045242415925226,0,412,109
HM+ST,ctid,stockpile,46,100,0.5,0.1,0.4,0.13418919478895436,0.09456452654034286,0,412,109
HM+ST,ctid,stockpile,46,100,0.4,0.1,0.5,0.136725083260081,0.0956126062551983,0,412,109
HM+ST,ctid,stockpile,46,100,0.3,0.1,0.6,0.1324666884836802,0.09347852690309935,0,412,109
HM+ST,ctid,stockpile,46,100,0.2,0.1,0.7,0.11294429561876994,0.08314984015174563,0,412,109
HM+ST,ctid,stockpile,46,100,0.1,0.1,0.8,0.09838615419864907,0.07551354028523613,0,412,109
HM+ST,ctid,stockpile,46,100,0.0,0.1,0.9,0.08985121851728135,0.07013856770697657,0,412,109
HM+ST,ctid,stockpile,46,100,0.8,0.2,0.0,0.10678646155790081,0.09362628523731926,0,412,109
HM+ST,ctid,stockpile,46,100,0.7,0.2,0.1,0.12913348745343398,0.10070980340480071,0,412,109
HM+ST,ctid,stockpile,46,100,0.6,0.2,0.2,0.12972592964500007,0.09773831736213476,0,412,109
HM+ST,ctid,stockpile,46,100,0.5,0.2,0.3,0.1255923051632202,0.09147243669387393,0,412,109
HM+ST,ctid,stockpile,46,100,0.4,0.2,0.4,0.11401737615154788,0.08494167450135076,0,412,109
HM+ST,ctid,stockpile,46,100,0.3,0.2,0.5,0.10829853089211755,0.0790170814991041,0,412,109
HM+ST,ctid,stockpile,46,100,0.2,0.2,0.6,0.08947804561501042,0.06990689203732484,0,412,109
HM+ST,ctid,stockpile,46,100,0.1,0.2,0.7,0.07400436952400977,0.06325622864588441,0,412,109
HM+ST,ctid,stockpile,46,100,0.0,0.2,0.8,0.0688980346718261,0.06068704037079668,0,412,109
HM+ST,ctid,stockpile,46,100,0.7,0.3,0.0,0.10262025972326246,0.08774867242258588,0,412,109
HM+ST,ctid,stockpile,46,100,0.6,0.3,0.1,0.10493183141354222,0.08656195735439101,0,412,109
HM+ST,ctid,stockpile,46,100,0.5,0.3,0.2,0.11135579302935193,0.08895102921843459,0,412,109
HM+ST,ctid,stockpile,46,100,0.4,0.3,0.3,0.10268176018932715,0.08225783242063826,0,412,109
HM+ST,ctid,stockpile,46,100,0.3,0.3,0.4,0.10540231884268378,0.07576097626284442,0,412,109
HM+ST,ctid,stockpile,46,100,0.2,0.3,0.5,0.08337744424795247,0.06761829918933555,0,412,109
HM+ST,ctid,stockpile,46,100,0.1,0.3,0.6,0.07773030757060383,0.06660306712625053,0,412,109
HM+ST,ctid,stockpile,46,100,0.0,0.3,0.7,0.06476609818914614,0.05747143879834464,0,412,109
HM+ST,ctid,stockpile,46,100,0.6,0.4,0.0,0.10191271098708626,0.08339213182031599,0,412,109
HM+ST,ctid,stockpile,46,100,0.5,0.4,0.1,0.09870056663320138,0.08077169278590866,0,412,109
HM+ST,ctid,stockpile,46,100,0.4,0.4,0.2,0.09500941627286459,0.07711071385926946,0,412,109
HM+ST,ctid,stockpile,46,100,0.3,0.4,0.3,0.0905778163272548,0.07541711387140723,0,412,109
HM+ST,ctid,stockpile,46,100,0.2,0.4,0.4,0.0942939198861311,0.07218742373915744,0,412,109
HM+ST,ctid,stockpile,46,100,0.1,0.4,0.5,0.07418792464882794,0.0647618285877514,0,412,109
HM+ST,ctid,stockpile,46,100,0.0,0.4,0.6,0.05488335712771396,0.05209935282858317,0,412,109
HM+ST,ctid,stockpile,46,100,0.5,0.5,0.0,0.08819651354581691,0.08086112819851968,0,412,109
HM+ST,ctid,stockpile,46,100,0.4,0.5,0.1,0.08183522233017106,0.07690134305797318,0,412,109
HM+ST,ctid,stockpile,46,100,0.3,0.5,0.2,0.07759743806508303,0.07328313014697552,0,412,109
HM+ST,ctid,stockpile,46,100,0.2,0.5,0.3,0.07970521347413333,0.07139034306316502,0,412,109
HM+ST,ctid,stockpile,46,100,0.1,0.5,0.4,0.063948151905502,0.0621874851825728,0,412,109
HM+ST,ctid,stockpile,46,100,0.0,0.5,0.5,0.060469471030367324,0.05397990963661712,0,412,109
HM+ST,ctid,stockpile,46,100,0.4,0.6,0.0,0.07979177991399367,0.07777218581975745,0,412,109
HM+ST,ctid,stockpile,46,100,0.3,0.6,0.1,0.07735757267172623,0.07499169513774759,0,412,109
HM+ST,ctid,stockpile,46,100,0.2,0.6,0.2,0.07148485332261287,0.07083513361789,0,412,109
HM+ST,ctid,stockpile,46,100,0.1,0.6,0.3,0.06554806567915206,0.06475470186124434,0,412,109
HM+ST,ctid,stockpile,46,100,0.0,0.6,0.4,0.061277451286380465,0.05600946325407248,0,412,109
HM+ST,ctid,stockpile,46,100,0.3,0.7,0.0,0.0727810380964461,0.0731199081007746,0,412,109
HM+ST,ctid,stockpile,46,100,0.2,0.7,0.1,0.06579427117924494,0.07057237170887137,0,412,109
HM+ST,ctid,stockpile,46,100,0.1,0.7,0.2,0.0645835055497566,0.06692204838859517,0,412,109
HM+ST,ctid,stockpile,46,100,0.0,0.7,0.3,0.06133830378389694,0.05931351849126485,0,412,109
HM+ST,ctid,stockpile,46,100,0.2,0.8,0.0,0.05954734347162662,0.06283920964178602,0,412,109
HM+ST,ctid,stockpile,46,100,0.1,0.8,0.1,0.060718903134669114,0.06494596778696,0,412,109
HM+ST,ctid,stockpile,46,100,0.0,0.8,0.2,0.03622544765769223,0.05067467063328694,0,412,109
HM+ST,ctid,stockpile,46,100,0.1,0.9,0.0,0.03343523155796175,0.05437446925851928,0,412,109
HM+ST,ctid,stockpile,46,100,0.0,0.9,0.1,0.03716716844297706,0.05281316036094306,0,412,109
HM+ST,ctid,stockpile,46,100,0.0,1.0,0.0,0.031053550175276477,0.05285116417196402,0,412,109
HM+ST,ctid,stockpile,46,20,1.0,0.0,0.0,0.13151197789953584,0.10532388305352063,0,412,109
HM+ST,ctid,stockpile,46,20,0.9,0.0,0.1,0.13363484632412365,0.10498726373403702,0,412,109
HM+ST,ctid,stockpile,46,20,0.8,0.0,0.2,0.13716097678620248,0.10232370808375883,0,412,109
HM+ST,ctid,stockpile,46,20,0.7,0.0,0.3,0.13914384170105495,0.10139327869456416,0,412,109
HM+ST,ctid,stockpile,46,20,0.6,0.0,0.4,0.1424634350433727,0.09940345772092564,0,412,109
HM+ST,ctid,stockpile,46,20,0.5,0.0,0.5,0.14339350982781746,0.09955241871302405,0,412,109
HM+ST,ctid,stockpile,46,20,0.4,0.0,0.6,0.1442930854946878,0.0991013289816245,0,412,109
HM+ST,ctid,stockpile,46,20,0.3,0.0,0.7,0.13307650210041405,0.09354187675084433,0,412,109
HM+ST,ctid,stockpile,46,20,0.2,0.0,0.8,0.11299949501655639,0.0824690489801879,0,412,109
HM+ST,ctid,stockpile,46,20,0.1,0.0,0.9,0.12030067275556323,0.08562426739887562,0,412,109
HM+ST,ctid,stockpile,46,20,0.0,0.0,1.0,0.01652605476954228,0.021884687257427662,0,412,109
HM+ST,ctid,stockpile,46,20,0.9,0.1,0.0,0.1395395752794187,0.10440395466678454,0,412,109
HM+ST,ctid,stockpile,46,20,0.8,0.1,0.1,0.1462011556292267,0.10919916351624945,0,412,109
HM+ST,ctid,stockpile,46,20,0.7,0.1,0.2,0.14461135780908965,0.10762677357539885,0,412,109
HM+ST,ctid,stockpile,46,20,0.6,0.1,0.3,0.1497178423127742,0.10144877504386936,0,412,109
HM+ST,ctid,stockpile,46,20,0.5,0.1,0.4,0.1387370550418088,0.09818963608710606,0,412,109
HM+ST,ctid,stockpile,46,20,0.4,0.1,0.5,0.14010767689614012,0.09849298504051954,0,412,109
HM+ST,ctid,stockpile,46,20,0.3,0.1,0.6,0.14655934616687805,0.0991830403624474,0,412,109
HM+ST,ctid,stockpile,46,20,0.2,0.1,0.7,0.13892270122625075,0.09594782578222194,0,412,109
HM+ST,ctid,stockpile,46,20,0.1,0.1,0.8,0.1235992007119831,0.08745083547397334,0,412,109
HM+ST,ctid,stockpile,46,20,0.0,0.1,0.9,0.10132902640074087,0.07652524589583651,0,412,109
HM+ST,ctid,stockpile,46,20,0.8,0.2,0.0,0.12061996810274882,0.09653060411595736,0,412,109
HM+ST,ctid,stockpile,46,20,0.7,0.2,0.1,0.12303556536301928,0.10392540190632885,0,412,109
HM+ST,ctid,stockpile,46,20,0.6,0.2,0.2,0.14156034568244735,0.10367513456388996,0,412,109
HM+ST,ctid,stockpile,46,20,0.5,0.2,0.3,0.13616776130396943,0.0981850081763426,0,412,109
HM+ST,ctid,stockpile,46,20,0.4,0.2,0.4,0.11349548151666639,0.08902840447513002,0,412,109
HM+ST,ctid,stockpile,46,20,0.3,0.2,0.5,0.11886544532517489,0.09105169786494506,0,412,109
HM+ST,ctid,stockpile,46,20,0.2,0.2,0.6,0.11998265151288383,0.08634209698713183,0,412,109
HM+ST,ctid,stockpile,46,20,0.1,0.2,0.7,0.11033957679821996,0.08204310116202242,0,412,109
HM+ST,ctid,stockpile,46,20,0.0,0.2,0.8,0.09811028694450859,0.07463837539142987,0,412,109
HM+ST,ctid,stockpile,46,20,0.7,0.3,0.0,0.10523843969551995,0.09243884805813281,0,412,109
HM+ST,ctid,stockpile,46,20,0.6,0.3,0.1,0.11260530479511097,0.0903418222980832,0,412,109
HM+ST,ctid,stockpile,46,20,0.5,0.3,0.2,0.11063140869532478,0.09083772338967495,0,412,109
HM+ST,ctid,stockpile,46,20,0.4,0.3,0.3,0.11068689494523427,0.08653078959984697,0,412,109
HM+ST,ctid,stockpile,46,20,0.3,0.3,0.4,0.12312169015343714,0.08806244224150994,0,412,109
HM+ST,ctid,stockpile,46,20,0.2,0.3,0.5,0.11612201741123333,0.08477087399722043,0,412,109
HM+ST,ctid,stockpile,46,20,0.1,0.3,0.6,0.10651778933434099,0.07828352187585219,0,412,109
HM+ST,ctid,stockpile,46,20,0.0,0.3,0.7,0.08316752775202445,0.06902174184386259,0,412,109
HM+ST,ctid,stockpile,46,20,0.6,0.4,0.0,0.10445679029754938,0.08827106773859855,0,412,109
HM+ST,ctid,stockpile,46,20,0.5,0.4,0.1,0.11171933724539355,0.08953287159604315,0,412,109
HM+ST,ctid,stockpile,46,20,0.4,0.4,0.2,0.1077498416181063,0.08985224972919041,0,412,109
HM+ST,ctid,stockpile,46,20,0.3,0.4,0.3,0.10833127482196989,0.08377368332834792,0,412,109
HM+ST,ctid,stockpile,46,20,0.2,0.4,0.4,0.10602996766994657,0.0807281883389272,0,412,109
HM+ST,ctid,stockpile,46,20,0.1,0.4,0.5,0.10105945387686087,0.07666374173361427,0,412,109
HM+ST,ctid,stockpile,46,20,0.0,0.4,0.6,0.09811307917402479,0.07238633114620785,0,412,109
HM+ST,ctid,stockpile,46,20,0.5,0.5,0.0,0.10159824838872682,0.0867179484484486,0,412,109
HM+ST,ctid,stockpile,46,20,0.4,0.5,0.1,0.10686133161995519,0.08787184983015324,0,412,109
HM+ST,ctid,stockpile,46,20,0.3,0.5,0.2,0.09614585559091947,0.08448018217178302,0,412,109
HM+ST,ctid,stockpile,46,20,0.2,0.5,0.3,0.09879228747784284,0.07991339434368888,0,412,109
HM+ST,ctid,stockpile,46,20,0.1,0.5,0.4,0.09052568418985255,0.07339589217416002,0,412,109
HM+ST,ctid,stockpile,46,20,0.0,0.5,0.5,0.07351126478148058,0.061124748856792734,0,412,109
HM+ST,ctid,stockpile,46,20,0.4,0.6,0.0,0.07479296014774395,0.0776557026730822,0,412,109
HM+ST,ctid,stockpile,46,20,0.3,0.6,0.1,0.09288270484203286,0.08003477387347249,0,412,109
HM+ST,ctid,stockpile,46,20,0.2,0.6,0.2,0.06894964427484895,0.07383419386182213,0,412,109
HM+ST,ctid,stockpile,46,20,0.1,0.6,0.3,0.07169214396559968,0.06931664886416997,0,412,109
HM+ST,ctid,stockpile,46,20,0.0,0.6,0.4,0.06326803883808373,0.060059377666504786,0,412,109
HM+ST,ctid,stockpile,46,20,0.3,0.7,0.0,0.06647706828372739,0.06663704552579663,0,412,109
HM+ST,ctid,stockpile,46,20,0.2,0.7,0.1,0.06453261470857369,0.06601216685573734,0,412,109
HM+ST,ctid,stockpile,46,20,0.1,0.7,0.2,0.06963579385259053,0.06540575763057538,0,412,109
HM+ST,ctid,stockpile,46,20,0.0,0.7,0.3,0.06792339021523308,0.0633645441766615,0,412,109
HM+ST,ctid,stockpile,46,20,0.2,0.8,0.0,0.06312662777168719,0.06374769085903953,0,412,109
HM+ST,ctid,stockpile,46,20,0.1,0.8,0.1,0.06338237799398744,0.06278994867744508,0,412,109
HM+ST,ctid,stockpile,46,20,0.0,0.8,0.2,0.06948344483083886,0.06391148371581304,0,412,109
HM+ST,ctid,stockpile,46,20,0.1,0.9,0.0,0.06349964701263151,0.062493278189076185,0,412,109
HM+ST,ctid,stockpile,46,20,0.0,0.9,0.1,0.06375079115977672,0.06213476148018867,0,412,109
HM+ST,ctid,stockpile,46,20,0.0,1.0,0.0,0.06349964701263151,0.062624718599025,0,412,109
HM+ST,ctid,stockpile,46,40,1.0,0.0,0.0,0.13151197789953584,0.10532388305352063,0,412,109
HM+ST,ctid,stockpile,46,40,0.9,0.0,0.1,0.13363484632412365,0.10498726373403702,0,412,109
HM+ST,ctid,stockpile,46,40,0.8,0.0,0.2,0.13716097678620248,0.10232370808375883,0,412,109
HM+ST,ctid,stockpile,46,40,0.7,0.0,0.3,0.13914384170105495,0.10139327869456416,0,412,109
HM+ST,ctid,stockpile,46,40,0.6,0.0,0.4,0.1424634350433727,0.09940345772092564,0,412,109
HM+ST,ctid,stockpile,46,40,0.5,0.0,0.5,0.14339350982781746,0.09955241871302405,0,412,109
HM+ST,ctid,stockpile,46,40,0.4,0.0,0.6,0.1442930854946878,0.0991013289816245,0,412,109
HM+ST,ctid,stockpile,46,40,0.3,0.0,0.7,0.13307650210041405,0.09354187675084433,0,412,109
HM+ST,ctid,stockpile,46,40,0.2,0.0,0.8,0.11299949501655639,0.0824690489801879,0,412,109
HM+ST,ctid,stockpile,46,40,0.1,0.0,0.9,0.12030067275556323,0.08562426739887562,0,412,109
HM+ST,ctid,stockpile,46,40,0.0,0.0,1.0,0.01652605476954228,0.021884687257427662,0,412,109
HM+ST,ctid,stockpile,46,40,0.9,0.1,0.0,0.1329154788840275,0.10414028527727175,0,412,109
HM+ST,ctid,stockpile,46,40,0.8,0.1,0.1,0.1453851572005046,0.10979492500818744,0,412,109
HM+ST,ctid,stockpile,46,40,0.7,0.1,0.2,0.14652768451274148,0.1078932355379841,0,412,109
HM+ST,ctid,stockpile,46,40,0.6,0.1,0.3,0.1466261263481555,0.10145824781174509,0,412,109
HM+ST,ctid,stockpile,46,40,0.5,0.1,0.4,0.1409913717004075,0.09744571988520952,0,412,109
HM+ST,ctid,stockpile,46,40,0.4,0.1,0.5,0.13816570342409082,0.09695331583036859,0,412,109
HM+ST,ctid,stockpile,46,40,0.3,0.1,0.6,0.14182867903072993,0.09724715037587114,0,412,109
HM+ST,ctid,stockpile,46,40,0.2,0.1,0.7,0.13922101619268107,0.09631052829218116,0,412,109
HM+ST,ctid,stockpile,46,40,0.1,0.1,0.8,0.11869735235041129,0.0862912199882301,0,412,109
HM+ST,ctid,stockpile,46,40,0.0,0.1,0.9,0.1011658242382879,0.07561735224222654,0,412,109
HM+ST,ctid,stockpile,46,40,0.8,0.2,0.0,0.11297026154818998,0.09735717301595644,0,412,109
HM+ST,ctid,stockpile,46,40,0.7,0.2,0.1,0.14342448348300996,0.10967612693211268,0,412,109
HM+ST,ctid,stockpile,46,40,0.6,0.2,0.2,0.1372873882069908,0.10515796669974067,0,412,109
HM+ST,ctid,stockpile,46,40,0.5,0.2,0.3,0.13823352457672325,0.0982809780074823,0,412,109
HM+ST,ctid,stockpile,46,40,0.4,0.2,0.4,0.1349521958272072,0.09650257377597661,0,412,109
HM+ST,ctid,stockpile,46,40,0.3,0.2,0.5,0.14130849881207072,0.0936032243678301,0,412,109
HM+ST,ctid,stockpile,46,40,0.2,0.2,0.6,0.14052509851392758,0.08976055358596803,0,412,109
HM+ST,ctid,stockpile,46,40,0.1,0.2,0.7,0.10637466899019062,0.07891127544990763,0,412,109
HM+ST,ctid,stockpile,46,40,0.0,0.2,0.8,0.09661151496283865,0.07469459230577533,0,412,109
HM+ST,ctid,stockpile,46,40,0.7,0.3,0.0,0.10609479505840656,0.0922530311474256,0,412,109
HM+ST,ctid,stockpile,46,40,0.6,0.3,0.1,0.1150156205525661,0.09215509097809985,0,412,109
HM+ST,ctid,stockpile,46,40,0.5,0.3,0.2,0.11776882725935198,0.09301827109942004,0,412,109
HM+ST,ctid,stockpile,46,40,0.4,0.3,0.3,0.11464515173693741,0.0934261236057336,0,412,109
HM+ST,ctid,stockpile,46,40,0.3,0.3,0.4,0.11799331299024803,0.0872966596798773,0,412,109
HM+ST,ctid,stockpile,46,40,0.2,0.3,0.5,0.11904279112420108,0.08652906665790047,0,412,109
HM+ST,ctid,stockpile,46,40,0.1,0.3,0.6,0.11297084163697979,0.08362726938279061,0,412,109
HM+ST,ctid,stockpile,46,40,0.0,0.3,0.7,0.09647049649479193,0.07174232306649578,0,412,109
HM+ST,ctid,stockpile,46,40,0.6,0.4,0.0,0.1048004301478855,0.09142850606097933,0,412,109
HM+ST,ctid,stockpile,46,40,0.5,0.4,0.1,0.11329548653961909,0.09129360657500692,0,412,109
HM+ST,ctid,stockpile,46,40,0.4,0.4,0.2,0.1127766777505786,0.09009440890996726,0,412,109
HM+ST,ctid,stockpile,46,40,0.3,0.4,0.3,0.11137061176514594,0.09056453163453383,0,412,109
HM+ST,ctid,stockpile,46,40,0.2,0.4,0.4,0.11986245577911711,0.08690346775185621,0,412,109
HM+ST,ctid,stockpile,46,40,0.1,0.4,0.5,0.10419636935460173,0.07957504405906876,0,412,109
HM+ST,ctid,stockpile,46,40,0.0,0.4,0.6,0.09120401084930038,0.06946202629074785,0,412,109
HM+ST,ctid,stockpile,46,40,0.5,0.5,0.0,0.10426472875922395,0.08979157776396304,0,412,109
HM+ST,ctid,stockpile,46,40,0.4,0.5,0.1,0.11117173474334427,0.08989861432466525,0,412,109
HM+ST,ctid,stockpile,46,40,0.3,0.5,0.2,0.10893524282400467,0.0899888868045426,0,412,109
HM+ST,ctid,stockpile,46,40,0.2,0.5,0.3,0.11012807884575529,0.08675553058977706,0,412,109
HM+ST,ctid,stockpile,46,40,0.1,0.5,0.4,0.10100041728079275,0.07870662215934827,0,412,109
HM+ST,ctid,stockpile,46,40,0.0,0.5,0.5,0.09971952788177374,0.06761578843796326,0,412,109
HM+ST,ctid,stockpile,46,40,0.4,0.6,0.0,0.10290281342512886,0.0881541949104075,0,412,109
HM+ST,ctid,stockpile,46,40,0.3,0.6,0.1,0.1031095136483006,0.08493820545916309,0,412,109
HM+ST,ctid,stockpile,46,40,0.2,0.6,0.2,0.09947633576603954,0.08381598036099137,0,412,109
HM+ST,ctid,stockpile,46,40,0.1,0.6,0.3,0.09751983710473121,0.08163319754627656,0,412,109
HM+ST,ctid,stockpile,46,40,0.0,0.6,0.4,0.07200240209702277,0.06465194018859516,0,412,109
HM+ST,ctid,stockpile,46,40,0.3,0.7,0.0,0.07540322882430522,0.07539989431423771,0,412,109
HM+ST,ctid,stockpile,46,40,0.2,0.7,0.1,0.08838889044990751,0.07528707056203712,0,412,109
HM+ST,ctid,stockpile,46,40,0.1,0.7,0.2,0.07156563604592704,0.07037588299872402,0,412,109
HM+ST,ctid,stockpile,46,40,0.0,0.7,0.3,0.0667608893703697,0.06598090812909646,0,412,109
HM+ST,ctid,stockpile,46,40,0.2,0.8,0.0,0.06365944733913614,0.06739649292767538,0,412,109
HM+ST,ctid,stockpile,46,40,0.1,0.8,0.1,0.06258518712229379,0.06599086122461602,0,412,109
HM+ST,ctid,stockpile,46,40,0.0,0.8,0.2,0.06630763482026898,0.06361011845422343,0,412,109
HM+ST,ctid,stockpile,46,40,0.1,0.9,0.0,0.06365944733913614,0.06477907053498438,0,412,109
HM+ST,ctid,stockpile,46,40,0.0,0.9,0.1,0.06260268562155127,0.0626062657439272,0,412,109
HM+ST,ctid,stockpile,46,40,0.0,1.0,0.0,0.06435549197468839,0.0637322533992606,0,412,109
HM+ST,ctid,stockpile,46,60,1.0,0.0,0.0,0.13151197789953584,0.10532388305352063,0,412,109
HM+ST,ctid,stockpile,46,60,0.9,0.0,0.1,0.13363484632412365,0.10498726373403702,0,412,109
HM+ST,ctid,stockpile,46,60,0.8,0.0,0.2,0.13716097678620248,0.10232370808375883,0,412,109
HM+ST,ctid,stockpile,46,60,0.7,0.0,0.3,0.13914384170105495,0.10139327869456416,0,412,109
HM+ST,ctid,stockpile,46,60,0.6,0.0,0.4,0.1424634350433727,0.09940345772092564,0,412,109
HM+ST,ctid,stockpile,46,60,0.5,0.0,0.5,0.14339350982781746,0.09955241871302405,0,412,109
HM+ST,ctid,stockpile,46,60,0.4,0.0,0.6,0.1442930854946878,0.0991013289816245,0,412,109
HM+ST,ctid,stockpile,46,60,0.3,0.0,0.7,0.13307650210041405,0.09354187675084433,0,412,109
HM+ST,ctid,stockpile,46,60,0.2,0.0,0.8,0.11299949501655639,0.0824690489801879,0,412,109
HM+ST,ctid,stockpile,46,60,0.1,0.0,0.9,0.12030067275556323,0.08562426739887562,0,412,109
HM+ST,ctid,stockpile,46,60,0.0,0.0,1.0,0.01652605476954228,0.021884687257427662,0,412,109
HM+ST,ctid,stockpile,46,60,0.9,0.1,0.0,0.1323982657998755,0.10351847491809614,0,412,109
HM+ST,ctid,stockpile,46,60,0.8,0.1,0.1,0.14513126147256394,0.1101319076464173,0,412,109
HM+ST,ctid,stockpile,46,60,0.7,0.1,0.2,0.14652768451274148,0.10796414137850478,0,412,109
HM+ST,ctid,stockpile,46,60,0.6,0.1,0.3,0.15101867658462392,0.10217998750305313,0,412,109
HM+ST,ctid,stockpile,46,60,0.5,0.1,0.4,0.14061269905109214,0.0981153761977245,0,412,109
HM+ST,ctid,stockpile,46,60,0.4,0.1,0.5,0.13621266990941092,0.09661352867579052,0,412,109
HM+ST,ctid,stockpile,46,60,0.3,0.1,0.6,0.13482226654323773,0.09630745367658908,0,412,109
HM+ST,ctid,stockpile,46,60,0.2,0.1,0.7,0.13596714840615143,0.09259199416307845,0,412,109
HM+ST,ctid,stockpile,46,60,0.1,0.1,0.8,0.1184900298517036,0.08482364774751991,0,412,109
HM+ST,ctid,stockpile,46,60,0.0,0.1,0.9,0.09244886921027723,0.07202615315330205,0,412,109
HM+ST,ctid,stockpile,46,60,0.8,0.2,0.0,0.11362596025924683,0.09863226595010315,0,412,109
HM+ST,ctid,stockpile,46,60,0.7,0.2,0.1,0.14348741778709972,0.11026351363061268,1,412,109
HM+ST,ctid,stockpile,46,60,0.6,0.2,0.2,0.13221680342986866,0.10274434106775762,0,412,109
HM+ST,ctid,stockpile,46,60,0.5,0.2,0.3,0.13478579337295227,0.09831518571566664,0,412,109
HM+ST,ctid,stockpile,46,60,0.4,0.2,0.4,0.13166694268057155,0.09450013841230506,0,412,109
HM+ST,ctid,stockpile,46,60,0.3,0.2,0.5,0.1407825002311181,0.09746520758843767,0,412,109
HM+ST,ctid,stockpile,46,60,0.2,0.2,0.6,0.11472790975393687,0.08838366814360936,0,412,109
HM+ST,ctid,stockpile,46,60,0.1,0.2,0.7,0.09652854135711791,0.0741529375316157,0,412,109
HM+ST,ctid,stockpile,46,60,0.0,0.2,0.8,0.08637387282062453,0.06466744841128773,0,412,109
HM+ST,ctid,stockpile,46,60,0.7,0.3,0.0,0.10394817593577528,0.09078174084058463,0,412,109
HM+ST,ctid,stockpile,46,60,0.6,0.3,0.1,0.10564568073925847,0.09182075247590685,0,412,109
HM+ST,ctid,stockpile,46,60,0.5,0.3,0.2,0.1146850246198503,0.09261693784999003,0,412,109
HM+ST,ctid,stockpile,46,60,0.4,0.3,0.3,0.11291010255917401,0.08822281356319721,0,412,109
HM+ST,ctid,stockpile,46,60,0.3,0.3,0.4,0.12514806680255944,0.08706699896264457,0,412,109
HM+ST,ctid,stockpile,46,60,0.2,0.3,0.5,0.11807430969166288,0.08512589401297838,0,412,109
HM+ST,ctid,stockpile,46,60,0.1,0.3,0.6,0.10753656727360428,0.08038996181391558,0,412,109
HM+ST,ctid,stockpile,46,60,0.0,0.3,0.7,0.08023844119166114,0.0679910258292302,0,412,109
HM+ST,ctid,stockpile,46,60,0.6,0.4,0.0,0.1058173111706061,0.09094375575401913,0,412,109
HM+ST,ctid,stockpile,46,60,0.5,0.4,0.1,0.1098607623455327,0.09169719630021245,0,412,109
HM+ST,ctid,stockpile,46,60,0.4,0.4,0.2,0.11334002945488691,0.0900245652214877,0,412,109
HM+ST,ctid,stockpile,46,60,0.3,0.4,0.3,0.11971360043993409,0.0901088309907007,0,412,109
HM+ST,ctid,stockpile,46,60,0.2,0.4,0.4,0.12085209456144749,0.08703919022522093,0,412,109
HM+ST,ctid,stockpile,46,60,0.1,0.4,0.5,0.10801666871192868,0.07893400168699652,0,412,109
HM+ST,ctid,stockpile,46,60,0.0,0.4,0.6,0.08363936128541824,0.06503633209821133,0,412,109
HM+ST,ctid,stockpile,46,60,0.5,0.5,0.0,0.1039428946173973,0.0918293963787354,0,412,109
HM+ST,ctid,stockpile,46,60,0.4,0.5,0.1,0.1129746397712774,0.09196399543201973,0,412,109
HM+ST,ctid,stockpile,46,60,0.3,0.5,0.2,0.11163682681296595,0.08967609424425013,0,412,109
HM+ST,ctid,stockpile,46,60,0.2,0.5,0.3,0.10596821170667194,0.08651884838964422,0,412,109
HM+ST,ctid,stockpile,46,60,0.1,0.5,0.4,0.10038422171594805,0.07692809189926765,0,412,109
HM+ST,ctid,stockpile,46,60,0.0,0.5,0.5,0.09310118556468706,0.06663789993040647,0,412,109
HM+ST,ctid,stockpile,46,60,0.4,0.6,0.0,0.10558895264117012,0.08979618617840057,0,412,109
HM+ST,ctid,stockpile,46,60,0.3,0.6,0.1,0.10267710614047475,0.08754175365115036,0,412,109
HM+ST,ctid,stockpile,46,60,0.2,0.6,0.2,0.10271689237361993,0.08473290749002257,0,412,109
HM+ST,ctid,stockpile,46,60,0.1,0.6,0.3,0.09456074545707781,0.08068365058390585,0,412,109
HM+ST,ctid,stockpile,46,60,0.0,0.6,0.4,0.08205038635539225,0.06641684000458492,0,412,109
HM+ST,ctid,stockpile,46,60,0.3,0.7,0.0,0.09644320353012371,0.08538385644894356,0,412,109
HM+ST,ctid,stockpile,46,60,0.2,0.7,0.1,0.09383450989217754,0.08195542410543852,0,412,109
HM+ST,ctid,stockpile,46,60,0.1,0.7,0.2,0.07082383785879835,0.0741214956213883,0,412,109
HM+ST,ctid,stockpile,46,60,0.0,0.7,0.3,0.0804884636530522,0.06810122130707671,0,412,109
HM+ST,ctid,stockpile,46,60,0.2,0.8,0.0,0.06823985742824748,0.07332693337335705,0,412,109
HM+ST,ctid,stockpile,46,60,0.1,0.8,0.1,0.06832202664275726,0.06886742564229209,0,412,109
HM+ST,ctid,stockpile,46,60,0.0,0.8,0.2,0.05790611998827716,0.060848177879072485,0,412,109
HM+ST,ctid,stockpile,46,60,0.1,0.9,0.0,0.062270927764068375,0.06467566836716664,0,412,109
HM+ST,ctid,stockpile,46,60,0.0,0.9,0.1,0.05422707923632511,0.058004243479169694,0,412,109
HM+ST,ctid,stockpile,46,60,0.0,1.0,0.0,0.057866579765624634,0.057485137560333154,0,412,109
HM+ST,ctid,stockpile,46,80,1.0,0.0,0.0,0.13151197789953584,0.10532388305352063,0,412,109
HM+ST,ctid,stockpile,46,80,0.9,0.0,0.1,0.13363484632412365,0.10498726373403702,0,412,109
HM+ST,ctid,stockpile,46,80,0.8,0.0,0.2,0.13716097678620248,0.10232370808375883,0,412,109
HM+ST,ctid,stockpile,46,80,0.7,0.0,0.3,0.13914384170105495,0.10139327869456416,0,412,109
HM+ST,ctid,stockpile,46,80,0.6,0.0,0.4,0.1424634350433727,0.09940345772092564,0,412,109
HM+ST,ctid,stockpile,46,80,0.5,0.0,0.5,0.14339350982781746,0.09955241871302405,0,412,109
HM+ST,ctid,stockpile,46,80,0.4,0.0,0.6,0.1442930854946878,0.0991013289816245,0,412,109
HM+ST,ctid,stockpile,46,80,0.3,0.0,0.7,0.13307650210041405,0.09354187675084433,0,412,109
HM+ST,ctid,stockpile,46,80,0.2,0.0,0.8,0.11299949501655639,0.0824690489801879,0,412,109
HM+ST,ctid,stockpile,46,80,0.1,0.0,0.9,0.12030067275556323,0.08562426739887562,0,412,109
HM+ST,ctid,stockpile,46,80,0.0,0.0,1.0,0.01652605476954228,0.021884687257427662,0,412,109
HM+ST,ctid,stockpile,46,80,0.9,0.1,0.0,0.1315415433198579,0.1019619768848534,0,412,109
HM+ST,ctid,stockpile,46,80,0.8,0.1,0.1,0.13774308663794357,0.10675588492724095,0,412,109
HM+ST,ctid,stockpile,46,80,0.7,0.1,0.2,0.1434860393204907,0.10642155286583513,0,412,109
HM+ST,ctid,stockpile,46,80,0.6,0.1,0.3,0.14344204593081233,0.10095220023742901,0,412,109
HM+ST,ctid,stockpile,46,80,0.5,0.1,0.4,0.14171401716444185,0.09746754412072538,0,412,109
HM+ST,ctid,stockpile,46,80,0.4,0.1,0.5,0.1312087946797528,0.09603196786516796,0,412,109
HM+ST,ctid,stockpile,46,80,0.3,0.1,0.6,0.13334241794831486,0.09568048900332514,0,412,109
HM+ST,ctid,stockpile,46,80,0.2,0.1,0.7,0.11881480345131099,0.08489775202236668,0,412,109
HM+ST,ctid,stockpile,46,80,0.1,0.1,0.8,0.10701292238913022,0.07872225399709158,0,412,109
HM+ST,ctid,stockpile,46,80,0.0,0.1,0.9,0.0829411733705083,0.06882926291893049,0,412,109
HM+ST,ctid,stockpile,46,80,0.8,0.2,0.0,0.11264786772812113,0.09594043292788636,0,412,109
HM+ST,ctid,stockpile,46,80,0.7,0.2,0.1,0.13834010405830272,0.10816911400759896,0,412,109
HM+ST,ctid,stockpile,46,80,0.6,0.2,0.2,0.13148503606144554,0.10094403899979869,0,412,109
HM+ST,ctid,stockpile,46,80,0.5,0.2,0.3,0.1272233303852754,0.09284495583454584,0,412,109
HM+ST,ctid,stockpile,46,80,0.4,0.2,0.4,0.12120026276729413,0.08920407780116879,0,412,109
HM+ST,ctid,stockpile,46,80,0.3,0.2,0.5,0.1170507755219819,0.08815980038266372,0,412,109
HM+ST,ctid,stockpile,46,80,0.2,0.2,0.6,0.09638927066452921,0.07722477236023208,0,412,109
HM+ST,ctid,stockpile,46,80,0.1,0.2,0.7,0.07958097719634731,0.06683509744182208,0,412,109
HM+ST,ctid,stockpile,46,80,0.0,0.2,0.8,0.06198798952505305,0.05866398711301679,0,412,109
HM+ST,ctid,stockpile,46,80,0.7,0.3,0.0,0.09735682297111985,0.08926809474727293,0,412,109
HM+ST,ctid,stockpile,46,80,0.6,0.3,0.1,0.10495864662652922,0.09047628463510618,0,412,109
HM+ST,ctid,stockpile,46,80,0.5,0.3,0.2,0.11149293833923973,0.092767275295214,0,412,109
HM+ST,ctid,stockpile,46,80,0.4,0.3,0.3,0.10454133713884602,0.08555972164838355,0,412,109
HM+ST,ctid,stockpile,46,80,0.3,0.3,0.4,0.1079285418595236,0.08199499262176799,0,412,109
HM+ST,ctid,stockpile,46,80,0.2,0.3,0.5,0.10405541782356131,0.07487548688720772,0,412,109
HM+ST,ctid,stockpile,46,80,0.1,0.3,0.6,0.08499377057293613,0.06903088330304231,0,412,109
HM+ST,ctid,stockpile,46,80,0.0,0.3,0.7,0.06241514104942693,0.058076491680676065,0,412,109
HM+ST,ctid,stockpile,46,80,0.6,0.4,0.0,0.10111426253128293,0.09211528966222156,0,412,109
HM+ST,ctid,stockpile,46,80,0.5,0.4,0.1,0.10234338861961788,0.08816789239867542,0,412,109
HM+ST,ctid,stockpile,46,80,0.4,0.4,0.2,0.10145988362229928,0.0870569622567209,0,412,109
HM+ST,ctid,stockpile,46,80,0.3,0.4,0.3,0.10541311400887804,0.08624828054452763,0,412,109
HM+ST,ctid,stockpile,46,80,0.2,0.4,0.4,0.10438373979298045,0.08040401303547288,0,412,109
HM+ST,ctid,stockpile,46,80,0.1,0.4,0.5,0.08073841653227613,0.06660833402953359,0,412,109
HM+ST,ctid,stockpile,46,80,0.0,0.4,0.6,0.05726703888050649,0.0546884399868716,0,412,109
HM+ST,ctid,stockpile,46,80,0.5,0.5,0.0,0.10476666234398568,0.08876434568999206,0,412,109
HM+ST,ctid,stockpile,46,80,0.4,0.5,0.1,0.10694430660299536,0.08635674227265952,0,412,109
HM+ST,ctid,stockpile,46,80,0.3,0.5,0.2,0.1017823720442756,0.08344202233852188,0,412,109
HM+ST,ctid,stockpile,46,80,0.2,0.5,0.3,0.10310383930843467,0.08427493923061685,0,412,109
HM+ST,ctid,stockpile,46,80,0.1,0.5,0.4,0.07808611325235075,0.06702107699971954,0,412,109
HM+ST,ctid,stockpile,46,80,0.0,0.5,0.5,0.06374695915372794,0.056573218319961274,0,412,109
HM+ST,ctid,stockpile,46,80,0.4,0.6,0.0,0.08959672539866742,0.08276739289240063,0,412,109
HM+ST,ctid,stockpile,46,80,0.3,0.6,0.1,0.09084363847756215,0.08009168393547819,0,412,109
HM+ST,ctid,stockpile,46,80,0.2,0.6,0.2,0.08800288599276229,0.07708926910877238,0,412,109
HM+ST,ctid,stockpile,46,80,0.1,0.6,0.3,0.08522576548564077,0.07185101201304714,0,412,109
HM+ST,ctid,stockpile,46,80,0.0,0.6,0.4,0.04874499537073791,0.05618613779709568,0,412,109
HM+ST,ctid,stockpile,46,80,0.3,0.7,0.0,0.08099960009132809,0.07874495250796876,0,412,109
HM+ST,ctid,stockpile,46,80,0.2,0.7,0.1,0.08187690978257516,0.07490712007482016,0,412,109
HM+ST,ctid,stockpile,46,80,0.1,0.7,0.2,0.07280859936535013,0.07145303339657993,0,412,109
HM+ST,ctid,stockpile,46,80,0.0,0.7,0.3,0.04547949704047632,0.059104831114609103,0,412,109
HM+ST,ctid,stockpile,46,80,0.2,0.8,0.0,0.057441098118953114,0.06820207471579848,0,412,109
HM+ST,ctid,stockpile,46,80,0.1,0.8,0.1,0.06830139929844568,0.06856093527300275,0,412,109
HM+ST,ctid,stockpile,46,80,0.0,0.8,0.2,0.042388305255724026,0.055732867032094166,0,412,109
HM+ST,ctid,stockpile,46,80,0.1,0.9,0.0,0.04115493724176227,0.058036750367296865,0,412,109
HM+ST,ctid,stockpile,46,80,0.0,0.9,0.1,0.041268010926059355,0.0550213440484386,0,412,109
HM+ST,ctid,stockpile,46,80,0.0,1.0,0.0,0.037588843448603464,0.05519968775804447,0,412,109
HM+ST,stockpile,attack_flow,42,100,1.0,0.0,0.0,0.18465453482102098,0.18306874644018506,0,263,412
HM+ST,stockpile,attack_flow,42,100,0.9,0.0,0.1,0.1788055332016913,0.17970028117707698,0,263,412
HM+ST,stockpile,attack_flow,42,100,0.8,0.0,0.2,0.17087554404653119,0.17640861955545847,0,263,412
HM+ST,stockpile,attack_flow,42,100,0.7,0.0,0.3,0.1617273832531289,0.1657647088279855,0,263,412
HM+ST,stockpile,attack_flow,42,100,0.6,0.0,0.4,0.14913432405044313,0.15369421870281308,0,263,412
HM+ST,stockpile,attack_flow,42,100,0.5,0.0,0.5,0.13932167816565155,0.14220419176844343,0,263,412
HM+ST,stockpile,attack_flow,42,100,0.4,0.0,0.6,0.11675409110259634,0.12444317276943458,0,263,412
HM+ST,stockpile,attack_flow,42,100,0.3,0.0,0.7,0.10624259259611032,0.10979832238350966,0,263,412
HM+ST,stockpile,attack_flow,42,100,0.2,0.0,0.8,0.09398128007582073,0.09668224081007579,0,263,412
HM+ST,stockpile,attack_flow,42,100,0.1,0.0,0.9,0.07478884270139642,0.07585143109954474,0,263,412
HM+ST,stockpile,attack_flow,42,100,0.0,0.0,1.0,0.018325913018086924,0.027984758145042532,0,263,412
HM+ST,stockpile,attack_flow,42,100,0.9,0.1,0.0,0.1825148516903168,0.1828871589415645,0,263,412
HM+ST,stockpile,attack_flow,42,100,0.8,0.1,0.1,0.17829500097858275,0.18074917389841164,0,263,412
HM+ST,stockpile,attack_flow,42,100,0.7,0.1,0.2,0.1713186127029805,0.177632443125288,0,263,412
HM+ST,stockpile,attack_flow,42,100,0.6,0.1,0.3,0.1606591420229579,0.16639109574235977,0,263,412
HM+ST,stockpile,attack_flow,42,100,0.5,0.1,0.4,0.150096908858852,0.15105242717311793,0,263,412
HM+ST,stockpile,attack_flow,42,100,0.4,0.1,0.5,0.1359947497574191,0.13877800728054004,0,263,412
HM+ST,stockpile,attack_flow,42,100,0.3,0.1,0.6,0.1112735769378838,0.12025524101853365,0,263,412
HM+ST,stockpile,attack_flow,42,100,0.2,0.1,0.7,0.09505861895732086,0.10388240626424514,0,263,412
HM+ST,stockpile,attack_flow,42,100,0.1,0.1,0.8,0.07932926942199377,0.08185985538638685,0,263,412
HM+ST,stockpile,attack_flow,42,100,0.0,0.1,0.9,0.03588308904483865,0.0585389508952737,0,263,412
HM+ST,stockpile,attack_flow,42,100,0.8,0.2,0.0,0.1835323006199281,0.1852555920331946,0,263,412
HM+ST,stockpile,attack_flow,42,100,0.7,0.2,0.1,0.17880539515355723,0.1817600157995952,0,263,412
HM+ST,stockpile,attack_flow,42,100,0.6,0.2,0.2,0.1685107669028808,0.17732484311416039,0,263,412
HM+ST,stockpile,attack_flow,42,100,0.5,0.2,0.3,0.15730013603315665,0.16488348383788037,0,263,412
HM+ST,stockpile,attack_flow,42,100,0.4,0.2,0.4,0.14305504303669508,0.14940104932398646,0,263,412
HM+ST,stockpile,attack_flow,42,100,0.3,0.2,0.5,0.12565108126981797,0.13445644869949333,0,263,412
HM+ST,stockpile,attack_flow,42,100,0.2,0.2,0.6,0.10514027994752743,0.11385189224224215,0,263,412
HM+ST,stockpile,attack_flow,42,100,0.1,0.2,0.7,0.08684631509241285,0.0963843418490807,0,263,412
HM+ST,stockpile,attack_flow,42,100,0.0,0.2,0.8,0.03631130863079909,0.06007083441743301,0,263,412
HM+ST,stockpile,attack_flow,42,100,0.7,0.3,0.0,0.1863074057011172,0.18688646210489707,0,263,412
HM+ST,stockpile,attack_flow,42,100,0.6,0.3,0.1,0.17893271860453638,0.18243633425558498,0,263,412
HM+ST,stockpile,attack_flow,42,100,0.5,0.3,0.2,0.16872746442258124,0.1747320916436143,0,263,412
HM+ST,stockpile,attack_flow,42,100,0.4,0.3,0.3,0.15617647122053946,0.16327216061347496,0,263,412
HM+ST,stockpile,attack_flow,42,100,0.3,0.3,0.4,0.14052386748848172,0.1463067427353827,0,263,412
HM+ST,stockpile,attack_flow,42,100,0.2,0.3,0.5,0.114188669898457,0.12804941392117933,0,263,412
HM+ST,stockpile,attack_flow,42,100,0.1,0.3,0.6,0.08765780266056203,0.10309222506292144,0,263,412
HM+ST,stockpile,attack_flow,42,100,0.0,0.3,0.7,0.04004069325543067,0.065992653900154,0,263,412
HM+ST,stockpile,attack_flow,42,100,0.6,0.4,0.0,0.18522721697968883,0.1867433093169257,0,263,412
HM+ST,stockpile,attack_flow,42,100,0.5,0.4,0.1,0.17901501073056314,0.18082620833177188,0,263,412
HM+ST,stockpile,attack_flow,42,100,0.4,0.4,0.2,0.16547297924089918,0.17295456894973943,0,263,412
HM+ST,stockpile,attack_flow,42,100,0.3,0.4,0.3,0.15369843410787204,0.16093833746039338,0,263,412
HM+ST,stockpile,attack_flow,42,100,0.2,0.4,0.4,0.1314136006376221,0.1399987955260838,0,263,412
HM+ST,stockpile,attack_flow,42,100,0.1,0.4,0.5,0.09712936743831829,0.1147460742767213,0,263,412
HM+ST,stockpile,attack_flow,42,100,0.0,0.4,0.6,0.04849309027619765,0.07761547099991535,0,263,412
HM+ST,stockpile,attack_flow,42,100,0.5,0.5,0.0,0.18599661298262746,0.18591767858897765,0,263,412
HM+ST,stockpile,attack_flow,42,100,0.4,0.5,0.1,0.17717118851696764,0.1799404744218795,0,263,412
HM+ST,stockpile,attack_flow,42,100,0.3,0.5,0.2,0.1639724804225853,0.17070010420109116,0,263,412
HM+ST,stockpile,attack_flow,42,100,0.2,0.5,0.3,0.14829822352981264,0.15546779772749497,0,263,412
HM+ST,stockpile,attack_flow,42,100,0.1,0.5,0.4,0.11285735939243771,0.13012433985306723,0,263,412
HM+ST,stockpile,attack_flow,42,100,0.0,0.5,0.5,0.06329404181273503,0.0918901299780305,0,263,412
HM+ST,stockpile,attack_flow,42,100,0.4,0.6,0.0,0.1847154395463849,0.18617096851070186,0,263,412
HM+ST,stockpile,attack_flow,42,100,0.3,0.6,0.1,0.1766844882552097,0.18127905579890102,0,263,412
HM+ST,stockpile,attack_flow,42,100,0.2,0.6,0.2,0.16249724984668568,0.16865690446227244,0,263,412
HM+ST,stockpile,attack_flow,42,100,0.1,0.6,0.3,0.12921529110798924,0.1467481081297153,0,263,412
HM+ST,stockpile,attack_flow,42,100,0.0,0.6,0.4,0.08547195996441587,0.11143502612180138,0,263,412
HM+ST,stockpile,attack_flow,42,100,0.3,0.7,0.0,0.18307654977685353,0.18652871144737268,0,263,412
HM+ST,stockpile,attack_flow,42,100,0.2,0.7,0.1,0.1755145770113621,0.17923185441760053,0,263,412
HM+ST,stockpile,attack_flow,42,100,0.1,0.7,0.2,0.14610069555029154,0.16320883830072358,0,263,412
HM+ST,stockpile,attack_flow,42,100,0.0,0.7,0.3,0.10503560569045647,0.1309632003217847,0,263,412
HM+ST,stockpile,attack_flow,42,100,0.2,0.8,0.0,0.17999685925951522,0.18590076127203553,0,263,412
HM+ST,stockpile,attack_flow,42,100,0.1,0.8,0.1,0.1606532283443764,0.17375848423949866,0,263,412
HM+ST,stockpile,attack_flow,42,100,0.0,0.8,0.2,0.12679789870042427,0.14929804678011588,0,263,412
HM+ST,stockpile,attack_flow,42,100,0.1,0.9,0.0,0.1696115505787409,0.17998332297472355,0,263,412
HM+ST,stockpile,attack_flow,42,100,0.0,0.9,0.1,0.1419565678986245,0.16368379651944426,0,263,412
HM+ST,stockpile,attack_flow,42,100,0.0,1.0,0.0,0.16111582915489964,0.17256291261080653,0,263,412
HM+ST,stockpile,attack_flow,42,20,1.0,0.0,0.0,0.18465453482102098,0.18306874644018506,0,263,412
HM+ST,stockpile,attack_flow,42,20,0.9,0.0,0.1,0.1788055332016913,0.17970028117707698,0,263,412
HM+ST,stockpile,attack_flow,42,20,0.8,0.0,0.2,0.17087554404653119,0.17640861955545847,0,263,412
HM+ST,stockpile,attack_flow,42,20,0.7,0.0,0.3,0.1617273832531289,0.1657647088279855,0,263,412
HM+ST,stockpile,attack_flow,42,20,0.6,0.0,0.4,0.14913432405044313,0.15369421870281308,0,263,412
HM+ST,stockpile,attack_flow,42,20,0.5,0.0,0.5,0.13932167816565155,0.14220419176844343,0,263,412
HM+ST,stockpile,attack_flow,42,20,0.4,0.0,0.6,0.11675409110259634,0.12444317276943458,0,263,412
HM+ST,stockpile,attack_flow,42,20,0.3,0.0,0.7,0.10624259259611032,0.10979832238350966,0,263,412
HM+ST,stockpile,attack_flow,42,20,0.2,0.0,0.8,0.09398128007582073,0.09668224081007579,0,263,412
HM+ST,stockpile,attack_flow,42,20,0.1,0.0,0.9,0.07478884270139642,0.07585143109954474,0,263,412
HM+ST,stockpile,attack_flow,42,20,0.0,0.0,1.0,0.018325913018086924,0.027984758145042532,0,263,412
HM+ST,stockpile,attack_flow,42,20,0.9,0.1,0.0,0.18433868722501817,0.18454841266848465,0,263,412
HM+ST,stockpile,attack_flow,42,20,0.8,0.1,0.1,0.18023243962334687,0.18371696761726308,0,263,412
HM+ST,stockpile,attack_flow,42,20,0.7,0.1,0.2,0.17351528985898396,0.17766624451929813,0,263,412
HM+ST,stockpile,attack_flow,42,20,0.6,0.1,0.3,0.16216209216505084,0.16634777198484416,0,263,412
HM+ST,stockpile,attack_flow,42,20,0.5,0.1,0.4,0.15146645653597532,0.15284441119681064,0,263,412
HM+ST,stockpile,attack_flow,42,20,0.4,0.1,0.5,0.13943326413824844,0.14056975001174005,0,263,412
HM+ST,stockpile,attack_flow,42,20,0.3,0.1,0.6,0.11627945211284886,0.12204129491206542,0,263,412
HM+ST,stockpile,attack_flow,42,20,0.2,0.1,0.7,0.09888459378949628,0.10555048039783603,0,263,412
HM+ST,stockpile,attack_flow,42,20,0.1,0.1,0.8,0.07594530589265065,0.0824459764875484,0,263,412
HM+ST,stockpile,attack_flow,42,20,0.0,0.1,0.9,0.03340465078287739,0.062138051244828685,0,263,412
HM+ST,stockpile,attack_flow,42,20,0.8,0.2,0.0,0.18697456980049862,0.1862013418970271,0,263,412
HM+ST,stockpile,attack_flow,42,20,0.7,0.2,0.1,0.18389213697406806,0.18461564155174928,0,263,412
HM+ST,stockpile,attack_flow,42,20,0.6,0.2,0.2,0.17382198001635257,0.17969972639066556,0,263,412
HM+ST,stockpile,attack_flow,42,20,0.5,0.2,0.3,0.1620160067619138,0.1652375813468458,0,263,412
HM+ST,stockpile,attack_flow,42,20,0.4,0.2,0.4,0.15327452201836736,0.15286150601976883,0,263,412
HM+ST,stockpile,attack_flow,42,20,0.3,0.2,0.5,0.13963903109777487,0.1376235634900309,0,263,412
HM+ST,stockpile,attack_flow,42,20,0.2,0.2,0.6,0.11136582409972436,0.11578399652733506,0,263,412
HM+ST,stockpile,attack_flow,42,20,0.1,0.2,0.7,0.08783470212840527,0.09749223005353226,0,263,412
HM+ST,stockpile,attack_flow,42,20,0.0,0.2,0.8,0.03920246305242362,0.06633255624425197,0,263,412
HM+ST,stockpile,attack_flow,42,20,0.7,0.3,0.0,0.1891476267343756,0.1876409411106154,0,263,412
HM+ST,stockpile,attack_flow,42,20,0.6,0.3,0.1,0.1852285271813098,0.1869943359995397,0,263,412
HM+ST,stockpile,attack_flow,42,20,0.5,0.3,0.2,0.1743343328169475,0.1790183531016906,0,263,412
HM+ST,stockpile,attack_flow,42,20,0.4,0.3,0.3,0.16524356610590038,0.1651351235564918,0,263,412
HM+ST,stockpile,attack_flow,42,20,0.3,0.3,0.4,0.150843837169712,0.15334628046104662,0,263,412
HM+ST,stockpile,attack_flow,42,20,0.2,0.3,0.5,0.1371586535986541,0.13349667645173763,0,263,412
HM+ST,stockpile,attack_flow,42,20,0.1,0.3,0.6,0.09558885551273733,0.11031034070793004,0,263,412
HM+ST,stockpile,attack_flow,42,20,0.0,0.3,0.7,0.052333072727221486,0.07402314545491241,0,263,412
HM+ST,stockpile,attack_flow,42,20,0.6,0.4,0.0,0.19295591730676,0.18964935214191023,0,263,412
HM+ST,stockpile,attack_flow,42,20,0.5,0.4,0.1,0.18969695696274458,0.18799452092069466,0,263,412
HM+ST,stockpile,attack_flow,42,20,0.4,0.4,0.2,0.17805999304015,0.17977095464363804,0,263,412
HM+ST,stockpile,attack_flow,42,20,0.3,0.4,0.3,0.16755165450328602,0.16644009761271875,0,263,412
HM+ST,stockpile,attack_flow,42,20,0.2,0.4,0.4,0.15039824854497005,0.1508954357589333,0,263,412
HM+ST,stockpile,attack_flow,42,20,0.1,0.4,0.5,0.11003912299219644,0.12115874276886926,0,263,412
HM+ST,stockpile,attack_flow,42,20,0.0,0.4,0.6,0.0859406495255568,0.10023243766693461,0,263,412
HM+ST,stockpile,attack_flow,42,20,0.5,0.5,0.0,0.19598147003525326,0.1913531756902958,0,263,412
HM+ST,stockpile,attack_flow,42,20,0.4,0.5,0.1,0.19012122624005456,0.18858795680803478,0,263,412
HM+ST,stockpile,attack_flow,42,20,0.3,0.5,0.2,0.18577515754418716,0.18171131048230088,0,263,412
HM+ST,stockpile,attack_flow,42,20,0.2,0.5,0.3,0.16749495788090027,0.16589771762295627,0,263,412
HM+ST,stockpile,attack_flow,42,20,0.1,0.5,0.4,0.13614503738577516,0.142498289820067,0,263,412
HM+ST,stockpile,attack_flow,42,20,0.0,0.5,0.5,0.10943321229508343,0.11899726608465351,0,263,412
HM+ST,stockpile,attack_flow,42,20,0.4,0.6,0.0,0.19787569481411157,0.19261942874845267,0,263,412
HM+ST,stockpile,attack_flow,42,20,0.3,0.6,0.1,0.19119874020996772,0.1912535320915782,0,263,412
HM+ST,stockpile,attack_flow,42,20,0.2,0.6,0.2,0.1833530846376346,0.18112745783972245,0,263,412
HM+ST,stockpile,attack_flow,42,20,0.1,0.6,0.3,0.15871061813484472,0.16417039360622704,0,263,412
HM+ST,stockpile,attack_flow,42,20,0.0,0.6,0.4,0.13551328785614844,0.14007417813505393,0,263,412
HM+ST,stockpile,attack_flow,42,20,0.3,0.7,0.0,0.19886371853757182,0.19349613341135302,0,263,412
HM+ST,stockpile,attack_flow,42,20,0.2,0.7,0.1,0.19459709695226787,0.19338992853530823,0,263,412
HM+ST,stockpile,attack_flow,42,20,0.1,0.7,0.2,0.1805737884332893,0.18130559454063427,0,263,412
HM+ST,stockpile,attack_flow,42,20,0.0,0.7,0.3,0.16099367390741837,0.1663541867254293,0,263,412
HM+ST,stockpile,attack_flow,42,20,0.2,0.8,0.0,0.1945811871770175,0.19476622906080937,0,263,412
HM+ST,stockpile,attack_flow,42,20,0.1,0.8,0.1,0.19368661074118074,0.19311257347948563,0,263,412
HM+ST,stockpile,attack_flow,42,20,0.0,0.8,0.2,0.18259232384818658,0.18632990082918197,0,263,412
HM+ST,stockpile,attack_flow,42,20,0.1,0.9,0.0,0.1954217633155032,0.19570305069185595,0,263,412
HM+ST,stockpile,attack_flow,42,20,0.0,0.9,0.1,0.1975312419116727,0.1961895164857295,0,263,412
HM+ST,stockpile,attack_flow,42,20,0.0,1.0,0.0,0.19914942630286367,0.19985174211432885,1,263,412
HM+ST,stockpile,attack_flow,42,40,1.0,0.0,0.0,0.18465453482102098,0.18306874644018506,0,263,412
HM+ST,stockpile,attack_flow,42,40,0.9,0.0,0.1,0.1788055332016913,0.17970028117707698,0,263,412
HM+ST,stockpile,attack_flow,42,40,0.8,0.0,0.2,0.17087554404653119,0.17640861955545847,0,263,412
HM+ST,stockpile,attack_flow,42,40,0.7,0.0,0.3,0.1617273832531289,0.1657647088279855,0,263,412
HM+ST,stockpile,attack_flow,42,40,0.6,0.0,0.4,0.14913432405044313,0.15369421870281308,0,263,412
HM+ST,stockpile,attack_flow,42,40,0.5,0.0,0.5,0.13932167816565155,0.14220419176844343,0,263,412
HM+ST,stockpile,attack_flow,42,40,0.4,0.0,0.6,0.11675409110259634,0.12444317276943458,0,263,412
HM+ST,stockpile,attack_flow,42,40,0.3,0.0,0.7,0.10624259259611032,0.10979832238350966,0,263,412
HM+ST,stockpile,attack_flow,42,40,0.2,0.0,0.8,0.09398128007582073,0.09668224081007579,0,263,412
HM+ST,stockpile,attack_flow,42,40,0.1,0.0,0.9,0.07478884270139642,0.07585143109954474,0,263,412
HM+ST,stockpile,attack_flow,42,40,0.0,0.0,1.0,0.018325913018086924,0.027984758145042532,0,263,412
HM+ST,stockpile,attack_flow,42,40,0.9,0.1,0.0,0.18426123004284953,0.18435919167908613,0,263,412
HM+ST,stockpile,attack_flow,42,40,0.8,0.1,0.1,0.18098490652205,0.1831515729478975,0,263,412
HM+ST,stockpile,attack_flow,42,40,0.7,0.1,0.2,0.17369613268257986,0.17760924576439147,0,263,412
HM+ST,stockpile,attack_flow,42,40,0.6,0.1,0.3,0.1620283817145858,0.16539386119933056,0,263,412
HM+ST,stockpile,attack_flow,42,40,0.5,0.1,0.4,0.14899128429551284,0.15184828391759536,0,263,412
HM+ST,stockpile,attack_flow,42,40,0.4,0.1,0.5,0.13911904675001407,0.13928958894152912,0,263,412
HM+ST,stockpile,attack_flow,42,40,0.3,0.1,0.6,0.11528726946090617,0.12022663543054009,0,263,412
HM+ST,stockpile,attack_flow,42,40,0.2,0.1,0.7,0.09811191709311352,0.10393736494906783,0,263,412
HM+ST,stockpile,attack_flow,42,40,0.1,0.1,0.8,0.08198865141906289,0.08134352769306283,0,263,412
HM+ST,stockpile,attack_flow,42,40,0.0,0.1,0.9,0.03396387568129658,0.06254926883931795,0,263,412
HM+ST,stockpile,attack_flow,42,40,0.8,0.2,0.0,0.18501763204300775,0.18554544359251085,0,263,412
HM+ST,stockpile,attack_flow,42,40,0.7,0.2,0.1,0.18276746862829413,0.1848980584370097,0,263,412
HM+ST,stockpile,attack_flow,42,40,0.6,0.2,0.2,0.1726134416554869,0.17803708094529888,0,263,412
HM+ST,stockpile,attack_flow,42,40,0.5,0.2,0.3,0.15901242783277322,0.163368272834919,0,263,412
HM+ST,stockpile,attack_flow,42,40,0.4,0.2,0.4,0.15006212789199525,0.1505607691302116,0,263,412
HM+ST,stockpile,attack_flow,42,40,0.3,0.2,0.5,0.137860004141773,0.13573012717482658,0,263,412
HM+ST,stockpile,attack_flow,42,40,0.2,0.2,0.6,0.1105711434592731,0.1154041495591015,0,263,412
HM+ST,stockpile,attack_flow,42,40,0.1,0.2,0.7,0.091741291763227,0.09757621103525252,0,263,412
HM+ST,stockpile,attack_flow,42,40,0.0,0.2,0.8,0.03866163891000134,0.06492950672573912,0,263,412
HM+ST,stockpile,attack_flow,42,40,0.7,0.3,0.0,0.19002976140544633,0.18760584294743474,0,263,412
HM+ST,stockpile,attack_flow,42,40,0.6,0.3,0.1,0.18409439598433694,0.18525675481034787,0,263,412
HM+ST,stockpile,attack_flow,42,40,0.5,0.3,0.2,0.17189345649833884,0.17827054980379226,0,263,412
HM+ST,stockpile,attack_flow,42,40,0.4,0.3,0.3,0.16132535368596093,0.1630240317515742,0,263,412
HM+ST,stockpile,attack_flow,42,40,0.3,0.3,0.4,0.14773457824448988,0.14984609193306886,0,263,412
HM+ST,stockpile,attack_flow,42,40,0.2,0.3,0.5,0.12528864824185956,0.1281446347257123,0,263,412
HM+ST,stockpile,attack_flow,42,40,0.1,0.3,0.6,0.10145586779277398,0.1093414344078818,0,263,412
HM+ST,stockpile,attack_flow,42,40,0.0,0.3,0.7,0.05039639678775749,0.07175427695110083,0,263,412
HM+ST,stockpile,attack_flow,42,40,0.6,0.4,0.0,0.19153052615203053,0.18903881472978157,0,263,412
HM+ST,stockpile,attack_flow,42,40,0.5,0.4,0.1,0.18540717916506919,0.1873942810422258,0,263,412
HM+ST,stockpile,attack_flow,42,40,0.4,0.4,0.2,0.17362264235598002,0.17706845442400604,0,263,412
HM+ST,stockpile,attack_flow,42,40,0.3,0.4,0.3,0.16146673555601024,0.16201665646557478,0,263,412
HM+ST,stockpile,attack_flow,42,40,0.2,0.4,0.4,0.1452825537747,0.14617655474767402,0,263,412
HM+ST,stockpile,attack_flow,42,40,0.1,0.4,0.5,0.11247667445170434,0.11753306535159924,0,263,412
HM+ST,stockpile,attack_flow,42,40,0.0,0.4,0.6,0.0697848487235362,0.08547547471803847,0,263,412
HM+ST,stockpile,attack_flow,42,40,0.5,0.5,0.0,0.19439328901775133,0.19094490442375403,0,263,412
HM+ST,stockpile,attack_flow,42,40,0.4,0.5,0.1,0.18957209604568617,0.18804203095572708,0,263,412
HM+ST,stockpile,attack_flow,42,40,0.3,0.5,0.2,0.1747310778224318,0.1773131137748627,0,263,412
HM+ST,stockpile,attack_flow,42,40,0.2,0.5,0.3,0.16177538875832442,0.16120475944835036,0,263,412
HM+ST,stockpile,attack_flow,42,40,0.1,0.5,0.4,0.12825032704487527,0.1361333023872739,0,263,412
HM+ST,stockpile,attack_flow,42,40,0.0,0.5,0.5,0.10414703491576427,0.11002255298409988,0,263,412
HM+ST,stockpile,attack_flow,42,40,0.4,0.6,0.0,0.19624632679002918,0.19227410655516936,0,263,412
HM+ST,stockpile,attack_flow,42,40,0.3,0.6,0.1,0.1878834099141589,0.1894477956927812,0,263,412
HM+ST,stockpile,attack_flow,42,40,0.2,0.6,0.2,0.17897450179081864,0.17880872314393154,0,263,412
HM+ST,stockpile,attack_flow,42,40,0.1,0.6,0.3,0.14761177802360928,0.15398536140979813,0,263,412
HM+ST,stockpile,attack_flow,42,40,0.0,0.6,0.4,0.11456264688926071,0.12561333812908843,0,263,412
HM+ST,stockpile,attack_flow,42,40,0.3,0.7,0.0,0.19822585081290317,0.19419512737238787,0,263,412
HM+ST,stockpile,attack_flow,42,40,0.2,0.7,0.1,0.18743018222724817,0.19090535553964041,0,263,412
HM+ST,stockpile,attack_flow,42,40,0.1,0.7,0.2,0.17031734756427322,0.17616323090085823,0,263,412
HM+ST,stockpile,attack_flow,42,40,0.0,0.7,0.3,0.15059910148799316,0.15249827657100193,0,263,412
HM+ST,stockpile,attack_flow,42,40,0.2,0.8,0.0,0.20205067997895915,0.1965487106536427,0,263,412
HM+ST,stockpile,attack_flow,42,40,0.1,0.8,0.1,0.18444610623056734,0.1888207792940845,0,263,412
HM+ST,stockpile,attack_flow,42,40,0.0,0.8,0.2,0.16922200884617522,0.1785695366927677,0,263,412
HM+ST,stockpile,attack_flow,42,40,0.1,0.9,0.0,0.19514930142555587,0.19580137482356744,0,263,412
HM+ST,stockpile,attack_flow,42,40,0.0,0.9,0.1,0.1831076112745007,0.19255089197718994,0,263,412
HM+ST,stockpile,attack_flow,42,40,0.0,1.0,0.0,0.19321074410494612,0.1993665631974852,0,263,412
HM+ST,stockpile,attack_flow,42,60,1.0,0.0,0.0,0.18465453482102098,0.18306874644018506,0,263,412
HM+ST,stockpile,attack_flow,42,60,0.9,0.0,0.1,0.1788055332016913,0.17970028117707698,0,263,412
HM+ST,stockpile,attack_flow,42,60,0.8,0.0,0.2,0.17087554404653119,0.17640861955545847,0,263,412
HM+ST,stockpile,attack_flow,42,60,0.7,0.0,0.3,0.1617273832531289,0.1657647088279855,0,263,412
HM+ST,stockpile,attack_flow,42,60,0.6,0.0,0.4,0.14913432405044313,0.15369421870281308,0,263,412
HM+ST,stockpile,attack_flow,42,60,0.5,0.0,0.5,0.13932167816565155,0.14220419176844343,0,263,412
HM+ST,stockpile,attack_flow,42,60,0.4,0.0,0.6,0.11675409110259634,0.12444317276943458,0,263,412
HM+ST,stockpile,attack_flow,42,60,0.3,0.0,0.7,0.10624259259611032,0.10979832238350966,0,263,412
HM+ST,stockpile,attack_flow,42,60,0.2,0.0,0.8,0.09398128007582073,0.09668224081007579,0,263,412
HM+ST,stockpile,attack_flow,42,60,0.1,0.0,0.9,0.07478884270139642,0.07585143109954474,0,263,412
HM+ST,stockpile,attack_flow,42,60,0.0,0.0,1.0,0.018325913018086924,0.027984758145042532,0,263,412
HM+ST,stockpile,attack_flow,42,60,0.9,0.1,0.0,0.18494542299432537,0.18387518439226536,0,263,412
HM+ST,stockpile,attack_flow,42,60,0.8,0.1,0.1,0.17881579480433496,0.18183548130805957,0,263,412
HM+ST,stockpile,attack_flow,42,60,0.7,0.1,0.2,0.17151757152137215,0.17715855637133587,0,263,412
HM+ST,stockpile,attack_flow,42,60,0.6,0.1,0.3,0.16080052950063714,0.16544259396080208,0,263,412
HM+ST,stockpile,attack_flow,42,60,0.5,0.1,0.4,0.14928869047764995,0.15149066055051869,0,263,412
HM+ST,stockpile,attack_flow,42,60,0.4,0.1,0.5,0.13778466805302653,0.1390831596721506,0,263,412
HM+ST,stockpile,attack_flow,42,60,0.3,0.1,0.6,0.11361868816648071,0.12080394992676231,0,263,412
HM+ST,stockpile,attack_flow,42,60,0.2,0.1,0.7,0.09874250715437437,0.104538750186121,0,263,412
HM+ST,stockpile,attack_flow,42,60,0.1,0.1,0.8,0.08236952207645182,0.08141794282823878,0,263,412
HM+ST,stockpile,attack_flow,42,60,0.0,0.1,0.9,0.03579189009054594,0.0608340471387109,0,263,412
HM+ST,stockpile,attack_flow,42,60,0.8,0.2,0.0,0.1838735378442829,0.18493383426639304,0,263,412
HM+ST,stockpile,attack_flow,42,60,0.7,0.2,0.1,0.17992903461950194,0.18341999532863268,0,263,412
HM+ST,stockpile,attack_flow,42,60,0.6,0.2,0.2,0.1717327895318982,0.17778047617112414,0,263,412
HM+ST,stockpile,attack_flow,42,60,0.5,0.2,0.3,0.15846355979322468,0.1640048449284548,0,263,412
HM+ST,stockpile,attack_flow,42,60,0.4,0.2,0.4,0.14736444968849222,0.1500489991793307,0,263,412
HM+ST,stockpile,attack_flow,42,60,0.3,0.2,0.5,0.13631859547716016,0.1352981084066262,0,263,412
HM+ST,stockpile,attack_flow,42,60,0.2,0.2,0.6,0.11019134147896537,0.11488677026788899,0,263,412
HM+ST,stockpile,attack_flow,42,60,0.1,0.2,0.7,0.08882805856613882,0.09680735948100819,0,263,412
HM+ST,stockpile,attack_flow,42,60,0.0,0.2,0.8,0.03973163245460874,0.061971349537273956,0,263,412
HM+ST,stockpile,attack_flow,42,60,0.7,0.3,0.0,0.185825913550292,0.18561740356011402,0,263,412
HM+ST,stockpile,attack_flow,42,60,0.6,0.3,0.1,0.1813082519163503,0.18513277028677666,0,263,412
HM+ST,stockpile,attack_flow,42,60,0.5,0.3,0.2,0.1715968087101873,0.1769956282827747,0,263,412
HM+ST,stockpile,attack_flow,42,60,0.4,0.3,0.3,0.15652620045483345,0.16278657354906373,0,263,412
HM+ST,stockpile,attack_flow,42,60,0.3,0.3,0.4,0.14467759443176328,0.14853582587964803,0,263,412
HM+ST,stockpile,attack_flow,42,60,0.2,0.3,0.5,0.11998645481225209,0.12885993417039293,0,263,412
HM+ST,stockpile,attack_flow,42,60,0.1,0.3,0.6,0.09815521624550907,0.10695708308204428,0,263,412
HM+ST,stockpile,attack_flow,42,60,0.0,0.3,0.7,0.048138911009492136,0.07003071937756014,0,263,412
HM+ST,stockpile,attack_flow,42,60,0.6,0.4,0.0,0.19034470453622668,0.187750891929181,0,263,412
HM+ST,stockpile,attack_flow,42,60,0.5,0.4,0.1,0.18394650758737024,0.1865054696944372,0,263,412
HM+ST,stockpile,attack_flow,42,60,0.4,0.4,0.2,0.17123470760686268,0.17625113732844414,0,263,412
HM+ST,stockpile,attack_flow,42,60,0.3,0.4,0.3,0.15853721067031548,0.16282508224357223,0,263,412
HM+ST,stockpile,attack_flow,42,60,0.2,0.4,0.4,0.1398125677549805,0.14463528883853313,0,263,412
HM+ST,stockpile,attack_flow,42,60,0.1,0.4,0.5,0.10467916471961985,0.1176454533128517,0,263,412
HM+ST,stockpile,attack_flow,42,60,0.0,0.4,0.6,0.060760412606550684,0.08185870481386878,0,263,412
HM+ST,stockpile,attack_flow,42,60,0.5,0.5,0.0,0.19060383114682855,0.18843743014951989,0,263,412
HM+ST,stockpile,attack_flow,42,60,0.4,0.5,0.1,0.18703852110992045,0.18714837276221716,0,263,412
HM+ST,stockpile,attack_flow,42,60,0.3,0.5,0.2,0.1701299199396971,0.17704308788446482,0,263,412
HM+ST,stockpile,attack_flow,42,60,0.2,0.5,0.3,0.1562474079153424,0.1604139626278151,0,263,412
HM+ST,stockpile,attack_flow,42,60,0.1,0.5,0.4,0.12486231983228263,0.1342171203115652,0,263,412
HM+ST,stockpile,attack_flow,42,60,0.0,0.5,0.5,0.0843150185012514,0.1016127906458842,0,263,412
HM+ST,stockpile,attack_flow,42,60,0.4,0.6,0.0,0.19268588633162104,0.19012392455119548,0,263,412
HM+ST,stockpile,attack_flow,42,60,0.3,0.6,0.1,0.18360401836073845,0.1879505263566566,0,263,412
HM+ST,stockpile,attack_flow,42,60,0.2,0.6,0.2,0.17118579409260457,0.17776763960698025,0,263,412
HM+ST,stockpile,attack_flow,42,60,0.1,0.6,0.3,0.13635765492261198,0.14990788982832307,0,263,412
HM+ST,stockpile,attack_flow,42,60,0.0,0.6,0.4,0.11087159615209413,0.12257544353962853,0,263,412
HM+ST,stockpile,attack_flow,42,60,0.3,0.7,0.0,0.19564597174106577,0.1920022579199451,0,263,412
HM+ST,stockpile,attack_flow,42,60,0.2,0.7,0.1,0.18505074479604824,0.18912692344703477,0,263,412
HM+ST,stockpile,attack_flow,42,60,0.1,0.7,0.2,0.1600256981955853,0.1723935400576839,0,263,412
HM+ST,stockpile,attack_flow,42,60,0.0,0.7,0.3,0.1329776883762116,0.1440833823082155,0,263,412
HM+ST,stockpile,attack_flow,42,60,0.2,0.8,0.0,0.195126336204099,0.19390376713030424,0,263,412
HM+ST,stockpile,attack_flow,42,60,0.1,0.8,0.1,0.1749061718187792,0.18502399710530665,0,263,412
HM+ST,stockpile,attack_flow,42,60,0.0,0.8,0.2,0.15421061238490646,0.1703827527896307,0,263,412
HM+ST,stockpile,attack_flow,42,60,0.1,0.9,0.0,0.1862558262232148,0.19319528839651592,0,263,412
HM+ST,stockpile,attack_flow,42,60,0.0,0.9,0.1,0.17046254373008762,0.18547909286893893,0,263,412
HM+ST,stockpile,attack_flow,42,60,0.0,1.0,0.0,0.1849989961018567,0.191576647580785,0,263,412
HM+ST,stockpile,attack_flow,42,80,1.0,0.0,0.0,0.18465453482102098,0.18306874644018506,0,263,412
HM+ST,stockpile,attack_flow,42,80,0.9,0.0,0.1,0.1788055332016913,0.17970028117707698,0,263,412
HM+ST,stockpile,attack_flow,42,80,0.8,0.0,0.2,0.17087554404653119,0.17640861955545847,0,263,412
HM+ST,stockpile,attack_flow,42,80,0.7,0.0,0.3,0.1617273832531289,0.1657647088279855,0,263,412
HM+ST,stockpile,attack_flow,42,80,0.6,0.0,0.4,0.14913432405044313,0.15369421870281308,0,263,412
HM+ST,stockpile,attack_flow,42,80,0.5,0.0,0.5,0.13932167816565155,0.14220419176844343,0,263,412
HM+ST,stockpile,attack_flow,42,80,0.4,0.0,0.6,0.11675409110259634,0.12444317276943458,0,263,412
HM+ST,stockpile,attack_flow,42,80,0.3,0.0,0.7,0.10624259259611032,0.10979832238350966,0,263,412
HM+ST,stockpile,attack_flow,42,80,0.2,0.0,0.8,0.09398128007582073,0.09668224081007579,0,263,412
HM+ST,stockpile,attack_flow,42,80,0.1,0.0,0.9,0.07478884270139642,0.07585143109954474,0,263,412
HM+ST,stockpile,attack_flow,42,80,0.0,0.0,1.0,0.018325913018086924,0.027984758145042532,0,263,412
HM+ST,stockpile,attack_flow,42,80,0.9,0.1,0.0,0.18552263688496984,0.18301198049854633,0,263,412
HM+ST,stockpile,attack_flow,42,80,0.8,0.1,0.1,0.1806222493212819,0.18059055470373156,0,263,412
HM+ST,stockpile,attack_flow,42,80,0.7,0.1,0.2,0.17182395914916804,0.1772236163675988,0,263,412
HM+ST,stockpile,attack_flow,42,80,0.6,0.1,0.3,0.16178577906343294,0.16585537558948238,0,263,412
HM+ST,stockpile,attack_flow,42,80,0.5,0.1,0.4,0.15116161983415385,0.15070214170132773,0,263,412
HM+ST,stockpile,attack_flow,42,80,0.4,0.1,0.5,0.13642795178389383,0.138454580427406,0,263,412
HM+ST,stockpile,attack_flow,42,80,0.3,0.1,0.6,0.11377975747587113,0.1204494574006996,0,263,412
HM+ST,stockpile,attack_flow,42,80,0.2,0.1,0.7,0.09748426948045412,0.10434542558301999,0,263,412
HM+ST,stockpile,attack_flow,42,80,0.1,0.1,0.8,0.07972632387777102,0.08103306975203337,0,263,412
HM+ST,stockpile,attack_flow,42,80,0.0,0.1,0.9,0.036815224427869477,0.05894228245938158,0,263,412
HM+ST,stockpile,attack_flow,42,80,0.8,0.2,0.0,0.1862906988066494,0.1840224993992354,0,263,412
HM+ST,stockpile,attack_flow,42,80,0.7,0.2,0.1,0.18095393814845986,0.18190803752795234,0,263,412
HM+ST,stockpile,attack_flow,42,80,0.6,0.2,0.2,0.1732964639957472,0.17731215768138436,0,263,412
HM+ST,stockpile,attack_flow,42,80,0.5,0.2,0.3,0.16111977033562735,0.164432886661641,0,263,412
HM+ST,stockpile,attack_flow,42,80,0.4,0.2,0.4,0.1514090538769061,0.1499949361158877,0,263,412
HM+ST,stockpile,attack_flow,42,80,0.3,0.2,0.5,0.13385611467406072,0.13350488827037005,0,263,412
HM+ST,stockpile,attack_flow,42,80,0.2,0.2,0.6,0.10905382713060906,0.11417895122153934,0,263,412
HM+ST,stockpile,attack_flow,42,80,0.1,0.2,0.7,0.08980639181530198,0.09490436062329519,0,263,412
HM+ST,stockpile,attack_flow,42,80,0.0,0.2,0.8,0.03985985489679306,0.061203559608396,0,263,412
HM+ST,stockpile,attack_flow,42,80,0.7,0.3,0.0,0.18824686762889026,0.1854702270525992,0,263,412
HM+ST,stockpile,attack_flow,42,80,0.6,0.3,0.1,0.1826296719794924,0.18288938461874327,0,263,412
HM+ST,stockpile,attack_flow,42,80,0.5,0.3,0.2,0.17362912655369753,0.175221971016345,0,263,412
HM+ST,stockpile,attack_flow,42,80,0.4,0.3,0.3,0.16005433721782505,0.16310725783220456,0,263,412
HM+ST,stockpile,attack_flow,42,80,0.3,0.3,0.4,0.14700658839913378,0.1453638215071179,0,263,412
HM+ST,stockpile,attack_flow,42,80,0.2,0.3,0.5,0.12563989724388533,0.12865009551586484,0,263,412
HM+ST,stockpile,attack_flow,42,80,0.1,0.3,0.6,0.09538830092839323,0.10348818309283261,0,263,412
HM+ST,stockpile,attack_flow,42,80,0.0,0.3,0.7,0.043851412664976226,0.06563947357231023,0,263,412
HM+ST,stockpile,attack_flow,42,80,0.6,0.4,0.0,0.19091406531289712,0.18635491271726481,0,263,412
HM+ST,stockpile,attack_flow,42,80,0.5,0.4,0.1,0.18579148295770442,0.1824384601800318,0,263,412
HM+ST,stockpile,attack_flow,42,80,0.4,0.4,0.2,0.17403354087640444,0.17287169885223883,0,263,412
HM+ST,stockpile,attack_flow,42,80,0.3,0.4,0.3,0.15954874926990634,0.16042384391034586,0,263,412
HM+ST,stockpile,attack_flow,42,80,0.2,0.4,0.4,0.14213083249043998,0.14164964433805163,0,263,412
HM+ST,stockpile,attack_flow,42,80,0.1,0.4,0.5,0.10697225292013685,0.11415046022273848,0,263,412
HM+ST,stockpile,attack_flow,42,80,0.0,0.4,0.6,0.06156980813178681,0.07564062576490531,0,263,412
HM+ST,stockpile,attack_flow,42,80,0.5,0.5,0.0,0.190733309363621,0.1859662797886777,0,263,412
HM+ST,stockpile,attack_flow,42,80,0.4,0.5,0.1,0.18714294649675775,0.18276707073813583,0,263,412
HM+ST,stockpile,attack_flow,42,80,0.3,0.5,0.2,0.17424116383169733,0.17145562389000615,0,263,412
HM+ST,stockpile,attack_flow,42,80,0.2,0.5,0.3,0.1582425929409638,0.15614967658962556,0,263,412
HM+ST,stockpile,attack_flow,42,80,0.1,0.5,0.4,0.1296268492016423,0.1316908763619635,0,263,412
HM+ST,stockpile,attack_flow,42,80,0.0,0.5,0.5,0.07913605192527993,0.09065446056608556,0,263,412
HM+ST,stockpile,attack_flow,42,80,0.4,0.6,0.0,0.1936588918807623,0.18700175424920756,0,263,412
HM+ST,stockpile,attack_flow,42,80,0.3,0.6,0.1,0.1881053946407378,0.1822081782353598,0,263,412
HM+ST,stockpile,attack_flow,42,80,0.2,0.6,0.2,0.17663504675403233,0.17145542759500415,0,263,412
HM+ST,stockpile,attack_flow,42,80,0.1,0.6,0.3,0.14475866119963007,0.1469281158711172,0,263,412
HM+ST,stockpile,attack_flow,42,80,0.0,0.6,0.4,0.11390393766650078,0.11216552058665936,0,263,412
HM+ST,stockpile,attack_flow,42,80,0.3,0.7,0.0,0.19352380036101416,0.1894474653044756,0,263,412
HM+ST,stockpile,attack_flow,42,80,0.2,0.7,0.1,0.18860806419872828,0.18305920771413392,0,263,412
HM+ST,stockpile,attack_flow,42,80,0.1,0.7,0.2,0.16351569065966431,0.1630501458669095,0,263,412
HM+ST,stockpile,attack_flow,42,80,0.0,0.7,0.3,0.13511295960603076,0.13286371328830757,0,263,412
HM+ST,stockpile,attack_flow,42,80,0.2,0.8,0.0,0.19428023765570387,0.19068082040499085,0,263,412
HM+ST,stockpile,attack_flow,42,80,0.1,0.8,0.1,0.17772670062527907,0.1768271866108923,0,263,412
HM+ST,stockpile,attack_flow,42,80,0.0,0.8,0.2,0.1579456003400895,0.15339140674084004,0,263,412
HM+ST,stockpile,attack_flow,42,80,0.1,0.9,0.0,0.1861231217512879,0.18726433962780506,0,263,412
HM+ST,stockpile,attack_flow,42,80,0.0,0.9,0.1,0.1725925709072469,0.17190303782192112,0,263,412
HM+ST,stockpile,attack_flow,42,80,0.0,1.0,0.0,0.17977963648809578,0.181074798505877,0,263,412
HM+ST,stockpile,attack_flow,43,100,1.0,0.0,0.0,0.18468215635939758,0.18306874644018506,0,263,412
HM+ST,stockpile,attack_flow,43,100,0.9,0.0,0.1,0.17989570500787835,0.17970028117707698,0,263,412
HM+ST,stockpile,attack_flow,43,100,0.8,0.0,0.2,0.17288386048587948,0.17640861955545847,0,263,412
HM+ST,stockpile,attack_flow,43,100,0.7,0.0,0.3,0.16044787480413134,0.1657647088279855,0,263,412
HM+ST,stockpile,attack_flow,43,100,0.6,0.0,0.4,0.15189246634551726,0.15369421870281308,0,263,412
HM+ST,stockpile,attack_flow,43,100,0.5,0.0,0.5,0.14496480300654765,0.14220419176844343,0,263,412
HM+ST,stockpile,attack_flow,43,100,0.4,0.0,0.6,0.12092546334803424,0.12444317276943458,0,263,412
HM+ST,stockpile,attack_flow,43,100,0.3,0.0,0.7,0.10984321471827381,0.10979832238350966,0,263,412
HM+ST,stockpile,attack_flow,43,100,0.2,0.0,0.8,0.09995516167901485,0.09668224081007579,0,263,412
HM+ST,stockpile,attack_flow,43,100,0.1,0.0,0.9,0.07948173463020967,0.07585143109954474,0,263,412
HM+ST,stockpile,attack_flow,43,100,0.0,0.0,1.0,0.018325913018086924,0.027984758145042532,0,263,412
HM+ST,stockpile,attack_flow,43,100,0.9,0.1,0.0,0.18455624501956006,0.1828871589415645,0,263,412
HM+ST,stockpile,attack_flow,43,100,0.8,0.1,0.1,0.1803403584794242,0.18074917389841164,0,263,412
HM+ST,stockpile,attack_flow,43,100,0.7,0.1,0.2,0.17631315090315797,0.177632443125288,0,263,412
HM+ST,stockpile,attack_flow,43,100,0.6,0.1,0.3,0.16129014808701644,0.16639109574235977,0,263,412
HM+ST,stockpile,attack_flow,43,100,0.5,0.1,0.4,0.14975238133767002,0.15105242717311793,0,263,412
HM+ST,stockpile,attack_flow,43,100,0.4,0.1,0.5,0.13841234865835236,0.13877800728054004,0,263,412
HM+ST,stockpile,attack_flow,43,100,0.3,0.1,0.6,0.11639075177998097,0.12025524101853365,0,263,412
HM+ST,stockpile,attack_flow,43,100,0.2,0.1,0.7,0.10540466299064159,0.10388240626424514,0,263,412
HM+ST,stockpile,attack_flow,43,100,0.1,0.1,0.8,0.08741870273200214,0.08185985538638685,0,263,412
HM+ST,stockpile,attack_flow,43,100,0.0,0.1,0.9,0.0345322820482243,0.0585389508952737,0,263,412
HM+ST,stockpile,attack_flow,43,100,0.8,0.2,0.0,0.1856561706463947,0.1852555920331946,0,263,412
HM+ST,stockpile,attack_flow,43,100,0.7,0.2,0.1,0.18158380746165953,0.1817600157995952,0,263,412
HM+ST,stockpile,attack_flow,43,100,0.6,0.2,0.2,0.17540831720543246,0.17732484311416039,0,263,412
HM+ST,stockpile,attack_flow,43,100,0.5,0.2,0.3,0.1626981926612067,0.16488348383788037,0,263,412
HM+ST,stockpile,attack_flow,43,100,0.4,0.2,0.4,0.15002934441998397,0.14940104932398646,0,263,412
HM+ST,stockpile,attack_flow,43,100,0.3,0.2,0.5,0.13496473472184953,0.13445644869949333,0,263,412
HM+ST,stockpile,attack_flow,43,100,0.2,0.2,0.6,0.11186997687921856,0.11385189224224215,0,263,412
HM+ST,stockpile,attack_flow,43,100,0.1,0.2,0.7,0.09607070274052462,0.0963843418490807,0,263,412
HM+ST,stockpile,attack_flow,43,100,0.0,0.2,0.8,0.03546292325420577,0.06007083441743301,0,263,412
HM+ST,stockpile,attack_flow,43,100,0.7,0.3,0.0,0.1873173881045288,0.18688646210489707,0,263,412
HM+ST,stockpile,attack_flow,43,100,0.6,0.3,0.1,0.18155102882582372,0.18243633425558498,0,263,412
HM+ST,stockpile,attack_flow,43,100,0.5,0.3,0.2,0.17402841434504537,0.1747320916436143,0,263,412
HM+ST,stockpile,attack_flow,43,100,0.4,0.3,0.3,0.16231955814413832,0.16327216061347496,0,263,412
HM+ST,stockpile,attack_flow,43,100,0.3,0.3,0.4,0.1453447250137646,0.1463067427353827,0,263,412
HM+ST,stockpile,attack_flow,43,100,0.2,0.3,0.5,0.12139338720362879,0.12804941392117933,0,263,412
HM+ST,stockpile,attack_flow,43,100,0.1,0.3,0.6,0.09935130634450004,0.10309222506292144,0,263,412
HM+ST,stockpile,attack_flow,43,100,0.0,0.3,0.7,0.04456068209575131,0.065992653900154,0,263,412
HM+ST,stockpile,attack_flow,43,100,0.6,0.4,0.0,0.1862432935280806,0.1867433093169257,0,263,412
HM+ST,stockpile,attack_flow,43,100,0.5,0.4,0.1,0.1801913506654063,0.18082620833177188,0,263,412
HM+ST,stockpile,attack_flow,43,100,0.4,0.4,0.2,0.17207110467311137,0.17295456894973943,0,263,412
HM+ST,stockpile,attack_flow,43,100,0.3,0.4,0.3,0.15802991783391926,0.16093833746039338,0,263,412
HM+ST,stockpile,attack_flow,43,100,0.2,0.4,0.4,0.13773195640491903,0.1399987955260838,0,263,412
HM+ST,stockpile,attack_flow,43,100,0.1,0.4,0.5,0.11232707851394884,0.1147460742767213,0,263,412
HM+ST,stockpile,attack_flow,43,100,0.0,0.4,0.6,0.06283916950477655,0.07761547099991535,0,263,412
HM+ST,stockpile,attack_flow,43,100,0.5,0.5,0.0,0.18792566978182798,0.18591767858897765,0,263,412
HM+ST,stockpile,attack_flow,43,100,0.4,0.5,0.1,0.18243109454073572,0.1799404744218795,0,263,412
HM+ST,stockpile,attack_flow,43,100,0.3,0.5,0.2,0.1682802085725347,0.17070010420109116,0,263,412
HM+ST,stockpile,attack_flow,43,100,0.2,0.5,0.3,0.1555357562707044,0.15546779772749497,0,263,412
HM+ST,stockpile,attack_flow,43,100,0.1,0.5,0.4,0.1226489844831298,0.13012433985306723,0,263,412
HM+ST,stockpile,attack_flow,43,100,0.0,0.5,0.5,0.0827182697394012,0.0918901299780305,0,263,412
HM+ST,stockpile,attack_flow,43,100,0.4,0.6,0.0,0.18610885941520663,0.18617096851070186,0,263,412
HM+ST,stockpile,attack_flow,43,100,0.3,0.6,0.1,0.18042477196546244,0.18127905579890102,0,263,412
HM+ST,stockpile,attack_flow,43,100,0.2,0.6,0.2,0.16946808070380603,0.16865690446227244,0,263,412
HM+ST,stockpile,attack_flow,43,100,0.1,0.6,0.3,0.13958829522361324,0.1467481081297153,0,263,412
HM+ST,stockpile,attack_flow,43,100,0.0,0.6,0.4,0.10645040636066713,0.11143502612180138,0,263,412
HM+ST,stockpile,attack_flow,43,100,0.3,0.7,0.0,0.1863201452255226,0.18652871144737268,0,263,412
HM+ST,stockpile,attack_flow,43,100,0.2,0.7,0.1,0.17686058436012211,0.17923185441760053,0,263,412
HM+ST,stockpile,attack_flow,43,100,0.1,0.7,0.2,0.1577509848874343,0.16320883830072358,0,263,412
HM+ST,stockpile,attack_flow,43,100,0.0,0.7,0.3,0.1264989998764796,0.1309632003217847,0,263,412
HM+ST,stockpile,attack_flow,43,100,0.2,0.8,0.0,0.1840284811628793,0.18590076127203553,0,263,412
HM+ST,stockpile,attack_flow,43,100,0.1,0.8,0.1,0.1680297437013181,0.17375848423949866,0,263,412
HM+ST,stockpile,attack_flow,43,100,0.0,0.8,0.2,0.14218210095002423,0.14929804678011588,0,263,412
HM+ST,stockpile,attack_flow,43,100,0.1,0.9,0.0,0.1760656926389706,0.17998332297472355,0,263,412
HM+ST,stockpile,attack_flow,43,100,0.0,0.9,0.1,0.15644675579979408,0.16368379651944426,0,263,412
HM+ST,stockpile,attack_flow,43,100,0.0,1.0,0.0,0.1686488754077074,0.17256291261080653,0,263,412
HM+ST,stockpile,attack_flow,43,20,1.0,0.0,0.0,0.18468215635939758,0.18306874644018506,0,263,412
HM+ST,stockpile,attack_flow,43,20,0.9,0.0,0.1,0.17989570500787835,0.17970028117707698,0,263,412
HM+ST,stockpile,attack_flow,43,20,0.8,0.0,0.2,0.17288386048587948,0.17640861955545847,0,263,412
HM+ST,stockpile,attack_flow,43,20,0.7,0.0,0.3,0.16044787480413134,0.1657647088279855,0,263,412
HM+ST,stockpile,attack_flow,43,20,0.6,0.0,0.4,0.15189246634551726,0.15369421870281308,0,263,412
HM+ST,stockpile,attack_flow,43,20,0.5,0.0,0.5,0.14496480300654765,0.14220419176844343,0,263,412
HM+ST,stockpile,attack_flow,43,20,0.4,0.0,0.6,0.12092546334803424,0.12444317276943458,0,263,412
HM+ST,stockpile,attack_flow,43,20,0.3,0.0,0.7,0.10984321471827381,0.10979832238350966,0,263,412
HM+ST,stockpile,attack_flow,43,20,0.2,0.0,0.8,0.09995516167901485,0.09668224081007579,0,263,412
HM+ST,stockpile,attack_flow,43,20,0.1,0.0,0.9,0.07948173463020967,0.07585143109954474,0,263,412
HM+ST,stockpile,attack_flow,43,20,0.0,0.0,1.0,0.018325913018086924,0.027984758145042532,0,263,412
HM+ST,stockpile,attack_flow,43,20,0.9,0.1,0.0,0.1846298964555177,0.18454841266848465,0,263,412
HM+ST,stockpile,attack_flow,43,20,0.8,0.1,0.1,0.1789392921706727,0.18371696761726308,0,263,412
HM+ST,stockpile,attack_flow,43,20,0.7,0.1,0.2,0.17662961643445133,0.17766624451929813,0,263,412
HM+ST,stockpile,attack_flow,43,20,0.6,0.1,0.3,0.16239680558746594,0.16634777198484416,0,263,412
HM+ST,stockpile,attack_flow,43,20,0.5,0.1,0.4,0.15284164044711487,0.15284441119681064,0,263,412
HM+ST,stockpile,attack_flow,43,20,0.4,0.1,0.5,0.14105058247711724,0.14056975001174005,0,263,412
HM+ST,stockpile,attack_flow,43,20,0.3,0.1,0.6,0.11872994282946764,0.12204129491206542,0,263,412
HM+ST,stockpile,attack_flow,43,20,0.2,0.1,0.7,0.10861661665965124,0.10555048039783603,0,263,412
HM+ST,stockpile,attack_flow,43,20,0.1,0.1,0.8,0.08782265048242155,0.0824459764875484,0,263,412
HM+ST,stockpile,attack_flow,43,20,0.0,0.1,0.9,0.0340610385814538,0.062138051244828685,0,263,412
HM+ST,stockpile,attack_flow,43,20,0.8,0.2,0.0,0.1862704439614727,0.1862013418970271,0,263,412
HM+ST,stockpile,attack_flow,43,20,0.7,0.2,0.1,0.18196039060820532,0.18461564155174928,0,263,412
HM+ST,stockpile,attack_flow,43,20,0.6,0.2,0.2,0.17875411788206522,0.17969972639066556,0,263,412
HM+ST,stockpile,attack_flow,43,20,0.5,0.2,0.3,0.1643149794895679,0.1652375813468458,0,263,412
HM+ST,stockpile,attack_flow,43,20,0.4,0.2,0.4,0.15464589616512545,0.15286150601976883,0,263,412
HM+ST,stockpile,attack_flow,43,20,0.3,0.2,0.5,0.12808389020182923,0.1376235634900309,0,263,412
HM+ST,stockpile,attack_flow,43,20,0.2,0.2,0.6,0.11443149747511434,0.11578399652733506,0,263,412
HM+ST,stockpile,attack_flow,43,20,0.1,0.2,0.7,0.09380178217386324,0.09749223005353226,0,263,412
HM+ST,stockpile,attack_flow,43,20,0.0,0.2,0.8,0.04036451568688418,0.06633255624425197,0,263,412
HM+ST,stockpile,attack_flow,43,20,0.7,0.3,0.0,0.18769876663526697,0.1876409411106154,0,263,412
HM+ST,stockpile,attack_flow,43,20,0.6,0.3,0.1,0.18312909579350536,0.1869943359995397,0,263,412
HM+ST,stockpile,attack_flow,43,20,0.5,0.3,0.2,0.1790953477696431,0.1790183531016906,0,263,412
HM+ST,stockpile,attack_flow,43,20,0.4,0.3,0.3,0.16610668932316536,0.1651351235564918,0,263,412
HM+ST,stockpile,attack_flow,43,20,0.3,0.3,0.4,0.15418437008410352,0.15334628046104662,0,263,412
HM+ST,stockpile,attack_flow,43,20,0.2,0.3,0.5,0.12686264217402127,0.13349667645173763,0,263,412
HM+ST,stockpile,attack_flow,43,20,0.1,0.3,0.6,0.10373834579650022,0.11031034070793004,0,263,412
HM+ST,stockpile,attack_flow,43,20,0.0,0.3,0.7,0.049985861048780916,0.07402314545491241,0,263,412
HM+ST,stockpile,attack_flow,43,20,0.6,0.4,0.0,0.1907679764532873,0.18964935214191023,0,263,412
HM+ST,stockpile,attack_flow,43,20,0.5,0.4,0.1,0.18763252218581516,0.18799452092069466,0,263,412
HM+ST,stockpile,attack_flow,43,20,0.4,0.4,0.2,0.17742732561257166,0.17977095464363804,0,263,412
HM+ST,stockpile,attack_flow,43,20,0.3,0.4,0.3,0.16484331476710845,0.16644009761271875,0,263,412
HM+ST,stockpile,attack_flow,43,20,0.2,0.4,0.4,0.14939791828547136,0.1508954357589333,0,263,412
HM+ST,stockpile,attack_flow,43,20,0.1,0.4,0.5,0.10960337360334242,0.12115874276886926,0,263,412
HM+ST,stockpile,attack_flow,43,20,0.0,0.4,0.6,0.08268471464168058,0.10023243766693461,0,263,412
HM+ST,stockpile,attack_flow,43,20,0.5,0.5,0.0,0.19121496824627435,0.1913531756902958,0,263,412
HM+ST,stockpile,attack_flow,43,20,0.4,0.5,0.1,0.18796557960917604,0.18858795680803478,0,263,412
HM+ST,stockpile,attack_flow,43,20,0.3,0.5,0.2,0.17614101749375682,0.18171131048230088,0,263,412
HM+ST,stockpile,attack_flow,43,20,0.2,0.5,0.3,0.162932704697533,0.16589771762295627,0,263,412
HM+ST,stockpile,attack_flow,43,20,0.1,0.5,0.4,0.1307893929331567,0.142498289820067,0,263,412
HM+ST,stockpile,attack_flow,43,20,0.0,0.5,0.5,0.10906591368193262,0.11899726608465351,0,263,412
HM+ST,stockpile,attack_flow,43,20,0.4,0.6,0.0,0.19251977478976978,0.19261942874845267,0,263,412
HM+ST,stockpile,attack_flow,43,20,0.3,0.6,0.1,0.18598998760273697,0.1912535320915782,0,263,412
HM+ST,stockpile,attack_flow,43,20,0.2,0.6,0.2,0.17298464614369086,0.18112745783972245,0,263,412
HM+ST,stockpile,attack_flow,43,20,0.1,0.6,0.3,0.15131406738070508,0.16417039360622704,0,263,412
HM+ST,stockpile,attack_flow,43,20,0.0,0.6,0.4,0.13423641605147696,0.14007417813505393,0,263,412
HM+ST,stockpile,attack_flow,43,20,0.3,0.7,0.0,0.1931769673016833,0.19349613341135302,0,263,412
HM+ST,stockpile,attack_flow,43,20,0.2,0.7,0.1,0.1888044427288507,0.19338992853530823,0,263,412
HM+ST,stockpile,attack_flow,43,20,0.1,0.7,0.2,0.16659754198695534,0.18130559454063427,0,263,412
HM+ST,stockpile,attack_flow,43,20,0.0,0.7,0.3,0.14639454191815338,0.1663541867254293,0,263,412
HM+ST,stockpile,attack_flow,43,20,0.2,0.8,0.0,0.1880460875927765,0.19476622906080937,0,263,412
HM+ST,stockpile,attack_flow,43,20,0.1,0.8,0.1,0.18248208708194325,0.19311257347948563,0,263,412
HM+ST,stockpile,attack_flow,43,20,0.0,0.8,0.2,0.16536270052263896,0.18632990082918197,0,263,412
HM+ST,stockpile,attack_flow,43,20,0.1,0.9,0.0,0.19256890866646872,0.19570305069185595,0,263,412
HM+ST,stockpile,attack_flow,43,20,0.0,0.9,0.1,0.17629313533630558,0.1961895164857295,0,263,412
HM+ST,stockpile,attack_flow,43,20,0.0,1.0,0.0,0.19665294681813353,0.19985174211432885,1,263,412
HM+ST,stockpile,attack_flow,43,40,1.0,0.0,0.0,0.18468215635939758,0.18306874644018506,0,263,412
HM+ST,stockpile,attack_flow,43,40,0.9,0.0,0.1,0.17989570500787835,0.17970028117707698,0,263,412
HM+ST,stockpile,attack_flow,43,40,0.8,0.0,0.2,0.17288386048587948,0.17640861955545847,0,263,412
HM+ST,stockpile,attack_flow,43,40,0.7,0.0,0.3,0.16044787480413134,0.1657647088279855,0,263,412
HM+ST,stockpile,attack_flow,43,40,0.6,0.0,0.4,0.15189246634551726,0.15369421870281308,0,263,412
HM+ST,stockpile,attack_flow,43,40,0.5,0.0,0.5,0.14496480300654765,0.14220419176844343,0,263,412
HM+ST,stockpile,attack_flow,43,40,0.4,0.0,0.6,0.12092546334803424,0.12444317276943458,0,263,412
HM+ST,stockpile,attack_flow,43,40,0.3,0.0,0.7,0.10984321471827381,0.10979832238350966,0,263,412
HM+ST,stockpile,attack_flow,43,40,0.2,0.0,0.8,0.09995516167901485,0.09668224081007579,0,263,412
HM+ST,stockpile,attack_flow,43,40,0.1,0.0,0.9,0.07948173463020967,0.07585143109954474,0,263,412
HM+ST,stockpile,attack_flow,43,40,0.0,0.0,1.0,0.018325913018086924,0.027984758145042532,0,263,412
HM+ST,stockpile,attack_flow,43,40,0.9,0.1,0.0,0.18470397567772612,0.18435919167908613,0,263,412
HM+ST,stockpile,attack_flow,43,40,0.8,0.1,0.1,0.17998300580564933,0.1831515729478975,0,263,412
HM+ST,stockpile,attack_flow,43,40,0.7,0.1,0.2,0.1763524568184388,0.17760924576439147,0,263,412
HM+ST,stockpile,attack_flow,43,40,0.6,0.1,0.3,0.1599968443830514,0.16539386119933056,0,263,412
HM+ST,stockpile,attack_flow,43,40,0.5,0.1,0.4,0.15228313844165375,0.15184828391759536,0,263,412
HM+ST,stockpile,attack_flow,43,40,0.4,0.1,0.5,0.13773545661826675,0.13928958894152912,0,263,412
HM+ST,stockpile,attack_flow,43,40,0.3,0.1,0.6,0.11868172354675031,0.12022663543054009,0,263,412
HM+ST,stockpile,attack_flow,43,40,0.2,0.1,0.7,0.10692494536377534,0.10393736494906783,0,263,412
HM+ST,stockpile,attack_flow,43,40,0.1,0.1,0.8,0.08845612121803191,0.08134352769306283,0,263,412
HM+ST,stockpile,attack_flow,43,40,0.0,0.1,0.9,0.03670101831995823,0.06254926883931795,0,263,412
HM+ST,stockpile,attack_flow,43,40,0.8,0.2,0.0,0.1865611430890852,0.18554544359251085,0,263,412
HM+ST,stockpile,attack_flow,43,40,0.7,0.2,0.1,0.18278474816815896,0.1848980584370097,0,263,412
HM+ST,stockpile,attack_flow,43,40,0.6,0.2,0.2,0.17897312970143933,0.17803708094529888,0,263,412
HM+ST,stockpile,attack_flow,43,40,0.5,0.2,0.3,0.16137843113079473,0.163368272834919,0,263,412
HM+ST,stockpile,attack_flow,43,40,0.4,0.2,0.4,0.1519243980888952,0.1505607691302116,0,263,412
HM+ST,stockpile,attack_flow,43,40,0.3,0.2,0.5,0.12861856403731375,0.13573012717482658,0,263,412
HM+ST,stockpile,attack_flow,43,40,0.2,0.2,0.6,0.11452142194830651,0.1154041495591015,0,263,412
HM+ST,stockpile,attack_flow,43,40,0.1,0.2,0.7,0.09727725340323427,0.09757621103525252,0,263,412
HM+ST,stockpile,attack_flow,43,40,0.0,0.2,0.8,0.03902360831109201,0.06492950672573912,0,263,412
HM+ST,stockpile,attack_flow,43,40,0.7,0.3,0.0,0.1871319691011962,0.18760584294743474,0,263,412
HM+ST,stockpile,attack_flow,43,40,0.6,0.3,0.1,0.18272702707322164,0.18525675481034787,0,263,412
HM+ST,stockpile,attack_flow,43,40,0.5,0.3,0.2,0.17901328884955434,0.17827054980379226,0,263,412
HM+ST,stockpile,attack_flow,43,40,0.4,0.3,0.3,0.16067575946913343,0.1630240317515742,0,263,412
HM+ST,stockpile,attack_flow,43,40,0.3,0.3,0.4,0.1503297627525409,0.14984609193306886,0,263,412
HM+ST,stockpile,attack_flow,43,40,0.2,0.3,0.5,0.12460111593059653,0.1281446347257123,0,263,412
HM+ST,stockpile,attack_flow,43,40,0.1,0.3,0.6,0.10370124354986693,0.1093414344078818,0,263,412
HM+ST,stockpile,attack_flow,43,40,0.0,0.3,0.7,0.051934531348755336,0.07175427695110083,0,263,412
HM+ST,stockpile,attack_flow,43,40,0.6,0.4,0.0,0.1884403489269428,0.18903881472978157,0,263,412
HM+ST,stockpile,attack_flow,43,40,0.5,0.4,0.1,0.18477634756962785,0.1873942810422258,0,263,412
HM+ST,stockpile,attack_flow,43,40,0.4,0.4,0.2,0.17741129332912753,0.17706845442400604,0,263,412
HM+ST,stockpile,attack_flow,43,40,0.3,0.4,0.3,0.16197684780325997,0.16201665646557478,0,263,412
HM+ST,stockpile,attack_flow,43,40,0.2,0.4,0.4,0.14455281411671442,0.14617655474767402,0,263,412
HM+ST,stockpile,attack_flow,43,40,0.1,0.4,0.5,0.1137834960893213,0.11753306535159924,0,263,412
HM+ST,stockpile,attack_flow,43,40,0.0,0.4,0.6,0.07606224851323407,0.08547547471803847,0,263,412
HM+ST,stockpile,attack_flow,43,40,0.5,0.5,0.0,0.1906934947846629,0.19094490442375403,0,263,412
HM+ST,stockpile,attack_flow,43,40,0.4,0.5,0.1,0.1878558423441037,0.18804203095572708,0,263,412
HM+ST,stockpile,attack_flow,43,40,0.3,0.5,0.2,0.17685521419536698,0.1773131137748627,0,263,412
HM+ST,stockpile,attack_flow,43,40,0.2,0.5,0.3,0.15872682947888989,0.16120475944835036,0,263,412
HM+ST,stockpile,attack_flow,43,40,0.1,0.5,0.4,0.13478209154193746,0.1361333023872739,0,263,412
HM+ST,stockpile,attack_flow,43,40,0.0,0.5,0.5,0.10820882585608434,0.11002255298409988,0,263,412
HM+ST,stockpile,attack_flow,43,40,0.4,0.6,0.0,0.19026857031771643,0.19227410655516936,0,263,412
HM+ST,stockpile,attack_flow,43,40,0.3,0.6,0.1,0.1882646690521755,0.1894477956927812,0,263,412
HM+ST,stockpile,attack_flow,43,40,0.2,0.6,0.2,0.1736342497196865,0.17880872314393154,0,263,412
HM+ST,stockpile,attack_flow,43,40,0.1,0.6,0.3,0.14363339086511348,0.15398536140979813,0,263,412
HM+ST,stockpile,attack_flow,43,40,0.0,0.6,0.4,0.1136431169992769,0.12561333812908843,0,263,412
HM+ST,stockpile,attack_flow,43,40,0.3,0.7,0.0,0.1939079024229858,0.19419512737238787,0,263,412
HM+ST,stockpile,attack_flow,43,40,0.2,0.7,0.1,0.18711718838913843,0.19090535553964041,0,263,412
HM+ST,stockpile,attack_flow,43,40,0.1,0.7,0.2,0.16471761758529335,0.17616323090085823,0,263,412
HM+ST,stockpile,attack_flow,43,40,0.0,0.7,0.3,0.1396685445828183,0.15249827657100193,0,263,412
HM+ST,stockpile,attack_flow,43,40,0.2,0.8,0.0,0.19625946297253954,0.1965487106536427,0,263,412
HM+ST,stockpile,attack_flow,43,40,0.1,0.8,0.1,0.17888945897679043,0.1888207792940845,0,263,412
HM+ST,stockpile,attack_flow,43,40,0.0,0.8,0.2,0.16127317149762396,0.1785695366927677,0,263,412
HM+ST,stockpile,attack_flow,43,40,0.1,0.9,0.0,0.18945877606440467,0.19580137482356744,0,263,412
HM+ST,stockpile,attack_flow,43,40,0.0,0.9,0.1,0.1740021919073771,0.19255089197718994,0,263,412
HM+ST,stockpile,attack_flow,43,40,0.0,1.0,0.0,0.1903770681575453,0.1993665631974852,0,263,412
HM+ST,stockpile,attack_flow,43,60,1.0,0.0,0.0,0.18468215635939758,0.18306874644018506,0,263,412
HM+ST,stockpile,attack_flow,43,60,0.9,0.0,0.1,0.17989570500787835,0.17970028117707698,0,263,412
HM+ST,stockpile,attack_flow,43,60,0.8,0.0,0.2,0.17288386048587948,0.17640861955545847,0,263,412
HM+ST,stockpile,attack_flow,43,60,0.7,0.0,0.3,0.16044787480413134,0.1657647088279855,0,263,412
HM+ST,stockpile,attack_flow,43,60,0.6,0.0,0.4,0.15189246634551726,0.15369421870281308,0,263,412
HM+ST,stockpile,attack_flow,43,60,0.5,0.0,0.5,0.14496480300654765,0.14220419176844343,0,263,412
HM+ST,stockpile,attack_flow,43,60,0.4,0.0,0.6,0.12092546334803424,0.12444317276943458,0,263,412
HM+ST,stockpile,attack_flow,43,60,0.3,0.0,0.7,0.10984321471827381,0.10979832238350966,0,263,412
HM+ST,stockpile,attack_flow,43,60,0.2,0.0,0.8,0.09995516167901485,0.09668224081007579,0,263,412
HM+ST,stockpile,attack_flow,43,60,0.1,0.0,0.9,0.07948173463020967,0.07585143109954474,0,263,412
HM+ST,stockpile,attack_flow,43,60,0.0,0.0,1.0,0.018325913018086924,0.027984758145042532,0,263,412
HM+ST,stockpile,attack_flow,43,60,0.9,0.1,0.0,0.1850567233221624,0.18387518439226536,0,263,412
HM+ST,stockpile,attack_flow,43,60,0.8,0.1,0.1,0.1810283960956191,0.18183548130805957,0,263,412
HM+ST,stockpile,attack_flow,43,60,0.7,0.1,0.2,0.17506962227666384,0.17715855637133587,0,263,412
HM+ST,stockpile,attack_flow,43,60,0.6,0.1,0.3,0.15992821770308605,0.16544259396080208,0,263,412
HM+ST,stockpile,attack_flow,43,60,0.5,0.1,0.4,0.1521444939344369,0.15149066055051869,0,263,412
HM+ST,stockpile,attack_flow,43,60,0.4,0.1,0.5,0.13975064394580122,0.1390831596721506,0,263,412
HM+ST,stockpile,attack_flow,43,60,0.3,0.1,0.6,0.11872564971497462,0.12080394992676231,0,263,412
HM+ST,stockpile,attack_flow,43,60,0.2,0.1,0.7,0.10707931763634113,0.104538750186121,0,263,412
HM+ST,stockpile,attack_flow,43,60,0.1,0.1,0.8,0.08833556850946314,0.08141794282823878,0,263,412
HM+ST,stockpile,attack_flow,43,60,0.0,0.1,0.9,0.037820966657582944,0.0608340471387109,0,263,412
HM+ST,stockpile,attack_flow,43,60,0.8,0.2,0.0,0.186934120995703,0.18493383426639304,0,263,412
HM+ST,stockpile,attack_flow,43,60,0.7,0.2,0.1,0.18283318666796927,0.18341999532863268,0,263,412
HM+ST,stockpile,attack_flow,43,60,0.6,0.2,0.2,0.1787266212960567,0.17778047617112414,0,263,412
HM+ST,stockpile,attack_flow,43,60,0.5,0.2,0.3,0.1620589198996485,0.1640048449284548,0,263,412
HM+ST,stockpile,attack_flow,43,60,0.4,0.2,0.4,0.1512546533728498,0.1500489991793307,0,263,412
HM+ST,stockpile,attack_flow,43,60,0.3,0.2,0.5,0.13632428596674157,0.1352981084066262,0,263,412
HM+ST,stockpile,attack_flow,43,60,0.2,0.2,0.6,0.11272879187375513,0.11488677026788899,0,263,412
HM+ST,stockpile,attack_flow,43,60,0.1,0.2,0.7,0.09408237353587537,0.09680735948100819,0,263,412
HM+ST,stockpile,attack_flow,43,60,0.0,0.2,0.8,0.040402871125648,0.061971349537273956,0,263,412
HM+ST,stockpile,attack_flow,43,60,0.7,0.3,0.0,0.18821943565507376,0.18561740356011402,0,263,412
HM+ST,stockpile,attack_flow,43,60,0.6,0.3,0.1,0.18373287161900576,0.18513277028677666,0,263,412
HM+ST,stockpile,attack_flow,43,60,0.5,0.3,0.2,0.17913997242766877,0.1769956282827747,0,263,412
HM+ST,stockpile,attack_flow,43,60,0.4,0.3,0.3,0.162393874668663,0.16278657354906373,0,263,412
HM+ST,stockpile,attack_flow,43,60,0.3,0.3,0.4,0.15301231563427464,0.14853582587964803,0,263,412
HM+ST,stockpile,attack_flow,43,60,0.2,0.3,0.5,0.12658013519785483,0.12885993417039293,0,263,412
HM+ST,stockpile,attack_flow,43,60,0.1,0.3,0.6,0.10454221392693613,0.10695708308204428,0,263,412
HM+ST,stockpile,attack_flow,43,60,0.0,0.3,0.7,0.05212903407628524,0.07003071937756014,0,263,412
HM+ST,stockpile,attack_flow,43,60,0.6,0.4,0.0,0.18934161775695924,0.187750891929181,0,263,412
HM+ST,stockpile,attack_flow,43,60,0.5,0.4,0.1,0.18469673492214705,0.1865054696944372,0,263,412
HM+ST,stockpile,attack_flow,43,60,0.4,0.4,0.2,0.1793569376899102,0.17625113732844414,0,263,412
HM+ST,stockpile,attack_flow,43,60,0.3,0.4,0.3,0.16178159958603203,0.16282508224357223,0,263,412
HM+ST,stockpile,attack_flow,43,60,0.2,0.4,0.4,0.14635569287376915,0.14463528883853313,0,263,412
HM+ST,stockpile,attack_flow,43,60,0.1,0.4,0.5,0.11531568581893313,0.1176454533128517,0,263,412
HM+ST,stockpile,attack_flow,43,60,0.0,0.4,0.6,0.07008117389873915,0.08185870481386878,0,263,412
HM+ST,stockpile,attack_flow,43,60,0.5,0.5,0.0,0.1923628909465063,0.18843743014951989,0,263,412
HM+ST,stockpile,attack_flow,43,60,0.4,0.5,0.1,0.1878637594104225,0.18714837276221716,0,263,412
HM+ST,stockpile,attack_flow,43,60,0.3,0.5,0.2,0.1794324714599634,0.17704308788446482,0,263,412
HM+ST,stockpile,attack_flow,43,60,0.2,0.5,0.3,0.16359414814879925,0.1604139626278151,0,263,412
HM+ST,stockpile,attack_flow,43,60,0.1,0.5,0.4,0.13207860529894924,0.1342171203115652,0,263,412
HM+ST,stockpile,attack_flow,43,60,0.0,0.5,0.5,0.09805161544601172,0.1016127906458842,0,263,412
HM+ST,stockpile,attack_flow,43,60,0.4,0.6,0.0,0.1940640063346331,0.19012392455119548,0,263,412
HM+ST,stockpile,attack_flow,43,60,0.3,0.6,0.1,0.19099917169143366,0.1879505263566566,0,263,412
HM+ST,stockpile,attack_flow,43,60,0.2,0.6,0.2,0.17580148988416208,0.17776763960698025,0,263,412
HM+ST,stockpile,attack_flow,43,60,0.1,0.6,0.3,0.149289255170888,0.14990788982832307,0,263,412
HM+ST,stockpile,attack_flow,43,60,0.0,0.6,0.4,0.12322780475241797,0.12257544353962853,0,263,412
HM+ST,stockpile,attack_flow,43,60,0.3,0.7,0.0,0.19436069815704973,0.1920022579199451,0,263,412
HM+ST,stockpile,attack_flow,43,60,0.2,0.7,0.1,0.1897270056870016,0.18912692344703477,0,263,412
HM+ST,stockpile,attack_flow,43,60,0.1,0.7,0.2,0.16746510733828562,0.1723935400576839,0,263,412
HM+ST,stockpile,attack_flow,43,60,0.0,0.7,0.3,0.14678518306076974,0.1440833823082155,0,263,412
HM+ST,stockpile,attack_flow,43,60,0.2,0.8,0.0,0.1950789969888792,0.19390376713030424,0,263,412
HM+ST,stockpile,attack_flow,43,60,0.1,0.8,0.1,0.18407751490106572,0.18502399710530665,0,263,412
HM+ST,stockpile,attack_flow,43,60,0.0,0.8,0.2,0.16750190554806807,0.1703827527896307,0,263,412
HM+ST,stockpile,attack_flow,43,60,0.1,0.9,0.0,0.18938073180214343,0.19319528839651592,0,263,412
HM+ST,stockpile,attack_flow,43,60,0.0,0.9,0.1,0.18004636911748254,0.18547909286893893,0,263,412
HM+ST,stockpile,attack_flow,43,60,0.0,1.0,0.0,0.18620459597641442,0.191576647580785,0,263,412
HM+ST,stockpile,attack_flow,43,80,1.0,0.0,0.0,0.18468215635939758,0.18306874644018506,0,263,412
HM+ST,stockpile,attack_flow,43,80,0.9,0.0,0.1,0.17989570500787835,0.17970028117707698,0,263,412
HM+ST,stockpile,attack_flow,43,80,0.8,0.0,0.2,0.17288386048587948,0.17640861955545847,0,263,412
HM+ST,stockpile,attack_flow,43,80,0.7,0.0,0.3,0.16044787480413134,0.1657647088279855,0,263,412
HM+ST,stockpile,attack_flow,43,80,0.6,0.0,0.4,0.15189246634551726,0.15369421870281308,0,263,412
HM+ST,stockpile,attack_flow,43,80,0.5,0.0,0.5,0.14496480300654765,0.14220419176844343,0,263,412
HM+ST,stockpile,attack_flow,43,80,0.4,0.0,0.6,0.12092546334803424,0.12444317276943458,0,263,412
HM+ST,stockpile,attack_flow,43,80,0.3,0.0,0.7,0.10984321471827381,0.10979832238350966,0,263,412
HM+ST,stockpile,attack_flow,43,80,0.2,0.0,0.8,0.09995516167901485,0.09668224081007579,0,263,412
HM+ST,stockpile,attack_flow,43,80,0.1,0.0,0.9,0.07948173463020967,0.07585143109954474,0,263,412
HM+ST,stockpile,attack_flow,43,80,0.0,0.0,1.0,0.018325913018086924,0.027984758145042532,0,263,412
HM+ST,stockpile,attack_flow,43,80,0.9,0.1,0.0,0.1849572676748449,0.18301198049854633,0,263,412
HM+ST,stockpile,attack_flow,43,80,0.8,0.1,0.1,0.18023263414914079,0.18059055470373156,0,263,412
HM+ST,stockpile,attack_flow,43,80,0.7,0.1,0.2,0.1758036268558031,0.1772236163675988,0,263,412
HM+ST,stockpile,attack_flow,43,80,0.6,0.1,0.3,0.16066423710989935,0.16585537558948238,0,263,412
HM+ST,stockpile,attack_flow,43,80,0.5,0.1,0.4,0.15038326417044218,0.15070214170132773,0,263,412
HM+ST,stockpile,attack_flow,43,80,0.4,0.1,0.5,0.13728817867007811,0.138454580427406,0,263,412
HM+ST,stockpile,attack_flow,43,80,0.3,0.1,0.6,0.11719195369565506,0.1204494574006996,0,263,412
HM+ST,stockpile,attack_flow,43,80,0.2,0.1,0.7,0.10522318387627516,0.10434542558301999,0,263,412
HM+ST,stockpile,attack_flow,43,80,0.1,0.1,0.8,0.08742151387673733,0.08103306975203337,0,263,412
HM+ST,stockpile,attack_flow,43,80,0.0,0.1,0.9,0.03563574330711313,0.05894228245938158,0,263,412
HM+ST,stockpile,attack_flow,43,80,0.8,0.2,0.0,0.18608064049577155,0.1840224993992354,0,263,412
HM+ST,stockpile,attack_flow,43,80,0.7,0.2,0.1,0.18138452626278098,0.18190803752795234,0,263,412
HM+ST,stockpile,attack_flow,43,80,0.6,0.2,0.2,0.17540135734239584,0.17731215768138436,0,263,412
HM+ST,stockpile,attack_flow,43,80,0.5,0.2,0.3,0.16058974607624346,0.164432886661641,0,263,412
HM+ST,stockpile,attack_flow,43,80,0.4,0.2,0.4,0.14880091435561546,0.1499949361158877,0,263,412
HM+ST,stockpile,attack_flow,43,80,0.3,0.2,0.5,0.13053354034737197,0.13350488827037005,0,263,412
HM+ST,stockpile,attack_flow,43,80,0.2,0.2,0.6,0.11207296051968335,0.11417895122153934,0,263,412
HM+ST,stockpile,attack_flow,43,80,0.1,0.2,0.7,0.08950529992350664,0.09490436062329519,0,263,412
HM+ST,stockpile,attack_flow,43,80,0.0,0.2,0.8,0.03674069724114749,0.061203559608396,0,263,412
HM+ST,stockpile,attack_flow,43,80,0.7,0.3,0.0,0.18666037117667506,0.1854702270525992,0,263,412
HM+ST,stockpile,attack_flow,43,80,0.6,0.3,0.1,0.18183119454968535,0.18288938461874327,0,263,412
HM+ST,stockpile,attack_flow,43,80,0.5,0.3,0.2,0.17420506300580677,0.175221971016345,0,263,412
HM+ST,stockpile,attack_flow,43,80,0.4,0.3,0.3,0.16020916186770334,0.16310725783220456,0,263,412
HM+ST,stockpile,attack_flow,43,80,0.3,0.3,0.4,0.14202605339565536,0.1453638215071179,0,263,412
HM+ST,stockpile,attack_flow,43,80,0.2,0.3,0.5,0.11916568688110041,0.12865009551586484,0,263,412
HM+ST,stockpile,attack_flow,43,80,0.1,0.3,0.6,0.09965344954846446,0.10348818309283261,0,263,412
HM+ST,stockpile,attack_flow,43,80,0.0,0.3,0.7,0.04400869758548959,0.06563947357231023,0,263,412
HM+ST,stockpile,attack_flow,43,80,0.6,0.4,0.0,0.18643265544063056,0.18635491271726481,0,263,412
HM+ST,stockpile,attack_flow,43,80,0.5,0.4,0.1,0.17971278952370615,0.1824384601800318,0,263,412
HM+ST,stockpile,attack_flow,43,80,0.4,0.4,0.2,0.16951350826670164,0.17287169885223883,0,263,412
HM+ST,stockpile,attack_flow,43,80,0.3,0.4,0.3,0.15393957349867188,0.16042384391034586,0,263,412
HM+ST,stockpile,attack_flow,43,80,0.2,0.4,0.4,0.13713808313900192,0.14164964433805163,0,263,412
HM+ST,stockpile,attack_flow,43,80,0.1,0.4,0.5,0.10950019417332942,0.11415046022273848,0,263,412
HM+ST,stockpile,attack_flow,43,80,0.0,0.4,0.6,0.05501233529257171,0.07564062576490531,0,263,412
HM+ST,stockpile,attack_flow,43,80,0.5,0.5,0.0,0.18833861128283874,0.1859662797886777,0,263,412
HM+ST,stockpile,attack_flow,43,80,0.4,0.5,0.1,0.18108958419350454,0.18276707073813583,0,263,412
HM+ST,stockpile,attack_flow,43,80,0.3,0.5,0.2,0.16645178011570996,0.17145562389000615,0,263,412
HM+ST,stockpile,attack_flow,43,80,0.2,0.5,0.3,0.1524757301850402,0.15614967658962556,0,263,412
HM+ST,stockpile,attack_flow,43,80,0.1,0.5,0.4,0.122407313358082,0.1316908763619635,0,263,412
HM+ST,stockpile,attack_flow,43,80,0.0,0.5,0.5,0.07807038248947672,0.09065446056608556,0,263,412
HM+ST,stockpile,attack_flow,43,80,0.4,0.6,0.0,0.1864407254814244,0.18700175424920756,0,263,412
HM+ST,stockpile,attack_flow,43,80,0.3,0.6,0.1,0.1804387591219482,0.1822081782353598,0,263,412
HM+ST,stockpile,attack_flow,43,80,0.2,0.6,0.2,0.1655303226186364,0.17145542759500415,0,263,412
HM+ST,stockpile,attack_flow,43,80,0.1,0.6,0.3,0.1353218609599447,0.1469281158711172,0,263,412
HM+ST,stockpile,attack_flow,43,80,0.0,0.6,0.4,0.10286728291984758,0.11216552058665936,0,263,412
HM+ST,stockpile,attack_flow,43,80,0.3,0.7,0.0,0.18599001289181916,0.1894474653044756,0,263,412
HM+ST,stockpile,attack_flow,43,80,0.2,0.7,0.1,0.18103840564664156,0.18305920771413392,0,263,412
HM+ST,stockpile,attack_flow,43,80,0.1,0.7,0.2,0.15029650774928038,0.1630501458669095,0,263,412
HM+ST,stockpile,attack_flow,43,80,0.0,0.7,0.3,0.12221903935009786,0.13286371328830757,0,263,412
HM+ST,stockpile,attack_flow,43,80,0.2,0.8,0.0,0.18634451944591968,0.19068082040499085,0,263,412
HM+ST,stockpile,attack_flow,43,80,0.1,0.8,0.1,0.16707192932979145,0.1768271866108923,0,263,412
HM+ST,stockpile,attack_flow,43,80,0.0,0.8,0.2,0.13826276327883952,0.15339140674084004,0,263,412
HM+ST,stockpile,attack_flow,43,80,0.1,0.9,0.0,0.17588969061079388,0.18726433962780506,0,263,412
HM+ST,stockpile,attack_flow,43,80,0.0,0.9,0.1,0.15553743667745432,0.17190303782192112,0,263,412
HM+ST,stockpile,attack_flow,43,80,0.0,1.0,0.0,0.1704993275671149,0.181074798505877,0,263,412
HM+ST,stockpile,attack_flow,44,100,1.0,0.0,0.0,0.18121975738158744,0.18306874644018506,0,263,412
HM+ST,stockpile,attack_flow,44,100,0.9,0.0,0.1,0.17698800302219964,0.17970028117707698,0,263,412
HM+ST,stockpile,attack_flow,44,100,0.8,0.0,0.2,0.1686118909430606,0.17640861955545847,0,263,412
HM+ST,stockpile,attack_flow,44,100,0.7,0.0,0.3,0.1598725330680861,0.1657647088279855,0,263,412
HM+ST,stockpile,attack_flow,44,100,0.6,0.0,0.4,0.14806117150819056,0.15369421870281308,0,263,412
HM+ST,stockpile,attack_flow,44,100,0.5,0.0,0.5,0.13522985630577042,0.14220419176844343,0,263,412
HM+ST,stockpile,attack_flow,44,100,0.4,0.0,0.6,0.11536835075711159,0.12444317276943458,0,263,412
HM+ST,stockpile,attack_flow,44,100,0.3,0.0,0.7,0.09926997739209081,0.10979832238350966,0,263,412
HM+ST,stockpile,attack_flow,44,100,0.2,0.0,0.8,0.0901288556854895,0.09668224081007579,0,263,412
HM+ST,stockpile,attack_flow,44,100,0.1,0.0,0.9,0.07016742574941517,0.07585143109954474,0,263,412
HM+ST,stockpile,attack_flow,44,100,0.0,0.0,1.0,0.018325913018086924,0.027984758145042532,0,263,412
HM+ST,stockpile,attack_flow,44,100,0.9,0.1,0.0,0.18197454624017484,0.1828871589415645,0,263,412
HM+ST,stockpile,attack_flow,44,100,0.8,0.1,0.1,0.17535438816490714,0.18074917389841164,0,263,412
HM+ST,stockpile,attack_flow,44,100,0.7,0.1,0.2,0.1717083505389351,0.177632443125288,0,263,412
HM+ST,stockpile,attack_flow,44,100,0.6,0.1,0.3,0.1620422510225468,0.16639109574235977,0,263,412
HM+ST,stockpile,attack_flow,44,100,0.5,0.1,0.4,0.14985508695555527,0.15105242717311793,0,263,412
HM+ST,stockpile,attack_flow,44,100,0.4,0.1,0.5,0.13367151801959443,0.13877800728054004,0,263,412
HM+ST,stockpile,attack_flow,44,100,0.3,0.1,0.6,0.11173348517400608,0.12025524101853365,0,263,412
HM+ST,stockpile,attack_flow,44,100,0.2,0.1,0.7,0.09231107734287675,0.10388240626424514,0,263,412
HM+ST,stockpile,attack_flow,44,100,0.1,0.1,0.8,0.07712292581608829,0.08185985538638685,0,263,412
HM+ST,stockpile,attack_flow,44,100,0.0,0.1,0.9,0.03608914162621125,0.0585389508952737,0,263,412
HM+ST,stockpile,attack_flow,44,100,0.8,0.2,0.0,0.18376663716244146,0.1852555920331946,0,263,412
HM+ST,stockpile,attack_flow,44,100,0.7,0.2,0.1,0.17753100800650598,0.1817600157995952,0,263,412
HM+ST,stockpile,attack_flow,44,100,0.6,0.2,0.2,0.17035923152692578,0.17732484311416039,0,263,412
HM+ST,stockpile,attack_flow,44,100,0.5,0.2,0.3,0.1605494847945116,0.16488348383788037,0,263,412
HM+ST,stockpile,attack_flow,44,100,0.4,0.2,0.4,0.14770168886534737,0.14940104932398646,0,263,412
HM+ST,stockpile,attack_flow,44,100,0.3,0.2,0.5,0.1292210317017355,0.13445644869949333,0,263,412
HM+ST,stockpile,attack_flow,44,100,0.2,0.2,0.6,0.1060278492384746,0.11385189224224215,0,263,412
HM+ST,stockpile,attack_flow,44,100,0.1,0.2,0.7,0.08603492582802946,0.0963843418490807,0,263,412
HM+ST,stockpile,attack_flow,44,100,0.0,0.2,0.8,0.03675467310510038,0.06007083441743301,0,263,412
HM+ST,stockpile,attack_flow,44,100,0.7,0.3,0.0,0.18652775181064132,0.18688646210489707,0,263,412
HM+ST,stockpile,attack_flow,44,100,0.6,0.3,0.1,0.177874807261552,0.18243633425558498,0,263,412
HM+ST,stockpile,attack_flow,44,100,0.5,0.3,0.2,0.17078086032185158,0.1747320916436143,0,263,412
HM+ST,stockpile,attack_flow,44,100,0.4,0.3,0.3,0.16092826781292535,0.16327216061347496,0,263,412
HM+ST,stockpile,attack_flow,44,100,0.3,0.3,0.4,0.14306341004646045,0.1463067427353827,0,263,412
HM+ST,stockpile,attack_flow,44,100,0.2,0.3,0.5,0.12100032157876855,0.12804941392117933,0,263,412
HM+ST,stockpile,attack_flow,44,100,0.1,0.3,0.6,0.09432034812976431,0.10309222506292144,0,263,412
HM+ST,stockpile,attack_flow,44,100,0.0,0.3,0.7,0.04427240450882374,0.065992653900154,0,263,412
HM+ST,stockpile,attack_flow,44,100,0.6,0.4,0.0,0.18558707864809917,0.1867433093169257,0,263,412
HM+ST,stockpile,attack_flow,44,100,0.5,0.4,0.1,0.1788828377964907,0.18082620833177188,0,263,412
HM+ST,stockpile,attack_flow,44,100,0.4,0.4,0.2,0.17002914026674387,0.17295456894973943,0,263,412
HM+ST,stockpile,attack_flow,44,100,0.3,0.4,0.3,0.1573472807121043,0.16093833746039338,0,263,412
HM+ST,stockpile,attack_flow,44,100,0.2,0.4,0.4,0.1365973394232115,0.1399987955260838,0,263,412
HM+ST,stockpile,attack_flow,44,100,0.1,0.4,0.5,0.10639741449084898,0.1147460742767213,0,263,412
HM+ST,stockpile,attack_flow,44,100,0.0,0.4,0.6,0.058394768033516266,0.07761547099991535,0,263,412
HM+ST,stockpile,attack_flow,44,100,0.5,0.5,0.0,0.1859630536742842,0.18591767858897765,0,263,412
HM+ST,stockpile,attack_flow,44,100,0.4,0.5,0.1,0.18049709787151508,0.1799404744218795,0,263,412
HM+ST,stockpile,attack_flow,44,100,0.3,0.5,0.2,0.16645643297935817,0.17070010420109116,0,263,412
HM+ST,stockpile,attack_flow,44,100,0.2,0.5,0.3,0.15486181823292852,0.15546779772749497,0,263,412
HM+ST,stockpile,attack_flow,44,100,0.1,0.5,0.4,0.1221933184547496,0.13012433985306723,0,263,412
HM+ST,stockpile,attack_flow,44,100,0.0,0.5,0.5,0.0780607502756055,0.0918901299780305,0,263,412
HM+ST,stockpile,attack_flow,44,100,0.4,0.6,0.0,0.186633896767626,0.18617096851070186,0,263,412
HM+ST,stockpile,attack_flow,44,100,0.3,0.6,0.1,0.1805096741829577,0.18127905579890102,0,263,412
HM+ST,stockpile,attack_flow,44,100,0.2,0.6,0.2,0.16871308904262503,0.16865690446227244,0,263,412
HM+ST,stockpile,attack_flow,44,100,0.1,0.6,0.3,0.14198107985286912,0.1467481081297153,0,263,412
HM+ST,stockpile,attack_flow,44,100,0.0,0.6,0.4,0.10317862299986366,0.11143502612180138,0,263,412
HM+ST,stockpile,attack_flow,44,100,0.3,0.7,0.0,0.18684858670030968,0.18652871144737268,0,263,412
HM+ST,stockpile,attack_flow,44,100,0.2,0.7,0.1,0.18052026045946992,0.17923185441760053,0,263,412
HM+ST,stockpile,attack_flow,44,100,0.1,0.7,0.2,0.15987648812658017,0.16320883830072358,0,263,412
HM+ST,stockpile,attack_flow,44,100,0.0,0.7,0.3,0.1329868248244865,0.1309632003217847,0,263,412
HM+ST,stockpile,attack_flow,44,100,0.2,0.8,0.0,0.1830258293791802,0.18590076127203553,0,263,412
HM+ST,stockpile,attack_flow,44,100,0.1,0.8,0.1,0.17061593623213847,0.17375848423949866,0,263,412
HM+ST,stockpile,attack_flow,44,100,0.0,0.8,0.2,0.14689226815747525,0.14929804678011588,0,263,412
HM+ST,stockpile,attack_flow,44,100,0.1,0.9,0.0,0.1758981042890336,0.17998332297472355,0,263,412
HM+ST,stockpile,attack_flow,44,100,0.0,0.9,0.1,0.16000429852367756,0.16368379651944426,0,263,412
HM+ST,stockpile,attack_flow,44,100,0.0,1.0,0.0,0.1686981353353682,0.17256291261080653,0,263,412
HM+ST,stockpile,attack_flow,44,20,1.0,0.0,0.0,0.18121975738158744,0.18306874644018506,0,263,412
HM+ST,stockpile,attack_flow,44,20,0.9,0.0,0.1,0.17698800302219964,0.17970028117707698,0,263,412
HM+ST,stockpile,attack_flow,44,20,0.8,0.0,0.2,0.1686118909430606,0.17640861955545847,0,263,412
HM+ST,stockpile,attack_flow,44,20,0.7,0.0,0.3,0.1598725330680861,0.1657647088279855,0,263,412
HM+ST,stockpile,attack_flow,44,20,0.6,0.0,0.4,0.14806117150819056,0.15369421870281308,0,263,412
HM+ST,stockpile,attack_flow,44,20,0.5,0.0,0.5,0.13522985630577042,0.14220419176844343,0,263,412
HM+ST,stockpile,attack_flow,44,20,0.4,0.0,0.6,0.11536835075711159,0.12444317276943458,0,263,412
HM+ST,stockpile,attack_flow,44,20,0.3,0.0,0.7,0.09926997739209081,0.10979832238350966,0,263,412
HM+ST,stockpile,attack_flow,44,20,0.2,0.0,0.8,0.0901288556854895,0.09668224081007579,0,263,412
HM+ST,stockpile,attack_flow,44,20,0.1,0.0,0.9,0.07016742574941517,0.07585143109954474,0,263,412
HM+ST,stockpile,attack_flow,44,20,0.0,0.0,1.0,0.018325913018086924,0.027984758145042532,0,263,412
HM+ST,stockpile,attack_flow,44,20,0.9,0.1,0.0,0.18227287926943114,0.18454841266848465,0,263,412
HM+ST,stockpile,attack_flow,44,20,0.8,0.1,0.1,0.17942284274659054,0.18371696761726308,0,263,412
HM+ST,stockpile,attack_flow,44,20,0.7,0.1,0.2,0.17246326073754834,0.17766624451929813,0,263,412
HM+ST,stockpile,attack_flow,44,20,0.6,0.1,0.3,0.16209743928020046,0.16634777198484416,0,263,412
HM+ST,stockpile,attack_flow,44,20,0.5,0.1,0.4,0.1494963718371627,0.15284441119681064,0,263,412
HM+ST,stockpile,attack_flow,44,20,0.4,0.1,0.5,0.13642958725299983,0.14056975001174005,0,263,412
HM+ST,stockpile,attack_flow,44,20,0.3,0.1,0.6,0.1159532235129442,0.12204129491206542,0,263,412
HM+ST,stockpile,attack_flow,44,20,0.2,0.1,0.7,0.0970366196072838,0.10555048039783603,0,263,412
HM+ST,stockpile,attack_flow,44,20,0.1,0.1,0.8,0.08074108568052203,0.0824459764875484,0,263,412
HM+ST,stockpile,attack_flow,44,20,0.0,0.1,0.9,0.037716141461743104,0.062138051244828685,0,263,412
HM+ST,stockpile,attack_flow,44,20,0.8,0.2,0.0,0.18405336579171772,0.1862013418970271,0,263,412
HM+ST,stockpile,attack_flow,44,20,0.7,0.2,0.1,0.18187209297828452,0.18461564155174928,0,263,412
HM+ST,stockpile,attack_flow,44,20,0.6,0.2,0.2,0.1739131374300338,0.17969972639066556,0,263,412
HM+ST,stockpile,attack_flow,44,20,0.5,0.2,0.3,0.16117611515920013,0.1652375813468458,0,263,412
HM+ST,stockpile,attack_flow,44,20,0.4,0.2,0.4,0.15043567058858218,0.15286150601976883,0,263,412
HM+ST,stockpile,attack_flow,44,20,0.3,0.2,0.5,0.12535069832966655,0.1376235634900309,0,263,412
HM+ST,stockpile,attack_flow,44,20,0.2,0.2,0.6,0.11105032577963626,0.11578399652733506,0,263,412
HM+ST,stockpile,attack_flow,44,20,0.1,0.2,0.7,0.08969596155255657,0.09749223005353226,0,263,412
HM+ST,stockpile,attack_flow,44,20,0.0,0.2,0.8,0.044473413553820965,0.06633255624425197,0,263,412
HM+ST,stockpile,attack_flow,44,20,0.7,0.3,0.0,0.18697216058367583,0.1876409411106154,0,263,412
HM+ST,stockpile,attack_flow,44,20,0.6,0.3,0.1,0.18348486674321468,0.1869943359995397,0,263,412
HM+ST,stockpile,attack_flow,44,20,0.5,0.3,0.2,0.17527361800191418,0.1790183531016906,0,263,412
HM+ST,stockpile,attack_flow,44,20,0.4,0.3,0.3,0.1659254445999523,0.1651351235564918,0,263,412
HM+ST,stockpile,attack_flow,44,20,0.3,0.3,0.4,0.15081008382024852,0.15334628046104662,0,263,412
HM+ST,stockpile,attack_flow,44,20,0.2,0.3,0.5,0.1300220125141231,0.13349667645173763,0,263,412
HM+ST,stockpile,attack_flow,44,20,0.1,0.3,0.6,0.09621412463596136,0.11031034070793004,0,263,412
HM+ST,stockpile,attack_flow,44,20,0.0,0.3,0.7,0.05962325887892163,0.07402314545491241,0,263,412
HM+ST,stockpile,attack_flow,44,20,0.6,0.4,0.0,0.1892259575123611,0.18964935214191023,0,263,412
HM+ST,stockpile,attack_flow,44,20,0.5,0.4,0.1,0.18656753841328144,0.18799452092069466,0,263,412
HM+ST,stockpile,attack_flow,44,20,0.4,0.4,0.2,0.1769434353117826,0.17977095464363804,0,263,412
HM+ST,stockpile,attack_flow,44,20,0.3,0.4,0.3,0.167746905503158,0.16644009761271875,0,263,412
HM+ST,stockpile,attack_flow,44,20,0.2,0.4,0.4,0.15058706752841333,0.1508954357589333,0,263,412
HM+ST,stockpile,attack_flow,44,20,0.1,0.4,0.5,0.11415377291722487,0.12115874276886926,0,263,412
HM+ST,stockpile,attack_flow,44,20,0.0,0.4,0.6,0.0893590660457278,0.10023243766693461,0,263,412
HM+ST,stockpile,attack_flow,44,20,0.5,0.5,0.0,0.19540947065400308,0.1913531756902958,0,263,412
HM+ST,stockpile,attack_flow,44,20,0.4,0.5,0.1,0.18876281368554992,0.18858795680803478,0,263,412
HM+ST,stockpile,attack_flow,44,20,0.3,0.5,0.2,0.1778453449826282,0.18171131048230088,0,263,412
HM+ST,stockpile,attack_flow,44,20,0.2,0.5,0.3,0.16710662833152204,0.16589771762295627,0,263,412
HM+ST,stockpile,attack_flow,44,20,0.1,0.5,0.4,0.13904938203880493,0.142498289820067,0,263,412
HM+ST,stockpile,attack_flow,44,20,0.0,0.5,0.5,0.11436802530342545,0.11899726608465351,0,263,412
HM+ST,stockpile,attack_flow,44,20,0.4,0.6,0.0,0.19841897367076444,0.19261942874845267,0,263,412
HM+ST,stockpile,attack_flow,44,20,0.3,0.6,0.1,0.19394832053763716,0.1912535320915782,0,263,412
HM+ST,stockpile,attack_flow,44,20,0.2,0.6,0.2,0.18028092676773086,0.18112745783972245,0,263,412
HM+ST,stockpile,attack_flow,44,20,0.1,0.6,0.3,0.16213629329876414,0.16417039360622704,0,263,412
HM+ST,stockpile,attack_flow,44,20,0.0,0.6,0.4,0.1342635826742497,0.14007417813505393,0,263,412
HM+ST,stockpile,attack_flow,44,20,0.3,0.7,0.0,0.20099582431827212,0.19349613341135302,0,263,412
HM+ST,stockpile,attack_flow,44,20,0.2,0.7,0.1,0.19578957080570175,0.19338992853530823,0,263,412
HM+ST,stockpile,attack_flow,44,20,0.1,0.7,0.2,0.17652803769733275,0.18130559454063427,0,263,412
HM+ST,stockpile,attack_flow,44,20,0.0,0.7,0.3,0.16504945549270453,0.1663541867254293,0,263,412
HM+ST,stockpile,attack_flow,44,20,0.2,0.8,0.0,0.20152182951973027,0.19476622906080937,0,263,412
HM+ST,stockpile,attack_flow,44,20,0.1,0.8,0.1,0.1923446285447511,0.19311257347948563,0,263,412
HM+ST,stockpile,attack_flow,44,20,0.0,0.8,0.2,0.17916040778367598,0.18632990082918197,0,263,412
HM+ST,stockpile,attack_flow,44,20,0.1,0.9,0.0,0.1973127787345334,0.19570305069185595,0,263,412
HM+ST,stockpile,attack_flow,44,20,0.0,0.9,0.1,0.19435426612856396,0.1961895164857295,0,263,412
HM+ST,stockpile,attack_flow,44,20,0.0,1.0,0.0,0.1970044261924981,0.19985174211432885,1,263,412
HM+ST,stockpile,attack_flow,44,40,1.0,0.0,0.0,0.18121975738158744,0.18306874644018506,0,263,412
HM+ST,stockpile,attack_flow,44,40,0.9,0.0,0.1,0.17698800302219964,0.17970028117707698,0,263,412
HM+ST,stockpile,attack_flow,44,40,0.8,0.0,0.2,0.1686118909430606,0.17640861955545847,0,263,412
HM+ST,stockpile,attack_flow,44,40,0.7,0.0,0.3,0.1598725330680861,0.1657647088279855,0,263,412
HM+ST,stockpile,attack_flow,44,40,0.6,0.0,0.4,0.14806117150819056,0.15369421870281308,0,263,412
HM+ST,stockpile,attack_flow,44,40,0.5,0.0,0.5,0.13522985630577042,0.14220419176844343,0,263,412
HM+ST,stockpile,attack_flow,44,40,0.4,0.0,0.6,0.11536835075711159,0.12444317276943458,0,263,412
HM+ST,stockpile,attack_flow,44,40,0.3,0.0,0.7,0.09926997739209081,0.10979832238350966,0,263,412
HM+ST,stockpile,attack_flow,44,40,0.2,0.0,0.8,0.0901288556854895,0.09668224081007579,0,263,412
HM+ST,stockpile,attack_flow,44,40,0.1,0.0,0.9,0.07016742574941517,0.07585143109954474,0,263,412
HM+ST,stockpile,attack_flow,44,40,0.0,0.0,1.0,0.018325913018086924,0.027984758145042532,0,263,412
HM+ST,stockpile,attack_flow,44,40,0.9,0.1,0.0,0.18121607719261743,0.18435919167908613,0,263,412
HM+ST,stockpile,attack_flow,44,40,0.8,0.1,0.1,0.1771621186514966,0.1831515729478975,0,263,412
HM+ST,stockpile,attack_flow,44,40,0.7,0.1,0.2,0.170890528395896,0.17760924576439147,0,263,412
HM+ST,stockpile,attack_flow,44,40,0.6,0.1,0.3,0.16029970971578822,0.16539386119933056,0,263,412
HM+ST,stockpile,attack_flow,44,40,0.5,0.1,0.4,0.14866641694600494,0.15184828391759536,0,263,412
HM+ST,stockpile,attack_flow,44,40,0.4,0.1,0.5,0.13486430759952825,0.13928958894152912,0,263,412
HM+ST,stockpile,attack_flow,44,40,0.3,0.1,0.6,0.11519022983083774,0.12022663543054009,0,263,412
HM+ST,stockpile,attack_flow,44,40,0.2,0.1,0.7,0.09271918097659065,0.10393736494906783,0,263,412
HM+ST,stockpile,attack_flow,44,40,0.1,0.1,0.8,0.0797129063039001,0.08134352769306283,0,263,412
HM+ST,stockpile,attack_flow,44,40,0.0,0.1,0.9,0.03493353628312814,0.06254926883931795,0,263,412
HM+ST,stockpile,attack_flow,44,40,0.8,0.2,0.0,0.1824753509210059,0.18554544359251085,0,263,412
HM+ST,stockpile,attack_flow,44,40,0.7,0.2,0.1,0.17905237838188792,0.1848980584370097,0,263,412
HM+ST,stockpile,attack_flow,44,40,0.6,0.2,0.2,0.17075326584079023,0.17803708094529888,0,263,412
HM+ST,stockpile,attack_flow,44,40,0.5,0.2,0.3,0.1594680924379005,0.163368272834919,0,263,412
HM+ST,stockpile,attack_flow,44,40,0.4,0.2,0.4,0.14830459158172854,0.1505607691302116,0,263,412
HM+ST,stockpile,attack_flow,44,40,0.3,0.2,0.5,0.13355704372255037,0.13573012717482658,0,263,412
HM+ST,stockpile,attack_flow,44,40,0.2,0.2,0.6,0.10958885590351469,0.1154041495591015,0,263,412
HM+ST,stockpile,attack_flow,44,40,0.1,0.2,0.7,0.08495699885531723,0.09757621103525252,0,263,412
HM+ST,stockpile,attack_flow,44,40,0.0,0.2,0.8,0.03873887583339838,0.06492950672573912,0,263,412
HM+ST,stockpile,attack_flow,44,40,0.7,0.3,0.0,0.18483760880222336,0.18760584294743474,0,263,412
HM+ST,stockpile,attack_flow,44,40,0.6,0.3,0.1,0.1793093924939707,0.18525675481034787,0,263,412
HM+ST,stockpile,attack_flow,44,40,0.5,0.3,0.2,0.1724105861620756,0.17827054980379226,0,263,412
HM+ST,stockpile,attack_flow,44,40,0.4,0.3,0.3,0.15923404853376683,0.1630240317515742,0,263,412
HM+ST,stockpile,attack_flow,44,40,0.3,0.3,0.4,0.1505138549663801,0.14984609193306886,0,263,412
HM+ST,stockpile,attack_flow,44,40,0.2,0.3,0.5,0.11895570321825887,0.1281446347257123,0,263,412
HM+ST,stockpile,attack_flow,44,40,0.1,0.3,0.6,0.09480110562921314,0.1093414344078818,0,263,412
HM+ST,stockpile,attack_flow,44,40,0.0,0.3,0.7,0.04933435501106595,0.07175427695110083,0,263,412
HM+ST,stockpile,attack_flow,44,40,0.6,0.4,0.0,0.1869844134375654,0.18903881472978157,0,263,412
HM+ST,stockpile,attack_flow,44,40,0.5,0.4,0.1,0.18013460955146085,0.1873942810422258,0,263,412
HM+ST,stockpile,attack_flow,44,40,0.4,0.4,0.2,0.17277181333474223,0.17706845442400604,0,263,412
HM+ST,stockpile,attack_flow,44,40,0.3,0.4,0.3,0.16012231210948266,0.16201665646557478,0,263,412
HM+ST,stockpile,attack_flow,44,40,0.2,0.4,0.4,0.14664396702752092,0.14617655474767402,0,263,412
HM+ST,stockpile,attack_flow,44,40,0.1,0.4,0.5,0.10520113950804348,0.11753306535159924,0,263,412
HM+ST,stockpile,attack_flow,44,40,0.0,0.4,0.6,0.0638630346646943,0.08547547471803847,0,263,412
HM+ST,stockpile,attack_flow,44,40,0.5,0.5,0.0,0.19044333371627983,0.19094490442375403,0,263,412
HM+ST,stockpile,attack_flow,44,40,0.4,0.5,0.1,0.1831752726603221,0.18804203095572708,0,263,412
HM+ST,stockpile,attack_flow,44,40,0.3,0.5,0.2,0.17251258210897824,0.1773131137748627,0,263,412
HM+ST,stockpile,attack_flow,44,40,0.2,0.5,0.3,0.1594558408064886,0.16120475944835036,0,263,412
HM+ST,stockpile,attack_flow,44,40,0.1,0.5,0.4,0.13293516300234845,0.1361333023872739,0,263,412
HM+ST,stockpile,attack_flow,44,40,0.0,0.5,0.5,0.08923617340695933,0.11002255298409988,0,263,412
HM+ST,stockpile,attack_flow,44,40,0.4,0.6,0.0,0.19177893286301093,0.19227410655516936,0,263,412
HM+ST,stockpile,attack_flow,44,40,0.3,0.6,0.1,0.18442413491205778,0.1894477956927812,0,263,412
HM+ST,stockpile,attack_flow,44,40,0.2,0.6,0.2,0.1728863127583555,0.17880872314393154,0,263,412
HM+ST,stockpile,attack_flow,44,40,0.1,0.6,0.3,0.14709588169277796,0.15398536140979813,0,263,412
HM+ST,stockpile,attack_flow,44,40,0.0,0.6,0.4,0.12000638817785368,0.12561333812908843,0,263,412
HM+ST,stockpile,attack_flow,44,40,0.3,0.7,0.0,0.19467742935990998,0.19419512737238787,0,263,412
HM+ST,stockpile,attack_flow,44,40,0.2,0.7,0.1,0.1860664788509944,0.19090535553964041,0,263,412
HM+ST,stockpile,attack_flow,44,40,0.1,0.7,0.2,0.16079875084273956,0.17616323090085823,0,263,412
HM+ST,stockpile,attack_flow,44,40,0.0,0.7,0.3,0.14278339814135627,0.15249827657100193,0,263,412
HM+ST,stockpile,attack_flow,44,40,0.2,0.8,0.0,0.1979318968137875,0.1965487106536427,0,263,412
HM+ST,stockpile,attack_flow,44,40,0.1,0.8,0.1,0.18243504380181702,0.1888207792940845,0,263,412
HM+ST,stockpile,attack_flow,44,40,0.0,0.8,0.2,0.1633277338145288,0.1785695366927677,0,263,412
HM+ST,stockpile,attack_flow,44,40,0.1,0.9,0.0,0.19329203812943976,0.19580137482356744,0,263,412
HM+ST,stockpile,attack_flow,44,40,0.0,0.9,0.1,0.1803122312643975,0.19255089197718994,0,263,412
HM+ST,stockpile,attack_flow,44,40,0.0,1.0,0.0,0.19556707694185857,0.1993665631974852,0,263,412
HM+ST,stockpile,attack_flow,44,60,1.0,0.0,0.0,0.18121975738158744,0.18306874644018506,0,263,412
HM+ST,stockpile,attack_flow,44,60,0.9,0.0,0.1,0.17698800302219964,0.17970028117707698,0,263,412
HM+ST,stockpile,attack_flow,44,60,0.8,0.0,0.2,0.1686118909430606,0.17640861955545847,0,263,412
HM+ST,stockpile,attack_flow,44,60,0.7,0.0,0.3,0.1598725330680861,0.1657647088279855,0,263,412
HM+ST,stockpile,attack_flow,44,60,0.6,0.0,0.4,0.14806117150819056,0.15369421870281308,0,263,412
HM+ST,stockpile,attack_flow,44,60,0.5,0.0,0.5,0.13522985630577042,0.14220419176844343,0,263,412
HM+ST,stockpile,attack_flow,44,60,0.4,0.0,0.6,0.11536835075711159,0.12444317276943458,0,263,412
HM+ST,stockpile,attack_flow,44,60,0.3,0.0,0.7,0.09926997739209081,0.10979832238350966,0,263,412
HM+ST,stockpile,attack_flow,44,60,0.2,0.0,0.8,0.0901288556854895,0.09668224081007579,0,263,412
HM+ST,stockpile,attack_flow,44,60,0.1,0.0,0.9,0.07016742574941517,0.07585143109954474,0,263,412
HM+ST,stockpile,attack_flow,44,60,0.0,0.0,1.0,0.018325913018086924,0.027984758145042532,0,263,412
HM+ST,stockpile,attack_flow,44,60,0.9,0.1,0.0,0.18360658172751979,0.18387518439226536,0,263,412
HM+ST,stockpile,attack_flow,44,60,0.8,0.1,0.1,0.17690670150291388,0.18183548130805957,0,263,412
HM+ST,stockpile,attack_flow,44,60,0.7,0.1,0.2,0.17250990742352304,0.17715855637133587,0,263,412
HM+ST,stockpile,attack_flow,44,60,0.6,0.1,0.3,0.16166783296294576,0.16544259396080208,0,263,412
HM+ST,stockpile,attack_flow,44,60,0.5,0.1,0.4,0.14860427798733128,0.15149066055051869,0,263,412
HM+ST,stockpile,attack_flow,44,60,0.4,0.1,0.5,0.1369643256023363,0.1390831596721506,0,263,412
HM+ST,stockpile,attack_flow,44,60,0.3,0.1,0.6,0.1144513583106934,0.12080394992676231,0,263,412
HM+ST,stockpile,attack_flow,44,60,0.2,0.1,0.7,0.09532953557093866,0.104538750186121,0,263,412
HM+ST,stockpile,attack_flow,44,60,0.1,0.1,0.8,0.08026407356327551,0.08141794282823878,0,263,412
HM+ST,stockpile,attack_flow,44,60,0.0,0.1,0.9,0.0360025434641899,0.0608340471387109,0,263,412
HM+ST,stockpile,attack_flow,44,60,0.8,0.2,0.0,0.18418087201659025,0.18493383426639304,0,263,412
HM+ST,stockpile,attack_flow,44,60,0.7,0.2,0.1,0.17871944184775077,0.18341999532863268,0,263,412
HM+ST,stockpile,attack_flow,44,60,0.6,0.2,0.2,0.17306472229474631,0.17778047617112414,0,263,412
HM+ST,stockpile,attack_flow,44,60,0.5,0.2,0.3,0.16187015749753805,0.1640048449284548,0,263,412
HM+ST,stockpile,attack_flow,44,60,0.4,0.2,0.4,0.15203881034216318,0.1500489991793307,0,263,412
HM+ST,stockpile,attack_flow,44,60,0.3,0.2,0.5,0.1305490434568862,0.1352981084066262,0,263,412
HM+ST,stockpile,attack_flow,44,60,0.2,0.2,0.6,0.11045077452000722,0.11488677026788899,0,263,412
HM+ST,stockpile,attack_flow,44,60,0.1,0.2,0.7,0.09271771350177375,0.09680735948100819,0,263,412
HM+ST,stockpile,attack_flow,44,60,0.0,0.2,0.8,0.039793677098658345,0.061971349537273956,0,263,412
HM+ST,stockpile,attack_flow,44,60,0.7,0.3,0.0,0.1882107340054489,0.18561740356011402,0,263,412
HM+ST,stockpile,attack_flow,44,60,0.6,0.3,0.1,0.18062617498531353,0.18513277028677666,0,263,412
HM+ST,stockpile,attack_flow,44,60,0.5,0.3,0.2,0.17373697455343887,0.1769956282827747,0,263,412
HM+ST,stockpile,attack_flow,44,60,0.4,0.3,0.3,0.1621419266459248,0.16278657354906373,0,263,412
HM+ST,stockpile,attack_flow,44,60,0.3,0.3,0.4,0.14927347102982924,0.14853582587964803,0,263,412
HM+ST,stockpile,attack_flow,44,60,0.2,0.3,0.5,0.12216931979580359,0.12885993417039293,0,263,412
HM+ST,stockpile,attack_flow,44,60,0.1,0.3,0.6,0.10018570886056798,0.10695708308204428,0,263,412
HM+ST,stockpile,attack_flow,44,60,0.0,0.3,0.7,0.05156642411717823,0.07003071937756014,0,263,412
HM+ST,stockpile,attack_flow,44,60,0.6,0.4,0.0,0.1892711840366163,0.187750891929181,0,263,412
HM+ST,stockpile,attack_flow,44,60,0.5,0.4,0.1,0.18349382920846172,0.1865054696944372,0,263,412
HM+ST,stockpile,attack_flow,44,60,0.4,0.4,0.2,0.17369061996715482,0.17625113732844414,0,263,412
HM+ST,stockpile,attack_flow,44,60,0.3,0.4,0.3,0.16381594364025887,0.16282508224357223,0,263,412
HM+ST,stockpile,attack_flow,44,60,0.2,0.4,0.4,0.14596666498451735,0.14463528883853313,0,263,412
HM+ST,stockpile,attack_flow,44,60,0.1,0.4,0.5,0.11346949748647944,0.1176454533128517,0,263,412
HM+ST,stockpile,attack_flow,44,60,0.0,0.4,0.6,0.06971301083811772,0.08185870481386878,0,263,412
HM+ST,stockpile,attack_flow,44,60,0.5,0.5,0.0,0.19121010714079908,0.18843743014951989,0,263,412
HM+ST,stockpile,attack_flow,44,60,0.4,0.5,0.1,0.18905721014726024,0.18714837276221716,0,263,412
HM+ST,stockpile,attack_flow,44,60,0.3,0.5,0.2,0.17634742517995985,0.17704308788446482,0,263,412
HM+ST,stockpile,attack_flow,44,60,0.2,0.5,0.3,0.16280250656377004,0.1604139626278151,0,263,412
HM+ST,stockpile,attack_flow,44,60,0.1,0.5,0.4,0.13488301972336667,0.1342171203115652,0,263,412
HM+ST,stockpile,attack_flow,44,60,0.0,0.5,0.5,0.10190038645300585,0.1016127906458842,0,263,412
HM+ST,stockpile,attack_flow,44,60,0.4,0.6,0.0,0.19327759183234705,0.19012392455119548,0,263,412
HM+ST,stockpile,attack_flow,44,60,0.3,0.6,0.1,0.1894557896371512,0.1879505263566566,0,263,412
HM+ST,stockpile,attack_flow,44,60,0.2,0.6,0.2,0.18099382510890877,0.17776763960698025,0,263,412
HM+ST,stockpile,attack_flow,44,60,0.1,0.6,0.3,0.15813945617046485,0.14990788982832307,0,263,412
HM+ST,stockpile,attack_flow,44,60,0.0,0.6,0.4,0.11943169692218263,0.12257544353962853,0,263,412
HM+ST,stockpile,attack_flow,44,60,0.3,0.7,0.0,0.19512938331260912,0.1920022579199451,0,263,412
HM+ST,stockpile,attack_flow,44,60,0.2,0.7,0.1,0.1927768050801368,0.18912692344703477,0,263,412
HM+ST,stockpile,attack_flow,44,60,0.1,0.7,0.2,0.17786112978539043,0.1723935400576839,0,263,412
HM+ST,stockpile,attack_flow,44,60,0.0,0.7,0.3,0.15218386765020087,0.1440833823082155,0,263,412
HM+ST,stockpile,attack_flow,44,60,0.2,0.8,0.0,0.19639056322365753,0.19390376713030424,0,263,412
HM+ST,stockpile,attack_flow,44,60,0.1,0.8,0.1,0.18243740135047573,0.18502399710530665,0,263,412
HM+ST,stockpile,attack_flow,44,60,0.0,0.8,0.2,0.17299339108604445,0.1703827527896307,0,263,412
HM+ST,stockpile,attack_flow,44,60,0.1,0.9,0.0,0.1903649564919317,0.19319528839651592,0,263,412
HM+ST,stockpile,attack_flow,44,60,0.0,0.9,0.1,0.1824327091802672,0.18547909286893893,0,263,412
HM+ST,stockpile,attack_flow,44,60,0.0,1.0,0.0,0.18859999726624144,0.191576647580785,0,263,412
HM+ST,stockpile,attack_flow,44,80,1.0,0.0,0.0,0.18121975738158744,0.18306874644018506,0,263,412
HM+ST,stockpile,attack_flow,44,80,0.9,0.0,0.1,0.17698800302219964,0.17970028117707698,0,263,412
HM+ST,stockpile,attack_flow,44,80,0.8,0.0,0.2,0.1686118909430606,0.17640861955545847,0,263,412
HM+ST,stockpile,attack_flow,44,80,0.7,0.0,0.3,0.1598725330680861,0.1657647088279855,0,263,412
HM+ST,stockpile,attack_flow,44,80,0.6,0.0,0.4,0.14806117150819056,0.15369421870281308,0,263,412
HM+ST,stockpile,attack_flow,44,80,0.5,0.0,0.5,0.13522985630577042,0.14220419176844343,0,263,412
HM+ST,stockpile,attack_flow,44,80,0.4,0.0,0.6,0.11536835075711159,0.12444317276943458,0,263,412
HM+ST,stockpile,attack_flow,44,80,0.3,0.0,0.7,0.09926997739209081,0.10979832238350966,0,263,412
HM+ST,stockpile,attack_flow,44,80,0.2,0.0,0.8,0.0901288556854895,0.09668224081007579,0,263,412
HM+ST,stockpile,attack_flow,44,80,0.1,0.0,0.9,0.07016742574941517,0.07585143109954474,0,263,412
HM+ST,stockpile,attack_flow,44,80,0.0,0.0,1.0,0.018325913018086924,0.027984758145042532,0,263,412
HM+ST,stockpile,attack_flow,44,80,0.9,0.1,0.0,0.1796082434413723,0.18301198049854633,0,263,412
HM+ST,stockpile,attack_flow,44,80,0.8,0.1,0.1,0.17494791808975912,0.18059055470373156,0,263,412
HM+ST,stockpile,attack_flow,44,80,0.7,0.1,0.2,0.17178519390497718,0.1772236163675988,0,263,412
HM+ST,stockpile,attack_flow,44,80,0.6,0.1,0.3,0.1606363323247503,0.16585537558948238,0,263,412
HM+ST,stockpile,attack_flow,44,80,0.5,0.1,0.4,0.14801667585670084,0.15070214170132773,0,263,412
HM+ST,stockpile,attack_flow,44,80,0.4,0.1,0.5,0.13381971257390446,0.138454580427406,0,263,412
HM+ST,stockpile,attack_flow,44,80,0.3,0.1,0.6,0.1121195582046534,0.1204494574006996,0,263,412
HM+ST,stockpile,attack_flow,44,80,0.2,0.1,0.7,0.09188646306335331,0.10434542558301999,0,263,412
HM+ST,stockpile,attack_flow,44,80,0.1,0.1,0.8,0.07717775947530361,0.08103306975203337,0,263,412
HM+ST,stockpile,attack_flow,44,80,0.0,0.1,0.9,0.036700749821659565,0.05894228245938158,0,263,412
HM+ST,stockpile,attack_flow,44,80,0.8,0.2,0.0,0.18149420472554798,0.1840224993992354,0,263,412
HM+ST,stockpile,attack_flow,44,80,0.7,0.2,0.1,0.17721491614060345,0.18190803752795234,0,263,412
HM+ST,stockpile,attack_flow,44,80,0.6,0.2,0.2,0.17031815123645921,0.17731215768138436,0,263,412
HM+ST,stockpile,attack_flow,44,80,0.5,0.2,0.3,0.15873312139293771,0.164432886661641,0,263,412
HM+ST,stockpile,attack_flow,44,80,0.4,0.2,0.4,0.14772694070756964,0.1499949361158877,0,263,412
HM+ST,stockpile,attack_flow,44,80,0.3,0.2,0.5,0.1291801499127955,0.13350488827037005,0,263,412
HM+ST,stockpile,attack_flow,44,80,0.2,0.2,0.6,0.10409472994411598,0.11417895122153934,0,263,412
HM+ST,stockpile,attack_flow,44,80,0.1,0.2,0.7,0.07999871203367452,0.09490436062329519,0,263,412
HM+ST,stockpile,attack_flow,44,80,0.0,0.2,0.8,0.039603451423125796,0.061203559608396,0,263,412
HM+ST,stockpile,attack_flow,44,80,0.7,0.3,0.0,0.18454457093621363,0.1854702270525992,0,263,412
HM+ST,stockpile,attack_flow,44,80,0.6,0.3,0.1,0.17878774096867622,0.18288938461874327,0,263,412
HM+ST,stockpile,attack_flow,44,80,0.5,0.3,0.2,0.16859637545296385,0.175221971016345,0,263,412
HM+ST,stockpile,attack_flow,44,80,0.4,0.3,0.3,0.15734326539124813,0.16310725783220456,0,263,412
HM+ST,stockpile,attack_flow,44,80,0.3,0.3,0.4,0.14494324303042289,0.1453638215071179,0,263,412
HM+ST,stockpile,attack_flow,44,80,0.2,0.3,0.5,0.12096248764559481,0.12865009551586484,0,263,412
HM+ST,stockpile,attack_flow,44,80,0.1,0.3,0.6,0.09170537788417124,0.10348818309283261,0,263,412
HM+ST,stockpile,attack_flow,44,80,0.0,0.3,0.7,0.04304351300623845,0.06563947357231023,0,263,412
HM+ST,stockpile,attack_flow,44,80,0.6,0.4,0.0,0.18565281670262493,0.18635491271726481,0,263,412
HM+ST,stockpile,attack_flow,44,80,0.5,0.4,0.1,0.18244768257864985,0.1824384601800318,0,263,412
HM+ST,stockpile,attack_flow,44,80,0.4,0.4,0.2,0.16891064707344022,0.17287169885223883,0,263,412
HM+ST,stockpile,attack_flow,44,80,0.3,0.4,0.3,0.15663747681144977,0.16042384391034586,0,263,412
HM+ST,stockpile,attack_flow,44,80,0.2,0.4,0.4,0.13761036242409286,0.14164964433805163,0,263,412
HM+ST,stockpile,attack_flow,44,80,0.1,0.4,0.5,0.10377815008887074,0.11415046022273848,0,263,412
HM+ST,stockpile,attack_flow,44,80,0.0,0.4,0.6,0.057634900396177025,0.07564062576490531,0,263,412
HM+ST,stockpile,attack_flow,44,80,0.5,0.5,0.0,0.18761647290402478,0.1859662797886777,0,263,412
HM+ST,stockpile,attack_flow,44,80,0.4,0.5,0.1,0.18297081915342858,0.18276707073813583,0,263,412
HM+ST,stockpile,attack_flow,44,80,0.3,0.5,0.2,0.168970722082955,0.17145562389000615,0,263,412
HM+ST,stockpile,attack_flow,44,80,0.2,0.5,0.3,0.15298436401014764,0.15614967658962556,0,263,412
HM+ST,stockpile,attack_flow,44,80,0.1,0.5,0.4,0.12411308666437643,0.1316908763619635,0,263,412
HM+ST,stockpile,attack_flow,44,80,0.0,0.5,0.5,0.0721607070172601,0.09065446056608556,0,263,412
HM+ST,stockpile,attack_flow,44,80,0.4,0.6,0.0,0.19005141759155258,0.18700175424920756,0,263,412
HM+ST,stockpile,attack_flow,44,80,0.3,0.6,0.1,0.1833999911978875,0.1822081782353598,0,263,412
HM+ST,stockpile,attack_flow,44,80,0.2,0.6,0.2,0.16866104691513994,0.17145542759500415,0,263,412
HM+ST,stockpile,attack_flow,44,80,0.1,0.6,0.3,0.13772913570671846,0.1469281158711172,0,263,412
HM+ST,stockpile,attack_flow,44,80,0.0,0.6,0.4,0.10282530820243138,0.11216552058665936,0,263,412
HM+ST,stockpile,attack_flow,44,80,0.3,0.7,0.0,0.192102598220848,0.1894474653044756,0,263,412
HM+ST,stockpile,attack_flow,44,80,0.2,0.7,0.1,0.18295246825301575,0.18305920771413392,0,263,412
HM+ST,stockpile,attack_flow,44,80,0.1,0.7,0.2,0.15914031184322136,0.1630501458669095,0,263,412
HM+ST,stockpile,attack_flow,44,80,0.0,0.7,0.3,0.12555580311096837,0.13286371328830757,0,263,412
HM+ST,stockpile,attack_flow,44,80,0.2,0.8,0.0,0.18901629528748748,0.19068082040499085,0,263,412
HM+ST,stockpile,attack_flow,44,80,0.1,0.8,0.1,0.1715984417239255,0.1768271866108923,0,263,412
HM+ST,stockpile,attack_flow,44,80,0.0,0.8,0.2,0.15027447455921714,0.15339140674084004,0,263,412
HM+ST,stockpile,attack_flow,44,80,0.1,0.9,0.0,0.17941537115221698,0.18726433962780506,0,263,412
HM+ST,stockpile,attack_flow,44,80,0.0,0.9,0.1,0.16437430213359727,0.17190303782192112,0,263,412
HM+ST,stockpile,attack_flow,44,80,0.0,1.0,0.0,0.17616953400598329,0.181074798505877,0,263,412
HM+ST,stockpile,attack_flow,45,100,1.0,0.0,0.0,0.18730376963793027,0.18306874644018506,0,263,412
HM+ST,stockpile,attack_flow,45,100,0.9,0.0,0.1,0.18230376008409535,0.17970028117707698,0,263,412
HM+ST,stockpile,attack_flow,45,100,0.8,0.0,0.2,0.17277719343159806,0.17640861955545847,0,263,412
HM+ST,stockpile,attack_flow,45,100,0.7,0.0,0.3,0.1672504814381385,0.1657647088279855,0,263,412
HM+ST,stockpile,attack_flow,45,100,0.6,0.0,0.4,0.1540223988129467,0.15369421870281308,0,263,412
HM+ST,stockpile,attack_flow,45,100,0.5,0.0,0.5,0.1451337937652686,0.14220419176844343,0,263,412
HM+ST,stockpile,attack_flow,45,100,0.4,0.0,0.6,0.13254611266782002,0.12444317276943458,0,263,412
HM+ST,stockpile,attack_flow,45,100,0.3,0.0,0.7,0.11048851106021249,0.10979832238350966,0,263,412
HM+ST,stockpile,attack_flow,45,100,0.2,0.0,0.8,0.08845132237102117,0.09668224081007579,0,263,412
HM+ST,stockpile,attack_flow,45,100,0.1,0.0,0.9,0.05448302176312925,0.07585143109954474,0,263,412
HM+ST,stockpile,attack_flow,45,100,0.0,0.0,1.0,0.018325913018086924,0.027984758145042532,0,263,412
HM+ST,stockpile,attack_flow,45,100,0.9,0.1,0.0,0.188137380413054,0.1828871589415645,0,263,412
HM+ST,stockpile,attack_flow,45,100,0.8,0.1,0.1,0.1825765445193807,0.18074917389841164,0,263,412
HM+ST,stockpile,attack_flow,45,100,0.7,0.1,0.2,0.1764272727671582,0.177632443125288,0,263,412
HM+ST,stockpile,attack_flow,45,100,0.6,0.1,0.3,0.1661251990257789,0.16639109574235977,0,263,412
HM+ST,stockpile,attack_flow,45,100,0.5,0.1,0.4,0.1536579375224935,0.15105242717311793,0,263,412
HM+ST,stockpile,attack_flow,45,100,0.4,0.1,0.5,0.13988759530110914,0.13877800728054004,0,263,412
HM+ST,stockpile,attack_flow,45,100,0.3,0.1,0.6,0.12712836266075547,0.12025524101853365,0,263,412
HM+ST,stockpile,attack_flow,45,100,0.2,0.1,0.7,0.10353467398100322,0.10388240626424514,0,263,412
HM+ST,stockpile,attack_flow,45,100,0.1,0.1,0.8,0.05954089297897159,0.08185985538638685,0,263,412
HM+ST,stockpile,attack_flow,45,100,0.0,0.1,0.9,0.036323572180351336,0.0585389508952737,0,263,412
HM+ST,stockpile,attack_flow,45,100,0.8,0.2,0.0,0.19041702335837368,0.1852555920331946,0,263,412
HM+ST,stockpile,attack_flow,45,100,0.7,0.2,0.1,0.18324615198649774,0.1817600157995952,0,263,412
HM+ST,stockpile,attack_flow,45,100,0.6,0.2,0.2,0.17624834416404592,0.17732484311416039,0,263,412
HM+ST,stockpile,attack_flow,45,100,0.5,0.2,0.3,0.16760189406042245,0.16488348383788037,0,263,412
HM+ST,stockpile,attack_flow,45,100,0.4,0.2,0.4,0.1530573721359658,0.14940104932398646,0,263,412
HM+ST,stockpile,attack_flow,45,100,0.3,0.2,0.5,0.13766126627137862,0.13445644869949333,0,263,412
HM+ST,stockpile,attack_flow,45,100,0.2,0.2,0.6,0.11075094136980347,0.11385189224224215,0,263,412
HM+ST,stockpile,attack_flow,45,100,0.1,0.2,0.7,0.0785470144790726,0.0963843418490807,0,263,412
HM+ST,stockpile,attack_flow,45,100,0.0,0.2,0.8,0.03842484898543743,0.06007083441743301,0,263,412
HM+ST,stockpile,attack_flow,45,100,0.7,0.3,0.0,0.19255261478917274,0.18688646210489707,0,263,412
HM+ST,stockpile,attack_flow,45,100,0.6,0.3,0.1,0.18540681599631778,0.18243633425558498,0,263,412
HM+ST,stockpile,attack_flow,45,100,0.5,0.3,0.2,0.1795530215377213,0.1747320916436143,0,263,412
HM+ST,stockpile,attack_flow,45,100,0.4,0.3,0.3,0.16593386116069045,0.16327216061347496,0,263,412
HM+ST,stockpile,attack_flow,45,100,0.3,0.3,0.4,0.14989269003283767,0.1463067427353827,0,263,412
HM+ST,stockpile,attack_flow,45,100,0.2,0.3,0.5,0.13229069150192477,0.12804941392117933,0,263,412
HM+ST,stockpile,attack_flow,45,100,0.1,0.3,0.6,0.09361720534945901,0.10309222506292144,0,263,412
HM+ST,stockpile,attack_flow,45,100,0.0,0.3,0.7,0.04829729961976591,0.065992653900154,0,263,412
HM+ST,stockpile,attack_flow,45,100,0.6,0.4,0.0,0.1919542726015465,0.1867433093169257,0,263,412
HM+ST,stockpile,attack_flow,45,100,0.5,0.4,0.1,0.186161843905815,0.18082620833177188,0,263,412
HM+ST,stockpile,attack_flow,45,100,0.4,0.4,0.2,0.1781038680345072,0.17295456894973943,0,263,412
HM+ST,stockpile,attack_flow,45,100,0.3,0.4,0.3,0.16540911351377469,0.16093833746039338,0,263,412
HM+ST,stockpile,attack_flow,45,100,0.2,0.4,0.4,0.14455523507037252,0.1399987955260838,0,263,412
HM+ST,stockpile,attack_flow,45,100,0.1,0.4,0.5,0.10689355510925586,0.1147460742767213,0,263,412
HM+ST,stockpile,attack_flow,45,100,0.0,0.4,0.6,0.06561306212515522,0.07761547099991535,0,263,412
HM+ST,stockpile,attack_flow,45,100,0.5,0.5,0.0,0.19093129935030273,0.18591767858897765,0,263,412
HM+ST,stockpile,attack_flow,45,100,0.4,0.5,0.1,0.1853143172374829,0.1799404744218795,0,263,412
HM+ST,stockpile,attack_flow,45,100,0.3,0.5,0.2,0.17591305802550733,0.17070010420109116,0,263,412
HM+ST,stockpile,attack_flow,45,100,0.2,0.5,0.3,0.16067462384486847,0.15546779772749497,0,263,412
HM+ST,stockpile,attack_flow,45,100,0.1,0.5,0.4,0.12619920240717392,0.13012433985306723,0,263,412
HM+ST,stockpile,attack_flow,45,100,0.0,0.5,0.5,0.08298845407902734,0.0918901299780305,0,263,412
HM+ST,stockpile,attack_flow,45,100,0.4,0.6,0.0,0.18930747094301917,0.18617096851070186,0,263,412
HM+ST,stockpile,attack_flow,45,100,0.3,0.6,0.1,0.1832286295034403,0.18127905579890102,0,263,412
HM+ST,stockpile,attack_flow,45,100,0.2,0.6,0.2,0.17201149643849695,0.16865690446227244,0,263,412
HM+ST,stockpile,attack_flow,45,100,0.1,0.6,0.3,0.14540404018783978,0.1467481081297153,0,263,412
HM+ST,stockpile,attack_flow,45,100,0.0,0.6,0.4,0.10865316108353586,0.11143502612180138,0,263,412
HM+ST,stockpile,attack_flow,45,100,0.3,0.7,0.0,0.188516760964196,0.18652871144737268,0,263,412
HM+ST,stockpile,attack_flow,45,100,0.2,0.7,0.1,0.1807120029343327,0.17923185441760053,0,263,412
HM+ST,stockpile,attack_flow,45,100,0.1,0.7,0.2,0.16450368647170213,0.16320883830072358,0,263,412
HM+ST,stockpile,attack_flow,45,100,0.0,0.7,0.3,0.13086492720259077,0.1309632003217847,0,263,412
HM+ST,stockpile,attack_flow,45,100,0.2,0.8,0.0,0.184470938454439,0.18590076127203553,0,263,412
HM+ST,stockpile,attack_flow,45,100,0.1,0.8,0.1,0.1731327170218621,0.17375848423949866,0,263,412
HM+ST,stockpile,attack_flow,45,100,0.0,0.8,0.2,0.15043046160494922,0.14929804678011588,0,263,412
HM+ST,stockpile,attack_flow,45,100,0.1,0.9,0.0,0.17536455763245243,0.17998332297472355,0,263,412
HM+ST,stockpile,attack_flow,45,100,0.0,0.9,0.1,0.1658620174837678,0.16368379651944426,0,263,412
HM+ST,stockpile,attack_flow,45,100,0.0,1.0,0.0,0.1767548790254267,0.17256291261080653,0,263,412
HM+ST,stockpile,attack_flow,45,20,1.0,0.0,0.0,0.18730376963793027,0.18306874644018506,0,263,412
HM+ST,stockpile,attack_flow,45,20,0.9,0.0,0.1,0.18230376008409535,0.17970028117707698,0,263,412
HM+ST,stockpile,attack_flow,45,20,0.8,0.0,0.2,0.17277719343159806,0.17640861955545847,0,263,412
HM+ST,stockpile,attack_flow,45,20,0.7,0.0,0.3,0.1672504814381385,0.1657647088279855,0,263,412
HM+ST,stockpile,attack_flow,45,20,0.6,0.0,0.4,0.1540223988129467,0.15369421870281308,0,263,412
HM+ST,stockpile,attack_flow,45,20,0.5,0.0,0.5,0.1451337937652686,0.14220419176844343,0,263,412
HM+ST,stockpile,attack_flow,45,20,0.4,0.0,0.6,0.13254611266782002,0.12444317276943458,0,263,412
HM+ST,stockpile,attack_flow,45,20,0.3,0.0,0.7,0.11048851106021249,0.10979832238350966,0,263,412
HM+ST,stockpile,attack_flow,45,20,0.2,0.0,0.8,0.08845132237102117,0.09668224081007579,0,263,412
HM+ST,stockpile,attack_flow,45,20,0.1,0.0,0.9,0.05448302176312925,0.07585143109954474,0,263,412
HM+ST,stockpile,attack_flow,45,20,0.0,0.0,1.0,0.018325913018086924,0.027984758145042532,0,263,412
HM+ST,stockpile,attack_flow,45,20,0.9,0.1,0.0,0.18980518017533396,0.18454841266848465,0,263,412
HM+ST,stockpile,attack_flow,45,20,0.8,0.1,0.1,0.1819701244824633,0.18371696761726308,0,263,412
HM+ST,stockpile,attack_flow,45,20,0.7,0.1,0.2,0.1759190612216807,0.17766624451929813,0,263,412
HM+ST,stockpile,attack_flow,45,20,0.6,0.1,0.3,0.16776798178732727,0.16634777198484416,0,263,412
HM+ST,stockpile,attack_flow,45,20,0.5,0.1,0.4,0.15240838293967365,0.15284441119681064,0,263,412
HM+ST,stockpile,attack_flow,45,20,0.4,0.1,0.5,0.1439674585983246,0.14056975001174005,0,263,412
HM+ST,stockpile,attack_flow,45,20,0.3,0.1,0.6,0.13128887213394944,0.12204129491206542,0,263,412
HM+ST,stockpile,attack_flow,45,20,0.2,0.1,0.7,0.10708198493016849,0.10555048039783603,0,263,412
HM+ST,stockpile,attack_flow,45,20,0.1,0.1,0.8,0.061050597156175786,0.0824459764875484,0,263,412
HM+ST,stockpile,attack_flow,45,20,0.0,0.1,0.9,0.03303315352231965,0.062138051244828685,0,263,412
HM+ST,stockpile,attack_flow,45,20,0.8,0.2,0.0,0.19038472863291203,0.1862013418970271,0,263,412
HM+ST,stockpile,attack_flow,45,20,0.7,0.2,0.1,0.1836214037013821,0.18461564155174928,0,263,412
HM+ST,stockpile,attack_flow,45,20,0.6,0.2,0.2,0.1769688210919572,0.17969972639066556,0,263,412
HM+ST,stockpile,attack_flow,45,20,0.5,0.2,0.3,0.16778457728125715,0.1652375813468458,0,263,412
HM+ST,stockpile,attack_flow,45,20,0.4,0.2,0.4,0.15356297492955515,0.15286150601976883,0,263,412
HM+ST,stockpile,attack_flow,45,20,0.3,0.2,0.5,0.1403786110816155,0.1376235634900309,0,263,412
HM+ST,stockpile,attack_flow,45,20,0.2,0.2,0.6,0.11506765154164282,0.11578399652733506,0,263,412
HM+ST,stockpile,attack_flow,45,20,0.1,0.2,0.7,0.08320339810296169,0.09749223005353226,0,263,412
HM+ST,stockpile,attack_flow,45,20,0.0,0.2,0.8,0.03986964952664718,0.06633255624425197,0,263,412
HM+ST,stockpile,attack_flow,45,20,0.7,0.3,0.0,0.1932282110903211,0.1876409411106154,0,263,412
HM+ST,stockpile,attack_flow,45,20,0.6,0.3,0.1,0.1885909844049496,0.1869943359995397,0,263,412
HM+ST,stockpile,attack_flow,45,20,0.5,0.3,0.2,0.1807298114446069,0.1790183531016906,0,263,412
HM+ST,stockpile,attack_flow,45,20,0.4,0.3,0.3,0.1692665889575177,0.1651351235564918,0,263,412
HM+ST,stockpile,attack_flow,45,20,0.3,0.3,0.4,0.155130908254879,0.15334628046104662,0,263,412
HM+ST,stockpile,attack_flow,45,20,0.2,0.3,0.5,0.14048417909352445,0.13349667645173763,0,263,412
HM+ST,stockpile,attack_flow,45,20,0.1,0.3,0.6,0.0986222164728901,0.11031034070793004,0,263,412
HM+ST,stockpile,attack_flow,45,20,0.0,0.3,0.7,0.053937221226429286,0.07402314545491241,0,263,412
HM+ST,stockpile,attack_flow,45,20,0.6,0.4,0.0,0.19408196422709023,0.18964935214191023,0,263,412
HM+ST,stockpile,attack_flow,45,20,0.5,0.4,0.1,0.19014256639636798,0.18799452092069466,0,263,412
HM+ST,stockpile,attack_flow,45,20,0.4,0.4,0.2,0.18320634269564004,0.17977095464363804,0,263,412
HM+ST,stockpile,attack_flow,45,20,0.3,0.4,0.3,0.16819066346715092,0.16644009761271875,0,263,412
HM+ST,stockpile,attack_flow,45,20,0.2,0.4,0.4,0.15210062379606404,0.1508954357589333,0,263,412
HM+ST,stockpile,attack_flow,45,20,0.1,0.4,0.5,0.11256889217171706,0.12115874276886926,0,263,412
HM+ST,stockpile,attack_flow,45,20,0.0,0.4,0.6,0.08760933652884893,0.10023243766693461,0,263,412
HM+ST,stockpile,attack_flow,45,20,0.5,0.5,0.0,0.1959768450479749,0.1913531756902958,0,263,412
HM+ST,stockpile,attack_flow,45,20,0.4,0.5,0.1,0.19075221095909312,0.18858795680803478,0,263,412
HM+ST,stockpile,attack_flow,45,20,0.3,0.5,0.2,0.18429610259734905,0.18171131048230088,0,263,412
HM+ST,stockpile,attack_flow,45,20,0.2,0.5,0.3,0.1657927508269742,0.16589771762295627,0,263,412
HM+ST,stockpile,attack_flow,45,20,0.1,0.5,0.4,0.13547915747252143,0.142498289820067,0,263,412
HM+ST,stockpile,attack_flow,45,20,0.0,0.5,0.5,0.10741274908307752,0.11899726608465351,0,263,412
HM+ST,stockpile,attack_flow,45,20,0.4,0.6,0.0,0.1975427437467584,0.19261942874845267,0,263,412
HM+ST,stockpile,attack_flow,45,20,0.3,0.6,0.1,0.1912694499181972,0.1912535320915782,0,263,412
HM+ST,stockpile,attack_flow,45,20,0.2,0.6,0.2,0.18215950714075194,0.18112745783972245,0,263,412
HM+ST,stockpile,attack_flow,45,20,0.1,0.6,0.3,0.15957242993621518,0.16417039360622704,0,263,412
HM+ST,stockpile,attack_flow,45,20,0.0,0.6,0.4,0.12110353648493423,0.14007417813505393,0,263,412
HM+ST,stockpile,attack_flow,45,20,0.3,0.7,0.0,0.19758976036935405,0.19349613341135302,0,263,412
HM+ST,stockpile,attack_flow,45,20,0.2,0.7,0.1,0.19060037130920696,0.19338992853530823,0,263,412
HM+ST,stockpile,attack_flow,45,20,0.1,0.7,0.2,0.17445207283495548,0.18130559454063427,0,263,412
HM+ST,stockpile,attack_flow,45,20,0.0,0.7,0.3,0.15729835730815692,0.1663541867254293,0,263,412
HM+ST,stockpile,attack_flow,45,20,0.2,0.8,0.0,0.1936010383512925,0.19476622906080937,0,263,412
HM+ST,stockpile,attack_flow,45,20,0.1,0.8,0.1,0.192024476834765,0.19311257347948563,0,263,412
HM+ST,stockpile,attack_flow,45,20,0.0,0.8,0.2,0.17407534015665652,0.18632990082918197,0,263,412
HM+ST,stockpile,attack_flow,45,20,0.1,0.9,0.0,0.19371764656273277,0.19570305069185595,0,263,412
HM+ST,stockpile,attack_flow,45,20,0.0,0.9,0.1,0.19479673798809158,0.1961895164857295,0,263,412
HM+ST,stockpile,attack_flow,45,20,0.0,1.0,0.0,0.1933993016717195,0.19985174211432885,1,263,412
HM+ST,stockpile,attack_flow,45,40,1.0,0.0,0.0,0.18730376963793027,0.18306874644018506,0,263,412
HM+ST,stockpile,attack_flow,45,40,0.9,0.0,0.1,0.18230376008409535,0.17970028117707698,0,263,412
HM+ST,stockpile,attack_flow,45,40,0.8,0.0,0.2,0.17277719343159806,0.17640861955545847,0,263,412
HM+ST,stockpile,attack_flow,45,40,0.7,0.0,0.3,0.1672504814381385,0.1657647088279855,0,263,412
HM+ST,stockpile,attack_flow,45,40,0.6,0.0,0.4,0.1540223988129467,0.15369421870281308,0,263,412
HM+ST,stockpile,attack_flow,45,40,0.5,0.0,0.5,0.1451337937652686,0.14220419176844343,0,263,412
HM+ST,stockpile,attack_flow,45,40,0.4,0.0,0.6,0.13254611266782002,0.12444317276943458,0,263,412
HM+ST,stockpile,attack_flow,45,40,0.3,0.0,0.7,0.11048851106021249,0.10979832238350966,0,263,412
HM+ST,stockpile,attack_flow,45,40,0.2,0.0,0.8,0.08845132237102117,0.09668224081007579,0,263,412
HM+ST,stockpile,attack_flow,45,40,0.1,0.0,0.9,0.05448302176312925,0.07585143109954474,0,263,412
HM+ST,stockpile,attack_flow,45,40,0.0,0.0,1.0,0.018325913018086924,0.027984758145042532,0,263,412
HM+ST,stockpile,attack_flow,45,40,0.9,0.1,0.0,0.1890701736338526,0.18435919167908613,0,263,412
HM+ST,stockpile,attack_flow,45,40,0.8,0.1,0.1,0.18203401888143286,0.1831515729478975,0,263,412
HM+ST,stockpile,attack_flow,45,40,0.7,0.1,0.2,0.17504585704191444,0.17760924576439147,0,263,412
HM+ST,stockpile,attack_flow,45,40,0.6,0.1,0.3,0.16578532616389371,0.16539386119933056,0,263,412
HM+ST,stockpile,attack_flow,45,40,0.5,0.1,0.4,0.15025186063942694,0.15184828391759536,0,263,412
HM+ST,stockpile,attack_flow,45,40,0.4,0.1,0.5,0.14228697642359492,0.13928958894152912,0,263,412
HM+ST,stockpile,attack_flow,45,40,0.3,0.1,0.6,0.12787510322037632,0.12022663543054009,0,263,412
HM+ST,stockpile,attack_flow,45,40,0.2,0.1,0.7,0.10520181353446492,0.10393736494906783,0,263,412
HM+ST,stockpile,attack_flow,45,40,0.1,0.1,0.8,0.06043143654544662,0.08134352769306283,0,263,412
HM+ST,stockpile,attack_flow,45,40,0.0,0.1,0.9,0.035169399513324165,0.06254926883931795,0,263,412
HM+ST,stockpile,attack_flow,45,40,0.8,0.2,0.0,0.19091205647530374,0.18554544359251085,0,263,412
HM+ST,stockpile,attack_flow,45,40,0.7,0.2,0.1,0.18235352582539466,0.1848980584370097,0,263,412
HM+ST,stockpile,attack_flow,45,40,0.6,0.2,0.2,0.17567952274869533,0.17803708094529888,0,263,412
HM+ST,stockpile,attack_flow,45,40,0.5,0.2,0.3,0.16378184694727554,0.163368272834919,0,263,412
HM+ST,stockpile,attack_flow,45,40,0.4,0.2,0.4,0.1514147064108209,0.1505607691302116,0,263,412
HM+ST,stockpile,attack_flow,45,40,0.3,0.2,0.5,0.13650956049815896,0.13573012717482658,0,263,412
HM+ST,stockpile,attack_flow,45,40,0.2,0.2,0.6,0.11222407002331772,0.1154041495591015,0,263,412
HM+ST,stockpile,attack_flow,45,40,0.1,0.2,0.7,0.08226101363087639,0.09757621103525252,0,263,412
HM+ST,stockpile,attack_flow,45,40,0.0,0.2,0.8,0.039302626167663,0.06492950672573912,0,263,412
HM+ST,stockpile,attack_flow,45,40,0.7,0.3,0.0,0.19215282001750644,0.18760584294743474,0,263,412
HM+ST,stockpile,attack_flow,45,40,0.6,0.3,0.1,0.1859747995011037,0.18525675481034787,0,263,412
HM+ST,stockpile,attack_flow,45,40,0.5,0.3,0.2,0.17976610964916473,0.17827054980379226,0,263,412
HM+ST,stockpile,attack_flow,45,40,0.4,0.3,0.3,0.16505188072294713,0.1630240317515742,0,263,412
HM+ST,stockpile,attack_flow,45,40,0.3,0.3,0.4,0.1532341007108274,0.14984609193306886,0,263,412
HM+ST,stockpile,attack_flow,45,40,0.2,0.3,0.5,0.1333061367358534,0.1281446347257123,0,263,412
HM+ST,stockpile,attack_flow,45,40,0.1,0.3,0.6,0.1036652425158265,0.1093414344078818,0,263,412
HM+ST,stockpile,attack_flow,45,40,0.0,0.3,0.7,0.050740636918242786,0.07175427695110083,0,263,412
HM+ST,stockpile,attack_flow,45,40,0.6,0.4,0.0,0.19548880779562944,0.18903881472978157,0,263,412
HM+ST,stockpile,attack_flow,45,40,0.5,0.4,0.1,0.18759025668431203,0.1873942810422258,0,263,412
HM+ST,stockpile,attack_flow,45,40,0.4,0.4,0.2,0.18011313713035554,0.17706845442400604,0,263,412
HM+ST,stockpile,attack_flow,45,40,0.3,0.4,0.3,0.16404354650137082,0.16201665646557478,0,263,412
HM+ST,stockpile,attack_flow,45,40,0.2,0.4,0.4,0.14888172695630925,0.14617655474767402,0,263,412
HM+ST,stockpile,attack_flow,45,40,0.1,0.4,0.5,0.10787024714695029,0.11753306535159924,0,263,412
HM+ST,stockpile,attack_flow,45,40,0.0,0.4,0.6,0.06449529267841823,0.08547547471803847,0,263,412
HM+ST,stockpile,attack_flow,45,40,0.5,0.5,0.0,0.1966866510220654,0.19094490442375403,0,263,412
HM+ST,stockpile,attack_flow,45,40,0.4,0.5,0.1,0.18893585159853726,0.18804203095572708,0,263,412
HM+ST,stockpile,attack_flow,45,40,0.3,0.5,0.2,0.18016642058710303,0.1773131137748627,0,263,412
HM+ST,stockpile,attack_flow,45,40,0.2,0.5,0.3,0.16252398511394797,0.16120475944835036,0,263,412
HM+ST,stockpile,attack_flow,45,40,0.1,0.5,0.4,0.1338963180913375,0.1361333023872739,0,263,412
HM+ST,stockpile,attack_flow,45,40,0.0,0.5,0.5,0.10075939337541502,0.11002255298409988,0,263,412
HM+ST,stockpile,attack_flow,45,40,0.4,0.6,0.0,0.19668666146003919,0.19227410655516936,0,263,412
HM+ST,stockpile,attack_flow,45,40,0.3,0.6,0.1,0.19165105753349937,0.1894477956927812,0,263,412
HM+ST,stockpile,attack_flow,45,40,0.2,0.6,0.2,0.180600806580839,0.17880872314393154,0,263,412
HM+ST,stockpile,attack_flow,45,40,0.1,0.6,0.3,0.15010854173030733,0.15398536140979813,0,263,412
HM+ST,stockpile,attack_flow,45,40,0.0,0.6,0.4,0.11520843781627928,0.12561333812908843,0,263,412
HM+ST,stockpile,attack_flow,45,40,0.3,0.7,0.0,0.19739498495866586,0.19419512737238787,0,263,412
HM+ST,stockpile,attack_flow,45,40,0.2,0.7,0.1,0.1940374428101476,0.19090535553964041,0,263,412
HM+ST,stockpile,attack_flow,45,40,0.1,0.7,0.2,0.1745230017446204,0.17616323090085823,0,263,412
HM+ST,stockpile,attack_flow,45,40,0.0,0.7,0.3,0.15190336920540856,0.15249827657100193,0,263,412
HM+ST,stockpile,attack_flow,45,40,0.2,0.8,0.0,0.20249127415807927,0.1965487106536427,0,263,412
HM+ST,stockpile,attack_flow,45,40,0.1,0.8,0.1,0.18968696889695066,0.1888207792940845,0,263,412
HM+ST,stockpile,attack_flow,45,40,0.0,0.8,0.2,0.17409335605702103,0.1785695366927677,0,263,412
HM+ST,stockpile,attack_flow,45,40,0.1,0.9,0.0,0.1955668464475748,0.19580137482356744,0,263,412
HM+ST,stockpile,attack_flow,45,40,0.0,0.9,0.1,0.19559368255618156,0.19255089197718994,0,263,412
HM+ST,stockpile,attack_flow,45,40,0.0,1.0,0.0,0.19708334977570355,0.1993665631974852,0,263,412
HM+ST,stockpile,attack_flow,45,60,1.0,0.0,0.0,0.18730376963793027,0.18306874644018506,0,263,412
HM+ST,stockpile,attack_flow,45,60,0.9,0.0,0.1,0.18230376008409535,0.17970028117707698,0,263,412
HM+ST,stockpile,attack_flow,45,60,0.8,0.0,0.2,0.17277719343159806,0.17640861955545847,0,263,412
HM+ST,stockpile,attack_flow,45,60,0.7,0.0,0.3,0.1672504814381385,0.1657647088279855,0,263,412
HM+ST,stockpile,attack_flow,45,60,0.6,0.0,0.4,0.1540223988129467,0.15369421870281308,0,263,412
HM+ST,stockpile,attack_flow,45,60,0.5,0.0,0.5,0.1451337937652686,0.14220419176844343,0,263,412
HM+ST,stockpile,attack_flow,45,60,0.4,0.0,0.6,0.13254611266782002,0.12444317276943458,0,263,412
HM+ST,stockpile,attack_flow,45,60,0.3,0.0,0.7,0.11048851106021249,0.10979832238350966,0,263,412
HM+ST,stockpile,attack_flow,45,60,0.2,0.0,0.8,0.08845132237102117,0.09668224081007579,0,263,412
HM+ST,stockpile,attack_flow,45,60,0.1,0.0,0.9,0.05448302176312925,0.07585143109954474,0,263,412
HM+ST,stockpile,attack_flow,45,60,0.0,0.0,1.0,0.018325913018086924,0.027984758145042532,0,263,412
HM+ST,stockpile,attack_flow,45,60,0.9,0.1,0.0,0.18865028105247367,0.18387518439226536,0,263,412
HM+ST,stockpile,attack_flow,45,60,0.8,0.1,0.1,0.18106909345316935,0.18183548130805957,0,263,412
HM+ST,stockpile,attack_flow,45,60,0.7,0.1,0.2,0.1731780359116342,0.17715855637133587,0,263,412
HM+ST,stockpile,attack_flow,45,60,0.6,0.1,0.3,0.16371694674238244,0.16544259396080208,0,263,412
HM+ST,stockpile,attack_flow,45,60,0.5,0.1,0.4,0.14972724337994178,0.15149066055051869,0,263,412
HM+ST,stockpile,attack_flow,45,60,0.4,0.1,0.5,0.1408263703580281,0.1390831596721506,0,263,412
HM+ST,stockpile,attack_flow,45,60,0.3,0.1,0.6,0.1279629031047474,0.12080394992676231,0,263,412
HM+ST,stockpile,attack_flow,45,60,0.2,0.1,0.7,0.10404820158181743,0.104538750186121,0,263,412
HM+ST,stockpile,attack_flow,45,60,0.1,0.1,0.8,0.05932480778287351,0.08141794282823878,0,263,412
HM+ST,stockpile,attack_flow,45,60,0.0,0.1,0.9,0.03417520225953137,0.0608340471387109,0,263,412
HM+ST,stockpile,attack_flow,45,60,0.8,0.2,0.0,0.19029572920038096,0.18493383426639304,0,263,412
HM+ST,stockpile,attack_flow,45,60,0.7,0.2,0.1,0.18336044773896257,0.18341999532863268,0,263,412
HM+ST,stockpile,attack_flow,45,60,0.6,0.2,0.2,0.177286178767731,0.17778047617112414,0,263,412
HM+ST,stockpile,attack_flow,45,60,0.5,0.2,0.3,0.16370582761261515,0.1640048449284548,0,263,412
HM+ST,stockpile,attack_flow,45,60,0.4,0.2,0.4,0.15052986369305266,0.1500489991793307,0,263,412
HM+ST,stockpile,attack_flow,45,60,0.3,0.2,0.5,0.13796897331836283,0.1352981084066262,0,263,412
HM+ST,stockpile,attack_flow,45,60,0.2,0.2,0.6,0.11080918572188599,0.11488677026788899,0,263,412
HM+ST,stockpile,attack_flow,45,60,0.1,0.2,0.7,0.07713796048022545,0.09680735948100819,0,263,412
HM+ST,stockpile,attack_flow,45,60,0.0,0.2,0.8,0.037564662436407256,0.061971349537273956,0,263,412
HM+ST,stockpile,attack_flow,45,60,0.7,0.3,0.0,0.191465149100695,0.18561740356011402,0,263,412
HM+ST,stockpile,attack_flow,45,60,0.6,0.3,0.1,0.18338513265224243,0.18513277028677666,0,263,412
HM+ST,stockpile,attack_flow,45,60,0.5,0.3,0.2,0.1764073297093879,0.1769956282827747,0,263,412
HM+ST,stockpile,attack_flow,45,60,0.4,0.3,0.3,0.16357909777762283,0.16278657354906373,0,263,412
HM+ST,stockpile,attack_flow,45,60,0.3,0.3,0.4,0.15143416996573944,0.14853582587964803,0,263,412
HM+ST,stockpile,attack_flow,45,60,0.2,0.3,0.5,0.13444805628391565,0.12885993417039293,0,263,412
HM+ST,stockpile,attack_flow,45,60,0.1,0.3,0.6,0.09380180315033625,0.10695708308204428,0,263,412
HM+ST,stockpile,attack_flow,45,60,0.0,0.3,0.7,0.045286397455294065,0.07003071937756014,0,263,412
HM+ST,stockpile,attack_flow,45,60,0.6,0.4,0.0,0.19399672625802777,0.187750891929181,0,263,412
HM+ST,stockpile,attack_flow,45,60,0.5,0.4,0.1,0.18751754177650895,0.1865054696944372,0,263,412
HM+ST,stockpile,attack_flow,45,60,0.4,0.4,0.2,0.1781661647905409,0.17625113732844414,0,263,412
HM+ST,stockpile,attack_flow,45,60,0.3,0.4,0.3,0.16206007505076728,0.16282508224357223,0,263,412
HM+ST,stockpile,attack_flow,45,60,0.2,0.4,0.4,0.1464148597309089,0.14463528883853313,0,263,412
HM+ST,stockpile,attack_flow,45,60,0.1,0.4,0.5,0.10846794849048229,0.1176454533128517,0,263,412
HM+ST,stockpile,attack_flow,45,60,0.0,0.4,0.6,0.05808261376521449,0.08185870481386878,0,263,412
HM+ST,stockpile,attack_flow,45,60,0.5,0.5,0.0,0.19434049608395007,0.18843743014951989,0,263,412
HM+ST,stockpile,attack_flow,45,60,0.4,0.5,0.1,0.18734503566433924,0.18714837276221716,0,263,412
HM+ST,stockpile,attack_flow,45,60,0.3,0.5,0.2,0.17768425500768795,0.17704308788446482,0,263,412
HM+ST,stockpile,attack_flow,45,60,0.2,0.5,0.3,0.15720295705606344,0.1604139626278151,0,263,412
HM+ST,stockpile,attack_flow,45,60,0.1,0.5,0.4,0.13020163529931422,0.1342171203115652,0,263,412
HM+ST,stockpile,attack_flow,45,60,0.0,0.5,0.5,0.08223352848260843,0.1016127906458842,0,263,412
HM+ST,stockpile,attack_flow,45,60,0.4,0.6,0.0,0.1966967224215377,0.19012392455119548,0,263,412
HM+ST,stockpile,attack_flow,45,60,0.3,0.6,0.1,0.18840097855812704,0.1879505263566566,0,263,412
HM+ST,stockpile,attack_flow,45,60,0.2,0.6,0.2,0.17702033512280071,0.17776763960698025,0,263,412
HM+ST,stockpile,attack_flow,45,60,0.1,0.6,0.3,0.1442016355593111,0.14990788982832307,0,263,412
HM+ST,stockpile,attack_flow,45,60,0.0,0.6,0.4,0.11045739102647316,0.12257544353962853,0,263,412
HM+ST,stockpile,attack_flow,45,60,0.3,0.7,0.0,0.19541992017007725,0.1920022579199451,0,263,412
HM+ST,stockpile,attack_flow,45,60,0.2,0.7,0.1,0.18771814040168275,0.18912692344703477,0,263,412
HM+ST,stockpile,attack_flow,45,60,0.1,0.7,0.2,0.16445545805066222,0.1723935400576839,0,263,412
HM+ST,stockpile,attack_flow,45,60,0.0,0.7,0.3,0.1345056673639563,0.1440833823082155,0,263,412
HM+ST,stockpile,attack_flow,45,60,0.2,0.8,0.0,0.1949476513790322,0.19390376713030424,0,263,412
HM+ST,stockpile,attack_flow,45,60,0.1,0.8,0.1,0.17821306388998887,0.18502399710530665,0,263,412
HM+ST,stockpile,attack_flow,45,60,0.0,0.8,0.2,0.15990384207206132,0.1703827527896307,0,263,412
HM+ST,stockpile,attack_flow,45,60,0.1,0.9,0.0,0.18840647273537323,0.19319528839651592,0,263,412
HM+ST,stockpile,attack_flow,45,60,0.0,0.9,0.1,0.17455980400009122,0.18547909286893893,0,263,412
HM+ST,stockpile,attack_flow,45,60,0.0,1.0,0.0,0.18284481902988411,0.191576647580785,0,263,412
HM+ST,stockpile,attack_flow,45,80,1.0,0.0,0.0,0.18730376963793027,0.18306874644018506,0,263,412
HM+ST,stockpile,attack_flow,45,80,0.9,0.0,0.1,0.18230376008409535,0.17970028117707698,0,263,412
HM+ST,stockpile,attack_flow,45,80,0.8,0.0,0.2,0.17277719343159806,0.17640861955545847,0,263,412
HM+ST,stockpile,attack_flow,45,80,0.7,0.0,0.3,0.1672504814381385,0.1657647088279855,0,263,412
HM+ST,stockpile,attack_flow,45,80,0.6,0.0,0.4,0.1540223988129467,0.15369421870281308,0,263,412
HM+ST,stockpile,attack_flow,45,80,0.5,0.0,0.5,0.1451337937652686,0.14220419176844343,0,263,412
HM+ST,stockpile,attack_flow,45,80,0.4,0.0,0.6,0.13254611266782002,0.12444317276943458,0,263,412
HM+ST,stockpile,attack_flow,45,80,0.3,0.0,0.7,0.11048851106021249,0.10979832238350966,0,263,412
HM+ST,stockpile,attack_flow,45,80,0.2,0.0,0.8,0.08845132237102117,0.09668224081007579,0,263,412
HM+ST,stockpile,attack_flow,45,80,0.1,0.0,0.9,0.05448302176312925,0.07585143109954474,0,263,412
HM+ST,stockpile,attack_flow,45,80,0.0,0.0,1.0,0.018325913018086924,0.027984758145042532,0,263,412
HM+ST,stockpile,attack_flow,45,80,0.9,0.1,0.0,0.18821560134102294,0.18301198049854633,0,263,412
HM+ST,stockpile,attack_flow,45,80,0.8,0.1,0.1,0.18275653787189836,0.18059055470373156,0,263,412
HM+ST,stockpile,attack_flow,45,80,0.7,0.1,0.2,0.1740209529418002,0.1772236163675988,0,263,412
HM+ST,stockpile,attack_flow,45,80,0.6,0.1,0.3,0.16539492421777358,0.16585537558948238,0,263,412
HM+ST,stockpile,attack_flow,45,80,0.5,0.1,0.4,0.1512262107053546,0.15070214170132773,0,263,412
HM+ST,stockpile,attack_flow,45,80,0.4,0.1,0.5,0.14092006771562265,0.138454580427406,0,263,412
HM+ST,stockpile,attack_flow,45,80,0.3,0.1,0.6,0.127602145174372,0.1204494574006996,0,263,412
HM+ST,stockpile,attack_flow,45,80,0.2,0.1,0.7,0.10459621047074534,0.10434542558301999,0,263,412
HM+ST,stockpile,attack_flow,45,80,0.1,0.1,0.8,0.05969851453226117,0.08103306975203337,0,263,412
HM+ST,stockpile,attack_flow,45,80,0.0,0.1,0.9,0.0358703458653922,0.05894228245938158,0,263,412
HM+ST,stockpile,attack_flow,45,80,0.8,0.2,0.0,0.18999898757604541,0.1840224993992354,0,263,412
HM+ST,stockpile,attack_flow,45,80,0.7,0.2,0.1,0.18429954360765174,0.18190803752795234,0,263,412
HM+ST,stockpile,attack_flow,45,80,0.6,0.2,0.2,0.17622066109797307,0.17731215768138436,0,263,412
HM+ST,stockpile,attack_flow,45,80,0.5,0.2,0.3,0.16468206581082614,0.164432886661641,0,263,412
HM+ST,stockpile,attack_flow,45,80,0.4,0.2,0.4,0.1521138637204006,0.1499949361158877,0,263,412
HM+ST,stockpile,attack_flow,45,80,0.3,0.2,0.5,0.13642478832500082,0.13350488827037005,0,263,412
HM+ST,stockpile,attack_flow,45,80,0.2,0.2,0.6,0.11123294282117305,0.11417895122153934,0,263,412
HM+ST,stockpile,attack_flow,45,80,0.1,0.2,0.7,0.07696099560348654,0.09490436062329519,0,263,412
HM+ST,stockpile,attack_flow,45,80,0.0,0.2,0.8,0.03758295576055629,0.061203559608396,0,263,412
HM+ST,stockpile,attack_flow,45,80,0.7,0.3,0.0,0.1923544918585904,0.1854702270525992,0,263,412
HM+ST,stockpile,attack_flow,45,80,0.6,0.3,0.1,0.18457691055746558,0.18288938461874327,0,263,412
HM+ST,stockpile,attack_flow,45,80,0.5,0.3,0.2,0.17641044521945298,0.175221971016345,0,263,412
HM+ST,stockpile,attack_flow,45,80,0.4,0.3,0.3,0.16627939130361566,0.16310725783220456,0,263,412
HM+ST,stockpile,attack_flow,45,80,0.3,0.3,0.4,0.15064827554723814,0.1453638215071179,0,263,412
HM+ST,stockpile,attack_flow,45,80,0.2,0.3,0.5,0.13054932588864462,0.12865009551586484,0,263,412
HM+ST,stockpile,attack_flow,45,80,0.1,0.3,0.6,0.09194688890919753,0.10348818309283261,0,263,412
HM+ST,stockpile,attack_flow,45,80,0.0,0.3,0.7,0.04434561636271457,0.06563947357231023,0,263,412
HM+ST,stockpile,attack_flow,45,80,0.6,0.4,0.0,0.19135443022184426,0.18635491271726481,0,263,412
HM+ST,stockpile,attack_flow,45,80,0.5,0.4,0.1,0.18685541361176528,0.1824384601800318,0,263,412
HM+ST,stockpile,attack_flow,45,80,0.4,0.4,0.2,0.17611551604021192,0.17287169885223883,0,263,412
HM+ST,stockpile,attack_flow,45,80,0.3,0.4,0.3,0.16260222674979025,0.16042384391034586,0,263,412
HM+ST,stockpile,attack_flow,45,80,0.2,0.4,0.4,0.143988020487278,0.14164964433805163,0,263,412
HM+ST,stockpile,attack_flow,45,80,0.1,0.4,0.5,0.10729417300968606,0.11415046022273848,0,263,412
HM+ST,stockpile,attack_flow,45,80,0.0,0.4,0.6,0.05785894935402244,0.07564062576490531,0,263,412
HM+ST,stockpile,attack_flow,45,80,0.5,0.5,0.0,0.1932536269548556,0.1859662797886777,0,263,412
HM+ST,stockpile,attack_flow,45,80,0.4,0.5,0.1,0.18717408509899344,0.18276707073813583,0,263,412
HM+ST,stockpile,attack_flow,45,80,0.3,0.5,0.2,0.17431525243423768,0.17145562389000615,0,263,412
HM+ST,stockpile,attack_flow,45,80,0.2,0.5,0.3,0.15976898793782388,0.15614967658962556,0,263,412
HM+ST,stockpile,attack_flow,45,80,0.1,0.5,0.4,0.1258352714026422,0.1316908763619635,0,263,412
HM+ST,stockpile,attack_flow,45,80,0.0,0.5,0.5,0.07792673181288338,0.09065446056608556,0,263,412
HM+ST,stockpile,attack_flow,45,80,0.4,0.6,0.0,0.18996746017006422,0.18700175424920756,0,263,412
HM+ST,stockpile,attack_flow,45,80,0.3,0.6,0.1,0.1864427482128034,0.1822081782353598,0,263,412
HM+ST,stockpile,attack_flow,45,80,0.2,0.6,0.2,0.1722849504797804,0.17145542759500415,0,263,412
HM+ST,stockpile,attack_flow,45,80,0.1,0.6,0.3,0.1459372410198097,0.1469281158711172,0,263,412
HM+ST,stockpile,attack_flow,45,80,0.0,0.6,0.4,0.10044665379025854,0.11216552058665936,0,263,412
HM+ST,stockpile,attack_flow,45,80,0.3,0.7,0.0,0.1892414301723974,0.1894474653044756,0,263,412
HM+ST,stockpile,attack_flow,45,80,0.2,0.7,0.1,0.18528154382654274,0.18305920771413392,0,263,412
HM+ST,stockpile,attack_flow,45,80,0.1,0.7,0.2,0.16460137118944487,0.1630501458669095,0,263,412
HM+ST,stockpile,attack_flow,45,80,0.0,0.7,0.3,0.12770761479383907,0.13286371328830757,0,263,412
HM+ST,stockpile,attack_flow,45,80,0.2,0.8,0.0,0.18689716191883518,0.19068082040499085,0,263,412
HM+ST,stockpile,attack_flow,45,80,0.1,0.8,0.1,0.17478196140984883,0.1768271866108923,0,263,412
HM+ST,stockpile,attack_flow,45,80,0.0,0.8,0.2,0.14884957067984536,0.15339140674084004,0,263,412
HM+ST,stockpile,attack_flow,45,80,0.1,0.9,0.0,0.18154038240294662,0.18726433962780506,0,263,412
HM+ST,stockpile,attack_flow,45,80,0.0,0.9,0.1,0.1652793833510156,0.17190303782192112,0,263,412
HM+ST,stockpile,attack_flow,45,80,0.0,1.0,0.0,0.17431138250037506,0.181074798505877,0,263,412
HM+ST,stockpile,attack_flow,46,100,1.0,0.0,0.0,0.18296505841980454,0.18306874644018506,0,263,412
HM+ST,stockpile,attack_flow,46,100,0.9,0.0,0.1,0.1772614412823391,0.17970028117707698,0,263,412
HM+ST,stockpile,attack_flow,46,100,0.8,0.0,0.2,0.16968948277675086,0.17640861955545847,0,263,412
HM+ST,stockpile,attack_flow,46,100,0.7,0.0,0.3,0.16083508404415917,0.1657647088279855,0,263,412
HM+ST,stockpile,attack_flow,46,100,0.6,0.0,0.4,0.14931078146280888,0.15369421870281308,0,263,412
HM+ST,stockpile,attack_flow,46,100,0.5,0.0,0.5,0.14474933550117394,0.14220419176844343,0,263,412
HM+ST,stockpile,attack_flow,46,100,0.4,0.0,0.6,0.13145437916946903,0.12444317276943458,0,263,412
HM+ST,stockpile,attack_flow,46,100,0.3,0.0,0.7,0.10825015878937194,0.10979832238350966,0,263,412
HM+ST,stockpile,attack_flow,46,100,0.2,0.0,0.8,0.09427944001491058,0.09668224081007579,0,263,412
HM+ST,stockpile,attack_flow,46,100,0.1,0.0,0.9,0.07515121393702544,0.07585143109954474,0,263,412
HM+ST,stockpile,attack_flow,46,100,0.0,0.0,1.0,0.018325913018086924,0.027984758145042532,0,263,412
HM+ST,stockpile,attack_flow,46,100,0.9,0.1,0.0,0.18273935580382486,0.1828871589415645,0,263,412
HM+ST,stockpile,attack_flow,46,100,0.8,0.1,0.1,0.17714772931773004,0.18074917389841164,0,263,412
HM+ST,stockpile,attack_flow,46,100,0.7,0.1,0.2,0.1724941790827617,0.177632443125288,0,263,412
HM+ST,stockpile,attack_flow,46,100,0.6,0.1,0.3,0.1609014903390809,0.16639109574235977,0,263,412
HM+ST,stockpile,attack_flow,46,100,0.5,0.1,0.4,0.15045168953473706,0.15105242717311793,0,263,412
HM+ST,stockpile,attack_flow,46,100,0.4,0.1,0.5,0.140826604673439,0.13877800728054004,0,263,412
HM+ST,stockpile,attack_flow,46,100,0.3,0.1,0.6,0.11431248021642527,0.12025524101853365,0,263,412
HM+ST,stockpile,attack_flow,46,100,0.2,0.1,0.7,0.09961710841896919,0.10388240626424514,0,263,412
HM+ST,stockpile,attack_flow,46,100,0.1,0.1,0.8,0.08255813596508822,0.08185985538638685,0,263,412
HM+ST,stockpile,attack_flow,46,100,0.0,0.1,0.9,0.036078289060149094,0.0585389508952737,0,263,412
HM+ST,stockpile,attack_flow,46,100,0.8,0.2,0.0,0.18441450448549343,0.1852555920331946,0,263,412
HM+ST,stockpile,attack_flow,46,100,0.7,0.2,0.1,0.17959927776351892,0.1817600157995952,0,263,412
HM+ST,stockpile,attack_flow,46,100,0.6,0.2,0.2,0.1715232268934448,0.17732484311416039,0,263,412
HM+ST,stockpile,attack_flow,46,100,0.5,0.2,0.3,0.1607059315775939,0.16488348383788037,0,263,412
HM+ST,stockpile,attack_flow,46,100,0.4,0.2,0.4,0.1494380706303649,0.14940104932398646,0,263,412
HM+ST,stockpile,attack_flow,46,100,0.3,0.2,0.5,0.13716965355503508,0.13445644869949333,0,263,412
HM+ST,stockpile,attack_flow,46,100,0.2,0.2,0.6,0.10734638219116248,0.11385189224224215,0,263,412
HM+ST,stockpile,attack_flow,46,100,0.1,0.2,0.7,0.0919135657093366,0.0963843418490807,0,263,412
HM+ST,stockpile,attack_flow,46,100,0.0,0.2,0.8,0.037348484067926985,0.06007083441743301,0,263,412
HM+ST,stockpile,attack_flow,46,100,0.7,0.3,0.0,0.18684907694916314,0.18688646210489707,0,263,412
HM+ST,stockpile,attack_flow,46,100,0.6,0.3,0.1,0.18043210504412974,0.18243633425558498,0,263,412
HM+ST,stockpile,attack_flow,46,100,0.5,0.3,0.2,0.17204880961986874,0.1747320916436143,0,263,412
HM+ST,stockpile,attack_flow,46,100,0.4,0.3,0.3,0.15966986407670442,0.16327216061347496,0,263,412
HM+ST,stockpile,attack_flow,46,100,0.3,0.3,0.4,0.1452788027838539,0.1463067427353827,0,263,412
HM+ST,stockpile,attack_flow,46,100,0.2,0.3,0.5,0.12830882264166432,0.12804941392117933,0,263,412
HM+ST,stockpile,attack_flow,46,100,0.1,0.3,0.6,0.09607587926859848,0.10309222506292144,0,263,412
HM+ST,stockpile,attack_flow,46,100,0.0,0.3,0.7,0.044151073054088004,0.065992653900154,0,263,412
HM+ST,stockpile,attack_flow,46,100,0.6,0.4,0.0,0.18793521565383794,0.1867433093169257,0,263,412
HM+ST,stockpile,attack_flow,46,100,0.5,0.4,0.1,0.18146704342508024,0.18082620833177188,0,263,412
HM+ST,stockpile,attack_flow,46,100,0.4,0.4,0.2,0.17155573996874032,0.17295456894973943,0,263,412
HM+ST,stockpile,attack_flow,46,100,0.3,0.4,0.3,0.158952378440656,0.16093833746039338,0,263,412
HM+ST,stockpile,attack_flow,46,100,0.2,0.4,0.4,0.14076222940035518,0.1399987955260838,0,263,412
HM+ST,stockpile,attack_flow,46,100,0.1,0.4,0.5,0.11090993193666976,0.1147460742767213,0,263,412
HM+ST,stockpile,attack_flow,46,100,0.0,0.4,0.6,0.06102698569787254,0.07761547099991535,0,263,412
HM+ST,stockpile,attack_flow,46,100,0.5,0.5,0.0,0.18902699500195685,0.18591767858897765,0,263,412
HM+ST,stockpile,attack_flow,46,100,0.4,0.5,0.1,0.18195702469013636,0.1799404744218795,0,263,412
HM+ST,stockpile,attack_flow,46,100,0.3,0.5,0.2,0.17118393675124208,0.17070010420109116,0,263,412
HM+ST,stockpile,attack_flow,46,100,0.2,0.5,0.3,0.15573368382926508,0.15546779772749497,0,263,412
HM+ST,stockpile,attack_flow,46,100,0.1,0.5,0.4,0.12275700032762765,0.13012433985306723,0,263,412
HM+ST,stockpile,attack_flow,46,100,0.0,0.5,0.5,0.07994452940735639,0.0918901299780305,0,263,412
HM+ST,stockpile,attack_flow,46,100,0.4,0.6,0.0,0.18859282876489655,0.18617096851070186,0,263,412
HM+ST,stockpile,attack_flow,46,100,0.3,0.6,0.1,0.18172992733657076,0.18127905579890102,0,263,412
HM+ST,stockpile,attack_flow,46,100,0.2,0.6,0.2,0.17126106101068447,0.16865690446227244,0,263,412
HM+ST,stockpile,attack_flow,46,100,0.1,0.6,0.3,0.14127234923384288,0.1467481081297153,0,263,412
HM+ST,stockpile,attack_flow,46,100,0.0,0.6,0.4,0.10372284481378213,0.11143502612180138,0,263,412
HM+ST,stockpile,attack_flow,46,100,0.3,0.7,0.0,0.18709607413976073,0.18652871144737268,0,263,412
HM+ST,stockpile,attack_flow,46,100,0.2,0.7,0.1,0.18057234350724655,0.17923185441760053,0,263,412
HM+ST,stockpile,attack_flow,46,100,0.1,0.7,0.2,0.1619679786955317,0.16320883830072358,0,263,412
HM+ST,stockpile,attack_flow,46,100,0.0,0.7,0.3,0.13199797715370423,0.1309632003217847,0,263,412
HM+ST,stockpile,attack_flow,46,100,0.2,0.8,0.0,0.18497623859514148,0.18590076127203553,0,263,412
HM+ST,stockpile,attack_flow,46,100,0.1,0.8,0.1,0.16928680459429382,0.17375848423949866,0,263,412
HM+ST,stockpile,attack_flow,46,100,0.0,0.8,0.2,0.14969428593175782,0.14929804678011588,0,263,412
HM+ST,stockpile,attack_flow,46,100,0.1,0.9,0.0,0.1781498714497004,0.17998332297472355,0,263,412
HM+ST,stockpile,attack_flow,46,100,0.0,0.9,0.1,0.16415137399425833,0.16368379651944426,0,263,412
HM+ST,stockpile,attack_flow,46,100,0.0,1.0,0.0,0.17192364876689117,0.17256291261080653,0,263,412
HM+ST,stockpile,attack_flow,46,20,1.0,0.0,0.0,0.18296505841980454,0.18306874644018506,0,263,412
HM+ST,stockpile,attack_flow,46,20,0.9,0.0,0.1,0.1772614412823391,0.17970028117707698,0,263,412
HM+ST,stockpile,attack_flow,46,20,0.8,0.0,0.2,0.16968948277675086,0.17640861955545847,0,263,412
HM+ST,stockpile,attack_flow,46,20,0.7,0.0,0.3,0.16083508404415917,0.1657647088279855,0,263,412
HM+ST,stockpile,attack_flow,46,20,0.6,0.0,0.4,0.14931078146280888,0.15369421870281308,0,263,412
HM+ST,stockpile,attack_flow,46,20,0.5,0.0,0.5,0.14474933550117394,0.14220419176844343,0,263,412
HM+ST,stockpile,attack_flow,46,20,0.4,0.0,0.6,0.13145437916946903,0.12444317276943458,0,263,412
HM+ST,stockpile,attack_flow,46,20,0.3,0.0,0.7,0.10825015878937194,0.10979832238350966,0,263,412
HM+ST,stockpile,attack_flow,46,20,0.2,0.0,0.8,0.09427944001491058,0.09668224081007579,0,263,412
HM+ST,stockpile,attack_flow,46,20,0.1,0.0,0.9,0.07515121393702544,0.07585143109954474,0,263,412
HM+ST,stockpile,attack_flow,46,20,0.0,0.0,1.0,0.018325913018086924,0.027984758145042532,0,263,412
HM+ST,stockpile,attack_flow,46,20,0.9,0.1,0.0,0.18289527662659244,0.18454841266848465,0,263,412
HM+ST,stockpile,attack_flow,46,20,0.8,0.1,0.1,0.17858253562974633,0.18371696761726308,0,263,412
HM+ST,stockpile,attack_flow,46,20,0.7,0.1,0.2,0.17346532945409077,0.17766624451929813,0,263,412
HM+ST,stockpile,attack_flow,46,20,0.6,0.1,0.3,0.1581421861252112,0.16634777198484416,0,263,412
HM+ST,stockpile,attack_flow,46,20,0.5,0.1,0.4,0.1504745062245587,0.15284441119681064,0,263,412
HM+ST,stockpile,attack_flow,46,20,0.4,0.1,0.5,0.1422904476565837,0.14056975001174005,0,263,412
HM+ST,stockpile,attack_flow,46,20,0.3,0.1,0.6,0.11681885718799978,0.12204129491206542,0,263,412
HM+ST,stockpile,attack_flow,46,20,0.2,0.1,0.7,0.10178443584115557,0.10555048039783603,0,263,412
HM+ST,stockpile,attack_flow,46,20,0.1,0.1,0.8,0.08475143842892864,0.0824459764875484,0,263,412
HM+ST,stockpile,attack_flow,46,20,0.0,0.1,0.9,0.0349000510824475,0.062138051244828685,0,263,412
HM+ST,stockpile,attack_flow,46,20,0.8,0.2,0.0,0.18579234130251843,0.1862013418970271,0,263,412
HM+ST,stockpile,attack_flow,46,20,0.7,0.2,0.1,0.18197005340499744,0.18461564155174928,0,263,412
HM+ST,stockpile,attack_flow,46,20,0.6,0.2,0.2,0.17498992374241618,0.17969972639066556,0,263,412
HM+ST,stockpile,attack_flow,46,20,0.5,0.2,0.3,0.15861307632546065,0.1652375813468458,0,263,412
HM+ST,stockpile,attack_flow,46,20,0.4,0.2,0.4,0.1516655515699455,0.15286150601976883,0,263,412
HM+ST,stockpile,attack_flow,46,20,0.3,0.2,0.5,0.1420324536622101,0.1376235634900309,0,263,412
HM+ST,stockpile,attack_flow,46,20,0.2,0.2,0.6,0.11331495433090563,0.11578399652733506,0,263,412
HM+ST,stockpile,attack_flow,46,20,0.1,0.2,0.7,0.09131180013107033,0.09749223005353226,0,263,412
HM+ST,stockpile,attack_flow,46,20,0.0,0.2,0.8,0.04198885759734167,0.06633255624425197,0,263,412
HM+ST,stockpile,attack_flow,46,20,0.7,0.3,0.0,0.18615240322529578,0.1876409411106154,0,263,412
HM+ST,stockpile,attack_flow,46,20,0.6,0.3,0.1,0.18214231460848418,0.1869943359995397,0,263,412
HM+ST,stockpile,attack_flow,46,20,0.5,0.3,0.2,0.1758158555158787,0.1790183531016906,0,263,412
HM+ST,stockpile,attack_flow,46,20,0.4,0.3,0.3,0.16038320666305514,0.1651351235564918,0,263,412
HM+ST,stockpile,attack_flow,46,20,0.3,0.3,0.4,0.15062864735205195,0.15334628046104662,0,263,412
HM+ST,stockpile,attack_flow,46,20,0.2,0.3,0.5,0.12771334110878396,0.13349667645173763,0,263,412
HM+ST,stockpile,attack_flow,46,20,0.1,0.3,0.6,0.10676531228754088,0.11031034070793004,0,263,412
HM+ST,stockpile,attack_flow,46,20,0.0,0.3,0.7,0.057305133072716445,0.07402314545491241,0,263,412
HM+ST,stockpile,attack_flow,46,20,0.6,0.4,0.0,0.188959665625888,0.18964935214191023,0,263,412
HM+ST,stockpile,attack_flow,46,20,0.5,0.4,0.1,0.18648271772018088,0.18799452092069466,0,263,412
HM+ST,stockpile,attack_flow,46,20,0.4,0.4,0.2,0.1754658024756499,0.17977095464363804,0,263,412
HM+ST,stockpile,attack_flow,46,20,0.3,0.4,0.3,0.16246581614697955,0.16644009761271875,0,263,412
HM+ST,stockpile,attack_flow,46,20,0.2,0.4,0.4,0.14817963924791266,0.1508954357589333,0,263,412
HM+ST,stockpile,attack_flow,46,20,0.1,0.4,0.5,0.10962576573108095,0.12115874276886926,0,263,412
HM+ST,stockpile,attack_flow,46,20,0.0,0.4,0.6,0.09754044509081095,0.10023243766693461,0,263,412
HM+ST,stockpile,attack_flow,46,20,0.5,0.5,0.0,0.1902987424905489,0.1913531756902958,0,263,412
HM+ST,stockpile,attack_flow,46,20,0.4,0.5,0.1,0.18620088121022635,0.18858795680803478,0,263,412
HM+ST,stockpile,attack_flow,46,20,0.3,0.5,0.2,0.17427256760036786,0.18171131048230088,0,263,412
HM+ST,stockpile,attack_flow,46,20,0.2,0.5,0.3,0.16282889599474365,0.16589771762295627,0,263,412
HM+ST,stockpile,attack_flow,46,20,0.1,0.5,0.4,0.1317862949627536,0.142498289820067,0,263,412
HM+ST,stockpile,attack_flow,46,20,0.0,0.5,0.5,0.11025803479996635,0.11899726608465351,0,263,412
HM+ST,stockpile,attack_flow,46,20,0.4,0.6,0.0,0.19057935567815656,0.19261942874845267,0,263,412
HM+ST,stockpile,attack_flow,46,20,0.3,0.6,0.1,0.1856921144572903,0.1912535320915782,0,263,412
HM+ST,stockpile,attack_flow,46,20,0.2,0.6,0.2,0.17140209536944565,0.18112745783972245,0,263,412
HM+ST,stockpile,attack_flow,46,20,0.1,0.6,0.3,0.15896112655385738,0.16417039360622704,0,263,412
HM+ST,stockpile,attack_flow,46,20,0.0,0.6,0.4,0.11750282345436526,0.14007417813505393,0,263,412
HM+ST,stockpile,attack_flow,46,20,0.3,0.7,0.0,0.1933878958457331,0.19349613341135302,0,263,412
HM+ST,stockpile,attack_flow,46,20,0.2,0.7,0.1,0.18709330285018785,0.19338992853530823,0,263,412
HM+ST,stockpile,attack_flow,46,20,0.1,0.7,0.2,0.16560747233297618,0.18130559454063427,0,263,412
HM+ST,stockpile,attack_flow,46,20,0.0,0.7,0.3,0.15356829894822607,0.1663541867254293,0,263,412
HM+ST,stockpile,attack_flow,46,20,0.2,0.8,0.0,0.19571028669433807,0.19476622906080937,0,263,412
HM+ST,stockpile,attack_flow,46,20,0.1,0.8,0.1,0.1816214412204778,0.19311257347948563,0,263,412
HM+ST,stockpile,attack_flow,46,20,0.0,0.8,0.2,0.16785638239138448,0.18632990082918197,0,263,412
HM+ST,stockpile,attack_flow,46,20,0.1,0.9,0.0,0.19103879448423905,0.19570305069185595,0,263,412
HM+ST,stockpile,attack_flow,46,20,0.0,0.9,0.1,0.1778972435894272,0.1961895164857295,0,263,412
HM+ST,stockpile,attack_flow,46,20,0.0,1.0,0.0,0.19264082299345006,0.19985174211432885,1,263,412
HM+ST,stockpile,attack_flow,46,40,1.0,0.0,0.0,0.18296505841980454,0.18306874644018506,0,263,412
HM+ST,stockpile,attack_flow,46,40,0.9,0.0,0.1,0.1772614412823391,0.17970028117707698,0,263,412
HM+ST,stockpile,attack_flow,46,40,0.8,0.0,0.2,0.16968948277675086,0.17640861955545847,0,263,412
HM+ST,stockpile,attack_flow,46,40,0.7,0.0,0.3,0.16083508404415917,0.1657647088279855,0,263,412
HM+ST,stockpile,attack_flow,46,40,0.6,0.0,0.4,0.14931078146280888,0.15369421870281308,0,263,412
HM+ST,stockpile,attack_flow,46,40,0.5,0.0,0.5,0.14474933550117394,0.14220419176844343,0,263,412
HM+ST,stockpile,attack_flow,46,40,0.4,0.0,0.6,0.13145437916946903,0.12444317276943458,0,263,412
HM+ST,stockpile,attack_flow,46,40,0.3,0.0,0.7,0.10825015878937194,0.10979832238350966,0,263,412
HM+ST,stockpile,attack_flow,46,40,0.2,0.0,0.8,0.09427944001491058,0.09668224081007579,0,263,412
HM+ST,stockpile,attack_flow,46,40,0.1,0.0,0.9,0.07515121393702544,0.07585143109954474,0,263,412
HM+ST,stockpile,attack_flow,46,40,0.0,0.0,1.0,0.018325913018086924,0.027984758145042532,0,263,412
HM+ST,stockpile,attack_flow,46,40,0.9,0.1,0.0,0.18237833606148168,0.18435919167908613,0,263,412
HM+ST,stockpile,attack_flow,46,40,0.8,0.1,0.1,0.17850061806765263,0.1831515729478975,0,263,412
HM+ST,stockpile,attack_flow,46,40,0.7,0.1,0.2,0.17368145063568285,0.17760924576439147,0,263,412
HM+ST,stockpile,attack_flow,46,40,0.6,0.1,0.3,0.15792606494361913,0.16539386119933056,0,263,412
HM+ST,stockpile,attack_flow,46,40,0.5,0.1,0.4,0.14945690299753303,0.15184828391759536,0,263,412
HM+ST,stockpile,attack_flow,46,40,0.4,0.1,0.5,0.1408823335223598,0.13928958894152912,0,263,412
HM+ST,stockpile,attack_flow,46,40,0.3,0.1,0.6,0.11165069194729699,0.12022663543054009,0,263,412
HM+ST,stockpile,attack_flow,46,40,0.2,0.1,0.7,0.10172083901604408,0.10393736494906783,0,263,412
HM+ST,stockpile,attack_flow,46,40,0.1,0.1,0.8,0.08591236682338144,0.08134352769306283,0,263,412
HM+ST,stockpile,attack_flow,46,40,0.0,0.1,0.9,0.035100068874444466,0.06254926883931795,0,263,412
HM+ST,stockpile,attack_flow,46,40,0.8,0.2,0.0,0.1842787281518023,0.18554544359251085,0,263,412
HM+ST,stockpile,attack_flow,46,40,0.7,0.2,0.1,0.18006193292350614,0.1848980584370097,0,263,412
HM+ST,stockpile,attack_flow,46,40,0.6,0.2,0.2,0.1755637408330084,0.17803708094529888,0,263,412
HM+ST,stockpile,attack_flow,46,40,0.5,0.2,0.3,0.15857524532527054,0.163368272834919,0,263,412
HM+ST,stockpile,attack_flow,46,40,0.4,0.2,0.4,0.1504696146110389,0.1505607691302116,0,263,412
HM+ST,stockpile,attack_flow,46,40,0.3,0.2,0.5,0.1392498581348921,0.13573012717482658,0,263,412
HM+ST,stockpile,attack_flow,46,40,0.2,0.2,0.6,0.11387654870103445,0.1154041495591015,0,263,412
HM+ST,stockpile,attack_flow,46,40,0.1,0.2,0.7,0.09292820301983408,0.09757621103525252,0,263,412
HM+ST,stockpile,attack_flow,46,40,0.0,0.2,0.8,0.040949460936219075,0.06492950672573912,0,263,412
HM+ST,stockpile,attack_flow,46,40,0.7,0.3,0.0,0.18750382067080573,0.18760584294743474,0,263,412
HM+ST,stockpile,attack_flow,46,40,0.6,0.3,0.1,0.1810790961240474,0.18525675481034787,0,263,412
HM+ST,stockpile,attack_flow,46,40,0.5,0.3,0.2,0.17454995294602904,0.17827054980379226,0,263,412
HM+ST,stockpile,attack_flow,46,40,0.4,0.3,0.3,0.1573009146142207,0.1630240317515742,0,263,412
HM+ST,stockpile,attack_flow,46,40,0.3,0.3,0.4,0.14977356731350447,0.14984609193306886,0,263,412
HM+ST,stockpile,attack_flow,46,40,0.2,0.3,0.5,0.1346963390256776,0.1281446347257123,0,263,412
HM+ST,stockpile,attack_flow,46,40,0.1,0.3,0.6,0.10257103349375055,0.1093414344078818,0,263,412
HM+ST,stockpile,attack_flow,46,40,0.0,0.3,0.7,0.05427505074555936,0.07175427695110083,0,263,412
HM+ST,stockpile,attack_flow,46,40,0.6,0.4,0.0,0.1889937864586435,0.18903881472978157,0,263,412
HM+ST,stockpile,attack_flow,46,40,0.5,0.4,0.1,0.18543688723481366,0.1873942810422258,0,263,412
HM+ST,stockpile,attack_flow,46,40,0.4,0.4,0.2,0.17227291398847014,0.17706845442400604,0,263,412
HM+ST,stockpile,attack_flow,46,40,0.3,0.4,0.3,0.15756817419150368,0.16201665646557478,0,263,412
HM+ST,stockpile,attack_flow,46,40,0.2,0.4,0.4,0.1465341657619591,0.14617655474767402,0,263,412
HM+ST,stockpile,attack_flow,46,40,0.1,0.4,0.5,0.10833501375271375,0.11753306535159924,0,263,412
HM+ST,stockpile,attack_flow,46,40,0.0,0.4,0.6,0.07912295757857017,0.08547547471803847,0,263,412
HM+ST,stockpile,attack_flow,46,40,0.5,0.5,0.0,0.19105294225055633,0.19094490442375403,0,263,412
HM+ST,stockpile,attack_flow,46,40,0.4,0.5,0.1,0.18700300946786022,0.18804203095572708,0,263,412
HM+ST,stockpile,attack_flow,46,40,0.3,0.5,0.2,0.17299170267879577,0.1773131137748627,0,263,412
HM+ST,stockpile,attack_flow,46,40,0.2,0.5,0.3,0.159814594952482,0.16120475944835036,0,263,412
HM+ST,stockpile,attack_flow,46,40,0.1,0.5,0.4,0.12816700459636174,0.1361333023872739,0,263,412
HM+ST,stockpile,attack_flow,46,40,0.0,0.5,0.5,0.10928224241020183,0.11002255298409988,0,263,412
HM+ST,stockpile,attack_flow,46,40,0.4,0.6,0.0,0.1932313525500035,0.19227410655516936,0,263,412
HM+ST,stockpile,attack_flow,46,40,0.3,0.6,0.1,0.18614314501958515,0.1894477956927812,0,263,412
HM+ST,stockpile,attack_flow,46,40,0.2,0.6,0.2,0.17304193274575796,0.17880872314393154,0,263,412
HM+ST,stockpile,attack_flow,46,40,0.1,0.6,0.3,0.14965226052574362,0.15398536140979813,0,263,412
HM+ST,stockpile,attack_flow,46,40,0.0,0.6,0.4,0.11542142393798759,0.12561333812908843,0,263,412
HM+ST,stockpile,attack_flow,46,40,0.3,0.7,0.0,0.19339773577582114,0.19419512737238787,0,263,412
HM+ST,stockpile,attack_flow,46,40,0.2,0.7,0.1,0.1861263148710063,0.19090535553964041,0,263,412
HM+ST,stockpile,attack_flow,46,40,0.1,0.7,0.2,0.16479382786846186,0.17616323090085823,0,263,412
HM+ST,stockpile,attack_flow,46,40,0.0,0.7,0.3,0.14573837053646743,0.15249827657100193,0,263,412
HM+ST,stockpile,attack_flow,46,40,0.2,0.8,0.0,0.1938660487447209,0.1965487106536427,0,263,412
HM+ST,stockpile,attack_flow,46,40,0.1,0.8,0.1,0.17808263171912062,0.1888207792940845,0,263,412
HM+ST,stockpile,attack_flow,46,40,0.0,0.8,0.2,0.16484839227089662,0.1785695366927677,0,263,412
HM+ST,stockpile,attack_flow,46,40,0.1,0.9,0.0,0.18808163684409246,0.19580137482356744,0,263,412
HM+ST,stockpile,attack_flow,46,40,0.0,0.9,0.1,0.1745647810403836,0.19255089197718994,0,263,412
HM+ST,stockpile,attack_flow,46,40,0.0,1.0,0.0,0.19021736965232455,0.1993665631974852,0,263,412
HM+ST,stockpile,attack_flow,46,60,1.0,0.0,0.0,0.18296505841980454,0.18306874644018506,0,263,412
HM+ST,stockpile,attack_flow,46,60,0.9,0.0,0.1,0.1772614412823391,0.17970028117707698,0,263,412
HM+ST,stockpile,attack_flow,46,60,0.8,0.0,0.2,0.16968948277675086,0.17640861955545847,0,263,412
HM+ST,stockpile,attack_flow,46,60,0.7,0.0,0.3,0.16083508404415917,0.1657647088279855,0,263,412
HM+ST,stockpile,attack_flow,46,60,0.6,0.0,0.4,0.14931078146280888,0.15369421870281308,0,263,412
HM+ST,stockpile,attack_flow,46,60,0.5,0.0,0.5,0.14474933550117394,0.14220419176844343,0,263,412
HM+ST,stockpile,attack_flow,46,60,0.4,0.0,0.6,0.13145437916946903,0.12444317276943458,0,263,412
HM+ST,stockpile,attack_flow,46,60,0.3,0.0,0.7,0.10825015878937194,0.10979832238350966,0,263,412
HM+ST,stockpile,attack_flow,46,60,0.2,0.0,0.8,0.09427944001491058,0.09668224081007579,0,263,412
HM+ST,stockpile,attack_flow,46,60,0.1,0.0,0.9,0.07515121393702544,0.07585143109954474,0,263,412
HM+ST,stockpile,attack_flow,46,60,0.0,0.0,1.0,0.018325913018086924,0.027984758145042532,0,263,412
HM+ST,stockpile,attack_flow,46,60,0.9,0.1,0.0,0.18286001027193466,0.18387518439226536,0,263,412
HM+ST,stockpile,attack_flow,46,60,0.8,0.1,0.1,0.1781678242427307,0.18183548130805957,0,263,412
HM+ST,stockpile,attack_flow,46,60,0.7,0.1,0.2,0.17190009089118446,0.17715855637133587,0,263,412
HM+ST,stockpile,attack_flow,46,60,0.6,0.1,0.3,0.15985028313127506,0.16544259396080208,0,263,412
HM+ST,stockpile,attack_flow,46,60,0.5,0.1,0.4,0.14946796135359186,0.15149066055051869,0,263,412
HM+ST,stockpile,attack_flow,46,60,0.4,0.1,0.5,0.14057002197869897,0.1390831596721506,0,263,412
HM+ST,stockpile,attack_flow,46,60,0.3,0.1,0.6,0.11548019606387351,0.12080394992676231,0,263,412
HM+ST,stockpile,attack_flow,46,60,0.2,0.1,0.7,0.10091513288198874,0.104538750186121,0,263,412
HM+ST,stockpile,attack_flow,46,60,0.1,0.1,0.8,0.08376191623518787,0.08141794282823878,0,263,412
HM+ST,stockpile,attack_flow,46,60,0.0,0.1,0.9,0.03598955970964132,0.0608340471387109,0,263,412
HM+ST,stockpile,attack_flow,46,60,0.8,0.2,0.0,0.18439111903180375,0.18493383426639304,0,263,412
HM+ST,stockpile,attack_flow,46,60,0.7,0.2,0.1,0.18096847125436696,0.18341999532863268,0,263,412
HM+ST,stockpile,attack_flow,46,60,0.6,0.2,0.2,0.1743301240316376,0.17778047617112414,0,263,412
HM+ST,stockpile,attack_flow,46,60,0.5,0.2,0.3,0.158969418289815,0.1640048449284548,0,263,412
HM+ST,stockpile,attack_flow,46,60,0.4,0.2,0.4,0.14879780095090894,0.1500489991793307,0,263,412
HM+ST,stockpile,attack_flow,46,60,0.3,0.2,0.5,0.1393743665757017,0.1352981084066262,0,263,412
HM+ST,stockpile,attack_flow,46,60,0.2,0.2,0.6,0.10900047049196782,0.11488677026788899,0,263,412
HM+ST,stockpile,attack_flow,46,60,0.1,0.2,0.7,0.08965888849053633,0.09680735948100819,0,263,412
HM+ST,stockpile,attack_flow,46,60,0.0,0.2,0.8,0.03799214884131275,0.061971349537273956,0,263,412
HM+ST,stockpile,attack_flow,46,60,0.7,0.3,0.0,0.1857224295241696,0.18561740356011402,0,263,412
HM+ST,stockpile,attack_flow,46,60,0.6,0.3,0.1,0.18243886481031427,0.18513277028677666,0,263,412
HM+ST,stockpile,attack_flow,46,60,0.5,0.3,0.2,0.17491592712175688,0.1769956282827747,0,263,412
HM+ST,stockpile,attack_flow,46,60,0.4,0.3,0.3,0.15821800139414594,0.16278657354906373,0,263,412
HM+ST,stockpile,attack_flow,46,60,0.3,0.3,0.4,0.15019225635037015,0.14853582587964803,0,263,412
HM+ST,stockpile,attack_flow,46,60,0.2,0.3,0.5,0.1261726710838888,0.12885993417039293,0,263,412
HM+ST,stockpile,attack_flow,46,60,0.1,0.3,0.6,0.0968888052326342,0.10695708308204428,0,263,412
HM+ST,stockpile,attack_flow,46,60,0.0,0.3,0.7,0.048530253571385296,0.07003071937756014,0,263,412
HM+ST,stockpile,attack_flow,46,60,0.6,0.4,0.0,0.1893184024174198,0.187750891929181,0,263,412
HM+ST,stockpile,attack_flow,46,60,0.5,0.4,0.1,0.18294543879663067,0.1865054696944372,0,263,412
HM+ST,stockpile,attack_flow,46,60,0.4,0.4,0.2,0.17494932178852188,0.17625113732844414,0,263,412
HM+ST,stockpile,attack_flow,46,60,0.3,0.4,0.3,0.1576833984259247,0.16282508224357223,0,263,412
HM+ST,stockpile,attack_flow,46,60,0.2,0.4,0.4,0.1466721815281844,0.14463528883853313,0,263,412
HM+ST,stockpile,attack_flow,46,60,0.1,0.4,0.5,0.10942737856481044,0.1176454533128517,0,263,412
HM+ST,stockpile,attack_flow,46,60,0.0,0.4,0.6,0.06218671345138393,0.08185870481386878,0,263,412
HM+ST,stockpile,attack_flow,46,60,0.5,0.5,0.0,0.19147339801306318,0.18843743014951989,0,263,412
HM+ST,stockpile,attack_flow,46,60,0.4,0.5,0.1,0.18776834779038162,0.18714837276221716,0,263,412
HM+ST,stockpile,attack_flow,46,60,0.3,0.5,0.2,0.17638176210001094,0.17704308788446482,0,263,412
HM+ST,stockpile,attack_flow,46,60,0.2,0.5,0.3,0.15868470604461654,0.1604139626278151,0,263,412
HM+ST,stockpile,attack_flow,46,60,0.1,0.5,0.4,0.12964212591713548,0.1342171203115652,0,263,412
HM+ST,stockpile,attack_flow,46,60,0.0,0.5,0.5,0.08661150883052754,0.1016127906458842,0,263,412
HM+ST,stockpile,attack_flow,46,60,0.4,0.6,0.0,0.1915671012778289,0.19012392455119548,0,263,412
HM+ST,stockpile,attack_flow,46,60,0.3,0.6,0.1,0.18932420478812093,0.1879505263566566,0,263,412
HM+ST,stockpile,attack_flow,46,60,0.2,0.6,0.2,0.1768559098988981,0.17776763960698025,0,263,412
HM+ST,stockpile,attack_flow,46,60,0.1,0.6,0.3,0.14479870329270025,0.14990788982832307,0,263,412
HM+ST,stockpile,attack_flow,46,60,0.0,0.6,0.4,0.1128063885747843,0.12257544353962853,0,263,412
HM+ST,stockpile,attack_flow,46,60,0.3,0.7,0.0,0.19267163136441237,0.1920022579199451,0,263,412
HM+ST,stockpile,attack_flow,46,60,0.2,0.7,0.1,0.18598966025365396,0.18912692344703477,0,263,412
HM+ST,stockpile,attack_flow,46,60,0.1,0.7,0.2,0.16815572906116832,0.1723935400576839,0,263,412
HM+ST,stockpile,attack_flow,46,60,0.0,0.7,0.3,0.13703534665401584,0.1440833823082155,0,263,412
HM+ST,stockpile,attack_flow,46,60,0.2,0.8,0.0,0.19241123818405054,0.19390376713030424,0,263,412
HM+ST,stockpile,attack_flow,46,60,0.1,0.8,0.1,0.17991648466666918,0.18502399710530665,0,263,412
HM+ST,stockpile,attack_flow,46,60,0.0,0.8,0.2,0.16481037313878674,0.1703827527896307,0,263,412
HM+ST,stockpile,attack_flow,46,60,0.1,0.9,0.0,0.1875704075615636,0.19319528839651592,0,263,412
HM+ST,stockpile,attack_flow,46,60,0.0,0.9,0.1,0.18011394370245648,0.18547909286893893,0,263,412
HM+ST,stockpile,attack_flow,46,60,0.0,1.0,0.0,0.18553657422662562,0.191576647580785,0,263,412
HM+ST,stockpile,attack_flow,46,80,1.0,0.0,0.0,0.18296505841980454,0.18306874644018506,0,263,412
HM+ST,stockpile,attack_flow,46,80,0.9,0.0,0.1,0.1772614412823391,0.17970028117707698,0,263,412
HM+ST,stockpile,attack_flow,46,80,0.8,0.0,0.2,0.16968948277675086,0.17640861955545847,0,263,412
HM+ST,stockpile,attack_flow,46,80,0.7,0.0,0.3,0.16083508404415917,0.1657647088279855,0,263,412
HM+ST,stockpile,attack_flow,46,80,0.6,0.0,0.4,0.14931078146280888,0.15369421870281308,0,263,412
HM+ST,stockpile,attack_flow,46,80,0.5,0.0,0.5,0.14474933550117394,0.14220419176844343,0,263,412
HM+ST,stockpile,attack_flow,46,80,0.4,0.0,0.6,0.13145437916946903,0.12444317276943458,0,263,412
HM+ST,stockpile,attack_flow,46,80,0.3,0.0,0.7,0.10825015878937194,0.10979832238350966,0,263,412
HM+ST,stockpile,attack_flow,46,80,0.2,0.0,0.8,0.09427944001491058,0.09668224081007579,0,263,412
HM+ST,stockpile,attack_flow,46,80,0.1,0.0,0.9,0.07515121393702544,0.07585143109954474,0,263,412
HM+ST,stockpile,attack_flow,46,80,0.0,0.0,1.0,0.018325913018086924,0.027984758145042532,0,263,412
HM+ST,stockpile,attack_flow,46,80,0.9,0.1,0.0,0.18266711047441408,0.18301198049854633,0,263,412
HM+ST,stockpile,attack_flow,46,80,0.8,0.1,0.1,0.17689169087267823,0.18059055470373156,0,263,412
HM+ST,stockpile,attack_flow,46,80,0.7,0.1,0.2,0.1711493401832537,0.1772236163675988,0,263,412
HM+ST,stockpile,attack_flow,46,80,0.6,0.1,0.3,0.15879104523377413,0.16585537558948238,0,263,412
HM+ST,stockpile,attack_flow,46,80,0.5,0.1,0.4,0.1487224538336281,0.15070214170132773,0,263,412
HM+ST,stockpile,attack_flow,46,80,0.4,0.1,0.5,0.1394901242762106,0.138454580427406,0,263,412
HM+ST,stockpile,attack_flow,46,80,0.3,0.1,0.6,0.11273452826930494,0.1204494574006996,0,263,412
HM+ST,stockpile,attack_flow,46,80,0.2,0.1,0.7,0.1008079368739668,0.10434542558301999,0,263,412
HM+ST,stockpile,attack_flow,46,80,0.1,0.1,0.8,0.0833115360750641,0.08103306975203337,0,263,412
HM+ST,stockpile,attack_flow,46,80,0.0,0.1,0.9,0.03489160483338756,0.05894228245938158,0,263,412
HM+ST,stockpile,attack_flow,46,80,0.8,0.2,0.0,0.18296376587757565,0.1840224993992354,0,263,412
HM+ST,stockpile,attack_flow,46,80,0.7,0.2,0.1,0.17758932162313862,0.18190803752795234,0,263,412
HM+ST,stockpile,attack_flow,46,80,0.6,0.2,0.2,0.17234191184883682,0.17731215768138436,0,263,412
HM+ST,stockpile,attack_flow,46,80,0.5,0.2,0.3,0.15748626212790917,0.164432886661641,0,263,412
HM+ST,stockpile,attack_flow,46,80,0.4,0.2,0.4,0.14891272390519222,0.1499949361158877,0,263,412
HM+ST,stockpile,attack_flow,46,80,0.3,0.2,0.5,0.13489336004027455,0.13350488827037005,0,263,412
HM+ST,stockpile,attack_flow,46,80,0.2,0.2,0.6,0.10925015857940809,0.11417895122153934,0,263,412
HM+ST,stockpile,attack_flow,46,80,0.1,0.2,0.7,0.09041576189818283,0.09490436062329519,0,263,412
HM+ST,stockpile,attack_flow,46,80,0.0,0.2,0.8,0.03804576376331672,0.061203559608396,0,263,412
HM+ST,stockpile,attack_flow,46,80,0.7,0.3,0.0,0.18689171824402886,0.1854702270525992,0,263,412
HM+ST,stockpile,attack_flow,46,80,0.6,0.3,0.1,0.18099659034545565,0.18288938461874327,0,263,412
HM+ST,stockpile,attack_flow,46,80,0.5,0.3,0.2,0.17093020135266987,0.175221971016345,0,263,412
HM+ST,stockpile,attack_flow,46,80,0.4,0.3,0.3,0.15586521084345556,0.16310725783220456,0,263,412
HM+ST,stockpile,attack_flow,46,80,0.3,0.3,0.4,0.14566104129540813,0.1453638215071179,0,263,412
HM+ST,stockpile,attack_flow,46,80,0.2,0.3,0.5,0.12220291718176288,0.12865009551586484,0,263,412
HM+ST,stockpile,attack_flow,46,80,0.1,0.3,0.6,0.09483415332959386,0.10348818309283261,0,263,412
HM+ST,stockpile,attack_flow,46,80,0.0,0.3,0.7,0.0409612071898043,0.06563947357231023,0,263,412
HM+ST,stockpile,attack_flow,46,80,0.6,0.4,0.0,0.18563531661865704,0.18635491271726481,0,263,412
HM+ST,stockpile,attack_flow,46,80,0.5,0.4,0.1,0.18111289458305085,0.1824384601800318,0,263,412
HM+ST,stockpile,attack_flow,46,80,0.4,0.4,0.2,0.17121659474076867,0.17287169885223883,0,263,412
HM+ST,stockpile,attack_flow,46,80,0.3,0.4,0.3,0.1569170145475397,0.16042384391034586,0,263,412
HM+ST,stockpile,attack_flow,46,80,0.2,0.4,0.4,0.13950671969533623,0.14164964433805163,0,263,412
HM+ST,stockpile,attack_flow,46,80,0.1,0.4,0.5,0.10499982699365505,0.11415046022273848,0,263,412
HM+ST,stockpile,attack_flow,46,80,0.0,0.4,0.6,0.055101183327767526,0.07564062576490531,0,263,412
HM+ST,stockpile,attack_flow,46,80,0.5,0.5,0.0,0.18837630653413884,0.1859662797886777,0,263,412
HM+ST,stockpile,attack_flow,46,80,0.4,0.5,0.1,0.18267946937877189,0.18276707073813583,0,263,412
HM+ST,stockpile,attack_flow,46,80,0.3,0.5,0.2,0.16749789810556986,0.17145562389000615,0,263,412
HM+ST,stockpile,attack_flow,46,80,0.2,0.5,0.3,0.15098674374794085,0.15614967658962556,0,263,412
HM+ST,stockpile,attack_flow,46,80,0.1,0.5,0.4,0.12212351781744243,0.1316908763619635,0,263,412
HM+ST,stockpile,attack_flow,46,80,0.0,0.5,0.5,0.0740079342529094,0.09065446056608556,0,263,412
HM+ST,stockpile,attack_flow,46,80,0.4,0.6,0.0,0.18850152839525186,0.18700175424920756,0,263,412
HM+ST,stockpile,attack_flow,46,80,0.3,0.6,0.1,0.18283008049603486,0.1822081782353598,0,263,412
HM+ST,stockpile,attack_flow,46,80,0.2,0.6,0.2,0.16552591579448292,0.17145542759500415,0,263,412
HM+ST,stockpile,attack_flow,46,80,0.1,0.6,0.3,0.13802508619954348,0.1469281158711172,0,263,412
HM+ST,stockpile,attack_flow,46,80,0.0,0.6,0.4,0.09133937167629265,0.11216552058665936,0,263,412
HM+ST,stockpile,attack_flow,46,80,0.3,0.7,0.0,0.1872381003757548,0.1894474653044756,0,263,412
HM+ST,stockpile,attack_flow,46,80,0.2,0.7,0.1,0.17854749535172665,0.18305920771413392,0,263,412
HM+ST,stockpile,attack_flow,46,80,0.1,0.7,0.2,0.15464594796873232,0.1630501458669095,0,263,412
HM+ST,stockpile,attack_flow,46,80,0.0,0.7,0.3,0.11942402563775802,0.13286371328830757,0,263,412
HM+ST,stockpile,attack_flow,46,80,0.2,0.8,0.0,0.18404813938826683,0.19068082040499085,0,263,412
HM+ST,stockpile,attack_flow,46,80,0.1,0.8,0.1,0.17195336910234796,0.1768271866108923,0,263,412
HM+ST,stockpile,attack_flow,46,80,0.0,0.8,0.2,0.14671002234352873,0.15339140674084004,0,263,412
HM+ST,stockpile,attack_flow,46,80,0.1,0.9,0.0,0.1792887727981159,0.18726433962780506,0,263,412
HM+ST,stockpile,attack_flow,46,80,0.0,0.9,0.1,0.16431048046991745,0.17190303782192112,0,263,412
HM+ST,stockpile,attack_flow,46,80,0.0,1.0,0.0,0.17335360553306436,0.181074798505877,0,263,412
HM+ST,stockpile,ctid,42,100,1.0,0.0,0.0,0.19046414464855657,0.18306874644018506,0,412,263
HM+ST,stockpile,ctid,42,100,0.9,0.0,0.1,0.19294201486342938,0.17970028117707698,0,412,263
HM+ST,stockpile,ctid,42,100,0.8,0.0,0.2,0.1885522516723844,0.17640861955545847,0,412,263
HM+ST,stockpile,ctid,42,100,0.7,0.0,0.3,0.1729040605243318,0.1657647088279855,0,412,263
HM+ST,stockpile,ctid,42,100,0.6,0.0,0.4,0.16290245648002685,0.15369421870281308,0,412,263
HM+ST,stockpile,ctid,42,100,0.5,0.0,0.5,0.15147987161413923,0.14220419176844343,0,412,263
HM+ST,stockpile,ctid,42,100,0.4,0.0,0.6,0.12456343101783877,0.12444317276943458,0,412,263
HM+ST,stockpile,ctid,42,100,0.3,0.0,0.7,0.11566798857108315,0.10979832238350966,0,412,263
HM+ST,stockpile,ctid,42,100,0.2,0.0,0.8,0.1000929558079146,0.09668224081007579,0,412,263
HM+ST,stockpile,ctid,42,100,0.1,0.0,0.9,0.07998995799023817,0.07585143109954474,0,412,263
HM+ST,stockpile,ctid,42,100,0.0,0.0,1.0,0.03764360327199814,0.027984758145042532,0,412,263
HM+ST,stockpile,ctid,42,100,0.9,0.1,0.0,0.18772827209892318,0.1828871589415645,0,412,263
HM+ST,stockpile,ctid,42,100,0.8,0.1,0.1,0.19192604921981593,0.18074917389841164,0,412,263
HM+ST,stockpile,ctid,42,100,0.7,0.1,0.2,0.18953937608902255,0.177632443125288,0,412,263
HM+ST,stockpile,ctid,42,100,0.6,0.1,0.3,0.17332972850206863,0.16639109574235977,0,412,263
HM+ST,stockpile,ctid,42,100,0.5,0.1,0.4,0.15739659385581742,0.15105242717311793,0,412,263
HM+ST,stockpile,ctid,42,100,0.4,0.1,0.5,0.15100473692364771,0.13877800728054004,0,412,263
HM+ST,stockpile,ctid,42,100,0.3,0.1,0.6,0.12530539546849503,0.12025524101853365,0,412,263
HM+ST,stockpile,ctid,42,100,0.2,0.1,0.7,0.1104112249048387,0.10388240626424514,0,412,263
HM+ST,stockpile,ctid,42,100,0.1,0.1,0.8,0.08617892592251478,0.08185985538638685,0,412,263
HM+ST,stockpile,ctid,42,100,0.0,0.1,0.9,0.07989217358711029,0.0585389508952737,0,412,263
HM+ST,stockpile,ctid,42,100,0.8,0.2,0.0,0.19041362358414773,0.1852555920331946,0,412,263
HM+ST,stockpile,ctid,42,100,0.7,0.2,0.1,0.19275625803137073,0.1817600157995952,0,412,263
HM+ST,stockpile,ctid,42,100,0.6,0.2,0.2,0.18754916510045244,0.17732484311416039,0,412,263
HM+ST,stockpile,ctid,42,100,0.5,0.2,0.3,0.1712460306795237,0.16488348383788037,0,412,263
HM+ST,stockpile,ctid,42,100,0.4,0.2,0.4,0.15636124457900125,0.14940104932398646,0,412,263
HM+ST,stockpile,ctid,42,100,0.3,0.2,0.5,0.1387405834261539,0.13445644869949333,0,412,263
HM+ST,stockpile,ctid,42,100,0.2,0.2,0.6,0.12068203811783633,0.11385189224224215,0,412,263
HM+ST,stockpile,ctid,42,100,0.1,0.2,0.7,0.10154042246236368,0.0963843418490807,0,412,263
HM+ST,stockpile,ctid,42,100,0.0,0.2,0.8,0.08343948161567595,0.06007083441743301,0,412,263
HM+ST,stockpile,ctid,42,100,0.7,0.3,0.0,0.1919664494326321,0.18688646210489707,0,412,263
HM+ST,stockpile,ctid,42,100,0.6,0.3,0.1,0.18916987847253028,0.18243633425558498,0,412,263
HM+ST,stockpile,ctid,42,100,0.5,0.3,0.2,0.18026475563916589,0.1747320916436143,0,412,263
HM+ST,stockpile,ctid,42,100,0.4,0.3,0.3,0.16694182411746195,0.16327216061347496,0,412,263
HM+ST,stockpile,ctid,42,100,0.3,0.3,0.4,0.15013525711007197,0.1463067427353827,0,412,263
HM+ST,stockpile,ctid,42,100,0.2,0.3,0.5,0.128691954826206,0.12804941392117933,0,412,263
HM+ST,stockpile,ctid,42,100,0.1,0.3,0.6,0.10976125373043474,0.10309222506292144,0,412,263
HM+ST,stockpile,ctid,42,100,0.0,0.3,0.7,0.08745132174904169,0.065992653900154,0,412,263
HM+ST,stockpile,ctid,42,100,0.6,0.4,0.0,0.18747672732930337,0.1867433093169257,0,412,263
HM+ST,stockpile,ctid,42,100,0.5,0.4,0.1,0.18314155978336694,0.18082620833177188,0,412,263
HM+ST,stockpile,ctid,42,100,0.4,0.4,0.2,0.17981911488277608,0.17295456894973943,0,412,263
HM+ST,stockpile,ctid,42,100,0.3,0.4,0.3,0.164073209122538,0.16093833746039338,0,412,263
HM+ST,stockpile,ctid,42,100,0.2,0.4,0.4,0.1400763558066448,0.1399987955260838,0,412,263
HM+ST,stockpile,ctid,42,100,0.1,0.4,0.5,0.11676200046739701,0.1147460742767213,0,412,263
HM+ST,stockpile,ctid,42,100,0.0,0.4,0.6,0.0929210161366886,0.07761547099991535,0,412,263
HM+ST,stockpile,ctid,42,100,0.5,0.5,0.0,0.18898138711448778,0.18591767858897765,0,412,263
HM+ST,stockpile,ctid,42,100,0.4,0.5,0.1,0.1824798498089023,0.1799404744218795,0,412,263
HM+ST,stockpile,ctid,42,100,0.3,0.5,0.2,0.17392546375072104,0.17070010420109116,0,412,263
HM+ST,stockpile,ctid,42,100,0.2,0.5,0.3,0.15222332238998504,0.15546779772749497,0,412,263
HM+ST,stockpile,ctid,42,100,0.1,0.5,0.4,0.13946077895438108,0.13012433985306723,0,412,263
HM+ST,stockpile,ctid,42,100,0.0,0.5,0.5,0.10522358853982088,0.0918901299780305,0,412,263
HM+ST,stockpile,ctid,42,100,0.4,0.6,0.0,0.18936296734051858,0.18617096851070186,0,412,263
HM+ST,stockpile,ctid,42,100,0.3,0.6,0.1,0.18397764257333407,0.18127905579890102,0,412,263
HM+ST,stockpile,ctid,42,100,0.2,0.6,0.2,0.16776231982545836,0.16865690446227244,0,412,263
HM+ST,stockpile,ctid,42,100,0.1,0.6,0.3,0.15120964369479667,0.1467481081297153,0,412,263
HM+ST,stockpile,ctid,42,100,0.0,0.6,0.4,0.12009667483176875,0.11143502612180138,0,412,263
HM+ST,stockpile,ctid,42,100,0.3,0.7,0.0,0.18827951591461362,0.18652871144737268,0,412,263
HM+ST,stockpile,ctid,42,100,0.2,0.7,0.1,0.18082730091132995,0.17923185441760053,0,412,263
HM+ST,stockpile,ctid,42,100,0.1,0.7,0.2,0.16889260185932423,0.16320883830072358,0,412,263
HM+ST,stockpile,ctid,42,100,0.0,0.7,0.3,0.13224587539017926,0.1309632003217847,0,412,263
HM+ST,stockpile,ctid,42,100,0.2,0.8,0.0,0.18721491114837974,0.18590076127203553,0,412,263
HM+ST,stockpile,ctid,42,100,0.1,0.8,0.1,0.1818235072818068,0.17375848423949866,0,412,263
HM+ST,stockpile,ctid,42,100,0.0,0.8,0.2,0.15266250601791728,0.14929804678011588,0,412,263
HM+ST,stockpile,ctid,42,100,0.1,0.9,0.0,0.18639097070842203,0.17998332297472355,0,412,263
HM+ST,stockpile,ctid,42,100,0.0,0.9,0.1,0.164788503458527,0.16368379651944426,0,412,263
HM+ST,stockpile,ctid,42,100,0.0,1.0,0.0,0.17419201599255082,0.17256291261080653,0,412,263
HM+ST,stockpile,ctid,42,20,1.0,0.0,0.0,0.19046414464855657,0.18306874644018506,0,412,263
HM+ST,stockpile,ctid,42,20,0.9,0.0,0.1,0.19294201486342938,0.17970028117707698,0,412,263
HM+ST,stockpile,ctid,42,20,0.8,0.0,0.2,0.1885522516723844,0.17640861955545847,0,412,263
HM+ST,stockpile,ctid,42,20,0.7,0.0,0.3,0.1729040605243318,0.1657647088279855,0,412,263
HM+ST,stockpile,ctid,42,20,0.6,0.0,0.4,0.16290245648002685,0.15369421870281308,0,412,263
HM+ST,stockpile,ctid,42,20,0.5,0.0,0.5,0.15147987161413923,0.14220419176844343,0,412,263
HM+ST,stockpile,ctid,42,20,0.4,0.0,0.6,0.12456343101783877,0.12444317276943458,0,412,263
HM+ST,stockpile,ctid,42,20,0.3,0.0,0.7,0.11566798857108315,0.10979832238350966,0,412,263
HM+ST,stockpile,ctid,42,20,0.2,0.0,0.8,0.1000929558079146,0.09668224081007579,0,412,263
HM+ST,stockpile,ctid,42,20,0.1,0.0,0.9,0.07998995799023817,0.07585143109954474,0,412,263
HM+ST,stockpile,ctid,42,20,0.0,0.0,1.0,0.03764360327199814,0.027984758145042532,0,412,263
HM+ST,stockpile,ctid,42,20,0.9,0.1,0.0,0.19392226267596577,0.18454841266848465,0,412,263
HM+ST,stockpile,ctid,42,20,0.8,0.1,0.1,0.19730475282008994,0.18371696761726308,0,412,263
HM+ST,stockpile,ctid,42,20,0.7,0.1,0.2,0.19070855595160363,0.17766624451929813,0,412,263
HM+ST,stockpile,ctid,42,20,0.6,0.1,0.3,0.1759320142917999,0.16634777198484416,0,412,263
HM+ST,stockpile,ctid,42,20,0.5,0.1,0.4,0.16187688161482183,0.15284441119681064,0,412,263
HM+ST,stockpile,ctid,42,20,0.4,0.1,0.5,0.14922589367148092,0.14056975001174005,0,412,263
HM+ST,stockpile,ctid,42,20,0.3,0.1,0.6,0.12286669699005023,0.12204129491206542,0,412,263
HM+ST,stockpile,ctid,42,20,0.2,0.1,0.7,0.11259260025800215,0.10555048039783603,0,412,263
HM+ST,stockpile,ctid,42,20,0.1,0.1,0.8,0.09261663451377677,0.0824459764875484,0,412,263
HM+ST,stockpile,ctid,42,20,0.0,0.1,0.9,0.09013626496035779,0.062138051244828685,0,412,263
HM+ST,stockpile,ctid,42,20,0.8,0.2,0.0,0.19811200564769224,0.1862013418970271,0,412,263
HM+ST,stockpile,ctid,42,20,0.7,0.2,0.1,0.19859387813174814,0.18461564155174928,0,412,263
HM+ST,stockpile,ctid,42,20,0.6,0.2,0.2,0.19266091024175522,0.17969972639066556,0,412,263
HM+ST,stockpile,ctid,42,20,0.5,0.2,0.3,0.17289359096811058,0.1652375813468458,0,412,263
HM+ST,stockpile,ctid,42,20,0.4,0.2,0.4,0.15871626605138967,0.15286150601976883,0,412,263
HM+ST,stockpile,ctid,42,20,0.3,0.2,0.5,0.1506035565014764,0.1376235634900309,0,412,263
HM+ST,stockpile,ctid,42,20,0.2,0.2,0.6,0.12414576366386523,0.11578399652733506,0,412,263
HM+ST,stockpile,ctid,42,20,0.1,0.2,0.7,0.10863106702693566,0.09749223005353226,0,412,263
HM+ST,stockpile,ctid,42,20,0.0,0.2,0.8,0.09350878021085657,0.06633255624425197,0,412,263
HM+ST,stockpile,ctid,42,20,0.7,0.3,0.0,0.19963746787287295,0.1876409411106154,0,412,263
HM+ST,stockpile,ctid,42,20,0.6,0.3,0.1,0.20280481090115474,0.1869943359995397,0,412,263
HM+ST,stockpile,ctid,42,20,0.5,0.3,0.2,0.1922803299692719,0.1790183531016906,0,412,263
HM+ST,stockpile,ctid,42,20,0.4,0.3,0.3,0.17041341948445693,0.1651351235564918,0,412,263
HM+ST,stockpile,ctid,42,20,0.3,0.3,0.4,0.15760775192808404,0.15334628046104662,0,412,263
HM+ST,stockpile,ctid,42,20,0.2,0.3,0.5,0.14234625617671764,0.13349667645173763,0,412,263
HM+ST,stockpile,ctid,42,20,0.1,0.3,0.6,0.12076848369298047,0.11031034070793004,0,412,263
HM+ST,stockpile,ctid,42,20,0.0,0.3,0.7,0.0981070457986204,0.07402314545491241,0,412,263
HM+ST,stockpile,ctid,42,20,0.6,0.4,0.0,0.19922070128100122,0.18964935214191023,0,412,263
HM+ST,stockpile,ctid,42,20,0.5,0.4,0.1,0.19940919009385627,0.18799452092069466,0,412,263
HM+ST,stockpile,ctid,42,20,0.4,0.4,0.2,0.19096691455504788,0.17977095464363804,0,412,263
HM+ST,stockpile,ctid,42,20,0.3,0.4,0.3,0.1704710180051967,0.16644009761271875,0,412,263
HM+ST,stockpile,ctid,42,20,0.2,0.4,0.4,0.1588940298761088,0.1508954357589333,0,412,263
HM+ST,stockpile,ctid,42,20,0.1,0.4,0.5,0.13272246670838686,0.12115874276886926,0,412,263
HM+ST,stockpile,ctid,42,20,0.0,0.4,0.6,0.11413026827698744,0.10023243766693461,0,412,263
HM+ST,stockpile,ctid,42,20,0.5,0.5,0.0,0.2024097181679799,0.1913531756902958,0,412,263
HM+ST,stockpile,ctid,42,20,0.4,0.5,0.1,0.19696066074061602,0.18858795680803478,0,412,263
HM+ST,stockpile,ctid,42,20,0.3,0.5,0.2,0.18836225650910543,0.18171131048230088,0,412,263
HM+ST,stockpile,ctid,42,20,0.2,0.5,0.3,0.1706218831573149,0.16589771762295627,0,412,263
HM+ST,stockpile,ctid,42,20,0.1,0.5,0.4,0.1593616408230843,0.142498289820067,0,412,263
HM+ST,stockpile,ctid,42,20,0.0,0.5,0.5,0.1335179880559568,0.11899726608465351,0,412,263
HM+ST,stockpile,ctid,42,20,0.4,0.6,0.0,0.20321870791300042,0.19261942874845267,0,412,263
HM+ST,stockpile,ctid,42,20,0.3,0.6,0.1,0.19941968487941586,0.1912535320915782,0,412,263
HM+ST,stockpile,ctid,42,20,0.2,0.6,0.2,0.18856201360101488,0.18112745783972245,0,412,263
HM+ST,stockpile,ctid,42,20,0.1,0.6,0.3,0.174219712640115,0.16417039360622704,0,412,263
HM+ST,stockpile,ctid,42,20,0.0,0.6,0.4,0.1596182976459938,0.14007417813505393,0,412,263
HM+ST,stockpile,ctid,42,20,0.3,0.7,0.0,0.20280965056902525,0.19349613341135302,0,412,263
HM+ST,stockpile,ctid,42,20,0.2,0.7,0.1,0.19955675732856784,0.19338992853530823,0,412,263
HM+ST,stockpile,ctid,42,20,0.1,0.7,0.2,0.1941900569298552,0.18130559454063427,0,412,263
HM+ST,stockpile,ctid,42,20,0.0,0.7,0.3,0.1838657442423115,0.1663541867254293,0,412,263
HM+ST,stockpile,ctid,42,20,0.2,0.8,0.0,0.2055373642927995,0.19476622906080937,0,412,263
HM+ST,stockpile,ctid,42,20,0.1,0.8,0.1,0.20523532834471,0.19311257347948563,0,412,263
HM+ST,stockpile,ctid,42,20,0.0,0.8,0.2,0.20236390970688226,0.18632990082918197,0,412,263
HM+ST,stockpile,ctid,42,20,0.1,0.9,0.0,0.20960174873603812,0.19570305069185595,0,412,263
HM+ST,stockpile,ctid,42,20,0.0,0.9,0.1,0.21017034665036066,0.1961895164857295,0,412,263
HM+ST,stockpile,ctid,42,20,0.0,1.0,0.0,0.2130137119469052,0.19985174211432885,1,412,263
HM+ST,stockpile,ctid,42,40,1.0,0.0,0.0,0.19046414464855657,0.18306874644018506,0,412,263
HM+ST,stockpile,ctid,42,40,0.9,0.0,0.1,0.19294201486342938,0.17970028117707698,0,412,263
HM+ST,stockpile,ctid,42,40,0.8,0.0,0.2,0.1885522516723844,0.17640861955545847,0,412,263
HM+ST,stockpile,ctid,42,40,0.7,0.0,0.3,0.1729040605243318,0.1657647088279855,0,412,263
HM+ST,stockpile,ctid,42,40,0.6,0.0,0.4,0.16290245648002685,0.15369421870281308,0,412,263
HM+ST,stockpile,ctid,42,40,0.5,0.0,0.5,0.15147987161413923,0.14220419176844343,0,412,263
HM+ST,stockpile,ctid,42,40,0.4,0.0,0.6,0.12456343101783877,0.12444317276943458,0,412,263
HM+ST,stockpile,ctid,42,40,0.3,0.0,0.7,0.11566798857108315,0.10979832238350966,0,412,263
HM+ST,stockpile,ctid,42,40,0.2,0.0,0.8,0.1000929558079146,0.09668224081007579,0,412,263
HM+ST,stockpile,ctid,42,40,0.1,0.0,0.9,0.07998995799023817,0.07585143109954474,0,412,263
HM+ST,stockpile,ctid,42,40,0.0,0.0,1.0,0.03764360327199814,0.027984758145042532,0,412,263
HM+ST,stockpile,ctid,42,40,0.9,0.1,0.0,0.19289431746582827,0.18435919167908613,0,412,263
HM+ST,stockpile,ctid,42,40,0.8,0.1,0.1,0.19667774432954452,0.1831515729478975,0,412,263
HM+ST,stockpile,ctid,42,40,0.7,0.1,0.2,0.18912696167911963,0.17760924576439147,0,412,263
HM+ST,stockpile,ctid,42,40,0.6,0.1,0.3,0.17584611168171457,0.16539386119933056,0,412,263
HM+ST,stockpile,ctid,42,40,0.5,0.1,0.4,0.1601291744857635,0.15184828391759536,0,412,263
HM+ST,stockpile,ctid,42,40,0.4,0.1,0.5,0.1494833779025245,0.13928958894152912,0,412,263
HM+ST,stockpile,ctid,42,40,0.3,0.1,0.6,0.1241757747218453,0.12022663543054009,0,412,263
HM+ST,stockpile,ctid,42,40,0.2,0.1,0.7,0.1093781674666527,0.10393736494906783,0,412,263
HM+ST,stockpile,ctid,42,40,0.1,0.1,0.8,0.08474070698968342,0.08134352769306283,0,412,263
HM+ST,stockpile,ctid,42,40,0.0,0.1,0.9,0.09013626496035779,0.06254926883931795,0,412,263
HM+ST,stockpile,ctid,42,40,0.8,0.2,0.0,0.19583654157446218,0.18554544359251085,0,412,263
HM+ST,stockpile,ctid,42,40,0.7,0.2,0.1,0.19878252894958712,0.1848980584370097,0,412,263
HM+ST,stockpile,ctid,42,40,0.6,0.2,0.2,0.1880299265849445,0.17803708094529888,0,412,263
HM+ST,stockpile,ctid,42,40,0.5,0.2,0.3,0.1703673068826953,0.163368272834919,0,412,263
HM+ST,stockpile,ctid,42,40,0.4,0.2,0.4,0.15446305566630258,0.1505607691302116,0,412,263
HM+ST,stockpile,ctid,42,40,0.3,0.2,0.5,0.14661376260289302,0.13573012717482658,0,412,263
HM+ST,stockpile,ctid,42,40,0.2,0.2,0.6,0.1217416905266598,0.1154041495591015,0,412,263
HM+ST,stockpile,ctid,42,40,0.1,0.2,0.7,0.10483711193337741,0.09757621103525252,0,412,263
HM+ST,stockpile,ctid,42,40,0.0,0.2,0.8,0.09265406128130636,0.06492950672573912,0,412,263
HM+ST,stockpile,ctid,42,40,0.7,0.3,0.0,0.19970090665428689,0.18760584294743474,0,412,263
HM+ST,stockpile,ctid,42,40,0.6,0.3,0.1,0.19956646174180717,0.18525675481034787,0,412,263
HM+ST,stockpile,ctid,42,40,0.5,0.3,0.2,0.18543495404930124,0.17827054980379226,0,412,263
HM+ST,stockpile,ctid,42,40,0.4,0.3,0.3,0.168332498223084,0.1630240317515742,0,412,263
HM+ST,stockpile,ctid,42,40,0.3,0.3,0.4,0.15363296867064652,0.14984609193306886,0,412,263
HM+ST,stockpile,ctid,42,40,0.2,0.3,0.5,0.1276207087983568,0.1281446347257123,0,412,263
HM+ST,stockpile,ctid,42,40,0.1,0.3,0.6,0.11789035572118747,0.1093414344078818,0,412,263
HM+ST,stockpile,ctid,42,40,0.0,0.3,0.7,0.09263796172083957,0.07175427695110083,0,412,263
HM+ST,stockpile,ctid,42,40,0.6,0.4,0.0,0.19807974798091643,0.18903881472978157,0,412,263
HM+ST,stockpile,ctid,42,40,0.5,0.4,0.1,0.20263862011290956,0.1873942810422258,0,412,263
HM+ST,stockpile,ctid,42,40,0.4,0.4,0.2,0.18173102138524955,0.17706845442400604,0,412,263
HM+ST,stockpile,ctid,42,40,0.3,0.4,0.3,0.16717871432165676,0.16201665646557478,0,412,263
HM+ST,stockpile,ctid,42,40,0.2,0.4,0.4,0.15397323848328362,0.14617655474767402,0,412,263
HM+ST,stockpile,ctid,42,40,0.1,0.4,0.5,0.1295581480960199,0.11753306535159924,0,412,263
HM+ST,stockpile,ctid,42,40,0.0,0.4,0.6,0.10189727016286285,0.08547547471803847,0,412,263
HM+ST,stockpile,ctid,42,40,0.5,0.5,0.0,0.19964652073016095,0.19094490442375403,0,412,263
HM+ST,stockpile,ctid,42,40,0.4,0.5,0.1,0.2003507243469307,0.18804203095572708,0,412,263
HM+ST,stockpile,ctid,42,40,0.3,0.5,0.2,0.1796483569135275,0.1773131137748627,0,412,263
HM+ST,stockpile,ctid,42,40,0.2,0.5,0.3,0.16782530624896533,0.16120475944835036,0,412,263
HM+ST,stockpile,ctid,42,40,0.1,0.5,0.4,0.14105920249227868,0.1361333023872739,0,412,263
HM+ST,stockpile,ctid,42,40,0.0,0.5,0.5,0.12198758279050592,0.11002255298409988,0,412,263
HM+ST,stockpile,ctid,42,40,0.4,0.6,0.0,0.2016793251800844,0.19227410655516936,0,412,263
HM+ST,stockpile,ctid,42,40,0.3,0.6,0.1,0.19693368733067065,0.1894477956927812,0,412,263
HM+ST,stockpile,ctid,42,40,0.2,0.6,0.2,0.1776880773617837,0.17880872314393154,0,412,263
HM+ST,stockpile,ctid,42,40,0.1,0.6,0.3,0.16677908326740903,0.15398536140979813,0,412,263
HM+ST,stockpile,ctid,42,40,0.0,0.6,0.4,0.1370636200676938,0.12561333812908843,0,412,263
HM+ST,stockpile,ctid,42,40,0.3,0.7,0.0,0.2016992345266504,0.19419512737238787,0,412,263
HM+ST,stockpile,ctid,42,40,0.2,0.7,0.1,0.19765604396390402,0.19090535553964041,0,412,263
HM+ST,stockpile,ctid,42,40,0.1,0.7,0.2,0.18398028812618267,0.17616323090085823,0,412,263
HM+ST,stockpile,ctid,42,40,0.0,0.7,0.3,0.16399510209578394,0.15249827657100193,0,412,263
HM+ST,stockpile,ctid,42,40,0.2,0.8,0.0,0.20246231506220852,0.1965487106536427,0,412,263
HM+ST,stockpile,ctid,42,40,0.1,0.8,0.1,0.1972452082182219,0.1888207792940845,0,412,263
HM+ST,stockpile,ctid,42,40,0.0,0.8,0.2,0.188572253569349,0.1785695366927677,0,412,263
HM+ST,stockpile,ctid,42,40,0.1,0.9,0.0,0.20718424230476584,0.19580137482356744,0,412,263
HM+ST,stockpile,ctid,42,40,0.0,0.9,0.1,0.20726180324518123,0.19255089197718994,0,412,263
HM+ST,stockpile,ctid,42,40,0.0,1.0,0.0,0.21122274624544093,0.1993665631974852,0,412,263
HM+ST,stockpile,ctid,42,60,1.0,0.0,0.0,0.19046414464855657,0.18306874644018506,0,412,263
HM+ST,stockpile,ctid,42,60,0.9,0.0,0.1,0.19294201486342938,0.17970028117707698,0,412,263
HM+ST,stockpile,ctid,42,60,0.8,0.0,0.2,0.1885522516723844,0.17640861955545847,0,412,263
HM+ST,stockpile,ctid,42,60,0.7,0.0,0.3,0.1729040605243318,0.1657647088279855,0,412,263
HM+ST,stockpile,ctid,42,60,0.6,0.0,0.4,0.16290245648002685,0.15369421870281308,0,412,263
HM+ST,stockpile,ctid,42,60,0.5,0.0,0.5,0.15147987161413923,0.14220419176844343,0,412,263
HM+ST,stockpile,ctid,42,60,0.4,0.0,0.6,0.12456343101783877,0.12444317276943458,0,412,263
HM+ST,stockpile,ctid,42,60,0.3,0.0,0.7,0.11566798857108315,0.10979832238350966,0,412,263
HM+ST,stockpile,ctid,42,60,0.2,0.0,0.8,0.1000929558079146,0.09668224081007579,0,412,263
HM+ST,stockpile,ctid,42,60,0.1,0.0,0.9,0.07998995799023817,0.07585143109954474,0,412,263
HM+ST,stockpile,ctid,42,60,0.0,0.0,1.0,0.03764360327199814,0.027984758145042532,0,412,263
HM+ST,stockpile,ctid,42,60,0.9,0.1,0.0,0.19222681291804025,0.18387518439226536,0,412,263
HM+ST,stockpile,ctid,42,60,0.8,0.1,0.1,0.19606344681649535,0.18183548130805957,0,412,263
HM+ST,stockpile,ctid,42,60,0.7,0.1,0.2,0.1902596199600443,0.17715855637133587,0,412,263
HM+ST,stockpile,ctid,42,60,0.6,0.1,0.3,0.17488605594264164,0.16544259396080208,0,412,263
HM+ST,stockpile,ctid,42,60,0.5,0.1,0.4,0.15944187352688463,0.15149066055051869,0,412,263
HM+ST,stockpile,ctid,42,60,0.4,0.1,0.5,0.14921416210861443,0.1390831596721506,0,412,263
HM+ST,stockpile,ctid,42,60,0.3,0.1,0.6,0.12637208082855594,0.12080394992676231,0,412,263
HM+ST,stockpile,ctid,42,60,0.2,0.1,0.7,0.11006359464232422,0.104538750186121,0,412,263
HM+ST,stockpile,ctid,42,60,0.1,0.1,0.8,0.08372960840767386,0.08141794282823878,0,412,263
HM+ST,stockpile,ctid,42,60,0.0,0.1,0.9,0.08895779038192247,0.0608340471387109,0,412,263
HM+ST,stockpile,ctid,42,60,0.8,0.2,0.0,0.19414112931907337,0.18493383426639304,0,412,263
HM+ST,stockpile,ctid,42,60,0.7,0.2,0.1,0.19856613415765684,0.18341999532863268,0,412,263
HM+ST,stockpile,ctid,42,60,0.6,0.2,0.2,0.18856830416005002,0.17778047617112414,0,412,263
HM+ST,stockpile,ctid,42,60,0.5,0.2,0.3,0.17239998849194574,0.1640048449284548,0,412,263
HM+ST,stockpile,ctid,42,60,0.4,0.2,0.4,0.15587725008175896,0.1500489991793307,0,412,263
HM+ST,stockpile,ctid,42,60,0.3,0.2,0.5,0.13884915568961814,0.1352981084066262,0,412,263
HM+ST,stockpile,ctid,42,60,0.2,0.2,0.6,0.12261696211706238,0.11488677026788899,0,412,263
HM+ST,stockpile,ctid,42,60,0.1,0.2,0.7,0.10366405258219757,0.09680735948100819,0,412,263
HM+ST,stockpile,ctid,42,60,0.0,0.2,0.8,0.08868937964191023,0.061971349537273956,0,412,263
HM+ST,stockpile,ctid,42,60,0.7,0.3,0.0,0.19006181605244435,0.18561740356011402,0,412,263
HM+ST,stockpile,ctid,42,60,0.6,0.3,0.1,0.19975121736686258,0.18513277028677666,0,412,263
HM+ST,stockpile,ctid,42,60,0.5,0.3,0.2,0.18706032010630888,0.1769956282827747,0,412,263
HM+ST,stockpile,ctid,42,60,0.4,0.3,0.3,0.1696693663997909,0.16278657354906373,0,412,263
HM+ST,stockpile,ctid,42,60,0.3,0.3,0.4,0.15232657837472735,0.14853582587964803,0,412,263
HM+ST,stockpile,ctid,42,60,0.2,0.3,0.5,0.1315855464959686,0.12885993417039293,0,412,263
HM+ST,stockpile,ctid,42,60,0.1,0.3,0.6,0.11690491278952393,0.10695708308204428,0,412,263
HM+ST,stockpile,ctid,42,60,0.0,0.3,0.7,0.09592599748079686,0.07003071937756014,0,412,263
HM+ST,stockpile,ctid,42,60,0.6,0.4,0.0,0.1946660141520844,0.187750891929181,0,412,263
HM+ST,stockpile,ctid,42,60,0.5,0.4,0.1,0.19783101887666366,0.1865054696944372,0,412,263
HM+ST,stockpile,ctid,42,60,0.4,0.4,0.2,0.18558151601868197,0.17625113732844414,0,412,263
HM+ST,stockpile,ctid,42,60,0.3,0.4,0.3,0.16758059341001386,0.16282508224357223,0,412,263
HM+ST,stockpile,ctid,42,60,0.2,0.4,0.4,0.14665629120577534,0.14463528883853313,0,412,263
HM+ST,stockpile,ctid,42,60,0.1,0.4,0.5,0.12608021881855497,0.1176454533128517,0,412,263
HM+ST,stockpile,ctid,42,60,0.0,0.4,0.6,0.10274130263584022,0.08185870481386878,0,412,263
HM+ST,stockpile,ctid,42,60,0.5,0.5,0.0,0.19471174219784465,0.18843743014951989,0,412,263
HM+ST,stockpile,ctid,42,60,0.4,0.5,0.1,0.19765290298893,0.18714837276221716,0,412,263
HM+ST,stockpile,ctid,42,60,0.3,0.5,0.2,0.1836262253263366,0.17704308788446482,0,412,263
HM+ST,stockpile,ctid,42,60,0.2,0.5,0.3,0.16559803719405827,0.1604139626278151,0,412,263
HM+ST,stockpile,ctid,42,60,0.1,0.5,0.4,0.14067939394425927,0.1342171203115652,0,412,263
HM+ST,stockpile,ctid,42,60,0.0,0.5,0.5,0.11994633925330353,0.1016127906458842,0,412,263
HM+ST,stockpile,ctid,42,60,0.4,0.6,0.0,0.1951201091611639,0.19012392455119548,0,412,263
HM+ST,stockpile,ctid,42,60,0.3,0.6,0.1,0.19604995247672813,0.1879505263566566,0,412,263
HM+ST,stockpile,ctid,42,60,0.2,0.6,0.2,0.18572502720271195,0.17776763960698025,0,412,263
HM+ST,stockpile,ctid,42,60,0.1,0.6,0.3,0.16173933725967482,0.14990788982832307,0,412,263
HM+ST,stockpile,ctid,42,60,0.0,0.6,0.4,0.13641434883363068,0.12257544353962853,0,412,263
HM+ST,stockpile,ctid,42,60,0.3,0.7,0.0,0.1987473749653127,0.1920022579199451,0,412,263
HM+ST,stockpile,ctid,42,60,0.2,0.7,0.1,0.19685905490524527,0.18912692344703477,0,412,263
HM+ST,stockpile,ctid,42,60,0.1,0.7,0.2,0.18668589241277084,0.1723935400576839,0,412,263
HM+ST,stockpile,ctid,42,60,0.0,0.7,0.3,0.156322972796356,0.1440833823082155,0,412,263
HM+ST,stockpile,ctid,42,60,0.2,0.8,0.0,0.20089582488937538,0.19390376713030424,0,412,263
HM+ST,stockpile,ctid,42,60,0.1,0.8,0.1,0.19529300876334316,0.18502399710530665,0,412,263
HM+ST,stockpile,ctid,42,60,0.0,0.8,0.2,0.1887916589670421,0.1703827527896307,0,412,263
HM+ST,stockpile,ctid,42,60,0.1,0.9,0.0,0.20025234787843335,0.19319528839651592,0,412,263
HM+ST,stockpile,ctid,42,60,0.0,0.9,0.1,0.20149174269332745,0.18547909286893893,0,412,263
HM+ST,stockpile,ctid,42,60,0.0,1.0,0.0,0.2037126830156984,0.191576647580785,0,412,263
HM+ST,stockpile,ctid,42,80,1.0,0.0,0.0,0.19046414464855657,0.18306874644018506,0,412,263
HM+ST,stockpile,ctid,42,80,0.9,0.0,0.1,0.19294201486342938,0.17970028117707698,0,412,263
HM+ST,stockpile,ctid,42,80,0.8,0.0,0.2,0.1885522516723844,0.17640861955545847,0,412,263
HM+ST,stockpile,ctid,42,80,0.7,0.0,0.3,0.1729040605243318,0.1657647088279855,0,412,263
HM+ST,stockpile,ctid,42,80,0.6,0.0,0.4,0.16290245648002685,0.15369421870281308,0,412,263
HM+ST,stockpile,ctid,42,80,0.5,0.0,0.5,0.15147987161413923,0.14220419176844343,0,412,263
HM+ST,stockpile,ctid,42,80,0.4,0.0,0.6,0.12456343101783877,0.12444317276943458,0,412,263
HM+ST,stockpile,ctid,42,80,0.3,0.0,0.7,0.11566798857108315,0.10979832238350966,0,412,263
HM+ST,stockpile,ctid,42,80,0.2,0.0,0.8,0.1000929558079146,0.09668224081007579,0,412,263
HM+ST,stockpile,ctid,42,80,0.1,0.0,0.9,0.07998995799023817,0.07585143109954474,0,412,263
HM+ST,stockpile,ctid,42,80,0.0,0.0,1.0,0.03764360327199814,0.027984758145042532,0,412,263
HM+ST,stockpile,ctid,42,80,0.9,0.1,0.0,0.18742071278301825,0.18301198049854633,0,412,263
HM+ST,stockpile,ctid,42,80,0.8,0.1,0.1,0.19219957646970082,0.18059055470373156,0,412,263
HM+ST,stockpile,ctid,42,80,0.7,0.1,0.2,0.19011444589468549,0.1772236163675988,0,412,263
HM+ST,stockpile,ctid,42,80,0.6,0.1,0.3,0.17423943492495636,0.16585537558948238,0,412,263
HM+ST,stockpile,ctid,42,80,0.5,0.1,0.4,0.15691831129456812,0.15070214170132773,0,412,263
HM+ST,stockpile,ctid,42,80,0.4,0.1,0.5,0.15138683567247996,0.138454580427406,0,412,263
HM+ST,stockpile,ctid,42,80,0.3,0.1,0.6,0.12590531711340053,0.1204494574006996,0,412,263
HM+ST,stockpile,ctid,42,80,0.2,0.1,0.7,0.11099929691098162,0.10434542558301999,0,412,263
HM+ST,stockpile,ctid,42,80,0.1,0.1,0.8,0.08563383459173127,0.08103306975203337,0,412,263
HM+ST,stockpile,ctid,42,80,0.0,0.1,0.9,0.08183116448902458,0.05894228245938158,0,412,263
HM+ST,stockpile,ctid,42,80,0.8,0.2,0.0,0.18887644319596789,0.1840224993992354,0,412,263
HM+ST,stockpile,ctid,42,80,0.7,0.2,0.1,0.1932545287109711,0.18190803752795234,0,412,263
HM+ST,stockpile,ctid,42,80,0.6,0.2,0.2,0.18538982990335023,0.17731215768138436,0,412,263
HM+ST,stockpile,ctid,42,80,0.5,0.2,0.3,0.17165003273491036,0.164432886661641,0,412,263
HM+ST,stockpile,ctid,42,80,0.4,0.2,0.4,0.15567732449986255,0.1499949361158877,0,412,263
HM+ST,stockpile,ctid,42,80,0.3,0.2,0.5,0.13686187138938705,0.13350488827037005,0,412,263
HM+ST,stockpile,ctid,42,80,0.2,0.2,0.6,0.1215756221154805,0.11417895122153934,0,412,263
HM+ST,stockpile,ctid,42,80,0.1,0.2,0.7,0.10493960453288058,0.09490436062329519,0,412,263
HM+ST,stockpile,ctid,42,80,0.0,0.2,0.8,0.08387650583492894,0.061203559608396,0,412,263
HM+ST,stockpile,ctid,42,80,0.7,0.3,0.0,0.18640230632495589,0.1854702270525992,0,412,263
HM+ST,stockpile,ctid,42,80,0.6,0.3,0.1,0.18893122910398286,0.18288938461874327,0,412,263
HM+ST,stockpile,ctid,42,80,0.5,0.3,0.2,0.1821089022995896,0.175221971016345,0,412,263
HM+ST,stockpile,ctid,42,80,0.4,0.3,0.3,0.16862354258088913,0.16310725783220456,0,412,263
HM+ST,stockpile,ctid,42,80,0.3,0.3,0.4,0.14979932538833288,0.1453638215071179,0,412,263
HM+ST,stockpile,ctid,42,80,0.2,0.3,0.5,0.13292205456989353,0.12865009551586484,0,412,263
HM+ST,stockpile,ctid,42,80,0.1,0.3,0.6,0.11574636340214524,0.10348818309283261,0,412,263
HM+ST,stockpile,ctid,42,80,0.0,0.3,0.7,0.08846307737873102,0.06563947357231023,0,412,263
HM+ST,stockpile,ctid,42,80,0.6,0.4,0.0,0.18648793508524955,0.18635491271726481,0,412,263
HM+ST,stockpile,ctid,42,80,0.5,0.4,0.1,0.18443105794473924,0.1824384601800318,0,412,263
HM+ST,stockpile,ctid,42,80,0.4,0.4,0.2,0.174672722620673,0.17287169885223883,0,412,263
HM+ST,stockpile,ctid,42,80,0.3,0.4,0.3,0.16260175600332472,0.16042384391034586,0,412,263
HM+ST,stockpile,ctid,42,80,0.2,0.4,0.4,0.14526626987361932,0.14164964433805163,0,412,263
HM+ST,stockpile,ctid,42,80,0.1,0.4,0.5,0.12164228655086491,0.11415046022273848,0,412,263
HM+ST,stockpile,ctid,42,80,0.0,0.4,0.6,0.09352082729729512,0.07564062576490531,0,412,263
HM+ST,stockpile,ctid,42,80,0.5,0.5,0.0,0.1861159366086139,0.1859662797886777,0,412,263
HM+ST,stockpile,ctid,42,80,0.4,0.5,0.1,0.18203296725801588,0.18276707073813583,0,412,263
HM+ST,stockpile,ctid,42,80,0.3,0.5,0.2,0.16968635294707968,0.17145562389000615,0,412,263
HM+ST,stockpile,ctid,42,80,0.2,0.5,0.3,0.15846853527740098,0.15614967658962556,0,412,263
HM+ST,stockpile,ctid,42,80,0.1,0.5,0.4,0.13712325162105618,0.1316908763619635,0,412,263
HM+ST,stockpile,ctid,42,80,0.0,0.5,0.5,0.10592231954191925,0.09065446056608556,0,412,263
HM+ST,stockpile,ctid,42,80,0.4,0.6,0.0,0.18737665803540113,0.18700175424920756,0,412,263
HM+ST,stockpile,ctid,42,80,0.3,0.6,0.1,0.18445751401126206,0.1822081782353598,0,412,263
HM+ST,stockpile,ctid,42,80,0.2,0.6,0.2,0.1731325498294775,0.17145542759500415,0,412,263
HM+ST,stockpile,ctid,42,80,0.1,0.6,0.3,0.15185611860175846,0.1469281158711172,0,412,263
HM+ST,stockpile,ctid,42,80,0.0,0.6,0.4,0.12230719854533349,0.11216552058665936,0,412,263
HM+ST,stockpile,ctid,42,80,0.3,0.7,0.0,0.19141852955406952,0.1894474653044756,0,412,263
HM+ST,stockpile,ctid,42,80,0.2,0.7,0.1,0.18182316373036975,0.18305920771413392,0,412,263
HM+ST,stockpile,ctid,42,80,0.1,0.7,0.2,0.16712768038965145,0.1630501458669095,0,412,263
HM+ST,stockpile,ctid,42,80,0.0,0.7,0.3,0.1353853063030262,0.13286371328830757,0,412,263
HM+ST,stockpile,ctid,42,80,0.2,0.8,0.0,0.18988804945894094,0.19068082040499085,0,412,263
HM+ST,stockpile,ctid,42,80,0.1,0.8,0.1,0.17671751558405993,0.1768271866108923,0,412,263
HM+ST,stockpile,ctid,42,80,0.0,0.8,0.2,0.15564059587304252,0.15339140674084004,0,412,263
HM+ST,stockpile,ctid,42,80,0.1,0.9,0.0,0.19294793359477622,0.18726433962780506,0,412,263
HM+ST,stockpile,ctid,42,80,0.0,0.9,0.1,0.1775656453652275,0.17190303782192112,0,412,263
HM+ST,stockpile,ctid,42,80,0.0,1.0,0.0,0.1842002650818686,0.181074798505877,0,412,263
HM+ST,stockpile,ctid,43,100,1.0,0.0,0.0,0.17936170324827067,0.18306874644018506,0,412,263
HM+ST,stockpile,ctid,43,100,0.9,0.0,0.1,0.17715039603127014,0.17970028117707698,0,412,263
HM+ST,stockpile,ctid,43,100,0.8,0.0,0.2,0.17988062247627945,0.17640861955545847,0,412,263
HM+ST,stockpile,ctid,43,100,0.7,0.0,0.3,0.17068366164555032,0.1657647088279855,0,412,263
HM+ST,stockpile,ctid,43,100,0.6,0.0,0.4,0.15342219804890048,0.15369421870281308,0,412,263
HM+ST,stockpile,ctid,43,100,0.5,0.0,0.5,0.13952052606489068,0.14220419176844343,0,412,263
HM+ST,stockpile,ctid,43,100,0.4,0.0,0.6,0.12588510320066032,0.12444317276943458,0,412,263
HM+ST,stockpile,ctid,43,100,0.3,0.0,0.7,0.11095394346120635,0.10979832238350966,0,412,263
HM+ST,stockpile,ctid,43,100,0.2,0.0,0.8,0.09868876624640205,0.09668224081007579,0,412,263
HM+ST,stockpile,ctid,43,100,0.1,0.0,0.9,0.08253770677599004,0.07585143109954474,0,412,263
HM+ST,stockpile,ctid,43,100,0.0,0.0,1.0,0.03764360327199814,0.027984758145042532,0,412,263
HM+ST,stockpile,ctid,43,100,0.9,0.1,0.0,0.18053826241550802,0.1828871589415645,0,412,263
HM+ST,stockpile,ctid,43,100,0.8,0.1,0.1,0.1803209068738602,0.18074917389841164,0,412,263
HM+ST,stockpile,ctid,43,100,0.7,0.1,0.2,0.17775230416050491,0.177632443125288,0,412,263
HM+ST,stockpile,ctid,43,100,0.6,0.1,0.3,0.17042353795923898,0.16639109574235977,0,412,263
HM+ST,stockpile,ctid,43,100,0.5,0.1,0.4,0.14968808973719416,0.15105242717311793,0,412,263
HM+ST,stockpile,ctid,43,100,0.4,0.1,0.5,0.13819037480273189,0.13877800728054004,0,412,263
HM+ST,stockpile,ctid,43,100,0.3,0.1,0.6,0.1218648286240882,0.12025524101853365,0,412,263
HM+ST,stockpile,ctid,43,100,0.2,0.1,0.7,0.1068529973833143,0.10388240626424514,0,412,263
HM+ST,stockpile,ctid,43,100,0.1,0.1,0.8,0.08466217429572516,0.08185985538638685,0,412,263
HM+ST,stockpile,ctid,43,100,0.0,0.1,0.9,0.08171394854735985,0.0585389508952737,0,412,263
HM+ST,stockpile,ctid,43,100,0.8,0.2,0.0,0.18163326740889785,0.1852555920331946,0,412,263
HM+ST,stockpile,ctid,43,100,0.7,0.2,0.1,0.17739016752013656,0.1817600157995952,0,412,263
HM+ST,stockpile,ctid,43,100,0.6,0.2,0.2,0.1800430464739984,0.17732484311416039,0,412,263
HM+ST,stockpile,ctid,43,100,0.5,0.2,0.3,0.16735120687413538,0.16488348383788037,0,412,263
HM+ST,stockpile,ctid,43,100,0.4,0.2,0.4,0.14926556788624573,0.14940104932398646,0,412,263
HM+ST,stockpile,ctid,43,100,0.3,0.2,0.5,0.13342524326498623,0.13445644869949333,0,412,263
HM+ST,stockpile,ctid,43,100,0.2,0.2,0.6,0.11574076366480372,0.11385189224224215,0,412,263
HM+ST,stockpile,ctid,43,100,0.1,0.2,0.7,0.1047266991623003,0.0963843418490807,0,412,263
HM+ST,stockpile,ctid,43,100,0.0,0.2,0.8,0.08494322804319601,0.06007083441743301,0,412,263
HM+ST,stockpile,ctid,43,100,0.7,0.3,0.0,0.18240749353323715,0.18688646210489707,0,412,263
HM+ST,stockpile,ctid,43,100,0.6,0.3,0.1,0.17857622041495663,0.18243633425558498,0,412,263
HM+ST,stockpile,ctid,43,100,0.5,0.3,0.2,0.17263956533899097,0.1747320916436143,0,412,263
HM+ST,stockpile,ctid,43,100,0.4,0.3,0.3,0.16334532623926046,0.16327216061347496,0,412,263
HM+ST,stockpile,ctid,43,100,0.3,0.3,0.4,0.1466063362104314,0.1463067427353827,0,412,263
HM+ST,stockpile,ctid,43,100,0.2,0.3,0.5,0.1317223930462637,0.12804941392117933,0,412,263
HM+ST,stockpile,ctid,43,100,0.1,0.3,0.6,0.11030158679857324,0.10309222506292144,0,412,263
HM+ST,stockpile,ctid,43,100,0.0,0.3,0.7,0.08589653198156463,0.065992653900154,0,412,263
HM+ST,stockpile,ctid,43,100,0.6,0.4,0.0,0.1818943696831084,0.1867433093169257,0,412,263
HM+ST,stockpile,ctid,43,100,0.5,0.4,0.1,0.17718645596364663,0.18082620833177188,0,412,263
HM+ST,stockpile,ctid,43,100,0.4,0.4,0.2,0.16879838695330623,0.17295456894973943,0,412,263
HM+ST,stockpile,ctid,43,100,0.3,0.4,0.3,0.1625858282562212,0.16093833746039338,0,412,263
HM+ST,stockpile,ctid,43,100,0.2,0.4,0.4,0.1437720298869553,0.1399987955260838,0,412,263
HM+ST,stockpile,ctid,43,100,0.1,0.4,0.5,0.11967783135503907,0.1147460742767213,0,412,263
HM+ST,stockpile,ctid,43,100,0.0,0.4,0.6,0.09566998315993797,0.07761547099991535,0,412,263
HM+ST,stockpile,ctid,43,100,0.5,0.5,0.0,0.17846401283886024,0.18591767858897765,0,412,263
HM+ST,stockpile,ctid,43,100,0.4,0.5,0.1,0.17392139212658259,0.1799404744218795,0,412,263
HM+ST,stockpile,ctid,43,100,0.3,0.5,0.2,0.16918084185128462,0.17070010420109116,0,412,263
HM+ST,stockpile,ctid,43,100,0.2,0.5,0.3,0.15717951740483443,0.15546779772749497,0,412,263
HM+ST,stockpile,ctid,43,100,0.1,0.5,0.4,0.13657685562580488,0.13012433985306723,0,412,263
HM+ST,stockpile,ctid,43,100,0.0,0.5,0.5,0.10725899707909203,0.0918901299780305,0,412,263
HM+ST,stockpile,ctid,43,100,0.4,0.6,0.0,0.1826117255132329,0.18617096851070186,0,412,263
HM+ST,stockpile,ctid,43,100,0.3,0.6,0.1,0.17870200356262597,0.18127905579890102,0,412,263
HM+ST,stockpile,ctid,43,100,0.2,0.6,0.2,0.16407052772438255,0.16865690446227244,0,412,263
HM+ST,stockpile,ctid,43,100,0.1,0.6,0.3,0.15137601241860027,0.1467481081297153,0,412,263
HM+ST,stockpile,ctid,43,100,0.0,0.6,0.4,0.1200130789893605,0.11143502612180138,0,412,263
HM+ST,stockpile,ctid,43,100,0.3,0.7,0.0,0.18310718716235835,0.18652871144737268,0,412,263
HM+ST,stockpile,ctid,43,100,0.2,0.7,0.1,0.17314806868353602,0.17923185441760053,0,412,263
HM+ST,stockpile,ctid,43,100,0.1,0.7,0.2,0.16380448044069157,0.16320883830072358,0,412,263
HM+ST,stockpile,ctid,43,100,0.0,0.7,0.3,0.13359217306177562,0.1309632003217847,0,412,263
HM+ST,stockpile,ctid,43,100,0.2,0.8,0.0,0.1824700756654177,0.18590076127203553,0,412,263
HM+ST,stockpile,ctid,43,100,0.1,0.8,0.1,0.17025094870741825,0.17375848423949866,0,412,263
HM+ST,stockpile,ctid,43,100,0.0,0.8,0.2,0.14957479284543754,0.14929804678011588,0,412,263
HM+ST,stockpile,ctid,43,100,0.1,0.9,0.0,0.17808726306344458,0.17998332297472355,0,412,263
HM+ST,stockpile,ctid,43,100,0.0,0.9,0.1,0.16519940696766516,0.16368379651944426,0,412,263
HM+ST,stockpile,ctid,43,100,0.0,1.0,0.0,0.1721040492675791,0.17256291261080653,0,412,263
HM+ST,stockpile,ctid,43,20,1.0,0.0,0.0,0.17936170324827067,0.18306874644018506,0,412,263
HM+ST,stockpile,ctid,43,20,0.9,0.0,0.1,0.17715039603127014,0.17970028117707698,0,412,263
HM+ST,stockpile,ctid,43,20,0.8,0.0,0.2,0.17988062247627945,0.17640861955545847,0,412,263
HM+ST,stockpile,ctid,43,20,0.7,0.0,0.3,0.17068366164555032,0.1657647088279855,0,412,263
HM+ST,stockpile,ctid,43,20,0.6,0.0,0.4,0.15342219804890048,0.15369421870281308,0,412,263
HM+ST,stockpile,ctid,43,20,0.5,0.0,0.5,0.13952052606489068,0.14220419176844343,0,412,263
HM+ST,stockpile,ctid,43,20,0.4,0.0,0.6,0.12588510320066032,0.12444317276943458,0,412,263
HM+ST,stockpile,ctid,43,20,0.3,0.0,0.7,0.11095394346120635,0.10979832238350966,0,412,263
HM+ST,stockpile,ctid,43,20,0.2,0.0,0.8,0.09868876624640205,0.09668224081007579,0,412,263
HM+ST,stockpile,ctid,43,20,0.1,0.0,0.9,0.08253770677599004,0.07585143109954474,0,412,263
HM+ST,stockpile,ctid,43,20,0.0,0.0,1.0,0.03764360327199814,0.027984758145042532,0,412,263
HM+ST,stockpile,ctid,43,20,0.9,0.1,0.0,0.18191644675728585,0.18454841266848465,0,412,263
HM+ST,stockpile,ctid,43,20,0.8,0.1,0.1,0.1865815076467859,0.18371696761726308,0,412,263
HM+ST,stockpile,ctid,43,20,0.7,0.1,0.2,0.180557147758111,0.17766624451929813,0,412,263
HM+ST,stockpile,ctid,43,20,0.6,0.1,0.3,0.1684292771180091,0.16634777198484416,0,412,263
HM+ST,stockpile,ctid,43,20,0.5,0.1,0.4,0.1502889680960775,0.15284441119681064,0,412,263
HM+ST,stockpile,ctid,43,20,0.4,0.1,0.5,0.1378721425744622,0.14056975001174005,0,412,263
HM+ST,stockpile,ctid,43,20,0.3,0.1,0.6,0.12256854319562419,0.12204129491206542,0,412,263
HM+ST,stockpile,ctid,43,20,0.2,0.1,0.7,0.10525172811588264,0.10555048039783603,0,412,263
HM+ST,stockpile,ctid,43,20,0.1,0.1,0.8,0.07996736199988531,0.0824459764875484,0,412,263
HM+ST,stockpile,ctid,43,20,0.0,0.1,0.9,0.08889154811587531,0.062138051244828685,0,412,263
HM+ST,stockpile,ctid,43,20,0.8,0.2,0.0,0.18117508941033944,0.1862013418970271,0,412,263
HM+ST,stockpile,ctid,43,20,0.7,0.2,0.1,0.18412214535000318,0.18461564155174928,0,412,263
HM+ST,stockpile,ctid,43,20,0.6,0.2,0.2,0.1814556435194572,0.17969972639066556,0,412,263
HM+ST,stockpile,ctid,43,20,0.5,0.2,0.3,0.16274189159563549,0.1652375813468458,0,412,263
HM+ST,stockpile,ctid,43,20,0.4,0.2,0.4,0.15074334526810748,0.15286150601976883,0,412,263
HM+ST,stockpile,ctid,43,20,0.3,0.2,0.5,0.13487813984834773,0.1376235634900309,0,412,263
HM+ST,stockpile,ctid,43,20,0.2,0.2,0.6,0.11259290745199613,0.11578399652733506,0,412,263
HM+ST,stockpile,ctid,43,20,0.1,0.2,0.7,0.10387024332012593,0.09749223005353226,0,412,263
HM+ST,stockpile,ctid,43,20,0.0,0.2,0.8,0.08882671502745985,0.06633255624425197,0,412,263
HM+ST,stockpile,ctid,43,20,0.7,0.3,0.0,0.18220071904393884,0.1876409411106154,0,412,263
HM+ST,stockpile,ctid,43,20,0.6,0.3,0.1,0.1855792101206783,0.1869943359995397,0,412,263
HM+ST,stockpile,ctid,43,20,0.5,0.3,0.2,0.17778850386237016,0.1790183531016906,0,412,263
HM+ST,stockpile,ctid,43,20,0.4,0.3,0.3,0.16096817331005547,0.1651351235564918,0,412,263
HM+ST,stockpile,ctid,43,20,0.3,0.3,0.4,0.1489180873366531,0.15334628046104662,0,412,263
HM+ST,stockpile,ctid,43,20,0.2,0.3,0.5,0.13257541359470087,0.13349667645173763,0,412,263
HM+ST,stockpile,ctid,43,20,0.1,0.3,0.6,0.11740466690264854,0.11031034070793004,0,412,263
HM+ST,stockpile,ctid,43,20,0.0,0.3,0.7,0.09101101061008861,0.07402314545491241,0,412,263
HM+ST,stockpile,ctid,43,20,0.6,0.4,0.0,0.1825306898623246,0.18964935214191023,0,412,263
HM+ST,stockpile,ctid,43,20,0.5,0.4,0.1,0.18242337189339186,0.18799452092069466,0,412,263
HM+ST,stockpile,ctid,43,20,0.4,0.4,0.2,0.17638098795373874,0.17977095464363804,0,412,263
HM+ST,stockpile,ctid,43,20,0.3,0.4,0.3,0.1612750741767974,0.16644009761271875,0,412,263
HM+ST,stockpile,ctid,43,20,0.2,0.4,0.4,0.14467492730639211,0.1508954357589333,0,412,263
HM+ST,stockpile,ctid,43,20,0.1,0.4,0.5,0.12536751757749903,0.12115874276886926,0,412,263
HM+ST,stockpile,ctid,43,20,0.0,0.4,0.6,0.11047827324953667,0.10023243766693461,0,412,263
HM+ST,stockpile,ctid,43,20,0.5,0.5,0.0,0.181929475061064,0.1913531756902958,0,412,263
HM+ST,stockpile,ctid,43,20,0.4,0.5,0.1,0.18375267955627123,0.18858795680803478,0,412,263
HM+ST,stockpile,ctid,43,20,0.3,0.5,0.2,0.18008895089989801,0.18171131048230088,0,412,263
HM+ST,stockpile,ctid,43,20,0.2,0.5,0.3,0.16196893473004131,0.16589771762295627,0,412,263
HM+ST,stockpile,ctid,43,20,0.1,0.5,0.4,0.14501382081590614,0.142498289820067,0,412,263
HM+ST,stockpile,ctid,43,20,0.0,0.5,0.5,0.12338749231627695,0.11899726608465351,0,412,263
HM+ST,stockpile,ctid,43,20,0.4,0.6,0.0,0.18378619147979547,0.19261942874845267,0,412,263
HM+ST,stockpile,ctid,43,20,0.3,0.6,0.1,0.1846790840815679,0.1912535320915782,0,412,263
HM+ST,stockpile,ctid,43,20,0.2,0.6,0.2,0.18060322342085655,0.18112745783972245,0,412,263
HM+ST,stockpile,ctid,43,20,0.1,0.6,0.3,0.1639634056916815,0.16417039360622704,0,412,263
HM+ST,stockpile,ctid,43,20,0.0,0.6,0.4,0.1449230702959577,0.14007417813505393,0,412,263
HM+ST,stockpile,ctid,43,20,0.3,0.7,0.0,0.18402088405499922,0.19349613341135302,0,412,263
HM+ST,stockpile,ctid,43,20,0.2,0.7,0.1,0.1886084029773943,0.19338992853530823,0,412,263
HM+ST,stockpile,ctid,43,20,0.1,0.7,0.2,0.1802523718341544,0.18130559454063427,0,412,263
HM+ST,stockpile,ctid,43,20,0.0,0.7,0.3,0.1666031792014248,0.1663541867254293,0,412,263
HM+ST,stockpile,ctid,43,20,0.2,0.8,0.0,0.18511010350135598,0.19476622906080937,0,412,263
HM+ST,stockpile,ctid,43,20,0.1,0.8,0.1,0.19053553689800812,0.19311257347948563,0,412,263
HM+ST,stockpile,ctid,43,20,0.0,0.8,0.2,0.19153949182506258,0.18632990082918197,0,412,263
HM+ST,stockpile,ctid,43,20,0.1,0.9,0.0,0.18289877721456455,0.19570305069185595,0,412,263
HM+ST,stockpile,ctid,43,20,0.0,0.9,0.1,0.19439528671924305,0.1961895164857295,0,412,263
HM+ST,stockpile,ctid,43,20,0.0,1.0,0.0,0.17546453514295907,0.19985174211432885,1,412,263
HM+ST,stockpile,ctid,43,40,1.0,0.0,0.0,0.17936170324827067,0.18306874644018506,0,412,263
HM+ST,stockpile,ctid,43,40,0.9,0.0,0.1,0.17715039603127014,0.17970028117707698,0,412,263
HM+ST,stockpile,ctid,43,40,0.8,0.0,0.2,0.17988062247627945,0.17640861955545847,0,412,263
HM+ST,stockpile,ctid,43,40,0.7,0.0,0.3,0.17068366164555032,0.1657647088279855,0,412,263
HM+ST,stockpile,ctid,43,40,0.6,0.0,0.4,0.15342219804890048,0.15369421870281308,0,412,263
HM+ST,stockpile,ctid,43,40,0.5,0.0,0.5,0.13952052606489068,0.14220419176844343,0,412,263
HM+ST,stockpile,ctid,43,40,0.4,0.0,0.6,0.12588510320066032,0.12444317276943458,0,412,263
HM+ST,stockpile,ctid,43,40,0.3,0.0,0.7,0.11095394346120635,0.10979832238350966,0,412,263
HM+ST,stockpile,ctid,43,40,0.2,0.0,0.8,0.09868876624640205,0.09668224081007579,0,412,263
HM+ST,stockpile,ctid,43,40,0.1,0.0,0.9,0.08253770677599004,0.07585143109954474,0,412,263
HM+ST,stockpile,ctid,43,40,0.0,0.0,1.0,0.03764360327199814,0.027984758145042532,0,412,263
HM+ST,stockpile,ctid,43,40,0.9,0.1,0.0,0.1827082980682655,0.18435919167908613,0,412,263
HM+ST,stockpile,ctid,43,40,0.8,0.1,0.1,0.18534333176454348,0.1831515729478975,0,412,263
HM+ST,stockpile,ctid,43,40,0.7,0.1,0.2,0.17848827066812878,0.17760924576439147,0,412,263
HM+ST,stockpile,ctid,43,40,0.6,0.1,0.3,0.16778764109065916,0.16539386119933056,0,412,263
HM+ST,stockpile,ctid,43,40,0.5,0.1,0.4,0.15062297648497014,0.15184828391759536,0,412,263
HM+ST,stockpile,ctid,43,40,0.4,0.1,0.5,0.13745059560158496,0.13928958894152912,0,412,263
HM+ST,stockpile,ctid,43,40,0.3,0.1,0.6,0.11988849338589261,0.12022663543054009,0,412,263
HM+ST,stockpile,ctid,43,40,0.2,0.1,0.7,0.10516786041457282,0.10393736494906783,0,412,263
HM+ST,stockpile,ctid,43,40,0.1,0.1,0.8,0.08124161891325732,0.08134352769306283,0,412,263
HM+ST,stockpile,ctid,43,40,0.0,0.1,0.9,0.08960528925561753,0.06254926883931795,0,412,263
HM+ST,stockpile,ctid,43,40,0.8,0.2,0.0,0.18237124083618697,0.18554544359251085,0,412,263
HM+ST,stockpile,ctid,43,40,0.7,0.2,0.1,0.18637753304768076,0.1848980584370097,0,412,263
HM+ST,stockpile,ctid,43,40,0.6,0.2,0.2,0.1784569708504707,0.17803708094529888,0,412,263
HM+ST,stockpile,ctid,43,40,0.5,0.2,0.3,0.16337857558208982,0.163368272834919,0,412,263
HM+ST,stockpile,ctid,43,40,0.4,0.2,0.4,0.14897276194965475,0.1505607691302116,0,412,263
HM+ST,stockpile,ctid,43,40,0.3,0.2,0.5,0.13042758351405032,0.13573012717482658,0,412,263
HM+ST,stockpile,ctid,43,40,0.2,0.2,0.6,0.11468178659822129,0.1154041495591015,0,412,263
HM+ST,stockpile,ctid,43,40,0.1,0.2,0.7,0.10450801186986843,0.09757621103525252,0,412,263
HM+ST,stockpile,ctid,43,40,0.0,0.2,0.8,0.08961875452990406,0.06492950672573912,0,412,263
HM+ST,stockpile,ctid,43,40,0.7,0.3,0.0,0.1831793162929227,0.18760584294743474,0,412,263
HM+ST,stockpile,ctid,43,40,0.6,0.3,0.1,0.1821006976634342,0.18525675481034787,0,412,263
HM+ST,stockpile,ctid,43,40,0.5,0.3,0.2,0.17651790577494542,0.17827054980379226,0,412,263
HM+ST,stockpile,ctid,43,40,0.4,0.3,0.3,0.1623538370861558,0.1630240317515742,0,412,263
HM+ST,stockpile,ctid,43,40,0.3,0.3,0.4,0.14622391597664627,0.14984609193306886,0,412,263
HM+ST,stockpile,ctid,43,40,0.2,0.3,0.5,0.12636943720075322,0.1281446347257123,0,412,263
HM+ST,stockpile,ctid,43,40,0.1,0.3,0.6,0.11470091966768511,0.1093414344078818,0,412,263
HM+ST,stockpile,ctid,43,40,0.0,0.3,0.7,0.09221708741090866,0.07175427695110083,0,412,263
HM+ST,stockpile,ctid,43,40,0.6,0.4,0.0,0.18349473206952918,0.18903881472978157,0,412,263
HM+ST,stockpile,ctid,43,40,0.5,0.4,0.1,0.18099051018433188,0.1873942810422258,0,412,263
HM+ST,stockpile,ctid,43,40,0.4,0.4,0.2,0.17476219841593166,0.17706845442400604,0,412,263
HM+ST,stockpile,ctid,43,40,0.3,0.4,0.3,0.16072785018632063,0.16201665646557478,0,412,263
HM+ST,stockpile,ctid,43,40,0.2,0.4,0.4,0.1430509729227248,0.14617655474767402,0,412,263
HM+ST,stockpile,ctid,43,40,0.1,0.4,0.5,0.1207930470166598,0.11753306535159924,0,412,263
HM+ST,stockpile,ctid,43,40,0.0,0.4,0.6,0.10017997367519704,0.08547547471803847,0,412,263
HM+ST,stockpile,ctid,43,40,0.5,0.5,0.0,0.18204971767586245,0.19094490442375403,0,412,263
HM+ST,stockpile,ctid,43,40,0.4,0.5,0.1,0.1811531770167967,0.18804203095572708,0,412,263
HM+ST,stockpile,ctid,43,40,0.3,0.5,0.2,0.1760365485416649,0.1773131137748627,0,412,263
HM+ST,stockpile,ctid,43,40,0.2,0.5,0.3,0.15792125835436427,0.16120475944835036,0,412,263
HM+ST,stockpile,ctid,43,40,0.1,0.5,0.4,0.13870180823309752,0.1361333023872739,0,412,263
HM+ST,stockpile,ctid,43,40,0.0,0.5,0.5,0.11650026440067338,0.11002255298409988,0,412,263
HM+ST,stockpile,ctid,43,40,0.4,0.6,0.0,0.1828263515984632,0.19227410655516936,0,412,263
HM+ST,stockpile,ctid,43,40,0.3,0.6,0.1,0.18556615686083577,0.1894477956927812,0,412,263
HM+ST,stockpile,ctid,43,40,0.2,0.6,0.2,0.18227286896471495,0.17880872314393154,0,412,263
HM+ST,stockpile,ctid,43,40,0.1,0.6,0.3,0.15488112648023705,0.15398536140979813,0,412,263
HM+ST,stockpile,ctid,43,40,0.0,0.6,0.4,0.13435680740203965,0.12561333812908843,0,412,263
HM+ST,stockpile,ctid,43,40,0.3,0.7,0.0,0.18587616153937808,0.19419512737238787,0,412,263
HM+ST,stockpile,ctid,43,40,0.2,0.7,0.1,0.1897476787640209,0.19090535553964041,0,412,263
HM+ST,stockpile,ctid,43,40,0.1,0.7,0.2,0.18548099234869062,0.17616323090085823,0,412,263
HM+ST,stockpile,ctid,43,40,0.0,0.7,0.3,0.1559383696794138,0.15249827657100193,0,412,263
HM+ST,stockpile,ctid,43,40,0.2,0.8,0.0,0.18718250254949972,0.1965487106536427,0,412,263
HM+ST,stockpile,ctid,43,40,0.1,0.8,0.1,0.19253865314970656,0.1888207792940845,0,412,263
HM+ST,stockpile,ctid,43,40,0.0,0.8,0.2,0.19080341261252762,0.1785695366927677,0,412,263
HM+ST,stockpile,ctid,43,40,0.1,0.9,0.0,0.19099195382312406,0.19580137482356744,0,412,263
HM+ST,stockpile,ctid,43,40,0.0,0.9,0.1,0.19841369471098017,0.19255089197718994,0,412,263
HM+ST,stockpile,ctid,43,40,0.0,1.0,0.0,0.19571818169186073,0.1993665631974852,0,412,263
HM+ST,stockpile,ctid,43,60,1.0,0.0,0.0,0.17936170324827067,0.18306874644018506,0,412,263
HM+ST,stockpile,ctid,43,60,0.9,0.0,0.1,0.17715039603127014,0.17970028117707698,0,412,263
HM+ST,stockpile,ctid,43,60,0.8,0.0,0.2,0.17988062247627945,0.17640861955545847,0,412,263
HM+ST,stockpile,ctid,43,60,0.7,0.0,0.3,0.17068366164555032,0.1657647088279855,0,412,263
HM+ST,stockpile,ctid,43,60,0.6,0.0,0.4,0.15342219804890048,0.15369421870281308,0,412,263
HM+ST,stockpile,ctid,43,60,0.5,0.0,0.5,0.13952052606489068,0.14220419176844343,0,412,263
HM+ST,stockpile,ctid,43,60,0.4,0.0,0.6,0.12588510320066032,0.12444317276943458,0,412,263
HM+ST,stockpile,ctid,43,60,0.3,0.0,0.7,0.11095394346120635,0.10979832238350966,0,412,263
HM+ST,stockpile,ctid,43,60,0.2,0.0,0.8,0.09868876624640205,0.09668224081007579,0,412,263
HM+ST,stockpile,ctid,43,60,0.1,0.0,0.9,0.08253770677599004,0.07585143109954474,0,412,263
HM+ST,stockpile,ctid,43,60,0.0,0.0,1.0,0.03764360327199814,0.027984758145042532,0,412,263
HM+ST,stockpile,ctid,43,60,0.9,0.1,0.0,0.18093766582297421,0.18387518439226536,0,412,263
HM+ST,stockpile,ctid,43,60,0.8,0.1,0.1,0.18285230432615895,0.18183548130805957,0,412,263
HM+ST,stockpile,ctid,43,60,0.7,0.1,0.2,0.178292677296809,0.17715855637133587,0,412,263
HM+ST,stockpile,ctid,43,60,0.6,0.1,0.3,0.16869922122375355,0.16544259396080208,0,412,263
HM+ST,stockpile,ctid,43,60,0.5,0.1,0.4,0.15038361915450987,0.15149066055051869,0,412,263
HM+ST,stockpile,ctid,43,60,0.4,0.1,0.5,0.1365242544075304,0.1390831596721506,0,412,263
HM+ST,stockpile,ctid,43,60,0.3,0.1,0.6,0.12151036078676063,0.12080394992676231,0,412,263
HM+ST,stockpile,ctid,43,60,0.2,0.1,0.7,0.105674552803213,0.104538750186121,0,412,263
HM+ST,stockpile,ctid,43,60,0.1,0.1,0.8,0.08186921149376779,0.08141794282823878,0,412,263
HM+ST,stockpile,ctid,43,60,0.0,0.1,0.9,0.08442429606235678,0.0608340471387109,0,412,263
HM+ST,stockpile,ctid,43,60,0.8,0.2,0.0,0.1792149704208636,0.18493383426639304,0,412,263
HM+ST,stockpile,ctid,43,60,0.7,0.2,0.1,0.17923555634795357,0.18341999532863268,0,412,263
HM+ST,stockpile,ctid,43,60,0.6,0.2,0.2,0.17920163516998314,0.17778047617112414,0,412,263
HM+ST,stockpile,ctid,43,60,0.5,0.2,0.3,0.1654824141782212,0.1640048449284548,0,412,263
HM+ST,stockpile,ctid,43,60,0.4,0.2,0.4,0.14949605193287677,0.1500489991793307,0,412,263
HM+ST,stockpile,ctid,43,60,0.3,0.2,0.5,0.13323415293795907,0.1352981084066262,0,412,263
HM+ST,stockpile,ctid,43,60,0.2,0.2,0.6,0.11614091511534597,0.11488677026788899,0,412,263
HM+ST,stockpile,ctid,43,60,0.1,0.2,0.7,0.10492720338525989,0.09680735948100819,0,412,263
HM+ST,stockpile,ctid,43,60,0.0,0.2,0.8,0.08355963664552284,0.061971349537273956,0,412,263
HM+ST,stockpile,ctid,43,60,0.7,0.3,0.0,0.1801990727740908,0.18561740356011402,0,412,263
HM+ST,stockpile,ctid,43,60,0.6,0.3,0.1,0.18385335329805566,0.18513277028677666,0,412,263
HM+ST,stockpile,ctid,43,60,0.5,0.3,0.2,0.1768869340585835,0.1769956282827747,0,412,263
HM+ST,stockpile,ctid,43,60,0.4,0.3,0.3,0.16092149367832792,0.16278657354906373,0,412,263
HM+ST,stockpile,ctid,43,60,0.3,0.3,0.4,0.14752233366342155,0.14853582587964803,0,412,263
HM+ST,stockpile,ctid,43,60,0.2,0.3,0.5,0.12938596030976035,0.12885993417039293,0,412,263
HM+ST,stockpile,ctid,43,60,0.1,0.3,0.6,0.11191223592501794,0.10695708308204428,0,412,263
HM+ST,stockpile,ctid,43,60,0.0,0.3,0.7,0.0900557605593019,0.07003071937756014,0,412,263
HM+ST,stockpile,ctid,43,60,0.6,0.4,0.0,0.1810150218187439,0.187750891929181,0,412,263
HM+ST,stockpile,ctid,43,60,0.5,0.4,0.1,0.18496385580916413,0.1865054696944372,0,412,263
HM+ST,stockpile,ctid,43,60,0.4,0.4,0.2,0.17384807600589358,0.17625113732844414,0,412,263
HM+ST,stockpile,ctid,43,60,0.3,0.4,0.3,0.16434681479380436,0.16282508224357223,0,412,263
HM+ST,stockpile,ctid,43,60,0.2,0.4,0.4,0.14385773053451106,0.14463528883853313,0,412,263
HM+ST,stockpile,ctid,43,60,0.1,0.4,0.5,0.12311461882160235,0.1176454533128517,0,412,263
HM+ST,stockpile,ctid,43,60,0.0,0.4,0.6,0.09925694877967836,0.08185870481386878,0,412,263
HM+ST,stockpile,ctid,43,60,0.5,0.5,0.0,0.18083032950009797,0.18843743014951989,0,412,263
HM+ST,stockpile,ctid,43,60,0.4,0.5,0.1,0.1842848118266765,0.18714837276221716,0,412,263
HM+ST,stockpile,ctid,43,60,0.3,0.5,0.2,0.17739346407314932,0.17704308788446482,0,412,263
HM+ST,stockpile,ctid,43,60,0.2,0.5,0.3,0.1589450968942368,0.1604139626278151,0,412,263
HM+ST,stockpile,ctid,43,60,0.1,0.5,0.4,0.1372899972385403,0.1342171203115652,0,412,263
HM+ST,stockpile,ctid,43,60,0.0,0.5,0.5,0.10882669958995247,0.1016127906458842,0,412,263
HM+ST,stockpile,ctid,43,60,0.4,0.6,0.0,0.18288148145404173,0.19012392455119548,0,412,263
HM+ST,stockpile,ctid,43,60,0.3,0.6,0.1,0.18549170077243715,0.1879505263566566,0,412,263
HM+ST,stockpile,ctid,43,60,0.2,0.6,0.2,0.1807915752935178,0.17776763960698025,0,412,263
HM+ST,stockpile,ctid,43,60,0.1,0.6,0.3,0.1527921934406949,0.14990788982832307,0,412,263
HM+ST,stockpile,ctid,43,60,0.0,0.6,0.4,0.12558600365373365,0.12257544353962853,0,412,263
HM+ST,stockpile,ctid,43,60,0.3,0.7,0.0,0.18720322822910862,0.1920022579199451,0,412,263
HM+ST,stockpile,ctid,43,60,0.2,0.7,0.1,0.19059937278441053,0.18912692344703477,0,412,263
HM+ST,stockpile,ctid,43,60,0.1,0.7,0.2,0.17728208124283468,0.1723935400576839,0,412,263
HM+ST,stockpile,ctid,43,60,0.0,0.7,0.3,0.14908634373042604,0.1440833823082155,0,412,263
HM+ST,stockpile,ctid,43,60,0.2,0.8,0.0,0.19333577634546154,0.19390376713030424,0,412,263
HM+ST,stockpile,ctid,43,60,0.1,0.8,0.1,0.19341823674979966,0.18502399710530665,0,412,263
HM+ST,stockpile,ctid,43,60,0.0,0.8,0.2,0.17660432410936056,0.1703827527896307,0,412,263
HM+ST,stockpile,ctid,43,60,0.1,0.9,0.0,0.2031736368068806,0.19319528839651592,0,412,263
HM+ST,stockpile,ctid,43,60,0.0,0.9,0.1,0.1974697862937154,0.18547909286893893,0,412,263
HM+ST,stockpile,ctid,43,60,0.0,1.0,0.0,0.20238974919364275,0.191576647580785,0,412,263
HM+ST,stockpile,ctid,43,80,1.0,0.0,0.0,0.17936170324827067,0.18306874644018506,0,412,263
HM+ST,stockpile,ctid,43,80,0.9,0.0,0.1,0.17715039603127014,0.17970028117707698,0,412,263
HM+ST,stockpile,ctid,43,80,0.8,0.0,0.2,0.17988062247627945,0.17640861955545847,0,412,263
HM+ST,stockpile,ctid,43,80,0.7,0.0,0.3,0.17068366164555032,0.1657647088279855,0,412,263
HM+ST,stockpile,ctid,43,80,0.6,0.0,0.4,0.15342219804890048,0.15369421870281308,0,412,263
HM+ST,stockpile,ctid,43,80,0.5,0.0,0.5,0.13952052606489068,0.14220419176844343,0,412,263
HM+ST,stockpile,ctid,43,80,0.4,0.0,0.6,0.12588510320066032,0.12444317276943458,0,412,263
HM+ST,stockpile,ctid,43,80,0.3,0.0,0.7,0.11095394346120635,0.10979832238350966,0,412,263
HM+ST,stockpile,ctid,43,80,0.2,0.0,0.8,0.09868876624640205,0.09668224081007579,0,412,263
HM+ST,stockpile,ctid,43,80,0.1,0.0,0.9,0.08253770677599004,0.07585143109954474,0,412,263
HM+ST,stockpile,ctid,43,80,0.0,0.0,1.0,0.03764360327199814,0.027984758145042532,0,412,263
HM+ST,stockpile,ctid,43,80,0.9,0.1,0.0,0.18101127596266892,0.18301198049854633,0,412,263
HM+ST,stockpile,ctid,43,80,0.8,0.1,0.1,0.17939307446021288,0.18059055470373156,0,412,263
HM+ST,stockpile,ctid,43,80,0.7,0.1,0.2,0.17804957119516557,0.1772236163675988,0,412,263
HM+ST,stockpile,ctid,43,80,0.6,0.1,0.3,0.17042353795923898,0.16585537558948238,0,412,263
HM+ST,stockpile,ctid,43,80,0.5,0.1,0.4,0.14961323482887862,0.15070214170132773,0,412,263
HM+ST,stockpile,ctid,43,80,0.4,0.1,0.5,0.1369846881587764,0.138454580427406,0,412,263
HM+ST,stockpile,ctid,43,80,0.3,0.1,0.6,0.12153310318710549,0.1204494574006996,0,412,263
HM+ST,stockpile,ctid,43,80,0.2,0.1,0.7,0.10652131686634761,0.10434542558301999,0,412,263
HM+ST,stockpile,ctid,43,80,0.1,0.1,0.8,0.08289273609490873,0.08103306975203337,0,412,263
HM+ST,stockpile,ctid,43,80,0.0,0.1,0.9,0.08338263798133225,0.05894228245938158,0,412,263
HM+ST,stockpile,ctid,43,80,0.8,0.2,0.0,0.1793374521129883,0.1840224993992354,0,412,263
HM+ST,stockpile,ctid,43,80,0.7,0.2,0.1,0.17863765019308303,0.18190803752795234,0,412,263
HM+ST,stockpile,ctid,43,80,0.6,0.2,0.2,0.1780609944763962,0.17731215768138436,0,412,263
HM+ST,stockpile,ctid,43,80,0.5,0.2,0.3,0.1679156119685043,0.164432886661641,0,412,263
HM+ST,stockpile,ctid,43,80,0.4,0.2,0.4,0.14883638257395126,0.1499949361158877,0,412,263
HM+ST,stockpile,ctid,43,80,0.3,0.2,0.5,0.13351616004614358,0.13350488827037005,0,412,263
HM+ST,stockpile,ctid,43,80,0.2,0.2,0.6,0.11657746483070205,0.11417895122153934,0,412,263
HM+ST,stockpile,ctid,43,80,0.1,0.2,0.7,0.10227635959992254,0.09490436062329519,0,412,263
HM+ST,stockpile,ctid,43,80,0.0,0.2,0.8,0.08443982422589942,0.061203559608396,0,412,263
HM+ST,stockpile,ctid,43,80,0.7,0.3,0.0,0.18025188739488135,0.1854702270525992,0,412,263
HM+ST,stockpile,ctid,43,80,0.6,0.3,0.1,0.1803835896405143,0.18288938461874327,0,412,263
HM+ST,stockpile,ctid,43,80,0.5,0.3,0.2,0.1762320727084779,0.175221971016345,0,412,263
HM+ST,stockpile,ctid,43,80,0.4,0.3,0.3,0.16544921758372627,0.16310725783220456,0,412,263
HM+ST,stockpile,ctid,43,80,0.3,0.3,0.4,0.14451903108452938,0.1453638215071179,0,412,263
HM+ST,stockpile,ctid,43,80,0.2,0.3,0.5,0.1332653863264078,0.12865009551586484,0,412,263
HM+ST,stockpile,ctid,43,80,0.1,0.3,0.6,0.10967806363159464,0.10348818309283261,0,412,263
HM+ST,stockpile,ctid,43,80,0.0,0.3,0.7,0.08996227814847921,0.06563947357231023,0,412,263
HM+ST,stockpile,ctid,43,80,0.6,0.4,0.0,0.18243674646703958,0.18635491271726481,0,412,263
HM+ST,stockpile,ctid,43,80,0.5,0.4,0.1,0.17817282785075134,0.1824384601800318,0,412,263
HM+ST,stockpile,ctid,43,80,0.4,0.4,0.2,0.17260992065481012,0.17287169885223883,0,412,263
HM+ST,stockpile,ctid,43,80,0.3,0.4,0.3,0.16389033605192288,0.16042384391034586,0,412,263
HM+ST,stockpile,ctid,43,80,0.2,0.4,0.4,0.1435420818569258,0.14164964433805163,0,412,263
HM+ST,stockpile,ctid,43,80,0.1,0.4,0.5,0.1189530022347987,0.11415046022273848,0,412,263
HM+ST,stockpile,ctid,43,80,0.0,0.4,0.6,0.09581630569523555,0.07564062576490531,0,412,263
HM+ST,stockpile,ctid,43,80,0.5,0.5,0.0,0.18238565843767238,0.1859662797886777,0,412,263
HM+ST,stockpile,ctid,43,80,0.4,0.5,0.1,0.17996536238833388,0.18276707073813583,0,412,263
HM+ST,stockpile,ctid,43,80,0.3,0.5,0.2,0.1735203631296341,0.17145562389000615,0,412,263
HM+ST,stockpile,ctid,43,80,0.2,0.5,0.3,0.1584060950450653,0.15614967658962556,0,412,263
HM+ST,stockpile,ctid,43,80,0.1,0.5,0.4,0.1404698056489572,0.1316908763619635,0,412,263
HM+ST,stockpile,ctid,43,80,0.0,0.5,0.5,0.10692907455118734,0.09065446056608556,0,412,263
HM+ST,stockpile,ctid,43,80,0.4,0.6,0.0,0.1845359764663263,0.18700175424920756,0,412,263
HM+ST,stockpile,ctid,43,80,0.3,0.6,0.1,0.1784788191218095,0.1822081782353598,0,412,263
HM+ST,stockpile,ctid,43,80,0.2,0.6,0.2,0.1740743291985795,0.17145542759500415,0,412,263
HM+ST,stockpile,ctid,43,80,0.1,0.6,0.3,0.15445975643120818,0.1469281158711172,0,412,263
HM+ST,stockpile,ctid,43,80,0.0,0.6,0.4,0.1269659884309209,0.11216552058665936,0,412,263
HM+ST,stockpile,ctid,43,80,0.3,0.7,0.0,0.18967678315939113,0.1894474653044756,0,412,263
HM+ST,stockpile,ctid,43,80,0.2,0.7,0.1,0.18426461959889928,0.18305920771413392,0,412,263
HM+ST,stockpile,ctid,43,80,0.1,0.7,0.2,0.16932079876842937,0.1630501458669095,0,412,263
HM+ST,stockpile,ctid,43,80,0.0,0.7,0.3,0.14243281779805134,0.13286371328830757,0,412,263
HM+ST,stockpile,ctid,43,80,0.2,0.8,0.0,0.19626337864008747,0.19068082040499085,0,412,263
HM+ST,stockpile,ctid,43,80,0.1,0.8,0.1,0.1840584939617677,0.1768271866108923,0,412,263
HM+ST,stockpile,ctid,43,80,0.0,0.8,0.2,0.16366775173028655,0.15339140674084004,0,412,263
HM+ST,stockpile,ctid,43,80,0.1,0.9,0.0,0.19466869512841575,0.18726433962780506,0,412,263
HM+ST,stockpile,ctid,43,80,0.0,0.9,0.1,0.18496022467663684,0.17190303782192112,0,412,263
HM+ST,stockpile,ctid,43,80,0.0,1.0,0.0,0.19189257889390532,0.181074798505877,0,412,263
HM+ST,stockpile,ctid,44,100,1.0,0.0,0.0,0.18465394708908722,0.18306874644018506,0,412,263
HM+ST,stockpile,ctid,44,100,0.9,0.0,0.1,0.18079176767802213,0.17970028117707698,0,412,263
HM+ST,stockpile,ctid,44,100,0.8,0.0,0.2,0.18222278099001893,0.17640861955545847,0,412,263
HM+ST,stockpile,ctid,44,100,0.7,0.0,0.3,0.16475685083985694,0.1657647088279855,0,412,263
HM+ST,stockpile,ctid,44,100,0.6,0.0,0.4,0.1554127431093062,0.15369421870281308,0,412,263
HM+ST,stockpile,ctid,44,100,0.5,0.0,0.5,0.1433757773817091,0.14220419176844343,0,412,263
HM+ST,stockpile,ctid,44,100,0.4,0.0,0.6,0.12352381280926843,0.12444317276943458,0,412,263
HM+ST,stockpile,ctid,44,100,0.3,0.0,0.7,0.10999804057166122,0.10979832238350966,0,412,263
HM+ST,stockpile,ctid,44,100,0.2,0.0,0.8,0.0951627406537429,0.09668224081007579,0,412,263
HM+ST,stockpile,ctid,44,100,0.1,0.0,0.9,0.07889243354387121,0.07585143109954474,0,412,263
HM+ST,stockpile,ctid,44,100,0.0,0.0,1.0,0.03764360327199814,0.027984758145042532,0,412,263
HM+ST,stockpile,ctid,44,100,0.9,0.1,0.0,0.1811412418625815,0.1828871589415645,0,412,263
HM+ST,stockpile,ctid,44,100,0.8,0.1,0.1,0.18426962561868104,0.18074917389841164,0,412,263
HM+ST,stockpile,ctid,44,100,0.7,0.1,0.2,0.1809869160156394,0.177632443125288,0,412,263
HM+ST,stockpile,ctid,44,100,0.6,0.1,0.3,0.1668777608792156,0.16639109574235977,0,412,263
HM+ST,stockpile,ctid,44,100,0.5,0.1,0.4,0.1491338927949549,0.15105242717311793,0,412,263
HM+ST,stockpile,ctid,44,100,0.4,0.1,0.5,0.13848771425546424,0.13877800728054004,0,412,263
HM+ST,stockpile,ctid,44,100,0.3,0.1,0.6,0.12456434241712626,0.12025524101853365,0,412,263
HM+ST,stockpile,ctid,44,100,0.2,0.1,0.7,0.10705783808549266,0.10388240626424514,0,412,263
HM+ST,stockpile,ctid,44,100,0.1,0.1,0.8,0.08641003176632453,0.08185985538638685,0,412,263
HM+ST,stockpile,ctid,44,100,0.0,0.1,0.9,0.08312109360696165,0.0585389508952737,0,412,263
HM+ST,stockpile,ctid,44,100,0.8,0.2,0.0,0.18799441809315076,0.1852555920331946,0,412,263
HM+ST,stockpile,ctid,44,100,0.7,0.2,0.1,0.1875324064663077,0.1817600157995952,0,412,263
HM+ST,stockpile,ctid,44,100,0.6,0.2,0.2,0.17934729236771757,0.17732484311416039,0,412,263
HM+ST,stockpile,ctid,44,100,0.5,0.2,0.3,0.16450169454244326,0.16488348383788037,0,412,263
HM+ST,stockpile,ctid,44,100,0.4,0.2,0.4,0.14952244340583584,0.14940104932398646,0,412,263
HM+ST,stockpile,ctid,44,100,0.3,0.2,0.5,0.13925335215411244,0.13445644869949333,0,412,263
HM+ST,stockpile,ctid,44,100,0.2,0.2,0.6,0.11895815142870843,0.11385189224224215,0,412,263
HM+ST,stockpile,ctid,44,100,0.1,0.2,0.7,0.10371847002135266,0.0963843418490807,0,412,263
HM+ST,stockpile,ctid,44,100,0.0,0.2,0.8,0.08226872918779991,0.06007083441743301,0,412,263
HM+ST,stockpile,ctid,44,100,0.7,0.3,0.0,0.18536478224824965,0.18688646210489707,0,412,263
HM+ST,stockpile,ctid,44,100,0.6,0.3,0.1,0.1837490780365789,0.18243633425558498,0,412,263
HM+ST,stockpile,ctid,44,100,0.5,0.3,0.2,0.17686751656265662,0.1747320916436143,0,412,263
HM+ST,stockpile,ctid,44,100,0.4,0.3,0.3,0.16494717284192556,0.16327216061347496,0,412,263
HM+ST,stockpile,ctid,44,100,0.3,0.3,0.4,0.14938997263994042,0.1463067427353827,0,412,263
HM+ST,stockpile,ctid,44,100,0.2,0.3,0.5,0.13354644076685376,0.12804941392117933,0,412,263
HM+ST,stockpile,ctid,44,100,0.1,0.3,0.6,0.1113707046080149,0.10309222506292144,0,412,263
HM+ST,stockpile,ctid,44,100,0.0,0.3,0.7,0.08799956454016719,0.065992653900154,0,412,263
HM+ST,stockpile,ctid,44,100,0.6,0.4,0.0,0.18870777618807305,0.1867433093169257,0,412,263
HM+ST,stockpile,ctid,44,100,0.5,0.4,0.1,0.18114090435636848,0.18082620833177188,0,412,263
HM+ST,stockpile,ctid,44,100,0.4,0.4,0.2,0.17614586564885112,0.17295456894973943,0,412,263
HM+ST,stockpile,ctid,44,100,0.3,0.4,0.3,0.1614128778071783,0.16093833746039338,0,412,263
HM+ST,stockpile,ctid,44,100,0.2,0.4,0.4,0.1438125403007046,0.1399987955260838,0,412,263
HM+ST,stockpile,ctid,44,100,0.1,0.4,0.5,0.12425983734469707,0.1147460742767213,0,412,263
HM+ST,stockpile,ctid,44,100,0.0,0.4,0.6,0.09800665141363037,0.07761547099991535,0,412,263
HM+ST,stockpile,ctid,44,100,0.5,0.5,0.0,0.18558619525627731,0.18591767858897765,0,412,263
HM+ST,stockpile,ctid,44,100,0.4,0.5,0.1,0.1783621125954688,0.1799404744218795,0,412,263
HM+ST,stockpile,ctid,44,100,0.3,0.5,0.2,0.17101989173729762,0.17070010420109116,0,412,263
HM+ST,stockpile,ctid,44,100,0.2,0.5,0.3,0.15646409503979938,0.15546779772749497,0,412,263
HM+ST,stockpile,ctid,44,100,0.1,0.5,0.4,0.13800464640632185,0.13012433985306723,0,412,263
HM+ST,stockpile,ctid,44,100,0.0,0.5,0.5,0.10667771670057476,0.0918901299780305,0,412,263
HM+ST,stockpile,ctid,44,100,0.4,0.6,0.0,0.18553684394029474,0.18617096851070186,0,412,263
HM+ST,stockpile,ctid,44,100,0.3,0.6,0.1,0.182173212264423,0.18127905579890102,0,412,263
HM+ST,stockpile,ctid,44,100,0.2,0.6,0.2,0.16712066238146228,0.16865690446227244,0,412,263
HM+ST,stockpile,ctid,44,100,0.1,0.6,0.3,0.15432782009809692,0.1467481081297153,0,412,263
HM+ST,stockpile,ctid,44,100,0.0,0.6,0.4,0.12349983320715326,0.11143502612180138,0,412,263
HM+ST,stockpile,ctid,44,100,0.3,0.7,0.0,0.1879656427831295,0.18652871144737268,0,412,263
HM+ST,stockpile,ctid,44,100,0.2,0.7,0.1,0.17968625496232019,0.17923185441760053,0,412,263
HM+ST,stockpile,ctid,44,100,0.1,0.7,0.2,0.17006875485276746,0.16320883830072358,0,412,263
HM+ST,stockpile,ctid,44,100,0.0,0.7,0.3,0.13922774253900566,0.1309632003217847,0,412,263
HM+ST,stockpile,ctid,44,100,0.2,0.8,0.0,0.18961929735719127,0.18590076127203553,0,412,263
HM+ST,stockpile,ctid,44,100,0.1,0.8,0.1,0.18000286401993912,0.17375848423949866,0,412,263
HM+ST,stockpile,ctid,44,100,0.0,0.8,0.2,0.15862889392583956,0.14929804678011588,0,412,263
HM+ST,stockpile,ctid,44,100,0.1,0.9,0.0,0.18192256991267386,0.17998332297472355,0,412,263
HM+ST,stockpile,ctid,44,100,0.0,0.9,0.1,0.17339105546424133,0.16368379651944426,0,412,263
HM+ST,stockpile,ctid,44,100,0.0,1.0,0.0,0.17727047364902854,0.17256291261080653,0,412,263
HM+ST,stockpile,ctid,44,20,1.0,0.0,0.0,0.18465394708908722,0.18306874644018506,0,412,263
HM+ST,stockpile,ctid,44,20,0.9,0.0,0.1,0.18079176767802213,0.17970028117707698,0,412,263
HM+ST,stockpile,ctid,44,20,0.8,0.0,0.2,0.18222278099001893,0.17640861955545847,0,412,263
HM+ST,stockpile,ctid,44,20,0.7,0.0,0.3,0.16475685083985694,0.1657647088279855,0,412,263
HM+ST,stockpile,ctid,44,20,0.6,0.0,0.4,0.1554127431093062,0.15369421870281308,0,412,263
HM+ST,stockpile,ctid,44,20,0.5,0.0,0.5,0.1433757773817091,0.14220419176844343,0,412,263
HM+ST,stockpile,ctid,44,20,0.4,0.0,0.6,0.12352381280926843,0.12444317276943458,0,412,263
HM+ST,stockpile,ctid,44,20,0.3,0.0,0.7,0.10999804057166122,0.10979832238350966,0,412,263
HM+ST,stockpile,ctid,44,20,0.2,0.0,0.8,0.0951627406537429,0.09668224081007579,0,412,263
HM+ST,stockpile,ctid,44,20,0.1,0.0,0.9,0.07889243354387121,0.07585143109954474,0,412,263
HM+ST,stockpile,ctid,44,20,0.0,0.0,1.0,0.03764360327199814,0.027984758145042532,0,412,263
HM+ST,stockpile,ctid,44,20,0.9,0.1,0.0,0.1839177364188076,0.18454841266848465,0,412,263
HM+ST,stockpile,ctid,44,20,0.8,0.1,0.1,0.1892934145314839,0.18371696761726308,0,412,263
HM+ST,stockpile,ctid,44,20,0.7,0.1,0.2,0.1798118438815859,0.17766624451929813,0,412,263
HM+ST,stockpile,ctid,44,20,0.6,0.1,0.3,0.16607684517029173,0.16634777198484416,0,412,263
HM+ST,stockpile,ctid,44,20,0.5,0.1,0.4,0.15222350406195803,0.15284441119681064,0,412,263
HM+ST,stockpile,ctid,44,20,0.4,0.1,0.5,0.14026643941859374,0.14056975001174005,0,412,263
HM+ST,stockpile,ctid,44,20,0.3,0.1,0.6,0.12352822596274202,0.12204129491206542,0,412,263
HM+ST,stockpile,ctid,44,20,0.2,0.1,0.7,0.10488586662045951,0.10555048039783603,0,412,263
HM+ST,stockpile,ctid,44,20,0.1,0.1,0.8,0.08332911888346459,0.0824459764875484,0,412,263
HM+ST,stockpile,ctid,44,20,0.0,0.1,0.9,0.0892208863696412,0.062138051244828685,0,412,263
HM+ST,stockpile,ctid,44,20,0.8,0.2,0.0,0.18383979256626182,0.1862013418970271,0,412,263
HM+ST,stockpile,ctid,44,20,0.7,0.2,0.1,0.18514795130146516,0.18461564155174928,0,412,263
HM+ST,stockpile,ctid,44,20,0.6,0.2,0.2,0.18257298541101824,0.17969972639066556,0,412,263
HM+ST,stockpile,ctid,44,20,0.5,0.2,0.3,0.15969449965829668,0.1652375813468458,0,412,263
HM+ST,stockpile,ctid,44,20,0.4,0.2,0.4,0.15115686540491255,0.15286150601976883,0,412,263
HM+ST,stockpile,ctid,44,20,0.3,0.2,0.5,0.14088017471763387,0.1376235634900309,0,412,263
HM+ST,stockpile,ctid,44,20,0.2,0.2,0.6,0.11801659784206468,0.11578399652733506,0,412,263
HM+ST,stockpile,ctid,44,20,0.1,0.2,0.7,0.10485600187619729,0.09749223005353226,0,412,263
HM+ST,stockpile,ctid,44,20,0.0,0.2,0.8,0.08943096886068114,0.06633255624425197,0,412,263
HM+ST,stockpile,ctid,44,20,0.7,0.3,0.0,0.18515478757767295,0.1876409411106154,0,412,263
HM+ST,stockpile,ctid,44,20,0.6,0.3,0.1,0.18704022672741089,0.1869943359995397,0,412,263
HM+ST,stockpile,ctid,44,20,0.5,0.3,0.2,0.1793294384812204,0.1790183531016906,0,412,263
HM+ST,stockpile,ctid,44,20,0.4,0.3,0.3,0.15930625569667636,0.1651351235564918,0,412,263
HM+ST,stockpile,ctid,44,20,0.3,0.3,0.4,0.15120932971962225,0.15334628046104662,0,412,263
HM+ST,stockpile,ctid,44,20,0.2,0.3,0.5,0.13149243593768326,0.13349667645173763,0,412,263
HM+ST,stockpile,ctid,44,20,0.1,0.3,0.6,0.12039158579564424,0.11031034070793004,0,412,263
HM+ST,stockpile,ctid,44,20,0.0,0.3,0.7,0.09096667657849886,0.07402314545491241,0,412,263
HM+ST,stockpile,ctid,44,20,0.6,0.4,0.0,0.18833175473254943,0.18964935214191023,0,412,263
HM+ST,stockpile,ctid,44,20,0.5,0.4,0.1,0.18706167398625936,0.18799452092069466,0,412,263
HM+ST,stockpile,ctid,44,20,0.4,0.4,0.2,0.17766172235368646,0.17977095464363804,0,412,263
HM+ST,stockpile,ctid,44,20,0.3,0.4,0.3,0.15939722645547644,0.16644009761271875,0,412,263
HM+ST,stockpile,ctid,44,20,0.2,0.4,0.4,0.15132231700110815,0.1508954357589333,0,412,263
HM+ST,stockpile,ctid,44,20,0.1,0.4,0.5,0.13365605609450895,0.12115874276886926,0,412,263
HM+ST,stockpile,ctid,44,20,0.0,0.4,0.6,0.10983610191678053,0.10023243766693461,0,412,263
HM+ST,stockpile,ctid,44,20,0.5,0.5,0.0,0.18614205999636702,0.1913531756902958,0,412,263
HM+ST,stockpile,ctid,44,20,0.4,0.5,0.1,0.18471886003546306,0.18858795680803478,0,412,263
HM+ST,stockpile,ctid,44,20,0.3,0.5,0.2,0.17945434788800801,0.18171131048230088,0,412,263
HM+ST,stockpile,ctid,44,20,0.2,0.5,0.3,0.16444962511211939,0.16589771762295627,0,412,263
HM+ST,stockpile,ctid,44,20,0.1,0.5,0.4,0.15010355752165888,0.142498289820067,0,412,263
HM+ST,stockpile,ctid,44,20,0.0,0.5,0.5,0.1278115453932426,0.11899726608465351,0,412,263
HM+ST,stockpile,ctid,44,20,0.4,0.6,0.0,0.1859246933608043,0.19261942874845267,0,412,263
HM+ST,stockpile,ctid,44,20,0.3,0.6,0.1,0.1898354974039445,0.1912535320915782,0,412,263
HM+ST,stockpile,ctid,44,20,0.2,0.6,0.2,0.1802945443898506,0.18112745783972245,0,412,263
HM+ST,stockpile,ctid,44,20,0.1,0.6,0.3,0.1695675658466729,0.16417039360622704,0,412,263
HM+ST,stockpile,ctid,44,20,0.0,0.6,0.4,0.1485974360133269,0.14007417813505393,0,412,263
HM+ST,stockpile,ctid,44,20,0.3,0.7,0.0,0.18588886579140254,0.19349613341135302,0,412,263
HM+ST,stockpile,ctid,44,20,0.2,0.7,0.1,0.19119501006236497,0.19338992853530823,0,412,263
HM+ST,stockpile,ctid,44,20,0.1,0.7,0.2,0.19123766260527683,0.18130559454063427,0,412,263
HM+ST,stockpile,ctid,44,20,0.0,0.7,0.3,0.16973740734087378,0.1663541867254293,0,412,263
HM+ST,stockpile,ctid,44,20,0.2,0.8,0.0,0.1872831705171541,0.19476622906080937,0,412,263
HM+ST,stockpile,ctid,44,20,0.1,0.8,0.1,0.1958555251303474,0.19311257347948563,0,412,263
HM+ST,stockpile,ctid,44,20,0.0,0.8,0.2,0.2012011611440523,0.18632990082918197,0,412,263
HM+ST,stockpile,ctid,44,20,0.1,0.9,0.0,0.19031310821194736,0.19570305069185595,0,412,263
HM+ST,stockpile,ctid,44,20,0.0,0.9,0.1,0.20407837456899397,0.1961895164857295,0,412,263
HM+ST,stockpile,ctid,44,20,0.0,1.0,0.0,0.207337027038686,0.19985174211432885,1,412,263
HM+ST,stockpile,ctid,44,40,1.0,0.0,0.0,0.18465394708908722,0.18306874644018506,0,412,263
HM+ST,stockpile,ctid,44,40,0.9,0.0,0.1,0.18079176767802213,0.17970028117707698,0,412,263
HM+ST,stockpile,ctid,44,40,0.8,0.0,0.2,0.18222278099001893,0.17640861955545847,0,412,263
HM+ST,stockpile,ctid,44,40,0.7,0.0,0.3,0.16475685083985694,0.1657647088279855,0,412,263
HM+ST,stockpile,ctid,44,40,0.6,0.0,0.4,0.1554127431093062,0.15369421870281308,0,412,263
HM+ST,stockpile,ctid,44,40,0.5,0.0,0.5,0.1433757773817091,0.14220419176844343,0,412,263
HM+ST,stockpile,ctid,44,40,0.4,0.0,0.6,0.12352381280926843,0.12444317276943458,0,412,263
HM+ST,stockpile,ctid,44,40,0.3,0.0,0.7,0.10999804057166122,0.10979832238350966,0,412,263
HM+ST,stockpile,ctid,44,40,0.2,0.0,0.8,0.0951627406537429,0.09668224081007579,0,412,263
HM+ST,stockpile,ctid,44,40,0.1,0.0,0.9,0.07889243354387121,0.07585143109954474,0,412,263
HM+ST,stockpile,ctid,44,40,0.0,0.0,1.0,0.03764360327199814,0.027984758145042532,0,412,263
HM+ST,stockpile,ctid,44,40,0.9,0.1,0.0,0.1846159740824128,0.18435919167908613,0,412,263
HM+ST,stockpile,ctid,44,40,0.8,0.1,0.1,0.1897328480266401,0.1831515729478975,0,412,263
HM+ST,stockpile,ctid,44,40,0.7,0.1,0.2,0.17984492578218025,0.17760924576439147,0,412,263
HM+ST,stockpile,ctid,44,40,0.6,0.1,0.3,0.16581732500264362,0.16539386119933056,0,412,263
HM+ST,stockpile,ctid,44,40,0.5,0.1,0.4,0.15094441632634975,0.15184828391759536,0,412,263
HM+ST,stockpile,ctid,44,40,0.4,0.1,0.5,0.13898575805196098,0.13928958894152912,0,412,263
HM+ST,stockpile,ctid,44,40,0.3,0.1,0.6,0.1223009197137244,0.12022663543054009,0,412,263
HM+ST,stockpile,ctid,44,40,0.2,0.1,0.7,0.10327429749779345,0.10393736494906783,0,412,263
HM+ST,stockpile,ctid,44,40,0.1,0.1,0.8,0.08355080089301423,0.08134352769306283,0,412,263
HM+ST,stockpile,ctid,44,40,0.0,0.1,0.9,0.09061344984770683,0.06254926883931795,0,412,263
HM+ST,stockpile,ctid,44,40,0.8,0.2,0.0,0.18235757270866512,0.18554544359251085,0,412,263
HM+ST,stockpile,ctid,44,40,0.7,0.2,0.1,0.18726146775951275,0.1848980584370097,0,412,263
HM+ST,stockpile,ctid,44,40,0.6,0.2,0.2,0.18363294822083231,0.17803708094529888,0,412,263
HM+ST,stockpile,ctid,44,40,0.5,0.2,0.3,0.16138382466089543,0.163368272834919,0,412,263
HM+ST,stockpile,ctid,44,40,0.4,0.2,0.4,0.14768383982268726,0.1505607691302116,0,412,263
HM+ST,stockpile,ctid,44,40,0.3,0.2,0.5,0.1364961055974297,0.13573012717482658,0,412,263
HM+ST,stockpile,ctid,44,40,0.2,0.2,0.6,0.1178800113849234,0.1154041495591015,0,412,263
HM+ST,stockpile,ctid,44,40,0.1,0.2,0.7,0.103373705626115,0.09757621103525252,0,412,263
HM+ST,stockpile,ctid,44,40,0.0,0.2,0.8,0.0896164953791699,0.06492950672573912,0,412,263
HM+ST,stockpile,ctid,44,40,0.7,0.3,0.0,0.18417463513080903,0.18760584294743474,0,412,263
HM+ST,stockpile,ctid,44,40,0.6,0.3,0.1,0.18569245390256411,0.18525675481034787,0,412,263
HM+ST,stockpile,ctid,44,40,0.5,0.3,0.2,0.17855385513688615,0.17827054980379226,0,412,263
HM+ST,stockpile,ctid,44,40,0.4,0.3,0.3,0.15892717309410168,0.1630240317515742,0,412,263
HM+ST,stockpile,ctid,44,40,0.3,0.3,0.4,0.15165859074820204,0.14984609193306886,0,412,263
HM+ST,stockpile,ctid,44,40,0.2,0.3,0.5,0.13029187795805705,0.1281446347257123,0,412,263
HM+ST,stockpile,ctid,44,40,0.1,0.3,0.6,0.11636740605919446,0.1093414344078818,0,412,263
HM+ST,stockpile,ctid,44,40,0.0,0.3,0.7,0.09087783037275657,0.07175427695110083,0,412,263
HM+ST,stockpile,ctid,44,40,0.6,0.4,0.0,0.18987358564452916,0.18903881472978157,0,412,263
HM+ST,stockpile,ctid,44,40,0.5,0.4,0.1,0.18692297099430386,0.1873942810422258,0,412,263
HM+ST,stockpile,ctid,44,40,0.4,0.4,0.2,0.17584110653490032,0.17706845442400604,0,412,263
HM+ST,stockpile,ctid,44,40,0.3,0.4,0.3,0.1579082543483811,0.16201665646557478,0,412,263
HM+ST,stockpile,ctid,44,40,0.2,0.4,0.4,0.14850018403945053,0.14617655474767402,0,412,263
HM+ST,stockpile,ctid,44,40,0.1,0.4,0.5,0.12135862179084958,0.11753306535159924,0,412,263
HM+ST,stockpile,ctid,44,40,0.0,0.4,0.6,0.09861587689170766,0.08547547471803847,0,412,263
HM+ST,stockpile,ctid,44,40,0.5,0.5,0.0,0.18658077930883246,0.19094490442375403,0,412,263
HM+ST,stockpile,ctid,44,40,0.4,0.5,0.1,0.18656351355808481,0.18804203095572708,0,412,263
HM+ST,stockpile,ctid,44,40,0.3,0.5,0.2,0.17977142126868778,0.1773131137748627,0,412,263
HM+ST,stockpile,ctid,44,40,0.2,0.5,0.3,0.1612028833738923,0.16120475944835036,0,412,263
HM+ST,stockpile,ctid,44,40,0.1,0.5,0.4,0.13871881462248511,0.1361333023872739,0,412,263
HM+ST,stockpile,ctid,44,40,0.0,0.5,0.5,0.113068109326383,0.11002255298409988,0,412,263
HM+ST,stockpile,ctid,44,40,0.4,0.6,0.0,0.18464504243542795,0.19227410655516936,0,412,263
HM+ST,stockpile,ctid,44,40,0.3,0.6,0.1,0.18834444422668553,0.1894477956927812,0,412,263
HM+ST,stockpile,ctid,44,40,0.2,0.6,0.2,0.1816905569752971,0.17880872314393154,0,412,263
HM+ST,stockpile,ctid,44,40,0.1,0.6,0.3,0.1628475614247396,0.15398536140979813,0,412,263
HM+ST,stockpile,ctid,44,40,0.0,0.6,0.4,0.13217905515578682,0.12561333812908843,0,412,263
HM+ST,stockpile,ctid,44,40,0.3,0.7,0.0,0.18849658864276103,0.19419512737238787,0,412,263
HM+ST,stockpile,ctid,44,40,0.2,0.7,0.1,0.19148001378611704,0.19090535553964041,0,412,263
HM+ST,stockpile,ctid,44,40,0.1,0.7,0.2,0.18484656674570546,0.17616323090085823,0,412,263
HM+ST,stockpile,ctid,44,40,0.0,0.7,0.3,0.16025549641534503,0.15249827657100193,0,412,263
HM+ST,stockpile,ctid,44,40,0.2,0.8,0.0,0.19118878710347606,0.1965487106536427,0,412,263
HM+ST,stockpile,ctid,44,40,0.1,0.8,0.1,0.19835210960510433,0.1888207792940845,0,412,263
HM+ST,stockpile,ctid,44,40,0.0,0.8,0.2,0.19363410185580543,0.1785695366927677,0,412,263
HM+ST,stockpile,ctid,44,40,0.1,0.9,0.0,0.20048273038944,0.19580137482356744,0,412,263
HM+ST,stockpile,ctid,44,40,0.0,0.9,0.1,0.20608312927413097,0.19255089197718994,0,412,263
HM+ST,stockpile,ctid,44,40,0.0,1.0,0.0,0.20697655548070068,0.1993665631974852,0,412,263
HM+ST,stockpile,ctid,44,60,1.0,0.0,0.0,0.18465394708908722,0.18306874644018506,0,412,263
HM+ST,stockpile,ctid,44,60,0.9,0.0,0.1,0.18079176767802213,0.17970028117707698,0,412,263
HM+ST,stockpile,ctid,44,60,0.8,0.0,0.2,0.18222278099001893,0.17640861955545847,0,412,263
HM+ST,stockpile,ctid,44,60,0.7,0.0,0.3,0.16475685083985694,0.1657647088279855,0,412,263
HM+ST,stockpile,ctid,44,60,0.6,0.0,0.4,0.1554127431093062,0.15369421870281308,0,412,263
HM+ST,stockpile,ctid,44,60,0.5,0.0,0.5,0.1433757773817091,0.14220419176844343,0,412,263
HM+ST,stockpile,ctid,44,60,0.4,0.0,0.6,0.12352381280926843,0.12444317276943458,0,412,263
HM+ST,stockpile,ctid,44,60,0.3,0.0,0.7,0.10999804057166122,0.10979832238350966,0,412,263
HM+ST,stockpile,ctid,44,60,0.2,0.0,0.8,0.0951627406537429,0.09668224081007579,0,412,263
HM+ST,stockpile,ctid,44,60,0.1,0.0,0.9,0.07889243354387121,0.07585143109954474,0,412,263
HM+ST,stockpile,ctid,44,60,0.0,0.0,1.0,0.03764360327199814,0.027984758145042532,0,412,263
HM+ST,stockpile,ctid,44,60,0.9,0.1,0.0,0.1810269994669203,0.18387518439226536,0,412,263
HM+ST,stockpile,ctid,44,60,0.8,0.1,0.1,0.1856237784626544,0.18183548130805957,0,412,263
HM+ST,stockpile,ctid,44,60,0.7,0.1,0.2,0.18100476829749138,0.17715855637133587,0,412,263
HM+ST,stockpile,ctid,44,60,0.6,0.1,0.3,0.16581732500264362,0.16544259396080208,0,412,263
HM+ST,stockpile,ctid,44,60,0.5,0.1,0.4,0.1498874087967271,0.15149066055051869,0,412,263
HM+ST,stockpile,ctid,44,60,0.4,0.1,0.5,0.138111169920298,0.1390831596721506,0,412,263
HM+ST,stockpile,ctid,44,60,0.3,0.1,0.6,0.12261417924645121,0.12080394992676231,0,412,263
HM+ST,stockpile,ctid,44,60,0.2,0.1,0.7,0.10600552887038928,0.104538750186121,0,412,263
HM+ST,stockpile,ctid,44,60,0.1,0.1,0.8,0.08373770736168044,0.08141794282823878,0,412,263
HM+ST,stockpile,ctid,44,60,0.0,0.1,0.9,0.08266584959289466,0.0608340471387109,0,412,263
HM+ST,stockpile,ctid,44,60,0.8,0.2,0.0,0.18307990673219837,0.18493383426639304,0,412,263
HM+ST,stockpile,ctid,44,60,0.7,0.2,0.1,0.18714589916038787,0.18341999532863268,0,412,263
HM+ST,stockpile,ctid,44,60,0.6,0.2,0.2,0.17880325751416154,0.17778047617112414,0,412,263
HM+ST,stockpile,ctid,44,60,0.5,0.2,0.3,0.16315045189583877,0.1640048449284548,0,412,263
HM+ST,stockpile,ctid,44,60,0.4,0.2,0.4,0.14916507721690309,0.1500489991793307,0,412,263
HM+ST,stockpile,ctid,44,60,0.3,0.2,0.5,0.1351417159535892,0.1352981084066262,0,412,263
HM+ST,stockpile,ctid,44,60,0.2,0.2,0.6,0.1182284464875312,0.11488677026788899,0,412,263
HM+ST,stockpile,ctid,44,60,0.1,0.2,0.7,0.10396174235929015,0.09680735948100819,0,412,263
HM+ST,stockpile,ctid,44,60,0.0,0.2,0.8,0.08154485915207714,0.061971349537273956,0,412,263
HM+ST,stockpile,ctid,44,60,0.7,0.3,0.0,0.18313086273655432,0.18561740356011402,0,412,263
HM+ST,stockpile,ctid,44,60,0.6,0.3,0.1,0.18830827099264874,0.18513277028677666,0,412,263
HM+ST,stockpile,ctid,44,60,0.5,0.3,0.2,0.17670345475685587,0.1769956282827747,0,412,263
HM+ST,stockpile,ctid,44,60,0.4,0.3,0.3,0.1613496636655417,0.16278657354906373,0,412,263
HM+ST,stockpile,ctid,44,60,0.3,0.3,0.4,0.14669799768840294,0.14853582587964803,0,412,263
HM+ST,stockpile,ctid,44,60,0.2,0.3,0.5,0.13385305759911645,0.12885993417039293,0,412,263
HM+ST,stockpile,ctid,44,60,0.1,0.3,0.6,0.11349849871686739,0.10695708308204428,0,412,263
HM+ST,stockpile,ctid,44,60,0.0,0.3,0.7,0.08774852568382475,0.07003071937756014,0,412,263
HM+ST,stockpile,ctid,44,60,0.6,0.4,0.0,0.1872956045507022,0.187750891929181,0,412,263
HM+ST,stockpile,ctid,44,60,0.5,0.4,0.1,0.18663702706374416,0.1865054696944372,0,412,263
HM+ST,stockpile,ctid,44,60,0.4,0.4,0.2,0.1767515516979337,0.17625113732844414,0,412,263
HM+ST,stockpile,ctid,44,60,0.3,0.4,0.3,0.16324498607266577,0.16282508224357223,0,412,263
HM+ST,stockpile,ctid,44,60,0.2,0.4,0.4,0.14503502672039909,0.14463528883853313,0,412,263
HM+ST,stockpile,ctid,44,60,0.1,0.4,0.5,0.12508836572443935,0.1176454533128517,0,412,263
HM+ST,stockpile,ctid,44,60,0.0,0.4,0.6,0.09932811146525093,0.08185870481386878,0,412,263
HM+ST,stockpile,ctid,44,60,0.5,0.5,0.0,0.18434472536485574,0.18843743014951989,0,412,263
HM+ST,stockpile,ctid,44,60,0.4,0.5,0.1,0.1846541173361325,0.18714837276221716,0,412,263
HM+ST,stockpile,ctid,44,60,0.3,0.5,0.2,0.1764208084928138,0.17704308788446482,0,412,263
HM+ST,stockpile,ctid,44,60,0.2,0.5,0.3,0.16183071364558974,0.1604139626278151,0,412,263
HM+ST,stockpile,ctid,44,60,0.1,0.5,0.4,0.14012000230499788,0.1342171203115652,0,412,263
HM+ST,stockpile,ctid,44,60,0.0,0.5,0.5,0.11148249259634932,0.1016127906458842,0,412,263
HM+ST,stockpile,ctid,44,60,0.4,0.6,0.0,0.1886381186184672,0.19012392455119548,0,412,263
HM+ST,stockpile,ctid,44,60,0.3,0.6,0.1,0.18840064884446409,0.1879505263566566,0,412,263
HM+ST,stockpile,ctid,44,60,0.2,0.6,0.2,0.17354317122804191,0.17776763960698025,0,412,263
HM+ST,stockpile,ctid,44,60,0.1,0.6,0.3,0.15135236440719235,0.14990788982832307,0,412,263
HM+ST,stockpile,ctid,44,60,0.0,0.6,0.4,0.12999600870179356,0.12257544353962853,0,412,263
HM+ST,stockpile,ctid,44,60,0.3,0.7,0.0,0.18785568810548547,0.1920022579199451,0,412,263
HM+ST,stockpile,ctid,44,60,0.2,0.7,0.1,0.18815322158100828,0.18912692344703477,0,412,263
HM+ST,stockpile,ctid,44,60,0.1,0.7,0.2,0.17772874595972918,0.1723935400576839,0,412,263
HM+ST,stockpile,ctid,44,60,0.0,0.7,0.3,0.14150614007477819,0.1440833823082155,0,412,263
HM+ST,stockpile,ctid,44,60,0.2,0.8,0.0,0.19043436093169766,0.19390376713030424,0,412,263
HM+ST,stockpile,ctid,44,60,0.1,0.8,0.1,0.18707738448838357,0.18502399710530665,0,412,263
HM+ST,stockpile,ctid,44,60,0.0,0.8,0.2,0.17613866129113698,0.1703827527896307,0,412,263
HM+ST,stockpile,ctid,44,60,0.1,0.9,0.0,0.19343438027973298,0.19319528839651592,0,412,263
HM+ST,stockpile,ctid,44,60,0.0,0.9,0.1,0.19248903372277879,0.18547909286893893,0,412,263
HM+ST,stockpile,ctid,44,60,0.0,1.0,0.0,0.1900767053298659,0.191576647580785,0,412,263
HM+ST,stockpile,ctid,44,80,1.0,0.0,0.0,0.18465394708908722,0.18306874644018506,0,412,263
HM+ST,stockpile,ctid,44,80,0.9,0.0,0.1,0.18079176767802213,0.17970028117707698,0,412,263
HM+ST,stockpile,ctid,44,80,0.8,0.0,0.2,0.18222278099001893,0.17640861955545847,0,412,263
HM+ST,stockpile,ctid,44,80,0.7,0.0,0.3,0.16475685083985694,0.1657647088279855,0,412,263
HM+ST,stockpile,ctid,44,80,0.6,0.0,0.4,0.1554127431093062,0.15369421870281308,0,412,263
HM+ST,stockpile,ctid,44,80,0.5,0.0,0.5,0.1433757773817091,0.14220419176844343,0,412,263
HM+ST,stockpile,ctid,44,80,0.4,0.0,0.6,0.12352381280926843,0.12444317276943458,0,412,263
HM+ST,stockpile,ctid,44,80,0.3,0.0,0.7,0.10999804057166122,0.10979832238350966,0,412,263
HM+ST,stockpile,ctid,44,80,0.2,0.0,0.8,0.0951627406537429,0.09668224081007579,0,412,263
HM+ST,stockpile,ctid,44,80,0.1,0.0,0.9,0.07889243354387121,0.07585143109954474,0,412,263
HM+ST,stockpile,ctid,44,80,0.0,0.0,1.0,0.03764360327199814,0.027984758145042532,0,412,263
HM+ST,stockpile,ctid,44,80,0.9,0.1,0.0,0.18117678091421158,0.18301198049854633,0,412,263
HM+ST,stockpile,ctid,44,80,0.8,0.1,0.1,0.18272395886409004,0.18059055470373156,0,412,263
HM+ST,stockpile,ctid,44,80,0.7,0.1,0.2,0.18083998730841794,0.1772236163675988,0,412,263
HM+ST,stockpile,ctid,44,80,0.6,0.1,0.3,0.1657382267181698,0.16585537558948238,0,412,263
HM+ST,stockpile,ctid,44,80,0.5,0.1,0.4,0.14845971505899594,0.15070214170132773,0,412,263
HM+ST,stockpile,ctid,44,80,0.4,0.1,0.5,0.13819276163646038,0.138454580427406,0,412,263
HM+ST,stockpile,ctid,44,80,0.3,0.1,0.6,0.1245006004992721,0.1204494574006996,0,412,263
HM+ST,stockpile,ctid,44,80,0.2,0.1,0.7,0.10699782244969806,0.10434542558301999,0,412,263
HM+ST,stockpile,ctid,44,80,0.1,0.1,0.8,0.08498864413858678,0.08103306975203337,0,412,263
HM+ST,stockpile,ctid,44,80,0.0,0.1,0.9,0.08185450458194049,0.05894228245938158,0,412,263
HM+ST,stockpile,ctid,44,80,0.8,0.2,0.0,0.1845767451841846,0.1840224993992354,0,412,263
HM+ST,stockpile,ctid,44,80,0.7,0.2,0.1,0.18472493133657195,0.18190803752795234,0,412,263
HM+ST,stockpile,ctid,44,80,0.6,0.2,0.2,0.1809219465175998,0.17731215768138436,0,412,263
HM+ST,stockpile,ctid,44,80,0.5,0.2,0.3,0.16431820548616258,0.164432886661641,0,412,263
HM+ST,stockpile,ctid,44,80,0.4,0.2,0.4,0.15161187087693556,0.1499949361158877,0,412,263
HM+ST,stockpile,ctid,44,80,0.3,0.2,0.5,0.1345373123671568,0.13350488827037005,0,412,263
HM+ST,stockpile,ctid,44,80,0.2,0.2,0.6,0.11871148072286766,0.11417895122153934,0,412,263
HM+ST,stockpile,ctid,44,80,0.1,0.2,0.7,0.10452948462300696,0.09490436062329519,0,412,263
HM+ST,stockpile,ctid,44,80,0.0,0.2,0.8,0.08455671209180869,0.061203559608396,0,412,263
HM+ST,stockpile,ctid,44,80,0.7,0.3,0.0,0.18544250016649072,0.1854702270525992,0,412,263
HM+ST,stockpile,ctid,44,80,0.6,0.3,0.1,0.18384139702772612,0.18288938461874327,0,412,263
HM+ST,stockpile,ctid,44,80,0.5,0.3,0.2,0.17643209794272266,0.175221971016345,0,412,263
HM+ST,stockpile,ctid,44,80,0.4,0.3,0.3,0.16609714136906856,0.16310725783220456,0,412,263
HM+ST,stockpile,ctid,44,80,0.3,0.3,0.4,0.1457784358686508,0.1453638215071179,0,412,263
HM+ST,stockpile,ctid,44,80,0.2,0.3,0.5,0.13373894459633998,0.12865009551586484,0,412,263
HM+ST,stockpile,ctid,44,80,0.1,0.3,0.6,0.10999672434919842,0.10348818309283261,0,412,263
HM+ST,stockpile,ctid,44,80,0.0,0.3,0.7,0.08823202871199799,0.06563947357231023,0,412,263
HM+ST,stockpile,ctid,44,80,0.6,0.4,0.0,0.1859407128483927,0.18635491271726481,0,412,263
HM+ST,stockpile,ctid,44,80,0.5,0.4,0.1,0.18076870402385264,0.1824384601800318,0,412,263
HM+ST,stockpile,ctid,44,80,0.4,0.4,0.2,0.17477141841762628,0.17287169885223883,0,412,263
HM+ST,stockpile,ctid,44,80,0.3,0.4,0.3,0.16469171606797675,0.16042384391034586,0,412,263
HM+ST,stockpile,ctid,44,80,0.2,0.4,0.4,0.14224139117433107,0.14164964433805163,0,412,263
HM+ST,stockpile,ctid,44,80,0.1,0.4,0.5,0.1207183052415394,0.11415046022273848,0,412,263
HM+ST,stockpile,ctid,44,80,0.0,0.4,0.6,0.09596241672962488,0.07564062576490531,0,412,263
HM+ST,stockpile,ctid,44,80,0.5,0.5,0.0,0.18164410755130928,0.1859662797886777,0,412,263
HM+ST,stockpile,ctid,44,80,0.4,0.5,0.1,0.1832004068464394,0.18276707073813583,0,412,263
HM+ST,stockpile,ctid,44,80,0.3,0.5,0.2,0.17790634695533755,0.17145562389000615,0,412,263
HM+ST,stockpile,ctid,44,80,0.2,0.5,0.3,0.15733241708944737,0.15614967658962556,0,412,263
HM+ST,stockpile,ctid,44,80,0.1,0.5,0.4,0.1390666361941879,0.1316908763619635,0,412,263
HM+ST,stockpile,ctid,44,80,0.0,0.5,0.5,0.10520195766093635,0.09065446056608556,0,412,263
HM+ST,stockpile,ctid,44,80,0.4,0.6,0.0,0.18467999565255508,0.18700175424920756,0,412,263
HM+ST,stockpile,ctid,44,80,0.3,0.6,0.1,0.18442821681460383,0.1822081782353598,0,412,263
HM+ST,stockpile,ctid,44,80,0.2,0.6,0.2,0.17431848421732113,0.17145542759500415,0,412,263
HM+ST,stockpile,ctid,44,80,0.1,0.6,0.3,0.1563807823639664,0.1469281158711172,0,412,263
HM+ST,stockpile,ctid,44,80,0.0,0.6,0.4,0.12003177386980726,0.11216552058665936,0,412,263
HM+ST,stockpile,ctid,44,80,0.3,0.7,0.0,0.1916370234887568,0.1894474653044756,0,412,263
HM+ST,stockpile,ctid,44,80,0.2,0.7,0.1,0.18527770341514732,0.18305920771413392,0,412,263
HM+ST,stockpile,ctid,44,80,0.1,0.7,0.2,0.17070405199904873,0.1630501458669095,0,412,263
HM+ST,stockpile,ctid,44,80,0.0,0.7,0.3,0.14251512091956875,0.13286371328830757,0,412,263
HM+ST,stockpile,ctid,44,80,0.2,0.8,0.0,0.1989960378699663,0.19068082040499085,0,412,263
HM+ST,stockpile,ctid,44,80,0.1,0.8,0.1,0.18513156586890445,0.1768271866108923,0,412,263
HM+ST,stockpile,ctid,44,80,0.0,0.8,0.2,0.1624143296078025,0.15339140674084004,0,412,263
HM+ST,stockpile,ctid,44,80,0.1,0.9,0.0,0.19578485888192082,0.18726433962780506,0,412,263
HM+ST,stockpile,ctid,44,80,0.0,0.9,0.1,0.18288897117101494,0.17190303782192112,0,412,263
HM+ST,stockpile,ctid,44,80,0.0,1.0,0.0,0.18880165190658643,0.181074798505877,0,412,263
HM+ST,stockpile,ctid,45,100,1.0,0.0,0.0,0.17724593173876046,0.18306874644018506,0,412,263
HM+ST,stockpile,ctid,45,100,0.9,0.0,0.1,0.17501796759716842,0.17970028117707698,0,412,263
HM+ST,stockpile,ctid,45,100,0.8,0.0,0.2,0.17792643047634513,0.17640861955545847,0,412,263
HM+ST,stockpile,ctid,45,100,0.7,0.0,0.3,0.17175982445375504,0.1657647088279855,0,412,263
HM+ST,stockpile,ctid,45,100,0.6,0.0,0.4,0.15427434200228657,0.15369421870281308,0,412,263
HM+ST,stockpile,ctid,45,100,0.5,0.0,0.5,0.1366491827753163,0.14220419176844343,0,412,263
HM+ST,stockpile,ctid,45,100,0.4,0.0,0.6,0.12483711604071612,0.12444317276943458,0,412,263
HM+ST,stockpile,ctid,45,100,0.3,0.0,0.7,0.11578088634630539,0.10979832238350966,0,412,263
HM+ST,stockpile,ctid,45,100,0.2,0.0,0.8,0.10421125382997778,0.09668224081007579,0,412,263
HM+ST,stockpile,ctid,45,100,0.1,0.0,0.9,0.08253129481117932,0.07585143109954474,0,412,263
HM+ST,stockpile,ctid,45,100,0.0,0.0,1.0,0.03764360327199814,0.027984758145042532,0,412,263
HM+ST,stockpile,ctid,45,100,0.9,0.1,0.0,0.1801532403055986,0.1828871589415645,0,412,263
HM+ST,stockpile,ctid,45,100,0.8,0.1,0.1,0.17737788429895912,0.18074917389841164,0,412,263
HM+ST,stockpile,ctid,45,100,0.7,0.1,0.2,0.17784083859571523,0.177632443125288,0,412,263
HM+ST,stockpile,ctid,45,100,0.6,0.1,0.3,0.1723760155157369,0.16639109574235977,0,412,263
HM+ST,stockpile,ctid,45,100,0.5,0.1,0.4,0.1474828989808193,0.15105242717311793,0,412,263
HM+ST,stockpile,ctid,45,100,0.4,0.1,0.5,0.13358755515719392,0.13877800728054004,0,412,263
HM+ST,stockpile,ctid,45,100,0.3,0.1,0.6,0.1252621115098464,0.12025524101853365,0,412,263
HM+ST,stockpile,ctid,45,100,0.2,0.1,0.7,0.1110072811789961,0.10388240626424514,0,412,263
HM+ST,stockpile,ctid,45,100,0.1,0.1,0.8,0.08949867816770411,0.08185985538638685,0,412,263
HM+ST,stockpile,ctid,45,100,0.0,0.1,0.9,0.07945310083674269,0.0585389508952737,0,412,263
HM+ST,stockpile,ctid,45,100,0.8,0.2,0.0,0.18182633742038795,0.1852555920331946,0,412,263
HM+ST,stockpile,ctid,45,100,0.7,0.2,0.1,0.1773430013008163,0.1817600157995952,0,412,263
HM+ST,stockpile,ctid,45,100,0.6,0.2,0.2,0.1791417366678782,0.17732484311416039,0,412,263
HM+ST,stockpile,ctid,45,100,0.5,0.2,0.3,0.16756288096698047,0.16488348383788037,0,412,263
HM+ST,stockpile,ctid,45,100,0.4,0.2,0.4,0.1470308467867876,0.14940104932398646,0,412,263
HM+ST,stockpile,ctid,45,100,0.3,0.2,0.5,0.13412546702633063,0.13445644869949333,0,412,263
HM+ST,stockpile,ctid,45,100,0.2,0.2,0.6,0.12261971935063087,0.11385189224224215,0,412,263
HM+ST,stockpile,ctid,45,100,0.1,0.2,0.7,0.1075152062940535,0.0963843418490807,0,412,263
HM+ST,stockpile,ctid,45,100,0.0,0.2,0.8,0.08292151562151906,0.06007083441743301,0,412,263
HM+ST,stockpile,ctid,45,100,0.7,0.3,0.0,0.18275549119795953,0.18688646210489707,0,412,263
HM+ST,stockpile,ctid,45,100,0.6,0.3,0.1,0.1815224744262547,0.18243633425558498,0,412,263
HM+ST,stockpile,ctid,45,100,0.5,0.3,0.2,0.17086212939555376,0.1747320916436143,0,412,263
HM+ST,stockpile,ctid,45,100,0.4,0.3,0.3,0.16295260256321706,0.16327216061347496,0,412,263
HM+ST,stockpile,ctid,45,100,0.3,0.3,0.4,0.146296399309435,0.1463067427353827,0,412,263
HM+ST,stockpile,ctid,45,100,0.2,0.3,0.5,0.13321656842031632,0.12804941392117933,0,412,263
HM+ST,stockpile,ctid,45,100,0.1,0.3,0.6,0.1153826160753711,0.10309222506292144,0,412,263
HM+ST,stockpile,ctid,45,100,0.0,0.3,0.7,0.08807940830434423,0.065992653900154,0,412,263
HM+ST,stockpile,ctid,45,100,0.6,0.4,0.0,0.18240086162900082,0.1867433093169257,0,412,263
HM+ST,stockpile,ctid,45,100,0.5,0.4,0.1,0.1766550020264987,0.18082620833177188,0,412,263
HM+ST,stockpile,ctid,45,100,0.4,0.4,0.2,0.1696213293397592,0.17295456894973943,0,412,263
HM+ST,stockpile,ctid,45,100,0.3,0.4,0.3,0.16045281590726937,0.16093833746039338,0,412,263
HM+ST,stockpile,ctid,45,100,0.2,0.4,0.4,0.13993454631073626,0.1399987955260838,0,412,263
HM+ST,stockpile,ctid,45,100,0.1,0.4,0.5,0.12690054993985161,0.1147460742767213,0,412,263
HM+ST,stockpile,ctid,45,100,0.0,0.4,0.6,0.09629683648556872,0.07761547099991535,0,412,263
HM+ST,stockpile,ctid,45,100,0.5,0.5,0.0,0.18047040248593235,0.18591767858897765,0,412,263
HM+ST,stockpile,ctid,45,100,0.4,0.5,0.1,0.1752983119226377,0.1799404744218795,0,412,263
HM+ST,stockpile,ctid,45,100,0.3,0.5,0.2,0.1715836315244597,0.17070010420109116,0,412,263
HM+ST,stockpile,ctid,45,100,0.2,0.5,0.3,0.15351565311991477,0.15546779772749497,0,412,263
HM+ST,stockpile,ctid,45,100,0.1,0.5,0.4,0.1394785259391844,0.13012433985306723,0,412,263
HM+ST,stockpile,ctid,45,100,0.0,0.5,0.5,0.10339483797610223,0.0918901299780305,0,412,263
HM+ST,stockpile,ctid,45,100,0.4,0.6,0.0,0.18072469780113312,0.18617096851070186,0,412,263
HM+ST,stockpile,ctid,45,100,0.3,0.6,0.1,0.17970093750538674,0.18127905579890102,0,412,263
HM+ST,stockpile,ctid,45,100,0.2,0.6,0.2,0.16818204994447128,0.16865690446227244,0,412,263
HM+ST,stockpile,ctid,45,100,0.1,0.6,0.3,0.1563785772096141,0.1467481081297153,0,412,263
HM+ST,stockpile,ctid,45,100,0.0,0.6,0.4,0.11751732924230071,0.11143502612180138,0,412,263
HM+ST,stockpile,ctid,45,100,0.3,0.7,0.0,0.18159219479804073,0.18652871144737268,0,412,263
HM+ST,stockpile,ctid,45,100,0.2,0.7,0.1,0.17962609373637742,0.17923185441760053,0,412,263
HM+ST,stockpile,ctid,45,100,0.1,0.7,0.2,0.16550778934395896,0.16320883830072358,0,412,263
HM+ST,stockpile,ctid,45,100,0.0,0.7,0.3,0.13294713377253703,0.1309632003217847,0,412,263
HM+ST,stockpile,ctid,45,100,0.2,0.8,0.0,0.18637254716481846,0.18590076127203553,0,412,263
HM+ST,stockpile,ctid,45,100,0.1,0.8,0.1,0.17645715689467326,0.17375848423949866,0,412,263
HM+ST,stockpile,ctid,45,100,0.0,0.8,0.2,0.15391509634061243,0.14929804678011588,0,412,263
HM+ST,stockpile,ctid,45,100,0.1,0.9,0.0,0.18588071771693085,0.17998332297472355,0,412,263
HM+ST,stockpile,ctid,45,100,0.0,0.9,0.1,0.16535740608070246,0.16368379651944426,0,412,263
HM+ST,stockpile,ctid,45,100,0.0,1.0,0.0,0.1718846167238342,0.17256291261080653,0,412,263
HM+ST,stockpile,ctid,45,20,1.0,0.0,0.0,0.17724593173876046,0.18306874644018506,0,412,263
HM+ST,stockpile,ctid,45,20,0.9,0.0,0.1,0.17501796759716842,0.17970028117707698,0,412,263
HM+ST,stockpile,ctid,45,20,0.8,0.0,0.2,0.17792643047634513,0.17640861955545847,0,412,263
HM+ST,stockpile,ctid,45,20,0.7,0.0,0.3,0.17175982445375504,0.1657647088279855,0,412,263
HM+ST,stockpile,ctid,45,20,0.6,0.0,0.4,0.15427434200228657,0.15369421870281308,0,412,263
HM+ST,stockpile,ctid,45,20,0.5,0.0,0.5,0.1366491827753163,0.14220419176844343,0,412,263
HM+ST,stockpile,ctid,45,20,0.4,0.0,0.6,0.12483711604071612,0.12444317276943458,0,412,263
HM+ST,stockpile,ctid,45,20,0.3,0.0,0.7,0.11578088634630539,0.10979832238350966,0,412,263
HM+ST,stockpile,ctid,45,20,0.2,0.0,0.8,0.10421125382997778,0.09668224081007579,0,412,263
HM+ST,stockpile,ctid,45,20,0.1,0.0,0.9,0.08253129481117932,0.07585143109954474,0,412,263
HM+ST,stockpile,ctid,45,20,0.0,0.0,1.0,0.03764360327199814,0.027984758145042532,0,412,263
HM+ST,stockpile,ctid,45,20,0.9,0.1,0.0,0.18147615198514128,0.18454841266848465,0,412,263
HM+ST,stockpile,ctid,45,20,0.8,0.1,0.1,0.18323336391873593,0.18371696761726308,0,412,263
HM+ST,stockpile,ctid,45,20,0.7,0.1,0.2,0.1743553753644855,0.17766624451929813,0,412,263
HM+ST,stockpile,ctid,45,20,0.6,0.1,0.3,0.16903470885875932,0.16634777198484416,0,412,263
HM+ST,stockpile,ctid,45,20,0.5,0.1,0.4,0.15143850467169068,0.15284441119681064,0,412,263
HM+ST,stockpile,ctid,45,20,0.4,0.1,0.5,0.13640152953259038,0.14056975001174005,0,412,263
HM+ST,stockpile,ctid,45,20,0.3,0.1,0.6,0.12449899608693496,0.12204129491206542,0,412,263
HM+ST,stockpile,ctid,45,20,0.2,0.1,0.7,0.11045969826571964,0.10555048039783603,0,412,263
HM+ST,stockpile,ctid,45,20,0.1,0.1,0.8,0.0897978477332255,0.0824459764875484,0,412,263
HM+ST,stockpile,ctid,45,20,0.0,0.1,0.9,0.08935892901227875,0.062138051244828685,0,412,263
HM+ST,stockpile,ctid,45,20,0.8,0.2,0.0,0.18306203423670686,0.1862013418970271,0,412,263
HM+ST,stockpile,ctid,45,20,0.7,0.2,0.1,0.18119796861732954,0.18461564155174928,0,412,263
HM+ST,stockpile,ctid,45,20,0.6,0.2,0.2,0.17979137104551612,0.17969972639066556,0,412,263
HM+ST,stockpile,ctid,45,20,0.5,0.2,0.3,0.16702731121897016,0.1652375813468458,0,412,263
HM+ST,stockpile,ctid,45,20,0.4,0.2,0.4,0.1485556227255343,0.15286150601976883,0,412,263
HM+ST,stockpile,ctid,45,20,0.3,0.2,0.5,0.13542707957693853,0.1376235634900309,0,412,263
HM+ST,stockpile,ctid,45,20,0.2,0.2,0.6,0.11833507045308975,0.11578399652733506,0,412,263
HM+ST,stockpile,ctid,45,20,0.1,0.2,0.7,0.10866810947470791,0.09749223005353226,0,412,263
HM+ST,stockpile,ctid,45,20,0.0,0.2,0.8,0.09248626934916634,0.06633255624425197,0,412,263
HM+ST,stockpile,ctid,45,20,0.7,0.3,0.0,0.18271746794855695,0.1876409411106154,0,412,263
HM+ST,stockpile,ctid,45,20,0.6,0.3,0.1,0.1852202819315245,0.1869943359995397,0,412,263
HM+ST,stockpile,ctid,45,20,0.5,0.3,0.2,0.17701788176331507,0.1790183531016906,0,412,263
HM+ST,stockpile,ctid,45,20,0.4,0.3,0.3,0.16325912498036757,0.1651351235564918,0,412,263
HM+ST,stockpile,ctid,45,20,0.3,0.3,0.4,0.15707720719892176,0.15334628046104662,0,412,263
HM+ST,stockpile,ctid,45,20,0.2,0.3,0.5,0.13270989610592127,0.13349667645173763,0,412,263
HM+ST,stockpile,ctid,45,20,0.1,0.3,0.6,0.1240083331007306,0.11031034070793004,0,412,263
HM+ST,stockpile,ctid,45,20,0.0,0.3,0.7,0.0929043207077844,0.07402314545491241,0,412,263
HM+ST,stockpile,ctid,45,20,0.6,0.4,0.0,0.18440584782281988,0.18964935214191023,0,412,263
HM+ST,stockpile,ctid,45,20,0.5,0.4,0.1,0.18513459785144185,0.18799452092069466,0,412,263
HM+ST,stockpile,ctid,45,20,0.4,0.4,0.2,0.17876125159783054,0.17977095464363804,0,412,263
HM+ST,stockpile,ctid,45,20,0.3,0.4,0.3,0.17178335522933288,0.16644009761271875,0,412,263
HM+ST,stockpile,ctid,45,20,0.2,0.4,0.4,0.1517009242458491,0.1508954357589333,0,412,263
HM+ST,stockpile,ctid,45,20,0.1,0.4,0.5,0.13208985700032846,0.12115874276886926,0,412,263
HM+ST,stockpile,ctid,45,20,0.0,0.4,0.6,0.1099295879629896,0.10023243766693461,0,412,263
HM+ST,stockpile,ctid,45,20,0.5,0.5,0.0,0.18917161178962588,0.1913531756902958,0,412,263
HM+ST,stockpile,ctid,45,20,0.4,0.5,0.1,0.18827024126742428,0.18858795680803478,0,412,263
HM+ST,stockpile,ctid,45,20,0.3,0.5,0.2,0.18541319168507642,0.18171131048230088,0,412,263
HM+ST,stockpile,ctid,45,20,0.2,0.5,0.3,0.16703185752330024,0.16589771762295627,0,412,263
HM+ST,stockpile,ctid,45,20,0.1,0.5,0.4,0.1520699175479861,0.142498289820067,0,412,263
HM+ST,stockpile,ctid,45,20,0.0,0.5,0.5,0.1273308040107032,0.11899726608465351,0,412,263
HM+ST,stockpile,ctid,45,20,0.4,0.6,0.0,0.18843894973086417,0.19261942874845267,0,412,263
HM+ST,stockpile,ctid,45,20,0.3,0.6,0.1,0.19649758734835246,0.1912535320915782,0,412,263
HM+ST,stockpile,ctid,45,20,0.2,0.6,0.2,0.1883830727983548,0.18112745783972245,0,412,263
HM+ST,stockpile,ctid,45,20,0.1,0.6,0.3,0.17230446633037372,0.16417039360622704,0,412,263
HM+ST,stockpile,ctid,45,20,0.0,0.6,0.4,0.15277792104863291,0.14007417813505393,0,412,263
HM+ST,stockpile,ctid,45,20,0.3,0.7,0.0,0.19228254019080718,0.19349613341135302,0,412,263
HM+ST,stockpile,ctid,45,20,0.2,0.7,0.1,0.19999625438869167,0.19338992853530823,0,412,263
HM+ST,stockpile,ctid,45,20,0.1,0.7,0.2,0.1926783748091602,0.18130559454063427,0,412,263
HM+ST,stockpile,ctid,45,20,0.0,0.7,0.3,0.17902596048813624,0.1663541867254293,0,412,263
HM+ST,stockpile,ctid,45,20,0.2,0.8,0.0,0.20195880662240503,0.19476622906080937,0,412,263
HM+ST,stockpile,ctid,45,20,0.1,0.8,0.1,0.19846811912735077,0.19311257347948563,0,412,263
HM+ST,stockpile,ctid,45,20,0.0,0.8,0.2,0.19846752555389366,0.18632990082918197,0,412,263
HM+ST,stockpile,ctid,45,20,0.1,0.9,0.0,0.2080240449551555,0.19570305069185595,0,412,263
HM+ST,stockpile,ctid,45,20,0.0,0.9,0.1,0.2073592541896656,0.1961895164857295,0,412,263
HM+ST,stockpile,ctid,45,20,0.0,1.0,0.0,0.2130137119469052,0.19985174211432885,1,412,263
HM+ST,stockpile,ctid,45,40,1.0,0.0,0.0,0.17724593173876046,0.18306874644018506,0,412,263
HM+ST,stockpile,ctid,45,40,0.9,0.0,0.1,0.17501796759716842,0.17970028117707698,0,412,263
HM+ST,stockpile,ctid,45,40,0.8,0.0,0.2,0.17792643047634513,0.17640861955545847,0,412,263
HM+ST,stockpile,ctid,45,40,0.7,0.0,0.3,0.17175982445375504,0.1657647088279855,0,412,263
HM+ST,stockpile,ctid,45,40,0.6,0.0,0.4,0.15427434200228657,0.15369421870281308,0,412,263
HM+ST,stockpile,ctid,45,40,0.5,0.0,0.5,0.1366491827753163,0.14220419176844343,0,412,263
HM+ST,stockpile,ctid,45,40,0.4,0.0,0.6,0.12483711604071612,0.12444317276943458,0,412,263
HM+ST,stockpile,ctid,45,40,0.3,0.0,0.7,0.11578088634630539,0.10979832238350966,0,412,263
HM+ST,stockpile,ctid,45,40,0.2,0.0,0.8,0.10421125382997778,0.09668224081007579,0,412,263
HM+ST,stockpile,ctid,45,40,0.1,0.0,0.9,0.08253129481117932,0.07585143109954474,0,412,263
HM+ST,stockpile,ctid,45,40,0.0,0.0,1.0,0.03764360327199814,0.027984758145042532,0,412,263
HM+ST,stockpile,ctid,45,40,0.9,0.1,0.0,0.18115560931051355,0.18435919167908613,0,412,263
HM+ST,stockpile,ctid,45,40,0.8,0.1,0.1,0.18039929701176013,0.1831515729478975,0,412,263
HM+ST,stockpile,ctid,45,40,0.7,0.1,0.2,0.17641360809654782,0.17760924576439147,0,412,263
HM+ST,stockpile,ctid,45,40,0.6,0.1,0.3,0.1679374043853997,0.16539386119933056,0,412,263
HM+ST,stockpile,ctid,45,40,0.5,0.1,0.4,0.15067228450260278,0.15184828391759536,0,412,263
HM+ST,stockpile,ctid,45,40,0.4,0.1,0.5,0.13407775793350846,0.13928958894152912,0,412,263
HM+ST,stockpile,ctid,45,40,0.3,0.1,0.6,0.12374731560915235,0.12022663543054009,0,412,263
HM+ST,stockpile,ctid,45,40,0.2,0.1,0.7,0.11015927906126133,0.10393736494906783,0,412,263
HM+ST,stockpile,ctid,45,40,0.1,0.1,0.8,0.08580690596414595,0.08134352769306283,0,412,263
HM+ST,stockpile,ctid,45,40,0.0,0.1,0.9,0.08945884086209624,0.06254926883931795,0,412,263
HM+ST,stockpile,ctid,45,40,0.8,0.2,0.0,0.18309705552850508,0.18554544359251085,0,412,263
HM+ST,stockpile,ctid,45,40,0.7,0.2,0.1,0.18355797233453366,0.1848980584370097,0,412,263
HM+ST,stockpile,ctid,45,40,0.6,0.2,0.2,0.17427124236473193,0.17803708094529888,0,412,263
HM+ST,stockpile,ctid,45,40,0.5,0.2,0.3,0.16425825150504741,0.163368272834919,0,412,263
HM+ST,stockpile,ctid,45,40,0.4,0.2,0.4,0.1480738397748521,0.1505607691302116,0,412,263
HM+ST,stockpile,ctid,45,40,0.3,0.2,0.5,0.1336206744101898,0.13573012717482658,0,412,263
HM+ST,stockpile,ctid,45,40,0.2,0.2,0.6,0.12076166108443276,0.1154041495591015,0,412,263
HM+ST,stockpile,ctid,45,40,0.1,0.2,0.7,0.10832702395434497,0.09757621103525252,0,412,263
HM+ST,stockpile,ctid,45,40,0.0,0.2,0.8,0.0900210393720771,0.06492950672573912,0,412,263
HM+ST,stockpile,ctid,45,40,0.7,0.3,0.0,0.1835625365326779,0.18760584294743474,0,412,263
HM+ST,stockpile,ctid,45,40,0.6,0.3,0.1,0.18197810297786918,0.18525675481034787,0,412,263
HM+ST,stockpile,ctid,45,40,0.5,0.3,0.2,0.17653278858529686,0.17827054980379226,0,412,263
HM+ST,stockpile,ctid,45,40,0.4,0.3,0.3,0.16355412750606663,0.1630240317515742,0,412,263
HM+ST,stockpile,ctid,45,40,0.3,0.3,0.4,0.14455719598102396,0.14984609193306886,0,412,263
HM+ST,stockpile,ctid,45,40,0.2,0.3,0.5,0.13008757944111798,0.1281446347257123,0,412,263
HM+ST,stockpile,ctid,45,40,0.1,0.3,0.6,0.1218263792643965,0.1093414344078818,0,412,263
HM+ST,stockpile,ctid,45,40,0.0,0.3,0.7,0.09242867000126556,0.07175427695110083,0,412,263
HM+ST,stockpile,ctid,45,40,0.6,0.4,0.0,0.18163525415227144,0.18903881472978157,0,412,263
HM+ST,stockpile,ctid,45,40,0.5,0.4,0.1,0.18546170310037408,0.1873942810422258,0,412,263
HM+ST,stockpile,ctid,45,40,0.4,0.4,0.2,0.17664994223200856,0.17706845442400604,0,412,263
HM+ST,stockpile,ctid,45,40,0.3,0.4,0.3,0.1628538381230073,0.16201665646557478,0,412,263
HM+ST,stockpile,ctid,45,40,0.2,0.4,0.4,0.14389818051263645,0.14617655474767402,0,412,263
HM+ST,stockpile,ctid,45,40,0.1,0.4,0.5,0.12889158049413063,0.11753306535159924,0,412,263
HM+ST,stockpile,ctid,45,40,0.0,0.4,0.6,0.09895974019455002,0.08547547471803847,0,412,263
HM+ST,stockpile,ctid,45,40,0.5,0.5,0.0,0.18631735030891888,0.19094490442375403,0,412,263
HM+ST,stockpile,ctid,45,40,0.4,0.5,0.1,0.18212129994987722,0.18804203095572708,0,412,263
HM+ST,stockpile,ctid,45,40,0.3,0.5,0.2,0.1755591331918205,0.1773131137748627,0,412,263
HM+ST,stockpile,ctid,45,40,0.2,0.5,0.3,0.1598584630164206,0.16120475944835036,0,412,263
HM+ST,stockpile,ctid,45,40,0.1,0.5,0.4,0.14446727288447617,0.1361333023872739,0,412,263
HM+ST,stockpile,ctid,45,40,0.0,0.5,0.5,0.11399372339639957,0.11002255298409988,0,412,263
HM+ST,stockpile,ctid,45,40,0.4,0.6,0.0,0.1867828555604554,0.19227410655516936,0,412,263
HM+ST,stockpile,ctid,45,40,0.3,0.6,0.1,0.18680897503768765,0.1894477956927812,0,412,263
HM+ST,stockpile,ctid,45,40,0.2,0.6,0.2,0.1810779513554635,0.17880872314393154,0,412,263
HM+ST,stockpile,ctid,45,40,0.1,0.6,0.3,0.15700893326783114,0.15398536140979813,0,412,263
HM+ST,stockpile,ctid,45,40,0.0,0.6,0.4,0.1338150376895123,0.12561333812908843,0,412,263
HM+ST,stockpile,ctid,45,40,0.3,0.7,0.0,0.187684798886986,0.19419512737238787,0,412,263
HM+ST,stockpile,ctid,45,40,0.2,0.7,0.1,0.19126145817765847,0.19090535553964041,0,412,263
HM+ST,stockpile,ctid,45,40,0.1,0.7,0.2,0.18663026048075199,0.17616323090085823,0,412,263
HM+ST,stockpile,ctid,45,40,0.0,0.7,0.3,0.15257773293036384,0.15249827657100193,0,412,263
HM+ST,stockpile,ctid,45,40,0.2,0.8,0.0,0.18923609153729196,0.1965487106536427,0,412,263
HM+ST,stockpile,ctid,45,40,0.1,0.8,0.1,0.1924069395587576,0.1888207792940845,0,412,263
HM+ST,stockpile,ctid,45,40,0.0,0.8,0.2,0.18330931880427379,0.1785695366927677,0,412,263
HM+ST,stockpile,ctid,45,40,0.1,0.9,0.0,0.19279856914048024,0.19580137482356744,0,412,263
HM+ST,stockpile,ctid,45,40,0.0,0.9,0.1,0.19955970038844267,0.19255089197718994,0,412,263
HM+ST,stockpile,ctid,45,40,0.0,1.0,0.0,0.20113086681114362,0.1993665631974852,0,412,263
HM+ST,stockpile,ctid,45,60,1.0,0.0,0.0,0.17724593173876046,0.18306874644018506,0,412,263
HM+ST,stockpile,ctid,45,60,0.9,0.0,0.1,0.17501796759716842,0.17970028117707698,0,412,263
HM+ST,stockpile,ctid,45,60,0.8,0.0,0.2,0.17792643047634513,0.17640861955545847,0,412,263
HM+ST,stockpile,ctid,45,60,0.7,0.0,0.3,0.17175982445375504,0.1657647088279855,0,412,263
HM+ST,stockpile,ctid,45,60,0.6,0.0,0.4,0.15427434200228657,0.15369421870281308,0,412,263
HM+ST,stockpile,ctid,45,60,0.5,0.0,0.5,0.1366491827753163,0.14220419176844343,0,412,263
HM+ST,stockpile,ctid,45,60,0.4,0.0,0.6,0.12483711604071612,0.12444317276943458,0,412,263
HM+ST,stockpile,ctid,45,60,0.3,0.0,0.7,0.11578088634630539,0.10979832238350966,0,412,263
HM+ST,stockpile,ctid,45,60,0.2,0.0,0.8,0.10421125382997778,0.09668224081007579,0,412,263
HM+ST,stockpile,ctid,45,60,0.1,0.0,0.9,0.08253129481117932,0.07585143109954474,0,412,263
HM+ST,stockpile,ctid,45,60,0.0,0.0,1.0,0.03764360327199814,0.027984758145042532,0,412,263
HM+ST,stockpile,ctid,45,60,0.9,0.1,0.0,0.18006021813066456,0.18387518439226536,0,412,263
HM+ST,stockpile,ctid,45,60,0.8,0.1,0.1,0.17875850080386557,0.18183548130805957,0,412,263
HM+ST,stockpile,ctid,45,60,0.7,0.1,0.2,0.17707717084452895,0.17715855637133587,0,412,263
HM+ST,stockpile,ctid,45,60,0.6,0.1,0.3,0.16884806392819113,0.16544259396080208,0,412,263
HM+ST,stockpile,ctid,45,60,0.5,0.1,0.4,0.14959528061433552,0.15149066055051869,0,412,263
HM+ST,stockpile,ctid,45,60,0.4,0.1,0.5,0.13340261286916583,0.1390831596721506,0,412,263
HM+ST,stockpile,ctid,45,60,0.3,0.1,0.6,0.1229798037877637,0.12080394992676231,0,412,263
HM+ST,stockpile,ctid,45,60,0.2,0.1,0.7,0.10968966943817623,0.104538750186121,0,412,263
HM+ST,stockpile,ctid,45,60,0.1,0.1,0.8,0.08685601160767334,0.08141794282823878,0,412,263
HM+ST,stockpile,ctid,45,60,0.0,0.1,0.9,0.08500588506328235,0.0608340471387109,0,412,263
HM+ST,stockpile,ctid,45,60,0.8,0.2,0.0,0.18206307714857511,0.18493383426639304,0,412,263
HM+ST,stockpile,ctid,45,60,0.7,0.2,0.1,0.17885572195211166,0.18341999532863268,0,412,263
HM+ST,stockpile,ctid,45,60,0.6,0.2,0.2,0.17484558022094213,0.17778047617112414,0,412,263
HM+ST,stockpile,ctid,45,60,0.5,0.2,0.3,0.16567035691977852,0.1640048449284548,0,412,263
HM+ST,stockpile,ctid,45,60,0.4,0.2,0.4,0.14581430075300178,0.1500489991793307,0,412,263
HM+ST,stockpile,ctid,45,60,0.3,0.2,0.5,0.1316318194466181,0.1352981084066262,0,412,263
HM+ST,stockpile,ctid,45,60,0.2,0.2,0.6,0.1200393046721806,0.11488677026788899,0,412,263
HM+ST,stockpile,ctid,45,60,0.1,0.2,0.7,0.10624465187605728,0.09680735948100819,0,412,263
HM+ST,stockpile,ctid,45,60,0.0,0.2,0.8,0.0838406961647309,0.061971349537273956,0,412,263
HM+ST,stockpile,ctid,45,60,0.7,0.3,0.0,0.18025932065025438,0.18561740356011402,0,412,263
HM+ST,stockpile,ctid,45,60,0.6,0.3,0.1,0.1823087395299615,0.18513277028677666,0,412,263
HM+ST,stockpile,ctid,45,60,0.5,0.3,0.2,0.17404109978017168,0.1769956282827747,0,412,263
HM+ST,stockpile,ctid,45,60,0.4,0.3,0.3,0.16485075352840117,0.16278657354906373,0,412,263
HM+ST,stockpile,ctid,45,60,0.3,0.3,0.4,0.14331845159580595,0.14853582587964803,0,412,263
HM+ST,stockpile,ctid,45,60,0.2,0.3,0.5,0.13033599982645058,0.12885993417039293,0,412,263
HM+ST,stockpile,ctid,45,60,0.1,0.3,0.6,0.11563480417781997,0.10695708308204428,0,412,263
HM+ST,stockpile,ctid,45,60,0.0,0.3,0.7,0.08652829712796754,0.07003071937756014,0,412,263
HM+ST,stockpile,ctid,45,60,0.6,0.4,0.0,0.17922774998744737,0.187750891929181,0,412,263
HM+ST,stockpile,ctid,45,60,0.5,0.4,0.1,0.18437443300455342,0.1865054696944372,0,412,263
HM+ST,stockpile,ctid,45,60,0.4,0.4,0.2,0.1715155515976406,0.17625113732844414,0,412,263
HM+ST,stockpile,ctid,45,60,0.3,0.4,0.3,0.16242544309352977,0.16282508224357223,0,412,263
HM+ST,stockpile,ctid,45,60,0.2,0.4,0.4,0.14266970720134892,0.14463528883853313,0,412,263
HM+ST,stockpile,ctid,45,60,0.1,0.4,0.5,0.12518351581331927,0.1176454533128517,0,412,263
HM+ST,stockpile,ctid,45,60,0.0,0.4,0.6,0.09523548347997715,0.08185870481386878,0,412,263
HM+ST,stockpile,ctid,45,60,0.5,0.5,0.0,0.1820661017130889,0.18843743014951989,0,412,263
HM+ST,stockpile,ctid,45,60,0.4,0.5,0.1,0.17973473233038786,0.18714837276221716,0,412,263
HM+ST,stockpile,ctid,45,60,0.3,0.5,0.2,0.17291137563922768,0.17704308788446482,0,412,263
HM+ST,stockpile,ctid,45,60,0.2,0.5,0.3,0.15793997542193994,0.1604139626278151,0,412,263
HM+ST,stockpile,ctid,45,60,0.1,0.5,0.4,0.1342231400748248,0.1342171203115652,0,412,263
HM+ST,stockpile,ctid,45,60,0.0,0.5,0.5,0.10820491382253908,0.1016127906458842,0,412,263
HM+ST,stockpile,ctid,45,60,0.4,0.6,0.0,0.180345394925501,0.19012392455119548,0,412,263
HM+ST,stockpile,ctid,45,60,0.3,0.6,0.1,0.18048876995838217,0.1879505263566566,0,412,263
HM+ST,stockpile,ctid,45,60,0.2,0.6,0.2,0.17536074591567224,0.17776763960698025,0,412,263
HM+ST,stockpile,ctid,45,60,0.1,0.6,0.3,0.14888657274201547,0.14990788982832307,0,412,263
HM+ST,stockpile,ctid,45,60,0.0,0.6,0.4,0.12495039055037419,0.12257544353962853,0,412,263
HM+ST,stockpile,ctid,45,60,0.3,0.7,0.0,0.1830485965407301,0.1920022579199451,0,412,263
HM+ST,stockpile,ctid,45,60,0.2,0.7,0.1,0.18318198624335383,0.18912692344703477,0,412,263
HM+ST,stockpile,ctid,45,60,0.1,0.7,0.2,0.1664814665349698,0.1723935400576839,0,412,263
HM+ST,stockpile,ctid,45,60,0.0,0.7,0.3,0.1388140127941489,0.1440833823082155,0,412,263
HM+ST,stockpile,ctid,45,60,0.2,0.8,0.0,0.18614441193434433,0.19390376713030424,0,412,263
HM+ST,stockpile,ctid,45,60,0.1,0.8,0.1,0.18316607452907216,0.18502399710530665,0,412,263
HM+ST,stockpile,ctid,45,60,0.0,0.8,0.2,0.16815834534070098,0.1703827527896307,0,412,263
HM+ST,stockpile,ctid,45,60,0.1,0.9,0.0,0.19083595855162233,0.19319528839651592,0,412,263
HM+ST,stockpile,ctid,45,60,0.0,0.9,0.1,0.18532494957338724,0.18547909286893893,0,412,263
HM+ST,stockpile,ctid,45,60,0.0,1.0,0.0,0.18905614941322585,0.191576647580785,0,412,263
HM+ST,stockpile,ctid,45,80,1.0,0.0,0.0,0.17724593173876046,0.18306874644018506,0,412,263
HM+ST,stockpile,ctid,45,80,0.9,0.0,0.1,0.17501796759716842,0.17970028117707698,0,412,263
HM+ST,stockpile,ctid,45,80,0.8,0.0,0.2,0.17792643047634513,0.17640861955545847,0,412,263
HM+ST,stockpile,ctid,45,80,0.7,0.0,0.3,0.17175982445375504,0.1657647088279855,0,412,263
HM+ST,stockpile,ctid,45,80,0.6,0.0,0.4,0.15427434200228657,0.15369421870281308,0,412,263
HM+ST,stockpile,ctid,45,80,0.5,0.0,0.5,0.1366491827753163,0.14220419176844343,0,412,263
HM+ST,stockpile,ctid,45,80,0.4,0.0,0.6,0.12483711604071612,0.12444317276943458,0,412,263
HM+ST,stockpile,ctid,45,80,0.3,0.0,0.7,0.11578088634630539,0.10979832238350966,0,412,263
HM+ST,stockpile,ctid,45,80,0.2,0.0,0.8,0.10421125382997778,0.09668224081007579,0,412,263
HM+ST,stockpile,ctid,45,80,0.1,0.0,0.9,0.08253129481117932,0.07585143109954474,0,412,263
HM+ST,stockpile,ctid,45,80,0.0,0.0,1.0,0.03764360327199814,0.027984758145042532,0,412,263
HM+ST,stockpile,ctid,45,80,0.9,0.1,0.0,0.18036668029004582,0.18301198049854633,0,412,263
HM+ST,stockpile,ctid,45,80,0.8,0.1,0.1,0.17654055011308578,0.18059055470373156,0,412,263
HM+ST,stockpile,ctid,45,80,0.7,0.1,0.2,0.17700445067527534,0.1772236163675988,0,412,263
HM+ST,stockpile,ctid,45,80,0.6,0.1,0.3,0.17077066005355057,0.16585537558948238,0,412,263
HM+ST,stockpile,ctid,45,80,0.5,0.1,0.4,0.1486075337002089,0.15070214170132773,0,412,263
HM+ST,stockpile,ctid,45,80,0.4,0.1,0.5,0.13300753671961507,0.138454580427406,0,412,263
HM+ST,stockpile,ctid,45,80,0.3,0.1,0.6,0.12478829603281197,0.1204494574006996,0,412,263
HM+ST,stockpile,ctid,45,80,0.2,0.1,0.7,0.11134655722857886,0.10434542558301999,0,412,263
HM+ST,stockpile,ctid,45,80,0.1,0.1,0.8,0.08613363903444643,0.08103306975203337,0,412,263
HM+ST,stockpile,ctid,45,80,0.0,0.1,0.9,0.08118670757430345,0.05894228245938158,0,412,263
HM+ST,stockpile,ctid,45,80,0.8,0.2,0.0,0.1788259997781619,0.1840224993992354,0,412,263
HM+ST,stockpile,ctid,45,80,0.7,0.2,0.1,0.17923329897958168,0.18190803752795234,0,412,263
HM+ST,stockpile,ctid,45,80,0.6,0.2,0.2,0.17736663299251926,0.17731215768138436,0,412,263
HM+ST,stockpile,ctid,45,80,0.5,0.2,0.3,0.16735314249021802,0.164432886661641,0,412,263
HM+ST,stockpile,ctid,45,80,0.4,0.2,0.4,0.14650645514136507,0.1499949361158877,0,412,263
HM+ST,stockpile,ctid,45,80,0.3,0.2,0.5,0.13165608205091522,0.13350488827037005,0,412,263
HM+ST,stockpile,ctid,45,80,0.2,0.2,0.6,0.12130509333986055,0.11417895122153934,0,412,263
HM+ST,stockpile,ctid,45,80,0.1,0.2,0.7,0.10567146752822591,0.09490436062329519,0,412,263
HM+ST,stockpile,ctid,45,80,0.0,0.2,0.8,0.0834591022478005,0.061203559608396,0,412,263
HM+ST,stockpile,ctid,45,80,0.7,0.3,0.0,0.1808691967022338,0.1854702270525992,0,412,263
HM+ST,stockpile,ctid,45,80,0.6,0.3,0.1,0.17913738003458649,0.18288938461874327,0,412,263
HM+ST,stockpile,ctid,45,80,0.5,0.3,0.2,0.17208254227631617,0.175221971016345,0,412,263
HM+ST,stockpile,ctid,45,80,0.4,0.3,0.3,0.16189738569005885,0.16310725783220456,0,412,263
HM+ST,stockpile,ctid,45,80,0.3,0.3,0.4,0.14024972361594867,0.1453638215071179,0,412,263
HM+ST,stockpile,ctid,45,80,0.2,0.3,0.5,0.13121091878179086,0.12865009551586484,0,412,263
HM+ST,stockpile,ctid,45,80,0.1,0.3,0.6,0.110997248209043,0.10348818309283261,0,412,263
HM+ST,stockpile,ctid,45,80,0.0,0.3,0.7,0.08563492900098599,0.06563947357231023,0,412,263
HM+ST,stockpile,ctid,45,80,0.6,0.4,0.0,0.18126916549039487,0.18635491271726481,0,412,263
HM+ST,stockpile,ctid,45,80,0.5,0.4,0.1,0.17939512491521076,0.1824384601800318,0,412,263
HM+ST,stockpile,ctid,45,80,0.4,0.4,0.2,0.17055839336139136,0.17287169885223883,0,412,263
HM+ST,stockpile,ctid,45,80,0.3,0.4,0.3,0.15882664763806573,0.16042384391034586,0,412,263
HM+ST,stockpile,ctid,45,80,0.2,0.4,0.4,0.1401074188437914,0.14164964433805163,0,412,263
HM+ST,stockpile,ctid,45,80,0.1,0.4,0.5,0.123742302276167,0.11415046022273848,0,412,263
HM+ST,stockpile,ctid,45,80,0.0,0.4,0.6,0.09069341310821447,0.07564062576490531,0,412,263
HM+ST,stockpile,ctid,45,80,0.5,0.5,0.0,0.17687814866561297,0.1859662797886777,0,412,263
HM+ST,stockpile,ctid,45,80,0.4,0.5,0.1,0.1768763613953947,0.18276707073813583,0,412,263
HM+ST,stockpile,ctid,45,80,0.3,0.5,0.2,0.16660743636397932,0.17145562389000615,0,412,263
HM+ST,stockpile,ctid,45,80,0.2,0.5,0.3,0.15216591959588602,0.15614967658962556,0,412,263
HM+ST,stockpile,ctid,45,80,0.1,0.5,0.4,0.13668744815410805,0.1316908763619635,0,412,263
HM+ST,stockpile,ctid,45,80,0.0,0.5,0.5,0.10264759356001563,0.09065446056608556,0,412,263
HM+ST,stockpile,ctid,45,80,0.4,0.6,0.0,0.18028764543125658,0.18700175424920756,0,412,263
HM+ST,stockpile,ctid,45,80,0.3,0.6,0.1,0.17301007637287166,0.1822081782353598,0,412,263
HM+ST,stockpile,ctid,45,80,0.2,0.6,0.2,0.16673472761068106,0.17145542759500415,0,412,263
HM+ST,stockpile,ctid,45,80,0.1,0.6,0.3,0.15095863145496438,0.1469281158711172,0,412,263
HM+ST,stockpile,ctid,45,80,0.0,0.6,0.4,0.11755202359428799,0.11216552058665936,0,412,263
HM+ST,stockpile,ctid,45,80,0.3,0.7,0.0,0.18331058954420812,0.1894474653044756,0,412,263
HM+ST,stockpile,ctid,45,80,0.2,0.7,0.1,0.1771576612693689,0.18305920771413392,0,412,263
HM+ST,stockpile,ctid,45,80,0.1,0.7,0.2,0.16026875683429812,0.1630501458669095,0,412,263
HM+ST,stockpile,ctid,45,80,0.0,0.7,0.3,0.13197733325979838,0.13286371328830757,0,412,263
HM+ST,stockpile,ctid,45,80,0.2,0.8,0.0,0.18446592418080662,0.19068082040499085,0,412,263
HM+ST,stockpile,ctid,45,80,0.1,0.8,0.1,0.1753112243447022,0.1768271866108923,0,412,263
HM+ST,stockpile,ctid,45,80,0.0,0.8,0.2,0.14639179751330011,0.15339140674084004,0,412,263
HM+ST,stockpile,ctid,45,80,0.1,0.9,0.0,0.18746213663700653,0.18726433962780506,0,412,263
HM+ST,stockpile,ctid,45,80,0.0,0.9,0.1,0.1717904713184877,0.17190303782192112,0,412,263
HM+ST,stockpile,ctid,45,80,0.0,1.0,0.0,0.17771477720948878,0.181074798505877,0,412,263
HM+ST,stockpile,ctid,46,100,1.0,0.0,0.0,0.17813646105743483,0.18306874644018506,0,412,263
HM+ST,stockpile,ctid,46,100,0.9,0.0,0.1,0.175846223002676,0.17970028117707698,0,412,263
HM+ST,stockpile,ctid,46,100,0.8,0.0,0.2,0.18066613825573674,0.17640861955545847,0,412,263
HM+ST,stockpile,ctid,46,100,0.7,0.0,0.3,0.16740933420871668,0.1657647088279855,0,412,263
HM+ST,stockpile,ctid,46,100,0.6,0.0,0.4,0.1585093052077041,0.15369421870281308,0,412,263
HM+ST,stockpile,ctid,46,100,0.5,0.0,0.5,0.14161709310396675,0.14220419176844343,0,412,263
HM+ST,stockpile,ctid,46,100,0.4,0.0,0.6,0.12857386758083084,0.12444317276943458,0,412,263
HM+ST,stockpile,ctid,46,100,0.3,0.0,0.7,0.11148791032878118,0.10979832238350966,0,412,263
HM+ST,stockpile,ctid,46,100,0.2,0.0,0.8,0.10187063173646374,0.09668224081007579,0,412,263
HM+ST,stockpile,ctid,46,100,0.1,0.0,0.9,0.0804906790929927,0.07585143109954474,0,412,263
HM+ST,stockpile,ctid,46,100,0.0,0.0,1.0,0.03764360327199814,0.027984758145042532,0,412,263
HM+ST,stockpile,ctid,46,100,0.9,0.1,0.0,0.17938819356610305,0.1828871589415645,0,412,263
HM+ST,stockpile,ctid,46,100,0.8,0.1,0.1,0.1798832515127751,0.18074917389841164,0,412,263
HM+ST,stockpile,ctid,46,100,0.7,0.1,0.2,0.1819434303970045,0.177632443125288,0,412,263
HM+ST,stockpile,ctid,46,100,0.6,0.1,0.3,0.16988568406995663,0.16639109574235977,0,412,263
HM+ST,stockpile,ctid,46,100,0.5,0.1,0.4,0.15300879215308566,0.15105242717311793,0,412,263
HM+ST,stockpile,ctid,46,100,0.4,0.1,0.5,0.13771687525644857,0.13877800728054004,0,412,263
HM+ST,stockpile,ctid,46,100,0.3,0.1,0.6,0.12471707539672891,0.12025524101853365,0,412,263
HM+ST,stockpile,ctid,46,100,0.2,0.1,0.7,0.10756857939899811,0.10388240626424514,0,412,263
HM+ST,stockpile,ctid,46,100,0.1,0.1,0.8,0.08587881679745595,0.08185985538638685,0,412,263
HM+ST,stockpile,ctid,46,100,0.0,0.1,0.9,0.0823028184147879,0.0585389508952737,0,412,263
HM+ST,stockpile,ctid,46,100,0.8,0.2,0.0,0.18290163755273042,0.1852555920331946,0,412,263
HM+ST,stockpile,ctid,46,100,0.7,0.2,0.1,0.18181268430558142,0.1817600157995952,0,412,263
HM+ST,stockpile,ctid,46,100,0.6,0.2,0.2,0.1851173038388275,0.17732484311416039,0,412,263
HM+ST,stockpile,ctid,46,100,0.5,0.2,0.3,0.16931738618882947,0.16488348383788037,0,412,263
HM+ST,stockpile,ctid,46,100,0.4,0.2,0.4,0.14854887149363696,0.14940104932398646,0,412,263
HM+ST,stockpile,ctid,46,100,0.3,0.2,0.5,0.1343520736035336,0.13445644869949333,0,412,263
HM+ST,stockpile,ctid,46,100,0.2,0.2,0.6,0.11938282023425553,0.11385189224224215,0,412,263
HM+ST,stockpile,ctid,46,100,0.1,0.2,0.7,0.10693009670136074,0.0963843418490807,0,412,263
HM+ST,stockpile,ctid,46,100,0.0,0.2,0.8,0.08283315166266948,0.06007083441743301,0,412,263
HM+ST,stockpile,ctid,46,100,0.7,0.3,0.0,0.1868161672822692,0.18688646210489707,0,412,263
HM+ST,stockpile,ctid,46,100,0.6,0.3,0.1,0.18714821547316945,0.18243633425558498,0,412,263
HM+ST,stockpile,ctid,46,100,0.5,0.3,0.2,0.1815483792527075,0.1747320916436143,0,412,263
HM+ST,stockpile,ctid,46,100,0.4,0.3,0.3,0.16950665795788664,0.16327216061347496,0,412,263
HM+ST,stockpile,ctid,46,100,0.3,0.3,0.4,0.14653596671854968,0.1463067427353827,0,412,263
HM+ST,stockpile,ctid,46,100,0.2,0.3,0.5,0.13613488932771006,0.12804941392117933,0,412,263
HM+ST,stockpile,ctid,46,100,0.1,0.3,0.6,0.11308354766393655,0.10309222506292144,0,412,263
HM+ST,stockpile,ctid,46,100,0.0,0.3,0.7,0.08917755989256275,0.065992653900154,0,412,263
HM+ST,stockpile,ctid,46,100,0.6,0.4,0.0,0.19000628092851843,0.1867433093169257,0,412,263
HM+ST,stockpile,ctid,46,100,0.5,0.4,0.1,0.18442007466448257,0.18082620833177188,0,412,263
HM+ST,stockpile,ctid,46,100,0.4,0.4,0.2,0.1779281604886996,0.17295456894973943,0,412,263
HM+ST,stockpile,ctid,46,100,0.3,0.4,0.3,0.16742151890240053,0.16093833746039338,0,412,263
HM+ST,stockpile,ctid,46,100,0.2,0.4,0.4,0.14133212201931647,0.1399987955260838,0,412,263
HM+ST,stockpile,ctid,46,100,0.1,0.4,0.5,0.12620317617118657,0.1147460742767213,0,412,263
HM+ST,stockpile,ctid,46,100,0.0,0.4,0.6,0.09689314716580964,0.07761547099991535,0,412,263
HM+ST,stockpile,ctid,46,100,0.5,0.5,0.0,0.1858311574032195,0.18591767858897765,0,412,263
HM+ST,stockpile,ctid,46,100,0.4,0.5,0.1,0.18197235490836566,0.1799404744218795,0,412,263
HM+ST,stockpile,ctid,46,100,0.3,0.5,0.2,0.17548509639592108,0.17070010420109116,0,412,263
HM+ST,stockpile,ctid,46,100,0.2,0.5,0.3,0.16019128361283705,0.15546779772749497,0,412,263
HM+ST,stockpile,ctid,46,100,0.1,0.5,0.4,0.14106672653986158,0.13012433985306723,0,412,263
HM+ST,stockpile,ctid,46,100,0.0,0.5,0.5,0.10934011417058971,0.0918901299780305,0,412,263
HM+ST,stockpile,ctid,46,100,0.4,0.6,0.0,0.18811495507470588,0.18617096851070186,0,412,263
HM+ST,stockpile,ctid,46,100,0.3,0.6,0.1,0.1856592708395996,0.18127905579890102,0,412,263
HM+ST,stockpile,ctid,46,100,0.2,0.6,0.2,0.1754825077046517,0.16865690446227244,0,412,263
HM+ST,stockpile,ctid,46,100,0.1,0.6,0.3,0.15672797226989077,0.1467481081297153,0,412,263
HM+ST,stockpile,ctid,46,100,0.0,0.6,0.4,0.1257463497251659,0.11143502612180138,0,412,263
HM+ST,stockpile,ctid,46,100,0.3,0.7,0.0,0.19248445700894204,0.18652871144737268,0,412,263
HM+ST,stockpile,ctid,46,100,0.2,0.7,0.1,0.18485105760990825,0.17923185441760053,0,412,263
HM+ST,stockpile,ctid,46,100,0.1,0.7,0.2,0.17361492277895368,0.16320883830072358,0,412,263
HM+ST,stockpile,ctid,46,100,0.0,0.7,0.3,0.1442347437066321,0.1309632003217847,0,412,263
HM+ST,stockpile,ctid,46,100,0.2,0.8,0.0,0.1968324345333929,0.18590076127203553,0,412,263
HM+ST,stockpile,ctid,46,100,0.1,0.8,0.1,0.18733193559716033,0.17375848423949866,0,412,263
HM+ST,stockpile,ctid,46,100,0.0,0.8,0.2,0.16220216332672138,0.14929804678011588,0,412,263
HM+ST,stockpile,ctid,46,100,0.1,0.9,0.0,0.19246193175686627,0.17998332297472355,0,412,263
HM+ST,stockpile,ctid,46,100,0.0,0.9,0.1,0.17968057952318423,0.16368379651944426,0,412,263
HM+ST,stockpile,ctid,46,100,0.0,1.0,0.0,0.1830366027847795,0.17256291261080653,0,412,263
HM+ST,stockpile,ctid,46,20,1.0,0.0,0.0,0.17813646105743483,0.18306874644018506,0,412,263
HM+ST,stockpile,ctid,46,20,0.9,0.0,0.1,0.175846223002676,0.17970028117707698,0,412,263
HM+ST,stockpile,ctid,46,20,0.8,0.0,0.2,0.18066613825573674,0.17640861955545847,0,412,263
HM+ST,stockpile,ctid,46,20,0.7,0.0,0.3,0.16740933420871668,0.1657647088279855,0,412,263
HM+ST,stockpile,ctid,46,20,0.6,0.0,0.4,0.1585093052077041,0.15369421870281308,0,412,263
HM+ST,stockpile,ctid,46,20,0.5,0.0,0.5,0.14161709310396675,0.14220419176844343,0,412,263
HM+ST,stockpile,ctid,46,20,0.4,0.0,0.6,0.12857386758083084,0.12444317276943458,0,412,263
HM+ST,stockpile,ctid,46,20,0.3,0.0,0.7,0.11148791032878118,0.10979832238350966,0,412,263
HM+ST,stockpile,ctid,46,20,0.2,0.0,0.8,0.10187063173646374,0.09668224081007579,0,412,263
HM+ST,stockpile,ctid,46,20,0.1,0.0,0.9,0.0804906790929927,0.07585143109954474,0,412,263
HM+ST,stockpile,ctid,46,20,0.0,0.0,1.0,0.03764360327199814,0.027984758145042532,0,412,263
HM+ST,stockpile,ctid,46,20,0.9,0.1,0.0,0.1803096090957525,0.18454841266848465,0,412,263
HM+ST,stockpile,ctid,46,20,0.8,0.1,0.1,0.18160940260271533,0.18371696761726308,0,412,263
HM+ST,stockpile,ctid,46,20,0.7,0.1,0.2,0.17923696453044025,0.17766624451929813,0,412,263
HM+ST,stockpile,ctid,46,20,0.6,0.1,0.3,0.17143836946432578,0.16634777198484416,0,412,263
HM+ST,stockpile,ctid,46,20,0.5,0.1,0.4,0.155928895539073,0.15284441119681064,0,412,263
HM+ST,stockpile,ctid,46,20,0.4,0.1,0.5,0.13876015479699955,0.14056975001174005,0,412,263
HM+ST,stockpile,ctid,46,20,0.3,0.1,0.6,0.12788013910809276,0.12204129491206542,0,412,263
HM+ST,stockpile,ctid,46,20,0.2,0.1,0.7,0.10891065989054108,0.10555048039783603,0,412,263
HM+ST,stockpile,ctid,46,20,0.1,0.1,0.8,0.08843772410443315,0.0824459764875484,0,412,263
HM+ST,stockpile,ctid,46,20,0.0,0.1,0.9,0.0906578485592923,0.062138051244828685,0,412,263
HM+ST,stockpile,ctid,46,20,0.8,0.2,0.0,0.1823490476201513,0.1862013418970271,0,412,263
HM+ST,stockpile,ctid,46,20,0.7,0.2,0.1,0.18377839445000937,0.18461564155174928,0,412,263
HM+ST,stockpile,ctid,46,20,0.6,0.2,0.2,0.1820683735260838,0.17969972639066556,0,412,263
HM+ST,stockpile,ctid,46,20,0.5,0.2,0.3,0.17611376501004525,0.1652375813468458,0,412,263
HM+ST,stockpile,ctid,46,20,0.4,0.2,0.4,0.1558583454761686,0.15286150601976883,0,412,263
HM+ST,stockpile,ctid,46,20,0.3,0.2,0.5,0.13896199988281627,0.1376235634900309,0,412,263
HM+ST,stockpile,ctid,46,20,0.2,0.2,0.6,0.11951937263531151,0.11578399652733506,0,412,263
HM+ST,stockpile,ctid,46,20,0.1,0.2,0.7,0.10304923474849866,0.09749223005353226,0,412,263
HM+ST,stockpile,ctid,46,20,0.0,0.2,0.8,0.09317392957723823,0.06633255624425197,0,412,263
HM+ST,stockpile,ctid,46,20,0.7,0.3,0.0,0.18349980039417696,0.1876409411106154,0,412,263
HM+ST,stockpile,ctid,46,20,0.6,0.3,0.1,0.1867230415831651,0.1869943359995397,0,412,263
HM+ST,stockpile,ctid,46,20,0.5,0.3,0.2,0.17851841139173802,0.1790183531016906,0,412,263
HM+ST,stockpile,ctid,46,20,0.4,0.3,0.3,0.17047876644377075,0.1651351235564918,0,412,263
HM+ST,stockpile,ctid,46,20,0.3,0.3,0.4,0.15705258174619008,0.15334628046104662,0,412,263
HM+ST,stockpile,ctid,46,20,0.2,0.3,0.5,0.1336019342132465,0.13349667645173763,0,412,263
HM+ST,stockpile,ctid,46,20,0.1,0.3,0.6,0.11960148288166661,0.11031034070793004,0,412,263
HM+ST,stockpile,ctid,46,20,0.0,0.3,0.7,0.09405785390006202,0.07402314545491241,0,412,263
HM+ST,stockpile,ctid,46,20,0.6,0.4,0.0,0.18601304659502058,0.18964935214191023,0,412,263
HM+ST,stockpile,ctid,46,20,0.5,0.4,0.1,0.18539407370360714,0.18799452092069466,0,412,263
HM+ST,stockpile,ctid,46,20,0.4,0.4,0.2,0.18283577084028263,0.17977095464363804,0,412,263
HM+ST,stockpile,ctid,46,20,0.3,0.4,0.3,0.1706759478727011,0.16644009761271875,0,412,263
HM+ST,stockpile,ctid,46,20,0.2,0.4,0.4,0.1516986617570433,0.1508954357589333,0,412,263
HM+ST,stockpile,ctid,46,20,0.1,0.4,0.5,0.13176060289240754,0.12115874276886926,0,412,263
HM+ST,stockpile,ctid,46,20,0.0,0.4,0.6,0.11481593343042677,0.10023243766693461,0,412,263
HM+ST,stockpile,ctid,46,20,0.5,0.5,0.0,0.18499739541386684,0.1913531756902958,0,412,263
HM+ST,stockpile,ctid,46,20,0.4,0.5,0.1,0.18837441477647304,0.18858795680803478,0,412,263
HM+ST,stockpile,ctid,46,20,0.3,0.5,0.2,0.18546416762263204,0.18171131048230088,0,412,263
HM+ST,stockpile,ctid,46,20,0.2,0.5,0.3,0.16874893797511364,0.16589771762295627,0,412,263
HM+ST,stockpile,ctid,46,20,0.1,0.5,0.4,0.1451846966990225,0.142498289820067,0,412,263
HM+ST,stockpile,ctid,46,20,0.0,0.5,0.5,0.12738689590687013,0.11899726608465351,0,412,263
HM+ST,stockpile,ctid,46,20,0.4,0.6,0.0,0.18788920230050174,0.19261942874845267,0,412,263
HM+ST,stockpile,ctid,46,20,0.3,0.6,0.1,0.19400485447667187,0.1912535320915782,0,412,263
HM+ST,stockpile,ctid,46,20,0.2,0.6,0.2,0.18325146412789392,0.18112745783972245,0,412,263
HM+ST,stockpile,ctid,46,20,0.1,0.6,0.3,0.1709542502490407,0.16417039360622704,0,412,263
HM+ST,stockpile,ctid,46,20,0.0,0.6,0.4,0.1522054098254534,0.14007417813505393,0,412,263
HM+ST,stockpile,ctid,46,20,0.3,0.7,0.0,0.18594522713468153,0.19349613341135302,0,412,263
HM+ST,stockpile,ctid,46,20,0.2,0.7,0.1,0.19765807594984833,0.19338992853530823,0,412,263
HM+ST,stockpile,ctid,46,20,0.1,0.7,0.2,0.19093856594238695,0.18130559454063427,0,412,263
HM+ST,stockpile,ctid,46,20,0.0,0.7,0.3,0.18100524840688734,0.1663541867254293,0,412,263
HM+ST,stockpile,ctid,46,20,0.2,0.8,0.0,0.1943124163392244,0.19476622906080937,0,412,263
HM+ST,stockpile,ctid,46,20,0.1,0.8,0.1,0.19887198087132216,0.19311257347948563,0,412,263
HM+ST,stockpile,ctid,46,20,0.0,0.8,0.2,0.2006797653593865,0.18632990082918197,0,412,263
HM+ST,stockpile,ctid,46,20,0.1,0.9,0.0,0.19613293603737697,0.19570305069185595,0,412,263
HM+ST,stockpile,ctid,46,20,0.0,0.9,0.1,0.2050192777749706,0.1961895164857295,0,412,263
HM+ST,stockpile,ctid,46,20,0.0,1.0,0.0,0.2108415110891683,0.19985174211432885,1,412,263
HM+ST,stockpile,ctid,46,40,1.0,0.0,0.0,0.17813646105743483,0.18306874644018506,0,412,263
HM+ST,stockpile,ctid,46,40,0.9,0.0,0.1,0.175846223002676,0.17970028117707698,0,412,263
HM+ST,stockpile,ctid,46,40,0.8,0.0,0.2,0.18066613825573674,0.17640861955545847,0,412,263
HM+ST,stockpile,ctid,46,40,0.7,0.0,0.3,0.16740933420871668,0.1657647088279855,0,412,263
HM+ST,stockpile,ctid,46,40,0.6,0.0,0.4,0.1585093052077041,0.15369421870281308,0,412,263
HM+ST,stockpile,ctid,46,40,0.5,0.0,0.5,0.14161709310396675,0.14220419176844343,0,412,263
HM+ST,stockpile,ctid,46,40,0.4,0.0,0.6,0.12857386758083084,0.12444317276943458,0,412,263
HM+ST,stockpile,ctid,46,40,0.3,0.0,0.7,0.11148791032878118,0.10979832238350966,0,412,263
HM+ST,stockpile,ctid,46,40,0.2,0.0,0.8,0.10187063173646374,0.09668224081007579,0,412,263
HM+ST,stockpile,ctid,46,40,0.1,0.0,0.9,0.0804906790929927,0.07585143109954474,0,412,263
HM+ST,stockpile,ctid,46,40,0.0,0.0,1.0,0.03764360327199814,0.027984758145042532,0,412,263
HM+ST,stockpile,ctid,46,40,0.9,0.1,0.0,0.18058792525531372,0.18435919167908613,0,412,263
HM+ST,stockpile,ctid,46,40,0.8,0.1,0.1,0.18069784041820539,0.1831515729478975,0,412,263
HM+ST,stockpile,ctid,46,40,0.7,0.1,0.2,0.18255226584342613,0.17760924576439147,0,412,263
HM+ST,stockpile,ctid,46,40,0.6,0.1,0.3,0.17051380291195015,0.16539386119933056,0,412,263
HM+ST,stockpile,ctid,46,40,0.5,0.1,0.4,0.15646438405613586,0.15184828391759536,0,412,263
HM+ST,stockpile,ctid,46,40,0.4,0.1,0.5,0.13801027901194857,0.13928958894152912,0,412,263
HM+ST,stockpile,ctid,46,40,0.3,0.1,0.6,0.12346883286861876,0.12022663543054009,0,412,263
HM+ST,stockpile,ctid,46,40,0.2,0.1,0.7,0.10671534906640949,0.10393736494906783,0,412,263
HM+ST,stockpile,ctid,46,40,0.1,0.1,0.8,0.08159376186070452,0.08134352769306283,0,412,263
HM+ST,stockpile,ctid,46,40,0.0,0.1,0.9,0.08981094479524948,0.06254926883931795,0,412,263
HM+ST,stockpile,ctid,46,40,0.8,0.2,0.0,0.18254711459708445,0.18554544359251085,0,412,263
HM+ST,stockpile,ctid,46,40,0.7,0.2,0.1,0.185981028351541,0.1848980584370097,0,412,263
HM+ST,stockpile,ctid,46,40,0.6,0.2,0.2,0.1823966206525892,0.17803708094529888,0,412,263
HM+ST,stockpile,ctid,46,40,0.5,0.2,0.3,0.17207872604444738,0.163368272834919,0,412,263
HM+ST,stockpile,ctid,46,40,0.4,0.2,0.4,0.15423875550414073,0.1505607691302116,0,412,263
HM+ST,stockpile,ctid,46,40,0.3,0.2,0.5,0.13434811508901487,0.13573012717482658,0,412,263
HM+ST,stockpile,ctid,46,40,0.2,0.2,0.6,0.11819430596133129,0.1154041495591015,0,412,263
HM+ST,stockpile,ctid,46,40,0.1,0.2,0.7,0.10555149629633051,0.09757621103525252,0,412,263
HM+ST,stockpile,ctid,46,40,0.0,0.2,0.8,0.09070850653655989,0.06492950672573912,0,412,263
HM+ST,stockpile,ctid,46,40,0.7,0.3,0.0,0.18378505486647284,0.18760584294743474,0,412,263
HM+ST,stockpile,ctid,46,40,0.6,0.3,0.1,0.1900451206411236,0.18525675481034787,0,412,263
HM+ST,stockpile,ctid,46,40,0.5,0.3,0.2,0.18803260038633016,0.17827054980379226,0,412,263
HM+ST,stockpile,ctid,46,40,0.4,0.3,0.3,0.17348472458030498,0.1630240317515742,0,412,263
HM+ST,stockpile,ctid,46,40,0.3,0.3,0.4,0.15080238396642698,0.14984609193306886,0,412,263
HM+ST,stockpile,ctid,46,40,0.2,0.3,0.5,0.13022880070659193,0.1281446347257123,0,412,263
HM+ST,stockpile,ctid,46,40,0.1,0.3,0.6,0.11643479038492335,0.1093414344078818,0,412,263
HM+ST,stockpile,ctid,46,40,0.0,0.3,0.7,0.09270024919385696,0.07175427695110083,0,412,263
HM+ST,stockpile,ctid,46,40,0.6,0.4,0.0,0.1858669446797577,0.18903881472978157,0,412,263
HM+ST,stockpile,ctid,46,40,0.5,0.4,0.1,0.19458372582505506,0.1873942810422258,0,412,263
HM+ST,stockpile,ctid,46,40,0.4,0.4,0.2,0.18550847553329491,0.17706845442400604,0,412,263
HM+ST,stockpile,ctid,46,40,0.3,0.4,0.3,0.16632029151475444,0.16201665646557478,0,412,263
HM+ST,stockpile,ctid,46,40,0.2,0.4,0.4,0.14044774388144093,0.14617655474767402,0,412,263
HM+ST,stockpile,ctid,46,40,0.1,0.4,0.5,0.12706268516959932,0.11753306535159924,0,412,263
HM+ST,stockpile,ctid,46,40,0.0,0.4,0.6,0.10177350409761413,0.08547547471803847,0,412,263
HM+ST,stockpile,ctid,46,40,0.5,0.5,0.0,0.19158496542244982,0.19094490442375403,0,412,263
HM+ST,stockpile,ctid,46,40,0.4,0.5,0.1,0.19368952256907207,0.18804203095572708,0,412,263
HM+ST,stockpile,ctid,46,40,0.3,0.5,0.2,0.1848586804402505,0.1773131137748627,0,412,263
HM+ST,stockpile,ctid,46,40,0.2,0.5,0.3,0.1629430443797281,0.16120475944835036,0,412,263
HM+ST,stockpile,ctid,46,40,0.1,0.5,0.4,0.1403550213635409,0.1361333023872739,0,412,263
HM+ST,stockpile,ctid,46,40,0.0,0.5,0.5,0.12304217996261217,0.11002255298409988,0,412,263
HM+ST,stockpile,ctid,46,40,0.4,0.6,0.0,0.19859564679646316,0.19227410655516936,0,412,263
HM+ST,stockpile,ctid,46,40,0.3,0.6,0.1,0.19845827704045552,0.1894477956927812,0,412,263
HM+ST,stockpile,ctid,46,40,0.2,0.6,0.2,0.1862199731865984,0.17880872314393154,0,412,263
HM+ST,stockpile,ctid,46,40,0.1,0.6,0.3,0.16023505682021277,0.15398536140979813,0,412,263
HM+ST,stockpile,ctid,46,40,0.0,0.6,0.4,0.13987684715519344,0.12561333812908843,0,412,263
HM+ST,stockpile,ctid,46,40,0.3,0.7,0.0,0.2005905867978172,0.19419512737238787,0,412,263
HM+ST,stockpile,ctid,46,40,0.2,0.7,0.1,0.19813075355616888,0.19090535553964041,0,412,263
HM+ST,stockpile,ctid,46,40,0.1,0.7,0.2,0.18554365570186307,0.17616323090085823,0,412,263
HM+ST,stockpile,ctid,46,40,0.0,0.7,0.3,0.16152328063506888,0.15249827657100193,0,412,263
HM+ST,stockpile,ctid,46,40,0.2,0.8,0.0,0.2028180476158644,0.1965487106536427,0,412,263
HM+ST,stockpile,ctid,46,40,0.1,0.8,0.1,0.19412467278380846,0.1888207792940845,0,412,263
HM+ST,stockpile,ctid,46,40,0.0,0.8,0.2,0.19661161759947565,0.1785695366927677,0,412,263
HM+ST,stockpile,ctid,46,40,0.1,0.9,0.0,0.20500765366679655,0.19580137482356744,0,412,263
HM+ST,stockpile,ctid,46,40,0.0,0.9,0.1,0.20661009411032402,0.19255089197718994,0,412,263
HM+ST,stockpile,ctid,46,40,0.0,1.0,0.0,0.2121616731133278,0.1993665631974852,0,412,263
HM+ST,stockpile,ctid,46,60,1.0,0.0,0.0,0.17813646105743483,0.18306874644018506,0,412,263
HM+ST,stockpile,ctid,46,60,0.9,0.0,0.1,0.175846223002676,0.17970028117707698,0,412,263
HM+ST,stockpile,ctid,46,60,0.8,0.0,0.2,0.18066613825573674,0.17640861955545847,0,412,263
HM+ST,stockpile,ctid,46,60,0.7,0.0,0.3,0.16740933420871668,0.1657647088279855,0,412,263
HM+ST,stockpile,ctid,46,60,0.6,0.0,0.4,0.1585093052077041,0.15369421870281308,0,412,263
HM+ST,stockpile,ctid,46,60,0.5,0.0,0.5,0.14161709310396675,0.14220419176844343,0,412,263
HM+ST,stockpile,ctid,46,60,0.4,0.0,0.6,0.12857386758083084,0.12444317276943458,0,412,263
HM+ST,stockpile,ctid,46,60,0.3,0.0,0.7,0.11148791032878118,0.10979832238350966,0,412,263
HM+ST,stockpile,ctid,46,60,0.2,0.0,0.8,0.10187063173646374,0.09668224081007579,0,412,263
HM+ST,stockpile,ctid,46,60,0.1,0.0,0.9,0.0804906790929927,0.07585143109954474,0,412,263
HM+ST,stockpile,ctid,46,60,0.0,0.0,1.0,0.03764360327199814,0.027984758145042532,0,412,263
HM+ST,stockpile,ctid,46,60,0.9,0.1,0.0,0.17938112821563842,0.18387518439226536,0,412,263
HM+ST,stockpile,ctid,46,60,0.8,0.1,0.1,0.17906897257265353,0.18183548130805957,0,412,263
HM+ST,stockpile,ctid,46,60,0.7,0.1,0.2,0.18077609929010757,0.17715855637133587,0,412,263
HM+ST,stockpile,ctid,46,60,0.6,0.1,0.3,0.17021146347046437,0.16544259396080208,0,412,263
HM+ST,stockpile,ctid,46,60,0.5,0.1,0.4,0.15636575627977795,0.15149066055051869,0,412,263
HM+ST,stockpile,ctid,46,60,0.4,0.1,0.5,0.13768336747800616,0.1390831596721506,0,412,263
HM+ST,stockpile,ctid,46,60,0.3,0.1,0.6,0.12432427925732208,0.12080394992676231,0,412,263
HM+ST,stockpile,ctid,46,60,0.2,0.1,0.7,0.10783946128164683,0.104538750186121,0,412,263
HM+ST,stockpile,ctid,46,60,0.1,0.1,0.8,0.08393100124434041,0.08141794282823878,0,412,263
HM+ST,stockpile,ctid,46,60,0.0,0.1,0.9,0.08750648810516122,0.0608340471387109,0,412,263
HM+ST,stockpile,ctid,46,60,0.8,0.2,0.0,0.18116387995445907,0.18493383426639304,0,412,263
HM+ST,stockpile,ctid,46,60,0.7,0.2,0.1,0.1845860595396655,0.18341999532863268,0,412,263
HM+ST,stockpile,ctid,46,60,0.6,0.2,0.2,0.18124554872403478,0.17778047617112414,0,412,263
HM+ST,stockpile,ctid,46,60,0.5,0.2,0.3,0.16827735470592237,0.1640048449284548,0,412,263
HM+ST,stockpile,ctid,46,60,0.4,0.2,0.4,0.1501517337612996,0.1500489991793307,0,412,263
HM+ST,stockpile,ctid,46,60,0.3,0.2,0.5,0.1335889752436253,0.1352981084066262,0,412,263
HM+ST,stockpile,ctid,46,60,0.2,0.2,0.6,0.11866151020018822,0.11488677026788899,0,412,263
HM+ST,stockpile,ctid,46,60,0.1,0.2,0.7,0.10685095003272727,0.09680735948100819,0,412,263
HM+ST,stockpile,ctid,46,60,0.0,0.2,0.8,0.08659393181186341,0.061971349537273956,0,412,263
HM+ST,stockpile,ctid,46,60,0.7,0.3,0.0,0.18307930155211707,0.18561740356011402,0,412,263
HM+ST,stockpile,ctid,46,60,0.6,0.3,0.1,0.18561482569701188,0.18513277028677666,0,412,263
HM+ST,stockpile,ctid,46,60,0.5,0.3,0.2,0.1794674616033874,0.1769956282827747,0,412,263
HM+ST,stockpile,ctid,46,60,0.4,0.3,0.3,0.16821535727738537,0.16278657354906373,0,412,263
HM+ST,stockpile,ctid,46,60,0.3,0.3,0.4,0.14690309006214564,0.14853582587964803,0,412,263
HM+ST,stockpile,ctid,46,60,0.2,0.3,0.5,0.13408214029891855,0.12885993417039293,0,412,263
HM+ST,stockpile,ctid,46,60,0.1,0.3,0.6,0.11804663179522985,0.10695708308204428,0,412,263
HM+ST,stockpile,ctid,46,60,0.0,0.3,0.7,0.09439759269407545,0.07003071937756014,0,412,263
HM+ST,stockpile,ctid,46,60,0.6,0.4,0.0,0.1830318937775825,0.187750891929181,0,412,263
HM+ST,stockpile,ctid,46,60,0.5,0.4,0.1,0.18864830989912812,0.1865054696944372,0,412,263
HM+ST,stockpile,ctid,46,60,0.4,0.4,0.2,0.17741692612130106,0.17625113732844414,0,412,263
HM+ST,stockpile,ctid,46,60,0.3,0.4,0.3,0.16677475769241032,0.16282508224357223,0,412,263
HM+ST,stockpile,ctid,46,60,0.2,0.4,0.4,0.14291216585093675,0.14463528883853313,0,412,263
HM+ST,stockpile,ctid,46,60,0.1,0.4,0.5,0.125628138870276,0.1176454533128517,0,412,263
HM+ST,stockpile,ctid,46,60,0.0,0.4,0.6,0.10120127721793519,0.08185870481386878,0,412,263
HM+ST,stockpile,ctid,46,60,0.5,0.5,0.0,0.18243067938816437,0.18843743014951989,0,412,263
HM+ST,stockpile,ctid,46,60,0.4,0.5,0.1,0.18608428901772073,0.18714837276221716,0,412,263
HM+ST,stockpile,ctid,46,60,0.3,0.5,0.2,0.1801031716258018,0.17704308788446482,0,412,263
HM+ST,stockpile,ctid,46,60,0.2,0.5,0.3,0.16129407739373477,0.1604139626278151,0,412,263
HM+ST,stockpile,ctid,46,60,0.1,0.5,0.4,0.1381909634819815,0.1342171203115652,0,412,263
HM+ST,stockpile,ctid,46,60,0.0,0.5,0.5,0.1145554034832926,0.1016127906458842,0,412,263
HM+ST,stockpile,ctid,46,60,0.4,0.6,0.0,0.1859628331548133,0.19012392455119548,0,412,263
HM+ST,stockpile,ctid,46,60,0.3,0.6,0.1,0.18729002847898327,0.1879505263566566,0,412,263
HM+ST,stockpile,ctid,46,60,0.2,0.6,0.2,0.1803985223224845,0.17776763960698025,0,412,263
HM+ST,stockpile,ctid,46,60,0.1,0.6,0.3,0.15152172531767688,0.14990788982832307,0,412,263
HM+ST,stockpile,ctid,46,60,0.0,0.6,0.4,0.13201280622880102,0.12257544353962853,0,412,263
HM+ST,stockpile,ctid,46,60,0.3,0.7,0.0,0.1899400866135999,0.1920022579199451,0,412,263
HM+ST,stockpile,ctid,46,60,0.2,0.7,0.1,0.19121324273780643,0.18912692344703477,0,412,263
HM+ST,stockpile,ctid,46,60,0.1,0.7,0.2,0.17779409199544263,0.1723935400576839,0,412,263
HM+ST,stockpile,ctid,46,60,0.0,0.7,0.3,0.1516166005812915,0.1440833823082155,0,412,263
HM+ST,stockpile,ctid,46,60,0.2,0.8,0.0,0.19427251122244507,0.19390376713030424,0,412,263
HM+ST,stockpile,ctid,46,60,0.1,0.8,0.1,0.19173462989548912,0.18502399710530665,0,412,263
HM+ST,stockpile,ctid,46,60,0.0,0.8,0.2,0.17471441395819917,0.1703827527896307,0,412,263
HM+ST,stockpile,ctid,46,60,0.1,0.9,0.0,0.20227816563426307,0.19319528839651592,0,412,263
HM+ST,stockpile,ctid,46,60,0.0,0.9,0.1,0.1904000466757954,0.18547909286893893,0,412,263
HM+ST,stockpile,ctid,46,60,0.0,1.0,0.0,0.20234620625439467,0.191576647580785,0,412,263
HM+ST,stockpile,ctid,46,80,1.0,0.0,0.0,0.17813646105743483,0.18306874644018506,0,412,263
HM+ST,stockpile,ctid,46,80,0.9,0.0,0.1,0.175846223002676,0.17970028117707698,0,412,263
HM+ST,stockpile,ctid,46,80,0.8,0.0,0.2,0.18066613825573674,0.17640861955545847,0,412,263
HM+ST,stockpile,ctid,46,80,0.7,0.0,0.3,0.16740933420871668,0.1657647088279855,0,412,263
HM+ST,stockpile,ctid,46,80,0.6,0.0,0.4,0.1585093052077041,0.15369421870281308,0,412,263
HM+ST,stockpile,ctid,46,80,0.5,0.0,0.5,0.14161709310396675,0.14220419176844343,0,412,263
HM+ST,stockpile,ctid,46,80,0.4,0.0,0.6,0.12857386758083084,0.12444317276943458,0,412,263
HM+ST,stockpile,ctid,46,80,0.3,0.0,0.7,0.11148791032878118,0.10979832238350966,0,412,263
HM+ST,stockpile,ctid,46,80,0.2,0.0,0.8,0.10187063173646374,0.09668224081007579,0,412,263
HM+ST,stockpile,ctid,46,80,0.1,0.0,0.9,0.0804906790929927,0.07585143109954474,0,412,263
HM+ST,stockpile,ctid,46,80,0.0,0.0,1.0,0.03764360327199814,0.027984758145042532,0,412,263
HM+ST,stockpile,ctid,46,80,0.9,0.1,0.0,0.17917349521889464,0.18301198049854633,0,412,263
HM+ST,stockpile,ctid,46,80,0.8,0.1,0.1,0.17959735682546754,0.18059055470373156,0,412,263
HM+ST,stockpile,ctid,46,80,0.7,0.1,0.2,0.18164463556744154,0.1772236163675988,0,412,263
HM+ST,stockpile,ctid,46,80,0.6,0.1,0.3,0.17010957828927778,0.16585537558948238,0,412,263
HM+ST,stockpile,ctid,46,80,0.5,0.1,0.4,0.15391239773034615,0.15070214170132773,0,412,263
HM+ST,stockpile,ctid,46,80,0.4,0.1,0.5,0.13702794706701835,0.138454580427406,0,412,263
HM+ST,stockpile,ctid,46,80,0.3,0.1,0.6,0.12433931435454919,0.1204494574006996,0,412,263
HM+ST,stockpile,ctid,46,80,0.2,0.1,0.7,0.10759119860979886,0.10434542558301999,0,412,263
HM+ST,stockpile,ctid,46,80,0.1,0.1,0.8,0.08334619582352319,0.08103306975203337,0,412,263
HM+ST,stockpile,ctid,46,80,0.0,0.1,0.9,0.0812541417117931,0.05894228245938158,0,412,263
HM+ST,stockpile,ctid,46,80,0.8,0.2,0.0,0.1817800562394613,0.1840224993992354,0,412,263
HM+ST,stockpile,ctid,46,80,0.7,0.2,0.1,0.18178772027668105,0.18190803752795234,0,412,263
HM+ST,stockpile,ctid,46,80,0.6,0.2,0.2,0.18380362740256617,0.17731215768138436,0,412,263
HM+ST,stockpile,ctid,46,80,0.5,0.2,0.3,0.1704809081930709,0.164432886661641,0,412,263
HM+ST,stockpile,ctid,46,80,0.4,0.2,0.4,0.14835383150107856,0.1499949361158877,0,412,263
HM+ST,stockpile,ctid,46,80,0.3,0.2,0.5,0.1335895035505941,0.13350488827037005,0,412,263
HM+ST,stockpile,ctid,46,80,0.2,0.2,0.6,0.11791523221149307,0.11417895122153934,0,412,263
HM+ST,stockpile,ctid,46,80,0.1,0.2,0.7,0.10493952867476328,0.09490436062329519,0,412,263
HM+ST,stockpile,ctid,46,80,0.0,0.2,0.8,0.08387072859858304,0.061203559608396,0,412,263
HM+ST,stockpile,ctid,46,80,0.7,0.3,0.0,0.18303836009303204,0.1854702270525992,0,412,263
HM+ST,stockpile,ctid,46,80,0.6,0.3,0.1,0.1877781419798477,0.18288938461874327,0,412,263
HM+ST,stockpile,ctid,46,80,0.5,0.3,0.2,0.18159288335175267,0.175221971016345,0,412,263
HM+ST,stockpile,ctid,46,80,0.4,0.3,0.3,0.16925392447445503,0.16310725783220456,0,412,263
HM+ST,stockpile,ctid,46,80,0.3,0.3,0.4,0.14300649744585908,0.1453638215071179,0,412,263
HM+ST,stockpile,ctid,46,80,0.2,0.3,0.5,0.13684333604322818,0.12865009551586484,0,412,263
HM+ST,stockpile,ctid,46,80,0.1,0.3,0.6,0.11493526073652446,0.10348818309283261,0,412,263
HM+ST,stockpile,ctid,46,80,0.0,0.3,0.7,0.08789197567368498,0.06563947357231023,0,412,263
HM+ST,stockpile,ctid,46,80,0.6,0.4,0.0,0.1874252829849174,0.18635491271726481,0,412,263
HM+ST,stockpile,ctid,46,80,0.5,0.4,0.1,0.18569662381088747,0.1824384601800318,0,412,263
HM+ST,stockpile,ctid,46,80,0.4,0.4,0.2,0.17631472647036064,0.17287169885223883,0,412,263
HM+ST,stockpile,ctid,46,80,0.3,0.4,0.3,0.1645829424648107,0.16042384391034586,0,412,263
HM+ST,stockpile,ctid,46,80,0.2,0.4,0.4,0.14496526339569976,0.14164964433805163,0,412,263
HM+ST,stockpile,ctid,46,80,0.1,0.4,0.5,0.12390410873833654,0.11415046022273848,0,412,263
HM+ST,stockpile,ctid,46,80,0.0,0.4,0.6,0.09323611831635753,0.07564062576490531,0,412,263
HM+ST,stockpile,ctid,46,80,0.5,0.5,0.0,0.18432061958408932,0.1859662797886777,0,412,263
HM+ST,stockpile,ctid,46,80,0.4,0.5,0.1,0.18453870517171822,0.18276707073813583,0,412,263
HM+ST,stockpile,ctid,46,80,0.3,0.5,0.2,0.17535892293386096,0.17145562389000615,0,412,263
HM+ST,stockpile,ctid,46,80,0.2,0.5,0.3,0.16066538006653944,0.15614967658962556,0,412,263
HM+ST,stockpile,ctid,46,80,0.1,0.5,0.4,0.1394555835571403,0.1316908763619635,0,412,263
HM+ST,stockpile,ctid,46,80,0.0,0.5,0.5,0.1045418528489875,0.09065446056608556,0,412,263
HM+ST,stockpile,ctid,46,80,0.4,0.6,0.0,0.18451724338748138,0.18700175424920756,0,412,263
HM+ST,stockpile,ctid,46,80,0.3,0.6,0.1,0.18049018236363926,0.1822081782353598,0,412,263
HM+ST,stockpile,ctid,46,80,0.2,0.6,0.2,0.17765690253191052,0.17145542759500415,0,412,263
HM+ST,stockpile,ctid,46,80,0.1,0.6,0.3,0.15385388477362816,0.1469281158711172,0,412,263
HM+ST,stockpile,ctid,46,80,0.0,0.6,0.4,0.12341566717091301,0.11216552058665936,0,412,263
HM+ST,stockpile,ctid,46,80,0.3,0.7,0.0,0.19033578527649667,0.1894474653044756,0,412,263
HM+ST,stockpile,ctid,46,80,0.2,0.7,0.1,0.18564095185089918,0.18305920771413392,0,412,263
HM+ST,stockpile,ctid,46,80,0.1,0.7,0.2,0.17088034126732404,0.1630501458669095,0,412,263
HM+ST,stockpile,ctid,46,80,0.0,0.7,0.3,0.146307112103937,0.13286371328830757,0,412,263
HM+ST,stockpile,ctid,46,80,0.2,0.8,0.0,0.19660846020389422,0.19068082040499085,0,412,263
HM+ST,stockpile,ctid,46,80,0.1,0.8,0.1,0.18392066415829605,0.1768271866108923,0,412,263
HM+ST,stockpile,ctid,46,80,0.0,0.8,0.2,0.1637571614824485,0.15339140674084004,0,412,263
HM+ST,stockpile,ctid,46,80,0.1,0.9,0.0,0.19952243332057007,0.18726433962780506,0,412,263
HM+ST,stockpile,ctid,46,80,0.0,0.9,0.1,0.1797308921486127,0.17190303782192112,0,412,263
HM+ST,stockpile,ctid,46,80,0.0,1.0,0.0,0.19402522587228715,0.181074798505877,0,412,263
HM+T,attack_flow,ctid,42,,1.0,0.0,0.0,0.10632013574118082,0.12909526090771803,1,109,263
HM+T,attack_flow,ctid,42,,0.9,0.0,0.1,0.102007128914993,0.11509643374842748,0,109,263
HM+T,attack_flow,ctid,42,,0.8,0.0,0.2,0.10298769512046024,0.10960567846070787,0,109,263
HM+T,attack_flow,ctid,42,,0.7,0.0,0.3,0.09508915174733851,0.10115319875389986,0,109,263
HM+T,attack_flow,ctid,42,,0.6,0.0,0.4,0.09315864493247496,0.09390493175167733,0,109,263
HM+T,attack_flow,ctid,42,,0.5,0.0,0.5,0.09145762316230197,0.09120188099446488,0,109,263
HM+T,attack_flow,ctid,42,,0.4,0.0,0.6,0.09092416058595049,0.08901661566646062,0,109,263
HM+T,attack_flow,ctid,42,,0.30000000000000004,0.0,0.7,0.09224732282890744,0.08630116514142908,0,109,263
HM+T,attack_flow,ctid,42,,0.19999999999999996,0.0,0.8,0.08940005883677438,0.08512694015056109,0,109,263
HM+T,attack_flow,ctid,42,,0.09999999999999998,0.0,0.9,0.08420133481911152,0.07801023615236924,0,109,263
HM+T,attack_flow,ctid,42,,0.0,0.0,1.0,0.05587796612221768,0.05119451025884521,0,109,263
HM+T,attack_flow,ctid,43,,1.0,0.0,0.0,0.10124688596287826,0.12909526090771803,1,109,263
HM+T,attack_flow,ctid,43,,0.9,0.0,0.1,0.09235980253031104,0.11509643374842748,0,109,263
HM+T,attack_flow,ctid,43,,0.8,0.0,0.2,0.09198493172149576,0.10960567846070787,0,109,263
HM+T,attack_flow,ctid,43,,0.7,0.0,0.3,0.08817940415561511,0.10115319875389986,0,109,263
HM+T,attack_flow,ctid,43,,0.6,0.0,0.4,0.08819783394356631,0.09390493175167733,0,109,263
HM+T,attack_flow,ctid,43,,0.5,0.0,0.5,0.08625918919133777,0.09120188099446488,0,109,263
HM+T,attack_flow,ctid,43,,0.4,0.0,0.6,0.08459109041162784,0.08901661566646062,0,109,263
HM+T,attack_flow,ctid,43,,0.30000000000000004,0.0,0.7,0.08711522935459871,0.08630116514142908,0,109,263
HM+T,attack_flow,ctid,43,,0.19999999999999996,0.0,0.8,0.08489300526253045,0.08512694015056109,0,109,263
HM+T,attack_flow,ctid,43,,0.09999999999999998,0.0,0.9,0.07896429935605817,0.07801023615236924,0,109,263
HM+T,attack_flow,ctid,43,,0.0,0.0,1.0,0.05587796612221768,0.05119451025884521,0,109,263
HM+T,attack_flow,ctid,44,,1.0,0.0,0.0,0.10821325635934269,0.12909526090771803,1,109,263
HM+T,attack_flow,ctid,44,,0.9,0.0,0.1,0.10107365296601445,0.11509643374842748,0,109,263
HM+T,attack_flow,ctid,44,,0.8,0.0,0.2,0.09065523785245702,0.10960567846070787,0,109,263
HM+T,attack_flow,ctid,44,,0.7,0.0,0.3,0.09298043171702172,0.10115319875389986,0,109,263
HM+T,attack_flow,ctid,44,,0.6,0.0,0.4,0.08382407052396106,0.09390493175167733,0,109,263
HM+T,attack_flow,ctid,44,,0.5,0.0,0.5,0.08212304875378806,0.09120188099446488,0,109,263
HM+T,attack_flow,ctid,44,,0.4,0.0,0.6,0.08217520486304095,0.08901661566646062,0,109,263
HM+T,attack_flow,ctid,44,,0.30000000000000004,0.0,0.7,0.08178789116936899,0.08630116514142908,0,109,263
HM+T,attack_flow,ctid,44,,0.19999999999999996,0.0,0.8,0.07900690632802201,0.08512694015056109,0,109,263
HM+T,attack_flow,ctid,44,,0.09999999999999998,0.0,0.9,0.07363696117082846,0.07801023615236924,0,109,263
HM+T,attack_flow,ctid,44,,0.0,0.0,1.0,0.05587796612221768,0.05119451025884521,0,109,263
HM+T,attack_flow,ctid,45,,1.0,0.0,0.0,0.09846050989439702,0.12909526090771803,1,109,263
HM+T,attack_flow,ctid,45,,0.9,0.0,0.1,0.0960296916602742,0.11509643374842748,0,109,263
HM+T,attack_flow,ctid,45,,0.8,0.0,0.2,0.09052947016867195,0.10960567846070787,0,109,263
HM+T,attack_flow,ctid,45,,0.7,0.0,0.3,0.08708960616047302,0.10115319875389986,0,109,263
HM+T,attack_flow,ctid,45,,0.6,0.0,0.4,0.08463149686414081,0.09390493175167733,0,109,263
HM+T,attack_flow,ctid,45,,0.5,0.0,0.5,0.08126237631425788,0.09120188099446488,0,109,263
HM+T,attack_flow,ctid,45,,0.4,0.0,0.6,0.08239701251761633,0.08901661566646062,0,109,263
HM+T,attack_flow,ctid,45,,0.30000000000000004,0.0,0.7,0.0838251167493179,0.08630116514142908,0,109,263
HM+T,attack_flow,ctid,45,,0.19999999999999996,0.0,0.8,0.08087291076844023,0.08512694015056109,0,109,263
HM+T,attack_flow,ctid,45,,0.09999999999999998,0.0,0.9,0.07567418675077738,0.07801023615236924,0,109,263
HM+T,attack_flow,ctid,45,,0.0,0.0,1.0,0.05587796612221768,0.05119451025884521,0,109,263
HM+T,attack_flow,ctid,46,,1.0,0.0,0.0,0.1025195286050203,0.12909526090771803,1,109,263
HM+T,attack_flow,ctid,46,,0.9,0.0,0.1,0.09567170869835391,0.11509643374842748,0,109,263
HM+T,attack_flow,ctid,46,,0.8,0.0,0.2,0.09646587667041431,0.10960567846070787,0,109,263
HM+T,attack_flow,ctid,46,,0.7,0.0,0.3,0.10121531980950467,0.10115319875389986,0,109,263
HM+T,attack_flow,ctid,46,,0.6,0.0,0.4,0.0932850095304718,0.09390493175167733,0,109,263
HM+T,attack_flow,ctid,46,,0.5,0.0,0.5,0.09043516716953777,0.09120188099446488,0,109,263
HM+T,attack_flow,ctid,46,,0.4,0.0,0.6,0.09196620470605335,0.08901661566646062,0,109,263
HM+T,attack_flow,ctid,46,,0.30000000000000004,0.0,0.7,0.09328936694901031,0.08630116514142908,0,109,263
HM+T,attack_flow,ctid,46,,0.19999999999999996,0.0,0.8,0.09040350146478811,0.08512694015056109,0,109,263
HM+T,attack_flow,ctid,46,,0.09999999999999998,0.0,0.9,0.08520477744712525,0.07801023615236924,0,109,263
HM+T,attack_flow,ctid,46,,0.0,0.0,1.0,0.05587796612221768,0.05119451025884521,0,109,263
HM+T,attack_flow,stockpile,42,,1.0,0.0,0.0,0.15578535298008467,0.12909526090771803,1,263,109
HM+T,attack_flow,stockpile,42,,0.9,0.0,0.1,0.13464895401966032,0.11509643374842748,0,263,109
HM+T,attack_flow,stockpile,42,,0.8,0.0,0.2,0.12854890699006452,0.10960567846070787,0,263,109
HM+T,attack_flow,stockpile,42,,0.7,0.0,0.3,0.10316926013199179,0.10115319875389986,0,263,109
HM+T,attack_flow,stockpile,42,,0.6,0.0,0.4,0.09640407232049626,0.09390493175167733,0,263,109
HM+T,attack_flow,stockpile,42,,0.5,0.0,0.5,0.09471044584096013,0.09120188099446488,0,263,109
HM+T,attack_flow,stockpile,42,,0.4,0.0,0.6,0.09287648896281384,0.08901661566646062,0,263,109
HM+T,attack_flow,stockpile,42,,0.30000000000000004,0.0,0.7,0.08417165354424941,0.08630116514142908,0,263,109
HM+T,attack_flow,stockpile,42,,0.19999999999999996,0.0,0.8,0.0852922818932454,0.08512694015056109,0,263,109
HM+T,attack_flow,stockpile,42,,0.09999999999999998,0.0,0.9,0.07633472843999331,0.07801023615236924,0,263,109
HM+T,attack_flow,stockpile,42,,0.0,0.0,1.0,0.04651105439547272,0.05119451025884521,0,263,109
HM+T,attack_flow,stockpile,43,,1.0,0.0,0.0,0.15522652646444274,0.12909526090771803,1,263,109
HM+T,attack_flow,stockpile,43,,0.9,0.0,0.1,0.13351485081000533,0.11509643374842748,0,263,109
HM+T,attack_flow,stockpile,43,,0.8,0.0,0.2,0.12849975629066698,0.10960567846070787,0,263,109
HM+T,attack_flow,stockpile,43,,0.7,0.0,0.3,0.10861793014896663,0.10115319875389986,0,263,109
HM+T,attack_flow,stockpile,43,,0.6,0.0,0.4,0.09887771052483331,0.09390493175167733,0,263,109
HM+T,attack_flow,stockpile,43,,0.5,0.0,0.5,0.09883152754946581,0.09120188099446488,0,263,109
HM+T,attack_flow,stockpile,43,,0.4,0.0,0.6,0.09176923209700846,0.08901661566646062,0,263,109
HM+T,attack_flow,stockpile,43,,0.30000000000000004,0.0,0.7,0.08431542016715232,0.08630116514142908,0,263,109
HM+T,attack_flow,stockpile,43,,0.19999999999999996,0.0,0.8,0.08468951717786952,0.08512694015056109,0,263,109
HM+T,attack_flow,stockpile,43,,0.09999999999999998,0.0,0.9,0.07535786671390021,0.07801023615236924,0,263,109
HM+T,attack_flow,stockpile,43,,0.0,0.0,1.0,0.04651105439547272,0.05119451025884521,0,263,109
HM+T,attack_flow,stockpile,44,,1.0,0.0,0.0,0.15274960061987297,0.12909526090771803,1,263,109
HM+T,attack_flow,stockpile,44,,0.9,0.0,0.1,0.13122959995991776,0.11509643374842748,0,263,109
HM+T,attack_flow,stockpile,44,,0.8,0.0,0.2,0.1273270151473652,0.10960567846070787,0,263,109
HM+T,attack_flow,stockpile,44,,0.7,0.0,0.3,0.10623315722662309,0.10115319875389986,0,263,109
HM+T,attack_flow,stockpile,44,,0.6,0.0,0.4,0.101348033279225,0.09390493175167733,0,263,109
HM+T,attack_flow,stockpile,44,,0.5,0.0,0.5,0.09681025915587561,0.09120188099446488,0,263,109
HM+T,attack_flow,stockpile,44,,0.4,0.0,0.6,0.09296786461728683,0.08901661566646062,0,263,109
HM+T,attack_flow,stockpile,44,,0.30000000000000004,0.0,0.7,0.08804369429659362,0.08630116514142908,0,263,109
HM+T,attack_flow,stockpile,44,,0.19999999999999996,0.0,0.8,0.08804369429659362,0.08512694015056109,0,263,109
HM+T,attack_flow,stockpile,44,,0.09999999999999998,0.0,0.9,0.07968955610818551,0.07801023615236924,0,263,109
HM+T,attack_flow,stockpile,44,,0.0,0.0,1.0,0.04651105439547272,0.05119451025884521,0,263,109
HM+T,attack_flow,stockpile,45,,1.0,0.0,0.0,0.14935949719207245,0.12909526090771803,1,263,109
HM+T,attack_flow,stockpile,45,,0.9,0.0,0.1,0.1241981725990265,0.11509643374842748,0,263,109
HM+T,attack_flow,stockpile,45,,0.8,0.0,0.2,0.10702576299404086,0.10960567846070787,0,263,109
HM+T,attack_flow,stockpile,45,,0.7,0.0,0.3,0.10278727692266816,0.10115319875389986,0,263,109
HM+T,attack_flow,stockpile,45,,0.6,0.0,0.4,0.10014440644170898,0.09390493175167733,0,263,109
HM+T,attack_flow,stockpile,45,,0.5,0.0,0.5,0.09437697220764216,0.09120188099446488,0,263,109
HM+T,attack_flow,stockpile,45,,0.4,0.0,0.6,0.09099497989967392,0.08901661566646062,0,263,109
HM+T,attack_flow,stockpile,45,,0.30000000000000004,0.0,0.7,0.0848437026743112,0.08630116514142908,0,263,109
HM+T,attack_flow,stockpile,45,,0.19999999999999996,0.0,0.8,0.08595560095415308,0.08512694015056109,0,263,109
HM+T,attack_flow,stockpile,45,,0.09999999999999998,0.0,0.9,0.07714116357433579,0.07801023615236924,0,263,109
HM+T,attack_flow,stockpile,45,,0.0,0.0,1.0,0.04651105439547272,0.05119451025884521,0,263,109
HM+T,attack_flow,stockpile,46,,1.0,0.0,0.0,0.16107131525788845,0.12909526090771803,1,263,109
HM+T,attack_flow,stockpile,46,,0.9,0.0,0.1,0.14023077532571826,0.11509643374842748,0,263,109
HM+T,attack_flow,stockpile,46,,0.8,0.0,0.2,0.13203213165144195,0.10960567846070787,0,263,109
HM+T,attack_flow,stockpile,46,,0.7,0.0,0.3,0.12617044951879586,0.10115319875389986,0,263,109
HM+T,attack_flow,stockpile,46,,0.6,0.0,0.4,0.09917803915589482,0.09390493175167733,0,263,109
HM+T,attack_flow,stockpile,46,,0.5,0.0,0.5,0.0957522005994816,0.09120188099446488,0,263,109
HM+T,attack_flow,stockpile,46,,0.4,0.0,0.6,0.08950391800353413,0.08901661566646062,0,263,109
HM+T,attack_flow,stockpile,46,,0.30000000000000004,0.0,0.7,0.08337225368078094,0.08630116514142908,0,263,109
HM+T,attack_flow,stockpile,46,,0.19999999999999996,0.0,0.8,0.08271192452319412,0.08512694015056109,0,263,109
HM+T,attack_flow,stockpile,46,,0.09999999999999998,0.0,0.9,0.07389748714337682,0.07801023615236924,0,263,109
HM+T,attack_flow,stockpile,46,,0.0,0.0,1.0,0.04651105439547272,0.05119451025884521,0,263,109
HM+T,ctid,attack_flow,42,,1.0,0.0,0.0,0.06818949184885319,0.10532388305352063,1,109,412
HM+T,ctid,attack_flow,42,,0.9,0.0,0.1,0.06697377739245362,0.10498726373403702,0,109,412
HM+T,ctid,attack_flow,42,,0.8,0.0,0.2,0.0563830873269398,0.10232370808375883,0,109,412
HM+T,ctid,attack_flow,42,,0.7,0.0,0.3,0.05462244450958185,0.10139327869456416,0,109,412
HM+T,ctid,attack_flow,42,,0.6,0.0,0.4,0.05391131656165463,0.09940345772092564,0,109,412
HM+T,ctid,attack_flow,42,,0.5,0.0,0.5,0.051907686998493054,0.09955241871302405,0,109,412
HM+T,ctid,attack_flow,42,,0.4,0.0,0.6,0.051282542726713634,0.0991013289816245,0,109,412
HM+T,ctid,attack_flow,42,,0.30000000000000004,0.0,0.7,0.05133672392107488,0.09354187675084433,0,109,412
HM+T,ctid,attack_flow,42,,0.19999999999999996,0.0,0.8,0.04897966516243723,0.0824690489801879,0,109,412
HM+T,ctid,attack_flow,42,,0.09999999999999998,0.0,0.9,0.05248742526357216,0.08562426739887562,0,109,412
HM+T,ctid,attack_flow,42,,0.0,0.0,1.0,0.027243319745313046,0.021884687257427662,0,109,412
HM+T,ctid,attack_flow,43,,1.0,0.0,0.0,0.07973179361950655,0.10532388305352063,1,109,412
HM+T,ctid,attack_flow,43,,0.9,0.0,0.1,0.08171679124998545,0.10498726373403702,0,109,412
HM+T,ctid,attack_flow,43,,0.8,0.0,0.2,0.07332047670324608,0.10232370808375883,0,109,412
HM+T,ctid,attack_flow,43,,0.7,0.0,0.3,0.05770193928897305,0.10139327869456416,0,109,412
HM+T,ctid,attack_flow,43,,0.6,0.0,0.4,0.056287750596652024,0.09940345772092564,0,109,412
HM+T,ctid,attack_flow,43,,0.5,0.0,0.5,0.05705229991468124,0.09955241871302405,0,109,412
HM+T,ctid,attack_flow,43,,0.4,0.0,0.6,0.05642715564290182,0.0991013289816245,0,109,412
HM+T,ctid,attack_flow,43,,0.30000000000000004,0.0,0.7,0.05674068225517358,0.09354187675084433,0,109,412
HM+T,ctid,attack_flow,43,,0.19999999999999996,0.0,0.8,0.05412427807862542,0.0824690489801879,0,109,412
HM+T,ctid,attack_flow,43,,0.09999999999999998,0.0,0.9,0.05763203817976035,0.08562426739887562,0,109,412
HM+T,ctid,attack_flow,43,,0.0,0.0,1.0,0.027243319745313046,0.021884687257427662,0,109,412
HM+T,ctid,attack_flow,44,,1.0,0.0,0.0,0.07787324920751497,0.10532388305352063,1,109,412
HM+T,ctid,attack_flow,44,,0.9,0.0,0.1,0.07070539207852759,0.10498726373403702,0,109,412
HM+T,ctid,attack_flow,44,,0.8,0.0,0.2,0.06992128397436301,0.10232370808375883,0,109,412
HM+T,ctid,attack_flow,44,,0.7,0.0,0.3,0.057697308829703066,0.10139327869456416,0,109,412
HM+T,ctid,attack_flow,44,,0.6,0.0,0.4,0.05574046720234547,0.09940345772092564,0,109,412
HM+T,ctid,attack_flow,44,,0.5,0.0,0.5,0.056505016520374686,0.09955241871302405,0,109,412
HM+T,ctid,attack_flow,44,,0.4,0.0,0.6,0.055879872248595266,0.0991013289816245,0,109,412
HM+T,ctid,attack_flow,44,,0.30000000000000004,0.0,0.7,0.05593405344295652,0.09354187675084433,0,109,412
HM+T,ctid,attack_flow,44,,0.19999999999999996,0.0,0.8,0.05365014057474088,0.0824690489801879,0,109,412
HM+T,ctid,attack_flow,44,,0.09999999999999998,0.0,0.9,0.057084754785453794,0.08562426739887562,0,109,412
HM+T,ctid,attack_flow,44,,0.0,0.0,1.0,0.027243319745313046,0.021884687257427662,0,109,412
HM+T,ctid,attack_flow,45,,1.0,0.0,0.0,0.08215207485401285,0.10532388305352063,1,109,412
HM+T,ctid,attack_flow,45,,0.9,0.0,0.1,0.08247369493981445,0.10498726373403702,0,109,412
HM+T,ctid,attack_flow,45,,0.8,0.0,0.2,0.07204895908526712,0.10232370808375883,0,109,412
HM+T,ctid,attack_flow,45,,0.7,0.0,0.3,0.05836631067752709,0.10139327869456416,0,109,412
HM+T,ctid,attack_flow,45,,0.6,0.0,0.4,0.059735331589958904,0.09940345772092564,0,109,412
HM+T,ctid,attack_flow,45,,0.5,0.0,0.5,0.05773170202679732,0.09955241871302405,0,109,412
HM+T,ctid,attack_flow,45,,0.4,0.0,0.6,0.0571065577550179,0.0991013289816245,0,109,412
HM+T,ctid,attack_flow,45,,0.30000000000000004,0.0,0.7,0.05716073894937915,0.09354187675084433,0,109,412
HM+T,ctid,attack_flow,45,,0.19999999999999996,0.0,0.8,0.0548036801907415,0.0824690489801879,0,109,412
HM+T,ctid,attack_flow,45,,0.09999999999999998,0.0,0.9,0.058311440291876425,0.08562426739887562,0,109,412
HM+T,ctid,attack_flow,45,,0.0,0.0,1.0,0.027243319745313046,0.021884687257427662,0,109,412
HM+T,ctid,attack_flow,46,,1.0,0.0,0.0,0.07464485880698872,0.10532388305352063,1,109,412
HM+T,ctid,attack_flow,46,,0.9,0.0,0.1,0.07259960892465858,0.10498726373403702,0,109,412
HM+T,ctid,attack_flow,46,,0.8,0.0,0.2,0.06762904846679527,0.10232370808375883,0,109,412
HM+T,ctid,attack_flow,46,,0.7,0.0,0.3,0.056322754689542676,0.10139327869456416,0,109,412
HM+T,ctid,attack_flow,46,,0.6,0.0,0.4,0.054398642574029016,0.09940345772092564,0,109,412
HM+T,ctid,attack_flow,46,,0.5,0.0,0.5,0.05516319189205824,0.09955241871302405,0,109,412
HM+T,ctid,attack_flow,46,,0.4,0.0,0.6,0.05453804762027882,0.0991013289816245,0,109,412
HM+T,ctid,attack_flow,46,,0.30000000000000004,0.0,0.7,0.05459222881464007,0.09354187675084433,0,109,412
HM+T,ctid,attack_flow,46,,0.19999999999999996,0.0,0.8,0.052235170056002415,0.0824690489801879,0,109,412
HM+T,ctid,attack_flow,46,,0.09999999999999998,0.0,0.9,0.05574293015713735,0.08562426739887562,0,109,412
HM+T,ctid,attack_flow,46,,0.0,0.0,1.0,0.027243319745313046,0.021884687257427662,0,109,412
HM+T,ctid,stockpile,42,,1.0,0.0,0.0,0.13376743719758546,0.10532388305352063,1,412,109
HM+T,ctid,stockpile,42,,0.9,0.0,0.1,0.13832922730923317,0.10498726373403702,0,412,109
HM+T,ctid,stockpile,42,,0.8,0.0,0.2,0.13409206745531688,0.10232370808375883,0,412,109
HM+T,ctid,stockpile,42,,0.7,0.0,0.3,0.14002793160143834,0.10139327869456416,0,412,109
HM+T,ctid,stockpile,42,,0.6,0.0,0.4,0.14199111721549554,0.09940345772092564,0,412,109
HM+T,ctid,stockpile,42,,0.5,0.0,0.5,0.14306841698149741,0.09955241871302405,0,412,109
HM+T,ctid,stockpile,42,,0.4,0.0,0.6,0.1374108071005873,0.0991013289816245,0,412,109
HM+T,ctid,stockpile,42,,0.30000000000000004,0.0,0.7,0.13307650210041405,0.09354187675084433,0,412,109
HM+T,ctid,stockpile,42,,0.19999999999999996,0.0,0.8,0.11238824318983129,0.0824690489801879,0,412,109
HM+T,ctid,stockpile,42,,0.09999999999999998,0.0,0.9,0.10756007924882034,0.08562426739887562,0,412,109
HM+T,ctid,stockpile,42,,0.0,0.0,1.0,0.01652605476954228,0.021884687257427662,0,412,109
HM+T,ctid,stockpile,43,,1.0,0.0,0.0,0.1372791209716135,0.10532388305352063,1,412,109
HM+T,ctid,stockpile,43,,0.9,0.0,0.1,0.13294550616848577,0.10498726373403702,0,412,109
HM+T,ctid,stockpile,43,,0.8,0.0,0.2,0.13815339130771284,0.10232370808375883,0,412,109
HM+T,ctid,stockpile,43,,0.7,0.0,0.3,0.149536253157855,0.10139327869456416,0,412,109
HM+T,ctid,stockpile,43,,0.6,0.0,0.4,0.1432749859848329,0.09940345772092564,0,412,109
HM+T,ctid,stockpile,43,,0.5,0.0,0.5,0.14391534331288622,0.09955241871302405,0,412,109
HM+T,ctid,stockpile,43,,0.4,0.0,0.6,0.1450965814603698,0.0991013289816245,0,412,109
HM+T,ctid,stockpile,43,,0.30000000000000004,0.0,0.7,0.13419363386273506,0.09354187675084433,0,412,109
HM+T,ctid,stockpile,43,,0.19999999999999996,0.0,0.8,0.11268597146456226,0.0824690489801879,0,412,109
HM+T,ctid,stockpile,43,,0.09999999999999998,0.0,0.9,0.12238308569618826,0.08562426739887562,0,412,109
HM+T,ctid,stockpile,43,,0.0,0.0,1.0,0.01652605476954228,0.021884687257427662,0,412,109
HM+T,ctid,stockpile,44,,1.0,0.0,0.0,0.13268322000079613,0.10532388305352063,1,412,109
HM+T,ctid,stockpile,44,,0.9,0.0,0.1,0.13648982313222838,0.10498726373403702,0,412,109
HM+T,ctid,stockpile,44,,0.8,0.0,0.2,0.13640627436068864,0.10232370808375883,0,412,109
HM+T,ctid,stockpile,44,,0.7,0.0,0.3,0.14935416366456786,0.10139327869456416,0,412,109
HM+T,ctid,stockpile,44,,0.6,0.0,0.4,0.14348186325067291,0.09940345772092564,0,412,109
HM+T,ctid,stockpile,44,,0.5,0.0,0.5,0.14339350982781746,0.09955241871302405,0,412,109
HM+T,ctid,stockpile,44,,0.4,0.0,0.6,0.144513427200919,0.0991013289816245,0,412,109
HM+T,ctid,stockpile,44,,0.30000000000000004,0.0,0.7,0.1262311999612418,0.09354187675084433,0,412,109
HM+T,ctid,stockpile,44,,0.19999999999999996,0.0,0.8,0.11165448400696366,0.0824690489801879,0,412,109
HM+T,ctid,stockpile,44,,0.09999999999999998,0.0,0.9,0.10964249218944537,0.08562426739887562,0,412,109
HM+T,ctid,stockpile,44,,0.0,0.0,1.0,0.01652605476954228,0.021884687257427662,0,412,109
HM+T,ctid,stockpile,45,,1.0,0.0,0.0,0.13540560612879915,0.10532388305352063,1,412,109
HM+T,ctid,stockpile,45,,0.9,0.0,0.1,0.13400396982085955,0.10498726373403702,0,412,109
HM+T,ctid,stockpile,45,,0.8,0.0,0.2,0.13812151537105619,0.10232370808375883,0,412,109
HM+T,ctid,stockpile,45,,0.7,0.0,0.3,0.15115983882539777,0.10139327869456416,0,412,109
HM+T,ctid,stockpile,45,,0.6,0.0,0.4,0.1427496671902423,0.09940345772092564,0,412,109
HM+T,ctid,stockpile,45,,0.5,0.0,0.5,0.14339350982781746,0.09955241871302405,0,412,109
HM+T,ctid,stockpile,45,,0.4,0.0,0.6,0.14446521256617367,0.0991013289816245,0,412,109
HM+T,ctid,stockpile,45,,0.30000000000000004,0.0,0.7,0.13307650210041405,0.09354187675084433,0,412,109
HM+T,ctid,stockpile,45,,0.19999999999999996,0.0,0.8,0.11116936206141809,0.0824690489801879,0,412,109
HM+T,ctid,stockpile,45,,0.09999999999999998,0.0,0.9,0.11509775542093893,0.08562426739887562,0,412,109
HM+T,ctid,stockpile,45,,0.0,0.0,1.0,0.01652605476954228,0.021884687257427662,0,412,109
HM+T,ctid,stockpile,46,,1.0,0.0,0.0,0.13151197789953584,0.10532388305352063,1,412,109
HM+T,ctid,stockpile,46,,0.9,0.0,0.1,0.13363484632412365,0.10498726373403702,0,412,109
HM+T,ctid,stockpile,46,,0.8,0.0,0.2,0.13716097678620248,0.10232370808375883,0,412,109
HM+T,ctid,stockpile,46,,0.7,0.0,0.3,0.13914384170105495,0.10139327869456416,0,412,109
HM+T,ctid,stockpile,46,,0.6,0.0,0.4,0.1424634350433727,0.09940345772092564,0,412,109
HM+T,ctid,stockpile,46,,0.5,0.0,0.5,0.14339350982781746,0.09955241871302405,0,412,109
HM+T,ctid,stockpile,46,,0.4,0.0,0.6,0.1442930854946878,0.0991013289816245,0,412,109
HM+T,ctid,stockpile,46,,0.30000000000000004,0.0,0.7,0.13307650210041405,0.09354187675084433,0,412,109
HM+T,ctid,stockpile,46,,0.19999999999999996,0.0,0.8,0.11299949501655639,0.0824690489801879,0,412,109
HM+T,ctid,stockpile,46,,0.09999999999999998,0.0,0.9,0.12030067275556323,0.08562426739887562,0,412,109
HM+T,ctid,stockpile,46,,0.0,0.0,1.0,0.01652605476954228,0.021884687257427662,0,412,109
HM+T,stockpile,attack_flow,42,,1.0,0.0,0.0,0.18465453482102098,0.18306874644018506,1,263,412
HM+T,stockpile,attack_flow,42,,0.9,0.0,0.1,0.1788055332016913,0.17970028117707698,0,263,412
HM+T,stockpile,attack_flow,42,,0.8,0.0,0.2,0.17087554404653119,0.17640861955545847,0,263,412
HM+T,stockpile,attack_flow,42,,0.7,0.0,0.3,0.1617273832531289,0.1657647088279855,0,263,412
HM+T,stockpile,attack_flow,42,,0.6,0.0,0.4,0.14913432405044313,0.15369421870281308,0,263,412
HM+T,stockpile,attack_flow,42,,0.5,0.0,0.5,0.13932167816565155,0.14220419176844343,0,263,412
HM+T,stockpile,attack_flow,42,,0.4,0.0,0.6,0.11675409110259634,0.12444317276943458,0,263,412
HM+T,stockpile,attack_flow,42,,0.30000000000000004,0.0,0.7,0.10624259259611032,0.10979832238350966,0,263,412
HM+T,stockpile,attack_flow,42,,0.19999999999999996,0.0,0.8,0.09398128007582073,0.09668224081007579,0,263,412
HM+T,stockpile,attack_flow,42,,0.09999999999999998,0.0,0.9,0.07478884270139642,0.07585143109954474,0,263,412
HM+T,stockpile,attack_flow,42,,0.0,0.0,1.0,0.018325913018086924,0.027984758145042532,0,263,412
HM+T,stockpile,attack_flow,43,,1.0,0.0,0.0,0.18468215635939758,0.18306874644018506,1,263,412
HM+T,stockpile,attack_flow,43,,0.9,0.0,0.1,0.17989570500787835,0.17970028117707698,0,263,412
HM+T,stockpile,attack_flow,43,,0.8,0.0,0.2,0.17288386048587948,0.17640861955545847,0,263,412
HM+T,stockpile,attack_flow,43,,0.7,0.0,0.3,0.16044787480413134,0.1657647088279855,0,263,412
HM+T,stockpile,attack_flow,43,,0.6,0.0,0.4,0.15189246634551726,0.15369421870281308,0,263,412
HM+T,stockpile,attack_flow,43,,0.5,0.0,0.5,0.14496480300654765,0.14220419176844343,0,263,412
HM+T,stockpile,attack_flow,43,,0.4,0.0,0.6,0.12092546334803424,0.12444317276943458,0,263,412
HM+T,stockpile,attack_flow,43,,0.30000000000000004,0.0,0.7,0.10984321471827381,0.10979832238350966,0,263,412
HM+T,stockpile,attack_flow,43,,0.19999999999999996,0.0,0.8,0.09995516167901485,0.09668224081007579,0,263,412
HM+T,stockpile,attack_flow,43,,0.09999999999999998,0.0,0.9,0.07948173463020967,0.07585143109954474,0,263,412
HM+T,stockpile,attack_flow,43,,0.0,0.0,1.0,0.018325913018086924,0.027984758145042532,0,263,412
HM+T,stockpile,attack_flow,44,,1.0,0.0,0.0,0.18121975738158744,0.18306874644018506,1,263,412
HM+T,stockpile,attack_flow,44,,0.9,0.0,0.1,0.17698800302219964,0.17970028117707698,0,263,412
HM+T,stockpile,attack_flow,44,,0.8,0.0,0.2,0.1686118909430606,0.17640861955545847,0,263,412
HM+T,stockpile,attack_flow,44,,0.7,0.0,0.3,0.1598725330680861,0.1657647088279855,0,263,412
HM+T,stockpile,attack_flow,44,,0.6,0.0,0.4,0.14806117150819056,0.15369421870281308,0,263,412
HM+T,stockpile,attack_flow,44,,0.5,0.0,0.5,0.13522985630577042,0.14220419176844343,0,263,412
HM+T,stockpile,attack_flow,44,,0.4,0.0,0.6,0.11536835075711159,0.12444317276943458,0,263,412
HM+T,stockpile,attack_flow,44,,0.30000000000000004,0.0,0.7,0.09926997739209081,0.10979832238350966,0,263,412
HM+T,stockpile,attack_flow,44,,0.19999999999999996,0.0,0.8,0.0901288556854895,0.09668224081007579,0,263,412
HM+T,stockpile,attack_flow,44,,0.09999999999999998,0.0,0.9,0.07016742574941517,0.07585143109954474,0,263,412
HM+T,stockpile,attack_flow,44,,0.0,0.0,1.0,0.018325913018086924,0.027984758145042532,0,263,412
HM+T,stockpile,attack_flow,45,,1.0,0.0,0.0,0.18730376963793027,0.18306874644018506,1,263,412
HM+T,stockpile,attack_flow,45,,0.9,0.0,0.1,0.18230376008409535,0.17970028117707698,0,263,412
HM+T,stockpile,attack_flow,45,,0.8,0.0,0.2,0.17277719343159806,0.17640861955545847,0,263,412
HM+T,stockpile,attack_flow,45,,0.7,0.0,0.3,0.1672504814381385,0.1657647088279855,0,263,412
HM+T,stockpile,attack_flow,45,,0.6,0.0,0.4,0.1540223988129467,0.15369421870281308,0,263,412
HM+T,stockpile,attack_flow,45,,0.5,0.0,0.5,0.1451337937652686,0.14220419176844343,0,263,412
HM+T,stockpile,attack_flow,45,,0.4,0.0,0.6,0.13254611266782002,0.12444317276943458,0,263,412
HM+T,stockpile,attack_flow,45,,0.30000000000000004,0.0,0.7,0.11048851106021249,0.10979832238350966,0,263,412
HM+T,stockpile,attack_flow,45,,0.19999999999999996,0.0,0.8,0.08845132237102117,0.09668224081007579,0,263,412
HM+T,stockpile,attack_flow,45,,0.09999999999999998,0.0,0.9,0.05448302176312925,0.07585143109954474,0,263,412
HM+T,stockpile,attack_flow,45,,0.0,0.0,1.0,0.018325913018086924,0.027984758145042532,0,263,412
HM+T,stockpile,attack_flow,46,,1.0,0.0,0.0,0.18296505841980454,0.18306874644018506,1,263,412
HM+T,stockpile,attack_flow,46,,0.9,0.0,0.1,0.1772614412823391,0.17970028117707698,0,263,412
HM+T,stockpile,attack_flow,46,,0.8,0.0,0.2,0.16968948277675086,0.17640861955545847,0,263,412
HM+T,stockpile,attack_flow,46,,0.7,0.0,0.3,0.16083508404415917,0.1657647088279855,0,263,412
HM+T,stockpile,attack_flow,46,,0.6,0.0,0.4,0.14931078146280888,0.15369421870281308,0,263,412
HM+T,stockpile,attack_flow,46,,0.5,0.0,0.5,0.14474933550117394,0.14220419176844343,0,263,412
HM+T,stockpile,attack_flow,46,,0.4,0.0,0.6,0.13145437916946903,0.12444317276943458,0,263,412
HM+T,stockpile,attack_flow,46,,0.30000000000000004,0.0,0.7,0.10825015878937194,0.10979832238350966,0,263,412
HM+T,stockpile,attack_flow,46,,0.19999999999999996,0.0,0.8,0.09427944001491058,0.09668224081007579,0,263,412
HM+T,stockpile,attack_flow,46,,0.09999999999999998,0.0,0.9,0.07515121393702544,0.07585143109954474,0,263,412
HM+T,stockpile,attack_flow,46,,0.0,0.0,1.0,0.018325913018086924,0.027984758145042532,0,263,412
HM+T,stockpile,ctid,42,,1.0,0.0,0.0,0.19046414464855657,0.18306874644018506,1,412,263
HM+T,stockpile,ctid,42,,0.9,0.0,0.1,0.19294201486342938,0.17970028117707698,0,412,263
HM+T,stockpile,ctid,42,,0.8,0.0,0.2,0.1885522516723844,0.17640861955545847,0,412,263
HM+T,stockpile,ctid,42,,0.7,0.0,0.3,0.1729040605243318,0.1657647088279855,0,412,263
HM+T,stockpile,ctid,42,,0.6,0.0,0.4,0.16290245648002685,0.15369421870281308,0,412,263
HM+T,stockpile,ctid,42,,0.5,0.0,0.5,0.15147987161413923,0.14220419176844343,0,412,263
HM+T,stockpile,ctid,42,,0.4,0.0,0.6,0.12456343101783877,0.12444317276943458,0,412,263
HM+T,stockpile,ctid,42,,0.30000000000000004,0.0,0.7,0.11566798857108315,0.10979832238350966,0,412,263
HM+T,stockpile,ctid,42,,0.19999999999999996,0.0,0.8,0.1000929558079146,0.09668224081007579,0,412,263
HM+T,stockpile,ctid,42,,0.09999999999999998,0.0,0.9,0.07998995799023817,0.07585143109954474,0,412,263
HM+T,stockpile,ctid,42,,0.0,0.0,1.0,0.03764360327199814,0.027984758145042532,0,412,263
HM+T,stockpile,ctid,43,,1.0,0.0,0.0,0.17936170324827067,0.18306874644018506,1,412,263
HM+T,stockpile,ctid,43,,0.9,0.0,0.1,0.17715039603127014,0.17970028117707698,0,412,263
HM+T,stockpile,ctid,43,,0.8,0.0,0.2,0.17988062247627945,0.17640861955545847,0,412,263
HM+T,stockpile,ctid,43,,0.7,0.0,0.3,0.17068366164555032,0.1657647088279855,0,412,263
HM+T,stockpile,ctid,43,,0.6,0.0,0.4,0.15342219804890048,0.15369421870281308,0,412,263
HM+T,stockpile,ctid,43,,0.5,0.0,0.5,0.13952052606489068,0.14220419176844343,0,412,263
HM+T,stockpile,ctid,43,,0.4,0.0,0.6,0.12588510320066032,0.12444317276943458,0,412,263
HM+T,stockpile,ctid,43,,0.30000000000000004,0.0,0.7,0.11095394346120635,0.10979832238350966,0,412,263
HM+T,stockpile,ctid,43,,0.19999999999999996,0.0,0.8,0.09868876624640205,0.09668224081007579,0,412,263
HM+T,stockpile,ctid,43,,0.09999999999999998,0.0,0.9,0.08253770677599004,0.07585143109954474,0,412,263
HM+T,stockpile,ctid,43,,0.0,0.0,1.0,0.03764360327199814,0.027984758145042532,0,412,263
HM+T,stockpile,ctid,44,,1.0,0.0,0.0,0.18465394708908722,0.18306874644018506,1,412,263
HM+T,stockpile,ctid,44,,0.9,0.0,0.1,0.18079176767802213,0.17970028117707698,0,412,263
HM+T,stockpile,ctid,44,,0.8,0.0,0.2,0.18222278099001893,0.17640861955545847,0,412,263
HM+T,stockpile,ctid,44,,0.7,0.0,0.3,0.16475685083985694,0.1657647088279855,0,412,263
HM+T,stockpile,ctid,44,,0.6,0.0,0.4,0.1554127431093062,0.15369421870281308,0,412,263
HM+T,stockpile,ctid,44,,0.5,0.0,0.5,0.1433757773817091,0.14220419176844343,0,412,263
HM+T,stockpile,ctid,44,,0.4,0.0,0.6,0.12352381280926843,0.12444317276943458,0,412,263
HM+T,stockpile,ctid,44,,0.30000000000000004,0.0,0.7,0.10999804057166122,0.10979832238350966,0,412,263
HM+T,stockpile,ctid,44,,0.19999999999999996,0.0,0.8,0.0951627406537429,0.09668224081007579,0,412,263
HM+T,stockpile,ctid,44,,0.09999999999999998,0.0,0.9,0.07889243354387121,0.07585143109954474,0,412,263
HM+T,stockpile,ctid,44,,0.0,0.0,1.0,0.03764360327199814,0.027984758145042532,0,412,263
HM+T,stockpile,ctid,45,,1.0,0.0,0.0,0.17724593173876046,0.18306874644018506,1,412,263
HM+T,stockpile,ctid,45,,0.9,0.0,0.1,0.17501796759716842,0.17970028117707698,0,412,263
HM+T,stockpile,ctid,45,,0.8,0.0,0.2,0.17792643047634513,0.17640861955545847,0,412,263
HM+T,stockpile,ctid,45,,0.7,0.0,0.3,0.17175982445375504,0.1657647088279855,0,412,263
HM+T,stockpile,ctid,45,,0.6,0.0,0.4,0.15427434200228657,0.15369421870281308,0,412,263
HM+T,stockpile,ctid,45,,0.5,0.0,0.5,0.1366491827753163,0.14220419176844343,0,412,263
HM+T,stockpile,ctid,45,,0.4,0.0,0.6,0.12483711604071612,0.12444317276943458,0,412,263
HM+T,stockpile,ctid,45,,0.30000000000000004,0.0,0.7,0.11578088634630539,0.10979832238350966,0,412,263
HM+T,stockpile,ctid,45,,0.19999999999999996,0.0,0.8,0.10421125382997778,0.09668224081007579,0,412,263
HM+T,stockpile,ctid,45,,0.09999999999999998,0.0,0.9,0.08253129481117932,0.07585143109954474,0,412,263
HM+T,stockpile,ctid,45,,0.0,0.0,1.0,0.03764360327199814,0.027984758145042532,0,412,263
HM+T,stockpile,ctid,46,,1.0,0.0,0.0,0.17813646105743483,0.18306874644018506,1,412,263
HM+T,stockpile,ctid,46,,0.9,0.0,0.1,0.175846223002676,0.17970028117707698,0,412,263
HM+T,stockpile,ctid,46,,0.8,0.0,0.2,0.18066613825573674,0.17640861955545847,0,412,263
HM+T,stockpile,ctid,46,,0.7,0.0,0.3,0.16740933420871668,0.1657647088279855,0,412,263
HM+T,stockpile,ctid,46,,0.6,0.0,0.4,0.1585093052077041,0.15369421870281308,0,412,263
HM+T,stockpile,ctid,46,,0.5,0.0,0.5,0.14161709310396675,0.14220419176844343,0,412,263
HM+T,stockpile,ctid,46,,0.4,0.0,0.6,0.12857386758083084,0.12444317276943458,0,412,263
HM+T,stockpile,ctid,46,,0.30000000000000004,0.0,0.7,0.11148791032878118,0.10979832238350966,0,412,263
HM+T,stockpile,ctid,46,,0.19999999999999996,0.0,0.8,0.10187063173646374,0.09668224081007579,0,412,263
HM+T,stockpile,ctid,46,,0.09999999999999998,0.0,0.9,0.0804906790929927,0.07585143109954474,0,412,263
HM+T,stockpile,ctid,46,,0.0,0.0,1.0,0.03764360327199814,0.027984758145042532,0,412,263
