score_row,held_out_source,seed,learning_rate,epoch,beta,sample_id,campaign_id
0,ctid,42,0.001,40,0.1,ctid::apt29::unknown::0001,apt29::unknown
1,ctid,42,0.001,40,0.1,ctid::apt29::unknown::0002,apt29::unknown
2,ctid,42,0.001,40,0.1,ctid::apt29::unknown::0003,apt29::unknown
3,ctid,42,0.001,40,0.1,ctid::apt29::unknown::0004,apt29::unknown
4,ctid,42,0.001,40,0.1,ctid::apt29::unknown::0005,apt29::unknown
5,ctid,42,0.001,40,0.1,ctid::apt29::unknown::0006,apt29::unknown
6,ctid,42,0.001,40,0.1,ctid::apt29::unknown::0007,apt29::unknown
7,ctid,42,0.001,40,0.1,ctid::apt29::unknown::0008,apt29::unknown
8,ctid,42,0.001,40,0.1,ctid::apt29::unknown::0009,apt29::unknown
9,ctid,42,0.001,40,0.1,ctid::apt29::unknown::0010,apt29::unknown
10,ctid,42,0.001,40,0.1,ctid::apt29::unknown::0011,apt29::unknown
11,ctid,42,0.001,40,0.1,ctid::apt29::unknown::0012,apt29::unknown
12,ctid,42,0.001,40,0.1,ctid::apt29::unknown::0013,apt29::unknown
13,ctid,42,0.001,40,0.1,ctid::apt29::unknown::0014,apt29::unknown
14,ctid,42,0.001,40,0.1,ctid::apt29::unknown::0015,apt29::unknown
15,ctid,42,0.001,40,0.1,ctid::apt29::unknown::0016,apt29::unknown
16,ctid,42,0.001,40,0.1,ctid::apt29::unknown::0017,apt29::unknown
17,ctid,42,0.001,40,0.1,ctid::apt29::unknown::0018,apt29::unknown
18,ctid,42,0.001,40,0.1,ctid::apt29::unknown::0019,apt29::unknown
19,ctid,42,0.001,40,0.1,ctid::apt29::unknown::0020,apt29::unknown
20,ctid,42,0.001,40,0.1,ctid::apt29::unknown::0021,apt29::unknown
21,ctid,42,0.001,40,0.1,ctid::apt29::unknown::0022,apt29::unknown
22,ctid,42,0.001,40,0.1,ctid::apt29::unknown::0023,apt29::unknown
23,ctid,42,0.001,40,0.1,ctid::apt29::unknown::0024,apt29::unknown
24,ctid,42,0.001,40,0.1,ctid::apt29::unknown::0025,apt29::unknown
25,ctid,42,0.001,40,0.1,ctid::apt29::unknown::0026,apt29::unknown
26,ctid,42,0.001,40,0.1,ctid::apt29::unknown::0028,apt29::unknown
27,ctid,42,0.001,40,0.1,ctid::apt29::unknown::0029,apt29::unknown
28,ctid,42,0.001,40,0.1,ctid::apt29::unknown::0030,apt29::unknown
29,ctid,42,0.001,40,0.1,ctid::apt29::unknown::0031,apt29::unknown
30,ctid,42,0.001,40,0.1,ctid::apt29::unknown::0032,apt29::unknown
31,ctid,42,0.001,40,0.1,ctid::apt29::unknown::0033,apt29::unknown
32,ctid,42,0.001,40,0.1,ctid::apt29::unknown::0034,apt29::unknown
33,ctid,42,0.001,40,0.1,ctid::apt29::unknown::0035,apt29::unknown
34,ctid,42,0.001,40,0.1,ctid::apt29::unknown::0036,apt29::unknown
35,ctid,42,0.001,40,0.1,ctid::apt29::unknown::0037,apt29::unknown
36,ctid,42,0.001,40,0.1,ctid::apt29::unknown::0038,apt29::unknown
37,ctid,42,0.001,40,0.1,ctid::apt29::unknown::0039,apt29::unknown
38,ctid,42,0.001,40,0.1,ctid::apt29::unknown::0040,apt29::unknown
39,ctid,42,0.001,40,0.1,ctid::apt29::unknown::0041,apt29::unknown
40,ctid,42,0.001,40,0.1,ctid::apt29::unknown::0042,apt29::unknown
41,ctid,42,0.001,40,0.1,ctid::apt29::unknown::0043,apt29::unknown
42,ctid,42,0.001,40,0.1,ctid::apt29::unknown::0044,apt29::unknown
43,ctid,42,0.001,40,0.1,ctid::apt29::unknown::0045,apt29::unknown
44,ctid,42,0.001,40,0.1,ctid::apt29::unknown::0046,apt29::unknown
45,ctid,42,0.001,40,0.1,ctid::apt29::unknown::0047,apt29::unknown
46,ctid,42,0.001,40,0.1,ctid::apt29::unknown::0048,apt29::unknown
47,ctid,42,0.001,40,0.1,ctid::apt29::unknown::0049,apt29::unknown
48,ctid,42,0.001,40,0.1,ctid::apt29::unknown::0050,apt29::unknown
49,ctid,42,0.001,40,0.1,ctid::apt29::unknown::0051,apt29::unknown
50,ctid,42,0.001,40,0.1,ctid::apt29::unknown::0052,apt29::unknown
51,ctid,42,0.001,40,0.1,ctid::apt29::unknown::0053,apt29::unknown
52,ctid,42,0.001,40,0.1,ctid::apt29::unknown::0054,apt29::unknown
53,ctid,42,0.001,40,0.1,ctid::apt29::unknown::0055,apt29::unknown
54,ctid,42,0.001,40,0.1,ctid::apt29::unknown::0056,apt29::unknown
55,ctid,42,0.001,40,0.1,ctid::apt29::unknown::0057,apt29::unknown
56,ctid,42,0.001,40,0.1,ctid::apt29::unknown::0058,apt29::unknown
57,ctid,42,0.001,40,0.1,ctid::apt29::unknown::0059,apt29::unknown
58,ctid,42,0.001,40,0.1,ctid::apt29::unknown::0060,apt29::unknown
59,ctid,42,0.001,40,0.1,ctid::apt29::unknown::0061,apt29::unknown
60,ctid,42,0.001,40,0.1,ctid::apt29::unknown::0062,apt29::unknown
61,ctid,42,0.001,40,0.1,ctid::apt29::unknown::0063,apt29::unknown
62,ctid,42,0.001,40,0.1,ctid::apt29::unknown::0064,apt29::unknown
63,ctid,42,0.001,40,0.1,ctid::carbanak::unknown::0001,carbanak::unknown
64,ctid,42,0.001,40,0.1,ctid::carbanak::unknown::0002,carbanak::unknown
65,ctid,42,0.001,40,0.1,ctid::carbanak::unknown::0003,carbanak::unknown
66,ctid,42,0.001,40,0.1,ctid::carbanak::unknown::0004,carbanak::unknown
67,ctid,42,0.001,40,0.1,ctid::carbanak::unknown::0005,carbanak::unknown
68,ctid,42,0.001,40,0.1,ctid::carbanak::unknown::0006,carbanak::unknown
69,ctid,42,0.001,40,0.1,ctid::carbanak::unknown::0008,carbanak::unknown
70,ctid,42,0.001,40,0.1,ctid::carbanak::unknown::0009,carbanak::unknown
71,ctid,42,0.001,40,0.1,ctid::carbanak::unknown::0010,carbanak::unknown
72,ctid,42,0.001,40,0.1,ctid::carbanak::unknown::0011,carbanak::unknown
73,ctid,42,0.001,40,0.1,ctid::carbanak::unknown::0012,carbanak::unknown
74,ctid,42,0.001,40,0.1,ctid::carbanak::unknown::0013,carbanak::unknown
75,ctid,42,0.001,40,0.1,ctid::carbanak::unknown::0014,carbanak::unknown
76,ctid,42,0.001,40,0.1,ctid::carbanak::unknown::0015,carbanak::unknown
77,ctid,42,0.001,40,0.1,ctid::carbanak::unknown::0016,carbanak::unknown
78,ctid,42,0.001,40,0.1,ctid::carbanak::unknown::0017,carbanak::unknown
79,ctid,42,0.001,40,0.1,ctid::carbanak::unknown::0018,carbanak::unknown
80,ctid,42,0.001,40,0.1,ctid::carbanak::unknown::0019,carbanak::unknown
81,ctid,42,0.001,40,0.1,ctid::carbanak::unknown::0020,carbanak::unknown
82,ctid,42,0.001,40,0.1,ctid::fin6::unknown::0001,fin6::unknown
83,ctid,42,0.001,40,0.1,ctid::fin6::unknown::0002,fin6::unknown
84,ctid,42,0.001,40,0.1,ctid::fin6::unknown::0003,fin6::unknown
85,ctid,42,0.001,40,0.1,ctid::fin6::unknown::0004,fin6::unknown
86,ctid,42,0.001,40,0.1,ctid::fin6::unknown::0005,fin6::unknown
87,ctid,42,0.001,40,0.1,ctid::fin6::unknown::0006,fin6::unknown
88,ctid,42,0.001,40,0.1,ctid::fin6::unknown::0007,fin6::unknown
89,ctid,42,0.001,40,0.1,ctid::fin6::unknown::0008,fin6::unknown
90,ctid,42,0.001,40,0.1,ctid::fin6::unknown::0009,fin6::unknown
91,ctid,42,0.001,40,0.1,ctid::fin6::unknown::0010,fin6::unknown
92,ctid,42,0.001,40,0.1,ctid::fin6::unknown::0012,fin6::unknown
93,ctid,42,0.001,40,0.1,ctid::fin6::unknown::0013,fin6::unknown
94,ctid,42,0.001,40,0.1,ctid::fin6::unknown::0014,fin6::unknown
95,ctid,42,0.001,40,0.1,ctid::fin6::unknown::0015,fin6::unknown
96,ctid,42,0.001,40,0.1,ctid::fin6::unknown::0016,fin6::unknown
97,ctid,42,0.001,40,0.1,ctid::fin6::unknown::0017,fin6::unknown
98,ctid,42,0.001,40,0.1,ctid::fin7::unknown::0001,fin7::unknown
99,ctid,42,0.001,40,0.1,ctid::fin7::unknown::0002,fin7::unknown
100,ctid,42,0.001,40,0.1,ctid::fin7::unknown::0003,fin7::unknown
101,ctid,42,0.001,40,0.1,ctid::fin7::unknown::0004,fin7::unknown
102,ctid,42,0.001,40,0.1,ctid::fin7::unknown::0006,fin7::unknown
103,ctid,42,0.001,40,0.1,ctid::fin7::unknown::0007,fin7::unknown
104,ctid,42,0.001,40,0.1,ctid::fin7::unknown::0008,fin7::unknown
105,ctid,42,0.001,40,0.1,ctid::fin7::unknown::0009,fin7::unknown
106,ctid,42,0.001,40,0.1,ctid::menu_pass::unknown::0001,menu_pass::unknown
107,ctid,42,0.001,40,0.1,ctid::menu_pass::unknown::0002,menu_pass::unknown
108,ctid,42,0.001,40,0.1,ctid::menu_pass::unknown::0003,menu_pass::unknown
109,ctid,42,0.001,40,0.1,ctid::menu_pass::unknown::0004,menu_pass::unknown
110,ctid,42,0.001,40,0.1,ctid::menu_pass::unknown::0005,menu_pass::unknown
111,ctid,42,0.001,40,0.1,ctid::menu_pass::unknown::0006,menu_pass::unknown
112,ctid,42,0.001,40,0.1,ctid::menu_pass::unknown::0007,menu_pass::unknown
113,ctid,42,0.001,40,0.1,ctid::menu_pass::unknown::0008,menu_pass::unknown
114,ctid,42,0.001,40,0.1,ctid::menu_pass::unknown::0009,menu_pass::unknown
115,ctid,42,0.001,40,0.1,ctid::menu_pass::unknown::0010,menu_pass::unknown
116,ctid,42,0.001,40,0.1,ctid::oilrig::unknown::0001,oilrig::unknown
117,ctid,42,0.001,40,0.1,ctid::oilrig::unknown::0002,oilrig::unknown
118,ctid,42,0.001,40,0.1,ctid::oilrig::unknown::0003,oilrig::unknown
119,ctid,42,0.001,40,0.1,ctid::oilrig::unknown::0004,oilrig::unknown
120,ctid,42,0.001,40,0.1,ctid::oilrig::unknown::0005,oilrig::unknown
121,ctid,42,0.001,40,0.1,ctid::oilrig::unknown::0006,oilrig::unknown
122,ctid,42,0.001,40,0.1,ctid::oilrig::unknown::0007,oilrig::unknown
123,ctid,42,0.001,40,0.1,ctid::oilrig::unknown::0008,oilrig::unknown
124,ctid,42,0.001,40,0.1,ctid::oilrig::unknown::0009,oilrig::unknown
125,ctid,42,0.001,40,0.1,ctid::oilrig::unknown::0010,oilrig::unknown
126,ctid,42,0.001,40,0.1,ctid::oilrig::unknown::0011,oilrig::unknown
127,ctid,42,0.001,40,0.1,ctid::oilrig::unknown::0012,oilrig::unknown
128,ctid,42,0.001,40,0.1,ctid::oilrig::unknown::0013,oilrig::unknown
129,ctid,42,0.001,40,0.1,ctid::oilrig::unknown::0014,oilrig::unknown
130,ctid,42,0.001,40,0.1,ctid::oilrig::unknown::0015,oilrig::unknown
131,ctid,42,0.001,40,0.1,ctid::oilrig::unknown::0016,oilrig::unknown
132,ctid,42,0.001,40,0.1,ctid::oilrig::unknown::0017,oilrig::unknown
133,ctid,42,0.001,40,0.1,ctid::oilrig::unknown::0018,oilrig::unknown
134,ctid,42,0.001,40,0.1,ctid::oilrig::unknown::0019,oilrig::unknown
135,ctid,42,0.001,40,0.1,ctid::oilrig::unknown::0020,oilrig::unknown
136,ctid,42,0.001,40,0.1,ctid::oilrig::unknown::0021,oilrig::unknown
137,ctid,42,0.001,40,0.1,ctid::oilrig::unknown::0022,oilrig::unknown
138,ctid,42,0.001,40,0.1,ctid::oilrig::unknown::0023,oilrig::unknown
139,ctid,42,0.001,40,0.1,ctid::oilrig::unknown::0024,oilrig::unknown
140,ctid,42,0.001,40,0.1,ctid::oilrig::unknown::0025,oilrig::unknown
141,ctid,42,0.001,40,0.1,ctid::oilrig::unknown::0026,oilrig::unknown
142,ctid,42,0.001,40,0.1,ctid::oilrig::unknown::0027,oilrig::unknown
143,ctid,42,0.001,40,0.1,ctid::oilrig::unknown::0028,oilrig::unknown
144,ctid,42,0.001,40,0.1,ctid::oilrig::unknown::0029,oilrig::unknown
145,ctid,42,0.001,40,0.1,ctid::oilrig::unknown::0030,oilrig::unknown
146,ctid,42,0.001,40,0.1,ctid::oilrig::unknown::0031,oilrig::unknown
147,ctid,42,0.001,40,0.1,ctid::oilrig::unknown::0032,oilrig::unknown
148,ctid,42,0.001,40,0.1,ctid::oilrig::unknown::0033,oilrig::unknown
149,ctid,42,0.001,40,0.1,ctid::oilrig::unknown::0035,oilrig::unknown
150,ctid,42,0.001,40,0.1,ctid::oilrig::unknown::0036,oilrig::unknown
151,ctid,42,0.001,40,0.1,ctid::sandworm::unknown::0001,sandworm::unknown
152,ctid,42,0.001,40,0.1,ctid::sandworm::unknown::0002,sandworm::unknown
153,ctid,42,0.001,40,0.1,ctid::sandworm::unknown::0003,sandworm::unknown
154,ctid,42,0.001,40,0.1,ctid::sandworm::unknown::0004,sandworm::unknown
155,ctid,42,0.001,40,0.1,ctid::sandworm::unknown::0005,sandworm::unknown
156,ctid,42,0.001,40,0.1,ctid::sandworm::unknown::0006,sandworm::unknown
157,ctid,42,0.001,40,0.1,ctid::sandworm::unknown::0007,sandworm::unknown
158,ctid,42,0.001,40,0.1,ctid::sandworm::unknown::0008,sandworm::unknown
159,ctid,42,0.001,40,0.1,ctid::sandworm::unknown::0009,sandworm::unknown
160,ctid,42,0.001,40,0.1,ctid::sandworm::unknown::0011,sandworm::unknown
161,ctid,42,0.001,40,0.1,ctid::sandworm::unknown::0012,sandworm::unknown
162,ctid,42,0.001,40,0.1,ctid::sandworm::unknown::0013,sandworm::unknown
163,ctid,42,0.001,40,0.1,ctid::sandworm::unknown::0014,sandworm::unknown
164,ctid,42,0.001,40,0.1,ctid::sandworm::unknown::0015,sandworm::unknown
165,ctid,42,0.001,40,0.1,ctid::sandworm::unknown::0016,sandworm::unknown
166,ctid,42,0.001,40,0.1,ctid::sandworm::unknown::0017,sandworm::unknown
167,ctid,42,0.001,40,0.1,ctid::sandworm::unknown::0018,sandworm::unknown
168,ctid,42,0.001,40,0.1,ctid::sandworm::unknown::0019,sandworm::unknown
169,ctid,42,0.001,40,0.1,ctid::sandworm::unknown::0020,sandworm::unknown
170,ctid,42,0.001,40,0.1,ctid::sandworm::unknown::0021,sandworm::unknown
171,ctid,42,0.001,40,0.1,ctid::sandworm::unknown::0022,sandworm::unknown
172,ctid,42,0.001,40,0.1,ctid::sandworm::unknown::0023,sandworm::unknown
173,ctid,42,0.001,40,0.1,ctid::sandworm::unknown::0024,sandworm::unknown
174,ctid,42,0.001,40,0.1,ctid::sandworm::unknown::0025,sandworm::unknown
175,ctid,42,0.001,40,0.1,ctid::sandworm::unknown::0026,sandworm::unknown
176,ctid,42,0.001,40,0.1,ctid::sandworm::unknown::0027,sandworm::unknown
177,ctid,42,0.001,40,0.1,ctid::sandworm::unknown::0028,sandworm::unknown
178,ctid,42,0.001,40,0.1,ctid::sandworm::unknown::0029,sandworm::unknown
179,ctid,42,0.001,40,0.1,ctid::sandworm::unknown::0030,sandworm::unknown
180,ctid,42,0.001,40,0.1,ctid::sandworm::unknown::0031,sandworm::unknown
181,ctid,42,0.001,40,0.1,ctid::sandworm::unknown::0032,sandworm::unknown
182,ctid,42,0.001,40,0.1,ctid::turla_carbon::unknown::0001,turla_carbon::unknown
183,ctid,42,0.001,40,0.1,ctid::turla_carbon::unknown::0002,turla_carbon::unknown
184,ctid,42,0.001,40,0.1,ctid::turla_carbon::unknown::0003,turla_carbon::unknown
185,ctid,42,0.001,40,0.1,ctid::turla_carbon::unknown::0004,turla_carbon::unknown
186,ctid,42,0.001,40,0.1,ctid::turla_carbon::unknown::0005,turla_carbon::unknown
187,ctid,42,0.001,40,0.1,ctid::turla_carbon::unknown::0006,turla_carbon::unknown
188,ctid,42,0.001,40,0.1,ctid::turla_carbon::unknown::0007,turla_carbon::unknown
189,ctid,42,0.001,40,0.1,ctid::turla_carbon::unknown::0008,turla_carbon::unknown
190,ctid,42,0.001,40,0.1,ctid::turla_carbon::unknown::0009,turla_carbon::unknown
191,ctid,42,0.001,40,0.1,ctid::turla_carbon::unknown::0010,turla_carbon::unknown
192,ctid,42,0.001,40,0.1,ctid::turla_carbon::unknown::0011,turla_carbon::unknown
193,ctid,42,0.001,40,0.1,ctid::turla_carbon::unknown::0012,turla_carbon::unknown
194,ctid,42,0.001,40,0.1,ctid::turla_carbon::unknown::0013,turla_carbon::unknown
195,ctid,42,0.001,40,0.1,ctid::turla_carbon::unknown::0014,turla_carbon::unknown
196,ctid,42,0.001,40,0.1,ctid::turla_carbon::unknown::0015,turla_carbon::unknown
197,ctid,42,0.001,40,0.1,ctid::turla_carbon::unknown::0016,turla_carbon::unknown
198,ctid,42,0.001,40,0.1,ctid::turla_carbon::unknown::0017,turla_carbon::unknown
199,ctid,42,0.001,40,0.1,ctid::turla_carbon::unknown::0018,turla_carbon::unknown
200,ctid,42,0.001,40,0.1,ctid::turla_carbon::unknown::0019,turla_carbon::unknown
201,ctid,42,0.001,40,0.1,ctid::turla_carbon::unknown::0020,turla_carbon::unknown
202,ctid,42,0.001,40,0.1,ctid::turla_carbon::unknown::0021,turla_carbon::unknown
203,ctid,42,0.001,40,0.1,ctid::turla_carbon::unknown::0022,turla_carbon::unknown
204,ctid,42,0.001,40,0.1,ctid::turla_carbon::unknown::0023,turla_carbon::unknown
205,ctid,42,0.001,40,0.1,ctid::turla_snake::unknown::0001,turla_snake::unknown
206,ctid,42,0.001,40,0.1,ctid::turla_snake::unknown::0002,turla_snake::unknown
207,ctid,42,0.001,40,0.1,ctid::turla_snake::unknown::0003,turla_snake::unknown
208,ctid,42,0.001,40,0.1,ctid::turla_snake::unknown::0004,turla_snake::unknown
209,ctid,42,0.001,40,0.1,ctid::turla_snake::unknown::0005,turla_snake::unknown
210,ctid,42,0.001,40,0.1,ctid::turla_snake::unknown::0006,turla_snake::unknown
211,ctid,42,0.001,40,0.1,ctid::turla_snake::unknown::0007,turla_snake::unknown
212,ctid,42,0.001,40,0.1,ctid::turla_snake::unknown::0008,turla_snake::unknown
213,ctid,42,0.001,40,0.1,ctid::turla_snake::unknown::0009,turla_snake::unknown
214,ctid,42,0.001,40,0.1,ctid::turla_snake::unknown::0010,turla_snake::unknown
215,ctid,42,0.001,40,0.1,ctid::turla_snake::unknown::0011,turla_snake::unknown
216,ctid,42,0.001,40,0.1,ctid::turla_snake::unknown::0013,turla_snake::unknown
217,ctid,42,0.001,40,0.1,ctid::turla_snake::unknown::0014,turla_snake::unknown
218,ctid,42,0.001,40,0.1,ctid::turla_snake::unknown::0015,turla_snake::unknown
219,ctid,42,0.001,40,0.1,ctid::turla_snake::unknown::0016,turla_snake::unknown
220,ctid,42,0.001,40,0.1,ctid::turla_snake::unknown::0017,turla_snake::unknown
221,ctid,42,0.001,40,0.1,ctid::turla_snake::unknown::0018,turla_snake::unknown
222,ctid,42,0.001,40,0.1,ctid::turla_snake::unknown::0019,turla_snake::unknown
223,ctid,42,0.001,40,0.1,ctid::turla_snake::unknown::0020,turla_snake::unknown
224,ctid,42,0.001,40,0.1,ctid::turla_snake::unknown::0021,turla_snake::unknown
225,ctid,42,0.001,40,0.1,ctid::turla_snake::unknown::0022,turla_snake::unknown
226,ctid,42,0.001,40,0.1,ctid::turla_snake::unknown::0023,turla_snake::unknown
227,ctid,42,0.001,40,0.1,ctid::turla_snake::unknown::0024,turla_snake::unknown
228,ctid,42,0.001,40,0.1,ctid::turla_snake::unknown::0025,turla_snake::unknown
229,ctid,42,0.001,40,0.1,ctid::turla_snake::unknown::0026,turla_snake::unknown
230,ctid,42,0.001,40,0.1,ctid::turla_snake::unknown::0027,turla_snake::unknown
231,ctid,42,0.001,40,0.1,ctid::wizard_spider::unknown::0001,wizard_spider::unknown
232,ctid,42,0.001,40,0.1,ctid::wizard_spider::unknown::0002,wizard_spider::unknown
233,ctid,42,0.001,40,0.1,ctid::wizard_spider::unknown::0003,wizard_spider::unknown
234,ctid,42,0.001,40,0.1,ctid::wizard_spider::unknown::0004,wizard_spider::unknown
235,ctid,42,0.001,40,0.1,ctid::wizard_spider::unknown::0005,wizard_spider::unknown
236,ctid,42,0.001,40,0.1,ctid::wizard_spider::unknown::0006,wizard_spider::unknown
237,ctid,42,0.001,40,0.1,ctid::wizard_spider::unknown::0007,wizard_spider::unknown
238,ctid,42,0.001,40,0.1,ctid::wizard_spider::unknown::0008,wizard_spider::unknown
239,ctid,42,0.001,40,0.1,ctid::wizard_spider::unknown::0009,wizard_spider::unknown
240,ctid,42,0.001,40,0.1,ctid::wizard_spider::unknown::0010,wizard_spider::unknown
241,ctid,42,0.001,40,0.1,ctid::wizard_spider::unknown::0011,wizard_spider::unknown
242,ctid,42,0.001,40,0.1,ctid::wizard_spider::unknown::0012,wizard_spider::unknown
243,ctid,42,0.001,40,0.1,ctid::wizard_spider::unknown::0013,wizard_spider::unknown
244,ctid,42,0.001,40,0.1,ctid::wizard_spider::unknown::0014,wizard_spider::unknown
245,ctid,42,0.001,40,0.1,ctid::wizard_spider::unknown::0015,wizard_spider::unknown
246,ctid,42,0.001,40,0.1,ctid::wizard_spider::unknown::0016,wizard_spider::unknown
247,ctid,42,0.001,40,0.1,ctid::wizard_spider::unknown::0017,wizard_spider::unknown
248,ctid,42,0.001,40,0.1,ctid::wizard_spider::unknown::0019,wizard_spider::unknown
249,ctid,42,0.001,40,0.1,ctid::wizard_spider::unknown::0020,wizard_spider::unknown
250,ctid,42,0.001,40,0.1,ctid::wizard_spider::unknown::0021,wizard_spider::unknown
251,ctid,42,0.001,40,0.1,ctid::wizard_spider::unknown::0022,wizard_spider::unknown
252,ctid,42,0.001,40,0.1,ctid::wizard_spider::unknown::0023,wizard_spider::unknown
253,ctid,42,0.001,40,0.1,ctid::wizard_spider::unknown::0024,wizard_spider::unknown
254,ctid,42,0.001,40,0.1,ctid::wizard_spider::unknown::0025,wizard_spider::unknown
255,ctid,42,0.001,40,0.1,ctid::wizard_spider::unknown::0026,wizard_spider::unknown
256,ctid,42,0.001,40,0.1,ctid::wizard_spider::unknown::0027,wizard_spider::unknown
257,ctid,42,0.001,40,0.1,ctid::wizard_spider::unknown::0028,wizard_spider::unknown
258,ctid,42,0.001,40,0.1,ctid::wizard_spider::unknown::0029,wizard_spider::unknown
259,ctid,42,0.001,40,0.1,ctid::wizard_spider::unknown::0030,wizard_spider::unknown
260,ctid,42,0.001,40,0.1,ctid::wizard_spider::unknown::0031,wizard_spider::unknown
261,ctid,42,0.001,40,0.1,ctid::wizard_spider::unknown::0032,wizard_spider::unknown
262,ctid,42,0.001,40,0.1,ctid::wizard_spider::unknown::0033,wizard_spider::unknown
263,ctid,43,0.001,40,0.1,ctid::apt29::unknown::0001,apt29::unknown
264,ctid,43,0.001,40,0.1,ctid::apt29::unknown::0002,apt29::unknown
265,ctid,43,0.001,40,0.1,ctid::apt29::unknown::0003,apt29::unknown
266,ctid,43,0.001,40,0.1,ctid::apt29::unknown::0004,apt29::unknown
267,ctid,43,0.001,40,0.1,ctid::apt29::unknown::0005,apt29::unknown
268,ctid,43,0.001,40,0.1,ctid::apt29::unknown::0006,apt29::unknown
269,ctid,43,0.001,40,0.1,ctid::apt29::unknown::0007,apt29::unknown
270,ctid,43,0.001,40,0.1,ctid::apt29::unknown::0008,apt29::unknown
271,ctid,43,0.001,40,0.1,ctid::apt29::unknown::0009,apt29::unknown
272,ctid,43,0.001,40,0.1,ctid::apt29::unknown::0010,apt29::unknown
273,ctid,43,0.001,40,0.1,ctid::apt29::unknown::0011,apt29::unknown
274,ctid,43,0.001,40,0.1,ctid::apt29::unknown::0012,apt29::unknown
275,ctid,43,0.001,40,0.1,ctid::apt29::unknown::0013,apt29::unknown
276,ctid,43,0.001,40,0.1,ctid::apt29::unknown::0014,apt29::unknown
277,ctid,43,0.001,40,0.1,ctid::apt29::unknown::0015,apt29::unknown
278,ctid,43,0.001,40,0.1,ctid::apt29::unknown::0016,apt29::unknown
279,ctid,43,0.001,40,0.1,ctid::apt29::unknown::0017,apt29::unknown
280,ctid,43,0.001,40,0.1,ctid::apt29::unknown::0018,apt29::unknown
281,ctid,43,0.001,40,0.1,ctid::apt29::unknown::0019,apt29::unknown
282,ctid,43,0.001,40,0.1,ctid::apt29::unknown::0020,apt29::unknown
283,ctid,43,0.001,40,0.1,ctid::apt29::unknown::0021,apt29::unknown
284,ctid,43,0.001,40,0.1,ctid::apt29::unknown::0022,apt29::unknown
285,ctid,43,0.001,40,0.1,ctid::apt29::unknown::0023,apt29::unknown
286,ctid,43,0.001,40,0.1,ctid::apt29::unknown::0024,apt29::unknown
287,ctid,43,0.001,40,0.1,ctid::apt29::unknown::0025,apt29::unknown
288,ctid,43,0.001,40,0.1,ctid::apt29::unknown::0026,apt29::unknown
289,ctid,43,0.001,40,0.1,ctid::apt29::unknown::0028,apt29::unknown
290,ctid,43,0.001,40,0.1,ctid::apt29::unknown::0029,apt29::unknown
291,ctid,43,0.001,40,0.1,ctid::apt29::unknown::0030,apt29::unknown
292,ctid,43,0.001,40,0.1,ctid::apt29::unknown::0031,apt29::unknown
293,ctid,43,0.001,40,0.1,ctid::apt29::unknown::0032,apt29::unknown
294,ctid,43,0.001,40,0.1,ctid::apt29::unknown::0033,apt29::unknown
295,ctid,43,0.001,40,0.1,ctid::apt29::unknown::0034,apt29::unknown
296,ctid,43,0.001,40,0.1,ctid::apt29::unknown::0035,apt29::unknown
297,ctid,43,0.001,40,0.1,ctid::apt29::unknown::0036,apt29::unknown
298,ctid,43,0.001,40,0.1,ctid::apt29::unknown::0037,apt29::unknown
299,ctid,43,0.001,40,0.1,ctid::apt29::unknown::0038,apt29::unknown
300,ctid,43,0.001,40,0.1,ctid::apt29::unknown::0039,apt29::unknown
301,ctid,43,0.001,40,0.1,ctid::apt29::unknown::0040,apt29::unknown
302,ctid,43,0.001,40,0.1,ctid::apt29::unknown::0041,apt29::unknown
303,ctid,43,0.001,40,0.1,ctid::apt29::unknown::0042,apt29::unknown
304,ctid,43,0.001,40,0.1,ctid::apt29::unknown::0043,apt29::unknown
305,ctid,43,0.001,40,0.1,ctid::apt29::unknown::0044,apt29::unknown
306,ctid,43,0.001,40,0.1,ctid::apt29::unknown::0045,apt29::unknown
307,ctid,43,0.001,40,0.1,ctid::apt29::unknown::0046,apt29::unknown
308,ctid,43,0.001,40,0.1,ctid::apt29::unknown::0047,apt29::unknown
309,ctid,43,0.001,40,0.1,ctid::apt29::unknown::0048,apt29::unknown
310,ctid,43,0.001,40,0.1,ctid::apt29::unknown::0049,apt29::unknown
311,ctid,43,0.001,40,0.1,ctid::apt29::unknown::0050,apt29::unknown
312,ctid,43,0.001,40,0.1,ctid::apt29::unknown::0051,apt29::unknown
313,ctid,43,0.001,40,0.1,ctid::apt29::unknown::0052,apt29::unknown
314,ctid,43,0.001,40,0.1,ctid::apt29::unknown::0053,apt29::unknown
315,ctid,43,0.001,40,0.1,ctid::apt29::unknown::0054,apt29::unknown
316,ctid,43,0.001,40,0.1,ctid::apt29::unknown::0055,apt29::unknown
317,ctid,43,0.001,40,0.1,ctid::apt29::unknown::0056,apt29::unknown
318,ctid,43,0.001,40,0.1,ctid::apt29::unknown::0057,apt29::unknown
319,ctid,43,0.001,40,0.1,ctid::apt29::unknown::0058,apt29::unknown
320,ctid,43,0.001,40,0.1,ctid::apt29::unknown::0059,apt29::unknown
321,ctid,43,0.001,40,0.1,ctid::apt29::unknown::0060,apt29::unknown
322,ctid,43,0.001,40,0.1,ctid::apt29::unknown::0061,apt29::unknown
323,ctid,43,0.001,40,0.1,ctid::apt29::unknown::0062,apt29::unknown
324,ctid,43,0.001,40,0.1,ctid::apt29::unknown::0063,apt29::unknown
325,ctid,43,0.001,40,0.1,ctid::apt29::unknown::0064,apt29::unknown
326,ctid,43,0.001,40,0.1,ctid::carbanak::unknown::0001,carbanak::unknown
327,ctid,43,0.001,40,0.1,ctid::carbanak::unknown::0002,carbanak::unknown
328,ctid,43,0.001,40,0.1,ctid::carbanak::unknown::0003,carbanak::unknown
329,ctid,43,0.001,40,0.1,ctid::carbanak::unknown::0004,carbanak::unknown
330,ctid,43,0.001,40,0.1,ctid::carbanak::unknown::0005,carbanak::unknown
331,ctid,43,0.001,40,0.1,ctid::carbanak::unknown::0006,carbanak::unknown
332,ctid,43,0.001,40,0.1,ctid::carbanak::unknown::0008,carbanak::unknown
333,ctid,43,0.001,40,0.1,ctid::carbanak::unknown::0009,carbanak::unknown
334,ctid,43,0.001,40,0.1,ctid::carbanak::unknown::0010,carbanak::unknown
335,ctid,43,0.001,40,0.1,ctid::carbanak::unknown::0011,carbanak::unknown
336,ctid,43,0.001,40,0.1,ctid::carbanak::unknown::0012,carbanak::unknown
337,ctid,43,0.001,40,0.1,ctid::carbanak::unknown::0013,carbanak::unknown
338,ctid,43,0.001,40,0.1,ctid::carbanak::unknown::0014,carbanak::unknown
339,ctid,43,0.001,40,0.1,ctid::carbanak::unknown::0015,carbanak::unknown
340,ctid,43,0.001,40,0.1,ctid::carbanak::unknown::0016,carbanak::unknown
341,ctid,43,0.001,40,0.1,ctid::carbanak::unknown::0017,carbanak::unknown
342,ctid,43,0.001,40,0.1,ctid::carbanak::unknown::0018,carbanak::unknown
343,ctid,43,0.001,40,0.1,ctid::carbanak::unknown::0019,carbanak::unknown
344,ctid,43,0.001,40,0.1,ctid::carbanak::unknown::0020,carbanak::unknown
345,ctid,43,0.001,40,0.1,ctid::fin6::unknown::0001,fin6::unknown
346,ctid,43,0.001,40,0.1,ctid::fin6::unknown::0002,fin6::unknown
347,ctid,43,0.001,40,0.1,ctid::fin6::unknown::0003,fin6::unknown
348,ctid,43,0.001,40,0.1,ctid::fin6::unknown::0004,fin6::unknown
349,ctid,43,0.001,40,0.1,ctid::fin6::unknown::0005,fin6::unknown
350,ctid,43,0.001,40,0.1,ctid::fin6::unknown::0006,fin6::unknown
351,ctid,43,0.001,40,0.1,ctid::fin6::unknown::0007,fin6::unknown
352,ctid,43,0.001,40,0.1,ctid::fin6::unknown::0008,fin6::unknown
353,ctid,43,0.001,40,0.1,ctid::fin6::unknown::0009,fin6::unknown
354,ctid,43,0.001,40,0.1,ctid::fin6::unknown::0010,fin6::unknown
355,ctid,43,0.001,40,0.1,ctid::fin6::unknown::0012,fin6::unknown
356,ctid,43,0.001,40,0.1,ctid::fin6::unknown::0013,fin6::unknown
357,ctid,43,0.001,40,0.1,ctid::fin6::unknown::0014,fin6::unknown
358,ctid,43,0.001,40,0.1,ctid::fin6::unknown::0015,fin6::unknown
359,ctid,43,0.001,40,0.1,ctid::fin6::unknown::0016,fin6::unknown
360,ctid,43,0.001,40,0.1,ctid::fin6::unknown::0017,fin6::unknown
361,ctid,43,0.001,40,0.1,ctid::fin7::unknown::0001,fin7::unknown
362,ctid,43,0.001,40,0.1,ctid::fin7::unknown::0002,fin7::unknown
363,ctid,43,0.001,40,0.1,ctid::fin7::unknown::0003,fin7::unknown
364,ctid,43,0.001,40,0.1,ctid::fin7::unknown::0004,fin7::unknown
365,ctid,43,0.001,40,0.1,ctid::fin7::unknown::0006,fin7::unknown
366,ctid,43,0.001,40,0.1,ctid::fin7::unknown::0007,fin7::unknown
367,ctid,43,0.001,40,0.1,ctid::fin7::unknown::0008,fin7::unknown
368,ctid,43,0.001,40,0.1,ctid::fin7::unknown::0009,fin7::unknown
369,ctid,43,0.001,40,0.1,ctid::menu_pass::unknown::0001,menu_pass::unknown
370,ctid,43,0.001,40,0.1,ctid::menu_pass::unknown::0002,menu_pass::unknown
371,ctid,43,0.001,40,0.1,ctid::menu_pass::unknown::0003,menu_pass::unknown
372,ctid,43,0.001,40,0.1,ctid::menu_pass::unknown::0004,menu_pass::unknown
373,ctid,43,0.001,40,0.1,ctid::menu_pass::unknown::0005,menu_pass::unknown
374,ctid,43,0.001,40,0.1,ctid::menu_pass::unknown::0006,menu_pass::unknown
375,ctid,43,0.001,40,0.1,ctid::menu_pass::unknown::0007,menu_pass::unknown
376,ctid,43,0.001,40,0.1,ctid::menu_pass::unknown::0008,menu_pass::unknown
377,ctid,43,0.001,40,0.1,ctid::menu_pass::unknown::0009,menu_pass::unknown
378,ctid,43,0.001,40,0.1,ctid::menu_pass::unknown::0010,menu_pass::unknown
379,ctid,43,0.001,40,0.1,ctid::oilrig::unknown::0001,oilrig::unknown
380,ctid,43,0.001,40,0.1,ctid::oilrig::unknown::0002,oilrig::unknown
381,ctid,43,0.001,40,0.1,ctid::oilrig::unknown::0003,oilrig::unknown
382,ctid,43,0.001,40,0.1,ctid::oilrig::unknown::0004,oilrig::unknown
383,ctid,43,0.001,40,0.1,ctid::oilrig::unknown::0005,oilrig::unknown
384,ctid,43,0.001,40,0.1,ctid::oilrig::unknown::0006,oilrig::unknown
385,ctid,43,0.001,40,0.1,ctid::oilrig::unknown::0007,oilrig::unknown
386,ctid,43,0.001,40,0.1,ctid::oilrig::unknown::0008,oilrig::unknown
387,ctid,43,0.001,40,0.1,ctid::oilrig::unknown::0009,oilrig::unknown
388,ctid,43,0.001,40,0.1,ctid::oilrig::unknown::0010,oilrig::unknown
389,ctid,43,0.001,40,0.1,ctid::oilrig::unknown::0011,oilrig::unknown
390,ctid,43,0.001,40,0.1,ctid::oilrig::unknown::0012,oilrig::unknown
391,ctid,43,0.001,40,0.1,ctid::oilrig::unknown::0013,oilrig::unknown
392,ctid,43,0.001,40,0.1,ctid::oilrig::unknown::0014,oilrig::unknown
393,ctid,43,0.001,40,0.1,ctid::oilrig::unknown::0015,oilrig::unknown
394,ctid,43,0.001,40,0.1,ctid::oilrig::unknown::0016,oilrig::unknown
395,ctid,43,0.001,40,0.1,ctid::oilrig::unknown::0017,oilrig::unknown
396,ctid,43,0.001,40,0.1,ctid::oilrig::unknown::0018,oilrig::unknown
397,ctid,43,0.001,40,0.1,ctid::oilrig::unknown::0019,oilrig::unknown
398,ctid,43,0.001,40,0.1,ctid::oilrig::unknown::0020,oilrig::unknown
399,ctid,43,0.001,40,0.1,ctid::oilrig::unknown::0021,oilrig::unknown
400,ctid,43,0.001,40,0.1,ctid::oilrig::unknown::0022,oilrig::unknown
401,ctid,43,0.001,40,0.1,ctid::oilrig::unknown::0023,oilrig::unknown
402,ctid,43,0.001,40,0.1,ctid::oilrig::unknown::0024,oilrig::unknown
403,ctid,43,0.001,40,0.1,ctid::oilrig::unknown::0025,oilrig::unknown
404,ctid,43,0.001,40,0.1,ctid::oilrig::unknown::0026,oilrig::unknown
405,ctid,43,0.001,40,0.1,ctid::oilrig::unknown::0027,oilrig::unknown
406,ctid,43,0.001,40,0.1,ctid::oilrig::unknown::0028,oilrig::unknown
407,ctid,43,0.001,40,0.1,ctid::oilrig::unknown::0029,oilrig::unknown
408,ctid,43,0.001,40,0.1,ctid::oilrig::unknown::0030,oilrig::unknown
409,ctid,43,0.001,40,0.1,ctid::oilrig::unknown::0031,oilrig::unknown
410,ctid,43,0.001,40,0.1,ctid::oilrig::unknown::0032,oilrig::unknown
411,ctid,43,0.001,40,0.1,ctid::oilrig::unknown::0033,oilrig::unknown
412,ctid,43,0.001,40,0.1,ctid::oilrig::unknown::0035,oilrig::unknown
413,ctid,43,0.001,40,0.1,ctid::oilrig::unknown::0036,oilrig::unknown
414,ctid,43,0.001,40,0.1,ctid::sandworm::unknown::0001,sandworm::unknown
415,ctid,43,0.001,40,0.1,ctid::sandworm::unknown::0002,sandworm::unknown
416,ctid,43,0.001,40,0.1,ctid::sandworm::unknown::0003,sandworm::unknown
417,ctid,43,0.001,40,0.1,ctid::sandworm::unknown::0004,sandworm::unknown
418,ctid,43,0.001,40,0.1,ctid::sandworm::unknown::0005,sandworm::unknown
419,ctid,43,0.001,40,0.1,ctid::sandworm::unknown::0006,sandworm::unknown
420,ctid,43,0.001,40,0.1,ctid::sandworm::unknown::0007,sandworm::unknown
421,ctid,43,0.001,40,0.1,ctid::sandworm::unknown::0008,sandworm::unknown
422,ctid,43,0.001,40,0.1,ctid::sandworm::unknown::0009,sandworm::unknown
423,ctid,43,0.001,40,0.1,ctid::sandworm::unknown::0011,sandworm::unknown
424,ctid,43,0.001,40,0.1,ctid::sandworm::unknown::0012,sandworm::unknown
425,ctid,43,0.001,40,0.1,ctid::sandworm::unknown::0013,sandworm::unknown
426,ctid,43,0.001,40,0.1,ctid::sandworm::unknown::0014,sandworm::unknown
427,ctid,43,0.001,40,0.1,ctid::sandworm::unknown::0015,sandworm::unknown
428,ctid,43,0.001,40,0.1,ctid::sandworm::unknown::0016,sandworm::unknown
429,ctid,43,0.001,40,0.1,ctid::sandworm::unknown::0017,sandworm::unknown
430,ctid,43,0.001,40,0.1,ctid::sandworm::unknown::0018,sandworm::unknown
431,ctid,43,0.001,40,0.1,ctid::sandworm::unknown::0019,sandworm::unknown
432,ctid,43,0.001,40,0.1,ctid::sandworm::unknown::0020,sandworm::unknown
433,ctid,43,0.001,40,0.1,ctid::sandworm::unknown::0021,sandworm::unknown
434,ctid,43,0.001,40,0.1,ctid::sandworm::unknown::0022,sandworm::unknown
435,ctid,43,0.001,40,0.1,ctid::sandworm::unknown::0023,sandworm::unknown
436,ctid,43,0.001,40,0.1,ctid::sandworm::unknown::0024,sandworm::unknown
437,ctid,43,0.001,40,0.1,ctid::sandworm::unknown::0025,sandworm::unknown
438,ctid,43,0.001,40,0.1,ctid::sandworm::unknown::0026,sandworm::unknown
439,ctid,43,0.001,40,0.1,ctid::sandworm::unknown::0027,sandworm::unknown
440,ctid,43,0.001,40,0.1,ctid::sandworm::unknown::0028,sandworm::unknown
441,ctid,43,0.001,40,0.1,ctid::sandworm::unknown::0029,sandworm::unknown
442,ctid,43,0.001,40,0.1,ctid::sandworm::unknown::0030,sandworm::unknown
443,ctid,43,0.001,40,0.1,ctid::sandworm::unknown::0031,sandworm::unknown
444,ctid,43,0.001,40,0.1,ctid::sandworm::unknown::0032,sandworm::unknown
445,ctid,43,0.001,40,0.1,ctid::turla_carbon::unknown::0001,turla_carbon::unknown
446,ctid,43,0.001,40,0.1,ctid::turla_carbon::unknown::0002,turla_carbon::unknown
447,ctid,43,0.001,40,0.1,ctid::turla_carbon::unknown::0003,turla_carbon::unknown
448,ctid,43,0.001,40,0.1,ctid::turla_carbon::unknown::0004,turla_carbon::unknown
449,ctid,43,0.001,40,0.1,ctid::turla_carbon::unknown::0005,turla_carbon::unknown
450,ctid,43,0.001,40,0.1,ctid::turla_carbon::unknown::0006,turla_carbon::unknown
451,ctid,43,0.001,40,0.1,ctid::turla_carbon::unknown::0007,turla_carbon::unknown
452,ctid,43,0.001,40,0.1,ctid::turla_carbon::unknown::0008,turla_carbon::unknown
453,ctid,43,0.001,40,0.1,ctid::turla_carbon::unknown::0009,turla_carbon::unknown
454,ctid,43,0.001,40,0.1,ctid::turla_carbon::unknown::0010,turla_carbon::unknown
455,ctid,43,0.001,40,0.1,ctid::turla_carbon::unknown::0011,turla_carbon::unknown
456,ctid,43,0.001,40,0.1,ctid::turla_carbon::unknown::0012,turla_carbon::unknown
457,ctid,43,0.001,40,0.1,ctid::turla_carbon::unknown::0013,turla_carbon::unknown
458,ctid,43,0.001,40,0.1,ctid::turla_carbon::unknown::0014,turla_carbon::unknown
459,ctid,43,0.001,40,0.1,ctid::turla_carbon::unknown::0015,turla_carbon::unknown
460,ctid,43,0.001,40,0.1,ctid::turla_carbon::unknown::0016,turla_carbon::unknown
461,ctid,43,0.001,40,0.1,ctid::turla_carbon::unknown::0017,turla_carbon::unknown
462,ctid,43,0.001,40,0.1,ctid::turla_carbon::unknown::0018,turla_carbon::unknown
463,ctid,43,0.001,40,0.1,ctid::turla_carbon::unknown::0019,turla_carbon::unknown
464,ctid,43,0.001,40,0.1,ctid::turla_carbon::unknown::0020,turla_carbon::unknown
465,ctid,43,0.001,40,0.1,ctid::turla_carbon::unknown::0021,turla_carbon::unknown
466,ctid,43,0.001,40,0.1,ctid::turla_carbon::unknown::0022,turla_carbon::unknown
467,ctid,43,0.001,40,0.1,ctid::turla_carbon::unknown::0023,turla_carbon::unknown
468,ctid,43,0.001,40,0.1,ctid::turla_snake::unknown::0001,turla_snake::unknown
469,ctid,43,0.001,40,0.1,ctid::turla_snake::unknown::0002,turla_snake::unknown
470,ctid,43,0.001,40,0.1,ctid::turla_snake::unknown::0003,turla_snake::unknown
471,ctid,43,0.001,40,0.1,ctid::turla_snake::unknown::0004,turla_snake::unknown
472,ctid,43,0.001,40,0.1,ctid::turla_snake::unknown::0005,turla_snake::unknown
473,ctid,43,0.001,40,0.1,ctid::turla_snake::unknown::0006,turla_snake::unknown
474,ctid,43,0.001,40,0.1,ctid::turla_snake::unknown::0007,turla_snake::unknown
475,ctid,43,0.001,40,0.1,ctid::turla_snake::unknown::0008,turla_snake::unknown
476,ctid,43,0.001,40,0.1,ctid::turla_snake::unknown::0009,turla_snake::unknown
477,ctid,43,0.001,40,0.1,ctid::turla_snake::unknown::0010,turla_snake::unknown
478,ctid,43,0.001,40,0.1,ctid::turla_snake::unknown::0011,turla_snake::unknown
479,ctid,43,0.001,40,0.1,ctid::turla_snake::unknown::0013,turla_snake::unknown
480,ctid,43,0.001,40,0.1,ctid::turla_snake::unknown::0014,turla_snake::unknown
481,ctid,43,0.001,40,0.1,ctid::turla_snake::unknown::0015,turla_snake::unknown
482,ctid,43,0.001,40,0.1,ctid::turla_snake::unknown::0016,turla_snake::unknown
483,ctid,43,0.001,40,0.1,ctid::turla_snake::unknown::0017,turla_snake::unknown
484,ctid,43,0.001,40,0.1,ctid::turla_snake::unknown::0018,turla_snake::unknown
485,ctid,43,0.001,40,0.1,ctid::turla_snake::unknown::0019,turla_snake::unknown
486,ctid,43,0.001,40,0.1,ctid::turla_snake::unknown::0020,turla_snake::unknown
487,ctid,43,0.001,40,0.1,ctid::turla_snake::unknown::0021,turla_snake::unknown
488,ctid,43,0.001,40,0.1,ctid::turla_snake::unknown::0022,turla_snake::unknown
489,ctid,43,0.001,40,0.1,ctid::turla_snake::unknown::0023,turla_snake::unknown
490,ctid,43,0.001,40,0.1,ctid::turla_snake::unknown::0024,turla_snake::unknown
491,ctid,43,0.001,40,0.1,ctid::turla_snake::unknown::0025,turla_snake::unknown
492,ctid,43,0.001,40,0.1,ctid::turla_snake::unknown::0026,turla_snake::unknown
493,ctid,43,0.001,40,0.1,ctid::turla_snake::unknown::0027,turla_snake::unknown
494,ctid,43,0.001,40,0.1,ctid::wizard_spider::unknown::0001,wizard_spider::unknown
495,ctid,43,0.001,40,0.1,ctid::wizard_spider::unknown::0002,wizard_spider::unknown
496,ctid,43,0.001,40,0.1,ctid::wizard_spider::unknown::0003,wizard_spider::unknown
497,ctid,43,0.001,40,0.1,ctid::wizard_spider::unknown::0004,wizard_spider::unknown
498,ctid,43,0.001,40,0.1,ctid::wizard_spider::unknown::0005,wizard_spider::unknown
499,ctid,43,0.001,40,0.1,ctid::wizard_spider::unknown::0006,wizard_spider::unknown
500,ctid,43,0.001,40,0.1,ctid::wizard_spider::unknown::0007,wizard_spider::unknown
501,ctid,43,0.001,40,0.1,ctid::wizard_spider::unknown::0008,wizard_spider::unknown
502,ctid,43,0.001,40,0.1,ctid::wizard_spider::unknown::0009,wizard_spider::unknown
503,ctid,43,0.001,40,0.1,ctid::wizard_spider::unknown::0010,wizard_spider::unknown
504,ctid,43,0.001,40,0.1,ctid::wizard_spider::unknown::0011,wizard_spider::unknown
505,ctid,43,0.001,40,0.1,ctid::wizard_spider::unknown::0012,wizard_spider::unknown
506,ctid,43,0.001,40,0.1,ctid::wizard_spider::unknown::0013,wizard_spider::unknown
507,ctid,43,0.001,40,0.1,ctid::wizard_spider::unknown::0014,wizard_spider::unknown
508,ctid,43,0.001,40,0.1,ctid::wizard_spider::unknown::0015,wizard_spider::unknown
509,ctid,43,0.001,40,0.1,ctid::wizard_spider::unknown::0016,wizard_spider::unknown
510,ctid,43,0.001,40,0.1,ctid::wizard_spider::unknown::0017,wizard_spider::unknown
511,ctid,43,0.001,40,0.1,ctid::wizard_spider::unknown::0019,wizard_spider::unknown
512,ctid,43,0.001,40,0.1,ctid::wizard_spider::unknown::0020,wizard_spider::unknown
513,ctid,43,0.001,40,0.1,ctid::wizard_spider::unknown::0021,wizard_spider::unknown
514,ctid,43,0.001,40,0.1,ctid::wizard_spider::unknown::0022,wizard_spider::unknown
515,ctid,43,0.001,40,0.1,ctid::wizard_spider::unknown::0023,wizard_spider::unknown
516,ctid,43,0.001,40,0.1,ctid::wizard_spider::unknown::0024,wizard_spider::unknown
517,ctid,43,0.001,40,0.1,ctid::wizard_spider::unknown::0025,wizard_spider::unknown
518,ctid,43,0.001,40,0.1,ctid::wizard_spider::unknown::0026,wizard_spider::unknown
519,ctid,43,0.001,40,0.1,ctid::wizard_spider::unknown::0027,wizard_spider::unknown
520,ctid,43,0.001,40,0.1,ctid::wizard_spider::unknown::0028,wizard_spider::unknown
521,ctid,43,0.001,40,0.1,ctid::wizard_spider::unknown::0029,wizard_spider::unknown
522,ctid,43,0.001,40,0.1,ctid::wizard_spider::unknown::0030,wizard_spider::unknown
523,ctid,43,0.001,40,0.1,ctid::wizard_spider::unknown::0031,wizard_spider::unknown
524,ctid,43,0.001,40,0.1,ctid::wizard_spider::unknown::0032,wizard_spider::unknown
525,ctid,43,0.001,40,0.1,ctid::wizard_spider::unknown::0033,wizard_spider::unknown
526,ctid,44,0.001,40,0.1,ctid::apt29::unknown::0001,apt29::unknown
527,ctid,44,0.001,40,0.1,ctid::apt29::unknown::0002,apt29::unknown
528,ctid,44,0.001,40,0.1,ctid::apt29::unknown::0003,apt29::unknown
529,ctid,44,0.001,40,0.1,ctid::apt29::unknown::0004,apt29::unknown
530,ctid,44,0.001,40,0.1,ctid::apt29::unknown::0005,apt29::unknown
531,ctid,44,0.001,40,0.1,ctid::apt29::unknown::0006,apt29::unknown
532,ctid,44,0.001,40,0.1,ctid::apt29::unknown::0007,apt29::unknown
533,ctid,44,0.001,40,0.1,ctid::apt29::unknown::0008,apt29::unknown
534,ctid,44,0.001,40,0.1,ctid::apt29::unknown::0009,apt29::unknown
535,ctid,44,0.001,40,0.1,ctid::apt29::unknown::0010,apt29::unknown
536,ctid,44,0.001,40,0.1,ctid::apt29::unknown::0011,apt29::unknown
537,ctid,44,0.001,40,0.1,ctid::apt29::unknown::0012,apt29::unknown
538,ctid,44,0.001,40,0.1,ctid::apt29::unknown::0013,apt29::unknown
539,ctid,44,0.001,40,0.1,ctid::apt29::unknown::0014,apt29::unknown
540,ctid,44,0.001,40,0.1,ctid::apt29::unknown::0015,apt29::unknown
541,ctid,44,0.001,40,0.1,ctid::apt29::unknown::0016,apt29::unknown
542,ctid,44,0.001,40,0.1,ctid::apt29::unknown::0017,apt29::unknown
543,ctid,44,0.001,40,0.1,ctid::apt29::unknown::0018,apt29::unknown
544,ctid,44,0.001,40,0.1,ctid::apt29::unknown::0019,apt29::unknown
545,ctid,44,0.001,40,0.1,ctid::apt29::unknown::0020,apt29::unknown
546,ctid,44,0.001,40,0.1,ctid::apt29::unknown::0021,apt29::unknown
547,ctid,44,0.001,40,0.1,ctid::apt29::unknown::0022,apt29::unknown
548,ctid,44,0.001,40,0.1,ctid::apt29::unknown::0023,apt29::unknown
549,ctid,44,0.001,40,0.1,ctid::apt29::unknown::0024,apt29::unknown
550,ctid,44,0.001,40,0.1,ctid::apt29::unknown::0025,apt29::unknown
551,ctid,44,0.001,40,0.1,ctid::apt29::unknown::0026,apt29::unknown
552,ctid,44,0.001,40,0.1,ctid::apt29::unknown::0028,apt29::unknown
553,ctid,44,0.001,40,0.1,ctid::apt29::unknown::0029,apt29::unknown
554,ctid,44,0.001,40,0.1,ctid::apt29::unknown::0030,apt29::unknown
555,ctid,44,0.001,40,0.1,ctid::apt29::unknown::0031,apt29::unknown
556,ctid,44,0.001,40,0.1,ctid::apt29::unknown::0032,apt29::unknown
557,ctid,44,0.001,40,0.1,ctid::apt29::unknown::0033,apt29::unknown
558,ctid,44,0.001,40,0.1,ctid::apt29::unknown::0034,apt29::unknown
559,ctid,44,0.001,40,0.1,ctid::apt29::unknown::0035,apt29::unknown
560,ctid,44,0.001,40,0.1,ctid::apt29::unknown::0036,apt29::unknown
561,ctid,44,0.001,40,0.1,ctid::apt29::unknown::0037,apt29::unknown
562,ctid,44,0.001,40,0.1,ctid::apt29::unknown::0038,apt29::unknown
563,ctid,44,0.001,40,0.1,ctid::apt29::unknown::0039,apt29::unknown
564,ctid,44,0.001,40,0.1,ctid::apt29::unknown::0040,apt29::unknown
565,ctid,44,0.001,40,0.1,ctid::apt29::unknown::0041,apt29::unknown
566,ctid,44,0.001,40,0.1,ctid::apt29::unknown::0042,apt29::unknown
567,ctid,44,0.001,40,0.1,ctid::apt29::unknown::0043,apt29::unknown
568,ctid,44,0.001,40,0.1,ctid::apt29::unknown::0044,apt29::unknown
569,ctid,44,0.001,40,0.1,ctid::apt29::unknown::0045,apt29::unknown
570,ctid,44,0.001,40,0.1,ctid::apt29::unknown::0046,apt29::unknown
571,ctid,44,0.001,40,0.1,ctid::apt29::unknown::0047,apt29::unknown
572,ctid,44,0.001,40,0.1,ctid::apt29::unknown::0048,apt29::unknown
573,ctid,44,0.001,40,0.1,ctid::apt29::unknown::0049,apt29::unknown
574,ctid,44,0.001,40,0.1,ctid::apt29::unknown::0050,apt29::unknown
575,ctid,44,0.001,40,0.1,ctid::apt29::unknown::0051,apt29::unknown
576,ctid,44,0.001,40,0.1,ctid::apt29::unknown::0052,apt29::unknown
577,ctid,44,0.001,40,0.1,ctid::apt29::unknown::0053,apt29::unknown
578,ctid,44,0.001,40,0.1,ctid::apt29::unknown::0054,apt29::unknown
579,ctid,44,0.001,40,0.1,ctid::apt29::unknown::0055,apt29::unknown
580,ctid,44,0.001,40,0.1,ctid::apt29::unknown::0056,apt29::unknown
581,ctid,44,0.001,40,0.1,ctid::apt29::unknown::0057,apt29::unknown
582,ctid,44,0.001,40,0.1,ctid::apt29::unknown::0058,apt29::unknown
583,ctid,44,0.001,40,0.1,ctid::apt29::unknown::0059,apt29::unknown
584,ctid,44,0.001,40,0.1,ctid::apt29::unknown::0060,apt29::unknown
585,ctid,44,0.001,40,0.1,ctid::apt29::unknown::0061,apt29::unknown
586,ctid,44,0.001,40,0.1,ctid::apt29::unknown::0062,apt29::unknown
587,ctid,44,0.001,40,0.1,ctid::apt29::unknown::0063,apt29::unknown
588,ctid,44,0.001,40,0.1,ctid::apt29::unknown::0064,apt29::unknown
589,ctid,44,0.001,40,0.1,ctid::carbanak::unknown::0001,carbanak::unknown
590,ctid,44,0.001,40,0.1,ctid::carbanak::unknown::0002,carbanak::unknown
591,ctid,44,0.001,40,0.1,ctid::carbanak::unknown::0003,carbanak::unknown
592,ctid,44,0.001,40,0.1,ctid::carbanak::unknown::0004,carbanak::unknown
593,ctid,44,0.001,40,0.1,ctid::carbanak::unknown::0005,carbanak::unknown
594,ctid,44,0.001,40,0.1,ctid::carbanak::unknown::0006,carbanak::unknown
595,ctid,44,0.001,40,0.1,ctid::carbanak::unknown::0008,carbanak::unknown
596,ctid,44,0.001,40,0.1,ctid::carbanak::unknown::0009,carbanak::unknown
597,ctid,44,0.001,40,0.1,ctid::carbanak::unknown::0010,carbanak::unknown
598,ctid,44,0.001,40,0.1,ctid::carbanak::unknown::0011,carbanak::unknown
599,ctid,44,0.001,40,0.1,ctid::carbanak::unknown::0012,carbanak::unknown
600,ctid,44,0.001,40,0.1,ctid::carbanak::unknown::0013,carbanak::unknown
601,ctid,44,0.001,40,0.1,ctid::carbanak::unknown::0014,carbanak::unknown
602,ctid,44,0.001,40,0.1,ctid::carbanak::unknown::0015,carbanak::unknown
603,ctid,44,0.001,40,0.1,ctid::carbanak::unknown::0016,carbanak::unknown
604,ctid,44,0.001,40,0.1,ctid::carbanak::unknown::0017,carbanak::unknown
605,ctid,44,0.001,40,0.1,ctid::carbanak::unknown::0018,carbanak::unknown
606,ctid,44,0.001,40,0.1,ctid::carbanak::unknown::0019,carbanak::unknown
607,ctid,44,0.001,40,0.1,ctid::carbanak::unknown::0020,carbanak::unknown
608,ctid,44,0.001,40,0.1,ctid::fin6::unknown::0001,fin6::unknown
609,ctid,44,0.001,40,0.1,ctid::fin6::unknown::0002,fin6::unknown
610,ctid,44,0.001,40,0.1,ctid::fin6::unknown::0003,fin6::unknown
611,ctid,44,0.001,40,0.1,ctid::fin6::unknown::0004,fin6::unknown
612,ctid,44,0.001,40,0.1,ctid::fin6::unknown::0005,fin6::unknown
613,ctid,44,0.001,40,0.1,ctid::fin6::unknown::0006,fin6::unknown
614,ctid,44,0.001,40,0.1,ctid::fin6::unknown::0007,fin6::unknown
615,ctid,44,0.001,40,0.1,ctid::fin6::unknown::0008,fin6::unknown
616,ctid,44,0.001,40,0.1,ctid::fin6::unknown::0009,fin6::unknown
617,ctid,44,0.001,40,0.1,ctid::fin6::unknown::0010,fin6::unknown
618,ctid,44,0.001,40,0.1,ctid::fin6::unknown::0012,fin6::unknown
619,ctid,44,0.001,40,0.1,ctid::fin6::unknown::0013,fin6::unknown
620,ctid,44,0.001,40,0.1,ctid::fin6::unknown::0014,fin6::unknown
621,ctid,44,0.001,40,0.1,ctid::fin6::unknown::0015,fin6::unknown
622,ctid,44,0.001,40,0.1,ctid::fin6::unknown::0016,fin6::unknown
623,ctid,44,0.001,40,0.1,ctid::fin6::unknown::0017,fin6::unknown
624,ctid,44,0.001,40,0.1,ctid::fin7::unknown::0001,fin7::unknown
625,ctid,44,0.001,40,0.1,ctid::fin7::unknown::0002,fin7::unknown
626,ctid,44,0.001,40,0.1,ctid::fin7::unknown::0003,fin7::unknown
627,ctid,44,0.001,40,0.1,ctid::fin7::unknown::0004,fin7::unknown
628,ctid,44,0.001,40,0.1,ctid::fin7::unknown::0006,fin7::unknown
629,ctid,44,0.001,40,0.1,ctid::fin7::unknown::0007,fin7::unknown
630,ctid,44,0.001,40,0.1,ctid::fin7::unknown::0008,fin7::unknown
631,ctid,44,0.001,40,0.1,ctid::fin7::unknown::0009,fin7::unknown
632,ctid,44,0.001,40,0.1,ctid::menu_pass::unknown::0001,menu_pass::unknown
633,ctid,44,0.001,40,0.1,ctid::menu_pass::unknown::0002,menu_pass::unknown
634,ctid,44,0.001,40,0.1,ctid::menu_pass::unknown::0003,menu_pass::unknown
635,ctid,44,0.001,40,0.1,ctid::menu_pass::unknown::0004,menu_pass::unknown
636,ctid,44,0.001,40,0.1,ctid::menu_pass::unknown::0005,menu_pass::unknown
637,ctid,44,0.001,40,0.1,ctid::menu_pass::unknown::0006,menu_pass::unknown
638,ctid,44,0.001,40,0.1,ctid::menu_pass::unknown::0007,menu_pass::unknown
639,ctid,44,0.001,40,0.1,ctid::menu_pass::unknown::0008,menu_pass::unknown
640,ctid,44,0.001,40,0.1,ctid::menu_pass::unknown::0009,menu_pass::unknown
641,ctid,44,0.001,40,0.1,ctid::menu_pass::unknown::0010,menu_pass::unknown
642,ctid,44,0.001,40,0.1,ctid::oilrig::unknown::0001,oilrig::unknown
643,ctid,44,0.001,40,0.1,ctid::oilrig::unknown::0002,oilrig::unknown
644,ctid,44,0.001,40,0.1,ctid::oilrig::unknown::0003,oilrig::unknown
645,ctid,44,0.001,40,0.1,ctid::oilrig::unknown::0004,oilrig::unknown
646,ctid,44,0.001,40,0.1,ctid::oilrig::unknown::0005,oilrig::unknown
647,ctid,44,0.001,40,0.1,ctid::oilrig::unknown::0006,oilrig::unknown
648,ctid,44,0.001,40,0.1,ctid::oilrig::unknown::0007,oilrig::unknown
649,ctid,44,0.001,40,0.1,ctid::oilrig::unknown::0008,oilrig::unknown
650,ctid,44,0.001,40,0.1,ctid::oilrig::unknown::0009,oilrig::unknown
651,ctid,44,0.001,40,0.1,ctid::oilrig::unknown::0010,oilrig::unknown
652,ctid,44,0.001,40,0.1,ctid::oilrig::unknown::0011,oilrig::unknown
653,ctid,44,0.001,40,0.1,ctid::oilrig::unknown::0012,oilrig::unknown
654,ctid,44,0.001,40,0.1,ctid::oilrig::unknown::0013,oilrig::unknown
655,ctid,44,0.001,40,0.1,ctid::oilrig::unknown::0014,oilrig::unknown
656,ctid,44,0.001,40,0.1,ctid::oilrig::unknown::0015,oilrig::unknown
657,ctid,44,0.001,40,0.1,ctid::oilrig::unknown::0016,oilrig::unknown
658,ctid,44,0.001,40,0.1,ctid::oilrig::unknown::0017,oilrig::unknown
659,ctid,44,0.001,40,0.1,ctid::oilrig::unknown::0018,oilrig::unknown
660,ctid,44,0.001,40,0.1,ctid::oilrig::unknown::0019,oilrig::unknown
661,ctid,44,0.001,40,0.1,ctid::oilrig::unknown::0020,oilrig::unknown
662,ctid,44,0.001,40,0.1,ctid::oilrig::unknown::0021,oilrig::unknown
663,ctid,44,0.001,40,0.1,ctid::oilrig::unknown::0022,oilrig::unknown
664,ctid,44,0.001,40,0.1,ctid::oilrig::unknown::0023,oilrig::unknown
665,ctid,44,0.001,40,0.1,ctid::oilrig::unknown::0024,oilrig::unknown
666,ctid,44,0.001,40,0.1,ctid::oilrig::unknown::0025,oilrig::unknown
667,ctid,44,0.001,40,0.1,ctid::oilrig::unknown::0026,oilrig::unknown
668,ctid,44,0.001,40,0.1,ctid::oilrig::unknown::0027,oilrig::unknown
669,ctid,44,0.001,40,0.1,ctid::oilrig::unknown::0028,oilrig::unknown
670,ctid,44,0.001,40,0.1,ctid::oilrig::unknown::0029,oilrig::unknown
671,ctid,44,0.001,40,0.1,ctid::oilrig::unknown::0030,oilrig::unknown
672,ctid,44,0.001,40,0.1,ctid::oilrig::unknown::0031,oilrig::unknown
673,ctid,44,0.001,40,0.1,ctid::oilrig::unknown::0032,oilrig::unknown
674,ctid,44,0.001,40,0.1,ctid::oilrig::unknown::0033,oilrig::unknown
675,ctid,44,0.001,40,0.1,ctid::oilrig::unknown::0035,oilrig::unknown
676,ctid,44,0.001,40,0.1,ctid::oilrig::unknown::0036,oilrig::unknown
677,ctid,44,0.001,40,0.1,ctid::sandworm::unknown::0001,sandworm::unknown
678,ctid,44,0.001,40,0.1,ctid::sandworm::unknown::0002,sandworm::unknown
679,ctid,44,0.001,40,0.1,ctid::sandworm::unknown::0003,sandworm::unknown
680,ctid,44,0.001,40,0.1,ctid::sandworm::unknown::0004,sandworm::unknown
681,ctid,44,0.001,40,0.1,ctid::sandworm::unknown::0005,sandworm::unknown
682,ctid,44,0.001,40,0.1,ctid::sandworm::unknown::0006,sandworm::unknown
683,ctid,44,0.001,40,0.1,ctid::sandworm::unknown::0007,sandworm::unknown
684,ctid,44,0.001,40,0.1,ctid::sandworm::unknown::0008,sandworm::unknown
685,ctid,44,0.001,40,0.1,ctid::sandworm::unknown::0009,sandworm::unknown
686,ctid,44,0.001,40,0.1,ctid::sandworm::unknown::0011,sandworm::unknown
687,ctid,44,0.001,40,0.1,ctid::sandworm::unknown::0012,sandworm::unknown
688,ctid,44,0.001,40,0.1,ctid::sandworm::unknown::0013,sandworm::unknown
689,ctid,44,0.001,40,0.1,ctid::sandworm::unknown::0014,sandworm::unknown
690,ctid,44,0.001,40,0.1,ctid::sandworm::unknown::0015,sandworm::unknown
691,ctid,44,0.001,40,0.1,ctid::sandworm::unknown::0016,sandworm::unknown
692,ctid,44,0.001,40,0.1,ctid::sandworm::unknown::0017,sandworm::unknown
693,ctid,44,0.001,40,0.1,ctid::sandworm::unknown::0018,sandworm::unknown
694,ctid,44,0.001,40,0.1,ctid::sandworm::unknown::0019,sandworm::unknown
695,ctid,44,0.001,40,0.1,ctid::sandworm::unknown::0020,sandworm::unknown
696,ctid,44,0.001,40,0.1,ctid::sandworm::unknown::0021,sandworm::unknown
697,ctid,44,0.001,40,0.1,ctid::sandworm::unknown::0022,sandworm::unknown
698,ctid,44,0.001,40,0.1,ctid::sandworm::unknown::0023,sandworm::unknown
699,ctid,44,0.001,40,0.1,ctid::sandworm::unknown::0024,sandworm::unknown
700,ctid,44,0.001,40,0.1,ctid::sandworm::unknown::0025,sandworm::unknown
701,ctid,44,0.001,40,0.1,ctid::sandworm::unknown::0026,sandworm::unknown
702,ctid,44,0.001,40,0.1,ctid::sandworm::unknown::0027,sandworm::unknown
703,ctid,44,0.001,40,0.1,ctid::sandworm::unknown::0028,sandworm::unknown
704,ctid,44,0.001,40,0.1,ctid::sandworm::unknown::0029,sandworm::unknown
705,ctid,44,0.001,40,0.1,ctid::sandworm::unknown::0030,sandworm::unknown
706,ctid,44,0.001,40,0.1,ctid::sandworm::unknown::0031,sandworm::unknown
707,ctid,44,0.001,40,0.1,ctid::sandworm::unknown::0032,sandworm::unknown
708,ctid,44,0.001,40,0.1,ctid::turla_carbon::unknown::0001,turla_carbon::unknown
709,ctid,44,0.001,40,0.1,ctid::turla_carbon::unknown::0002,turla_carbon::unknown
710,ctid,44,0.001,40,0.1,ctid::turla_carbon::unknown::0003,turla_carbon::unknown
711,ctid,44,0.001,40,0.1,ctid::turla_carbon::unknown::0004,turla_carbon::unknown
712,ctid,44,0.001,40,0.1,ctid::turla_carbon::unknown::0005,turla_carbon::unknown
713,ctid,44,0.001,40,0.1,ctid::turla_carbon::unknown::0006,turla_carbon::unknown
714,ctid,44,0.001,40,0.1,ctid::turla_carbon::unknown::0007,turla_carbon::unknown
715,ctid,44,0.001,40,0.1,ctid::turla_carbon::unknown::0008,turla_carbon::unknown
716,ctid,44,0.001,40,0.1,ctid::turla_carbon::unknown::0009,turla_carbon::unknown
717,ctid,44,0.001,40,0.1,ctid::turla_carbon::unknown::0010,turla_carbon::unknown
718,ctid,44,0.001,40,0.1,ctid::turla_carbon::unknown::0011,turla_carbon::unknown
719,ctid,44,0.001,40,0.1,ctid::turla_carbon::unknown::0012,turla_carbon::unknown
720,ctid,44,0.001,40,0.1,ctid::turla_carbon::unknown::0013,turla_carbon::unknown
721,ctid,44,0.001,40,0.1,ctid::turla_carbon::unknown::0014,turla_carbon::unknown
722,ctid,44,0.001,40,0.1,ctid::turla_carbon::unknown::0015,turla_carbon::unknown
723,ctid,44,0.001,40,0.1,ctid::turla_carbon::unknown::0016,turla_carbon::unknown
724,ctid,44,0.001,40,0.1,ctid::turla_carbon::unknown::0017,turla_carbon::unknown
725,ctid,44,0.001,40,0.1,ctid::turla_carbon::unknown::0018,turla_carbon::unknown
726,ctid,44,0.001,40,0.1,ctid::turla_carbon::unknown::0019,turla_carbon::unknown
727,ctid,44,0.001,40,0.1,ctid::turla_carbon::unknown::0020,turla_carbon::unknown
728,ctid,44,0.001,40,0.1,ctid::turla_carbon::unknown::0021,turla_carbon::unknown
729,ctid,44,0.001,40,0.1,ctid::turla_carbon::unknown::0022,turla_carbon::unknown
730,ctid,44,0.001,40,0.1,ctid::turla_carbon::unknown::0023,turla_carbon::unknown
731,ctid,44,0.001,40,0.1,ctid::turla_snake::unknown::0001,turla_snake::unknown
732,ctid,44,0.001,40,0.1,ctid::turla_snake::unknown::0002,turla_snake::unknown
733,ctid,44,0.001,40,0.1,ctid::turla_snake::unknown::0003,turla_snake::unknown
734,ctid,44,0.001,40,0.1,ctid::turla_snake::unknown::0004,turla_snake::unknown
735,ctid,44,0.001,40,0.1,ctid::turla_snake::unknown::0005,turla_snake::unknown
736,ctid,44,0.001,40,0.1,ctid::turla_snake::unknown::0006,turla_snake::unknown
737,ctid,44,0.001,40,0.1,ctid::turla_snake::unknown::0007,turla_snake::unknown
738,ctid,44,0.001,40,0.1,ctid::turla_snake::unknown::0008,turla_snake::unknown
739,ctid,44,0.001,40,0.1,ctid::turla_snake::unknown::0009,turla_snake::unknown
740,ctid,44,0.001,40,0.1,ctid::turla_snake::unknown::0010,turla_snake::unknown
741,ctid,44,0.001,40,0.1,ctid::turla_snake::unknown::0011,turla_snake::unknown
742,ctid,44,0.001,40,0.1,ctid::turla_snake::unknown::0013,turla_snake::unknown
743,ctid,44,0.001,40,0.1,ctid::turla_snake::unknown::0014,turla_snake::unknown
744,ctid,44,0.001,40,0.1,ctid::turla_snake::unknown::0015,turla_snake::unknown
745,ctid,44,0.001,40,0.1,ctid::turla_snake::unknown::0016,turla_snake::unknown
746,ctid,44,0.001,40,0.1,ctid::turla_snake::unknown::0017,turla_snake::unknown
747,ctid,44,0.001,40,0.1,ctid::turla_snake::unknown::0018,turla_snake::unknown
748,ctid,44,0.001,40,0.1,ctid::turla_snake::unknown::0019,turla_snake::unknown
749,ctid,44,0.001,40,0.1,ctid::turla_snake::unknown::0020,turla_snake::unknown
750,ctid,44,0.001,40,0.1,ctid::turla_snake::unknown::0021,turla_snake::unknown
751,ctid,44,0.001,40,0.1,ctid::turla_snake::unknown::0022,turla_snake::unknown
752,ctid,44,0.001,40,0.1,ctid::turla_snake::unknown::0023,turla_snake::unknown
753,ctid,44,0.001,40,0.1,ctid::turla_snake::unknown::0024,turla_snake::unknown
754,ctid,44,0.001,40,0.1,ctid::turla_snake::unknown::0025,turla_snake::unknown
755,ctid,44,0.001,40,0.1,ctid::turla_snake::unknown::0026,turla_snake::unknown
756,ctid,44,0.001,40,0.1,ctid::turla_snake::unknown::0027,turla_snake::unknown
757,ctid,44,0.001,40,0.1,ctid::wizard_spider::unknown::0001,wizard_spider::unknown
758,ctid,44,0.001,40,0.1,ctid::wizard_spider::unknown::0002,wizard_spider::unknown
759,ctid,44,0.001,40,0.1,ctid::wizard_spider::unknown::0003,wizard_spider::unknown
760,ctid,44,0.001,40,0.1,ctid::wizard_spider::unknown::0004,wizard_spider::unknown
761,ctid,44,0.001,40,0.1,ctid::wizard_spider::unknown::0005,wizard_spider::unknown
762,ctid,44,0.001,40,0.1,ctid::wizard_spider::unknown::0006,wizard_spider::unknown
763,ctid,44,0.001,40,0.1,ctid::wizard_spider::unknown::0007,wizard_spider::unknown
764,ctid,44,0.001,40,0.1,ctid::wizard_spider::unknown::0008,wizard_spider::unknown
765,ctid,44,0.001,40,0.1,ctid::wizard_spider::unknown::0009,wizard_spider::unknown
766,ctid,44,0.001,40,0.1,ctid::wizard_spider::unknown::0010,wizard_spider::unknown
767,ctid,44,0.001,40,0.1,ctid::wizard_spider::unknown::0011,wizard_spider::unknown
768,ctid,44,0.001,40,0.1,ctid::wizard_spider::unknown::0012,wizard_spider::unknown
769,ctid,44,0.001,40,0.1,ctid::wizard_spider::unknown::0013,wizard_spider::unknown
770,ctid,44,0.001,40,0.1,ctid::wizard_spider::unknown::0014,wizard_spider::unknown
771,ctid,44,0.001,40,0.1,ctid::wizard_spider::unknown::0015,wizard_spider::unknown
772,ctid,44,0.001,40,0.1,ctid::wizard_spider::unknown::0016,wizard_spider::unknown
773,ctid,44,0.001,40,0.1,ctid::wizard_spider::unknown::0017,wizard_spider::unknown
774,ctid,44,0.001,40,0.1,ctid::wizard_spider::unknown::0019,wizard_spider::unknown
775,ctid,44,0.001,40,0.1,ctid::wizard_spider::unknown::0020,wizard_spider::unknown
776,ctid,44,0.001,40,0.1,ctid::wizard_spider::unknown::0021,wizard_spider::unknown
777,ctid,44,0.001,40,0.1,ctid::wizard_spider::unknown::0022,wizard_spider::unknown
778,ctid,44,0.001,40,0.1,ctid::wizard_spider::unknown::0023,wizard_spider::unknown
779,ctid,44,0.001,40,0.1,ctid::wizard_spider::unknown::0024,wizard_spider::unknown
780,ctid,44,0.001,40,0.1,ctid::wizard_spider::unknown::0025,wizard_spider::unknown
781,ctid,44,0.001,40,0.1,ctid::wizard_spider::unknown::0026,wizard_spider::unknown
782,ctid,44,0.001,40,0.1,ctid::wizard_spider::unknown::0027,wizard_spider::unknown
783,ctid,44,0.001,40,0.1,ctid::wizard_spider::unknown::0028,wizard_spider::unknown
784,ctid,44,0.001,40,0.1,ctid::wizard_spider::unknown::0029,wizard_spider::unknown
785,ctid,44,0.001,40,0.1,ctid::wizard_spider::unknown::0030,wizard_spider::unknown
786,ctid,44,0.001,40,0.1,ctid::wizard_spider::unknown::0031,wizard_spider::unknown
787,ctid,44,0.001,40,0.1,ctid::wizard_spider::unknown::0032,wizard_spider::unknown
788,ctid,44,0.001,40,0.1,ctid::wizard_spider::unknown::0033,wizard_spider::unknown
789,ctid,45,0.001,40,0.1,ctid::apt29::unknown::0001,apt29::unknown
790,ctid,45,0.001,40,0.1,ctid::apt29::unknown::0002,apt29::unknown
791,ctid,45,0.001,40,0.1,ctid::apt29::unknown::0003,apt29::unknown
792,ctid,45,0.001,40,0.1,ctid::apt29::unknown::0004,apt29::unknown
793,ctid,45,0.001,40,0.1,ctid::apt29::unknown::0005,apt29::unknown
794,ctid,45,0.001,40,0.1,ctid::apt29::unknown::0006,apt29::unknown
795,ctid,45,0.001,40,0.1,ctid::apt29::unknown::0007,apt29::unknown
796,ctid,45,0.001,40,0.1,ctid::apt29::unknown::0008,apt29::unknown
797,ctid,45,0.001,40,0.1,ctid::apt29::unknown::0009,apt29::unknown
798,ctid,45,0.001,40,0.1,ctid::apt29::unknown::0010,apt29::unknown
799,ctid,45,0.001,40,0.1,ctid::apt29::unknown::0011,apt29::unknown
800,ctid,45,0.001,40,0.1,ctid::apt29::unknown::0012,apt29::unknown
801,ctid,45,0.001,40,0.1,ctid::apt29::unknown::0013,apt29::unknown
802,ctid,45,0.001,40,0.1,ctid::apt29::unknown::0014,apt29::unknown
803,ctid,45,0.001,40,0.1,ctid::apt29::unknown::0015,apt29::unknown
804,ctid,45,0.001,40,0.1,ctid::apt29::unknown::0016,apt29::unknown
805,ctid,45,0.001,40,0.1,ctid::apt29::unknown::0017,apt29::unknown
806,ctid,45,0.001,40,0.1,ctid::apt29::unknown::0018,apt29::unknown
807,ctid,45,0.001,40,0.1,ctid::apt29::unknown::0019,apt29::unknown
808,ctid,45,0.001,40,0.1,ctid::apt29::unknown::0020,apt29::unknown
809,ctid,45,0.001,40,0.1,ctid::apt29::unknown::0021,apt29::unknown
810,ctid,45,0.001,40,0.1,ctid::apt29::unknown::0022,apt29::unknown
811,ctid,45,0.001,40,0.1,ctid::apt29::unknown::0023,apt29::unknown
812,ctid,45,0.001,40,0.1,ctid::apt29::unknown::0024,apt29::unknown
813,ctid,45,0.001,40,0.1,ctid::apt29::unknown::0025,apt29::unknown
814,ctid,45,0.001,40,0.1,ctid::apt29::unknown::0026,apt29::unknown
815,ctid,45,0.001,40,0.1,ctid::apt29::unknown::0028,apt29::unknown
816,ctid,45,0.001,40,0.1,ctid::apt29::unknown::0029,apt29::unknown
817,ctid,45,0.001,40,0.1,ctid::apt29::unknown::0030,apt29::unknown
818,ctid,45,0.001,40,0.1,ctid::apt29::unknown::0031,apt29::unknown
819,ctid,45,0.001,40,0.1,ctid::apt29::unknown::0032,apt29::unknown
820,ctid,45,0.001,40,0.1,ctid::apt29::unknown::0033,apt29::unknown
821,ctid,45,0.001,40,0.1,ctid::apt29::unknown::0034,apt29::unknown
822,ctid,45,0.001,40,0.1,ctid::apt29::unknown::0035,apt29::unknown
823,ctid,45,0.001,40,0.1,ctid::apt29::unknown::0036,apt29::unknown
824,ctid,45,0.001,40,0.1,ctid::apt29::unknown::0037,apt29::unknown
825,ctid,45,0.001,40,0.1,ctid::apt29::unknown::0038,apt29::unknown
826,ctid,45,0.001,40,0.1,ctid::apt29::unknown::0039,apt29::unknown
827,ctid,45,0.001,40,0.1,ctid::apt29::unknown::0040,apt29::unknown
828,ctid,45,0.001,40,0.1,ctid::apt29::unknown::0041,apt29::unknown
829,ctid,45,0.001,40,0.1,ctid::apt29::unknown::0042,apt29::unknown
830,ctid,45,0.001,40,0.1,ctid::apt29::unknown::0043,apt29::unknown
831,ctid,45,0.001,40,0.1,ctid::apt29::unknown::0044,apt29::unknown
832,ctid,45,0.001,40,0.1,ctid::apt29::unknown::0045,apt29::unknown
833,ctid,45,0.001,40,0.1,ctid::apt29::unknown::0046,apt29::unknown
834,ctid,45,0.001,40,0.1,ctid::apt29::unknown::0047,apt29::unknown
835,ctid,45,0.001,40,0.1,ctid::apt29::unknown::0048,apt29::unknown
836,ctid,45,0.001,40,0.1,ctid::apt29::unknown::0049,apt29::unknown
837,ctid,45,0.001,40,0.1,ctid::apt29::unknown::0050,apt29::unknown
838,ctid,45,0.001,40,0.1,ctid::apt29::unknown::0051,apt29::unknown
839,ctid,45,0.001,40,0.1,ctid::apt29::unknown::0052,apt29::unknown
840,ctid,45,0.001,40,0.1,ctid::apt29::unknown::0053,apt29::unknown
841,ctid,45,0.001,40,0.1,ctid::apt29::unknown::0054,apt29::unknown
842,ctid,45,0.001,40,0.1,ctid::apt29::unknown::0055,apt29::unknown
843,ctid,45,0.001,40,0.1,ctid::apt29::unknown::0056,apt29::unknown
844,ctid,45,0.001,40,0.1,ctid::apt29::unknown::0057,apt29::unknown
845,ctid,45,0.001,40,0.1,ctid::apt29::unknown::0058,apt29::unknown
846,ctid,45,0.001,40,0.1,ctid::apt29::unknown::0059,apt29::unknown
847,ctid,45,0.001,40,0.1,ctid::apt29::unknown::0060,apt29::unknown
848,ctid,45,0.001,40,0.1,ctid::apt29::unknown::0061,apt29::unknown
849,ctid,45,0.001,40,0.1,ctid::apt29::unknown::0062,apt29::unknown
850,ctid,45,0.001,40,0.1,ctid::apt29::unknown::0063,apt29::unknown
851,ctid,45,0.001,40,0.1,ctid::apt29::unknown::0064,apt29::unknown
852,ctid,45,0.001,40,0.1,ctid::carbanak::unknown::0001,carbanak::unknown
853,ctid,45,0.001,40,0.1,ctid::carbanak::unknown::0002,carbanak::unknown
854,ctid,45,0.001,40,0.1,ctid::carbanak::unknown::0003,carbanak::unknown
855,ctid,45,0.001,40,0.1,ctid::carbanak::unknown::0004,carbanak::unknown
856,ctid,45,0.001,40,0.1,ctid::carbanak::unknown::0005,carbanak::unknown
857,ctid,45,0.001,40,0.1,ctid::carbanak::unknown::0006,carbanak::unknown
858,ctid,45,0.001,40,0.1,ctid::carbanak::unknown::0008,carbanak::unknown
859,ctid,45,0.001,40,0.1,ctid::carbanak::unknown::0009,carbanak::unknown
860,ctid,45,0.001,40,0.1,ctid::carbanak::unknown::0010,carbanak::unknown
861,ctid,45,0.001,40,0.1,ctid::carbanak::unknown::0011,carbanak::unknown
862,ctid,45,0.001,40,0.1,ctid::carbanak::unknown::0012,carbanak::unknown
863,ctid,45,0.001,40,0.1,ctid::carbanak::unknown::0013,carbanak::unknown
864,ctid,45,0.001,40,0.1,ctid::carbanak::unknown::0014,carbanak::unknown
865,ctid,45,0.001,40,0.1,ctid::carbanak::unknown::0015,carbanak::unknown
866,ctid,45,0.001,40,0.1,ctid::carbanak::unknown::0016,carbanak::unknown
867,ctid,45,0.001,40,0.1,ctid::carbanak::unknown::0017,carbanak::unknown
868,ctid,45,0.001,40,0.1,ctid::carbanak::unknown::0018,carbanak::unknown
869,ctid,45,0.001,40,0.1,ctid::carbanak::unknown::0019,carbanak::unknown
870,ctid,45,0.001,40,0.1,ctid::carbanak::unknown::0020,carbanak::unknown
871,ctid,45,0.001,40,0.1,ctid::fin6::unknown::0001,fin6::unknown
872,ctid,45,0.001,40,0.1,ctid::fin6::unknown::0002,fin6::unknown
873,ctid,45,0.001,40,0.1,ctid::fin6::unknown::0003,fin6::unknown
874,ctid,45,0.001,40,0.1,ctid::fin6::unknown::0004,fin6::unknown
875,ctid,45,0.001,40,0.1,ctid::fin6::unknown::0005,fin6::unknown
876,ctid,45,0.001,40,0.1,ctid::fin6::unknown::0006,fin6::unknown
877,ctid,45,0.001,40,0.1,ctid::fin6::unknown::0007,fin6::unknown
878,ctid,45,0.001,40,0.1,ctid::fin6::unknown::0008,fin6::unknown
879,ctid,45,0.001,40,0.1,ctid::fin6::unknown::0009,fin6::unknown
880,ctid,45,0.001,40,0.1,ctid::fin6::unknown::0010,fin6::unknown
881,ctid,45,0.001,40,0.1,ctid::fin6::unknown::0012,fin6::unknown
882,ctid,45,0.001,40,0.1,ctid::fin6::unknown::0013,fin6::unknown
883,ctid,45,0.001,40,0.1,ctid::fin6::unknown::0014,fin6::unknown
884,ctid,45,0.001,40,0.1,ctid::fin6::unknown::0015,fin6::unknown
885,ctid,45,0.001,40,0.1,ctid::fin6::unknown::0016,fin6::unknown
886,ctid,45,0.001,40,0.1,ctid::fin6::unknown::0017,fin6::unknown
887,ctid,45,0.001,40,0.1,ctid::fin7::unknown::0001,fin7::unknown
888,ctid,45,0.001,40,0.1,ctid::fin7::unknown::0002,fin7::unknown
889,ctid,45,0.001,40,0.1,ctid::fin7::unknown::0003,fin7::unknown
890,ctid,45,0.001,40,0.1,ctid::fin7::unknown::0004,fin7::unknown
891,ctid,45,0.001,40,0.1,ctid::fin7::unknown::0006,fin7::unknown
892,ctid,45,0.001,40,0.1,ctid::fin7::unknown::0007,fin7::unknown
893,ctid,45,0.001,40,0.1,ctid::fin7::unknown::0008,fin7::unknown
894,ctid,45,0.001,40,0.1,ctid::fin7::unknown::0009,fin7::unknown
895,ctid,45,0.001,40,0.1,ctid::menu_pass::unknown::0001,menu_pass::unknown
896,ctid,45,0.001,40,0.1,ctid::menu_pass::unknown::0002,menu_pass::unknown
897,ctid,45,0.001,40,0.1,ctid::menu_pass::unknown::0003,menu_pass::unknown
898,ctid,45,0.001,40,0.1,ctid::menu_pass::unknown::0004,menu_pass::unknown
899,ctid,45,0.001,40,0.1,ctid::menu_pass::unknown::0005,menu_pass::unknown
900,ctid,45,0.001,40,0.1,ctid::menu_pass::unknown::0006,menu_pass::unknown
901,ctid,45,0.001,40,0.1,ctid::menu_pass::unknown::0007,menu_pass::unknown
902,ctid,45,0.001,40,0.1,ctid::menu_pass::unknown::0008,menu_pass::unknown
903,ctid,45,0.001,40,0.1,ctid::menu_pass::unknown::0009,menu_pass::unknown
904,ctid,45,0.001,40,0.1,ctid::menu_pass::unknown::0010,menu_pass::unknown
905,ctid,45,0.001,40,0.1,ctid::oilrig::unknown::0001,oilrig::unknown
906,ctid,45,0.001,40,0.1,ctid::oilrig::unknown::0002,oilrig::unknown
907,ctid,45,0.001,40,0.1,ctid::oilrig::unknown::0003,oilrig::unknown
908,ctid,45,0.001,40,0.1,ctid::oilrig::unknown::0004,oilrig::unknown
909,ctid,45,0.001,40,0.1,ctid::oilrig::unknown::0005,oilrig::unknown
910,ctid,45,0.001,40,0.1,ctid::oilrig::unknown::0006,oilrig::unknown
911,ctid,45,0.001,40,0.1,ctid::oilrig::unknown::0007,oilrig::unknown
912,ctid,45,0.001,40,0.1,ctid::oilrig::unknown::0008,oilrig::unknown
913,ctid,45,0.001,40,0.1,ctid::oilrig::unknown::0009,oilrig::unknown
914,ctid,45,0.001,40,0.1,ctid::oilrig::unknown::0010,oilrig::unknown
915,ctid,45,0.001,40,0.1,ctid::oilrig::unknown::0011,oilrig::unknown
916,ctid,45,0.001,40,0.1,ctid::oilrig::unknown::0012,oilrig::unknown
917,ctid,45,0.001,40,0.1,ctid::oilrig::unknown::0013,oilrig::unknown
918,ctid,45,0.001,40,0.1,ctid::oilrig::unknown::0014,oilrig::unknown
919,ctid,45,0.001,40,0.1,ctid::oilrig::unknown::0015,oilrig::unknown
920,ctid,45,0.001,40,0.1,ctid::oilrig::unknown::0016,oilrig::unknown
921,ctid,45,0.001,40,0.1,ctid::oilrig::unknown::0017,oilrig::unknown
922,ctid,45,0.001,40,0.1,ctid::oilrig::unknown::0018,oilrig::unknown
923,ctid,45,0.001,40,0.1,ctid::oilrig::unknown::0019,oilrig::unknown
924,ctid,45,0.001,40,0.1,ctid::oilrig::unknown::0020,oilrig::unknown
925,ctid,45,0.001,40,0.1,ctid::oilrig::unknown::0021,oilrig::unknown
926,ctid,45,0.001,40,0.1,ctid::oilrig::unknown::0022,oilrig::unknown
927,ctid,45,0.001,40,0.1,ctid::oilrig::unknown::0023,oilrig::unknown
928,ctid,45,0.001,40,0.1,ctid::oilrig::unknown::0024,oilrig::unknown
929,ctid,45,0.001,40,0.1,ctid::oilrig::unknown::0025,oilrig::unknown
930,ctid,45,0.001,40,0.1,ctid::oilrig::unknown::0026,oilrig::unknown
931,ctid,45,0.001,40,0.1,ctid::oilrig::unknown::0027,oilrig::unknown
932,ctid,45,0.001,40,0.1,ctid::oilrig::unknown::0028,oilrig::unknown
933,ctid,45,0.001,40,0.1,ctid::oilrig::unknown::0029,oilrig::unknown
934,ctid,45,0.001,40,0.1,ctid::oilrig::unknown::0030,oilrig::unknown
935,ctid,45,0.001,40,0.1,ctid::oilrig::unknown::0031,oilrig::unknown
936,ctid,45,0.001,40,0.1,ctid::oilrig::unknown::0032,oilrig::unknown
937,ctid,45,0.001,40,0.1,ctid::oilrig::unknown::0033,oilrig::unknown
938,ctid,45,0.001,40,0.1,ctid::oilrig::unknown::0035,oilrig::unknown
939,ctid,45,0.001,40,0.1,ctid::oilrig::unknown::0036,oilrig::unknown
940,ctid,45,0.001,40,0.1,ctid::sandworm::unknown::0001,sandworm::unknown
941,ctid,45,0.001,40,0.1,ctid::sandworm::unknown::0002,sandworm::unknown
942,ctid,45,0.001,40,0.1,ctid::sandworm::unknown::0003,sandworm::unknown
943,ctid,45,0.001,40,0.1,ctid::sandworm::unknown::0004,sandworm::unknown
944,ctid,45,0.001,40,0.1,ctid::sandworm::unknown::0005,sandworm::unknown
945,ctid,45,0.001,40,0.1,ctid::sandworm::unknown::0006,sandworm::unknown
946,ctid,45,0.001,40,0.1,ctid::sandworm::unknown::0007,sandworm::unknown
947,ctid,45,0.001,40,0.1,ctid::sandworm::unknown::0008,sandworm::unknown
948,ctid,45,0.001,40,0.1,ctid::sandworm::unknown::0009,sandworm::unknown
949,ctid,45,0.001,40,0.1,ctid::sandworm::unknown::0011,sandworm::unknown
950,ctid,45,0.001,40,0.1,ctid::sandworm::unknown::0012,sandworm::unknown
951,ctid,45,0.001,40,0.1,ctid::sandworm::unknown::0013,sandworm::unknown
952,ctid,45,0.001,40,0.1,ctid::sandworm::unknown::0014,sandworm::unknown
953,ctid,45,0.001,40,0.1,ctid::sandworm::unknown::0015,sandworm::unknown
954,ctid,45,0.001,40,0.1,ctid::sandworm::unknown::0016,sandworm::unknown
955,ctid,45,0.001,40,0.1,ctid::sandworm::unknown::0017,sandworm::unknown
956,ctid,45,0.001,40,0.1,ctid::sandworm::unknown::0018,sandworm::unknown
957,ctid,45,0.001,40,0.1,ctid::sandworm::unknown::0019,sandworm::unknown
958,ctid,45,0.001,40,0.1,ctid::sandworm::unknown::0020,sandworm::unknown
959,ctid,45,0.001,40,0.1,ctid::sandworm::unknown::0021,sandworm::unknown
960,ctid,45,0.001,40,0.1,ctid::sandworm::unknown::0022,sandworm::unknown
961,ctid,45,0.001,40,0.1,ctid::sandworm::unknown::0023,sandworm::unknown
962,ctid,45,0.001,40,0.1,ctid::sandworm::unknown::0024,sandworm::unknown
963,ctid,45,0.001,40,0.1,ctid::sandworm::unknown::0025,sandworm::unknown
964,ctid,45,0.001,40,0.1,ctid::sandworm::unknown::0026,sandworm::unknown
965,ctid,45,0.001,40,0.1,ctid::sandworm::unknown::0027,sandworm::unknown
966,ctid,45,0.001,40,0.1,ctid::sandworm::unknown::0028,sandworm::unknown
967,ctid,45,0.001,40,0.1,ctid::sandworm::unknown::0029,sandworm::unknown
968,ctid,45,0.001,40,0.1,ctid::sandworm::unknown::0030,sandworm::unknown
969,ctid,45,0.001,40,0.1,ctid::sandworm::unknown::0031,sandworm::unknown
970,ctid,45,0.001,40,0.1,ctid::sandworm::unknown::0032,sandworm::unknown
971,ctid,45,0.001,40,0.1,ctid::turla_carbon::unknown::0001,turla_carbon::unknown
972,ctid,45,0.001,40,0.1,ctid::turla_carbon::unknown::0002,turla_carbon::unknown
973,ctid,45,0.001,40,0.1,ctid::turla_carbon::unknown::0003,turla_carbon::unknown
974,ctid,45,0.001,40,0.1,ctid::turla_carbon::unknown::0004,turla_carbon::unknown
975,ctid,45,0.001,40,0.1,ctid::turla_carbon::unknown::0005,turla_carbon::unknown
976,ctid,45,0.001,40,0.1,ctid::turla_carbon::unknown::0006,turla_carbon::unknown
977,ctid,45,0.001,40,0.1,ctid::turla_carbon::unknown::0007,turla_carbon::unknown
978,ctid,45,0.001,40,0.1,ctid::turla_carbon::unknown::0008,turla_carbon::unknown
979,ctid,45,0.001,40,0.1,ctid::turla_carbon::unknown::0009,turla_carbon::unknown
980,ctid,45,0.001,40,0.1,ctid::turla_carbon::unknown::0010,turla_carbon::unknown
981,ctid,45,0.001,40,0.1,ctid::turla_carbon::unknown::0011,turla_carbon::unknown
982,ctid,45,0.001,40,0.1,ctid::turla_carbon::unknown::0012,turla_carbon::unknown
983,ctid,45,0.001,40,0.1,ctid::turla_carbon::unknown::0013,turla_carbon::unknown
984,ctid,45,0.001,40,0.1,ctid::turla_carbon::unknown::0014,turla_carbon::unknown
985,ctid,45,0.001,40,0.1,ctid::turla_carbon::unknown::0015,turla_carbon::unknown
986,ctid,45,0.001,40,0.1,ctid::turla_carbon::unknown::0016,turla_carbon::unknown
987,ctid,45,0.001,40,0.1,ctid::turla_carbon::unknown::0017,turla_carbon::unknown
988,ctid,45,0.001,40,0.1,ctid::turla_carbon::unknown::0018,turla_carbon::unknown
989,ctid,45,0.001,40,0.1,ctid::turla_carbon::unknown::0019,turla_carbon::unknown
990,ctid,45,0.001,40,0.1,ctid::turla_carbon::unknown::0020,turla_carbon::unknown
991,ctid,45,0.001,40,0.1,ctid::turla_carbon::unknown::0021,turla_carbon::unknown
992,ctid,45,0.001,40,0.1,ctid::turla_carbon::unknown::0022,turla_carbon::unknown
993,ctid,45,0.001,40,0.1,ctid::turla_carbon::unknown::0023,turla_carbon::unknown
994,ctid,45,0.001,40,0.1,ctid::turla_snake::unknown::0001,turla_snake::unknown
995,ctid,45,0.001,40,0.1,ctid::turla_snake::unknown::0002,turla_snake::unknown
996,ctid,45,0.001,40,0.1,ctid::turla_snake::unknown::0003,turla_snake::unknown
997,ctid,45,0.001,40,0.1,ctid::turla_snake::unknown::0004,turla_snake::unknown
998,ctid,45,0.001,40,0.1,ctid::turla_snake::unknown::0005,turla_snake::unknown
999,ctid,45,0.001,40,0.1,ctid::turla_snake::unknown::0006,turla_snake::unknown
1000,ctid,45,0.001,40,0.1,ctid::turla_snake::unknown::0007,turla_snake::unknown
1001,ctid,45,0.001,40,0.1,ctid::turla_snake::unknown::0008,turla_snake::unknown
1002,ctid,45,0.001,40,0.1,ctid::turla_snake::unknown::0009,turla_snake::unknown
1003,ctid,45,0.001,40,0.1,ctid::turla_snake::unknown::0010,turla_snake::unknown
1004,ctid,45,0.001,40,0.1,ctid::turla_snake::unknown::0011,turla_snake::unknown
1005,ctid,45,0.001,40,0.1,ctid::turla_snake::unknown::0013,turla_snake::unknown
1006,ctid,45,0.001,40,0.1,ctid::turla_snake::unknown::0014,turla_snake::unknown
1007,ctid,45,0.001,40,0.1,ctid::turla_snake::unknown::0015,turla_snake::unknown
1008,ctid,45,0.001,40,0.1,ctid::turla_snake::unknown::0016,turla_snake::unknown
1009,ctid,45,0.001,40,0.1,ctid::turla_snake::unknown::0017,turla_snake::unknown
1010,ctid,45,0.001,40,0.1,ctid::turla_snake::unknown::0018,turla_snake::unknown
1011,ctid,45,0.001,40,0.1,ctid::turla_snake::unknown::0019,turla_snake::unknown
1012,ctid,45,0.001,40,0.1,ctid::turla_snake::unknown::0020,turla_snake::unknown
1013,ctid,45,0.001,40,0.1,ctid::turla_snake::unknown::0021,turla_snake::unknown
1014,ctid,45,0.001,40,0.1,ctid::turla_snake::unknown::0022,turla_snake::unknown
1015,ctid,45,0.001,40,0.1,ctid::turla_snake::unknown::0023,turla_snake::unknown
1016,ctid,45,0.001,40,0.1,ctid::turla_snake::unknown::0024,turla_snake::unknown
1017,ctid,45,0.001,40,0.1,ctid::turla_snake::unknown::0025,turla_snake::unknown
1018,ctid,45,0.001,40,0.1,ctid::turla_snake::unknown::0026,turla_snake::unknown
1019,ctid,45,0.001,40,0.1,ctid::turla_snake::unknown::0027,turla_snake::unknown
1020,ctid,45,0.001,40,0.1,ctid::wizard_spider::unknown::0001,wizard_spider::unknown
1021,ctid,45,0.001,40,0.1,ctid::wizard_spider::unknown::0002,wizard_spider::unknown
1022,ctid,45,0.001,40,0.1,ctid::wizard_spider::unknown::0003,wizard_spider::unknown
1023,ctid,45,0.001,40,0.1,ctid::wizard_spider::unknown::0004,wizard_spider::unknown
1024,ctid,45,0.001,40,0.1,ctid::wizard_spider::unknown::0005,wizard_spider::unknown
1025,ctid,45,0.001,40,0.1,ctid::wizard_spider::unknown::0006,wizard_spider::unknown
1026,ctid,45,0.001,40,0.1,ctid::wizard_spider::unknown::0007,wizard_spider::unknown
1027,ctid,45,0.001,40,0.1,ctid::wizard_spider::unknown::0008,wizard_spider::unknown
1028,ctid,45,0.001,40,0.1,ctid::wizard_spider::unknown::0009,wizard_spider::unknown
1029,ctid,45,0.001,40,0.1,ctid::wizard_spider::unknown::0010,wizard_spider::unknown
1030,ctid,45,0.001,40,0.1,ctid::wizard_spider::unknown::0011,wizard_spider::unknown
1031,ctid,45,0.001,40,0.1,ctid::wizard_spider::unknown::0012,wizard_spider::unknown
1032,ctid,45,0.001,40,0.1,ctid::wizard_spider::unknown::0013,wizard_spider::unknown
1033,ctid,45,0.001,40,0.1,ctid::wizard_spider::unknown::0014,wizard_spider::unknown
1034,ctid,45,0.001,40,0.1,ctid::wizard_spider::unknown::0015,wizard_spider::unknown
1035,ctid,45,0.001,40,0.1,ctid::wizard_spider::unknown::0016,wizard_spider::unknown
1036,ctid,45,0.001,40,0.1,ctid::wizard_spider::unknown::0017,wizard_spider::unknown
1037,ctid,45,0.001,40,0.1,ctid::wizard_spider::unknown::0019,wizard_spider::unknown
1038,ctid,45,0.001,40,0.1,ctid::wizard_spider::unknown::0020,wizard_spider::unknown
1039,ctid,45,0.001,40,0.1,ctid::wizard_spider::unknown::0021,wizard_spider::unknown
1040,ctid,45,0.001,40,0.1,ctid::wizard_spider::unknown::0022,wizard_spider::unknown
1041,ctid,45,0.001,40,0.1,ctid::wizard_spider::unknown::0023,wizard_spider::unknown
1042,ctid,45,0.001,40,0.1,ctid::wizard_spider::unknown::0024,wizard_spider::unknown
1043,ctid,45,0.001,40,0.1,ctid::wizard_spider::unknown::0025,wizard_spider::unknown
1044,ctid,45,0.001,40,0.1,ctid::wizard_spider::unknown::0026,wizard_spider::unknown
1045,ctid,45,0.001,40,0.1,ctid::wizard_spider::unknown::0027,wizard_spider::unknown
1046,ctid,45,0.001,40,0.1,ctid::wizard_spider::unknown::0028,wizard_spider::unknown
1047,ctid,45,0.001,40,0.1,ctid::wizard_spider::unknown::0029,wizard_spider::unknown
1048,ctid,45,0.001,40,0.1,ctid::wizard_spider::unknown::0030,wizard_spider::unknown
1049,ctid,45,0.001,40,0.1,ctid::wizard_spider::unknown::0031,wizard_spider::unknown
1050,ctid,45,0.001,40,0.1,ctid::wizard_spider::unknown::0032,wizard_spider::unknown
1051,ctid,45,0.001,40,0.1,ctid::wizard_spider::unknown::0033,wizard_spider::unknown
1052,ctid,46,0.001,40,0.1,ctid::apt29::unknown::0001,apt29::unknown
1053,ctid,46,0.001,40,0.1,ctid::apt29::unknown::0002,apt29::unknown
1054,ctid,46,0.001,40,0.1,ctid::apt29::unknown::0003,apt29::unknown
1055,ctid,46,0.001,40,0.1,ctid::apt29::unknown::0004,apt29::unknown
1056,ctid,46,0.001,40,0.1,ctid::apt29::unknown::0005,apt29::unknown
1057,ctid,46,0.001,40,0.1,ctid::apt29::unknown::0006,apt29::unknown
1058,ctid,46,0.001,40,0.1,ctid::apt29::unknown::0007,apt29::unknown
1059,ctid,46,0.001,40,0.1,ctid::apt29::unknown::0008,apt29::unknown
1060,ctid,46,0.001,40,0.1,ctid::apt29::unknown::0009,apt29::unknown
1061,ctid,46,0.001,40,0.1,ctid::apt29::unknown::0010,apt29::unknown
1062,ctid,46,0.001,40,0.1,ctid::apt29::unknown::0011,apt29::unknown
1063,ctid,46,0.001,40,0.1,ctid::apt29::unknown::0012,apt29::unknown
1064,ctid,46,0.001,40,0.1,ctid::apt29::unknown::0013,apt29::unknown
1065,ctid,46,0.001,40,0.1,ctid::apt29::unknown::0014,apt29::unknown
1066,ctid,46,0.001,40,0.1,ctid::apt29::unknown::0015,apt29::unknown
1067,ctid,46,0.001,40,0.1,ctid::apt29::unknown::0016,apt29::unknown
1068,ctid,46,0.001,40,0.1,ctid::apt29::unknown::0017,apt29::unknown
1069,ctid,46,0.001,40,0.1,ctid::apt29::unknown::0018,apt29::unknown
1070,ctid,46,0.001,40,0.1,ctid::apt29::unknown::0019,apt29::unknown
1071,ctid,46,0.001,40,0.1,ctid::apt29::unknown::0020,apt29::unknown
1072,ctid,46,0.001,40,0.1,ctid::apt29::unknown::0021,apt29::unknown
1073,ctid,46,0.001,40,0.1,ctid::apt29::unknown::0022,apt29::unknown
1074,ctid,46,0.001,40,0.1,ctid::apt29::unknown::0023,apt29::unknown
1075,ctid,46,0.001,40,0.1,ctid::apt29::unknown::0024,apt29::unknown
1076,ctid,46,0.001,40,0.1,ctid::apt29::unknown::0025,apt29::unknown
1077,ctid,46,0.001,40,0.1,ctid::apt29::unknown::0026,apt29::unknown
1078,ctid,46,0.001,40,0.1,ctid::apt29::unknown::0028,apt29::unknown
1079,ctid,46,0.001,40,0.1,ctid::apt29::unknown::0029,apt29::unknown
1080,ctid,46,0.001,40,0.1,ctid::apt29::unknown::0030,apt29::unknown
1081,ctid,46,0.001,40,0.1,ctid::apt29::unknown::0031,apt29::unknown
1082,ctid,46,0.001,40,0.1,ctid::apt29::unknown::0032,apt29::unknown
1083,ctid,46,0.001,40,0.1,ctid::apt29::unknown::0033,apt29::unknown
1084,ctid,46,0.001,40,0.1,ctid::apt29::unknown::0034,apt29::unknown
1085,ctid,46,0.001,40,0.1,ctid::apt29::unknown::0035,apt29::unknown
1086,ctid,46,0.001,40,0.1,ctid::apt29::unknown::0036,apt29::unknown
1087,ctid,46,0.001,40,0.1,ctid::apt29::unknown::0037,apt29::unknown
1088,ctid,46,0.001,40,0.1,ctid::apt29::unknown::0038,apt29::unknown
1089,ctid,46,0.001,40,0.1,ctid::apt29::unknown::0039,apt29::unknown
1090,ctid,46,0.001,40,0.1,ctid::apt29::unknown::0040,apt29::unknown
1091,ctid,46,0.001,40,0.1,ctid::apt29::unknown::0041,apt29::unknown
1092,ctid,46,0.001,40,0.1,ctid::apt29::unknown::0042,apt29::unknown
1093,ctid,46,0.001,40,0.1,ctid::apt29::unknown::0043,apt29::unknown
1094,ctid,46,0.001,40,0.1,ctid::apt29::unknown::0044,apt29::unknown
1095,ctid,46,0.001,40,0.1,ctid::apt29::unknown::0045,apt29::unknown
1096,ctid,46,0.001,40,0.1,ctid::apt29::unknown::0046,apt29::unknown
1097,ctid,46,0.001,40,0.1,ctid::apt29::unknown::0047,apt29::unknown
1098,ctid,46,0.001,40,0.1,ctid::apt29::unknown::0048,apt29::unknown
1099,ctid,46,0.001,40,0.1,ctid::apt29::unknown::0049,apt29::unknown
1100,ctid,46,0.001,40,0.1,ctid::apt29::unknown::0050,apt29::unknown
1101,ctid,46,0.001,40,0.1,ctid::apt29::unknown::0051,apt29::unknown
1102,ctid,46,0.001,40,0.1,ctid::apt29::unknown::0052,apt29::unknown
1103,ctid,46,0.001,40,0.1,ctid::apt29::unknown::0053,apt29::unknown
1104,ctid,46,0.001,40,0.1,ctid::apt29::unknown::0054,apt29::unknown
1105,ctid,46,0.001,40,0.1,ctid::apt29::unknown::0055,apt29::unknown
1106,ctid,46,0.001,40,0.1,ctid::apt29::unknown::0056,apt29::unknown
1107,ctid,46,0.001,40,0.1,ctid::apt29::unknown::0057,apt29::unknown
1108,ctid,46,0.001,40,0.1,ctid::apt29::unknown::0058,apt29::unknown
1109,ctid,46,0.001,40,0.1,ctid::apt29::unknown::0059,apt29::unknown
1110,ctid,46,0.001,40,0.1,ctid::apt29::unknown::0060,apt29::unknown
1111,ctid,46,0.001,40,0.1,ctid::apt29::unknown::0061,apt29::unknown
1112,ctid,46,0.001,40,0.1,ctid::apt29::unknown::0062,apt29::unknown
1113,ctid,46,0.001,40,0.1,ctid::apt29::unknown::0063,apt29::unknown
1114,ctid,46,0.001,40,0.1,ctid::apt29::unknown::0064,apt29::unknown
1115,ctid,46,0.001,40,0.1,ctid::carbanak::unknown::0001,carbanak::unknown
1116,ctid,46,0.001,40,0.1,ctid::carbanak::unknown::0002,carbanak::unknown
1117,ctid,46,0.001,40,0.1,ctid::carbanak::unknown::0003,carbanak::unknown
1118,ctid,46,0.001,40,0.1,ctid::carbanak::unknown::0004,carbanak::unknown
1119,ctid,46,0.001,40,0.1,ctid::carbanak::unknown::0005,carbanak::unknown
1120,ctid,46,0.001,40,0.1,ctid::carbanak::unknown::0006,carbanak::unknown
1121,ctid,46,0.001,40,0.1,ctid::carbanak::unknown::0008,carbanak::unknown
1122,ctid,46,0.001,40,0.1,ctid::carbanak::unknown::0009,carbanak::unknown
1123,ctid,46,0.001,40,0.1,ctid::carbanak::unknown::0010,carbanak::unknown
1124,ctid,46,0.001,40,0.1,ctid::carbanak::unknown::0011,carbanak::unknown
1125,ctid,46,0.001,40,0.1,ctid::carbanak::unknown::0012,carbanak::unknown
1126,ctid,46,0.001,40,0.1,ctid::carbanak::unknown::0013,carbanak::unknown
1127,ctid,46,0.001,40,0.1,ctid::carbanak::unknown::0014,carbanak::unknown
1128,ctid,46,0.001,40,0.1,ctid::carbanak::unknown::0015,carbanak::unknown
1129,ctid,46,0.001,40,0.1,ctid::carbanak::unknown::0016,carbanak::unknown
1130,ctid,46,0.001,40,0.1,ctid::carbanak::unknown::0017,carbanak::unknown
1131,ctid,46,0.001,40,0.1,ctid::carbanak::unknown::0018,carbanak::unknown
1132,ctid,46,0.001,40,0.1,ctid::carbanak::unknown::0019,carbanak::unknown
1133,ctid,46,0.001,40,0.1,ctid::carbanak::unknown::0020,carbanak::unknown
1134,ctid,46,0.001,40,0.1,ctid::fin6::unknown::0001,fin6::unknown
1135,ctid,46,0.001,40,0.1,ctid::fin6::unknown::0002,fin6::unknown
1136,ctid,46,0.001,40,0.1,ctid::fin6::unknown::0003,fin6::unknown
1137,ctid,46,0.001,40,0.1,ctid::fin6::unknown::0004,fin6::unknown
1138,ctid,46,0.001,40,0.1,ctid::fin6::unknown::0005,fin6::unknown
1139,ctid,46,0.001,40,0.1,ctid::fin6::unknown::0006,fin6::unknown
1140,ctid,46,0.001,40,0.1,ctid::fin6::unknown::0007,fin6::unknown
1141,ctid,46,0.001,40,0.1,ctid::fin6::unknown::0008,fin6::unknown
1142,ctid,46,0.001,40,0.1,ctid::fin6::unknown::0009,fin6::unknown
1143,ctid,46,0.001,40,0.1,ctid::fin6::unknown::0010,fin6::unknown
1144,ctid,46,0.001,40,0.1,ctid::fin6::unknown::0012,fin6::unknown
1145,ctid,46,0.001,40,0.1,ctid::fin6::unknown::0013,fin6::unknown
1146,ctid,46,0.001,40,0.1,ctid::fin6::unknown::0014,fin6::unknown
1147,ctid,46,0.001,40,0.1,ctid::fin6::unknown::0015,fin6::unknown
1148,ctid,46,0.001,40,0.1,ctid::fin6::unknown::0016,fin6::unknown
1149,ctid,46,0.001,40,0.1,ctid::fin6::unknown::0017,fin6::unknown
1150,ctid,46,0.001,40,0.1,ctid::fin7::unknown::0001,fin7::unknown
1151,ctid,46,0.001,40,0.1,ctid::fin7::unknown::0002,fin7::unknown
1152,ctid,46,0.001,40,0.1,ctid::fin7::unknown::0003,fin7::unknown
1153,ctid,46,0.001,40,0.1,ctid::fin7::unknown::0004,fin7::unknown
1154,ctid,46,0.001,40,0.1,ctid::fin7::unknown::0006,fin7::unknown
1155,ctid,46,0.001,40,0.1,ctid::fin7::unknown::0007,fin7::unknown
1156,ctid,46,0.001,40,0.1,ctid::fin7::unknown::0008,fin7::unknown
1157,ctid,46,0.001,40,0.1,ctid::fin7::unknown::0009,fin7::unknown
1158,ctid,46,0.001,40,0.1,ctid::menu_pass::unknown::0001,menu_pass::unknown
1159,ctid,46,0.001,40,0.1,ctid::menu_pass::unknown::0002,menu_pass::unknown
1160,ctid,46,0.001,40,0.1,ctid::menu_pass::unknown::0003,menu_pass::unknown
1161,ctid,46,0.001,40,0.1,ctid::menu_pass::unknown::0004,menu_pass::unknown
1162,ctid,46,0.001,40,0.1,ctid::menu_pass::unknown::0005,menu_pass::unknown
1163,ctid,46,0.001,40,0.1,ctid::menu_pass::unknown::0006,menu_pass::unknown
1164,ctid,46,0.001,40,0.1,ctid::menu_pass::unknown::0007,menu_pass::unknown
1165,ctid,46,0.001,40,0.1,ctid::menu_pass::unknown::0008,menu_pass::unknown
1166,ctid,46,0.001,40,0.1,ctid::menu_pass::unknown::0009,menu_pass::unknown
1167,ctid,46,0.001,40,0.1,ctid::menu_pass::unknown::0010,menu_pass::unknown
1168,ctid,46,0.001,40,0.1,ctid::oilrig::unknown::0001,oilrig::unknown
1169,ctid,46,0.001,40,0.1,ctid::oilrig::unknown::0002,oilrig::unknown
1170,ctid,46,0.001,40,0.1,ctid::oilrig::unknown::0003,oilrig::unknown
1171,ctid,46,0.001,40,0.1,ctid::oilrig::unknown::0004,oilrig::unknown
1172,ctid,46,0.001,40,0.1,ctid::oilrig::unknown::0005,oilrig::unknown
1173,ctid,46,0.001,40,0.1,ctid::oilrig::unknown::0006,oilrig::unknown
1174,ctid,46,0.001,40,0.1,ctid::oilrig::unknown::0007,oilrig::unknown
1175,ctid,46,0.001,40,0.1,ctid::oilrig::unknown::0008,oilrig::unknown
1176,ctid,46,0.001,40,0.1,ctid::oilrig::unknown::0009,oilrig::unknown
1177,ctid,46,0.001,40,0.1,ctid::oilrig::unknown::0010,oilrig::unknown
1178,ctid,46,0.001,40,0.1,ctid::oilrig::unknown::0011,oilrig::unknown
1179,ctid,46,0.001,40,0.1,ctid::oilrig::unknown::0012,oilrig::unknown
1180,ctid,46,0.001,40,0.1,ctid::oilrig::unknown::0013,oilrig::unknown
1181,ctid,46,0.001,40,0.1,ctid::oilrig::unknown::0014,oilrig::unknown
1182,ctid,46,0.001,40,0.1,ctid::oilrig::unknown::0015,oilrig::unknown
1183,ctid,46,0.001,40,0.1,ctid::oilrig::unknown::0016,oilrig::unknown
1184,ctid,46,0.001,40,0.1,ctid::oilrig::unknown::0017,oilrig::unknown
1185,ctid,46,0.001,40,0.1,ctid::oilrig::unknown::0018,oilrig::unknown
1186,ctid,46,0.001,40,0.1,ctid::oilrig::unknown::0019,oilrig::unknown
1187,ctid,46,0.001,40,0.1,ctid::oilrig::unknown::0020,oilrig::unknown
1188,ctid,46,0.001,40,0.1,ctid::oilrig::unknown::0021,oilrig::unknown
1189,ctid,46,0.001,40,0.1,ctid::oilrig::unknown::0022,oilrig::unknown
1190,ctid,46,0.001,40,0.1,ctid::oilrig::unknown::0023,oilrig::unknown
1191,ctid,46,0.001,40,0.1,ctid::oilrig::unknown::0024,oilrig::unknown
1192,ctid,46,0.001,40,0.1,ctid::oilrig::unknown::0025,oilrig::unknown
1193,ctid,46,0.001,40,0.1,ctid::oilrig::unknown::0026,oilrig::unknown
1194,ctid,46,0.001,40,0.1,ctid::oilrig::unknown::0027,oilrig::unknown
1195,ctid,46,0.001,40,0.1,ctid::oilrig::unknown::0028,oilrig::unknown
1196,ctid,46,0.001,40,0.1,ctid::oilrig::unknown::0029,oilrig::unknown
1197,ctid,46,0.001,40,0.1,ctid::oilrig::unknown::0030,oilrig::unknown
1198,ctid,46,0.001,40,0.1,ctid::oilrig::unknown::0031,oilrig::unknown
1199,ctid,46,0.001,40,0.1,ctid::oilrig::unknown::0032,oilrig::unknown
1200,ctid,46,0.001,40,0.1,ctid::oilrig::unknown::0033,oilrig::unknown
1201,ctid,46,0.001,40,0.1,ctid::oilrig::unknown::0035,oilrig::unknown
1202,ctid,46,0.001,40,0.1,ctid::oilrig::unknown::0036,oilrig::unknown
1203,ctid,46,0.001,40,0.1,ctid::sandworm::unknown::0001,sandworm::unknown
1204,ctid,46,0.001,40,0.1,ctid::sandworm::unknown::0002,sandworm::unknown
1205,ctid,46,0.001,40,0.1,ctid::sandworm::unknown::0003,sandworm::unknown
1206,ctid,46,0.001,40,0.1,ctid::sandworm::unknown::0004,sandworm::unknown
1207,ctid,46,0.001,40,0.1,ctid::sandworm::unknown::0005,sandworm::unknown
1208,ctid,46,0.001,40,0.1,ctid::sandworm::unknown::0006,sandworm::unknown
1209,ctid,46,0.001,40,0.1,ctid::sandworm::unknown::0007,sandworm::unknown
1210,ctid,46,0.001,40,0.1,ctid::sandworm::unknown::0008,sandworm::unknown
1211,ctid,46,0.001,40,0.1,ctid::sandworm::unknown::0009,sandworm::unknown
1212,ctid,46,0.001,40,0.1,ctid::sandworm::unknown::0011,sandworm::unknown
1213,ctid,46,0.001,40,0.1,ctid::sandworm::unknown::0012,sandworm::unknown
1214,ctid,46,0.001,40,0.1,ctid::sandworm::unknown::0013,sandworm::unknown
1215,ctid,46,0.001,40,0.1,ctid::sandworm::unknown::0014,sandworm::unknown
1216,ctid,46,0.001,40,0.1,ctid::sandworm::unknown::0015,sandworm::unknown
1217,ctid,46,0.001,40,0.1,ctid::sandworm::unknown::0016,sandworm::unknown
1218,ctid,46,0.001,40,0.1,ctid::sandworm::unknown::0017,sandworm::unknown
1219,ctid,46,0.001,40,0.1,ctid::sandworm::unknown::0018,sandworm::unknown
1220,ctid,46,0.001,40,0.1,ctid::sandworm::unknown::0019,sandworm::unknown
1221,ctid,46,0.001,40,0.1,ctid::sandworm::unknown::0020,sandworm::unknown
1222,ctid,46,0.001,40,0.1,ctid::sandworm::unknown::0021,sandworm::unknown
1223,ctid,46,0.001,40,0.1,ctid::sandworm::unknown::0022,sandworm::unknown
1224,ctid,46,0.001,40,0.1,ctid::sandworm::unknown::0023,sandworm::unknown
1225,ctid,46,0.001,40,0.1,ctid::sandworm::unknown::0024,sandworm::unknown
1226,ctid,46,0.001,40,0.1,ctid::sandworm::unknown::0025,sandworm::unknown
1227,ctid,46,0.001,40,0.1,ctid::sandworm::unknown::0026,sandworm::unknown
1228,ctid,46,0.001,40,0.1,ctid::sandworm::unknown::0027,sandworm::unknown
1229,ctid,46,0.001,40,0.1,ctid::sandworm::unknown::0028,sandworm::unknown
1230,ctid,46,0.001,40,0.1,ctid::sandworm::unknown::0029,sandworm::unknown
1231,ctid,46,0.001,40,0.1,ctid::sandworm::unknown::0030,sandworm::unknown
1232,ctid,46,0.001,40,0.1,ctid::sandworm::unknown::0031,sandworm::unknown
1233,ctid,46,0.001,40,0.1,ctid::sandworm::unknown::0032,sandworm::unknown
1234,ctid,46,0.001,40,0.1,ctid::turla_carbon::unknown::0001,turla_carbon::unknown
1235,ctid,46,0.001,40,0.1,ctid::turla_carbon::unknown::0002,turla_carbon::unknown
1236,ctid,46,0.001,40,0.1,ctid::turla_carbon::unknown::0003,turla_carbon::unknown
1237,ctid,46,0.001,40,0.1,ctid::turla_carbon::unknown::0004,turla_carbon::unknown
1238,ctid,46,0.001,40,0.1,ctid::turla_carbon::unknown::0005,turla_carbon::unknown
1239,ctid,46,0.001,40,0.1,ctid::turla_carbon::unknown::0006,turla_carbon::unknown
1240,ctid,46,0.001,40,0.1,ctid::turla_carbon::unknown::0007,turla_carbon::unknown
1241,ctid,46,0.001,40,0.1,ctid::turla_carbon::unknown::0008,turla_carbon::unknown
1242,ctid,46,0.001,40,0.1,ctid::turla_carbon::unknown::0009,turla_carbon::unknown
1243,ctid,46,0.001,40,0.1,ctid::turla_carbon::unknown::0010,turla_carbon::unknown
1244,ctid,46,0.001,40,0.1,ctid::turla_carbon::unknown::0011,turla_carbon::unknown
1245,ctid,46,0.001,40,0.1,ctid::turla_carbon::unknown::0012,turla_carbon::unknown
1246,ctid,46,0.001,40,0.1,ctid::turla_carbon::unknown::0013,turla_carbon::unknown
1247,ctid,46,0.001,40,0.1,ctid::turla_carbon::unknown::0014,turla_carbon::unknown
1248,ctid,46,0.001,40,0.1,ctid::turla_carbon::unknown::0015,turla_carbon::unknown
1249,ctid,46,0.001,40,0.1,ctid::turla_carbon::unknown::0016,turla_carbon::unknown
1250,ctid,46,0.001,40,0.1,ctid::turla_carbon::unknown::0017,turla_carbon::unknown
1251,ctid,46,0.001,40,0.1,ctid::turla_carbon::unknown::0018,turla_carbon::unknown
1252,ctid,46,0.001,40,0.1,ctid::turla_carbon::unknown::0019,turla_carbon::unknown
1253,ctid,46,0.001,40,0.1,ctid::turla_carbon::unknown::0020,turla_carbon::unknown
1254,ctid,46,0.001,40,0.1,ctid::turla_carbon::unknown::0021,turla_carbon::unknown
1255,ctid,46,0.001,40,0.1,ctid::turla_carbon::unknown::0022,turla_carbon::unknown
1256,ctid,46,0.001,40,0.1,ctid::turla_carbon::unknown::0023,turla_carbon::unknown
1257,ctid,46,0.001,40,0.1,ctid::turla_snake::unknown::0001,turla_snake::unknown
1258,ctid,46,0.001,40,0.1,ctid::turla_snake::unknown::0002,turla_snake::unknown
1259,ctid,46,0.001,40,0.1,ctid::turla_snake::unknown::0003,turla_snake::unknown
1260,ctid,46,0.001,40,0.1,ctid::turla_snake::unknown::0004,turla_snake::unknown
1261,ctid,46,0.001,40,0.1,ctid::turla_snake::unknown::0005,turla_snake::unknown
1262,ctid,46,0.001,40,0.1,ctid::turla_snake::unknown::0006,turla_snake::unknown
1263,ctid,46,0.001,40,0.1,ctid::turla_snake::unknown::0007,turla_snake::unknown
1264,ctid,46,0.001,40,0.1,ctid::turla_snake::unknown::0008,turla_snake::unknown
1265,ctid,46,0.001,40,0.1,ctid::turla_snake::unknown::0009,turla_snake::unknown
1266,ctid,46,0.001,40,0.1,ctid::turla_snake::unknown::0010,turla_snake::unknown
1267,ctid,46,0.001,40,0.1,ctid::turla_snake::unknown::0011,turla_snake::unknown
1268,ctid,46,0.001,40,0.1,ctid::turla_snake::unknown::0013,turla_snake::unknown
1269,ctid,46,0.001,40,0.1,ctid::turla_snake::unknown::0014,turla_snake::unknown
1270,ctid,46,0.001,40,0.1,ctid::turla_snake::unknown::0015,turla_snake::unknown
1271,ctid,46,0.001,40,0.1,ctid::turla_snake::unknown::0016,turla_snake::unknown
1272,ctid,46,0.001,40,0.1,ctid::turla_snake::unknown::0017,turla_snake::unknown
1273,ctid,46,0.001,40,0.1,ctid::turla_snake::unknown::0018,turla_snake::unknown
1274,ctid,46,0.001,40,0.1,ctid::turla_snake::unknown::0019,turla_snake::unknown
1275,ctid,46,0.001,40,0.1,ctid::turla_snake::unknown::0020,turla_snake::unknown
1276,ctid,46,0.001,40,0.1,ctid::turla_snake::unknown::0021,turla_snake::unknown
1277,ctid,46,0.001,40,0.1,ctid::turla_snake::unknown::0022,turla_snake::unknown
1278,ctid,46,0.001,40,0.1,ctid::turla_snake::unknown::0023,turla_snake::unknown
1279,ctid,46,0.001,40,0.1,ctid::turla_snake::unknown::0024,turla_snake::unknown
1280,ctid,46,0.001,40,0.1,ctid::turla_snake::unknown::0025,turla_snake::unknown
1281,ctid,46,0.001,40,0.1,ctid::turla_snake::unknown::0026,turla_snake::unknown
1282,ctid,46,0.001,40,0.1,ctid::turla_snake::unknown::0027,turla_snake::unknown
1283,ctid,46,0.001,40,0.1,ctid::wizard_spider::unknown::0001,wizard_spider::unknown
1284,ctid,46,0.001,40,0.1,ctid::wizard_spider::unknown::0002,wizard_spider::unknown
1285,ctid,46,0.001,40,0.1,ctid::wizard_spider::unknown::0003,wizard_spider::unknown
1286,ctid,46,0.001,40,0.1,ctid::wizard_spider::unknown::0004,wizard_spider::unknown
1287,ctid,46,0.001,40,0.1,ctid::wizard_spider::unknown::0005,wizard_spider::unknown
1288,ctid,46,0.001,40,0.1,ctid::wizard_spider::unknown::0006,wizard_spider::unknown
1289,ctid,46,0.001,40,0.1,ctid::wizard_spider::unknown::0007,wizard_spider::unknown
1290,ctid,46,0.001,40,0.1,ctid::wizard_spider::unknown::0008,wizard_spider::unknown
1291,ctid,46,0.001,40,0.1,ctid::wizard_spider::unknown::0009,wizard_spider::unknown
1292,ctid,46,0.001,40,0.1,ctid::wizard_spider::unknown::0010,wizard_spider::unknown
1293,ctid,46,0.001,40,0.1,ctid::wizard_spider::unknown::0011,wizard_spider::unknown
1294,ctid,46,0.001,40,0.1,ctid::wizard_spider::unknown::0012,wizard_spider::unknown
1295,ctid,46,0.001,40,0.1,ctid::wizard_spider::unknown::0013,wizard_spider::unknown
1296,ctid,46,0.001,40,0.1,ctid::wizard_spider::unknown::0014,wizard_spider::unknown
1297,ctid,46,0.001,40,0.1,ctid::wizard_spider::unknown::0015,wizard_spider::unknown
1298,ctid,46,0.001,40,0.1,ctid::wizard_spider::unknown::0016,wizard_spider::unknown
1299,ctid,46,0.001,40,0.1,ctid::wizard_spider::unknown::0017,wizard_spider::unknown
1300,ctid,46,0.001,40,0.1,ctid::wizard_spider::unknown::0019,wizard_spider::unknown
1301,ctid,46,0.001,40,0.1,ctid::wizard_spider::unknown::0020,wizard_spider::unknown
1302,ctid,46,0.001,40,0.1,ctid::wizard_spider::unknown::0021,wizard_spider::unknown
1303,ctid,46,0.001,40,0.1,ctid::wizard_spider::unknown::0022,wizard_spider::unknown
1304,ctid,46,0.001,40,0.1,ctid::wizard_spider::unknown::0023,wizard_spider::unknown
1305,ctid,46,0.001,40,0.1,ctid::wizard_spider::unknown::0024,wizard_spider::unknown
1306,ctid,46,0.001,40,0.1,ctid::wizard_spider::unknown::0025,wizard_spider::unknown
1307,ctid,46,0.001,40,0.1,ctid::wizard_spider::unknown::0026,wizard_spider::unknown
1308,ctid,46,0.001,40,0.1,ctid::wizard_spider::unknown::0027,wizard_spider::unknown
1309,ctid,46,0.001,40,0.1,ctid::wizard_spider::unknown::0028,wizard_spider::unknown
1310,ctid,46,0.001,40,0.1,ctid::wizard_spider::unknown::0029,wizard_spider::unknown
1311,ctid,46,0.001,40,0.1,ctid::wizard_spider::unknown::0030,wizard_spider::unknown
1312,ctid,46,0.001,40,0.1,ctid::wizard_spider::unknown::0031,wizard_spider::unknown
1313,ctid,46,0.001,40,0.1,ctid::wizard_spider::unknown::0032,wizard_spider::unknown
1314,ctid,46,0.001,40,0.1,ctid::wizard_spider::unknown::0033,wizard_spider::unknown
1315,attack_flow,42,0.001,100,0.2,attack_flow::Black Basta Ransomware::0001,Black Basta Ransomware
1316,attack_flow,42,0.001,100,0.2,attack_flow::Black Basta Ransomware::0002,Black Basta Ransomware
1317,attack_flow,42,0.001,100,0.2,attack_flow::Black Basta Ransomware::0003,Black Basta Ransomware
1318,attack_flow,42,0.001,100,0.2,attack_flow::Black Basta Ransomware::0004,Black Basta Ransomware
1319,attack_flow,42,0.001,100,0.2,attack_flow::Black Basta Ransomware::0005,Black Basta Ransomware
1320,attack_flow,42,0.001,100,0.2,attack_flow::Black Basta Ransomware::0006,Black Basta Ransomware
1321,attack_flow,42,0.001,100,0.2,attack_flow::Black Basta Ransomware::0007,Black Basta Ransomware
1322,attack_flow,42,0.001,100,0.2,attack_flow::Black Basta Ransomware::0008,Black Basta Ransomware
1323,attack_flow,42,0.001,100,0.2,attack_flow::Black Basta Ransomware::0009,Black Basta Ransomware
1324,attack_flow,42,0.001,100,0.2,attack_flow::Black Basta Ransomware::0010,Black Basta Ransomware
1325,attack_flow,42,0.001,100,0.2,attack_flow::Black Basta Ransomware::0011,Black Basta Ransomware
1326,attack_flow,42,0.001,100,0.2,attack_flow::Black Basta Ransomware::0012,Black Basta Ransomware
1327,attack_flow,42,0.001,100,0.2,attack_flow::Black Basta Ransomware::0013,Black Basta Ransomware
1328,attack_flow,42,0.001,100,0.2,attack_flow::Black Basta Ransomware::0014,Black Basta Ransomware
1329,attack_flow,42,0.001,100,0.2,attack_flow::Black Basta Ransomware::0015,Black Basta Ransomware
1330,attack_flow,42,0.001,100,0.2,attack_flow::Black Basta Ransomware::0016,Black Basta Ransomware
1331,attack_flow,42,0.001,100,0.2,attack_flow::Black Basta Ransomware::0017,Black Basta Ransomware
1332,attack_flow,42,0.001,100,0.2,attack_flow::Black Basta Ransomware::0018,Black Basta Ransomware
1333,attack_flow,42,0.001,100,0.2,attack_flow::Black Basta Ransomware::0019,Black Basta Ransomware
1334,attack_flow,42,0.001,100,0.2,attack_flow::Black Basta Ransomware::0020,Black Basta Ransomware
1335,attack_flow,42,0.001,100,0.2,attack_flow::Black Basta Ransomware::0021,Black Basta Ransomware
1336,attack_flow,42,0.001,100,0.2,attack_flow::Black Basta Ransomware::0022,Black Basta Ransomware
1337,attack_flow,42,0.001,100,0.2,attack_flow::Black Basta Ransomware::0023,Black Basta Ransomware
1338,attack_flow,42,0.001,100,0.2,attack_flow::Black Basta Ransomware::0024,Black Basta Ransomware
1339,attack_flow,42,0.001,100,0.2,attack_flow::CISA AA22-138B VMWare Workspace (Alt)::0001,CISA AA22-138B VMWare Workspace (Alt)
1340,attack_flow,42,0.001,100,0.2,attack_flow::CISA AA22-138B VMWare Workspace (Alt)::0002,CISA AA22-138B VMWare Workspace (Alt)
1341,attack_flow,42,0.001,100,0.2,attack_flow::CISA AA22-138B VMWare Workspace (Alt)::0003,CISA AA22-138B VMWare Workspace (Alt)
1342,attack_flow,42,0.001,100,0.2,attack_flow::CISA AA22-138B VMWare Workspace (Alt)::0004,CISA AA22-138B VMWare Workspace (Alt)
1343,attack_flow,42,0.001,100,0.2,attack_flow::CISA AA22-138B VMWare Workspace (Alt)::0005,CISA AA22-138B VMWare Workspace (Alt)
1344,attack_flow,42,0.001,100,0.2,attack_flow::CISA AA22-138B VMWare Workspace (Alt)::0006,CISA AA22-138B VMWare Workspace (Alt)
1345,attack_flow,42,0.001,100,0.2,attack_flow::CISA AA22-138B VMWare Workspace (Alt)::0007,CISA AA22-138B VMWare Workspace (Alt)
1346,attack_flow,42,0.001,100,0.2,attack_flow::CISA AA22-138B VMWare Workspace (Alt)::0008,CISA AA22-138B VMWare Workspace (Alt)
1347,attack_flow,42,0.001,100,0.2,attack_flow::CISA AA22-138B VMWare Workspace (TA1)::0001,CISA AA22-138B VMWare Workspace (TA1)
1348,attack_flow,42,0.001,100,0.2,attack_flow::CISA AA22-138B VMWare Workspace (TA1)::0002,CISA AA22-138B VMWare Workspace (TA1)
1349,attack_flow,42,0.001,100,0.2,attack_flow::CISA AA22-138B VMWare Workspace (TA1)::0003,CISA AA22-138B VMWare Workspace (TA1)
1350,attack_flow,42,0.001,100,0.2,attack_flow::CISA AA22-138B VMWare Workspace (TA1)::0004,CISA AA22-138B VMWare Workspace (TA1)
1351,attack_flow,42,0.001,100,0.2,attack_flow::CISA AA22-138B VMWare Workspace (TA1)::0005,CISA AA22-138B VMWare Workspace (TA1)
1352,attack_flow,42,0.001,100,0.2,attack_flow::CISA AA22-138B VMWare Workspace (TA1)::0006,CISA AA22-138B VMWare Workspace (TA1)
1353,attack_flow,42,0.001,100,0.2,attack_flow::CISA AA22-138B VMWare Workspace (TA1)::0007,CISA AA22-138B VMWare Workspace (TA1)
1354,attack_flow,42,0.001,100,0.2,attack_flow::CISA AA22-138B VMWare Workspace (TA1)::0008,CISA AA22-138B VMWare Workspace (TA1)
1355,attack_flow,42,0.001,100,0.2,attack_flow::CISA AA22-138B VMWare Workspace (TA2)::0001,CISA AA22-138B VMWare Workspace (TA2)
1356,attack_flow,42,0.001,100,0.2,attack_flow::CISA AA22-138B VMWare Workspace (TA2)::0002,CISA AA22-138B VMWare Workspace (TA2)
1357,attack_flow,42,0.001,100,0.2,attack_flow::CISA AA22-138B VMWare Workspace (TA2)::0003,CISA AA22-138B VMWare Workspace (TA2)
1358,attack_flow,42,0.001,100,0.2,attack_flow::CISA AA22-138B VMWare Workspace (TA2)::0004,CISA AA22-138B VMWare Workspace (TA2)
1359,attack_flow,42,0.001,100,0.2,attack_flow::CISA AA22-138B VMWare Workspace (TA2)::0005,CISA AA22-138B VMWare Workspace (TA2)
1360,attack_flow,42,0.001,100,0.2,attack_flow::CISA AA22-138B VMWare Workspace (TA2)::0006,CISA AA22-138B VMWare Workspace (TA2)
1361,attack_flow,42,0.001,100,0.2,attack_flow::CISA AA22-138B VMWare Workspace (TA2)::0007,CISA AA22-138B VMWare Workspace (TA2)
1362,attack_flow,42,0.001,100,0.2,attack_flow::CISA AA22-138B VMWare Workspace (TA2)::0008,CISA AA22-138B VMWare Workspace (TA2)
1363,attack_flow,42,0.001,100,0.2,attack_flow::CISA AA22-138B VMWare Workspace (TA2)::0009,CISA AA22-138B VMWare Workspace (TA2)
1364,attack_flow,42,0.001,100,0.2,attack_flow::CISA AA22-138B VMWare Workspace (TA2)::0010,CISA AA22-138B VMWare Workspace (TA2)
1365,attack_flow,42,0.001,100,0.2,attack_flow::CISA Iranian APT::0001,CISA Iranian APT
1366,attack_flow,42,0.001,100,0.2,attack_flow::CISA Iranian APT::0002,CISA Iranian APT
1367,attack_flow,42,0.001,100,0.2,attack_flow::CISA Iranian APT::0003,CISA Iranian APT
1368,attack_flow,42,0.001,100,0.2,attack_flow::CISA Iranian APT::0004,CISA Iranian APT
1369,attack_flow,42,0.001,100,0.2,attack_flow::CISA Iranian APT::0005,CISA Iranian APT
1370,attack_flow,42,0.001,100,0.2,attack_flow::CISA Iranian APT::0006,CISA Iranian APT
1371,attack_flow,42,0.001,100,0.2,attack_flow::CISA Iranian APT::0007,CISA Iranian APT
1372,attack_flow,42,0.001,100,0.2,attack_flow::CISA Iranian APT::0008,CISA Iranian APT
1373,attack_flow,42,0.001,100,0.2,attack_flow::CISA Iranian APT::0009,CISA Iranian APT
1374,attack_flow,42,0.001,100,0.2,attack_flow::CISA Iranian APT::0010,CISA Iranian APT
1375,attack_flow,42,0.001,100,0.2,attack_flow::CISA Iranian APT::0011,CISA Iranian APT
1376,attack_flow,42,0.001,100,0.2,attack_flow::CISA Iranian APT::0012,CISA Iranian APT
1377,attack_flow,42,0.001,100,0.2,attack_flow::CISA Iranian APT::0013,CISA Iranian APT
1378,attack_flow,42,0.001,100,0.2,attack_flow::CISA Iranian APT::0014,CISA Iranian APT
1379,attack_flow,42,0.001,100,0.2,attack_flow::CISA Iranian APT::0015,CISA Iranian APT
1380,attack_flow,42,0.001,100,0.2,attack_flow::CISA Iranian APT::0016,CISA Iranian APT
1381,attack_flow,42,0.001,100,0.2,attack_flow::CISA Iranian APT::0017,CISA Iranian APT
1382,attack_flow,42,0.001,100,0.2,attack_flow::CISA Iranian APT::0018,CISA Iranian APT
1383,attack_flow,42,0.001,100,0.2,attack_flow::CISA Iranian APT::0019,CISA Iranian APT
1384,attack_flow,42,0.001,100,0.2,attack_flow::CISA Iranian APT::0020,CISA Iranian APT
1385,attack_flow,42,0.001,100,0.2,attack_flow::CISA Iranian APT::0021,CISA Iranian APT
1386,attack_flow,42,0.001,100,0.2,attack_flow::Cobalt Kitty Campaign::0001,Cobalt Kitty Campaign
1387,attack_flow,42,0.001,100,0.2,attack_flow::Cobalt Kitty Campaign::0002,Cobalt Kitty Campaign
1388,attack_flow,42,0.001,100,0.2,attack_flow::Cobalt Kitty Campaign::0003,Cobalt Kitty Campaign
1389,attack_flow,42,0.001,100,0.2,attack_flow::Cobalt Kitty Campaign::0004,Cobalt Kitty Campaign
1390,attack_flow,42,0.001,100,0.2,attack_flow::Cobalt Kitty Campaign::0005,Cobalt Kitty Campaign
1391,attack_flow,42,0.001,100,0.2,attack_flow::Cobalt Kitty Campaign::0006,Cobalt Kitty Campaign
1392,attack_flow,42,0.001,100,0.2,attack_flow::Cobalt Kitty Campaign::0007,Cobalt Kitty Campaign
1393,attack_flow,42,0.001,100,0.2,attack_flow::Cobalt Kitty Campaign::0008,Cobalt Kitty Campaign
1394,attack_flow,42,0.001,100,0.2,attack_flow::Cobalt Kitty Campaign::0009,Cobalt Kitty Campaign
1395,attack_flow,42,0.001,100,0.2,attack_flow::Cobalt Kitty Campaign::0010,Cobalt Kitty Campaign
1396,attack_flow,42,0.001,100,0.2,attack_flow::Cobalt Kitty Campaign::0011,Cobalt Kitty Campaign
1397,attack_flow,42,0.001,100,0.2,attack_flow::Conti CISA Alert::0001,Conti CISA Alert
1398,attack_flow,42,0.001,100,0.2,attack_flow::Conti CISA Alert::0002,Conti CISA Alert
1399,attack_flow,42,0.001,100,0.2,attack_flow::Conti CISA Alert::0003,Conti CISA Alert
1400,attack_flow,42,0.001,100,0.2,attack_flow::Conti CISA Alert::0004,Conti CISA Alert
1401,attack_flow,42,0.001,100,0.2,attack_flow::Conti CISA Alert::0005,Conti CISA Alert
1402,attack_flow,42,0.001,100,0.2,attack_flow::Conti PWC::0001,Conti PWC
1403,attack_flow,42,0.001,100,0.2,attack_flow::Conti PWC::0002,Conti PWC
1404,attack_flow,42,0.001,100,0.2,attack_flow::Conti PWC::0003,Conti PWC
1405,attack_flow,42,0.001,100,0.2,attack_flow::Conti Ransomware::0001,Conti Ransomware
1406,attack_flow,42,0.001,100,0.2,attack_flow::Conti Ransomware::0002,Conti Ransomware
1407,attack_flow,42,0.001,100,0.2,attack_flow::Conti Ransomware::0003,Conti Ransomware
1408,attack_flow,42,0.001,100,0.2,attack_flow::Conti Ransomware::0004,Conti Ransomware
1409,attack_flow,42,0.001,100,0.2,attack_flow::Conti Ransomware::0005,Conti Ransomware
1410,attack_flow,42,0.001,100,0.2,attack_flow::Conti Ransomware::0006,Conti Ransomware
1411,attack_flow,42,0.001,100,0.2,attack_flow::Conti Ransomware::0007,Conti Ransomware
1412,attack_flow,42,0.001,100,0.2,attack_flow::Conti Ransomware::0008,Conti Ransomware
1413,attack_flow,42,0.001,100,0.2,attack_flow::Conti Ransomware::0009,Conti Ransomware
1414,attack_flow,42,0.001,100,0.2,attack_flow::Conti Ransomware::0010,Conti Ransomware
1415,attack_flow,42,0.001,100,0.2,attack_flow::Conti Ransomware::0011,Conti Ransomware
1416,attack_flow,42,0.001,100,0.2,attack_flow::Conti Ransomware::0012,Conti Ransomware
1417,attack_flow,42,0.001,100,0.2,attack_flow::Conti Ransomware::0014,Conti Ransomware
1418,attack_flow,42,0.001,100,0.2,attack_flow::Conti Ransomware::0015,Conti Ransomware
1419,attack_flow,42,0.001,100,0.2,attack_flow::DFIR - BumbleBee Round 2::0001,DFIR - BumbleBee Round 2
1420,attack_flow,42,0.001,100,0.2,attack_flow::DFIR - BumbleBee Round 2::0002,DFIR - BumbleBee Round 2
1421,attack_flow,42,0.001,100,0.2,attack_flow::DFIR - BumbleBee Round 2::0003,DFIR - BumbleBee Round 2
1422,attack_flow,42,0.001,100,0.2,attack_flow::DFIR - BumbleBee Round 2::0004,DFIR - BumbleBee Round 2
1423,attack_flow,42,0.001,100,0.2,attack_flow::DFIR - BumbleBee Round 2::0005,DFIR - BumbleBee Round 2
1424,attack_flow,42,0.001,100,0.2,attack_flow::DFIR - BumbleBee Round 2::0006,DFIR - BumbleBee Round 2
1425,attack_flow,42,0.001,100,0.2,attack_flow::DFIR - BumbleBee Round 2::0007,DFIR - BumbleBee Round 2
1426,attack_flow,42,0.001,100,0.2,attack_flow::DFIR - BumbleBee Round 2::0008,DFIR - BumbleBee Round 2
1427,attack_flow,42,0.001,100,0.2,attack_flow::DFIR - BumbleBee Round 2::0009,DFIR - BumbleBee Round 2
1428,attack_flow,42,0.001,100,0.2,attack_flow::DFIR - BumbleBee Round 2::0010,DFIR - BumbleBee Round 2
1429,attack_flow,42,0.001,100,0.2,attack_flow::DFIR - BumbleBee Round 2::0011,DFIR - BumbleBee Round 2
1430,attack_flow,42,0.001,100,0.2,attack_flow::DFIR - BumbleBee Round 2::0012,DFIR - BumbleBee Round 2
1431,attack_flow,42,0.001,100,0.2,attack_flow::Equifax Breach::0001,Equifax Breach
1432,attack_flow,42,0.001,100,0.2,attack_flow::Equifax Breach::0002,Equifax Breach
1433,attack_flow,42,0.001,100,0.2,attack_flow::Equifax Breach::0003,Equifax Breach
1434,attack_flow,42,0.001,100,0.2,attack_flow::Equifax Breach::0004,Equifax Breach
1435,attack_flow,42,0.001,100,0.2,attack_flow::Equifax Breach::0005,Equifax Breach
1436,attack_flow,42,0.001,100,0.2,attack_flow::Equifax Breach::0006,Equifax Breach
1437,attack_flow,42,0.001,100,0.2,attack_flow::Equifax Breach::0007,Equifax Breach
1438,attack_flow,42,0.001,100,0.2,attack_flow::Equifax Breach::0008,Equifax Breach
1439,attack_flow,42,0.001,100,0.2,attack_flow::FIN13 Case 1::0001,FIN13 Case 1
1440,attack_flow,42,0.001,100,0.2,attack_flow::FIN13 Case 1::0002,FIN13 Case 1
1441,attack_flow,42,0.001,100,0.2,attack_flow::FIN13 Case 1::0003,FIN13 Case 1
1442,attack_flow,42,0.001,100,0.2,attack_flow::FIN13 Case 1::0004,FIN13 Case 1
1443,attack_flow,42,0.001,100,0.2,attack_flow::FIN13 Case 1::0005,FIN13 Case 1
1444,attack_flow,42,0.001,100,0.2,attack_flow::FIN13 Case 1::0006,FIN13 Case 1
1445,attack_flow,42,0.001,100,0.2,attack_flow::FIN13 Case 1::0007,FIN13 Case 1
1446,attack_flow,42,0.001,100,0.2,attack_flow::FIN13 Case 1::0008,FIN13 Case 1
1447,attack_flow,42,0.001,100,0.2,attack_flow::FIN13 Case 1::0009,FIN13 Case 1
1448,attack_flow,42,0.001,100,0.2,attack_flow::FIN13 Case 1::0010,FIN13 Case 1
1449,attack_flow,42,0.001,100,0.2,attack_flow::FIN13 Case 1::0011,FIN13 Case 1
1450,attack_flow,42,0.001,100,0.2,attack_flow::FIN13 Case 1::0012,FIN13 Case 1
1451,attack_flow,42,0.001,100,0.2,attack_flow::FIN13 Case 1::0013,FIN13 Case 1
1452,attack_flow,42,0.001,100,0.2,attack_flow::FIN13 Case 1::0014,FIN13 Case 1
1453,attack_flow,42,0.001,100,0.2,attack_flow::FIN13 Case 1::0015,FIN13 Case 1
1454,attack_flow,42,0.001,100,0.2,attack_flow::FIN13 Case 1::0016,FIN13 Case 1
1455,attack_flow,42,0.001,100,0.2,attack_flow::FIN13 Case 1::0017,FIN13 Case 1
1456,attack_flow,42,0.001,100,0.2,attack_flow::FIN13 Case 1::0018,FIN13 Case 1
1457,attack_flow,42,0.001,100,0.2,attack_flow::FIN13 Case 1::0019,FIN13 Case 1
1458,attack_flow,42,0.001,100,0.2,attack_flow::FIN13 Case 1::0020,FIN13 Case 1
1459,attack_flow,42,0.001,100,0.2,attack_flow::FIN13 Case 1::0021,FIN13 Case 1
1460,attack_flow,42,0.001,100,0.2,attack_flow::FIN13 Case 1::0022,FIN13 Case 1
1461,attack_flow,42,0.001,100,0.2,attack_flow::FIN13 Case 1::0023,FIN13 Case 1
1462,attack_flow,42,0.001,100,0.2,attack_flow::FIN13 Case 1::0024,FIN13 Case 1
1463,attack_flow,42,0.001,100,0.2,attack_flow::FIN13 Case 1::0025,FIN13 Case 1
1464,attack_flow,42,0.001,100,0.2,attack_flow::FIN13 Case 1::0029,FIN13 Case 1
1465,attack_flow,42,0.001,100,0.2,attack_flow::FIN13 Case 1::0030,FIN13 Case 1
1466,attack_flow,42,0.001,100,0.2,attack_flow::FIN13 Case 1::0031,FIN13 Case 1
1467,attack_flow,42,0.001,100,0.2,attack_flow::FIN13 Case 2::0001,FIN13 Case 2
1468,attack_flow,42,0.001,100,0.2,attack_flow::FIN13 Case 2::0002,FIN13 Case 2
1469,attack_flow,42,0.001,100,0.2,attack_flow::FIN13 Case 2::0003,FIN13 Case 2
1470,attack_flow,42,0.001,100,0.2,attack_flow::FIN13 Case 2::0004,FIN13 Case 2
1471,attack_flow,42,0.001,100,0.2,attack_flow::FIN13 Case 2::0005,FIN13 Case 2
1472,attack_flow,42,0.001,100,0.2,attack_flow::FIN13 Case 2::0007,FIN13 Case 2
1473,attack_flow,42,0.001,100,0.2,attack_flow::FIN13 Case 2::0008,FIN13 Case 2
1474,attack_flow,42,0.001,100,0.2,attack_flow::FIN13 Case 2::0009,FIN13 Case 2
1475,attack_flow,42,0.001,100,0.2,attack_flow::FIN13 Case 2::0010,FIN13 Case 2
1476,attack_flow,42,0.001,100,0.2,attack_flow::FIN13 Case 2::0011,FIN13 Case 2
1477,attack_flow,42,0.001,100,0.2,attack_flow::FIN13 Case 2::0012,FIN13 Case 2
1478,attack_flow,42,0.001,100,0.2,attack_flow::FIN13 Case 2::0013,FIN13 Case 2
1479,attack_flow,42,0.001,100,0.2,attack_flow::FIN13 Case 2::0014,FIN13 Case 2
1480,attack_flow,42,0.001,100,0.2,attack_flow::Gootloader::0001,Gootloader
1481,attack_flow,42,0.001,100,0.2,attack_flow::Gootloader::0002,Gootloader
1482,attack_flow,42,0.001,100,0.2,attack_flow::Gootloader::0003,Gootloader
1483,attack_flow,42,0.001,100,0.2,attack_flow::Gootloader::0005,Gootloader
1484,attack_flow,42,0.001,100,0.2,attack_flow::Gootloader::0006,Gootloader
1485,attack_flow,42,0.001,100,0.2,attack_flow::Gootloader::0007,Gootloader
1486,attack_flow,42,0.001,100,0.2,attack_flow::Gootloader::0008,Gootloader
1487,attack_flow,42,0.001,100,0.2,attack_flow::Gootloader::0009,Gootloader
1488,attack_flow,42,0.001,100,0.2,attack_flow::Gootloader::0010,Gootloader
1489,attack_flow,42,0.001,100,0.2,attack_flow::Gootloader::0011,Gootloader
1490,attack_flow,42,0.001,100,0.2,attack_flow::Gootloader::0012,Gootloader
1491,attack_flow,42,0.001,100,0.2,attack_flow::Gootloader::0013,Gootloader
1492,attack_flow,42,0.001,100,0.2,attack_flow::Gootloader::0014,Gootloader
1493,attack_flow,42,0.001,100,0.2,attack_flow::Gootloader::0015,Gootloader
1494,attack_flow,42,0.001,100,0.2,attack_flow::Gootloader::0016,Gootloader
1495,attack_flow,42,0.001,100,0.2,attack_flow::Gootloader::0017,Gootloader
1496,attack_flow,42,0.001,100,0.2,attack_flow::Gootloader::0018,Gootloader
1497,attack_flow,42,0.001,100,0.2,attack_flow::Gootloader::0019,Gootloader
1498,attack_flow,42,0.001,100,0.2,attack_flow::Gootloader::0020,Gootloader
1499,attack_flow,42,0.001,100,0.2,attack_flow::Gootloader::0021,Gootloader
1500,attack_flow,42,0.001,100,0.2,attack_flow::Gootloader::0022,Gootloader
1501,attack_flow,42,0.001,100,0.2,attack_flow::Gootloader::0023,Gootloader
1502,attack_flow,42,0.001,100,0.2,attack_flow::Gootloader::0024,Gootloader
1503,attack_flow,42,0.001,100,0.2,attack_flow::Gootloader::0025,Gootloader
1504,attack_flow,42,0.001,100,0.2,attack_flow::Gootloader::0026,Gootloader
1505,attack_flow,42,0.001,100,0.2,attack_flow::Gootloader::0027,Gootloader
1506,attack_flow,42,0.001,100,0.2,attack_flow::Gootloader::0028,Gootloader
1507,attack_flow,42,0.001,100,0.2,attack_flow::Gootloader::0029,Gootloader
1508,attack_flow,42,0.001,100,0.2,attack_flow::Hancitor DLL::0001,Hancitor DLL
1509,attack_flow,42,0.001,100,0.2,attack_flow::Hancitor DLL::0002,Hancitor DLL
1510,attack_flow,42,0.001,100,0.2,attack_flow::Hancitor DLL::0003,Hancitor DLL
1511,attack_flow,42,0.001,100,0.2,attack_flow::Hancitor DLL::0004,Hancitor DLL
1512,attack_flow,42,0.001,100,0.2,attack_flow::Hancitor DLL::0005,Hancitor DLL
1513,attack_flow,42,0.001,100,0.2,attack_flow::Hancitor DLL::0006,Hancitor DLL
1514,attack_flow,42,0.001,100,0.2,attack_flow::Hancitor DLL::0007,Hancitor DLL
1515,attack_flow,42,0.001,100,0.2,attack_flow::Hancitor DLL::0008,Hancitor DLL
1516,attack_flow,42,0.001,100,0.2,attack_flow::Hancitor DLL::0010,Hancitor DLL
1517,attack_flow,42,0.001,100,0.2,attack_flow::Hancitor DLL::0011,Hancitor DLL
1518,attack_flow,42,0.001,100,0.2,attack_flow::Hancitor DLL::0012,Hancitor DLL
1519,attack_flow,42,0.001,100,0.2,attack_flow::Hancitor DLL::0013,Hancitor DLL
1520,attack_flow,42,0.001,100,0.2,attack_flow::Hancitor DLL::0014,Hancitor DLL
1521,attack_flow,42,0.001,100,0.2,attack_flow::Hancitor DLL::0015,Hancitor DLL
1522,attack_flow,42,0.001,100,0.2,attack_flow::Hancitor DLL::0016,Hancitor DLL
1523,attack_flow,42,0.001,100,0.2,attack_flow::Hancitor DLL::0017,Hancitor DLL
1524,attack_flow,42,0.001,100,0.2,attack_flow::Hancitor DLL::0018,Hancitor DLL
1525,attack_flow,42,0.001,100,0.2,attack_flow::Hancitor DLL::0019,Hancitor DLL
1526,attack_flow,42,0.001,100,0.2,attack_flow::Ivanti Vulnerabilities::0001,Ivanti Vulnerabilities
1527,attack_flow,42,0.001,100,0.2,attack_flow::Ivanti Vulnerabilities::0002,Ivanti Vulnerabilities
1528,attack_flow,42,0.001,100,0.2,attack_flow::Ivanti Vulnerabilities::0003,Ivanti Vulnerabilities
1529,attack_flow,42,0.001,100,0.2,attack_flow::Ivanti Vulnerabilities::0004,Ivanti Vulnerabilities
1530,attack_flow,42,0.001,100,0.2,attack_flow::Ivanti Vulnerabilities::0005,Ivanti Vulnerabilities
1531,attack_flow,42,0.001,100,0.2,attack_flow::JP Morgan Breach::0001,JP Morgan Breach
1532,attack_flow,42,0.001,100,0.2,attack_flow::JP Morgan Breach::0002,JP Morgan Breach
1533,attack_flow,42,0.001,100,0.2,attack_flow::JP Morgan Breach::0003,JP Morgan Breach
1534,attack_flow,42,0.001,100,0.2,attack_flow::JP Morgan Breach::0004,JP Morgan Breach
1535,attack_flow,42,0.001,100,0.2,attack_flow::JP Morgan Breach::0005,JP Morgan Breach
1536,attack_flow,42,0.001,100,0.2,attack_flow::JP Morgan Breach::0006,JP Morgan Breach
1537,attack_flow,42,0.001,100,0.2,attack_flow::JP Morgan Breach::0008,JP Morgan Breach
1538,attack_flow,42,0.001,100,0.2,attack_flow::JP Morgan Breach::0009,JP Morgan Breach
1539,attack_flow,42,0.001,100,0.2,attack_flow::MITRE NERVE::0001,MITRE NERVE
1540,attack_flow,42,0.001,100,0.2,attack_flow::MITRE NERVE::0002,MITRE NERVE
1541,attack_flow,42,0.001,100,0.2,attack_flow::MITRE NERVE::0003,MITRE NERVE
1542,attack_flow,42,0.001,100,0.2,attack_flow::MITRE NERVE::0004,MITRE NERVE
1543,attack_flow,42,0.001,100,0.2,attack_flow::MITRE NERVE::0005,MITRE NERVE
1544,attack_flow,42,0.001,100,0.2,attack_flow::MITRE NERVE::0006,MITRE NERVE
1545,attack_flow,42,0.001,100,0.2,attack_flow::MITRE NERVE::0007,MITRE NERVE
1546,attack_flow,42,0.001,100,0.2,attack_flow::Maastricht University Ransomware::0001,Maastricht University Ransomware
1547,attack_flow,42,0.001,100,0.2,attack_flow::Maastricht University Ransomware::0003,Maastricht University Ransomware
1548,attack_flow,42,0.001,100,0.2,attack_flow::Maastricht University Ransomware::0004,Maastricht University Ransomware
1549,attack_flow,42,0.001,100,0.2,attack_flow::Maastricht University Ransomware::0005,Maastricht University Ransomware
1550,attack_flow,42,0.001,100,0.2,attack_flow::Maastricht University Ransomware::0006,Maastricht University Ransomware
1551,attack_flow,42,0.001,100,0.2,attack_flow::Maastricht University Ransomware::0007,Maastricht University Ransomware
1552,attack_flow,42,0.001,100,0.2,attack_flow::Maastricht University Ransomware::0008,Maastricht University Ransomware
1553,attack_flow,42,0.001,100,0.2,attack_flow::Maastricht University Ransomware::0009,Maastricht University Ransomware
1554,attack_flow,42,0.001,100,0.2,attack_flow::Maastricht University Ransomware::0010,Maastricht University Ransomware
1555,attack_flow,42,0.001,100,0.2,attack_flow::Maastricht University Ransomware::0011,Maastricht University Ransomware
1556,attack_flow,42,0.001,100,0.2,attack_flow::Mac Malware Steals Crypto::0001,Mac Malware Steals Crypto
1557,attack_flow,42,0.001,100,0.2,attack_flow::Mac Malware Steals Crypto::0002,Mac Malware Steals Crypto
1558,attack_flow,42,0.001,100,0.2,attack_flow::Mac Malware Steals Crypto::0004,Mac Malware Steals Crypto
1559,attack_flow,42,0.001,100,0.2,attack_flow::Marriott Breach::0001,Marriott Breach
1560,attack_flow,42,0.001,100,0.2,attack_flow::Marriott Breach::0002,Marriott Breach
1561,attack_flow,42,0.001,100,0.2,attack_flow::Marriott Breach::0003,Marriott Breach
1562,attack_flow,42,0.001,100,0.2,attack_flow::Marriott Breach::0004,Marriott Breach
1563,attack_flow,42,0.001,100,0.2,attack_flow::Muddy Water::0001,Muddy Water
1564,attack_flow,42,0.001,100,0.2,attack_flow::Muddy Water::0002,Muddy Water
1565,attack_flow,42,0.001,100,0.2,attack_flow::Muddy Water::0003,Muddy Water
1566,attack_flow,42,0.001,100,0.2,attack_flow::Muddy Water::0004,Muddy Water
1567,attack_flow,42,0.001,100,0.2,attack_flow::Muddy Water::0005,Muddy Water
1568,attack_flow,42,0.001,100,0.2,attack_flow::Muddy Water::0006,Muddy Water
1569,attack_flow,42,0.001,100,0.2,attack_flow::Muddy Water::0008,Muddy Water
1570,attack_flow,42,0.001,100,0.2,attack_flow::Muddy Water::0009,Muddy Water
1571,attack_flow,42,0.001,100,0.2,attack_flow::NotPetya::0001,NotPetya
1572,attack_flow,42,0.001,100,0.2,attack_flow::NotPetya::0002,NotPetya
1573,attack_flow,42,0.001,100,0.2,attack_flow::NotPetya::0003,NotPetya
1574,attack_flow,42,0.001,100,0.2,attack_flow::NotPetya::0004,NotPetya
1575,attack_flow,42,0.001,100,0.2,attack_flow::NotPetya::0008,NotPetya
1576,attack_flow,42,0.001,100,0.2,attack_flow::NotPetya::0009,NotPetya
1577,attack_flow,42,0.001,100,0.2,attack_flow::NotPetya::0010,NotPetya
1578,attack_flow,42,0.001,100,0.2,attack_flow::NotPetya::0011,NotPetya
1579,attack_flow,42,0.001,100,0.2,attack_flow::NotPetya::0012,NotPetya
1580,attack_flow,42,0.001,100,0.2,attack_flow::NotPetya::0013,NotPetya
1581,attack_flow,42,0.001,100,0.2,attack_flow::NotPetya::0014,NotPetya
1582,attack_flow,42,0.001,100,0.2,attack_flow::NotPetya::0015,NotPetya
1583,attack_flow,42,0.001,100,0.2,attack_flow::NotPetya::0016,NotPetya
1584,attack_flow,42,0.001,100,0.2,attack_flow::OceanLotus::0001,OceanLotus
1585,attack_flow,42,0.001,100,0.2,attack_flow::OceanLotus::0002,OceanLotus
1586,attack_flow,42,0.001,100,0.2,attack_flow::OceanLotus::0003,OceanLotus
1587,attack_flow,42,0.001,100,0.2,attack_flow::OceanLotus::0004,OceanLotus
1588,attack_flow,42,0.001,100,0.2,attack_flow::OceanLotus::0005,OceanLotus
1589,attack_flow,42,0.001,100,0.2,attack_flow::OceanLotus::0006,OceanLotus
1590,attack_flow,42,0.001,100,0.2,attack_flow::OceanLotus::0007,OceanLotus
1591,attack_flow,42,0.001,100,0.2,attack_flow::OceanLotus::0008,OceanLotus
1592,attack_flow,42,0.001,100,0.2,attack_flow::OceanLotus::0009,OceanLotus
1593,attack_flow,42,0.001,100,0.2,attack_flow::OceanLotus::0010,OceanLotus
1594,attack_flow,42,0.001,100,0.2,attack_flow::OceanLotus::0011,OceanLotus
1595,attack_flow,42,0.001,100,0.2,attack_flow::OceanLotus::0012,OceanLotus
1596,attack_flow,42,0.001,100,0.2,attack_flow::OceanLotus::0013,OceanLotus
1597,attack_flow,42,0.001,100,0.2,attack_flow::OceanLotus::0014,OceanLotus
1598,attack_flow,42,0.001,100,0.2,attack_flow::OceanLotus::0015,OceanLotus
1599,attack_flow,42,0.001,100,0.2,attack_flow::OceanLotus::0016,OceanLotus
1600,attack_flow,42,0.001,100,0.2,attack_flow::OceanLotus::0017,OceanLotus
1601,attack_flow,42,0.001,100,0.2,attack_flow::OceanLotus::0018,OceanLotus
1602,attack_flow,42,0.001,100,0.2,attack_flow::OceanLotus::0019,OceanLotus
1603,attack_flow,42,0.001,100,0.2,attack_flow::OceanLotus::0020,OceanLotus
1604,attack_flow,42,0.001,100,0.2,attack_flow::REvil::0001,REvil
1605,attack_flow,42,0.001,100,0.2,attack_flow::REvil::0002,REvil
1606,attack_flow,42,0.001,100,0.2,attack_flow::REvil::0003,REvil
1607,attack_flow,42,0.001,100,0.2,attack_flow::REvil::0004,REvil
1608,attack_flow,42,0.001,100,0.2,attack_flow::REvil::0005,REvil
1609,attack_flow,42,0.001,100,0.2,attack_flow::REvil::0006,REvil
1610,attack_flow,42,0.001,100,0.2,attack_flow::REvil::0007,REvil
1611,attack_flow,42,0.001,100,0.2,attack_flow::REvil::0008,REvil
1612,attack_flow,42,0.001,100,0.2,attack_flow::REvil::0009,REvil
1613,attack_flow,42,0.001,100,0.2,attack_flow::REvil::0010,REvil
1614,attack_flow,42,0.001,100,0.2,attack_flow::REvil::0011,REvil
1615,attack_flow,42,0.001,100,0.2,attack_flow::REvil::0012,REvil
1616,attack_flow,42,0.001,100,0.2,attack_flow::REvil::0013,REvil
1617,attack_flow,42,0.001,100,0.2,attack_flow::REvil::0014,REvil
1618,attack_flow,42,0.001,100,0.2,attack_flow::REvil::0015,REvil
1619,attack_flow,42,0.001,100,0.2,attack_flow::REvil::0016,REvil
1620,attack_flow,42,0.001,100,0.2,attack_flow::REvil::0017,REvil
1621,attack_flow,42,0.001,100,0.2,attack_flow::REvil::0018,REvil
1622,attack_flow,42,0.001,100,0.2,attack_flow::Ragnar Locker::0001,Ragnar Locker
1623,attack_flow,42,0.001,100,0.2,attack_flow::Ragnar Locker::0002,Ragnar Locker
1624,attack_flow,42,0.001,100,0.2,attack_flow::Ragnar Locker::0003,Ragnar Locker
1625,attack_flow,42,0.001,100,0.2,attack_flow::Ragnar Locker::0004,Ragnar Locker
1626,attack_flow,42,0.001,100,0.2,attack_flow::Ragnar Locker::0005,Ragnar Locker
1627,attack_flow,42,0.001,100,0.2,attack_flow::Ragnar Locker::0006,Ragnar Locker
1628,attack_flow,42,0.001,100,0.2,attack_flow::Ragnar Locker::0007,Ragnar Locker
1629,attack_flow,42,0.001,100,0.2,attack_flow::Ragnar Locker::0008,Ragnar Locker
1630,attack_flow,42,0.001,100,0.2,attack_flow::Ragnar Locker::0009,Ragnar Locker
1631,attack_flow,42,0.001,100,0.2,attack_flow::Ragnar Locker::0010,Ragnar Locker
1632,attack_flow,42,0.001,100,0.2,attack_flow::Ragnar Locker::0011,Ragnar Locker
1633,attack_flow,42,0.001,100,0.2,attack_flow::Ragnar Locker::0012,Ragnar Locker
1634,attack_flow,42,0.001,100,0.2,attack_flow::SWIFT Heist::0001,SWIFT Heist
1635,attack_flow,42,0.001,100,0.2,attack_flow::SWIFT Heist::0002,SWIFT Heist
1636,attack_flow,42,0.001,100,0.2,attack_flow::SWIFT Heist::0003,SWIFT Heist
1637,attack_flow,42,0.001,100,0.2,attack_flow::SWIFT Heist::0004,SWIFT Heist
1638,attack_flow,42,0.001,100,0.2,attack_flow::SearchAwesome Adware::0001,SearchAwesome Adware
1639,attack_flow,42,0.001,100,0.2,attack_flow::SearchAwesome Adware::0002,SearchAwesome Adware
1640,attack_flow,42,0.001,100,0.2,attack_flow::SearchAwesome Adware::0003,SearchAwesome Adware
1641,attack_flow,42,0.001,100,0.2,attack_flow::SearchAwesome Adware::0004,SearchAwesome Adware
1642,attack_flow,42,0.001,100,0.2,attack_flow::SearchAwesome Adware::0005,SearchAwesome Adware
1643,attack_flow,42,0.001,100,0.2,attack_flow::SearchAwesome Adware::0006,SearchAwesome Adware
1644,attack_flow,42,0.001,100,0.2,attack_flow::SearchAwesome Adware::0007,SearchAwesome Adware
1645,attack_flow,42,0.001,100,0.2,attack_flow::SearchAwesome Adware::0008,SearchAwesome Adware
1646,attack_flow,42,0.001,100,0.2,attack_flow::SearchAwesome Adware::0009,SearchAwesome Adware
1647,attack_flow,42,0.001,100,0.2,attack_flow::SearchAwesome Adware::0010,SearchAwesome Adware
1648,attack_flow,42,0.001,100,0.2,attack_flow::Shamoon::0001,Shamoon
1649,attack_flow,42,0.001,100,0.2,attack_flow::Shamoon::0002,Shamoon
1650,attack_flow,42,0.001,100,0.2,attack_flow::Shamoon::0003,Shamoon
1651,attack_flow,42,0.001,100,0.2,attack_flow::Shamoon::0004,Shamoon
1652,attack_flow,42,0.001,100,0.2,attack_flow::Shamoon::0005,Shamoon
1653,attack_flow,42,0.001,100,0.2,attack_flow::Shamoon::0006,Shamoon
1654,attack_flow,42,0.001,100,0.2,attack_flow::Shamoon::0007,Shamoon
1655,attack_flow,42,0.001,100,0.2,attack_flow::Shamoon::0008,Shamoon
1656,attack_flow,42,0.001,100,0.2,attack_flow::Shamoon::0009,Shamoon
1657,attack_flow,42,0.001,100,0.2,attack_flow::Shamoon::0010,Shamoon
1658,attack_flow,42,0.001,100,0.2,attack_flow::Shamoon::0011,Shamoon
1659,attack_flow,42,0.001,100,0.2,attack_flow::Shamoon::0012,Shamoon
1660,attack_flow,42,0.001,100,0.2,attack_flow::Shamoon::0013,Shamoon
1661,attack_flow,42,0.001,100,0.2,attack_flow::Shamoon::0014,Shamoon
1662,attack_flow,42,0.001,100,0.2,attack_flow::Shamoon::0015,Shamoon
1663,attack_flow,42,0.001,100,0.2,attack_flow::Shamoon::0016,Shamoon
1664,attack_flow,42,0.001,100,0.2,attack_flow::Shamoon::0017,Shamoon
1665,attack_flow,42,0.001,100,0.2,attack_flow::Shamoon::0018,Shamoon
1666,attack_flow,42,0.001,100,0.2,attack_flow::SolarWinds::0001,SolarWinds
1667,attack_flow,42,0.001,100,0.2,attack_flow::SolarWinds::0002,SolarWinds
1668,attack_flow,42,0.001,100,0.2,attack_flow::SolarWinds::0003,SolarWinds
1669,attack_flow,42,0.001,100,0.2,attack_flow::SolarWinds::0004,SolarWinds
1670,attack_flow,42,0.001,100,0.2,attack_flow::SolarWinds::0005,SolarWinds
1671,attack_flow,42,0.001,100,0.2,attack_flow::SolarWinds::0006,SolarWinds
1672,attack_flow,42,0.001,100,0.2,attack_flow::SolarWinds::0007,SolarWinds
1673,attack_flow,42,0.001,100,0.2,attack_flow::SolarWinds::0008,SolarWinds
1674,attack_flow,42,0.001,100,0.2,attack_flow::SolarWinds::0009,SolarWinds
1675,attack_flow,42,0.001,100,0.2,attack_flow::SolarWinds::0010,SolarWinds
1676,attack_flow,42,0.001,100,0.2,attack_flow::SolarWinds::0011,SolarWinds
1677,attack_flow,42,0.001,100,0.2,attack_flow::SolarWinds::0012,SolarWinds
1678,attack_flow,42,0.001,100,0.2,attack_flow::SolarWinds::0013,SolarWinds
1679,attack_flow,42,0.001,100,0.2,attack_flow::SolarWinds::0014,SolarWinds
1680,attack_flow,42,0.001,100,0.2,attack_flow::SolarWinds::0015,SolarWinds
1681,attack_flow,42,0.001,100,0.2,attack_flow::SolarWinds::0016,SolarWinds
1682,attack_flow,42,0.001,100,0.2,attack_flow::Sony Malware::0001,Sony Malware
1683,attack_flow,42,0.001,100,0.2,attack_flow::Sony Malware::0002,Sony Malware
1684,attack_flow,42,0.001,100,0.2,attack_flow::Sony Malware::0003,Sony Malware
1685,attack_flow,42,0.001,100,0.2,attack_flow::Sony Malware::0004,Sony Malware
1686,attack_flow,42,0.001,100,0.2,attack_flow::Sony Malware::0005,Sony Malware
1687,attack_flow,42,0.001,100,0.2,attack_flow::Sony Malware::0006,Sony Malware
1688,attack_flow,42,0.001,100,0.2,attack_flow::Sony Malware::0007,Sony Malware
1689,attack_flow,42,0.001,100,0.2,attack_flow::Sony Malware::0008,Sony Malware
1690,attack_flow,42,0.001,100,0.2,attack_flow::Sony Malware::0009,Sony Malware
1691,attack_flow,42,0.001,100,0.2,attack_flow::Sony Malware::0010,Sony Malware
1692,attack_flow,42,0.001,100,0.2,attack_flow::Sony Malware::0011,Sony Malware
1693,attack_flow,42,0.001,100,0.2,attack_flow::Sony Malware::0012,Sony Malware
1694,attack_flow,42,0.001,100,0.2,attack_flow::Target Breach::0001,Target Breach
1695,attack_flow,42,0.001,100,0.2,attack_flow::Target Breach::0002,Target Breach
1696,attack_flow,42,0.001,100,0.2,attack_flow::Target Breach::0003,Target Breach
1697,attack_flow,42,0.001,100,0.2,attack_flow::Target Breach::0004,Target Breach
1698,attack_flow,42,0.001,100,0.2,attack_flow::Target Breach::0008,Target Breach
1699,attack_flow,42,0.001,100,0.2,attack_flow::Target Breach::0009,Target Breach
1700,attack_flow,42,0.001,100,0.2,attack_flow::Target Breach::0010,Target Breach
1701,attack_flow,42,0.001,100,0.2,attack_flow::Target Breach::0011,Target Breach
1702,attack_flow,42,0.001,100,0.2,attack_flow::Tesla Kubernetes Breach::0001,Tesla Kubernetes Breach
1703,attack_flow,42,0.001,100,0.2,attack_flow::Tesla Kubernetes Breach::0002,Tesla Kubernetes Breach
1704,attack_flow,42,0.001,100,0.2,attack_flow::Tesla Kubernetes Breach::0003,Tesla Kubernetes Breach
1705,attack_flow,42,0.001,100,0.2,attack_flow::Uber Breach::0001,Uber Breach
1706,attack_flow,42,0.001,100,0.2,attack_flow::Uber Breach::0002,Uber Breach
1707,attack_flow,42,0.001,100,0.2,attack_flow::Uber Breach::0003,Uber Breach
1708,attack_flow,42,0.001,100,0.2,attack_flow::Uber Breach::0004,Uber Breach
1709,attack_flow,42,0.001,100,0.2,attack_flow::Uber Breach::0005,Uber Breach
1710,attack_flow,42,0.001,100,0.2,attack_flow::Uber Breach::0006,Uber Breach
1711,attack_flow,42,0.001,100,0.2,attack_flow::WhisperGate::0001,WhisperGate
1712,attack_flow,42,0.001,100,0.2,attack_flow::WhisperGate::0002,WhisperGate
1713,attack_flow,42,0.001,100,0.2,attack_flow::WhisperGate::0003,WhisperGate
1714,attack_flow,42,0.001,100,0.2,attack_flow::WhisperGate::0004,WhisperGate
1715,attack_flow,42,0.001,100,0.2,attack_flow::WhisperGate::0005,WhisperGate
1716,attack_flow,42,0.001,100,0.2,attack_flow::WhisperGate::0006,WhisperGate
1717,attack_flow,42,0.001,100,0.2,attack_flow::WhisperGate::0007,WhisperGate
1718,attack_flow,42,0.001,100,0.2,attack_flow::WhisperGate::0008,WhisperGate
1719,attack_flow,42,0.001,100,0.2,attack_flow::WhisperGate::0009,WhisperGate
1720,attack_flow,42,0.001,100,0.2,attack_flow::WhisperGate::0010,WhisperGate
1721,attack_flow,42,0.001,100,0.2,attack_flow::WhisperGate::0011,WhisperGate
1722,attack_flow,42,0.001,100,0.2,attack_flow::WhisperGate::0013,WhisperGate
1723,attack_flow,42,0.001,100,0.2,attack_flow::WhisperGate::0014,WhisperGate
1724,attack_flow,42,0.001,100,0.2,attack_flow::WhisperGate::0015,WhisperGate
1725,attack_flow,42,0.001,100,0.2,attack_flow::WhisperGate::0016,WhisperGate
1726,attack_flow,42,0.001,100,0.2,attack_flow::WhisperGate::0017,WhisperGate
1727,attack_flow,43,0.001,100,0.2,attack_flow::Black Basta Ransomware::0001,Black Basta Ransomware
1728,attack_flow,43,0.001,100,0.2,attack_flow::Black Basta Ransomware::0002,Black Basta Ransomware
1729,attack_flow,43,0.001,100,0.2,attack_flow::Black Basta Ransomware::0003,Black Basta Ransomware
1730,attack_flow,43,0.001,100,0.2,attack_flow::Black Basta Ransomware::0004,Black Basta Ransomware
1731,attack_flow,43,0.001,100,0.2,attack_flow::Black Basta Ransomware::0005,Black Basta Ransomware
1732,attack_flow,43,0.001,100,0.2,attack_flow::Black Basta Ransomware::0006,Black Basta Ransomware
1733,attack_flow,43,0.001,100,0.2,attack_flow::Black Basta Ransomware::0007,Black Basta Ransomware
1734,attack_flow,43,0.001,100,0.2,attack_flow::Black Basta Ransomware::0008,Black Basta Ransomware
1735,attack_flow,43,0.001,100,0.2,attack_flow::Black Basta Ransomware::0009,Black Basta Ransomware
1736,attack_flow,43,0.001,100,0.2,attack_flow::Black Basta Ransomware::0010,Black Basta Ransomware
1737,attack_flow,43,0.001,100,0.2,attack_flow::Black Basta Ransomware::0011,Black Basta Ransomware
1738,attack_flow,43,0.001,100,0.2,attack_flow::Black Basta Ransomware::0012,Black Basta Ransomware
1739,attack_flow,43,0.001,100,0.2,attack_flow::Black Basta Ransomware::0013,Black Basta Ransomware
1740,attack_flow,43,0.001,100,0.2,attack_flow::Black Basta Ransomware::0014,Black Basta Ransomware
1741,attack_flow,43,0.001,100,0.2,attack_flow::Black Basta Ransomware::0015,Black Basta Ransomware
1742,attack_flow,43,0.001,100,0.2,attack_flow::Black Basta Ransomware::0016,Black Basta Ransomware
1743,attack_flow,43,0.001,100,0.2,attack_flow::Black Basta Ransomware::0017,Black Basta Ransomware
1744,attack_flow,43,0.001,100,0.2,attack_flow::Black Basta Ransomware::0018,Black Basta Ransomware
1745,attack_flow,43,0.001,100,0.2,attack_flow::Black Basta Ransomware::0019,Black Basta Ransomware
1746,attack_flow,43,0.001,100,0.2,attack_flow::Black Basta Ransomware::0020,Black Basta Ransomware
1747,attack_flow,43,0.001,100,0.2,attack_flow::Black Basta Ransomware::0021,Black Basta Ransomware
1748,attack_flow,43,0.001,100,0.2,attack_flow::Black Basta Ransomware::0022,Black Basta Ransomware
1749,attack_flow,43,0.001,100,0.2,attack_flow::Black Basta Ransomware::0023,Black Basta Ransomware
1750,attack_flow,43,0.001,100,0.2,attack_flow::Black Basta Ransomware::0024,Black Basta Ransomware
1751,attack_flow,43,0.001,100,0.2,attack_flow::CISA AA22-138B VMWare Workspace (Alt)::0001,CISA AA22-138B VMWare Workspace (Alt)
1752,attack_flow,43,0.001,100,0.2,attack_flow::CISA AA22-138B VMWare Workspace (Alt)::0002,CISA AA22-138B VMWare Workspace (Alt)
1753,attack_flow,43,0.001,100,0.2,attack_flow::CISA AA22-138B VMWare Workspace (Alt)::0003,CISA AA22-138B VMWare Workspace (Alt)
1754,attack_flow,43,0.001,100,0.2,attack_flow::CISA AA22-138B VMWare Workspace (Alt)::0004,CISA AA22-138B VMWare Workspace (Alt)
1755,attack_flow,43,0.001,100,0.2,attack_flow::CISA AA22-138B VMWare Workspace (Alt)::0005,CISA AA22-138B VMWare Workspace (Alt)
1756,attack_flow,43,0.001,100,0.2,attack_flow::CISA AA22-138B VMWare Workspace (Alt)::0006,CISA AA22-138B VMWare Workspace (Alt)
1757,attack_flow,43,0.001,100,0.2,attack_flow::CISA AA22-138B VMWare Workspace (Alt)::0007,CISA AA22-138B VMWare Workspace (Alt)
1758,attack_flow,43,0.001,100,0.2,attack_flow::CISA AA22-138B VMWare Workspace (Alt)::0008,CISA AA22-138B VMWare Workspace (Alt)
1759,attack_flow,43,0.001,100,0.2,attack_flow::CISA AA22-138B VMWare Workspace (TA1)::0001,CISA AA22-138B VMWare Workspace (TA1)
1760,attack_flow,43,0.001,100,0.2,attack_flow::CISA AA22-138B VMWare Workspace (TA1)::0002,CISA AA22-138B VMWare Workspace (TA1)
1761,attack_flow,43,0.001,100,0.2,attack_flow::CISA AA22-138B VMWare Workspace (TA1)::0003,CISA AA22-138B VMWare Workspace (TA1)
1762,attack_flow,43,0.001,100,0.2,attack_flow::CISA AA22-138B VMWare Workspace (TA1)::0004,CISA AA22-138B VMWare Workspace (TA1)
1763,attack_flow,43,0.001,100,0.2,attack_flow::CISA AA22-138B VMWare Workspace (TA1)::0005,CISA AA22-138B VMWare Workspace (TA1)
1764,attack_flow,43,0.001,100,0.2,attack_flow::CISA AA22-138B VMWare Workspace (TA1)::0006,CISA AA22-138B VMWare Workspace (TA1)
1765,attack_flow,43,0.001,100,0.2,attack_flow::CISA AA22-138B VMWare Workspace (TA1)::0007,CISA AA22-138B VMWare Workspace (TA1)
1766,attack_flow,43,0.001,100,0.2,attack_flow::CISA AA22-138B VMWare Workspace (TA1)::0008,CISA AA22-138B VMWare Workspace (TA1)
1767,attack_flow,43,0.001,100,0.2,attack_flow::CISA AA22-138B VMWare Workspace (TA2)::0001,CISA AA22-138B VMWare Workspace (TA2)
1768,attack_flow,43,0.001,100,0.2,attack_flow::CISA AA22-138B VMWare Workspace (TA2)::0002,CISA AA22-138B VMWare Workspace (TA2)
1769,attack_flow,43,0.001,100,0.2,attack_flow::CISA AA22-138B VMWare Workspace (TA2)::0003,CISA AA22-138B VMWare Workspace (TA2)
1770,attack_flow,43,0.001,100,0.2,attack_flow::CISA AA22-138B VMWare Workspace (TA2)::0004,CISA AA22-138B VMWare Workspace (TA2)
1771,attack_flow,43,0.001,100,0.2,attack_flow::CISA AA22-138B VMWare Workspace (TA2)::0005,CISA AA22-138B VMWare Workspace (TA2)
1772,attack_flow,43,0.001,100,0.2,attack_flow::CISA AA22-138B VMWare Workspace (TA2)::0006,CISA AA22-138B VMWare Workspace (TA2)
1773,attack_flow,43,0.001,100,0.2,attack_flow::CISA AA22-138B VMWare Workspace (TA2)::0007,CISA AA22-138B VMWare Workspace (TA2)
1774,attack_flow,43,0.001,100,0.2,attack_flow::CISA AA22-138B VMWare Workspace (TA2)::0008,CISA AA22-138B VMWare Workspace (TA2)
1775,attack_flow,43,0.001,100,0.2,attack_flow::CISA AA22-138B VMWare Workspace (TA2)::0009,CISA AA22-138B VMWare Workspace (TA2)
1776,attack_flow,43,0.001,100,0.2,attack_flow::CISA AA22-138B VMWare Workspace (TA2)::0010,CISA AA22-138B VMWare Workspace (TA2)
1777,attack_flow,43,0.001,100,0.2,attack_flow::CISA Iranian APT::0001,CISA Iranian APT
1778,attack_flow,43,0.001,100,0.2,attack_flow::CISA Iranian APT::0002,CISA Iranian APT
1779,attack_flow,43,0.001,100,0.2,attack_flow::CISA Iranian APT::0003,CISA Iranian APT
1780,attack_flow,43,0.001,100,0.2,attack_flow::CISA Iranian APT::0004,CISA Iranian APT
1781,attack_flow,43,0.001,100,0.2,attack_flow::CISA Iranian APT::0005,CISA Iranian APT
1782,attack_flow,43,0.001,100,0.2,attack_flow::CISA Iranian APT::0006,CISA Iranian APT
1783,attack_flow,43,0.001,100,0.2,attack_flow::CISA Iranian APT::0007,CISA Iranian APT
1784,attack_flow,43,0.001,100,0.2,attack_flow::CISA Iranian APT::0008,CISA Iranian APT
1785,attack_flow,43,0.001,100,0.2,attack_flow::CISA Iranian APT::0009,CISA Iranian APT
1786,attack_flow,43,0.001,100,0.2,attack_flow::CISA Iranian APT::0010,CISA Iranian APT
1787,attack_flow,43,0.001,100,0.2,attack_flow::CISA Iranian APT::0011,CISA Iranian APT
1788,attack_flow,43,0.001,100,0.2,attack_flow::CISA Iranian APT::0012,CISA Iranian APT
1789,attack_flow,43,0.001,100,0.2,attack_flow::CISA Iranian APT::0013,CISA Iranian APT
1790,attack_flow,43,0.001,100,0.2,attack_flow::CISA Iranian APT::0014,CISA Iranian APT
1791,attack_flow,43,0.001,100,0.2,attack_flow::CISA Iranian APT::0015,CISA Iranian APT
1792,attack_flow,43,0.001,100,0.2,attack_flow::CISA Iranian APT::0016,CISA Iranian APT
1793,attack_flow,43,0.001,100,0.2,attack_flow::CISA Iranian APT::0017,CISA Iranian APT
1794,attack_flow,43,0.001,100,0.2,attack_flow::CISA Iranian APT::0018,CISA Iranian APT
1795,attack_flow,43,0.001,100,0.2,attack_flow::CISA Iranian APT::0019,CISA Iranian APT
1796,attack_flow,43,0.001,100,0.2,attack_flow::CISA Iranian APT::0020,CISA Iranian APT
1797,attack_flow,43,0.001,100,0.2,attack_flow::CISA Iranian APT::0021,CISA Iranian APT
1798,attack_flow,43,0.001,100,0.2,attack_flow::Cobalt Kitty Campaign::0001,Cobalt Kitty Campaign
1799,attack_flow,43,0.001,100,0.2,attack_flow::Cobalt Kitty Campaign::0002,Cobalt Kitty Campaign
1800,attack_flow,43,0.001,100,0.2,attack_flow::Cobalt Kitty Campaign::0003,Cobalt Kitty Campaign
1801,attack_flow,43,0.001,100,0.2,attack_flow::Cobalt Kitty Campaign::0004,Cobalt Kitty Campaign
1802,attack_flow,43,0.001,100,0.2,attack_flow::Cobalt Kitty Campaign::0005,Cobalt Kitty Campaign
1803,attack_flow,43,0.001,100,0.2,attack_flow::Cobalt Kitty Campaign::0006,Cobalt Kitty Campaign
1804,attack_flow,43,0.001,100,0.2,attack_flow::Cobalt Kitty Campaign::0007,Cobalt Kitty Campaign
1805,attack_flow,43,0.001,100,0.2,attack_flow::Cobalt Kitty Campaign::0008,Cobalt Kitty Campaign
1806,attack_flow,43,0.001,100,0.2,attack_flow::Cobalt Kitty Campaign::0009,Cobalt Kitty Campaign
1807,attack_flow,43,0.001,100,0.2,attack_flow::Cobalt Kitty Campaign::0010,Cobalt Kitty Campaign
1808,attack_flow,43,0.001,100,0.2,attack_flow::Cobalt Kitty Campaign::0011,Cobalt Kitty Campaign
1809,attack_flow,43,0.001,100,0.2,attack_flow::Conti CISA Alert::0001,Conti CISA Alert
1810,attack_flow,43,0.001,100,0.2,attack_flow::Conti CISA Alert::0002,Conti CISA Alert
1811,attack_flow,43,0.001,100,0.2,attack_flow::Conti CISA Alert::0003,Conti CISA Alert
1812,attack_flow,43,0.001,100,0.2,attack_flow::Conti CISA Alert::0004,Conti CISA Alert
1813,attack_flow,43,0.001,100,0.2,attack_flow::Conti CISA Alert::0005,Conti CISA Alert
1814,attack_flow,43,0.001,100,0.2,attack_flow::Conti PWC::0001,Conti PWC
1815,attack_flow,43,0.001,100,0.2,attack_flow::Conti PWC::0002,Conti PWC
1816,attack_flow,43,0.001,100,0.2,attack_flow::Conti PWC::0003,Conti PWC
1817,attack_flow,43,0.001,100,0.2,attack_flow::Conti Ransomware::0001,Conti Ransomware
1818,attack_flow,43,0.001,100,0.2,attack_flow::Conti Ransomware::0002,Conti Ransomware
1819,attack_flow,43,0.001,100,0.2,attack_flow::Conti Ransomware::0003,Conti Ransomware
1820,attack_flow,43,0.001,100,0.2,attack_flow::Conti Ransomware::0004,Conti Ransomware
1821,attack_flow,43,0.001,100,0.2,attack_flow::Conti Ransomware::0005,Conti Ransomware
1822,attack_flow,43,0.001,100,0.2,attack_flow::Conti Ransomware::0006,Conti Ransomware
1823,attack_flow,43,0.001,100,0.2,attack_flow::Conti Ransomware::0007,Conti Ransomware
1824,attack_flow,43,0.001,100,0.2,attack_flow::Conti Ransomware::0008,Conti Ransomware
1825,attack_flow,43,0.001,100,0.2,attack_flow::Conti Ransomware::0009,Conti Ransomware
1826,attack_flow,43,0.001,100,0.2,attack_flow::Conti Ransomware::0010,Conti Ransomware
1827,attack_flow,43,0.001,100,0.2,attack_flow::Conti Ransomware::0011,Conti Ransomware
1828,attack_flow,43,0.001,100,0.2,attack_flow::Conti Ransomware::0012,Conti Ransomware
1829,attack_flow,43,0.001,100,0.2,attack_flow::Conti Ransomware::0014,Conti Ransomware
1830,attack_flow,43,0.001,100,0.2,attack_flow::Conti Ransomware::0015,Conti Ransomware
1831,attack_flow,43,0.001,100,0.2,attack_flow::DFIR - BumbleBee Round 2::0001,DFIR - BumbleBee Round 2
1832,attack_flow,43,0.001,100,0.2,attack_flow::DFIR - BumbleBee Round 2::0002,DFIR - BumbleBee Round 2
1833,attack_flow,43,0.001,100,0.2,attack_flow::DFIR - BumbleBee Round 2::0003,DFIR - BumbleBee Round 2
1834,attack_flow,43,0.001,100,0.2,attack_flow::DFIR - BumbleBee Round 2::0004,DFIR - BumbleBee Round 2
1835,attack_flow,43,0.001,100,0.2,attack_flow::DFIR - BumbleBee Round 2::0005,DFIR - BumbleBee Round 2
1836,attack_flow,43,0.001,100,0.2,attack_flow::DFIR - BumbleBee Round 2::0006,DFIR - BumbleBee Round 2
1837,attack_flow,43,0.001,100,0.2,attack_flow::DFIR - BumbleBee Round 2::0007,DFIR - BumbleBee Round 2
1838,attack_flow,43,0.001,100,0.2,attack_flow::DFIR - BumbleBee Round 2::0008,DFIR - BumbleBee Round 2
1839,attack_flow,43,0.001,100,0.2,attack_flow::DFIR - BumbleBee Round 2::0009,DFIR - BumbleBee Round 2
1840,attack_flow,43,0.001,100,0.2,attack_flow::DFIR - BumbleBee Round 2::0010,DFIR - BumbleBee Round 2
1841,attack_flow,43,0.001,100,0.2,attack_flow::DFIR - BumbleBee Round 2::0011,DFIR - BumbleBee Round 2
1842,attack_flow,43,0.001,100,0.2,attack_flow::DFIR - BumbleBee Round 2::0012,DFIR - BumbleBee Round 2
1843,attack_flow,43,0.001,100,0.2,attack_flow::Equifax Breach::0001,Equifax Breach
1844,attack_flow,43,0.001,100,0.2,attack_flow::Equifax Breach::0002,Equifax Breach
1845,attack_flow,43,0.001,100,0.2,attack_flow::Equifax Breach::0003,Equifax Breach
1846,attack_flow,43,0.001,100,0.2,attack_flow::Equifax Breach::0004,Equifax Breach
1847,attack_flow,43,0.001,100,0.2,attack_flow::Equifax Breach::0005,Equifax Breach
1848,attack_flow,43,0.001,100,0.2,attack_flow::Equifax Breach::0006,Equifax Breach
1849,attack_flow,43,0.001,100,0.2,attack_flow::Equifax Breach::0007,Equifax Breach
1850,attack_flow,43,0.001,100,0.2,attack_flow::Equifax Breach::0008,Equifax Breach
1851,attack_flow,43,0.001,100,0.2,attack_flow::FIN13 Case 1::0001,FIN13 Case 1
1852,attack_flow,43,0.001,100,0.2,attack_flow::FIN13 Case 1::0002,FIN13 Case 1
1853,attack_flow,43,0.001,100,0.2,attack_flow::FIN13 Case 1::0003,FIN13 Case 1
1854,attack_flow,43,0.001,100,0.2,attack_flow::FIN13 Case 1::0004,FIN13 Case 1
1855,attack_flow,43,0.001,100,0.2,attack_flow::FIN13 Case 1::0005,FIN13 Case 1
1856,attack_flow,43,0.001,100,0.2,attack_flow::FIN13 Case 1::0006,FIN13 Case 1
1857,attack_flow,43,0.001,100,0.2,attack_flow::FIN13 Case 1::0007,FIN13 Case 1
1858,attack_flow,43,0.001,100,0.2,attack_flow::FIN13 Case 1::0008,FIN13 Case 1
1859,attack_flow,43,0.001,100,0.2,attack_flow::FIN13 Case 1::0009,FIN13 Case 1
1860,attack_flow,43,0.001,100,0.2,attack_flow::FIN13 Case 1::0010,FIN13 Case 1
1861,attack_flow,43,0.001,100,0.2,attack_flow::FIN13 Case 1::0011,FIN13 Case 1
1862,attack_flow,43,0.001,100,0.2,attack_flow::FIN13 Case 1::0012,FIN13 Case 1
1863,attack_flow,43,0.001,100,0.2,attack_flow::FIN13 Case 1::0013,FIN13 Case 1
1864,attack_flow,43,0.001,100,0.2,attack_flow::FIN13 Case 1::0014,FIN13 Case 1
1865,attack_flow,43,0.001,100,0.2,attack_flow::FIN13 Case 1::0015,FIN13 Case 1
1866,attack_flow,43,0.001,100,0.2,attack_flow::FIN13 Case 1::0016,FIN13 Case 1
1867,attack_flow,43,0.001,100,0.2,attack_flow::FIN13 Case 1::0017,FIN13 Case 1
1868,attack_flow,43,0.001,100,0.2,attack_flow::FIN13 Case 1::0018,FIN13 Case 1
1869,attack_flow,43,0.001,100,0.2,attack_flow::FIN13 Case 1::0019,FIN13 Case 1
1870,attack_flow,43,0.001,100,0.2,attack_flow::FIN13 Case 1::0020,FIN13 Case 1
1871,attack_flow,43,0.001,100,0.2,attack_flow::FIN13 Case 1::0021,FIN13 Case 1
1872,attack_flow,43,0.001,100,0.2,attack_flow::FIN13 Case 1::0022,FIN13 Case 1
1873,attack_flow,43,0.001,100,0.2,attack_flow::FIN13 Case 1::0023,FIN13 Case 1
1874,attack_flow,43,0.001,100,0.2,attack_flow::FIN13 Case 1::0024,FIN13 Case 1
1875,attack_flow,43,0.001,100,0.2,attack_flow::FIN13 Case 1::0025,FIN13 Case 1
1876,attack_flow,43,0.001,100,0.2,attack_flow::FIN13 Case 1::0029,FIN13 Case 1
1877,attack_flow,43,0.001,100,0.2,attack_flow::FIN13 Case 1::0030,FIN13 Case 1
1878,attack_flow,43,0.001,100,0.2,attack_flow::FIN13 Case 1::0031,FIN13 Case 1
1879,attack_flow,43,0.001,100,0.2,attack_flow::FIN13 Case 2::0001,FIN13 Case 2
1880,attack_flow,43,0.001,100,0.2,attack_flow::FIN13 Case 2::0002,FIN13 Case 2
1881,attack_flow,43,0.001,100,0.2,attack_flow::FIN13 Case 2::0003,FIN13 Case 2
1882,attack_flow,43,0.001,100,0.2,attack_flow::FIN13 Case 2::0004,FIN13 Case 2
1883,attack_flow,43,0.001,100,0.2,attack_flow::FIN13 Case 2::0005,FIN13 Case 2
1884,attack_flow,43,0.001,100,0.2,attack_flow::FIN13 Case 2::0007,FIN13 Case 2
1885,attack_flow,43,0.001,100,0.2,attack_flow::FIN13 Case 2::0008,FIN13 Case 2
1886,attack_flow,43,0.001,100,0.2,attack_flow::FIN13 Case 2::0009,FIN13 Case 2
1887,attack_flow,43,0.001,100,0.2,attack_flow::FIN13 Case 2::0010,FIN13 Case 2
1888,attack_flow,43,0.001,100,0.2,attack_flow::FIN13 Case 2::0011,FIN13 Case 2
1889,attack_flow,43,0.001,100,0.2,attack_flow::FIN13 Case 2::0012,FIN13 Case 2
1890,attack_flow,43,0.001,100,0.2,attack_flow::FIN13 Case 2::0013,FIN13 Case 2
1891,attack_flow,43,0.001,100,0.2,attack_flow::FIN13 Case 2::0014,FIN13 Case 2
1892,attack_flow,43,0.001,100,0.2,attack_flow::Gootloader::0001,Gootloader
1893,attack_flow,43,0.001,100,0.2,attack_flow::Gootloader::0002,Gootloader
1894,attack_flow,43,0.001,100,0.2,attack_flow::Gootloader::0003,Gootloader
1895,attack_flow,43,0.001,100,0.2,attack_flow::Gootloader::0005,Gootloader
1896,attack_flow,43,0.001,100,0.2,attack_flow::Gootloader::0006,Gootloader
1897,attack_flow,43,0.001,100,0.2,attack_flow::Gootloader::0007,Gootloader
1898,attack_flow,43,0.001,100,0.2,attack_flow::Gootloader::0008,Gootloader
1899,attack_flow,43,0.001,100,0.2,attack_flow::Gootloader::0009,Gootloader
1900,attack_flow,43,0.001,100,0.2,attack_flow::Gootloader::0010,Gootloader
1901,attack_flow,43,0.001,100,0.2,attack_flow::Gootloader::0011,Gootloader
1902,attack_flow,43,0.001,100,0.2,attack_flow::Gootloader::0012,Gootloader
1903,attack_flow,43,0.001,100,0.2,attack_flow::Gootloader::0013,Gootloader
1904,attack_flow,43,0.001,100,0.2,attack_flow::Gootloader::0014,Gootloader
1905,attack_flow,43,0.001,100,0.2,attack_flow::Gootloader::0015,Gootloader
1906,attack_flow,43,0.001,100,0.2,attack_flow::Gootloader::0016,Gootloader
1907,attack_flow,43,0.001,100,0.2,attack_flow::Gootloader::0017,Gootloader
1908,attack_flow,43,0.001,100,0.2,attack_flow::Gootloader::0018,Gootloader
1909,attack_flow,43,0.001,100,0.2,attack_flow::Gootloader::0019,Gootloader
1910,attack_flow,43,0.001,100,0.2,attack_flow::Gootloader::0020,Gootloader
1911,attack_flow,43,0.001,100,0.2,attack_flow::Gootloader::0021,Gootloader
1912,attack_flow,43,0.001,100,0.2,attack_flow::Gootloader::0022,Gootloader
1913,attack_flow,43,0.001,100,0.2,attack_flow::Gootloader::0023,Gootloader
1914,attack_flow,43,0.001,100,0.2,attack_flow::Gootloader::0024,Gootloader
1915,attack_flow,43,0.001,100,0.2,attack_flow::Gootloader::0025,Gootloader
1916,attack_flow,43,0.001,100,0.2,attack_flow::Gootloader::0026,Gootloader
1917,attack_flow,43,0.001,100,0.2,attack_flow::Gootloader::0027,Gootloader
1918,attack_flow,43,0.001,100,0.2,attack_flow::Gootloader::0028,Gootloader
1919,attack_flow,43,0.001,100,0.2,attack_flow::Gootloader::0029,Gootloader
1920,attack_flow,43,0.001,100,0.2,attack_flow::Hancitor DLL::0001,Hancitor DLL
1921,attack_flow,43,0.001,100,0.2,attack_flow::Hancitor DLL::0002,Hancitor DLL
1922,attack_flow,43,0.001,100,0.2,attack_flow::Hancitor DLL::0003,Hancitor DLL
1923,attack_flow,43,0.001,100,0.2,attack_flow::Hancitor DLL::0004,Hancitor DLL
1924,attack_flow,43,0.001,100,0.2,attack_flow::Hancitor DLL::0005,Hancitor DLL
1925,attack_flow,43,0.001,100,0.2,attack_flow::Hancitor DLL::0006,Hancitor DLL
1926,attack_flow,43,0.001,100,0.2,attack_flow::Hancitor DLL::0007,Hancitor DLL
1927,attack_flow,43,0.001,100,0.2,attack_flow::Hancitor DLL::0008,Hancitor DLL
1928,attack_flow,43,0.001,100,0.2,attack_flow::Hancitor DLL::0010,Hancitor DLL
1929,attack_flow,43,0.001,100,0.2,attack_flow::Hancitor DLL::0011,Hancitor DLL
1930,attack_flow,43,0.001,100,0.2,attack_flow::Hancitor DLL::0012,Hancitor DLL
1931,attack_flow,43,0.001,100,0.2,attack_flow::Hancitor DLL::0013,Hancitor DLL
1932,attack_flow,43,0.001,100,0.2,attack_flow::Hancitor DLL::0014,Hancitor DLL
1933,attack_flow,43,0.001,100,0.2,attack_flow::Hancitor DLL::0015,Hancitor DLL
1934,attack_flow,43,0.001,100,0.2,attack_flow::Hancitor DLL::0016,Hancitor DLL
1935,attack_flow,43,0.001,100,0.2,attack_flow::Hancitor DLL::0017,Hancitor DLL
1936,attack_flow,43,0.001,100,0.2,attack_flow::Hancitor DLL::0018,Hancitor DLL
1937,attack_flow,43,0.001,100,0.2,attack_flow::Hancitor DLL::0019,Hancitor DLL
1938,attack_flow,43,0.001,100,0.2,attack_flow::Ivanti Vulnerabilities::0001,Ivanti Vulnerabilities
1939,attack_flow,43,0.001,100,0.2,attack_flow::Ivanti Vulnerabilities::0002,Ivanti Vulnerabilities
1940,attack_flow,43,0.001,100,0.2,attack_flow::Ivanti Vulnerabilities::0003,Ivanti Vulnerabilities
1941,attack_flow,43,0.001,100,0.2,attack_flow::Ivanti Vulnerabilities::0004,Ivanti Vulnerabilities
1942,attack_flow,43,0.001,100,0.2,attack_flow::Ivanti Vulnerabilities::0005,Ivanti Vulnerabilities
1943,attack_flow,43,0.001,100,0.2,attack_flow::JP Morgan Breach::0001,JP Morgan Breach
1944,attack_flow,43,0.001,100,0.2,attack_flow::JP Morgan Breach::0002,JP Morgan Breach
1945,attack_flow,43,0.001,100,0.2,attack_flow::JP Morgan Breach::0003,JP Morgan Breach
1946,attack_flow,43,0.001,100,0.2,attack_flow::JP Morgan Breach::0004,JP Morgan Breach
1947,attack_flow,43,0.001,100,0.2,attack_flow::JP Morgan Breach::0005,JP Morgan Breach
1948,attack_flow,43,0.001,100,0.2,attack_flow::JP Morgan Breach::0006,JP Morgan Breach
1949,attack_flow,43,0.001,100,0.2,attack_flow::JP Morgan Breach::0008,JP Morgan Breach
1950,attack_flow,43,0.001,100,0.2,attack_flow::JP Morgan Breach::0009,JP Morgan Breach
1951,attack_flow,43,0.001,100,0.2,attack_flow::MITRE NERVE::0001,MITRE NERVE
1952,attack_flow,43,0.001,100,0.2,attack_flow::MITRE NERVE::0002,MITRE NERVE
1953,attack_flow,43,0.001,100,0.2,attack_flow::MITRE NERVE::0003,MITRE NERVE
1954,attack_flow,43,0.001,100,0.2,attack_flow::MITRE NERVE::0004,MITRE NERVE
1955,attack_flow,43,0.001,100,0.2,attack_flow::MITRE NERVE::0005,MITRE NERVE
1956,attack_flow,43,0.001,100,0.2,attack_flow::MITRE NERVE::0006,MITRE NERVE
1957,attack_flow,43,0.001,100,0.2,attack_flow::MITRE NERVE::0007,MITRE NERVE
1958,attack_flow,43,0.001,100,0.2,attack_flow::Maastricht University Ransomware::0001,Maastricht University Ransomware
1959,attack_flow,43,0.001,100,0.2,attack_flow::Maastricht University Ransomware::0003,Maastricht University Ransomware
1960,attack_flow,43,0.001,100,0.2,attack_flow::Maastricht University Ransomware::0004,Maastricht University Ransomware
1961,attack_flow,43,0.001,100,0.2,attack_flow::Maastricht University Ransomware::0005,Maastricht University Ransomware
1962,attack_flow,43,0.001,100,0.2,attack_flow::Maastricht University Ransomware::0006,Maastricht University Ransomware
1963,attack_flow,43,0.001,100,0.2,attack_flow::Maastricht University Ransomware::0007,Maastricht University Ransomware
1964,attack_flow,43,0.001,100,0.2,attack_flow::Maastricht University Ransomware::0008,Maastricht University Ransomware
1965,attack_flow,43,0.001,100,0.2,attack_flow::Maastricht University Ransomware::0009,Maastricht University Ransomware
1966,attack_flow,43,0.001,100,0.2,attack_flow::Maastricht University Ransomware::0010,Maastricht University Ransomware
1967,attack_flow,43,0.001,100,0.2,attack_flow::Maastricht University Ransomware::0011,Maastricht University Ransomware
1968,attack_flow,43,0.001,100,0.2,attack_flow::Mac Malware Steals Crypto::0001,Mac Malware Steals Crypto
1969,attack_flow,43,0.001,100,0.2,attack_flow::Mac Malware Steals Crypto::0002,Mac Malware Steals Crypto
1970,attack_flow,43,0.001,100,0.2,attack_flow::Mac Malware Steals Crypto::0004,Mac Malware Steals Crypto
1971,attack_flow,43,0.001,100,0.2,attack_flow::Marriott Breach::0001,Marriott Breach
1972,attack_flow,43,0.001,100,0.2,attack_flow::Marriott Breach::0002,Marriott Breach
1973,attack_flow,43,0.001,100,0.2,attack_flow::Marriott Breach::0003,Marriott Breach
1974,attack_flow,43,0.001,100,0.2,attack_flow::Marriott Breach::0004,Marriott Breach
1975,attack_flow,43,0.001,100,0.2,attack_flow::Muddy Water::0001,Muddy Water
1976,attack_flow,43,0.001,100,0.2,attack_flow::Muddy Water::0002,Muddy Water
1977,attack_flow,43,0.001,100,0.2,attack_flow::Muddy Water::0003,Muddy Water
1978,attack_flow,43,0.001,100,0.2,attack_flow::Muddy Water::0004,Muddy Water
1979,attack_flow,43,0.001,100,0.2,attack_flow::Muddy Water::0005,Muddy Water
1980,attack_flow,43,0.001,100,0.2,attack_flow::Muddy Water::0006,Muddy Water
1981,attack_flow,43,0.001,100,0.2,attack_flow::Muddy Water::0008,Muddy Water
1982,attack_flow,43,0.001,100,0.2,attack_flow::Muddy Water::0009,Muddy Water
1983,attack_flow,43,0.001,100,0.2,attack_flow::NotPetya::0001,NotPetya
1984,attack_flow,43,0.001,100,0.2,attack_flow::NotPetya::0002,NotPetya
1985,attack_flow,43,0.001,100,0.2,attack_flow::NotPetya::0003,NotPetya
1986,attack_flow,43,0.001,100,0.2,attack_flow::NotPetya::0004,NotPetya
1987,attack_flow,43,0.001,100,0.2,attack_flow::NotPetya::0008,NotPetya
1988,attack_flow,43,0.001,100,0.2,attack_flow::NotPetya::0009,NotPetya
1989,attack_flow,43,0.001,100,0.2,attack_flow::NotPetya::0010,NotPetya
1990,attack_flow,43,0.001,100,0.2,attack_flow::NotPetya::0011,NotPetya
1991,attack_flow,43,0.001,100,0.2,attack_flow::NotPetya::0012,NotPetya
1992,attack_flow,43,0.001,100,0.2,attack_flow::NotPetya::0013,NotPetya
1993,attack_flow,43,0.001,100,0.2,attack_flow::NotPetya::0014,NotPetya
1994,attack_flow,43,0.001,100,0.2,attack_flow::NotPetya::0015,NotPetya
1995,attack_flow,43,0.001,100,0.2,attack_flow::NotPetya::0016,NotPetya
1996,attack_flow,43,0.001,100,0.2,attack_flow::OceanLotus::0001,OceanLotus
1997,attack_flow,43,0.001,100,0.2,attack_flow::OceanLotus::0002,OceanLotus
1998,attack_flow,43,0.001,100,0.2,attack_flow::OceanLotus::0003,OceanLotus
1999,attack_flow,43,0.001,100,0.2,attack_flow::OceanLotus::0004,OceanLotus
2000,attack_flow,43,0.001,100,0.2,attack_flow::OceanLotus::0005,OceanLotus
2001,attack_flow,43,0.001,100,0.2,attack_flow::OceanLotus::0006,OceanLotus
2002,attack_flow,43,0.001,100,0.2,attack_flow::OceanLotus::0007,OceanLotus
2003,attack_flow,43,0.001,100,0.2,attack_flow::OceanLotus::0008,OceanLotus
2004,attack_flow,43,0.001,100,0.2,attack_flow::OceanLotus::0009,OceanLotus
2005,attack_flow,43,0.001,100,0.2,attack_flow::OceanLotus::0010,OceanLotus
2006,attack_flow,43,0.001,100,0.2,attack_flow::OceanLotus::0011,OceanLotus
2007,attack_flow,43,0.001,100,0.2,attack_flow::OceanLotus::0012,OceanLotus
2008,attack_flow,43,0.001,100,0.2,attack_flow::OceanLotus::0013,OceanLotus
2009,attack_flow,43,0.001,100,0.2,attack_flow::OceanLotus::0014,OceanLotus
2010,attack_flow,43,0.001,100,0.2,attack_flow::OceanLotus::0015,OceanLotus
2011,attack_flow,43,0.001,100,0.2,attack_flow::OceanLotus::0016,OceanLotus
2012,attack_flow,43,0.001,100,0.2,attack_flow::OceanLotus::0017,OceanLotus
2013,attack_flow,43,0.001,100,0.2,attack_flow::OceanLotus::0018,OceanLotus
2014,attack_flow,43,0.001,100,0.2,attack_flow::OceanLotus::0019,OceanLotus
2015,attack_flow,43,0.001,100,0.2,attack_flow::OceanLotus::0020,OceanLotus
2016,attack_flow,43,0.001,100,0.2,attack_flow::REvil::0001,REvil
2017,attack_flow,43,0.001,100,0.2,attack_flow::REvil::0002,REvil
2018,attack_flow,43,0.001,100,0.2,attack_flow::REvil::0003,REvil
2019,attack_flow,43,0.001,100,0.2,attack_flow::REvil::0004,REvil
2020,attack_flow,43,0.001,100,0.2,attack_flow::REvil::0005,REvil
2021,attack_flow,43,0.001,100,0.2,attack_flow::REvil::0006,REvil
2022,attack_flow,43,0.001,100,0.2,attack_flow::REvil::0007,REvil
2023,attack_flow,43,0.001,100,0.2,attack_flow::REvil::0008,REvil
2024,attack_flow,43,0.001,100,0.2,attack_flow::REvil::0009,REvil
2025,attack_flow,43,0.001,100,0.2,attack_flow::REvil::0010,REvil
2026,attack_flow,43,0.001,100,0.2,attack_flow::REvil::0011,REvil
2027,attack_flow,43,0.001,100,0.2,attack_flow::REvil::0012,REvil
2028,attack_flow,43,0.001,100,0.2,attack_flow::REvil::0013,REvil
2029,attack_flow,43,0.001,100,0.2,attack_flow::REvil::0014,REvil
2030,attack_flow,43,0.001,100,0.2,attack_flow::REvil::0015,REvil
2031,attack_flow,43,0.001,100,0.2,attack_flow::REvil::0016,REvil
2032,attack_flow,43,0.001,100,0.2,attack_flow::REvil::0017,REvil
2033,attack_flow,43,0.001,100,0.2,attack_flow::REvil::0018,REvil
2034,attack_flow,43,0.001,100,0.2,attack_flow::Ragnar Locker::0001,Ragnar Locker
2035,attack_flow,43,0.001,100,0.2,attack_flow::Ragnar Locker::0002,Ragnar Locker
2036,attack_flow,43,0.001,100,0.2,attack_flow::Ragnar Locker::0003,Ragnar Locker
2037,attack_flow,43,0.001,100,0.2,attack_flow::Ragnar Locker::0004,Ragnar Locker
2038,attack_flow,43,0.001,100,0.2,attack_flow::Ragnar Locker::0005,Ragnar Locker
2039,attack_flow,43,0.001,100,0.2,attack_flow::Ragnar Locker::0006,Ragnar Locker
2040,attack_flow,43,0.001,100,0.2,attack_flow::Ragnar Locker::0007,Ragnar Locker
2041,attack_flow,43,0.001,100,0.2,attack_flow::Ragnar Locker::0008,Ragnar Locker
2042,attack_flow,43,0.001,100,0.2,attack_flow::Ragnar Locker::0009,Ragnar Locker
2043,attack_flow,43,0.001,100,0.2,attack_flow::Ragnar Locker::0010,Ragnar Locker
2044,attack_flow,43,0.001,100,0.2,attack_flow::Ragnar Locker::0011,Ragnar Locker
2045,attack_flow,43,0.001,100,0.2,attack_flow::Ragnar Locker::0012,Ragnar Locker
2046,attack_flow,43,0.001,100,0.2,attack_flow::SWIFT Heist::0001,SWIFT Heist
2047,attack_flow,43,0.001,100,0.2,attack_flow::SWIFT Heist::0002,SWIFT Heist
2048,attack_flow,43,0.001,100,0.2,attack_flow::SWIFT Heist::0003,SWIFT Heist
2049,attack_flow,43,0.001,100,0.2,attack_flow::SWIFT Heist::0004,SWIFT Heist
2050,attack_flow,43,0.001,100,0.2,attack_flow::SearchAwesome Adware::0001,SearchAwesome Adware
2051,attack_flow,43,0.001,100,0.2,attack_flow::SearchAwesome Adware::0002,SearchAwesome Adware
2052,attack_flow,43,0.001,100,0.2,attack_flow::SearchAwesome Adware::0003,SearchAwesome Adware
2053,attack_flow,43,0.001,100,0.2,attack_flow::SearchAwesome Adware::0004,SearchAwesome Adware
2054,attack_flow,43,0.001,100,0.2,attack_flow::SearchAwesome Adware::0005,SearchAwesome Adware
2055,attack_flow,43,0.001,100,0.2,attack_flow::SearchAwesome Adware::0006,SearchAwesome Adware
2056,attack_flow,43,0.001,100,0.2,attack_flow::SearchAwesome Adware::0007,SearchAwesome Adware
2057,attack_flow,43,0.001,100,0.2,attack_flow::SearchAwesome Adware::0008,SearchAwesome Adware
2058,attack_flow,43,0.001,100,0.2,attack_flow::SearchAwesome Adware::0009,SearchAwesome Adware
2059,attack_flow,43,0.001,100,0.2,attack_flow::SearchAwesome Adware::0010,SearchAwesome Adware
2060,attack_flow,43,0.001,100,0.2,attack_flow::Shamoon::0001,Shamoon
2061,attack_flow,43,0.001,100,0.2,attack_flow::Shamoon::0002,Shamoon
2062,attack_flow,43,0.001,100,0.2,attack_flow::Shamoon::0003,Shamoon
2063,attack_flow,43,0.001,100,0.2,attack_flow::Shamoon::0004,Shamoon
2064,attack_flow,43,0.001,100,0.2,attack_flow::Shamoon::0005,Shamoon
2065,attack_flow,43,0.001,100,0.2,attack_flow::Shamoon::0006,Shamoon
2066,attack_flow,43,0.001,100,0.2,attack_flow::Shamoon::0007,Shamoon
2067,attack_flow,43,0.001,100,0.2,attack_flow::Shamoon::0008,Shamoon
2068,attack_flow,43,0.001,100,0.2,attack_flow::Shamoon::0009,Shamoon
2069,attack_flow,43,0.001,100,0.2,attack_flow::Shamoon::0010,Shamoon
2070,attack_flow,43,0.001,100,0.2,attack_flow::Shamoon::0011,Shamoon
2071,attack_flow,43,0.001,100,0.2,attack_flow::Shamoon::0012,Shamoon
2072,attack_flow,43,0.001,100,0.2,attack_flow::Shamoon::0013,Shamoon
2073,attack_flow,43,0.001,100,0.2,attack_flow::Shamoon::0014,Shamoon
2074,attack_flow,43,0.001,100,0.2,attack_flow::Shamoon::0015,Shamoon
2075,attack_flow,43,0.001,100,0.2,attack_flow::Shamoon::0016,Shamoon
2076,attack_flow,43,0.001,100,0.2,attack_flow::Shamoon::0017,Shamoon
2077,attack_flow,43,0.001,100,0.2,attack_flow::Shamoon::0018,Shamoon
2078,attack_flow,43,0.001,100,0.2,attack_flow::SolarWinds::0001,SolarWinds
2079,attack_flow,43,0.001,100,0.2,attack_flow::SolarWinds::0002,SolarWinds
2080,attack_flow,43,0.001,100,0.2,attack_flow::SolarWinds::0003,SolarWinds
2081,attack_flow,43,0.001,100,0.2,attack_flow::SolarWinds::0004,SolarWinds
2082,attack_flow,43,0.001,100,0.2,attack_flow::SolarWinds::0005,SolarWinds
2083,attack_flow,43,0.001,100,0.2,attack_flow::SolarWinds::0006,SolarWinds
2084,attack_flow,43,0.001,100,0.2,attack_flow::SolarWinds::0007,SolarWinds
2085,attack_flow,43,0.001,100,0.2,attack_flow::SolarWinds::0008,SolarWinds
2086,attack_flow,43,0.001,100,0.2,attack_flow::SolarWinds::0009,SolarWinds
2087,attack_flow,43,0.001,100,0.2,attack_flow::SolarWinds::0010,SolarWinds
2088,attack_flow,43,0.001,100,0.2,attack_flow::SolarWinds::0011,SolarWinds
2089,attack_flow,43,0.001,100,0.2,attack_flow::SolarWinds::0012,SolarWinds
2090,attack_flow,43,0.001,100,0.2,attack_flow::SolarWinds::0013,SolarWinds
2091,attack_flow,43,0.001,100,0.2,attack_flow::SolarWinds::0014,SolarWinds
2092,attack_flow,43,0.001,100,0.2,attack_flow::SolarWinds::0015,SolarWinds
2093,attack_flow,43,0.001,100,0.2,attack_flow::SolarWinds::0016,SolarWinds
2094,attack_flow,43,0.001,100,0.2,attack_flow::Sony Malware::0001,Sony Malware
2095,attack_flow,43,0.001,100,0.2,attack_flow::Sony Malware::0002,Sony Malware
2096,attack_flow,43,0.001,100,0.2,attack_flow::Sony Malware::0003,Sony Malware
2097,attack_flow,43,0.001,100,0.2,attack_flow::Sony Malware::0004,Sony Malware
2098,attack_flow,43,0.001,100,0.2,attack_flow::Sony Malware::0005,Sony Malware
2099,attack_flow,43,0.001,100,0.2,attack_flow::Sony Malware::0006,Sony Malware
2100,attack_flow,43,0.001,100,0.2,attack_flow::Sony Malware::0007,Sony Malware
2101,attack_flow,43,0.001,100,0.2,attack_flow::Sony Malware::0008,Sony Malware
2102,attack_flow,43,0.001,100,0.2,attack_flow::Sony Malware::0009,Sony Malware
2103,attack_flow,43,0.001,100,0.2,attack_flow::Sony Malware::0010,Sony Malware
2104,attack_flow,43,0.001,100,0.2,attack_flow::Sony Malware::0011,Sony Malware
2105,attack_flow,43,0.001,100,0.2,attack_flow::Sony Malware::0012,Sony Malware
2106,attack_flow,43,0.001,100,0.2,attack_flow::Target Breach::0001,Target Breach
2107,attack_flow,43,0.001,100,0.2,attack_flow::Target Breach::0002,Target Breach
2108,attack_flow,43,0.001,100,0.2,attack_flow::Target Breach::0003,Target Breach
2109,attack_flow,43,0.001,100,0.2,attack_flow::Target Breach::0004,Target Breach
2110,attack_flow,43,0.001,100,0.2,attack_flow::Target Breach::0008,Target Breach
2111,attack_flow,43,0.001,100,0.2,attack_flow::Target Breach::0009,Target Breach
2112,attack_flow,43,0.001,100,0.2,attack_flow::Target Breach::0010,Target Breach
2113,attack_flow,43,0.001,100,0.2,attack_flow::Target Breach::0011,Target Breach
2114,attack_flow,43,0.001,100,0.2,attack_flow::Tesla Kubernetes Breach::0001,Tesla Kubernetes Breach
2115,attack_flow,43,0.001,100,0.2,attack_flow::Tesla Kubernetes Breach::0002,Tesla Kubernetes Breach
2116,attack_flow,43,0.001,100,0.2,attack_flow::Tesla Kubernetes Breach::0003,Tesla Kubernetes Breach
2117,attack_flow,43,0.001,100,0.2,attack_flow::Uber Breach::0001,Uber Breach
2118,attack_flow,43,0.001,100,0.2,attack_flow::Uber Breach::0002,Uber Breach
2119,attack_flow,43,0.001,100,0.2,attack_flow::Uber Breach::0003,Uber Breach
2120,attack_flow,43,0.001,100,0.2,attack_flow::Uber Breach::0004,Uber Breach
2121,attack_flow,43,0.001,100,0.2,attack_flow::Uber Breach::0005,Uber Breach
2122,attack_flow,43,0.001,100,0.2,attack_flow::Uber Breach::0006,Uber Breach
2123,attack_flow,43,0.001,100,0.2,attack_flow::WhisperGate::0001,WhisperGate
2124,attack_flow,43,0.001,100,0.2,attack_flow::WhisperGate::0002,WhisperGate
2125,attack_flow,43,0.001,100,0.2,attack_flow::WhisperGate::0003,WhisperGate
2126,attack_flow,43,0.001,100,0.2,attack_flow::WhisperGate::0004,WhisperGate
2127,attack_flow,43,0.001,100,0.2,attack_flow::WhisperGate::0005,WhisperGate
2128,attack_flow,43,0.001,100,0.2,attack_flow::WhisperGate::0006,WhisperGate
2129,attack_flow,43,0.001,100,0.2,attack_flow::WhisperGate::0007,WhisperGate
2130,attack_flow,43,0.001,100,0.2,attack_flow::WhisperGate::0008,WhisperGate
2131,attack_flow,43,0.001,100,0.2,attack_flow::WhisperGate::0009,WhisperGate
2132,attack_flow,43,0.001,100,0.2,attack_flow::WhisperGate::0010,WhisperGate
2133,attack_flow,43,0.001,100,0.2,attack_flow::WhisperGate::0011,WhisperGate
2134,attack_flow,43,0.001,100,0.2,attack_flow::WhisperGate::0013,WhisperGate
2135,attack_flow,43,0.001,100,0.2,attack_flow::WhisperGate::0014,WhisperGate
2136,attack_flow,43,0.001,100,0.2,attack_flow::WhisperGate::0015,WhisperGate
2137,attack_flow,43,0.001,100,0.2,attack_flow::WhisperGate::0016,WhisperGate
2138,attack_flow,43,0.001,100,0.2,attack_flow::WhisperGate::0017,WhisperGate
2139,attack_flow,44,0.001,100,0.2,attack_flow::Black Basta Ransomware::0001,Black Basta Ransomware
2140,attack_flow,44,0.001,100,0.2,attack_flow::Black Basta Ransomware::0002,Black Basta Ransomware
2141,attack_flow,44,0.001,100,0.2,attack_flow::Black Basta Ransomware::0003,Black Basta Ransomware
2142,attack_flow,44,0.001,100,0.2,attack_flow::Black Basta Ransomware::0004,Black Basta Ransomware
2143,attack_flow,44,0.001,100,0.2,attack_flow::Black Basta Ransomware::0005,Black Basta Ransomware
2144,attack_flow,44,0.001,100,0.2,attack_flow::Black Basta Ransomware::0006,Black Basta Ransomware
2145,attack_flow,44,0.001,100,0.2,attack_flow::Black Basta Ransomware::0007,Black Basta Ransomware
2146,attack_flow,44,0.001,100,0.2,attack_flow::Black Basta Ransomware::0008,Black Basta Ransomware
2147,attack_flow,44,0.001,100,0.2,attack_flow::Black Basta Ransomware::0009,Black Basta Ransomware
2148,attack_flow,44,0.001,100,0.2,attack_flow::Black Basta Ransomware::0010,Black Basta Ransomware
2149,attack_flow,44,0.001,100,0.2,attack_flow::Black Basta Ransomware::0011,Black Basta Ransomware
2150,attack_flow,44,0.001,100,0.2,attack_flow::Black Basta Ransomware::0012,Black Basta Ransomware
2151,attack_flow,44,0.001,100,0.2,attack_flow::Black Basta Ransomware::0013,Black Basta Ransomware
2152,attack_flow,44,0.001,100,0.2,attack_flow::Black Basta Ransomware::0014,Black Basta Ransomware
2153,attack_flow,44,0.001,100,0.2,attack_flow::Black Basta Ransomware::0015,Black Basta Ransomware
2154,attack_flow,44,0.001,100,0.2,attack_flow::Black Basta Ransomware::0016,Black Basta Ransomware
2155,attack_flow,44,0.001,100,0.2,attack_flow::Black Basta Ransomware::0017,Black Basta Ransomware
2156,attack_flow,44,0.001,100,0.2,attack_flow::Black Basta Ransomware::0018,Black Basta Ransomware
2157,attack_flow,44,0.001,100,0.2,attack_flow::Black Basta Ransomware::0019,Black Basta Ransomware
2158,attack_flow,44,0.001,100,0.2,attack_flow::Black Basta Ransomware::0020,Black Basta Ransomware
2159,attack_flow,44,0.001,100,0.2,attack_flow::Black Basta Ransomware::0021,Black Basta Ransomware
2160,attack_flow,44,0.001,100,0.2,attack_flow::Black Basta Ransomware::0022,Black Basta Ransomware
2161,attack_flow,44,0.001,100,0.2,attack_flow::Black Basta Ransomware::0023,Black Basta Ransomware
2162,attack_flow,44,0.001,100,0.2,attack_flow::Black Basta Ransomware::0024,Black Basta Ransomware
2163,attack_flow,44,0.001,100,0.2,attack_flow::CISA AA22-138B VMWare Workspace (Alt)::0001,CISA AA22-138B VMWare Workspace (Alt)
2164,attack_flow,44,0.001,100,0.2,attack_flow::CISA AA22-138B VMWare Workspace (Alt)::0002,CISA AA22-138B VMWare Workspace (Alt)
2165,attack_flow,44,0.001,100,0.2,attack_flow::CISA AA22-138B VMWare Workspace (Alt)::0003,CISA AA22-138B VMWare Workspace (Alt)
2166,attack_flow,44,0.001,100,0.2,attack_flow::CISA AA22-138B VMWare Workspace (Alt)::0004,CISA AA22-138B VMWare Workspace (Alt)
2167,attack_flow,44,0.001,100,0.2,attack_flow::CISA AA22-138B VMWare Workspace (Alt)::0005,CISA AA22-138B VMWare Workspace (Alt)
2168,attack_flow,44,0.001,100,0.2,attack_flow::CISA AA22-138B VMWare Workspace (Alt)::0006,CISA AA22-138B VMWare Workspace (Alt)
2169,attack_flow,44,0.001,100,0.2,attack_flow::CISA AA22-138B VMWare Workspace (Alt)::0007,CISA AA22-138B VMWare Workspace (Alt)
2170,attack_flow,44,0.001,100,0.2,attack_flow::CISA AA22-138B VMWare Workspace (Alt)::0008,CISA AA22-138B VMWare Workspace (Alt)
2171,attack_flow,44,0.001,100,0.2,attack_flow::CISA AA22-138B VMWare Workspace (TA1)::0001,CISA AA22-138B VMWare Workspace (TA1)
2172,attack_flow,44,0.001,100,0.2,attack_flow::CISA AA22-138B VMWare Workspace (TA1)::0002,CISA AA22-138B VMWare Workspace (TA1)
2173,attack_flow,44,0.001,100,0.2,attack_flow::CISA AA22-138B VMWare Workspace (TA1)::0003,CISA AA22-138B VMWare Workspace (TA1)
2174,attack_flow,44,0.001,100,0.2,attack_flow::CISA AA22-138B VMWare Workspace (TA1)::0004,CISA AA22-138B VMWare Workspace (TA1)
2175,attack_flow,44,0.001,100,0.2,attack_flow::CISA AA22-138B VMWare Workspace (TA1)::0005,CISA AA22-138B VMWare Workspace (TA1)
2176,attack_flow,44,0.001,100,0.2,attack_flow::CISA AA22-138B VMWare Workspace (TA1)::0006,CISA AA22-138B VMWare Workspace (TA1)
2177,attack_flow,44,0.001,100,0.2,attack_flow::CISA AA22-138B VMWare Workspace (TA1)::0007,CISA AA22-138B VMWare Workspace (TA1)
2178,attack_flow,44,0.001,100,0.2,attack_flow::CISA AA22-138B VMWare Workspace (TA1)::0008,CISA AA22-138B VMWare Workspace (TA1)
2179,attack_flow,44,0.001,100,0.2,attack_flow::CISA AA22-138B VMWare Workspace (TA2)::0001,CISA AA22-138B VMWare Workspace (TA2)
2180,attack_flow,44,0.001,100,0.2,attack_flow::CISA AA22-138B VMWare Workspace (TA2)::0002,CISA AA22-138B VMWare Workspace (TA2)
2181,attack_flow,44,0.001,100,0.2,attack_flow::CISA AA22-138B VMWare Workspace (TA2)::0003,CISA AA22-138B VMWare Workspace (TA2)
2182,attack_flow,44,0.001,100,0.2,attack_flow::CISA AA22-138B VMWare Workspace (TA2)::0004,CISA AA22-138B VMWare Workspace (TA2)
2183,attack_flow,44,0.001,100,0.2,attack_flow::CISA AA22-138B VMWare Workspace (TA2)::0005,CISA AA22-138B VMWare Workspace (TA2)
2184,attack_flow,44,0.001,100,0.2,attack_flow::CISA AA22-138B VMWare Workspace (TA2)::0006,CISA AA22-138B VMWare Workspace (TA2)
2185,attack_flow,44,0.001,100,0.2,attack_flow::CISA AA22-138B VMWare Workspace (TA2)::0007,CISA AA22-138B VMWare Workspace (TA2)
2186,attack_flow,44,0.001,100,0.2,attack_flow::CISA AA22-138B VMWare Workspace (TA2)::0008,CISA AA22-138B VMWare Workspace (TA2)
2187,attack_flow,44,0.001,100,0.2,attack_flow::CISA AA22-138B VMWare Workspace (TA2)::0009,CISA AA22-138B VMWare Workspace (TA2)
2188,attack_flow,44,0.001,100,0.2,attack_flow::CISA AA22-138B VMWare Workspace (TA2)::0010,CISA AA22-138B VMWare Workspace (TA2)
2189,attack_flow,44,0.001,100,0.2,attack_flow::CISA Iranian APT::0001,CISA Iranian APT
2190,attack_flow,44,0.001,100,0.2,attack_flow::CISA Iranian APT::0002,CISA Iranian APT
2191,attack_flow,44,0.001,100,0.2,attack_flow::CISA Iranian APT::0003,CISA Iranian APT
2192,attack_flow,44,0.001,100,0.2,attack_flow::CISA Iranian APT::0004,CISA Iranian APT
2193,attack_flow,44,0.001,100,0.2,attack_flow::CISA Iranian APT::0005,CISA Iranian APT
2194,attack_flow,44,0.001,100,0.2,attack_flow::CISA Iranian APT::0006,CISA Iranian APT
2195,attack_flow,44,0.001,100,0.2,attack_flow::CISA Iranian APT::0007,CISA Iranian APT
2196,attack_flow,44,0.001,100,0.2,attack_flow::CISA Iranian APT::0008,CISA Iranian APT
2197,attack_flow,44,0.001,100,0.2,attack_flow::CISA Iranian APT::0009,CISA Iranian APT
2198,attack_flow,44,0.001,100,0.2,attack_flow::CISA Iranian APT::0010,CISA Iranian APT
2199,attack_flow,44,0.001,100,0.2,attack_flow::CISA Iranian APT::0011,CISA Iranian APT
2200,attack_flow,44,0.001,100,0.2,attack_flow::CISA Iranian APT::0012,CISA Iranian APT
2201,attack_flow,44,0.001,100,0.2,attack_flow::CISA Iranian APT::0013,CISA Iranian APT
2202,attack_flow,44,0.001,100,0.2,attack_flow::CISA Iranian APT::0014,CISA Iranian APT
2203,attack_flow,44,0.001,100,0.2,attack_flow::CISA Iranian APT::0015,CISA Iranian APT
2204,attack_flow,44,0.001,100,0.2,attack_flow::CISA Iranian APT::0016,CISA Iranian APT
2205,attack_flow,44,0.001,100,0.2,attack_flow::CISA Iranian APT::0017,CISA Iranian APT
2206,attack_flow,44,0.001,100,0.2,attack_flow::CISA Iranian APT::0018,CISA Iranian APT
2207,attack_flow,44,0.001,100,0.2,attack_flow::CISA Iranian APT::0019,CISA Iranian APT
2208,attack_flow,44,0.001,100,0.2,attack_flow::CISA Iranian APT::0020,CISA Iranian APT
2209,attack_flow,44,0.001,100,0.2,attack_flow::CISA Iranian APT::0021,CISA Iranian APT
2210,attack_flow,44,0.001,100,0.2,attack_flow::Cobalt Kitty Campaign::0001,Cobalt Kitty Campaign
2211,attack_flow,44,0.001,100,0.2,attack_flow::Cobalt Kitty Campaign::0002,Cobalt Kitty Campaign
2212,attack_flow,44,0.001,100,0.2,attack_flow::Cobalt Kitty Campaign::0003,Cobalt Kitty Campaign
2213,attack_flow,44,0.001,100,0.2,attack_flow::Cobalt Kitty Campaign::0004,Cobalt Kitty Campaign
2214,attack_flow,44,0.001,100,0.2,attack_flow::Cobalt Kitty Campaign::0005,Cobalt Kitty Campaign
2215,attack_flow,44,0.001,100,0.2,attack_flow::Cobalt Kitty Campaign::0006,Cobalt Kitty Campaign
2216,attack_flow,44,0.001,100,0.2,attack_flow::Cobalt Kitty Campaign::0007,Cobalt Kitty Campaign
2217,attack_flow,44,0.001,100,0.2,attack_flow::Cobalt Kitty Campaign::0008,Cobalt Kitty Campaign
2218,attack_flow,44,0.001,100,0.2,attack_flow::Cobalt Kitty Campaign::0009,Cobalt Kitty Campaign
2219,attack_flow,44,0.001,100,0.2,attack_flow::Cobalt Kitty Campaign::0010,Cobalt Kitty Campaign
2220,attack_flow,44,0.001,100,0.2,attack_flow::Cobalt Kitty Campaign::0011,Cobalt Kitty Campaign
2221,attack_flow,44,0.001,100,0.2,attack_flow::Conti CISA Alert::0001,Conti CISA Alert
2222,attack_flow,44,0.001,100,0.2,attack_flow::Conti CISA Alert::0002,Conti CISA Alert
2223,attack_flow,44,0.001,100,0.2,attack_flow::Conti CISA Alert::0003,Conti CISA Alert
2224,attack_flow,44,0.001,100,0.2,attack_flow::Conti CISA Alert::0004,Conti CISA Alert
2225,attack_flow,44,0.001,100,0.2,attack_flow::Conti CISA Alert::0005,Conti CISA Alert
2226,attack_flow,44,0.001,100,0.2,attack_flow::Conti PWC::0001,Conti PWC
2227,attack_flow,44,0.001,100,0.2,attack_flow::Conti PWC::0002,Conti PWC
2228,attack_flow,44,0.001,100,0.2,attack_flow::Conti PWC::0003,Conti PWC
2229,attack_flow,44,0.001,100,0.2,attack_flow::Conti Ransomware::0001,Conti Ransomware
2230,attack_flow,44,0.001,100,0.2,attack_flow::Conti Ransomware::0002,Conti Ransomware
2231,attack_flow,44,0.001,100,0.2,attack_flow::Conti Ransomware::0003,Conti Ransomware
2232,attack_flow,44,0.001,100,0.2,attack_flow::Conti Ransomware::0004,Conti Ransomware
2233,attack_flow,44,0.001,100,0.2,attack_flow::Conti Ransomware::0005,Conti Ransomware
2234,attack_flow,44,0.001,100,0.2,attack_flow::Conti Ransomware::0006,Conti Ransomware
2235,attack_flow,44,0.001,100,0.2,attack_flow::Conti Ransomware::0007,Conti Ransomware
2236,attack_flow,44,0.001,100,0.2,attack_flow::Conti Ransomware::0008,Conti Ransomware
2237,attack_flow,44,0.001,100,0.2,attack_flow::Conti Ransomware::0009,Conti Ransomware
2238,attack_flow,44,0.001,100,0.2,attack_flow::Conti Ransomware::0010,Conti Ransomware
2239,attack_flow,44,0.001,100,0.2,attack_flow::Conti Ransomware::0011,Conti Ransomware
2240,attack_flow,44,0.001,100,0.2,attack_flow::Conti Ransomware::0012,Conti Ransomware
2241,attack_flow,44,0.001,100,0.2,attack_flow::Conti Ransomware::0014,Conti Ransomware
2242,attack_flow,44,0.001,100,0.2,attack_flow::Conti Ransomware::0015,Conti Ransomware
2243,attack_flow,44,0.001,100,0.2,attack_flow::DFIR - BumbleBee Round 2::0001,DFIR - BumbleBee Round 2
2244,attack_flow,44,0.001,100,0.2,attack_flow::DFIR - BumbleBee Round 2::0002,DFIR - BumbleBee Round 2
2245,attack_flow,44,0.001,100,0.2,attack_flow::DFIR - BumbleBee Round 2::0003,DFIR - BumbleBee Round 2
2246,attack_flow,44,0.001,100,0.2,attack_flow::DFIR - BumbleBee Round 2::0004,DFIR - BumbleBee Round 2
2247,attack_flow,44,0.001,100,0.2,attack_flow::DFIR - BumbleBee Round 2::0005,DFIR - BumbleBee Round 2
2248,attack_flow,44,0.001,100,0.2,attack_flow::DFIR - BumbleBee Round 2::0006,DFIR - BumbleBee Round 2
2249,attack_flow,44,0.001,100,0.2,attack_flow::DFIR - BumbleBee Round 2::0007,DFIR - BumbleBee Round 2
2250,attack_flow,44,0.001,100,0.2,attack_flow::DFIR - BumbleBee Round 2::0008,DFIR - BumbleBee Round 2
2251,attack_flow,44,0.001,100,0.2,attack_flow::DFIR - BumbleBee Round 2::0009,DFIR - BumbleBee Round 2
2252,attack_flow,44,0.001,100,0.2,attack_flow::DFIR - BumbleBee Round 2::0010,DFIR - BumbleBee Round 2
2253,attack_flow,44,0.001,100,0.2,attack_flow::DFIR - BumbleBee Round 2::0011,DFIR - BumbleBee Round 2
2254,attack_flow,44,0.001,100,0.2,attack_flow::DFIR - BumbleBee Round 2::0012,DFIR - BumbleBee Round 2
2255,attack_flow,44,0.001,100,0.2,attack_flow::Equifax Breach::0001,Equifax Breach
2256,attack_flow,44,0.001,100,0.2,attack_flow::Equifax Breach::0002,Equifax Breach
2257,attack_flow,44,0.001,100,0.2,attack_flow::Equifax Breach::0003,Equifax Breach
2258,attack_flow,44,0.001,100,0.2,attack_flow::Equifax Breach::0004,Equifax Breach
2259,attack_flow,44,0.001,100,0.2,attack_flow::Equifax Breach::0005,Equifax Breach
2260,attack_flow,44,0.001,100,0.2,attack_flow::Equifax Breach::0006,Equifax Breach
2261,attack_flow,44,0.001,100,0.2,attack_flow::Equifax Breach::0007,Equifax Breach
2262,attack_flow,44,0.001,100,0.2,attack_flow::Equifax Breach::0008,Equifax Breach
2263,attack_flow,44,0.001,100,0.2,attack_flow::FIN13 Case 1::0001,FIN13 Case 1
2264,attack_flow,44,0.001,100,0.2,attack_flow::FIN13 Case 1::0002,FIN13 Case 1
2265,attack_flow,44,0.001,100,0.2,attack_flow::FIN13 Case 1::0003,FIN13 Case 1
2266,attack_flow,44,0.001,100,0.2,attack_flow::FIN13 Case 1::0004,FIN13 Case 1
2267,attack_flow,44,0.001,100,0.2,attack_flow::FIN13 Case 1::0005,FIN13 Case 1
2268,attack_flow,44,0.001,100,0.2,attack_flow::FIN13 Case 1::0006,FIN13 Case 1
2269,attack_flow,44,0.001,100,0.2,attack_flow::FIN13 Case 1::0007,FIN13 Case 1
2270,attack_flow,44,0.001,100,0.2,attack_flow::FIN13 Case 1::0008,FIN13 Case 1
2271,attack_flow,44,0.001,100,0.2,attack_flow::FIN13 Case 1::0009,FIN13 Case 1
2272,attack_flow,44,0.001,100,0.2,attack_flow::FIN13 Case 1::0010,FIN13 Case 1
2273,attack_flow,44,0.001,100,0.2,attack_flow::FIN13 Case 1::0011,FIN13 Case 1
2274,attack_flow,44,0.001,100,0.2,attack_flow::FIN13 Case 1::0012,FIN13 Case 1
2275,attack_flow,44,0.001,100,0.2,attack_flow::FIN13 Case 1::0013,FIN13 Case 1
2276,attack_flow,44,0.001,100,0.2,attack_flow::FIN13 Case 1::0014,FIN13 Case 1
2277,attack_flow,44,0.001,100,0.2,attack_flow::FIN13 Case 1::0015,FIN13 Case 1
2278,attack_flow,44,0.001,100,0.2,attack_flow::FIN13 Case 1::0016,FIN13 Case 1
2279,attack_flow,44,0.001,100,0.2,attack_flow::FIN13 Case 1::0017,FIN13 Case 1
2280,attack_flow,44,0.001,100,0.2,attack_flow::FIN13 Case 1::0018,FIN13 Case 1
2281,attack_flow,44,0.001,100,0.2,attack_flow::FIN13 Case 1::0019,FIN13 Case 1
2282,attack_flow,44,0.001,100,0.2,attack_flow::FIN13 Case 1::0020,FIN13 Case 1
2283,attack_flow,44,0.001,100,0.2,attack_flow::FIN13 Case 1::0021,FIN13 Case 1
2284,attack_flow,44,0.001,100,0.2,attack_flow::FIN13 Case 1::0022,FIN13 Case 1
2285,attack_flow,44,0.001,100,0.2,attack_flow::FIN13 Case 1::0023,FIN13 Case 1
2286,attack_flow,44,0.001,100,0.2,attack_flow::FIN13 Case 1::0024,FIN13 Case 1
2287,attack_flow,44,0.001,100,0.2,attack_flow::FIN13 Case 1::0025,FIN13 Case 1
2288,attack_flow,44,0.001,100,0.2,attack_flow::FIN13 Case 1::0029,FIN13 Case 1
2289,attack_flow,44,0.001,100,0.2,attack_flow::FIN13 Case 1::0030,FIN13 Case 1
2290,attack_flow,44,0.001,100,0.2,attack_flow::FIN13 Case 1::0031,FIN13 Case 1
2291,attack_flow,44,0.001,100,0.2,attack_flow::FIN13 Case 2::0001,FIN13 Case 2
2292,attack_flow,44,0.001,100,0.2,attack_flow::FIN13 Case 2::0002,FIN13 Case 2
2293,attack_flow,44,0.001,100,0.2,attack_flow::FIN13 Case 2::0003,FIN13 Case 2
2294,attack_flow,44,0.001,100,0.2,attack_flow::FIN13 Case 2::0004,FIN13 Case 2
2295,attack_flow,44,0.001,100,0.2,attack_flow::FIN13 Case 2::0005,FIN13 Case 2
2296,attack_flow,44,0.001,100,0.2,attack_flow::FIN13 Case 2::0007,FIN13 Case 2
2297,attack_flow,44,0.001,100,0.2,attack_flow::FIN13 Case 2::0008,FIN13 Case 2
2298,attack_flow,44,0.001,100,0.2,attack_flow::FIN13 Case 2::0009,FIN13 Case 2
2299,attack_flow,44,0.001,100,0.2,attack_flow::FIN13 Case 2::0010,FIN13 Case 2
2300,attack_flow,44,0.001,100,0.2,attack_flow::FIN13 Case 2::0011,FIN13 Case 2
2301,attack_flow,44,0.001,100,0.2,attack_flow::FIN13 Case 2::0012,FIN13 Case 2
2302,attack_flow,44,0.001,100,0.2,attack_flow::FIN13 Case 2::0013,FIN13 Case 2
2303,attack_flow,44,0.001,100,0.2,attack_flow::FIN13 Case 2::0014,FIN13 Case 2
2304,attack_flow,44,0.001,100,0.2,attack_flow::Gootloader::0001,Gootloader
2305,attack_flow,44,0.001,100,0.2,attack_flow::Gootloader::0002,Gootloader
2306,attack_flow,44,0.001,100,0.2,attack_flow::Gootloader::0003,Gootloader
2307,attack_flow,44,0.001,100,0.2,attack_flow::Gootloader::0005,Gootloader
2308,attack_flow,44,0.001,100,0.2,attack_flow::Gootloader::0006,Gootloader
2309,attack_flow,44,0.001,100,0.2,attack_flow::Gootloader::0007,Gootloader
2310,attack_flow,44,0.001,100,0.2,attack_flow::Gootloader::0008,Gootloader
2311,attack_flow,44,0.001,100,0.2,attack_flow::Gootloader::0009,Gootloader
2312,attack_flow,44,0.001,100,0.2,attack_flow::Gootloader::0010,Gootloader
2313,attack_flow,44,0.001,100,0.2,attack_flow::Gootloader::0011,Gootloader
2314,attack_flow,44,0.001,100,0.2,attack_flow::Gootloader::0012,Gootloader
2315,attack_flow,44,0.001,100,0.2,attack_flow::Gootloader::0013,Gootloader
2316,attack_flow,44,0.001,100,0.2,attack_flow::Gootloader::0014,Gootloader
2317,attack_flow,44,0.001,100,0.2,attack_flow::Gootloader::0015,Gootloader
2318,attack_flow,44,0.001,100,0.2,attack_flow::Gootloader::0016,Gootloader
2319,attack_flow,44,0.001,100,0.2,attack_flow::Gootloader::0017,Gootloader
2320,attack_flow,44,0.001,100,0.2,attack_flow::Gootloader::0018,Gootloader
2321,attack_flow,44,0.001,100,0.2,attack_flow::Gootloader::0019,Gootloader
2322,attack_flow,44,0.001,100,0.2,attack_flow::Gootloader::0020,Gootloader
2323,attack_flow,44,0.001,100,0.2,attack_flow::Gootloader::0021,Gootloader
2324,attack_flow,44,0.001,100,0.2,attack_flow::Gootloader::0022,Gootloader
2325,attack_flow,44,0.001,100,0.2,attack_flow::Gootloader::0023,Gootloader
2326,attack_flow,44,0.001,100,0.2,attack_flow::Gootloader::0024,Gootloader
2327,attack_flow,44,0.001,100,0.2,attack_flow::Gootloader::0025,Gootloader
2328,attack_flow,44,0.001,100,0.2,attack_flow::Gootloader::0026,Gootloader
2329,attack_flow,44,0.001,100,0.2,attack_flow::Gootloader::0027,Gootloader
2330,attack_flow,44,0.001,100,0.2,attack_flow::Gootloader::0028,Gootloader
2331,attack_flow,44,0.001,100,0.2,attack_flow::Gootloader::0029,Gootloader
2332,attack_flow,44,0.001,100,0.2,attack_flow::Hancitor DLL::0001,Hancitor DLL
2333,attack_flow,44,0.001,100,0.2,attack_flow::Hancitor DLL::0002,Hancitor DLL
2334,attack_flow,44,0.001,100,0.2,attack_flow::Hancitor DLL::0003,Hancitor DLL
2335,attack_flow,44,0.001,100,0.2,attack_flow::Hancitor DLL::0004,Hancitor DLL
2336,attack_flow,44,0.001,100,0.2,attack_flow::Hancitor DLL::0005,Hancitor DLL
2337,attack_flow,44,0.001,100,0.2,attack_flow::Hancitor DLL::0006,Hancitor DLL
2338,attack_flow,44,0.001,100,0.2,attack_flow::Hancitor DLL::0007,Hancitor DLL
2339,attack_flow,44,0.001,100,0.2,attack_flow::Hancitor DLL::0008,Hancitor DLL
2340,attack_flow,44,0.001,100,0.2,attack_flow::Hancitor DLL::0010,Hancitor DLL
2341,attack_flow,44,0.001,100,0.2,attack_flow::Hancitor DLL::0011,Hancitor DLL
2342,attack_flow,44,0.001,100,0.2,attack_flow::Hancitor DLL::0012,Hancitor DLL
2343,attack_flow,44,0.001,100,0.2,attack_flow::Hancitor DLL::0013,Hancitor DLL
2344,attack_flow,44,0.001,100,0.2,attack_flow::Hancitor DLL::0014,Hancitor DLL
2345,attack_flow,44,0.001,100,0.2,attack_flow::Hancitor DLL::0015,Hancitor DLL
2346,attack_flow,44,0.001,100,0.2,attack_flow::Hancitor DLL::0016,Hancitor DLL
2347,attack_flow,44,0.001,100,0.2,attack_flow::Hancitor DLL::0017,Hancitor DLL
2348,attack_flow,44,0.001,100,0.2,attack_flow::Hancitor DLL::0018,Hancitor DLL
2349,attack_flow,44,0.001,100,0.2,attack_flow::Hancitor DLL::0019,Hancitor DLL
2350,attack_flow,44,0.001,100,0.2,attack_flow::Ivanti Vulnerabilities::0001,Ivanti Vulnerabilities
2351,attack_flow,44,0.001,100,0.2,attack_flow::Ivanti Vulnerabilities::0002,Ivanti Vulnerabilities
2352,attack_flow,44,0.001,100,0.2,attack_flow::Ivanti Vulnerabilities::0003,Ivanti Vulnerabilities
2353,attack_flow,44,0.001,100,0.2,attack_flow::Ivanti Vulnerabilities::0004,Ivanti Vulnerabilities
2354,attack_flow,44,0.001,100,0.2,attack_flow::Ivanti Vulnerabilities::0005,Ivanti Vulnerabilities
2355,attack_flow,44,0.001,100,0.2,attack_flow::JP Morgan Breach::0001,JP Morgan Breach
2356,attack_flow,44,0.001,100,0.2,attack_flow::JP Morgan Breach::0002,JP Morgan Breach
2357,attack_flow,44,0.001,100,0.2,attack_flow::JP Morgan Breach::0003,JP Morgan Breach
2358,attack_flow,44,0.001,100,0.2,attack_flow::JP Morgan Breach::0004,JP Morgan Breach
2359,attack_flow,44,0.001,100,0.2,attack_flow::JP Morgan Breach::0005,JP Morgan Breach
2360,attack_flow,44,0.001,100,0.2,attack_flow::JP Morgan Breach::0006,JP Morgan Breach
2361,attack_flow,44,0.001,100,0.2,attack_flow::JP Morgan Breach::0008,JP Morgan Breach
2362,attack_flow,44,0.001,100,0.2,attack_flow::JP Morgan Breach::0009,JP Morgan Breach
2363,attack_flow,44,0.001,100,0.2,attack_flow::MITRE NERVE::0001,MITRE NERVE
2364,attack_flow,44,0.001,100,0.2,attack_flow::MITRE NERVE::0002,MITRE NERVE
2365,attack_flow,44,0.001,100,0.2,attack_flow::MITRE NERVE::0003,MITRE NERVE
2366,attack_flow,44,0.001,100,0.2,attack_flow::MITRE NERVE::0004,MITRE NERVE
2367,attack_flow,44,0.001,100,0.2,attack_flow::MITRE NERVE::0005,MITRE NERVE
2368,attack_flow,44,0.001,100,0.2,attack_flow::MITRE NERVE::0006,MITRE NERVE
2369,attack_flow,44,0.001,100,0.2,attack_flow::MITRE NERVE::0007,MITRE NERVE
2370,attack_flow,44,0.001,100,0.2,attack_flow::Maastricht University Ransomware::0001,Maastricht University Ransomware
2371,attack_flow,44,0.001,100,0.2,attack_flow::Maastricht University Ransomware::0003,Maastricht University Ransomware
2372,attack_flow,44,0.001,100,0.2,attack_flow::Maastricht University Ransomware::0004,Maastricht University Ransomware
2373,attack_flow,44,0.001,100,0.2,attack_flow::Maastricht University Ransomware::0005,Maastricht University Ransomware
2374,attack_flow,44,0.001,100,0.2,attack_flow::Maastricht University Ransomware::0006,Maastricht University Ransomware
2375,attack_flow,44,0.001,100,0.2,attack_flow::Maastricht University Ransomware::0007,Maastricht University Ransomware
2376,attack_flow,44,0.001,100,0.2,attack_flow::Maastricht University Ransomware::0008,Maastricht University Ransomware
2377,attack_flow,44,0.001,100,0.2,attack_flow::Maastricht University Ransomware::0009,Maastricht University Ransomware
2378,attack_flow,44,0.001,100,0.2,attack_flow::Maastricht University Ransomware::0010,Maastricht University Ransomware
2379,attack_flow,44,0.001,100,0.2,attack_flow::Maastricht University Ransomware::0011,Maastricht University Ransomware
2380,attack_flow,44,0.001,100,0.2,attack_flow::Mac Malware Steals Crypto::0001,Mac Malware Steals Crypto
2381,attack_flow,44,0.001,100,0.2,attack_flow::Mac Malware Steals Crypto::0002,Mac Malware Steals Crypto
2382,attack_flow,44,0.001,100,0.2,attack_flow::Mac Malware Steals Crypto::0004,Mac Malware Steals Crypto
2383,attack_flow,44,0.001,100,0.2,attack_flow::Marriott Breach::0001,Marriott Breach
2384,attack_flow,44,0.001,100,0.2,attack_flow::Marriott Breach::0002,Marriott Breach
2385,attack_flow,44,0.001,100,0.2,attack_flow::Marriott Breach::0003,Marriott Breach
2386,attack_flow,44,0.001,100,0.2,attack_flow::Marriott Breach::0004,Marriott Breach
2387,attack_flow,44,0.001,100,0.2,attack_flow::Muddy Water::0001,Muddy Water
2388,attack_flow,44,0.001,100,0.2,attack_flow::Muddy Water::0002,Muddy Water
2389,attack_flow,44,0.001,100,0.2,attack_flow::Muddy Water::0003,Muddy Water
2390,attack_flow,44,0.001,100,0.2,attack_flow::Muddy Water::0004,Muddy Water
2391,attack_flow,44,0.001,100,0.2,attack_flow::Muddy Water::0005,Muddy Water
2392,attack_flow,44,0.001,100,0.2,attack_flow::Muddy Water::0006,Muddy Water
2393,attack_flow,44,0.001,100,0.2,attack_flow::Muddy Water::0008,Muddy Water
2394,attack_flow,44,0.001,100,0.2,attack_flow::Muddy Water::0009,Muddy Water
2395,attack_flow,44,0.001,100,0.2,attack_flow::NotPetya::0001,NotPetya
2396,attack_flow,44,0.001,100,0.2,attack_flow::NotPetya::0002,NotPetya
2397,attack_flow,44,0.001,100,0.2,attack_flow::NotPetya::0003,NotPetya
2398,attack_flow,44,0.001,100,0.2,attack_flow::NotPetya::0004,NotPetya
2399,attack_flow,44,0.001,100,0.2,attack_flow::NotPetya::0008,NotPetya
2400,attack_flow,44,0.001,100,0.2,attack_flow::NotPetya::0009,NotPetya
2401,attack_flow,44,0.001,100,0.2,attack_flow::NotPetya::0010,NotPetya
2402,attack_flow,44,0.001,100,0.2,attack_flow::NotPetya::0011,NotPetya
2403,attack_flow,44,0.001,100,0.2,attack_flow::NotPetya::0012,NotPetya
2404,attack_flow,44,0.001,100,0.2,attack_flow::NotPetya::0013,NotPetya
2405,attack_flow,44,0.001,100,0.2,attack_flow::NotPetya::0014,NotPetya
2406,attack_flow,44,0.001,100,0.2,attack_flow::NotPetya::0015,NotPetya
2407,attack_flow,44,0.001,100,0.2,attack_flow::NotPetya::0016,NotPetya
2408,attack_flow,44,0.001,100,0.2,attack_flow::OceanLotus::0001,OceanLotus
2409,attack_flow,44,0.001,100,0.2,attack_flow::OceanLotus::0002,OceanLotus
2410,attack_flow,44,0.001,100,0.2,attack_flow::OceanLotus::0003,OceanLotus
2411,attack_flow,44,0.001,100,0.2,attack_flow::OceanLotus::0004,OceanLotus
2412,attack_flow,44,0.001,100,0.2,attack_flow::OceanLotus::0005,OceanLotus
2413,attack_flow,44,0.001,100,0.2,attack_flow::OceanLotus::0006,OceanLotus
2414,attack_flow,44,0.001,100,0.2,attack_flow::OceanLotus::0007,OceanLotus
2415,attack_flow,44,0.001,100,0.2,attack_flow::OceanLotus::0008,OceanLotus
2416,attack_flow,44,0.001,100,0.2,attack_flow::OceanLotus::0009,OceanLotus
2417,attack_flow,44,0.001,100,0.2,attack_flow::OceanLotus::0010,OceanLotus
2418,attack_flow,44,0.001,100,0.2,attack_flow::OceanLotus::0011,OceanLotus
2419,attack_flow,44,0.001,100,0.2,attack_flow::OceanLotus::0012,OceanLotus
2420,attack_flow,44,0.001,100,0.2,attack_flow::OceanLotus::0013,OceanLotus
2421,attack_flow,44,0.001,100,0.2,attack_flow::OceanLotus::0014,OceanLotus
2422,attack_flow,44,0.001,100,0.2,attack_flow::OceanLotus::0015,OceanLotus
2423,attack_flow,44,0.001,100,0.2,attack_flow::OceanLotus::0016,OceanLotus
2424,attack_flow,44,0.001,100,0.2,attack_flow::OceanLotus::0017,OceanLotus
2425,attack_flow,44,0.001,100,0.2,attack_flow::OceanLotus::0018,OceanLotus
2426,attack_flow,44,0.001,100,0.2,attack_flow::OceanLotus::0019,OceanLotus
2427,attack_flow,44,0.001,100,0.2,attack_flow::OceanLotus::0020,OceanLotus
2428,attack_flow,44,0.001,100,0.2,attack_flow::REvil::0001,REvil
2429,attack_flow,44,0.001,100,0.2,attack_flow::REvil::0002,REvil
2430,attack_flow,44,0.001,100,0.2,attack_flow::REvil::0003,REvil
2431,attack_flow,44,0.001,100,0.2,attack_flow::REvil::0004,REvil
2432,attack_flow,44,0.001,100,0.2,attack_flow::REvil::0005,REvil
2433,attack_flow,44,0.001,100,0.2,attack_flow::REvil::0006,REvil
2434,attack_flow,44,0.001,100,0.2,attack_flow::REvil::0007,REvil
2435,attack_flow,44,0.001,100,0.2,attack_flow::REvil::0008,REvil
2436,attack_flow,44,0.001,100,0.2,attack_flow::REvil::0009,REvil
2437,attack_flow,44,0.001,100,0.2,attack_flow::REvil::0010,REvil
2438,attack_flow,44,0.001,100,0.2,attack_flow::REvil::0011,REvil
2439,attack_flow,44,0.001,100,0.2,attack_flow::REvil::0012,REvil
2440,attack_flow,44,0.001,100,0.2,attack_flow::REvil::0013,REvil
2441,attack_flow,44,0.001,100,0.2,attack_flow::REvil::0014,REvil
2442,attack_flow,44,0.001,100,0.2,attack_flow::REvil::0015,REvil
2443,attack_flow,44,0.001,100,0.2,attack_flow::REvil::0016,REvil
2444,attack_flow,44,0.001,100,0.2,attack_flow::REvil::0017,REvil
2445,attack_flow,44,0.001,100,0.2,attack_flow::REvil::0018,REvil
2446,attack_flow,44,0.001,100,0.2,attack_flow::Ragnar Locker::0001,Ragnar Locker
2447,attack_flow,44,0.001,100,0.2,attack_flow::Ragnar Locker::0002,Ragnar Locker
2448,attack_flow,44,0.001,100,0.2,attack_flow::Ragnar Locker::0003,Ragnar Locker
2449,attack_flow,44,0.001,100,0.2,attack_flow::Ragnar Locker::0004,Ragnar Locker
2450,attack_flow,44,0.001,100,0.2,attack_flow::Ragnar Locker::0005,Ragnar Locker
2451,attack_flow,44,0.001,100,0.2,attack_flow::Ragnar Locker::0006,Ragnar Locker
2452,attack_flow,44,0.001,100,0.2,attack_flow::Ragnar Locker::0007,Ragnar Locker
2453,attack_flow,44,0.001,100,0.2,attack_flow::Ragnar Locker::0008,Ragnar Locker
2454,attack_flow,44,0.001,100,0.2,attack_flow::Ragnar Locker::0009,Ragnar Locker
2455,attack_flow,44,0.001,100,0.2,attack_flow::Ragnar Locker::0010,Ragnar Locker
2456,attack_flow,44,0.001,100,0.2,attack_flow::Ragnar Locker::0011,Ragnar Locker
2457,attack_flow,44,0.001,100,0.2,attack_flow::Ragnar Locker::0012,Ragnar Locker
2458,attack_flow,44,0.001,100,0.2,attack_flow::SWIFT Heist::0001,SWIFT Heist
2459,attack_flow,44,0.001,100,0.2,attack_flow::SWIFT Heist::0002,SWIFT Heist
2460,attack_flow,44,0.001,100,0.2,attack_flow::SWIFT Heist::0003,SWIFT Heist
2461,attack_flow,44,0.001,100,0.2,attack_flow::SWIFT Heist::0004,SWIFT Heist
2462,attack_flow,44,0.001,100,0.2,attack_flow::SearchAwesome Adware::0001,SearchAwesome Adware
2463,attack_flow,44,0.001,100,0.2,attack_flow::SearchAwesome Adware::0002,SearchAwesome Adware
2464,attack_flow,44,0.001,100,0.2,attack_flow::SearchAwesome Adware::0003,SearchAwesome Adware
2465,attack_flow,44,0.001,100,0.2,attack_flow::SearchAwesome Adware::0004,SearchAwesome Adware
2466,attack_flow,44,0.001,100,0.2,attack_flow::SearchAwesome Adware::0005,SearchAwesome Adware
2467,attack_flow,44,0.001,100,0.2,attack_flow::SearchAwesome Adware::0006,SearchAwesome Adware
2468,attack_flow,44,0.001,100,0.2,attack_flow::SearchAwesome Adware::0007,SearchAwesome Adware
2469,attack_flow,44,0.001,100,0.2,attack_flow::SearchAwesome Adware::0008,SearchAwesome Adware
2470,attack_flow,44,0.001,100,0.2,attack_flow::SearchAwesome Adware::0009,SearchAwesome Adware
2471,attack_flow,44,0.001,100,0.2,attack_flow::SearchAwesome Adware::0010,SearchAwesome Adware
2472,attack_flow,44,0.001,100,0.2,attack_flow::Shamoon::0001,Shamoon
2473,attack_flow,44,0.001,100,0.2,attack_flow::Shamoon::0002,Shamoon
2474,attack_flow,44,0.001,100,0.2,attack_flow::Shamoon::0003,Shamoon
2475,attack_flow,44,0.001,100,0.2,attack_flow::Shamoon::0004,Shamoon
2476,attack_flow,44,0.001,100,0.2,attack_flow::Shamoon::0005,Shamoon
2477,attack_flow,44,0.001,100,0.2,attack_flow::Shamoon::0006,Shamoon
2478,attack_flow,44,0.001,100,0.2,attack_flow::Shamoon::0007,Shamoon
2479,attack_flow,44,0.001,100,0.2,attack_flow::Shamoon::0008,Shamoon
2480,attack_flow,44,0.001,100,0.2,attack_flow::Shamoon::0009,Shamoon
2481,attack_flow,44,0.001,100,0.2,attack_flow::Shamoon::0010,Shamoon
2482,attack_flow,44,0.001,100,0.2,attack_flow::Shamoon::0011,Shamoon
2483,attack_flow,44,0.001,100,0.2,attack_flow::Shamoon::0012,Shamoon
2484,attack_flow,44,0.001,100,0.2,attack_flow::Shamoon::0013,Shamoon
2485,attack_flow,44,0.001,100,0.2,attack_flow::Shamoon::0014,Shamoon
2486,attack_flow,44,0.001,100,0.2,attack_flow::Shamoon::0015,Shamoon
2487,attack_flow,44,0.001,100,0.2,attack_flow::Shamoon::0016,Shamoon
2488,attack_flow,44,0.001,100,0.2,attack_flow::Shamoon::0017,Shamoon
2489,attack_flow,44,0.001,100,0.2,attack_flow::Shamoon::0018,Shamoon
2490,attack_flow,44,0.001,100,0.2,attack_flow::SolarWinds::0001,SolarWinds
2491,attack_flow,44,0.001,100,0.2,attack_flow::SolarWinds::0002,SolarWinds
2492,attack_flow,44,0.001,100,0.2,attack_flow::SolarWinds::0003,SolarWinds
2493,attack_flow,44,0.001,100,0.2,attack_flow::SolarWinds::0004,SolarWinds
2494,attack_flow,44,0.001,100,0.2,attack_flow::SolarWinds::0005,SolarWinds
2495,attack_flow,44,0.001,100,0.2,attack_flow::SolarWinds::0006,SolarWinds
2496,attack_flow,44,0.001,100,0.2,attack_flow::SolarWinds::0007,SolarWinds
2497,attack_flow,44,0.001,100,0.2,attack_flow::SolarWinds::0008,SolarWinds
2498,attack_flow,44,0.001,100,0.2,attack_flow::SolarWinds::0009,SolarWinds
2499,attack_flow,44,0.001,100,0.2,attack_flow::SolarWinds::0010,SolarWinds
2500,attack_flow,44,0.001,100,0.2,attack_flow::SolarWinds::0011,SolarWinds
2501,attack_flow,44,0.001,100,0.2,attack_flow::SolarWinds::0012,SolarWinds
2502,attack_flow,44,0.001,100,0.2,attack_flow::SolarWinds::0013,SolarWinds
2503,attack_flow,44,0.001,100,0.2,attack_flow::SolarWinds::0014,SolarWinds
2504,attack_flow,44,0.001,100,0.2,attack_flow::SolarWinds::0015,SolarWinds
2505,attack_flow,44,0.001,100,0.2,attack_flow::SolarWinds::0016,SolarWinds
2506,attack_flow,44,0.001,100,0.2,attack_flow::Sony Malware::0001,Sony Malware
2507,attack_flow,44,0.001,100,0.2,attack_flow::Sony Malware::0002,Sony Malware
2508,attack_flow,44,0.001,100,0.2,attack_flow::Sony Malware::0003,Sony Malware
2509,attack_flow,44,0.001,100,0.2,attack_flow::Sony Malware::0004,Sony Malware
2510,attack_flow,44,0.001,100,0.2,attack_flow::Sony Malware::0005,Sony Malware
2511,attack_flow,44,0.001,100,0.2,attack_flow::Sony Malware::0006,Sony Malware
2512,attack_flow,44,0.001,100,0.2,attack_flow::Sony Malware::0007,Sony Malware
2513,attack_flow,44,0.001,100,0.2,attack_flow::Sony Malware::0008,Sony Malware
2514,attack_flow,44,0.001,100,0.2,attack_flow::Sony Malware::0009,Sony Malware
2515,attack_flow,44,0.001,100,0.2,attack_flow::Sony Malware::0010,Sony Malware
2516,attack_flow,44,0.001,100,0.2,attack_flow::Sony Malware::0011,Sony Malware
2517,attack_flow,44,0.001,100,0.2,attack_flow::Sony Malware::0012,Sony Malware
2518,attack_flow,44,0.001,100,0.2,attack_flow::Target Breach::0001,Target Breach
2519,attack_flow,44,0.001,100,0.2,attack_flow::Target Breach::0002,Target Breach
2520,attack_flow,44,0.001,100,0.2,attack_flow::Target Breach::0003,Target Breach
2521,attack_flow,44,0.001,100,0.2,attack_flow::Target Breach::0004,Target Breach
2522,attack_flow,44,0.001,100,0.2,attack_flow::Target Breach::0008,Target Breach
2523,attack_flow,44,0.001,100,0.2,attack_flow::Target Breach::0009,Target Breach
2524,attack_flow,44,0.001,100,0.2,attack_flow::Target Breach::0010,Target Breach
2525,attack_flow,44,0.001,100,0.2,attack_flow::Target Breach::0011,Target Breach
2526,attack_flow,44,0.001,100,0.2,attack_flow::Tesla Kubernetes Breach::0001,Tesla Kubernetes Breach
2527,attack_flow,44,0.001,100,0.2,attack_flow::Tesla Kubernetes Breach::0002,Tesla Kubernetes Breach
2528,attack_flow,44,0.001,100,0.2,attack_flow::Tesla Kubernetes Breach::0003,Tesla Kubernetes Breach
2529,attack_flow,44,0.001,100,0.2,attack_flow::Uber Breach::0001,Uber Breach
2530,attack_flow,44,0.001,100,0.2,attack_flow::Uber Breach::0002,Uber Breach
2531,attack_flow,44,0.001,100,0.2,attack_flow::Uber Breach::0003,Uber Breach
2532,attack_flow,44,0.001,100,0.2,attack_flow::Uber Breach::0004,Uber Breach
2533,attack_flow,44,0.001,100,0.2,attack_flow::Uber Breach::0005,Uber Breach
2534,attack_flow,44,0.001,100,0.2,attack_flow::Uber Breach::0006,Uber Breach
2535,attack_flow,44,0.001,100,0.2,attack_flow::WhisperGate::0001,WhisperGate
2536,attack_flow,44,0.001,100,0.2,attack_flow::WhisperGate::0002,WhisperGate
2537,attack_flow,44,0.001,100,0.2,attack_flow::WhisperGate::0003,WhisperGate
2538,attack_flow,44,0.001,100,0.2,attack_flow::WhisperGate::0004,WhisperGate
2539,attack_flow,44,0.001,100,0.2,attack_flow::WhisperGate::0005,WhisperGate
2540,attack_flow,44,0.001,100,0.2,attack_flow::WhisperGate::0006,WhisperGate
2541,attack_flow,44,0.001,100,0.2,attack_flow::WhisperGate::0007,WhisperGate
2542,attack_flow,44,0.001,100,0.2,attack_flow::WhisperGate::0008,WhisperGate
2543,attack_flow,44,0.001,100,0.2,attack_flow::WhisperGate::0009,WhisperGate
2544,attack_flow,44,0.001,100,0.2,attack_flow::WhisperGate::0010,WhisperGate
2545,attack_flow,44,0.001,100,0.2,attack_flow::WhisperGate::0011,WhisperGate
2546,attack_flow,44,0.001,100,0.2,attack_flow::WhisperGate::0013,WhisperGate
2547,attack_flow,44,0.001,100,0.2,attack_flow::WhisperGate::0014,WhisperGate
2548,attack_flow,44,0.001,100,0.2,attack_flow::WhisperGate::0015,WhisperGate
2549,attack_flow,44,0.001,100,0.2,attack_flow::WhisperGate::0016,WhisperGate
2550,attack_flow,44,0.001,100,0.2,attack_flow::WhisperGate::0017,WhisperGate
2551,attack_flow,45,0.001,100,0.2,attack_flow::Black Basta Ransomware::0001,Black Basta Ransomware
2552,attack_flow,45,0.001,100,0.2,attack_flow::Black Basta Ransomware::0002,Black Basta Ransomware
2553,attack_flow,45,0.001,100,0.2,attack_flow::Black Basta Ransomware::0003,Black Basta Ransomware
2554,attack_flow,45,0.001,100,0.2,attack_flow::Black Basta Ransomware::0004,Black Basta Ransomware
2555,attack_flow,45,0.001,100,0.2,attack_flow::Black Basta Ransomware::0005,Black Basta Ransomware
2556,attack_flow,45,0.001,100,0.2,attack_flow::Black Basta Ransomware::0006,Black Basta Ransomware
2557,attack_flow,45,0.001,100,0.2,attack_flow::Black Basta Ransomware::0007,Black Basta Ransomware
2558,attack_flow,45,0.001,100,0.2,attack_flow::Black Basta Ransomware::0008,Black Basta Ransomware
2559,attack_flow,45,0.001,100,0.2,attack_flow::Black Basta Ransomware::0009,Black Basta Ransomware
2560,attack_flow,45,0.001,100,0.2,attack_flow::Black Basta Ransomware::0010,Black Basta Ransomware
2561,attack_flow,45,0.001,100,0.2,attack_flow::Black Basta Ransomware::0011,Black Basta Ransomware
2562,attack_flow,45,0.001,100,0.2,attack_flow::Black Basta Ransomware::0012,Black Basta Ransomware
2563,attack_flow,45,0.001,100,0.2,attack_flow::Black Basta Ransomware::0013,Black Basta Ransomware
2564,attack_flow,45,0.001,100,0.2,attack_flow::Black Basta Ransomware::0014,Black Basta Ransomware
2565,attack_flow,45,0.001,100,0.2,attack_flow::Black Basta Ransomware::0015,Black Basta Ransomware
2566,attack_flow,45,0.001,100,0.2,attack_flow::Black Basta Ransomware::0016,Black Basta Ransomware
2567,attack_flow,45,0.001,100,0.2,attack_flow::Black Basta Ransomware::0017,Black Basta Ransomware
2568,attack_flow,45,0.001,100,0.2,attack_flow::Black Basta Ransomware::0018,Black Basta Ransomware
2569,attack_flow,45,0.001,100,0.2,attack_flow::Black Basta Ransomware::0019,Black Basta Ransomware
2570,attack_flow,45,0.001,100,0.2,attack_flow::Black Basta Ransomware::0020,Black Basta Ransomware
2571,attack_flow,45,0.001,100,0.2,attack_flow::Black Basta Ransomware::0021,Black Basta Ransomware
2572,attack_flow,45,0.001,100,0.2,attack_flow::Black Basta Ransomware::0022,Black Basta Ransomware
2573,attack_flow,45,0.001,100,0.2,attack_flow::Black Basta Ransomware::0023,Black Basta Ransomware
2574,attack_flow,45,0.001,100,0.2,attack_flow::Black Basta Ransomware::0024,Black Basta Ransomware
2575,attack_flow,45,0.001,100,0.2,attack_flow::CISA AA22-138B VMWare Workspace (Alt)::0001,CISA AA22-138B VMWare Workspace (Alt)
2576,attack_flow,45,0.001,100,0.2,attack_flow::CISA AA22-138B VMWare Workspace (Alt)::0002,CISA AA22-138B VMWare Workspace (Alt)
2577,attack_flow,45,0.001,100,0.2,attack_flow::CISA AA22-138B VMWare Workspace (Alt)::0003,CISA AA22-138B VMWare Workspace (Alt)
2578,attack_flow,45,0.001,100,0.2,attack_flow::CISA AA22-138B VMWare Workspace (Alt)::0004,CISA AA22-138B VMWare Workspace (Alt)
2579,attack_flow,45,0.001,100,0.2,attack_flow::CISA AA22-138B VMWare Workspace (Alt)::0005,CISA AA22-138B VMWare Workspace (Alt)
2580,attack_flow,45,0.001,100,0.2,attack_flow::CISA AA22-138B VMWare Workspace (Alt)::0006,CISA AA22-138B VMWare Workspace (Alt)
2581,attack_flow,45,0.001,100,0.2,attack_flow::CISA AA22-138B VMWare Workspace (Alt)::0007,CISA AA22-138B VMWare Workspace (Alt)
2582,attack_flow,45,0.001,100,0.2,attack_flow::CISA AA22-138B VMWare Workspace (Alt)::0008,CISA AA22-138B VMWare Workspace (Alt)
2583,attack_flow,45,0.001,100,0.2,attack_flow::CISA AA22-138B VMWare Workspace (TA1)::0001,CISA AA22-138B VMWare Workspace (TA1)
2584,attack_flow,45,0.001,100,0.2,attack_flow::CISA AA22-138B VMWare Workspace (TA1)::0002,CISA AA22-138B VMWare Workspace (TA1)
2585,attack_flow,45,0.001,100,0.2,attack_flow::CISA AA22-138B VMWare Workspace (TA1)::0003,CISA AA22-138B VMWare Workspace (TA1)
2586,attack_flow,45,0.001,100,0.2,attack_flow::CISA AA22-138B VMWare Workspace (TA1)::0004,CISA AA22-138B VMWare Workspace (TA1)
2587,attack_flow,45,0.001,100,0.2,attack_flow::CISA AA22-138B VMWare Workspace (TA1)::0005,CISA AA22-138B VMWare Workspace (TA1)
2588,attack_flow,45,0.001,100,0.2,attack_flow::CISA AA22-138B VMWare Workspace (TA1)::0006,CISA AA22-138B VMWare Workspace (TA1)
2589,attack_flow,45,0.001,100,0.2,attack_flow::CISA AA22-138B VMWare Workspace (TA1)::0007,CISA AA22-138B VMWare Workspace (TA1)
2590,attack_flow,45,0.001,100,0.2,attack_flow::CISA AA22-138B VMWare Workspace (TA1)::0008,CISA AA22-138B VMWare Workspace (TA1)
2591,attack_flow,45,0.001,100,0.2,attack_flow::CISA AA22-138B VMWare Workspace (TA2)::0001,CISA AA22-138B VMWare Workspace (TA2)
2592,attack_flow,45,0.001,100,0.2,attack_flow::CISA AA22-138B VMWare Workspace (TA2)::0002,CISA AA22-138B VMWare Workspace (TA2)
2593,attack_flow,45,0.001,100,0.2,attack_flow::CISA AA22-138B VMWare Workspace (TA2)::0003,CISA AA22-138B VMWare Workspace (TA2)
2594,attack_flow,45,0.001,100,0.2,attack_flow::CISA AA22-138B VMWare Workspace (TA2)::0004,CISA AA22-138B VMWare Workspace (TA2)
2595,attack_flow,45,0.001,100,0.2,attack_flow::CISA AA22-138B VMWare Workspace (TA2)::0005,CISA AA22-138B VMWare Workspace (TA2)
2596,attack_flow,45,0.001,100,0.2,attack_flow::CISA AA22-138B VMWare Workspace (TA2)::0006,CISA AA22-138B VMWare Workspace (TA2)
2597,attack_flow,45,0.001,100,0.2,attack_flow::CISA AA22-138B VMWare Workspace (TA2)::0007,CISA AA22-138B VMWare Workspace (TA2)
2598,attack_flow,45,0.001,100,0.2,attack_flow::CISA AA22-138B VMWare Workspace (TA2)::0008,CISA AA22-138B VMWare Workspace (TA2)
2599,attack_flow,45,0.001,100,0.2,attack_flow::CISA AA22-138B VMWare Workspace (TA2)::0009,CISA AA22-138B VMWare Workspace (TA2)
2600,attack_flow,45,0.001,100,0.2,attack_flow::CISA AA22-138B VMWare Workspace (TA2)::0010,CISA AA22-138B VMWare Workspace (TA2)
2601,attack_flow,45,0.001,100,0.2,attack_flow::CISA Iranian APT::0001,CISA Iranian APT
2602,attack_flow,45,0.001,100,0.2,attack_flow::CISA Iranian APT::0002,CISA Iranian APT
2603,attack_flow,45,0.001,100,0.2,attack_flow::CISA Iranian APT::0003,CISA Iranian APT
2604,attack_flow,45,0.001,100,0.2,attack_flow::CISA Iranian APT::0004,CISA Iranian APT
2605,attack_flow,45,0.001,100,0.2,attack_flow::CISA Iranian APT::0005,CISA Iranian APT
2606,attack_flow,45,0.001,100,0.2,attack_flow::CISA Iranian APT::0006,CISA Iranian APT
2607,attack_flow,45,0.001,100,0.2,attack_flow::CISA Iranian APT::0007,CISA Iranian APT
2608,attack_flow,45,0.001,100,0.2,attack_flow::CISA Iranian APT::0008,CISA Iranian APT
2609,attack_flow,45,0.001,100,0.2,attack_flow::CISA Iranian APT::0009,CISA Iranian APT
2610,attack_flow,45,0.001,100,0.2,attack_flow::CISA Iranian APT::0010,CISA Iranian APT
2611,attack_flow,45,0.001,100,0.2,attack_flow::CISA Iranian APT::0011,CISA Iranian APT
2612,attack_flow,45,0.001,100,0.2,attack_flow::CISA Iranian APT::0012,CISA Iranian APT
2613,attack_flow,45,0.001,100,0.2,attack_flow::CISA Iranian APT::0013,CISA Iranian APT
2614,attack_flow,45,0.001,100,0.2,attack_flow::CISA Iranian APT::0014,CISA Iranian APT
2615,attack_flow,45,0.001,100,0.2,attack_flow::CISA Iranian APT::0015,CISA Iranian APT
2616,attack_flow,45,0.001,100,0.2,attack_flow::CISA Iranian APT::0016,CISA Iranian APT
2617,attack_flow,45,0.001,100,0.2,attack_flow::CISA Iranian APT::0017,CISA Iranian APT
2618,attack_flow,45,0.001,100,0.2,attack_flow::CISA Iranian APT::0018,CISA Iranian APT
2619,attack_flow,45,0.001,100,0.2,attack_flow::CISA Iranian APT::0019,CISA Iranian APT
2620,attack_flow,45,0.001,100,0.2,attack_flow::CISA Iranian APT::0020,CISA Iranian APT
2621,attack_flow,45,0.001,100,0.2,attack_flow::CISA Iranian APT::0021,CISA Iranian APT
2622,attack_flow,45,0.001,100,0.2,attack_flow::Cobalt Kitty Campaign::0001,Cobalt Kitty Campaign
2623,attack_flow,45,0.001,100,0.2,attack_flow::Cobalt Kitty Campaign::0002,Cobalt Kitty Campaign
2624,attack_flow,45,0.001,100,0.2,attack_flow::Cobalt Kitty Campaign::0003,Cobalt Kitty Campaign
2625,attack_flow,45,0.001,100,0.2,attack_flow::Cobalt Kitty Campaign::0004,Cobalt Kitty Campaign
2626,attack_flow,45,0.001,100,0.2,attack_flow::Cobalt Kitty Campaign::0005,Cobalt Kitty Campaign
2627,attack_flow,45,0.001,100,0.2,attack_flow::Cobalt Kitty Campaign::0006,Cobalt Kitty Campaign
2628,attack_flow,45,0.001,100,0.2,attack_flow::Cobalt Kitty Campaign::0007,Cobalt Kitty Campaign
2629,attack_flow,45,0.001,100,0.2,attack_flow::Cobalt Kitty Campaign::0008,Cobalt Kitty Campaign
2630,attack_flow,45,0.001,100,0.2,attack_flow::Cobalt Kitty Campaign::0009,Cobalt Kitty Campaign
2631,attack_flow,45,0.001,100,0.2,attack_flow::Cobalt Kitty Campaign::0010,Cobalt Kitty Campaign
2632,attack_flow,45,0.001,100,0.2,attack_flow::Cobalt Kitty Campaign::0011,Cobalt Kitty Campaign
2633,attack_flow,45,0.001,100,0.2,attack_flow::Conti CISA Alert::0001,Conti CISA Alert
2634,attack_flow,45,0.001,100,0.2,attack_flow::Conti CISA Alert::0002,Conti CISA Alert
2635,attack_flow,45,0.001,100,0.2,attack_flow::Conti CISA Alert::0003,Conti CISA Alert
2636,attack_flow,45,0.001,100,0.2,attack_flow::Conti CISA Alert::0004,Conti CISA Alert
2637,attack_flow,45,0.001,100,0.2,attack_flow::Conti CISA Alert::0005,Conti CISA Alert
2638,attack_flow,45,0.001,100,0.2,attack_flow::Conti PWC::0001,Conti PWC
2639,attack_flow,45,0.001,100,0.2,attack_flow::Conti PWC::0002,Conti PWC
2640,attack_flow,45,0.001,100,0.2,attack_flow::Conti PWC::0003,Conti PWC
2641,attack_flow,45,0.001,100,0.2,attack_flow::Conti Ransomware::0001,Conti Ransomware
2642,attack_flow,45,0.001,100,0.2,attack_flow::Conti Ransomware::0002,Conti Ransomware
2643,attack_flow,45,0.001,100,0.2,attack_flow::Conti Ransomware::0003,Conti Ransomware
2644,attack_flow,45,0.001,100,0.2,attack_flow::Conti Ransomware::0004,Conti Ransomware
2645,attack_flow,45,0.001,100,0.2,attack_flow::Conti Ransomware::0005,Conti Ransomware
2646,attack_flow,45,0.001,100,0.2,attack_flow::Conti Ransomware::0006,Conti Ransomware
2647,attack_flow,45,0.001,100,0.2,attack_flow::Conti Ransomware::0007,Conti Ransomware
2648,attack_flow,45,0.001,100,0.2,attack_flow::Conti Ransomware::0008,Conti Ransomware
2649,attack_flow,45,0.001,100,0.2,attack_flow::Conti Ransomware::0009,Conti Ransomware
2650,attack_flow,45,0.001,100,0.2,attack_flow::Conti Ransomware::0010,Conti Ransomware
2651,attack_flow,45,0.001,100,0.2,attack_flow::Conti Ransomware::0011,Conti Ransomware
2652,attack_flow,45,0.001,100,0.2,attack_flow::Conti Ransomware::0012,Conti Ransomware
2653,attack_flow,45,0.001,100,0.2,attack_flow::Conti Ransomware::0014,Conti Ransomware
2654,attack_flow,45,0.001,100,0.2,attack_flow::Conti Ransomware::0015,Conti Ransomware
2655,attack_flow,45,0.001,100,0.2,attack_flow::DFIR - BumbleBee Round 2::0001,DFIR - BumbleBee Round 2
2656,attack_flow,45,0.001,100,0.2,attack_flow::DFIR - BumbleBee Round 2::0002,DFIR - BumbleBee Round 2
2657,attack_flow,45,0.001,100,0.2,attack_flow::DFIR - BumbleBee Round 2::0003,DFIR - BumbleBee Round 2
2658,attack_flow,45,0.001,100,0.2,attack_flow::DFIR - BumbleBee Round 2::0004,DFIR - BumbleBee Round 2
2659,attack_flow,45,0.001,100,0.2,attack_flow::DFIR - BumbleBee Round 2::0005,DFIR - BumbleBee Round 2
2660,attack_flow,45,0.001,100,0.2,attack_flow::DFIR - BumbleBee Round 2::0006,DFIR - BumbleBee Round 2
2661,attack_flow,45,0.001,100,0.2,attack_flow::DFIR - BumbleBee Round 2::0007,DFIR - BumbleBee Round 2
2662,attack_flow,45,0.001,100,0.2,attack_flow::DFIR - BumbleBee Round 2::0008,DFIR - BumbleBee Round 2
2663,attack_flow,45,0.001,100,0.2,attack_flow::DFIR - BumbleBee Round 2::0009,DFIR - BumbleBee Round 2
2664,attack_flow,45,0.001,100,0.2,attack_flow::DFIR - BumbleBee Round 2::0010,DFIR - BumbleBee Round 2
2665,attack_flow,45,0.001,100,0.2,attack_flow::DFIR - BumbleBee Round 2::0011,DFIR - BumbleBee Round 2
2666,attack_flow,45,0.001,100,0.2,attack_flow::DFIR - BumbleBee Round 2::0012,DFIR - BumbleBee Round 2
2667,attack_flow,45,0.001,100,0.2,attack_flow::Equifax Breach::0001,Equifax Breach
2668,attack_flow,45,0.001,100,0.2,attack_flow::Equifax Breach::0002,Equifax Breach
2669,attack_flow,45,0.001,100,0.2,attack_flow::Equifax Breach::0003,Equifax Breach
2670,attack_flow,45,0.001,100,0.2,attack_flow::Equifax Breach::0004,Equifax Breach
2671,attack_flow,45,0.001,100,0.2,attack_flow::Equifax Breach::0005,Equifax Breach
2672,attack_flow,45,0.001,100,0.2,attack_flow::Equifax Breach::0006,Equifax Breach
2673,attack_flow,45,0.001,100,0.2,attack_flow::Equifax Breach::0007,Equifax Breach
2674,attack_flow,45,0.001,100,0.2,attack_flow::Equifax Breach::0008,Equifax Breach
2675,attack_flow,45,0.001,100,0.2,attack_flow::FIN13 Case 1::0001,FIN13 Case 1
2676,attack_flow,45,0.001,100,0.2,attack_flow::FIN13 Case 1::0002,FIN13 Case 1
2677,attack_flow,45,0.001,100,0.2,attack_flow::FIN13 Case 1::0003,FIN13 Case 1
2678,attack_flow,45,0.001,100,0.2,attack_flow::FIN13 Case 1::0004,FIN13 Case 1
2679,attack_flow,45,0.001,100,0.2,attack_flow::FIN13 Case 1::0005,FIN13 Case 1
2680,attack_flow,45,0.001,100,0.2,attack_flow::FIN13 Case 1::0006,FIN13 Case 1
2681,attack_flow,45,0.001,100,0.2,attack_flow::FIN13 Case 1::0007,FIN13 Case 1
2682,attack_flow,45,0.001,100,0.2,attack_flow::FIN13 Case 1::0008,FIN13 Case 1
2683,attack_flow,45,0.001,100,0.2,attack_flow::FIN13 Case 1::0009,FIN13 Case 1
2684,attack_flow,45,0.001,100,0.2,attack_flow::FIN13 Case 1::0010,FIN13 Case 1
2685,attack_flow,45,0.001,100,0.2,attack_flow::FIN13 Case 1::0011,FIN13 Case 1
2686,attack_flow,45,0.001,100,0.2,attack_flow::FIN13 Case 1::0012,FIN13 Case 1
2687,attack_flow,45,0.001,100,0.2,attack_flow::FIN13 Case 1::0013,FIN13 Case 1
2688,attack_flow,45,0.001,100,0.2,attack_flow::FIN13 Case 1::0014,FIN13 Case 1
2689,attack_flow,45,0.001,100,0.2,attack_flow::FIN13 Case 1::0015,FIN13 Case 1
2690,attack_flow,45,0.001,100,0.2,attack_flow::FIN13 Case 1::0016,FIN13 Case 1
2691,attack_flow,45,0.001,100,0.2,attack_flow::FIN13 Case 1::0017,FIN13 Case 1
2692,attack_flow,45,0.001,100,0.2,attack_flow::FIN13 Case 1::0018,FIN13 Case 1
2693,attack_flow,45,0.001,100,0.2,attack_flow::FIN13 Case 1::0019,FIN13 Case 1
2694,attack_flow,45,0.001,100,0.2,attack_flow::FIN13 Case 1::0020,FIN13 Case 1
2695,attack_flow,45,0.001,100,0.2,attack_flow::FIN13 Case 1::0021,FIN13 Case 1
2696,attack_flow,45,0.001,100,0.2,attack_flow::FIN13 Case 1::0022,FIN13 Case 1
2697,attack_flow,45,0.001,100,0.2,attack_flow::FIN13 Case 1::0023,FIN13 Case 1
2698,attack_flow,45,0.001,100,0.2,attack_flow::FIN13 Case 1::0024,FIN13 Case 1
2699,attack_flow,45,0.001,100,0.2,attack_flow::FIN13 Case 1::0025,FIN13 Case 1
2700,attack_flow,45,0.001,100,0.2,attack_flow::FIN13 Case 1::0029,FIN13 Case 1
2701,attack_flow,45,0.001,100,0.2,attack_flow::FIN13 Case 1::0030,FIN13 Case 1
2702,attack_flow,45,0.001,100,0.2,attack_flow::FIN13 Case 1::0031,FIN13 Case 1
2703,attack_flow,45,0.001,100,0.2,attack_flow::FIN13 Case 2::0001,FIN13 Case 2
2704,attack_flow,45,0.001,100,0.2,attack_flow::FIN13 Case 2::0002,FIN13 Case 2
2705,attack_flow,45,0.001,100,0.2,attack_flow::FIN13 Case 2::0003,FIN13 Case 2
2706,attack_flow,45,0.001,100,0.2,attack_flow::FIN13 Case 2::0004,FIN13 Case 2
2707,attack_flow,45,0.001,100,0.2,attack_flow::FIN13 Case 2::0005,FIN13 Case 2
2708,attack_flow,45,0.001,100,0.2,attack_flow::FIN13 Case 2::0007,FIN13 Case 2
2709,attack_flow,45,0.001,100,0.2,attack_flow::FIN13 Case 2::0008,FIN13 Case 2
2710,attack_flow,45,0.001,100,0.2,attack_flow::FIN13 Case 2::0009,FIN13 Case 2
2711,attack_flow,45,0.001,100,0.2,attack_flow::FIN13 Case 2::0010,FIN13 Case 2
2712,attack_flow,45,0.001,100,0.2,attack_flow::FIN13 Case 2::0011,FIN13 Case 2
2713,attack_flow,45,0.001,100,0.2,attack_flow::FIN13 Case 2::0012,FIN13 Case 2
2714,attack_flow,45,0.001,100,0.2,attack_flow::FIN13 Case 2::0013,FIN13 Case 2
2715,attack_flow,45,0.001,100,0.2,attack_flow::FIN13 Case 2::0014,FIN13 Case 2
2716,attack_flow,45,0.001,100,0.2,attack_flow::Gootloader::0001,Gootloader
2717,attack_flow,45,0.001,100,0.2,attack_flow::Gootloader::0002,Gootloader
2718,attack_flow,45,0.001,100,0.2,attack_flow::Gootloader::0003,Gootloader
2719,attack_flow,45,0.001,100,0.2,attack_flow::Gootloader::0005,Gootloader
2720,attack_flow,45,0.001,100,0.2,attack_flow::Gootloader::0006,Gootloader
2721,attack_flow,45,0.001,100,0.2,attack_flow::Gootloader::0007,Gootloader
2722,attack_flow,45,0.001,100,0.2,attack_flow::Gootloader::0008,Gootloader
2723,attack_flow,45,0.001,100,0.2,attack_flow::Gootloader::0009,Gootloader
2724,attack_flow,45,0.001,100,0.2,attack_flow::Gootloader::0010,Gootloader
2725,attack_flow,45,0.001,100,0.2,attack_flow::Gootloader::0011,Gootloader
2726,attack_flow,45,0.001,100,0.2,attack_flow::Gootloader::0012,Gootloader
2727,attack_flow,45,0.001,100,0.2,attack_flow::Gootloader::0013,Gootloader
2728,attack_flow,45,0.001,100,0.2,attack_flow::Gootloader::0014,Gootloader
2729,attack_flow,45,0.001,100,0.2,attack_flow::Gootloader::0015,Gootloader
2730,attack_flow,45,0.001,100,0.2,attack_flow::Gootloader::0016,Gootloader
2731,attack_flow,45,0.001,100,0.2,attack_flow::Gootloader::0017,Gootloader
2732,attack_flow,45,0.001,100,0.2,attack_flow::Gootloader::0018,Gootloader
2733,attack_flow,45,0.001,100,0.2,attack_flow::Gootloader::0019,Gootloader
2734,attack_flow,45,0.001,100,0.2,attack_flow::Gootloader::0020,Gootloader
2735,attack_flow,45,0.001,100,0.2,attack_flow::Gootloader::0021,Gootloader
2736,attack_flow,45,0.001,100,0.2,attack_flow::Gootloader::0022,Gootloader
2737,attack_flow,45,0.001,100,0.2,attack_flow::Gootloader::0023,Gootloader
2738,attack_flow,45,0.001,100,0.2,attack_flow::Gootloader::0024,Gootloader
2739,attack_flow,45,0.001,100,0.2,attack_flow::Gootloader::0025,Gootloader
2740,attack_flow,45,0.001,100,0.2,attack_flow::Gootloader::0026,Gootloader
2741,attack_flow,45,0.001,100,0.2,attack_flow::Gootloader::0027,Gootloader
2742,attack_flow,45,0.001,100,0.2,attack_flow::Gootloader::0028,Gootloader
2743,attack_flow,45,0.001,100,0.2,attack_flow::Gootloader::0029,Gootloader
2744,attack_flow,45,0.001,100,0.2,attack_flow::Hancitor DLL::0001,Hancitor DLL
2745,attack_flow,45,0.001,100,0.2,attack_flow::Hancitor DLL::0002,Hancitor DLL
2746,attack_flow,45,0.001,100,0.2,attack_flow::Hancitor DLL::0003,Hancitor DLL
2747,attack_flow,45,0.001,100,0.2,attack_flow::Hancitor DLL::0004,Hancitor DLL
2748,attack_flow,45,0.001,100,0.2,attack_flow::Hancitor DLL::0005,Hancitor DLL
2749,attack_flow,45,0.001,100,0.2,attack_flow::Hancitor DLL::0006,Hancitor DLL
2750,attack_flow,45,0.001,100,0.2,attack_flow::Hancitor DLL::0007,Hancitor DLL
2751,attack_flow,45,0.001,100,0.2,attack_flow::Hancitor DLL::0008,Hancitor DLL
2752,attack_flow,45,0.001,100,0.2,attack_flow::Hancitor DLL::0010,Hancitor DLL
2753,attack_flow,45,0.001,100,0.2,attack_flow::Hancitor DLL::0011,Hancitor DLL
2754,attack_flow,45,0.001,100,0.2,attack_flow::Hancitor DLL::0012,Hancitor DLL
2755,attack_flow,45,0.001,100,0.2,attack_flow::Hancitor DLL::0013,Hancitor DLL
2756,attack_flow,45,0.001,100,0.2,attack_flow::Hancitor DLL::0014,Hancitor DLL
2757,attack_flow,45,0.001,100,0.2,attack_flow::Hancitor DLL::0015,Hancitor DLL
2758,attack_flow,45,0.001,100,0.2,attack_flow::Hancitor DLL::0016,Hancitor DLL
2759,attack_flow,45,0.001,100,0.2,attack_flow::Hancitor DLL::0017,Hancitor DLL
2760,attack_flow,45,0.001,100,0.2,attack_flow::Hancitor DLL::0018,Hancitor DLL
2761,attack_flow,45,0.001,100,0.2,attack_flow::Hancitor DLL::0019,Hancitor DLL
2762,attack_flow,45,0.001,100,0.2,attack_flow::Ivanti Vulnerabilities::0001,Ivanti Vulnerabilities
2763,attack_flow,45,0.001,100,0.2,attack_flow::Ivanti Vulnerabilities::0002,Ivanti Vulnerabilities
2764,attack_flow,45,0.001,100,0.2,attack_flow::Ivanti Vulnerabilities::0003,Ivanti Vulnerabilities
2765,attack_flow,45,0.001,100,0.2,attack_flow::Ivanti Vulnerabilities::0004,Ivanti Vulnerabilities
2766,attack_flow,45,0.001,100,0.2,attack_flow::Ivanti Vulnerabilities::0005,Ivanti Vulnerabilities
2767,attack_flow,45,0.001,100,0.2,attack_flow::JP Morgan Breach::0001,JP Morgan Breach
2768,attack_flow,45,0.001,100,0.2,attack_flow::JP Morgan Breach::0002,JP Morgan Breach
2769,attack_flow,45,0.001,100,0.2,attack_flow::JP Morgan Breach::0003,JP Morgan Breach
2770,attack_flow,45,0.001,100,0.2,attack_flow::JP Morgan Breach::0004,JP Morgan Breach
2771,attack_flow,45,0.001,100,0.2,attack_flow::JP Morgan Breach::0005,JP Morgan Breach
2772,attack_flow,45,0.001,100,0.2,attack_flow::JP Morgan Breach::0006,JP Morgan Breach
2773,attack_flow,45,0.001,100,0.2,attack_flow::JP Morgan Breach::0008,JP Morgan Breach
2774,attack_flow,45,0.001,100,0.2,attack_flow::JP Morgan Breach::0009,JP Morgan Breach
2775,attack_flow,45,0.001,100,0.2,attack_flow::MITRE NERVE::0001,MITRE NERVE
2776,attack_flow,45,0.001,100,0.2,attack_flow::MITRE NERVE::0002,MITRE NERVE
2777,attack_flow,45,0.001,100,0.2,attack_flow::MITRE NERVE::0003,MITRE NERVE
2778,attack_flow,45,0.001,100,0.2,attack_flow::MITRE NERVE::0004,MITRE NERVE
2779,attack_flow,45,0.001,100,0.2,attack_flow::MITRE NERVE::0005,MITRE NERVE
2780,attack_flow,45,0.001,100,0.2,attack_flow::MITRE NERVE::0006,MITRE NERVE
2781,attack_flow,45,0.001,100,0.2,attack_flow::MITRE NERVE::0007,MITRE NERVE
2782,attack_flow,45,0.001,100,0.2,attack_flow::Maastricht University Ransomware::0001,Maastricht University Ransomware
2783,attack_flow,45,0.001,100,0.2,attack_flow::Maastricht University Ransomware::0003,Maastricht University Ransomware
2784,attack_flow,45,0.001,100,0.2,attack_flow::Maastricht University Ransomware::0004,Maastricht University Ransomware
2785,attack_flow,45,0.001,100,0.2,attack_flow::Maastricht University Ransomware::0005,Maastricht University Ransomware
2786,attack_flow,45,0.001,100,0.2,attack_flow::Maastricht University Ransomware::0006,Maastricht University Ransomware
2787,attack_flow,45,0.001,100,0.2,attack_flow::Maastricht University Ransomware::0007,Maastricht University Ransomware
2788,attack_flow,45,0.001,100,0.2,attack_flow::Maastricht University Ransomware::0008,Maastricht University Ransomware
2789,attack_flow,45,0.001,100,0.2,attack_flow::Maastricht University Ransomware::0009,Maastricht University Ransomware
2790,attack_flow,45,0.001,100,0.2,attack_flow::Maastricht University Ransomware::0010,Maastricht University Ransomware
2791,attack_flow,45,0.001,100,0.2,attack_flow::Maastricht University Ransomware::0011,Maastricht University Ransomware
2792,attack_flow,45,0.001,100,0.2,attack_flow::Mac Malware Steals Crypto::0001,Mac Malware Steals Crypto
2793,attack_flow,45,0.001,100,0.2,attack_flow::Mac Malware Steals Crypto::0002,Mac Malware Steals Crypto
2794,attack_flow,45,0.001,100,0.2,attack_flow::Mac Malware Steals Crypto::0004,Mac Malware Steals Crypto
2795,attack_flow,45,0.001,100,0.2,attack_flow::Marriott Breach::0001,Marriott Breach
2796,attack_flow,45,0.001,100,0.2,attack_flow::Marriott Breach::0002,Marriott Breach
2797,attack_flow,45,0.001,100,0.2,attack_flow::Marriott Breach::0003,Marriott Breach
2798,attack_flow,45,0.001,100,0.2,attack_flow::Marriott Breach::0004,Marriott Breach
2799,attack_flow,45,0.001,100,0.2,attack_flow::Muddy Water::0001,Muddy Water
2800,attack_flow,45,0.001,100,0.2,attack_flow::Muddy Water::0002,Muddy Water
2801,attack_flow,45,0.001,100,0.2,attack_flow::Muddy Water::0003,Muddy Water
2802,attack_flow,45,0.001,100,0.2,attack_flow::Muddy Water::0004,Muddy Water
2803,attack_flow,45,0.001,100,0.2,attack_flow::Muddy Water::0005,Muddy Water
2804,attack_flow,45,0.001,100,0.2,attack_flow::Muddy Water::0006,Muddy Water
2805,attack_flow,45,0.001,100,0.2,attack_flow::Muddy Water::0008,Muddy Water
2806,attack_flow,45,0.001,100,0.2,attack_flow::Muddy Water::0009,Muddy Water
2807,attack_flow,45,0.001,100,0.2,attack_flow::NotPetya::0001,NotPetya
2808,attack_flow,45,0.001,100,0.2,attack_flow::NotPetya::0002,NotPetya
2809,attack_flow,45,0.001,100,0.2,attack_flow::NotPetya::0003,NotPetya
2810,attack_flow,45,0.001,100,0.2,attack_flow::NotPetya::0004,NotPetya
2811,attack_flow,45,0.001,100,0.2,attack_flow::NotPetya::0008,NotPetya
2812,attack_flow,45,0.001,100,0.2,attack_flow::NotPetya::0009,NotPetya
2813,attack_flow,45,0.001,100,0.2,attack_flow::NotPetya::0010,NotPetya
2814,attack_flow,45,0.001,100,0.2,attack_flow::NotPetya::0011,NotPetya
2815,attack_flow,45,0.001,100,0.2,attack_flow::NotPetya::0012,NotPetya
2816,attack_flow,45,0.001,100,0.2,attack_flow::NotPetya::0013,NotPetya
2817,attack_flow,45,0.001,100,0.2,attack_flow::NotPetya::0014,NotPetya
2818,attack_flow,45,0.001,100,0.2,attack_flow::NotPetya::0015,NotPetya
2819,attack_flow,45,0.001,100,0.2,attack_flow::NotPetya::0016,NotPetya
2820,attack_flow,45,0.001,100,0.2,attack_flow::OceanLotus::0001,OceanLotus
2821,attack_flow,45,0.001,100,0.2,attack_flow::OceanLotus::0002,OceanLotus
2822,attack_flow,45,0.001,100,0.2,attack_flow::OceanLotus::0003,OceanLotus
2823,attack_flow,45,0.001,100,0.2,attack_flow::OceanLotus::0004,OceanLotus
2824,attack_flow,45,0.001,100,0.2,attack_flow::OceanLotus::0005,OceanLotus
2825,attack_flow,45,0.001,100,0.2,attack_flow::OceanLotus::0006,OceanLotus
2826,attack_flow,45,0.001,100,0.2,attack_flow::OceanLotus::0007,OceanLotus
2827,attack_flow,45,0.001,100,0.2,attack_flow::OceanLotus::0008,OceanLotus
2828,attack_flow,45,0.001,100,0.2,attack_flow::OceanLotus::0009,OceanLotus
2829,attack_flow,45,0.001,100,0.2,attack_flow::OceanLotus::0010,OceanLotus
2830,attack_flow,45,0.001,100,0.2,attack_flow::OceanLotus::0011,OceanLotus
2831,attack_flow,45,0.001,100,0.2,attack_flow::OceanLotus::0012,OceanLotus
2832,attack_flow,45,0.001,100,0.2,attack_flow::OceanLotus::0013,OceanLotus
2833,attack_flow,45,0.001,100,0.2,attack_flow::OceanLotus::0014,OceanLotus
2834,attack_flow,45,0.001,100,0.2,attack_flow::OceanLotus::0015,OceanLotus
2835,attack_flow,45,0.001,100,0.2,attack_flow::OceanLotus::0016,OceanLotus
2836,attack_flow,45,0.001,100,0.2,attack_flow::OceanLotus::0017,OceanLotus
2837,attack_flow,45,0.001,100,0.2,attack_flow::OceanLotus::0018,OceanLotus
2838,attack_flow,45,0.001,100,0.2,attack_flow::OceanLotus::0019,OceanLotus
2839,attack_flow,45,0.001,100,0.2,attack_flow::OceanLotus::0020,OceanLotus
2840,attack_flow,45,0.001,100,0.2,attack_flow::REvil::0001,REvil
2841,attack_flow,45,0.001,100,0.2,attack_flow::REvil::0002,REvil
2842,attack_flow,45,0.001,100,0.2,attack_flow::REvil::0003,REvil
2843,attack_flow,45,0.001,100,0.2,attack_flow::REvil::0004,REvil
2844,attack_flow,45,0.001,100,0.2,attack_flow::REvil::0005,REvil
2845,attack_flow,45,0.001,100,0.2,attack_flow::REvil::0006,REvil
2846,attack_flow,45,0.001,100,0.2,attack_flow::REvil::0007,REvil
2847,attack_flow,45,0.001,100,0.2,attack_flow::REvil::0008,REvil
2848,attack_flow,45,0.001,100,0.2,attack_flow::REvil::0009,REvil
2849,attack_flow,45,0.001,100,0.2,attack_flow::REvil::0010,REvil
2850,attack_flow,45,0.001,100,0.2,attack_flow::REvil::0011,REvil
2851,attack_flow,45,0.001,100,0.2,attack_flow::REvil::0012,REvil
2852,attack_flow,45,0.001,100,0.2,attack_flow::REvil::0013,REvil
2853,attack_flow,45,0.001,100,0.2,attack_flow::REvil::0014,REvil
2854,attack_flow,45,0.001,100,0.2,attack_flow::REvil::0015,REvil
2855,attack_flow,45,0.001,100,0.2,attack_flow::REvil::0016,REvil
2856,attack_flow,45,0.001,100,0.2,attack_flow::REvil::0017,REvil
2857,attack_flow,45,0.001,100,0.2,attack_flow::REvil::0018,REvil
2858,attack_flow,45,0.001,100,0.2,attack_flow::Ragnar Locker::0001,Ragnar Locker
2859,attack_flow,45,0.001,100,0.2,attack_flow::Ragnar Locker::0002,Ragnar Locker
2860,attack_flow,45,0.001,100,0.2,attack_flow::Ragnar Locker::0003,Ragnar Locker
2861,attack_flow,45,0.001,100,0.2,attack_flow::Ragnar Locker::0004,Ragnar Locker
2862,attack_flow,45,0.001,100,0.2,attack_flow::Ragnar Locker::0005,Ragnar Locker
2863,attack_flow,45,0.001,100,0.2,attack_flow::Ragnar Locker::0006,Ragnar Locker
2864,attack_flow,45,0.001,100,0.2,attack_flow::Ragnar Locker::0007,Ragnar Locker
2865,attack_flow,45,0.001,100,0.2,attack_flow::Ragnar Locker::0008,Ragnar Locker
2866,attack_flow,45,0.001,100,0.2,attack_flow::Ragnar Locker::0009,Ragnar Locker
2867,attack_flow,45,0.001,100,0.2,attack_flow::Ragnar Locker::0010,Ragnar Locker
2868,attack_flow,45,0.001,100,0.2,attack_flow::Ragnar Locker::0011,Ragnar Locker
2869,attack_flow,45,0.001,100,0.2,attack_flow::Ragnar Locker::0012,Ragnar Locker
2870,attack_flow,45,0.001,100,0.2,attack_flow::SWIFT Heist::0001,SWIFT Heist
2871,attack_flow,45,0.001,100,0.2,attack_flow::SWIFT Heist::0002,SWIFT Heist
2872,attack_flow,45,0.001,100,0.2,attack_flow::SWIFT Heist::0003,SWIFT Heist
2873,attack_flow,45,0.001,100,0.2,attack_flow::SWIFT Heist::0004,SWIFT Heist
2874,attack_flow,45,0.001,100,0.2,attack_flow::SearchAwesome Adware::0001,SearchAwesome Adware
2875,attack_flow,45,0.001,100,0.2,attack_flow::SearchAwesome Adware::0002,SearchAwesome Adware
2876,attack_flow,45,0.001,100,0.2,attack_flow::SearchAwesome Adware::0003,SearchAwesome Adware
2877,attack_flow,45,0.001,100,0.2,attack_flow::SearchAwesome Adware::0004,SearchAwesome Adware
2878,attack_flow,45,0.001,100,0.2,attack_flow::SearchAwesome Adware::0005,SearchAwesome Adware
2879,attack_flow,45,0.001,100,0.2,attack_flow::SearchAwesome Adware::0006,SearchAwesome Adware
2880,attack_flow,45,0.001,100,0.2,attack_flow::SearchAwesome Adware::0007,SearchAwesome Adware
2881,attack_flow,45,0.001,100,0.2,attack_flow::SearchAwesome Adware::0008,SearchAwesome Adware
2882,attack_flow,45,0.001,100,0.2,attack_flow::SearchAwesome Adware::0009,SearchAwesome Adware
2883,attack_flow,45,0.001,100,0.2,attack_flow::SearchAwesome Adware::0010,SearchAwesome Adware
2884,attack_flow,45,0.001,100,0.2,attack_flow::Shamoon::0001,Shamoon
2885,attack_flow,45,0.001,100,0.2,attack_flow::Shamoon::0002,Shamoon
2886,attack_flow,45,0.001,100,0.2,attack_flow::Shamoon::0003,Shamoon
2887,attack_flow,45,0.001,100,0.2,attack_flow::Shamoon::0004,Shamoon
2888,attack_flow,45,0.001,100,0.2,attack_flow::Shamoon::0005,Shamoon
2889,attack_flow,45,0.001,100,0.2,attack_flow::Shamoon::0006,Shamoon
2890,attack_flow,45,0.001,100,0.2,attack_flow::Shamoon::0007,Shamoon
2891,attack_flow,45,0.001,100,0.2,attack_flow::Shamoon::0008,Shamoon
2892,attack_flow,45,0.001,100,0.2,attack_flow::Shamoon::0009,Shamoon
2893,attack_flow,45,0.001,100,0.2,attack_flow::Shamoon::0010,Shamoon
2894,attack_flow,45,0.001,100,0.2,attack_flow::Shamoon::0011,Shamoon
2895,attack_flow,45,0.001,100,0.2,attack_flow::Shamoon::0012,Shamoon
2896,attack_flow,45,0.001,100,0.2,attack_flow::Shamoon::0013,Shamoon
2897,attack_flow,45,0.001,100,0.2,attack_flow::Shamoon::0014,Shamoon
2898,attack_flow,45,0.001,100,0.2,attack_flow::Shamoon::0015,Shamoon
2899,attack_flow,45,0.001,100,0.2,attack_flow::Shamoon::0016,Shamoon
2900,attack_flow,45,0.001,100,0.2,attack_flow::Shamoon::0017,Shamoon
2901,attack_flow,45,0.001,100,0.2,attack_flow::Shamoon::0018,Shamoon
2902,attack_flow,45,0.001,100,0.2,attack_flow::SolarWinds::0001,SolarWinds
2903,attack_flow,45,0.001,100,0.2,attack_flow::SolarWinds::0002,SolarWinds
2904,attack_flow,45,0.001,100,0.2,attack_flow::SolarWinds::0003,SolarWinds
2905,attack_flow,45,0.001,100,0.2,attack_flow::SolarWinds::0004,SolarWinds
2906,attack_flow,45,0.001,100,0.2,attack_flow::SolarWinds::0005,SolarWinds
2907,attack_flow,45,0.001,100,0.2,attack_flow::SolarWinds::0006,SolarWinds
2908,attack_flow,45,0.001,100,0.2,attack_flow::SolarWinds::0007,SolarWinds
2909,attack_flow,45,0.001,100,0.2,attack_flow::SolarWinds::0008,SolarWinds
2910,attack_flow,45,0.001,100,0.2,attack_flow::SolarWinds::0009,SolarWinds
2911,attack_flow,45,0.001,100,0.2,attack_flow::SolarWinds::0010,SolarWinds
2912,attack_flow,45,0.001,100,0.2,attack_flow::SolarWinds::0011,SolarWinds
2913,attack_flow,45,0.001,100,0.2,attack_flow::SolarWinds::0012,SolarWinds
2914,attack_flow,45,0.001,100,0.2,attack_flow::SolarWinds::0013,SolarWinds
2915,attack_flow,45,0.001,100,0.2,attack_flow::SolarWinds::0014,SolarWinds
2916,attack_flow,45,0.001,100,0.2,attack_flow::SolarWinds::0015,SolarWinds
2917,attack_flow,45,0.001,100,0.2,attack_flow::SolarWinds::0016,SolarWinds
2918,attack_flow,45,0.001,100,0.2,attack_flow::Sony Malware::0001,Sony Malware
2919,attack_flow,45,0.001,100,0.2,attack_flow::Sony Malware::0002,Sony Malware
2920,attack_flow,45,0.001,100,0.2,attack_flow::Sony Malware::0003,Sony Malware
2921,attack_flow,45,0.001,100,0.2,attack_flow::Sony Malware::0004,Sony Malware
2922,attack_flow,45,0.001,100,0.2,attack_flow::Sony Malware::0005,Sony Malware
2923,attack_flow,45,0.001,100,0.2,attack_flow::Sony Malware::0006,Sony Malware
2924,attack_flow,45,0.001,100,0.2,attack_flow::Sony Malware::0007,Sony Malware
2925,attack_flow,45,0.001,100,0.2,attack_flow::Sony Malware::0008,Sony Malware
2926,attack_flow,45,0.001,100,0.2,attack_flow::Sony Malware::0009,Sony Malware
2927,attack_flow,45,0.001,100,0.2,attack_flow::Sony Malware::0010,Sony Malware
2928,attack_flow,45,0.001,100,0.2,attack_flow::Sony Malware::0011,Sony Malware
2929,attack_flow,45,0.001,100,0.2,attack_flow::Sony Malware::0012,Sony Malware
2930,attack_flow,45,0.001,100,0.2,attack_flow::Target Breach::0001,Target Breach
2931,attack_flow,45,0.001,100,0.2,attack_flow::Target Breach::0002,Target Breach
2932,attack_flow,45,0.001,100,0.2,attack_flow::Target Breach::0003,Target Breach
2933,attack_flow,45,0.001,100,0.2,attack_flow::Target Breach::0004,Target Breach
2934,attack_flow,45,0.001,100,0.2,attack_flow::Target Breach::0008,Target Breach
2935,attack_flow,45,0.001,100,0.2,attack_flow::Target Breach::0009,Target Breach
2936,attack_flow,45,0.001,100,0.2,attack_flow::Target Breach::0010,Target Breach
2937,attack_flow,45,0.001,100,0.2,attack_flow::Target Breach::0011,Target Breach
2938,attack_flow,45,0.001,100,0.2,attack_flow::Tesla Kubernetes Breach::0001,Tesla Kubernetes Breach
2939,attack_flow,45,0.001,100,0.2,attack_flow::Tesla Kubernetes Breach::0002,Tesla Kubernetes Breach
2940,attack_flow,45,0.001,100,0.2,attack_flow::Tesla Kubernetes Breach::0003,Tesla Kubernetes Breach
2941,attack_flow,45,0.001,100,0.2,attack_flow::Uber Breach::0001,Uber Breach
2942,attack_flow,45,0.001,100,0.2,attack_flow::Uber Breach::0002,Uber Breach
2943,attack_flow,45,0.001,100,0.2,attack_flow::Uber Breach::0003,Uber Breach
2944,attack_flow,45,0.001,100,0.2,attack_flow::Uber Breach::0004,Uber Breach
2945,attack_flow,45,0.001,100,0.2,attack_flow::Uber Breach::0005,Uber Breach
2946,attack_flow,45,0.001,100,0.2,attack_flow::Uber Breach::0006,Uber Breach
2947,attack_flow,45,0.001,100,0.2,attack_flow::WhisperGate::0001,WhisperGate
2948,attack_flow,45,0.001,100,0.2,attack_flow::WhisperGate::0002,WhisperGate
2949,attack_flow,45,0.001,100,0.2,attack_flow::WhisperGate::0003,WhisperGate
2950,attack_flow,45,0.001,100,0.2,attack_flow::WhisperGate::0004,WhisperGate
2951,attack_flow,45,0.001,100,0.2,attack_flow::WhisperGate::0005,WhisperGate
2952,attack_flow,45,0.001,100,0.2,attack_flow::WhisperGate::0006,WhisperGate
2953,attack_flow,45,0.001,100,0.2,attack_flow::WhisperGate::0007,WhisperGate
2954,attack_flow,45,0.001,100,0.2,attack_flow::WhisperGate::0008,WhisperGate
2955,attack_flow,45,0.001,100,0.2,attack_flow::WhisperGate::0009,WhisperGate
2956,attack_flow,45,0.001,100,0.2,attack_flow::WhisperGate::0010,WhisperGate
2957,attack_flow,45,0.001,100,0.2,attack_flow::WhisperGate::0011,WhisperGate
2958,attack_flow,45,0.001,100,0.2,attack_flow::WhisperGate::0013,WhisperGate
2959,attack_flow,45,0.001,100,0.2,attack_flow::WhisperGate::0014,WhisperGate
2960,attack_flow,45,0.001,100,0.2,attack_flow::WhisperGate::0015,WhisperGate
2961,attack_flow,45,0.001,100,0.2,attack_flow::WhisperGate::0016,WhisperGate
2962,attack_flow,45,0.001,100,0.2,attack_flow::WhisperGate::0017,WhisperGate
2963,attack_flow,46,0.001,100,0.2,attack_flow::Black Basta Ransomware::0001,Black Basta Ransomware
2964,attack_flow,46,0.001,100,0.2,attack_flow::Black Basta Ransomware::0002,Black Basta Ransomware
2965,attack_flow,46,0.001,100,0.2,attack_flow::Black Basta Ransomware::0003,Black Basta Ransomware
2966,attack_flow,46,0.001,100,0.2,attack_flow::Black Basta Ransomware::0004,Black Basta Ransomware
2967,attack_flow,46,0.001,100,0.2,attack_flow::Black Basta Ransomware::0005,Black Basta Ransomware
2968,attack_flow,46,0.001,100,0.2,attack_flow::Black Basta Ransomware::0006,Black Basta Ransomware
2969,attack_flow,46,0.001,100,0.2,attack_flow::Black Basta Ransomware::0007,Black Basta Ransomware
2970,attack_flow,46,0.001,100,0.2,attack_flow::Black Basta Ransomware::0008,Black Basta Ransomware
2971,attack_flow,46,0.001,100,0.2,attack_flow::Black Basta Ransomware::0009,Black Basta Ransomware
2972,attack_flow,46,0.001,100,0.2,attack_flow::Black Basta Ransomware::0010,Black Basta Ransomware
2973,attack_flow,46,0.001,100,0.2,attack_flow::Black Basta Ransomware::0011,Black Basta Ransomware
2974,attack_flow,46,0.001,100,0.2,attack_flow::Black Basta Ransomware::0012,Black Basta Ransomware
2975,attack_flow,46,0.001,100,0.2,attack_flow::Black Basta Ransomware::0013,Black Basta Ransomware
2976,attack_flow,46,0.001,100,0.2,attack_flow::Black Basta Ransomware::0014,Black Basta Ransomware
2977,attack_flow,46,0.001,100,0.2,attack_flow::Black Basta Ransomware::0015,Black Basta Ransomware
2978,attack_flow,46,0.001,100,0.2,attack_flow::Black Basta Ransomware::0016,Black Basta Ransomware
2979,attack_flow,46,0.001,100,0.2,attack_flow::Black Basta Ransomware::0017,Black Basta Ransomware
2980,attack_flow,46,0.001,100,0.2,attack_flow::Black Basta Ransomware::0018,Black Basta Ransomware
2981,attack_flow,46,0.001,100,0.2,attack_flow::Black Basta Ransomware::0019,Black Basta Ransomware
2982,attack_flow,46,0.001,100,0.2,attack_flow::Black Basta Ransomware::0020,Black Basta Ransomware
2983,attack_flow,46,0.001,100,0.2,attack_flow::Black Basta Ransomware::0021,Black Basta Ransomware
2984,attack_flow,46,0.001,100,0.2,attack_flow::Black Basta Ransomware::0022,Black Basta Ransomware
2985,attack_flow,46,0.001,100,0.2,attack_flow::Black Basta Ransomware::0023,Black Basta Ransomware
2986,attack_flow,46,0.001,100,0.2,attack_flow::Black Basta Ransomware::0024,Black Basta Ransomware
2987,attack_flow,46,0.001,100,0.2,attack_flow::CISA AA22-138B VMWare Workspace (Alt)::0001,CISA AA22-138B VMWare Workspace (Alt)
2988,attack_flow,46,0.001,100,0.2,attack_flow::CISA AA22-138B VMWare Workspace (Alt)::0002,CISA AA22-138B VMWare Workspace (Alt)
2989,attack_flow,46,0.001,100,0.2,attack_flow::CISA AA22-138B VMWare Workspace (Alt)::0003,CISA AA22-138B VMWare Workspace (Alt)
2990,attack_flow,46,0.001,100,0.2,attack_flow::CISA AA22-138B VMWare Workspace (Alt)::0004,CISA AA22-138B VMWare Workspace (Alt)
2991,attack_flow,46,0.001,100,0.2,attack_flow::CISA AA22-138B VMWare Workspace (Alt)::0005,CISA AA22-138B VMWare Workspace (Alt)
2992,attack_flow,46,0.001,100,0.2,attack_flow::CISA AA22-138B VMWare Workspace (Alt)::0006,CISA AA22-138B VMWare Workspace (Alt)
2993,attack_flow,46,0.001,100,0.2,attack_flow::CISA AA22-138B VMWare Workspace (Alt)::0007,CISA AA22-138B VMWare Workspace (Alt)
2994,attack_flow,46,0.001,100,0.2,attack_flow::CISA AA22-138B VMWare Workspace (Alt)::0008,CISA AA22-138B VMWare Workspace (Alt)
2995,attack_flow,46,0.001,100,0.2,attack_flow::CISA AA22-138B VMWare Workspace (TA1)::0001,CISA AA22-138B VMWare Workspace (TA1)
2996,attack_flow,46,0.001,100,0.2,attack_flow::CISA AA22-138B VMWare Workspace (TA1)::0002,CISA AA22-138B VMWare Workspace (TA1)
2997,attack_flow,46,0.001,100,0.2,attack_flow::CISA AA22-138B VMWare Workspace (TA1)::0003,CISA AA22-138B VMWare Workspace (TA1)
2998,attack_flow,46,0.001,100,0.2,attack_flow::CISA AA22-138B VMWare Workspace (TA1)::0004,CISA AA22-138B VMWare Workspace (TA1)
2999,attack_flow,46,0.001,100,0.2,attack_flow::CISA AA22-138B VMWare Workspace (TA1)::0005,CISA AA22-138B VMWare Workspace (TA1)
3000,attack_flow,46,0.001,100,0.2,attack_flow::CISA AA22-138B VMWare Workspace (TA1)::0006,CISA AA22-138B VMWare Workspace (TA1)
3001,attack_flow,46,0.001,100,0.2,attack_flow::CISA AA22-138B VMWare Workspace (TA1)::0007,CISA AA22-138B VMWare Workspace (TA1)
3002,attack_flow,46,0.001,100,0.2,attack_flow::CISA AA22-138B VMWare Workspace (TA1)::0008,CISA AA22-138B VMWare Workspace (TA1)
3003,attack_flow,46,0.001,100,0.2,attack_flow::CISA AA22-138B VMWare Workspace (TA2)::0001,CISA AA22-138B VMWare Workspace (TA2)
3004,attack_flow,46,0.001,100,0.2,attack_flow::CISA AA22-138B VMWare Workspace (TA2)::0002,CISA AA22-138B VMWare Workspace (TA2)
3005,attack_flow,46,0.001,100,0.2,attack_flow::CISA AA22-138B VMWare Workspace (TA2)::0003,CISA AA22-138B VMWare Workspace (TA2)
3006,attack_flow,46,0.001,100,0.2,attack_flow::CISA AA22-138B VMWare Workspace (TA2)::0004,CISA AA22-138B VMWare Workspace (TA2)
3007,attack_flow,46,0.001,100,0.2,attack_flow::CISA AA22-138B VMWare Workspace (TA2)::0005,CISA AA22-138B VMWare Workspace (TA2)
3008,attack_flow,46,0.001,100,0.2,attack_flow::CISA AA22-138B VMWare Workspace (TA2)::0006,CISA AA22-138B VMWare Workspace (TA2)
3009,attack_flow,46,0.001,100,0.2,attack_flow::CISA AA22-138B VMWare Workspace (TA2)::0007,CISA AA22-138B VMWare Workspace (TA2)
3010,attack_flow,46,0.001,100,0.2,attack_flow::CISA AA22-138B VMWare Workspace (TA2)::0008,CISA AA22-138B VMWare Workspace (TA2)
3011,attack_flow,46,0.001,100,0.2,attack_flow::CISA AA22-138B VMWare Workspace (TA2)::0009,CISA AA22-138B VMWare Workspace (TA2)
3012,attack_flow,46,0.001,100,0.2,attack_flow::CISA AA22-138B VMWare Workspace (TA2)::0010,CISA AA22-138B VMWare Workspace (TA2)
3013,attack_flow,46,0.001,100,0.2,attack_flow::CISA Iranian APT::0001,CISA Iranian APT
3014,attack_flow,46,0.001,100,0.2,attack_flow::CISA Iranian APT::0002,CISA Iranian APT
3015,attack_flow,46,0.001,100,0.2,attack_flow::CISA Iranian APT::0003,CISA Iranian APT
3016,attack_flow,46,0.001,100,0.2,attack_flow::CISA Iranian APT::0004,CISA Iranian APT
3017,attack_flow,46,0.001,100,0.2,attack_flow::CISA Iranian APT::0005,CISA Iranian APT
3018,attack_flow,46,0.001,100,0.2,attack_flow::CISA Iranian APT::0006,CISA Iranian APT
3019,attack_flow,46,0.001,100,0.2,attack_flow::CISA Iranian APT::0007,CISA Iranian APT
3020,attack_flow,46,0.001,100,0.2,attack_flow::CISA Iranian APT::0008,CISA Iranian APT
3021,attack_flow,46,0.001,100,0.2,attack_flow::CISA Iranian APT::0009,CISA Iranian APT
3022,attack_flow,46,0.001,100,0.2,attack_flow::CISA Iranian APT::0010,CISA Iranian APT
3023,attack_flow,46,0.001,100,0.2,attack_flow::CISA Iranian APT::0011,CISA Iranian APT
3024,attack_flow,46,0.001,100,0.2,attack_flow::CISA Iranian APT::0012,CISA Iranian APT
3025,attack_flow,46,0.001,100,0.2,attack_flow::CISA Iranian APT::0013,CISA Iranian APT
3026,attack_flow,46,0.001,100,0.2,attack_flow::CISA Iranian APT::0014,CISA Iranian APT
3027,attack_flow,46,0.001,100,0.2,attack_flow::CISA Iranian APT::0015,CISA Iranian APT
3028,attack_flow,46,0.001,100,0.2,attack_flow::CISA Iranian APT::0016,CISA Iranian APT
3029,attack_flow,46,0.001,100,0.2,attack_flow::CISA Iranian APT::0017,CISA Iranian APT
3030,attack_flow,46,0.001,100,0.2,attack_flow::CISA Iranian APT::0018,CISA Iranian APT
3031,attack_flow,46,0.001,100,0.2,attack_flow::CISA Iranian APT::0019,CISA Iranian APT
3032,attack_flow,46,0.001,100,0.2,attack_flow::CISA Iranian APT::0020,CISA Iranian APT
3033,attack_flow,46,0.001,100,0.2,attack_flow::CISA Iranian APT::0021,CISA Iranian APT
3034,attack_flow,46,0.001,100,0.2,attack_flow::Cobalt Kitty Campaign::0001,Cobalt Kitty Campaign
3035,attack_flow,46,0.001,100,0.2,attack_flow::Cobalt Kitty Campaign::0002,Cobalt Kitty Campaign
3036,attack_flow,46,0.001,100,0.2,attack_flow::Cobalt Kitty Campaign::0003,Cobalt Kitty Campaign
3037,attack_flow,46,0.001,100,0.2,attack_flow::Cobalt Kitty Campaign::0004,Cobalt Kitty Campaign
3038,attack_flow,46,0.001,100,0.2,attack_flow::Cobalt Kitty Campaign::0005,Cobalt Kitty Campaign
3039,attack_flow,46,0.001,100,0.2,attack_flow::Cobalt Kitty Campaign::0006,Cobalt Kitty Campaign
3040,attack_flow,46,0.001,100,0.2,attack_flow::Cobalt Kitty Campaign::0007,Cobalt Kitty Campaign
3041,attack_flow,46,0.001,100,0.2,attack_flow::Cobalt Kitty Campaign::0008,Cobalt Kitty Campaign
3042,attack_flow,46,0.001,100,0.2,attack_flow::Cobalt Kitty Campaign::0009,Cobalt Kitty Campaign
3043,attack_flow,46,0.001,100,0.2,attack_flow::Cobalt Kitty Campaign::0010,Cobalt Kitty Campaign
3044,attack_flow,46,0.001,100,0.2,attack_flow::Cobalt Kitty Campaign::0011,Cobalt Kitty Campaign
3045,attack_flow,46,0.001,100,0.2,attack_flow::Conti CISA Alert::0001,Conti CISA Alert
3046,attack_flow,46,0.001,100,0.2,attack_flow::Conti CISA Alert::0002,Conti CISA Alert
3047,attack_flow,46,0.001,100,0.2,attack_flow::Conti CISA Alert::0003,Conti CISA Alert
3048,attack_flow,46,0.001,100,0.2,attack_flow::Conti CISA Alert::0004,Conti CISA Alert
3049,attack_flow,46,0.001,100,0.2,attack_flow::Conti CISA Alert::0005,Conti CISA Alert
3050,attack_flow,46,0.001,100,0.2,attack_flow::Conti PWC::0001,Conti PWC
3051,attack_flow,46,0.001,100,0.2,attack_flow::Conti PWC::0002,Conti PWC
3052,attack_flow,46,0.001,100,0.2,attack_flow::Conti PWC::0003,Conti PWC
3053,attack_flow,46,0.001,100,0.2,attack_flow::Conti Ransomware::0001,Conti Ransomware
3054,attack_flow,46,0.001,100,0.2,attack_flow::Conti Ransomware::0002,Conti Ransomware
3055,attack_flow,46,0.001,100,0.2,attack_flow::Conti Ransomware::0003,Conti Ransomware
3056,attack_flow,46,0.001,100,0.2,attack_flow::Conti Ransomware::0004,Conti Ransomware
3057,attack_flow,46,0.001,100,0.2,attack_flow::Conti Ransomware::0005,Conti Ransomware
3058,attack_flow,46,0.001,100,0.2,attack_flow::Conti Ransomware::0006,Conti Ransomware
3059,attack_flow,46,0.001,100,0.2,attack_flow::Conti Ransomware::0007,Conti Ransomware
3060,attack_flow,46,0.001,100,0.2,attack_flow::Conti Ransomware::0008,Conti Ransomware
3061,attack_flow,46,0.001,100,0.2,attack_flow::Conti Ransomware::0009,Conti Ransomware
3062,attack_flow,46,0.001,100,0.2,attack_flow::Conti Ransomware::0010,Conti Ransomware
3063,attack_flow,46,0.001,100,0.2,attack_flow::Conti Ransomware::0011,Conti Ransomware
3064,attack_flow,46,0.001,100,0.2,attack_flow::Conti Ransomware::0012,Conti Ransomware
3065,attack_flow,46,0.001,100,0.2,attack_flow::Conti Ransomware::0014,Conti Ransomware
3066,attack_flow,46,0.001,100,0.2,attack_flow::Conti Ransomware::0015,Conti Ransomware
3067,attack_flow,46,0.001,100,0.2,attack_flow::DFIR - BumbleBee Round 2::0001,DFIR - BumbleBee Round 2
3068,attack_flow,46,0.001,100,0.2,attack_flow::DFIR - BumbleBee Round 2::0002,DFIR - BumbleBee Round 2
3069,attack_flow,46,0.001,100,0.2,attack_flow::DFIR - BumbleBee Round 2::0003,DFIR - BumbleBee Round 2
3070,attack_flow,46,0.001,100,0.2,attack_flow::DFIR - BumbleBee Round 2::0004,DFIR - BumbleBee Round 2
3071,attack_flow,46,0.001,100,0.2,attack_flow::DFIR - BumbleBee Round 2::0005,DFIR - BumbleBee Round 2
3072,attack_flow,46,0.001,100,0.2,attack_flow::DFIR - BumbleBee Round 2::0006,DFIR - BumbleBee Round 2
3073,attack_flow,46,0.001,100,0.2,attack_flow::DFIR - BumbleBee Round 2::0007,DFIR - BumbleBee Round 2
3074,attack_flow,46,0.001,100,0.2,attack_flow::DFIR - BumbleBee Round 2::0008,DFIR - BumbleBee Round 2
3075,attack_flow,46,0.001,100,0.2,attack_flow::DFIR - BumbleBee Round 2::0009,DFIR - BumbleBee Round 2
3076,attack_flow,46,0.001,100,0.2,attack_flow::DFIR - BumbleBee Round 2::0010,DFIR - BumbleBee Round 2
3077,attack_flow,46,0.001,100,0.2,attack_flow::DFIR - BumbleBee Round 2::0011,DFIR - BumbleBee Round 2
3078,attack_flow,46,0.001,100,0.2,attack_flow::DFIR - BumbleBee Round 2::0012,DFIR - BumbleBee Round 2
3079,attack_flow,46,0.001,100,0.2,attack_flow::Equifax Breach::0001,Equifax Breach
3080,attack_flow,46,0.001,100,0.2,attack_flow::Equifax Breach::0002,Equifax Breach
3081,attack_flow,46,0.001,100,0.2,attack_flow::Equifax Breach::0003,Equifax Breach
3082,attack_flow,46,0.001,100,0.2,attack_flow::Equifax Breach::0004,Equifax Breach
3083,attack_flow,46,0.001,100,0.2,attack_flow::Equifax Breach::0005,Equifax Breach
3084,attack_flow,46,0.001,100,0.2,attack_flow::Equifax Breach::0006,Equifax Breach
3085,attack_flow,46,0.001,100,0.2,attack_flow::Equifax Breach::0007,Equifax Breach
3086,attack_flow,46,0.001,100,0.2,attack_flow::Equifax Breach::0008,Equifax Breach
3087,attack_flow,46,0.001,100,0.2,attack_flow::FIN13 Case 1::0001,FIN13 Case 1
3088,attack_flow,46,0.001,100,0.2,attack_flow::FIN13 Case 1::0002,FIN13 Case 1
3089,attack_flow,46,0.001,100,0.2,attack_flow::FIN13 Case 1::0003,FIN13 Case 1
3090,attack_flow,46,0.001,100,0.2,attack_flow::FIN13 Case 1::0004,FIN13 Case 1
3091,attack_flow,46,0.001,100,0.2,attack_flow::FIN13 Case 1::0005,FIN13 Case 1
3092,attack_flow,46,0.001,100,0.2,attack_flow::FIN13 Case 1::0006,FIN13 Case 1
3093,attack_flow,46,0.001,100,0.2,attack_flow::FIN13 Case 1::0007,FIN13 Case 1
3094,attack_flow,46,0.001,100,0.2,attack_flow::FIN13 Case 1::0008,FIN13 Case 1
3095,attack_flow,46,0.001,100,0.2,attack_flow::FIN13 Case 1::0009,FIN13 Case 1
3096,attack_flow,46,0.001,100,0.2,attack_flow::FIN13 Case 1::0010,FIN13 Case 1
3097,attack_flow,46,0.001,100,0.2,attack_flow::FIN13 Case 1::0011,FIN13 Case 1
3098,attack_flow,46,0.001,100,0.2,attack_flow::FIN13 Case 1::0012,FIN13 Case 1
3099,attack_flow,46,0.001,100,0.2,attack_flow::FIN13 Case 1::0013,FIN13 Case 1
3100,attack_flow,46,0.001,100,0.2,attack_flow::FIN13 Case 1::0014,FIN13 Case 1
3101,attack_flow,46,0.001,100,0.2,attack_flow::FIN13 Case 1::0015,FIN13 Case 1
3102,attack_flow,46,0.001,100,0.2,attack_flow::FIN13 Case 1::0016,FIN13 Case 1
3103,attack_flow,46,0.001,100,0.2,attack_flow::FIN13 Case 1::0017,FIN13 Case 1
3104,attack_flow,46,0.001,100,0.2,attack_flow::FIN13 Case 1::0018,FIN13 Case 1
3105,attack_flow,46,0.001,100,0.2,attack_flow::FIN13 Case 1::0019,FIN13 Case 1
3106,attack_flow,46,0.001,100,0.2,attack_flow::FIN13 Case 1::0020,FIN13 Case 1
3107,attack_flow,46,0.001,100,0.2,attack_flow::FIN13 Case 1::0021,FIN13 Case 1
3108,attack_flow,46,0.001,100,0.2,attack_flow::FIN13 Case 1::0022,FIN13 Case 1
3109,attack_flow,46,0.001,100,0.2,attack_flow::FIN13 Case 1::0023,FIN13 Case 1
3110,attack_flow,46,0.001,100,0.2,attack_flow::FIN13 Case 1::0024,FIN13 Case 1
3111,attack_flow,46,0.001,100,0.2,attack_flow::FIN13 Case 1::0025,FIN13 Case 1
3112,attack_flow,46,0.001,100,0.2,attack_flow::FIN13 Case 1::0029,FIN13 Case 1
3113,attack_flow,46,0.001,100,0.2,attack_flow::FIN13 Case 1::0030,FIN13 Case 1
3114,attack_flow,46,0.001,100,0.2,attack_flow::FIN13 Case 1::0031,FIN13 Case 1
3115,attack_flow,46,0.001,100,0.2,attack_flow::FIN13 Case 2::0001,FIN13 Case 2
3116,attack_flow,46,0.001,100,0.2,attack_flow::FIN13 Case 2::0002,FIN13 Case 2
3117,attack_flow,46,0.001,100,0.2,attack_flow::FIN13 Case 2::0003,FIN13 Case 2
3118,attack_flow,46,0.001,100,0.2,attack_flow::FIN13 Case 2::0004,FIN13 Case 2
3119,attack_flow,46,0.001,100,0.2,attack_flow::FIN13 Case 2::0005,FIN13 Case 2
3120,attack_flow,46,0.001,100,0.2,attack_flow::FIN13 Case 2::0007,FIN13 Case 2
3121,attack_flow,46,0.001,100,0.2,attack_flow::FIN13 Case 2::0008,FIN13 Case 2
3122,attack_flow,46,0.001,100,0.2,attack_flow::FIN13 Case 2::0009,FIN13 Case 2
3123,attack_flow,46,0.001,100,0.2,attack_flow::FIN13 Case 2::0010,FIN13 Case 2
3124,attack_flow,46,0.001,100,0.2,attack_flow::FIN13 Case 2::0011,FIN13 Case 2
3125,attack_flow,46,0.001,100,0.2,attack_flow::FIN13 Case 2::0012,FIN13 Case 2
3126,attack_flow,46,0.001,100,0.2,attack_flow::FIN13 Case 2::0013,FIN13 Case 2
3127,attack_flow,46,0.001,100,0.2,attack_flow::FIN13 Case 2::0014,FIN13 Case 2
3128,attack_flow,46,0.001,100,0.2,attack_flow::Gootloader::0001,Gootloader
3129,attack_flow,46,0.001,100,0.2,attack_flow::Gootloader::0002,Gootloader
3130,attack_flow,46,0.001,100,0.2,attack_flow::Gootloader::0003,Gootloader
3131,attack_flow,46,0.001,100,0.2,attack_flow::Gootloader::0005,Gootloader
3132,attack_flow,46,0.001,100,0.2,attack_flow::Gootloader::0006,Gootloader
3133,attack_flow,46,0.001,100,0.2,attack_flow::Gootloader::0007,Gootloader
3134,attack_flow,46,0.001,100,0.2,attack_flow::Gootloader::0008,Gootloader
3135,attack_flow,46,0.001,100,0.2,attack_flow::Gootloader::0009,Gootloader
3136,attack_flow,46,0.001,100,0.2,attack_flow::Gootloader::0010,Gootloader
3137,attack_flow,46,0.001,100,0.2,attack_flow::Gootloader::0011,Gootloader
3138,attack_flow,46,0.001,100,0.2,attack_flow::Gootloader::0012,Gootloader
3139,attack_flow,46,0.001,100,0.2,attack_flow::Gootloader::0013,Gootloader
3140,attack_flow,46,0.001,100,0.2,attack_flow::Gootloader::0014,Gootloader
3141,attack_flow,46,0.001,100,0.2,attack_flow::Gootloader::0015,Gootloader
3142,attack_flow,46,0.001,100,0.2,attack_flow::Gootloader::0016,Gootloader
3143,attack_flow,46,0.001,100,0.2,attack_flow::Gootloader::0017,Gootloader
3144,attack_flow,46,0.001,100,0.2,attack_flow::Gootloader::0018,Gootloader
3145,attack_flow,46,0.001,100,0.2,attack_flow::Gootloader::0019,Gootloader
3146,attack_flow,46,0.001,100,0.2,attack_flow::Gootloader::0020,Gootloader
3147,attack_flow,46,0.001,100,0.2,attack_flow::Gootloader::0021,Gootloader
3148,attack_flow,46,0.001,100,0.2,attack_flow::Gootloader::0022,Gootloader
3149,attack_flow,46,0.001,100,0.2,attack_flow::Gootloader::0023,Gootloader
3150,attack_flow,46,0.001,100,0.2,attack_flow::Gootloader::0024,Gootloader
3151,attack_flow,46,0.001,100,0.2,attack_flow::Gootloader::0025,Gootloader
3152,attack_flow,46,0.001,100,0.2,attack_flow::Gootloader::0026,Gootloader
3153,attack_flow,46,0.001,100,0.2,attack_flow::Gootloader::0027,Gootloader
3154,attack_flow,46,0.001,100,0.2,attack_flow::Gootloader::0028,Gootloader
3155,attack_flow,46,0.001,100,0.2,attack_flow::Gootloader::0029,Gootloader
3156,attack_flow,46,0.001,100,0.2,attack_flow::Hancitor DLL::0001,Hancitor DLL
3157,attack_flow,46,0.001,100,0.2,attack_flow::Hancitor DLL::0002,Hancitor DLL
3158,attack_flow,46,0.001,100,0.2,attack_flow::Hancitor DLL::0003,Hancitor DLL
3159,attack_flow,46,0.001,100,0.2,attack_flow::Hancitor DLL::0004,Hancitor DLL
3160,attack_flow,46,0.001,100,0.2,attack_flow::Hancitor DLL::0005,Hancitor DLL
3161,attack_flow,46,0.001,100,0.2,attack_flow::Hancitor DLL::0006,Hancitor DLL
3162,attack_flow,46,0.001,100,0.2,attack_flow::Hancitor DLL::0007,Hancitor DLL
3163,attack_flow,46,0.001,100,0.2,attack_flow::Hancitor DLL::0008,Hancitor DLL
3164,attack_flow,46,0.001,100,0.2,attack_flow::Hancitor DLL::0010,Hancitor DLL
3165,attack_flow,46,0.001,100,0.2,attack_flow::Hancitor DLL::0011,Hancitor DLL
3166,attack_flow,46,0.001,100,0.2,attack_flow::Hancitor DLL::0012,Hancitor DLL
3167,attack_flow,46,0.001,100,0.2,attack_flow::Hancitor DLL::0013,Hancitor DLL
3168,attack_flow,46,0.001,100,0.2,attack_flow::Hancitor DLL::0014,Hancitor DLL
3169,attack_flow,46,0.001,100,0.2,attack_flow::Hancitor DLL::0015,Hancitor DLL
3170,attack_flow,46,0.001,100,0.2,attack_flow::Hancitor DLL::0016,Hancitor DLL
3171,attack_flow,46,0.001,100,0.2,attack_flow::Hancitor DLL::0017,Hancitor DLL
3172,attack_flow,46,0.001,100,0.2,attack_flow::Hancitor DLL::0018,Hancitor DLL
3173,attack_flow,46,0.001,100,0.2,attack_flow::Hancitor DLL::0019,Hancitor DLL
3174,attack_flow,46,0.001,100,0.2,attack_flow::Ivanti Vulnerabilities::0001,Ivanti Vulnerabilities
3175,attack_flow,46,0.001,100,0.2,attack_flow::Ivanti Vulnerabilities::0002,Ivanti Vulnerabilities
3176,attack_flow,46,0.001,100,0.2,attack_flow::Ivanti Vulnerabilities::0003,Ivanti Vulnerabilities
3177,attack_flow,46,0.001,100,0.2,attack_flow::Ivanti Vulnerabilities::0004,Ivanti Vulnerabilities
3178,attack_flow,46,0.001,100,0.2,attack_flow::Ivanti Vulnerabilities::0005,Ivanti Vulnerabilities
3179,attack_flow,46,0.001,100,0.2,attack_flow::JP Morgan Breach::0001,JP Morgan Breach
3180,attack_flow,46,0.001,100,0.2,attack_flow::JP Morgan Breach::0002,JP Morgan Breach
3181,attack_flow,46,0.001,100,0.2,attack_flow::JP Morgan Breach::0003,JP Morgan Breach
3182,attack_flow,46,0.001,100,0.2,attack_flow::JP Morgan Breach::0004,JP Morgan Breach
3183,attack_flow,46,0.001,100,0.2,attack_flow::JP Morgan Breach::0005,JP Morgan Breach
3184,attack_flow,46,0.001,100,0.2,attack_flow::JP Morgan Breach::0006,JP Morgan Breach
3185,attack_flow,46,0.001,100,0.2,attack_flow::JP Morgan Breach::0008,JP Morgan Breach
3186,attack_flow,46,0.001,100,0.2,attack_flow::JP Morgan Breach::0009,JP Morgan Breach
3187,attack_flow,46,0.001,100,0.2,attack_flow::MITRE NERVE::0001,MITRE NERVE
3188,attack_flow,46,0.001,100,0.2,attack_flow::MITRE NERVE::0002,MITRE NERVE
3189,attack_flow,46,0.001,100,0.2,attack_flow::MITRE NERVE::0003,MITRE NERVE
3190,attack_flow,46,0.001,100,0.2,attack_flow::MITRE NERVE::0004,MITRE NERVE
3191,attack_flow,46,0.001,100,0.2,attack_flow::MITRE NERVE::0005,MITRE NERVE
3192,attack_flow,46,0.001,100,0.2,attack_flow::MITRE NERVE::0006,MITRE NERVE
3193,attack_flow,46,0.001,100,0.2,attack_flow::MITRE NERVE::0007,MITRE NERVE
3194,attack_flow,46,0.001,100,0.2,attack_flow::Maastricht University Ransomware::0001,Maastricht University Ransomware
3195,attack_flow,46,0.001,100,0.2,attack_flow::Maastricht University Ransomware::0003,Maastricht University Ransomware
3196,attack_flow,46,0.001,100,0.2,attack_flow::Maastricht University Ransomware::0004,Maastricht University Ransomware
3197,attack_flow,46,0.001,100,0.2,attack_flow::Maastricht University Ransomware::0005,Maastricht University Ransomware
3198,attack_flow,46,0.001,100,0.2,attack_flow::Maastricht University Ransomware::0006,Maastricht University Ransomware
3199,attack_flow,46,0.001,100,0.2,attack_flow::Maastricht University Ransomware::0007,Maastricht University Ransomware
3200,attack_flow,46,0.001,100,0.2,attack_flow::Maastricht University Ransomware::0008,Maastricht University Ransomware
3201,attack_flow,46,0.001,100,0.2,attack_flow::Maastricht University Ransomware::0009,Maastricht University Ransomware
3202,attack_flow,46,0.001,100,0.2,attack_flow::Maastricht University Ransomware::0010,Maastricht University Ransomware
3203,attack_flow,46,0.001,100,0.2,attack_flow::Maastricht University Ransomware::0011,Maastricht University Ransomware
3204,attack_flow,46,0.001,100,0.2,attack_flow::Mac Malware Steals Crypto::0001,Mac Malware Steals Crypto
3205,attack_flow,46,0.001,100,0.2,attack_flow::Mac Malware Steals Crypto::0002,Mac Malware Steals Crypto
3206,attack_flow,46,0.001,100,0.2,attack_flow::Mac Malware Steals Crypto::0004,Mac Malware Steals Crypto
3207,attack_flow,46,0.001,100,0.2,attack_flow::Marriott Breach::0001,Marriott Breach
3208,attack_flow,46,0.001,100,0.2,attack_flow::Marriott Breach::0002,Marriott Breach
3209,attack_flow,46,0.001,100,0.2,attack_flow::Marriott Breach::0003,Marriott Breach
3210,attack_flow,46,0.001,100,0.2,attack_flow::Marriott Breach::0004,Marriott Breach
3211,attack_flow,46,0.001,100,0.2,attack_flow::Muddy Water::0001,Muddy Water
3212,attack_flow,46,0.001,100,0.2,attack_flow::Muddy Water::0002,Muddy Water
3213,attack_flow,46,0.001,100,0.2,attack_flow::Muddy Water::0003,Muddy Water
3214,attack_flow,46,0.001,100,0.2,attack_flow::Muddy Water::0004,Muddy Water
3215,attack_flow,46,0.001,100,0.2,attack_flow::Muddy Water::0005,Muddy Water
3216,attack_flow,46,0.001,100,0.2,attack_flow::Muddy Water::0006,Muddy Water
3217,attack_flow,46,0.001,100,0.2,attack_flow::Muddy Water::0008,Muddy Water
3218,attack_flow,46,0.001,100,0.2,attack_flow::Muddy Water::0009,Muddy Water
3219,attack_flow,46,0.001,100,0.2,attack_flow::NotPetya::0001,NotPetya
3220,attack_flow,46,0.001,100,0.2,attack_flow::NotPetya::0002,NotPetya
3221,attack_flow,46,0.001,100,0.2,attack_flow::NotPetya::0003,NotPetya
3222,attack_flow,46,0.001,100,0.2,attack_flow::NotPetya::0004,NotPetya
3223,attack_flow,46,0.001,100,0.2,attack_flow::NotPetya::0008,NotPetya
3224,attack_flow,46,0.001,100,0.2,attack_flow::NotPetya::0009,NotPetya
3225,attack_flow,46,0.001,100,0.2,attack_flow::NotPetya::0010,NotPetya
3226,attack_flow,46,0.001,100,0.2,attack_flow::NotPetya::0011,NotPetya
3227,attack_flow,46,0.001,100,0.2,attack_flow::NotPetya::0012,NotPetya
3228,attack_flow,46,0.001,100,0.2,attack_flow::NotPetya::0013,NotPetya
3229,attack_flow,46,0.001,100,0.2,attack_flow::NotPetya::0014,NotPetya
3230,attack_flow,46,0.001,100,0.2,attack_flow::NotPetya::0015,NotPetya
3231,attack_flow,46,0.001,100,0.2,attack_flow::NotPetya::0016,NotPetya
3232,attack_flow,46,0.001,100,0.2,attack_flow::OceanLotus::0001,OceanLotus
3233,attack_flow,46,0.001,100,0.2,attack_flow::OceanLotus::0002,OceanLotus
3234,attack_flow,46,0.001,100,0.2,attack_flow::OceanLotus::0003,OceanLotus
3235,attack_flow,46,0.001,100,0.2,attack_flow::OceanLotus::0004,OceanLotus
3236,attack_flow,46,0.001,100,0.2,attack_flow::OceanLotus::0005,OceanLotus
3237,attack_flow,46,0.001,100,0.2,attack_flow::OceanLotus::0006,OceanLotus
3238,attack_flow,46,0.001,100,0.2,attack_flow::OceanLotus::0007,OceanLotus
3239,attack_flow,46,0.001,100,0.2,attack_flow::OceanLotus::0008,OceanLotus
3240,attack_flow,46,0.001,100,0.2,attack_flow::OceanLotus::0009,OceanLotus
3241,attack_flow,46,0.001,100,0.2,attack_flow::OceanLotus::0010,OceanLotus
3242,attack_flow,46,0.001,100,0.2,attack_flow::OceanLotus::0011,OceanLotus
3243,attack_flow,46,0.001,100,0.2,attack_flow::OceanLotus::0012,OceanLotus
3244,attack_flow,46,0.001,100,0.2,attack_flow::OceanLotus::0013,OceanLotus
3245,attack_flow,46,0.001,100,0.2,attack_flow::OceanLotus::0014,OceanLotus
3246,attack_flow,46,0.001,100,0.2,attack_flow::OceanLotus::0015,OceanLotus
3247,attack_flow,46,0.001,100,0.2,attack_flow::OceanLotus::0016,OceanLotus
3248,attack_flow,46,0.001,100,0.2,attack_flow::OceanLotus::0017,OceanLotus
3249,attack_flow,46,0.001,100,0.2,attack_flow::OceanLotus::0018,OceanLotus
3250,attack_flow,46,0.001,100,0.2,attack_flow::OceanLotus::0019,OceanLotus
3251,attack_flow,46,0.001,100,0.2,attack_flow::OceanLotus::0020,OceanLotus
3252,attack_flow,46,0.001,100,0.2,attack_flow::REvil::0001,REvil
3253,attack_flow,46,0.001,100,0.2,attack_flow::REvil::0002,REvil
3254,attack_flow,46,0.001,100,0.2,attack_flow::REvil::0003,REvil
3255,attack_flow,46,0.001,100,0.2,attack_flow::REvil::0004,REvil
3256,attack_flow,46,0.001,100,0.2,attack_flow::REvil::0005,REvil
3257,attack_flow,46,0.001,100,0.2,attack_flow::REvil::0006,REvil
3258,attack_flow,46,0.001,100,0.2,attack_flow::REvil::0007,REvil
3259,attack_flow,46,0.001,100,0.2,attack_flow::REvil::0008,REvil
3260,attack_flow,46,0.001,100,0.2,attack_flow::REvil::0009,REvil
3261,attack_flow,46,0.001,100,0.2,attack_flow::REvil::0010,REvil
3262,attack_flow,46,0.001,100,0.2,attack_flow::REvil::0011,REvil
3263,attack_flow,46,0.001,100,0.2,attack_flow::REvil::0012,REvil
3264,attack_flow,46,0.001,100,0.2,attack_flow::REvil::0013,REvil
3265,attack_flow,46,0.001,100,0.2,attack_flow::REvil::0014,REvil
3266,attack_flow,46,0.001,100,0.2,attack_flow::REvil::0015,REvil
3267,attack_flow,46,0.001,100,0.2,attack_flow::REvil::0016,REvil
3268,attack_flow,46,0.001,100,0.2,attack_flow::REvil::0017,REvil
3269,attack_flow,46,0.001,100,0.2,attack_flow::REvil::0018,REvil
3270,attack_flow,46,0.001,100,0.2,attack_flow::Ragnar Locker::0001,Ragnar Locker
3271,attack_flow,46,0.001,100,0.2,attack_flow::Ragnar Locker::0002,Ragnar Locker
3272,attack_flow,46,0.001,100,0.2,attack_flow::Ragnar Locker::0003,Ragnar Locker
3273,attack_flow,46,0.001,100,0.2,attack_flow::Ragnar Locker::0004,Ragnar Locker
3274,attack_flow,46,0.001,100,0.2,attack_flow::Ragnar Locker::0005,Ragnar Locker
3275,attack_flow,46,0.001,100,0.2,attack_flow::Ragnar Locker::0006,Ragnar Locker
3276,attack_flow,46,0.001,100,0.2,attack_flow::Ragnar Locker::0007,Ragnar Locker
3277,attack_flow,46,0.001,100,0.2,attack_flow::Ragnar Locker::0008,Ragnar Locker
3278,attack_flow,46,0.001,100,0.2,attack_flow::Ragnar Locker::0009,Ragnar Locker
3279,attack_flow,46,0.001,100,0.2,attack_flow::Ragnar Locker::0010,Ragnar Locker
3280,attack_flow,46,0.001,100,0.2,attack_flow::Ragnar Locker::0011,Ragnar Locker
3281,attack_flow,46,0.001,100,0.2,attack_flow::Ragnar Locker::0012,Ragnar Locker
3282,attack_flow,46,0.001,100,0.2,attack_flow::SWIFT Heist::0001,SWIFT Heist
3283,attack_flow,46,0.001,100,0.2,attack_flow::SWIFT Heist::0002,SWIFT Heist
3284,attack_flow,46,0.001,100,0.2,attack_flow::SWIFT Heist::0003,SWIFT Heist
3285,attack_flow,46,0.001,100,0.2,attack_flow::SWIFT Heist::0004,SWIFT Heist
3286,attack_flow,46,0.001,100,0.2,attack_flow::SearchAwesome Adware::0001,SearchAwesome Adware
3287,attack_flow,46,0.001,100,0.2,attack_flow::SearchAwesome Adware::0002,SearchAwesome Adware
3288,attack_flow,46,0.001,100,0.2,attack_flow::SearchAwesome Adware::0003,SearchAwesome Adware
3289,attack_flow,46,0.001,100,0.2,attack_flow::SearchAwesome Adware::0004,SearchAwesome Adware
3290,attack_flow,46,0.001,100,0.2,attack_flow::SearchAwesome Adware::0005,SearchAwesome Adware
3291,attack_flow,46,0.001,100,0.2,attack_flow::SearchAwesome Adware::0006,SearchAwesome Adware
3292,attack_flow,46,0.001,100,0.2,attack_flow::SearchAwesome Adware::0007,SearchAwesome Adware
3293,attack_flow,46,0.001,100,0.2,attack_flow::SearchAwesome Adware::0008,SearchAwesome Adware
3294,attack_flow,46,0.001,100,0.2,attack_flow::SearchAwesome Adware::0009,SearchAwesome Adware
3295,attack_flow,46,0.001,100,0.2,attack_flow::SearchAwesome Adware::0010,SearchAwesome Adware
3296,attack_flow,46,0.001,100,0.2,attack_flow::Shamoon::0001,Shamoon
3297,attack_flow,46,0.001,100,0.2,attack_flow::Shamoon::0002,Shamoon
3298,attack_flow,46,0.001,100,0.2,attack_flow::Shamoon::0003,Shamoon
3299,attack_flow,46,0.001,100,0.2,attack_flow::Shamoon::0004,Shamoon
3300,attack_flow,46,0.001,100,0.2,attack_flow::Shamoon::0005,Shamoon
3301,attack_flow,46,0.001,100,0.2,attack_flow::Shamoon::0006,Shamoon
3302,attack_flow,46,0.001,100,0.2,attack_flow::Shamoon::0007,Shamoon
3303,attack_flow,46,0.001,100,0.2,attack_flow::Shamoon::0008,Shamoon
3304,attack_flow,46,0.001,100,0.2,attack_flow::Shamoon::0009,Shamoon
3305,attack_flow,46,0.001,100,0.2,attack_flow::Shamoon::0010,Shamoon
3306,attack_flow,46,0.001,100,0.2,attack_flow::Shamoon::0011,Shamoon
3307,attack_flow,46,0.001,100,0.2,attack_flow::Shamoon::0012,Shamoon
3308,attack_flow,46,0.001,100,0.2,attack_flow::Shamoon::0013,Shamoon
3309,attack_flow,46,0.001,100,0.2,attack_flow::Shamoon::0014,Shamoon
3310,attack_flow,46,0.001,100,0.2,attack_flow::Shamoon::0015,Shamoon
3311,attack_flow,46,0.001,100,0.2,attack_flow::Shamoon::0016,Shamoon
3312,attack_flow,46,0.001,100,0.2,attack_flow::Shamoon::0017,Shamoon
3313,attack_flow,46,0.001,100,0.2,attack_flow::Shamoon::0018,Shamoon
3314,attack_flow,46,0.001,100,0.2,attack_flow::SolarWinds::0001,SolarWinds
3315,attack_flow,46,0.001,100,0.2,attack_flow::SolarWinds::0002,SolarWinds
3316,attack_flow,46,0.001,100,0.2,attack_flow::SolarWinds::0003,SolarWinds
3317,attack_flow,46,0.001,100,0.2,attack_flow::SolarWinds::0004,SolarWinds
3318,attack_flow,46,0.001,100,0.2,attack_flow::SolarWinds::0005,SolarWinds
3319,attack_flow,46,0.001,100,0.2,attack_flow::SolarWinds::0006,SolarWinds
3320,attack_flow,46,0.001,100,0.2,attack_flow::SolarWinds::0007,SolarWinds
3321,attack_flow,46,0.001,100,0.2,attack_flow::SolarWinds::0008,SolarWinds
3322,attack_flow,46,0.001,100,0.2,attack_flow::SolarWinds::0009,SolarWinds
3323,attack_flow,46,0.001,100,0.2,attack_flow::SolarWinds::0010,SolarWinds
3324,attack_flow,46,0.001,100,0.2,attack_flow::SolarWinds::0011,SolarWinds
3325,attack_flow,46,0.001,100,0.2,attack_flow::SolarWinds::0012,SolarWinds
3326,attack_flow,46,0.001,100,0.2,attack_flow::SolarWinds::0013,SolarWinds
3327,attack_flow,46,0.001,100,0.2,attack_flow::SolarWinds::0014,SolarWinds
3328,attack_flow,46,0.001,100,0.2,attack_flow::SolarWinds::0015,SolarWinds
3329,attack_flow,46,0.001,100,0.2,attack_flow::SolarWinds::0016,SolarWinds
3330,attack_flow,46,0.001,100,0.2,attack_flow::Sony Malware::0001,Sony Malware
3331,attack_flow,46,0.001,100,0.2,attack_flow::Sony Malware::0002,Sony Malware
3332,attack_flow,46,0.001,100,0.2,attack_flow::Sony Malware::0003,Sony Malware
3333,attack_flow,46,0.001,100,0.2,attack_flow::Sony Malware::0004,Sony Malware
3334,attack_flow,46,0.001,100,0.2,attack_flow::Sony Malware::0005,Sony Malware
3335,attack_flow,46,0.001,100,0.2,attack_flow::Sony Malware::0006,Sony Malware
3336,attack_flow,46,0.001,100,0.2,attack_flow::Sony Malware::0007,Sony Malware
3337,attack_flow,46,0.001,100,0.2,attack_flow::Sony Malware::0008,Sony Malware
3338,attack_flow,46,0.001,100,0.2,attack_flow::Sony Malware::0009,Sony Malware
3339,attack_flow,46,0.001,100,0.2,attack_flow::Sony Malware::0010,Sony Malware
3340,attack_flow,46,0.001,100,0.2,attack_flow::Sony Malware::0011,Sony Malware
3341,attack_flow,46,0.001,100,0.2,attack_flow::Sony Malware::0012,Sony Malware
3342,attack_flow,46,0.001,100,0.2,attack_flow::Target Breach::0001,Target Breach
3343,attack_flow,46,0.001,100,0.2,attack_flow::Target Breach::0002,Target Breach
3344,attack_flow,46,0.001,100,0.2,attack_flow::Target Breach::0003,Target Breach
3345,attack_flow,46,0.001,100,0.2,attack_flow::Target Breach::0004,Target Breach
3346,attack_flow,46,0.001,100,0.2,attack_flow::Target Breach::0008,Target Breach
3347,attack_flow,46,0.001,100,0.2,attack_flow::Target Breach::0009,Target Breach
3348,attack_flow,46,0.001,100,0.2,attack_flow::Target Breach::0010,Target Breach
3349,attack_flow,46,0.001,100,0.2,attack_flow::Target Breach::0011,Target Breach
3350,attack_flow,46,0.001,100,0.2,attack_flow::Tesla Kubernetes Breach::0001,Tesla Kubernetes Breach
3351,attack_flow,46,0.001,100,0.2,attack_flow::Tesla Kubernetes Breach::0002,Tesla Kubernetes Breach
3352,attack_flow,46,0.001,100,0.2,attack_flow::Tesla Kubernetes Breach::0003,Tesla Kubernetes Breach
3353,attack_flow,46,0.001,100,0.2,attack_flow::Uber Breach::0001,Uber Breach
3354,attack_flow,46,0.001,100,0.2,attack_flow::Uber Breach::0002,Uber Breach
3355,attack_flow,46,0.001,100,0.2,attack_flow::Uber Breach::0003,Uber Breach
3356,attack_flow,46,0.001,100,0.2,attack_flow::Uber Breach::0004,Uber Breach
3357,attack_flow,46,0.001,100,0.2,attack_flow::Uber Breach::0005,Uber Breach
3358,attack_flow,46,0.001,100,0.2,attack_flow::Uber Breach::0006,Uber Breach
3359,attack_flow,46,0.001,100,0.2,attack_flow::WhisperGate::0001,WhisperGate
3360,attack_flow,46,0.001,100,0.2,attack_flow::WhisperGate::0002,WhisperGate
3361,attack_flow,46,0.001,100,0.2,attack_flow::WhisperGate::0003,WhisperGate
3362,attack_flow,46,0.001,100,0.2,attack_flow::WhisperGate::0004,WhisperGate
3363,attack_flow,46,0.001,100,0.2,attack_flow::WhisperGate::0005,WhisperGate
3364,attack_flow,46,0.001,100,0.2,attack_flow::WhisperGate::0006,WhisperGate
3365,attack_flow,46,0.001,100,0.2,attack_flow::WhisperGate::0007,WhisperGate
3366,attack_flow,46,0.001,100,0.2,attack_flow::WhisperGate::0008,WhisperGate
3367,attack_flow,46,0.001,100,0.2,attack_flow::WhisperGate::0009,WhisperGate
3368,attack_flow,46,0.001,100,0.2,attack_flow::WhisperGate::0010,WhisperGate
3369,attack_flow,46,0.001,100,0.2,attack_flow::WhisperGate::0011,WhisperGate
3370,attack_flow,46,0.001,100,0.2,attack_flow::WhisperGate::0013,WhisperGate
3371,attack_flow,46,0.001,100,0.2,attack_flow::WhisperGate::0014,WhisperGate
3372,attack_flow,46,0.001,100,0.2,attack_flow::WhisperGate::0015,WhisperGate
3373,attack_flow,46,0.001,100,0.2,attack_flow::WhisperGate::0016,WhisperGate
3374,attack_flow,46,0.001,100,0.2,attack_flow::WhisperGate::0017,WhisperGate
3375,stockpile,42,0.0003,40,0.9,stockpile::01c96671-afd3-47d4-8d31-8c116cc0221a::0001,01c96671-afd3-47d4-8d31-8c116cc0221a
3376,stockpile,42,0.0003,40,0.9,stockpile::01c96671-afd3-47d4-8d31-8c116cc0221a::0002,01c96671-afd3-47d4-8d31-8c116cc0221a
3377,stockpile,42,0.0003,40,0.9,stockpile::01d77744-2515-401a-a497-d9f7241aac3c::0001,01d77744-2515-401a-a497-d9f7241aac3c
3378,stockpile,42,0.0003,40,0.9,stockpile::01d77744-2515-401a-a497-d9f7241aac3c::0002,01d77744-2515-401a-a497-d9f7241aac3c
3379,stockpile,42,0.0003,40,0.9,stockpile::01d77744-2515-401a-a497-d9f7241aac3c::0003,01d77744-2515-401a-a497-d9f7241aac3c
3380,stockpile,42,0.0003,40,0.9,stockpile::01d77744-2515-401a-a497-d9f7241aac3c::0004,01d77744-2515-401a-a497-d9f7241aac3c
3381,stockpile,42,0.0003,40,0.9,stockpile::01d77744-2515-401a-a497-d9f7241aac3c::0005,01d77744-2515-401a-a497-d9f7241aac3c
3382,stockpile,42,0.0003,40,0.9,stockpile::01d77744-2515-401a-a497-d9f7241aac3c::0006,01d77744-2515-401a-a497-d9f7241aac3c
3383,stockpile,42,0.0003,40,0.9,stockpile::09ad625e-6cba-490f-afe3-5417e7edb9c6::0001,09ad625e-6cba-490f-afe3-5417e7edb9c6
3384,stockpile,42,0.0003,40,0.9,stockpile::09ad625e-6cba-490f-afe3-5417e7edb9c6::0002,09ad625e-6cba-490f-afe3-5417e7edb9c6
3385,stockpile,42,0.0003,40,0.9,stockpile::0b5636cf-f019-4ec9-aa7c-6e4f55505374::0001,0b5636cf-f019-4ec9-aa7c-6e4f55505374
3386,stockpile,42,0.0003,40,0.9,stockpile::0b5636cf-f019-4ec9-aa7c-6e4f55505374::0002,0b5636cf-f019-4ec9-aa7c-6e4f55505374
3387,stockpile,42,0.0003,40,0.9,stockpile::0b5636cf-f019-4ec9-aa7c-6e4f55505374::0003,0b5636cf-f019-4ec9-aa7c-6e4f55505374
3388,stockpile,42,0.0003,40,0.9,stockpile::0b5636cf-f019-4ec9-aa7c-6e4f55505374::0004,0b5636cf-f019-4ec9-aa7c-6e4f55505374
3389,stockpile,42,0.0003,40,0.9,stockpile::0b73bf34-fc5b-48f7-9194-dce993b915b1::0001,0b73bf34-fc5b-48f7-9194-dce993b915b1
3390,stockpile,42,0.0003,40,0.9,stockpile::0b73bf34-fc5b-48f7-9194-dce993b915b1::0002,0b73bf34-fc5b-48f7-9194-dce993b915b1
3391,stockpile,42,0.0003,40,0.9,stockpile::0f4c3c67-845e-49a0-927e-90ed33c044e0::0001,0f4c3c67-845e-49a0-927e-90ed33c044e0
3392,stockpile,42,0.0003,40,0.9,stockpile::0f4c3c67-845e-49a0-927e-90ed33c044e0::0002,0f4c3c67-845e-49a0-927e-90ed33c044e0
3393,stockpile,42,0.0003,40,0.9,stockpile::0f4c3c67-845e-49a0-927e-90ed33c044e0::0003,0f4c3c67-845e-49a0-927e-90ed33c044e0
3394,stockpile,42,0.0003,40,0.9,stockpile::0f4c3c67-845e-49a0-927e-90ed33c044e0::0004,0f4c3c67-845e-49a0-927e-90ed33c044e0
3395,stockpile,42,0.0003,40,0.9,stockpile::0f4c3c67-845e-49a0-927e-90ed33c044e0::0005,0f4c3c67-845e-49a0-927e-90ed33c044e0
3396,stockpile,42,0.0003,40,0.9,stockpile::0f4c3c67-845e-49a0-927e-90ed33c044e0::0006,0f4c3c67-845e-49a0-927e-90ed33c044e0
3397,stockpile,42,0.0003,40,0.9,stockpile::0f4c3c67-845e-49a0-927e-90ed33c044e0::0007,0f4c3c67-845e-49a0-927e-90ed33c044e0
3398,stockpile,42,0.0003,40,0.9,stockpile::0f4c3c67-845e-49a0-927e-90ed33c044e0::0008,0f4c3c67-845e-49a0-927e-90ed33c044e0
3399,stockpile,42,0.0003,40,0.9,stockpile::0f4c3c67-845e-49a0-927e-90ed33c044e0::0009,0f4c3c67-845e-49a0-927e-90ed33c044e0
3400,stockpile,42,0.0003,40,0.9,stockpile::0f4c3c67-845e-49a0-927e-90ed33c044e0::0010,0f4c3c67-845e-49a0-927e-90ed33c044e0
3401,stockpile,42,0.0003,40,0.9,stockpile::0f4c3c67-845e-49a0-927e-90ed33c044e0::0011,0f4c3c67-845e-49a0-927e-90ed33c044e0
3402,stockpile,42,0.0003,40,0.9,stockpile::1a98b8e6-18ce-4617-8cc5-e65a1a9d490e::0001,1a98b8e6-18ce-4617-8cc5-e65a1a9d490e
3403,stockpile,42,0.0003,40,0.9,stockpile::1a98b8e6-18ce-4617-8cc5-e65a1a9d490e::0002,1a98b8e6-18ce-4617-8cc5-e65a1a9d490e
3404,stockpile,42,0.0003,40,0.9,stockpile::1a98b8e6-18ce-4617-8cc5-e65a1a9d490e::0003,1a98b8e6-18ce-4617-8cc5-e65a1a9d490e
3405,stockpile,42,0.0003,40,0.9,stockpile::1a98b8e6-18ce-4617-8cc5-e65a1a9d490e::0004,1a98b8e6-18ce-4617-8cc5-e65a1a9d490e
3406,stockpile,42,0.0003,40,0.9,stockpile::1bac97ca-77fc-4c9a-835e-4de1b1b7f639::0001,1bac97ca-77fc-4c9a-835e-4de1b1b7f639
3407,stockpile,42,0.0003,40,0.9,stockpile::1bac97ca-77fc-4c9a-835e-4de1b1b7f639::0002,1bac97ca-77fc-4c9a-835e-4de1b1b7f639
3408,stockpile,42,0.0003,40,0.9,stockpile::4c28c132-d7d7-4a04-8908-d643b7cb1d58::0001,4c28c132-d7d7-4a04-8908-d643b7cb1d58
3409,stockpile,42,0.0003,40,0.9,stockpile::50855e29-3b4e-4562-aa55-b3d7f93c26b8::0001,50855e29-3b4e-4562-aa55-b3d7f93c26b8
3410,stockpile,42,0.0003,40,0.9,stockpile::50855e29-3b4e-4562-aa55-b3d7f93c26b8::0002,50855e29-3b4e-4562-aa55-b3d7f93c26b8
3411,stockpile,42,0.0003,40,0.9,stockpile::50855e29-3b4e-4562-aa55-b3d7f93c26b8::0003,50855e29-3b4e-4562-aa55-b3d7f93c26b8
3412,stockpile,42,0.0003,40,0.9,stockpile::50855e29-3b4e-4562-aa55-b3d7f93c26b8::0004,50855e29-3b4e-4562-aa55-b3d7f93c26b8
3413,stockpile,42,0.0003,40,0.9,stockpile::50855e29-3b4e-4562-aa55-b3d7f93c26b8::0005,50855e29-3b4e-4562-aa55-b3d7f93c26b8
3414,stockpile,42,0.0003,40,0.9,stockpile::50855e29-3b4e-4562-aa55-b3d7f93c26b8::0006,50855e29-3b4e-4562-aa55-b3d7f93c26b8
3415,stockpile,42,0.0003,40,0.9,stockpile::50855e29-3b4e-4562-aa55-b3d7f93c26b8::0007,50855e29-3b4e-4562-aa55-b3d7f93c26b8
3416,stockpile,42,0.0003,40,0.9,stockpile::564ae20d-778d-4965-93dc-b523be2e2ab4::0001,564ae20d-778d-4965-93dc-b523be2e2ab4
3417,stockpile,42,0.0003,40,0.9,stockpile::564ae20d-778d-4965-93dc-b523be2e2ab4::0002,564ae20d-778d-4965-93dc-b523be2e2ab4
3418,stockpile,42,0.0003,40,0.9,stockpile::564ae20d-778d-4965-93dc-b523be2e2ab4::0003,564ae20d-778d-4965-93dc-b523be2e2ab4
3419,stockpile,42,0.0003,40,0.9,stockpile::564ae20d-778d-4965-93dc-b523be2e2ab4::0004,564ae20d-778d-4965-93dc-b523be2e2ab4
3420,stockpile,42,0.0003,40,0.9,stockpile::564ae20d-778d-4965-93dc-b523be2e2ab4::0005,564ae20d-778d-4965-93dc-b523be2e2ab4
3421,stockpile,42,0.0003,40,0.9,stockpile::564ae20d-778d-4965-93dc-b523be2e2ab4::0006,564ae20d-778d-4965-93dc-b523be2e2ab4
3422,stockpile,42,0.0003,40,0.9,stockpile::564ae20d-778d-4965-93dc-b523be2e2ab4::0007,564ae20d-778d-4965-93dc-b523be2e2ab4
3423,stockpile,42,0.0003,40,0.9,stockpile::564ae20d-778d-4965-93dc-b523be2e2ab4::0008,564ae20d-778d-4965-93dc-b523be2e2ab4
3424,stockpile,42,0.0003,40,0.9,stockpile::564ae20d-778d-4965-93dc-b523be2e2ab4::0009,564ae20d-778d-4965-93dc-b523be2e2ab4
3425,stockpile,42,0.0003,40,0.9,stockpile::564ae20d-778d-4965-93dc-b523be2e2ab4::0010,564ae20d-778d-4965-93dc-b523be2e2ab4
3426,stockpile,42,0.0003,40,0.9,stockpile::564ae20d-778d-4965-93dc-b523be2e2ab4::0011,564ae20d-778d-4965-93dc-b523be2e2ab4
3427,stockpile,42,0.0003,40,0.9,stockpile::564ae20d-778d-4965-93dc-b523be2e2ab4::0013,564ae20d-778d-4965-93dc-b523be2e2ab4
3428,stockpile,42,0.0003,40,0.9,stockpile::564ae20d-778d-4965-93dc-b523be2e2ab4::0014,564ae20d-778d-4965-93dc-b523be2e2ab4
3429,stockpile,42,0.0003,40,0.9,stockpile::5d3e170e-f1b8-49f9-9ee1-c51605552a08::0001,5d3e170e-f1b8-49f9-9ee1-c51605552a08
3430,stockpile,42,0.0003,40,0.9,stockpile::5d3e170e-f1b8-49f9-9ee1-c51605552a08::0002,5d3e170e-f1b8-49f9-9ee1-c51605552a08
3431,stockpile,42,0.0003,40,0.9,stockpile::725226e0-45b8-4432-84ee-144d3f37ff8d::0001,725226e0-45b8-4432-84ee-144d3f37ff8d
3432,stockpile,42,0.0003,40,0.9,stockpile::725226e0-45b8-4432-84ee-144d3f37ff8d::0002,725226e0-45b8-4432-84ee-144d3f37ff8d
3433,stockpile,42,0.0003,40,0.9,stockpile::725226e0-45b8-4432-84ee-144d3f37ff8d::0003,725226e0-45b8-4432-84ee-144d3f37ff8d
3434,stockpile,42,0.0003,40,0.9,stockpile::78e7504d-968f-477d-8806-4d6c04b94431::0001,78e7504d-968f-477d-8806-4d6c04b94431
3435,stockpile,42,0.0003,40,0.9,stockpile::78e7504d-968f-477d-8806-4d6c04b94431::0002,78e7504d-968f-477d-8806-4d6c04b94431
3436,stockpile,42,0.0003,40,0.9,stockpile::78e7504d-968f-477d-8806-4d6c04b94431::0003,78e7504d-968f-477d-8806-4d6c04b94431
3437,stockpile,42,0.0003,40,0.9,stockpile::78e7504d-968f-477d-8806-4d6c04b94431::0004,78e7504d-968f-477d-8806-4d6c04b94431
3438,stockpile,42,0.0003,40,0.9,stockpile::78e7504d-968f-477d-8806-4d6c04b94431::0005,78e7504d-968f-477d-8806-4d6c04b94431
3439,stockpile,42,0.0003,40,0.9,stockpile::78e7504d-968f-477d-8806-4d6c04b94431::0006,78e7504d-968f-477d-8806-4d6c04b94431
3440,stockpile,42,0.0003,40,0.9,stockpile::78e7504d-968f-477d-8806-4d6c04b94431::0007,78e7504d-968f-477d-8806-4d6c04b94431
3441,stockpile,42,0.0003,40,0.9,stockpile::78e7504d-968f-477d-8806-4d6c04b94431::0008,78e7504d-968f-477d-8806-4d6c04b94431
3442,stockpile,42,0.0003,40,0.9,stockpile::78e7504d-968f-477d-8806-4d6c04b94431::0010,78e7504d-968f-477d-8806-4d6c04b94431
3443,stockpile,42,0.0003,40,0.9,stockpile::78e7504d-968f-477d-8806-4d6c04b94431::0011,78e7504d-968f-477d-8806-4d6c04b94431
3444,stockpile,42,0.0003,40,0.9,stockpile::78e7504d-968f-477d-8806-4d6c04b94431::0012,78e7504d-968f-477d-8806-4d6c04b94431
3445,stockpile,42,0.0003,40,0.9,stockpile::bcdbf6b9-14c5-495c-be84-37bce32c312b::0001,bcdbf6b9-14c5-495c-be84-37bce32c312b
3446,stockpile,42,0.0003,40,0.9,stockpile::bcdbf6b9-14c5-495c-be84-37bce32c312b::0002,bcdbf6b9-14c5-495c-be84-37bce32c312b
3447,stockpile,42,0.0003,40,0.9,stockpile::c220a8e6-609c-4d5b-9e1c-068ca01c2eec::0002,c220a8e6-609c-4d5b-9e1c-068ca01c2eec
3448,stockpile,42,0.0003,40,0.9,stockpile::c724545d-a4cc-492e-8075-2ab9a699c847::0001,c724545d-a4cc-492e-8075-2ab9a699c847
3449,stockpile,42,0.0003,40,0.9,stockpile::c724545d-a4cc-492e-8075-2ab9a699c847::0002,c724545d-a4cc-492e-8075-2ab9a699c847
3450,stockpile,42,0.0003,40,0.9,stockpile::d6ea4c1e-7959-4eb1-a292-b6fd2b06c73e::0001,d6ea4c1e-7959-4eb1-a292-b6fd2b06c73e
3451,stockpile,42,0.0003,40,0.9,stockpile::d6ea4c1e-7959-4eb1-a292-b6fd2b06c73e::0002,d6ea4c1e-7959-4eb1-a292-b6fd2b06c73e
3452,stockpile,42,0.0003,40,0.9,stockpile::d6ea4c1e-7959-4eb1-a292-b6fd2b06c73e::0004,d6ea4c1e-7959-4eb1-a292-b6fd2b06c73e
3453,stockpile,42,0.0003,40,0.9,stockpile::dbd49a4a-ba2d-40d0-9348-2db24fc4b0b6::0002,dbd49a4a-ba2d-40d0-9348-2db24fc4b0b6
3454,stockpile,42,0.0003,40,0.9,stockpile::ddbd1850-5fd7-41d5-a7a1-1b15dac49090::0001,ddbd1850-5fd7-41d5-a7a1-1b15dac49090
3455,stockpile,42,0.0003,40,0.9,stockpile::ddbd1850-5fd7-41d5-a7a1-1b15dac49090::0002,ddbd1850-5fd7-41d5-a7a1-1b15dac49090
3456,stockpile,42,0.0003,40,0.9,stockpile::ddbd1850-5fd7-41d5-a7a1-1b15dac49090::0003,ddbd1850-5fd7-41d5-a7a1-1b15dac49090
3457,stockpile,42,0.0003,40,0.9,stockpile::de07f52d-9928-4071-9142-cb1d3bd851e8::0001,de07f52d-9928-4071-9142-cb1d3bd851e8
3458,stockpile,42,0.0003,40,0.9,stockpile::de07f52d-9928-4071-9142-cb1d3bd851e8::0003,de07f52d-9928-4071-9142-cb1d3bd851e8
3459,stockpile,42,0.0003,40,0.9,stockpile::de07f52d-9928-4071-9142-cb1d3bd851e8::0004,de07f52d-9928-4071-9142-cb1d3bd851e8
3460,stockpile,42,0.0003,40,0.9,stockpile::de07f52d-9928-4071-9142-cb1d3bd851e8::0005,de07f52d-9928-4071-9142-cb1d3bd851e8
3461,stockpile,42,0.0003,40,0.9,stockpile::de07f52d-9928-4071-9142-cb1d3bd851e8::0006,de07f52d-9928-4071-9142-cb1d3bd851e8
3462,stockpile,42,0.0003,40,0.9,stockpile::de07f52d-9928-4071-9142-cb1d3bd851e8::0007,de07f52d-9928-4071-9142-cb1d3bd851e8
3463,stockpile,42,0.0003,40,0.9,stockpile::de07f52d-9928-4071-9142-cb1d3bd851e8::0008,de07f52d-9928-4071-9142-cb1d3bd851e8
3464,stockpile,42,0.0003,40,0.9,stockpile::de07f52d-9928-4071-9142-cb1d3bd851e8::0009,de07f52d-9928-4071-9142-cb1d3bd851e8
3465,stockpile,42,0.0003,40,0.9,stockpile::de07f52d-9928-4071-9142-cb1d3bd851e8::0010,de07f52d-9928-4071-9142-cb1d3bd851e8
3466,stockpile,42,0.0003,40,0.9,stockpile::de07f52d-9928-4071-9142-cb1d3bd851e8::0011,de07f52d-9928-4071-9142-cb1d3bd851e8
3467,stockpile,42,0.0003,40,0.9,stockpile::de07f52d-9928-4071-9142-cb1d3bd851e8::0012,de07f52d-9928-4071-9142-cb1d3bd851e8
3468,stockpile,42,0.0003,40,0.9,stockpile::de07f52d-9928-4071-9142-cb1d3bd851e8::0013,de07f52d-9928-4071-9142-cb1d3bd851e8
3469,stockpile,42,0.0003,40,0.9,stockpile::de07f52d-9928-4071-9142-cb1d3bd851e8::0014,de07f52d-9928-4071-9142-cb1d3bd851e8
3470,stockpile,42,0.0003,40,0.9,stockpile::de07f52d-9928-4071-9142-cb1d3bd851e8::0015,de07f52d-9928-4071-9142-cb1d3bd851e8
3471,stockpile,42,0.0003,40,0.9,stockpile::de07f52d-9928-4071-9142-cb1d3bd851e8::0016,de07f52d-9928-4071-9142-cb1d3bd851e8
3472,stockpile,42,0.0003,40,0.9,stockpile::de07f52d-9928-4071-9142-cb1d3bd851e8::0017,de07f52d-9928-4071-9142-cb1d3bd851e8
3473,stockpile,42,0.0003,40,0.9,stockpile::e4324b88-8836-4803-b6b7-09b3c6cd4e94::0001,e4324b88-8836-4803-b6b7-09b3c6cd4e94
3474,stockpile,42,0.0003,40,0.9,stockpile::e89a10d3-004f-4c15-b0eb-d1ba76a4b67f::0001,e89a10d3-004f-4c15-b0eb-d1ba76a4b67f
3475,stockpile,42,0.0003,40,0.9,stockpile::e89a10d3-004f-4c15-b0eb-d1ba76a4b67f::0002,e89a10d3-004f-4c15-b0eb-d1ba76a4b67f
3476,stockpile,42,0.0003,40,0.9,stockpile::eddc8f03-f930-41e7-95ba-33fb87bfed74::0001,eddc8f03-f930-41e7-95ba-33fb87bfed74
3477,stockpile,42,0.0003,40,0.9,stockpile::eddc8f03-f930-41e7-95ba-33fb87bfed74::0002,eddc8f03-f930-41e7-95ba-33fb87bfed74
3478,stockpile,42,0.0003,40,0.9,stockpile::ef4d997c-a0d1-4067-9efa-87c58682db71::0001,ef4d997c-a0d1-4067-9efa-87c58682db71
3479,stockpile,42,0.0003,40,0.9,stockpile::ef4d997c-a0d1-4067-9efa-87c58682db71::0002,ef4d997c-a0d1-4067-9efa-87c58682db71
3480,stockpile,42,0.0003,40,0.9,stockpile::ef4d997c-a0d1-4067-9efa-87c58682db71::0003,ef4d997c-a0d1-4067-9efa-87c58682db71
3481,stockpile,42,0.0003,40,0.9,stockpile::f98193a0-8b5b-4b5e-a5aa-e8c3adfcd4e6::0001,f98193a0-8b5b-4b5e-a5aa-e8c3adfcd4e6
3482,stockpile,42,0.0003,40,0.9,stockpile::fbc41624-1052-490c-b5ec-4fd718e2501d::0001,fbc41624-1052-490c-b5ec-4fd718e2501d
3483,stockpile,42,0.0003,40,0.9,stockpile::fbc41624-1052-490c-b5ec-4fd718e2501d::0002,fbc41624-1052-490c-b5ec-4fd718e2501d
3484,stockpile,43,0.0003,40,0.9,stockpile::01c96671-afd3-47d4-8d31-8c116cc0221a::0001,01c96671-afd3-47d4-8d31-8c116cc0221a
3485,stockpile,43,0.0003,40,0.9,stockpile::01c96671-afd3-47d4-8d31-8c116cc0221a::0002,01c96671-afd3-47d4-8d31-8c116cc0221a
3486,stockpile,43,0.0003,40,0.9,stockpile::01d77744-2515-401a-a497-d9f7241aac3c::0001,01d77744-2515-401a-a497-d9f7241aac3c
3487,stockpile,43,0.0003,40,0.9,stockpile::01d77744-2515-401a-a497-d9f7241aac3c::0002,01d77744-2515-401a-a497-d9f7241aac3c
3488,stockpile,43,0.0003,40,0.9,stockpile::01d77744-2515-401a-a497-d9f7241aac3c::0003,01d77744-2515-401a-a497-d9f7241aac3c
3489,stockpile,43,0.0003,40,0.9,stockpile::01d77744-2515-401a-a497-d9f7241aac3c::0004,01d77744-2515-401a-a497-d9f7241aac3c
3490,stockpile,43,0.0003,40,0.9,stockpile::01d77744-2515-401a-a497-d9f7241aac3c::0005,01d77744-2515-401a-a497-d9f7241aac3c
3491,stockpile,43,0.0003,40,0.9,stockpile::01d77744-2515-401a-a497-d9f7241aac3c::0006,01d77744-2515-401a-a497-d9f7241aac3c
3492,stockpile,43,0.0003,40,0.9,stockpile::09ad625e-6cba-490f-afe3-5417e7edb9c6::0001,09ad625e-6cba-490f-afe3-5417e7edb9c6
3493,stockpile,43,0.0003,40,0.9,stockpile::09ad625e-6cba-490f-afe3-5417e7edb9c6::0002,09ad625e-6cba-490f-afe3-5417e7edb9c6
3494,stockpile,43,0.0003,40,0.9,stockpile::0b5636cf-f019-4ec9-aa7c-6e4f55505374::0001,0b5636cf-f019-4ec9-aa7c-6e4f55505374
3495,stockpile,43,0.0003,40,0.9,stockpile::0b5636cf-f019-4ec9-aa7c-6e4f55505374::0002,0b5636cf-f019-4ec9-aa7c-6e4f55505374
3496,stockpile,43,0.0003,40,0.9,stockpile::0b5636cf-f019-4ec9-aa7c-6e4f55505374::0003,0b5636cf-f019-4ec9-aa7c-6e4f55505374
3497,stockpile,43,0.0003,40,0.9,stockpile::0b5636cf-f019-4ec9-aa7c-6e4f55505374::0004,0b5636cf-f019-4ec9-aa7c-6e4f55505374
3498,stockpile,43,0.0003,40,0.9,stockpile::0b73bf34-fc5b-48f7-9194-dce993b915b1::0001,0b73bf34-fc5b-48f7-9194-dce993b915b1
3499,stockpile,43,0.0003,40,0.9,stockpile::0b73bf34-fc5b-48f7-9194-dce993b915b1::0002,0b73bf34-fc5b-48f7-9194-dce993b915b1
3500,stockpile,43,0.0003,40,0.9,stockpile::0f4c3c67-845e-49a0-927e-90ed33c044e0::0001,0f4c3c67-845e-49a0-927e-90ed33c044e0
3501,stockpile,43,0.0003,40,0.9,stockpile::0f4c3c67-845e-49a0-927e-90ed33c044e0::0002,0f4c3c67-845e-49a0-927e-90ed33c044e0
3502,stockpile,43,0.0003,40,0.9,stockpile::0f4c3c67-845e-49a0-927e-90ed33c044e0::0003,0f4c3c67-845e-49a0-927e-90ed33c044e0
3503,stockpile,43,0.0003,40,0.9,stockpile::0f4c3c67-845e-49a0-927e-90ed33c044e0::0004,0f4c3c67-845e-49a0-927e-90ed33c044e0
3504,stockpile,43,0.0003,40,0.9,stockpile::0f4c3c67-845e-49a0-927e-90ed33c044e0::0005,0f4c3c67-845e-49a0-927e-90ed33c044e0
3505,stockpile,43,0.0003,40,0.9,stockpile::0f4c3c67-845e-49a0-927e-90ed33c044e0::0006,0f4c3c67-845e-49a0-927e-90ed33c044e0
3506,stockpile,43,0.0003,40,0.9,stockpile::0f4c3c67-845e-49a0-927e-90ed33c044e0::0007,0f4c3c67-845e-49a0-927e-90ed33c044e0
3507,stockpile,43,0.0003,40,0.9,stockpile::0f4c3c67-845e-49a0-927e-90ed33c044e0::0008,0f4c3c67-845e-49a0-927e-90ed33c044e0
3508,stockpile,43,0.0003,40,0.9,stockpile::0f4c3c67-845e-49a0-927e-90ed33c044e0::0009,0f4c3c67-845e-49a0-927e-90ed33c044e0
3509,stockpile,43,0.0003,40,0.9,stockpile::0f4c3c67-845e-49a0-927e-90ed33c044e0::0010,0f4c3c67-845e-49a0-927e-90ed33c044e0
3510,stockpile,43,0.0003,40,0.9,stockpile::0f4c3c67-845e-49a0-927e-90ed33c044e0::0011,0f4c3c67-845e-49a0-927e-90ed33c044e0
3511,stockpile,43,0.0003,40,0.9,stockpile::1a98b8e6-18ce-4617-8cc5-e65a1a9d490e::0001,1a98b8e6-18ce-4617-8cc5-e65a1a9d490e
3512,stockpile,43,0.0003,40,0.9,stockpile::1a98b8e6-18ce-4617-8cc5-e65a1a9d490e::0002,1a98b8e6-18ce-4617-8cc5-e65a1a9d490e
3513,stockpile,43,0.0003,40,0.9,stockpile::1a98b8e6-18ce-4617-8cc5-e65a1a9d490e::0003,1a98b8e6-18ce-4617-8cc5-e65a1a9d490e
3514,stockpile,43,0.0003,40,0.9,stockpile::1a98b8e6-18ce-4617-8cc5-e65a1a9d490e::0004,1a98b8e6-18ce-4617-8cc5-e65a1a9d490e
3515,stockpile,43,0.0003,40,0.9,stockpile::1bac97ca-77fc-4c9a-835e-4de1b1b7f639::0001,1bac97ca-77fc-4c9a-835e-4de1b1b7f639
3516,stockpile,43,0.0003,40,0.9,stockpile::1bac97ca-77fc-4c9a-835e-4de1b1b7f639::0002,1bac97ca-77fc-4c9a-835e-4de1b1b7f639
3517,stockpile,43,0.0003,40,0.9,stockpile::4c28c132-d7d7-4a04-8908-d643b7cb1d58::0001,4c28c132-d7d7-4a04-8908-d643b7cb1d58
3518,stockpile,43,0.0003,40,0.9,stockpile::50855e29-3b4e-4562-aa55-b3d7f93c26b8::0001,50855e29-3b4e-4562-aa55-b3d7f93c26b8
3519,stockpile,43,0.0003,40,0.9,stockpile::50855e29-3b4e-4562-aa55-b3d7f93c26b8::0002,50855e29-3b4e-4562-aa55-b3d7f93c26b8
3520,stockpile,43,0.0003,40,0.9,stockpile::50855e29-3b4e-4562-aa55-b3d7f93c26b8::0003,50855e29-3b4e-4562-aa55-b3d7f93c26b8
3521,stockpile,43,0.0003,40,0.9,stockpile::50855e29-3b4e-4562-aa55-b3d7f93c26b8::0004,50855e29-3b4e-4562-aa55-b3d7f93c26b8
3522,stockpile,43,0.0003,40,0.9,stockpile::50855e29-3b4e-4562-aa55-b3d7f93c26b8::0005,50855e29-3b4e-4562-aa55-b3d7f93c26b8
3523,stockpile,43,0.0003,40,0.9,stockpile::50855e29-3b4e-4562-aa55-b3d7f93c26b8::0006,50855e29-3b4e-4562-aa55-b3d7f93c26b8
3524,stockpile,43,0.0003,40,0.9,stockpile::50855e29-3b4e-4562-aa55-b3d7f93c26b8::0007,50855e29-3b4e-4562-aa55-b3d7f93c26b8
3525,stockpile,43,0.0003,40,0.9,stockpile::564ae20d-778d-4965-93dc-b523be2e2ab4::0001,564ae20d-778d-4965-93dc-b523be2e2ab4
3526,stockpile,43,0.0003,40,0.9,stockpile::564ae20d-778d-4965-93dc-b523be2e2ab4::0002,564ae20d-778d-4965-93dc-b523be2e2ab4
3527,stockpile,43,0.0003,40,0.9,stockpile::564ae20d-778d-4965-93dc-b523be2e2ab4::0003,564ae20d-778d-4965-93dc-b523be2e2ab4
3528,stockpile,43,0.0003,40,0.9,stockpile::564ae20d-778d-4965-93dc-b523be2e2ab4::0004,564ae20d-778d-4965-93dc-b523be2e2ab4
3529,stockpile,43,0.0003,40,0.9,stockpile::564ae20d-778d-4965-93dc-b523be2e2ab4::0005,564ae20d-778d-4965-93dc-b523be2e2ab4
3530,stockpile,43,0.0003,40,0.9,stockpile::564ae20d-778d-4965-93dc-b523be2e2ab4::0006,564ae20d-778d-4965-93dc-b523be2e2ab4
3531,stockpile,43,0.0003,40,0.9,stockpile::564ae20d-778d-4965-93dc-b523be2e2ab4::0007,564ae20d-778d-4965-93dc-b523be2e2ab4
3532,stockpile,43,0.0003,40,0.9,stockpile::564ae20d-778d-4965-93dc-b523be2e2ab4::0008,564ae20d-778d-4965-93dc-b523be2e2ab4
3533,stockpile,43,0.0003,40,0.9,stockpile::564ae20d-778d-4965-93dc-b523be2e2ab4::0009,564ae20d-778d-4965-93dc-b523be2e2ab4
3534,stockpile,43,0.0003,40,0.9,stockpile::564ae20d-778d-4965-93dc-b523be2e2ab4::0010,564ae20d-778d-4965-93dc-b523be2e2ab4
3535,stockpile,43,0.0003,40,0.9,stockpile::564ae20d-778d-4965-93dc-b523be2e2ab4::0011,564ae20d-778d-4965-93dc-b523be2e2ab4
3536,stockpile,43,0.0003,40,0.9,stockpile::564ae20d-778d-4965-93dc-b523be2e2ab4::0013,564ae20d-778d-4965-93dc-b523be2e2ab4
3537,stockpile,43,0.0003,40,0.9,stockpile::564ae20d-778d-4965-93dc-b523be2e2ab4::0014,564ae20d-778d-4965-93dc-b523be2e2ab4
3538,stockpile,43,0.0003,40,0.9,stockpile::5d3e170e-f1b8-49f9-9ee1-c51605552a08::0001,5d3e170e-f1b8-49f9-9ee1-c51605552a08
3539,stockpile,43,0.0003,40,0.9,stockpile::5d3e170e-f1b8-49f9-9ee1-c51605552a08::0002,5d3e170e-f1b8-49f9-9ee1-c51605552a08
3540,stockpile,43,0.0003,40,0.9,stockpile::725226e0-45b8-4432-84ee-144d3f37ff8d::0001,725226e0-45b8-4432-84ee-144d3f37ff8d
3541,stockpile,43,0.0003,40,0.9,stockpile::725226e0-45b8-4432-84ee-144d3f37ff8d::0002,725226e0-45b8-4432-84ee-144d3f37ff8d
3542,stockpile,43,0.0003,40,0.9,stockpile::725226e0-45b8-4432-84ee-144d3f37ff8d::0003,725226e0-45b8-4432-84ee-144d3f37ff8d
3543,stockpile,43,0.0003,40,0.9,stockpile::78e7504d-968f-477d-8806-4d6c04b94431::0001,78e7504d-968f-477d-8806-4d6c04b94431
3544,stockpile,43,0.0003,40,0.9,stockpile::78e7504d-968f-477d-8806-4d6c04b94431::0002,78e7504d-968f-477d-8806-4d6c04b94431
3545,stockpile,43,0.0003,40,0.9,stockpile::78e7504d-968f-477d-8806-4d6c04b94431::0003,78e7504d-968f-477d-8806-4d6c04b94431
3546,stockpile,43,0.0003,40,0.9,stockpile::78e7504d-968f-477d-8806-4d6c04b94431::0004,78e7504d-968f-477d-8806-4d6c04b94431
3547,stockpile,43,0.0003,40,0.9,stockpile::78e7504d-968f-477d-8806-4d6c04b94431::0005,78e7504d-968f-477d-8806-4d6c04b94431
3548,stockpile,43,0.0003,40,0.9,stockpile::78e7504d-968f-477d-8806-4d6c04b94431::0006,78e7504d-968f-477d-8806-4d6c04b94431
3549,stockpile,43,0.0003,40,0.9,stockpile::78e7504d-968f-477d-8806-4d6c04b94431::0007,78e7504d-968f-477d-8806-4d6c04b94431
3550,stockpile,43,0.0003,40,0.9,stockpile::78e7504d-968f-477d-8806-4d6c04b94431::0008,78e7504d-968f-477d-8806-4d6c04b94431
3551,stockpile,43,0.0003,40,0.9,stockpile::78e7504d-968f-477d-8806-4d6c04b94431::0010,78e7504d-968f-477d-8806-4d6c04b94431
3552,stockpile,43,0.0003,40,0.9,stockpile::78e7504d-968f-477d-8806-4d6c04b94431::0011,78e7504d-968f-477d-8806-4d6c04b94431
3553,stockpile,43,0.0003,40,0.9,stockpile::78e7504d-968f-477d-8806-4d6c04b94431::0012,78e7504d-968f-477d-8806-4d6c04b94431
3554,stockpile,43,0.0003,40,0.9,stockpile::bcdbf6b9-14c5-495c-be84-37bce32c312b::0001,bcdbf6b9-14c5-495c-be84-37bce32c312b
3555,stockpile,43,0.0003,40,0.9,stockpile::bcdbf6b9-14c5-495c-be84-37bce32c312b::0002,bcdbf6b9-14c5-495c-be84-37bce32c312b
3556,stockpile,43,0.0003,40,0.9,stockpile::c220a8e6-609c-4d5b-9e1c-068ca01c2eec::0002,c220a8e6-609c-4d5b-9e1c-068ca01c2eec
3557,stockpile,43,0.0003,40,0.9,stockpile::c724545d-a4cc-492e-8075-2ab9a699c847::0001,c724545d-a4cc-492e-8075-2ab9a699c847
3558,stockpile,43,0.0003,40,0.9,stockpile::c724545d-a4cc-492e-8075-2ab9a699c847::0002,c724545d-a4cc-492e-8075-2ab9a699c847
3559,stockpile,43,0.0003,40,0.9,stockpile::d6ea4c1e-7959-4eb1-a292-b6fd2b06c73e::0001,d6ea4c1e-7959-4eb1-a292-b6fd2b06c73e
3560,stockpile,43,0.0003,40,0.9,stockpile::d6ea4c1e-7959-4eb1-a292-b6fd2b06c73e::0002,d6ea4c1e-7959-4eb1-a292-b6fd2b06c73e
3561,stockpile,43,0.0003,40,0.9,stockpile::d6ea4c1e-7959-4eb1-a292-b6fd2b06c73e::0004,d6ea4c1e-7959-4eb1-a292-b6fd2b06c73e
3562,stockpile,43,0.0003,40,0.9,stockpile::dbd49a4a-ba2d-40d0-9348-2db24fc4b0b6::0002,dbd49a4a-ba2d-40d0-9348-2db24fc4b0b6
3563,stockpile,43,0.0003,40,0.9,stockpile::ddbd1850-5fd7-41d5-a7a1-1b15dac49090::0001,ddbd1850-5fd7-41d5-a7a1-1b15dac49090
3564,stockpile,43,0.0003,40,0.9,stockpile::ddbd1850-5fd7-41d5-a7a1-1b15dac49090::0002,ddbd1850-5fd7-41d5-a7a1-1b15dac49090
3565,stockpile,43,0.0003,40,0.9,stockpile::ddbd1850-5fd7-41d5-a7a1-1b15dac49090::0003,ddbd1850-5fd7-41d5-a7a1-1b15dac49090
3566,stockpile,43,0.0003,40,0.9,stockpile::de07f52d-9928-4071-9142-cb1d3bd851e8::0001,de07f52d-9928-4071-9142-cb1d3bd851e8
3567,stockpile,43,0.0003,40,0.9,stockpile::de07f52d-9928-4071-9142-cb1d3bd851e8::0003,de07f52d-9928-4071-9142-cb1d3bd851e8
3568,stockpile,43,0.0003,40,0.9,stockpile::de07f52d-9928-4071-9142-cb1d3bd851e8::0004,de07f52d-9928-4071-9142-cb1d3bd851e8
3569,stockpile,43,0.0003,40,0.9,stockpile::de07f52d-9928-4071-9142-cb1d3bd851e8::0005,de07f52d-9928-4071-9142-cb1d3bd851e8
3570,stockpile,43,0.0003,40,0.9,stockpile::de07f52d-9928-4071-9142-cb1d3bd851e8::0006,de07f52d-9928-4071-9142-cb1d3bd851e8
3571,stockpile,43,0.0003,40,0.9,stockpile::de07f52d-9928-4071-9142-cb1d3bd851e8::0007,de07f52d-9928-4071-9142-cb1d3bd851e8
3572,stockpile,43,0.0003,40,0.9,stockpile::de07f52d-9928-4071-9142-cb1d3bd851e8::0008,de07f52d-9928-4071-9142-cb1d3bd851e8
3573,stockpile,43,0.0003,40,0.9,stockpile::de07f52d-9928-4071-9142-cb1d3bd851e8::0009,de07f52d-9928-4071-9142-cb1d3bd851e8
3574,stockpile,43,0.0003,40,0.9,stockpile::de07f52d-9928-4071-9142-cb1d3bd851e8::0010,de07f52d-9928-4071-9142-cb1d3bd851e8
3575,stockpile,43,0.0003,40,0.9,stockpile::de07f52d-9928-4071-9142-cb1d3bd851e8::0011,de07f52d-9928-4071-9142-cb1d3bd851e8
3576,stockpile,43,0.0003,40,0.9,stockpile::de07f52d-9928-4071-9142-cb1d3bd851e8::0012,de07f52d-9928-4071-9142-cb1d3bd851e8
3577,stockpile,43,0.0003,40,0.9,stockpile::de07f52d-9928-4071-9142-cb1d3bd851e8::0013,de07f52d-9928-4071-9142-cb1d3bd851e8
3578,stockpile,43,0.0003,40,0.9,stockpile::de07f52d-9928-4071-9142-cb1d3bd851e8::0014,de07f52d-9928-4071-9142-cb1d3bd851e8
3579,stockpile,43,0.0003,40,0.9,stockpile::de07f52d-9928-4071-9142-cb1d3bd851e8::0015,de07f52d-9928-4071-9142-cb1d3bd851e8
3580,stockpile,43,0.0003,40,0.9,stockpile::de07f52d-9928-4071-9142-cb1d3bd851e8::0016,de07f52d-9928-4071-9142-cb1d3bd851e8
3581,stockpile,43,0.0003,40,0.9,stockpile::de07f52d-9928-4071-9142-cb1d3bd851e8::0017,de07f52d-9928-4071-9142-cb1d3bd851e8
3582,stockpile,43,0.0003,40,0.9,stockpile::e4324b88-8836-4803-b6b7-09b3c6cd4e94::0001,e4324b88-8836-4803-b6b7-09b3c6cd4e94
3583,stockpile,43,0.0003,40,0.9,stockpile::e89a10d3-004f-4c15-b0eb-d1ba76a4b67f::0001,e89a10d3-004f-4c15-b0eb-d1ba76a4b67f
3584,stockpile,43,0.0003,40,0.9,stockpile::e89a10d3-004f-4c15-b0eb-d1ba76a4b67f::0002,e89a10d3-004f-4c15-b0eb-d1ba76a4b67f
3585,stockpile,43,0.0003,40,0.9,stockpile::eddc8f03-f930-41e7-95ba-33fb87bfed74::0001,eddc8f03-f930-41e7-95ba-33fb87bfed74
3586,stockpile,43,0.0003,40,0.9,stockpile::eddc8f03-f930-41e7-95ba-33fb87bfed74::0002,eddc8f03-f930-41e7-95ba-33fb87bfed74
3587,stockpile,43,0.0003,40,0.9,stockpile::ef4d997c-a0d1-4067-9efa-87c58682db71::0001,ef4d997c-a0d1-4067-9efa-87c58682db71
3588,stockpile,43,0.0003,40,0.9,stockpile::ef4d997c-a0d1-4067-9efa-87c58682db71::0002,ef4d997c-a0d1-4067-9efa-87c58682db71
3589,stockpile,43,0.0003,40,0.9,stockpile::ef4d997c-a0d1-4067-9efa-87c58682db71::0003,ef4d997c-a0d1-4067-9efa-87c58682db71
3590,stockpile,43,0.0003,40,0.9,stockpile::f98193a0-8b5b-4b5e-a5aa-e8c3adfcd4e6::0001,f98193a0-8b5b-4b5e-a5aa-e8c3adfcd4e6
3591,stockpile,43,0.0003,40,0.9,stockpile::fbc41624-1052-490c-b5ec-4fd718e2501d::0001,fbc41624-1052-490c-b5ec-4fd718e2501d
3592,stockpile,43,0.0003,40,0.9,stockpile::fbc41624-1052-490c-b5ec-4fd718e2501d::0002,fbc41624-1052-490c-b5ec-4fd718e2501d
3593,stockpile,44,0.0003,40,0.9,stockpile::01c96671-afd3-47d4-8d31-8c116cc0221a::0001,01c96671-afd3-47d4-8d31-8c116cc0221a
3594,stockpile,44,0.0003,40,0.9,stockpile::01c96671-afd3-47d4-8d31-8c116cc0221a::0002,01c96671-afd3-47d4-8d31-8c116cc0221a
3595,stockpile,44,0.0003,40,0.9,stockpile::01d77744-2515-401a-a497-d9f7241aac3c::0001,01d77744-2515-401a-a497-d9f7241aac3c
3596,stockpile,44,0.0003,40,0.9,stockpile::01d77744-2515-401a-a497-d9f7241aac3c::0002,01d77744-2515-401a-a497-d9f7241aac3c
3597,stockpile,44,0.0003,40,0.9,stockpile::01d77744-2515-401a-a497-d9f7241aac3c::0003,01d77744-2515-401a-a497-d9f7241aac3c
3598,stockpile,44,0.0003,40,0.9,stockpile::01d77744-2515-401a-a497-d9f7241aac3c::0004,01d77744-2515-401a-a497-d9f7241aac3c
3599,stockpile,44,0.0003,40,0.9,stockpile::01d77744-2515-401a-a497-d9f7241aac3c::0005,01d77744-2515-401a-a497-d9f7241aac3c
3600,stockpile,44,0.0003,40,0.9,stockpile::01d77744-2515-401a-a497-d9f7241aac3c::0006,01d77744-2515-401a-a497-d9f7241aac3c
3601,stockpile,44,0.0003,40,0.9,stockpile::09ad625e-6cba-490f-afe3-5417e7edb9c6::0001,09ad625e-6cba-490f-afe3-5417e7edb9c6
3602,stockpile,44,0.0003,40,0.9,stockpile::09ad625e-6cba-490f-afe3-5417e7edb9c6::0002,09ad625e-6cba-490f-afe3-5417e7edb9c6
3603,stockpile,44,0.0003,40,0.9,stockpile::0b5636cf-f019-4ec9-aa7c-6e4f55505374::0001,0b5636cf-f019-4ec9-aa7c-6e4f55505374
3604,stockpile,44,0.0003,40,0.9,stockpile::0b5636cf-f019-4ec9-aa7c-6e4f55505374::0002,0b5636cf-f019-4ec9-aa7c-6e4f55505374
3605,stockpile,44,0.0003,40,0.9,stockpile::0b5636cf-f019-4ec9-aa7c-6e4f55505374::0003,0b5636cf-f019-4ec9-aa7c-6e4f55505374
3606,stockpile,44,0.0003,40,0.9,stockpile::0b5636cf-f019-4ec9-aa7c-6e4f55505374::0004,0b5636cf-f019-4ec9-aa7c-6e4f55505374
3607,stockpile,44,0.0003,40,0.9,stockpile::0b73bf34-fc5b-48f7-9194-dce993b915b1::0001,0b73bf34-fc5b-48f7-9194-dce993b915b1
3608,stockpile,44,0.0003,40,0.9,stockpile::0b73bf34-fc5b-48f7-9194-dce993b915b1::0002,0b73bf34-fc5b-48f7-9194-dce993b915b1
3609,stockpile,44,0.0003,40,0.9,stockpile::0f4c3c67-845e-49a0-927e-90ed33c044e0::0001,0f4c3c67-845e-49a0-927e-90ed33c044e0
3610,stockpile,44,0.0003,40,0.9,stockpile::0f4c3c67-845e-49a0-927e-90ed33c044e0::0002,0f4c3c67-845e-49a0-927e-90ed33c044e0
3611,stockpile,44,0.0003,40,0.9,stockpile::0f4c3c67-845e-49a0-927e-90ed33c044e0::0003,0f4c3c67-845e-49a0-927e-90ed33c044e0
3612,stockpile,44,0.0003,40,0.9,stockpile::0f4c3c67-845e-49a0-927e-90ed33c044e0::0004,0f4c3c67-845e-49a0-927e-90ed33c044e0
3613,stockpile,44,0.0003,40,0.9,stockpile::0f4c3c67-845e-49a0-927e-90ed33c044e0::0005,0f4c3c67-845e-49a0-927e-90ed33c044e0
3614,stockpile,44,0.0003,40,0.9,stockpile::0f4c3c67-845e-49a0-927e-90ed33c044e0::0006,0f4c3c67-845e-49a0-927e-90ed33c044e0
3615,stockpile,44,0.0003,40,0.9,stockpile::0f4c3c67-845e-49a0-927e-90ed33c044e0::0007,0f4c3c67-845e-49a0-927e-90ed33c044e0
3616,stockpile,44,0.0003,40,0.9,stockpile::0f4c3c67-845e-49a0-927e-90ed33c044e0::0008,0f4c3c67-845e-49a0-927e-90ed33c044e0
3617,stockpile,44,0.0003,40,0.9,stockpile::0f4c3c67-845e-49a0-927e-90ed33c044e0::0009,0f4c3c67-845e-49a0-927e-90ed33c044e0
3618,stockpile,44,0.0003,40,0.9,stockpile::0f4c3c67-845e-49a0-927e-90ed33c044e0::0010,0f4c3c67-845e-49a0-927e-90ed33c044e0
3619,stockpile,44,0.0003,40,0.9,stockpile::0f4c3c67-845e-49a0-927e-90ed33c044e0::0011,0f4c3c67-845e-49a0-927e-90ed33c044e0
3620,stockpile,44,0.0003,40,0.9,stockpile::1a98b8e6-18ce-4617-8cc5-e65a1a9d490e::0001,1a98b8e6-18ce-4617-8cc5-e65a1a9d490e
3621,stockpile,44,0.0003,40,0.9,stockpile::1a98b8e6-18ce-4617-8cc5-e65a1a9d490e::0002,1a98b8e6-18ce-4617-8cc5-e65a1a9d490e
3622,stockpile,44,0.0003,40,0.9,stockpile::1a98b8e6-18ce-4617-8cc5-e65a1a9d490e::0003,1a98b8e6-18ce-4617-8cc5-e65a1a9d490e
3623,stockpile,44,0.0003,40,0.9,stockpile::1a98b8e6-18ce-4617-8cc5-e65a1a9d490e::0004,1a98b8e6-18ce-4617-8cc5-e65a1a9d490e
3624,stockpile,44,0.0003,40,0.9,stockpile::1bac97ca-77fc-4c9a-835e-4de1b1b7f639::0001,1bac97ca-77fc-4c9a-835e-4de1b1b7f639
3625,stockpile,44,0.0003,40,0.9,stockpile::1bac97ca-77fc-4c9a-835e-4de1b1b7f639::0002,1bac97ca-77fc-4c9a-835e-4de1b1b7f639
3626,stockpile,44,0.0003,40,0.9,stockpile::4c28c132-d7d7-4a04-8908-d643b7cb1d58::0001,4c28c132-d7d7-4a04-8908-d643b7cb1d58
3627,stockpile,44,0.0003,40,0.9,stockpile::50855e29-3b4e-4562-aa55-b3d7f93c26b8::0001,50855e29-3b4e-4562-aa55-b3d7f93c26b8
3628,stockpile,44,0.0003,40,0.9,stockpile::50855e29-3b4e-4562-aa55-b3d7f93c26b8::0002,50855e29-3b4e-4562-aa55-b3d7f93c26b8
3629,stockpile,44,0.0003,40,0.9,stockpile::50855e29-3b4e-4562-aa55-b3d7f93c26b8::0003,50855e29-3b4e-4562-aa55-b3d7f93c26b8
3630,stockpile,44,0.0003,40,0.9,stockpile::50855e29-3b4e-4562-aa55-b3d7f93c26b8::0004,50855e29-3b4e-4562-aa55-b3d7f93c26b8
3631,stockpile,44,0.0003,40,0.9,stockpile::50855e29-3b4e-4562-aa55-b3d7f93c26b8::0005,50855e29-3b4e-4562-aa55-b3d7f93c26b8
3632,stockpile,44,0.0003,40,0.9,stockpile::50855e29-3b4e-4562-aa55-b3d7f93c26b8::0006,50855e29-3b4e-4562-aa55-b3d7f93c26b8
3633,stockpile,44,0.0003,40,0.9,stockpile::50855e29-3b4e-4562-aa55-b3d7f93c26b8::0007,50855e29-3b4e-4562-aa55-b3d7f93c26b8
3634,stockpile,44,0.0003,40,0.9,stockpile::564ae20d-778d-4965-93dc-b523be2e2ab4::0001,564ae20d-778d-4965-93dc-b523be2e2ab4
3635,stockpile,44,0.0003,40,0.9,stockpile::564ae20d-778d-4965-93dc-b523be2e2ab4::0002,564ae20d-778d-4965-93dc-b523be2e2ab4
3636,stockpile,44,0.0003,40,0.9,stockpile::564ae20d-778d-4965-93dc-b523be2e2ab4::0003,564ae20d-778d-4965-93dc-b523be2e2ab4
3637,stockpile,44,0.0003,40,0.9,stockpile::564ae20d-778d-4965-93dc-b523be2e2ab4::0004,564ae20d-778d-4965-93dc-b523be2e2ab4
3638,stockpile,44,0.0003,40,0.9,stockpile::564ae20d-778d-4965-93dc-b523be2e2ab4::0005,564ae20d-778d-4965-93dc-b523be2e2ab4
3639,stockpile,44,0.0003,40,0.9,stockpile::564ae20d-778d-4965-93dc-b523be2e2ab4::0006,564ae20d-778d-4965-93dc-b523be2e2ab4
3640,stockpile,44,0.0003,40,0.9,stockpile::564ae20d-778d-4965-93dc-b523be2e2ab4::0007,564ae20d-778d-4965-93dc-b523be2e2ab4
3641,stockpile,44,0.0003,40,0.9,stockpile::564ae20d-778d-4965-93dc-b523be2e2ab4::0008,564ae20d-778d-4965-93dc-b523be2e2ab4
3642,stockpile,44,0.0003,40,0.9,stockpile::564ae20d-778d-4965-93dc-b523be2e2ab4::0009,564ae20d-778d-4965-93dc-b523be2e2ab4
3643,stockpile,44,0.0003,40,0.9,stockpile::564ae20d-778d-4965-93dc-b523be2e2ab4::0010,564ae20d-778d-4965-93dc-b523be2e2ab4
3644,stockpile,44,0.0003,40,0.9,stockpile::564ae20d-778d-4965-93dc-b523be2e2ab4::0011,564ae20d-778d-4965-93dc-b523be2e2ab4
3645,stockpile,44,0.0003,40,0.9,stockpile::564ae20d-778d-4965-93dc-b523be2e2ab4::0013,564ae20d-778d-4965-93dc-b523be2e2ab4
3646,stockpile,44,0.0003,40,0.9,stockpile::564ae20d-778d-4965-93dc-b523be2e2ab4::0014,564ae20d-778d-4965-93dc-b523be2e2ab4
3647,stockpile,44,0.0003,40,0.9,stockpile::5d3e170e-f1b8-49f9-9ee1-c51605552a08::0001,5d3e170e-f1b8-49f9-9ee1-c51605552a08
3648,stockpile,44,0.0003,40,0.9,stockpile::5d3e170e-f1b8-49f9-9ee1-c51605552a08::0002,5d3e170e-f1b8-49f9-9ee1-c51605552a08
3649,stockpile,44,0.0003,40,0.9,stockpile::725226e0-45b8-4432-84ee-144d3f37ff8d::0001,725226e0-45b8-4432-84ee-144d3f37ff8d
3650,stockpile,44,0.0003,40,0.9,stockpile::725226e0-45b8-4432-84ee-144d3f37ff8d::0002,725226e0-45b8-4432-84ee-144d3f37ff8d
3651,stockpile,44,0.0003,40,0.9,stockpile::725226e0-45b8-4432-84ee-144d3f37ff8d::0003,725226e0-45b8-4432-84ee-144d3f37ff8d
3652,stockpile,44,0.0003,40,0.9,stockpile::78e7504d-968f-477d-8806-4d6c04b94431::0001,78e7504d-968f-477d-8806-4d6c04b94431
3653,stockpile,44,0.0003,40,0.9,stockpile::78e7504d-968f-477d-8806-4d6c04b94431::0002,78e7504d-968f-477d-8806-4d6c04b94431
3654,stockpile,44,0.0003,40,0.9,stockpile::78e7504d-968f-477d-8806-4d6c04b94431::0003,78e7504d-968f-477d-8806-4d6c04b94431
3655,stockpile,44,0.0003,40,0.9,stockpile::78e7504d-968f-477d-8806-4d6c04b94431::0004,78e7504d-968f-477d-8806-4d6c04b94431
3656,stockpile,44,0.0003,40,0.9,stockpile::78e7504d-968f-477d-8806-4d6c04b94431::0005,78e7504d-968f-477d-8806-4d6c04b94431
3657,stockpile,44,0.0003,40,0.9,stockpile::78e7504d-968f-477d-8806-4d6c04b94431::0006,78e7504d-968f-477d-8806-4d6c04b94431
3658,stockpile,44,0.0003,40,0.9,stockpile::78e7504d-968f-477d-8806-4d6c04b94431::0007,78e7504d-968f-477d-8806-4d6c04b94431
3659,stockpile,44,0.0003,40,0.9,stockpile::78e7504d-968f-477d-8806-4d6c04b94431::0008,78e7504d-968f-477d-8806-4d6c04b94431
3660,stockpile,44,0.0003,40,0.9,stockpile::78e7504d-968f-477d-8806-4d6c04b94431::0010,78e7504d-968f-477d-8806-4d6c04b94431
3661,stockpile,44,0.0003,40,0.9,stockpile::78e7504d-968f-477d-8806-4d6c04b94431::0011,78e7504d-968f-477d-8806-4d6c04b94431
3662,stockpile,44,0.0003,40,0.9,stockpile::78e7504d-968f-477d-8806-4d6c04b94431::0012,78e7504d-968f-477d-8806-4d6c04b94431
3663,stockpile,44,0.0003,40,0.9,stockpile::bcdbf6b9-14c5-495c-be84-37bce32c312b::0001,bcdbf6b9-14c5-495c-be84-37bce32c312b
3664,stockpile,44,0.0003,40,0.9,stockpile::bcdbf6b9-14c5-495c-be84-37bce32c312b::0002,bcdbf6b9-14c5-495c-be84-37bce32c312b
3665,stockpile,44,0.0003,40,0.9,stockpile::c220a8e6-609c-4d5b-9e1c-068ca01c2eec::0002,c220a8e6-609c-4d5b-9e1c-068ca01c2eec
3666,stockpile,44,0.0003,40,0.9,stockpile::c724545d-a4cc-492e-8075-2ab9a699c847::0001,c724545d-a4cc-492e-8075-2ab9a699c847
3667,stockpile,44,0.0003,40,0.9,stockpile::c724545d-a4cc-492e-8075-2ab9a699c847::0002,c724545d-a4cc-492e-8075-2ab9a699c847
3668,stockpile,44,0.0003,40,0.9,stockpile::d6ea4c1e-7959-4eb1-a292-b6fd2b06c73e::0001,d6ea4c1e-7959-4eb1-a292-b6fd2b06c73e
3669,stockpile,44,0.0003,40,0.9,stockpile::d6ea4c1e-7959-4eb1-a292-b6fd2b06c73e::0002,d6ea4c1e-7959-4eb1-a292-b6fd2b06c73e
3670,stockpile,44,0.0003,40,0.9,stockpile::d6ea4c1e-7959-4eb1-a292-b6fd2b06c73e::0004,d6ea4c1e-7959-4eb1-a292-b6fd2b06c73e
3671,stockpile,44,0.0003,40,0.9,stockpile::dbd49a4a-ba2d-40d0-9348-2db24fc4b0b6::0002,dbd49a4a-ba2d-40d0-9348-2db24fc4b0b6
3672,stockpile,44,0.0003,40,0.9,stockpile::ddbd1850-5fd7-41d5-a7a1-1b15dac49090::0001,ddbd1850-5fd7-41d5-a7a1-1b15dac49090
3673,stockpile,44,0.0003,40,0.9,stockpile::ddbd1850-5fd7-41d5-a7a1-1b15dac49090::0002,ddbd1850-5fd7-41d5-a7a1-1b15dac49090
3674,stockpile,44,0.0003,40,0.9,stockpile::ddbd1850-5fd7-41d5-a7a1-1b15dac49090::0003,ddbd1850-5fd7-41d5-a7a1-1b15dac49090
3675,stockpile,44,0.0003,40,0.9,stockpile::de07f52d-9928-4071-9142-cb1d3bd851e8::0001,de07f52d-9928-4071-9142-cb1d3bd851e8
3676,stockpile,44,0.0003,40,0.9,stockpile::de07f52d-9928-4071-9142-cb1d3bd851e8::0003,de07f52d-9928-4071-9142-cb1d3bd851e8
3677,stockpile,44,0.0003,40,0.9,stockpile::de07f52d-9928-4071-9142-cb1d3bd851e8::0004,de07f52d-9928-4071-9142-cb1d3bd851e8
3678,stockpile,44,0.0003,40,0.9,stockpile::de07f52d-9928-4071-9142-cb1d3bd851e8::0005,de07f52d-9928-4071-9142-cb1d3bd851e8
3679,stockpile,44,0.0003,40,0.9,stockpile::de07f52d-9928-4071-9142-cb1d3bd851e8::0006,de07f52d-9928-4071-9142-cb1d3bd851e8
3680,stockpile,44,0.0003,40,0.9,stockpile::de07f52d-9928-4071-9142-cb1d3bd851e8::0007,de07f52d-9928-4071-9142-cb1d3bd851e8
3681,stockpile,44,0.0003,40,0.9,stockpile::de07f52d-9928-4071-9142-cb1d3bd851e8::0008,de07f52d-9928-4071-9142-cb1d3bd851e8
3682,stockpile,44,0.0003,40,0.9,stockpile::de07f52d-9928-4071-9142-cb1d3bd851e8::0009,de07f52d-9928-4071-9142-cb1d3bd851e8
3683,stockpile,44,0.0003,40,0.9,stockpile::de07f52d-9928-4071-9142-cb1d3bd851e8::0010,de07f52d-9928-4071-9142-cb1d3bd851e8
3684,stockpile,44,0.0003,40,0.9,stockpile::de07f52d-9928-4071-9142-cb1d3bd851e8::0011,de07f52d-9928-4071-9142-cb1d3bd851e8
3685,stockpile,44,0.0003,40,0.9,stockpile::de07f52d-9928-4071-9142-cb1d3bd851e8::0012,de07f52d-9928-4071-9142-cb1d3bd851e8
3686,stockpile,44,0.0003,40,0.9,stockpile::de07f52d-9928-4071-9142-cb1d3bd851e8::0013,de07f52d-9928-4071-9142-cb1d3bd851e8
3687,stockpile,44,0.0003,40,0.9,stockpile::de07f52d-9928-4071-9142-cb1d3bd851e8::0014,de07f52d-9928-4071-9142-cb1d3bd851e8
3688,stockpile,44,0.0003,40,0.9,stockpile::de07f52d-9928-4071-9142-cb1d3bd851e8::0015,de07f52d-9928-4071-9142-cb1d3bd851e8
3689,stockpile,44,0.0003,40,0.9,stockpile::de07f52d-9928-4071-9142-cb1d3bd851e8::0016,de07f52d-9928-4071-9142-cb1d3bd851e8
3690,stockpile,44,0.0003,40,0.9,stockpile::de07f52d-9928-4071-9142-cb1d3bd851e8::0017,de07f52d-9928-4071-9142-cb1d3bd851e8
3691,stockpile,44,0.0003,40,0.9,stockpile::e4324b88-8836-4803-b6b7-09b3c6cd4e94::0001,e4324b88-8836-4803-b6b7-09b3c6cd4e94
3692,stockpile,44,0.0003,40,0.9,stockpile::e89a10d3-004f-4c15-b0eb-d1ba76a4b67f::0001,e89a10d3-004f-4c15-b0eb-d1ba76a4b67f
3693,stockpile,44,0.0003,40,0.9,stockpile::e89a10d3-004f-4c15-b0eb-d1ba76a4b67f::0002,e89a10d3-004f-4c15-b0eb-d1ba76a4b67f
3694,stockpile,44,0.0003,40,0.9,stockpile::eddc8f03-f930-41e7-95ba-33fb87bfed74::0001,eddc8f03-f930-41e7-95ba-33fb87bfed74
3695,stockpile,44,0.0003,40,0.9,stockpile::eddc8f03-f930-41e7-95ba-33fb87bfed74::0002,eddc8f03-f930-41e7-95ba-33fb87bfed74
3696,stockpile,44,0.0003,40,0.9,stockpile::ef4d997c-a0d1-4067-9efa-87c58682db71::0001,ef4d997c-a0d1-4067-9efa-87c58682db71
3697,stockpile,44,0.0003,40,0.9,stockpile::ef4d997c-a0d1-4067-9efa-87c58682db71::0002,ef4d997c-a0d1-4067-9efa-87c58682db71
3698,stockpile,44,0.0003,40,0.9,stockpile::ef4d997c-a0d1-4067-9efa-87c58682db71::0003,ef4d997c-a0d1-4067-9efa-87c58682db71
3699,stockpile,44,0.0003,40,0.9,stockpile::f98193a0-8b5b-4b5e-a5aa-e8c3adfcd4e6::0001,f98193a0-8b5b-4b5e-a5aa-e8c3adfcd4e6
3700,stockpile,44,0.0003,40,0.9,stockpile::fbc41624-1052-490c-b5ec-4fd718e2501d::0001,fbc41624-1052-490c-b5ec-4fd718e2501d
3701,stockpile,44,0.0003,40,0.9,stockpile::fbc41624-1052-490c-b5ec-4fd718e2501d::0002,fbc41624-1052-490c-b5ec-4fd718e2501d
3702,stockpile,45,0.0003,40,0.9,stockpile::01c96671-afd3-47d4-8d31-8c116cc0221a::0001,01c96671-afd3-47d4-8d31-8c116cc0221a
3703,stockpile,45,0.0003,40,0.9,stockpile::01c96671-afd3-47d4-8d31-8c116cc0221a::0002,01c96671-afd3-47d4-8d31-8c116cc0221a
3704,stockpile,45,0.0003,40,0.9,stockpile::01d77744-2515-401a-a497-d9f7241aac3c::0001,01d77744-2515-401a-a497-d9f7241aac3c
3705,stockpile,45,0.0003,40,0.9,stockpile::01d77744-2515-401a-a497-d9f7241aac3c::0002,01d77744-2515-401a-a497-d9f7241aac3c
3706,stockpile,45,0.0003,40,0.9,stockpile::01d77744-2515-401a-a497-d9f7241aac3c::0003,01d77744-2515-401a-a497-d9f7241aac3c
3707,stockpile,45,0.0003,40,0.9,stockpile::01d77744-2515-401a-a497-d9f7241aac3c::0004,01d77744-2515-401a-a497-d9f7241aac3c
3708,stockpile,45,0.0003,40,0.9,stockpile::01d77744-2515-401a-a497-d9f7241aac3c::0005,01d77744-2515-401a-a497-d9f7241aac3c
3709,stockpile,45,0.0003,40,0.9,stockpile::01d77744-2515-401a-a497-d9f7241aac3c::0006,01d77744-2515-401a-a497-d9f7241aac3c
3710,stockpile,45,0.0003,40,0.9,stockpile::09ad625e-6cba-490f-afe3-5417e7edb9c6::0001,09ad625e-6cba-490f-afe3-5417e7edb9c6
3711,stockpile,45,0.0003,40,0.9,stockpile::09ad625e-6cba-490f-afe3-5417e7edb9c6::0002,09ad625e-6cba-490f-afe3-5417e7edb9c6
3712,stockpile,45,0.0003,40,0.9,stockpile::0b5636cf-f019-4ec9-aa7c-6e4f55505374::0001,0b5636cf-f019-4ec9-aa7c-6e4f55505374
3713,stockpile,45,0.0003,40,0.9,stockpile::0b5636cf-f019-4ec9-aa7c-6e4f55505374::0002,0b5636cf-f019-4ec9-aa7c-6e4f55505374
3714,stockpile,45,0.0003,40,0.9,stockpile::0b5636cf-f019-4ec9-aa7c-6e4f55505374::0003,0b5636cf-f019-4ec9-aa7c-6e4f55505374
3715,stockpile,45,0.0003,40,0.9,stockpile::0b5636cf-f019-4ec9-aa7c-6e4f55505374::0004,0b5636cf-f019-4ec9-aa7c-6e4f55505374
3716,stockpile,45,0.0003,40,0.9,stockpile::0b73bf34-fc5b-48f7-9194-dce993b915b1::0001,0b73bf34-fc5b-48f7-9194-dce993b915b1
3717,stockpile,45,0.0003,40,0.9,stockpile::0b73bf34-fc5b-48f7-9194-dce993b915b1::0002,0b73bf34-fc5b-48f7-9194-dce993b915b1
3718,stockpile,45,0.0003,40,0.9,stockpile::0f4c3c67-845e-49a0-927e-90ed33c044e0::0001,0f4c3c67-845e-49a0-927e-90ed33c044e0
3719,stockpile,45,0.0003,40,0.9,stockpile::0f4c3c67-845e-49a0-927e-90ed33c044e0::0002,0f4c3c67-845e-49a0-927e-90ed33c044e0
3720,stockpile,45,0.0003,40,0.9,stockpile::0f4c3c67-845e-49a0-927e-90ed33c044e0::0003,0f4c3c67-845e-49a0-927e-90ed33c044e0
3721,stockpile,45,0.0003,40,0.9,stockpile::0f4c3c67-845e-49a0-927e-90ed33c044e0::0004,0f4c3c67-845e-49a0-927e-90ed33c044e0
3722,stockpile,45,0.0003,40,0.9,stockpile::0f4c3c67-845e-49a0-927e-90ed33c044e0::0005,0f4c3c67-845e-49a0-927e-90ed33c044e0
3723,stockpile,45,0.0003,40,0.9,stockpile::0f4c3c67-845e-49a0-927e-90ed33c044e0::0006,0f4c3c67-845e-49a0-927e-90ed33c044e0
3724,stockpile,45,0.0003,40,0.9,stockpile::0f4c3c67-845e-49a0-927e-90ed33c044e0::0007,0f4c3c67-845e-49a0-927e-90ed33c044e0
3725,stockpile,45,0.0003,40,0.9,stockpile::0f4c3c67-845e-49a0-927e-90ed33c044e0::0008,0f4c3c67-845e-49a0-927e-90ed33c044e0
3726,stockpile,45,0.0003,40,0.9,stockpile::0f4c3c67-845e-49a0-927e-90ed33c044e0::0009,0f4c3c67-845e-49a0-927e-90ed33c044e0
3727,stockpile,45,0.0003,40,0.9,stockpile::0f4c3c67-845e-49a0-927e-90ed33c044e0::0010,0f4c3c67-845e-49a0-927e-90ed33c044e0
3728,stockpile,45,0.0003,40,0.9,stockpile::0f4c3c67-845e-49a0-927e-90ed33c044e0::0011,0f4c3c67-845e-49a0-927e-90ed33c044e0
3729,stockpile,45,0.0003,40,0.9,stockpile::1a98b8e6-18ce-4617-8cc5-e65a1a9d490e::0001,1a98b8e6-18ce-4617-8cc5-e65a1a9d490e
3730,stockpile,45,0.0003,40,0.9,stockpile::1a98b8e6-18ce-4617-8cc5-e65a1a9d490e::0002,1a98b8e6-18ce-4617-8cc5-e65a1a9d490e
3731,stockpile,45,0.0003,40,0.9,stockpile::1a98b8e6-18ce-4617-8cc5-e65a1a9d490e::0003,1a98b8e6-18ce-4617-8cc5-e65a1a9d490e
3732,stockpile,45,0.0003,40,0.9,stockpile::1a98b8e6-18ce-4617-8cc5-e65a1a9d490e::0004,1a98b8e6-18ce-4617-8cc5-e65a1a9d490e
3733,stockpile,45,0.0003,40,0.9,stockpile::1bac97ca-77fc-4c9a-835e-4de1b1b7f639::0001,1bac97ca-77fc-4c9a-835e-4de1b1b7f639
3734,stockpile,45,0.0003,40,0.9,stockpile::1bac97ca-77fc-4c9a-835e-4de1b1b7f639::0002,1bac97ca-77fc-4c9a-835e-4de1b1b7f639
3735,stockpile,45,0.0003,40,0.9,stockpile::4c28c132-d7d7-4a04-8908-d643b7cb1d58::0001,4c28c132-d7d7-4a04-8908-d643b7cb1d58
3736,stockpile,45,0.0003,40,0.9,stockpile::50855e29-3b4e-4562-aa55-b3d7f93c26b8::0001,50855e29-3b4e-4562-aa55-b3d7f93c26b8
3737,stockpile,45,0.0003,40,0.9,stockpile::50855e29-3b4e-4562-aa55-b3d7f93c26b8::0002,50855e29-3b4e-4562-aa55-b3d7f93c26b8
3738,stockpile,45,0.0003,40,0.9,stockpile::50855e29-3b4e-4562-aa55-b3d7f93c26b8::0003,50855e29-3b4e-4562-aa55-b3d7f93c26b8
3739,stockpile,45,0.0003,40,0.9,stockpile::50855e29-3b4e-4562-aa55-b3d7f93c26b8::0004,50855e29-3b4e-4562-aa55-b3d7f93c26b8
3740,stockpile,45,0.0003,40,0.9,stockpile::50855e29-3b4e-4562-aa55-b3d7f93c26b8::0005,50855e29-3b4e-4562-aa55-b3d7f93c26b8
3741,stockpile,45,0.0003,40,0.9,stockpile::50855e29-3b4e-4562-aa55-b3d7f93c26b8::0006,50855e29-3b4e-4562-aa55-b3d7f93c26b8
3742,stockpile,45,0.0003,40,0.9,stockpile::50855e29-3b4e-4562-aa55-b3d7f93c26b8::0007,50855e29-3b4e-4562-aa55-b3d7f93c26b8
3743,stockpile,45,0.0003,40,0.9,stockpile::564ae20d-778d-4965-93dc-b523be2e2ab4::0001,564ae20d-778d-4965-93dc-b523be2e2ab4
3744,stockpile,45,0.0003,40,0.9,stockpile::564ae20d-778d-4965-93dc-b523be2e2ab4::0002,564ae20d-778d-4965-93dc-b523be2e2ab4
3745,stockpile,45,0.0003,40,0.9,stockpile::564ae20d-778d-4965-93dc-b523be2e2ab4::0003,564ae20d-778d-4965-93dc-b523be2e2ab4
3746,stockpile,45,0.0003,40,0.9,stockpile::564ae20d-778d-4965-93dc-b523be2e2ab4::0004,564ae20d-778d-4965-93dc-b523be2e2ab4
3747,stockpile,45,0.0003,40,0.9,stockpile::564ae20d-778d-4965-93dc-b523be2e2ab4::0005,564ae20d-778d-4965-93dc-b523be2e2ab4
3748,stockpile,45,0.0003,40,0.9,stockpile::564ae20d-778d-4965-93dc-b523be2e2ab4::0006,564ae20d-778d-4965-93dc-b523be2e2ab4
3749,stockpile,45,0.0003,40,0.9,stockpile::564ae20d-778d-4965-93dc-b523be2e2ab4::0007,564ae20d-778d-4965-93dc-b523be2e2ab4
3750,stockpile,45,0.0003,40,0.9,stockpile::564ae20d-778d-4965-93dc-b523be2e2ab4::0008,564ae20d-778d-4965-93dc-b523be2e2ab4
3751,stockpile,45,0.0003,40,0.9,stockpile::564ae20d-778d-4965-93dc-b523be2e2ab4::0009,564ae20d-778d-4965-93dc-b523be2e2ab4
3752,stockpile,45,0.0003,40,0.9,stockpile::564ae20d-778d-4965-93dc-b523be2e2ab4::0010,564ae20d-778d-4965-93dc-b523be2e2ab4
3753,stockpile,45,0.0003,40,0.9,stockpile::564ae20d-778d-4965-93dc-b523be2e2ab4::0011,564ae20d-778d-4965-93dc-b523be2e2ab4
3754,stockpile,45,0.0003,40,0.9,stockpile::564ae20d-778d-4965-93dc-b523be2e2ab4::0013,564ae20d-778d-4965-93dc-b523be2e2ab4
3755,stockpile,45,0.0003,40,0.9,stockpile::564ae20d-778d-4965-93dc-b523be2e2ab4::0014,564ae20d-778d-4965-93dc-b523be2e2ab4
3756,stockpile,45,0.0003,40,0.9,stockpile::5d3e170e-f1b8-49f9-9ee1-c51605552a08::0001,5d3e170e-f1b8-49f9-9ee1-c51605552a08
3757,stockpile,45,0.0003,40,0.9,stockpile::5d3e170e-f1b8-49f9-9ee1-c51605552a08::0002,5d3e170e-f1b8-49f9-9ee1-c51605552a08
3758,stockpile,45,0.0003,40,0.9,stockpile::725226e0-45b8-4432-84ee-144d3f37ff8d::0001,725226e0-45b8-4432-84ee-144d3f37ff8d
3759,stockpile,45,0.0003,40,0.9,stockpile::725226e0-45b8-4432-84ee-144d3f37ff8d::0002,725226e0-45b8-4432-84ee-144d3f37ff8d
3760,stockpile,45,0.0003,40,0.9,stockpile::725226e0-45b8-4432-84ee-144d3f37ff8d::0003,725226e0-45b8-4432-84ee-144d3f37ff8d
3761,stockpile,45,0.0003,40,0.9,stockpile::78e7504d-968f-477d-8806-4d6c04b94431::0001,78e7504d-968f-477d-8806-4d6c04b94431
3762,stockpile,45,0.0003,40,0.9,stockpile::78e7504d-968f-477d-8806-4d6c04b94431::0002,78e7504d-968f-477d-8806-4d6c04b94431
3763,stockpile,45,0.0003,40,0.9,stockpile::78e7504d-968f-477d-8806-4d6c04b94431::0003,78e7504d-968f-477d-8806-4d6c04b94431
3764,stockpile,45,0.0003,40,0.9,stockpile::78e7504d-968f-477d-8806-4d6c04b94431::0004,78e7504d-968f-477d-8806-4d6c04b94431
3765,stockpile,45,0.0003,40,0.9,stockpile::78e7504d-968f-477d-8806-4d6c04b94431::0005,78e7504d-968f-477d-8806-4d6c04b94431
3766,stockpile,45,0.0003,40,0.9,stockpile::78e7504d-968f-477d-8806-4d6c04b94431::0006,78e7504d-968f-477d-8806-4d6c04b94431
3767,stockpile,45,0.0003,40,0.9,stockpile::78e7504d-968f-477d-8806-4d6c04b94431::0007,78e7504d-968f-477d-8806-4d6c04b94431
3768,stockpile,45,0.0003,40,0.9,stockpile::78e7504d-968f-477d-8806-4d6c04b94431::0008,78e7504d-968f-477d-8806-4d6c04b94431
3769,stockpile,45,0.0003,40,0.9,stockpile::78e7504d-968f-477d-8806-4d6c04b94431::0010,78e7504d-968f-477d-8806-4d6c04b94431
3770,stockpile,45,0.0003,40,0.9,stockpile::78e7504d-968f-477d-8806-4d6c04b94431::0011,78e7504d-968f-477d-8806-4d6c04b94431
3771,stockpile,45,0.0003,40,0.9,stockpile::78e7504d-968f-477d-8806-4d6c04b94431::0012,78e7504d-968f-477d-8806-4d6c04b94431
3772,stockpile,45,0.0003,40,0.9,stockpile::bcdbf6b9-14c5-495c-be84-37bce32c312b::0001,bcdbf6b9-14c5-495c-be84-37bce32c312b
3773,stockpile,45,0.0003,40,0.9,stockpile::bcdbf6b9-14c5-495c-be84-37bce32c312b::0002,bcdbf6b9-14c5-495c-be84-37bce32c312b
3774,stockpile,45,0.0003,40,0.9,stockpile::c220a8e6-609c-4d5b-9e1c-068ca01c2eec::0002,c220a8e6-609c-4d5b-9e1c-068ca01c2eec
3775,stockpile,45,0.0003,40,0.9,stockpile::c724545d-a4cc-492e-8075-2ab9a699c847::0001,c724545d-a4cc-492e-8075-2ab9a699c847
3776,stockpile,45,0.0003,40,0.9,stockpile::c724545d-a4cc-492e-8075-2ab9a699c847::0002,c724545d-a4cc-492e-8075-2ab9a699c847
3777,stockpile,45,0.0003,40,0.9,stockpile::d6ea4c1e-7959-4eb1-a292-b6fd2b06c73e::0001,d6ea4c1e-7959-4eb1-a292-b6fd2b06c73e
3778,stockpile,45,0.0003,40,0.9,stockpile::d6ea4c1e-7959-4eb1-a292-b6fd2b06c73e::0002,d6ea4c1e-7959-4eb1-a292-b6fd2b06c73e
3779,stockpile,45,0.0003,40,0.9,stockpile::d6ea4c1e-7959-4eb1-a292-b6fd2b06c73e::0004,d6ea4c1e-7959-4eb1-a292-b6fd2b06c73e
3780,stockpile,45,0.0003,40,0.9,stockpile::dbd49a4a-ba2d-40d0-9348-2db24fc4b0b6::0002,dbd49a4a-ba2d-40d0-9348-2db24fc4b0b6
3781,stockpile,45,0.0003,40,0.9,stockpile::ddbd1850-5fd7-41d5-a7a1-1b15dac49090::0001,ddbd1850-5fd7-41d5-a7a1-1b15dac49090
3782,stockpile,45,0.0003,40,0.9,stockpile::ddbd1850-5fd7-41d5-a7a1-1b15dac49090::0002,ddbd1850-5fd7-41d5-a7a1-1b15dac49090
3783,stockpile,45,0.0003,40,0.9,stockpile::ddbd1850-5fd7-41d5-a7a1-1b15dac49090::0003,ddbd1850-5fd7-41d5-a7a1-1b15dac49090
3784,stockpile,45,0.0003,40,0.9,stockpile::de07f52d-9928-4071-9142-cb1d3bd851e8::0001,de07f52d-9928-4071-9142-cb1d3bd851e8
3785,stockpile,45,0.0003,40,0.9,stockpile::de07f52d-9928-4071-9142-cb1d3bd851e8::0003,de07f52d-9928-4071-9142-cb1d3bd851e8
3786,stockpile,45,0.0003,40,0.9,stockpile::de07f52d-9928-4071-9142-cb1d3bd851e8::0004,de07f52d-9928-4071-9142-cb1d3bd851e8
3787,stockpile,45,0.0003,40,0.9,stockpile::de07f52d-9928-4071-9142-cb1d3bd851e8::0005,de07f52d-9928-4071-9142-cb1d3bd851e8
3788,stockpile,45,0.0003,40,0.9,stockpile::de07f52d-9928-4071-9142-cb1d3bd851e8::0006,de07f52d-9928-4071-9142-cb1d3bd851e8
3789,stockpile,45,0.0003,40,0.9,stockpile::de07f52d-9928-4071-9142-cb1d3bd851e8::0007,de07f52d-9928-4071-9142-cb1d3bd851e8
3790,stockpile,45,0.0003,40,0.9,stockpile::de07f52d-9928-4071-9142-cb1d3bd851e8::0008,de07f52d-9928-4071-9142-cb1d3bd851e8
3791,stockpile,45,0.0003,40,0.9,stockpile::de07f52d-9928-4071-9142-cb1d3bd851e8::0009,de07f52d-9928-4071-9142-cb1d3bd851e8
3792,stockpile,45,0.0003,40,0.9,stockpile::de07f52d-9928-4071-9142-cb1d3bd851e8::0010,de07f52d-9928-4071-9142-cb1d3bd851e8
3793,stockpile,45,0.0003,40,0.9,stockpile::de07f52d-9928-4071-9142-cb1d3bd851e8::0011,de07f52d-9928-4071-9142-cb1d3bd851e8
3794,stockpile,45,0.0003,40,0.9,stockpile::de07f52d-9928-4071-9142-cb1d3bd851e8::0012,de07f52d-9928-4071-9142-cb1d3bd851e8
3795,stockpile,45,0.0003,40,0.9,stockpile::de07f52d-9928-4071-9142-cb1d3bd851e8::0013,de07f52d-9928-4071-9142-cb1d3bd851e8
3796,stockpile,45,0.0003,40,0.9,stockpile::de07f52d-9928-4071-9142-cb1d3bd851e8::0014,de07f52d-9928-4071-9142-cb1d3bd851e8
3797,stockpile,45,0.0003,40,0.9,stockpile::de07f52d-9928-4071-9142-cb1d3bd851e8::0015,de07f52d-9928-4071-9142-cb1d3bd851e8
3798,stockpile,45,0.0003,40,0.9,stockpile::de07f52d-9928-4071-9142-cb1d3bd851e8::0016,de07f52d-9928-4071-9142-cb1d3bd851e8
3799,stockpile,45,0.0003,40,0.9,stockpile::de07f52d-9928-4071-9142-cb1d3bd851e8::0017,de07f52d-9928-4071-9142-cb1d3bd851e8
3800,stockpile,45,0.0003,40,0.9,stockpile::e4324b88-8836-4803-b6b7-09b3c6cd4e94::0001,e4324b88-8836-4803-b6b7-09b3c6cd4e94
3801,stockpile,45,0.0003,40,0.9,stockpile::e89a10d3-004f-4c15-b0eb-d1ba76a4b67f::0001,e89a10d3-004f-4c15-b0eb-d1ba76a4b67f
3802,stockpile,45,0.0003,40,0.9,stockpile::e89a10d3-004f-4c15-b0eb-d1ba76a4b67f::0002,e89a10d3-004f-4c15-b0eb-d1ba76a4b67f
3803,stockpile,45,0.0003,40,0.9,stockpile::eddc8f03-f930-41e7-95ba-33fb87bfed74::0001,eddc8f03-f930-41e7-95ba-33fb87bfed74
3804,stockpile,45,0.0003,40,0.9,stockpile::eddc8f03-f930-41e7-95ba-33fb87bfed74::0002,eddc8f03-f930-41e7-95ba-33fb87bfed74
3805,stockpile,45,0.0003,40,0.9,stockpile::ef4d997c-a0d1-4067-9efa-87c58682db71::0001,ef4d997c-a0d1-4067-9efa-87c58682db71
3806,stockpile,45,0.0003,40,0.9,stockpile::ef4d997c-a0d1-4067-9efa-87c58682db71::0002,ef4d997c-a0d1-4067-9efa-87c58682db71
3807,stockpile,45,0.0003,40,0.9,stockpile::ef4d997c-a0d1-4067-9efa-87c58682db71::0003,ef4d997c-a0d1-4067-9efa-87c58682db71
3808,stockpile,45,0.0003,40,0.9,stockpile::f98193a0-8b5b-4b5e-a5aa-e8c3adfcd4e6::0001,f98193a0-8b5b-4b5e-a5aa-e8c3adfcd4e6
3809,stockpile,45,0.0003,40,0.9,stockpile::fbc41624-1052-490c-b5ec-4fd718e2501d::0001,fbc41624-1052-490c-b5ec-4fd718e2501d
3810,stockpile,45,0.0003,40,0.9,stockpile::fbc41624-1052-490c-b5ec-4fd718e2501d::0002,fbc41624-1052-490c-b5ec-4fd718e2501d
3811,stockpile,46,0.0003,40,0.9,stockpile::01c96671-afd3-47d4-8d31-8c116cc0221a::0001,01c96671-afd3-47d4-8d31-8c116cc0221a
3812,stockpile,46,0.0003,40,0.9,stockpile::01c96671-afd3-47d4-8d31-8c116cc0221a::0002,01c96671-afd3-47d4-8d31-8c116cc0221a
3813,stockpile,46,0.0003,40,0.9,stockpile::01d77744-2515-401a-a497-d9f7241aac3c::0001,01d77744-2515-401a-a497-d9f7241aac3c
3814,stockpile,46,0.0003,40,0.9,stockpile::01d77744-2515-401a-a497-d9f7241aac3c::0002,01d77744-2515-401a-a497-d9f7241aac3c
3815,stockpile,46,0.0003,40,0.9,stockpile::01d77744-2515-401a-a497-d9f7241aac3c::0003,01d77744-2515-401a-a497-d9f7241aac3c
3816,stockpile,46,0.0003,40,0.9,stockpile::01d77744-2515-401a-a497-d9f7241aac3c::0004,01d77744-2515-401a-a497-d9f7241aac3c
3817,stockpile,46,0.0003,40,0.9,stockpile::01d77744-2515-401a-a497-d9f7241aac3c::0005,01d77744-2515-401a-a497-d9f7241aac3c
3818,stockpile,46,0.0003,40,0.9,stockpile::01d77744-2515-401a-a497-d9f7241aac3c::0006,01d77744-2515-401a-a497-d9f7241aac3c
3819,stockpile,46,0.0003,40,0.9,stockpile::09ad625e-6cba-490f-afe3-5417e7edb9c6::0001,09ad625e-6cba-490f-afe3-5417e7edb9c6
3820,stockpile,46,0.0003,40,0.9,stockpile::09ad625e-6cba-490f-afe3-5417e7edb9c6::0002,09ad625e-6cba-490f-afe3-5417e7edb9c6
3821,stockpile,46,0.0003,40,0.9,stockpile::0b5636cf-f019-4ec9-aa7c-6e4f55505374::0001,0b5636cf-f019-4ec9-aa7c-6e4f55505374
3822,stockpile,46,0.0003,40,0.9,stockpile::0b5636cf-f019-4ec9-aa7c-6e4f55505374::0002,0b5636cf-f019-4ec9-aa7c-6e4f55505374
3823,stockpile,46,0.0003,40,0.9,stockpile::0b5636cf-f019-4ec9-aa7c-6e4f55505374::0003,0b5636cf-f019-4ec9-aa7c-6e4f55505374
3824,stockpile,46,0.0003,40,0.9,stockpile::0b5636cf-f019-4ec9-aa7c-6e4f55505374::0004,0b5636cf-f019-4ec9-aa7c-6e4f55505374
3825,stockpile,46,0.0003,40,0.9,stockpile::0b73bf34-fc5b-48f7-9194-dce993b915b1::0001,0b73bf34-fc5b-48f7-9194-dce993b915b1
3826,stockpile,46,0.0003,40,0.9,stockpile::0b73bf34-fc5b-48f7-9194-dce993b915b1::0002,0b73bf34-fc5b-48f7-9194-dce993b915b1
3827,stockpile,46,0.0003,40,0.9,stockpile::0f4c3c67-845e-49a0-927e-90ed33c044e0::0001,0f4c3c67-845e-49a0-927e-90ed33c044e0
3828,stockpile,46,0.0003,40,0.9,stockpile::0f4c3c67-845e-49a0-927e-90ed33c044e0::0002,0f4c3c67-845e-49a0-927e-90ed33c044e0
3829,stockpile,46,0.0003,40,0.9,stockpile::0f4c3c67-845e-49a0-927e-90ed33c044e0::0003,0f4c3c67-845e-49a0-927e-90ed33c044e0
3830,stockpile,46,0.0003,40,0.9,stockpile::0f4c3c67-845e-49a0-927e-90ed33c044e0::0004,0f4c3c67-845e-49a0-927e-90ed33c044e0
3831,stockpile,46,0.0003,40,0.9,stockpile::0f4c3c67-845e-49a0-927e-90ed33c044e0::0005,0f4c3c67-845e-49a0-927e-90ed33c044e0
3832,stockpile,46,0.0003,40,0.9,stockpile::0f4c3c67-845e-49a0-927e-90ed33c044e0::0006,0f4c3c67-845e-49a0-927e-90ed33c044e0
3833,stockpile,46,0.0003,40,0.9,stockpile::0f4c3c67-845e-49a0-927e-90ed33c044e0::0007,0f4c3c67-845e-49a0-927e-90ed33c044e0
3834,stockpile,46,0.0003,40,0.9,stockpile::0f4c3c67-845e-49a0-927e-90ed33c044e0::0008,0f4c3c67-845e-49a0-927e-90ed33c044e0
3835,stockpile,46,0.0003,40,0.9,stockpile::0f4c3c67-845e-49a0-927e-90ed33c044e0::0009,0f4c3c67-845e-49a0-927e-90ed33c044e0
3836,stockpile,46,0.0003,40,0.9,stockpile::0f4c3c67-845e-49a0-927e-90ed33c044e0::0010,0f4c3c67-845e-49a0-927e-90ed33c044e0
3837,stockpile,46,0.0003,40,0.9,stockpile::0f4c3c67-845e-49a0-927e-90ed33c044e0::0011,0f4c3c67-845e-49a0-927e-90ed33c044e0
3838,stockpile,46,0.0003,40,0.9,stockpile::1a98b8e6-18ce-4617-8cc5-e65a1a9d490e::0001,1a98b8e6-18ce-4617-8cc5-e65a1a9d490e
3839,stockpile,46,0.0003,40,0.9,stockpile::1a98b8e6-18ce-4617-8cc5-e65a1a9d490e::0002,1a98b8e6-18ce-4617-8cc5-e65a1a9d490e
3840,stockpile,46,0.0003,40,0.9,stockpile::1a98b8e6-18ce-4617-8cc5-e65a1a9d490e::0003,1a98b8e6-18ce-4617-8cc5-e65a1a9d490e
3841,stockpile,46,0.0003,40,0.9,stockpile::1a98b8e6-18ce-4617-8cc5-e65a1a9d490e::0004,1a98b8e6-18ce-4617-8cc5-e65a1a9d490e
3842,stockpile,46,0.0003,40,0.9,stockpile::1bac97ca-77fc-4c9a-835e-4de1b1b7f639::0001,1bac97ca-77fc-4c9a-835e-4de1b1b7f639
3843,stockpile,46,0.0003,40,0.9,stockpile::1bac97ca-77fc-4c9a-835e-4de1b1b7f639::0002,1bac97ca-77fc-4c9a-835e-4de1b1b7f639
3844,stockpile,46,0.0003,40,0.9,stockpile::4c28c132-d7d7-4a04-8908-d643b7cb1d58::0001,4c28c132-d7d7-4a04-8908-d643b7cb1d58
3845,stockpile,46,0.0003,40,0.9,stockpile::50855e29-3b4e-4562-aa55-b3d7f93c26b8::0001,50855e29-3b4e-4562-aa55-b3d7f93c26b8
3846,stockpile,46,0.0003,40,0.9,stockpile::50855e29-3b4e-4562-aa55-b3d7f93c26b8::0002,50855e29-3b4e-4562-aa55-b3d7f93c26b8
3847,stockpile,46,0.0003,40,0.9,stockpile::50855e29-3b4e-4562-aa55-b3d7f93c26b8::0003,50855e29-3b4e-4562-aa55-b3d7f93c26b8
3848,stockpile,46,0.0003,40,0.9,stockpile::50855e29-3b4e-4562-aa55-b3d7f93c26b8::0004,50855e29-3b4e-4562-aa55-b3d7f93c26b8
3849,stockpile,46,0.0003,40,0.9,stockpile::50855e29-3b4e-4562-aa55-b3d7f93c26b8::0005,50855e29-3b4e-4562-aa55-b3d7f93c26b8
3850,stockpile,46,0.0003,40,0.9,stockpile::50855e29-3b4e-4562-aa55-b3d7f93c26b8::0006,50855e29-3b4e-4562-aa55-b3d7f93c26b8
3851,stockpile,46,0.0003,40,0.9,stockpile::50855e29-3b4e-4562-aa55-b3d7f93c26b8::0007,50855e29-3b4e-4562-aa55-b3d7f93c26b8
3852,stockpile,46,0.0003,40,0.9,stockpile::564ae20d-778d-4965-93dc-b523be2e2ab4::0001,564ae20d-778d-4965-93dc-b523be2e2ab4
3853,stockpile,46,0.0003,40,0.9,stockpile::564ae20d-778d-4965-93dc-b523be2e2ab4::0002,564ae20d-778d-4965-93dc-b523be2e2ab4
3854,stockpile,46,0.0003,40,0.9,stockpile::564ae20d-778d-4965-93dc-b523be2e2ab4::0003,564ae20d-778d-4965-93dc-b523be2e2ab4
3855,stockpile,46,0.0003,40,0.9,stockpile::564ae20d-778d-4965-93dc-b523be2e2ab4::0004,564ae20d-778d-4965-93dc-b523be2e2ab4
3856,stockpile,46,0.0003,40,0.9,stockpile::564ae20d-778d-4965-93dc-b523be2e2ab4::0005,564ae20d-778d-4965-93dc-b523be2e2ab4
3857,stockpile,46,0.0003,40,0.9,stockpile::564ae20d-778d-4965-93dc-b523be2e2ab4::0006,564ae20d-778d-4965-93dc-b523be2e2ab4
3858,stockpile,46,0.0003,40,0.9,stockpile::564ae20d-778d-4965-93dc-b523be2e2ab4::0007,564ae20d-778d-4965-93dc-b523be2e2ab4
3859,stockpile,46,0.0003,40,0.9,stockpile::564ae20d-778d-4965-93dc-b523be2e2ab4::0008,564ae20d-778d-4965-93dc-b523be2e2ab4
3860,stockpile,46,0.0003,40,0.9,stockpile::564ae20d-778d-4965-93dc-b523be2e2ab4::0009,564ae20d-778d-4965-93dc-b523be2e2ab4
3861,stockpile,46,0.0003,40,0.9,stockpile::564ae20d-778d-4965-93dc-b523be2e2ab4::0010,564ae20d-778d-4965-93dc-b523be2e2ab4
3862,stockpile,46,0.0003,40,0.9,stockpile::564ae20d-778d-4965-93dc-b523be2e2ab4::0011,564ae20d-778d-4965-93dc-b523be2e2ab4
3863,stockpile,46,0.0003,40,0.9,stockpile::564ae20d-778d-4965-93dc-b523be2e2ab4::0013,564ae20d-778d-4965-93dc-b523be2e2ab4
3864,stockpile,46,0.0003,40,0.9,stockpile::564ae20d-778d-4965-93dc-b523be2e2ab4::0014,564ae20d-778d-4965-93dc-b523be2e2ab4
3865,stockpile,46,0.0003,40,0.9,stockpile::5d3e170e-f1b8-49f9-9ee1-c51605552a08::0001,5d3e170e-f1b8-49f9-9ee1-c51605552a08
3866,stockpile,46,0.0003,40,0.9,stockpile::5d3e170e-f1b8-49f9-9ee1-c51605552a08::0002,5d3e170e-f1b8-49f9-9ee1-c51605552a08
3867,stockpile,46,0.0003,40,0.9,stockpile::725226e0-45b8-4432-84ee-144d3f37ff8d::0001,725226e0-45b8-4432-84ee-144d3f37ff8d
3868,stockpile,46,0.0003,40,0.9,stockpile::725226e0-45b8-4432-84ee-144d3f37ff8d::0002,725226e0-45b8-4432-84ee-144d3f37ff8d
3869,stockpile,46,0.0003,40,0.9,stockpile::725226e0-45b8-4432-84ee-144d3f37ff8d::0003,725226e0-45b8-4432-84ee-144d3f37ff8d
3870,stockpile,46,0.0003,40,0.9,stockpile::78e7504d-968f-477d-8806-4d6c04b94431::0001,78e7504d-968f-477d-8806-4d6c04b94431
3871,stockpile,46,0.0003,40,0.9,stockpile::78e7504d-968f-477d-8806-4d6c04b94431::0002,78e7504d-968f-477d-8806-4d6c04b94431
3872,stockpile,46,0.0003,40,0.9,stockpile::78e7504d-968f-477d-8806-4d6c04b94431::0003,78e7504d-968f-477d-8806-4d6c04b94431
3873,stockpile,46,0.0003,40,0.9,stockpile::78e7504d-968f-477d-8806-4d6c04b94431::0004,78e7504d-968f-477d-8806-4d6c04b94431
3874,stockpile,46,0.0003,40,0.9,stockpile::78e7504d-968f-477d-8806-4d6c04b94431::0005,78e7504d-968f-477d-8806-4d6c04b94431
3875,stockpile,46,0.0003,40,0.9,stockpile::78e7504d-968f-477d-8806-4d6c04b94431::0006,78e7504d-968f-477d-8806-4d6c04b94431
3876,stockpile,46,0.0003,40,0.9,stockpile::78e7504d-968f-477d-8806-4d6c04b94431::0007,78e7504d-968f-477d-8806-4d6c04b94431
3877,stockpile,46,0.0003,40,0.9,stockpile::78e7504d-968f-477d-8806-4d6c04b94431::0008,78e7504d-968f-477d-8806-4d6c04b94431
3878,stockpile,46,0.0003,40,0.9,stockpile::78e7504d-968f-477d-8806-4d6c04b94431::0010,78e7504d-968f-477d-8806-4d6c04b94431
3879,stockpile,46,0.0003,40,0.9,stockpile::78e7504d-968f-477d-8806-4d6c04b94431::0011,78e7504d-968f-477d-8806-4d6c04b94431
3880,stockpile,46,0.0003,40,0.9,stockpile::78e7504d-968f-477d-8806-4d6c04b94431::0012,78e7504d-968f-477d-8806-4d6c04b94431
3881,stockpile,46,0.0003,40,0.9,stockpile::bcdbf6b9-14c5-495c-be84-37bce32c312b::0001,bcdbf6b9-14c5-495c-be84-37bce32c312b
3882,stockpile,46,0.0003,40,0.9,stockpile::bcdbf6b9-14c5-495c-be84-37bce32c312b::0002,bcdbf6b9-14c5-495c-be84-37bce32c312b
3883,stockpile,46,0.0003,40,0.9,stockpile::c220a8e6-609c-4d5b-9e1c-068ca01c2eec::0002,c220a8e6-609c-4d5b-9e1c-068ca01c2eec
3884,stockpile,46,0.0003,40,0.9,stockpile::c724545d-a4cc-492e-8075-2ab9a699c847::0001,c724545d-a4cc-492e-8075-2ab9a699c847
3885,stockpile,46,0.0003,40,0.9,stockpile::c724545d-a4cc-492e-8075-2ab9a699c847::0002,c724545d-a4cc-492e-8075-2ab9a699c847
3886,stockpile,46,0.0003,40,0.9,stockpile::d6ea4c1e-7959-4eb1-a292-b6fd2b06c73e::0001,d6ea4c1e-7959-4eb1-a292-b6fd2b06c73e
3887,stockpile,46,0.0003,40,0.9,stockpile::d6ea4c1e-7959-4eb1-a292-b6fd2b06c73e::0002,d6ea4c1e-7959-4eb1-a292-b6fd2b06c73e
3888,stockpile,46,0.0003,40,0.9,stockpile::d6ea4c1e-7959-4eb1-a292-b6fd2b06c73e::0004,d6ea4c1e-7959-4eb1-a292-b6fd2b06c73e
3889,stockpile,46,0.0003,40,0.9,stockpile::dbd49a4a-ba2d-40d0-9348-2db24fc4b0b6::0002,dbd49a4a-ba2d-40d0-9348-2db24fc4b0b6
3890,stockpile,46,0.0003,40,0.9,stockpile::ddbd1850-5fd7-41d5-a7a1-1b15dac49090::0001,ddbd1850-5fd7-41d5-a7a1-1b15dac49090
3891,stockpile,46,0.0003,40,0.9,stockpile::ddbd1850-5fd7-41d5-a7a1-1b15dac49090::0002,ddbd1850-5fd7-41d5-a7a1-1b15dac49090
3892,stockpile,46,0.0003,40,0.9,stockpile::ddbd1850-5fd7-41d5-a7a1-1b15dac49090::0003,ddbd1850-5fd7-41d5-a7a1-1b15dac49090
3893,stockpile,46,0.0003,40,0.9,stockpile::de07f52d-9928-4071-9142-cb1d3bd851e8::0001,de07f52d-9928-4071-9142-cb1d3bd851e8
3894,stockpile,46,0.0003,40,0.9,stockpile::de07f52d-9928-4071-9142-cb1d3bd851e8::0003,de07f52d-9928-4071-9142-cb1d3bd851e8
3895,stockpile,46,0.0003,40,0.9,stockpile::de07f52d-9928-4071-9142-cb1d3bd851e8::0004,de07f52d-9928-4071-9142-cb1d3bd851e8
3896,stockpile,46,0.0003,40,0.9,stockpile::de07f52d-9928-4071-9142-cb1d3bd851e8::0005,de07f52d-9928-4071-9142-cb1d3bd851e8
3897,stockpile,46,0.0003,40,0.9,stockpile::de07f52d-9928-4071-9142-cb1d3bd851e8::0006,de07f52d-9928-4071-9142-cb1d3bd851e8
3898,stockpile,46,0.0003,40,0.9,stockpile::de07f52d-9928-4071-9142-cb1d3bd851e8::0007,de07f52d-9928-4071-9142-cb1d3bd851e8
3899,stockpile,46,0.0003,40,0.9,stockpile::de07f52d-9928-4071-9142-cb1d3bd851e8::0008,de07f52d-9928-4071-9142-cb1d3bd851e8
3900,stockpile,46,0.0003,40,0.9,stockpile::de07f52d-9928-4071-9142-cb1d3bd851e8::0009,de07f52d-9928-4071-9142-cb1d3bd851e8
3901,stockpile,46,0.0003,40,0.9,stockpile::de07f52d-9928-4071-9142-cb1d3bd851e8::0010,de07f52d-9928-4071-9142-cb1d3bd851e8
3902,stockpile,46,0.0003,40,0.9,stockpile::de07f52d-9928-4071-9142-cb1d3bd851e8::0011,de07f52d-9928-4071-9142-cb1d3bd851e8
3903,stockpile,46,0.0003,40,0.9,stockpile::de07f52d-9928-4071-9142-cb1d3bd851e8::0012,de07f52d-9928-4071-9142-cb1d3bd851e8
3904,stockpile,46,0.0003,40,0.9,stockpile::de07f52d-9928-4071-9142-cb1d3bd851e8::0013,de07f52d-9928-4071-9142-cb1d3bd851e8
3905,stockpile,46,0.0003,40,0.9,stockpile::de07f52d-9928-4071-9142-cb1d3bd851e8::0014,de07f52d-9928-4071-9142-cb1d3bd851e8
3906,stockpile,46,0.0003,40,0.9,stockpile::de07f52d-9928-4071-9142-cb1d3bd851e8::0015,de07f52d-9928-4071-9142-cb1d3bd851e8
3907,stockpile,46,0.0003,40,0.9,stockpile::de07f52d-9928-4071-9142-cb1d3bd851e8::0016,de07f52d-9928-4071-9142-cb1d3bd851e8
3908,stockpile,46,0.0003,40,0.9,stockpile::de07f52d-9928-4071-9142-cb1d3bd851e8::0017,de07f52d-9928-4071-9142-cb1d3bd851e8
3909,stockpile,46,0.0003,40,0.9,stockpile::e4324b88-8836-4803-b6b7-09b3c6cd4e94::0001,e4324b88-8836-4803-b6b7-09b3c6cd4e94
3910,stockpile,46,0.0003,40,0.9,stockpile::e89a10d3-004f-4c15-b0eb-d1ba76a4b67f::0001,e89a10d3-004f-4c15-b0eb-d1ba76a4b67f
3911,stockpile,46,0.0003,40,0.9,stockpile::e89a10d3-004f-4c15-b0eb-d1ba76a4b67f::0002,e89a10d3-004f-4c15-b0eb-d1ba76a4b67f
3912,stockpile,46,0.0003,40,0.9,stockpile::eddc8f03-f930-41e7-95ba-33fb87bfed74::0001,eddc8f03-f930-41e7-95ba-33fb87bfed74
3913,stockpile,46,0.0003,40,0.9,stockpile::eddc8f03-f930-41e7-95ba-33fb87bfed74::0002,eddc8f03-f930-41e7-95ba-33fb87bfed74
3914,stockpile,46,0.0003,40,0.9,stockpile::ef4d997c-a0d1-4067-9efa-87c58682db71::0001,ef4d997c-a0d1-4067-9efa-87c58682db71
3915,stockpile,46,0.0003,40,0.9,stockpile::ef4d997c-a0d1-4067-9efa-87c58682db71::0002,ef4d997c-a0d1-4067-9efa-87c58682db71
3916,stockpile,46,0.0003,40,0.9,stockpile::ef4d997c-a0d1-4067-9efa-87c58682db71::0003,ef4d997c-a0d1-4067-9efa-87c58682db71
3917,stockpile,46,0.0003,40,0.9,stockpile::f98193a0-8b5b-4b5e-a5aa-e8c3adfcd4e6::0001,f98193a0-8b5b-4b5e-a5aa-e8c3adfcd4e6
3918,stockpile,46,0.0003,40,0.9,stockpile::fbc41624-1052-490c-b5ec-4fd718e2501d::0001,fbc41624-1052-490c-b5ec-4fd718e2501d
3919,stockpile,46,0.0003,40,0.9,stockpile::fbc41624-1052-490c-b5ec-4fd718e2501d::0002,fbc41624-1052-490c-b5ec-4fd718e2501d
