mechanism,sample_id,source,campaign_id,top5,ndcg5,b0_ndcg5
F1_RR5_oracle,attack_flow::Black Basta Ransomware::0001,attack_flow,Black Basta Ransomware,"[""T1204"",""T1059"",""T1105"",""T1547"",""T1027""]",0.7653606369886217,0.7653606369886217
F2_C1R_oracle,attack_flow::Black Basta Ransomware::0001,attack_flow,Black Basta Ransomware,"[""T1204"",""T1059"",""T1105"",""T1547"",""T1027""]",0.7653606369886217,0.7653606369886217
F3_OSER_oracle,attack_flow::Black Basta Ransomware::0001,attack_flow,Black Basta Ransomware,"[""T1204"",""T1059"",""T1105"",""T1547"",""T1027""]",0.7653606369886217,0.7653606369886217
F4_LCB_RS_oracle,attack_flow::Black Basta Ransomware::0001,attack_flow,Black Basta Ransomware,"[""T1204"",""T1059"",""T1105"",""T1547"",""T1027""]",0.7653606369886217,0.7653606369886217
F5_LCTR5_oracle,attack_flow::Black Basta Ransomware::0001,attack_flow,Black Basta Ransomware,"[""T1204"",""T1059"",""T1105"",""T1547"",""T1027""]",0.7653606369886217,0.7653606369886217
F1_RR5_oracle,attack_flow::Black Basta Ransomware::0002,attack_flow,Black Basta Ransomware,"[""T1204"",""T1059"",""T1105"",""T1071"",""T1021""]",1.0,1.0
F2_C1R_oracle,attack_flow::Black Basta Ransomware::0002,attack_flow,Black Basta Ransomware,"[""T1204"",""T1059"",""T1105"",""T1071"",""T1021""]",1.0,1.0
F3_OSER_oracle,attack_flow::Black Basta Ransomware::0002,attack_flow,Black Basta Ransomware,"[""T1204"",""T1059"",""T1105"",""T1071"",""T1021""]",1.0,1.0
F4_LCB_RS_oracle,attack_flow::Black Basta Ransomware::0002,attack_flow,Black Basta Ransomware,"[""T1204"",""T1059"",""T1105"",""T1071"",""T1021""]",1.0,1.0
F5_LCTR5_oracle,attack_flow::Black Basta Ransomware::0002,attack_flow,Black Basta Ransomware,"[""T1204"",""T1059"",""T1105"",""T1071"",""T1021""]",1.0,1.0
F1_RR5_oracle,attack_flow::Black Basta Ransomware::0003,attack_flow,Black Basta Ransomware,"[""T1059"",""T1203"",""T1105"",""T1055"",""T1027""]",0.6131471927654584,0.38685280723454163
F2_C1R_oracle,attack_flow::Black Basta Ransomware::0003,attack_flow,Black Basta Ransomware,"[""T1203"",""T1059"",""T1105"",""T1055"",""T1574""]",0.6240505200038379,0.38685280723454163
F3_OSER_oracle,attack_flow::Black Basta Ransomware::0003,attack_flow,Black Basta Ransomware,"[""T1203"",""T1059"",""T1105"",""T1055"",""T1027""]",0.38685280723454163,0.38685280723454163
F4_LCB_RS_oracle,attack_flow::Black Basta Ransomware::0003,attack_flow,Black Basta Ransomware,"[""T1203"",""T1059"",""T1105"",""T1055"",""T1027""]",0.38685280723454163,0.38685280723454163
F5_LCTR5_oracle,attack_flow::Black Basta Ransomware::0003,attack_flow,Black Basta Ransomware,"[""T1059"",""T1203"",""T1105"",""T1055"",""T1027""]",0.6131471927654584,0.38685280723454163
F1_RR5_oracle,attack_flow::Black Basta Ransomware::0004,attack_flow,Black Basta Ransomware,"[""T1059"",""T1105"",""T1071"",""T1547"",""T1003""]",0.46927872602275644,0.2960819109658652
F2_C1R_oracle,attack_flow::Black Basta Ransomware::0004,attack_flow,Black Basta Ransomware,"[""T1105"",""T1059"",""T1071"",""T1547"",""T1003""]",0.2960819109658652,0.2960819109658652
F3_OSER_oracle,attack_flow::Black Basta Ransomware::0004,attack_flow,Black Basta Ransomware,"[""T1105"",""T1059"",""T1071"",""T1547"",""T1003""]",0.2960819109658652,0.2960819109658652
F4_LCB_RS_oracle,attack_flow::Black Basta Ransomware::0004,attack_flow,Black Basta Ransomware,"[""T1105"",""T1059"",""T1071"",""T1547"",""T1003""]",0.2960819109658652,0.2960819109658652
F5_LCTR5_oracle,attack_flow::Black Basta Ransomware::0004,attack_flow,Black Basta Ransomware,"[""T1105"",""T1059"",""T1071"",""T1547"",""T1003""]",0.2960819109658652,0.2960819109658652
F1_RR5_oracle,attack_flow::Black Basta Ransomware::0005,attack_flow,Black Basta Ransomware,"[""T1059"",""T1105"",""T1027"",""T1547"",""T1003""]",0.0,0.0
F2_C1R_oracle,attack_flow::Black Basta Ransomware::0005,attack_flow,Black Basta Ransomware,"[""T1059"",""T1105"",""T1027"",""T1547"",""T1003""]",0.0,0.0
F3_OSER_oracle,attack_flow::Black Basta Ransomware::0005,attack_flow,Black Basta Ransomware,"[""T1059"",""T1105"",""T1027"",""T1547"",""T1003""]",0.0,0.0
F4_LCB_RS_oracle,attack_flow::Black Basta Ransomware::0005,attack_flow,Black Basta Ransomware,"[""T1059"",""T1105"",""T1027"",""T1547"",""T1003""]",0.0,0.0
F5_LCTR5_oracle,attack_flow::Black Basta Ransomware::0005,attack_flow,Black Basta Ransomware,"[""T1059"",""T1105"",""T1027"",""T1547"",""T1003""]",0.0,0.0
F1_RR5_oracle,attack_flow::Black Basta Ransomware::0006,attack_flow,Black Basta Ransomware,"[""T1059"",""T1003"",""T1021"",""T1078"",""T1105""]",0.0,0.0
F2_C1R_oracle,attack_flow::Black Basta Ransomware::0006,attack_flow,Black Basta Ransomware,"[""T1059"",""T1003"",""T1021"",""T1078"",""T1105""]",0.0,0.0
F3_OSER_oracle,attack_flow::Black Basta Ransomware::0006,attack_flow,Black Basta Ransomware,"[""T1059"",""T1003"",""T1021"",""T1078"",""T1105""]",0.0,0.0
F4_LCB_RS_oracle,attack_flow::Black Basta Ransomware::0006,attack_flow,Black Basta Ransomware,"[""T1059"",""T1003"",""T1021"",""T1078"",""T1105""]",0.0,0.0
F5_LCTR5_oracle,attack_flow::Black Basta Ransomware::0006,attack_flow,Black Basta Ransomware,"[""T1059"",""T1003"",""T1021"",""T1078"",""T1105""]",0.0,0.0
F1_RR5_oracle,attack_flow::Black Basta Ransomware::0007,attack_flow,Black Basta Ransomware,"[""T1059"",""T1105"",""T1003"",""T1021"",""T1078""]",0.0,0.0
F2_C1R_oracle,attack_flow::Black Basta Ransomware::0007,attack_flow,Black Basta Ransomware,"[""T1059"",""T1105"",""T1003"",""T1021"",""T1078""]",0.0,0.0
F3_OSER_oracle,attack_flow::Black Basta Ransomware::0007,attack_flow,Black Basta Ransomware,"[""T1059"",""T1105"",""T1003"",""T1021"",""T1078""]",0.0,0.0
F4_LCB_RS_oracle,attack_flow::Black Basta Ransomware::0007,attack_flow,Black Basta Ransomware,"[""T1059"",""T1105"",""T1003"",""T1021"",""T1078""]",0.0,0.0
F5_LCTR5_oracle,attack_flow::Black Basta Ransomware::0007,attack_flow,Black Basta Ransomware,"[""T1059"",""T1105"",""T1003"",""T1021"",""T1078""]",0.0,0.0
F1_RR5_oracle,attack_flow::Black Basta Ransomware::0008,attack_flow,Black Basta Ransomware,"[""T1059"",""T1021"",""T1003"",""T1105"",""T1078""]",0.0,0.0
F2_C1R_oracle,attack_flow::Black Basta Ransomware::0008,attack_flow,Black Basta Ransomware,"[""T1059"",""T1021"",""T1003"",""T1105"",""T1078""]",0.0,0.0
F3_OSER_oracle,attack_flow::Black Basta Ransomware::0008,attack_flow,Black Basta Ransomware,"[""T1059"",""T1021"",""T1003"",""T1105"",""T1078""]",0.0,0.0
F4_LCB_RS_oracle,attack_flow::Black Basta Ransomware::0008,attack_flow,Black Basta Ransomware,"[""T1059"",""T1021"",""T1003"",""T1105"",""T1078""]",0.0,0.0
F5_LCTR5_oracle,attack_flow::Black Basta Ransomware::0008,attack_flow,Black Basta Ransomware,"[""T1059"",""T1021"",""T1003"",""T1105"",""T1078""]",0.0,0.0
F1_RR5_oracle,attack_flow::Black Basta Ransomware::0009,attack_flow,Black Basta Ransomware,"[""T1105"",""T1059"",""T1078"",""T1021"",""T1003""]",0.46927872602275644,0.18154179253735267
F2_C1R_oracle,attack_flow::Black Basta Ransomware::0009,attack_flow,Black Basta Ransomware,"[""T1059"",""T1078"",""T1021"",""T1003"",""T1105""]",0.18154179253735267,0.18154179253735267
F3_OSER_oracle,attack_flow::Black Basta Ransomware::0009,attack_flow,Black Basta Ransomware,"[""T1105"",""T1021"",""T1018"",""T1003"",""T1070""]",0.46927872602275644,0.18154179253735267
F4_LCB_RS_oracle,attack_flow::Black Basta Ransomware::0009,attack_flow,Black Basta Ransomware,"[""T1105"",""T1021"",""T1003"",""T1059"",""T1078""]",0.46927872602275644,0.18154179253735267
F5_LCTR5_oracle,attack_flow::Black Basta Ransomware::0009,attack_flow,Black Basta Ransomware,"[""T1059"",""T1078"",""T1021"",""T1003"",""T1105""]",0.18154179253735267,0.18154179253735267
F1_RR5_oracle,attack_flow::Black Basta Ransomware::0010,attack_flow,Black Basta Ransomware,"[""T1105"",""T1021"",""T1003"",""T1078"",""T1055""]",0.46927872602275644,0.20210734650054757
F2_C1R_oracle,attack_flow::Black Basta Ransomware::0010,attack_flow,Black Basta Ransomware,"[""T1021"",""T1003"",""T1078"",""T1105"",""T1055""]",0.20210734650054757,0.20210734650054757
F3_OSER_oracle,attack_flow::Black Basta Ransomware::0010,attack_flow,Black Basta Ransomware,"[""T1105"",""T1021"",""T1018"",""T1003"",""T1070""]",0.46927872602275644,0.20210734650054757
F4_LCB_RS_oracle,attack_flow::Black Basta Ransomware::0010,attack_flow,Black Basta Ransomware,"[""T1105"",""T1021"",""T1003"",""T1078"",""T1055""]",0.46927872602275644,0.20210734650054757
F5_LCTR5_oracle,attack_flow::Black Basta Ransomware::0010,attack_flow,Black Basta Ransomware,"[""T1021"",""T1003"",""T1078"",""T1105"",""T1055""]",0.20210734650054757,0.20210734650054757
F1_RR5_oracle,attack_flow::Black Basta Ransomware::0011,attack_flow,Black Basta Ransomware,"[""T1021"",""T1105"",""T1003"",""T1078"",""T1482""]",0.7653606369886217,0.6713860725233041
F2_C1R_oracle,attack_flow::Black Basta Ransomware::0011,attack_flow,Black Basta Ransomware,"[""T1021"",""T1003"",""T1078"",""T1105"",""T1482""]",0.6713860725233041,0.6713860725233041
F3_OSER_oracle,attack_flow::Black Basta Ransomware::0011,attack_flow,Black Basta Ransomware,"[""T1105"",""T1021"",""T1018"",""T1003"",""T1070""]",0.7653606369886217,0.6713860725233041
F4_LCB_RS_oracle,attack_flow::Black Basta Ransomware::0011,attack_flow,Black Basta Ransomware,"[""T1105"",""T1021"",""T1003"",""T1078"",""T1482""]",0.7653606369886217,0.6713860725233041
F5_LCTR5_oracle,attack_flow::Black Basta Ransomware::0011,attack_flow,Black Basta Ransomware,"[""T1021"",""T1003"",""T1078"",""T1105"",""T1482""]",0.6713860725233041,0.6713860725233041
F1_RR5_oracle,attack_flow::Black Basta Ransomware::0012,attack_flow,Black Basta Ransomware,"[""T1021"",""T1003"",""T1078"",""T1055"",""T1041""]",0.46927872602275644,0.2960819109658652
F2_C1R_oracle,attack_flow::Black Basta Ransomware::0012,attack_flow,Black Basta Ransomware,"[""T1003"",""T1021"",""T1078"",""T1055"",""T1041""]",0.2960819109658652,0.2960819109658652
F3_OSER_oracle,attack_flow::Black Basta Ransomware::0012,attack_flow,Black Basta Ransomware,"[""T1003"",""T1021"",""T1078"",""T1055"",""T1041""]",0.2960819109658652,0.2960819109658652
F4_LCB_RS_oracle,attack_flow::Black Basta Ransomware::0012,attack_flow,Black Basta Ransomware,"[""T1021"",""T1003"",""T1041"",""T1078"",""T1055""]",0.46927872602275644,0.2960819109658652
F5_LCTR5_oracle,attack_flow::Black Basta Ransomware::0012,attack_flow,Black Basta Ransomware,"[""T1003"",""T1021"",""T1078"",""T1055"",""T1041""]",0.2960819109658652,0.2960819109658652
F1_RR5_oracle,attack_flow::Black Basta Ransomware::0013,attack_flow,Black Basta Ransomware,"[""T1021"",""T1003"",""T1078"",""T1055"",""T1047""]",0.46927872602275644,0.46927872602275644
F2_C1R_oracle,attack_flow::Black Basta Ransomware::0013,attack_flow,Black Basta Ransomware,"[""T1021"",""T1003"",""T1078"",""T1055"",""T1047""]",0.46927872602275644,0.46927872602275644
F3_OSER_oracle,attack_flow::Black Basta Ransomware::0013,attack_flow,Black Basta Ransomware,"[""T1021"",""T1003"",""T1078"",""T1055"",""T1047""]",0.46927872602275644,0.46927872602275644
F4_LCB_RS_oracle,attack_flow::Black Basta Ransomware::0013,attack_flow,Black Basta Ransomware,"[""T1021"",""T1003"",""T1078"",""T1055"",""T1047""]",0.46927872602275644,0.46927872602275644
F5_LCTR5_oracle,attack_flow::Black Basta Ransomware::0013,attack_flow,Black Basta Ransomware,"[""T1021"",""T1003"",""T1078"",""T1055"",""T1047""]",0.46927872602275644,0.46927872602275644
F1_RR5_oracle,attack_flow::Black Basta Ransomware::0014,attack_flow,Black Basta Ransomware,"[""T1003"",""T1021"",""T1105"",""T1059"",""T1078""]",0.0,0.0
F2_C1R_oracle,attack_flow::Black Basta Ransomware::0014,attack_flow,Black Basta Ransomware,"[""T1003"",""T1021"",""T1105"",""T1059"",""T1569""]",0.18154179253735267,0.0
F3_OSER_oracle,attack_flow::Black Basta Ransomware::0014,attack_flow,Black Basta Ransomware,"[""T1105"",""T1021"",""T1569"",""T1047"",""T1070""]",0.23463936301137822,0.0
F4_LCB_RS_oracle,attack_flow::Black Basta Ransomware::0014,attack_flow,Black Basta Ransomware,"[""T1003"",""T1021"",""T1105"",""T1059"",""T1569""]",0.18154179253735267,0.0
F5_LCTR5_oracle,attack_flow::Black Basta Ransomware::0014,attack_flow,Black Basta Ransomware,"[""T1003"",""T1021"",""T1105"",""T1059"",""T1078""]",0.0,0.0
F1_RR5_oracle,attack_flow::Black Basta Ransomware::0015,attack_flow,Black Basta Ransomware,"[""T1021"",""T1003"",""T1105"",""T1569"",""T1486""]",0.0,0.0
F2_C1R_oracle,attack_flow::Black Basta Ransomware::0015,attack_flow,Black Basta Ransomware,"[""T1021"",""T1003"",""T1105"",""T1569"",""T1560""]",0.18154179253735267,0.0
F3_OSER_oracle,attack_flow::Black Basta Ransomware::0015,attack_flow,Black Basta Ransomware,"[""T1021"",""T1003"",""T1105"",""T1569"",""T1486""]",0.0,0.0
F4_LCB_RS_oracle,attack_flow::Black Basta Ransomware::0015,attack_flow,Black Basta Ransomware,"[""T1021"",""T1003"",""T1105"",""T1569"",""T1486""]",0.0,0.0
F5_LCTR5_oracle,attack_flow::Black Basta Ransomware::0015,attack_flow,Black Basta Ransomware,"[""T1021"",""T1003"",""T1105"",""T1569"",""T1486""]",0.0,0.0
F1_RR5_oracle,attack_flow::Black Basta Ransomware::0016,attack_flow,Black Basta Ransomware,"[""T1003"",""T1482"",""T1083"",""T1078"",""T1486""]",0.0,0.0
F2_C1R_oracle,attack_flow::Black Basta Ransomware::0016,attack_flow,Black Basta Ransomware,"[""T1003"",""T1482"",""T1083"",""T1078"",""T1486""]",0.0,0.0
F3_OSER_oracle,attack_flow::Black Basta Ransomware::0016,attack_flow,Black Basta Ransomware,"[""T1003"",""T1482"",""T1083"",""T1078"",""T1486""]",0.0,0.0
F4_LCB_RS_oracle,attack_flow::Black Basta Ransomware::0016,attack_flow,Black Basta Ransomware,"[""T1003"",""T1482"",""T1083"",""T1078"",""T1486""]",0.0,0.0
F5_LCTR5_oracle,attack_flow::Black Basta Ransomware::0016,attack_flow,Black Basta Ransomware,"[""T1003"",""T1482"",""T1083"",""T1078"",""T1486""]",0.0,0.0
F1_RR5_oracle,attack_flow::Black Basta Ransomware::0017,attack_flow,Black Basta Ransomware,"[""T1021"",""T1005"",""T1485"",""T1078"",""T1105""]",0.0,0.0
F2_C1R_oracle,attack_flow::Black Basta Ransomware::0017,attack_flow,Black Basta Ransomware,"[""T1021"",""T1005"",""T1485"",""T1078"",""T1047""]",0.18154179253735267,0.0
F3_OSER_oracle,attack_flow::Black Basta Ransomware::0017,attack_flow,Black Basta Ransomware,"[""T1041"",""T1567"",""T1047"",""T1105"",""T1518""]",0.5307212739772434,0.0
F4_LCB_RS_oracle,attack_flow::Black Basta Ransomware::0017,attack_flow,Black Basta Ransomware,"[""T1021"",""T1005"",""T1485"",""T1078"",""T1105""]",0.0,0.0
F5_LCTR5_oracle,attack_flow::Black Basta Ransomware::0017,attack_flow,Black Basta Ransomware,"[""T1021"",""T1005"",""T1485"",""T1078"",""T1105""]",0.0,0.0
F1_RR5_oracle,attack_flow::Black Basta Ransomware::0018,attack_flow,Black Basta Ransomware,"[""T1021"",""T1003"",""T1105"",""T1560"",""T1486""]",0.0,0.0
F2_C1R_oracle,attack_flow::Black Basta Ransomware::0018,attack_flow,Black Basta Ransomware,"[""T1021"",""T1003"",""T1105"",""T1560"",""T1486""]",0.0,0.0
F3_OSER_oracle,attack_flow::Black Basta Ransomware::0018,attack_flow,Black Basta Ransomware,"[""T1105"",""T1041"",""T1567"",""T1048"",""T1486""]",0.23463936301137822,0.0
F4_LCB_RS_oracle,attack_flow::Black Basta Ransomware::0018,attack_flow,Black Basta Ransomware,"[""T1021"",""T1003"",""T1105"",""T1560"",""T1486""]",0.0,0.0
F5_LCTR5_oracle,attack_flow::Black Basta Ransomware::0018,attack_flow,Black Basta Ransomware,"[""T1021"",""T1003"",""T1105"",""T1560"",""T1486""]",0.0,0.0
F1_RR5_oracle,attack_flow::Black Basta Ransomware::0019,attack_flow,Black Basta Ransomware,"[""T1486"",""T1078"",""T1005"",""T1070"",""T1059""]",0.0,0.0
F2_C1R_oracle,attack_flow::Black Basta Ransomware::0019,attack_flow,Black Basta Ransomware,"[""T1486"",""T1078"",""T1005"",""T1070"",""T1047""]",0.18154179253735267,0.0
F3_OSER_oracle,attack_flow::Black Basta Ransomware::0019,attack_flow,Black Basta Ransomware,"[""T1569"",""T1047"",""T1547"",""T1105"",""T1021""]",0.2960819109658652,0.0
F4_LCB_RS_oracle,attack_flow::Black Basta Ransomware::0019,attack_flow,Black Basta Ransomware,"[""T1486"",""T1078"",""T1005"",""T1070"",""T1059""]",0.0,0.0
F5_LCTR5_oracle,attack_flow::Black Basta Ransomware::0019,attack_flow,Black Basta Ransomware,"[""T1486"",""T1078"",""T1005"",""T1070"",""T1059""]",0.0,0.0
F1_RR5_oracle,attack_flow::Black Basta Ransomware::0020,attack_flow,Black Basta Ransomware,"[""T1486"",""T1078"",""T1005"",""T1053"",""T1070""]",0.46927872602275644,0.46927872602275644
F2_C1R_oracle,attack_flow::Black Basta Ransomware::0020,attack_flow,Black Basta Ransomware,"[""T1486"",""T1078"",""T1005"",""T1053"",""T1070""]",0.46927872602275644,0.46927872602275644
F3_OSER_oracle,attack_flow::Black Basta Ransomware::0020,attack_flow,Black Basta Ransomware,"[""T1486"",""T1078"",""T1005"",""T1053"",""T1070""]",0.46927872602275644,0.46927872602275644
F4_LCB_RS_oracle,attack_flow::Black Basta Ransomware::0020,attack_flow,Black Basta Ransomware,"[""T1486"",""T1078"",""T1005"",""T1053"",""T1070""]",0.46927872602275644,0.46927872602275644
F5_LCTR5_oracle,attack_flow::Black Basta Ransomware::0020,attack_flow,Black Basta Ransomware,"[""T1486"",""T1078"",""T1005"",""T1053"",""T1070""]",0.46927872602275644,0.46927872602275644
F1_RR5_oracle,attack_flow::Black Basta Ransomware::0021,attack_flow,Black Basta Ransomware,"[""T1486"",""T1059"",""T1078"",""T1053"",""T1070""]",0.46927872602275644,0.2960819109658652
F2_C1R_oracle,attack_flow::Black Basta Ransomware::0021,attack_flow,Black Basta Ransomware,"[""T1059"",""T1486"",""T1078"",""T1053"",""T1070""]",0.2960819109658652,0.2960819109658652
F3_OSER_oracle,attack_flow::Black Basta Ransomware::0021,attack_flow,Black Basta Ransomware,"[""T1059"",""T1486"",""T1078"",""T1053"",""T1070""]",0.2960819109658652,0.2960819109658652
F4_LCB_RS_oracle,attack_flow::Black Basta Ransomware::0021,attack_flow,Black Basta Ransomware,"[""T1059"",""T1486"",""T1078"",""T1053"",""T1070""]",0.2960819109658652,0.2960819109658652
F5_LCTR5_oracle,attack_flow::Black Basta Ransomware::0021,attack_flow,Black Basta Ransomware,"[""T1059"",""T1486"",""T1078"",""T1053"",""T1070""]",0.2960819109658652,0.2960819109658652
F1_RR5_oracle,attack_flow::Black Basta Ransomware::0022,attack_flow,Black Basta Ransomware,"[""T1486"",""T1490"",""T1078"",""T1005"",""T1059""]",0.46927872602275644,0.46927872602275644
F2_C1R_oracle,attack_flow::Black Basta Ransomware::0022,attack_flow,Black Basta Ransomware,"[""T1486"",""T1490"",""T1078"",""T1005"",""T1070""]",0.6508205185601091,0.46927872602275644
F3_OSER_oracle,attack_flow::Black Basta Ransomware::0022,attack_flow,Black Basta Ransomware,"[""T1486"",""T1490"",""T1078"",""T1005"",""T1059""]",0.46927872602275644,0.46927872602275644
F4_LCB_RS_oracle,attack_flow::Black Basta Ransomware::0022,attack_flow,Black Basta Ransomware,"[""T1486"",""T1490"",""T1078"",""T1005"",""T1059""]",0.46927872602275644,0.46927872602275644
F5_LCTR5_oracle,attack_flow::Black Basta Ransomware::0022,attack_flow,Black Basta Ransomware,"[""T1486"",""T1490"",""T1078"",""T1005"",""T1059""]",0.46927872602275644,0.46927872602275644
F1_RR5_oracle,attack_flow::Black Basta Ransomware::0023,attack_flow,Black Basta Ransomware,"[""T1070"",""T1059"",""T1078"",""T1021"",""T1005""]",0.6131471927654584,0.23719771276929622
F2_C1R_oracle,attack_flow::Black Basta Ransomware::0023,attack_flow,Black Basta Ransomware,"[""T1059"",""T1078"",""T1021"",""T1005"",""T1070""]",0.23719771276929622,0.23719771276929622
F3_OSER_oracle,attack_flow::Black Basta Ransomware::0023,attack_flow,Black Basta Ransomware,"[""T1059"",""T1078"",""T1021"",""T1005"",""T1070""]",0.23719771276929622,0.23719771276929622
F4_LCB_RS_oracle,attack_flow::Black Basta Ransomware::0023,attack_flow,Black Basta Ransomware,"[""T1021"",""T1070"",""T1059"",""T1005"",""T1078""]",0.38685280723454163,0.23719771276929622
F5_LCTR5_oracle,attack_flow::Black Basta Ransomware::0023,attack_flow,Black Basta Ransomware,"[""T1059"",""T1078"",""T1021"",""T1005"",""T1070""]",0.23719771276929622,0.23719771276929622
F1_RR5_oracle,attack_flow::Black Basta Ransomware::0024,attack_flow,Black Basta Ransomware,"[""T1070"",""T1059"",""T1021"",""T1005"",""T1486""]",1.0,1.0
F2_C1R_oracle,attack_flow::Black Basta Ransomware::0024,attack_flow,Black Basta Ransomware,"[""T1070"",""T1059"",""T1021"",""T1005"",""T1486""]",1.0,1.0
F3_OSER_oracle,attack_flow::Black Basta Ransomware::0024,attack_flow,Black Basta Ransomware,"[""T1070"",""T1059"",""T1021"",""T1005"",""T1486""]",1.0,1.0
F4_LCB_RS_oracle,attack_flow::Black Basta Ransomware::0024,attack_flow,Black Basta Ransomware,"[""T1070"",""T1059"",""T1021"",""T1005"",""T1486""]",1.0,1.0
F5_LCTR5_oracle,attack_flow::Black Basta Ransomware::0024,attack_flow,Black Basta Ransomware,"[""T1070"",""T1059"",""T1021"",""T1005"",""T1486""]",1.0,1.0
F1_RR5_oracle,attack_flow::CISA AA22-138B VMWare Workspace (Alt)::0001,attack_flow,CISA AA22-138B VMWare Workspace (Alt),"[""T1059"",""T1078"",""T1021"",""T1003"",""T1105""]",0.46927872602275644,0.46927872602275644
F2_C1R_oracle,attack_flow::CISA AA22-138B VMWare Workspace (Alt)::0001,attack_flow,CISA AA22-138B VMWare Workspace (Alt),"[""T1059"",""T1078"",""T1021"",""T1003"",""T1070""]",0.6508205185601091,0.46927872602275644
F3_OSER_oracle,attack_flow::CISA AA22-138B VMWare Workspace (Alt)::0001,attack_flow,CISA AA22-138B VMWare Workspace (Alt),"[""T1059"",""T1078"",""T1021"",""T1003"",""T1105""]",0.46927872602275644,0.46927872602275644
F4_LCB_RS_oracle,attack_flow::CISA AA22-138B VMWare Workspace (Alt)::0001,attack_flow,CISA AA22-138B VMWare Workspace (Alt),"[""T1059"",""T1078"",""T1021"",""T1003"",""T1105""]",0.46927872602275644,0.46927872602275644
F5_LCTR5_oracle,attack_flow::CISA AA22-138B VMWare Workspace (Alt)::0001,attack_flow,CISA AA22-138B VMWare Workspace (Alt),"[""T1059"",""T1078"",""T1021"",""T1003"",""T1105""]",0.46927872602275644,0.46927872602275644
F1_RR5_oracle,attack_flow::CISA AA22-138B VMWare Workspace (Alt)::0002,attack_flow,CISA AA22-138B VMWare Workspace (Alt),"[""T1059"",""T1078"",""T1021"",""T1003"",""T1105""]",0.46927872602275644,0.46927872602275644
F2_C1R_oracle,attack_flow::CISA AA22-138B VMWare Workspace (Alt)::0002,attack_flow,CISA AA22-138B VMWare Workspace (Alt),"[""T1059"",""T1078"",""T1021"",""T1003"",""T1070""]",0.6508205185601091,0.46927872602275644
F3_OSER_oracle,attack_flow::CISA AA22-138B VMWare Workspace (Alt)::0002,attack_flow,CISA AA22-138B VMWare Workspace (Alt),"[""T1059"",""T1078"",""T1021"",""T1003"",""T1105""]",0.46927872602275644,0.46927872602275644
F4_LCB_RS_oracle,attack_flow::CISA AA22-138B VMWare Workspace (Alt)::0002,attack_flow,CISA AA22-138B VMWare Workspace (Alt),"[""T1059"",""T1078"",""T1021"",""T1003"",""T1105""]",0.46927872602275644,0.46927872602275644
F5_LCTR5_oracle,attack_flow::CISA AA22-138B VMWare Workspace (Alt)::0002,attack_flow,CISA AA22-138B VMWare Workspace (Alt),"[""T1059"",""T1078"",""T1021"",""T1003"",""T1105""]",0.46927872602275644,0.46927872602275644
F1_RR5_oracle,attack_flow::CISA AA22-138B VMWare Workspace (Alt)::0003,attack_flow,CISA AA22-138B VMWare Workspace (Alt),"[""T1105"",""T1059"",""T1078"",""T1021"",""T1003""]",0.46927872602275644,0.18154179253735267
F2_C1R_oracle,attack_flow::CISA AA22-138B VMWare Workspace (Alt)::0003,attack_flow,CISA AA22-138B VMWare Workspace (Alt),"[""T1059"",""T1078"",""T1021"",""T1003"",""T1105""]",0.18154179253735267,0.18154179253735267
F3_OSER_oracle,attack_flow::CISA AA22-138B VMWare Workspace (Alt)::0003,attack_flow,CISA AA22-138B VMWare Workspace (Alt),"[""T1105"",""T1070"",""T1016"",""T1041"",""T1003""]",0.7653606369886217,0.18154179253735267
F4_LCB_RS_oracle,attack_flow::CISA AA22-138B VMWare Workspace (Alt)::0003,attack_flow,CISA AA22-138B VMWare Workspace (Alt),"[""T1105"",""T1003"",""T1021"",""T1059"",""T1078""]",0.46927872602275644,0.18154179253735267
F5_LCTR5_oracle,attack_flow::CISA AA22-138B VMWare Workspace (Alt)::0003,attack_flow,CISA AA22-138B VMWare Workspace (Alt),"[""T1105"",""T1003"",""T1059"",""T1078"",""T1021""]",0.46927872602275644,0.18154179253735267
F1_RR5_oracle,attack_flow::CISA AA22-138B VMWare Workspace (Alt)::0004,attack_flow,CISA AA22-138B VMWare Workspace (Alt),"[""T1105"",""T1059"",""T1078"",""T1003"",""T1021""]",0.46927872602275644,0.18154179253735267
F2_C1R_oracle,attack_flow::CISA AA22-138B VMWare Workspace (Alt)::0004,attack_flow,CISA AA22-138B VMWare Workspace (Alt),"[""T1059"",""T1078"",""T1003"",""T1021"",""T1105""]",0.18154179253735267,0.18154179253735267
F3_OSER_oracle,attack_flow::CISA AA22-138B VMWare Workspace (Alt)::0004,attack_flow,CISA AA22-138B VMWare Workspace (Alt),"[""T1016"",""T1041"",""T1105"",""T1021"",""T1070""]",0.23463936301137822,0.18154179253735267
F4_LCB_RS_oracle,attack_flow::CISA AA22-138B VMWare Workspace (Alt)::0004,attack_flow,CISA AA22-138B VMWare Workspace (Alt),"[""T1105"",""T1021"",""T1003"",""T1059"",""T1078""]",0.46927872602275644,0.18154179253735267
F5_LCTR5_oracle,attack_flow::CISA AA22-138B VMWare Workspace (Alt)::0004,attack_flow,CISA AA22-138B VMWare Workspace (Alt),"[""T1021"",""T1105"",""T1059"",""T1078"",""T1003""]",0.2960819109658652,0.18154179253735267
F1_RR5_oracle,attack_flow::CISA AA22-138B VMWare Workspace (Alt)::0005,attack_flow,CISA AA22-138B VMWare Workspace (Alt),"[""T1105"",""T1560"",""T1041"",""T1021"",""T1078""]",0.6131471927654584,0.23719771276929622
F2_C1R_oracle,attack_flow::CISA AA22-138B VMWare Workspace (Alt)::0005,attack_flow,CISA AA22-138B VMWare Workspace (Alt),"[""T1560"",""T1041"",""T1021"",""T1078"",""T1105""]",0.23719771276929622,0.23719771276929622
F3_OSER_oracle,attack_flow::CISA AA22-138B VMWare Workspace (Alt)::0005,attack_flow,CISA AA22-138B VMWare Workspace (Alt),"[""T1041"",""T1567"",""T1105"",""T1005"",""T1074""]",0.3065735963827292,0.23719771276929622
F4_LCB_RS_oracle,attack_flow::CISA AA22-138B VMWare Workspace (Alt)::0005,attack_flow,CISA AA22-138B VMWare Workspace (Alt),"[""T1041"",""T1105"",""T1021"",""T1560"",""T1078""]",0.38685280723454163,0.23719771276929622
F5_LCTR5_oracle,attack_flow::CISA AA22-138B VMWare Workspace (Alt)::0005,attack_flow,CISA AA22-138B VMWare Workspace (Alt),"[""T1560"",""T1041"",""T1021"",""T1078"",""T1105""]",0.23719771276929622,0.23719771276929622
F1_RR5_oracle,attack_flow::CISA AA22-138B VMWare Workspace (Alt)::0006,attack_flow,CISA AA22-138B VMWare Workspace (Alt),"[""T1005"",""T1071"",""T1543"",""T1021"",""T1486""]",0.0,0.0
F2_C1R_oracle,attack_flow::CISA AA22-138B VMWare Workspace (Alt)::0006,attack_flow,CISA AA22-138B VMWare Workspace (Alt),"[""T1005"",""T1071"",""T1543"",""T1021"",""T1070""]",0.18154179253735267,0.0
F3_OSER_oracle,attack_flow::CISA AA22-138B VMWare Workspace (Alt)::0006,attack_flow,CISA AA22-138B VMWare Workspace (Alt),"[""T1105"",""T1021"",""T1070"",""T1003"",""T1547""]",0.7039180890341347,0.0
F4_LCB_RS_oracle,attack_flow::CISA AA22-138B VMWare Workspace (Alt)::0006,attack_flow,CISA AA22-138B VMWare Workspace (Alt),"[""T1005"",""T1071"",""T1543"",""T1021"",""T1105""]",0.18154179253735267,0.0
F5_LCTR5_oracle,attack_flow::CISA AA22-138B VMWare Workspace (Alt)::0006,attack_flow,CISA AA22-138B VMWare Workspace (Alt),"[""T1005"",""T1071"",""T1543"",""T1021"",""T1486""]",0.0,0.0
F1_RR5_oracle,attack_flow::CISA AA22-138B VMWare Workspace (Alt)::0007,attack_flow,CISA AA22-138B VMWare Workspace (Alt),"[""T1005"",""T1078"",""T1021"",""T1053"",""T1543""]",0.0,0.0
F2_C1R_oracle,attack_flow::CISA AA22-138B VMWare Workspace (Alt)::0007,attack_flow,CISA AA22-138B VMWare Workspace (Alt),"[""T1005"",""T1078"",""T1021"",""T1053"",""T1070""]",0.23719771276929622,0.0
F3_OSER_oracle,attack_flow::CISA AA22-138B VMWare Workspace (Alt)::0007,attack_flow,CISA AA22-138B VMWare Workspace (Alt),"[""T1105"",""T1070"",""T1016"",""T1518"",""T1018""]",1.0,0.0
F4_LCB_RS_oracle,attack_flow::CISA AA22-138B VMWare Workspace (Alt)::0007,attack_flow,CISA AA22-138B VMWare Workspace (Alt),"[""T1005"",""T1078"",""T1021"",""T1053"",""T1105""]",0.23719771276929622,0.0
F5_LCTR5_oracle,attack_flow::CISA AA22-138B VMWare Workspace (Alt)::0007,attack_flow,CISA AA22-138B VMWare Workspace (Alt),"[""T1005"",""T1078"",""T1021"",""T1053"",""T1543""]",0.0,0.0
F1_RR5_oracle,attack_flow::CISA AA22-138B VMWare Workspace (Alt)::0008,attack_flow,CISA AA22-138B VMWare Workspace (Alt),"[""T1005"",""T1071"",""T1505"",""T1021"",""T1041""]",0.0,0.0
F2_C1R_oracle,attack_flow::CISA AA22-138B VMWare Workspace (Alt)::0008,attack_flow,CISA AA22-138B VMWare Workspace (Alt),"[""T1005"",""T1071"",""T1505"",""T1021"",""T1070""]",0.38685280723454163,0.0
F3_OSER_oracle,attack_flow::CISA AA22-138B VMWare Workspace (Alt)::0008,attack_flow,CISA AA22-138B VMWare Workspace (Alt),"[""T1105"",""T1021"",""T1070"",""T1003"",""T1547""]",0.5,0.0
F4_LCB_RS_oracle,attack_flow::CISA AA22-138B VMWare Workspace (Alt)::0008,attack_flow,CISA AA22-138B VMWare Workspace (Alt),"[""T1005"",""T1071"",""T1505"",""T1021"",""T1041""]",0.0,0.0
F5_LCTR5_oracle,attack_flow::CISA AA22-138B VMWare Workspace (Alt)::0008,attack_flow,CISA AA22-138B VMWare Workspace (Alt),"[""T1005"",""T1071"",""T1505"",""T1021"",""T1041""]",0.0,0.0
F1_RR5_oracle,attack_flow::CISA AA22-138B VMWare Workspace (TA1)::0001,attack_flow,CISA AA22-138B VMWare Workspace (TA1),"[""T1105"",""T1059"",""T1505"",""T1021"",""T1005""]",0.46927872602275644,0.23463936301137822
F2_C1R_oracle,attack_flow::CISA AA22-138B VMWare Workspace (TA1)::0001,attack_flow,CISA AA22-138B VMWare Workspace (TA1),"[""T1059"",""T1505"",""T1105"",""T1021"",""T1005""]",0.23463936301137822,0.23463936301137822
F3_OSER_oracle,attack_flow::CISA AA22-138B VMWare Workspace (TA1)::0001,attack_flow,CISA AA22-138B VMWare Workspace (TA1),"[""T1105"",""T1021"",""T1018"",""T1003"",""T1070""]",0.46927872602275644,0.23463936301137822
F4_LCB_RS_oracle,attack_flow::CISA AA22-138B VMWare Workspace (TA1)::0001,attack_flow,CISA AA22-138B VMWare Workspace (TA1),"[""T1105"",""T1021"",""T1059"",""T1005"",""T1505""]",0.46927872602275644,0.23463936301137822
F5_LCTR5_oracle,attack_flow::CISA AA22-138B VMWare Workspace (TA1)::0001,attack_flow,CISA AA22-138B VMWare Workspace (TA1),"[""T1059"",""T1505"",""T1105"",""T1021"",""T1005""]",0.23463936301137822,0.23463936301137822
F1_RR5_oracle,attack_flow::CISA AA22-138B VMWare Workspace (TA1)::0002,attack_flow,CISA AA22-138B VMWare Workspace (TA1),"[""T1105"",""T1059"",""T1021"",""T1003"",""T1078""]",0.46927872602275644,0.2960819109658652
F2_C1R_oracle,attack_flow::CISA AA22-138B VMWare Workspace (TA1)::0002,attack_flow,CISA AA22-138B VMWare Workspace (TA1),"[""T1059"",""T1105"",""T1021"",""T1003"",""T1078""]",0.2960819109658652,0.2960819109658652
F3_OSER_oracle,attack_flow::CISA AA22-138B VMWare Workspace (TA1)::0002,attack_flow,CISA AA22-138B VMWare Workspace (TA1),"[""T1105"",""T1021"",""T1018"",""T1003"",""T1070""]",0.46927872602275644,0.2960819109658652
F4_LCB_RS_oracle,attack_flow::CISA AA22-138B VMWare Workspace (TA1)::0002,attack_flow,CISA AA22-138B VMWare Workspace (TA1),"[""T1105"",""T1021"",""T1003"",""T1059"",""T1078""]",0.46927872602275644,0.2960819109658652
F5_LCTR5_oracle,attack_flow::CISA AA22-138B VMWare Workspace (TA1)::0002,attack_flow,CISA AA22-138B VMWare Workspace (TA1),"[""T1059"",""T1105"",""T1021"",""T1003"",""T1078""]",0.2960819109658652,0.2960819109658652
F1_RR5_oracle,attack_flow::CISA AA22-138B VMWare Workspace (TA1)::0003,attack_flow,CISA AA22-138B VMWare Workspace (TA1),"[""T1059"",""T1078"",""T1021"",""T1003"",""T1105""]",0.0,0.0
F2_C1R_oracle,attack_flow::CISA AA22-138B VMWare Workspace (TA1)::0003,attack_flow,CISA AA22-138B VMWare Workspace (TA1),"[""T1059"",""T1078"",""T1021"",""T1003"",""T1105""]",0.0,0.0
F3_OSER_oracle,attack_flow::CISA AA22-138B VMWare Workspace (TA1)::0003,attack_flow,CISA AA22-138B VMWare Workspace (TA1),"[""T1059"",""T1078"",""T1021"",""T1003"",""T1105""]",0.0,0.0
F4_LCB_RS_oracle,attack_flow::CISA AA22-138B VMWare Workspace (TA1)::0003,attack_flow,CISA AA22-138B VMWare Workspace (TA1),"[""T1059"",""T1078"",""T1021"",""T1003"",""T1105""]",0.0,0.0
F5_LCTR5_oracle,attack_flow::CISA AA22-138B VMWare Workspace (TA1)::0003,attack_flow,CISA AA22-138B VMWare Workspace (TA1),"[""T1059"",""T1078"",""T1021"",""T1003"",""T1105""]",0.0,0.0
F1_RR5_oracle,attack_flow::CISA AA22-138B VMWare Workspace (TA1)::0004,attack_flow,CISA AA22-138B VMWare Workspace (TA1),"[""T1059"",""T1021"",""T1003"",""T1078"",""T1105""]",0.0,0.0
F2_C1R_oracle,attack_flow::CISA AA22-138B VMWare Workspace (TA1)::0004,attack_flow,CISA AA22-138B VMWare Workspace (TA1),"[""T1059"",""T1021"",""T1003"",""T1078"",""T1070""]",0.18154179253735267,0.0
F3_OSER_oracle,attack_flow::CISA AA22-138B VMWare Workspace (TA1)::0004,attack_flow,CISA AA22-138B VMWare Workspace (TA1),"[""T1105"",""T1021"",""T1018"",""T1003"",""T1070""]",0.18154179253735267,0.0
F4_LCB_RS_oracle,attack_flow::CISA AA22-138B VMWare Workspace (TA1)::0004,attack_flow,CISA AA22-138B VMWare Workspace (TA1),"[""T1059"",""T1021"",""T1003"",""T1078"",""T1105""]",0.0,0.0
F5_LCTR5_oracle,attack_flow::CISA AA22-138B VMWare Workspace (TA1)::0004,attack_flow,CISA AA22-138B VMWare Workspace (TA1),"[""T1059"",""T1021"",""T1003"",""T1078"",""T1105""]",0.0,0.0
F1_RR5_oracle,attack_flow::CISA AA22-138B VMWare Workspace (TA1)::0005,attack_flow,CISA AA22-138B VMWare Workspace (TA1),"[""T1041"",""T1021"",""T1005"",""T1078"",""T1059""]",0.0,0.0
F2_C1R_oracle,attack_flow::CISA AA22-138B VMWare Workspace (TA1)::0005,attack_flow,CISA AA22-138B VMWare Workspace (TA1),"[""T1041"",""T1021"",""T1005"",""T1078"",""T1560""]",0.18154179253735267,0.0
F3_OSER_oracle,attack_flow::CISA AA22-138B VMWare Workspace (TA1)::0005,attack_flow,CISA AA22-138B VMWare Workspace (TA1),"[""T1560"",""T1567"",""T1041"",""T1016"",""T1033""]",0.46927872602275644,0.0
F4_LCB_RS_oracle,attack_flow::CISA AA22-138B VMWare Workspace (TA1)::0005,attack_flow,CISA AA22-138B VMWare Workspace (TA1),"[""T1041"",""T1021"",""T1005"",""T1078"",""T1560""]",0.18154179253735267,0.0
F5_LCTR5_oracle,attack_flow::CISA AA22-138B VMWare Workspace (TA1)::0005,attack_flow,CISA AA22-138B VMWare Workspace (TA1),"[""T1041"",""T1021"",""T1005"",""T1078"",""T1059""]",0.0,0.0
F1_RR5_oracle,attack_flow::CISA AA22-138B VMWare Workspace (TA1)::0006,attack_flow,CISA AA22-138B VMWare Workspace (TA1),"[""T1041"",""T1021"",""T1059"",""T1005"",""T1078""]",0.46927872602275644,0.46927872602275644
F2_C1R_oracle,attack_flow::CISA AA22-138B VMWare Workspace (TA1)::0006,attack_flow,CISA AA22-138B VMWare Workspace (TA1),"[""T1041"",""T1021"",""T1059"",""T1005"",""T1078""]",0.46927872602275644,0.46927872602275644
F3_OSER_oracle,attack_flow::CISA AA22-138B VMWare Workspace (TA1)::0006,attack_flow,CISA AA22-138B VMWare Workspace (TA1),"[""T1041"",""T1021"",""T1059"",""T1005"",""T1078""]",0.46927872602275644,0.46927872602275644
F4_LCB_RS_oracle,attack_flow::CISA AA22-138B VMWare Workspace (TA1)::0006,attack_flow,CISA AA22-138B VMWare Workspace (TA1),"[""T1041"",""T1021"",""T1059"",""T1005"",""T1078""]",0.46927872602275644,0.46927872602275644
F5_LCTR5_oracle,attack_flow::CISA AA22-138B VMWare Workspace (TA1)::0006,attack_flow,CISA AA22-138B VMWare Workspace (TA1),"[""T1041"",""T1021"",""T1059"",""T1005"",""T1078""]",0.46927872602275644,0.46927872602275644
F1_RR5_oracle,attack_flow::CISA AA22-138B VMWare Workspace (TA1)::0007,attack_flow,CISA AA22-138B VMWare Workspace (TA1),"[""T1041"",""T1021"",""T1005"",""T1078"",""T1059""]",0.6131471927654584,0.6131471927654584
F2_C1R_oracle,attack_flow::CISA AA22-138B VMWare Workspace (TA1)::0007,attack_flow,CISA AA22-138B VMWare Workspace (TA1),"[""T1041"",""T1021"",""T1005"",""T1078"",""T1059""]",0.6131471927654584,0.6131471927654584
F3_OSER_oracle,attack_flow::CISA AA22-138B VMWare Workspace (TA1)::0007,attack_flow,CISA AA22-138B VMWare Workspace (TA1),"[""T1041"",""T1021"",""T1005"",""T1078"",""T1059""]",0.6131471927654584,0.6131471927654584
F4_LCB_RS_oracle,attack_flow::CISA AA22-138B VMWare Workspace (TA1)::0007,attack_flow,CISA AA22-138B VMWare Workspace (TA1),"[""T1041"",""T1021"",""T1005"",""T1078"",""T1059""]",0.6131471927654584,0.6131471927654584
F5_LCTR5_oracle,attack_flow::CISA AA22-138B VMWare Workspace (TA1)::0007,attack_flow,CISA AA22-138B VMWare Workspace (TA1),"[""T1041"",""T1021"",""T1005"",""T1078"",""T1059""]",0.6131471927654584,0.6131471927654584
F1_RR5_oracle,attack_flow::CISA AA22-138B VMWare Workspace (TA1)::0008,attack_flow,CISA AA22-138B VMWare Workspace (TA1),"[""T1041"",""T1021"",""T1053"",""T1078"",""T1485""]",1.0,1.0
F2_C1R_oracle,attack_flow::CISA AA22-138B VMWare Workspace (TA1)::0008,attack_flow,CISA AA22-138B VMWare Workspace (TA1),"[""T1041"",""T1021"",""T1053"",""T1078"",""T1485""]",1.0,1.0
F3_OSER_oracle,attack_flow::CISA AA22-138B VMWare Workspace (TA1)::0008,attack_flow,CISA AA22-138B VMWare Workspace (TA1),"[""T1041"",""T1021"",""T1053"",""T1078"",""T1485""]",1.0,1.0
F4_LCB_RS_oracle,attack_flow::CISA AA22-138B VMWare Workspace (TA1)::0008,attack_flow,CISA AA22-138B VMWare Workspace (TA1),"[""T1041"",""T1021"",""T1053"",""T1078"",""T1485""]",1.0,1.0
F5_LCTR5_oracle,attack_flow::CISA AA22-138B VMWare Workspace (TA1)::0008,attack_flow,CISA AA22-138B VMWare Workspace (TA1),"[""T1041"",""T1021"",""T1053"",""T1078"",""T1485""]",1.0,1.0
F1_RR5_oracle,attack_flow::CISA AA22-138B VMWare Workspace (TA2)::0001,attack_flow,CISA AA22-138B VMWare Workspace (TA2),"[""T1059"",""T1105"",""T1505"",""T1021"",""T1078""]",1.0,0.8503449055347546
F2_C1R_oracle,attack_flow::CISA AA22-138B VMWare Workspace (TA2)::0001,attack_flow,CISA AA22-138B VMWare Workspace (TA2),"[""T1059"",""T1505"",""T1021"",""T1078"",""T1105""]",0.8503449055347546,0.8503449055347546
F3_OSER_oracle,attack_flow::CISA AA22-138B VMWare Workspace (TA2)::0001,attack_flow,CISA AA22-138B VMWare Workspace (TA2),"[""T1059"",""T1505"",""T1021"",""T1078"",""T1105""]",0.8503449055347546,0.8503449055347546
F4_LCB_RS_oracle,attack_flow::CISA AA22-138B VMWare Workspace (TA2)::0001,attack_flow,CISA AA22-138B VMWare Workspace (TA2),"[""T1105"",""T1059"",""T1505"",""T1021"",""T1078""]",1.0,0.8503449055347546
F5_LCTR5_oracle,attack_flow::CISA AA22-138B VMWare Workspace (TA2)::0001,attack_flow,CISA AA22-138B VMWare Workspace (TA2),"[""T1059"",""T1505"",""T1021"",""T1078"",""T1105""]",0.8503449055347546,0.8503449055347546
F1_RR5_oracle,attack_flow::CISA AA22-138B VMWare Workspace (TA2)::0002,attack_flow,CISA AA22-138B VMWare Workspace (TA2),"[""T1059"",""T1003"",""T1105"",""T1078"",""T1021""]",1.0,0.8529278650606567
F2_C1R_oracle,attack_flow::CISA AA22-138B VMWare Workspace (TA2)::0002,attack_flow,CISA AA22-138B VMWare Workspace (TA2),"[""T1059"",""T1078"",""T1021"",""T1003"",""T1105""]",0.8529278650606567,0.8529278650606567
F3_OSER_oracle,attack_flow::CISA AA22-138B VMWare Workspace (TA2)::0002,attack_flow,CISA AA22-138B VMWare Workspace (TA2),"[""T1059"",""T1078"",""T1021"",""T1003"",""T1105""]",0.8529278650606567,0.8529278650606567
F4_LCB_RS_oracle,attack_flow::CISA AA22-138B VMWare Workspace (TA2)::0002,attack_flow,CISA AA22-138B VMWare Workspace (TA2),"[""T1105"",""T1059"",""T1078"",""T1021"",""T1003""]",0.9469024295259745,0.8529278650606567
F5_LCTR5_oracle,attack_flow::CISA AA22-138B VMWare Workspace (TA2)::0002,attack_flow,CISA AA22-138B VMWare Workspace (TA2),"[""T1059"",""T1021"",""T1003"",""T1105"",""T1078""]",0.9060254355346823,0.8529278650606567
F1_RR5_oracle,attack_flow::CISA AA22-138B VMWare Workspace (TA2)::0003,attack_flow,CISA AA22-138B VMWare Workspace (TA2),"[""T1059"",""T1505"",""T1078"",""T1021"",""T1005""]",0.46927872602275644,0.2960819109658652
F2_C1R_oracle,attack_flow::CISA AA22-138B VMWare Workspace (TA2)::0003,attack_flow,CISA AA22-138B VMWare Workspace (TA2),"[""T1505"",""T1059"",""T1078"",""T1021"",""T1003""]",0.4776237035032179,0.2960819109658652
F3_OSER_oracle,attack_flow::CISA AA22-138B VMWare Workspace (TA2)::0003,attack_flow,CISA AA22-138B VMWare Workspace (TA2),"[""T1105"",""T1021"",""T1070"",""T1003"",""T1547""]",0.6713860725233041,0.2960819109658652
F4_LCB_RS_oracle,attack_flow::CISA AA22-138B VMWare Workspace (TA2)::0003,attack_flow,CISA AA22-138B VMWare Workspace (TA2),"[""T1505"",""T1059"",""T1078"",""T1021"",""T1105""]",0.4776237035032179,0.2960819109658652
F5_LCTR5_oracle,attack_flow::CISA AA22-138B VMWare Workspace (TA2)::0003,attack_flow,CISA AA22-138B VMWare Workspace (TA2),"[""T1505"",""T1059"",""T1078"",""T1021"",""T1005""]",0.2960819109658652,0.2960819109658652
F1_RR5_oracle,attack_flow::CISA AA22-138B VMWare Workspace (TA2)::0004,attack_flow,CISA AA22-138B VMWare Workspace (TA2),"[""T1105"",""T1003"",""T1059"",""T1071"",""T1021""]",0.7653606369886217,0.49818925746641285
F2_C1R_oracle,attack_flow::CISA AA22-138B VMWare Workspace (TA2)::0004,attack_flow,CISA AA22-138B VMWare Workspace (TA2),"[""T1059"",""T1105"",""T1071"",""T1003"",""T1021""]",0.49818925746641285,0.49818925746641285
F3_OSER_oracle,attack_flow::CISA AA22-138B VMWare Workspace (TA2)::0004,attack_flow,CISA AA22-138B VMWare Workspace (TA2),"[""T1105"",""T1070"",""T1016"",""T1041"",""T1003""]",0.6508205185601091,0.49818925746641285
F4_LCB_RS_oracle,attack_flow::CISA AA22-138B VMWare Workspace (TA2)::0004,attack_flow,CISA AA22-138B VMWare Workspace (TA2),"[""T1105"",""T1003"",""T1021"",""T1059"",""T1071""]",0.7653606369886217,0.49818925746641285
F5_LCTR5_oracle,attack_flow::CISA AA22-138B VMWare Workspace (TA2)::0004,attack_flow,CISA AA22-138B VMWare Workspace (TA2),"[""T1105"",""T1003"",""T1059"",""T1071"",""T1021""]",0.7653606369886217,0.49818925746641285
F1_RR5_oracle,attack_flow::CISA AA22-138B VMWare Workspace (TA2)::0005,attack_flow,CISA AA22-138B VMWare Workspace (TA2),"[""T1078"",""T1021"",""T1053"",""T1036"",""T1505""]",0.0,0.0
F2_C1R_oracle,attack_flow::CISA AA22-138B VMWare Workspace (TA2)::0005,attack_flow,CISA AA22-138B VMWare Workspace (TA2),"[""T1078"",""T1021"",""T1053"",""T1036"",""T1105""]",0.23719771276929622,0.0
F3_OSER_oracle,attack_flow::CISA AA22-138B VMWare Workspace (TA2)::0005,attack_flow,CISA AA22-138B VMWare Workspace (TA2),"[""T1105"",""T1021"",""T1070"",""T1569"",""T1018""]",0.6131471927654584,0.0
F4_LCB_RS_oracle,attack_flow::CISA AA22-138B VMWare Workspace (TA2)::0005,attack_flow,CISA AA22-138B VMWare Workspace (TA2),"[""T1078"",""T1021"",""T1053"",""T1036"",""T1105""]",0.23719771276929622,0.0
F5_LCTR5_oracle,attack_flow::CISA AA22-138B VMWare Workspace (TA2)::0005,attack_flow,CISA AA22-138B VMWare Workspace (TA2),"[""T1078"",""T1021"",""T1053"",""T1036"",""T1505""]",0.0,0.0
F1_RR5_oracle,attack_flow::CISA AA22-138B VMWare Workspace (TA2)::0006,attack_flow,CISA AA22-138B VMWare Workspace (TA2),"[""T1105"",""T1059"",""T1003"",""T1071"",""T1021""]",0.46927872602275644,0.23463936301137822
F2_C1R_oracle,attack_flow::CISA AA22-138B VMWare Workspace (TA2)::0006,attack_flow,CISA AA22-138B VMWare Workspace (TA2),"[""T1059"",""T1003"",""T1105"",""T1071"",""T1021""]",0.23463936301137822,0.23463936301137822
F3_OSER_oracle,attack_flow::CISA AA22-138B VMWare Workspace (TA2)::0006,attack_flow,CISA AA22-138B VMWare Workspace (TA2),"[""T1105"",""T1021"",""T1070"",""T1057"",""T1570""]",0.46927872602275644,0.23463936301137822
F4_LCB_RS_oracle,attack_flow::CISA AA22-138B VMWare Workspace (TA2)::0006,attack_flow,CISA AA22-138B VMWare Workspace (TA2),"[""T1105"",""T1021"",""T1003"",""T1059"",""T1071""]",0.46927872602275644,0.23463936301137822
F5_LCTR5_oracle,attack_flow::CISA AA22-138B VMWare Workspace (TA2)::0006,attack_flow,CISA AA22-138B VMWare Workspace (TA2),"[""T1105"",""T1059"",""T1003"",""T1071"",""T1021""]",0.46927872602275644,0.23463936301137822
F1_RR5_oracle,attack_flow::CISA AA22-138B VMWare Workspace (TA2)::0007,attack_flow,CISA AA22-138B VMWare Workspace (TA2),"[""T1105"",""T1059"",""T1003"",""T1021"",""T1078""]",0.46927872602275644,0.18154179253735267
F2_C1R_oracle,attack_flow::CISA AA22-138B VMWare Workspace (TA2)::0007,attack_flow,CISA AA22-138B VMWare Workspace (TA2),"[""T1059"",""T1003"",""T1021"",""T1078"",""T1105""]",0.18154179253735267,0.18154179253735267
F3_OSER_oracle,attack_flow::CISA AA22-138B VMWare Workspace (TA2)::0007,attack_flow,CISA AA22-138B VMWare Workspace (TA2),"[""T1105"",""T1021"",""T1018"",""T1003"",""T1070""]",0.46927872602275644,0.18154179253735267
F4_LCB_RS_oracle,attack_flow::CISA AA22-138B VMWare Workspace (TA2)::0007,attack_flow,CISA AA22-138B VMWare Workspace (TA2),"[""T1105"",""T1021"",""T1003"",""T1059"",""T1078""]",0.46927872602275644,0.18154179253735267
F5_LCTR5_oracle,attack_flow::CISA AA22-138B VMWare Workspace (TA2)::0007,attack_flow,CISA AA22-138B VMWare Workspace (TA2),"[""T1059"",""T1003"",""T1021"",""T1078"",""T1105""]",0.18154179253735267,0.18154179253735267
F1_RR5_oracle,attack_flow::CISA AA22-138B VMWare Workspace (TA2)::0008,attack_flow,CISA AA22-138B VMWare Workspace (TA2),"[""T1105"",""T1059"",""T1003"",""T1021"",""T1078""]",0.46927872602275644,0.18154179253735267
F2_C1R_oracle,attack_flow::CISA AA22-138B VMWare Workspace (TA2)::0008,attack_flow,CISA AA22-138B VMWare Workspace (TA2),"[""T1059"",""T1003"",""T1021"",""T1078"",""T1105""]",0.18154179253735267,0.18154179253735267
F3_OSER_oracle,attack_flow::CISA AA22-138B VMWare Workspace (TA2)::0008,attack_flow,CISA AA22-138B VMWare Workspace (TA2),"[""T1105"",""T1021"",""T1070"",""T1003"",""T1547""]",0.46927872602275644,0.18154179253735267
F4_LCB_RS_oracle,attack_flow::CISA AA22-138B VMWare Workspace (TA2)::0008,attack_flow,CISA AA22-138B VMWare Workspace (TA2),"[""T1105"",""T1021"",""T1003"",""T1059"",""T1078""]",0.46927872602275644,0.18154179253735267
F5_LCTR5_oracle,attack_flow::CISA AA22-138B VMWare Workspace (TA2)::0008,attack_flow,CISA AA22-138B VMWare Workspace (TA2),"[""T1021"",""T1105"",""T1059"",""T1003"",""T1078""]",0.2960819109658652,0.18154179253735267
F1_RR5_oracle,attack_flow::CISA AA22-138B VMWare Workspace (TA2)::0009,attack_flow,CISA AA22-138B VMWare Workspace (TA2),"[""T1059"",""T1003"",""T1021"",""T1078"",""T1090""]",0.0,0.0
F2_C1R_oracle,attack_flow::CISA AA22-138B VMWare Workspace (TA2)::0009,attack_flow,CISA AA22-138B VMWare Workspace (TA2),"[""T1059"",""T1003"",""T1021"",""T1078"",""T1105""]",0.23719771276929622,0.0
F3_OSER_oracle,attack_flow::CISA AA22-138B VMWare Workspace (TA2)::0009,attack_flow,CISA AA22-138B VMWare Workspace (TA2),"[""T1105"",""T1021"",""T1018"",""T1003"",""T1070""]",0.6131471927654584,0.0
F4_LCB_RS_oracle,attack_flow::CISA AA22-138B VMWare Workspace (TA2)::0009,attack_flow,CISA AA22-138B VMWare Workspace (TA2),"[""T1059"",""T1003"",""T1021"",""T1078"",""T1105""]",0.23719771276929622,0.0
F5_LCTR5_oracle,attack_flow::CISA AA22-138B VMWare Workspace (TA2)::0009,attack_flow,CISA AA22-138B VMWare Workspace (TA2),"[""T1059"",""T1003"",""T1021"",""T1078"",""T1090""]",0.0,0.0
F1_RR5_oracle,attack_flow::CISA AA22-138B VMWare Workspace (TA2)::0010,attack_flow,CISA AA22-138B VMWare Workspace (TA2),"[""T1059"",""T1003"",""T1090"",""T1222"",""T1071""]",0.0,0.0
F2_C1R_oracle,attack_flow::CISA AA22-138B VMWare Workspace (TA2)::0010,attack_flow,CISA AA22-138B VMWare Workspace (TA2),"[""T1059"",""T1003"",""T1090"",""T1222"",""T1105""]",0.38685280723454163,0.0
F3_OSER_oracle,attack_flow::CISA AA22-138B VMWare Workspace (TA2)::0010,attack_flow,CISA AA22-138B VMWare Workspace (TA2),"[""T1105"",""T1021"",""T1018"",""T1003"",""T1070""]",1.0,0.0
F4_LCB_RS_oracle,attack_flow::CISA AA22-138B VMWare Workspace (TA2)::0010,attack_flow,CISA AA22-138B VMWare Workspace (TA2),"[""T1059"",""T1003"",""T1090"",""T1222"",""T1105""]",0.38685280723454163,0.0
F5_LCTR5_oracle,attack_flow::CISA AA22-138B VMWare Workspace (TA2)::0010,attack_flow,CISA AA22-138B VMWare Workspace (TA2),"[""T1059"",""T1003"",""T1090"",""T1222"",""T1071""]",0.0,0.0
F1_RR5_oracle,attack_flow::CISA Iranian APT::0001,attack_flow,CISA Iranian APT,"[""T1059"",""T1105"",""T1078"",""T1021"",""T1003""]",0.7653606369886217,0.6508205185601091
F2_C1R_oracle,attack_flow::CISA Iranian APT::0001,attack_flow,CISA Iranian APT,"[""T1059"",""T1078"",""T1021"",""T1003"",""T1105""]",0.6508205185601091,0.6508205185601091
F3_OSER_oracle,attack_flow::CISA Iranian APT::0001,attack_flow,CISA Iranian APT,"[""T1059"",""T1078"",""T1021"",""T1003"",""T1105""]",0.6508205185601091,0.6508205185601091
F4_LCB_RS_oracle,attack_flow::CISA Iranian APT::0001,attack_flow,CISA Iranian APT,"[""T1105"",""T1021"",""T1003"",""T1059"",""T1078""]",0.6713860725233041,0.6508205185601091
F5_LCTR5_oracle,attack_flow::CISA Iranian APT::0001,attack_flow,CISA Iranian APT,"[""T1059"",""T1078"",""T1021"",""T1003"",""T1105""]",0.6508205185601091,0.6508205185601091
F1_RR5_oracle,attack_flow::CISA Iranian APT::0002,attack_flow,CISA Iranian APT,"[""T1021"",""T1078"",""T1003"",""T1053"",""T1046""]",0.0,0.0
F2_C1R_oracle,attack_flow::CISA Iranian APT::0002,attack_flow,CISA Iranian APT,"[""T1021"",""T1078"",""T1003"",""T1053"",""T1105""]",0.23719771276929622,0.0
F3_OSER_oracle,attack_flow::CISA Iranian APT::0002,attack_flow,CISA Iranian APT,"[""T1105"",""T1070"",""T1016"",""T1041"",""T1003""]",0.6131471927654584,0.0
F4_LCB_RS_oracle,attack_flow::CISA Iranian APT::0002,attack_flow,CISA Iranian APT,"[""T1021"",""T1078"",""T1003"",""T1053"",""T1105""]",0.23719771276929622,0.0
F5_LCTR5_oracle,attack_flow::CISA Iranian APT::0002,attack_flow,CISA Iranian APT,"[""T1021"",""T1078"",""T1003"",""T1053"",""T1046""]",0.0,0.0
F1_RR5_oracle,attack_flow::CISA Iranian APT::0003,attack_flow,CISA Iranian APT,"[""T1059"",""T1562"",""T1018"",""T1021"",""T1078""]",0.0,0.0
F2_C1R_oracle,attack_flow::CISA Iranian APT::0003,attack_flow,CISA Iranian APT,"[""T1059"",""T1562"",""T1018"",""T1021"",""T1070""]",0.23719771276929622,0.0
F3_OSER_oracle,attack_flow::CISA Iranian APT::0003,attack_flow,CISA Iranian APT,"[""T1070"",""T1036"",""T1105"",""T1021"",""T1018""]",0.9197207891481876,0.0
F4_LCB_RS_oracle,attack_flow::CISA Iranian APT::0003,attack_flow,CISA Iranian APT,"[""T1059"",""T1562"",""T1018"",""T1021"",""T1070""]",0.23719771276929622,0.0
F5_LCTR5_oracle,attack_flow::CISA Iranian APT::0003,attack_flow,CISA Iranian APT,"[""T1059"",""T1562"",""T1018"",""T1021"",""T1078""]",0.0,0.0
F1_RR5_oracle,attack_flow::CISA Iranian APT::0004,attack_flow,CISA Iranian APT,"[""T1105"",""T1059"",""T1082"",""T1003"",""T1021""]",0.46927872602275644,0.18154179253735267
F2_C1R_oracle,attack_flow::CISA Iranian APT::0004,attack_flow,CISA Iranian APT,"[""T1059"",""T1082"",""T1003"",""T1021"",""T1105""]",0.18154179253735267,0.18154179253735267
F3_OSER_oracle,attack_flow::CISA Iranian APT::0004,attack_flow,CISA Iranian APT,"[""T1105"",""T1021"",""T1070"",""T1003"",""T1547""]",0.7039180890341347,0.18154179253735267
F4_LCB_RS_oracle,attack_flow::CISA Iranian APT::0004,attack_flow,CISA Iranian APT,"[""T1105"",""T1021"",""T1003"",""T1082"",""T1059""]",0.46927872602275644,0.18154179253735267
F5_LCTR5_oracle,attack_flow::CISA Iranian APT::0004,attack_flow,CISA Iranian APT,"[""T1059"",""T1021"",""T1003"",""T1105"",""T1082""]",0.20210734650054757,0.18154179253735267
F1_RR5_oracle,attack_flow::CISA Iranian APT::0005,attack_flow,CISA Iranian APT,"[""T1018"",""T1021"",""T1053"",""T1005"",""T1078""]",0.0,0.0
F2_C1R_oracle,attack_flow::CISA Iranian APT::0005,attack_flow,CISA Iranian APT,"[""T1018"",""T1021"",""T1053"",""T1005"",""T1070""]",0.18154179253735267,0.0
F3_OSER_oracle,attack_flow::CISA Iranian APT::0005,attack_flow,CISA Iranian APT,"[""T1105"",""T1021"",""T1070"",""T1003"",""T1547""]",0.23463936301137822,0.0
F4_LCB_RS_oracle,attack_flow::CISA Iranian APT::0005,attack_flow,CISA Iranian APT,"[""T1018"",""T1021"",""T1053"",""T1005"",""T1078""]",0.0,0.0
F5_LCTR5_oracle,attack_flow::CISA Iranian APT::0005,attack_flow,CISA Iranian APT,"[""T1018"",""T1021"",""T1053"",""T1005"",""T1078""]",0.0,0.0
F1_RR5_oracle,attack_flow::CISA Iranian APT::0006,attack_flow,CISA Iranian APT,"[""T1053"",""T1057"",""T1018"",""T1021"",""T1078""]",0.46927872602275644,0.20210734650054757
F2_C1R_oracle,attack_flow::CISA Iranian APT::0006,attack_flow,CISA Iranian APT,"[""T1057"",""T1018"",""T1021"",""T1053"",""T1016""]",0.38364913903790027,0.20210734650054757
F3_OSER_oracle,attack_flow::CISA Iranian APT::0006,attack_flow,CISA Iranian APT,"[""T1057"",""T1018"",""T1021"",""T1053"",""T1078""]",0.20210734650054757,0.20210734650054757
F4_LCB_RS_oracle,attack_flow::CISA Iranian APT::0006,attack_flow,CISA Iranian APT,"[""T1057"",""T1018"",""T1021"",""T1053"",""T1078""]",0.20210734650054757,0.20210734650054757
F5_LCTR5_oracle,attack_flow::CISA Iranian APT::0006,attack_flow,CISA Iranian APT,"[""T1053"",""T1057"",""T1021"",""T1018"",""T1078""]",0.46927872602275644,0.20210734650054757
F1_RR5_oracle,attack_flow::CISA Iranian APT::0007,attack_flow,CISA Iranian APT,"[""T1021"",""T1059"",""T1078"",""T1003"",""T1105""]",0.46927872602275644,0.23463936301137822
F2_C1R_oracle,attack_flow::CISA Iranian APT::0007,attack_flow,CISA Iranian APT,"[""T1059"",""T1078"",""T1021"",""T1003"",""T1016""]",0.41618115554873086,0.23463936301137822
F3_OSER_oracle,attack_flow::CISA Iranian APT::0007,attack_flow,CISA Iranian APT,"[""T1059"",""T1078"",""T1021"",""T1003"",""T1105""]",0.23463936301137822,0.23463936301137822
F4_LCB_RS_oracle,attack_flow::CISA Iranian APT::0007,attack_flow,CISA Iranian APT,"[""T1105"",""T1021"",""T1003"",""T1059"",""T1078""]",0.2960819109658652,0.23463936301137822
F5_LCTR5_oracle,attack_flow::CISA Iranian APT::0007,attack_flow,CISA Iranian APT,"[""T1059"",""T1078"",""T1021"",""T1003"",""T1105""]",0.23463936301137822,0.23463936301137822
F1_RR5_oracle,attack_flow::CISA Iranian APT::0008,attack_flow,CISA Iranian APT,"[""T1021"",""T1078"",""T1053"",""T1018"",""T1003""]",1.0,0.6797310500037655
F2_C1R_oracle,attack_flow::CISA Iranian APT::0008,attack_flow,CISA Iranian APT,"[""T1018"",""T1021"",""T1003"",""T1078"",""T1053""]",0.6797310500037655,0.6797310500037655
F3_OSER_oracle,attack_flow::CISA Iranian APT::0008,attack_flow,CISA Iranian APT,"[""T1018"",""T1021"",""T1003"",""T1078"",""T1053""]",0.6797310500037655,0.6797310500037655
F4_LCB_RS_oracle,attack_flow::CISA Iranian APT::0008,attack_flow,CISA Iranian APT,"[""T1021"",""T1018"",""T1003"",""T1078"",""T1053""]",0.8529278650606567,0.6797310500037655
F5_LCTR5_oracle,attack_flow::CISA Iranian APT::0008,attack_flow,CISA Iranian APT,"[""T1021"",""T1003"",""T1018"",""T1078"",""T1053""]",0.8529278650606567,0.6797310500037655
F1_RR5_oracle,attack_flow::CISA Iranian APT::0009,attack_flow,CISA Iranian APT,"[""T1021"",""T1078"",""T1003"",""T1055"",""T1041""]",0.7653606369886217,0.7039180890341347
F2_C1R_oracle,attack_flow::CISA Iranian APT::0009,attack_flow,CISA Iranian APT,"[""T1021"",""T1003"",""T1078"",""T1055"",""T1105""]",0.8854598815714874,0.7039180890341347
F3_OSER_oracle,attack_flow::CISA Iranian APT::0009,attack_flow,CISA Iranian APT,"[""T1021"",""T1003"",""T1078"",""T1055"",""T1041""]",0.7039180890341347,0.7039180890341347
F4_LCB_RS_oracle,attack_flow::CISA Iranian APT::0009,attack_flow,CISA Iranian APT,"[""T1021"",""T1003"",""T1078"",""T1055"",""T1041""]",0.7039180890341347,0.7039180890341347
F5_LCTR5_oracle,attack_flow::CISA Iranian APT::0009,attack_flow,CISA Iranian APT,"[""T1021"",""T1003"",""T1078"",""T1055"",""T1041""]",0.7039180890341347,0.7039180890341347
F1_RR5_oracle,attack_flow::CISA Iranian APT::0010,attack_flow,CISA Iranian APT,"[""T1078"",""T1003"",""T1083"",""T1041"",""T1021""]",0.46927872602275644,0.2960819109658652
F2_C1R_oracle,attack_flow::CISA Iranian APT::0010,attack_flow,CISA Iranian APT,"[""T1003"",""T1078"",""T1083"",""T1041"",""T1105""]",0.4776237035032179,0.2960819109658652
F3_OSER_oracle,attack_flow::CISA Iranian APT::0010,attack_flow,CISA Iranian APT,"[""T1105"",""T1021"",""T1569"",""T1047"",""T1070""]",0.46927872602275644,0.2960819109658652
F4_LCB_RS_oracle,attack_flow::CISA Iranian APT::0010,attack_flow,CISA Iranian APT,"[""T1003"",""T1078"",""T1083"",""T1041"",""T1105""]",0.4776237035032179,0.2960819109658652
F5_LCTR5_oracle,attack_flow::CISA Iranian APT::0010,attack_flow,CISA Iranian APT,"[""T1003"",""T1078"",""T1083"",""T1041"",""T1021""]",0.2960819109658652,0.2960819109658652
F1_RR5_oracle,attack_flow::CISA Iranian APT::0011,attack_flow,CISA Iranian APT,"[""T1021"",""T1105"",""T1003"",""T1078"",""T1059""]",0.7653606369886217,0.41618115554873086
F2_C1R_oracle,attack_flow::CISA Iranian APT::0011,attack_flow,CISA Iranian APT,"[""T1003"",""T1078"",""T1021"",""T1059"",""T1105""]",0.41618115554873086,0.41618115554873086
F3_OSER_oracle,attack_flow::CISA Iranian APT::0011,attack_flow,CISA Iranian APT,"[""T1003"",""T1078"",""T1021"",""T1059"",""T1105""]",0.41618115554873086,0.41618115554873086
F4_LCB_RS_oracle,attack_flow::CISA Iranian APT::0011,attack_flow,CISA Iranian APT,"[""T1105"",""T1021"",""T1003"",""T1059"",""T1078""]",0.7653606369886217,0.41618115554873086
F5_LCTR5_oracle,attack_flow::CISA Iranian APT::0011,attack_flow,CISA Iranian APT,"[""T1003"",""T1078"",""T1021"",""T1059"",""T1105""]",0.41618115554873086,0.41618115554873086
F1_RR5_oracle,attack_flow::CISA Iranian APT::0012,attack_flow,CISA Iranian APT,"[""T1021"",""T1003"",""T1078"",""T1105"",""T1059""]",0.46927872602275644,0.23463936301137822
F2_C1R_oracle,attack_flow::CISA Iranian APT::0012,attack_flow,CISA Iranian APT,"[""T1003"",""T1078"",""T1021"",""T1105"",""T1059""]",0.23463936301137822,0.23463936301137822
F3_OSER_oracle,attack_flow::CISA Iranian APT::0012,attack_flow,CISA Iranian APT,"[""T1105"",""T1021"",""T1070"",""T1003"",""T1547""]",0.2960819109658652,0.23463936301137822
F4_LCB_RS_oracle,attack_flow::CISA Iranian APT::0012,attack_flow,CISA Iranian APT,"[""T1105"",""T1021"",""T1003"",""T1059"",""T1078""]",0.2960819109658652,0.23463936301137822
F5_LCTR5_oracle,attack_flow::CISA Iranian APT::0012,attack_flow,CISA Iranian APT,"[""T1003"",""T1078"",""T1021"",""T1105"",""T1059""]",0.23463936301137822,0.23463936301137822
F1_RR5_oracle,attack_flow::CISA Iranian APT::0013,attack_flow,CISA Iranian APT,"[""T1021"",""T1003"",""T1078"",""T1053"",""T1105""]",0.46927872602275644,0.23463936301137822
F2_C1R_oracle,attack_flow::CISA Iranian APT::0013,attack_flow,CISA Iranian APT,"[""T1003"",""T1078"",""T1021"",""T1053"",""T1570""]",0.41618115554873086,0.23463936301137822
F3_OSER_oracle,attack_flow::CISA Iranian APT::0013,attack_flow,CISA Iranian APT,"[""T1105"",""T1570"",""T1505"",""T1021"",""T1018""]",0.49818925746641285,0.23463936301137822
F4_LCB_RS_oracle,attack_flow::CISA Iranian APT::0013,attack_flow,CISA Iranian APT,"[""T1003"",""T1078"",""T1021"",""T1053"",""T1570""]",0.41618115554873086,0.23463936301137822
F5_LCTR5_oracle,attack_flow::CISA Iranian APT::0013,attack_flow,CISA Iranian APT,"[""T1003"",""T1078"",""T1021"",""T1053"",""T1105""]",0.23463936301137822,0.23463936301137822
F1_RR5_oracle,attack_flow::CISA Iranian APT::0014,attack_flow,CISA Iranian APT,"[""T1078"",""T1021"",""T1136"",""T1003"",""T1059""]",0.0,0.0
F2_C1R_oracle,attack_flow::CISA Iranian APT::0014,attack_flow,CISA Iranian APT,"[""T1078"",""T1021"",""T1136"",""T1003"",""T1059""]",0.0,0.0
F3_OSER_oracle,attack_flow::CISA Iranian APT::0014,attack_flow,CISA Iranian APT,"[""T1105"",""T1021"",""T1570"",""T1486"",""T1205""]",0.23463936301137822,0.0
F4_LCB_RS_oracle,attack_flow::CISA Iranian APT::0014,attack_flow,CISA Iranian APT,"[""T1078"",""T1021"",""T1136"",""T1003"",""T1059""]",0.0,0.0
F5_LCTR5_oracle,attack_flow::CISA Iranian APT::0014,attack_flow,CISA Iranian APT,"[""T1078"",""T1021"",""T1136"",""T1003"",""T1059""]",0.0,0.0
F1_RR5_oracle,attack_flow::CISA Iranian APT::0015,attack_flow,CISA Iranian APT,"[""T1021"",""T1078"",""T1003"",""T1053"",""T1105""]",0.46927872602275644,0.2960819109658652
F2_C1R_oracle,attack_flow::CISA Iranian APT::0015,attack_flow,CISA Iranian APT,"[""T1078"",""T1021"",""T1003"",""T1053"",""T1105""]",0.2960819109658652,0.2960819109658652
F3_OSER_oracle,attack_flow::CISA Iranian APT::0015,attack_flow,CISA Iranian APT,"[""T1078"",""T1021"",""T1003"",""T1053"",""T1105""]",0.2960819109658652,0.2960819109658652
F4_LCB_RS_oracle,attack_flow::CISA Iranian APT::0015,attack_flow,CISA Iranian APT,"[""T1078"",""T1021"",""T1003"",""T1053"",""T1105""]",0.2960819109658652,0.2960819109658652
F5_LCTR5_oracle,attack_flow::CISA Iranian APT::0015,attack_flow,CISA Iranian APT,"[""T1078"",""T1021"",""T1003"",""T1053"",""T1105""]",0.2960819109658652,0.2960819109658652
F1_RR5_oracle,attack_flow::CISA Iranian APT::0016,attack_flow,CISA Iranian APT,"[""T1021"",""T1059"",""T1003"",""T1078"",""T1105""]",0.7653606369886217,0.4367467095119258
F2_C1R_oracle,attack_flow::CISA Iranian APT::0016,attack_flow,CISA Iranian APT,"[""T1003"",""T1078"",""T1021"",""T1059"",""T1105""]",0.4367467095119258,0.4367467095119258
F3_OSER_oracle,attack_flow::CISA Iranian APT::0016,attack_flow,CISA Iranian APT,"[""T1021"",""T1018"",""T1070"",""T1057"",""T1069""]",0.46927872602275644,0.4367467095119258
F4_LCB_RS_oracle,attack_flow::CISA Iranian APT::0016,attack_flow,CISA Iranian APT,"[""T1021"",""T1059"",""T1105"",""T1003"",""T1078""]",0.7653606369886217,0.4367467095119258
F5_LCTR5_oracle,attack_flow::CISA Iranian APT::0016,attack_flow,CISA Iranian APT,"[""T1059"",""T1021"",""T1003"",""T1078"",""T1105""]",0.7653606369886217,0.4367467095119258
F1_RR5_oracle,attack_flow::CISA Iranian APT::0017,attack_flow,CISA Iranian APT,"[""T1021"",""T1059"",""T1078"",""T1003"",""T1105""]",0.7653606369886217,0.6713860725233041
F2_C1R_oracle,attack_flow::CISA Iranian APT::0017,attack_flow,CISA Iranian APT,"[""T1021"",""T1078"",""T1003"",""T1059"",""T1018""]",0.8529278650606567,0.6713860725233041
F3_OSER_oracle,attack_flow::CISA Iranian APT::0017,attack_flow,CISA Iranian APT,"[""T1021"",""T1078"",""T1003"",""T1059"",""T1105""]",0.6713860725233041,0.6713860725233041
F4_LCB_RS_oracle,attack_flow::CISA Iranian APT::0017,attack_flow,CISA Iranian APT,"[""T1021"",""T1078"",""T1003"",""T1059"",""T1018""]",0.8529278650606567,0.6713860725233041
F5_LCTR5_oracle,attack_flow::CISA Iranian APT::0017,attack_flow,CISA Iranian APT,"[""T1021"",""T1078"",""T1003"",""T1059"",""T1105""]",0.6713860725233041,0.6713860725233041
F1_RR5_oracle,attack_flow::CISA Iranian APT::0018,attack_flow,CISA Iranian APT,"[""T1003"",""T1078"",""T1053"",""T1090"",""T1105""]",0.0,0.0
F2_C1R_oracle,attack_flow::CISA Iranian APT::0018,attack_flow,CISA Iranian APT,"[""T1003"",""T1078"",""T1053"",""T1090"",""T1105""]",0.0,0.0
F3_OSER_oracle,attack_flow::CISA Iranian APT::0018,attack_flow,CISA Iranian APT,"[""T1003"",""T1078"",""T1053"",""T1090"",""T1105""]",0.0,0.0
F4_LCB_RS_oracle,attack_flow::CISA Iranian APT::0018,attack_flow,CISA Iranian APT,"[""T1003"",""T1078"",""T1053"",""T1090"",""T1105""]",0.0,0.0
F5_LCTR5_oracle,attack_flow::CISA Iranian APT::0018,attack_flow,CISA Iranian APT,"[""T1003"",""T1078"",""T1053"",""T1090"",""T1105""]",0.0,0.0
F1_RR5_oracle,attack_flow::CISA Iranian APT::0019,attack_flow,CISA Iranian APT,"[""T1003"",""T1078"",""T1105"",""T1059"",""T1021""]",0.46927872602275644,0.46927872602275644
F2_C1R_oracle,attack_flow::CISA Iranian APT::0019,attack_flow,CISA Iranian APT,"[""T1003"",""T1078"",""T1105"",""T1059"",""T1021""]",0.46927872602275644,0.46927872602275644
F3_OSER_oracle,attack_flow::CISA Iranian APT::0019,attack_flow,CISA Iranian APT,"[""T1003"",""T1078"",""T1105"",""T1059"",""T1021""]",0.46927872602275644,0.46927872602275644
F4_LCB_RS_oracle,attack_flow::CISA Iranian APT::0019,attack_flow,CISA Iranian APT,"[""T1003"",""T1078"",""T1105"",""T1059"",""T1021""]",0.46927872602275644,0.46927872602275644
F5_LCTR5_oracle,attack_flow::CISA Iranian APT::0019,attack_flow,CISA Iranian APT,"[""T1003"",""T1078"",""T1105"",""T1059"",""T1021""]",0.46927872602275644,0.46927872602275644
F1_RR5_oracle,attack_flow::CISA Iranian APT::0020,attack_flow,CISA Iranian APT,"[""T1003"",""T1078"",""T1021"",""T1059"",""T1105""]",0.6131471927654584,0.6131471927654584
F2_C1R_oracle,attack_flow::CISA Iranian APT::0020,attack_flow,CISA Iranian APT,"[""T1003"",""T1078"",""T1021"",""T1059"",""T1105""]",0.6131471927654584,0.6131471927654584
F3_OSER_oracle,attack_flow::CISA Iranian APT::0020,attack_flow,CISA Iranian APT,"[""T1003"",""T1078"",""T1021"",""T1059"",""T1105""]",0.6131471927654584,0.6131471927654584
F4_LCB_RS_oracle,attack_flow::CISA Iranian APT::0020,attack_flow,CISA Iranian APT,"[""T1003"",""T1078"",""T1021"",""T1059"",""T1105""]",0.6131471927654584,0.6131471927654584
F5_LCTR5_oracle,attack_flow::CISA Iranian APT::0020,attack_flow,CISA Iranian APT,"[""T1003"",""T1078"",""T1021"",""T1059"",""T1105""]",0.6131471927654584,0.6131471927654584
F1_RR5_oracle,attack_flow::CISA Iranian APT::0021,attack_flow,CISA Iranian APT,"[""T1003"",""T1078"",""T1021"",""T1059"",""T1105""]",1.0,0.6309297535714575
F2_C1R_oracle,attack_flow::CISA Iranian APT::0021,attack_flow,CISA Iranian APT,"[""T1078"",""T1003"",""T1021"",""T1059"",""T1105""]",0.6309297535714575,0.6309297535714575
F3_OSER_oracle,attack_flow::CISA Iranian APT::0021,attack_flow,CISA Iranian APT,"[""T1078"",""T1003"",""T1021"",""T1059"",""T1105""]",0.6309297535714575,0.6309297535714575
F4_LCB_RS_oracle,attack_flow::CISA Iranian APT::0021,attack_flow,CISA Iranian APT,"[""T1078"",""T1003"",""T1021"",""T1059"",""T1105""]",0.6309297535714575,0.6309297535714575
F5_LCTR5_oracle,attack_flow::CISA Iranian APT::0021,attack_flow,CISA Iranian APT,"[""T1078"",""T1003"",""T1021"",""T1059"",""T1105""]",0.6309297535714575,0.6309297535714575
F1_RR5_oracle,attack_flow::Cobalt Kitty Campaign::0001,attack_flow,Cobalt Kitty Campaign,"[""T1059"",""T1105"",""T1021"",""T1003"",""T1078""]",0.6131471927654584,0.6131471927654584
F2_C1R_oracle,attack_flow::Cobalt Kitty Campaign::0001,attack_flow,Cobalt Kitty Campaign,"[""T1059"",""T1105"",""T1021"",""T1003"",""T1078""]",0.6131471927654584,0.6131471927654584
F3_OSER_oracle,attack_flow::Cobalt Kitty Campaign::0001,attack_flow,Cobalt Kitty Campaign,"[""T1059"",""T1105"",""T1021"",""T1003"",""T1078""]",0.6131471927654584,0.6131471927654584
F4_LCB_RS_oracle,attack_flow::Cobalt Kitty Campaign::0001,attack_flow,Cobalt Kitty Campaign,"[""T1059"",""T1105"",""T1021"",""T1003"",""T1078""]",0.6131471927654584,0.6131471927654584
F5_LCTR5_oracle,attack_flow::Cobalt Kitty Campaign::0001,attack_flow,Cobalt Kitty Campaign,"[""T1059"",""T1105"",""T1021"",""T1003"",""T1078""]",0.6131471927654584,0.6131471927654584
F1_RR5_oracle,attack_flow::Cobalt Kitty Campaign::0002,attack_flow,Cobalt Kitty Campaign,"[""T1059"",""T1105"",""T1027"",""T1055"",""T1003""]",0.46927872602275644,0.46927872602275644
F2_C1R_oracle,attack_flow::Cobalt Kitty Campaign::0002,attack_flow,Cobalt Kitty Campaign,"[""T1059"",""T1105"",""T1027"",""T1055"",""T1003""]",0.46927872602275644,0.46927872602275644
F3_OSER_oracle,attack_flow::Cobalt Kitty Campaign::0002,attack_flow,Cobalt Kitty Campaign,"[""T1059"",""T1105"",""T1027"",""T1055"",""T1003""]",0.46927872602275644,0.46927872602275644
F4_LCB_RS_oracle,attack_flow::Cobalt Kitty Campaign::0002,attack_flow,Cobalt Kitty Campaign,"[""T1059"",""T1105"",""T1027"",""T1055"",""T1003""]",0.46927872602275644,0.46927872602275644
F5_LCTR5_oracle,attack_flow::Cobalt Kitty Campaign::0002,attack_flow,Cobalt Kitty Campaign,"[""T1059"",""T1105"",""T1027"",""T1055"",""T1003""]",0.46927872602275644,0.46927872602275644
F1_RR5_oracle,attack_flow::Cobalt Kitty Campaign::0003,attack_flow,Cobalt Kitty Campaign,"[""T1059"",""T1105"",""T1027"",""T1003"",""T1078""]",0.46927872602275644,0.46927872602275644
F2_C1R_oracle,attack_flow::Cobalt Kitty Campaign::0003,attack_flow,Cobalt Kitty Campaign,"[""T1059"",""T1105"",""T1027"",""T1003"",""T1078""]",0.46927872602275644,0.46927872602275644
F3_OSER_oracle,attack_flow::Cobalt Kitty Campaign::0003,attack_flow,Cobalt Kitty Campaign,"[""T1059"",""T1105"",""T1027"",""T1003"",""T1078""]",0.46927872602275644,0.46927872602275644
F4_LCB_RS_oracle,attack_flow::Cobalt Kitty Campaign::0003,attack_flow,Cobalt Kitty Campaign,"[""T1059"",""T1105"",""T1027"",""T1003"",""T1078""]",0.46927872602275644,0.46927872602275644
F5_LCTR5_oracle,attack_flow::Cobalt Kitty Campaign::0003,attack_flow,Cobalt Kitty Campaign,"[""T1059"",""T1105"",""T1027"",""T1003"",""T1078""]",0.46927872602275644,0.46927872602275644
F1_RR5_oracle,attack_flow::Cobalt Kitty Campaign::0004,attack_flow,Cobalt Kitty Campaign,"[""T1059"",""T1105"",""T1027"",""T1003"",""T1078""]",0.0,0.0
F2_C1R_oracle,attack_flow::Cobalt Kitty Campaign::0004,attack_flow,Cobalt Kitty Campaign,"[""T1059"",""T1105"",""T1027"",""T1003"",""T1078""]",0.0,0.0
F3_OSER_oracle,attack_flow::Cobalt Kitty Campaign::0004,attack_flow,Cobalt Kitty Campaign,"[""T1059"",""T1105"",""T1027"",""T1003"",""T1078""]",0.0,0.0
F4_LCB_RS_oracle,attack_flow::Cobalt Kitty Campaign::0004,attack_flow,Cobalt Kitty Campaign,"[""T1059"",""T1105"",""T1027"",""T1003"",""T1078""]",0.0,0.0
F5_LCTR5_oracle,attack_flow::Cobalt Kitty Campaign::0004,attack_flow,Cobalt Kitty Campaign,"[""T1059"",""T1105"",""T1027"",""T1003"",""T1078""]",0.0,0.0
F1_RR5_oracle,attack_flow::Cobalt Kitty Campaign::0005,attack_flow,Cobalt Kitty Campaign,"[""T1059"",""T1105"",""T1003"",""T1021"",""T1078""]",0.0,0.0
F2_C1R_oracle,attack_flow::Cobalt Kitty Campaign::0005,attack_flow,Cobalt Kitty Campaign,"[""T1059"",""T1105"",""T1003"",""T1021"",""T1078""]",0.0,0.0
F3_OSER_oracle,attack_flow::Cobalt Kitty Campaign::0005,attack_flow,Cobalt Kitty Campaign,"[""T1059"",""T1105"",""T1003"",""T1021"",""T1078""]",0.0,0.0
F4_LCB_RS_oracle,attack_flow::Cobalt Kitty Campaign::0005,attack_flow,Cobalt Kitty Campaign,"[""T1059"",""T1105"",""T1003"",""T1021"",""T1078""]",0.0,0.0
F5_LCTR5_oracle,attack_flow::Cobalt Kitty Campaign::0005,attack_flow,Cobalt Kitty Campaign,"[""T1059"",""T1105"",""T1003"",""T1021"",""T1078""]",0.0,0.0
F1_RR5_oracle,attack_flow::Cobalt Kitty Campaign::0006,attack_flow,Cobalt Kitty Campaign,"[""T1059"",""T1547"",""T1574"",""T1003"",""T1021""]",0.0,0.0
F2_C1R_oracle,attack_flow::Cobalt Kitty Campaign::0006,attack_flow,Cobalt Kitty Campaign,"[""T1059"",""T1547"",""T1574"",""T1003"",""T1018""]",0.18154179253735267,0.0
F3_OSER_oracle,attack_flow::Cobalt Kitty Campaign::0006,attack_flow,Cobalt Kitty Campaign,"[""T1059"",""T1547"",""T1574"",""T1003"",""T1021""]",0.0,0.0
F4_LCB_RS_oracle,attack_flow::Cobalt Kitty Campaign::0006,attack_flow,Cobalt Kitty Campaign,"[""T1059"",""T1547"",""T1574"",""T1003"",""T1021""]",0.0,0.0
F5_LCTR5_oracle,attack_flow::Cobalt Kitty Campaign::0006,attack_flow,Cobalt Kitty Campaign,"[""T1059"",""T1547"",""T1574"",""T1003"",""T1021""]",0.0,0.0
F1_RR5_oracle,attack_flow::Cobalt Kitty Campaign::0007,attack_flow,Cobalt Kitty Campaign,"[""T1059"",""T1218"",""T1547"",""T1574"",""T1003""]",0.0,0.0
F2_C1R_oracle,attack_flow::Cobalt Kitty Campaign::0007,attack_flow,Cobalt Kitty Campaign,"[""T1059"",""T1218"",""T1547"",""T1574"",""T1016""]",0.18154179253735267,0.0
F3_OSER_oracle,attack_flow::Cobalt Kitty Campaign::0007,attack_flow,Cobalt Kitty Campaign,"[""T1218"",""T1105"",""T1021"",""T1018"",""T1003""]",0.20210734650054757,0.0
F4_LCB_RS_oracle,attack_flow::Cobalt Kitty Campaign::0007,attack_flow,Cobalt Kitty Campaign,"[""T1059"",""T1218"",""T1547"",""T1574"",""T1003""]",0.0,0.0
F5_LCTR5_oracle,attack_flow::Cobalt Kitty Campaign::0007,attack_flow,Cobalt Kitty Campaign,"[""T1059"",""T1218"",""T1547"",""T1574"",""T1003""]",0.0,0.0
F1_RR5_oracle,attack_flow::Cobalt Kitty Campaign::0008,attack_flow,Cobalt Kitty Campaign,"[""T1059"",""T1547"",""T1574"",""T1218"",""T1001""]",0.0,0.0
F2_C1R_oracle,attack_flow::Cobalt Kitty Campaign::0008,attack_flow,Cobalt Kitty Campaign,"[""T1059"",""T1547"",""T1574"",""T1218"",""T1003""]",0.18154179253735267,0.0
F3_OSER_oracle,attack_flow::Cobalt Kitty Campaign::0008,attack_flow,Cobalt Kitty Campaign,"[""T1105"",""T1021"",""T1018"",""T1003"",""T1070""]",0.4367467095119258,0.0
F4_LCB_RS_oracle,attack_flow::Cobalt Kitty Campaign::0008,attack_flow,Cobalt Kitty Campaign,"[""T1059"",""T1547"",""T1574"",""T1218"",""T1001""]",0.0,0.0
F5_LCTR5_oracle,attack_flow::Cobalt Kitty Campaign::0008,attack_flow,Cobalt Kitty Campaign,"[""T1059"",""T1547"",""T1574"",""T1218"",""T1001""]",0.0,0.0
F1_RR5_oracle,attack_flow::Cobalt Kitty Campaign::0009,attack_flow,Cobalt Kitty Campaign,"[""T1016"",""T1003"",""T1021"",""T1033"",""T1078""]",1.0,0.9060254355346823
F2_C1R_oracle,attack_flow::Cobalt Kitty Campaign::0009,attack_flow,Cobalt Kitty Campaign,"[""T1016"",""T1033"",""T1003"",""T1021"",""T1078""]",0.9060254355346823,0.9060254355346823
F3_OSER_oracle,attack_flow::Cobalt Kitty Campaign::0009,attack_flow,Cobalt Kitty Campaign,"[""T1016"",""T1033"",""T1003"",""T1021"",""T1078""]",0.9060254355346823,0.9060254355346823
F4_LCB_RS_oracle,attack_flow::Cobalt Kitty Campaign::0009,attack_flow,Cobalt Kitty Campaign,"[""T1021"",""T1003"",""T1016"",""T1033"",""T1078""]",1.0,0.9060254355346823
F5_LCTR5_oracle,attack_flow::Cobalt Kitty Campaign::0009,attack_flow,Cobalt Kitty Campaign,"[""T1016"",""T1021"",""T1033"",""T1003"",""T1078""]",0.9674679834891693,0.9060254355346823
F1_RR5_oracle,attack_flow::Cobalt Kitty Campaign::0010,attack_flow,Cobalt Kitty Campaign,"[""T1003"",""T1021"",""T1078"",""T1105"",""T1055""]",1.0,1.0
F2_C1R_oracle,attack_flow::Cobalt Kitty Campaign::0010,attack_flow,Cobalt Kitty Campaign,"[""T1003"",""T1021"",""T1078"",""T1105"",""T1055""]",1.0,1.0
F3_OSER_oracle,attack_flow::Cobalt Kitty Campaign::0010,attack_flow,Cobalt Kitty Campaign,"[""T1003"",""T1021"",""T1078"",""T1105"",""T1055""]",1.0,1.0
F4_LCB_RS_oracle,attack_flow::Cobalt Kitty Campaign::0010,attack_flow,Cobalt Kitty Campaign,"[""T1003"",""T1021"",""T1078"",""T1105"",""T1055""]",1.0,1.0
F5_LCTR5_oracle,attack_flow::Cobalt Kitty Campaign::0010,attack_flow,Cobalt Kitty Campaign,"[""T1003"",""T1021"",""T1078"",""T1105"",""T1055""]",1.0,1.0
F1_RR5_oracle,attack_flow::Cobalt Kitty Campaign::0011,attack_flow,Cobalt Kitty Campaign,"[""T1021"",""T1078"",""T1105"",""T1005"",""T1041""]",1.0,1.0
F2_C1R_oracle,attack_flow::Cobalt Kitty Campaign::0011,attack_flow,Cobalt Kitty Campaign,"[""T1021"",""T1078"",""T1105"",""T1005"",""T1041""]",1.0,1.0
F3_OSER_oracle,attack_flow::Cobalt Kitty Campaign::0011,attack_flow,Cobalt Kitty Campaign,"[""T1021"",""T1078"",""T1105"",""T1005"",""T1041""]",1.0,1.0
F4_LCB_RS_oracle,attack_flow::Cobalt Kitty Campaign::0011,attack_flow,Cobalt Kitty Campaign,"[""T1021"",""T1078"",""T1105"",""T1005"",""T1041""]",1.0,1.0
F5_LCTR5_oracle,attack_flow::Cobalt Kitty Campaign::0011,attack_flow,Cobalt Kitty Campaign,"[""T1021"",""T1078"",""T1105"",""T1005"",""T1041""]",1.0,1.0
F1_RR5_oracle,attack_flow::Conti CISA Alert::0001,attack_flow,Conti CISA Alert,"[""T1204"",""T1059"",""T1105"",""T1547"",""T1078""]",0.46927872602275644,0.46927872602275644
F2_C1R_oracle,attack_flow::Conti CISA Alert::0001,attack_flow,Conti CISA Alert,"[""T1204"",""T1059"",""T1105"",""T1547"",""T1078""]",0.46927872602275644,0.46927872602275644
F3_OSER_oracle,attack_flow::Conti CISA Alert::0001,attack_flow,Conti CISA Alert,"[""T1204"",""T1059"",""T1105"",""T1547"",""T1078""]",0.46927872602275644,0.46927872602275644
F4_LCB_RS_oracle,attack_flow::Conti CISA Alert::0001,attack_flow,Conti CISA Alert,"[""T1204"",""T1059"",""T1105"",""T1547"",""T1078""]",0.46927872602275644,0.46927872602275644
F5_LCTR5_oracle,attack_flow::Conti CISA Alert::0001,attack_flow,Conti CISA Alert,"[""T1204"",""T1059"",""T1105"",""T1547"",""T1078""]",0.46927872602275644,0.46927872602275644
F1_RR5_oracle,attack_flow::Conti CISA Alert::0002,attack_flow,Conti CISA Alert,"[""T1059"",""T1078"",""T1021"",""T1003"",""T1105""]",0.0,0.0
F2_C1R_oracle,attack_flow::Conti CISA Alert::0002,attack_flow,Conti CISA Alert,"[""T1059"",""T1078"",""T1021"",""T1003"",""T1105""]",0.0,0.0
F3_OSER_oracle,attack_flow::Conti CISA Alert::0002,attack_flow,Conti CISA Alert,"[""T1059"",""T1078"",""T1021"",""T1003"",""T1105""]",0.0,0.0
F4_LCB_RS_oracle,attack_flow::Conti CISA Alert::0002,attack_flow,Conti CISA Alert,"[""T1059"",""T1078"",""T1021"",""T1003"",""T1105""]",0.0,0.0
F5_LCTR5_oracle,attack_flow::Conti CISA Alert::0002,attack_flow,Conti CISA Alert,"[""T1059"",""T1078"",""T1021"",""T1003"",""T1105""]",0.0,0.0
F1_RR5_oracle,attack_flow::Conti CISA Alert::0003,attack_flow,Conti CISA Alert,"[""T1078"",""T1021"",""T1003"",""T1059"",""T1105""]",0.0,0.0
F2_C1R_oracle,attack_flow::Conti CISA Alert::0003,attack_flow,Conti CISA Alert,"[""T1078"",""T1021"",""T1003"",""T1059"",""T1105""]",0.0,0.0
F3_OSER_oracle,attack_flow::Conti CISA Alert::0003,attack_flow,Conti CISA Alert,"[""T1078"",""T1021"",""T1003"",""T1059"",""T1105""]",0.0,0.0
F4_LCB_RS_oracle,attack_flow::Conti CISA Alert::0003,attack_flow,Conti CISA Alert,"[""T1078"",""T1021"",""T1003"",""T1059"",""T1105""]",0.0,0.0
F5_LCTR5_oracle,attack_flow::Conti CISA Alert::0003,attack_flow,Conti CISA Alert,"[""T1078"",""T1021"",""T1003"",""T1059"",""T1105""]",0.0,0.0
F1_RR5_oracle,attack_flow::Conti CISA Alert::0004,attack_flow,Conti CISA Alert,"[""T1078"",""T1021"",""T1003"",""T1059"",""T1105""]",0.0,0.0
F2_C1R_oracle,attack_flow::Conti CISA Alert::0004,attack_flow,Conti CISA Alert,"[""T1078"",""T1021"",""T1003"",""T1059"",""T1105""]",0.0,0.0
F3_OSER_oracle,attack_flow::Conti CISA Alert::0004,attack_flow,Conti CISA Alert,"[""T1078"",""T1021"",""T1003"",""T1059"",""T1105""]",0.0,0.0
F4_LCB_RS_oracle,attack_flow::Conti CISA Alert::0004,attack_flow,Conti CISA Alert,"[""T1078"",""T1021"",""T1003"",""T1059"",""T1105""]",0.0,0.0
F5_LCTR5_oracle,attack_flow::Conti CISA Alert::0004,attack_flow,Conti CISA Alert,"[""T1078"",""T1021"",""T1003"",""T1059"",""T1105""]",0.0,0.0
F1_RR5_oracle,attack_flow::Conti CISA Alert::0005,attack_flow,Conti CISA Alert,"[""T1021"",""T1078"",""T1003"",""T1059"",""T1105""]",0.0,0.0
F2_C1R_oracle,attack_flow::Conti CISA Alert::0005,attack_flow,Conti CISA Alert,"[""T1021"",""T1078"",""T1003"",""T1059"",""T1105""]",0.0,0.0
F3_OSER_oracle,attack_flow::Conti CISA Alert::0005,attack_flow,Conti CISA Alert,"[""T1021"",""T1078"",""T1003"",""T1059"",""T1105""]",0.0,0.0
F4_LCB_RS_oracle,attack_flow::Conti CISA Alert::0005,attack_flow,Conti CISA Alert,"[""T1021"",""T1078"",""T1003"",""T1059"",""T1105""]",0.0,0.0
F5_LCTR5_oracle,attack_flow::Conti CISA Alert::0005,attack_flow,Conti CISA Alert,"[""T1021"",""T1078"",""T1003"",""T1059"",""T1105""]",0.0,0.0
F1_RR5_oracle,attack_flow::Conti PWC::0001,attack_flow,Conti PWC,"[""T1204"",""T1059"",""T1105"",""T1547"",""T1078""]",0.46927872602275644,0.46927872602275644
F2_C1R_oracle,attack_flow::Conti PWC::0001,attack_flow,Conti PWC,"[""T1204"",""T1059"",""T1105"",""T1547"",""T1078""]",0.46927872602275644,0.46927872602275644
F3_OSER_oracle,attack_flow::Conti PWC::0001,attack_flow,Conti PWC,"[""T1204"",""T1059"",""T1105"",""T1547"",""T1078""]",0.46927872602275644,0.46927872602275644
F4_LCB_RS_oracle,attack_flow::Conti PWC::0001,attack_flow,Conti PWC,"[""T1204"",""T1059"",""T1105"",""T1547"",""T1078""]",0.46927872602275644,0.46927872602275644
F5_LCTR5_oracle,attack_flow::Conti PWC::0001,attack_flow,Conti PWC,"[""T1204"",""T1059"",""T1105"",""T1547"",""T1078""]",0.46927872602275644,0.46927872602275644
F1_RR5_oracle,attack_flow::Conti PWC::0002,attack_flow,Conti PWC,"[""T1059"",""T1078"",""T1021"",""T1003"",""T1105""]",0.0,0.0
F2_C1R_oracle,attack_flow::Conti PWC::0002,attack_flow,Conti PWC,"[""T1059"",""T1078"",""T1021"",""T1003"",""T1105""]",0.0,0.0
F3_OSER_oracle,attack_flow::Conti PWC::0002,attack_flow,Conti PWC,"[""T1059"",""T1078"",""T1021"",""T1003"",""T1105""]",0.0,0.0
F4_LCB_RS_oracle,attack_flow::Conti PWC::0002,attack_flow,Conti PWC,"[""T1059"",""T1078"",""T1021"",""T1003"",""T1105""]",0.0,0.0
F5_LCTR5_oracle,attack_flow::Conti PWC::0002,attack_flow,Conti PWC,"[""T1059"",""T1078"",""T1021"",""T1003"",""T1105""]",0.0,0.0
F1_RR5_oracle,attack_flow::Conti PWC::0003,attack_flow,Conti PWC,"[""T1078"",""T1021"",""T1059"",""T1003"",""T1105""]",0.0,0.0
F2_C1R_oracle,attack_flow::Conti PWC::0003,attack_flow,Conti PWC,"[""T1078"",""T1021"",""T1059"",""T1003"",""T1105""]",0.0,0.0
F3_OSER_oracle,attack_flow::Conti PWC::0003,attack_flow,Conti PWC,"[""T1078"",""T1021"",""T1059"",""T1003"",""T1105""]",0.0,0.0
F4_LCB_RS_oracle,attack_flow::Conti PWC::0003,attack_flow,Conti PWC,"[""T1078"",""T1021"",""T1059"",""T1003"",""T1105""]",0.0,0.0
F5_LCTR5_oracle,attack_flow::Conti PWC::0003,attack_flow,Conti PWC,"[""T1078"",""T1021"",""T1059"",""T1003"",""T1105""]",0.0,0.0
F1_RR5_oracle,attack_flow::Conti Ransomware::0001,attack_flow,Conti Ransomware,"[""T1059"",""T1105"",""T1204"",""T1547"",""T1078""]",0.7653606369886217,0.5307212739772434
F2_C1R_oracle,attack_flow::Conti Ransomware::0001,attack_flow,Conti Ransomware,"[""T1204"",""T1059"",""T1105"",""T1547"",""T1078""]",0.5307212739772434,0.5307212739772434
F3_OSER_oracle,attack_flow::Conti Ransomware::0001,attack_flow,Conti Ransomware,"[""T1204"",""T1059"",""T1105"",""T1547"",""T1078""]",0.5307212739772434,0.5307212739772434
F4_LCB_RS_oracle,attack_flow::Conti Ransomware::0001,attack_flow,Conti Ransomware,"[""T1059"",""T1204"",""T1105"",""T1547"",""T1078""]",0.7039180890341347,0.5307212739772434
F5_LCTR5_oracle,attack_flow::Conti Ransomware::0001,attack_flow,Conti Ransomware,"[""T1204"",""T1059"",""T1105"",""T1547"",""T1078""]",0.5307212739772434,0.5307212739772434
F1_RR5_oracle,attack_flow::Conti Ransomware::0002,attack_flow,Conti Ransomware,"[""T1105"",""T1059"",""T1071"",""T1057"",""T1005""]",0.6131471927654584,0.3065735963827292
F2_C1R_oracle,attack_flow::Conti Ransomware::0002,attack_flow,Conti Ransomware,"[""T1059"",""T1071"",""T1105"",""T1057"",""T1005""]",0.3065735963827292,0.3065735963827292
F3_OSER_oracle,attack_flow::Conti Ransomware::0002,attack_flow,Conti Ransomware,"[""T1105"",""T1070"",""T1016"",""T1041"",""T1003""]",0.6131471927654584,0.3065735963827292
F4_LCB_RS_oracle,attack_flow::Conti Ransomware::0002,attack_flow,Conti Ransomware,"[""T1105"",""T1057"",""T1059"",""T1071"",""T1005""]",0.6131471927654584,0.3065735963827292
F5_LCTR5_oracle,attack_flow::Conti Ransomware::0002,attack_flow,Conti Ransomware,"[""T1105"",""T1057"",""T1059"",""T1071"",""T1005""]",0.6131471927654584,0.3065735963827292
F1_RR5_oracle,attack_flow::Conti Ransomware::0003,attack_flow,Conti Ransomware,"[""T1105"",""T1059"",""T1547"",""T1055"",""T1021""]",0.46927872602275644,0.2960819109658652
F2_C1R_oracle,attack_flow::Conti Ransomware::0003,attack_flow,Conti Ransomware,"[""T1059"",""T1105"",""T1547"",""T1055"",""T1033""]",0.4776237035032179,0.2960819109658652
F3_OSER_oracle,attack_flow::Conti Ransomware::0003,attack_flow,Conti Ransomware,"[""T1105"",""T1021"",""T1070"",""T1003"",""T1547""]",0.46927872602275644,0.2960819109658652
F4_LCB_RS_oracle,attack_flow::Conti Ransomware::0003,attack_flow,Conti Ransomware,"[""T1105"",""T1021"",""T1547"",""T1059"",""T1055""]",0.46927872602275644,0.2960819109658652
F5_LCTR5_oracle,attack_flow::Conti Ransomware::0003,attack_flow,Conti Ransomware,"[""T1059"",""T1105"",""T1547"",""T1055"",""T1021""]",0.2960819109658652,0.2960819109658652
F1_RR5_oracle,attack_flow::Conti Ransomware::0004,attack_flow,Conti Ransomware,"[""T1105"",""T1059"",""T1218"",""T1021"",""T1003""]",0.46927872602275644,0.2960819109658652
F2_C1R_oracle,attack_flow::Conti Ransomware::0004,attack_flow,Conti Ransomware,"[""T1059"",""T1105"",""T1218"",""T1021"",""T1003""]",0.2960819109658652,0.2960819109658652
F3_OSER_oracle,attack_flow::Conti Ransomware::0004,attack_flow,Conti Ransomware,"[""T1059"",""T1105"",""T1218"",""T1021"",""T1003""]",0.2960819109658652,0.2960819109658652
F4_LCB_RS_oracle,attack_flow::Conti Ransomware::0004,attack_flow,Conti Ransomware,"[""T1059"",""T1105"",""T1218"",""T1021"",""T1003""]",0.2960819109658652,0.2960819109658652
F5_LCTR5_oracle,attack_flow::Conti Ransomware::0004,attack_flow,Conti Ransomware,"[""T1059"",""T1105"",""T1218"",""T1021"",""T1003""]",0.2960819109658652,0.2960819109658652
F1_RR5_oracle,attack_flow::Conti Ransomware::0005,attack_flow,Conti Ransomware,"[""T1021"",""T1059"",""T1105"",""T1218"",""T1003""]",0.46927872602275644,0.20210734650054757
F2_C1R_oracle,attack_flow::Conti Ransomware::0005,attack_flow,Conti Ransomware,"[""T1059"",""T1105"",""T1218"",""T1021"",""T1033""]",0.38364913903790027,0.20210734650054757
F3_OSER_oracle,attack_flow::Conti Ransomware::0005,attack_flow,Conti Ransomware,"[""T1105"",""T1021"",""T1070"",""T1003"",""T1547""]",0.2960819109658652,0.20210734650054757
F4_LCB_RS_oracle,attack_flow::Conti Ransomware::0005,attack_flow,Conti Ransomware,"[""T1105"",""T1021"",""T1003"",""T1059"",""T1218""]",0.2960819109658652,0.20210734650054757
F5_LCTR5_oracle,attack_flow::Conti Ransomware::0005,attack_flow,Conti Ransomware,"[""T1059"",""T1021"",""T1105"",""T1003"",""T1218""]",0.2960819109658652,0.20210734650054757
F1_RR5_oracle,attack_flow::Conti Ransomware::0006,attack_flow,Conti Ransomware,"[""T1021"",""T1003"",""T1078"",""T1055"",""T1018""]",0.46927872602275644,0.2960819109658652
F2_C1R_oracle,attack_flow::Conti Ransomware::0006,attack_flow,Conti Ransomware,"[""T1003"",""T1021"",""T1078"",""T1055"",""T1018""]",0.2960819109658652,0.2960819109658652
F3_OSER_oracle,attack_flow::Conti Ransomware::0006,attack_flow,Conti Ransomware,"[""T1003"",""T1021"",""T1078"",""T1055"",""T1018""]",0.2960819109658652,0.2960819109658652
F4_LCB_RS_oracle,attack_flow::Conti Ransomware::0006,attack_flow,Conti Ransomware,"[""T1003"",""T1021"",""T1078"",""T1055"",""T1018""]",0.2960819109658652,0.2960819109658652
F5_LCTR5_oracle,attack_flow::Conti Ransomware::0006,attack_flow,Conti Ransomware,"[""T1003"",""T1021"",""T1078"",""T1055"",""T1018""]",0.2960819109658652,0.2960819109658652
F1_RR5_oracle,attack_flow::Conti Ransomware::0007,attack_flow,Conti Ransomware,"[""T1021"",""T1003"",""T1078"",""T1055"",""T1082""]",0.6131471927654584,0.6131471927654584
F2_C1R_oracle,attack_flow::Conti Ransomware::0007,attack_flow,Conti Ransomware,"[""T1021"",""T1003"",""T1078"",""T1055"",""T1082""]",0.6131471927654584,0.6131471927654584
F3_OSER_oracle,attack_flow::Conti Ransomware::0007,attack_flow,Conti Ransomware,"[""T1021"",""T1003"",""T1078"",""T1055"",""T1082""]",0.6131471927654584,0.6131471927654584
F4_LCB_RS_oracle,attack_flow::Conti Ransomware::0007,attack_flow,Conti Ransomware,"[""T1021"",""T1003"",""T1078"",""T1055"",""T1082""]",0.6131471927654584,0.6131471927654584
F5_LCTR5_oracle,attack_flow::Conti Ransomware::0007,attack_flow,Conti Ransomware,"[""T1021"",""T1003"",""T1078"",""T1055"",""T1082""]",0.6131471927654584,0.6131471927654584
F1_RR5_oracle,attack_flow::Conti Ransomware::0008,attack_flow,Conti Ransomware,"[""T1003"",""T1078"",""T1053"",""T1098"",""T1047""]",0.0,0.0
F2_C1R_oracle,attack_flow::Conti Ransomware::0008,attack_flow,Conti Ransomware,"[""T1003"",""T1078"",""T1053"",""T1098"",""T1021""]",0.23719771276929622,0.0
F3_OSER_oracle,attack_flow::Conti Ransomware::0008,attack_flow,Conti Ransomware,"[""T1105"",""T1021"",""T1569"",""T1047"",""T1070""]",0.38685280723454163,0.0
F4_LCB_RS_oracle,attack_flow::Conti Ransomware::0008,attack_flow,Conti Ransomware,"[""T1003"",""T1078"",""T1053"",""T1098"",""T1047""]",0.0,0.0
F5_LCTR5_oracle,attack_flow::Conti Ransomware::0008,attack_flow,Conti Ransomware,"[""T1003"",""T1078"",""T1053"",""T1098"",""T1047""]",0.0,0.0
F1_RR5_oracle,attack_flow::Conti Ransomware::0009,attack_flow,Conti Ransomware,"[""T1021"",""T1003"",""T1078"",""T1053"",""T1105""]",1.0,0.43067655807339306
F2_C1R_oracle,attack_flow::Conti Ransomware::0009,attack_flow,Conti Ransomware,"[""T1003"",""T1078"",""T1053"",""T1021"",""T1105""]",0.43067655807339306,0.43067655807339306
F3_OSER_oracle,attack_flow::Conti Ransomware::0009,attack_flow,Conti Ransomware,"[""T1016"",""T1105"",""T1021"",""T1018"",""T1057""]",0.5,0.43067655807339306
F4_LCB_RS_oracle,attack_flow::Conti Ransomware::0009,attack_flow,Conti Ransomware,"[""T1105"",""T1021"",""T1003"",""T1078"",""T1053""]",0.6309297535714575,0.43067655807339306
F5_LCTR5_oracle,attack_flow::Conti Ransomware::0009,attack_flow,Conti Ransomware,"[""T1003"",""T1078"",""T1053"",""T1021"",""T1105""]",0.43067655807339306,0.43067655807339306
F1_RR5_oracle,attack_flow::Conti Ransomware::0010,attack_flow,Conti Ransomware,"[""T1003"",""T1078"",""T1053"",""T1047"",""T1082""]",0.0,0.0
F2_C1R_oracle,attack_flow::Conti Ransomware::0010,attack_flow,Conti Ransomware,"[""T1003"",""T1078"",""T1053"",""T1047"",""T1021""]",0.23719771276929622,0.0
F3_OSER_oracle,attack_flow::Conti Ransomware::0010,attack_flow,Conti Ransomware,"[""T1105"",""T1021"",""T1569"",""T1047"",""T1070""]",0.38685280723454163,0.0
F4_LCB_RS_oracle,attack_flow::Conti Ransomware::0010,attack_flow,Conti Ransomware,"[""T1003"",""T1078"",""T1053"",""T1047"",""T1082""]",0.0,0.0
F5_LCTR5_oracle,attack_flow::Conti Ransomware::0010,attack_flow,Conti Ransomware,"[""T1003"",""T1078"",""T1053"",""T1047"",""T1082""]",0.0,0.0
F1_RR5_oracle,attack_flow::Conti Ransomware::0011,attack_flow,Conti Ransomware,"[""T1003"",""T1078"",""T1059"",""T1105"",""T1046""]",0.0,0.0
F2_C1R_oracle,attack_flow::Conti Ransomware::0011,attack_flow,Conti Ransomware,"[""T1003"",""T1078"",""T1059"",""T1105"",""T1021""]",0.18154179253735267,0.0
F3_OSER_oracle,attack_flow::Conti Ransomware::0011,attack_flow,Conti Ransomware,"[""T1105"",""T1021"",""T1569"",""T1047"",""T1070""]",0.2960819109658652,0.0
F4_LCB_RS_oracle,attack_flow::Conti Ransomware::0011,attack_flow,Conti Ransomware,"[""T1003"",""T1078"",""T1059"",""T1105"",""T1021""]",0.18154179253735267,0.0
F5_LCTR5_oracle,attack_flow::Conti Ransomware::0011,attack_flow,Conti Ransomware,"[""T1003"",""T1078"",""T1059"",""T1105"",""T1046""]",0.0,0.0
F1_RR5_oracle,attack_flow::Conti Ransomware::0012,attack_flow,Conti Ransomware,"[""T1003"",""T1078"",""T1053"",""T1047"",""T1082""]",0.0,0.0
F2_C1R_oracle,attack_flow::Conti Ransomware::0012,attack_flow,Conti Ransomware,"[""T1003"",""T1078"",""T1053"",""T1047"",""T1087""]",0.18154179253735267,0.0
F3_OSER_oracle,attack_flow::Conti Ransomware::0012,attack_flow,Conti Ransomware,"[""T1003"",""T1078"",""T1053"",""T1047"",""T1082""]",0.0,0.0
F4_LCB_RS_oracle,attack_flow::Conti Ransomware::0012,attack_flow,Conti Ransomware,"[""T1003"",""T1078"",""T1053"",""T1047"",""T1082""]",0.0,0.0
F5_LCTR5_oracle,attack_flow::Conti Ransomware::0012,attack_flow,Conti Ransomware,"[""T1003"",""T1078"",""T1053"",""T1047"",""T1082""]",0.0,0.0
F1_RR5_oracle,attack_flow::Conti Ransomware::0014,attack_flow,Conti Ransomware,"[""T1003"",""T1078"",""T1053"",""T1098"",""T1110""]",0.0,0.0
F2_C1R_oracle,attack_flow::Conti Ransomware::0014,attack_flow,Conti Ransomware,"[""T1003"",""T1078"",""T1053"",""T1098"",""T1110""]",0.0,0.0
F3_OSER_oracle,attack_flow::Conti Ransomware::0014,attack_flow,Conti Ransomware,"[""T1003"",""T1078"",""T1053"",""T1098"",""T1110""]",0.0,0.0
F4_LCB_RS_oracle,attack_flow::Conti Ransomware::0014,attack_flow,Conti Ransomware,"[""T1003"",""T1078"",""T1053"",""T1098"",""T1110""]",0.0,0.0
F5_LCTR5_oracle,attack_flow::Conti Ransomware::0014,attack_flow,Conti Ransomware,"[""T1003"",""T1078"",""T1053"",""T1098"",""T1110""]",0.0,0.0
F1_RR5_oracle,attack_flow::Conti Ransomware::0015,attack_flow,Conti Ransomware,"[""T1003"",""T1078"",""T1053"",""T1046"",""T1105""]",0.0,0.0
F2_C1R_oracle,attack_flow::Conti Ransomware::0015,attack_flow,Conti Ransomware,"[""T1003"",""T1078"",""T1053"",""T1046"",""T1105""]",0.0,0.0
F3_OSER_oracle,attack_flow::Conti Ransomware::0015,attack_flow,Conti Ransomware,"[""T1003"",""T1078"",""T1053"",""T1046"",""T1105""]",0.0,0.0
F4_LCB_RS_oracle,attack_flow::Conti Ransomware::0015,attack_flow,Conti Ransomware,"[""T1003"",""T1078"",""T1053"",""T1046"",""T1105""]",0.0,0.0
F5_LCTR5_oracle,attack_flow::Conti Ransomware::0015,attack_flow,Conti Ransomware,"[""T1003"",""T1078"",""T1053"",""T1046"",""T1105""]",0.0,0.0
F1_RR5_oracle,attack_flow::DFIR - BumbleBee Round 2::0001,attack_flow,DFIR - BumbleBee Round 2,"[""T1059"",""T1078"",""T1021"",""T1003"",""T1105""]",0.46927872602275644,0.46927872602275644
F2_C1R_oracle,attack_flow::DFIR - BumbleBee Round 2::0001,attack_flow,DFIR - BumbleBee Round 2,"[""T1059"",""T1078"",""T1021"",""T1003"",""T1105""]",0.46927872602275644,0.46927872602275644
F3_OSER_oracle,attack_flow::DFIR - BumbleBee Round 2::0001,attack_flow,DFIR - BumbleBee Round 2,"[""T1059"",""T1078"",""T1021"",""T1003"",""T1105""]",0.46927872602275644,0.46927872602275644
F4_LCB_RS_oracle,attack_flow::DFIR - BumbleBee Round 2::0001,attack_flow,DFIR - BumbleBee Round 2,"[""T1059"",""T1078"",""T1021"",""T1003"",""T1105""]",0.46927872602275644,0.46927872602275644
F5_LCTR5_oracle,attack_flow::DFIR - BumbleBee Round 2::0001,attack_flow,DFIR - BumbleBee Round 2,"[""T1059"",""T1078"",""T1021"",""T1003"",""T1105""]",0.46927872602275644,0.46927872602275644
F1_RR5_oracle,attack_flow::DFIR - BumbleBee Round 2::0002,attack_flow,DFIR - BumbleBee Round 2,"[""T1059"",""T1547"",""T1003"",""T1021"",""T1078""]",0.0,0.0
F2_C1R_oracle,attack_flow::DFIR - BumbleBee Round 2::0002,attack_flow,DFIR - BumbleBee Round 2,"[""T1059"",""T1547"",""T1003"",""T1021"",""T1078""]",0.0,0.0
F3_OSER_oracle,attack_flow::DFIR - BumbleBee Round 2::0002,attack_flow,DFIR - BumbleBee Round 2,"[""T1059"",""T1547"",""T1003"",""T1021"",""T1078""]",0.0,0.0
F4_LCB_RS_oracle,attack_flow::DFIR - BumbleBee Round 2::0002,attack_flow,DFIR - BumbleBee Round 2,"[""T1059"",""T1547"",""T1003"",""T1021"",""T1078""]",0.0,0.0
F5_LCTR5_oracle,attack_flow::DFIR - BumbleBee Round 2::0002,attack_flow,DFIR - BumbleBee Round 2,"[""T1059"",""T1547"",""T1003"",""T1021"",""T1078""]",0.0,0.0
F1_RR5_oracle,attack_flow::DFIR - BumbleBee Round 2::0003,attack_flow,DFIR - BumbleBee Round 2,"[""T1018"",""T1021"",""T1082"",""T1105"",""T1078""]",0.0,0.0
F2_C1R_oracle,attack_flow::DFIR - BumbleBee Round 2::0003,attack_flow,DFIR - BumbleBee Round 2,"[""T1018"",""T1021"",""T1082"",""T1105"",""T1003""]",0.18154179253735267,0.0
F3_OSER_oracle,attack_flow::DFIR - BumbleBee Round 2::0003,attack_flow,DFIR - BumbleBee Round 2,"[""T1018"",""T1021"",""T1069"",""T1518"",""T1003""]",0.18154179253735267,0.0
F4_LCB_RS_oracle,attack_flow::DFIR - BumbleBee Round 2::0003,attack_flow,DFIR - BumbleBee Round 2,"[""T1018"",""T1021"",""T1082"",""T1105"",""T1078""]",0.0,0.0
F5_LCTR5_oracle,attack_flow::DFIR - BumbleBee Round 2::0003,attack_flow,DFIR - BumbleBee Round 2,"[""T1018"",""T1021"",""T1082"",""T1105"",""T1078""]",0.0,0.0
F1_RR5_oracle,attack_flow::DFIR - BumbleBee Round 2::0004,attack_flow,DFIR - BumbleBee Round 2,"[""T1021"",""T1003"",""T1083"",""T1018"",""T1105""]",0.7653606369886217,0.7653606369886217
F2_C1R_oracle,attack_flow::DFIR - BumbleBee Round 2::0004,attack_flow,DFIR - BumbleBee Round 2,"[""T1021"",""T1003"",""T1083"",""T1018"",""T1105""]",0.7653606369886217,0.7653606369886217
F3_OSER_oracle,attack_flow::DFIR - BumbleBee Round 2::0004,attack_flow,DFIR - BumbleBee Round 2,"[""T1021"",""T1003"",""T1083"",""T1018"",""T1105""]",0.7653606369886217,0.7653606369886217
F4_LCB_RS_oracle,attack_flow::DFIR - BumbleBee Round 2::0004,attack_flow,DFIR - BumbleBee Round 2,"[""T1021"",""T1003"",""T1083"",""T1018"",""T1105""]",0.7653606369886217,0.7653606369886217
F5_LCTR5_oracle,attack_flow::DFIR - BumbleBee Round 2::0004,attack_flow,DFIR - BumbleBee Round 2,"[""T1021"",""T1003"",""T1083"",""T1018"",""T1105""]",0.7653606369886217,0.7653606369886217
F1_RR5_oracle,attack_flow::DFIR - BumbleBee Round 2::0005,attack_flow,DFIR - BumbleBee Round 2,"[""T1021"",""T1003"",""T1018"",""T1055"",""T1105""]",0.7653606369886217,0.5307212739772434
F2_C1R_oracle,attack_flow::DFIR - BumbleBee Round 2::0005,attack_flow,DFIR - BumbleBee Round 2,"[""T1018"",""T1021"",""T1003"",""T1055"",""T1105""]",0.5307212739772434,0.5307212739772434
F3_OSER_oracle,attack_flow::DFIR - BumbleBee Round 2::0005,attack_flow,DFIR - BumbleBee Round 2,"[""T1018"",""T1021"",""T1003"",""T1055"",""T1105""]",0.5307212739772434,0.5307212739772434
F4_LCB_RS_oracle,attack_flow::DFIR - BumbleBee Round 2::0005,attack_flow,DFIR - BumbleBee Round 2,"[""T1018"",""T1021"",""T1003"",""T1055"",""T1105""]",0.5307212739772434,0.5307212739772434
F5_LCTR5_oracle,attack_flow::DFIR - BumbleBee Round 2::0005,attack_flow,DFIR - BumbleBee Round 2,"[""T1018"",""T1021"",""T1003"",""T1055"",""T1105""]",0.5307212739772434,0.5307212739772434
F1_RR5_oracle,attack_flow::DFIR - BumbleBee Round 2::0006,attack_flow,DFIR - BumbleBee Round 2,"[""T1021"",""T1078"",""T1055"",""T1105"",""T1036""]",0.46927872602275644,0.46927872602275644
F2_C1R_oracle,attack_flow::DFIR - BumbleBee Round 2::0006,attack_flow,DFIR - BumbleBee Round 2,"[""T1021"",""T1078"",""T1055"",""T1105"",""T1036""]",0.46927872602275644,0.46927872602275644
F3_OSER_oracle,attack_flow::DFIR - BumbleBee Round 2::0006,attack_flow,DFIR - BumbleBee Round 2,"[""T1021"",""T1078"",""T1055"",""T1105"",""T1036""]",0.46927872602275644,0.46927872602275644
F4_LCB_RS_oracle,attack_flow::DFIR - BumbleBee Round 2::0006,attack_flow,DFIR - BumbleBee Round 2,"[""T1021"",""T1078"",""T1055"",""T1105"",""T1036""]",0.46927872602275644,0.46927872602275644
F5_LCTR5_oracle,attack_flow::DFIR - BumbleBee Round 2::0006,attack_flow,DFIR - BumbleBee Round 2,"[""T1021"",""T1078"",""T1055"",""T1105"",""T1036""]",0.46927872602275644,0.46927872602275644
F1_RR5_oracle,attack_flow::DFIR - BumbleBee Round 2::0007,attack_flow,DFIR - BumbleBee Round 2,"[""T1021"",""T1003"",""T1078"",""T1105"",""T1562""]",0.0,0.0
F2_C1R_oracle,attack_flow::DFIR - BumbleBee Round 2::0007,attack_flow,DFIR - BumbleBee Round 2,"[""T1021"",""T1003"",""T1078"",""T1105"",""T1562""]",0.0,0.0
F3_OSER_oracle,attack_flow::DFIR - BumbleBee Round 2::0007,attack_flow,DFIR - BumbleBee Round 2,"[""T1021"",""T1003"",""T1078"",""T1105"",""T1562""]",0.0,0.0
F4_LCB_RS_oracle,attack_flow::DFIR - BumbleBee Round 2::0007,attack_flow,DFIR - BumbleBee Round 2,"[""T1021"",""T1003"",""T1078"",""T1105"",""T1562""]",0.0,0.0
F5_LCTR5_oracle,attack_flow::DFIR - BumbleBee Round 2::0007,attack_flow,DFIR - BumbleBee Round 2,"[""T1021"",""T1003"",""T1078"",""T1105"",""T1562""]",0.0,0.0
F1_RR5_oracle,attack_flow::DFIR - BumbleBee Round 2::0008,attack_flow,DFIR - BumbleBee Round 2,"[""T1059"",""T1003"",""T1021"",""T1078"",""T1105""]",0.0,0.0
F2_C1R_oracle,attack_flow::DFIR - BumbleBee Round 2::0008,attack_flow,DFIR - BumbleBee Round 2,"[""T1059"",""T1003"",""T1021"",""T1078"",""T1016""]",0.18154179253735267,0.0
F3_OSER_oracle,attack_flow::DFIR - BumbleBee Round 2::0008,attack_flow,DFIR - BumbleBee Round 2,"[""T1059"",""T1003"",""T1021"",""T1078"",""T1105""]",0.0,0.0
F4_LCB_RS_oracle,attack_flow::DFIR - BumbleBee Round 2::0008,attack_flow,DFIR - BumbleBee Round 2,"[""T1059"",""T1003"",""T1021"",""T1078"",""T1105""]",0.0,0.0
F5_LCTR5_oracle,attack_flow::DFIR - BumbleBee Round 2::0008,attack_flow,DFIR - BumbleBee Round 2,"[""T1059"",""T1003"",""T1021"",""T1078"",""T1105""]",0.0,0.0
F1_RR5_oracle,attack_flow::DFIR - BumbleBee Round 2::0009,attack_flow,DFIR - BumbleBee Round 2,"[""T1021"",""T1059"",""T1003"",""T1078"",""T1105""]",0.46927872602275644,0.23463936301137822
F2_C1R_oracle,attack_flow::DFIR - BumbleBee Round 2::0009,attack_flow,DFIR - BumbleBee Round 2,"[""T1059"",""T1003"",""T1021"",""T1078"",""T1016""]",0.41618115554873086,0.23463936301137822
F3_OSER_oracle,attack_flow::DFIR - BumbleBee Round 2::0009,attack_flow,DFIR - BumbleBee Round 2,"[""T1059"",""T1003"",""T1021"",""T1078"",""T1105""]",0.23463936301137822,0.23463936301137822
F4_LCB_RS_oracle,attack_flow::DFIR - BumbleBee Round 2::0009,attack_flow,DFIR - BumbleBee Round 2,"[""T1105"",""T1021"",""T1003"",""T1059"",""T1078""]",0.2960819109658652,0.23463936301137822
F5_LCTR5_oracle,attack_flow::DFIR - BumbleBee Round 2::0009,attack_flow,DFIR - BumbleBee Round 2,"[""T1059"",""T1003"",""T1021"",""T1078"",""T1105""]",0.23463936301137822,0.23463936301137822
F1_RR5_oracle,attack_flow::DFIR - BumbleBee Round 2::0010,attack_flow,DFIR - BumbleBee Round 2,"[""T1059"",""T1021"",""T1003"",""T1078"",""T1105""]",0.7653606369886217,0.7039180890341347
F2_C1R_oracle,attack_flow::DFIR - BumbleBee Round 2::0010,attack_flow,DFIR - BumbleBee Round 2,"[""T1059"",""T1003"",""T1021"",""T1078"",""T1105""]",0.7039180890341347,0.7039180890341347
F3_OSER_oracle,attack_flow::DFIR - BumbleBee Round 2::0010,attack_flow,DFIR - BumbleBee Round 2,"[""T1059"",""T1003"",""T1021"",""T1078"",""T1105""]",0.7039180890341347,0.7039180890341347
F4_LCB_RS_oracle,attack_flow::DFIR - BumbleBee Round 2::0010,attack_flow,DFIR - BumbleBee Round 2,"[""T1059"",""T1003"",""T1021"",""T1078"",""T1105""]",0.7039180890341347,0.7039180890341347
F5_LCTR5_oracle,attack_flow::DFIR - BumbleBee Round 2::0010,attack_flow,DFIR - BumbleBee Round 2,"[""T1059"",""T1003"",""T1021"",""T1078"",""T1105""]",0.7039180890341347,0.7039180890341347
F1_RR5_oracle,attack_flow::DFIR - BumbleBee Round 2::0011,attack_flow,DFIR - BumbleBee Round 2,"[""T1059"",""T1021"",""T1003"",""T1078"",""T1105""]",1.0,0.9197207891481876
F2_C1R_oracle,attack_flow::DFIR - BumbleBee Round 2::0011,attack_flow,DFIR - BumbleBee Round 2,"[""T1059"",""T1003"",""T1021"",""T1078"",""T1105""]",0.9197207891481876,0.9197207891481876
F3_OSER_oracle,attack_flow::DFIR - BumbleBee Round 2::0011,attack_flow,DFIR - BumbleBee Round 2,"[""T1059"",""T1003"",""T1021"",""T1078"",""T1105""]",0.9197207891481876,0.9197207891481876
F4_LCB_RS_oracle,attack_flow::DFIR - BumbleBee Round 2::0011,attack_flow,DFIR - BumbleBee Round 2,"[""T1059"",""T1003"",""T1021"",""T1078"",""T1105""]",0.9197207891481876,0.9197207891481876
F5_LCTR5_oracle,attack_flow::DFIR - BumbleBee Round 2::0011,attack_flow,DFIR - BumbleBee Round 2,"[""T1059"",""T1003"",""T1021"",""T1078"",""T1105""]",0.9197207891481876,0.9197207891481876
F1_RR5_oracle,attack_flow::DFIR - BumbleBee Round 2::0012,attack_flow,DFIR - BumbleBee Round 2,"[""T1059"",""T1021"",""T1003"",""T1078"",""T1136""]",1.0,0.43067655807339306
F2_C1R_oracle,attack_flow::DFIR - BumbleBee Round 2::0012,attack_flow,DFIR - BumbleBee Round 2,"[""T1021"",""T1003"",""T1078"",""T1059"",""T1136""]",0.43067655807339306,0.43067655807339306
F3_OSER_oracle,attack_flow::DFIR - BumbleBee Round 2::0012,attack_flow,DFIR - BumbleBee Round 2,"[""T1021"",""T1003"",""T1078"",""T1059"",""T1136""]",0.43067655807339306,0.43067655807339306
F4_LCB_RS_oracle,attack_flow::DFIR - BumbleBee Round 2::0012,attack_flow,DFIR - BumbleBee Round 2,"[""T1021"",""T1003"",""T1078"",""T1059"",""T1136""]",0.43067655807339306,0.43067655807339306
F5_LCTR5_oracle,attack_flow::DFIR - BumbleBee Round 2::0012,attack_flow,DFIR - BumbleBee Round 2,"[""T1021"",""T1003"",""T1078"",""T1059"",""T1136""]",0.43067655807339306,0.43067655807339306
F1_RR5_oracle,attack_flow::Equifax Breach::0001,attack_flow,Equifax Breach,"[""T1190"",""T1059"",""T1078"",""T1105"",""T1021""]",0.46927872602275644,0.46927872602275644
F2_C1R_oracle,attack_flow::Equifax Breach::0001,attack_flow,Equifax Breach,"[""T1190"",""T1059"",""T1078"",""T1105"",""T1021""]",0.46927872602275644,0.46927872602275644
F3_OSER_oracle,attack_flow::Equifax Breach::0001,attack_flow,Equifax Breach,"[""T1190"",""T1059"",""T1078"",""T1105"",""T1021""]",0.46927872602275644,0.46927872602275644
F4_LCB_RS_oracle,attack_flow::Equifax Breach::0001,attack_flow,Equifax Breach,"[""T1190"",""T1059"",""T1078"",""T1105"",""T1021""]",0.46927872602275644,0.46927872602275644
F5_LCTR5_oracle,attack_flow::Equifax Breach::0001,attack_flow,Equifax Breach,"[""T1190"",""T1059"",""T1078"",""T1105"",""T1021""]",0.46927872602275644,0.46927872602275644
F1_RR5_oracle,attack_flow::Equifax Breach::0002,attack_flow,Equifax Breach,"[""T1059"",""T1078"",""T1021"",""T1003"",""T1105""]",0.0,0.0
F2_C1R_oracle,attack_flow::Equifax Breach::0002,attack_flow,Equifax Breach,"[""T1059"",""T1078"",""T1021"",""T1003"",""T1105""]",0.0,0.0
F3_OSER_oracle,attack_flow::Equifax Breach::0002,attack_flow,Equifax Breach,"[""T1059"",""T1078"",""T1021"",""T1003"",""T1105""]",0.0,0.0
F4_LCB_RS_oracle,attack_flow::Equifax Breach::0002,attack_flow,Equifax Breach,"[""T1059"",""T1078"",""T1021"",""T1003"",""T1105""]",0.0,0.0
F5_LCTR5_oracle,attack_flow::Equifax Breach::0002,attack_flow,Equifax Breach,"[""T1059"",""T1078"",""T1021"",""T1003"",""T1105""]",0.0,0.0
F1_RR5_oracle,attack_flow::Equifax Breach::0003,attack_flow,Equifax Breach,"[""T1059"",""T1078"",""T1021"",""T1005"",""T1567""]",0.0,0.0
F2_C1R_oracle,attack_flow::Equifax Breach::0003,attack_flow,Equifax Breach,"[""T1059"",""T1078"",""T1021"",""T1005"",""T1567""]",0.0,0.0
F3_OSER_oracle,attack_flow::Equifax Breach::0003,attack_flow,Equifax Breach,"[""T1059"",""T1078"",""T1021"",""T1005"",""T1567""]",0.0,0.0
F4_LCB_RS_oracle,attack_flow::Equifax Breach::0003,attack_flow,Equifax Breach,"[""T1059"",""T1078"",""T1021"",""T1005"",""T1567""]",0.0,0.0
F5_LCTR5_oracle,attack_flow::Equifax Breach::0003,attack_flow,Equifax Breach,"[""T1059"",""T1078"",""T1021"",""T1005"",""T1567""]",0.0,0.0
F1_RR5_oracle,attack_flow::Equifax Breach::0004,attack_flow,Equifax Breach,"[""T1078"",""T1021"",""T1003"",""T1046"",""T1105""]",0.0,0.0
F2_C1R_oracle,attack_flow::Equifax Breach::0004,attack_flow,Equifax Breach,"[""T1078"",""T1021"",""T1003"",""T1046"",""T1105""]",0.0,0.0
F3_OSER_oracle,attack_flow::Equifax Breach::0004,attack_flow,Equifax Breach,"[""T1078"",""T1021"",""T1003"",""T1046"",""T1105""]",0.0,0.0
F4_LCB_RS_oracle,attack_flow::Equifax Breach::0004,attack_flow,Equifax Breach,"[""T1078"",""T1021"",""T1003"",""T1046"",""T1105""]",0.0,0.0
F5_LCTR5_oracle,attack_flow::Equifax Breach::0004,attack_flow,Equifax Breach,"[""T1078"",""T1021"",""T1003"",""T1046"",""T1105""]",0.0,0.0
F1_RR5_oracle,attack_flow::Equifax Breach::0005,attack_flow,Equifax Breach,"[""T1005"",""T1021"",""T1078"",""T1041"",""T1505""]",0.0,0.0
F2_C1R_oracle,attack_flow::Equifax Breach::0005,attack_flow,Equifax Breach,"[""T1005"",""T1021"",""T1078"",""T1041"",""T1505""]",0.0,0.0
F3_OSER_oracle,attack_flow::Equifax Breach::0005,attack_flow,Equifax Breach,"[""T1105"",""T1041"",""T1567"",""T1048"",""T1486""]",0.20210734650054757,0.0
F4_LCB_RS_oracle,attack_flow::Equifax Breach::0005,attack_flow,Equifax Breach,"[""T1005"",""T1021"",""T1078"",""T1041"",""T1505""]",0.0,0.0
F5_LCTR5_oracle,attack_flow::Equifax Breach::0005,attack_flow,Equifax Breach,"[""T1005"",""T1021"",""T1078"",""T1041"",""T1505""]",0.0,0.0
F1_RR5_oracle,attack_flow::Equifax Breach::0006,attack_flow,Equifax Breach,"[""T1005"",""T1030"",""T1041"",""T1078"",""T1021""]",0.0,0.0
F2_C1R_oracle,attack_flow::Equifax Breach::0006,attack_flow,Equifax Breach,"[""T1005"",""T1030"",""T1041"",""T1078"",""T1048""]",0.18154179253735267,0.0
F3_OSER_oracle,attack_flow::Equifax Breach::0006,attack_flow,Equifax Breach,"[""T1005"",""T1030"",""T1041"",""T1078"",""T1021""]",0.0,0.0
F4_LCB_RS_oracle,attack_flow::Equifax Breach::0006,attack_flow,Equifax Breach,"[""T1005"",""T1030"",""T1041"",""T1078"",""T1021""]",0.0,0.0
F5_LCTR5_oracle,attack_flow::Equifax Breach::0006,attack_flow,Equifax Breach,"[""T1005"",""T1030"",""T1041"",""T1078"",""T1021""]",0.0,0.0
F1_RR5_oracle,attack_flow::Equifax Breach::0007,attack_flow,Equifax Breach,"[""T1070"",""T1021"",""T1078"",""T1005"",""T1485""]",0.6131471927654584,0.2640681225725909
F2_C1R_oracle,attack_flow::Equifax Breach::0007,attack_flow,Equifax Breach,"[""T1021"",""T1078"",""T1005"",""T1070"",""T1485""]",0.2640681225725909,0.2640681225725909
F3_OSER_oracle,attack_flow::Equifax Breach::0007,attack_flow,Equifax Breach,"[""T1021"",""T1070"",""T1047"",""T1105"",""T1018""]",0.38685280723454163,0.2640681225725909
F4_LCB_RS_oracle,attack_flow::Equifax Breach::0007,attack_flow,Equifax Breach,"[""T1021"",""T1070"",""T1005"",""T1078"",""T1485""]",0.38685280723454163,0.2640681225725909
F5_LCTR5_oracle,attack_flow::Equifax Breach::0007,attack_flow,Equifax Breach,"[""T1021"",""T1070"",""T1078"",""T1005"",""T1485""]",0.38685280723454163,0.2640681225725909
F1_RR5_oracle,attack_flow::Equifax Breach::0008,attack_flow,Equifax Breach,"[""T1078"",""T1021"",""T1003"",""T1059"",""T1105""]",0.0,0.0
F2_C1R_oracle,attack_flow::Equifax Breach::0008,attack_flow,Equifax Breach,"[""T1078"",""T1021"",""T1003"",""T1059"",""T1070""]",0.38685280723454163,0.0
F3_OSER_oracle,attack_flow::Equifax Breach::0008,attack_flow,Equifax Breach,"[""T1105"",""T1021"",""T1018"",""T1003"",""T1070""]",0.38685280723454163,0.0
F4_LCB_RS_oracle,attack_flow::Equifax Breach::0008,attack_flow,Equifax Breach,"[""T1078"",""T1021"",""T1003"",""T1059"",""T1105""]",0.0,0.0
F5_LCTR5_oracle,attack_flow::Equifax Breach::0008,attack_flow,Equifax Breach,"[""T1078"",""T1021"",""T1003"",""T1059"",""T1105""]",0.0,0.0
F1_RR5_oracle,attack_flow::FIN13 Case 1::0001,attack_flow,FIN13 Case 1,"[""T1190"",""T1592"",""T1590"",""T1046"",""T1059""]",0.46927872602275644,0.46927872602275644
F2_C1R_oracle,attack_flow::FIN13 Case 1::0001,attack_flow,FIN13 Case 1,"[""T1190"",""T1592"",""T1590"",""T1046"",""T1059""]",0.46927872602275644,0.46927872602275644
F3_OSER_oracle,attack_flow::FIN13 Case 1::0001,attack_flow,FIN13 Case 1,"[""T1190"",""T1592"",""T1590"",""T1046"",""T1059""]",0.46927872602275644,0.46927872602275644
F4_LCB_RS_oracle,attack_flow::FIN13 Case 1::0001,attack_flow,FIN13 Case 1,"[""T1190"",""T1592"",""T1590"",""T1046"",""T1059""]",0.46927872602275644,0.46927872602275644
F5_LCTR5_oracle,attack_flow::FIN13 Case 1::0001,attack_flow,FIN13 Case 1,"[""T1190"",""T1592"",""T1590"",""T1046"",""T1059""]",0.46927872602275644,0.46927872602275644
F1_RR5_oracle,attack_flow::FIN13 Case 1::0002,attack_flow,FIN13 Case 1,"[""T1190"",""T1046"",""T1592"",""T1590"",""T1135""]",0.7653606369886217,0.6713860725233041
F2_C1R_oracle,attack_flow::FIN13 Case 1::0002,attack_flow,FIN13 Case 1,"[""T1190"",""T1592"",""T1590"",""T1046"",""T1135""]",0.6713860725233041,0.6713860725233041
F3_OSER_oracle,attack_flow::FIN13 Case 1::0002,attack_flow,FIN13 Case 1,"[""T1190"",""T1592"",""T1590"",""T1046"",""T1135""]",0.6713860725233041,0.6713860725233041
F4_LCB_RS_oracle,attack_flow::FIN13 Case 1::0002,attack_flow,FIN13 Case 1,"[""T1190"",""T1592"",""T1590"",""T1046"",""T1135""]",0.6713860725233041,0.6713860725233041
F5_LCTR5_oracle,attack_flow::FIN13 Case 1::0002,attack_flow,FIN13 Case 1,"[""T1190"",""T1592"",""T1590"",""T1046"",""T1135""]",0.6713860725233041,0.6713860725233041
F1_RR5_oracle,attack_flow::FIN13 Case 1::0003,attack_flow,FIN13 Case 1,"[""T1105"",""T1059"",""T1078"",""T1021"",""T1003""]",0.46927872602275644,0.18154179253735267
F2_C1R_oracle,attack_flow::FIN13 Case 1::0003,attack_flow,FIN13 Case 1,"[""T1059"",""T1078"",""T1021"",""T1003"",""T1105""]",0.18154179253735267,0.18154179253735267
F3_OSER_oracle,attack_flow::FIN13 Case 1::0003,attack_flow,FIN13 Case 1,"[""T1105"",""T1021"",""T1018"",""T1003"",""T1070""]",0.46927872602275644,0.18154179253735267
F4_LCB_RS_oracle,attack_flow::FIN13 Case 1::0003,attack_flow,FIN13 Case 1,"[""T1105"",""T1021"",""T1003"",""T1059"",""T1078""]",0.46927872602275644,0.18154179253735267
F5_LCTR5_oracle,attack_flow::FIN13 Case 1::0003,attack_flow,FIN13 Case 1,"[""T1059"",""T1078"",""T1021"",""T1003"",""T1105""]",0.18154179253735267,0.18154179253735267
F1_RR5_oracle,attack_flow::FIN13 Case 1::0004,attack_flow,FIN13 Case 1,"[""T1105"",""T1059"",""T1078"",""T1021"",""T1003""]",0.46927872602275644,0.18154179253735267
F2_C1R_oracle,attack_flow::FIN13 Case 1::0004,attack_flow,FIN13 Case 1,"[""T1059"",""T1078"",""T1021"",""T1003"",""T1105""]",0.18154179253735267,0.18154179253735267
F3_OSER_oracle,attack_flow::FIN13 Case 1::0004,attack_flow,FIN13 Case 1,"[""T1059"",""T1078"",""T1021"",""T1003"",""T1105""]",0.18154179253735267,0.18154179253735267
F4_LCB_RS_oracle,attack_flow::FIN13 Case 1::0004,attack_flow,FIN13 Case 1,"[""T1105"",""T1021"",""T1003"",""T1059"",""T1078""]",0.46927872602275644,0.18154179253735267
F5_LCTR5_oracle,attack_flow::FIN13 Case 1::0004,attack_flow,FIN13 Case 1,"[""T1059"",""T1078"",""T1021"",""T1003"",""T1105""]",0.18154179253735267,0.18154179253735267
F1_RR5_oracle,attack_flow::FIN13 Case 1::0005,attack_flow,FIN13 Case 1,"[""T1105"",""T1021"",""T1059"",""T1003"",""T1078""]",0.6131471927654584,0.23719771276929622
F2_C1R_oracle,attack_flow::FIN13 Case 1::0005,attack_flow,FIN13 Case 1,"[""T1021"",""T1059"",""T1003"",""T1078"",""T1105""]",0.23719771276929622,0.23719771276929622
F3_OSER_oracle,attack_flow::FIN13 Case 1::0005,attack_flow,FIN13 Case 1,"[""T1016"",""T1105"",""T1021"",""T1018"",""T1057""]",0.38685280723454163,0.23719771276929622
F4_LCB_RS_oracle,attack_flow::FIN13 Case 1::0005,attack_flow,FIN13 Case 1,"[""T1105"",""T1021"",""T1059"",""T1003"",""T1078""]",0.6131471927654584,0.23719771276929622
F5_LCTR5_oracle,attack_flow::FIN13 Case 1::0005,attack_flow,FIN13 Case 1,"[""T1021"",""T1059"",""T1003"",""T1078"",""T1105""]",0.23719771276929622,0.23719771276929622
F1_RR5_oracle,attack_flow::FIN13 Case 1::0006,attack_flow,FIN13 Case 1,"[""T1021"",""T1003"",""T1059"",""T1078"",""T1046""]",0.0,0.0
F2_C1R_oracle,attack_flow::FIN13 Case 1::0006,attack_flow,FIN13 Case 1,"[""T1021"",""T1003"",""T1059"",""T1078"",""T1046""]",0.0,0.0
F3_OSER_oracle,attack_flow::FIN13 Case 1::0006,attack_flow,FIN13 Case 1,"[""T1021"",""T1003"",""T1059"",""T1078"",""T1046""]",0.0,0.0
F4_LCB_RS_oracle,attack_flow::FIN13 Case 1::0006,attack_flow,FIN13 Case 1,"[""T1021"",""T1003"",""T1059"",""T1078"",""T1046""]",0.0,0.0
F5_LCTR5_oracle,attack_flow::FIN13 Case 1::0006,attack_flow,FIN13 Case 1,"[""T1021"",""T1003"",""T1059"",""T1078"",""T1046""]",0.0,0.0
F1_RR5_oracle,attack_flow::FIN13 Case 1::0007,attack_flow,FIN13 Case 1,"[""T1021"",""T1003"",""T1059"",""T1078"",""T1046""]",0.0,0.0
F2_C1R_oracle,attack_flow::FIN13 Case 1::0007,attack_flow,FIN13 Case 1,"[""T1021"",""T1003"",""T1059"",""T1078"",""T1046""]",0.0,0.0
F3_OSER_oracle,attack_flow::FIN13 Case 1::0007,attack_flow,FIN13 Case 1,"[""T1021"",""T1003"",""T1059"",""T1078"",""T1046""]",0.0,0.0
F4_LCB_RS_oracle,attack_flow::FIN13 Case 1::0007,attack_flow,FIN13 Case 1,"[""T1021"",""T1003"",""T1059"",""T1078"",""T1046""]",0.0,0.0
F5_LCTR5_oracle,attack_flow::FIN13 Case 1::0007,attack_flow,FIN13 Case 1,"[""T1021"",""T1003"",""T1059"",""T1078"",""T1046""]",0.0,0.0
F1_RR5_oracle,attack_flow::FIN13 Case 1::0008,attack_flow,FIN13 Case 1,"[""T1021"",""T1003"",""T1059"",""T1078"",""T1046""]",0.0,0.0
F2_C1R_oracle,attack_flow::FIN13 Case 1::0008,attack_flow,FIN13 Case 1,"[""T1021"",""T1003"",""T1059"",""T1078"",""T1046""]",0.0,0.0
F3_OSER_oracle,attack_flow::FIN13 Case 1::0008,attack_flow,FIN13 Case 1,"[""T1021"",""T1003"",""T1059"",""T1078"",""T1046""]",0.0,0.0
F4_LCB_RS_oracle,attack_flow::FIN13 Case 1::0008,attack_flow,FIN13 Case 1,"[""T1021"",""T1003"",""T1059"",""T1078"",""T1046""]",0.0,0.0
F5_LCTR5_oracle,attack_flow::FIN13 Case 1::0008,attack_flow,FIN13 Case 1,"[""T1021"",""T1003"",""T1059"",""T1078"",""T1046""]",0.0,0.0
F1_RR5_oracle,attack_flow::FIN13 Case 1::0009,attack_flow,FIN13 Case 1,"[""T1021"",""T1003"",""T1078"",""T1059"",""T1105""]",0.0,0.0
F2_C1R_oracle,attack_flow::FIN13 Case 1::0009,attack_flow,FIN13 Case 1,"[""T1021"",""T1003"",""T1078"",""T1059"",""T1105""]",0.0,0.0
F3_OSER_oracle,attack_flow::FIN13 Case 1::0009,attack_flow,FIN13 Case 1,"[""T1021"",""T1003"",""T1078"",""T1059"",""T1105""]",0.0,0.0
F4_LCB_RS_oracle,attack_flow::FIN13 Case 1::0009,attack_flow,FIN13 Case 1,"[""T1021"",""T1003"",""T1078"",""T1059"",""T1105""]",0.0,0.0
F5_LCTR5_oracle,attack_flow::FIN13 Case 1::0009,attack_flow,FIN13 Case 1,"[""T1021"",""T1003"",""T1078"",""T1059"",""T1105""]",0.0,0.0
F1_RR5_oracle,attack_flow::FIN13 Case 1::0010,attack_flow,FIN13 Case 1,"[""T1003"",""T1046"",""T1021"",""T1078"",""T1105""]",0.46927872602275644,0.23463936301137822
F2_C1R_oracle,attack_flow::FIN13 Case 1::0010,attack_flow,FIN13 Case 1,"[""T1046"",""T1021"",""T1003"",""T1078"",""T1105""]",0.23463936301137822,0.23463936301137822
F3_OSER_oracle,attack_flow::FIN13 Case 1::0010,attack_flow,FIN13 Case 1,"[""T1046"",""T1021"",""T1003"",""T1078"",""T1105""]",0.23463936301137822,0.23463936301137822
F4_LCB_RS_oracle,attack_flow::FIN13 Case 1::0010,attack_flow,FIN13 Case 1,"[""T1046"",""T1021"",""T1003"",""T1078"",""T1105""]",0.23463936301137822,0.23463936301137822
F5_LCTR5_oracle,attack_flow::FIN13 Case 1::0010,attack_flow,FIN13 Case 1,"[""T1046"",""T1021"",""T1003"",""T1078"",""T1105""]",0.23463936301137822,0.23463936301137822
F1_RR5_oracle,attack_flow::FIN13 Case 1::0011,attack_flow,FIN13 Case 1,"[""T1021"",""T1003"",""T1078"",""T1059"",""T1105""]",0.7653606369886217,0.7653606369886217
F2_C1R_oracle,attack_flow::FIN13 Case 1::0011,attack_flow,FIN13 Case 1,"[""T1021"",""T1003"",""T1078"",""T1059"",""T1105""]",0.7653606369886217,0.7653606369886217
F3_OSER_oracle,attack_flow::FIN13 Case 1::0011,attack_flow,FIN13 Case 1,"[""T1021"",""T1003"",""T1078"",""T1059"",""T1105""]",0.7653606369886217,0.7653606369886217
F4_LCB_RS_oracle,attack_flow::FIN13 Case 1::0011,attack_flow,FIN13 Case 1,"[""T1021"",""T1003"",""T1078"",""T1059"",""T1105""]",0.7653606369886217,0.7653606369886217
F5_LCTR5_oracle,attack_flow::FIN13 Case 1::0011,attack_flow,FIN13 Case 1,"[""T1021"",""T1003"",""T1078"",""T1059"",""T1105""]",0.7653606369886217,0.7653606369886217
F1_RR5_oracle,attack_flow::FIN13 Case 1::0012,attack_flow,FIN13 Case 1,"[""T1021"",""T1003"",""T1078"",""T1105"",""T1059""]",0.7653606369886217,0.7653606369886217
F2_C1R_oracle,attack_flow::FIN13 Case 1::0012,attack_flow,FIN13 Case 1,"[""T1021"",""T1003"",""T1078"",""T1105"",""T1059""]",0.7653606369886217,0.7653606369886217
F3_OSER_oracle,attack_flow::FIN13 Case 1::0012,attack_flow,FIN13 Case 1,"[""T1021"",""T1003"",""T1078"",""T1105"",""T1059""]",0.7653606369886217,0.7653606369886217
F4_LCB_RS_oracle,attack_flow::FIN13 Case 1::0012,attack_flow,FIN13 Case 1,"[""T1021"",""T1003"",""T1078"",""T1105"",""T1059""]",0.7653606369886217,0.7653606369886217
F5_LCTR5_oracle,attack_flow::FIN13 Case 1::0012,attack_flow,FIN13 Case 1,"[""T1021"",""T1003"",""T1078"",""T1105"",""T1059""]",0.7653606369886217,0.7653606369886217
F1_RR5_oracle,attack_flow::FIN13 Case 1::0013,attack_flow,FIN13 Case 1,"[""T1021"",""T1078"",""T1003"",""T1105"",""T1059""]",0.46927872602275644,0.2960819109658652
F2_C1R_oracle,attack_flow::FIN13 Case 1::0013,attack_flow,FIN13 Case 1,"[""T1078"",""T1021"",""T1003"",""T1105"",""T1059""]",0.2960819109658652,0.2960819109658652
F3_OSER_oracle,attack_flow::FIN13 Case 1::0013,attack_flow,FIN13 Case 1,"[""T1078"",""T1021"",""T1003"",""T1105"",""T1059""]",0.2960819109658652,0.2960819109658652
F4_LCB_RS_oracle,attack_flow::FIN13 Case 1::0013,attack_flow,FIN13 Case 1,"[""T1078"",""T1021"",""T1003"",""T1105"",""T1059""]",0.2960819109658652,0.2960819109658652
F5_LCTR5_oracle,attack_flow::FIN13 Case 1::0013,attack_flow,FIN13 Case 1,"[""T1021"",""T1078"",""T1105"",""T1003"",""T1059""]",0.46927872602275644,0.2960819109658652
F1_RR5_oracle,attack_flow::FIN13 Case 1::0014,attack_flow,FIN13 Case 1,"[""T1021"",""T1003"",""T1078"",""T1105"",""T1505""]",0.0,0.0
F2_C1R_oracle,attack_flow::FIN13 Case 1::0014,attack_flow,FIN13 Case 1,"[""T1021"",""T1003"",""T1078"",""T1105"",""T1070""]",0.18154179253735267,0.0
F3_OSER_oracle,attack_flow::FIN13 Case 1::0014,attack_flow,FIN13 Case 1,"[""T1105"",""T1021"",""T1569"",""T1047"",""T1070""]",0.18154179253735267,0.0
F4_LCB_RS_oracle,attack_flow::FIN13 Case 1::0014,attack_flow,FIN13 Case 1,"[""T1021"",""T1003"",""T1078"",""T1105"",""T1505""]",0.0,0.0
F5_LCTR5_oracle,attack_flow::FIN13 Case 1::0014,attack_flow,FIN13 Case 1,"[""T1021"",""T1003"",""T1078"",""T1105"",""T1505""]",0.0,0.0
F1_RR5_oracle,attack_flow::FIN13 Case 1::0015,attack_flow,FIN13 Case 1,"[""T1021"",""T1003"",""T1078"",""T1059"",""T1105""]",0.0,0.0
F2_C1R_oracle,attack_flow::FIN13 Case 1::0015,attack_flow,FIN13 Case 1,"[""T1021"",""T1003"",""T1078"",""T1059"",""T1105""]",0.0,0.0
F3_OSER_oracle,attack_flow::FIN13 Case 1::0015,attack_flow,FIN13 Case 1,"[""T1021"",""T1003"",""T1078"",""T1059"",""T1105""]",0.0,0.0
F4_LCB_RS_oracle,attack_flow::FIN13 Case 1::0015,attack_flow,FIN13 Case 1,"[""T1021"",""T1003"",""T1078"",""T1059"",""T1105""]",0.0,0.0
F5_LCTR5_oracle,attack_flow::FIN13 Case 1::0015,attack_flow,FIN13 Case 1,"[""T1021"",""T1003"",""T1078"",""T1059"",""T1105""]",0.0,0.0
F1_RR5_oracle,attack_flow::FIN13 Case 1::0016,attack_flow,FIN13 Case 1,"[""T1021"",""T1003"",""T1078"",""T1059"",""T1105""]",0.0,0.0
F2_C1R_oracle,attack_flow::FIN13 Case 1::0016,attack_flow,FIN13 Case 1,"[""T1021"",""T1003"",""T1078"",""T1059"",""T1070""]",0.18154179253735267,0.0
F3_OSER_oracle,attack_flow::FIN13 Case 1::0016,attack_flow,FIN13 Case 1,"[""T1021"",""T1003"",""T1078"",""T1059"",""T1105""]",0.0,0.0
F4_LCB_RS_oracle,attack_flow::FIN13 Case 1::0016,attack_flow,FIN13 Case 1,"[""T1021"",""T1003"",""T1078"",""T1059"",""T1105""]",0.0,0.0
F5_LCTR5_oracle,attack_flow::FIN13 Case 1::0016,attack_flow,FIN13 Case 1,"[""T1021"",""T1003"",""T1078"",""T1059"",""T1105""]",0.0,0.0
F1_RR5_oracle,attack_flow::FIN13 Case 1::0017,attack_flow,FIN13 Case 1,"[""T1078"",""T1021"",""T1003"",""T1105"",""T1046""]",0.46927872602275644,0.23463936301137822
F2_C1R_oracle,attack_flow::FIN13 Case 1::0017,attack_flow,FIN13 Case 1,"[""T1021"",""T1003"",""T1078"",""T1105"",""T1046""]",0.23463936301137822,0.23463936301137822
F3_OSER_oracle,attack_flow::FIN13 Case 1::0017,attack_flow,FIN13 Case 1,"[""T1021"",""T1003"",""T1078"",""T1105"",""T1046""]",0.23463936301137822,0.23463936301137822
F4_LCB_RS_oracle,attack_flow::FIN13 Case 1::0017,attack_flow,FIN13 Case 1,"[""T1021"",""T1003"",""T1078"",""T1105"",""T1046""]",0.23463936301137822,0.23463936301137822
F5_LCTR5_oracle,attack_flow::FIN13 Case 1::0017,attack_flow,FIN13 Case 1,"[""T1021"",""T1003"",""T1078"",""T1105"",""T1046""]",0.23463936301137822,0.23463936301137822
F1_RR5_oracle,attack_flow::FIN13 Case 1::0018,attack_flow,FIN13 Case 1,"[""T1078"",""T1021"",""T1003"",""T1105"",""T1046""]",0.46927872602275644,0.23463936301137822
F2_C1R_oracle,attack_flow::FIN13 Case 1::0018,attack_flow,FIN13 Case 1,"[""T1021"",""T1003"",""T1078"",""T1105"",""T1059""]",0.41618115554873086,0.23463936301137822
F3_OSER_oracle,attack_flow::FIN13 Case 1::0018,attack_flow,FIN13 Case 1,"[""T1021"",""T1003"",""T1078"",""T1105"",""T1046""]",0.23463936301137822,0.23463936301137822
F4_LCB_RS_oracle,attack_flow::FIN13 Case 1::0018,attack_flow,FIN13 Case 1,"[""T1021"",""T1003"",""T1078"",""T1105"",""T1046""]",0.23463936301137822,0.23463936301137822
F5_LCTR5_oracle,attack_flow::FIN13 Case 1::0018,attack_flow,FIN13 Case 1,"[""T1021"",""T1003"",""T1078"",""T1105"",""T1046""]",0.23463936301137822,0.23463936301137822
F1_RR5_oracle,attack_flow::FIN13 Case 1::0019,attack_flow,FIN13 Case 1,"[""T1078"",""T1021"",""T1003"",""T1558"",""T1105""]",0.46927872602275644,0.23463936301137822
F2_C1R_oracle,attack_flow::FIN13 Case 1::0019,attack_flow,FIN13 Case 1,"[""T1021"",""T1003"",""T1078"",""T1558"",""T1105""]",0.23463936301137822,0.23463936301137822
F3_OSER_oracle,attack_flow::FIN13 Case 1::0019,attack_flow,FIN13 Case 1,"[""T1021"",""T1003"",""T1078"",""T1558"",""T1105""]",0.23463936301137822,0.23463936301137822
F4_LCB_RS_oracle,attack_flow::FIN13 Case 1::0019,attack_flow,FIN13 Case 1,"[""T1021"",""T1003"",""T1078"",""T1558"",""T1105""]",0.23463936301137822,0.23463936301137822
F5_LCTR5_oracle,attack_flow::FIN13 Case 1::0019,attack_flow,FIN13 Case 1,"[""T1021"",""T1003"",""T1078"",""T1558"",""T1105""]",0.23463936301137822,0.23463936301137822
F1_RR5_oracle,attack_flow::FIN13 Case 1::0020,attack_flow,FIN13 Case 1,"[""T1570"",""T1021"",""T1078"",""T1003"",""T1558""]",0.46927872602275644,0.18154179253735267
F2_C1R_oracle,attack_flow::FIN13 Case 1::0020,attack_flow,FIN13 Case 1,"[""T1021"",""T1078"",""T1003"",""T1558"",""T1570""]",0.18154179253735267,0.18154179253735267
F3_OSER_oracle,attack_flow::FIN13 Case 1::0020,attack_flow,FIN13 Case 1,"[""T1021"",""T1078"",""T1003"",""T1558"",""T1570""]",0.18154179253735267,0.18154179253735267
F4_LCB_RS_oracle,attack_flow::FIN13 Case 1::0020,attack_flow,FIN13 Case 1,"[""T1021"",""T1078"",""T1003"",""T1558"",""T1570""]",0.18154179253735267,0.18154179253735267
F5_LCTR5_oracle,attack_flow::FIN13 Case 1::0020,attack_flow,FIN13 Case 1,"[""T1021"",""T1078"",""T1003"",""T1558"",""T1570""]",0.18154179253735267,0.18154179253735267
F1_RR5_oracle,attack_flow::FIN13 Case 1::0021,attack_flow,FIN13 Case 1,"[""T1021"",""T1059"",""T1078"",""T1003"",""T1105""]",0.0,0.0
F2_C1R_oracle,attack_flow::FIN13 Case 1::0021,attack_flow,FIN13 Case 1,"[""T1021"",""T1059"",""T1078"",""T1003"",""T1570""]",0.18154179253735267,0.0
F3_OSER_oracle,attack_flow::FIN13 Case 1::0021,attack_flow,FIN13 Case 1,"[""T1021"",""T1059"",""T1078"",""T1003"",""T1105""]",0.0,0.0
F4_LCB_RS_oracle,attack_flow::FIN13 Case 1::0021,attack_flow,FIN13 Case 1,"[""T1021"",""T1059"",""T1078"",""T1003"",""T1105""]",0.0,0.0
F5_LCTR5_oracle,attack_flow::FIN13 Case 1::0021,attack_flow,FIN13 Case 1,"[""T1021"",""T1059"",""T1078"",""T1003"",""T1105""]",0.0,0.0
F1_RR5_oracle,attack_flow::FIN13 Case 1::0022,attack_flow,FIN13 Case 1,"[""T1021"",""T1078"",""T1003"",""T1059"",""T1105""]",0.0,0.0
F2_C1R_oracle,attack_flow::FIN13 Case 1::0022,attack_flow,FIN13 Case 1,"[""T1021"",""T1078"",""T1003"",""T1059"",""T1105""]",0.0,0.0
F3_OSER_oracle,attack_flow::FIN13 Case 1::0022,attack_flow,FIN13 Case 1,"[""T1021"",""T1078"",""T1003"",""T1059"",""T1105""]",0.0,0.0
F4_LCB_RS_oracle,attack_flow::FIN13 Case 1::0022,attack_flow,FIN13 Case 1,"[""T1021"",""T1078"",""T1003"",""T1059"",""T1105""]",0.0,0.0
F5_LCTR5_oracle,attack_flow::FIN13 Case 1::0022,attack_flow,FIN13 Case 1,"[""T1021"",""T1078"",""T1003"",""T1059"",""T1105""]",0.0,0.0
F1_RR5_oracle,attack_flow::FIN13 Case 1::0023,attack_flow,FIN13 Case 1,"[""T1021"",""T1078"",""T1003"",""T1059"",""T1105""]",0.0,0.0
F2_C1R_oracle,attack_flow::FIN13 Case 1::0023,attack_flow,FIN13 Case 1,"[""T1021"",""T1078"",""T1003"",""T1059"",""T1105""]",0.0,0.0
F3_OSER_oracle,attack_flow::FIN13 Case 1::0023,attack_flow,FIN13 Case 1,"[""T1021"",""T1078"",""T1003"",""T1059"",""T1105""]",0.0,0.0
F4_LCB_RS_oracle,attack_flow::FIN13 Case 1::0023,attack_flow,FIN13 Case 1,"[""T1021"",""T1078"",""T1003"",""T1059"",""T1105""]",0.0,0.0
F5_LCTR5_oracle,attack_flow::FIN13 Case 1::0023,attack_flow,FIN13 Case 1,"[""T1021"",""T1078"",""T1003"",""T1059"",""T1105""]",0.0,0.0
F1_RR5_oracle,attack_flow::FIN13 Case 1::0024,attack_flow,FIN13 Case 1,"[""T1021"",""T1003"",""T1078"",""T1059"",""T1105""]",0.0,0.0
F2_C1R_oracle,attack_flow::FIN13 Case 1::0024,attack_flow,FIN13 Case 1,"[""T1021"",""T1003"",""T1078"",""T1059"",""T1105""]",0.0,0.0
F3_OSER_oracle,attack_flow::FIN13 Case 1::0024,attack_flow,FIN13 Case 1,"[""T1021"",""T1003"",""T1078"",""T1059"",""T1105""]",0.0,0.0
F4_LCB_RS_oracle,attack_flow::FIN13 Case 1::0024,attack_flow,FIN13 Case 1,"[""T1021"",""T1003"",""T1078"",""T1059"",""T1105""]",0.0,0.0
F5_LCTR5_oracle,attack_flow::FIN13 Case 1::0024,attack_flow,FIN13 Case 1,"[""T1021"",""T1003"",""T1078"",""T1059"",""T1105""]",0.0,0.0
F1_RR5_oracle,attack_flow::FIN13 Case 1::0025,attack_flow,FIN13 Case 1,"[""T1021"",""T1078"",""T1003"",""T1059"",""T1105""]",0.0,0.0
F2_C1R_oracle,attack_flow::FIN13 Case 1::0025,attack_flow,FIN13 Case 1,"[""T1021"",""T1078"",""T1003"",""T1059"",""T1570""]",0.18154179253735267,0.0
F3_OSER_oracle,attack_flow::FIN13 Case 1::0025,attack_flow,FIN13 Case 1,"[""T1570"",""T1105"",""T1021"",""T1018"",""T1003""]",0.46927872602275644,0.0
F4_LCB_RS_oracle,attack_flow::FIN13 Case 1::0025,attack_flow,FIN13 Case 1,"[""T1021"",""T1078"",""T1003"",""T1059"",""T1570""]",0.18154179253735267,0.0
F5_LCTR5_oracle,attack_flow::FIN13 Case 1::0025,attack_flow,FIN13 Case 1,"[""T1021"",""T1078"",""T1003"",""T1059"",""T1105""]",0.0,0.0
F1_RR5_oracle,attack_flow::FIN13 Case 1::0029,attack_flow,FIN13 Case 1,"[""T1021"",""T1078"",""T1003"",""T1059"",""T1105""]",0.7653606369886217,0.7039180890341347
F2_C1R_oracle,attack_flow::FIN13 Case 1::0029,attack_flow,FIN13 Case 1,"[""T1021"",""T1003"",""T1078"",""T1059"",""T1105""]",0.7039180890341347,0.7039180890341347
F3_OSER_oracle,attack_flow::FIN13 Case 1::0029,attack_flow,FIN13 Case 1,"[""T1021"",""T1003"",""T1078"",""T1059"",""T1105""]",0.7039180890341347,0.7039180890341347
F4_LCB_RS_oracle,attack_flow::FIN13 Case 1::0029,attack_flow,FIN13 Case 1,"[""T1021"",""T1003"",""T1078"",""T1059"",""T1105""]",0.7039180890341347,0.7039180890341347
F5_LCTR5_oracle,attack_flow::FIN13 Case 1::0029,attack_flow,FIN13 Case 1,"[""T1021"",""T1003"",""T1078"",""T1059"",""T1105""]",0.7039180890341347,0.7039180890341347
F1_RR5_oracle,attack_flow::FIN13 Case 1::0030,attack_flow,FIN13 Case 1,"[""T1078"",""T1021"",""T1003"",""T1059"",""T1046""]",0.6131471927654584,0.3065735963827292
F2_C1R_oracle,attack_flow::FIN13 Case 1::0030,attack_flow,FIN13 Case 1,"[""T1021"",""T1003"",""T1078"",""T1059"",""T1046""]",0.3065735963827292,0.3065735963827292
F3_OSER_oracle,attack_flow::FIN13 Case 1::0030,attack_flow,FIN13 Case 1,"[""T1021"",""T1003"",""T1078"",""T1059"",""T1046""]",0.3065735963827292,0.3065735963827292
F4_LCB_RS_oracle,attack_flow::FIN13 Case 1::0030,attack_flow,FIN13 Case 1,"[""T1021"",""T1003"",""T1078"",""T1059"",""T1046""]",0.3065735963827292,0.3065735963827292
F5_LCTR5_oracle,attack_flow::FIN13 Case 1::0030,attack_flow,FIN13 Case 1,"[""T1021"",""T1003"",""T1078"",""T1059"",""T1046""]",0.3065735963827292,0.3065735963827292
F1_RR5_oracle,attack_flow::FIN13 Case 1::0031,attack_flow,FIN13 Case 1,"[""T1078"",""T1021"",""T1003"",""T1059"",""T1105""]",1.0,0.5
F2_C1R_oracle,attack_flow::FIN13 Case 1::0031,attack_flow,FIN13 Case 1,"[""T1021"",""T1003"",""T1078"",""T1059"",""T1105""]",0.5,0.5
F3_OSER_oracle,attack_flow::FIN13 Case 1::0031,attack_flow,FIN13 Case 1,"[""T1021"",""T1003"",""T1078"",""T1059"",""T1105""]",0.5,0.5
F4_LCB_RS_oracle,attack_flow::FIN13 Case 1::0031,attack_flow,FIN13 Case 1,"[""T1021"",""T1003"",""T1078"",""T1059"",""T1105""]",0.5,0.5
F5_LCTR5_oracle,attack_flow::FIN13 Case 1::0031,attack_flow,FIN13 Case 1,"[""T1021"",""T1003"",""T1078"",""T1059"",""T1105""]",0.5,0.5
F1_RR5_oracle,attack_flow::FIN13 Case 2::0001,attack_flow,FIN13 Case 2,"[""T1105"",""T1059"",""T1078"",""T1021"",""T1003""]",0.46927872602275644,0.18154179253735267
F2_C1R_oracle,attack_flow::FIN13 Case 2::0001,attack_flow,FIN13 Case 2,"[""T1059"",""T1078"",""T1021"",""T1003"",""T1105""]",0.18154179253735267,0.18154179253735267
F3_OSER_oracle,attack_flow::FIN13 Case 2::0001,attack_flow,FIN13 Case 2,"[""T1105"",""T1021"",""T1018"",""T1003"",""T1070""]",0.46927872602275644,0.18154179253735267
F4_LCB_RS_oracle,attack_flow::FIN13 Case 2::0001,attack_flow,FIN13 Case 2,"[""T1105"",""T1021"",""T1003"",""T1059"",""T1078""]",0.46927872602275644,0.18154179253735267
F5_LCTR5_oracle,attack_flow::FIN13 Case 2::0001,attack_flow,FIN13 Case 2,"[""T1059"",""T1078"",""T1021"",""T1003"",""T1105""]",0.18154179253735267,0.18154179253735267
F1_RR5_oracle,attack_flow::FIN13 Case 2::0002,attack_flow,FIN13 Case 2,"[""T1003"",""T1059"",""T1078"",""T1021"",""T1105""]",0.46927872602275644,0.20210734650054757
F2_C1R_oracle,attack_flow::FIN13 Case 2::0002,attack_flow,FIN13 Case 2,"[""T1059"",""T1078"",""T1021"",""T1003"",""T1105""]",0.20210734650054757,0.20210734650054757
F3_OSER_oracle,attack_flow::FIN13 Case 2::0002,attack_flow,FIN13 Case 2,"[""T1059"",""T1078"",""T1021"",""T1003"",""T1105""]",0.20210734650054757,0.20210734650054757
F4_LCB_RS_oracle,attack_flow::FIN13 Case 2::0002,attack_flow,FIN13 Case 2,"[""T1105"",""T1021"",""T1003"",""T1059"",""T1078""]",0.23463936301137822,0.20210734650054757
F5_LCTR5_oracle,attack_flow::FIN13 Case 2::0002,attack_flow,FIN13 Case 2,"[""T1059"",""T1021"",""T1003"",""T1078"",""T1105""]",0.23463936301137822,0.20210734650054757
F1_RR5_oracle,attack_flow::FIN13 Case 2::0003,attack_flow,FIN13 Case 2,"[""T1003"",""T1059"",""T1078"",""T1021"",""T1105""]",0.46927872602275644,0.20210734650054757
F2_C1R_oracle,attack_flow::FIN13 Case 2::0003,attack_flow,FIN13 Case 2,"[""T1059"",""T1078"",""T1021"",""T1003"",""T1105""]",0.20210734650054757,0.20210734650054757
F3_OSER_oracle,attack_flow::FIN13 Case 2::0003,attack_flow,FIN13 Case 2,"[""T1059"",""T1078"",""T1021"",""T1003"",""T1105""]",0.20210734650054757,0.20210734650054757
F4_LCB_RS_oracle,attack_flow::FIN13 Case 2::0003,attack_flow,FIN13 Case 2,"[""T1105"",""T1021"",""T1003"",""T1059"",""T1078""]",0.23463936301137822,0.20210734650054757
F5_LCTR5_oracle,attack_flow::FIN13 Case 2::0003,attack_flow,FIN13 Case 2,"[""T1059"",""T1078"",""T1021"",""T1003"",""T1105""]",0.20210734650054757,0.20210734650054757
F1_RR5_oracle,attack_flow::FIN13 Case 2::0004,attack_flow,FIN13 Case 2,"[""T1003"",""T1021"",""T1078"",""T1059"",""T1505""]",0.6131471927654584,0.3065735963827292
F2_C1R_oracle,attack_flow::FIN13 Case 2::0004,attack_flow,FIN13 Case 2,"[""T1021"",""T1078"",""T1003"",""T1059"",""T1505""]",0.3065735963827292,0.3065735963827292
F3_OSER_oracle,attack_flow::FIN13 Case 2::0004,attack_flow,FIN13 Case 2,"[""T1021"",""T1078"",""T1003"",""T1059"",""T1505""]",0.3065735963827292,0.3065735963827292
F4_LCB_RS_oracle,attack_flow::FIN13 Case 2::0004,attack_flow,FIN13 Case 2,"[""T1021"",""T1003"",""T1059"",""T1078"",""T1505""]",0.38685280723454163,0.3065735963827292
F5_LCTR5_oracle,attack_flow::FIN13 Case 2::0004,attack_flow,FIN13 Case 2,"[""T1021"",""T1078"",""T1003"",""T1059"",""T1505""]",0.3065735963827292,0.3065735963827292
F1_RR5_oracle,attack_flow::FIN13 Case 2::0005,attack_flow,FIN13 Case 2,"[""T1078"",""T1003"",""T1021"",""T1059"",""T1105""]",0.7653606369886217,0.6713860725233041
F2_C1R_oracle,attack_flow::FIN13 Case 2::0005,attack_flow,FIN13 Case 2,"[""T1078"",""T1021"",""T1059"",""T1003"",""T1105""]",0.6713860725233041,0.6713860725233041
F3_OSER_oracle,attack_flow::FIN13 Case 2::0005,attack_flow,FIN13 Case 2,"[""T1078"",""T1021"",""T1059"",""T1003"",""T1105""]",0.6713860725233041,0.6713860725233041
F4_LCB_RS_oracle,attack_flow::FIN13 Case 2::0005,attack_flow,FIN13 Case 2,"[""T1078"",""T1021"",""T1059"",""T1003"",""T1105""]",0.6713860725233041,0.6713860725233041
F5_LCTR5_oracle,attack_flow::FIN13 Case 2::0005,attack_flow,FIN13 Case 2,"[""T1078"",""T1021"",""T1059"",""T1003"",""T1105""]",0.6713860725233041,0.6713860725233041
F1_RR5_oracle,attack_flow::FIN13 Case 2::0007,attack_flow,FIN13 Case 2,"[""T1078"",""T1021"",""T1059"",""T1003"",""T1105""]",0.46927872602275644,0.2960819109658652
F2_C1R_oracle,attack_flow::FIN13 Case 2::0007,attack_flow,FIN13 Case 2,"[""T1021"",""T1078"",""T1059"",""T1003"",""T1105""]",0.2960819109658652,0.2960819109658652
F3_OSER_oracle,attack_flow::FIN13 Case 2::0007,attack_flow,FIN13 Case 2,"[""T1021"",""T1078"",""T1059"",""T1003"",""T1105""]",0.2960819109658652,0.2960819109658652
F4_LCB_RS_oracle,attack_flow::FIN13 Case 2::0007,attack_flow,FIN13 Case 2,"[""T1021"",""T1078"",""T1059"",""T1003"",""T1105""]",0.2960819109658652,0.2960819109658652
F5_LCTR5_oracle,attack_flow::FIN13 Case 2::0007,attack_flow,FIN13 Case 2,"[""T1021"",""T1078"",""T1059"",""T1003"",""T1105""]",0.2960819109658652,0.2960819109658652
F1_RR5_oracle,attack_flow::FIN13 Case 2::0008,attack_flow,FIN13 Case 2,"[""T1078"",""T1003"",""T1021"",""T1059"",""T1505""]",0.0,0.0
F2_C1R_oracle,attack_flow::FIN13 Case 2::0008,attack_flow,FIN13 Case 2,"[""T1078"",""T1003"",""T1021"",""T1059"",""T1505""]",0.0,0.0
F3_OSER_oracle,attack_flow::FIN13 Case 2::0008,attack_flow,FIN13 Case 2,"[""T1078"",""T1003"",""T1021"",""T1059"",""T1505""]",0.0,0.0
F4_LCB_RS_oracle,attack_flow::FIN13 Case 2::0008,attack_flow,FIN13 Case 2,"[""T1078"",""T1003"",""T1021"",""T1059"",""T1505""]",0.0,0.0
F5_LCTR5_oracle,attack_flow::FIN13 Case 2::0008,attack_flow,FIN13 Case 2,"[""T1078"",""T1003"",""T1021"",""T1059"",""T1505""]",0.0,0.0
F1_RR5_oracle,attack_flow::FIN13 Case 2::0009,attack_flow,FIN13 Case 2,"[""T1005"",""T1078"",""T1021"",""T1048"",""T1059""]",0.0,0.0
F2_C1R_oracle,attack_flow::FIN13 Case 2::0009,attack_flow,FIN13 Case 2,"[""T1005"",""T1078"",""T1021"",""T1048"",""T1059""]",0.0,0.0
F3_OSER_oracle,attack_flow::FIN13 Case 2::0009,attack_flow,FIN13 Case 2,"[""T1005"",""T1078"",""T1021"",""T1048"",""T1059""]",0.0,0.0
F4_LCB_RS_oracle,attack_flow::FIN13 Case 2::0009,attack_flow,FIN13 Case 2,"[""T1005"",""T1078"",""T1021"",""T1048"",""T1059""]",0.0,0.0
F5_LCTR5_oracle,attack_flow::FIN13 Case 2::0009,attack_flow,FIN13 Case 2,"[""T1005"",""T1078"",""T1021"",""T1048"",""T1059""]",0.0,0.0
F1_RR5_oracle,attack_flow::FIN13 Case 2::0010,attack_flow,FIN13 Case 2,"[""T1078"",""T1021"",""T1005"",""T1083"",""T1105""]",0.46927872602275644,0.23463936301137822
F2_C1R_oracle,attack_flow::FIN13 Case 2::0010,attack_flow,FIN13 Case 2,"[""T1021"",""T1005"",""T1078"",""T1083"",""T1105""]",0.23463936301137822,0.23463936301137822
F3_OSER_oracle,attack_flow::FIN13 Case 2::0010,attack_flow,FIN13 Case 2,"[""T1021"",""T1005"",""T1078"",""T1083"",""T1105""]",0.23463936301137822,0.23463936301137822
F4_LCB_RS_oracle,attack_flow::FIN13 Case 2::0010,attack_flow,FIN13 Case 2,"[""T1021"",""T1005"",""T1078"",""T1083"",""T1105""]",0.23463936301137822,0.23463936301137822
F5_LCTR5_oracle,attack_flow::FIN13 Case 2::0010,attack_flow,FIN13 Case 2,"[""T1021"",""T1005"",""T1078"",""T1083"",""T1105""]",0.23463936301137822,0.23463936301137822
F1_RR5_oracle,attack_flow::FIN13 Case 2::0011,attack_flow,FIN13 Case 2,"[""T1021"",""T1059"",""T1082"",""T1046"",""T1005""]",0.0,0.0
F2_C1R_oracle,attack_flow::FIN13 Case 2::0011,attack_flow,FIN13 Case 2,"[""T1021"",""T1059"",""T1082"",""T1046"",""T1005""]",0.0,0.0
F3_OSER_oracle,attack_flow::FIN13 Case 2::0011,attack_flow,FIN13 Case 2,"[""T1021"",""T1059"",""T1082"",""T1046"",""T1005""]",0.0,0.0
F4_LCB_RS_oracle,attack_flow::FIN13 Case 2::0011,attack_flow,FIN13 Case 2,"[""T1021"",""T1059"",""T1082"",""T1046"",""T1005""]",0.0,0.0
F5_LCTR5_oracle,attack_flow::FIN13 Case 2::0011,attack_flow,FIN13 Case 2,"[""T1021"",""T1059"",""T1082"",""T1046"",""T1005""]",0.0,0.0
F1_RR5_oracle,attack_flow::FIN13 Case 2::0012,attack_flow,FIN13 Case 2,"[""T1078"",""T1021"",""T1005"",""T1567"",""T1059""]",0.46927872602275644,0.2960819109658652
F2_C1R_oracle,attack_flow::FIN13 Case 2::0012,attack_flow,FIN13 Case 2,"[""T1021"",""T1078"",""T1005"",""T1567"",""T1059""]",0.2960819109658652,0.2960819109658652
F3_OSER_oracle,attack_flow::FIN13 Case 2::0012,attack_flow,FIN13 Case 2,"[""T1021"",""T1078"",""T1005"",""T1567"",""T1059""]",0.2960819109658652,0.2960819109658652
F4_LCB_RS_oracle,attack_flow::FIN13 Case 2::0012,attack_flow,FIN13 Case 2,"[""T1021"",""T1078"",""T1005"",""T1567"",""T1059""]",0.2960819109658652,0.2960819109658652
F5_LCTR5_oracle,attack_flow::FIN13 Case 2::0012,attack_flow,FIN13 Case 2,"[""T1021"",""T1078"",""T1005"",""T1567"",""T1059""]",0.2960819109658652,0.2960819109658652
F1_RR5_oracle,attack_flow::FIN13 Case 2::0013,attack_flow,FIN13 Case 2,"[""T1021"",""T1059"",""T1005"",""T1078"",""T1505""]",0.0,0.0
F2_C1R_oracle,attack_flow::FIN13 Case 2::0013,attack_flow,FIN13 Case 2,"[""T1021"",""T1059"",""T1005"",""T1078"",""T1505""]",0.0,0.0
F3_OSER_oracle,attack_flow::FIN13 Case 2::0013,attack_flow,FIN13 Case 2,"[""T1021"",""T1059"",""T1005"",""T1078"",""T1505""]",0.0,0.0
F4_LCB_RS_oracle,attack_flow::FIN13 Case 2::0013,attack_flow,FIN13 Case 2,"[""T1021"",""T1059"",""T1005"",""T1078"",""T1505""]",0.0,0.0
F5_LCTR5_oracle,attack_flow::FIN13 Case 2::0013,attack_flow,FIN13 Case 2,"[""T1021"",""T1059"",""T1005"",""T1078"",""T1505""]",0.0,0.0
F1_RR5_oracle,attack_flow::FIN13 Case 2::0014,attack_flow,FIN13 Case 2,"[""T1021"",""T1059"",""T1005"",""T1078"",""T1105""]",0.0,0.0
F2_C1R_oracle,attack_flow::FIN13 Case 2::0014,attack_flow,FIN13 Case 2,"[""T1021"",""T1059"",""T1005"",""T1078"",""T1041""]",0.38685280723454163,0.0
F3_OSER_oracle,attack_flow::FIN13 Case 2::0014,attack_flow,FIN13 Case 2,"[""T1021"",""T1059"",""T1005"",""T1078"",""T1105""]",0.0,0.0
F4_LCB_RS_oracle,attack_flow::FIN13 Case 2::0014,attack_flow,FIN13 Case 2,"[""T1021"",""T1059"",""T1005"",""T1078"",""T1105""]",0.0,0.0
F5_LCTR5_oracle,attack_flow::FIN13 Case 2::0014,attack_flow,FIN13 Case 2,"[""T1021"",""T1059"",""T1005"",""T1078"",""T1105""]",0.0,0.0
F1_RR5_oracle,attack_flow::Gootloader::0001,attack_flow,Gootloader,"[""T1189"",""T1583"",""T1587"",""T1608"",""T1566""]",0.46927872602275644,0.20210734650054757
F2_C1R_oracle,attack_flow::Gootloader::0001,attack_flow,Gootloader,"[""T1583"",""T1587"",""T1608"",""T1189"",""T1566""]",0.20210734650054757,0.20210734650054757
F3_OSER_oracle,attack_flow::Gootloader::0001,attack_flow,Gootloader,"[""T1583"",""T1587"",""T1608"",""T1189"",""T1566""]",0.20210734650054757,0.20210734650054757
F4_LCB_RS_oracle,attack_flow::Gootloader::0001,attack_flow,Gootloader,"[""T1583"",""T1587"",""T1608"",""T1189"",""T1566""]",0.20210734650054757,0.20210734650054757
F5_LCTR5_oracle,attack_flow::Gootloader::0001,attack_flow,Gootloader,"[""T1583"",""T1587"",""T1608"",""T1189"",""T1566""]",0.20210734650054757,0.20210734650054757
F1_RR5_oracle,attack_flow::Gootloader::0002,attack_flow,Gootloader,"[""T1204"",""T1059"",""T1105"",""T1078"",""T1021""]",0.7653606369886217,0.7653606369886217
F2_C1R_oracle,attack_flow::Gootloader::0002,attack_flow,Gootloader,"[""T1204"",""T1059"",""T1105"",""T1078"",""T1021""]",0.7653606369886217,0.7653606369886217
F3_OSER_oracle,attack_flow::Gootloader::0002,attack_flow,Gootloader,"[""T1204"",""T1059"",""T1105"",""T1078"",""T1021""]",0.7653606369886217,0.7653606369886217
F4_LCB_RS_oracle,attack_flow::Gootloader::0002,attack_flow,Gootloader,"[""T1204"",""T1059"",""T1105"",""T1078"",""T1021""]",0.7653606369886217,0.7653606369886217
F5_LCTR5_oracle,attack_flow::Gootloader::0002,attack_flow,Gootloader,"[""T1204"",""T1059"",""T1105"",""T1078"",""T1021""]",0.7653606369886217,0.7653606369886217
F1_RR5_oracle,attack_flow::Gootloader::0003,attack_flow,Gootloader,"[""T1059"",""T1105"",""T1078"",""T1003"",""T1021""]",0.6131471927654584,0.6131471927654584
F2_C1R_oracle,attack_flow::Gootloader::0003,attack_flow,Gootloader,"[""T1059"",""T1105"",""T1078"",""T1003"",""T1021""]",0.6131471927654584,0.6131471927654584
F3_OSER_oracle,attack_flow::Gootloader::0003,attack_flow,Gootloader,"[""T1059"",""T1105"",""T1078"",""T1003"",""T1021""]",0.6131471927654584,0.6131471927654584
F4_LCB_RS_oracle,attack_flow::Gootloader::0003,attack_flow,Gootloader,"[""T1059"",""T1105"",""T1078"",""T1003"",""T1021""]",0.6131471927654584,0.6131471927654584
F5_LCTR5_oracle,attack_flow::Gootloader::0003,attack_flow,Gootloader,"[""T1059"",""T1105"",""T1078"",""T1003"",""T1021""]",0.6131471927654584,0.6131471927654584
F1_RR5_oracle,attack_flow::Gootloader::0005,attack_flow,Gootloader,"[""T1059"",""T1547"",""T1105"",""T1003"",""T1021""]",0.46927872602275644,0.46927872602275644
F2_C1R_oracle,attack_flow::Gootloader::0005,attack_flow,Gootloader,"[""T1059"",""T1547"",""T1105"",""T1003"",""T1021""]",0.46927872602275644,0.46927872602275644
F3_OSER_oracle,attack_flow::Gootloader::0005,attack_flow,Gootloader,"[""T1059"",""T1547"",""T1105"",""T1003"",""T1021""]",0.46927872602275644,0.46927872602275644
F4_LCB_RS_oracle,attack_flow::Gootloader::0005,attack_flow,Gootloader,"[""T1059"",""T1547"",""T1105"",""T1003"",""T1021""]",0.46927872602275644,0.46927872602275644
F5_LCTR5_oracle,attack_flow::Gootloader::0005,attack_flow,Gootloader,"[""T1059"",""T1547"",""T1105"",""T1003"",""T1021""]",0.46927872602275644,0.46927872602275644
F1_RR5_oracle,attack_flow::Gootloader::0006,attack_flow,Gootloader,"[""T1059"",""T1112"",""T1003"",""T1021"",""T1105""]",0.0,0.0
F2_C1R_oracle,attack_flow::Gootloader::0006,attack_flow,Gootloader,"[""T1059"",""T1112"",""T1003"",""T1021"",""T1105""]",0.0,0.0
F3_OSER_oracle,attack_flow::Gootloader::0006,attack_flow,Gootloader,"[""T1059"",""T1112"",""T1003"",""T1021"",""T1105""]",0.0,0.0
F4_LCB_RS_oracle,attack_flow::Gootloader::0006,attack_flow,Gootloader,"[""T1059"",""T1112"",""T1003"",""T1021"",""T1105""]",0.0,0.0
F5_LCTR5_oracle,attack_flow::Gootloader::0006,attack_flow,Gootloader,"[""T1059"",""T1112"",""T1003"",""T1021"",""T1105""]",0.0,0.0
F1_RR5_oracle,attack_flow::Gootloader::0007,attack_flow,Gootloader,"[""T1059"",""T1053"",""T1112"",""T1005"",""T1021""]",0.46927872602275644,0.46927872602275644
F2_C1R_oracle,attack_flow::Gootloader::0007,attack_flow,Gootloader,"[""T1059"",""T1053"",""T1112"",""T1005"",""T1021""]",0.46927872602275644,0.46927872602275644
F3_OSER_oracle,attack_flow::Gootloader::0007,attack_flow,Gootloader,"[""T1059"",""T1053"",""T1112"",""T1005"",""T1021""]",0.46927872602275644,0.46927872602275644
F4_LCB_RS_oracle,attack_flow::Gootloader::0007,attack_flow,Gootloader,"[""T1059"",""T1053"",""T1112"",""T1005"",""T1021""]",0.46927872602275644,0.46927872602275644
F5_LCTR5_oracle,attack_flow::Gootloader::0007,attack_flow,Gootloader,"[""T1059"",""T1053"",""T1112"",""T1005"",""T1021""]",0.46927872602275644,0.46927872602275644
F1_RR5_oracle,attack_flow::Gootloader::0008,attack_flow,Gootloader,"[""T1059"",""T1053"",""T1112"",""T1218"",""T1105""]",0.46927872602275644,0.46927872602275644
F2_C1R_oracle,attack_flow::Gootloader::0008,attack_flow,Gootloader,"[""T1059"",""T1053"",""T1112"",""T1218"",""T1105""]",0.46927872602275644,0.46927872602275644
F3_OSER_oracle,attack_flow::Gootloader::0008,attack_flow,Gootloader,"[""T1059"",""T1053"",""T1112"",""T1218"",""T1105""]",0.46927872602275644,0.46927872602275644
F4_LCB_RS_oracle,attack_flow::Gootloader::0008,attack_flow,Gootloader,"[""T1059"",""T1053"",""T1112"",""T1218"",""T1105""]",0.46927872602275644,0.46927872602275644
F5_LCTR5_oracle,attack_flow::Gootloader::0008,attack_flow,Gootloader,"[""T1059"",""T1053"",""T1112"",""T1218"",""T1105""]",0.46927872602275644,0.46927872602275644
F1_RR5_oracle,attack_flow::Gootloader::0009,attack_flow,Gootloader,"[""T1003"",""T1021"",""T1078"",""T1055"",""T1018""]",0.0,0.0
F2_C1R_oracle,attack_flow::Gootloader::0009,attack_flow,Gootloader,"[""T1003"",""T1021"",""T1078"",""T1055"",""T1018""]",0.0,0.0
F3_OSER_oracle,attack_flow::Gootloader::0009,attack_flow,Gootloader,"[""T1003"",""T1021"",""T1078"",""T1055"",""T1018""]",0.0,0.0
F4_LCB_RS_oracle,attack_flow::Gootloader::0009,attack_flow,Gootloader,"[""T1003"",""T1021"",""T1078"",""T1055"",""T1018""]",0.0,0.0
F5_LCTR5_oracle,attack_flow::Gootloader::0009,attack_flow,Gootloader,"[""T1003"",""T1021"",""T1078"",""T1055"",""T1018""]",0.0,0.0
F1_RR5_oracle,attack_flow::Gootloader::0010,attack_flow,Gootloader,"[""T1021"",""T1003"",""T1078"",""T1550"",""T1105""]",0.0,0.0
F2_C1R_oracle,attack_flow::Gootloader::0010,attack_flow,Gootloader,"[""T1021"",""T1003"",""T1078"",""T1550"",""T1105""]",0.0,0.0
F3_OSER_oracle,attack_flow::Gootloader::0010,attack_flow,Gootloader,"[""T1021"",""T1003"",""T1078"",""T1550"",""T1105""]",0.0,0.0
F4_LCB_RS_oracle,attack_flow::Gootloader::0010,attack_flow,Gootloader,"[""T1021"",""T1003"",""T1078"",""T1550"",""T1105""]",0.0,0.0
F5_LCTR5_oracle,attack_flow::Gootloader::0010,attack_flow,Gootloader,"[""T1021"",""T1003"",""T1078"",""T1550"",""T1105""]",0.0,0.0
F1_RR5_oracle,attack_flow::Gootloader::0011,attack_flow,Gootloader,"[""T1021"",""T1003"",""T1078"",""T1055"",""T1105""]",0.0,0.0
F2_C1R_oracle,attack_flow::Gootloader::0011,attack_flow,Gootloader,"[""T1021"",""T1003"",""T1078"",""T1055"",""T1105""]",0.0,0.0
F3_OSER_oracle,attack_flow::Gootloader::0011,attack_flow,Gootloader,"[""T1021"",""T1003"",""T1078"",""T1055"",""T1105""]",0.0,0.0
F4_LCB_RS_oracle,attack_flow::Gootloader::0011,attack_flow,Gootloader,"[""T1021"",""T1003"",""T1078"",""T1055"",""T1105""]",0.0,0.0
F5_LCTR5_oracle,attack_flow::Gootloader::0011,attack_flow,Gootloader,"[""T1021"",""T1003"",""T1078"",""T1055"",""T1105""]",0.0,0.0
F1_RR5_oracle,attack_flow::Gootloader::0012,attack_flow,Gootloader,"[""T1021"",""T1003"",""T1078"",""T1055"",""T1105""]",0.0,0.0
F2_C1R_oracle,attack_flow::Gootloader::0012,attack_flow,Gootloader,"[""T1021"",""T1003"",""T1078"",""T1055"",""T1105""]",0.0,0.0
F3_OSER_oracle,attack_flow::Gootloader::0012,attack_flow,Gootloader,"[""T1021"",""T1003"",""T1078"",""T1055"",""T1105""]",0.0,0.0
F4_LCB_RS_oracle,attack_flow::Gootloader::0012,attack_flow,Gootloader,"[""T1021"",""T1003"",""T1078"",""T1055"",""T1105""]",0.0,0.0
F5_LCTR5_oracle,attack_flow::Gootloader::0012,attack_flow,Gootloader,"[""T1021"",""T1003"",""T1078"",""T1055"",""T1105""]",0.0,0.0
F1_RR5_oracle,attack_flow::Gootloader::0013,attack_flow,Gootloader,"[""T1021"",""T1003"",""T1078"",""T1055"",""T1105""]",0.0,0.0
F2_C1R_oracle,attack_flow::Gootloader::0013,attack_flow,Gootloader,"[""T1021"",""T1003"",""T1078"",""T1055"",""T1518""]",0.23719771276929622,0.0
F3_OSER_oracle,attack_flow::Gootloader::0013,attack_flow,Gootloader,"[""T1021"",""T1569"",""T1057"",""T1518"",""T1047""]",0.2640681225725909,0.0
F4_LCB_RS_oracle,attack_flow::Gootloader::0013,attack_flow,Gootloader,"[""T1021"",""T1003"",""T1078"",""T1055"",""T1105""]",0.0,0.0
F5_LCTR5_oracle,attack_flow::Gootloader::0013,attack_flow,Gootloader,"[""T1021"",""T1003"",""T1078"",""T1055"",""T1105""]",0.0,0.0
F1_RR5_oracle,attack_flow::Gootloader::0014,attack_flow,Gootloader,"[""T1021"",""T1003"",""T1078"",""T1055"",""T1105""]",0.0,0.0
F2_C1R_oracle,attack_flow::Gootloader::0014,attack_flow,Gootloader,"[""T1021"",""T1003"",""T1078"",""T1055"",""T1105""]",0.0,0.0
F3_OSER_oracle,attack_flow::Gootloader::0014,attack_flow,Gootloader,"[""T1021"",""T1003"",""T1078"",""T1055"",""T1105""]",0.0,0.0
F4_LCB_RS_oracle,attack_flow::Gootloader::0014,attack_flow,Gootloader,"[""T1021"",""T1003"",""T1078"",""T1055"",""T1105""]",0.0,0.0
F5_LCTR5_oracle,attack_flow::Gootloader::0014,attack_flow,Gootloader,"[""T1021"",""T1003"",""T1078"",""T1055"",""T1105""]",0.0,0.0
F1_RR5_oracle,attack_flow::Gootloader::0015,attack_flow,Gootloader,"[""T1021"",""T1003"",""T1078"",""T1055"",""T1547""]",0.46927872602275644,0.46927872602275644
F2_C1R_oracle,attack_flow::Gootloader::0015,attack_flow,Gootloader,"[""T1021"",""T1003"",""T1078"",""T1055"",""T1547""]",0.46927872602275644,0.46927872602275644
F3_OSER_oracle,attack_flow::Gootloader::0015,attack_flow,Gootloader,"[""T1021"",""T1003"",""T1078"",""T1055"",""T1547""]",0.46927872602275644,0.46927872602275644
F4_LCB_RS_oracle,attack_flow::Gootloader::0015,attack_flow,Gootloader,"[""T1021"",""T1003"",""T1078"",""T1055"",""T1547""]",0.46927872602275644,0.46927872602275644
F5_LCTR5_oracle,attack_flow::Gootloader::0015,attack_flow,Gootloader,"[""T1021"",""T1003"",""T1078"",""T1055"",""T1547""]",0.46927872602275644,0.46927872602275644
F1_RR5_oracle,attack_flow::Gootloader::0016,attack_flow,Gootloader,"[""T1021"",""T1003"",""T1078"",""T1069"",""T1482""]",0.6131471927654584,0.6131471927654584
F2_C1R_oracle,attack_flow::Gootloader::0016,attack_flow,Gootloader,"[""T1021"",""T1003"",""T1078"",""T1069"",""T1482""]",0.6131471927654584,0.6131471927654584
F3_OSER_oracle,attack_flow::Gootloader::0016,attack_flow,Gootloader,"[""T1021"",""T1003"",""T1078"",""T1069"",""T1482""]",0.6131471927654584,0.6131471927654584
F4_LCB_RS_oracle,attack_flow::Gootloader::0016,attack_flow,Gootloader,"[""T1021"",""T1003"",""T1078"",""T1069"",""T1482""]",0.6131471927654584,0.6131471927654584
F5_LCTR5_oracle,attack_flow::Gootloader::0016,attack_flow,Gootloader,"[""T1021"",""T1003"",""T1078"",""T1069"",""T1482""]",0.6131471927654584,0.6131471927654584
F1_RR5_oracle,attack_flow::Gootloader::0017,attack_flow,Gootloader,"[""T1021"",""T1003"",""T1078"",""T1055"",""T1547""]",0.6131471927654584,0.6131471927654584
F2_C1R_oracle,attack_flow::Gootloader::0017,attack_flow,Gootloader,"[""T1021"",""T1003"",""T1078"",""T1055"",""T1547""]",0.6131471927654584,0.6131471927654584
F3_OSER_oracle,attack_flow::Gootloader::0017,attack_flow,Gootloader,"[""T1021"",""T1003"",""T1078"",""T1055"",""T1547""]",0.6131471927654584,0.6131471927654584
F4_LCB_RS_oracle,attack_flow::Gootloader::0017,attack_flow,Gootloader,"[""T1021"",""T1003"",""T1078"",""T1055"",""T1547""]",0.6131471927654584,0.6131471927654584
F5_LCTR5_oracle,attack_flow::Gootloader::0017,attack_flow,Gootloader,"[""T1021"",""T1003"",""T1078"",""T1055"",""T1547""]",0.6131471927654584,0.6131471927654584
F1_RR5_oracle,attack_flow::Gootloader::0018,attack_flow,Gootloader,"[""T1021"",""T1003"",""T1078"",""T1558"",""T1105""]",0.6131471927654584,0.6131471927654584
F2_C1R_oracle,attack_flow::Gootloader::0018,attack_flow,Gootloader,"[""T1021"",""T1003"",""T1078"",""T1558"",""T1105""]",0.6131471927654584,0.6131471927654584
F3_OSER_oracle,attack_flow::Gootloader::0018,attack_flow,Gootloader,"[""T1021"",""T1003"",""T1078"",""T1558"",""T1105""]",0.6131471927654584,0.6131471927654584
F4_LCB_RS_oracle,attack_flow::Gootloader::0018,attack_flow,Gootloader,"[""T1021"",""T1003"",""T1078"",""T1558"",""T1105""]",0.6131471927654584,0.6131471927654584
F5_LCTR5_oracle,attack_flow::Gootloader::0018,attack_flow,Gootloader,"[""T1021"",""T1003"",""T1078"",""T1558"",""T1105""]",0.6131471927654584,0.6131471927654584
F1_RR5_oracle,attack_flow::Gootloader::0019,attack_flow,Gootloader,"[""T1021"",""T1003"",""T1078"",""T1059"",""T1105""]",0.6131471927654584,0.6131471927654584
F2_C1R_oracle,attack_flow::Gootloader::0019,attack_flow,Gootloader,"[""T1021"",""T1003"",""T1078"",""T1059"",""T1105""]",0.6131471927654584,0.6131471927654584
F3_OSER_oracle,attack_flow::Gootloader::0019,attack_flow,Gootloader,"[""T1021"",""T1003"",""T1078"",""T1059"",""T1105""]",0.6131471927654584,0.6131471927654584
F4_LCB_RS_oracle,attack_flow::Gootloader::0019,attack_flow,Gootloader,"[""T1021"",""T1003"",""T1078"",""T1059"",""T1105""]",0.6131471927654584,0.6131471927654584
F5_LCTR5_oracle,attack_flow::Gootloader::0019,attack_flow,Gootloader,"[""T1021"",""T1003"",""T1078"",""T1059"",""T1105""]",0.6131471927654584,0.6131471927654584
F1_RR5_oracle,attack_flow::Gootloader::0020,attack_flow,Gootloader,"[""T1021"",""T1003"",""T1078"",""T1055"",""T1105""]",1.0,1.0
F2_C1R_oracle,attack_flow::Gootloader::0020,attack_flow,Gootloader,"[""T1021"",""T1003"",""T1078"",""T1055"",""T1105""]",1.0,1.0
F3_OSER_oracle,attack_flow::Gootloader::0020,attack_flow,Gootloader,"[""T1021"",""T1003"",""T1078"",""T1055"",""T1105""]",1.0,1.0
F4_LCB_RS_oracle,attack_flow::Gootloader::0020,attack_flow,Gootloader,"[""T1021"",""T1003"",""T1078"",""T1055"",""T1105""]",1.0,1.0
F5_LCTR5_oracle,attack_flow::Gootloader::0020,attack_flow,Gootloader,"[""T1021"",""T1003"",""T1078"",""T1055"",""T1105""]",1.0,1.0
F1_RR5_oracle,attack_flow::Gootloader::0021,attack_flow,Gootloader,"[""T1021"",""T1059"",""T1003"",""T1078"",""T1047""]",1.0,0.8772153153380493
F2_C1R_oracle,attack_flow::Gootloader::0021,attack_flow,Gootloader,"[""T1021"",""T1003"",""T1078"",""T1059"",""T1047""]",0.8772153153380493,0.8772153153380493
F3_OSER_oracle,attack_flow::Gootloader::0021,attack_flow,Gootloader,"[""T1021"",""T1003"",""T1078"",""T1059"",""T1047""]",0.8772153153380493,0.8772153153380493
F4_LCB_RS_oracle,attack_flow::Gootloader::0021,attack_flow,Gootloader,"[""T1021"",""T1003"",""T1078"",""T1059"",""T1047""]",0.8772153153380493,0.8772153153380493
F5_LCTR5_oracle,attack_flow::Gootloader::0021,attack_flow,Gootloader,"[""T1021"",""T1003"",""T1078"",""T1059"",""T1047""]",0.8772153153380493,0.8772153153380493
F1_RR5_oracle,attack_flow::Gootloader::0022,attack_flow,Gootloader,"[""T1021"",""T1059"",""T1003"",""T1078"",""T1562""]",1.0,0.9197207891481876
F2_C1R_oracle,attack_flow::Gootloader::0022,attack_flow,Gootloader,"[""T1021"",""T1003"",""T1059"",""T1078"",""T1562""]",0.9197207891481876,0.9197207891481876
F3_OSER_oracle,attack_flow::Gootloader::0022,attack_flow,Gootloader,"[""T1021"",""T1003"",""T1059"",""T1078"",""T1562""]",0.9197207891481876,0.9197207891481876
F4_LCB_RS_oracle,attack_flow::Gootloader::0022,attack_flow,Gootloader,"[""T1021"",""T1003"",""T1059"",""T1078"",""T1562""]",0.9197207891481876,0.9197207891481876
F5_LCTR5_oracle,attack_flow::Gootloader::0022,attack_flow,Gootloader,"[""T1021"",""T1003"",""T1059"",""T1078"",""T1562""]",0.9197207891481876,0.9197207891481876
F1_RR5_oracle,attack_flow::Gootloader::0023,attack_flow,Gootloader,"[""T1003"",""T1078"",""T1482"",""T1053"",""T1105""]",0.0,0.0
F2_C1R_oracle,attack_flow::Gootloader::0023,attack_flow,Gootloader,"[""T1003"",""T1078"",""T1482"",""T1053"",""T1021""]",0.23719771276929622,0.0
F3_OSER_oracle,attack_flow::Gootloader::0023,attack_flow,Gootloader,"[""T1105"",""T1021"",""T1569"",""T1047"",""T1070""]",0.38685280723454163,0.0
F4_LCB_RS_oracle,attack_flow::Gootloader::0023,attack_flow,Gootloader,"[""T1003"",""T1078"",""T1482"",""T1053"",""T1021""]",0.23719771276929622,0.0
F5_LCTR5_oracle,attack_flow::Gootloader::0023,attack_flow,Gootloader,"[""T1003"",""T1078"",""T1482"",""T1053"",""T1105""]",0.0,0.0
F1_RR5_oracle,attack_flow::Gootloader::0024,attack_flow,Gootloader,"[""T1003"",""T1078"",""T1098"",""T1136"",""T1482""]",0.0,0.0
F2_C1R_oracle,attack_flow::Gootloader::0024,attack_flow,Gootloader,"[""T1003"",""T1078"",""T1098"",""T1136"",""T1482""]",0.0,0.0
F3_OSER_oracle,attack_flow::Gootloader::0024,attack_flow,Gootloader,"[""T1003"",""T1078"",""T1098"",""T1136"",""T1482""]",0.0,0.0
F4_LCB_RS_oracle,attack_flow::Gootloader::0024,attack_flow,Gootloader,"[""T1003"",""T1078"",""T1098"",""T1136"",""T1482""]",0.0,0.0
F5_LCTR5_oracle,attack_flow::Gootloader::0024,attack_flow,Gootloader,"[""T1003"",""T1078"",""T1098"",""T1136"",""T1482""]",0.0,0.0
F1_RR5_oracle,attack_flow::Gootloader::0025,attack_flow,Gootloader,"[""T1003"",""T1078"",""T1105"",""T1053"",""T1562""]",0.0,0.0
F2_C1R_oracle,attack_flow::Gootloader::0025,attack_flow,Gootloader,"[""T1003"",""T1078"",""T1105"",""T1053"",""T1562""]",0.0,0.0
F3_OSER_oracle,attack_flow::Gootloader::0025,attack_flow,Gootloader,"[""T1003"",""T1078"",""T1105"",""T1053"",""T1562""]",0.0,0.0
F4_LCB_RS_oracle,attack_flow::Gootloader::0025,attack_flow,Gootloader,"[""T1003"",""T1078"",""T1105"",""T1053"",""T1562""]",0.0,0.0
F5_LCTR5_oracle,attack_flow::Gootloader::0025,attack_flow,Gootloader,"[""T1003"",""T1078"",""T1105"",""T1053"",""T1562""]",0.0,0.0
F1_RR5_oracle,attack_flow::Gootloader::0026,attack_flow,Gootloader,"[""T1003"",""T1078"",""T1105"",""T1053"",""T1547""]",0.0,0.0
F2_C1R_oracle,attack_flow::Gootloader::0026,attack_flow,Gootloader,"[""T1003"",""T1078"",""T1105"",""T1053"",""T1547""]",0.0,0.0
F3_OSER_oracle,attack_flow::Gootloader::0026,attack_flow,Gootloader,"[""T1003"",""T1078"",""T1105"",""T1053"",""T1547""]",0.0,0.0
F4_LCB_RS_oracle,attack_flow::Gootloader::0026,attack_flow,Gootloader,"[""T1003"",""T1078"",""T1105"",""T1053"",""T1547""]",0.0,0.0
F5_LCTR5_oracle,attack_flow::Gootloader::0026,attack_flow,Gootloader,"[""T1003"",""T1078"",""T1105"",""T1053"",""T1547""]",0.0,0.0
F1_RR5_oracle,attack_flow::Gootloader::0027,attack_flow,Gootloader,"[""T1003"",""T1078"",""T1105"",""T1562"",""T1059""]",0.0,0.0
F2_C1R_oracle,attack_flow::Gootloader::0027,attack_flow,Gootloader,"[""T1003"",""T1078"",""T1105"",""T1562"",""T1021""]",0.18154179253735267,0.0
F3_OSER_oracle,attack_flow::Gootloader::0027,attack_flow,Gootloader,"[""T1105"",""T1021"",""T1018"",""T1003"",""T1070""]",0.2960819109658652,0.0
F4_LCB_RS_oracle,attack_flow::Gootloader::0027,attack_flow,Gootloader,"[""T1003"",""T1078"",""T1105"",""T1562"",""T1021""]",0.18154179253735267,0.0
F5_LCTR5_oracle,attack_flow::Gootloader::0027,attack_flow,Gootloader,"[""T1003"",""T1078"",""T1105"",""T1562"",""T1059""]",0.0,0.0
F1_RR5_oracle,attack_flow::Gootloader::0028,attack_flow,Gootloader,"[""T1003"",""T1078"",""T1105"",""T1482"",""T1083""]",0.0,0.0
F2_C1R_oracle,attack_flow::Gootloader::0028,attack_flow,Gootloader,"[""T1003"",""T1078"",""T1105"",""T1482"",""T1021""]",0.23719771276929622,0.0
F3_OSER_oracle,attack_flow::Gootloader::0028,attack_flow,Gootloader,"[""T1016"",""T1105"",""T1021"",""T1018"",""T1057""]",0.3065735963827292,0.0
F4_LCB_RS_oracle,attack_flow::Gootloader::0028,attack_flow,Gootloader,"[""T1003"",""T1078"",""T1105"",""T1482"",""T1083""]",0.0,0.0
F5_LCTR5_oracle,attack_flow::Gootloader::0028,attack_flow,Gootloader,"[""T1003"",""T1078"",""T1105"",""T1482"",""T1083""]",0.0,0.0
F1_RR5_oracle,attack_flow::Gootloader::0029,attack_flow,Gootloader,"[""T1005"",""T1003"",""T1078"",""T1105"",""T1482""]",0.0,0.0
F2_C1R_oracle,attack_flow::Gootloader::0029,attack_flow,Gootloader,"[""T1005"",""T1003"",""T1078"",""T1105"",""T1021""]",0.38685280723454163,0.0
F3_OSER_oracle,attack_flow::Gootloader::0029,attack_flow,Gootloader,"[""T1105"",""T1021"",""T1018"",""T1003"",""T1070""]",0.6309297535714575,0.0
F4_LCB_RS_oracle,attack_flow::Gootloader::0029,attack_flow,Gootloader,"[""T1005"",""T1003"",""T1078"",""T1105"",""T1021""]",0.38685280723454163,0.0
F5_LCTR5_oracle,attack_flow::Gootloader::0029,attack_flow,Gootloader,"[""T1005"",""T1003"",""T1078"",""T1105"",""T1482""]",0.0,0.0
F1_RR5_oracle,attack_flow::Hancitor DLL::0001,attack_flow,Hancitor DLL,"[""T1204"",""T1059"",""T1105"",""T1053"",""T1078""]",0.7653606369886217,0.7653606369886217
F2_C1R_oracle,attack_flow::Hancitor DLL::0001,attack_flow,Hancitor DLL,"[""T1204"",""T1059"",""T1105"",""T1053"",""T1078""]",0.7653606369886217,0.7653606369886217
F3_OSER_oracle,attack_flow::Hancitor DLL::0001,attack_flow,Hancitor DLL,"[""T1204"",""T1059"",""T1105"",""T1053"",""T1078""]",0.7653606369886217,0.7653606369886217
F4_LCB_RS_oracle,attack_flow::Hancitor DLL::0001,attack_flow,Hancitor DLL,"[""T1204"",""T1059"",""T1105"",""T1053"",""T1078""]",0.7653606369886217,0.7653606369886217
F5_LCTR5_oracle,attack_flow::Hancitor DLL::0001,attack_flow,Hancitor DLL,"[""T1204"",""T1059"",""T1105"",""T1053"",""T1078""]",0.7653606369886217,0.7653606369886217
F1_RR5_oracle,attack_flow::Hancitor DLL::0002,attack_flow,Hancitor DLL,"[""T1059"",""T1053"",""T1547"",""T1003"",""T1021""]",0.46927872602275644,0.46927872602275644
F2_C1R_oracle,attack_flow::Hancitor DLL::0002,attack_flow,Hancitor DLL,"[""T1059"",""T1053"",""T1547"",""T1003"",""T1105""]",0.6508205185601091,0.46927872602275644
F3_OSER_oracle,attack_flow::Hancitor DLL::0002,attack_flow,Hancitor DLL,"[""T1069"",""T1059"",""T1574"",""T1082"",""T1105""]",0.4776237035032179,0.46927872602275644
F4_LCB_RS_oracle,attack_flow::Hancitor DLL::0002,attack_flow,Hancitor DLL,"[""T1059"",""T1053"",""T1547"",""T1003"",""T1021""]",0.46927872602275644,0.46927872602275644
F5_LCTR5_oracle,attack_flow::Hancitor DLL::0002,attack_flow,Hancitor DLL,"[""T1059"",""T1053"",""T1547"",""T1003"",""T1021""]",0.46927872602275644,0.46927872602275644
F1_RR5_oracle,attack_flow::Hancitor DLL::0003,attack_flow,Hancitor DLL,"[""T1105"",""T1059"",""T1547"",""T1003"",""T1021""]",0.46927872602275644,0.2960819109658652
F2_C1R_oracle,attack_flow::Hancitor DLL::0003,attack_flow,Hancitor DLL,"[""T1059"",""T1105"",""T1547"",""T1003"",""T1021""]",0.2960819109658652,0.2960819109658652
F3_OSER_oracle,attack_flow::Hancitor DLL::0003,attack_flow,Hancitor DLL,"[""T1105"",""T1070"",""T1016"",""T1041"",""T1003""]",0.46927872602275644,0.2960819109658652
F4_LCB_RS_oracle,attack_flow::Hancitor DLL::0003,attack_flow,Hancitor DLL,"[""T1105"",""T1003"",""T1021"",""T1059"",""T1547""]",0.46927872602275644,0.2960819109658652
F5_LCTR5_oracle,attack_flow::Hancitor DLL::0003,attack_flow,Hancitor DLL,"[""T1105"",""T1059"",""T1003"",""T1547"",""T1021""]",0.46927872602275644,0.2960819109658652
F1_RR5_oracle,attack_flow::Hancitor DLL::0004,attack_flow,Hancitor DLL,"[""T1105"",""T1059"",""T1218"",""T1003"",""T1021""]",0.46927872602275644,0.23463936301137822
F2_C1R_oracle,attack_flow::Hancitor DLL::0004,attack_flow,Hancitor DLL,"[""T1059"",""T1218"",""T1105"",""T1003"",""T1021""]",0.23463936301137822,0.23463936301137822
F3_OSER_oracle,attack_flow::Hancitor DLL::0004,attack_flow,Hancitor DLL,"[""T1218"",""T1105"",""T1021"",""T1018"",""T1003""]",0.2960819109658652,0.23463936301137822
F4_LCB_RS_oracle,attack_flow::Hancitor DLL::0004,attack_flow,Hancitor DLL,"[""T1218"",""T1105"",""T1021"",""T1003"",""T1059""]",0.2960819109658652,0.23463936301137822
F5_LCTR5_oracle,attack_flow::Hancitor DLL::0004,attack_flow,Hancitor DLL,"[""T1059"",""T1218"",""T1105"",""T1003"",""T1021""]",0.23463936301137822,0.23463936301137822
F1_RR5_oracle,attack_flow::Hancitor DLL::0005,attack_flow,Hancitor DLL,"[""T1105"",""T1055"",""T1059"",""T1218"",""T1003""]",0.7653606369886217,0.49818925746641285
F2_C1R_oracle,attack_flow::Hancitor DLL::0005,attack_flow,Hancitor DLL,"[""T1059"",""T1105"",""T1218"",""T1055"",""T1003""]",0.49818925746641285,0.49818925746641285
F3_OSER_oracle,attack_flow::Hancitor DLL::0005,attack_flow,Hancitor DLL,"[""T1059"",""T1105"",""T1218"",""T1055"",""T1003""]",0.49818925746641285,0.49818925746641285
F4_LCB_RS_oracle,attack_flow::Hancitor DLL::0005,attack_flow,Hancitor DLL,"[""T1105"",""T1059"",""T1218"",""T1055"",""T1003""]",0.6713860725233041,0.49818925746641285
F5_LCTR5_oracle,attack_flow::Hancitor DLL::0005,attack_flow,Hancitor DLL,"[""T1059"",""T1105"",""T1218"",""T1055"",""T1003""]",0.49818925746641285,0.49818925746641285
F1_RR5_oracle,attack_flow::Hancitor DLL::0006,attack_flow,Hancitor DLL,"[""T1105"",""T1059"",""T1055"",""T1021"",""T1003""]",0.46927872602275644,0.2960819109658652
F2_C1R_oracle,attack_flow::Hancitor DLL::0006,attack_flow,Hancitor DLL,"[""T1059"",""T1105"",""T1055"",""T1021"",""T1003""]",0.2960819109658652,0.2960819109658652
F3_OSER_oracle,attack_flow::Hancitor DLL::0006,attack_flow,Hancitor DLL,"[""T1059"",""T1105"",""T1055"",""T1021"",""T1003""]",0.2960819109658652,0.2960819109658652
F4_LCB_RS_oracle,attack_flow::Hancitor DLL::0006,attack_flow,Hancitor DLL,"[""T1105"",""T1021"",""T1003"",""T1059"",""T1055""]",0.46927872602275644,0.2960819109658652
F5_LCTR5_oracle,attack_flow::Hancitor DLL::0006,attack_flow,Hancitor DLL,"[""T1059"",""T1105"",""T1055"",""T1021"",""T1003""]",0.2960819109658652,0.2960819109658652
F1_RR5_oracle,attack_flow::Hancitor DLL::0007,attack_flow,Hancitor DLL,"[""T1055"",""T1003"",""T1021"",""T1078"",""T1053""]",0.0,0.0
F2_C1R_oracle,attack_flow::Hancitor DLL::0007,attack_flow,Hancitor DLL,"[""T1055"",""T1003"",""T1021"",""T1078"",""T1105""]",0.18154179253735267,0.0
F3_OSER_oracle,attack_flow::Hancitor DLL::0007,attack_flow,Hancitor DLL,"[""T1016"",""T1057"",""T1018"",""T1069"",""T1105""]",0.18154179253735267,0.0
F4_LCB_RS_oracle,attack_flow::Hancitor DLL::0007,attack_flow,Hancitor DLL,"[""T1055"",""T1003"",""T1021"",""T1078"",""T1053""]",0.0,0.0
F5_LCTR5_oracle,attack_flow::Hancitor DLL::0007,attack_flow,Hancitor DLL,"[""T1055"",""T1003"",""T1021"",""T1078"",""T1053""]",0.0,0.0
F1_RR5_oracle,attack_flow::Hancitor DLL::0008,attack_flow,Hancitor DLL,"[""T1055"",""T1003"",""T1021"",""T1078"",""T1105""]",0.0,0.0
F2_C1R_oracle,attack_flow::Hancitor DLL::0008,attack_flow,Hancitor DLL,"[""T1055"",""T1003"",""T1021"",""T1078"",""T1105""]",0.0,0.0
F3_OSER_oracle,attack_flow::Hancitor DLL::0008,attack_flow,Hancitor DLL,"[""T1055"",""T1003"",""T1021"",""T1078"",""T1105""]",0.0,0.0
F4_LCB_RS_oracle,attack_flow::Hancitor DLL::0008,attack_flow,Hancitor DLL,"[""T1055"",""T1003"",""T1021"",""T1078"",""T1105""]",0.0,0.0
F5_LCTR5_oracle,attack_flow::Hancitor DLL::0008,attack_flow,Hancitor DLL,"[""T1055"",""T1003"",""T1021"",""T1078"",""T1105""]",0.0,0.0
F1_RR5_oracle,attack_flow::Hancitor DLL::0010,attack_flow,Hancitor DLL,"[""T1059"",""T1105"",""T1055"",""T1087"",""T1218""]",0.7653606369886217,0.7653606369886217
F2_C1R_oracle,attack_flow::Hancitor DLL::0010,attack_flow,Hancitor DLL,"[""T1059"",""T1105"",""T1055"",""T1087"",""T1218""]",0.7653606369886217,0.7653606369886217
F3_OSER_oracle,attack_flow::Hancitor DLL::0010,attack_flow,Hancitor DLL,"[""T1059"",""T1105"",""T1055"",""T1087"",""T1218""]",0.7653606369886217,0.7653606369886217
F4_LCB_RS_oracle,attack_flow::Hancitor DLL::0010,attack_flow,Hancitor DLL,"[""T1059"",""T1105"",""T1055"",""T1087"",""T1218""]",0.7653606369886217,0.7653606369886217
F5_LCTR5_oracle,attack_flow::Hancitor DLL::0010,attack_flow,Hancitor DLL,"[""T1059"",""T1105"",""T1055"",""T1087"",""T1218""]",0.7653606369886217,0.7653606369886217
F1_RR5_oracle,attack_flow::Hancitor DLL::0011,attack_flow,Hancitor DLL,"[""T1059"",""T1105"",""T1003"",""T1021"",""T1078""]",0.7653606369886217,0.7653606369886217
F2_C1R_oracle,attack_flow::Hancitor DLL::0011,attack_flow,Hancitor DLL,"[""T1059"",""T1105"",""T1003"",""T1021"",""T1078""]",0.7653606369886217,0.7653606369886217
F3_OSER_oracle,attack_flow::Hancitor DLL::0011,attack_flow,Hancitor DLL,"[""T1059"",""T1105"",""T1003"",""T1021"",""T1078""]",0.7653606369886217,0.7653606369886217
F4_LCB_RS_oracle,attack_flow::Hancitor DLL::0011,attack_flow,Hancitor DLL,"[""T1059"",""T1105"",""T1003"",""T1021"",""T1078""]",0.7653606369886217,0.7653606369886217
F5_LCTR5_oracle,attack_flow::Hancitor DLL::0011,attack_flow,Hancitor DLL,"[""T1059"",""T1105"",""T1003"",""T1021"",""T1078""]",0.7653606369886217,0.7653606369886217
F1_RR5_oracle,attack_flow::Hancitor DLL::0012,attack_flow,Hancitor DLL,"[""T1105"",""T1059"",""T1055"",""T1003"",""T1021""]",0.6131471927654584,0.38685280723454163
F2_C1R_oracle,attack_flow::Hancitor DLL::0012,attack_flow,Hancitor DLL,"[""T1059"",""T1105"",""T1055"",""T1003"",""T1021""]",0.38685280723454163,0.38685280723454163
F3_OSER_oracle,attack_flow::Hancitor DLL::0012,attack_flow,Hancitor DLL,"[""T1105"",""T1070"",""T1016"",""T1041"",""T1003""]",0.6131471927654584,0.38685280723454163
F4_LCB_RS_oracle,attack_flow::Hancitor DLL::0012,attack_flow,Hancitor DLL,"[""T1105"",""T1003"",""T1021"",""T1059"",""T1055""]",0.6131471927654584,0.38685280723454163
F5_LCTR5_oracle,attack_flow::Hancitor DLL::0012,attack_flow,Hancitor DLL,"[""T1105"",""T1059"",""T1055"",""T1003"",""T1021""]",0.6131471927654584,0.38685280723454163
F1_RR5_oracle,attack_flow::Hancitor DLL::0013,attack_flow,Hancitor DLL,"[""T1105"",""T1059"",""T1021"",""T1003"",""T1078""]",0.46927872602275644,0.2960819109658652
F2_C1R_oracle,attack_flow::Hancitor DLL::0013,attack_flow,Hancitor DLL,"[""T1059"",""T1105"",""T1021"",""T1003"",""T1078""]",0.2960819109658652,0.2960819109658652
F3_OSER_oracle,attack_flow::Hancitor DLL::0013,attack_flow,Hancitor DLL,"[""T1105"",""T1021"",""T1070"",""T1003"",""T1547""]",0.46927872602275644,0.2960819109658652
F4_LCB_RS_oracle,attack_flow::Hancitor DLL::0013,attack_flow,Hancitor DLL,"[""T1105"",""T1021"",""T1003"",""T1059"",""T1078""]",0.46927872602275644,0.2960819109658652
F5_LCTR5_oracle,attack_flow::Hancitor DLL::0013,attack_flow,Hancitor DLL,"[""T1059"",""T1105"",""T1021"",""T1003"",""T1078""]",0.2960819109658652,0.2960819109658652
F1_RR5_oracle,attack_flow::Hancitor DLL::0014,attack_flow,Hancitor DLL,"[""T1105"",""T1059"",""T1027"",""T1003"",""T1021""]",0.46927872602275644,0.2960819109658652
F2_C1R_oracle,attack_flow::Hancitor DLL::0014,attack_flow,Hancitor DLL,"[""T1059"",""T1105"",""T1027"",""T1003"",""T1021""]",0.2960819109658652,0.2960819109658652
F3_OSER_oracle,attack_flow::Hancitor DLL::0014,attack_flow,Hancitor DLL,"[""T1059"",""T1105"",""T1027"",""T1003"",""T1021""]",0.2960819109658652,0.2960819109658652
F4_LCB_RS_oracle,attack_flow::Hancitor DLL::0014,attack_flow,Hancitor DLL,"[""T1105"",""T1021"",""T1003"",""T1059"",""T1027""]",0.46927872602275644,0.2960819109658652
F5_LCTR5_oracle,attack_flow::Hancitor DLL::0014,attack_flow,Hancitor DLL,"[""T1059"",""T1105"",""T1027"",""T1003"",""T1021""]",0.2960819109658652,0.2960819109658652
F1_RR5_oracle,attack_flow::Hancitor DLL::0015,attack_flow,Hancitor DLL,"[""T1105"",""T1059"",""T1027"",""T1003"",""T1021""]",0.46927872602275644,0.2960819109658652
F2_C1R_oracle,attack_flow::Hancitor DLL::0015,attack_flow,Hancitor DLL,"[""T1059"",""T1105"",""T1027"",""T1003"",""T1021""]",0.2960819109658652,0.2960819109658652
F3_OSER_oracle,attack_flow::Hancitor DLL::0015,attack_flow,Hancitor DLL,"[""T1105"",""T1021"",""T1070"",""T1003"",""T1547""]",0.46927872602275644,0.2960819109658652
F4_LCB_RS_oracle,attack_flow::Hancitor DLL::0015,attack_flow,Hancitor DLL,"[""T1105"",""T1021"",""T1003"",""T1059"",""T1027""]",0.46927872602275644,0.2960819109658652
F5_LCTR5_oracle,attack_flow::Hancitor DLL::0015,attack_flow,Hancitor DLL,"[""T1059"",""T1105"",""T1027"",""T1003"",""T1021""]",0.2960819109658652,0.2960819109658652
F1_RR5_oracle,attack_flow::Hancitor DLL::0016,attack_flow,Hancitor DLL,"[""T1059"",""T1105"",""T1021"",""T1078"",""T1003""]",0.7653606369886217,0.38364913903790027
F2_C1R_oracle,attack_flow::Hancitor DLL::0016,attack_flow,Hancitor DLL,"[""T1021"",""T1078"",""T1003"",""T1059"",""T1105""]",0.38364913903790027,0.38364913903790027
F3_OSER_oracle,attack_flow::Hancitor DLL::0016,attack_flow,Hancitor DLL,"[""T1105"",""T1021"",""T1018"",""T1003"",""T1070""]",0.46927872602275644,0.38364913903790027
F4_LCB_RS_oracle,attack_flow::Hancitor DLL::0016,attack_flow,Hancitor DLL,"[""T1105"",""T1021"",""T1003"",""T1059"",""T1078""]",0.6713860725233041,0.38364913903790027
F5_LCTR5_oracle,attack_flow::Hancitor DLL::0016,attack_flow,Hancitor DLL,"[""T1021"",""T1078"",""T1003"",""T1059"",""T1105""]",0.38364913903790027,0.38364913903790027
F1_RR5_oracle,attack_flow::Hancitor DLL::0017,attack_flow,Hancitor DLL,"[""T1059"",""T1105"",""T1021"",""T1003"",""T1078""]",0.7653606369886217,0.38364913903790027
F2_C1R_oracle,attack_flow::Hancitor DLL::0017,attack_flow,Hancitor DLL,"[""T1021"",""T1003"",""T1078"",""T1059"",""T1105""]",0.38364913903790027,0.38364913903790027
F3_OSER_oracle,attack_flow::Hancitor DLL::0017,attack_flow,Hancitor DLL,"[""T1021"",""T1003"",""T1078"",""T1059"",""T1105""]",0.38364913903790027,0.38364913903790027
F4_LCB_RS_oracle,attack_flow::Hancitor DLL::0017,attack_flow,Hancitor DLL,"[""T1105"",""T1021"",""T1003"",""T1059"",""T1078""]",0.6713860725233041,0.38364913903790027
F5_LCTR5_oracle,attack_flow::Hancitor DLL::0017,attack_flow,Hancitor DLL,"[""T1021"",""T1105"",""T1003"",""T1078"",""T1059""]",0.4776237035032179,0.38364913903790027
F1_RR5_oracle,attack_flow::Hancitor DLL::0018,attack_flow,Hancitor DLL,"[""T1059"",""T1105"",""T1003"",""T1021"",""T1078""]",0.6131471927654584,0.6131471927654584
F2_C1R_oracle,attack_flow::Hancitor DLL::0018,attack_flow,Hancitor DLL,"[""T1059"",""T1105"",""T1003"",""T1021"",""T1078""]",0.6131471927654584,0.6131471927654584
F3_OSER_oracle,attack_flow::Hancitor DLL::0018,attack_flow,Hancitor DLL,"[""T1059"",""T1105"",""T1003"",""T1021"",""T1078""]",0.6131471927654584,0.6131471927654584
F4_LCB_RS_oracle,attack_flow::Hancitor DLL::0018,attack_flow,Hancitor DLL,"[""T1059"",""T1105"",""T1003"",""T1021"",""T1078""]",0.6131471927654584,0.6131471927654584
F5_LCTR5_oracle,attack_flow::Hancitor DLL::0018,attack_flow,Hancitor DLL,"[""T1059"",""T1105"",""T1003"",""T1021"",""T1078""]",0.6131471927654584,0.6131471927654584
F1_RR5_oracle,attack_flow::Hancitor DLL::0019,attack_flow,Hancitor DLL,"[""T1059"",""T1105"",""T1021"",""T1003"",""T1078""]",0.0,0.0
F2_C1R_oracle,attack_flow::Hancitor DLL::0019,attack_flow,Hancitor DLL,"[""T1059"",""T1105"",""T1021"",""T1003"",""T1078""]",0.0,0.0
F3_OSER_oracle,attack_flow::Hancitor DLL::0019,attack_flow,Hancitor DLL,"[""T1059"",""T1105"",""T1021"",""T1003"",""T1078""]",0.0,0.0
F4_LCB_RS_oracle,attack_flow::Hancitor DLL::0019,attack_flow,Hancitor DLL,"[""T1059"",""T1105"",""T1021"",""T1003"",""T1078""]",0.0,0.0
F5_LCTR5_oracle,attack_flow::Hancitor DLL::0019,attack_flow,Hancitor DLL,"[""T1059"",""T1105"",""T1021"",""T1003"",""T1078""]",0.0,0.0
F1_RR5_oracle,attack_flow::Ivanti Vulnerabilities::0001,attack_flow,Ivanti Vulnerabilities,"[""T1021"",""T1059"",""T1078"",""T1003"",""T1105""]",0.46927872602275644,0.23463936301137822
F2_C1R_oracle,attack_flow::Ivanti Vulnerabilities::0001,attack_flow,Ivanti Vulnerabilities,"[""T1059"",""T1078"",""T1021"",""T1003"",""T1105""]",0.23463936301137822,0.23463936301137822
F3_OSER_oracle,attack_flow::Ivanti Vulnerabilities::0001,attack_flow,Ivanti Vulnerabilities,"[""T1105"",""T1021"",""T1018"",""T1003"",""T1070""]",0.2960819109658652,0.23463936301137822
F4_LCB_RS_oracle,attack_flow::Ivanti Vulnerabilities::0001,attack_flow,Ivanti Vulnerabilities,"[""T1105"",""T1021"",""T1003"",""T1059"",""T1078""]",0.2960819109658652,0.23463936301137822
F5_LCTR5_oracle,attack_flow::Ivanti Vulnerabilities::0001,attack_flow,Ivanti Vulnerabilities,"[""T1059"",""T1078"",""T1021"",""T1003"",""T1105""]",0.23463936301137822,0.23463936301137822
F1_RR5_oracle,attack_flow::Ivanti Vulnerabilities::0002,attack_flow,Ivanti Vulnerabilities,"[""T1021"",""T1003"",""T1059"",""T1078"",""T1105""]",0.7653606369886217,0.4367467095119258
F2_C1R_oracle,attack_flow::Ivanti Vulnerabilities::0002,attack_flow,Ivanti Vulnerabilities,"[""T1059"",""T1078"",""T1021"",""T1003"",""T1105""]",0.4367467095119258,0.4367467095119258
F3_OSER_oracle,attack_flow::Ivanti Vulnerabilities::0002,attack_flow,Ivanti Vulnerabilities,"[""T1105"",""T1021"",""T1018"",""T1003"",""T1070""]",0.49818925746641285,0.4367467095119258
F4_LCB_RS_oracle,attack_flow::Ivanti Vulnerabilities::0002,attack_flow,Ivanti Vulnerabilities,"[""T1105"",""T1021"",""T1003"",""T1059"",""T1078""]",0.5307212739772434,0.4367467095119258
F5_LCTR5_oracle,attack_flow::Ivanti Vulnerabilities::0002,attack_flow,Ivanti Vulnerabilities,"[""T1059"",""T1078"",""T1021"",""T1003"",""T1105""]",0.4367467095119258,0.4367467095119258
F1_RR5_oracle,attack_flow::Ivanti Vulnerabilities::0003,attack_flow,Ivanti Vulnerabilities,"[""T1021"",""T1003"",""T1078"",""T1059"",""T1105""]",0.7653606369886217,0.5307212739772434
F2_C1R_oracle,attack_flow::Ivanti Vulnerabilities::0003,attack_flow,Ivanti Vulnerabilities,"[""T1078"",""T1021"",""T1003"",""T1059"",""T1105""]",0.5307212739772434,0.5307212739772434
F3_OSER_oracle,attack_flow::Ivanti Vulnerabilities::0003,attack_flow,Ivanti Vulnerabilities,"[""T1078"",""T1021"",""T1003"",""T1059"",""T1105""]",0.5307212739772434,0.5307212739772434
F4_LCB_RS_oracle,attack_flow::Ivanti Vulnerabilities::0003,attack_flow,Ivanti Vulnerabilities,"[""T1021"",""T1105"",""T1003"",""T1078"",""T1059""]",0.7039180890341347,0.5307212739772434
F5_LCTR5_oracle,attack_flow::Ivanti Vulnerabilities::0003,attack_flow,Ivanti Vulnerabilities,"[""T1021"",""T1078"",""T1003"",""T1059"",""T1105""]",0.7039180890341347,0.5307212739772434
F1_RR5_oracle,attack_flow::Ivanti Vulnerabilities::0004,attack_flow,Ivanti Vulnerabilities,"[""T1003"",""T1078"",""T1059"",""T1021"",""T1105""]",0.6131471927654584,0.38685280723454163
F2_C1R_oracle,attack_flow::Ivanti Vulnerabilities::0004,attack_flow,Ivanti Vulnerabilities,"[""T1078"",""T1003"",""T1059"",""T1021"",""T1105""]",0.38685280723454163,0.38685280723454163
F3_OSER_oracle,attack_flow::Ivanti Vulnerabilities::0004,attack_flow,Ivanti Vulnerabilities,"[""T1078"",""T1003"",""T1059"",""T1021"",""T1105""]",0.38685280723454163,0.38685280723454163
F4_LCB_RS_oracle,attack_flow::Ivanti Vulnerabilities::0004,attack_flow,Ivanti Vulnerabilities,"[""T1078"",""T1003"",""T1059"",""T1021"",""T1105""]",0.38685280723454163,0.38685280723454163
F5_LCTR5_oracle,attack_flow::Ivanti Vulnerabilities::0004,attack_flow,Ivanti Vulnerabilities,"[""T1078"",""T1003"",""T1059"",""T1021"",""T1105""]",0.38685280723454163,0.38685280723454163
F1_RR5_oracle,attack_flow::Ivanti Vulnerabilities::0005,attack_flow,Ivanti Vulnerabilities,"[""T1078"",""T1021"",""T1003"",""T1055"",""T1105""]",0.0,0.0
F2_C1R_oracle,attack_flow::Ivanti Vulnerabilities::0005,attack_flow,Ivanti Vulnerabilities,"[""T1078"",""T1021"",""T1003"",""T1055"",""T1560""]",0.38685280723454163,0.0
F3_OSER_oracle,attack_flow::Ivanti Vulnerabilities::0005,attack_flow,Ivanti Vulnerabilities,"[""T1105"",""T1021"",""T1018"",""T1560"",""T1570""]",0.43067655807339306,0.0
F4_LCB_RS_oracle,attack_flow::Ivanti Vulnerabilities::0005,attack_flow,Ivanti Vulnerabilities,"[""T1078"",""T1021"",""T1003"",""T1055"",""T1105""]",0.0,0.0
F5_LCTR5_oracle,attack_flow::Ivanti Vulnerabilities::0005,attack_flow,Ivanti Vulnerabilities,"[""T1078"",""T1021"",""T1003"",""T1055"",""T1105""]",0.0,0.0
F1_RR5_oracle,attack_flow::JP Morgan Breach::0001,attack_flow,JP Morgan Breach,"[""T1204"",""T1059"",""T1078"",""T1003"",""T1105""]",0.0,0.0
F2_C1R_oracle,attack_flow::JP Morgan Breach::0001,attack_flow,JP Morgan Breach,"[""T1204"",""T1059"",""T1078"",""T1003"",""T1105""]",0.0,0.0
F3_OSER_oracle,attack_flow::JP Morgan Breach::0001,attack_flow,JP Morgan Breach,"[""T1204"",""T1059"",""T1078"",""T1003"",""T1105""]",0.0,0.0
F4_LCB_RS_oracle,attack_flow::JP Morgan Breach::0001,attack_flow,JP Morgan Breach,"[""T1204"",""T1059"",""T1078"",""T1003"",""T1105""]",0.0,0.0
F5_LCTR5_oracle,attack_flow::JP Morgan Breach::0001,attack_flow,JP Morgan Breach,"[""T1204"",""T1059"",""T1078"",""T1003"",""T1105""]",0.0,0.0
F1_RR5_oracle,attack_flow::JP Morgan Breach::0002,attack_flow,JP Morgan Breach,"[""T1078"",""T1021"",""T1003"",""T1059"",""T1105""]",0.0,0.0
F2_C1R_oracle,attack_flow::JP Morgan Breach::0002,attack_flow,JP Morgan Breach,"[""T1078"",""T1021"",""T1003"",""T1059"",""T1056""]",0.18154179253735267,0.0
F3_OSER_oracle,attack_flow::JP Morgan Breach::0002,attack_flow,JP Morgan Breach,"[""T1018"",""T1041"",""T1021"",""T1056"",""T1555""]",0.20210734650054757,0.0
F4_LCB_RS_oracle,attack_flow::JP Morgan Breach::0002,attack_flow,JP Morgan Breach,"[""T1078"",""T1021"",""T1003"",""T1059"",""T1105""]",0.0,0.0
F5_LCTR5_oracle,attack_flow::JP Morgan Breach::0002,attack_flow,JP Morgan Breach,"[""T1078"",""T1021"",""T1003"",""T1059"",""T1105""]",0.0,0.0
F1_RR5_oracle,attack_flow::JP Morgan Breach::0003,attack_flow,JP Morgan Breach,"[""T1078"",""T1021"",""T1003"",""T1059"",""T1105""]",0.0,0.0
F2_C1R_oracle,attack_flow::JP Morgan Breach::0003,attack_flow,JP Morgan Breach,"[""T1078"",""T1021"",""T1003"",""T1059"",""T1105""]",0.0,0.0
F3_OSER_oracle,attack_flow::JP Morgan Breach::0003,attack_flow,JP Morgan Breach,"[""T1078"",""T1021"",""T1003"",""T1059"",""T1105""]",0.0,0.0
F4_LCB_RS_oracle,attack_flow::JP Morgan Breach::0003,attack_flow,JP Morgan Breach,"[""T1078"",""T1021"",""T1003"",""T1059"",""T1105""]",0.0,0.0
F5_LCTR5_oracle,attack_flow::JP Morgan Breach::0003,attack_flow,JP Morgan Breach,"[""T1078"",""T1021"",""T1003"",""T1059"",""T1105""]",0.0,0.0
F1_RR5_oracle,attack_flow::JP Morgan Breach::0004,attack_flow,JP Morgan Breach,"[""T1078"",""T1021"",""T1003"",""T1059"",""T1136""]",0.0,0.0
F2_C1R_oracle,attack_flow::JP Morgan Breach::0004,attack_flow,JP Morgan Breach,"[""T1078"",""T1021"",""T1003"",""T1059"",""T1136""]",0.0,0.0
F3_OSER_oracle,attack_flow::JP Morgan Breach::0004,attack_flow,JP Morgan Breach,"[""T1078"",""T1021"",""T1003"",""T1059"",""T1136""]",0.0,0.0
F4_LCB_RS_oracle,attack_flow::JP Morgan Breach::0004,attack_flow,JP Morgan Breach,"[""T1078"",""T1021"",""T1003"",""T1059"",""T1136""]",0.0,0.0
F5_LCTR5_oracle,attack_flow::JP Morgan Breach::0004,attack_flow,JP Morgan Breach,"[""T1078"",""T1021"",""T1003"",""T1059"",""T1136""]",0.0,0.0
F1_RR5_oracle,attack_flow::JP Morgan Breach::0005,attack_flow,JP Morgan Breach,"[""T1078"",""T1021"",""T1003"",""T1105"",""T1059""]",0.0,0.0
F2_C1R_oracle,attack_flow::JP Morgan Breach::0005,attack_flow,JP Morgan Breach,"[""T1078"",""T1021"",""T1003"",""T1105"",""T1059""]",0.0,0.0
F3_OSER_oracle,attack_flow::JP Morgan Breach::0005,attack_flow,JP Morgan Breach,"[""T1078"",""T1021"",""T1003"",""T1105"",""T1059""]",0.0,0.0
F4_LCB_RS_oracle,attack_flow::JP Morgan Breach::0005,attack_flow,JP Morgan Breach,"[""T1078"",""T1021"",""T1003"",""T1105"",""T1059""]",0.0,0.0
F5_LCTR5_oracle,attack_flow::JP Morgan Breach::0005,attack_flow,JP Morgan Breach,"[""T1078"",""T1021"",""T1003"",""T1105"",""T1059""]",0.0,0.0
F1_RR5_oracle,attack_flow::JP Morgan Breach::0006,attack_flow,JP Morgan Breach,"[""T1003"",""T1021"",""T1078"",""T1059"",""T1105""]",0.0,0.0
F2_C1R_oracle,attack_flow::JP Morgan Breach::0006,attack_flow,JP Morgan Breach,"[""T1003"",""T1021"",""T1078"",""T1059"",""T1070""]",0.23719771276929622,0.0
F3_OSER_oracle,attack_flow::JP Morgan Breach::0006,attack_flow,JP Morgan Breach,"[""T1105"",""T1021"",""T1018"",""T1003"",""T1070""]",0.23719771276929622,0.0
F4_LCB_RS_oracle,attack_flow::JP Morgan Breach::0006,attack_flow,JP Morgan Breach,"[""T1003"",""T1021"",""T1078"",""T1059"",""T1105""]",0.0,0.0
F5_LCTR5_oracle,attack_flow::JP Morgan Breach::0006,attack_flow,JP Morgan Breach,"[""T1003"",""T1021"",""T1078"",""T1059"",""T1105""]",0.0,0.0
F1_RR5_oracle,attack_flow::JP Morgan Breach::0008,attack_flow,JP Morgan Breach,"[""T1078"",""T1021"",""T1003"",""T1105"",""T1485""]",0.0,0.0
F2_C1R_oracle,attack_flow::JP Morgan Breach::0008,attack_flow,JP Morgan Breach,"[""T1078"",""T1021"",""T1003"",""T1105"",""T1070""]",0.23719771276929622,0.0
F3_OSER_oracle,attack_flow::JP Morgan Breach::0008,attack_flow,JP Morgan Breach,"[""T1105"",""T1021"",""T1018"",""T1003"",""T1070""]",0.23719771276929622,0.0
F4_LCB_RS_oracle,attack_flow::JP Morgan Breach::0008,attack_flow,JP Morgan Breach,"[""T1078"",""T1021"",""T1003"",""T1105"",""T1485""]",0.0,0.0
F5_LCTR5_oracle,attack_flow::JP Morgan Breach::0008,attack_flow,JP Morgan Breach,"[""T1078"",""T1021"",""T1003"",""T1105"",""T1485""]",0.0,0.0
F1_RR5_oracle,attack_flow::JP Morgan Breach::0009,attack_flow,JP Morgan Breach,"[""T1078"",""T1005"",""T1041"",""T1021"",""T1485""]",0.0,0.0
F2_C1R_oracle,attack_flow::JP Morgan Breach::0009,attack_flow,JP Morgan Breach,"[""T1078"",""T1005"",""T1041"",""T1021"",""T1485""]",0.0,0.0
F3_OSER_oracle,attack_flow::JP Morgan Breach::0009,attack_flow,JP Morgan Breach,"[""T1078"",""T1005"",""T1041"",""T1021"",""T1485""]",0.0,0.0
F4_LCB_RS_oracle,attack_flow::JP Morgan Breach::0009,attack_flow,JP Morgan Breach,"[""T1078"",""T1005"",""T1041"",""T1021"",""T1485""]",0.0,0.0
F5_LCTR5_oracle,attack_flow::JP Morgan Breach::0009,attack_flow,JP Morgan Breach,"[""T1078"",""T1005"",""T1041"",""T1021"",""T1485""]",0.0,0.0
F1_RR5_oracle,attack_flow::MITRE NERVE::0001,attack_flow,MITRE NERVE,"[""T1078"",""T1133"",""T1021"",""T1059"",""T1003""]",0.46927872602275644,0.46927872602275644
F2_C1R_oracle,attack_flow::MITRE NERVE::0001,attack_flow,MITRE NERVE,"[""T1078"",""T1133"",""T1021"",""T1059"",""T1003""]",0.46927872602275644,0.46927872602275644
F3_OSER_oracle,attack_flow::MITRE NERVE::0001,attack_flow,MITRE NERVE,"[""T1078"",""T1133"",""T1021"",""T1059"",""T1003""]",0.46927872602275644,0.46927872602275644
F4_LCB_RS_oracle,attack_flow::MITRE NERVE::0001,attack_flow,MITRE NERVE,"[""T1078"",""T1133"",""T1021"",""T1059"",""T1003""]",0.46927872602275644,0.46927872602275644
F5_LCTR5_oracle,attack_flow::MITRE NERVE::0001,attack_flow,MITRE NERVE,"[""T1078"",""T1133"",""T1021"",""T1059"",""T1003""]",0.46927872602275644,0.46927872602275644
F1_RR5_oracle,attack_flow::MITRE NERVE::0002,attack_flow,MITRE NERVE,"[""T1078"",""T1021"",""T1059"",""T1003"",""T1105""]",0.7653606369886217,0.5307212739772434
F2_C1R_oracle,attack_flow::MITRE NERVE::0002,attack_flow,MITRE NERVE,"[""T1059"",""T1078"",""T1021"",""T1003"",""T1105""]",0.5307212739772434,0.5307212739772434
F3_OSER_oracle,attack_flow::MITRE NERVE::0002,attack_flow,MITRE NERVE,"[""T1059"",""T1078"",""T1021"",""T1003"",""T1105""]",0.5307212739772434,0.5307212739772434
F4_LCB_RS_oracle,attack_flow::MITRE NERVE::0002,attack_flow,MITRE NERVE,"[""T1059"",""T1078"",""T1021"",""T1003"",""T1105""]",0.5307212739772434,0.5307212739772434
F5_LCTR5_oracle,attack_flow::MITRE NERVE::0002,attack_flow,MITRE NERVE,"[""T1059"",""T1078"",""T1021"",""T1003"",""T1105""]",0.5307212739772434,0.5307212739772434
F1_RR5_oracle,attack_flow::MITRE NERVE::0003,attack_flow,MITRE NERVE,"[""T1078"",""T1021"",""T1003"",""T1059"",""T1105""]",0.7653606369886217,0.7039180890341347
F2_C1R_oracle,attack_flow::MITRE NERVE::0003,attack_flow,MITRE NERVE,"[""T1078"",""T1003"",""T1021"",""T1059"",""T1105""]",0.7039180890341347,0.7039180890341347
F3_OSER_oracle,attack_flow::MITRE NERVE::0003,attack_flow,MITRE NERVE,"[""T1078"",""T1003"",""T1021"",""T1059"",""T1105""]",0.7039180890341347,0.7039180890341347
F4_LCB_RS_oracle,attack_flow::MITRE NERVE::0003,attack_flow,MITRE NERVE,"[""T1078"",""T1003"",""T1021"",""T1059"",""T1105""]",0.7039180890341347,0.7039180890341347
F5_LCTR5_oracle,attack_flow::MITRE NERVE::0003,attack_flow,MITRE NERVE,"[""T1078"",""T1003"",""T1021"",""T1059"",""T1105""]",0.7039180890341347,0.7039180890341347
F1_RR5_oracle,attack_flow::MITRE NERVE::0004,attack_flow,MITRE NERVE,"[""T1021"",""T1003"",""T1059"",""T1078"",""T1505""]",0.46927872602275644,0.46927872602275644
F2_C1R_oracle,attack_flow::MITRE NERVE::0004,attack_flow,MITRE NERVE,"[""T1021"",""T1003"",""T1059"",""T1078"",""T1505""]",0.46927872602275644,0.46927872602275644
F3_OSER_oracle,attack_flow::MITRE NERVE::0004,attack_flow,MITRE NERVE,"[""T1021"",""T1003"",""T1059"",""T1078"",""T1505""]",0.46927872602275644,0.46927872602275644
F4_LCB_RS_oracle,attack_flow::MITRE NERVE::0004,attack_flow,MITRE NERVE,"[""T1021"",""T1003"",""T1059"",""T1078"",""T1505""]",0.46927872602275644,0.46927872602275644
F5_LCTR5_oracle,attack_flow::MITRE NERVE::0004,attack_flow,MITRE NERVE,"[""T1021"",""T1003"",""T1059"",""T1078"",""T1505""]",0.46927872602275644,0.46927872602275644
F1_RR5_oracle,attack_flow::MITRE NERVE::0005,attack_flow,MITRE NERVE,"[""T1003"",""T1078"",""T1021"",""T1059"",""T1505""]",0.0,0.0
F2_C1R_oracle,attack_flow::MITRE NERVE::0005,attack_flow,MITRE NERVE,"[""T1003"",""T1078"",""T1021"",""T1059"",""T1505""]",0.0,0.0
F3_OSER_oracle,attack_flow::MITRE NERVE::0005,attack_flow,MITRE NERVE,"[""T1003"",""T1078"",""T1021"",""T1059"",""T1505""]",0.0,0.0
F4_LCB_RS_oracle,attack_flow::MITRE NERVE::0005,attack_flow,MITRE NERVE,"[""T1003"",""T1078"",""T1021"",""T1059"",""T1505""]",0.0,0.0
F5_LCTR5_oracle,attack_flow::MITRE NERVE::0005,attack_flow,MITRE NERVE,"[""T1003"",""T1078"",""T1021"",""T1059"",""T1505""]",0.0,0.0
F1_RR5_oracle,attack_flow::MITRE NERVE::0006,attack_flow,MITRE NERVE,"[""T1003"",""T1105"",""T1562"",""T1078"",""T1021""]",0.0,0.0
F2_C1R_oracle,attack_flow::MITRE NERVE::0006,attack_flow,MITRE NERVE,"[""T1003"",""T1105"",""T1562"",""T1078"",""T1041""]",0.23719771276929622,0.0
F3_OSER_oracle,attack_flow::MITRE NERVE::0006,attack_flow,MITRE NERVE,"[""T1560"",""T1567"",""T1041"",""T1016"",""T1033""]",0.3065735963827292,0.0
F4_LCB_RS_oracle,attack_flow::MITRE NERVE::0006,attack_flow,MITRE NERVE,"[""T1003"",""T1105"",""T1562"",""T1078"",""T1021""]",0.0,0.0
F5_LCTR5_oracle,attack_flow::MITRE NERVE::0006,attack_flow,MITRE NERVE,"[""T1003"",""T1105"",""T1562"",""T1078"",""T1021""]",0.0,0.0
F1_RR5_oracle,attack_flow::MITRE NERVE::0007,attack_flow,MITRE NERVE,"[""T1078"",""T1021"",""T1003"",""T1105"",""T1562""]",0.0,0.0
F2_C1R_oracle,attack_flow::MITRE NERVE::0007,attack_flow,MITRE NERVE,"[""T1078"",""T1021"",""T1003"",""T1105"",""T1041""]",0.38685280723454163,0.0
F3_OSER_oracle,attack_flow::MITRE NERVE::0007,attack_flow,MITRE NERVE,"[""T1074"",""T1041"",""T1560"",""T1018"",""T1003""]",0.6309297535714575,0.0
F4_LCB_RS_oracle,attack_flow::MITRE NERVE::0007,attack_flow,MITRE NERVE,"[""T1078"",""T1021"",""T1003"",""T1105"",""T1562""]",0.0,0.0
F5_LCTR5_oracle,attack_flow::MITRE NERVE::0007,attack_flow,MITRE NERVE,"[""T1078"",""T1021"",""T1003"",""T1105"",""T1562""]",0.0,0.0
F1_RR5_oracle,attack_flow::Maastricht University Ransomware::0001,attack_flow,Maastricht University Ransomware,"[""T1204"",""T1059"",""T1105"",""T1547"",""T1021""]",0.7653606369886217,0.7653606369886217
F2_C1R_oracle,attack_flow::Maastricht University Ransomware::0001,attack_flow,Maastricht University Ransomware,"[""T1204"",""T1059"",""T1105"",""T1547"",""T1021""]",0.7653606369886217,0.7653606369886217
F3_OSER_oracle,attack_flow::Maastricht University Ransomware::0001,attack_flow,Maastricht University Ransomware,"[""T1204"",""T1059"",""T1105"",""T1547"",""T1021""]",0.7653606369886217,0.7653606369886217
F4_LCB_RS_oracle,attack_flow::Maastricht University Ransomware::0001,attack_flow,Maastricht University Ransomware,"[""T1204"",""T1059"",""T1105"",""T1547"",""T1021""]",0.7653606369886217,0.7653606369886217
F5_LCTR5_oracle,attack_flow::Maastricht University Ransomware::0001,attack_flow,Maastricht University Ransomware,"[""T1204"",""T1059"",""T1105"",""T1547"",""T1021""]",0.7653606369886217,0.7653606369886217
F1_RR5_oracle,attack_flow::Maastricht University Ransomware::0003,attack_flow,Maastricht University Ransomware,"[""T1003"",""T1059"",""T1078"",""T1021"",""T1105""]",0.46927872602275644,0.20210734650054757
F2_C1R_oracle,attack_flow::Maastricht University Ransomware::0003,attack_flow,Maastricht University Ransomware,"[""T1059"",""T1078"",""T1021"",""T1003"",""T1105""]",0.20210734650054757,0.20210734650054757
F3_OSER_oracle,attack_flow::Maastricht University Ransomware::0003,attack_flow,Maastricht University Ransomware,"[""T1059"",""T1078"",""T1021"",""T1003"",""T1105""]",0.20210734650054757,0.20210734650054757
F4_LCB_RS_oracle,attack_flow::Maastricht University Ransomware::0003,attack_flow,Maastricht University Ransomware,"[""T1105"",""T1003"",""T1021"",""T1059"",""T1078""]",0.2960819109658652,0.20210734650054757
F5_LCTR5_oracle,attack_flow::Maastricht University Ransomware::0003,attack_flow,Maastricht University Ransomware,"[""T1003"",""T1105"",""T1059"",""T1078"",""T1021""]",0.46927872602275644,0.20210734650054757
F1_RR5_oracle,attack_flow::Maastricht University Ransomware::0004,attack_flow,Maastricht University Ransomware,"[""T1059"",""T1003"",""T1021"",""T1078"",""T1105""]",0.7653606369886217,0.7039180890341347
F2_C1R_oracle,attack_flow::Maastricht University Ransomware::0004,attack_flow,Maastricht University Ransomware,"[""T1059"",""T1021"",""T1003"",""T1078"",""T1105""]",0.7039180890341347,0.7039180890341347
F3_OSER_oracle,attack_flow::Maastricht University Ransomware::0004,attack_flow,Maastricht University Ransomware,"[""T1059"",""T1021"",""T1003"",""T1078"",""T1105""]",0.7039180890341347,0.7039180890341347
F4_LCB_RS_oracle,attack_flow::Maastricht University Ransomware::0004,attack_flow,Maastricht University Ransomware,"[""T1059"",""T1021"",""T1003"",""T1078"",""T1105""]",0.7039180890341347,0.7039180890341347
F5_LCTR5_oracle,attack_flow::Maastricht University Ransomware::0004,attack_flow,Maastricht University Ransomware,"[""T1059"",""T1021"",""T1003"",""T1078"",""T1105""]",0.7039180890341347,0.7039180890341347
F1_RR5_oracle,attack_flow::Maastricht University Ransomware::0005,attack_flow,Maastricht University Ransomware,"[""T1003"",""T1021"",""T1078"",""T1105"",""T1053""]",0.46927872602275644,0.2960819109658652
F2_C1R_oracle,attack_flow::Maastricht University Ransomware::0005,attack_flow,Maastricht University Ransomware,"[""T1021"",""T1003"",""T1078"",""T1105"",""T1018""]",0.4776237035032179,0.2960819109658652
F3_OSER_oracle,attack_flow::Maastricht University Ransomware::0005,attack_flow,Maastricht University Ransomware,"[""T1105"",""T1021"",""T1018"",""T1003"",""T1070""]",0.4367467095119258,0.2960819109658652
F4_LCB_RS_oracle,attack_flow::Maastricht University Ransomware::0005,attack_flow,Maastricht University Ransomware,"[""T1021"",""T1003"",""T1078"",""T1105"",""T1018""]",0.4776237035032179,0.2960819109658652
F5_LCTR5_oracle,attack_flow::Maastricht University Ransomware::0005,attack_flow,Maastricht University Ransomware,"[""T1021"",""T1003"",""T1078"",""T1105"",""T1053""]",0.2960819109658652,0.2960819109658652
F1_RR5_oracle,attack_flow::Maastricht University Ransomware::0006,attack_flow,Maastricht University Ransomware,"[""T1105"",""T1021"",""T1078"",""T1053"",""T1005""]",0.46927872602275644,0.23463936301137822
F2_C1R_oracle,attack_flow::Maastricht University Ransomware::0006,attack_flow,Maastricht University Ransomware,"[""T1021"",""T1078"",""T1105"",""T1053"",""T1018""]",0.41618115554873086,0.23463936301137822
F3_OSER_oracle,attack_flow::Maastricht University Ransomware::0006,attack_flow,Maastricht University Ransomware,"[""T1105"",""T1021"",""T1018"",""T1560"",""T1570""]",0.7039180890341347,0.23463936301137822
F4_LCB_RS_oracle,attack_flow::Maastricht University Ransomware::0006,attack_flow,Maastricht University Ransomware,"[""T1105"",""T1021"",""T1078"",""T1053"",""T1005""]",0.46927872602275644,0.23463936301137822
F5_LCTR5_oracle,attack_flow::Maastricht University Ransomware::0006,attack_flow,Maastricht University Ransomware,"[""T1105"",""T1021"",""T1078"",""T1053"",""T1005""]",0.46927872602275644,0.23463936301137822
F1_RR5_oracle,attack_flow::Maastricht University Ransomware::0007,attack_flow,Maastricht University Ransomware,"[""T1105"",""T1021"",""T1078"",""T1053"",""T1005""]",0.46927872602275644,0.18154179253735267
F2_C1R_oracle,attack_flow::Maastricht University Ransomware::0007,attack_flow,Maastricht University Ransomware,"[""T1021"",""T1078"",""T1053"",""T1005"",""T1105""]",0.18154179253735267,0.18154179253735267
F3_OSER_oracle,attack_flow::Maastricht University Ransomware::0007,attack_flow,Maastricht University Ransomware,"[""T1105"",""T1070"",""T1016"",""T1041"",""T1003""]",0.46927872602275644,0.18154179253735267
F4_LCB_RS_oracle,attack_flow::Maastricht University Ransomware::0007,attack_flow,Maastricht University Ransomware,"[""T1105"",""T1021"",""T1078"",""T1053"",""T1005""]",0.46927872602275644,0.18154179253735267
F5_LCTR5_oracle,attack_flow::Maastricht University Ransomware::0007,attack_flow,Maastricht University Ransomware,"[""T1105"",""T1021"",""T1078"",""T1053"",""T1005""]",0.46927872602275644,0.18154179253735267
F1_RR5_oracle,attack_flow::Maastricht University Ransomware::0008,attack_flow,Maastricht University Ransomware,"[""T1105"",""T1021"",""T1078"",""T1005"",""T1053""]",0.6131471927654584,0.3065735963827292
F2_C1R_oracle,attack_flow::Maastricht University Ransomware::0008,attack_flow,Maastricht University Ransomware,"[""T1021"",""T1078"",""T1105"",""T1005"",""T1053""]",0.3065735963827292,0.3065735963827292
F3_OSER_oracle,attack_flow::Maastricht University Ransomware::0008,attack_flow,Maastricht University Ransomware,"[""T1021"",""T1105"",""T1018"",""T1003"",""T1016""]",0.38685280723454163,0.3065735963827292
F4_LCB_RS_oracle,attack_flow::Maastricht University Ransomware::0008,attack_flow,Maastricht University Ransomware,"[""T1021"",""T1105"",""T1005"",""T1078"",""T1053""]",0.38685280723454163,0.3065735963827292
F5_LCTR5_oracle,attack_flow::Maastricht University Ransomware::0008,attack_flow,Maastricht University Ransomware,"[""T1105"",""T1021"",""T1078"",""T1005"",""T1053""]",0.6131471927654584,0.3065735963827292
F1_RR5_oracle,attack_flow::Maastricht University Ransomware::0009,attack_flow,Maastricht University Ransomware,"[""T1486"",""T1021"",""T1078"",""T1482"",""T1059""]",0.6131471927654584,0.6131471927654584
F2_C1R_oracle,attack_flow::Maastricht University Ransomware::0009,attack_flow,Maastricht University Ransomware,"[""T1486"",""T1021"",""T1078"",""T1482"",""T1059""]",0.6131471927654584,0.6131471927654584
F3_OSER_oracle,attack_flow::Maastricht University Ransomware::0009,attack_flow,Maastricht University Ransomware,"[""T1486"",""T1021"",""T1078"",""T1482"",""T1059""]",0.6131471927654584,0.6131471927654584
F4_LCB_RS_oracle,attack_flow::Maastricht University Ransomware::0009,attack_flow,Maastricht University Ransomware,"[""T1486"",""T1021"",""T1078"",""T1482"",""T1059""]",0.6131471927654584,0.6131471927654584
F5_LCTR5_oracle,attack_flow::Maastricht University Ransomware::0009,attack_flow,Maastricht University Ransomware,"[""T1486"",""T1021"",""T1078"",""T1482"",""T1059""]",0.6131471927654584,0.6131471927654584
F1_RR5_oracle,attack_flow::Maastricht University Ransomware::0010,attack_flow,Maastricht University Ransomware,"[""T1486"",""T1021"",""T1078"",""T1005"",""T1070""]",0.6131471927654584,0.3065735963827292
F2_C1R_oracle,attack_flow::Maastricht University Ransomware::0010,attack_flow,Maastricht University Ransomware,"[""T1021"",""T1078"",""T1486"",""T1005"",""T1070""]",0.3065735963827292,0.3065735963827292
F3_OSER_oracle,attack_flow::Maastricht University Ransomware::0010,attack_flow,Maastricht University Ransomware,"[""T1021"",""T1078"",""T1486"",""T1005"",""T1070""]",0.3065735963827292,0.3065735963827292
F4_LCB_RS_oracle,attack_flow::Maastricht University Ransomware::0010,attack_flow,Maastricht University Ransomware,"[""T1021"",""T1078"",""T1486"",""T1005"",""T1070""]",0.3065735963827292,0.3065735963827292
F5_LCTR5_oracle,attack_flow::Maastricht University Ransomware::0010,attack_flow,Maastricht University Ransomware,"[""T1021"",""T1078"",""T1486"",""T1005"",""T1070""]",0.3065735963827292,0.3065735963827292
F1_RR5_oracle,attack_flow::Maastricht University Ransomware::0011,attack_flow,Maastricht University Ransomware,"[""T1486"",""T1021"",""T1078"",""T1005"",""T1059""]",1.0,0.6309297535714575
F2_C1R_oracle,attack_flow::Maastricht University Ransomware::0011,attack_flow,Maastricht University Ransomware,"[""T1021"",""T1486"",""T1078"",""T1005"",""T1059""]",0.6309297535714575,0.6309297535714575
F3_OSER_oracle,attack_flow::Maastricht University Ransomware::0011,attack_flow,Maastricht University Ransomware,"[""T1021"",""T1486"",""T1078"",""T1005"",""T1059""]",0.6309297535714575,0.6309297535714575
F4_LCB_RS_oracle,attack_flow::Maastricht University Ransomware::0011,attack_flow,Maastricht University Ransomware,"[""T1021"",""T1486"",""T1078"",""T1005"",""T1059""]",0.6309297535714575,0.6309297535714575
F5_LCTR5_oracle,attack_flow::Maastricht University Ransomware::0011,attack_flow,Maastricht University Ransomware,"[""T1021"",""T1486"",""T1078"",""T1005"",""T1059""]",0.6309297535714575,0.6309297535714575
F1_RR5_oracle,attack_flow::Mac Malware Steals Crypto::0001,attack_flow,Mac Malware Steals Crypto,"[""T1105"",""T1059"",""T1003"",""T1078"",""T1021""]",0.7653606369886217,0.38364913903790027
F2_C1R_oracle,attack_flow::Mac Malware Steals Crypto::0001,attack_flow,Mac Malware Steals Crypto,"[""T1003"",""T1078"",""T1021"",""T1105"",""T1059""]",0.38364913903790027,0.38364913903790027
F3_OSER_oracle,attack_flow::Mac Malware Steals Crypto::0001,attack_flow,Mac Malware Steals Crypto,"[""T1105"",""T1070"",""T1016"",""T1041"",""T1003""]",0.46927872602275644,0.38364913903790027
F4_LCB_RS_oracle,attack_flow::Mac Malware Steals Crypto::0001,attack_flow,Mac Malware Steals Crypto,"[""T1105"",""T1003"",""T1021"",""T1078"",""T1059""]",0.6508205185601091,0.38364913903790027
F5_LCTR5_oracle,attack_flow::Mac Malware Steals Crypto::0001,attack_flow,Mac Malware Steals Crypto,"[""T1003"",""T1105"",""T1078"",""T1021"",""T1059""]",0.4776237035032179,0.38364913903790027
F1_RR5_oracle,attack_flow::Mac Malware Steals Crypto::0002,attack_flow,Mac Malware Steals Crypto,"[""T1105"",""T1003"",""T1078"",""T1021"",""T1055""]",0.46927872602275644,0.20210734650054757
F2_C1R_oracle,attack_flow::Mac Malware Steals Crypto::0002,attack_flow,Mac Malware Steals Crypto,"[""T1003"",""T1078"",""T1021"",""T1105"",""T1055""]",0.20210734650054757,0.20210734650054757
F3_OSER_oracle,attack_flow::Mac Malware Steals Crypto::0002,attack_flow,Mac Malware Steals Crypto,"[""T1105"",""T1021"",""T1018"",""T1003"",""T1070""]",0.46927872602275644,0.20210734650054757
F4_LCB_RS_oracle,attack_flow::Mac Malware Steals Crypto::0002,attack_flow,Mac Malware Steals Crypto,"[""T1105"",""T1021"",""T1003"",""T1078"",""T1055""]",0.46927872602275644,0.20210734650054757
F5_LCTR5_oracle,attack_flow::Mac Malware Steals Crypto::0002,attack_flow,Mac Malware Steals Crypto,"[""T1003"",""T1078"",""T1021"",""T1105"",""T1055""]",0.20210734650054757,0.20210734650054757
F1_RR5_oracle,attack_flow::Mac Malware Steals Crypto::0004,attack_flow,Mac Malware Steals Crypto,"[""T1078"",""T1021"",""T1003"",""T1053"",""T1041""]",0.0,0.0
F2_C1R_oracle,attack_flow::Mac Malware Steals Crypto::0004,attack_flow,Mac Malware Steals Crypto,"[""T1078"",""T1021"",""T1003"",""T1053"",""T1041""]",0.0,0.0
F3_OSER_oracle,attack_flow::Mac Malware Steals Crypto::0004,attack_flow,Mac Malware Steals Crypto,"[""T1078"",""T1021"",""T1003"",""T1053"",""T1041""]",0.0,0.0
F4_LCB_RS_oracle,attack_flow::Mac Malware Steals Crypto::0004,attack_flow,Mac Malware Steals Crypto,"[""T1078"",""T1021"",""T1003"",""T1053"",""T1041""]",0.0,0.0
F5_LCTR5_oracle,attack_flow::Mac Malware Steals Crypto::0004,attack_flow,Mac Malware Steals Crypto,"[""T1078"",""T1021"",""T1003"",""T1053"",""T1041""]",0.0,0.0
F1_RR5_oracle,attack_flow::Marriott Breach::0001,attack_flow,Marriott Breach,"[""T1078"",""T1059"",""T1021"",""T1003"",""T1105""]",0.0,0.0
F2_C1R_oracle,attack_flow::Marriott Breach::0001,attack_flow,Marriott Breach,"[""T1078"",""T1059"",""T1021"",""T1003"",""T1105""]",0.0,0.0
F3_OSER_oracle,attack_flow::Marriott Breach::0001,attack_flow,Marriott Breach,"[""T1078"",""T1059"",""T1021"",""T1003"",""T1105""]",0.0,0.0
F4_LCB_RS_oracle,attack_flow::Marriott Breach::0001,attack_flow,Marriott Breach,"[""T1078"",""T1059"",""T1021"",""T1003"",""T1105""]",0.0,0.0
F5_LCTR5_oracle,attack_flow::Marriott Breach::0001,attack_flow,Marriott Breach,"[""T1078"",""T1059"",""T1021"",""T1003"",""T1105""]",0.0,0.0
F1_RR5_oracle,attack_flow::Marriott Breach::0002,attack_flow,Marriott Breach,"[""T1078"",""T1021"",""T1003"",""T1059"",""T1105""]",0.0,0.0
F2_C1R_oracle,attack_flow::Marriott Breach::0002,attack_flow,Marriott Breach,"[""T1078"",""T1021"",""T1003"",""T1059"",""T1070""]",0.18154179253735267,0.0
F3_OSER_oracle,attack_flow::Marriott Breach::0002,attack_flow,Marriott Breach,"[""T1105"",""T1041"",""T1070"",""T1056"",""T1505""]",0.23463936301137822,0.0
F4_LCB_RS_oracle,attack_flow::Marriott Breach::0002,attack_flow,Marriott Breach,"[""T1078"",""T1021"",""T1003"",""T1059"",""T1105""]",0.0,0.0
F5_LCTR5_oracle,attack_flow::Marriott Breach::0002,attack_flow,Marriott Breach,"[""T1078"",""T1021"",""T1003"",""T1059"",""T1105""]",0.0,0.0
F1_RR5_oracle,attack_flow::Marriott Breach::0003,attack_flow,Marriott Breach,"[""T1078"",""T1021"",""T1003"",""T1087"",""T1105""]",0.0,0.0
F2_C1R_oracle,attack_flow::Marriott Breach::0003,attack_flow,Marriott Breach,"[""T1078"",""T1021"",""T1003"",""T1087"",""T1070""]",0.23719771276929622,0.0
F3_OSER_oracle,attack_flow::Marriott Breach::0003,attack_flow,Marriott Breach,"[""T1105"",""T1021"",""T1018"",""T1003"",""T1070""]",0.23719771276929622,0.0
F4_LCB_RS_oracle,attack_flow::Marriott Breach::0003,attack_flow,Marriott Breach,"[""T1078"",""T1021"",""T1003"",""T1087"",""T1105""]",0.0,0.0
F5_LCTR5_oracle,attack_flow::Marriott Breach::0003,attack_flow,Marriott Breach,"[""T1078"",""T1021"",""T1003"",""T1087"",""T1105""]",0.0,0.0
F1_RR5_oracle,attack_flow::Marriott Breach::0004,attack_flow,Marriott Breach,"[""T1078"",""T1021"",""T1005"",""T1505"",""T1041""]",0.0,0.0
F2_C1R_oracle,attack_flow::Marriott Breach::0004,attack_flow,Marriott Breach,"[""T1078"",""T1021"",""T1005"",""T1505"",""T1070""]",0.38685280723454163,0.0
F3_OSER_oracle,attack_flow::Marriott Breach::0004,attack_flow,Marriott Breach,"[""T1105"",""T1021"",""T1018"",""T1003"",""T1070""]",0.38685280723454163,0.0
F4_LCB_RS_oracle,attack_flow::Marriott Breach::0004,attack_flow,Marriott Breach,"[""T1078"",""T1021"",""T1005"",""T1505"",""T1041""]",0.0,0.0
F5_LCTR5_oracle,attack_flow::Marriott Breach::0004,attack_flow,Marriott Breach,"[""T1078"",""T1021"",""T1005"",""T1505"",""T1041""]",0.0,0.0
F1_RR5_oracle,attack_flow::Muddy Water::0001,attack_flow,Muddy Water,"[""T1204"",""T1059"",""T1105"",""T1078"",""T1021""]",1.0,1.0
F2_C1R_oracle,attack_flow::Muddy Water::0001,attack_flow,Muddy Water,"[""T1204"",""T1059"",""T1105"",""T1078"",""T1021""]",1.0,1.0
F3_OSER_oracle,attack_flow::Muddy Water::0001,attack_flow,Muddy Water,"[""T1204"",""T1059"",""T1105"",""T1078"",""T1021""]",1.0,1.0
F4_LCB_RS_oracle,attack_flow::Muddy Water::0001,attack_flow,Muddy Water,"[""T1204"",""T1059"",""T1105"",""T1078"",""T1021""]",1.0,1.0
F5_LCTR5_oracle,attack_flow::Muddy Water::0001,attack_flow,Muddy Water,"[""T1204"",""T1059"",""T1105"",""T1078"",""T1021""]",1.0,1.0
F1_RR5_oracle,attack_flow::Muddy Water::0002,attack_flow,Muddy Water,"[""T1059"",""T1547"",""T1105"",""T1003"",""T1021""]",0.7653606369886217,0.7039180890341347
F2_C1R_oracle,attack_flow::Muddy Water::0002,attack_flow,Muddy Water,"[""T1059"",""T1105"",""T1547"",""T1003"",""T1021""]",0.7039180890341347,0.7039180890341347
F3_OSER_oracle,attack_flow::Muddy Water::0002,attack_flow,Muddy Water,"[""T1059"",""T1105"",""T1547"",""T1003"",""T1021""]",0.7039180890341347,0.7039180890341347
F4_LCB_RS_oracle,attack_flow::Muddy Water::0002,attack_flow,Muddy Water,"[""T1059"",""T1105"",""T1547"",""T1003"",""T1021""]",0.7039180890341347,0.7039180890341347
F5_LCTR5_oracle,attack_flow::Muddy Water::0002,attack_flow,Muddy Water,"[""T1059"",""T1547"",""T1105"",""T1003"",""T1021""]",0.7653606369886217,0.7039180890341347
F1_RR5_oracle,attack_flow::Muddy Water::0003,attack_flow,Muddy Water,"[""T1059"",""T1547"",""T1105"",""T1003"",""T1021""]",1.0,0.9197207891481876
F2_C1R_oracle,attack_flow::Muddy Water::0003,attack_flow,Muddy Water,"[""T1059"",""T1105"",""T1547"",""T1003"",""T1021""]",0.9197207891481876,0.9197207891481876
F3_OSER_oracle,attack_flow::Muddy Water::0003,attack_flow,Muddy Water,"[""T1059"",""T1105"",""T1547"",""T1003"",""T1021""]",0.9197207891481876,0.9197207891481876
F4_LCB_RS_oracle,attack_flow::Muddy Water::0003,attack_flow,Muddy Water,"[""T1059"",""T1105"",""T1547"",""T1003"",""T1021""]",0.9197207891481876,0.9197207891481876
F5_LCTR5_oracle,attack_flow::Muddy Water::0003,attack_flow,Muddy Water,"[""T1059"",""T1547"",""T1105"",""T1003"",""T1021""]",1.0,0.9197207891481876
F1_RR5_oracle,attack_flow::Muddy Water::0004,attack_flow,Muddy Water,"[""T1059"",""T1547"",""T1105"",""T1003"",""T1027""]",1.0,0.9197207891481876
F2_C1R_oracle,attack_flow::Muddy Water::0004,attack_flow,Muddy Water,"[""T1059"",""T1105"",""T1547"",""T1003"",""T1027""]",0.9197207891481876,0.9197207891481876
F3_OSER_oracle,attack_flow::Muddy Water::0004,attack_flow,Muddy Water,"[""T1059"",""T1105"",""T1547"",""T1003"",""T1027""]",0.9197207891481876,0.9197207891481876
F4_LCB_RS_oracle,attack_flow::Muddy Water::0004,attack_flow,Muddy Water,"[""T1059"",""T1105"",""T1547"",""T1003"",""T1027""]",0.9197207891481876,0.9197207891481876
F5_LCTR5_oracle,attack_flow::Muddy Water::0004,attack_flow,Muddy Water,"[""T1059"",""T1105"",""T1547"",""T1003"",""T1027""]",0.9197207891481876,0.9197207891481876
F1_RR5_oracle,attack_flow::Muddy Water::0005,attack_flow,Muddy Water,"[""T1059"",""T1105"",""T1547"",""T1005"",""T1082""]",1.0,0.8503449055347546
F2_C1R_oracle,attack_flow::Muddy Water::0005,attack_flow,Muddy Water,"[""T1059"",""T1547"",""T1005"",""T1082"",""T1105""]",0.8503449055347546,0.8503449055347546
F3_OSER_oracle,attack_flow::Muddy Water::0005,attack_flow,Muddy Water,"[""T1059"",""T1547"",""T1005"",""T1082"",""T1105""]",0.8503449055347546,0.8503449055347546
F4_LCB_RS_oracle,attack_flow::Muddy Water::0005,attack_flow,Muddy Water,"[""T1105"",""T1082"",""T1059"",""T1547"",""T1005""]",0.9197207891481876,0.8503449055347546
F5_LCTR5_oracle,attack_flow::Muddy Water::0005,attack_flow,Muddy Water,"[""T1059"",""T1082"",""T1105"",""T1547"",""T1005""]",0.9197207891481876,0.8503449055347546
F1_RR5_oracle,attack_flow::Muddy Water::0006,attack_flow,Muddy Water,"[""T1059"",""T1105"",""T1547"",""T1003"",""T1021""]",1.0,0.9197207891481876
F2_C1R_oracle,attack_flow::Muddy Water::0006,attack_flow,Muddy Water,"[""T1059"",""T1547"",""T1105"",""T1003"",""T1021""]",0.9197207891481876,0.9197207891481876
F3_OSER_oracle,attack_flow::Muddy Water::0006,attack_flow,Muddy Water,"[""T1059"",""T1547"",""T1105"",""T1003"",""T1021""]",0.9197207891481876,0.9197207891481876
F4_LCB_RS_oracle,attack_flow::Muddy Water::0006,attack_flow,Muddy Water,"[""T1059"",""T1547"",""T1105"",""T1003"",""T1021""]",0.9197207891481876,0.9197207891481876
F5_LCTR5_oracle,attack_flow::Muddy Water::0006,attack_flow,Muddy Water,"[""T1059"",""T1105"",""T1547"",""T1003"",""T1021""]",1.0,0.9197207891481876
F1_RR5_oracle,attack_flow::Muddy Water::0008,attack_flow,Muddy Water,"[""T1059"",""T1105"",""T1003"",""T1021"",""T1078""]",0.6131471927654584,0.6131471927654584
F2_C1R_oracle,attack_flow::Muddy Water::0008,attack_flow,Muddy Water,"[""T1059"",""T1105"",""T1003"",""T1021"",""T1486""]",0.8503449055347546,0.6131471927654584
F3_OSER_oracle,attack_flow::Muddy Water::0008,attack_flow,Muddy Water,"[""T1059"",""T1105"",""T1003"",""T1021"",""T1078""]",0.6131471927654584,0.6131471927654584
F4_LCB_RS_oracle,attack_flow::Muddy Water::0008,attack_flow,Muddy Water,"[""T1059"",""T1105"",""T1003"",""T1021"",""T1486""]",0.8503449055347546,0.6131471927654584
F5_LCTR5_oracle,attack_flow::Muddy Water::0008,attack_flow,Muddy Water,"[""T1059"",""T1105"",""T1003"",""T1021"",""T1078""]",0.6131471927654584,0.6131471927654584
F1_RR5_oracle,attack_flow::Muddy Water::0009,attack_flow,Muddy Water,"[""T1059"",""T1105"",""T1005"",""T1082"",""T1021""]",0.0,0.0
F2_C1R_oracle,attack_flow::Muddy Water::0009,attack_flow,Muddy Water,"[""T1059"",""T1105"",""T1005"",""T1082"",""T1021""]",0.0,0.0
F3_OSER_oracle,attack_flow::Muddy Water::0009,attack_flow,Muddy Water,"[""T1059"",""T1105"",""T1005"",""T1082"",""T1021""]",0.0,0.0
F4_LCB_RS_oracle,attack_flow::Muddy Water::0009,attack_flow,Muddy Water,"[""T1059"",""T1105"",""T1005"",""T1082"",""T1021""]",0.0,0.0
F5_LCTR5_oracle,attack_flow::Muddy Water::0009,attack_flow,Muddy Water,"[""T1059"",""T1105"",""T1005"",""T1082"",""T1021""]",0.0,0.0
F1_RR5_oracle,attack_flow::NotPetya::0001,attack_flow,NotPetya,"[""T1595"",""T1598"",""T1592"",""T1078"",""T1566""]",0.0,0.0
F2_C1R_oracle,attack_flow::NotPetya::0001,attack_flow,NotPetya,"[""T1595"",""T1598"",""T1592"",""T1078"",""T1566""]",0.0,0.0
F3_OSER_oracle,attack_flow::NotPetya::0001,attack_flow,NotPetya,"[""T1595"",""T1598"",""T1592"",""T1078"",""T1566""]",0.0,0.0
F4_LCB_RS_oracle,attack_flow::NotPetya::0001,attack_flow,NotPetya,"[""T1595"",""T1598"",""T1592"",""T1078"",""T1566""]",0.0,0.0
F5_LCTR5_oracle,attack_flow::NotPetya::0001,attack_flow,NotPetya,"[""T1595"",""T1598"",""T1592"",""T1078"",""T1566""]",0.0,0.0
F1_RR5_oracle,attack_flow::NotPetya::0002,attack_flow,NotPetya,"[""T1078"",""T1105"",""T1059"",""T1005"",""T1021""]",0.0,0.0
F2_C1R_oracle,attack_flow::NotPetya::0002,attack_flow,NotPetya,"[""T1078"",""T1105"",""T1059"",""T1005"",""T1021""]",0.0,0.0
F3_OSER_oracle,attack_flow::NotPetya::0002,attack_flow,NotPetya,"[""T1078"",""T1105"",""T1059"",""T1005"",""T1021""]",0.0,0.0
F4_LCB_RS_oracle,attack_flow::NotPetya::0002,attack_flow,NotPetya,"[""T1078"",""T1105"",""T1059"",""T1005"",""T1021""]",0.0,0.0
F5_LCTR5_oracle,attack_flow::NotPetya::0002,attack_flow,NotPetya,"[""T1078"",""T1105"",""T1059"",""T1005"",""T1021""]",0.0,0.0
F1_RR5_oracle,attack_flow::NotPetya::0003,attack_flow,NotPetya,"[""T1195"",""T1105"",""T1059"",""T1078"",""T1021""]",0.46927872602275644,0.46927872602275644
F2_C1R_oracle,attack_flow::NotPetya::0003,attack_flow,NotPetya,"[""T1195"",""T1105"",""T1059"",""T1078"",""T1057""]",0.6508205185601091,0.46927872602275644
F3_OSER_oracle,attack_flow::NotPetya::0003,attack_flow,NotPetya,"[""T1195"",""T1105"",""T1059"",""T1078"",""T1021""]",0.46927872602275644,0.46927872602275644
F4_LCB_RS_oracle,attack_flow::NotPetya::0003,attack_flow,NotPetya,"[""T1195"",""T1105"",""T1059"",""T1078"",""T1021""]",0.46927872602275644,0.46927872602275644
F5_LCTR5_oracle,attack_flow::NotPetya::0003,attack_flow,NotPetya,"[""T1195"",""T1105"",""T1059"",""T1078"",""T1021""]",0.46927872602275644,0.46927872602275644
F1_RR5_oracle,attack_flow::NotPetya::0004,attack_flow,NotPetya,"[""T1059"",""T1078"",""T1021"",""T1005"",""T1105""]",0.0,0.0
F2_C1R_oracle,attack_flow::NotPetya::0004,attack_flow,NotPetya,"[""T1059"",""T1078"",""T1021"",""T1005"",""T1003""]",0.18154179253735267,0.0
F3_OSER_oracle,attack_flow::NotPetya::0004,attack_flow,NotPetya,"[""T1105"",""T1021"",""T1018"",""T1003"",""T1070""]",0.20210734650054757,0.0
F4_LCB_RS_oracle,attack_flow::NotPetya::0004,attack_flow,NotPetya,"[""T1059"",""T1078"",""T1021"",""T1005"",""T1105""]",0.0,0.0
F5_LCTR5_oracle,attack_flow::NotPetya::0004,attack_flow,NotPetya,"[""T1059"",""T1078"",""T1021"",""T1005"",""T1105""]",0.0,0.0
F1_RR5_oracle,attack_flow::NotPetya::0008,attack_flow,NotPetya,"[""T1021"",""T1078"",""T1059"",""T1005"",""T1486""]",0.0,0.0
F2_C1R_oracle,attack_flow::NotPetya::0008,attack_flow,NotPetya,"[""T1021"",""T1078"",""T1059"",""T1005"",""T1486""]",0.0,0.0
F3_OSER_oracle,attack_flow::NotPetya::0008,attack_flow,NotPetya,"[""T1021"",""T1078"",""T1059"",""T1005"",""T1486""]",0.0,0.0
F4_LCB_RS_oracle,attack_flow::NotPetya::0008,attack_flow,NotPetya,"[""T1021"",""T1078"",""T1059"",""T1005"",""T1486""]",0.0,0.0
F5_LCTR5_oracle,attack_flow::NotPetya::0008,attack_flow,NotPetya,"[""T1021"",""T1078"",""T1059"",""T1005"",""T1486""]",0.0,0.0
F1_RR5_oracle,attack_flow::NotPetya::0009,attack_flow,NotPetya,"[""T1055"",""T1003"",""T1021"",""T1486"",""T1078""]",0.0,0.0
F2_C1R_oracle,attack_flow::NotPetya::0009,attack_flow,NotPetya,"[""T1055"",""T1003"",""T1021"",""T1486"",""T1078""]",0.0,0.0
F3_OSER_oracle,attack_flow::NotPetya::0009,attack_flow,NotPetya,"[""T1055"",""T1003"",""T1021"",""T1486"",""T1078""]",0.0,0.0
F4_LCB_RS_oracle,attack_flow::NotPetya::0009,attack_flow,NotPetya,"[""T1055"",""T1003"",""T1021"",""T1486"",""T1078""]",0.0,0.0
F5_LCTR5_oracle,attack_flow::NotPetya::0009,attack_flow,NotPetya,"[""T1055"",""T1003"",""T1021"",""T1486"",""T1078""]",0.0,0.0
F1_RR5_oracle,attack_flow::NotPetya::0010,attack_flow,NotPetya,"[""T1053"",""T1021"",""T1078"",""T1105"",""T1486""]",0.46927872602275644,0.2960819109658652
F2_C1R_oracle,attack_flow::NotPetya::0010,attack_flow,NotPetya,"[""T1021"",""T1053"",""T1078"",""T1105"",""T1486""]",0.2960819109658652,0.2960819109658652
F3_OSER_oracle,attack_flow::NotPetya::0010,attack_flow,NotPetya,"[""T1021"",""T1053"",""T1078"",""T1105"",""T1486""]",0.2960819109658652,0.2960819109658652
F4_LCB_RS_oracle,attack_flow::NotPetya::0010,attack_flow,NotPetya,"[""T1021"",""T1053"",""T1078"",""T1105"",""T1486""]",0.2960819109658652,0.2960819109658652
F5_LCTR5_oracle,attack_flow::NotPetya::0010,attack_flow,NotPetya,"[""T1021"",""T1053"",""T1078"",""T1105"",""T1486""]",0.2960819109658652,0.2960819109658652
F1_RR5_oracle,attack_flow::NotPetya::0011,attack_flow,NotPetya,"[""T1486"",""T1021"",""T1078"",""T1105"",""T1059""]",0.46927872602275644,0.20210734650054757
F2_C1R_oracle,attack_flow::NotPetya::0011,attack_flow,NotPetya,"[""T1021"",""T1078"",""T1105"",""T1486"",""T1059""]",0.20210734650054757,0.20210734650054757
F3_OSER_oracle,attack_flow::NotPetya::0011,attack_flow,NotPetya,"[""T1021"",""T1078"",""T1105"",""T1486"",""T1059""]",0.20210734650054757,0.20210734650054757
F4_LCB_RS_oracle,attack_flow::NotPetya::0011,attack_flow,NotPetya,"[""T1021"",""T1078"",""T1105"",""T1486"",""T1059""]",0.20210734650054757,0.20210734650054757
F5_LCTR5_oracle,attack_flow::NotPetya::0011,attack_flow,NotPetya,"[""T1021"",""T1078"",""T1105"",""T1486"",""T1059""]",0.20210734650054757,0.20210734650054757
F1_RR5_oracle,attack_flow::NotPetya::0012,attack_flow,NotPetya,"[""T1486"",""T1070"",""T1021"",""T1003"",""T1059""]",0.7653606369886217,0.4367467095119258
F2_C1R_oracle,attack_flow::NotPetya::0012,attack_flow,NotPetya,"[""T1021"",""T1003"",""T1486"",""T1070"",""T1059""]",0.4367467095119258,0.4367467095119258
F3_OSER_oracle,attack_flow::NotPetya::0012,attack_flow,NotPetya,"[""T1021"",""T1003"",""T1486"",""T1070"",""T1059""]",0.4367467095119258,0.4367467095119258
F4_LCB_RS_oracle,attack_flow::NotPetya::0012,attack_flow,NotPetya,"[""T1021"",""T1003"",""T1486"",""T1070"",""T1059""]",0.4367467095119258,0.4367467095119258
F5_LCTR5_oracle,attack_flow::NotPetya::0012,attack_flow,NotPetya,"[""T1021"",""T1003"",""T1486"",""T1070"",""T1059""]",0.4367467095119258,0.4367467095119258
F1_RR5_oracle,attack_flow::NotPetya::0013,attack_flow,NotPetya,"[""T1486"",""T1021"",""T1003"",""T1078"",""T1105""]",0.46927872602275644,0.23463936301137822
F2_C1R_oracle,attack_flow::NotPetya::0013,attack_flow,NotPetya,"[""T1021"",""T1003"",""T1486"",""T1078"",""T1070""]",0.41618115554873086,0.23463936301137822
F3_OSER_oracle,attack_flow::NotPetya::0013,attack_flow,NotPetya,"[""T1486"",""T1489"",""T1490"",""T1496"",""T1529""]",0.6508205185601091,0.23463936301137822
F4_LCB_RS_oracle,attack_flow::NotPetya::0013,attack_flow,NotPetya,"[""T1486"",""T1105"",""T1021"",""T1003"",""T1078""]",0.46927872602275644,0.23463936301137822
F5_LCTR5_oracle,attack_flow::NotPetya::0013,attack_flow,NotPetya,"[""T1021"",""T1003"",""T1486"",""T1078"",""T1105""]",0.23463936301137822,0.23463936301137822
F1_RR5_oracle,attack_flow::NotPetya::0014,attack_flow,NotPetya,"[""T1070"",""T1486"",""T1021"",""T1059"",""T1105""]",0.46927872602275644,0.2960819109658652
F2_C1R_oracle,attack_flow::NotPetya::0014,attack_flow,NotPetya,"[""T1486"",""T1070"",""T1021"",""T1059"",""T1105""]",0.2960819109658652,0.2960819109658652
F3_OSER_oracle,attack_flow::NotPetya::0014,attack_flow,NotPetya,"[""T1486"",""T1070"",""T1021"",""T1059"",""T1105""]",0.2960819109658652,0.2960819109658652
F4_LCB_RS_oracle,attack_flow::NotPetya::0014,attack_flow,NotPetya,"[""T1486"",""T1070"",""T1021"",""T1059"",""T1105""]",0.2960819109658652,0.2960819109658652
F5_LCTR5_oracle,attack_flow::NotPetya::0014,attack_flow,NotPetya,"[""T1486"",""T1070"",""T1021"",""T1059"",""T1105""]",0.2960819109658652,0.2960819109658652
F1_RR5_oracle,attack_flow::NotPetya::0015,attack_flow,NotPetya,"[""T1078"",""T1021"",""T1105"",""T1005"",""T1562""]",0.0,0.0
F2_C1R_oracle,attack_flow::NotPetya::0015,attack_flow,NotPetya,"[""T1078"",""T1021"",""T1105"",""T1005"",""T1562""]",0.0,0.0
F3_OSER_oracle,attack_flow::NotPetya::0015,attack_flow,NotPetya,"[""T1078"",""T1021"",""T1105"",""T1005"",""T1562""]",0.0,0.0
F4_LCB_RS_oracle,attack_flow::NotPetya::0015,attack_flow,NotPetya,"[""T1078"",""T1021"",""T1105"",""T1005"",""T1562""]",0.0,0.0
F5_LCTR5_oracle,attack_flow::NotPetya::0015,attack_flow,NotPetya,"[""T1078"",""T1021"",""T1105"",""T1005"",""T1562""]",0.0,0.0
F1_RR5_oracle,attack_flow::NotPetya::0016,attack_flow,NotPetya,"[""T1070"",""T1053"",""T1542"",""T1003"",""T1021""]",0.0,0.0
F2_C1R_oracle,attack_flow::NotPetya::0016,attack_flow,NotPetya,"[""T1070"",""T1053"",""T1542"",""T1003"",""T1021""]",0.0,0.0
F3_OSER_oracle,attack_flow::NotPetya::0016,attack_flow,NotPetya,"[""T1070"",""T1053"",""T1542"",""T1003"",""T1021""]",0.0,0.0
F4_LCB_RS_oracle,attack_flow::NotPetya::0016,attack_flow,NotPetya,"[""T1070"",""T1053"",""T1542"",""T1003"",""T1021""]",0.0,0.0
F5_LCTR5_oracle,attack_flow::NotPetya::0016,attack_flow,NotPetya,"[""T1070"",""T1053"",""T1542"",""T1003"",""T1021""]",0.0,0.0
F1_RR5_oracle,attack_flow::OceanLotus::0001,attack_flow,OceanLotus,"[""T1204"",""T1059"",""T1105"",""T1053"",""T1078""]",0.46927872602275644,0.46927872602275644
F2_C1R_oracle,attack_flow::OceanLotus::0001,attack_flow,OceanLotus,"[""T1204"",""T1059"",""T1105"",""T1053"",""T1078""]",0.46927872602275644,0.46927872602275644
F3_OSER_oracle,attack_flow::OceanLotus::0001,attack_flow,OceanLotus,"[""T1204"",""T1059"",""T1105"",""T1053"",""T1078""]",0.46927872602275644,0.46927872602275644
F4_LCB_RS_oracle,attack_flow::OceanLotus::0001,attack_flow,OceanLotus,"[""T1204"",""T1059"",""T1105"",""T1053"",""T1078""]",0.46927872602275644,0.46927872602275644
F5_LCTR5_oracle,attack_flow::OceanLotus::0001,attack_flow,OceanLotus,"[""T1204"",""T1059"",""T1105"",""T1053"",""T1078""]",0.46927872602275644,0.46927872602275644
F1_RR5_oracle,attack_flow::OceanLotus::0002,attack_flow,OceanLotus,"[""T1204"",""T1059"",""T1105"",""T1078"",""T1021""]",0.46927872602275644,0.46927872602275644
F2_C1R_oracle,attack_flow::OceanLotus::0002,attack_flow,OceanLotus,"[""T1204"",""T1059"",""T1105"",""T1078"",""T1021""]",0.46927872602275644,0.46927872602275644
F3_OSER_oracle,attack_flow::OceanLotus::0002,attack_flow,OceanLotus,"[""T1204"",""T1059"",""T1105"",""T1078"",""T1021""]",0.46927872602275644,0.46927872602275644
F4_LCB_RS_oracle,attack_flow::OceanLotus::0002,attack_flow,OceanLotus,"[""T1204"",""T1059"",""T1105"",""T1078"",""T1021""]",0.46927872602275644,0.46927872602275644
F5_LCTR5_oracle,attack_flow::OceanLotus::0002,attack_flow,OceanLotus,"[""T1204"",""T1059"",""T1105"",""T1078"",""T1021""]",0.46927872602275644,0.46927872602275644
F1_RR5_oracle,attack_flow::OceanLotus::0003,attack_flow,OceanLotus,"[""T1204"",""T1059"",""T1547"",""T1105"",""T1005""]",0.0,0.0
F2_C1R_oracle,attack_flow::OceanLotus::0003,attack_flow,OceanLotus,"[""T1204"",""T1059"",""T1547"",""T1105"",""T1005""]",0.0,0.0
F3_OSER_oracle,attack_flow::OceanLotus::0003,attack_flow,OceanLotus,"[""T1204"",""T1059"",""T1547"",""T1105"",""T1005""]",0.0,0.0
F4_LCB_RS_oracle,attack_flow::OceanLotus::0003,attack_flow,OceanLotus,"[""T1204"",""T1059"",""T1547"",""T1105"",""T1005""]",0.0,0.0
F5_LCTR5_oracle,attack_flow::OceanLotus::0003,attack_flow,OceanLotus,"[""T1204"",""T1059"",""T1547"",""T1105"",""T1005""]",0.0,0.0
F1_RR5_oracle,attack_flow::OceanLotus::0004,attack_flow,OceanLotus,"[""T1059"",""T1078"",""T1021"",""T1003"",""T1105""]",0.0,0.0
F2_C1R_oracle,attack_flow::OceanLotus::0004,attack_flow,OceanLotus,"[""T1059"",""T1078"",""T1021"",""T1003"",""T1070""]",0.18154179253735267,0.0
F3_OSER_oracle,attack_flow::OceanLotus::0004,attack_flow,OceanLotus,"[""T1016"",""T1018"",""T1070"",""T1057"",""T1059""]",0.23463936301137822,0.0
F4_LCB_RS_oracle,attack_flow::OceanLotus::0004,attack_flow,OceanLotus,"[""T1059"",""T1078"",""T1021"",""T1003"",""T1105""]",0.0,0.0
F5_LCTR5_oracle,attack_flow::OceanLotus::0004,attack_flow,OceanLotus,"[""T1059"",""T1078"",""T1021"",""T1003"",""T1105""]",0.0,0.0
F1_RR5_oracle,attack_flow::OceanLotus::0005,attack_flow,OceanLotus,"[""T1059"",""T1105"",""T1003"",""T1078"",""T1021""]",0.0,0.0
F2_C1R_oracle,attack_flow::OceanLotus::0005,attack_flow,OceanLotus,"[""T1059"",""T1105"",""T1003"",""T1078"",""T1070""]",0.18154179253735267,0.0
F3_OSER_oracle,attack_flow::OceanLotus::0005,attack_flow,OceanLotus,"[""T1059"",""T1105"",""T1003"",""T1078"",""T1021""]",0.0,0.0
F4_LCB_RS_oracle,attack_flow::OceanLotus::0005,attack_flow,OceanLotus,"[""T1059"",""T1105"",""T1003"",""T1078"",""T1021""]",0.0,0.0
F5_LCTR5_oracle,attack_flow::OceanLotus::0005,attack_flow,OceanLotus,"[""T1059"",""T1105"",""T1003"",""T1078"",""T1021""]",0.0,0.0
F1_RR5_oracle,attack_flow::OceanLotus::0006,attack_flow,OceanLotus,"[""T1059"",""T1071"",""T1005"",""T1057"",""T1547""]",0.0,0.0
F2_C1R_oracle,attack_flow::OceanLotus::0006,attack_flow,OceanLotus,"[""T1059"",""T1071"",""T1005"",""T1057"",""T1041""]",0.18154179253735267,0.0
F3_OSER_oracle,attack_flow::OceanLotus::0006,attack_flow,OceanLotus,"[""T1105"",""T1021"",""T1018"",""T1003"",""T1070""]",0.18154179253735267,0.0
F4_LCB_RS_oracle,attack_flow::OceanLotus::0006,attack_flow,OceanLotus,"[""T1059"",""T1071"",""T1005"",""T1057"",""T1547""]",0.0,0.0
F5_LCTR5_oracle,attack_flow::OceanLotus::0006,attack_flow,OceanLotus,"[""T1059"",""T1071"",""T1005"",""T1057"",""T1547""]",0.0,0.0
F1_RR5_oracle,attack_flow::OceanLotus::0007,attack_flow,OceanLotus,"[""T1059"",""T1003"",""T1021"",""T1105"",""T1078""]",0.0,0.0
F2_C1R_oracle,attack_flow::OceanLotus::0007,attack_flow,OceanLotus,"[""T1059"",""T1003"",""T1021"",""T1105"",""T1018""]",0.18154179253735267,0.0
F3_OSER_oracle,attack_flow::OceanLotus::0007,attack_flow,OceanLotus,"[""T1059"",""T1003"",""T1021"",""T1105"",""T1078""]",0.0,0.0
F4_LCB_RS_oracle,attack_flow::OceanLotus::0007,attack_flow,OceanLotus,"[""T1059"",""T1003"",""T1021"",""T1105"",""T1078""]",0.0,0.0
F5_LCTR5_oracle,attack_flow::OceanLotus::0007,attack_flow,OceanLotus,"[""T1059"",""T1003"",""T1021"",""T1105"",""T1078""]",0.0,0.0
F1_RR5_oracle,attack_flow::OceanLotus::0008,attack_flow,OceanLotus,"[""T1105"",""T1059"",""T1003"",""T1021"",""T1078""]",0.46927872602275644,0.23463936301137822
F2_C1R_oracle,attack_flow::OceanLotus::0008,attack_flow,OceanLotus,"[""T1059"",""T1003"",""T1105"",""T1021"",""T1018""]",0.41618115554873086,0.23463936301137822
F3_OSER_oracle,attack_flow::OceanLotus::0008,attack_flow,OceanLotus,"[""T1049"",""T1105"",""T1016"",""T1069"",""T1087""]",0.2960819109658652,0.23463936301137822
F4_LCB_RS_oracle,attack_flow::OceanLotus::0008,attack_flow,OceanLotus,"[""T1105"",""T1021"",""T1059"",""T1003"",""T1078""]",0.46927872602275644,0.23463936301137822
F5_LCTR5_oracle,attack_flow::OceanLotus::0008,attack_flow,OceanLotus,"[""T1105"",""T1059"",""T1003"",""T1021"",""T1078""]",0.46927872602275644,0.23463936301137822
F1_RR5_oracle,attack_flow::OceanLotus::0009,attack_flow,OceanLotus,"[""T1021"",""T1105"",""T1003"",""T1078"",""T1482""]",0.7653606369886217,0.4367467095119258
F2_C1R_oracle,attack_flow::OceanLotus::0009,attack_flow,OceanLotus,"[""T1003"",""T1078"",""T1021"",""T1105"",""T1018""]",0.6182885020492784,0.4367467095119258
F3_OSER_oracle,attack_flow::OceanLotus::0009,attack_flow,OceanLotus,"[""T1070"",""T1105"",""T1082"",""T1018"",""T1016""]",0.49818925746641285,0.4367467095119258
F4_LCB_RS_oracle,attack_flow::OceanLotus::0009,attack_flow,OceanLotus,"[""T1105"",""T1021"",""T1003"",""T1078"",""T1482""]",0.7653606369886217,0.4367467095119258
F5_LCTR5_oracle,attack_flow::OceanLotus::0009,attack_flow,OceanLotus,"[""T1105"",""T1003"",""T1078"",""T1021"",""T1482""]",0.6713860725233041,0.4367467095119258
F1_RR5_oracle,attack_flow::OceanLotus::0010,attack_flow,OceanLotus,"[""T1021"",""T1105"",""T1003"",""T1078"",""T1059""]",1.0,0.8772153153380493
F2_C1R_oracle,attack_flow::OceanLotus::0010,attack_flow,OceanLotus,"[""T1021"",""T1003"",""T1078"",""T1105"",""T1059""]",0.8772153153380493,0.8772153153380493
F3_OSER_oracle,attack_flow::OceanLotus::0010,attack_flow,OceanLotus,"[""T1021"",""T1105"",""T1018"",""T1003"",""T1016""]",1.0,0.8772153153380493
F4_LCB_RS_oracle,attack_flow::OceanLotus::0010,attack_flow,OceanLotus,"[""T1021"",""T1105"",""T1003"",""T1078"",""T1059""]",1.0,0.8772153153380493
F5_LCTR5_oracle,attack_flow::OceanLotus::0010,attack_flow,OceanLotus,"[""T1021"",""T1003"",""T1105"",""T1078"",""T1059""]",0.9197207891481876,0.8772153153380493
F1_RR5_oracle,attack_flow::OceanLotus::0011,attack_flow,OceanLotus,"[""T1021"",""T1059"",""T1003"",""T1078"",""T1105""]",1.0,0.8503449055347546
F2_C1R_oracle,attack_flow::OceanLotus::0011,attack_flow,OceanLotus,"[""T1021"",""T1003"",""T1078"",""T1105"",""T1059""]",0.8503449055347546,0.8503449055347546
F3_OSER_oracle,attack_flow::OceanLotus::0011,attack_flow,OceanLotus,"[""T1021"",""T1003"",""T1078"",""T1105"",""T1059""]",0.8503449055347546,0.8503449055347546
F4_LCB_RS_oracle,attack_flow::OceanLotus::0011,attack_flow,OceanLotus,"[""T1021"",""T1003"",""T1078"",""T1105"",""T1059""]",0.8503449055347546,0.8503449055347546
F5_LCTR5_oracle,attack_flow::OceanLotus::0011,attack_flow,OceanLotus,"[""T1021"",""T1003"",""T1059"",""T1105"",""T1078""]",0.9197207891481876,0.8503449055347546
F1_RR5_oracle,attack_flow::OceanLotus::0012,attack_flow,OceanLotus,"[""T1059"",""T1021"",""T1078"",""T1003"",""T1105""]",0.7653606369886217,0.6508205185601091
F2_C1R_oracle,attack_flow::OceanLotus::0012,attack_flow,OceanLotus,"[""T1059"",""T1078"",""T1003"",""T1105"",""T1021""]",0.6508205185601091,0.6508205185601091
F3_OSER_oracle,attack_flow::OceanLotus::0012,attack_flow,OceanLotus,"[""T1059"",""T1078"",""T1003"",""T1105"",""T1021""]",0.6508205185601091,0.6508205185601091
F4_LCB_RS_oracle,attack_flow::OceanLotus::0012,attack_flow,OceanLotus,"[""T1059"",""T1078"",""T1003"",""T1105"",""T1021""]",0.6508205185601091,0.6508205185601091
F5_LCTR5_oracle,attack_flow::OceanLotus::0012,attack_flow,OceanLotus,"[""T1059"",""T1105"",""T1021"",""T1078"",""T1003""]",0.7039180890341347,0.6508205185601091
F1_RR5_oracle,attack_flow::OceanLotus::0013,attack_flow,OceanLotus,"[""T1059"",""T1041"",""T1003"",""T1078"",""T1105""]",0.7653606369886217,0.6508205185601091
F2_C1R_oracle,attack_flow::OceanLotus::0013,attack_flow,OceanLotus,"[""T1059"",""T1003"",""T1078"",""T1105"",""T1041""]",0.6508205185601091,0.6508205185601091
F3_OSER_oracle,attack_flow::OceanLotus::0013,attack_flow,OceanLotus,"[""T1059"",""T1003"",""T1078"",""T1105"",""T1041""]",0.6508205185601091,0.6508205185601091
F4_LCB_RS_oracle,attack_flow::OceanLotus::0013,attack_flow,OceanLotus,"[""T1059"",""T1003"",""T1078"",""T1105"",""T1041""]",0.6508205185601091,0.6508205185601091
F5_LCTR5_oracle,attack_flow::OceanLotus::0013,attack_flow,OceanLotus,"[""T1059"",""T1003"",""T1078"",""T1105"",""T1041""]",0.6508205185601091,0.6508205185601091
F1_RR5_oracle,attack_flow::OceanLotus::0014,attack_flow,OceanLotus,"[""T1059"",""T1003"",""T1021"",""T1105"",""T1078""]",0.0,0.0
F2_C1R_oracle,attack_flow::OceanLotus::0014,attack_flow,OceanLotus,"[""T1059"",""T1003"",""T1021"",""T1105"",""T1041""]",0.18154179253735267,0.0
F3_OSER_oracle,attack_flow::OceanLotus::0014,attack_flow,OceanLotus,"[""T1105"",""T1070"",""T1016"",""T1041"",""T1003""]",0.20210734650054757,0.0
F4_LCB_RS_oracle,attack_flow::OceanLotus::0014,attack_flow,OceanLotus,"[""T1059"",""T1003"",""T1021"",""T1105"",""T1078""]",0.0,0.0
F5_LCTR5_oracle,attack_flow::OceanLotus::0014,attack_flow,OceanLotus,"[""T1059"",""T1003"",""T1021"",""T1105"",""T1078""]",0.0,0.0
F1_RR5_oracle,attack_flow::OceanLotus::0015,attack_flow,OceanLotus,"[""T1082"",""T1059"",""T1005"",""T1003"",""T1543""]",0.0,0.0
F2_C1R_oracle,attack_flow::OceanLotus::0015,attack_flow,OceanLotus,"[""T1082"",""T1059"",""T1005"",""T1003"",""T1543""]",0.0,0.0
F3_OSER_oracle,attack_flow::OceanLotus::0015,attack_flow,OceanLotus,"[""T1082"",""T1059"",""T1005"",""T1003"",""T1543""]",0.0,0.0
F4_LCB_RS_oracle,attack_flow::OceanLotus::0015,attack_flow,OceanLotus,"[""T1082"",""T1059"",""T1005"",""T1003"",""T1543""]",0.0,0.0
F5_LCTR5_oracle,attack_flow::OceanLotus::0015,attack_flow,OceanLotus,"[""T1082"",""T1059"",""T1005"",""T1003"",""T1543""]",0.0,0.0
F1_RR5_oracle,attack_flow::OceanLotus::0016,attack_flow,OceanLotus,"[""T1005"",""T1055"",""T1078"",""T1021"",""T1105""]",0.0,0.0
F2_C1R_oracle,attack_flow::OceanLotus::0016,attack_flow,OceanLotus,"[""T1005"",""T1055"",""T1078"",""T1021"",""T1105""]",0.0,0.0
F3_OSER_oracle,attack_flow::OceanLotus::0016,attack_flow,OceanLotus,"[""T1005"",""T1055"",""T1078"",""T1021"",""T1105""]",0.0,0.0
F4_LCB_RS_oracle,attack_flow::OceanLotus::0016,attack_flow,OceanLotus,"[""T1005"",""T1055"",""T1078"",""T1021"",""T1105""]",0.0,0.0
F5_LCTR5_oracle,attack_flow::OceanLotus::0016,attack_flow,OceanLotus,"[""T1005"",""T1055"",""T1078"",""T1021"",""T1105""]",0.0,0.0
F1_RR5_oracle,attack_flow::OceanLotus::0017,attack_flow,OceanLotus,"[""T1005"",""T1003"",""T1059"",""T1105"",""T1021""]",0.0,0.0
F2_C1R_oracle,attack_flow::OceanLotus::0017,attack_flow,OceanLotus,"[""T1005"",""T1003"",""T1059"",""T1105"",""T1021""]",0.0,0.0
F3_OSER_oracle,attack_flow::OceanLotus::0017,attack_flow,OceanLotus,"[""T1005"",""T1003"",""T1059"",""T1105"",""T1021""]",0.0,0.0
F4_LCB_RS_oracle,attack_flow::OceanLotus::0017,attack_flow,OceanLotus,"[""T1005"",""T1003"",""T1059"",""T1105"",""T1021""]",0.0,0.0
F5_LCTR5_oracle,attack_flow::OceanLotus::0017,attack_flow,OceanLotus,"[""T1005"",""T1003"",""T1059"",""T1105"",""T1021""]",0.0,0.0
F1_RR5_oracle,attack_flow::OceanLotus::0018,attack_flow,OceanLotus,"[""T1059"",""T1005"",""T1003"",""T1078"",""T1105""]",0.0,0.0
F2_C1R_oracle,attack_flow::OceanLotus::0018,attack_flow,OceanLotus,"[""T1059"",""T1005"",""T1003"",""T1078"",""T1041""]",0.18154179253735267,0.0
F3_OSER_oracle,attack_flow::OceanLotus::0018,attack_flow,OceanLotus,"[""T1059"",""T1005"",""T1003"",""T1078"",""T1105""]",0.0,0.0
F4_LCB_RS_oracle,attack_flow::OceanLotus::0018,attack_flow,OceanLotus,"[""T1059"",""T1005"",""T1003"",""T1078"",""T1105""]",0.0,0.0
F5_LCTR5_oracle,attack_flow::OceanLotus::0018,attack_flow,OceanLotus,"[""T1059"",""T1005"",""T1003"",""T1078"",""T1105""]",0.0,0.0
F1_RR5_oracle,attack_flow::OceanLotus::0019,attack_flow,OceanLotus,"[""T1005"",""T1003"",""T1059"",""T1105"",""T1078""]",0.0,0.0
F2_C1R_oracle,attack_flow::OceanLotus::0019,attack_flow,OceanLotus,"[""T1005"",""T1003"",""T1059"",""T1105"",""T1041""]",0.23719771276929622,0.0
F3_OSER_oracle,attack_flow::OceanLotus::0019,attack_flow,OceanLotus,"[""T1105"",""T1016"",""T1518"",""T1018"",""T1041""]",0.23719771276929622,0.0
F4_LCB_RS_oracle,attack_flow::OceanLotus::0019,attack_flow,OceanLotus,"[""T1005"",""T1003"",""T1059"",""T1105"",""T1078""]",0.0,0.0
F5_LCTR5_oracle,attack_flow::OceanLotus::0019,attack_flow,OceanLotus,"[""T1005"",""T1003"",""T1059"",""T1105"",""T1078""]",0.0,0.0
F1_RR5_oracle,attack_flow::OceanLotus::0020,attack_flow,OceanLotus,"[""T1005"",""T1003"",""T1059"",""T1021"",""T1070""]",0.0,0.0
F2_C1R_oracle,attack_flow::OceanLotus::0020,attack_flow,OceanLotus,"[""T1005"",""T1003"",""T1059"",""T1021"",""T1041""]",0.38685280723454163,0.0
F3_OSER_oracle,attack_flow::OceanLotus::0020,attack_flow,OceanLotus,"[""T1560"",""T1005"",""T1041"",""T1074"",""T1047""]",0.5,0.0
F4_LCB_RS_oracle,attack_flow::OceanLotus::0020,attack_flow,OceanLotus,"[""T1005"",""T1003"",""T1059"",""T1021"",""T1070""]",0.0,0.0
F5_LCTR5_oracle,attack_flow::OceanLotus::0020,attack_flow,OceanLotus,"[""T1005"",""T1003"",""T1059"",""T1021"",""T1070""]",0.0,0.0
F1_RR5_oracle,attack_flow::REvil::0001,attack_flow,REvil,"[""T1204"",""T1059"",""T1078"",""T1021"",""T1003""]",0.0,0.0
F2_C1R_oracle,attack_flow::REvil::0001,attack_flow,REvil,"[""T1204"",""T1059"",""T1078"",""T1021"",""T1003""]",0.0,0.0
F3_OSER_oracle,attack_flow::REvil::0001,attack_flow,REvil,"[""T1204"",""T1059"",""T1078"",""T1021"",""T1003""]",0.0,0.0
F4_LCB_RS_oracle,attack_flow::REvil::0001,attack_flow,REvil,"[""T1204"",""T1059"",""T1078"",""T1021"",""T1003""]",0.0,0.0
F5_LCTR5_oracle,attack_flow::REvil::0001,attack_flow,REvil,"[""T1204"",""T1059"",""T1078"",""T1021"",""T1003""]",0.0,0.0
F1_RR5_oracle,attack_flow::REvil::0002,attack_flow,REvil,"[""T1059"",""T1078"",""T1021"",""T1003"",""T1105""]",0.0,0.0
F2_C1R_oracle,attack_flow::REvil::0002,attack_flow,REvil,"[""T1059"",""T1078"",""T1021"",""T1003"",""T1105""]",0.0,0.0
F3_OSER_oracle,attack_flow::REvil::0002,attack_flow,REvil,"[""T1059"",""T1078"",""T1021"",""T1003"",""T1105""]",0.0,0.0
F4_LCB_RS_oracle,attack_flow::REvil::0002,attack_flow,REvil,"[""T1059"",""T1078"",""T1021"",""T1003"",""T1105""]",0.0,0.0
F5_LCTR5_oracle,attack_flow::REvil::0002,attack_flow,REvil,"[""T1059"",""T1078"",""T1021"",""T1003"",""T1105""]",0.0,0.0
F1_RR5_oracle,attack_flow::REvil::0003,attack_flow,REvil,"[""T1059"",""T1003"",""T1021"",""T1078"",""T1105""]",0.0,0.0
F2_C1R_oracle,attack_flow::REvil::0003,attack_flow,REvil,"[""T1059"",""T1003"",""T1021"",""T1078"",""T1105""]",0.0,0.0
F3_OSER_oracle,attack_flow::REvil::0003,attack_flow,REvil,"[""T1059"",""T1003"",""T1021"",""T1078"",""T1105""]",0.0,0.0
F4_LCB_RS_oracle,attack_flow::REvil::0003,attack_flow,REvil,"[""T1059"",""T1003"",""T1021"",""T1078"",""T1105""]",0.0,0.0
F5_LCTR5_oracle,attack_flow::REvil::0003,attack_flow,REvil,"[""T1059"",""T1003"",""T1021"",""T1078"",""T1105""]",0.0,0.0
F1_RR5_oracle,attack_flow::REvil::0004,attack_flow,REvil,"[""T1059"",""T1003"",""T1021"",""T1105"",""T1078""]",0.0,0.0
F2_C1R_oracle,attack_flow::REvil::0004,attack_flow,REvil,"[""T1059"",""T1003"",""T1021"",""T1105"",""T1078""]",0.0,0.0
F3_OSER_oracle,attack_flow::REvil::0004,attack_flow,REvil,"[""T1059"",""T1003"",""T1021"",""T1105"",""T1078""]",0.0,0.0
F4_LCB_RS_oracle,attack_flow::REvil::0004,attack_flow,REvil,"[""T1059"",""T1003"",""T1021"",""T1105"",""T1078""]",0.0,0.0
F5_LCTR5_oracle,attack_flow::REvil::0004,attack_flow,REvil,"[""T1059"",""T1003"",""T1021"",""T1105"",""T1078""]",0.0,0.0
F1_RR5_oracle,attack_flow::REvil::0005,attack_flow,REvil,"[""T1059"",""T1003"",""T1021"",""T1078"",""T1105""]",0.0,0.0
F2_C1R_oracle,attack_flow::REvil::0005,attack_flow,REvil,"[""T1059"",""T1003"",""T1021"",""T1078"",""T1105""]",0.0,0.0
F3_OSER_oracle,attack_flow::REvil::0005,attack_flow,REvil,"[""T1059"",""T1003"",""T1021"",""T1078"",""T1105""]",0.0,0.0
F4_LCB_RS_oracle,attack_flow::REvil::0005,attack_flow,REvil,"[""T1059"",""T1003"",""T1021"",""T1078"",""T1105""]",0.0,0.0
F5_LCTR5_oracle,attack_flow::REvil::0005,attack_flow,REvil,"[""T1059"",""T1003"",""T1021"",""T1078"",""T1105""]",0.0,0.0
F1_RR5_oracle,attack_flow::REvil::0006,attack_flow,REvil,"[""T1057"",""T1082"",""T1053"",""T1547"",""T1005""]",0.0,0.0
F2_C1R_oracle,attack_flow::REvil::0006,attack_flow,REvil,"[""T1057"",""T1082"",""T1053"",""T1547"",""T1005""]",0.0,0.0
F3_OSER_oracle,attack_flow::REvil::0006,attack_flow,REvil,"[""T1057"",""T1082"",""T1053"",""T1547"",""T1005""]",0.0,0.0
F4_LCB_RS_oracle,attack_flow::REvil::0006,attack_flow,REvil,"[""T1057"",""T1082"",""T1053"",""T1547"",""T1005""]",0.0,0.0
F5_LCTR5_oracle,attack_flow::REvil::0006,attack_flow,REvil,"[""T1057"",""T1082"",""T1053"",""T1547"",""T1005""]",0.0,0.0
F1_RR5_oracle,attack_flow::REvil::0007,attack_flow,REvil,"[""T1057"",""T1082"",""T1053"",""T1547"",""T1021""]",0.0,0.0
F2_C1R_oracle,attack_flow::REvil::0007,attack_flow,REvil,"[""T1057"",""T1082"",""T1053"",""T1547"",""T1021""]",0.0,0.0
F3_OSER_oracle,attack_flow::REvil::0007,attack_flow,REvil,"[""T1057"",""T1082"",""T1053"",""T1547"",""T1021""]",0.0,0.0
F4_LCB_RS_oracle,attack_flow::REvil::0007,attack_flow,REvil,"[""T1057"",""T1082"",""T1053"",""T1547"",""T1021""]",0.0,0.0
F5_LCTR5_oracle,attack_flow::REvil::0007,attack_flow,REvil,"[""T1057"",""T1082"",""T1053"",""T1547"",""T1021""]",0.0,0.0
F1_RR5_oracle,attack_flow::REvil::0008,attack_flow,REvil,"[""T1057"",""T1082"",""T1547"",""T1021"",""T1005""]",0.0,0.0
F2_C1R_oracle,attack_flow::REvil::0008,attack_flow,REvil,"[""T1057"",""T1082"",""T1547"",""T1021"",""T1005""]",0.0,0.0
F3_OSER_oracle,attack_flow::REvil::0008,attack_flow,REvil,"[""T1057"",""T1082"",""T1547"",""T1021"",""T1005""]",0.0,0.0
F4_LCB_RS_oracle,attack_flow::REvil::0008,attack_flow,REvil,"[""T1057"",""T1082"",""T1547"",""T1021"",""T1005""]",0.0,0.0
F5_LCTR5_oracle,attack_flow::REvil::0008,attack_flow,REvil,"[""T1057"",""T1082"",""T1547"",""T1021"",""T1005""]",0.0,0.0
F1_RR5_oracle,attack_flow::REvil::0009,attack_flow,REvil,"[""T1059"",""T1005"",""T1547"",""T1021"",""T1486""]",0.46927872602275644,0.46927872602275644
F2_C1R_oracle,attack_flow::REvil::0009,attack_flow,REvil,"[""T1059"",""T1005"",""T1547"",""T1021"",""T1490""]",0.6508205185601091,0.46927872602275644
F3_OSER_oracle,attack_flow::REvil::0009,attack_flow,REvil,"[""T1059"",""T1005"",""T1547"",""T1021"",""T1486""]",0.46927872602275644,0.46927872602275644
F4_LCB_RS_oracle,attack_flow::REvil::0009,attack_flow,REvil,"[""T1059"",""T1005"",""T1547"",""T1021"",""T1490""]",0.6508205185601091,0.46927872602275644
F5_LCTR5_oracle,attack_flow::REvil::0009,attack_flow,REvil,"[""T1059"",""T1005"",""T1547"",""T1021"",""T1486""]",0.46927872602275644,0.46927872602275644
F1_RR5_oracle,attack_flow::REvil::0010,attack_flow,REvil,"[""T1059"",""T1003"",""T1021"",""T1078"",""T1105""]",0.0,0.0
F2_C1R_oracle,attack_flow::REvil::0010,attack_flow,REvil,"[""T1059"",""T1003"",""T1021"",""T1078"",""T1105""]",0.0,0.0
F3_OSER_oracle,attack_flow::REvil::0010,attack_flow,REvil,"[""T1059"",""T1003"",""T1021"",""T1078"",""T1105""]",0.0,0.0
F4_LCB_RS_oracle,attack_flow::REvil::0010,attack_flow,REvil,"[""T1059"",""T1003"",""T1021"",""T1078"",""T1105""]",0.0,0.0
F5_LCTR5_oracle,attack_flow::REvil::0010,attack_flow,REvil,"[""T1059"",""T1003"",""T1021"",""T1078"",""T1105""]",0.0,0.0
F1_RR5_oracle,attack_flow::REvil::0011,attack_flow,REvil,"[""T1059"",""T1003"",""T1021"",""T1078"",""T1105""]",0.0,0.0
F2_C1R_oracle,attack_flow::REvil::0011,attack_flow,REvil,"[""T1059"",""T1003"",""T1021"",""T1078"",""T1105""]",0.0,0.0
F3_OSER_oracle,attack_flow::REvil::0011,attack_flow,REvil,"[""T1059"",""T1003"",""T1021"",""T1078"",""T1105""]",0.0,0.0
F4_LCB_RS_oracle,attack_flow::REvil::0011,attack_flow,REvil,"[""T1059"",""T1003"",""T1021"",""T1078"",""T1105""]",0.0,0.0
F5_LCTR5_oracle,attack_flow::REvil::0011,attack_flow,REvil,"[""T1059"",""T1003"",""T1021"",""T1078"",""T1105""]",0.0,0.0
F1_RR5_oracle,attack_flow::REvil::0012,attack_flow,REvil,"[""T1486"",""T1070"",""T1021"",""T1005"",""T1053""]",0.46927872602275644,0.46927872602275644
F2_C1R_oracle,attack_flow::REvil::0012,attack_flow,REvil,"[""T1486"",""T1070"",""T1021"",""T1005"",""T1053""]",0.46927872602275644,0.46927872602275644
F3_OSER_oracle,attack_flow::REvil::0012,attack_flow,REvil,"[""T1486"",""T1070"",""T1021"",""T1005"",""T1053""]",0.46927872602275644,0.46927872602275644
F4_LCB_RS_oracle,attack_flow::REvil::0012,attack_flow,REvil,"[""T1486"",""T1070"",""T1021"",""T1005"",""T1053""]",0.46927872602275644,0.46927872602275644
F5_LCTR5_oracle,attack_flow::REvil::0012,attack_flow,REvil,"[""T1486"",""T1070"",""T1021"",""T1005"",""T1053""]",0.46927872602275644,0.46927872602275644
F1_RR5_oracle,attack_flow::REvil::0013,attack_flow,REvil,"[""T1486"",""T1003"",""T1021"",""T1078"",""T1105""]",0.46927872602275644,0.46927872602275644
F2_C1R_oracle,attack_flow::REvil::0013,attack_flow,REvil,"[""T1486"",""T1003"",""T1021"",""T1078"",""T1105""]",0.46927872602275644,0.46927872602275644
F3_OSER_oracle,attack_flow::REvil::0013,attack_flow,REvil,"[""T1486"",""T1003"",""T1021"",""T1078"",""T1105""]",0.46927872602275644,0.46927872602275644
F4_LCB_RS_oracle,attack_flow::REvil::0013,attack_flow,REvil,"[""T1486"",""T1003"",""T1021"",""T1078"",""T1105""]",0.46927872602275644,0.46927872602275644
F5_LCTR5_oracle,attack_flow::REvil::0013,attack_flow,REvil,"[""T1486"",""T1003"",""T1021"",""T1078"",""T1105""]",0.46927872602275644,0.46927872602275644
F1_RR5_oracle,attack_flow::REvil::0014,attack_flow,REvil,"[""T1486"",""T1005"",""T1078"",""T1021"",""T1003""]",0.46927872602275644,0.46927872602275644
F2_C1R_oracle,attack_flow::REvil::0014,attack_flow,REvil,"[""T1486"",""T1005"",""T1078"",""T1021"",""T1003""]",0.46927872602275644,0.46927872602275644
F3_OSER_oracle,attack_flow::REvil::0014,attack_flow,REvil,"[""T1486"",""T1005"",""T1078"",""T1021"",""T1003""]",0.46927872602275644,0.46927872602275644
F4_LCB_RS_oracle,attack_flow::REvil::0014,attack_flow,REvil,"[""T1486"",""T1005"",""T1078"",""T1021"",""T1003""]",0.46927872602275644,0.46927872602275644
F5_LCTR5_oracle,attack_flow::REvil::0014,attack_flow,REvil,"[""T1486"",""T1005"",""T1078"",""T1021"",""T1003""]",0.46927872602275644,0.46927872602275644
F1_RR5_oracle,attack_flow::REvil::0015,attack_flow,REvil,"[""T1021"",""T1070"",""T1486"",""T1059"",""T1005""]",0.0,0.0
F2_C1R_oracle,attack_flow::REvil::0015,attack_flow,REvil,"[""T1021"",""T1070"",""T1486"",""T1059"",""T1005""]",0.0,0.0
F3_OSER_oracle,attack_flow::REvil::0015,attack_flow,REvil,"[""T1021"",""T1070"",""T1486"",""T1059"",""T1005""]",0.0,0.0
F4_LCB_RS_oracle,attack_flow::REvil::0015,attack_flow,REvil,"[""T1021"",""T1070"",""T1486"",""T1059"",""T1005""]",0.0,0.0
F5_LCTR5_oracle,attack_flow::REvil::0015,attack_flow,REvil,"[""T1021"",""T1070"",""T1486"",""T1059"",""T1005""]",0.0,0.0
F1_RR5_oracle,attack_flow::REvil::0016,attack_flow,REvil,"[""T1070"",""T1021"",""T1005"",""T1053"",""T1105""]",0.0,0.0
F2_C1R_oracle,attack_flow::REvil::0016,attack_flow,REvil,"[""T1070"",""T1021"",""T1005"",""T1053"",""T1041""]",0.18154179253735267,0.0
F3_OSER_oracle,attack_flow::REvil::0016,attack_flow,REvil,"[""T1070"",""T1021"",""T1005"",""T1053"",""T1105""]",0.0,0.0
F4_LCB_RS_oracle,attack_flow::REvil::0016,attack_flow,REvil,"[""T1070"",""T1021"",""T1005"",""T1053"",""T1105""]",0.0,0.0
F5_LCTR5_oracle,attack_flow::REvil::0016,attack_flow,REvil,"[""T1070"",""T1021"",""T1005"",""T1053"",""T1105""]",0.0,0.0
F1_RR5_oracle,attack_flow::REvil::0017,attack_flow,REvil,"[""T1021"",""T1070"",""T1547"",""T1105"",""T1005""]",0.0,0.0
F2_C1R_oracle,attack_flow::REvil::0017,attack_flow,REvil,"[""T1021"",""T1070"",""T1547"",""T1105"",""T1005""]",0.0,0.0
F3_OSER_oracle,attack_flow::REvil::0017,attack_flow,REvil,"[""T1021"",""T1070"",""T1547"",""T1105"",""T1005""]",0.0,0.0
F4_LCB_RS_oracle,attack_flow::REvil::0017,attack_flow,REvil,"[""T1021"",""T1070"",""T1547"",""T1105"",""T1005""]",0.0,0.0
F5_LCTR5_oracle,attack_flow::REvil::0017,attack_flow,REvil,"[""T1021"",""T1070"",""T1547"",""T1105"",""T1005""]",0.0,0.0
F1_RR5_oracle,attack_flow::REvil::0018,attack_flow,REvil,"[""T1486"",""T1485"",""T1490"",""T1078"",""T1105""]",0.0,0.0
F2_C1R_oracle,attack_flow::REvil::0018,attack_flow,REvil,"[""T1486"",""T1485"",""T1490"",""T1078"",""T1041""]",0.38685280723454163,0.0
F3_OSER_oracle,attack_flow::REvil::0018,attack_flow,REvil,"[""T1105"",""T1041"",""T1567"",""T1048"",""T1486""]",0.6309297535714575,0.0
F4_LCB_RS_oracle,attack_flow::REvil::0018,attack_flow,REvil,"[""T1486"",""T1485"",""T1490"",""T1078"",""T1041""]",0.38685280723454163,0.0
F5_LCTR5_oracle,attack_flow::REvil::0018,attack_flow,REvil,"[""T1486"",""T1485"",""T1490"",""T1078"",""T1105""]",0.0,0.0
F1_RR5_oracle,attack_flow::Ragnar Locker::0001,attack_flow,Ragnar Locker,"[""T1078"",""T1021"",""T1069"",""T1003"",""T1059""]",0.0,0.0
F2_C1R_oracle,attack_flow::Ragnar Locker::0001,attack_flow,Ragnar Locker,"[""T1078"",""T1021"",""T1069"",""T1003"",""T1059""]",0.0,0.0
F3_OSER_oracle,attack_flow::Ragnar Locker::0001,attack_flow,Ragnar Locker,"[""T1078"",""T1021"",""T1069"",""T1003"",""T1059""]",0.0,0.0
F4_LCB_RS_oracle,attack_flow::Ragnar Locker::0001,attack_flow,Ragnar Locker,"[""T1078"",""T1021"",""T1069"",""T1003"",""T1059""]",0.0,0.0
F5_LCTR5_oracle,attack_flow::Ragnar Locker::0001,attack_flow,Ragnar Locker,"[""T1078"",""T1021"",""T1069"",""T1003"",""T1059""]",0.0,0.0
F1_RR5_oracle,attack_flow::Ragnar Locker::0002,attack_flow,Ragnar Locker,"[""T1078"",""T1021"",""T1003"",""T1059"",""T1136""]",0.0,0.0
F2_C1R_oracle,attack_flow::Ragnar Locker::0002,attack_flow,Ragnar Locker,"[""T1078"",""T1021"",""T1003"",""T1059"",""T1105""]",0.18154179253735267,0.0
F3_OSER_oracle,attack_flow::Ragnar Locker::0002,attack_flow,Ragnar Locker,"[""T1105"",""T1018"",""T1057"",""T1033"",""T1560""]",0.46927872602275644,0.0
F4_LCB_RS_oracle,attack_flow::Ragnar Locker::0002,attack_flow,Ragnar Locker,"[""T1078"",""T1021"",""T1003"",""T1059"",""T1105""]",0.18154179253735267,0.0
F5_LCTR5_oracle,attack_flow::Ragnar Locker::0002,attack_flow,Ragnar Locker,"[""T1078"",""T1021"",""T1003"",""T1059"",""T1136""]",0.0,0.0
F1_RR5_oracle,attack_flow::Ragnar Locker::0003,attack_flow,Ragnar Locker,"[""T1021"",""T1003"",""T1078"",""T1059"",""T1136""]",0.0,0.0
F2_C1R_oracle,attack_flow::Ragnar Locker::0003,attack_flow,Ragnar Locker,"[""T1021"",""T1003"",""T1078"",""T1059"",""T1105""]",0.23719771276929622,0.0
F3_OSER_oracle,attack_flow::Ragnar Locker::0003,attack_flow,Ragnar Locker,"[""T1105"",""T1021"",""T1018"",""T1003"",""T1070""]",0.6131471927654584,0.0
F4_LCB_RS_oracle,attack_flow::Ragnar Locker::0003,attack_flow,Ragnar Locker,"[""T1021"",""T1003"",""T1078"",""T1059"",""T1105""]",0.23719771276929622,0.0
F5_LCTR5_oracle,attack_flow::Ragnar Locker::0003,attack_flow,Ragnar Locker,"[""T1021"",""T1003"",""T1078"",""T1059"",""T1136""]",0.0,0.0
F1_RR5_oracle,attack_flow::Ragnar Locker::0004,attack_flow,Ragnar Locker,"[""T1021"",""T1059"",""T1003"",""T1078"",""T1543""]",0.0,0.0
F2_C1R_oracle,attack_flow::Ragnar Locker::0004,attack_flow,Ragnar Locker,"[""T1021"",""T1059"",""T1003"",""T1078"",""T1105""]",0.23719771276929622,0.0
F3_OSER_oracle,attack_flow::Ragnar Locker::0004,attack_flow,Ragnar Locker,"[""T1218"",""T1105"",""T1021"",""T1018"",""T1003""]",0.38685280723454163,0.0
F4_LCB_RS_oracle,attack_flow::Ragnar Locker::0004,attack_flow,Ragnar Locker,"[""T1021"",""T1059"",""T1003"",""T1078"",""T1543""]",0.0,0.0
F5_LCTR5_oracle,attack_flow::Ragnar Locker::0004,attack_flow,Ragnar Locker,"[""T1021"",""T1059"",""T1003"",""T1078"",""T1543""]",0.0,0.0
F1_RR5_oracle,attack_flow::Ragnar Locker::0005,attack_flow,Ragnar Locker,"[""T1021"",""T1003"",""T1059"",""T1078"",""T1562""]",0.0,0.0
F2_C1R_oracle,attack_flow::Ragnar Locker::0005,attack_flow,Ragnar Locker,"[""T1021"",""T1003"",""T1059"",""T1078"",""T1105""]",0.18154179253735267,0.0
F3_OSER_oracle,attack_flow::Ragnar Locker::0005,attack_flow,Ragnar Locker,"[""T1105"",""T1486"",""T1041"",""T1489"",""T1490""]",0.6713860725233041,0.0
F4_LCB_RS_oracle,attack_flow::Ragnar Locker::0005,attack_flow,Ragnar Locker,"[""T1021"",""T1003"",""T1059"",""T1078"",""T1105""]",0.18154179253735267,0.0
F5_LCTR5_oracle,attack_flow::Ragnar Locker::0005,attack_flow,Ragnar Locker,"[""T1021"",""T1003"",""T1059"",""T1078"",""T1562""]",0.0,0.0
F1_RR5_oracle,attack_flow::Ragnar Locker::0006,attack_flow,Ragnar Locker,"[""T1021"",""T1003"",""T1059"",""T1078"",""T1547""]",0.0,0.0
F2_C1R_oracle,attack_flow::Ragnar Locker::0006,attack_flow,Ragnar Locker,"[""T1021"",""T1003"",""T1059"",""T1078"",""T1547""]",0.0,0.0
F3_OSER_oracle,attack_flow::Ragnar Locker::0006,attack_flow,Ragnar Locker,"[""T1105"",""T1486"",""T1041"",""T1489"",""T1490""]",0.20210734650054757,0.0
F4_LCB_RS_oracle,attack_flow::Ragnar Locker::0006,attack_flow,Ragnar Locker,"[""T1021"",""T1003"",""T1059"",""T1078"",""T1547""]",0.0,0.0
F5_LCTR5_oracle,attack_flow::Ragnar Locker::0006,attack_flow,Ragnar Locker,"[""T1021"",""T1003"",""T1059"",""T1078"",""T1547""]",0.0,0.0
F1_RR5_oracle,attack_flow::Ragnar Locker::0007,attack_flow,Ragnar Locker,"[""T1059"",""T1003"",""T1021"",""T1078"",""T1486""]",0.0,0.0
F2_C1R_oracle,attack_flow::Ragnar Locker::0007,attack_flow,Ragnar Locker,"[""T1059"",""T1003"",""T1021"",""T1078"",""T1486""]",0.0,0.0
F3_OSER_oracle,attack_flow::Ragnar Locker::0007,attack_flow,Ragnar Locker,"[""T1059"",""T1003"",""T1021"",""T1078"",""T1486""]",0.0,0.0
F4_LCB_RS_oracle,attack_flow::Ragnar Locker::0007,attack_flow,Ragnar Locker,"[""T1059"",""T1003"",""T1021"",""T1078"",""T1486""]",0.0,0.0
F5_LCTR5_oracle,attack_flow::Ragnar Locker::0007,attack_flow,Ragnar Locker,"[""T1059"",""T1003"",""T1021"",""T1078"",""T1486""]",0.0,0.0
F1_RR5_oracle,attack_flow::Ragnar Locker::0008,attack_flow,Ragnar Locker,"[""T1486"",""T1059"",""T1005"",""T1070"",""T1027""]",0.0,0.0
F2_C1R_oracle,attack_flow::Ragnar Locker::0008,attack_flow,Ragnar Locker,"[""T1486"",""T1059"",""T1005"",""T1070"",""T1027""]",0.0,0.0
F3_OSER_oracle,attack_flow::Ragnar Locker::0008,attack_flow,Ragnar Locker,"[""T1486"",""T1059"",""T1005"",""T1070"",""T1027""]",0.0,0.0
F4_LCB_RS_oracle,attack_flow::Ragnar Locker::0008,attack_flow,Ragnar Locker,"[""T1486"",""T1059"",""T1005"",""T1070"",""T1027""]",0.0,0.0
F5_LCTR5_oracle,attack_flow::Ragnar Locker::0008,attack_flow,Ragnar Locker,"[""T1486"",""T1059"",""T1005"",""T1070"",""T1027""]",0.0,0.0
F1_RR5_oracle,attack_flow::Ragnar Locker::0009,attack_flow,Ragnar Locker,"[""T1486"",""T1078"",""T1021"",""T1059"",""T1562""]",0.0,0.0
F2_C1R_oracle,attack_flow::Ragnar Locker::0009,attack_flow,Ragnar Locker,"[""T1486"",""T1078"",""T1021"",""T1059"",""T1562""]",0.0,0.0
F3_OSER_oracle,attack_flow::Ragnar Locker::0009,attack_flow,Ragnar Locker,"[""T1486"",""T1078"",""T1021"",""T1059"",""T1562""]",0.0,0.0
F4_LCB_RS_oracle,attack_flow::Ragnar Locker::0009,attack_flow,Ragnar Locker,"[""T1486"",""T1078"",""T1021"",""T1059"",""T1562""]",0.0,0.0
F5_LCTR5_oracle,attack_flow::Ragnar Locker::0009,attack_flow,Ragnar Locker,"[""T1486"",""T1078"",""T1021"",""T1059"",""T1562""]",0.0,0.0
F1_RR5_oracle,attack_flow::Ragnar Locker::0010,attack_flow,Ragnar Locker,"[""T1486"",""T1027"",""T1059"",""T1005"",""T1078""]",0.7653606369886217,0.6508205185601091
F2_C1R_oracle,attack_flow::Ragnar Locker::0010,attack_flow,Ragnar Locker,"[""T1486"",""T1059"",""T1005"",""T1078"",""T1027""]",0.6508205185601091,0.6508205185601091
F3_OSER_oracle,attack_flow::Ragnar Locker::0010,attack_flow,Ragnar Locker,"[""T1486"",""T1059"",""T1005"",""T1078"",""T1027""]",0.6508205185601091,0.6508205185601091
F4_LCB_RS_oracle,attack_flow::Ragnar Locker::0010,attack_flow,Ragnar Locker,"[""T1486"",""T1059"",""T1005"",""T1078"",""T1027""]",0.6508205185601091,0.6508205185601091
F5_LCTR5_oracle,attack_flow::Ragnar Locker::0010,attack_flow,Ragnar Locker,"[""T1486"",""T1059"",""T1005"",""T1078"",""T1027""]",0.6508205185601091,0.6508205185601091
F1_RR5_oracle,attack_flow::Ragnar Locker::0011,attack_flow,Ragnar Locker,"[""T1486"",""T1027"",""T1070"",""T1059"",""T1005""]",1.0,0.8772153153380493
F2_C1R_oracle,attack_flow::Ragnar Locker::0011,attack_flow,Ragnar Locker,"[""T1486"",""T1070"",""T1059"",""T1027"",""T1005""]",0.8772153153380493,0.8772153153380493
F3_OSER_oracle,attack_flow::Ragnar Locker::0011,attack_flow,Ragnar Locker,"[""T1486"",""T1070"",""T1059"",""T1027"",""T1005""]",0.8772153153380493,0.8772153153380493
F4_LCB_RS_oracle,attack_flow::Ragnar Locker::0011,attack_flow,Ragnar Locker,"[""T1486"",""T1070"",""T1059"",""T1027"",""T1005""]",0.8772153153380493,0.8772153153380493
F5_LCTR5_oracle,attack_flow::Ragnar Locker::0011,attack_flow,Ragnar Locker,"[""T1486"",""T1070"",""T1059"",""T1027"",""T1005""]",0.8772153153380493,0.8772153153380493
F1_RR5_oracle,attack_flow::Ragnar Locker::0012,attack_flow,Ragnar Locker,"[""T1486"",""T1059"",""T1070"",""T1005"",""T1562""]",1.0,1.0
F2_C1R_oracle,attack_flow::Ragnar Locker::0012,attack_flow,Ragnar Locker,"[""T1486"",""T1059"",""T1070"",""T1005"",""T1562""]",1.0,1.0
F3_OSER_oracle,attack_flow::Ragnar Locker::0012,attack_flow,Ragnar Locker,"[""T1486"",""T1059"",""T1070"",""T1005"",""T1562""]",1.0,1.0
F4_LCB_RS_oracle,attack_flow::Ragnar Locker::0012,attack_flow,Ragnar Locker,"[""T1486"",""T1059"",""T1070"",""T1005"",""T1562""]",1.0,1.0
F5_LCTR5_oracle,attack_flow::Ragnar Locker::0012,attack_flow,Ragnar Locker,"[""T1486"",""T1059"",""T1070"",""T1005"",""T1562""]",1.0,1.0
F1_RR5_oracle,attack_flow::SWIFT Heist::0001,attack_flow,SWIFT Heist,"[""T1105"",""T1078"",""T1204"",""T1059"",""T1053""]",0.7653606369886217,0.41618115554873086
F2_C1R_oracle,attack_flow::SWIFT Heist::0001,attack_flow,SWIFT Heist,"[""T1204"",""T1059"",""T1105"",""T1053"",""T1078""]",0.41618115554873086,0.41618115554873086
F3_OSER_oracle,attack_flow::SWIFT Heist::0001,attack_flow,SWIFT Heist,"[""T1204"",""T1059"",""T1105"",""T1053"",""T1078""]",0.41618115554873086,0.41618115554873086
F4_LCB_RS_oracle,attack_flow::SWIFT Heist::0001,attack_flow,SWIFT Heist,"[""T1204"",""T1059"",""T1105"",""T1053"",""T1078""]",0.41618115554873086,0.41618115554873086
F5_LCTR5_oracle,attack_flow::SWIFT Heist::0001,attack_flow,SWIFT Heist,"[""T1204"",""T1059"",""T1105"",""T1053"",""T1078""]",0.41618115554873086,0.41618115554873086
F1_RR5_oracle,attack_flow::SWIFT Heist::0002,attack_flow,SWIFT Heist,"[""T1105"",""T1078"",""T1021"",""T1003"",""T1059""]",0.46927872602275644,0.18154179253735267
F2_C1R_oracle,attack_flow::SWIFT Heist::0002,attack_flow,SWIFT Heist,"[""T1078"",""T1021"",""T1003"",""T1059"",""T1105""]",0.18154179253735267,0.18154179253735267
F3_OSER_oracle,attack_flow::SWIFT Heist::0002,attack_flow,SWIFT Heist,"[""T1082"",""T1547"",""T1204"",""T1105"",""T1021""]",0.20210734650054757,0.18154179253735267
F4_LCB_RS_oracle,attack_flow::SWIFT Heist::0002,attack_flow,SWIFT Heist,"[""T1105"",""T1021"",""T1003"",""T1059"",""T1078""]",0.46927872602275644,0.18154179253735267
F5_LCTR5_oracle,attack_flow::SWIFT Heist::0002,attack_flow,SWIFT Heist,"[""T1078"",""T1021"",""T1003"",""T1059"",""T1105""]",0.18154179253735267,0.18154179253735267
F1_RR5_oracle,attack_flow::SWIFT Heist::0003,attack_flow,SWIFT Heist,"[""T1078"",""T1021"",""T1003"",""T1059"",""T1136""]",0.0,0.0
F2_C1R_oracle,attack_flow::SWIFT Heist::0003,attack_flow,SWIFT Heist,"[""T1078"",""T1021"",""T1003"",""T1059"",""T1070""]",0.23719771276929622,0.0
F3_OSER_oracle,attack_flow::SWIFT Heist::0003,attack_flow,SWIFT Heist,"[""T1105"",""T1021"",""T1070"",""T1003"",""T1547""]",0.3065735963827292,0.0
F4_LCB_RS_oracle,attack_flow::SWIFT Heist::0003,attack_flow,SWIFT Heist,"[""T1078"",""T1021"",""T1003"",""T1059"",""T1136""]",0.0,0.0
F5_LCTR5_oracle,attack_flow::SWIFT Heist::0003,attack_flow,SWIFT Heist,"[""T1078"",""T1021"",""T1003"",""T1059"",""T1136""]",0.0,0.0
F1_RR5_oracle,attack_flow::SWIFT Heist::0004,attack_flow,SWIFT Heist,"[""T1021"",""T1003"",""T1059"",""T1078"",""T1105""]",0.0,0.0
F2_C1R_oracle,attack_flow::SWIFT Heist::0004,attack_flow,SWIFT Heist,"[""T1021"",""T1003"",""T1059"",""T1078"",""T1105""]",0.0,0.0
F3_OSER_oracle,attack_flow::SWIFT Heist::0004,attack_flow,SWIFT Heist,"[""T1021"",""T1003"",""T1059"",""T1078"",""T1105""]",0.0,0.0
F4_LCB_RS_oracle,attack_flow::SWIFT Heist::0004,attack_flow,SWIFT Heist,"[""T1021"",""T1003"",""T1059"",""T1078"",""T1105""]",0.0,0.0
F5_LCTR5_oracle,attack_flow::SWIFT Heist::0004,attack_flow,SWIFT Heist,"[""T1021"",""T1003"",""T1059"",""T1078"",""T1105""]",0.0,0.0
F1_RR5_oracle,attack_flow::SearchAwesome Adware::0001,attack_flow,SearchAwesome Adware,"[""T1105"",""T1059"",""T1547"",""T1078"",""T1003""]",0.46927872602275644,0.18154179253735267
F2_C1R_oracle,attack_flow::SearchAwesome Adware::0001,attack_flow,SearchAwesome Adware,"[""T1059"",""T1547"",""T1078"",""T1003"",""T1105""]",0.18154179253735267,0.18154179253735267
F3_OSER_oracle,attack_flow::SearchAwesome Adware::0001,attack_flow,SearchAwesome Adware,"[""T1082"",""T1105"",""T1070"",""T1057"",""T1069""]",0.2960819109658652,0.18154179253735267
F4_LCB_RS_oracle,attack_flow::SearchAwesome Adware::0001,attack_flow,SearchAwesome Adware,"[""T1105"",""T1059"",""T1547"",""T1003"",""T1078""]",0.46927872602275644,0.18154179253735267
F5_LCTR5_oracle,attack_flow::SearchAwesome Adware::0001,attack_flow,SearchAwesome Adware,"[""T1059"",""T1105"",""T1547"",""T1078"",""T1003""]",0.2960819109658652,0.18154179253735267
F1_RR5_oracle,attack_flow::SearchAwesome Adware::0002,attack_flow,SearchAwesome Adware,"[""T1059"",""T1003"",""T1021"",""T1078"",""T1105""]",0.0,0.0
F2_C1R_oracle,attack_flow::SearchAwesome Adware::0002,attack_flow,SearchAwesome Adware,"[""T1059"",""T1003"",""T1021"",""T1078"",""T1105""]",0.0,0.0
F3_OSER_oracle,attack_flow::SearchAwesome Adware::0002,attack_flow,SearchAwesome Adware,"[""T1059"",""T1003"",""T1021"",""T1078"",""T1105""]",0.0,0.0
F4_LCB_RS_oracle,attack_flow::SearchAwesome Adware::0002,attack_flow,SearchAwesome Adware,"[""T1059"",""T1003"",""T1021"",""T1078"",""T1105""]",0.0,0.0
F5_LCTR5_oracle,attack_flow::SearchAwesome Adware::0002,attack_flow,SearchAwesome Adware,"[""T1059"",""T1003"",""T1021"",""T1078"",""T1105""]",0.0,0.0
F1_RR5_oracle,attack_flow::SearchAwesome Adware::0003,attack_flow,SearchAwesome Adware,"[""T1105"",""T1059"",""T1078"",""T1021"",""T1003""]",0.46927872602275644,0.18154179253735267
F2_C1R_oracle,attack_flow::SearchAwesome Adware::0003,attack_flow,SearchAwesome Adware,"[""T1059"",""T1078"",""T1021"",""T1003"",""T1105""]",0.18154179253735267,0.18154179253735267
F3_OSER_oracle,attack_flow::SearchAwesome Adware::0003,attack_flow,SearchAwesome Adware,"[""T1105"",""T1021"",""T1018"",""T1003"",""T1070""]",0.46927872602275644,0.18154179253735267
F4_LCB_RS_oracle,attack_flow::SearchAwesome Adware::0003,attack_flow,SearchAwesome Adware,"[""T1105"",""T1021"",""T1003"",""T1059"",""T1078""]",0.46927872602275644,0.18154179253735267
F5_LCTR5_oracle,attack_flow::SearchAwesome Adware::0003,attack_flow,SearchAwesome Adware,"[""T1059"",""T1078"",""T1021"",""T1003"",""T1105""]",0.18154179253735267,0.18154179253735267
F1_RR5_oracle,attack_flow::SearchAwesome Adware::0004,attack_flow,SearchAwesome Adware,"[""T1059"",""T1003"",""T1021"",""T1078"",""T1040""]",0.0,0.0
F2_C1R_oracle,attack_flow::SearchAwesome Adware::0004,attack_flow,SearchAwesome Adware,"[""T1059"",""T1003"",""T1021"",""T1078"",""T1105""]",0.18154179253735267,0.0
F3_OSER_oracle,attack_flow::SearchAwesome Adware::0004,attack_flow,SearchAwesome Adware,"[""T1105"",""T1021"",""T1018"",""T1003"",""T1070""]",0.46927872602275644,0.0
F4_LCB_RS_oracle,attack_flow::SearchAwesome Adware::0004,attack_flow,SearchAwesome Adware,"[""T1059"",""T1003"",""T1021"",""T1078"",""T1105""]",0.18154179253735267,0.0
F5_LCTR5_oracle,attack_flow::SearchAwesome Adware::0004,attack_flow,SearchAwesome Adware,"[""T1059"",""T1003"",""T1021"",""T1078"",""T1040""]",0.0,0.0
F1_RR5_oracle,attack_flow::SearchAwesome Adware::0005,attack_flow,SearchAwesome Adware,"[""T1557"",""T1553"",""T1003"",""T1021"",""T1078""]",0.0,0.0
F2_C1R_oracle,attack_flow::SearchAwesome Adware::0005,attack_flow,SearchAwesome Adware,"[""T1557"",""T1553"",""T1003"",""T1021"",""T1105""]",0.18154179253735267,0.0
F3_OSER_oracle,attack_flow::SearchAwesome Adware::0005,attack_flow,SearchAwesome Adware,"[""T1105"",""T1021"",""T1018"",""T1003"",""T1070""]",0.46927872602275644,0.0
F4_LCB_RS_oracle,attack_flow::SearchAwesome Adware::0005,attack_flow,SearchAwesome Adware,"[""T1557"",""T1553"",""T1003"",""T1021"",""T1105""]",0.18154179253735267,0.0
F5_LCTR5_oracle,attack_flow::SearchAwesome Adware::0005,attack_flow,SearchAwesome Adware,"[""T1557"",""T1553"",""T1003"",""T1021"",""T1078""]",0.0,0.0
F1_RR5_oracle,attack_flow::SearchAwesome Adware::0006,attack_flow,SearchAwesome Adware,"[""T1059"",""T1557"",""T1003"",""T1021"",""T1078""]",0.46927872602275644,0.20210734650054757
F2_C1R_oracle,attack_flow::SearchAwesome Adware::0006,attack_flow,SearchAwesome Adware,"[""T1557"",""T1003"",""T1021"",""T1059"",""T1078""]",0.20210734650054757,0.20210734650054757
F3_OSER_oracle,attack_flow::SearchAwesome Adware::0006,attack_flow,SearchAwesome Adware,"[""T1557"",""T1003"",""T1021"",""T1059"",""T1078""]",0.20210734650054757,0.20210734650054757
F4_LCB_RS_oracle,attack_flow::SearchAwesome Adware::0006,attack_flow,SearchAwesome Adware,"[""T1021"",""T1003"",""T1059"",""T1557"",""T1078""]",0.23463936301137822,0.20210734650054757
F5_LCTR5_oracle,attack_flow::SearchAwesome Adware::0006,attack_flow,SearchAwesome Adware,"[""T1078"",""T1021"",""T1059"",""T1003"",""T1557""]",0.23463936301137822,0.20210734650054757
F1_RR5_oracle,attack_flow::SearchAwesome Adware::0007,attack_flow,SearchAwesome Adware,"[""T1059"",""T1557"",""T1003"",""T1021"",""T1078""]",0.46927872602275644,0.18154179253735267
F2_C1R_oracle,attack_flow::SearchAwesome Adware::0007,attack_flow,SearchAwesome Adware,"[""T1557"",""T1003"",""T1021"",""T1078"",""T1059""]",0.18154179253735267,0.18154179253735267
F3_OSER_oracle,attack_flow::SearchAwesome Adware::0007,attack_flow,SearchAwesome Adware,"[""T1557"",""T1003"",""T1021"",""T1078"",""T1059""]",0.18154179253735267,0.18154179253735267
F4_LCB_RS_oracle,attack_flow::SearchAwesome Adware::0007,attack_flow,SearchAwesome Adware,"[""T1021"",""T1003"",""T1059"",""T1557"",""T1078""]",0.23463936301137822,0.18154179253735267
F5_LCTR5_oracle,attack_flow::SearchAwesome Adware::0007,attack_flow,SearchAwesome Adware,"[""T1557"",""T1003"",""T1021"",""T1078"",""T1059""]",0.18154179253735267,0.18154179253735267
F1_RR5_oracle,attack_flow::SearchAwesome Adware::0008,attack_flow,SearchAwesome Adware,"[""T1557"",""T1105"",""T1090"",""T1553"",""T1204""]",0.0,0.0
F2_C1R_oracle,attack_flow::SearchAwesome Adware::0008,attack_flow,SearchAwesome Adware,"[""T1557"",""T1105"",""T1090"",""T1553"",""T1070""]",0.18154179253735267,0.0
F3_OSER_oracle,attack_flow::SearchAwesome Adware::0008,attack_flow,SearchAwesome Adware,"[""T1105"",""T1021"",""T1018"",""T1003"",""T1070""]",0.18154179253735267,0.0
F4_LCB_RS_oracle,attack_flow::SearchAwesome Adware::0008,attack_flow,SearchAwesome Adware,"[""T1557"",""T1105"",""T1090"",""T1553"",""T1204""]",0.0,0.0
F5_LCTR5_oracle,attack_flow::SearchAwesome Adware::0008,attack_flow,SearchAwesome Adware,"[""T1557"",""T1105"",""T1090"",""T1553"",""T1204""]",0.0,0.0
F1_RR5_oracle,attack_flow::SearchAwesome Adware::0009,attack_flow,SearchAwesome Adware,"[""T1557"",""T1059"",""T1105"",""T1090"",""T1583""]",0.0,0.0
F2_C1R_oracle,attack_flow::SearchAwesome Adware::0009,attack_flow,SearchAwesome Adware,"[""T1557"",""T1059"",""T1105"",""T1090"",""T1070""]",0.23719771276929622,0.0
F3_OSER_oracle,attack_flow::SearchAwesome Adware::0009,attack_flow,SearchAwesome Adware,"[""T1105"",""T1070"",""T1016"",""T1041"",""T1003""]",0.38685280723454163,0.0
F4_LCB_RS_oracle,attack_flow::SearchAwesome Adware::0009,attack_flow,SearchAwesome Adware,"[""T1557"",""T1059"",""T1105"",""T1090"",""T1070""]",0.23719771276929622,0.0
F5_LCTR5_oracle,attack_flow::SearchAwesome Adware::0009,attack_flow,SearchAwesome Adware,"[""T1557"",""T1059"",""T1105"",""T1090"",""T1583""]",0.0,0.0
F1_RR5_oracle,attack_flow::SearchAwesome Adware::0010,attack_flow,SearchAwesome Adware,"[""T1557"",""T1059"",""T1105"",""T1003"",""T1021""]",0.0,0.0
F2_C1R_oracle,attack_flow::SearchAwesome Adware::0010,attack_flow,SearchAwesome Adware,"[""T1557"",""T1059"",""T1105"",""T1003"",""T1070""]",0.38685280723454163,0.0
F3_OSER_oracle,attack_flow::SearchAwesome Adware::0010,attack_flow,SearchAwesome Adware,"[""T1105"",""T1021"",""T1018"",""T1003"",""T1070""]",0.38685280723454163,0.0
F4_LCB_RS_oracle,attack_flow::SearchAwesome Adware::0010,attack_flow,SearchAwesome Adware,"[""T1557"",""T1059"",""T1105"",""T1003"",""T1021""]",0.0,0.0
F5_LCTR5_oracle,attack_flow::SearchAwesome Adware::0010,attack_flow,SearchAwesome Adware,"[""T1557"",""T1059"",""T1105"",""T1003"",""T1021""]",0.0,0.0
F1_RR5_oracle,attack_flow::Shamoon::0001,attack_flow,Shamoon,"[""T1059"",""T1078"",""T1021"",""T1003"",""T1105""]",0.0,0.0
F2_C1R_oracle,attack_flow::Shamoon::0001,attack_flow,Shamoon,"[""T1059"",""T1078"",""T1021"",""T1003"",""T1082""]",0.18154179253735267,0.0
F3_OSER_oracle,attack_flow::Shamoon::0001,attack_flow,Shamoon,"[""T1059"",""T1078"",""T1021"",""T1003"",""T1105""]",0.0,0.0
F4_LCB_RS_oracle,attack_flow::Shamoon::0001,attack_flow,Shamoon,"[""T1059"",""T1078"",""T1021"",""T1003"",""T1105""]",0.0,0.0
F5_LCTR5_oracle,attack_flow::Shamoon::0001,attack_flow,Shamoon,"[""T1059"",""T1078"",""T1021"",""T1003"",""T1105""]",0.0,0.0
F1_RR5_oracle,attack_flow::Shamoon::0002,attack_flow,Shamoon,"[""T1105"",""T1059"",""T1078"",""T1021"",""T1003""]",0.46927872602275644,0.18154179253735267
F2_C1R_oracle,attack_flow::Shamoon::0002,attack_flow,Shamoon,"[""T1059"",""T1078"",""T1021"",""T1003"",""T1105""]",0.18154179253735267,0.18154179253735267
F3_OSER_oracle,attack_flow::Shamoon::0002,attack_flow,Shamoon,"[""T1057"",""T1560"",""T1105"",""T1021"",""T1018""]",0.23463936301137822,0.18154179253735267
F4_LCB_RS_oracle,attack_flow::Shamoon::0002,attack_flow,Shamoon,"[""T1105"",""T1021"",""T1003"",""T1059"",""T1078""]",0.46927872602275644,0.18154179253735267
F5_LCTR5_oracle,attack_flow::Shamoon::0002,attack_flow,Shamoon,"[""T1059"",""T1078"",""T1021"",""T1003"",""T1105""]",0.18154179253735267,0.18154179253735267
F1_RR5_oracle,attack_flow::Shamoon::0003,attack_flow,Shamoon,"[""T1059"",""T1106"",""T1547"",""T1078"",""T1003""]",0.0,0.0
F2_C1R_oracle,attack_flow::Shamoon::0003,attack_flow,Shamoon,"[""T1059"",""T1106"",""T1547"",""T1078"",""T1082""]",0.18154179253735267,0.0
F3_OSER_oracle,attack_flow::Shamoon::0003,attack_flow,Shamoon,"[""T1105"",""T1003"",""T1570"",""T1021"",""T1018""]",0.46927872602275644,0.0
F4_LCB_RS_oracle,attack_flow::Shamoon::0003,attack_flow,Shamoon,"[""T1059"",""T1106"",""T1547"",""T1078"",""T1105""]",0.18154179253735267,0.0
F5_LCTR5_oracle,attack_flow::Shamoon::0003,attack_flow,Shamoon,"[""T1059"",""T1106"",""T1547"",""T1078"",""T1003""]",0.0,0.0
F1_RR5_oracle,attack_flow::Shamoon::0004,attack_flow,Shamoon,"[""T1105"",""T1059"",""T1003"",""T1021"",""T1078""]",0.46927872602275644,0.18154179253735267
F2_C1R_oracle,attack_flow::Shamoon::0004,attack_flow,Shamoon,"[""T1059"",""T1003"",""T1021"",""T1078"",""T1105""]",0.18154179253735267,0.18154179253735267
F3_OSER_oracle,attack_flow::Shamoon::0004,attack_flow,Shamoon,"[""T1105"",""T1016"",""T1069"",""T1087"",""T1057""]",0.46927872602275644,0.18154179253735267
F4_LCB_RS_oracle,attack_flow::Shamoon::0004,attack_flow,Shamoon,"[""T1105"",""T1003"",""T1021"",""T1059"",""T1078""]",0.46927872602275644,0.18154179253735267
F5_LCTR5_oracle,attack_flow::Shamoon::0004,attack_flow,Shamoon,"[""T1105"",""T1059"",""T1003"",""T1021"",""T1078""]",0.46927872602275644,0.18154179253735267
F1_RR5_oracle,attack_flow::Shamoon::0005,attack_flow,Shamoon,"[""T1059"",""T1003"",""T1021"",""T1078"",""T1547""]",0.0,0.0
F2_C1R_oracle,attack_flow::Shamoon::0005,attack_flow,Shamoon,"[""T1059"",""T1003"",""T1021"",""T1078"",""T1547""]",0.0,0.0
F3_OSER_oracle,attack_flow::Shamoon::0005,attack_flow,Shamoon,"[""T1059"",""T1003"",""T1021"",""T1078"",""T1547""]",0.0,0.0
F4_LCB_RS_oracle,attack_flow::Shamoon::0005,attack_flow,Shamoon,"[""T1059"",""T1003"",""T1021"",""T1078"",""T1547""]",0.0,0.0
F5_LCTR5_oracle,attack_flow::Shamoon::0005,attack_flow,Shamoon,"[""T1059"",""T1003"",""T1021"",""T1078"",""T1547""]",0.0,0.0
F1_RR5_oracle,attack_flow::Shamoon::0006,attack_flow,Shamoon,"[""T1059"",""T1078"",""T1021"",""T1003"",""T1105""]",0.0,0.0
F2_C1R_oracle,attack_flow::Shamoon::0006,attack_flow,Shamoon,"[""T1059"",""T1078"",""T1021"",""T1003"",""T1105""]",0.0,0.0
F3_OSER_oracle,attack_flow::Shamoon::0006,attack_flow,Shamoon,"[""T1059"",""T1078"",""T1021"",""T1003"",""T1105""]",0.0,0.0
F4_LCB_RS_oracle,attack_flow::Shamoon::0006,attack_flow,Shamoon,"[""T1059"",""T1078"",""T1021"",""T1003"",""T1105""]",0.0,0.0
F5_LCTR5_oracle,attack_flow::Shamoon::0006,attack_flow,Shamoon,"[""T1059"",""T1078"",""T1021"",""T1003"",""T1105""]",0.0,0.0
F1_RR5_oracle,attack_flow::Shamoon::0007,attack_flow,Shamoon,"[""T1059"",""T1078"",""T1021"",""T1003"",""T1105""]",0.0,0.0
F2_C1R_oracle,attack_flow::Shamoon::0007,attack_flow,Shamoon,"[""T1059"",""T1078"",""T1021"",""T1003"",""T1140""]",0.18154179253735267,0.0
F3_OSER_oracle,attack_flow::Shamoon::0007,attack_flow,Shamoon,"[""T1059"",""T1078"",""T1021"",""T1003"",""T1105""]",0.0,0.0
F4_LCB_RS_oracle,attack_flow::Shamoon::0007,attack_flow,Shamoon,"[""T1059"",""T1078"",""T1021"",""T1003"",""T1105""]",0.0,0.0
F5_LCTR5_oracle,attack_flow::Shamoon::0007,attack_flow,Shamoon,"[""T1059"",""T1078"",""T1021"",""T1003"",""T1105""]",0.0,0.0
F1_RR5_oracle,attack_flow::Shamoon::0008,attack_flow,Shamoon,"[""T1021"",""T1078"",""T1003"",""T1059"",""T1547""]",0.0,0.0
F2_C1R_oracle,attack_flow::Shamoon::0008,attack_flow,Shamoon,"[""T1021"",""T1078"",""T1003"",""T1059"",""T1070""]",0.18154179253735267,0.0
F3_OSER_oracle,attack_flow::Shamoon::0008,attack_flow,Shamoon,"[""T1021"",""T1078"",""T1003"",""T1059"",""T1547""]",0.0,0.0
F4_LCB_RS_oracle,attack_flow::Shamoon::0008,attack_flow,Shamoon,"[""T1021"",""T1078"",""T1003"",""T1059"",""T1547""]",0.0,0.0
F5_LCTR5_oracle,attack_flow::Shamoon::0008,attack_flow,Shamoon,"[""T1021"",""T1078"",""T1003"",""T1059"",""T1547""]",0.0,0.0
F1_RR5_oracle,attack_flow::Shamoon::0009,attack_flow,Shamoon,"[""T1003"",""T1078"",""T1021"",""T1059"",""T1018""]",0.0,0.0
F2_C1R_oracle,attack_flow::Shamoon::0009,attack_flow,Shamoon,"[""T1003"",""T1078"",""T1021"",""T1059"",""T1018""]",0.0,0.0
F3_OSER_oracle,attack_flow::Shamoon::0009,attack_flow,Shamoon,"[""T1003"",""T1078"",""T1021"",""T1059"",""T1018""]",0.0,0.0
F4_LCB_RS_oracle,attack_flow::Shamoon::0009,attack_flow,Shamoon,"[""T1003"",""T1078"",""T1021"",""T1059"",""T1018""]",0.0,0.0
F5_LCTR5_oracle,attack_flow::Shamoon::0009,attack_flow,Shamoon,"[""T1003"",""T1078"",""T1021"",""T1059"",""T1018""]",0.0,0.0
F1_RR5_oracle,attack_flow::Shamoon::0010,attack_flow,Shamoon,"[""T1059"",""T1003"",""T1021"",""T1078"",""T1018""]",0.0,0.0
F2_C1R_oracle,attack_flow::Shamoon::0010,attack_flow,Shamoon,"[""T1059"",""T1003"",""T1021"",""T1078"",""T1070""]",0.18154179253735267,0.0
F3_OSER_oracle,attack_flow::Shamoon::0010,attack_flow,Shamoon,"[""T1059"",""T1003"",""T1021"",""T1078"",""T1018""]",0.0,0.0
F4_LCB_RS_oracle,attack_flow::Shamoon::0010,attack_flow,Shamoon,"[""T1059"",""T1003"",""T1021"",""T1078"",""T1018""]",0.0,0.0
F5_LCTR5_oracle,attack_flow::Shamoon::0010,attack_flow,Shamoon,"[""T1059"",""T1003"",""T1021"",""T1078"",""T1018""]",0.0,0.0
F1_RR5_oracle,attack_flow::Shamoon::0011,attack_flow,Shamoon,"[""T1105"",""T1059"",""T1078"",""T1021"",""T1003""]",0.46927872602275644,0.18154179253735267
F2_C1R_oracle,attack_flow::Shamoon::0011,attack_flow,Shamoon,"[""T1059"",""T1078"",""T1021"",""T1003"",""T1105""]",0.18154179253735267,0.18154179253735267
F3_OSER_oracle,attack_flow::Shamoon::0011,attack_flow,Shamoon,"[""T1105"",""T1021"",""T1070"",""T1016"",""T1069""]",0.46927872602275644,0.18154179253735267
F4_LCB_RS_oracle,attack_flow::Shamoon::0011,attack_flow,Shamoon,"[""T1105"",""T1021"",""T1003"",""T1059"",""T1078""]",0.46927872602275644,0.18154179253735267
F5_LCTR5_oracle,attack_flow::Shamoon::0011,attack_flow,Shamoon,"[""T1059"",""T1021"",""T1105"",""T1078"",""T1003""]",0.23463936301137822,0.18154179253735267
F1_RR5_oracle,attack_flow::Shamoon::0012,attack_flow,Shamoon,"[""T1543"",""T1059"",""T1021"",""T1003"",""T1078""]",0.46927872602275644,0.18154179253735267
F2_C1R_oracle,attack_flow::Shamoon::0012,attack_flow,Shamoon,"[""T1059"",""T1021"",""T1003"",""T1078"",""T1543""]",0.18154179253735267,0.18154179253735267
F3_OSER_oracle,attack_flow::Shamoon::0012,attack_flow,Shamoon,"[""T1105"",""T1003"",""T1113"",""T1018"",""T1560""]",0.46927872602275644,0.18154179253735267
F4_LCB_RS_oracle,attack_flow::Shamoon::0012,attack_flow,Shamoon,"[""T1059"",""T1021"",""T1003"",""T1078"",""T1543""]",0.18154179253735267,0.18154179253735267
F5_LCTR5_oracle,attack_flow::Shamoon::0012,attack_flow,Shamoon,"[""T1059"",""T1021"",""T1003"",""T1078"",""T1543""]",0.18154179253735267,0.18154179253735267
F1_RR5_oracle,attack_flow::Shamoon::0013,attack_flow,Shamoon,"[""T1136"",""T1021"",""T1003"",""T1053"",""T1078""]",0.0,0.0
F2_C1R_oracle,attack_flow::Shamoon::0013,attack_flow,Shamoon,"[""T1136"",""T1021"",""T1003"",""T1053"",""T1105""]",0.18154179253735267,0.0
F3_OSER_oracle,attack_flow::Shamoon::0013,attack_flow,Shamoon,"[""T1105"",""T1021"",""T1018"",""T1003"",""T1070""]",0.46927872602275644,0.0
F4_LCB_RS_oracle,attack_flow::Shamoon::0013,attack_flow,Shamoon,"[""T1136"",""T1021"",""T1003"",""T1053"",""T1105""]",0.18154179253735267,0.0
F5_LCTR5_oracle,attack_flow::Shamoon::0013,attack_flow,Shamoon,"[""T1136"",""T1021"",""T1003"",""T1053"",""T1078""]",0.0,0.0
F1_RR5_oracle,attack_flow::Shamoon::0014,attack_flow,Shamoon,"[""T1021"",""T1003"",""T1078"",""T1485"",""T1059""]",0.0,0.0
F2_C1R_oracle,attack_flow::Shamoon::0014,attack_flow,Shamoon,"[""T1021"",""T1003"",""T1078"",""T1485"",""T1059""]",0.0,0.0
F3_OSER_oracle,attack_flow::Shamoon::0014,attack_flow,Shamoon,"[""T1021"",""T1003"",""T1078"",""T1485"",""T1059""]",0.0,0.0
F4_LCB_RS_oracle,attack_flow::Shamoon::0014,attack_flow,Shamoon,"[""T1021"",""T1003"",""T1078"",""T1485"",""T1059""]",0.0,0.0
F5_LCTR5_oracle,attack_flow::Shamoon::0014,attack_flow,Shamoon,"[""T1021"",""T1003"",""T1078"",""T1485"",""T1059""]",0.0,0.0
F1_RR5_oracle,attack_flow::Shamoon::0015,attack_flow,Shamoon,"[""T1485"",""T1021"",""T1070"",""T1059"",""T1003""]",0.0,0.0
F2_C1R_oracle,attack_flow::Shamoon::0015,attack_flow,Shamoon,"[""T1485"",""T1021"",""T1070"",""T1059"",""T1003""]",0.0,0.0
F3_OSER_oracle,attack_flow::Shamoon::0015,attack_flow,Shamoon,"[""T1485"",""T1021"",""T1070"",""T1059"",""T1003""]",0.0,0.0
F4_LCB_RS_oracle,attack_flow::Shamoon::0015,attack_flow,Shamoon,"[""T1485"",""T1021"",""T1070"",""T1059"",""T1003""]",0.0,0.0
F5_LCTR5_oracle,attack_flow::Shamoon::0015,attack_flow,Shamoon,"[""T1485"",""T1021"",""T1070"",""T1059"",""T1003""]",0.0,0.0
F1_RR5_oracle,attack_flow::Shamoon::0016,attack_flow,Shamoon,"[""T1486"",""T1021"",""T1005"",""T1070"",""T1059""]",0.0,0.0
F2_C1R_oracle,attack_flow::Shamoon::0016,attack_flow,Shamoon,"[""T1486"",""T1021"",""T1005"",""T1070"",""T1059""]",0.0,0.0
F3_OSER_oracle,attack_flow::Shamoon::0016,attack_flow,Shamoon,"[""T1486"",""T1021"",""T1005"",""T1070"",""T1059""]",0.0,0.0
F4_LCB_RS_oracle,attack_flow::Shamoon::0016,attack_flow,Shamoon,"[""T1486"",""T1021"",""T1005"",""T1070"",""T1059""]",0.0,0.0
F5_LCTR5_oracle,attack_flow::Shamoon::0016,attack_flow,Shamoon,"[""T1486"",""T1021"",""T1005"",""T1070"",""T1059""]",0.0,0.0
F1_RR5_oracle,attack_flow::Shamoon::0017,attack_flow,Shamoon,"[""T1485"",""T1070"",""T1021"",""T1003"",""T1059""]",0.0,0.0
F2_C1R_oracle,attack_flow::Shamoon::0017,attack_flow,Shamoon,"[""T1485"",""T1070"",""T1021"",""T1003"",""T1059""]",0.0,0.0
F3_OSER_oracle,attack_flow::Shamoon::0017,attack_flow,Shamoon,"[""T1485"",""T1070"",""T1021"",""T1003"",""T1059""]",0.0,0.0
F4_LCB_RS_oracle,attack_flow::Shamoon::0017,attack_flow,Shamoon,"[""T1485"",""T1070"",""T1021"",""T1003"",""T1059""]",0.0,0.0
F5_LCTR5_oracle,attack_flow::Shamoon::0017,attack_flow,Shamoon,"[""T1485"",""T1070"",""T1021"",""T1003"",""T1059""]",0.0,0.0
F1_RR5_oracle,attack_flow::Shamoon::0018,attack_flow,Shamoon,"[""T1485"",""T1070"",""T1021"",""T1005"",""T1059""]",0.0,0.0
F2_C1R_oracle,attack_flow::Shamoon::0018,attack_flow,Shamoon,"[""T1485"",""T1070"",""T1021"",""T1005"",""T1059""]",0.0,0.0
F3_OSER_oracle,attack_flow::Shamoon::0018,attack_flow,Shamoon,"[""T1486"",""T1489"",""T1490"",""T1496"",""T1529""]",0.38685280723454163,0.0
F4_LCB_RS_oracle,attack_flow::Shamoon::0018,attack_flow,Shamoon,"[""T1485"",""T1070"",""T1021"",""T1005"",""T1059""]",0.0,0.0
F5_LCTR5_oracle,attack_flow::Shamoon::0018,attack_flow,Shamoon,"[""T1485"",""T1070"",""T1021"",""T1005"",""T1059""]",0.0,0.0
F1_RR5_oracle,attack_flow::SolarWinds::0001,attack_flow,SolarWinds,"[""T1059"",""T1078"",""T1021"",""T1003"",""T1105""]",0.0,0.0
F2_C1R_oracle,attack_flow::SolarWinds::0001,attack_flow,SolarWinds,"[""T1059"",""T1078"",""T1021"",""T1003"",""T1105""]",0.0,0.0
F3_OSER_oracle,attack_flow::SolarWinds::0001,attack_flow,SolarWinds,"[""T1059"",""T1078"",""T1021"",""T1003"",""T1105""]",0.0,0.0
F4_LCB_RS_oracle,attack_flow::SolarWinds::0001,attack_flow,SolarWinds,"[""T1059"",""T1078"",""T1021"",""T1003"",""T1105""]",0.0,0.0
F5_LCTR5_oracle,attack_flow::SolarWinds::0001,attack_flow,SolarWinds,"[""T1059"",""T1078"",""T1021"",""T1003"",""T1105""]",0.0,0.0
F1_RR5_oracle,attack_flow::SolarWinds::0002,attack_flow,SolarWinds,"[""T1059"",""T1078"",""T1021"",""T1003"",""T1105""]",0.0,0.0
F2_C1R_oracle,attack_flow::SolarWinds::0002,attack_flow,SolarWinds,"[""T1059"",""T1078"",""T1021"",""T1003"",""T1057""]",0.18154179253735267,0.0
F3_OSER_oracle,attack_flow::SolarWinds::0002,attack_flow,SolarWinds,"[""T1059"",""T1078"",""T1021"",""T1003"",""T1105""]",0.0,0.0
F4_LCB_RS_oracle,attack_flow::SolarWinds::0002,attack_flow,SolarWinds,"[""T1059"",""T1078"",""T1021"",""T1003"",""T1105""]",0.0,0.0
F5_LCTR5_oracle,attack_flow::SolarWinds::0002,attack_flow,SolarWinds,"[""T1059"",""T1078"",""T1021"",""T1003"",""T1105""]",0.0,0.0
F1_RR5_oracle,attack_flow::SolarWinds::0003,attack_flow,SolarWinds,"[""T1543"",""T1059"",""T1021"",""T1003"",""T1105""]",0.0,0.0
F2_C1R_oracle,attack_flow::SolarWinds::0003,attack_flow,SolarWinds,"[""T1543"",""T1059"",""T1021"",""T1003"",""T1105""]",0.0,0.0
F3_OSER_oracle,attack_flow::SolarWinds::0003,attack_flow,SolarWinds,"[""T1543"",""T1059"",""T1021"",""T1003"",""T1105""]",0.0,0.0
F4_LCB_RS_oracle,attack_flow::SolarWinds::0003,attack_flow,SolarWinds,"[""T1543"",""T1059"",""T1021"",""T1003"",""T1105""]",0.0,0.0
F5_LCTR5_oracle,attack_flow::SolarWinds::0003,attack_flow,SolarWinds,"[""T1543"",""T1059"",""T1021"",""T1003"",""T1105""]",0.0,0.0
F1_RR5_oracle,attack_flow::SolarWinds::0004,attack_flow,SolarWinds,"[""T1543"",""T1059"",""T1003"",""T1021"",""T1105""]",0.0,0.0
F2_C1R_oracle,attack_flow::SolarWinds::0004,attack_flow,SolarWinds,"[""T1543"",""T1059"",""T1003"",""T1021"",""T1057""]",0.18154179253735267,0.0
F3_OSER_oracle,attack_flow::SolarWinds::0004,attack_flow,SolarWinds,"[""T1543"",""T1059"",""T1003"",""T1021"",""T1105""]",0.0,0.0
F4_LCB_RS_oracle,attack_flow::SolarWinds::0004,attack_flow,SolarWinds,"[""T1543"",""T1059"",""T1003"",""T1021"",""T1105""]",0.0,0.0
F5_LCTR5_oracle,attack_flow::SolarWinds::0004,attack_flow,SolarWinds,"[""T1543"",""T1059"",""T1003"",""T1021"",""T1105""]",0.0,0.0
F1_RR5_oracle,attack_flow::SolarWinds::0005,attack_flow,SolarWinds,"[""T1059"",""T1005"",""T1105"",""T1021"",""T1078""]",0.0,0.0
F2_C1R_oracle,attack_flow::SolarWinds::0005,attack_flow,SolarWinds,"[""T1059"",""T1005"",""T1105"",""T1021"",""T1078""]",0.0,0.0
F3_OSER_oracle,attack_flow::SolarWinds::0005,attack_flow,SolarWinds,"[""T1059"",""T1005"",""T1105"",""T1021"",""T1078""]",0.0,0.0
F4_LCB_RS_oracle,attack_flow::SolarWinds::0005,attack_flow,SolarWinds,"[""T1059"",""T1005"",""T1105"",""T1021"",""T1078""]",0.0,0.0
F5_LCTR5_oracle,attack_flow::SolarWinds::0005,attack_flow,SolarWinds,"[""T1059"",""T1005"",""T1105"",""T1021"",""T1078""]",0.0,0.0
F1_RR5_oracle,attack_flow::SolarWinds::0006,attack_flow,SolarWinds,"[""T1059"",""T1005"",""T1021"",""T1078"",""T1105""]",0.0,0.0
F2_C1R_oracle,attack_flow::SolarWinds::0006,attack_flow,SolarWinds,"[""T1059"",""T1005"",""T1021"",""T1078"",""T1105""]",0.0,0.0
F3_OSER_oracle,attack_flow::SolarWinds::0006,attack_flow,SolarWinds,"[""T1059"",""T1005"",""T1021"",""T1078"",""T1105""]",0.0,0.0
F4_LCB_RS_oracle,attack_flow::SolarWinds::0006,attack_flow,SolarWinds,"[""T1059"",""T1005"",""T1021"",""T1078"",""T1105""]",0.0,0.0
F5_LCTR5_oracle,attack_flow::SolarWinds::0006,attack_flow,SolarWinds,"[""T1059"",""T1005"",""T1021"",""T1078"",""T1105""]",0.0,0.0
F1_RR5_oracle,attack_flow::SolarWinds::0007,attack_flow,SolarWinds,"[""T1059"",""T1005"",""T1021"",""T1078"",""T1105""]",0.0,0.0
F2_C1R_oracle,attack_flow::SolarWinds::0007,attack_flow,SolarWinds,"[""T1059"",""T1005"",""T1021"",""T1078"",""T1105""]",0.0,0.0
F3_OSER_oracle,attack_flow::SolarWinds::0007,attack_flow,SolarWinds,"[""T1059"",""T1005"",""T1021"",""T1078"",""T1105""]",0.0,0.0
F4_LCB_RS_oracle,attack_flow::SolarWinds::0007,attack_flow,SolarWinds,"[""T1059"",""T1005"",""T1021"",""T1078"",""T1105""]",0.0,0.0
F5_LCTR5_oracle,attack_flow::SolarWinds::0007,attack_flow,SolarWinds,"[""T1059"",""T1005"",""T1021"",""T1078"",""T1105""]",0.0,0.0
F1_RR5_oracle,attack_flow::SolarWinds::0008,attack_flow,SolarWinds,"[""T1059"",""T1003"",""T1021"",""T1078"",""T1105""]",0.0,0.0
F2_C1R_oracle,attack_flow::SolarWinds::0008,attack_flow,SolarWinds,"[""T1059"",""T1003"",""T1021"",""T1078"",""T1105""]",0.0,0.0
F3_OSER_oracle,attack_flow::SolarWinds::0008,attack_flow,SolarWinds,"[""T1059"",""T1003"",""T1021"",""T1078"",""T1105""]",0.0,0.0
F4_LCB_RS_oracle,attack_flow::SolarWinds::0008,attack_flow,SolarWinds,"[""T1059"",""T1003"",""T1021"",""T1078"",""T1105""]",0.0,0.0
F5_LCTR5_oracle,attack_flow::SolarWinds::0008,attack_flow,SolarWinds,"[""T1059"",""T1003"",""T1021"",""T1078"",""T1105""]",0.0,0.0
F1_RR5_oracle,attack_flow::SolarWinds::0009,attack_flow,SolarWinds,"[""T1562"",""T1021"",""T1003"",""T1078"",""T1059""]",0.46927872602275644,0.18154179253735267
F2_C1R_oracle,attack_flow::SolarWinds::0009,attack_flow,SolarWinds,"[""T1021"",""T1003"",""T1078"",""T1059"",""T1562""]",0.18154179253735267,0.18154179253735267
F3_OSER_oracle,attack_flow::SolarWinds::0009,attack_flow,SolarWinds,"[""T1021"",""T1003"",""T1078"",""T1059"",""T1562""]",0.18154179253735267,0.18154179253735267
F4_LCB_RS_oracle,attack_flow::SolarWinds::0009,attack_flow,SolarWinds,"[""T1021"",""T1003"",""T1078"",""T1059"",""T1562""]",0.18154179253735267,0.18154179253735267
F5_LCTR5_oracle,attack_flow::SolarWinds::0009,attack_flow,SolarWinds,"[""T1021"",""T1003"",""T1078"",""T1059"",""T1562""]",0.18154179253735267,0.18154179253735267
F1_RR5_oracle,attack_flow::SolarWinds::0010,attack_flow,SolarWinds,"[""T1021"",""T1003"",""T1078"",""T1059"",""T1105""]",0.0,0.0
F2_C1R_oracle,attack_flow::SolarWinds::0010,attack_flow,SolarWinds,"[""T1021"",""T1003"",""T1078"",""T1059"",""T1036""]",0.18154179253735267,0.0
F3_OSER_oracle,attack_flow::SolarWinds::0010,attack_flow,SolarWinds,"[""T1070"",""T1036"",""T1105"",""T1021"",""T1018""]",0.2960819109658652,0.0
F4_LCB_RS_oracle,attack_flow::SolarWinds::0010,attack_flow,SolarWinds,"[""T1021"",""T1003"",""T1078"",""T1059"",""T1105""]",0.0,0.0
F5_LCTR5_oracle,attack_flow::SolarWinds::0010,attack_flow,SolarWinds,"[""T1021"",""T1003"",""T1078"",""T1059"",""T1105""]",0.0,0.0
F1_RR5_oracle,attack_flow::SolarWinds::0011,attack_flow,SolarWinds,"[""T1021"",""T1078"",""T1003"",""T1059"",""T1562""]",0.0,0.0
F2_C1R_oracle,attack_flow::SolarWinds::0011,attack_flow,SolarWinds,"[""T1021"",""T1078"",""T1003"",""T1059"",""T1047""]",0.18154179253735267,0.0
F3_OSER_oracle,attack_flow::SolarWinds::0011,attack_flow,SolarWinds,"[""T1003"",""T1021"",""T1018"",""T1069"",""T1047""]",0.18154179253735267,0.0
F4_LCB_RS_oracle,attack_flow::SolarWinds::0011,attack_flow,SolarWinds,"[""T1021"",""T1078"",""T1003"",""T1059"",""T1562""]",0.0,0.0
F5_LCTR5_oracle,attack_flow::SolarWinds::0011,attack_flow,SolarWinds,"[""T1021"",""T1078"",""T1003"",""T1059"",""T1562""]",0.0,0.0
F1_RR5_oracle,attack_flow::SolarWinds::0012,attack_flow,SolarWinds,"[""T1021"",""T1003"",""T1059"",""T1078"",""T1105""]",0.0,0.0
F2_C1R_oracle,attack_flow::SolarWinds::0012,attack_flow,SolarWinds,"[""T1021"",""T1003"",""T1059"",""T1078"",""T1070""]",0.18154179253735267,0.0
F3_OSER_oracle,attack_flow::SolarWinds::0012,attack_flow,SolarWinds,"[""T1016"",""T1018"",""T1070"",""T1057"",""T1059""]",0.23463936301137822,0.0
F4_LCB_RS_oracle,attack_flow::SolarWinds::0012,attack_flow,SolarWinds,"[""T1021"",""T1003"",""T1059"",""T1078"",""T1105""]",0.0,0.0
F5_LCTR5_oracle,attack_flow::SolarWinds::0012,attack_flow,SolarWinds,"[""T1021"",""T1003"",""T1059"",""T1078"",""T1105""]",0.0,0.0
F1_RR5_oracle,attack_flow::SolarWinds::0013,attack_flow,SolarWinds,"[""T1021"",""T1003"",""T1078"",""T1059"",""T1105""]",0.0,0.0
F2_C1R_oracle,attack_flow::SolarWinds::0013,attack_flow,SolarWinds,"[""T1021"",""T1003"",""T1078"",""T1059"",""T1070""]",0.18154179253735267,0.0
F3_OSER_oracle,attack_flow::SolarWinds::0013,attack_flow,SolarWinds,"[""T1021"",""T1003"",""T1078"",""T1059"",""T1105""]",0.0,0.0
F4_LCB_RS_oracle,attack_flow::SolarWinds::0013,attack_flow,SolarWinds,"[""T1021"",""T1003"",""T1078"",""T1059"",""T1105""]",0.0,0.0
F5_LCTR5_oracle,attack_flow::SolarWinds::0013,attack_flow,SolarWinds,"[""T1021"",""T1003"",""T1078"",""T1059"",""T1105""]",0.0,0.0
F1_RR5_oracle,attack_flow::SolarWinds::0014,attack_flow,SolarWinds,"[""T1021"",""T1003"",""T1078"",""T1055"",""T1105""]",0.0,0.0
F2_C1R_oracle,attack_flow::SolarWinds::0014,attack_flow,SolarWinds,"[""T1021"",""T1003"",""T1078"",""T1055"",""T1082""]",0.18154179253735267,0.0
F3_OSER_oracle,attack_flow::SolarWinds::0014,attack_flow,SolarWinds,"[""T1021"",""T1003"",""T1078"",""T1055"",""T1105""]",0.0,0.0
F4_LCB_RS_oracle,attack_flow::SolarWinds::0014,attack_flow,SolarWinds,"[""T1021"",""T1003"",""T1078"",""T1055"",""T1105""]",0.0,0.0
F5_LCTR5_oracle,attack_flow::SolarWinds::0014,attack_flow,SolarWinds,"[""T1021"",""T1003"",""T1078"",""T1055"",""T1105""]",0.0,0.0
F1_RR5_oracle,attack_flow::SolarWinds::0015,attack_flow,SolarWinds,"[""T1021"",""T1003"",""T1078"",""T1105"",""T1059""]",0.0,0.0
F2_C1R_oracle,attack_flow::SolarWinds::0015,attack_flow,SolarWinds,"[""T1021"",""T1003"",""T1078"",""T1105"",""T1082""]",0.18154179253735267,0.0
F3_OSER_oracle,attack_flow::SolarWinds::0015,attack_flow,SolarWinds,"[""T1021"",""T1003"",""T1078"",""T1105"",""T1059""]",0.0,0.0
F4_LCB_RS_oracle,attack_flow::SolarWinds::0015,attack_flow,SolarWinds,"[""T1021"",""T1003"",""T1078"",""T1105"",""T1059""]",0.0,0.0
F5_LCTR5_oracle,attack_flow::SolarWinds::0015,attack_flow,SolarWinds,"[""T1021"",""T1003"",""T1078"",""T1105"",""T1059""]",0.0,0.0
F1_RR5_oracle,attack_flow::SolarWinds::0016,attack_flow,SolarWinds,"[""T1005"",""T1041"",""T1078"",""T1021"",""T1482""]",0.6131471927654584,0.6131471927654584
F2_C1R_oracle,attack_flow::SolarWinds::0016,attack_flow,SolarWinds,"[""T1005"",""T1041"",""T1078"",""T1021"",""T1482""]",0.6131471927654584,0.6131471927654584
F3_OSER_oracle,attack_flow::SolarWinds::0016,attack_flow,SolarWinds,"[""T1005"",""T1041"",""T1078"",""T1021"",""T1482""]",0.6131471927654584,0.6131471927654584
F4_LCB_RS_oracle,attack_flow::SolarWinds::0016,attack_flow,SolarWinds,"[""T1005"",""T1041"",""T1078"",""T1021"",""T1482""]",0.6131471927654584,0.6131471927654584
F5_LCTR5_oracle,attack_flow::SolarWinds::0016,attack_flow,SolarWinds,"[""T1005"",""T1041"",""T1078"",""T1021"",""T1482""]",0.6131471927654584,0.6131471927654584
F1_RR5_oracle,attack_flow::Sony Malware::0001,attack_flow,Sony Malware,"[""T1059"",""T1078"",""T1021"",""T1003"",""T1105""]",0.0,0.0
F2_C1R_oracle,attack_flow::Sony Malware::0001,attack_flow,Sony Malware,"[""T1059"",""T1078"",""T1021"",""T1003"",""T1105""]",0.0,0.0
F3_OSER_oracle,attack_flow::Sony Malware::0001,attack_flow,Sony Malware,"[""T1059"",""T1078"",""T1021"",""T1003"",""T1105""]",0.0,0.0
F4_LCB_RS_oracle,attack_flow::Sony Malware::0001,attack_flow,Sony Malware,"[""T1059"",""T1078"",""T1021"",""T1003"",""T1105""]",0.0,0.0
F5_LCTR5_oracle,attack_flow::Sony Malware::0001,attack_flow,Sony Malware,"[""T1059"",""T1078"",""T1021"",""T1003"",""T1105""]",0.0,0.0
F1_RR5_oracle,attack_flow::Sony Malware::0002,attack_flow,Sony Malware,"[""T1059"",""T1021"",""T1005"",""T1016"",""T1071""]",0.0,0.0
F2_C1R_oracle,attack_flow::Sony Malware::0002,attack_flow,Sony Malware,"[""T1059"",""T1021"",""T1005"",""T1016"",""T1105""]",0.18154179253735267,0.0
F3_OSER_oracle,attack_flow::Sony Malware::0002,attack_flow,Sony Malware,"[""T1105"",""T1057"",""T1033"",""T1112"",""T1546""]",0.46927872602275644,0.0
F4_LCB_RS_oracle,attack_flow::Sony Malware::0002,attack_flow,Sony Malware,"[""T1059"",""T1021"",""T1005"",""T1016"",""T1105""]",0.18154179253735267,0.0
F5_LCTR5_oracle,attack_flow::Sony Malware::0002,attack_flow,Sony Malware,"[""T1059"",""T1021"",""T1005"",""T1016"",""T1071""]",0.0,0.0
F1_RR5_oracle,attack_flow::Sony Malware::0003,attack_flow,Sony Malware,"[""T1105"",""T1021"",""T1003"",""T1059"",""T1078""]",0.46927872602275644,0.18154179253735267
F2_C1R_oracle,attack_flow::Sony Malware::0003,attack_flow,Sony Malware,"[""T1021"",""T1003"",""T1059"",""T1078"",""T1105""]",0.18154179253735267,0.18154179253735267
F3_OSER_oracle,attack_flow::Sony Malware::0003,attack_flow,Sony Malware,"[""T1021"",""T1003"",""T1059"",""T1078"",""T1105""]",0.18154179253735267,0.18154179253735267
F4_LCB_RS_oracle,attack_flow::Sony Malware::0003,attack_flow,Sony Malware,"[""T1021"",""T1105"",""T1003"",""T1059"",""T1078""]",0.2960819109658652,0.18154179253735267
F5_LCTR5_oracle,attack_flow::Sony Malware::0003,attack_flow,Sony Malware,"[""T1021"",""T1003"",""T1059"",""T1078"",""T1105""]",0.18154179253735267,0.18154179253735267
F1_RR5_oracle,attack_flow::Sony Malware::0004,attack_flow,Sony Malware,"[""T1105"",""T1021"",""T1003"",""T1059"",""T1078""]",0.46927872602275644,0.18154179253735267
F2_C1R_oracle,attack_flow::Sony Malware::0004,attack_flow,Sony Malware,"[""T1021"",""T1003"",""T1059"",""T1078"",""T1105""]",0.18154179253735267,0.18154179253735267
F3_OSER_oracle,attack_flow::Sony Malware::0004,attack_flow,Sony Malware,"[""T1021"",""T1003"",""T1059"",""T1078"",""T1105""]",0.18154179253735267,0.18154179253735267
F4_LCB_RS_oracle,attack_flow::Sony Malware::0004,attack_flow,Sony Malware,"[""T1105"",""T1021"",""T1003"",""T1059"",""T1078""]",0.46927872602275644,0.18154179253735267
F5_LCTR5_oracle,attack_flow::Sony Malware::0004,attack_flow,Sony Malware,"[""T1021"",""T1003"",""T1059"",""T1078"",""T1105""]",0.18154179253735267,0.18154179253735267
F1_RR5_oracle,attack_flow::Sony Malware::0005,attack_flow,Sony Malware,"[""T1059"",""T1003"",""T1021"",""T1078"",""T1105""]",0.46927872602275644,0.46927872602275644
F2_C1R_oracle,attack_flow::Sony Malware::0005,attack_flow,Sony Malware,"[""T1059"",""T1003"",""T1021"",""T1078"",""T1105""]",0.46927872602275644,0.46927872602275644
F3_OSER_oracle,attack_flow::Sony Malware::0005,attack_flow,Sony Malware,"[""T1059"",""T1003"",""T1021"",""T1078"",""T1105""]",0.46927872602275644,0.46927872602275644
F4_LCB_RS_oracle,attack_flow::Sony Malware::0005,attack_flow,Sony Malware,"[""T1059"",""T1003"",""T1021"",""T1078"",""T1105""]",0.46927872602275644,0.46927872602275644
F5_LCTR5_oracle,attack_flow::Sony Malware::0005,attack_flow,Sony Malware,"[""T1059"",""T1003"",""T1021"",""T1078"",""T1105""]",0.46927872602275644,0.46927872602275644
F1_RR5_oracle,attack_flow::Sony Malware::0006,attack_flow,Sony Malware,"[""T1059"",""T1003"",""T1021"",""T1078"",""T1543""]",0.46927872602275644,0.46927872602275644
F2_C1R_oracle,attack_flow::Sony Malware::0006,attack_flow,Sony Malware,"[""T1059"",""T1003"",""T1021"",""T1078"",""T1543""]",0.46927872602275644,0.46927872602275644
F3_OSER_oracle,attack_flow::Sony Malware::0006,attack_flow,Sony Malware,"[""T1059"",""T1003"",""T1021"",""T1078"",""T1543""]",0.46927872602275644,0.46927872602275644
F4_LCB_RS_oracle,attack_flow::Sony Malware::0006,attack_flow,Sony Malware,"[""T1059"",""T1003"",""T1021"",""T1078"",""T1543""]",0.46927872602275644,0.46927872602275644
F5_LCTR5_oracle,attack_flow::Sony Malware::0006,attack_flow,Sony Malware,"[""T1059"",""T1003"",""T1021"",""T1078"",""T1543""]",0.46927872602275644,0.46927872602275644
F1_RR5_oracle,attack_flow::Sony Malware::0007,attack_flow,Sony Malware,"[""T1059"",""T1003"",""T1021"",""T1078"",""T1105""]",0.46927872602275644,0.46927872602275644
F2_C1R_oracle,attack_flow::Sony Malware::0007,attack_flow,Sony Malware,"[""T1059"",""T1003"",""T1021"",""T1078"",""T1105""]",0.46927872602275644,0.46927872602275644
F3_OSER_oracle,attack_flow::Sony Malware::0007,attack_flow,Sony Malware,"[""T1059"",""T1003"",""T1021"",""T1078"",""T1105""]",0.46927872602275644,0.46927872602275644
F4_LCB_RS_oracle,attack_flow::Sony Malware::0007,attack_flow,Sony Malware,"[""T1059"",""T1003"",""T1021"",""T1078"",""T1105""]",0.46927872602275644,0.46927872602275644
F5_LCTR5_oracle,attack_flow::Sony Malware::0007,attack_flow,Sony Malware,"[""T1059"",""T1003"",""T1021"",""T1078"",""T1105""]",0.46927872602275644,0.46927872602275644
F1_RR5_oracle,attack_flow::Sony Malware::0008,attack_flow,Sony Malware,"[""T1021"",""T1003"",""T1078"",""T1055"",""T1105""]",0.0,0.0
F2_C1R_oracle,attack_flow::Sony Malware::0008,attack_flow,Sony Malware,"[""T1021"",""T1003"",""T1078"",""T1055"",""T1105""]",0.0,0.0
F3_OSER_oracle,attack_flow::Sony Malware::0008,attack_flow,Sony Malware,"[""T1021"",""T1003"",""T1078"",""T1055"",""T1105""]",0.0,0.0
F4_LCB_RS_oracle,attack_flow::Sony Malware::0008,attack_flow,Sony Malware,"[""T1021"",""T1003"",""T1078"",""T1055"",""T1105""]",0.0,0.0
F5_LCTR5_oracle,attack_flow::Sony Malware::0008,attack_flow,Sony Malware,"[""T1021"",""T1003"",""T1078"",""T1055"",""T1105""]",0.0,0.0
F1_RR5_oracle,attack_flow::Sony Malware::0009,attack_flow,Sony Malware,"[""T1021"",""T1003"",""T1078"",""T1053"",""T1543""]",0.0,0.0
F2_C1R_oracle,attack_flow::Sony Malware::0009,attack_flow,Sony Malware,"[""T1021"",""T1003"",""T1078"",""T1053"",""T1543""]",0.0,0.0
F3_OSER_oracle,attack_flow::Sony Malware::0009,attack_flow,Sony Malware,"[""T1490"",""T1486"",""T1489"",""T1496"",""T1529""]",0.18154179253735267,0.0
F4_LCB_RS_oracle,attack_flow::Sony Malware::0009,attack_flow,Sony Malware,"[""T1021"",""T1003"",""T1078"",""T1053"",""T1543""]",0.0,0.0
F5_LCTR5_oracle,attack_flow::Sony Malware::0009,attack_flow,Sony Malware,"[""T1021"",""T1003"",""T1078"",""T1053"",""T1543""]",0.0,0.0
F1_RR5_oracle,attack_flow::Sony Malware::0010,attack_flow,Sony Malware,"[""T1021"",""T1003"",""T1078"",""T1053"",""T1543""]",0.0,0.0
F2_C1R_oracle,attack_flow::Sony Malware::0010,attack_flow,Sony Malware,"[""T1021"",""T1003"",""T1078"",""T1053"",""T1543""]",0.0,0.0
F3_OSER_oracle,attack_flow::Sony Malware::0010,attack_flow,Sony Malware,"[""T1021"",""T1003"",""T1078"",""T1053"",""T1543""]",0.0,0.0
F4_LCB_RS_oracle,attack_flow::Sony Malware::0010,attack_flow,Sony Malware,"[""T1021"",""T1003"",""T1078"",""T1053"",""T1543""]",0.0,0.0
F5_LCTR5_oracle,attack_flow::Sony Malware::0010,attack_flow,Sony Malware,"[""T1021"",""T1003"",""T1078"",""T1053"",""T1543""]",0.0,0.0
F1_RR5_oracle,attack_flow::Sony Malware::0011,attack_flow,Sony Malware,"[""T1021"",""T1003"",""T1078"",""T1485"",""T1105""]",0.0,0.0
F2_C1R_oracle,attack_flow::Sony Malware::0011,attack_flow,Sony Malware,"[""T1021"",""T1003"",""T1078"",""T1485"",""T1105""]",0.0,0.0
F3_OSER_oracle,attack_flow::Sony Malware::0011,attack_flow,Sony Malware,"[""T1486"",""T1489"",""T1490"",""T1496"",""T1529""]",0.23719771276929622,0.0
F4_LCB_RS_oracle,attack_flow::Sony Malware::0011,attack_flow,Sony Malware,"[""T1021"",""T1003"",""T1078"",""T1485"",""T1105""]",0.0,0.0
F5_LCTR5_oracle,attack_flow::Sony Malware::0011,attack_flow,Sony Malware,"[""T1021"",""T1003"",""T1078"",""T1485"",""T1105""]",0.0,0.0
F1_RR5_oracle,attack_flow::Sony Malware::0012,attack_flow,Sony Malware,"[""T1485"",""T1070"",""T1021"",""T1005"",""T1119""]",0.0,0.0
F2_C1R_oracle,attack_flow::Sony Malware::0012,attack_flow,Sony Malware,"[""T1485"",""T1070"",""T1021"",""T1005"",""T1119""]",0.0,0.0
F3_OSER_oracle,attack_flow::Sony Malware::0012,attack_flow,Sony Malware,"[""T1485"",""T1070"",""T1021"",""T1005"",""T1119""]",0.0,0.0
F4_LCB_RS_oracle,attack_flow::Sony Malware::0012,attack_flow,Sony Malware,"[""T1485"",""T1070"",""T1021"",""T1005"",""T1119""]",0.0,0.0
F5_LCTR5_oracle,attack_flow::Sony Malware::0012,attack_flow,Sony Malware,"[""T1485"",""T1070"",""T1021"",""T1005"",""T1119""]",0.0,0.0
F1_RR5_oracle,attack_flow::Target Breach::0001,attack_flow,Target Breach,"[""T1078"",""T1595"",""T1590"",""T1587"",""T1195""]",0.46927872602275644,0.20210734650054757
F2_C1R_oracle,attack_flow::Target Breach::0001,attack_flow,Target Breach,"[""T1595"",""T1590"",""T1587"",""T1078"",""T1195""]",0.20210734650054757,0.20210734650054757
F3_OSER_oracle,attack_flow::Target Breach::0001,attack_flow,Target Breach,"[""T1595"",""T1590"",""T1587"",""T1078"",""T1195""]",0.20210734650054757,0.20210734650054757
F4_LCB_RS_oracle,attack_flow::Target Breach::0001,attack_flow,Target Breach,"[""T1595"",""T1590"",""T1587"",""T1078"",""T1195""]",0.20210734650054757,0.20210734650054757
F5_LCTR5_oracle,attack_flow::Target Breach::0001,attack_flow,Target Breach,"[""T1595"",""T1590"",""T1587"",""T1078"",""T1195""]",0.20210734650054757,0.20210734650054757
F1_RR5_oracle,attack_flow::Target Breach::0002,attack_flow,Target Breach,"[""T1078"",""T1133"",""T1021"",""T1059"",""T1003""]",0.6131471927654584,0.6131471927654584
F2_C1R_oracle,attack_flow::Target Breach::0002,attack_flow,Target Breach,"[""T1078"",""T1133"",""T1021"",""T1059"",""T1003""]",0.6131471927654584,0.6131471927654584
F3_OSER_oracle,attack_flow::Target Breach::0002,attack_flow,Target Breach,"[""T1078"",""T1133"",""T1021"",""T1059"",""T1003""]",0.6131471927654584,0.6131471927654584
F4_LCB_RS_oracle,attack_flow::Target Breach::0002,attack_flow,Target Breach,"[""T1078"",""T1133"",""T1021"",""T1059"",""T1003""]",0.6131471927654584,0.6131471927654584
F5_LCTR5_oracle,attack_flow::Target Breach::0002,attack_flow,Target Breach,"[""T1078"",""T1133"",""T1021"",""T1059"",""T1003""]",0.6131471927654584,0.6131471927654584
F1_RR5_oracle,attack_flow::Target Breach::0003,attack_flow,Target Breach,"[""T1078"",""T1133"",""T1021"",""T1059"",""T1003""]",0.6131471927654584,0.6131471927654584
F2_C1R_oracle,attack_flow::Target Breach::0003,attack_flow,Target Breach,"[""T1078"",""T1133"",""T1021"",""T1059"",""T1003""]",0.6131471927654584,0.6131471927654584
F3_OSER_oracle,attack_flow::Target Breach::0003,attack_flow,Target Breach,"[""T1078"",""T1133"",""T1021"",""T1059"",""T1003""]",0.6131471927654584,0.6131471927654584
F4_LCB_RS_oracle,attack_flow::Target Breach::0003,attack_flow,Target Breach,"[""T1078"",""T1133"",""T1021"",""T1059"",""T1003""]",0.6131471927654584,0.6131471927654584
F5_LCTR5_oracle,attack_flow::Target Breach::0003,attack_flow,Target Breach,"[""T1078"",""T1133"",""T1021"",""T1059"",""T1003""]",0.6131471927654584,0.6131471927654584
F1_RR5_oracle,attack_flow::Target Breach::0004,attack_flow,Target Breach,"[""T1078"",""T1105"",""T1021"",""T1003"",""T1059""]",0.7653606369886217,0.6508205185601091
F2_C1R_oracle,attack_flow::Target Breach::0004,attack_flow,Target Breach,"[""T1078"",""T1021"",""T1003"",""T1059"",""T1105""]",0.6508205185601091,0.6508205185601091
F3_OSER_oracle,attack_flow::Target Breach::0004,attack_flow,Target Breach,"[""T1078"",""T1021"",""T1003"",""T1059"",""T1105""]",0.6508205185601091,0.6508205185601091
F4_LCB_RS_oracle,attack_flow::Target Breach::0004,attack_flow,Target Breach,"[""T1078"",""T1021"",""T1003"",""T1059"",""T1105""]",0.6508205185601091,0.6508205185601091
F5_LCTR5_oracle,attack_flow::Target Breach::0004,attack_flow,Target Breach,"[""T1078"",""T1021"",""T1003"",""T1059"",""T1105""]",0.6508205185601091,0.6508205185601091
F1_RR5_oracle,attack_flow::Target Breach::0008,attack_flow,Target Breach,"[""T1005"",""T1059"",""T1021"",""T1003"",""T1485""]",0.0,0.0
F2_C1R_oracle,attack_flow::Target Breach::0008,attack_flow,Target Breach,"[""T1005"",""T1059"",""T1021"",""T1003"",""T1485""]",0.0,0.0
F3_OSER_oracle,attack_flow::Target Breach::0008,attack_flow,Target Breach,"[""T1005"",""T1059"",""T1021"",""T1003"",""T1485""]",0.0,0.0
F4_LCB_RS_oracle,attack_flow::Target Breach::0008,attack_flow,Target Breach,"[""T1005"",""T1059"",""T1021"",""T1003"",""T1485""]",0.0,0.0
F5_LCTR5_oracle,attack_flow::Target Breach::0008,attack_flow,Target Breach,"[""T1005"",""T1059"",""T1021"",""T1003"",""T1485""]",0.0,0.0
F1_RR5_oracle,attack_flow::Target Breach::0009,attack_flow,Target Breach,"[""T1021"",""T1003"",""T1078"",""T1105"",""T1560""]",0.0,0.0
F2_C1R_oracle,attack_flow::Target Breach::0009,attack_flow,Target Breach,"[""T1021"",""T1003"",""T1078"",""T1105"",""T1560""]",0.0,0.0
F3_OSER_oracle,attack_flow::Target Breach::0009,attack_flow,Target Breach,"[""T1021"",""T1003"",""T1078"",""T1105"",""T1560""]",0.0,0.0
F4_LCB_RS_oracle,attack_flow::Target Breach::0009,attack_flow,Target Breach,"[""T1021"",""T1003"",""T1078"",""T1105"",""T1560""]",0.0,0.0
F5_LCTR5_oracle,attack_flow::Target Breach::0009,attack_flow,Target Breach,"[""T1021"",""T1003"",""T1078"",""T1105"",""T1560""]",0.0,0.0
F1_RR5_oracle,attack_flow::Target Breach::0010,attack_flow,Target Breach,"[""T1005"",""T1021"",""T1041"",""T1071"",""T1560""]",0.0,0.0
F2_C1R_oracle,attack_flow::Target Breach::0010,attack_flow,Target Breach,"[""T1005"",""T1021"",""T1041"",""T1071"",""T1560""]",0.0,0.0
F3_OSER_oracle,attack_flow::Target Breach::0010,attack_flow,Target Breach,"[""T1005"",""T1021"",""T1041"",""T1071"",""T1560""]",0.0,0.0
F4_LCB_RS_oracle,attack_flow::Target Breach::0010,attack_flow,Target Breach,"[""T1005"",""T1021"",""T1041"",""T1071"",""T1560""]",0.0,0.0
F5_LCTR5_oracle,attack_flow::Target Breach::0010,attack_flow,Target Breach,"[""T1005"",""T1021"",""T1041"",""T1071"",""T1560""]",0.0,0.0
F1_RR5_oracle,attack_flow::Target Breach::0011,attack_flow,Target Breach,"[""T1041"",""T1048"",""T1071"",""T1560"",""T1485""]",0.0,0.0
F2_C1R_oracle,attack_flow::Target Breach::0011,attack_flow,Target Breach,"[""T1041"",""T1048"",""T1071"",""T1560"",""T1485""]",0.0,0.0
F3_OSER_oracle,attack_flow::Target Breach::0011,attack_flow,Target Breach,"[""T1041"",""T1048"",""T1071"",""T1560"",""T1485""]",0.0,0.0
F4_LCB_RS_oracle,attack_flow::Target Breach::0011,attack_flow,Target Breach,"[""T1041"",""T1048"",""T1071"",""T1560"",""T1485""]",0.0,0.0
F5_LCTR5_oracle,attack_flow::Target Breach::0011,attack_flow,Target Breach,"[""T1041"",""T1048"",""T1071"",""T1560"",""T1485""]",0.0,0.0
F1_RR5_oracle,attack_flow::Tesla Kubernetes Breach::0001,attack_flow,Tesla Kubernetes Breach,"[""T1078"",""T1059"",""T1087"",""T1021"",""T1505""]",0.46927872602275644,0.46927872602275644
F2_C1R_oracle,attack_flow::Tesla Kubernetes Breach::0001,attack_flow,Tesla Kubernetes Breach,"[""T1078"",""T1059"",""T1087"",""T1021"",""T1505""]",0.46927872602275644,0.46927872602275644
F3_OSER_oracle,attack_flow::Tesla Kubernetes Breach::0001,attack_flow,Tesla Kubernetes Breach,"[""T1078"",""T1059"",""T1087"",""T1021"",""T1505""]",0.46927872602275644,0.46927872602275644
F4_LCB_RS_oracle,attack_flow::Tesla Kubernetes Breach::0001,attack_flow,Tesla Kubernetes Breach,"[""T1078"",""T1059"",""T1087"",""T1021"",""T1505""]",0.46927872602275644,0.46927872602275644
F5_LCTR5_oracle,attack_flow::Tesla Kubernetes Breach::0001,attack_flow,Tesla Kubernetes Breach,"[""T1078"",""T1059"",""T1087"",""T1021"",""T1505""]",0.46927872602275644,0.46927872602275644
F1_RR5_oracle,attack_flow::Tesla Kubernetes Breach::0002,attack_flow,Tesla Kubernetes Breach,"[""T1078"",""T1550"",""T1021"",""T1003"",""T1105""]",0.6131471927654584,0.6131471927654584
F2_C1R_oracle,attack_flow::Tesla Kubernetes Breach::0002,attack_flow,Tesla Kubernetes Breach,"[""T1078"",""T1550"",""T1021"",""T1003"",""T1105""]",0.6131471927654584,0.6131471927654584
F3_OSER_oracle,attack_flow::Tesla Kubernetes Breach::0002,attack_flow,Tesla Kubernetes Breach,"[""T1078"",""T1550"",""T1021"",""T1003"",""T1105""]",0.6131471927654584,0.6131471927654584
F4_LCB_RS_oracle,attack_flow::Tesla Kubernetes Breach::0002,attack_flow,Tesla Kubernetes Breach,"[""T1078"",""T1550"",""T1021"",""T1003"",""T1105""]",0.6131471927654584,0.6131471927654584
F5_LCTR5_oracle,attack_flow::Tesla Kubernetes Breach::0002,attack_flow,Tesla Kubernetes Breach,"[""T1078"",""T1550"",""T1021"",""T1003"",""T1105""]",0.6131471927654584,0.6131471927654584
F1_RR5_oracle,attack_flow::Tesla Kubernetes Breach::0003,attack_flow,Tesla Kubernetes Breach,"[""T1530"",""T1552"",""T1078"",""T1021"",""T1003""]",1.0,0.5
F2_C1R_oracle,attack_flow::Tesla Kubernetes Breach::0003,attack_flow,Tesla Kubernetes Breach,"[""T1552"",""T1078"",""T1530"",""T1021"",""T1003""]",0.5,0.5
F3_OSER_oracle,attack_flow::Tesla Kubernetes Breach::0003,attack_flow,Tesla Kubernetes Breach,"[""T1552"",""T1078"",""T1530"",""T1021"",""T1003""]",0.5,0.5
F4_LCB_RS_oracle,attack_flow::Tesla Kubernetes Breach::0003,attack_flow,Tesla Kubernetes Breach,"[""T1552"",""T1078"",""T1530"",""T1021"",""T1003""]",0.5,0.5
F5_LCTR5_oracle,attack_flow::Tesla Kubernetes Breach::0003,attack_flow,Tesla Kubernetes Breach,"[""T1552"",""T1078"",""T1530"",""T1021"",""T1003""]",0.5,0.5
F1_RR5_oracle,attack_flow::Uber Breach::0001,attack_flow,Uber Breach,"[""T1078"",""T1133"",""T1021"",""T1059"",""T1003""]",0.46927872602275644,0.46927872602275644
F2_C1R_oracle,attack_flow::Uber Breach::0001,attack_flow,Uber Breach,"[""T1078"",""T1133"",""T1021"",""T1059"",""T1003""]",0.46927872602275644,0.46927872602275644
F3_OSER_oracle,attack_flow::Uber Breach::0001,attack_flow,Uber Breach,"[""T1078"",""T1133"",""T1021"",""T1059"",""T1003""]",0.46927872602275644,0.46927872602275644
F4_LCB_RS_oracle,attack_flow::Uber Breach::0001,attack_flow,Uber Breach,"[""T1078"",""T1133"",""T1021"",""T1059"",""T1003""]",0.46927872602275644,0.46927872602275644
F5_LCTR5_oracle,attack_flow::Uber Breach::0001,attack_flow,Uber Breach,"[""T1078"",""T1133"",""T1021"",""T1059"",""T1003""]",0.46927872602275644,0.46927872602275644
F1_RR5_oracle,attack_flow::Uber Breach::0002,attack_flow,Uber Breach,"[""T1078"",""T1586"",""T1021"",""T1110"",""T1046""]",0.0,0.0
F2_C1R_oracle,attack_flow::Uber Breach::0002,attack_flow,Uber Breach,"[""T1078"",""T1586"",""T1021"",""T1110"",""T1046""]",0.0,0.0
F3_OSER_oracle,attack_flow::Uber Breach::0002,attack_flow,Uber Breach,"[""T1078"",""T1586"",""T1021"",""T1110"",""T1046""]",0.0,0.0
F4_LCB_RS_oracle,attack_flow::Uber Breach::0002,attack_flow,Uber Breach,"[""T1078"",""T1586"",""T1021"",""T1110"",""T1046""]",0.0,0.0
F5_LCTR5_oracle,attack_flow::Uber Breach::0002,attack_flow,Uber Breach,"[""T1078"",""T1586"",""T1021"",""T1110"",""T1046""]",0.0,0.0
F1_RR5_oracle,attack_flow::Uber Breach::0003,attack_flow,Uber Breach,"[""T1078"",""T1621"",""T1586"",""T1110"",""T1021""]",0.46927872602275644,0.46927872602275644
F2_C1R_oracle,attack_flow::Uber Breach::0003,attack_flow,Uber Breach,"[""T1078"",""T1621"",""T1586"",""T1110"",""T1021""]",0.46927872602275644,0.46927872602275644
F3_OSER_oracle,attack_flow::Uber Breach::0003,attack_flow,Uber Breach,"[""T1078"",""T1621"",""T1586"",""T1110"",""T1021""]",0.46927872602275644,0.46927872602275644
F4_LCB_RS_oracle,attack_flow::Uber Breach::0003,attack_flow,Uber Breach,"[""T1078"",""T1621"",""T1586"",""T1110"",""T1021""]",0.46927872602275644,0.46927872602275644
F5_LCTR5_oracle,attack_flow::Uber Breach::0003,attack_flow,Uber Breach,"[""T1078"",""T1621"",""T1586"",""T1110"",""T1021""]",0.46927872602275644,0.46927872602275644
F1_RR5_oracle,attack_flow::Uber Breach::0004,attack_flow,Uber Breach,"[""T1078"",""T1110"",""T1021"",""T1003"",""T1083""]",0.46927872602275644,0.46927872602275644
F2_C1R_oracle,attack_flow::Uber Breach::0004,attack_flow,Uber Breach,"[""T1078"",""T1110"",""T1021"",""T1003"",""T1083""]",0.46927872602275644,0.46927872602275644
F3_OSER_oracle,attack_flow::Uber Breach::0004,attack_flow,Uber Breach,"[""T1078"",""T1110"",""T1021"",""T1003"",""T1083""]",0.46927872602275644,0.46927872602275644
F4_LCB_RS_oracle,attack_flow::Uber Breach::0004,attack_flow,Uber Breach,"[""T1078"",""T1110"",""T1021"",""T1003"",""T1083""]",0.46927872602275644,0.46927872602275644
F5_LCTR5_oracle,attack_flow::Uber Breach::0004,attack_flow,Uber Breach,"[""T1078"",""T1110"",""T1021"",""T1003"",""T1083""]",0.46927872602275644,0.46927872602275644
F1_RR5_oracle,attack_flow::Uber Breach::0005,attack_flow,Uber Breach,"[""T1078"",""T1552"",""T1135"",""T1021"",""T1003""]",0.6131471927654584,0.6131471927654584
F2_C1R_oracle,attack_flow::Uber Breach::0005,attack_flow,Uber Breach,"[""T1078"",""T1552"",""T1135"",""T1021"",""T1003""]",0.6131471927654584,0.6131471927654584
F3_OSER_oracle,attack_flow::Uber Breach::0005,attack_flow,Uber Breach,"[""T1078"",""T1552"",""T1135"",""T1021"",""T1003""]",0.6131471927654584,0.6131471927654584
F4_LCB_RS_oracle,attack_flow::Uber Breach::0005,attack_flow,Uber Breach,"[""T1078"",""T1552"",""T1135"",""T1021"",""T1003""]",0.6131471927654584,0.6131471927654584
F5_LCTR5_oracle,attack_flow::Uber Breach::0005,attack_flow,Uber Breach,"[""T1078"",""T1552"",""T1135"",""T1021"",""T1003""]",0.6131471927654584,0.6131471927654584
F1_RR5_oracle,attack_flow::Uber Breach::0006,attack_flow,Uber Breach,"[""T1078"",""T1003"",""T1021"",""T1059"",""T1098""]",0.0,0.0
F2_C1R_oracle,attack_flow::Uber Breach::0006,attack_flow,Uber Breach,"[""T1078"",""T1003"",""T1021"",""T1059"",""T1098""]",0.0,0.0
F3_OSER_oracle,attack_flow::Uber Breach::0006,attack_flow,Uber Breach,"[""T1078"",""T1003"",""T1021"",""T1059"",""T1098""]",0.0,0.0
F4_LCB_RS_oracle,attack_flow::Uber Breach::0006,attack_flow,Uber Breach,"[""T1078"",""T1003"",""T1021"",""T1059"",""T1098""]",0.0,0.0
F5_LCTR5_oracle,attack_flow::Uber Breach::0006,attack_flow,Uber Breach,"[""T1078"",""T1003"",""T1021"",""T1059"",""T1098""]",0.0,0.0
F1_RR5_oracle,attack_flow::WhisperGate::0001,attack_flow,WhisperGate,"[""T1059"",""T1105"",""T1078"",""T1021"",""T1003""]",0.7653606369886217,0.38364913903790027
F2_C1R_oracle,attack_flow::WhisperGate::0001,attack_flow,WhisperGate,"[""T1078"",""T1021"",""T1003"",""T1059"",""T1105""]",0.38364913903790027,0.38364913903790027
F3_OSER_oracle,attack_flow::WhisperGate::0001,attack_flow,WhisperGate,"[""T1078"",""T1021"",""T1003"",""T1059"",""T1105""]",0.38364913903790027,0.38364913903790027
F4_LCB_RS_oracle,attack_flow::WhisperGate::0001,attack_flow,WhisperGate,"[""T1105"",""T1021"",""T1003"",""T1059"",""T1078""]",0.6713860725233041,0.38364913903790027
F5_LCTR5_oracle,attack_flow::WhisperGate::0001,attack_flow,WhisperGate,"[""T1078"",""T1021"",""T1003"",""T1059"",""T1105""]",0.38364913903790027,0.38364913903790027
F1_RR5_oracle,attack_flow::WhisperGate::0002,attack_flow,WhisperGate,"[""T1059"",""T1105"",""T1021"",""T1003"",""T1078""]",0.7653606369886217,0.41618115554873086
F2_C1R_oracle,attack_flow::WhisperGate::0002,attack_flow,WhisperGate,"[""T1021"",""T1003"",""T1059"",""T1078"",""T1105""]",0.41618115554873086,0.41618115554873086
F3_OSER_oracle,attack_flow::WhisperGate::0002,attack_flow,WhisperGate,"[""T1105"",""T1021"",""T1070"",""T1003"",""T1547""]",0.46927872602275644,0.41618115554873086
F4_LCB_RS_oracle,attack_flow::WhisperGate::0002,attack_flow,WhisperGate,"[""T1105"",""T1021"",""T1003"",""T1059"",""T1078""]",0.6713860725233041,0.41618115554873086
F5_LCTR5_oracle,attack_flow::WhisperGate::0002,attack_flow,WhisperGate,"[""T1021"",""T1003"",""T1059"",""T1078"",""T1105""]",0.41618115554873086,0.41618115554873086
F1_RR5_oracle,attack_flow::WhisperGate::0003,attack_flow,WhisperGate,"[""T1486"",""T1005"",""T1021"",""T1071"",""T1562""]",0.0,0.0
F2_C1R_oracle,attack_flow::WhisperGate::0003,attack_flow,WhisperGate,"[""T1486"",""T1005"",""T1021"",""T1071"",""T1105""]",0.18154179253735267,0.0
F3_OSER_oracle,attack_flow::WhisperGate::0003,attack_flow,WhisperGate,"[""T1105"",""T1021"",""T1018"",""T1003"",""T1070""]",0.46927872602275644,0.0
F4_LCB_RS_oracle,attack_flow::WhisperGate::0003,attack_flow,WhisperGate,"[""T1486"",""T1005"",""T1021"",""T1071"",""T1105""]",0.18154179253735267,0.0
F5_LCTR5_oracle,attack_flow::WhisperGate::0003,attack_flow,WhisperGate,"[""T1486"",""T1005"",""T1021"",""T1071"",""T1562""]",0.0,0.0
F1_RR5_oracle,attack_flow::WhisperGate::0004,attack_flow,WhisperGate,"[""T1105"",""T1003"",""T1021"",""T1078"",""T1059""]",0.6131471927654584,0.23719771276929622
F2_C1R_oracle,attack_flow::WhisperGate::0004,attack_flow,WhisperGate,"[""T1003"",""T1021"",""T1078"",""T1059"",""T1105""]",0.23719771276929622,0.23719771276929622
F3_OSER_oracle,attack_flow::WhisperGate::0004,attack_flow,WhisperGate,"[""T1105"",""T1070"",""T1016"",""T1041"",""T1003""]",0.6131471927654584,0.23719771276929622
F4_LCB_RS_oracle,attack_flow::WhisperGate::0004,attack_flow,WhisperGate,"[""T1105"",""T1003"",""T1021"",""T1078"",""T1059""]",0.6131471927654584,0.23719771276929622
F5_LCTR5_oracle,attack_flow::WhisperGate::0004,attack_flow,WhisperGate,"[""T1105"",""T1003"",""T1021"",""T1078"",""T1059""]",0.6131471927654584,0.23719771276929622
F1_RR5_oracle,attack_flow::WhisperGate::0005,attack_flow,WhisperGate,"[""T1059"",""T1021"",""T1003"",""T1486"",""T1070""]",0.6131471927654584,0.23719771276929622
F2_C1R_oracle,attack_flow::WhisperGate::0005,attack_flow,WhisperGate,"[""T1021"",""T1003"",""T1486"",""T1070"",""T1059""]",0.23719771276929622,0.23719771276929622
F3_OSER_oracle,attack_flow::WhisperGate::0005,attack_flow,WhisperGate,"[""T1021"",""T1003"",""T1486"",""T1070"",""T1059""]",0.23719771276929622,0.23719771276929622
F4_LCB_RS_oracle,attack_flow::WhisperGate::0005,attack_flow,WhisperGate,"[""T1021"",""T1003"",""T1486"",""T1070"",""T1059""]",0.23719771276929622,0.23719771276929622
F5_LCTR5_oracle,attack_flow::WhisperGate::0005,attack_flow,WhisperGate,"[""T1021"",""T1486"",""T1003"",""T1059"",""T1070""]",0.2640681225725909,0.23719771276929622
F1_RR5_oracle,attack_flow::WhisperGate::0006,attack_flow,WhisperGate,"[""T1059"",""T1021"",""T1003"",""T1486"",""T1078""]",0.46927872602275644,0.46927872602275644
F2_C1R_oracle,attack_flow::WhisperGate::0006,attack_flow,WhisperGate,"[""T1059"",""T1021"",""T1003"",""T1486"",""T1078""]",0.46927872602275644,0.46927872602275644
F3_OSER_oracle,attack_flow::WhisperGate::0006,attack_flow,WhisperGate,"[""T1059"",""T1021"",""T1003"",""T1486"",""T1078""]",0.46927872602275644,0.46927872602275644
F4_LCB_RS_oracle,attack_flow::WhisperGate::0006,attack_flow,WhisperGate,"[""T1059"",""T1021"",""T1003"",""T1486"",""T1078""]",0.46927872602275644,0.46927872602275644
F5_LCTR5_oracle,attack_flow::WhisperGate::0006,attack_flow,WhisperGate,"[""T1059"",""T1021"",""T1003"",""T1486"",""T1078""]",0.46927872602275644,0.46927872602275644
F1_RR5_oracle,attack_flow::WhisperGate::0007,attack_flow,WhisperGate,"[""T1059"",""T1003"",""T1021"",""T1078"",""T1105""]",0.46927872602275644,0.46927872602275644
F2_C1R_oracle,attack_flow::WhisperGate::0007,attack_flow,WhisperGate,"[""T1059"",""T1003"",""T1021"",""T1078"",""T1105""]",0.46927872602275644,0.46927872602275644
F3_OSER_oracle,attack_flow::WhisperGate::0007,attack_flow,WhisperGate,"[""T1059"",""T1003"",""T1021"",""T1078"",""T1105""]",0.46927872602275644,0.46927872602275644
F4_LCB_RS_oracle,attack_flow::WhisperGate::0007,attack_flow,WhisperGate,"[""T1059"",""T1003"",""T1021"",""T1078"",""T1105""]",0.46927872602275644,0.46927872602275644
F5_LCTR5_oracle,attack_flow::WhisperGate::0007,attack_flow,WhisperGate,"[""T1059"",""T1003"",""T1021"",""T1078"",""T1105""]",0.46927872602275644,0.46927872602275644
F1_RR5_oracle,attack_flow::WhisperGate::0008,attack_flow,WhisperGate,"[""T1027"",""T1059"",""T1105"",""T1078"",""T1542""]",0.46927872602275644,0.23463936301137822
F2_C1R_oracle,attack_flow::WhisperGate::0008,attack_flow,WhisperGate,"[""T1059"",""T1105"",""T1027"",""T1078"",""T1542""]",0.23463936301137822,0.23463936301137822
F3_OSER_oracle,attack_flow::WhisperGate::0008,attack_flow,WhisperGate,"[""T1059"",""T1105"",""T1027"",""T1078"",""T1542""]",0.23463936301137822,0.23463936301137822
F4_LCB_RS_oracle,attack_flow::WhisperGate::0008,attack_flow,WhisperGate,"[""T1059"",""T1105"",""T1027"",""T1078"",""T1542""]",0.23463936301137822,0.23463936301137822
F5_LCTR5_oracle,attack_flow::WhisperGate::0008,attack_flow,WhisperGate,"[""T1059"",""T1105"",""T1027"",""T1078"",""T1542""]",0.23463936301137822,0.23463936301137822
F1_RR5_oracle,attack_flow::WhisperGate::0009,attack_flow,WhisperGate,"[""T1059"",""T1486"",""T1003"",""T1021"",""T1078""]",0.46927872602275644,0.18154179253735267
F2_C1R_oracle,attack_flow::WhisperGate::0009,attack_flow,WhisperGate,"[""T1486"",""T1003"",""T1021"",""T1078"",""T1059""]",0.18154179253735267,0.18154179253735267
F3_OSER_oracle,attack_flow::WhisperGate::0009,attack_flow,WhisperGate,"[""T1486"",""T1003"",""T1021"",""T1078"",""T1059""]",0.18154179253735267,0.18154179253735267
F4_LCB_RS_oracle,attack_flow::WhisperGate::0009,attack_flow,WhisperGate,"[""T1021"",""T1003"",""T1059"",""T1486"",""T1078""]",0.23463936301137822,0.18154179253735267
F5_LCTR5_oracle,attack_flow::WhisperGate::0009,attack_flow,WhisperGate,"[""T1486"",""T1003"",""T1021"",""T1078"",""T1059""]",0.18154179253735267,0.18154179253735267
F1_RR5_oracle,attack_flow::WhisperGate::0010,attack_flow,WhisperGate,"[""T1059"",""T1027"",""T1105"",""T1078"",""T1562""]",0.7653606369886217,0.7653606369886217
F2_C1R_oracle,attack_flow::WhisperGate::0010,attack_flow,WhisperGate,"[""T1059"",""T1027"",""T1105"",""T1078"",""T1562""]",0.7653606369886217,0.7653606369886217
F3_OSER_oracle,attack_flow::WhisperGate::0010,attack_flow,WhisperGate,"[""T1059"",""T1027"",""T1105"",""T1078"",""T1562""]",0.7653606369886217,0.7653606369886217
F4_LCB_RS_oracle,attack_flow::WhisperGate::0010,attack_flow,WhisperGate,"[""T1059"",""T1027"",""T1105"",""T1078"",""T1562""]",0.7653606369886217,0.7653606369886217
F5_LCTR5_oracle,attack_flow::WhisperGate::0010,attack_flow,WhisperGate,"[""T1059"",""T1027"",""T1105"",""T1078"",""T1562""]",0.7653606369886217,0.7653606369886217
F1_RR5_oracle,attack_flow::WhisperGate::0011,attack_flow,WhisperGate,"[""T1059"",""T1105"",""T1027"",""T1140"",""T1562""]",0.46927872602275644,0.46927872602275644
F2_C1R_oracle,attack_flow::WhisperGate::0011,attack_flow,WhisperGate,"[""T1059"",""T1105"",""T1027"",""T1140"",""T1562""]",0.46927872602275644,0.46927872602275644
F3_OSER_oracle,attack_flow::WhisperGate::0011,attack_flow,WhisperGate,"[""T1059"",""T1105"",""T1027"",""T1140"",""T1562""]",0.46927872602275644,0.46927872602275644
F4_LCB_RS_oracle,attack_flow::WhisperGate::0011,attack_flow,WhisperGate,"[""T1059"",""T1105"",""T1027"",""T1140"",""T1562""]",0.46927872602275644,0.46927872602275644
F5_LCTR5_oracle,attack_flow::WhisperGate::0011,attack_flow,WhisperGate,"[""T1059"",""T1105"",""T1027"",""T1140"",""T1562""]",0.46927872602275644,0.46927872602275644
F1_RR5_oracle,attack_flow::WhisperGate::0013,attack_flow,WhisperGate,"[""T1486"",""T1021"",""T1003"",""T1071"",""T1053""]",0.0,0.0
F2_C1R_oracle,attack_flow::WhisperGate::0013,attack_flow,WhisperGate,"[""T1486"",""T1021"",""T1003"",""T1071"",""T1082""]",0.18154179253735267,0.0
F3_OSER_oracle,attack_flow::WhisperGate::0013,attack_flow,WhisperGate,"[""T1486"",""T1021"",""T1003"",""T1071"",""T1053""]",0.0,0.0
F4_LCB_RS_oracle,attack_flow::WhisperGate::0013,attack_flow,WhisperGate,"[""T1486"",""T1021"",""T1003"",""T1071"",""T1053""]",0.0,0.0
F5_LCTR5_oracle,attack_flow::WhisperGate::0013,attack_flow,WhisperGate,"[""T1486"",""T1021"",""T1003"",""T1071"",""T1053""]",0.0,0.0
F1_RR5_oracle,attack_flow::WhisperGate::0014,attack_flow,WhisperGate,"[""T1486"",""T1021"",""T1078"",""T1059"",""T1105""]",0.0,0.0
F2_C1R_oracle,attack_flow::WhisperGate::0014,attack_flow,WhisperGate,"[""T1486"",""T1021"",""T1078"",""T1059"",""T1070""]",0.18154179253735267,0.0
F3_OSER_oracle,attack_flow::WhisperGate::0014,attack_flow,WhisperGate,"[""T1486"",""T1021"",""T1078"",""T1059"",""T1105""]",0.0,0.0
F4_LCB_RS_oracle,attack_flow::WhisperGate::0014,attack_flow,WhisperGate,"[""T1486"",""T1021"",""T1078"",""T1059"",""T1105""]",0.0,0.0
F5_LCTR5_oracle,attack_flow::WhisperGate::0014,attack_flow,WhisperGate,"[""T1486"",""T1021"",""T1078"",""T1059"",""T1105""]",0.0,0.0
F1_RR5_oracle,attack_flow::WhisperGate::0015,attack_flow,WhisperGate,"[""T1486"",""T1005"",""T1071"",""T1021"",""T1078""]",0.0,0.0
F2_C1R_oracle,attack_flow::WhisperGate::0015,attack_flow,WhisperGate,"[""T1486"",""T1005"",""T1071"",""T1021"",""T1078""]",0.0,0.0
F3_OSER_oracle,attack_flow::WhisperGate::0015,attack_flow,WhisperGate,"[""T1486"",""T1005"",""T1071"",""T1021"",""T1078""]",0.0,0.0
F4_LCB_RS_oracle,attack_flow::WhisperGate::0015,attack_flow,WhisperGate,"[""T1486"",""T1005"",""T1071"",""T1021"",""T1078""]",0.0,0.0
F5_LCTR5_oracle,attack_flow::WhisperGate::0015,attack_flow,WhisperGate,"[""T1486"",""T1005"",""T1071"",""T1021"",""T1078""]",0.0,0.0
F1_RR5_oracle,attack_flow::WhisperGate::0016,attack_flow,WhisperGate,"[""T1070"",""T1485"",""T1059"",""T1027"",""T1542""]",0.6131471927654584,0.38685280723454163
F2_C1R_oracle,attack_flow::WhisperGate::0016,attack_flow,WhisperGate,"[""T1485"",""T1070"",""T1059"",""T1027"",""T1542""]",0.38685280723454163,0.38685280723454163
F3_OSER_oracle,attack_flow::WhisperGate::0016,attack_flow,WhisperGate,"[""T1485"",""T1070"",""T1059"",""T1027"",""T1542""]",0.38685280723454163,0.38685280723454163
F4_LCB_RS_oracle,attack_flow::WhisperGate::0016,attack_flow,WhisperGate,"[""T1070"",""T1059"",""T1485"",""T1027"",""T1542""]",0.6131471927654584,0.38685280723454163
F5_LCTR5_oracle,attack_flow::WhisperGate::0016,attack_flow,WhisperGate,"[""T1485"",""T1070"",""T1059"",""T1027"",""T1542""]",0.38685280723454163,0.38685280723454163
F1_RR5_oracle,attack_flow::WhisperGate::0017,attack_flow,WhisperGate,"[""T1485"",""T1070"",""T1059"",""T1027"",""T1105""]",0.0,0.0
F2_C1R_oracle,attack_flow::WhisperGate::0017,attack_flow,WhisperGate,"[""T1485"",""T1070"",""T1059"",""T1027"",""T1105""]",0.0,0.0
F3_OSER_oracle,attack_flow::WhisperGate::0017,attack_flow,WhisperGate,"[""T1485"",""T1070"",""T1059"",""T1027"",""T1105""]",0.0,0.0
F4_LCB_RS_oracle,attack_flow::WhisperGate::0017,attack_flow,WhisperGate,"[""T1485"",""T1070"",""T1059"",""T1027"",""T1105""]",0.0,0.0
F5_LCTR5_oracle,attack_flow::WhisperGate::0017,attack_flow,WhisperGate,"[""T1485"",""T1070"",""T1059"",""T1027"",""T1105""]",0.0,0.0
F1_RR5_oracle,ctid::apt29::unknown::0001,ctid,apt29::unknown,"[""T1059"",""T1105"",""T1078"",""T1021"",""T1003""]",0.46927872602275644,0.46927872602275644
F2_C1R_oracle,ctid::apt29::unknown::0001,ctid,apt29::unknown,"[""T1059"",""T1105"",""T1078"",""T1021"",""T1003""]",0.46927872602275644,0.46927872602275644
F3_OSER_oracle,ctid::apt29::unknown::0001,ctid,apt29::unknown,"[""T1059"",""T1105"",""T1078"",""T1021"",""T1003""]",0.46927872602275644,0.46927872602275644
F4_LCB_RS_oracle,ctid::apt29::unknown::0001,ctid,apt29::unknown,"[""T1059"",""T1105"",""T1078"",""T1021"",""T1003""]",0.46927872602275644,0.46927872602275644
F5_LCTR5_oracle,ctid::apt29::unknown::0001,ctid,apt29::unknown,"[""T1059"",""T1105"",""T1078"",""T1021"",""T1003""]",0.46927872602275644,0.46927872602275644
F1_RR5_oracle,ctid::apt29::unknown::0002,ctid,apt29::unknown,"[""T1059"",""T1036"",""T1078"",""T1021"",""T1003""]",0.0,0.0
F2_C1R_oracle,ctid::apt29::unknown::0002,ctid,apt29::unknown,"[""T1059"",""T1036"",""T1078"",""T1021"",""T1003""]",0.0,0.0
F3_OSER_oracle,ctid::apt29::unknown::0002,ctid,apt29::unknown,"[""T1059"",""T1036"",""T1078"",""T1021"",""T1003""]",0.0,0.0
F4_LCB_RS_oracle,ctid::apt29::unknown::0002,ctid,apt29::unknown,"[""T1059"",""T1036"",""T1078"",""T1021"",""T1003""]",0.0,0.0
F5_LCTR5_oracle,ctid::apt29::unknown::0002,ctid,apt29::unknown,"[""T1059"",""T1036"",""T1078"",""T1021"",""T1003""]",0.0,0.0
F1_RR5_oracle,ctid::apt29::unknown::0003,ctid,apt29::unknown,"[""T1059"",""T1005"",""T1074"",""T1027"",""T1105""]",0.0,0.0
F2_C1R_oracle,ctid::apt29::unknown::0003,ctid,apt29::unknown,"[""T1059"",""T1005"",""T1074"",""T1027"",""T1041""]",0.18154179253735267,0.0
F3_OSER_oracle,ctid::apt29::unknown::0003,ctid,apt29::unknown,"[""T1560"",""T1567"",""T1041"",""T1070"",""T1005""]",0.23463936301137822,0.0
F4_LCB_RS_oracle,ctid::apt29::unknown::0003,ctid,apt29::unknown,"[""T1059"",""T1005"",""T1074"",""T1027"",""T1105""]",0.0,0.0
F5_LCTR5_oracle,ctid::apt29::unknown::0003,ctid,apt29::unknown,"[""T1059"",""T1005"",""T1074"",""T1027"",""T1105""]",0.0,0.0
F1_RR5_oracle,ctid::apt29::unknown::0004,ctid,apt29::unknown,"[""T1059"",""T1016"",""T1005"",""T1082"",""T1071""]",0.0,0.0
F2_C1R_oracle,ctid::apt29::unknown::0004,ctid,apt29::unknown,"[""T1059"",""T1016"",""T1005"",""T1082"",""T1057""]",0.18154179253735267,0.0
F3_OSER_oracle,ctid::apt29::unknown::0004,ctid,apt29::unknown,"[""T1021"",""T1018"",""T1135"",""T1057"",""T1016""]",0.20210734650054757,0.0
F4_LCB_RS_oracle,ctid::apt29::unknown::0004,ctid,apt29::unknown,"[""T1059"",""T1016"",""T1005"",""T1082"",""T1071""]",0.0,0.0
F5_LCTR5_oracle,ctid::apt29::unknown::0004,ctid,apt29::unknown,"[""T1059"",""T1016"",""T1005"",""T1082"",""T1071""]",0.0,0.0
F1_RR5_oracle,ctid::apt29::unknown::0005,ctid,apt29::unknown,"[""T1059"",""T1003"",""T1082"",""T1018"",""T1021""]",0.0,0.0
F2_C1R_oracle,ctid::apt29::unknown::0005,ctid,apt29::unknown,"[""T1059"",""T1003"",""T1082"",""T1018"",""T1021""]",0.0,0.0
F3_OSER_oracle,ctid::apt29::unknown::0005,ctid,apt29::unknown,"[""T1059"",""T1003"",""T1082"",""T1018"",""T1021""]",0.0,0.0
F4_LCB_RS_oracle,ctid::apt29::unknown::0005,ctid,apt29::unknown,"[""T1059"",""T1003"",""T1082"",""T1018"",""T1021""]",0.0,0.0
F5_LCTR5_oracle,ctid::apt29::unknown::0005,ctid,apt29::unknown,"[""T1059"",""T1003"",""T1082"",""T1018"",""T1021""]",0.0,0.0
F1_RR5_oracle,ctid::apt29::unknown::0006,ctid,apt29::unknown,"[""T1005"",""T1083"",""T1071"",""T1021"",""T1003""]",0.0,0.0
F2_C1R_oracle,ctid::apt29::unknown::0006,ctid,apt29::unknown,"[""T1005"",""T1083"",""T1071"",""T1021"",""T1003""]",0.0,0.0
F3_OSER_oracle,ctid::apt29::unknown::0006,ctid,apt29::unknown,"[""T1005"",""T1083"",""T1071"",""T1021"",""T1003""]",0.0,0.0
F4_LCB_RS_oracle,ctid::apt29::unknown::0006,ctid,apt29::unknown,"[""T1005"",""T1083"",""T1071"",""T1021"",""T1003""]",0.0,0.0
F5_LCTR5_oracle,ctid::apt29::unknown::0006,ctid,apt29::unknown,"[""T1005"",""T1083"",""T1071"",""T1021"",""T1003""]",0.0,0.0
F1_RR5_oracle,ctid::apt29::unknown::0007,ctid,apt29::unknown,"[""T1059"",""T1005"",""T1083"",""T1012"",""T1105""]",0.0,0.0
F2_C1R_oracle,ctid::apt29::unknown::0007,ctid,apt29::unknown,"[""T1059"",""T1005"",""T1083"",""T1012"",""T1105""]",0.0,0.0
F3_OSER_oracle,ctid::apt29::unknown::0007,ctid,apt29::unknown,"[""T1059"",""T1005"",""T1083"",""T1012"",""T1105""]",0.0,0.0
F4_LCB_RS_oracle,ctid::apt29::unknown::0007,ctid,apt29::unknown,"[""T1059"",""T1005"",""T1083"",""T1012"",""T1105""]",0.0,0.0
F5_LCTR5_oracle,ctid::apt29::unknown::0007,ctid,apt29::unknown,"[""T1059"",""T1005"",""T1083"",""T1012"",""T1105""]",0.0,0.0
F1_RR5_oracle,ctid::apt29::unknown::0008,ctid,apt29::unknown,"[""T1082"",""T1005"",""T1018"",""T1021"",""T1105""]",0.46927872602275644,0.46927872602275644
F2_C1R_oracle,ctid::apt29::unknown::0008,ctid,apt29::unknown,"[""T1082"",""T1005"",""T1018"",""T1021"",""T1105""]",0.46927872602275644,0.46927872602275644
F3_OSER_oracle,ctid::apt29::unknown::0008,ctid,apt29::unknown,"[""T1082"",""T1005"",""T1018"",""T1021"",""T1105""]",0.46927872602275644,0.46927872602275644
F4_LCB_RS_oracle,ctid::apt29::unknown::0008,ctid,apt29::unknown,"[""T1082"",""T1005"",""T1018"",""T1021"",""T1105""]",0.46927872602275644,0.46927872602275644
F5_LCTR5_oracle,ctid::apt29::unknown::0008,ctid,apt29::unknown,"[""T1082"",""T1005"",""T1018"",""T1021"",""T1105""]",0.46927872602275644,0.46927872602275644
F1_RR5_oracle,ctid::apt29::unknown::0009,ctid,apt29::unknown,"[""T1059"",""T1005"",""T1083"",""T1018"",""T1105""]",0.0,0.0
F2_C1R_oracle,ctid::apt29::unknown::0009,ctid,apt29::unknown,"[""T1059"",""T1005"",""T1083"",""T1018"",""T1105""]",0.0,0.0
F3_OSER_oracle,ctid::apt29::unknown::0009,ctid,apt29::unknown,"[""T1059"",""T1005"",""T1083"",""T1018"",""T1105""]",0.0,0.0
F4_LCB_RS_oracle,ctid::apt29::unknown::0009,ctid,apt29::unknown,"[""T1059"",""T1005"",""T1083"",""T1018"",""T1105""]",0.0,0.0
F5_LCTR5_oracle,ctid::apt29::unknown::0009,ctid,apt29::unknown,"[""T1059"",""T1005"",""T1083"",""T1018"",""T1105""]",0.0,0.0
F1_RR5_oracle,ctid::apt29::unknown::0010,ctid,apt29::unknown,"[""T1003"",""T1078"",""T1021"",""T1053"",""T1105""]",0.0,0.0
F2_C1R_oracle,ctid::apt29::unknown::0010,ctid,apt29::unknown,"[""T1003"",""T1078"",""T1021"",""T1053"",""T1105""]",0.0,0.0
F3_OSER_oracle,ctid::apt29::unknown::0010,ctid,apt29::unknown,"[""T1003"",""T1078"",""T1021"",""T1053"",""T1105""]",0.0,0.0
F4_LCB_RS_oracle,ctid::apt29::unknown::0010,ctid,apt29::unknown,"[""T1003"",""T1078"",""T1021"",""T1053"",""T1105""]",0.0,0.0
F5_LCTR5_oracle,ctid::apt29::unknown::0010,ctid,apt29::unknown,"[""T1003"",""T1078"",""T1021"",""T1053"",""T1105""]",0.0,0.0
F1_RR5_oracle,ctid::apt29::unknown::0011,ctid,apt29::unknown,"[""T1003"",""T1021"",""T1078"",""T1105"",""T1053""]",0.0,0.0
F2_C1R_oracle,ctid::apt29::unknown::0011,ctid,apt29::unknown,"[""T1003"",""T1021"",""T1078"",""T1105"",""T1053""]",0.0,0.0
F3_OSER_oracle,ctid::apt29::unknown::0011,ctid,apt29::unknown,"[""T1003"",""T1021"",""T1078"",""T1105"",""T1053""]",0.0,0.0
F4_LCB_RS_oracle,ctid::apt29::unknown::0011,ctid,apt29::unknown,"[""T1003"",""T1021"",""T1078"",""T1105"",""T1053""]",0.0,0.0
F5_LCTR5_oracle,ctid::apt29::unknown::0011,ctid,apt29::unknown,"[""T1003"",""T1021"",""T1078"",""T1105"",""T1053""]",0.0,0.0
F1_RR5_oracle,ctid::apt29::unknown::0012,ctid,apt29::unknown,"[""T1003"",""T1078"",""T1021"",""T1105"",""T1053""]",0.0,0.0
F2_C1R_oracle,ctid::apt29::unknown::0012,ctid,apt29::unknown,"[""T1003"",""T1078"",""T1021"",""T1105"",""T1053""]",0.0,0.0
F3_OSER_oracle,ctid::apt29::unknown::0012,ctid,apt29::unknown,"[""T1003"",""T1078"",""T1021"",""T1105"",""T1053""]",0.0,0.0
F4_LCB_RS_oracle,ctid::apt29::unknown::0012,ctid,apt29::unknown,"[""T1003"",""T1078"",""T1021"",""T1105"",""T1053""]",0.0,0.0
F5_LCTR5_oracle,ctid::apt29::unknown::0012,ctid,apt29::unknown,"[""T1003"",""T1078"",""T1021"",""T1105"",""T1053""]",0.0,0.0
F1_RR5_oracle,ctid::apt29::unknown::0013,ctid,apt29::unknown,"[""T1083"",""T1005"",""T1021"",""T1078"",""T1105""]",0.0,0.0
F2_C1R_oracle,ctid::apt29::unknown::0013,ctid,apt29::unknown,"[""T1083"",""T1005"",""T1021"",""T1078"",""T1105""]",0.0,0.0
F3_OSER_oracle,ctid::apt29::unknown::0013,ctid,apt29::unknown,"[""T1083"",""T1005"",""T1021"",""T1078"",""T1105""]",0.0,0.0
F4_LCB_RS_oracle,ctid::apt29::unknown::0013,ctid,apt29::unknown,"[""T1083"",""T1005"",""T1021"",""T1078"",""T1105""]",0.0,0.0
F5_LCTR5_oracle,ctid::apt29::unknown::0013,ctid,apt29::unknown,"[""T1083"",""T1005"",""T1021"",""T1078"",""T1105""]",0.0,0.0
F1_RR5_oracle,ctid::apt29::unknown::0014,ctid,apt29::unknown,"[""T1005"",""T1021"",""T1078"",""T1105"",""T1053""]",0.0,0.0
F2_C1R_oracle,ctid::apt29::unknown::0014,ctid,apt29::unknown,"[""T1005"",""T1021"",""T1078"",""T1105"",""T1053""]",0.0,0.0
F3_OSER_oracle,ctid::apt29::unknown::0014,ctid,apt29::unknown,"[""T1005"",""T1021"",""T1078"",""T1105"",""T1053""]",0.0,0.0
F4_LCB_RS_oracle,ctid::apt29::unknown::0014,ctid,apt29::unknown,"[""T1005"",""T1021"",""T1078"",""T1105"",""T1053""]",0.0,0.0
F5_LCTR5_oracle,ctid::apt29::unknown::0014,ctid,apt29::unknown,"[""T1005"",""T1021"",""T1078"",""T1105"",""T1053""]",0.0,0.0
F1_RR5_oracle,ctid::apt29::unknown::0015,ctid,apt29::unknown,"[""T1055"",""T1003"",""T1021"",""T1078"",""T1105""]",0.46927872602275644,0.18154179253735267
F2_C1R_oracle,ctid::apt29::unknown::0015,ctid,apt29::unknown,"[""T1003"",""T1021"",""T1078"",""T1105"",""T1055""]",0.18154179253735267,0.18154179253735267
F3_OSER_oracle,ctid::apt29::unknown::0015,ctid,apt29::unknown,"[""T1003"",""T1021"",""T1078"",""T1105"",""T1055""]",0.18154179253735267,0.18154179253735267
F4_LCB_RS_oracle,ctid::apt29::unknown::0015,ctid,apt29::unknown,"[""T1003"",""T1021"",""T1078"",""T1105"",""T1055""]",0.18154179253735267,0.18154179253735267
F5_LCTR5_oracle,ctid::apt29::unknown::0015,ctid,apt29::unknown,"[""T1003"",""T1021"",""T1078"",""T1105"",""T1055""]",0.18154179253735267,0.18154179253735267
F1_RR5_oracle,ctid::apt29::unknown::0016,ctid,apt29::unknown,"[""T1021"",""T1003"",""T1105"",""T1078"",""T1053""]",0.0,0.0
F2_C1R_oracle,ctid::apt29::unknown::0016,ctid,apt29::unknown,"[""T1021"",""T1003"",""T1105"",""T1078"",""T1053""]",0.0,0.0
F3_OSER_oracle,ctid::apt29::unknown::0016,ctid,apt29::unknown,"[""T1021"",""T1003"",""T1105"",""T1078"",""T1053""]",0.0,0.0
F4_LCB_RS_oracle,ctid::apt29::unknown::0016,ctid,apt29::unknown,"[""T1021"",""T1003"",""T1105"",""T1078"",""T1053""]",0.0,0.0
F5_LCTR5_oracle,ctid::apt29::unknown::0016,ctid,apt29::unknown,"[""T1021"",""T1003"",""T1105"",""T1078"",""T1053""]",0.0,0.0
F1_RR5_oracle,ctid::apt29::unknown::0017,ctid,apt29::unknown,"[""T1021"",""T1053"",""T1078"",""T1003"",""T1105""]",0.0,0.0
F2_C1R_oracle,ctid::apt29::unknown::0017,ctid,apt29::unknown,"[""T1021"",""T1053"",""T1078"",""T1003"",""T1105""]",0.0,0.0
F3_OSER_oracle,ctid::apt29::unknown::0017,ctid,apt29::unknown,"[""T1021"",""T1053"",""T1078"",""T1003"",""T1105""]",0.0,0.0
F4_LCB_RS_oracle,ctid::apt29::unknown::0017,ctid,apt29::unknown,"[""T1021"",""T1053"",""T1078"",""T1003"",""T1105""]",0.0,0.0
F5_LCTR5_oracle,ctid::apt29::unknown::0017,ctid,apt29::unknown,"[""T1021"",""T1053"",""T1078"",""T1003"",""T1105""]",0.0,0.0
F1_RR5_oracle,ctid::apt29::unknown::0018,ctid,apt29::unknown,"[""T1021"",""T1005"",""T1105"",""T1078"",""T1053""]",0.0,0.0
F2_C1R_oracle,ctid::apt29::unknown::0018,ctid,apt29::unknown,"[""T1021"",""T1005"",""T1105"",""T1078"",""T1018""]",0.18154179253735267,0.0
F3_OSER_oracle,ctid::apt29::unknown::0018,ctid,apt29::unknown,"[""T1021"",""T1005"",""T1105"",""T1078"",""T1053""]",0.0,0.0
F4_LCB_RS_oracle,ctid::apt29::unknown::0018,ctid,apt29::unknown,"[""T1021"",""T1005"",""T1105"",""T1078"",""T1053""]",0.0,0.0
F5_LCTR5_oracle,ctid::apt29::unknown::0018,ctid,apt29::unknown,"[""T1021"",""T1005"",""T1105"",""T1078"",""T1053""]",0.0,0.0
F1_RR5_oracle,ctid::apt29::unknown::0019,ctid,apt29::unknown,"[""T1021"",""T1003"",""T1078"",""T1105"",""T1053""]",0.0,0.0
F2_C1R_oracle,ctid::apt29::unknown::0019,ctid,apt29::unknown,"[""T1021"",""T1003"",""T1078"",""T1105"",""T1016""]",0.18154179253735267,0.0
F3_OSER_oracle,ctid::apt29::unknown::0019,ctid,apt29::unknown,"[""T1021"",""T1003"",""T1078"",""T1105"",""T1053""]",0.0,0.0
F4_LCB_RS_oracle,ctid::apt29::unknown::0019,ctid,apt29::unknown,"[""T1021"",""T1003"",""T1078"",""T1105"",""T1053""]",0.0,0.0
F5_LCTR5_oracle,ctid::apt29::unknown::0019,ctid,apt29::unknown,"[""T1021"",""T1003"",""T1078"",""T1105"",""T1053""]",0.0,0.0
F1_RR5_oracle,ctid::apt29::unknown::0020,ctid,apt29::unknown,"[""T1021"",""T1003"",""T1078"",""T1105"",""T1053""]",0.0,0.0
F2_C1R_oracle,ctid::apt29::unknown::0020,ctid,apt29::unknown,"[""T1021"",""T1003"",""T1078"",""T1105"",""T1057""]",0.18154179253735267,0.0
F3_OSER_oracle,ctid::apt29::unknown::0020,ctid,apt29::unknown,"[""T1021"",""T1018"",""T1135"",""T1057"",""T1016""]",0.20210734650054757,0.0
F4_LCB_RS_oracle,ctid::apt29::unknown::0020,ctid,apt29::unknown,"[""T1021"",""T1003"",""T1078"",""T1105"",""T1053""]",0.0,0.0
F5_LCTR5_oracle,ctid::apt29::unknown::0020,ctid,apt29::unknown,"[""T1021"",""T1003"",""T1078"",""T1105"",""T1053""]",0.0,0.0
F1_RR5_oracle,ctid::apt29::unknown::0021,ctid,apt29::unknown,"[""T1003"",""T1021"",""T1105"",""T1078"",""T1053""]",0.0,0.0
F2_C1R_oracle,ctid::apt29::unknown::0021,ctid,apt29::unknown,"[""T1003"",""T1021"",""T1105"",""T1078"",""T1053""]",0.0,0.0
F3_OSER_oracle,ctid::apt29::unknown::0021,ctid,apt29::unknown,"[""T1003"",""T1021"",""T1105"",""T1078"",""T1053""]",0.0,0.0
F4_LCB_RS_oracle,ctid::apt29::unknown::0021,ctid,apt29::unknown,"[""T1003"",""T1021"",""T1105"",""T1078"",""T1053""]",0.0,0.0
F5_LCTR5_oracle,ctid::apt29::unknown::0021,ctid,apt29::unknown,"[""T1003"",""T1021"",""T1105"",""T1078"",""T1053""]",0.0,0.0
F1_RR5_oracle,ctid::apt29::unknown::0022,ctid,apt29::unknown,"[""T1003"",""T1021"",""T1078"",""T1105"",""T1053""]",0.46927872602275644,0.2960819109658652
F2_C1R_oracle,ctid::apt29::unknown::0022,ctid,apt29::unknown,"[""T1021"",""T1003"",""T1078"",""T1105"",""T1082""]",0.4776237035032179,0.2960819109658652
F3_OSER_oracle,ctid::apt29::unknown::0022,ctid,apt29::unknown,"[""T1021"",""T1003"",""T1078"",""T1105"",""T1053""]",0.2960819109658652,0.2960819109658652
F4_LCB_RS_oracle,ctid::apt29::unknown::0022,ctid,apt29::unknown,"[""T1021"",""T1003"",""T1078"",""T1105"",""T1053""]",0.2960819109658652,0.2960819109658652
F5_LCTR5_oracle,ctid::apt29::unknown::0022,ctid,apt29::unknown,"[""T1021"",""T1003"",""T1078"",""T1105"",""T1053""]",0.2960819109658652,0.2960819109658652
F1_RR5_oracle,ctid::apt29::unknown::0023,ctid,apt29::unknown,"[""T1003"",""T1021"",""T1078"",""T1105"",""T1053""]",0.46927872602275644,0.2960819109658652
F2_C1R_oracle,ctid::apt29::unknown::0023,ctid,apt29::unknown,"[""T1021"",""T1003"",""T1078"",""T1105"",""T1053""]",0.2960819109658652,0.2960819109658652
F3_OSER_oracle,ctid::apt29::unknown::0023,ctid,apt29::unknown,"[""T1021"",""T1003"",""T1078"",""T1105"",""T1053""]",0.2960819109658652,0.2960819109658652
F4_LCB_RS_oracle,ctid::apt29::unknown::0023,ctid,apt29::unknown,"[""T1021"",""T1003"",""T1078"",""T1105"",""T1053""]",0.2960819109658652,0.2960819109658652
F5_LCTR5_oracle,ctid::apt29::unknown::0023,ctid,apt29::unknown,"[""T1021"",""T1003"",""T1078"",""T1105"",""T1053""]",0.2960819109658652,0.2960819109658652
F1_RR5_oracle,ctid::apt29::unknown::0024,ctid,apt29::unknown,"[""T1003"",""T1021"",""T1078"",""T1105"",""T1070""]",0.46927872602275644,0.46927872602275644
F2_C1R_oracle,ctid::apt29::unknown::0024,ctid,apt29::unknown,"[""T1003"",""T1021"",""T1078"",""T1105"",""T1070""]",0.46927872602275644,0.46927872602275644
F3_OSER_oracle,ctid::apt29::unknown::0024,ctid,apt29::unknown,"[""T1003"",""T1021"",""T1078"",""T1105"",""T1070""]",0.46927872602275644,0.46927872602275644
F4_LCB_RS_oracle,ctid::apt29::unknown::0024,ctid,apt29::unknown,"[""T1003"",""T1021"",""T1078"",""T1105"",""T1070""]",0.46927872602275644,0.46927872602275644
F5_LCTR5_oracle,ctid::apt29::unknown::0024,ctid,apt29::unknown,"[""T1003"",""T1021"",""T1078"",""T1105"",""T1070""]",0.46927872602275644,0.46927872602275644
F1_RR5_oracle,ctid::apt29::unknown::0025,ctid,apt29::unknown,"[""T1547"",""T1021"",""T1078"",""T1105"",""T1053""]",0.46927872602275644,0.18154179253735267
F2_C1R_oracle,ctid::apt29::unknown::0025,ctid,apt29::unknown,"[""T1021"",""T1078"",""T1105"",""T1053"",""T1547""]",0.18154179253735267,0.18154179253735267
F3_OSER_oracle,ctid::apt29::unknown::0025,ctid,apt29::unknown,"[""T1021"",""T1078"",""T1105"",""T1053"",""T1547""]",0.18154179253735267,0.18154179253735267
F4_LCB_RS_oracle,ctid::apt29::unknown::0025,ctid,apt29::unknown,"[""T1021"",""T1078"",""T1105"",""T1053"",""T1547""]",0.18154179253735267,0.18154179253735267
F5_LCTR5_oracle,ctid::apt29::unknown::0025,ctid,apt29::unknown,"[""T1021"",""T1078"",""T1105"",""T1053"",""T1547""]",0.18154179253735267,0.18154179253735267
F1_RR5_oracle,ctid::apt29::unknown::0026,ctid,apt29::unknown,"[""T1021"",""T1078"",""T1105"",""T1053"",""T1048""]",0.0,0.0
F2_C1R_oracle,ctid::apt29::unknown::0026,ctid,apt29::unknown,"[""T1021"",""T1078"",""T1105"",""T1053"",""T1048""]",0.0,0.0
F3_OSER_oracle,ctid::apt29::unknown::0026,ctid,apt29::unknown,"[""T1021"",""T1078"",""T1105"",""T1053"",""T1048""]",0.0,0.0
F4_LCB_RS_oracle,ctid::apt29::unknown::0026,ctid,apt29::unknown,"[""T1021"",""T1078"",""T1105"",""T1053"",""T1048""]",0.0,0.0
F5_LCTR5_oracle,ctid::apt29::unknown::0026,ctid,apt29::unknown,"[""T1021"",""T1078"",""T1105"",""T1053"",""T1048""]",0.0,0.0
F1_RR5_oracle,ctid::apt29::unknown::0028,ctid,apt29::unknown,"[""T1021"",""T1005"",""T1105"",""T1078"",""T1053""]",0.0,0.0
F2_C1R_oracle,ctid::apt29::unknown::0028,ctid,apt29::unknown,"[""T1021"",""T1005"",""T1105"",""T1078"",""T1053""]",0.0,0.0
F3_OSER_oracle,ctid::apt29::unknown::0028,ctid,apt29::unknown,"[""T1021"",""T1005"",""T1105"",""T1078"",""T1053""]",0.0,0.0
F4_LCB_RS_oracle,ctid::apt29::unknown::0028,ctid,apt29::unknown,"[""T1021"",""T1005"",""T1105"",""T1078"",""T1053""]",0.0,0.0
F5_LCTR5_oracle,ctid::apt29::unknown::0028,ctid,apt29::unknown,"[""T1021"",""T1005"",""T1105"",""T1078"",""T1053""]",0.0,0.0
F1_RR5_oracle,ctid::apt29::unknown::0029,ctid,apt29::unknown,"[""T1021"",""T1053"",""T1078"",""T1105"",""T1562""]",0.0,0.0
F2_C1R_oracle,ctid::apt29::unknown::0029,ctid,apt29::unknown,"[""T1021"",""T1053"",""T1078"",""T1105"",""T1562""]",0.0,0.0
F3_OSER_oracle,ctid::apt29::unknown::0029,ctid,apt29::unknown,"[""T1021"",""T1053"",""T1078"",""T1105"",""T1562""]",0.0,0.0
F4_LCB_RS_oracle,ctid::apt29::unknown::0029,ctid,apt29::unknown,"[""T1021"",""T1053"",""T1078"",""T1105"",""T1562""]",0.0,0.0
F5_LCTR5_oracle,ctid::apt29::unknown::0029,ctid,apt29::unknown,"[""T1021"",""T1053"",""T1078"",""T1105"",""T1562""]",0.0,0.0
F1_RR5_oracle,ctid::apt29::unknown::0030,ctid,apt29::unknown,"[""T1021"",""T1078"",""T1105"",""T1005"",""T1070""]",0.0,0.0
F2_C1R_oracle,ctid::apt29::unknown::0030,ctid,apt29::unknown,"[""T1021"",""T1078"",""T1105"",""T1005"",""T1070""]",0.0,0.0
F3_OSER_oracle,ctid::apt29::unknown::0030,ctid,apt29::unknown,"[""T1021"",""T1078"",""T1105"",""T1005"",""T1070""]",0.0,0.0
F4_LCB_RS_oracle,ctid::apt29::unknown::0030,ctid,apt29::unknown,"[""T1021"",""T1078"",""T1105"",""T1005"",""T1070""]",0.0,0.0
F5_LCTR5_oracle,ctid::apt29::unknown::0030,ctid,apt29::unknown,"[""T1021"",""T1078"",""T1105"",""T1005"",""T1070""]",0.0,0.0
F1_RR5_oracle,ctid::apt29::unknown::0031,ctid,apt29::unknown,"[""T1021"",""T1078"",""T1105"",""T1053"",""T1543""]",0.0,0.0
F2_C1R_oracle,ctid::apt29::unknown::0031,ctid,apt29::unknown,"[""T1021"",""T1078"",""T1105"",""T1053"",""T1543""]",0.0,0.0
F3_OSER_oracle,ctid::apt29::unknown::0031,ctid,apt29::unknown,"[""T1021"",""T1078"",""T1105"",""T1053"",""T1543""]",0.0,0.0
F4_LCB_RS_oracle,ctid::apt29::unknown::0031,ctid,apt29::unknown,"[""T1021"",""T1078"",""T1105"",""T1053"",""T1543""]",0.0,0.0
F5_LCTR5_oracle,ctid::apt29::unknown::0031,ctid,apt29::unknown,"[""T1021"",""T1078"",""T1105"",""T1053"",""T1543""]",0.0,0.0
F1_RR5_oracle,ctid::apt29::unknown::0032,ctid,apt29::unknown,"[""T1021"",""T1078"",""T1105"",""T1005"",""T1053""]",0.0,0.0
F2_C1R_oracle,ctid::apt29::unknown::0032,ctid,apt29::unknown,"[""T1021"",""T1078"",""T1105"",""T1005"",""T1041""]",0.18154179253735267,0.0
F3_OSER_oracle,ctid::apt29::unknown::0032,ctid,apt29::unknown,"[""T1496"",""T1115"",""T1105"",""T1041"",""T1560""]",0.49818925746641285,0.0
F4_LCB_RS_oracle,ctid::apt29::unknown::0032,ctid,apt29::unknown,"[""T1021"",""T1078"",""T1105"",""T1005"",""T1053""]",0.0,0.0
F5_LCTR5_oracle,ctid::apt29::unknown::0032,ctid,apt29::unknown,"[""T1021"",""T1078"",""T1105"",""T1005"",""T1053""]",0.0,0.0
F1_RR5_oracle,ctid::apt29::unknown::0033,ctid,apt29::unknown,"[""T1021"",""T1105"",""T1078"",""T1005"",""T1048""]",0.0,0.0
F2_C1R_oracle,ctid::apt29::unknown::0033,ctid,apt29::unknown,"[""T1021"",""T1105"",""T1078"",""T1005"",""T1041""]",0.18154179253735267,0.0
F3_OSER_oracle,ctid::apt29::unknown::0033,ctid,apt29::unknown,"[""T1074"",""T1496"",""T1105"",""T1041"",""T1560""]",0.20210734650054757,0.0
F4_LCB_RS_oracle,ctid::apt29::unknown::0033,ctid,apt29::unknown,"[""T1021"",""T1105"",""T1078"",""T1005"",""T1048""]",0.0,0.0
F5_LCTR5_oracle,ctid::apt29::unknown::0033,ctid,apt29::unknown,"[""T1021"",""T1105"",""T1078"",""T1005"",""T1048""]",0.0,0.0
F1_RR5_oracle,ctid::apt29::unknown::0034,ctid,apt29::unknown,"[""T1021"",""T1105"",""T1005"",""T1560"",""T1048""]",0.0,0.0
F2_C1R_oracle,ctid::apt29::unknown::0034,ctid,apt29::unknown,"[""T1021"",""T1105"",""T1005"",""T1560"",""T1059""]",0.18154179253735267,0.0
F3_OSER_oracle,ctid::apt29::unknown::0034,ctid,apt29::unknown,"[""T1021"",""T1105"",""T1005"",""T1560"",""T1048""]",0.0,0.0
F4_LCB_RS_oracle,ctid::apt29::unknown::0034,ctid,apt29::unknown,"[""T1021"",""T1105"",""T1005"",""T1560"",""T1048""]",0.0,0.0
F5_LCTR5_oracle,ctid::apt29::unknown::0034,ctid,apt29::unknown,"[""T1021"",""T1105"",""T1005"",""T1560"",""T1048""]",0.0,0.0
F1_RR5_oracle,ctid::apt29::unknown::0035,ctid,apt29::unknown,"[""T1005"",""T1021"",""T1078"",""T1105"",""T1070""]",0.0,0.0
F2_C1R_oracle,ctid::apt29::unknown::0035,ctid,apt29::unknown,"[""T1005"",""T1021"",""T1078"",""T1105"",""T1059""]",0.23719771276929622,0.0
F3_OSER_oracle,ctid::apt29::unknown::0035,ctid,apt29::unknown,"[""T1005"",""T1021"",""T1078"",""T1105"",""T1070""]",0.0,0.0
F4_LCB_RS_oracle,ctid::apt29::unknown::0035,ctid,apt29::unknown,"[""T1005"",""T1021"",""T1078"",""T1105"",""T1070""]",0.0,0.0
F5_LCTR5_oracle,ctid::apt29::unknown::0035,ctid,apt29::unknown,"[""T1005"",""T1021"",""T1078"",""T1105"",""T1070""]",0.0,0.0
F1_RR5_oracle,ctid::apt29::unknown::0036,ctid,apt29::unknown,"[""T1059"",""T1041"",""T1021"",""T1005"",""T1547""]",0.46927872602275644,0.23463936301137822
F2_C1R_oracle,ctid::apt29::unknown::0036,ctid,apt29::unknown,"[""T1041"",""T1021"",""T1059"",""T1005"",""T1105""]",0.41618115554873086,0.23463936301137822
F3_OSER_oracle,ctid::apt29::unknown::0036,ctid,apt29::unknown,"[""T1027"",""T1105"",""T1021"",""T1046"",""T1543""]",0.2960819109658652,0.23463936301137822
F4_LCB_RS_oracle,ctid::apt29::unknown::0036,ctid,apt29::unknown,"[""T1021"",""T1059"",""T1041"",""T1005"",""T1547""]",0.2960819109658652,0.23463936301137822
F5_LCTR5_oracle,ctid::apt29::unknown::0036,ctid,apt29::unknown,"[""T1041"",""T1021"",""T1059"",""T1005"",""T1547""]",0.23463936301137822,0.23463936301137822
F1_RR5_oracle,ctid::apt29::unknown::0037,ctid,apt29::unknown,"[""T1105"",""T1059"",""T1003"",""T1021"",""T1078""]",0.46927872602275644,0.18154179253735267
F2_C1R_oracle,ctid::apt29::unknown::0037,ctid,apt29::unknown,"[""T1059"",""T1003"",""T1021"",""T1078"",""T1105""]",0.18154179253735267,0.18154179253735267
F3_OSER_oracle,ctid::apt29::unknown::0037,ctid,apt29::unknown,"[""T1105"",""T1059"",""T1218"",""T1021"",""T1562""]",0.46927872602275644,0.18154179253735267
F4_LCB_RS_oracle,ctid::apt29::unknown::0037,ctid,apt29::unknown,"[""T1105"",""T1059"",""T1021"",""T1003"",""T1078""]",0.46927872602275644,0.18154179253735267
F5_LCTR5_oracle,ctid::apt29::unknown::0037,ctid,apt29::unknown,"[""T1059"",""T1021"",""T1105"",""T1003"",""T1078""]",0.23463936301137822,0.18154179253735267
F1_RR5_oracle,ctid::apt29::unknown::0038,ctid,apt29::unknown,"[""T1105"",""T1021"",""T1078"",""T1005"",""T1070""]",0.46927872602275644,0.23463936301137822
F2_C1R_oracle,ctid::apt29::unknown::0038,ctid,apt29::unknown,"[""T1021"",""T1078"",""T1105"",""T1005"",""T1070""]",0.23463936301137822,0.23463936301137822
F3_OSER_oracle,ctid::apt29::unknown::0038,ctid,apt29::unknown,"[""T1027"",""T1105"",""T1021"",""T1046"",""T1543""]",0.2960819109658652,0.23463936301137822
F4_LCB_RS_oracle,ctid::apt29::unknown::0038,ctid,apt29::unknown,"[""T1105"",""T1021"",""T1070"",""T1078"",""T1005""]",0.46927872602275644,0.23463936301137822
F5_LCTR5_oracle,ctid::apt29::unknown::0038,ctid,apt29::unknown,"[""T1105"",""T1021"",""T1078"",""T1005"",""T1070""]",0.46927872602275644,0.23463936301137822
F1_RR5_oracle,ctid::apt29::unknown::0039,ctid,apt29::unknown,"[""T1021"",""T1078"",""T1105"",""T1005"",""T1053""]",0.0,0.0
F2_C1R_oracle,ctid::apt29::unknown::0039,ctid,apt29::unknown,"[""T1021"",""T1078"",""T1105"",""T1005"",""T1059""]",0.18154179253735267,0.0
F3_OSER_oracle,ctid::apt29::unknown::0039,ctid,apt29::unknown,"[""T1105"",""T1059"",""T1021"",""T1070"",""T1027""]",0.2960819109658652,0.0
F4_LCB_RS_oracle,ctid::apt29::unknown::0039,ctid,apt29::unknown,"[""T1021"",""T1078"",""T1105"",""T1005"",""T1059""]",0.18154179253735267,0.0
F5_LCTR5_oracle,ctid::apt29::unknown::0039,ctid,apt29::unknown,"[""T1021"",""T1078"",""T1105"",""T1005"",""T1053""]",0.0,0.0
F1_RR5_oracle,ctid::apt29::unknown::0040,ctid,apt29::unknown,"[""T1021"",""T1078"",""T1105"",""T1005"",""T1560""]",0.0,0.0
F2_C1R_oracle,ctid::apt29::unknown::0040,ctid,apt29::unknown,"[""T1021"",""T1078"",""T1105"",""T1005"",""T1041""]",0.18154179253735267,0.0
F3_OSER_oracle,ctid::apt29::unknown::0040,ctid,apt29::unknown,"[""T1217"",""T1496"",""T1115"",""T1059"",""T1105""]",0.20210734650054757,0.0
F4_LCB_RS_oracle,ctid::apt29::unknown::0040,ctid,apt29::unknown,"[""T1021"",""T1078"",""T1105"",""T1005"",""T1560""]",0.0,0.0
F5_LCTR5_oracle,ctid::apt29::unknown::0040,ctid,apt29::unknown,"[""T1021"",""T1078"",""T1105"",""T1005"",""T1560""]",0.0,0.0
F1_RR5_oracle,ctid::apt29::unknown::0041,ctid,apt29::unknown,"[""T1070"",""T1083"",""T1005"",""T1021"",""T1071""]",0.46927872602275644,0.18154179253735267
F2_C1R_oracle,ctid::apt29::unknown::0041,ctid,apt29::unknown,"[""T1083"",""T1005"",""T1021"",""T1071"",""T1070""]",0.18154179253735267,0.18154179253735267
F3_OSER_oracle,ctid::apt29::unknown::0041,ctid,apt29::unknown,"[""T1070"",""T1016"",""T1518"",""T1486"",""T1491""]",0.46927872602275644,0.18154179253735267
F4_LCB_RS_oracle,ctid::apt29::unknown::0041,ctid,apt29::unknown,"[""T1070"",""T1083"",""T1021"",""T1005"",""T1071""]",0.46927872602275644,0.18154179253735267
F5_LCTR5_oracle,ctid::apt29::unknown::0041,ctid,apt29::unknown,"[""T1070"",""T1083"",""T1005"",""T1021"",""T1071""]",0.46927872602275644,0.18154179253735267
F1_RR5_oracle,ctid::apt29::unknown::0042,ctid,apt29::unknown,"[""T1021"",""T1078"",""T1053"",""T1543"",""T1105""]",0.0,0.0
F2_C1R_oracle,ctid::apt29::unknown::0042,ctid,apt29::unknown,"[""T1021"",""T1078"",""T1053"",""T1543"",""T1070""]",0.18154179253735267,0.0
F3_OSER_oracle,ctid::apt29::unknown::0042,ctid,apt29::unknown,"[""T1021"",""T1078"",""T1053"",""T1543"",""T1105""]",0.0,0.0
F4_LCB_RS_oracle,ctid::apt29::unknown::0042,ctid,apt29::unknown,"[""T1021"",""T1078"",""T1053"",""T1543"",""T1105""]",0.0,0.0
F5_LCTR5_oracle,ctid::apt29::unknown::0042,ctid,apt29::unknown,"[""T1021"",""T1078"",""T1053"",""T1543"",""T1105""]",0.0,0.0
F1_RR5_oracle,ctid::apt29::unknown::0043,ctid,apt29::unknown,"[""T1070"",""T1005"",""T1021"",""T1078"",""T1105""]",0.6131471927654584,0.23719771276929622
F2_C1R_oracle,ctid::apt29::unknown::0043,ctid,apt29::unknown,"[""T1005"",""T1021"",""T1078"",""T1105"",""T1070""]",0.23719771276929622,0.23719771276929622
F3_OSER_oracle,ctid::apt29::unknown::0043,ctid,apt29::unknown,"[""T1041"",""T1486"",""T1529"",""T1567"",""T1489""]",0.3065735963827292,0.23719771276929622
F4_LCB_RS_oracle,ctid::apt29::unknown::0043,ctid,apt29::unknown,"[""T1105"",""T1021"",""T1005"",""T1070"",""T1078""]",0.2640681225725909,0.23719771276929622
F5_LCTR5_oracle,ctid::apt29::unknown::0043,ctid,apt29::unknown,"[""T1005"",""T1021"",""T1078"",""T1105"",""T1070""]",0.23719771276929622,0.23719771276929622
F1_RR5_oracle,ctid::apt29::unknown::0044,ctid,apt29::unknown,"[""T1021"",""T1078"",""T1105"",""T1005"",""T1071""]",0.0,0.0
F2_C1R_oracle,ctid::apt29::unknown::0044,ctid,apt29::unknown,"[""T1021"",""T1078"",""T1105"",""T1005"",""T1070""]",0.18154179253735267,0.0
F3_OSER_oracle,ctid::apt29::unknown::0044,ctid,apt29::unknown,"[""T1021"",""T1078"",""T1105"",""T1005"",""T1071""]",0.0,0.0
F4_LCB_RS_oracle,ctid::apt29::unknown::0044,ctid,apt29::unknown,"[""T1021"",""T1078"",""T1105"",""T1005"",""T1071""]",0.0,0.0
F5_LCTR5_oracle,ctid::apt29::unknown::0044,ctid,apt29::unknown,"[""T1021"",""T1078"",""T1105"",""T1005"",""T1071""]",0.0,0.0
F1_RR5_oracle,ctid::apt29::unknown::0045,ctid,apt29::unknown,"[""T1021"",""T1078"",""T1105"",""T1486"",""T1059""]",0.0,0.0
F2_C1R_oracle,ctid::apt29::unknown::0045,ctid,apt29::unknown,"[""T1021"",""T1078"",""T1105"",""T1486"",""T1070""]",0.18154179253735267,0.0
F3_OSER_oracle,ctid::apt29::unknown::0045,ctid,apt29::unknown,"[""T1485"",""T1070"",""T1486"",""T1529"",""T1491""]",0.2960819109658652,0.0
F4_LCB_RS_oracle,ctid::apt29::unknown::0045,ctid,apt29::unknown,"[""T1021"",""T1078"",""T1105"",""T1486"",""T1059""]",0.0,0.0
F5_LCTR5_oracle,ctid::apt29::unknown::0045,ctid,apt29::unknown,"[""T1021"",""T1078"",""T1105"",""T1486"",""T1059""]",0.0,0.0
F1_RR5_oracle,ctid::apt29::unknown::0046,ctid,apt29::unknown,"[""T1021"",""T1078"",""T1053"",""T1090"",""T1485""]",0.0,0.0
F2_C1R_oracle,ctid::apt29::unknown::0046,ctid,apt29::unknown,"[""T1021"",""T1078"",""T1053"",""T1090"",""T1070""]",0.18154179253735267,0.0
F3_OSER_oracle,ctid::apt29::unknown::0046,ctid,apt29::unknown,"[""T1021"",""T1078"",""T1053"",""T1090"",""T1485""]",0.0,0.0
F4_LCB_RS_oracle,ctid::apt29::unknown::0046,ctid,apt29::unknown,"[""T1021"",""T1078"",""T1053"",""T1090"",""T1485""]",0.0,0.0
F5_LCTR5_oracle,ctid::apt29::unknown::0046,ctid,apt29::unknown,"[""T1021"",""T1078"",""T1053"",""T1090"",""T1485""]",0.0,0.0
F1_RR5_oracle,ctid::apt29::unknown::0047,ctid,apt29::unknown,"[""T1021"",""T1078"",""T1053"",""T1482"",""T1562""]",0.0,0.0
F2_C1R_oracle,ctid::apt29::unknown::0047,ctid,apt29::unknown,"[""T1021"",""T1078"",""T1053"",""T1482"",""T1070""]",0.18154179253735267,0.0
F3_OSER_oracle,ctid::apt29::unknown::0047,ctid,apt29::unknown,"[""T1105"",""T1021"",""T1070"",""T1562"",""T1018""]",0.23463936301137822,0.0
F4_LCB_RS_oracle,ctid::apt29::unknown::0047,ctid,apt29::unknown,"[""T1021"",""T1078"",""T1053"",""T1482"",""T1562""]",0.0,0.0
F5_LCTR5_oracle,ctid::apt29::unknown::0047,ctid,apt29::unknown,"[""T1021"",""T1078"",""T1053"",""T1482"",""T1562""]",0.0,0.0
F1_RR5_oracle,ctid::apt29::unknown::0048,ctid,apt29::unknown,"[""T1005"",""T1071"",""T1021"",""T1053"",""T1078""]",0.0,0.0
F2_C1R_oracle,ctid::apt29::unknown::0048,ctid,apt29::unknown,"[""T1005"",""T1071"",""T1021"",""T1053"",""T1078""]",0.0,0.0
F3_OSER_oracle,ctid::apt29::unknown::0048,ctid,apt29::unknown,"[""T1005"",""T1071"",""T1021"",""T1053"",""T1078""]",0.0,0.0
F4_LCB_RS_oracle,ctid::apt29::unknown::0048,ctid,apt29::unknown,"[""T1005"",""T1071"",""T1021"",""T1053"",""T1078""]",0.0,0.0
F5_LCTR5_oracle,ctid::apt29::unknown::0048,ctid,apt29::unknown,"[""T1005"",""T1071"",""T1021"",""T1053"",""T1078""]",0.0,0.0
F1_RR5_oracle,ctid::apt29::unknown::0049,ctid,apt29::unknown,"[""T1021"",""T1078"",""T1105"",""T1005"",""T1482""]",0.0,0.0
F2_C1R_oracle,ctid::apt29::unknown::0049,ctid,apt29::unknown,"[""T1021"",""T1078"",""T1105"",""T1005"",""T1082""]",0.18154179253735267,0.0
F3_OSER_oracle,ctid::apt29::unknown::0049,ctid,apt29::unknown,"[""T1021"",""T1078"",""T1105"",""T1005"",""T1482""]",0.0,0.0
F4_LCB_RS_oracle,ctid::apt29::unknown::0049,ctid,apt29::unknown,"[""T1021"",""T1078"",""T1105"",""T1005"",""T1482""]",0.0,0.0
F5_LCTR5_oracle,ctid::apt29::unknown::0049,ctid,apt29::unknown,"[""T1021"",""T1078"",""T1105"",""T1005"",""T1482""]",0.0,0.0
F1_RR5_oracle,ctid::apt29::unknown::0050,ctid,apt29::unknown,"[""T1059"",""T1005"",""T1021"",""T1071"",""T1543""]",0.0,0.0
F2_C1R_oracle,ctid::apt29::unknown::0050,ctid,apt29::unknown,"[""T1059"",""T1005"",""T1021"",""T1071"",""T1057""]",0.18154179253735267,0.0
F3_OSER_oracle,ctid::apt29::unknown::0050,ctid,apt29::unknown,"[""T1059"",""T1005"",""T1021"",""T1071"",""T1543""]",0.0,0.0
F4_LCB_RS_oracle,ctid::apt29::unknown::0050,ctid,apt29::unknown,"[""T1059"",""T1005"",""T1021"",""T1071"",""T1543""]",0.0,0.0
F5_LCTR5_oracle,ctid::apt29::unknown::0050,ctid,apt29::unknown,"[""T1059"",""T1005"",""T1021"",""T1071"",""T1543""]",0.0,0.0
F1_RR5_oracle,ctid::apt29::unknown::0051,ctid,apt29::unknown,"[""T1021"",""T1105"",""T1005"",""T1560"",""T1078""]",0.0,0.0
F2_C1R_oracle,ctid::apt29::unknown::0051,ctid,apt29::unknown,"[""T1021"",""T1105"",""T1005"",""T1560"",""T1078""]",0.0,0.0
F3_OSER_oracle,ctid::apt29::unknown::0051,ctid,apt29::unknown,"[""T1021"",""T1105"",""T1005"",""T1560"",""T1078""]",0.0,0.0
F4_LCB_RS_oracle,ctid::apt29::unknown::0051,ctid,apt29::unknown,"[""T1021"",""T1105"",""T1005"",""T1560"",""T1078""]",0.0,0.0
F5_LCTR5_oracle,ctid::apt29::unknown::0051,ctid,apt29::unknown,"[""T1021"",""T1105"",""T1005"",""T1560"",""T1078""]",0.0,0.0
F1_RR5_oracle,ctid::apt29::unknown::0052,ctid,apt29::unknown,"[""T1005"",""T1021"",""T1078"",""T1105"",""T1059""]",0.0,0.0
F2_C1R_oracle,ctid::apt29::unknown::0052,ctid,apt29::unknown,"[""T1005"",""T1021"",""T1078"",""T1105"",""T1134""]",0.18154179253735267,0.0
F3_OSER_oracle,ctid::apt29::unknown::0052,ctid,apt29::unknown,"[""T1005"",""T1021"",""T1078"",""T1105"",""T1059""]",0.0,0.0
F4_LCB_RS_oracle,ctid::apt29::unknown::0052,ctid,apt29::unknown,"[""T1005"",""T1021"",""T1078"",""T1105"",""T1059""]",0.0,0.0
F5_LCTR5_oracle,ctid::apt29::unknown::0052,ctid,apt29::unknown,"[""T1005"",""T1021"",""T1078"",""T1105"",""T1059""]",0.0,0.0
F1_RR5_oracle,ctid::apt29::unknown::0053,ctid,apt29::unknown,"[""T1021"",""T1078"",""T1105"",""T1005"",""T1482""]",0.0,0.0
F2_C1R_oracle,ctid::apt29::unknown::0053,ctid,apt29::unknown,"[""T1021"",""T1078"",""T1105"",""T1005"",""T1482""]",0.0,0.0
F3_OSER_oracle,ctid::apt29::unknown::0053,ctid,apt29::unknown,"[""T1021"",""T1078"",""T1105"",""T1005"",""T1482""]",0.0,0.0
F4_LCB_RS_oracle,ctid::apt29::unknown::0053,ctid,apt29::unknown,"[""T1021"",""T1078"",""T1105"",""T1005"",""T1482""]",0.0,0.0
F5_LCTR5_oracle,ctid::apt29::unknown::0053,ctid,apt29::unknown,"[""T1021"",""T1078"",""T1105"",""T1005"",""T1482""]",0.0,0.0
F1_RR5_oracle,ctid::apt29::unknown::0054,ctid,apt29::unknown,"[""T1003"",""T1059"",""T1078"",""T1021"",""T1105""]",0.46927872602275644,0.2960819109658652
F2_C1R_oracle,ctid::apt29::unknown::0054,ctid,apt29::unknown,"[""T1059"",""T1003"",""T1078"",""T1021"",""T1105""]",0.2960819109658652,0.2960819109658652
F3_OSER_oracle,ctid::apt29::unknown::0054,ctid,apt29::unknown,"[""T1059"",""T1003"",""T1078"",""T1021"",""T1105""]",0.2960819109658652,0.2960819109658652
F4_LCB_RS_oracle,ctid::apt29::unknown::0054,ctid,apt29::unknown,"[""T1059"",""T1003"",""T1078"",""T1021"",""T1105""]",0.2960819109658652,0.2960819109658652
F5_LCTR5_oracle,ctid::apt29::unknown::0054,ctid,apt29::unknown,"[""T1059"",""T1003"",""T1078"",""T1021"",""T1105""]",0.2960819109658652,0.2960819109658652
F1_RR5_oracle,ctid::apt29::unknown::0055,ctid,apt29::unknown,"[""T1005"",""T1021"",""T1105"",""T1078"",""T1560""]",0.0,0.0
F2_C1R_oracle,ctid::apt29::unknown::0055,ctid,apt29::unknown,"[""T1005"",""T1021"",""T1105"",""T1078"",""T1018""]",0.18154179253735267,0.0
F3_OSER_oracle,ctid::apt29::unknown::0055,ctid,apt29::unknown,"[""T1021"",""T1105"",""T1018"",""T1078"",""T1005""]",0.23463936301137822,0.0
F4_LCB_RS_oracle,ctid::apt29::unknown::0055,ctid,apt29::unknown,"[""T1005"",""T1021"",""T1105"",""T1078"",""T1018""]",0.18154179253735267,0.0
F5_LCTR5_oracle,ctid::apt29::unknown::0055,ctid,apt29::unknown,"[""T1005"",""T1021"",""T1105"",""T1078"",""T1560""]",0.0,0.0
F1_RR5_oracle,ctid::apt29::unknown::0056,ctid,apt29::unknown,"[""T1105"",""T1021"",""T1078"",""T1005"",""T1070""]",0.46927872602275644,0.23463936301137822
F2_C1R_oracle,ctid::apt29::unknown::0056,ctid,apt29::unknown,"[""T1021"",""T1078"",""T1105"",""T1005"",""T1018""]",0.41618115554873086,0.23463936301137822
F3_OSER_oracle,ctid::apt29::unknown::0056,ctid,apt29::unknown,"[""T1105"",""T1218"",""T1484"",""T1059"",""T1021""]",0.46927872602275644,0.23463936301137822
F4_LCB_RS_oracle,ctid::apt29::unknown::0056,ctid,apt29::unknown,"[""T1105"",""T1021"",""T1070"",""T1078"",""T1005""]",0.46927872602275644,0.23463936301137822
F5_LCTR5_oracle,ctid::apt29::unknown::0056,ctid,apt29::unknown,"[""T1105"",""T1021"",""T1078"",""T1005"",""T1070""]",0.46927872602275644,0.23463936301137822
F1_RR5_oracle,ctid::apt29::unknown::0057,ctid,apt29::unknown,"[""T1059"",""T1003"",""T1134"",""T1041"",""T1078""]",0.0,0.0
F2_C1R_oracle,ctid::apt29::unknown::0057,ctid,apt29::unknown,"[""T1059"",""T1003"",""T1134"",""T1041"",""T1105""]",0.18154179253735267,0.0
F3_OSER_oracle,ctid::apt29::unknown::0057,ctid,apt29::unknown,"[""T1021"",""T1018"",""T1135"",""T1570"",""T1105""]",0.18154179253735267,0.0
F4_LCB_RS_oracle,ctid::apt29::unknown::0057,ctid,apt29::unknown,"[""T1059"",""T1003"",""T1134"",""T1041"",""T1078""]",0.0,0.0
F5_LCTR5_oracle,ctid::apt29::unknown::0057,ctid,apt29::unknown,"[""T1059"",""T1003"",""T1134"",""T1041"",""T1078""]",0.0,0.0
F1_RR5_oracle,ctid::apt29::unknown::0058,ctid,apt29::unknown,"[""T1105"",""T1005"",""T1021"",""T1078"",""T1486""]",0.7653606369886217,0.4367467095119258
F2_C1R_oracle,ctid::apt29::unknown::0058,ctid,apt29::unknown,"[""T1021"",""T1078"",""T1105"",""T1005"",""T1486""]",0.4367467095119258,0.4367467095119258
F3_OSER_oracle,ctid::apt29::unknown::0058,ctid,apt29::unknown,"[""T1021"",""T1078"",""T1105"",""T1005"",""T1486""]",0.4367467095119258,0.4367467095119258
F4_LCB_RS_oracle,ctid::apt29::unknown::0058,ctid,apt29::unknown,"[""T1021"",""T1105"",""T1005"",""T1486"",""T1078""]",0.5307212739772434,0.4367467095119258
F5_LCTR5_oracle,ctid::apt29::unknown::0058,ctid,apt29::unknown,"[""T1021"",""T1078"",""T1105"",""T1005"",""T1486""]",0.4367467095119258,0.4367467095119258
F1_RR5_oracle,ctid::apt29::unknown::0059,ctid,apt29::unknown,"[""T1021"",""T1078"",""T1105"",""T1003"",""T1059""]",0.0,0.0
F2_C1R_oracle,ctid::apt29::unknown::0059,ctid,apt29::unknown,"[""T1021"",""T1078"",""T1105"",""T1003"",""T1059""]",0.0,0.0
F3_OSER_oracle,ctid::apt29::unknown::0059,ctid,apt29::unknown,"[""T1021"",""T1078"",""T1105"",""T1003"",""T1059""]",0.0,0.0
F4_LCB_RS_oracle,ctid::apt29::unknown::0059,ctid,apt29::unknown,"[""T1021"",""T1078"",""T1105"",""T1003"",""T1059""]",0.0,0.0
F5_LCTR5_oracle,ctid::apt29::unknown::0059,ctid,apt29::unknown,"[""T1021"",""T1078"",""T1105"",""T1003"",""T1059""]",0.0,0.0
F1_RR5_oracle,ctid::apt29::unknown::0060,ctid,apt29::unknown,"[""T1005"",""T1021"",""T1105"",""T1041"",""T1078""]",0.46927872602275644,0.23463936301137822
F2_C1R_oracle,ctid::apt29::unknown::0060,ctid,apt29::unknown,"[""T1021"",""T1105"",""T1005"",""T1041"",""T1078""]",0.23463936301137822,0.23463936301137822
F3_OSER_oracle,ctid::apt29::unknown::0060,ctid,apt29::unknown,"[""T1005"",""T1074"",""T1059"",""T1105"",""T1021""]",0.46927872602275644,0.23463936301137822
F4_LCB_RS_oracle,ctid::apt29::unknown::0060,ctid,apt29::unknown,"[""T1005"",""T1105"",""T1021"",""T1041"",""T1078""]",0.46927872602275644,0.23463936301137822
F5_LCTR5_oracle,ctid::apt29::unknown::0060,ctid,apt29::unknown,"[""T1005"",""T1021"",""T1105"",""T1041"",""T1078""]",0.46927872602275644,0.23463936301137822
F1_RR5_oracle,ctid::apt29::unknown::0061,ctid,apt29::unknown,"[""T1005"",""T1041"",""T1021"",""T1078"",""T1105""]",0.0,0.0
F2_C1R_oracle,ctid::apt29::unknown::0061,ctid,apt29::unknown,"[""T1005"",""T1041"",""T1021"",""T1078"",""T1105""]",0.0,0.0
F3_OSER_oracle,ctid::apt29::unknown::0061,ctid,apt29::unknown,"[""T1005"",""T1041"",""T1021"",""T1078"",""T1105""]",0.0,0.0
F4_LCB_RS_oracle,ctid::apt29::unknown::0061,ctid,apt29::unknown,"[""T1005"",""T1041"",""T1021"",""T1078"",""T1105""]",0.0,0.0
F5_LCTR5_oracle,ctid::apt29::unknown::0061,ctid,apt29::unknown,"[""T1005"",""T1041"",""T1021"",""T1078"",""T1105""]",0.0,0.0
F1_RR5_oracle,ctid::apt29::unknown::0062,ctid,apt29::unknown,"[""T1005"",""T1114"",""T1041"",""T1021"",""T1070""]",0.0,0.0
F2_C1R_oracle,ctid::apt29::unknown::0062,ctid,apt29::unknown,"[""T1005"",""T1114"",""T1041"",""T1021"",""T1003""]",0.18154179253735267,0.0
F3_OSER_oracle,ctid::apt29::unknown::0062,ctid,apt29::unknown,"[""T1005"",""T1114"",""T1041"",""T1021"",""T1070""]",0.0,0.0
F4_LCB_RS_oracle,ctid::apt29::unknown::0062,ctid,apt29::unknown,"[""T1005"",""T1114"",""T1041"",""T1021"",""T1070""]",0.0,0.0
F5_LCTR5_oracle,ctid::apt29::unknown::0062,ctid,apt29::unknown,"[""T1005"",""T1114"",""T1041"",""T1021"",""T1070""]",0.0,0.0
F1_RR5_oracle,ctid::apt29::unknown::0063,ctid,apt29::unknown,"[""T1005"",""T1021"",""T1485"",""T1070"",""T1547""]",0.0,0.0
F2_C1R_oracle,ctid::apt29::unknown::0063,ctid,apt29::unknown,"[""T1005"",""T1021"",""T1485"",""T1070"",""T1003""]",0.23719771276929622,0.0
F3_OSER_oracle,ctid::apt29::unknown::0063,ctid,apt29::unknown,"[""T1005"",""T1021"",""T1485"",""T1070"",""T1547""]",0.0,0.0
F4_LCB_RS_oracle,ctid::apt29::unknown::0063,ctid,apt29::unknown,"[""T1005"",""T1021"",""T1485"",""T1070"",""T1547""]",0.0,0.0
F5_LCTR5_oracle,ctid::apt29::unknown::0063,ctid,apt29::unknown,"[""T1005"",""T1021"",""T1485"",""T1070"",""T1547""]",0.0,0.0
F1_RR5_oracle,ctid::apt29::unknown::0064,ctid,apt29::unknown,"[""T1021"",""T1078"",""T1105"",""T1005"",""T1070""]",0.0,0.0
F2_C1R_oracle,ctid::apt29::unknown::0064,ctid,apt29::unknown,"[""T1021"",""T1078"",""T1105"",""T1005"",""T1218""]",0.38685280723454163,0.0
F3_OSER_oracle,ctid::apt29::unknown::0064,ctid,apt29::unknown,"[""T1021"",""T1078"",""T1105"",""T1005"",""T1070""]",0.0,0.0
F4_LCB_RS_oracle,ctid::apt29::unknown::0064,ctid,apt29::unknown,"[""T1021"",""T1078"",""T1105"",""T1005"",""T1070""]",0.0,0.0
F5_LCTR5_oracle,ctid::apt29::unknown::0064,ctid,apt29::unknown,"[""T1021"",""T1078"",""T1105"",""T1005"",""T1070""]",0.0,0.0
F1_RR5_oracle,ctid::carbanak::unknown::0001,ctid,carbanak::unknown,"[""T1059"",""T1005"",""T1036"",""T1027"",""T1078""]",0.0,0.0
F2_C1R_oracle,ctid::carbanak::unknown::0001,ctid,carbanak::unknown,"[""T1059"",""T1005"",""T1036"",""T1027"",""T1078""]",0.0,0.0
F3_OSER_oracle,ctid::carbanak::unknown::0001,ctid,carbanak::unknown,"[""T1059"",""T1005"",""T1036"",""T1027"",""T1078""]",0.0,0.0
F4_LCB_RS_oracle,ctid::carbanak::unknown::0001,ctid,carbanak::unknown,"[""T1059"",""T1005"",""T1036"",""T1027"",""T1078""]",0.0,0.0
F5_LCTR5_oracle,ctid::carbanak::unknown::0001,ctid,carbanak::unknown,"[""T1059"",""T1005"",""T1036"",""T1027"",""T1078""]",0.0,0.0
F1_RR5_oracle,ctid::carbanak::unknown::0002,ctid,carbanak::unknown,"[""T1059"",""T1547"",""T1005"",""T1021"",""T1078""]",0.0,0.0
F2_C1R_oracle,ctid::carbanak::unknown::0002,ctid,carbanak::unknown,"[""T1059"",""T1547"",""T1005"",""T1021"",""T1105""]",0.18154179253735267,0.0
F3_OSER_oracle,ctid::carbanak::unknown::0002,ctid,carbanak::unknown,"[""T1218"",""T1135"",""T1140"",""T1053"",""T1489""]",0.23463936301137822,0.0
F4_LCB_RS_oracle,ctid::carbanak::unknown::0002,ctid,carbanak::unknown,"[""T1059"",""T1547"",""T1005"",""T1021"",""T1078""]",0.0,0.0
F5_LCTR5_oracle,ctid::carbanak::unknown::0002,ctid,carbanak::unknown,"[""T1059"",""T1547"",""T1005"",""T1021"",""T1078""]",0.0,0.0
F1_RR5_oracle,ctid::carbanak::unknown::0003,ctid,carbanak::unknown,"[""T1003"",""T1105"",""T1059"",""T1547"",""T1021""]",0.7653606369886217,0.41618115554873086
F2_C1R_oracle,ctid::carbanak::unknown::0003,ctid,carbanak::unknown,"[""T1059"",""T1547"",""T1003"",""T1021"",""T1105""]",0.41618115554873086,0.41618115554873086
F3_OSER_oracle,ctid::carbanak::unknown::0003,ctid,carbanak::unknown,"[""T1059"",""T1547"",""T1003"",""T1021"",""T1105""]",0.41618115554873086,0.41618115554873086
F4_LCB_RS_oracle,ctid::carbanak::unknown::0003,ctid,carbanak::unknown,"[""T1105"",""T1021"",""T1003"",""T1059"",""T1547""]",0.7039180890341347,0.41618115554873086
F5_LCTR5_oracle,ctid::carbanak::unknown::0003,ctid,carbanak::unknown,"[""T1105"",""T1059"",""T1547"",""T1003"",""T1021""]",0.6713860725233041,0.41618115554873086
F1_RR5_oracle,ctid::carbanak::unknown::0004,ctid,carbanak::unknown,"[""T1021"",""T1105"",""T1059"",""T1078"",""T1005""]",0.7653606369886217,0.4367467095119258
F2_C1R_oracle,ctid::carbanak::unknown::0004,ctid,carbanak::unknown,"[""T1059"",""T1078"",""T1021"",""T1105"",""T1005""]",0.4367467095119258,0.4367467095119258
F3_OSER_oracle,ctid::carbanak::unknown::0004,ctid,carbanak::unknown,"[""T1021"",""T1105"",""T1018"",""T1078"",""T1005""]",0.7653606369886217,0.4367467095119258
F4_LCB_RS_oracle,ctid::carbanak::unknown::0004,ctid,carbanak::unknown,"[""T1021"",""T1105"",""T1078"",""T1005"",""T1059""]",0.7653606369886217,0.4367467095119258
F5_LCTR5_oracle,ctid::carbanak::unknown::0004,ctid,carbanak::unknown,"[""T1021"",""T1059"",""T1078"",""T1105"",""T1005""]",0.6713860725233041,0.4367467095119258
F1_RR5_oracle,ctid::carbanak::unknown::0005,ctid,carbanak::unknown,"[""T1021"",""T1078"",""T1059"",""T1003"",""T1105""]",0.46927872602275644,0.46927872602275644
F2_C1R_oracle,ctid::carbanak::unknown::0005,ctid,carbanak::unknown,"[""T1021"",""T1078"",""T1059"",""T1003"",""T1105""]",0.46927872602275644,0.46927872602275644
F3_OSER_oracle,ctid::carbanak::unknown::0005,ctid,carbanak::unknown,"[""T1021"",""T1078"",""T1059"",""T1003"",""T1105""]",0.46927872602275644,0.46927872602275644
F4_LCB_RS_oracle,ctid::carbanak::unknown::0005,ctid,carbanak::unknown,"[""T1021"",""T1078"",""T1059"",""T1003"",""T1105""]",0.46927872602275644,0.46927872602275644
F5_LCTR5_oracle,ctid::carbanak::unknown::0005,ctid,carbanak::unknown,"[""T1021"",""T1078"",""T1059"",""T1003"",""T1105""]",0.46927872602275644,0.46927872602275644
F1_RR5_oracle,ctid::carbanak::unknown::0006,ctid,carbanak::unknown,"[""T1021"",""T1059"",""T1078"",""T1003"",""T1105""]",0.46927872602275644,0.46927872602275644
F2_C1R_oracle,ctid::carbanak::unknown::0006,ctid,carbanak::unknown,"[""T1021"",""T1059"",""T1078"",""T1003"",""T1105""]",0.46927872602275644,0.46927872602275644
F3_OSER_oracle,ctid::carbanak::unknown::0006,ctid,carbanak::unknown,"[""T1021"",""T1059"",""T1078"",""T1003"",""T1105""]",0.46927872602275644,0.46927872602275644
F4_LCB_RS_oracle,ctid::carbanak::unknown::0006,ctid,carbanak::unknown,"[""T1021"",""T1059"",""T1078"",""T1003"",""T1105""]",0.46927872602275644,0.46927872602275644
F5_LCTR5_oracle,ctid::carbanak::unknown::0006,ctid,carbanak::unknown,"[""T1021"",""T1059"",""T1078"",""T1003"",""T1105""]",0.46927872602275644,0.46927872602275644
F1_RR5_oracle,ctid::carbanak::unknown::0008,ctid,carbanak::unknown,"[""T1059"",""T1003"",""T1021"",""T1105"",""T1078""]",0.0,0.0
F2_C1R_oracle,ctid::carbanak::unknown::0008,ctid,carbanak::unknown,"[""T1059"",""T1003"",""T1021"",""T1105"",""T1018""]",0.18154179253735267,0.0
F3_OSER_oracle,ctid::carbanak::unknown::0008,ctid,carbanak::unknown,"[""T1518"",""T1018"",""T1135"",""T1562"",""T1057""]",0.2960819109658652,0.0
F4_LCB_RS_oracle,ctid::carbanak::unknown::0008,ctid,carbanak::unknown,"[""T1059"",""T1003"",""T1021"",""T1105"",""T1078""]",0.0,0.0
F5_LCTR5_oracle,ctid::carbanak::unknown::0008,ctid,carbanak::unknown,"[""T1059"",""T1003"",""T1021"",""T1105"",""T1078""]",0.0,0.0
F1_RR5_oracle,ctid::carbanak::unknown::0009,ctid,carbanak::unknown,"[""T1018"",""T1005"",""T1082"",""T1039"",""T1041""]",0.7653606369886217,0.5307212739772434
F2_C1R_oracle,ctid::carbanak::unknown::0009,ctid,carbanak::unknown,"[""T1082"",""T1018"",""T1005"",""T1039"",""T1041""]",0.5307212739772434,0.5307212739772434
F3_OSER_oracle,ctid::carbanak::unknown::0009,ctid,carbanak::unknown,"[""T1082"",""T1018"",""T1005"",""T1039"",""T1041""]",0.5307212739772434,0.5307212739772434
F4_LCB_RS_oracle,ctid::carbanak::unknown::0009,ctid,carbanak::unknown,"[""T1082"",""T1018"",""T1005"",""T1039"",""T1041""]",0.5307212739772434,0.5307212739772434
F5_LCTR5_oracle,ctid::carbanak::unknown::0009,ctid,carbanak::unknown,"[""T1082"",""T1018"",""T1005"",""T1039"",""T1041""]",0.5307212739772434,0.5307212739772434
F1_RR5_oracle,ctid::carbanak::unknown::0010,ctid,carbanak::unknown,"[""T1005"",""T1083"",""T1003"",""T1105"",""T1021""]",0.0,0.0
F2_C1R_oracle,ctid::carbanak::unknown::0010,ctid,carbanak::unknown,"[""T1005"",""T1083"",""T1003"",""T1105"",""T1018""]",0.18154179253735267,0.0
F3_OSER_oracle,ctid::carbanak::unknown::0010,ctid,carbanak::unknown,"[""T1041"",""T1074"",""T1560"",""T1070"",""T1018""]",0.18154179253735267,0.0
F4_LCB_RS_oracle,ctid::carbanak::unknown::0010,ctid,carbanak::unknown,"[""T1005"",""T1083"",""T1003"",""T1105"",""T1021""]",0.0,0.0
F5_LCTR5_oracle,ctid::carbanak::unknown::0010,ctid,carbanak::unknown,"[""T1005"",""T1083"",""T1003"",""T1105"",""T1021""]",0.0,0.0
F1_RR5_oracle,ctid::carbanak::unknown::0011,ctid,carbanak::unknown,"[""T1018"",""T1003"",""T1021"",""T1105"",""T1059""]",0.46927872602275644,0.46927872602275644
F2_C1R_oracle,ctid::carbanak::unknown::0011,ctid,carbanak::unknown,"[""T1018"",""T1003"",""T1021"",""T1105"",""T1059""]",0.46927872602275644,0.46927872602275644
F3_OSER_oracle,ctid::carbanak::unknown::0011,ctid,carbanak::unknown,"[""T1018"",""T1003"",""T1021"",""T1105"",""T1059""]",0.46927872602275644,0.46927872602275644
F4_LCB_RS_oracle,ctid::carbanak::unknown::0011,ctid,carbanak::unknown,"[""T1018"",""T1003"",""T1021"",""T1105"",""T1059""]",0.46927872602275644,0.46927872602275644
F5_LCTR5_oracle,ctid::carbanak::unknown::0011,ctid,carbanak::unknown,"[""T1018"",""T1003"",""T1021"",""T1105"",""T1059""]",0.46927872602275644,0.46927872602275644
F1_RR5_oracle,ctid::carbanak::unknown::0012,ctid,carbanak::unknown,"[""T1059"",""T1003"",""T1082"",""T1016"",""T1078""]",0.0,0.0
F2_C1R_oracle,ctid::carbanak::unknown::0012,ctid,carbanak::unknown,"[""T1059"",""T1003"",""T1082"",""T1016"",""T1078""]",0.0,0.0
F3_OSER_oracle,ctid::carbanak::unknown::0012,ctid,carbanak::unknown,"[""T1059"",""T1003"",""T1082"",""T1016"",""T1078""]",0.0,0.0
F4_LCB_RS_oracle,ctid::carbanak::unknown::0012,ctid,carbanak::unknown,"[""T1059"",""T1003"",""T1082"",""T1016"",""T1078""]",0.0,0.0
F5_LCTR5_oracle,ctid::carbanak::unknown::0012,ctid,carbanak::unknown,"[""T1059"",""T1003"",""T1082"",""T1016"",""T1078""]",0.0,0.0
F1_RR5_oracle,ctid::carbanak::unknown::0013,ctid,carbanak::unknown,"[""T1003"",""T1059"",""T1078"",""T1082"",""T1105""]",0.0,0.0
F2_C1R_oracle,ctid::carbanak::unknown::0013,ctid,carbanak::unknown,"[""T1003"",""T1059"",""T1078"",""T1082"",""T1018""]",0.18154179253735267,0.0
F3_OSER_oracle,ctid::carbanak::unknown::0013,ctid,carbanak::unknown,"[""T1003"",""T1059"",""T1078"",""T1082"",""T1105""]",0.0,0.0
F4_LCB_RS_oracle,ctid::carbanak::unknown::0013,ctid,carbanak::unknown,"[""T1003"",""T1059"",""T1078"",""T1082"",""T1105""]",0.0,0.0
F5_LCTR5_oracle,ctid::carbanak::unknown::0013,ctid,carbanak::unknown,"[""T1003"",""T1059"",""T1078"",""T1082"",""T1105""]",0.0,0.0
F1_RR5_oracle,ctid::carbanak::unknown::0014,ctid,carbanak::unknown,"[""T1105"",""T1003"",""T1078"",""T1087"",""T1021""]",0.46927872602275644,0.20210734650054757
F2_C1R_oracle,ctid::carbanak::unknown::0014,ctid,carbanak::unknown,"[""T1003"",""T1078"",""T1087"",""T1105"",""T1021""]",0.20210734650054757,0.20210734650054757
F3_OSER_oracle,ctid::carbanak::unknown::0014,ctid,carbanak::unknown,"[""T1003"",""T1078"",""T1087"",""T1105"",""T1021""]",0.20210734650054757,0.20210734650054757
F4_LCB_RS_oracle,ctid::carbanak::unknown::0014,ctid,carbanak::unknown,"[""T1021"",""T1105"",""T1087"",""T1003"",""T1078""]",0.2960819109658652,0.20210734650054757
F5_LCTR5_oracle,ctid::carbanak::unknown::0014,ctid,carbanak::unknown,"[""T1003"",""T1105"",""T1021"",""T1078"",""T1087""]",0.2960819109658652,0.20210734650054757
F1_RR5_oracle,ctid::carbanak::unknown::0015,ctid,carbanak::unknown,"[""T1105"",""T1059"",""T1078"",""T1003"",""T1021""]",0.46927872602275644,0.20210734650054757
F2_C1R_oracle,ctid::carbanak::unknown::0015,ctid,carbanak::unknown,"[""T1059"",""T1078"",""T1003"",""T1105"",""T1021""]",0.20210734650054757,0.20210734650054757
F3_OSER_oracle,ctid::carbanak::unknown::0015,ctid,carbanak::unknown,"[""T1105"",""T1041"",""T1486"",""T1090"",""T1529""]",0.46927872602275644,0.20210734650054757
F4_LCB_RS_oracle,ctid::carbanak::unknown::0015,ctid,carbanak::unknown,"[""T1105"",""T1059"",""T1078"",""T1003"",""T1021""]",0.46927872602275644,0.20210734650054757
F5_LCTR5_oracle,ctid::carbanak::unknown::0015,ctid,carbanak::unknown,"[""T1059"",""T1078"",""T1003"",""T1105"",""T1021""]",0.20210734650054757,0.20210734650054757
F1_RR5_oracle,ctid::carbanak::unknown::0016,ctid,carbanak::unknown,"[""T1105"",""T1078"",""T1003"",""T1021"",""T1059""]",0.46927872602275644,0.23463936301137822
F2_C1R_oracle,ctid::carbanak::unknown::0016,ctid,carbanak::unknown,"[""T1078"",""T1003"",""T1105"",""T1021"",""T1059""]",0.23463936301137822,0.23463936301137822
F3_OSER_oracle,ctid::carbanak::unknown::0016,ctid,carbanak::unknown,"[""T1078"",""T1003"",""T1105"",""T1021"",""T1059""]",0.23463936301137822,0.23463936301137822
F4_LCB_RS_oracle,ctid::carbanak::unknown::0016,ctid,carbanak::unknown,"[""T1021"",""T1105"",""T1078"",""T1003"",""T1059""]",0.2960819109658652,0.23463936301137822
F5_LCTR5_oracle,ctid::carbanak::unknown::0016,ctid,carbanak::unknown,"[""T1078"",""T1003"",""T1105"",""T1021"",""T1059""]",0.23463936301137822,0.23463936301137822
F1_RR5_oracle,ctid::carbanak::unknown::0017,ctid,carbanak::unknown,"[""T1059"",""T1003"",""T1021"",""T1105"",""T1078""]",0.0,0.0
F2_C1R_oracle,ctid::carbanak::unknown::0017,ctid,carbanak::unknown,"[""T1059"",""T1003"",""T1021"",""T1105"",""T1078""]",0.0,0.0
F3_OSER_oracle,ctid::carbanak::unknown::0017,ctid,carbanak::unknown,"[""T1059"",""T1003"",""T1021"",""T1105"",""T1078""]",0.0,0.0
F4_LCB_RS_oracle,ctid::carbanak::unknown::0017,ctid,carbanak::unknown,"[""T1059"",""T1003"",""T1021"",""T1105"",""T1078""]",0.0,0.0
F5_LCTR5_oracle,ctid::carbanak::unknown::0017,ctid,carbanak::unknown,"[""T1059"",""T1003"",""T1021"",""T1105"",""T1078""]",0.0,0.0
F1_RR5_oracle,ctid::carbanak::unknown::0018,ctid,carbanak::unknown,"[""T1059"",""T1003"",""T1105"",""T1078"",""T1021""]",0.0,0.0
F2_C1R_oracle,ctid::carbanak::unknown::0018,ctid,carbanak::unknown,"[""T1059"",""T1003"",""T1105"",""T1078"",""T1070""]",0.18154179253735267,0.0
F3_OSER_oracle,ctid::carbanak::unknown::0018,ctid,carbanak::unknown,"[""T1059"",""T1003"",""T1105"",""T1078"",""T1021""]",0.0,0.0
F4_LCB_RS_oracle,ctid::carbanak::unknown::0018,ctid,carbanak::unknown,"[""T1059"",""T1003"",""T1105"",""T1078"",""T1021""]",0.0,0.0
F5_LCTR5_oracle,ctid::carbanak::unknown::0018,ctid,carbanak::unknown,"[""T1059"",""T1003"",""T1105"",""T1078"",""T1021""]",0.0,0.0
F1_RR5_oracle,ctid::carbanak::unknown::0019,ctid,carbanak::unknown,"[""T1005"",""T1056"",""T1547"",""T1078"",""T1021""]",0.0,0.0
F2_C1R_oracle,ctid::carbanak::unknown::0019,ctid,carbanak::unknown,"[""T1005"",""T1056"",""T1547"",""T1078"",""T1021""]",0.0,0.0
F3_OSER_oracle,ctid::carbanak::unknown::0019,ctid,carbanak::unknown,"[""T1005"",""T1056"",""T1547"",""T1078"",""T1021""]",0.0,0.0
F4_LCB_RS_oracle,ctid::carbanak::unknown::0019,ctid,carbanak::unknown,"[""T1005"",""T1056"",""T1547"",""T1078"",""T1021""]",0.0,0.0
F5_LCTR5_oracle,ctid::carbanak::unknown::0019,ctid,carbanak::unknown,"[""T1005"",""T1056"",""T1547"",""T1078"",""T1021""]",0.0,0.0
F1_RR5_oracle,ctid::carbanak::unknown::0020,ctid,carbanak::unknown,"[""T1005"",""T1055"",""T1078"",""T1082"",""T1021""]",0.0,0.0
F2_C1R_oracle,ctid::carbanak::unknown::0020,ctid,carbanak::unknown,"[""T1005"",""T1055"",""T1078"",""T1082"",""T1070""]",0.38685280723454163,0.0
F3_OSER_oracle,ctid::carbanak::unknown::0020,ctid,carbanak::unknown,"[""T1021"",""T1562"",""T1070"",""T1569"",""T1001""]",0.5,0.0
F4_LCB_RS_oracle,ctid::carbanak::unknown::0020,ctid,carbanak::unknown,"[""T1005"",""T1055"",""T1078"",""T1082"",""T1021""]",0.0,0.0
F5_LCTR5_oracle,ctid::carbanak::unknown::0020,ctid,carbanak::unknown,"[""T1005"",""T1055"",""T1078"",""T1082"",""T1021""]",0.0,0.0
F1_RR5_oracle,ctid::fin6::unknown::0001,ctid,fin6::unknown,"[""T1016"",""T1082"",""T1033"",""T1069"",""T1057""]",0.46927872602275644,0.2960819109658652
F2_C1R_oracle,ctid::fin6::unknown::0001,ctid,fin6::unknown,"[""T1082"",""T1016"",""T1033"",""T1069"",""T1057""]",0.2960819109658652,0.2960819109658652
F3_OSER_oracle,ctid::fin6::unknown::0001,ctid,fin6::unknown,"[""T1016"",""T1057"",""T1135"",""T1087"",""T1059""]",0.46927872602275644,0.2960819109658652
F4_LCB_RS_oracle,ctid::fin6::unknown::0001,ctid,fin6::unknown,"[""T1016"",""T1057"",""T1082"",""T1033"",""T1069""]",0.46927872602275644,0.2960819109658652
F5_LCTR5_oracle,ctid::fin6::unknown::0001,ctid,fin6::unknown,"[""T1016"",""T1082"",""T1057"",""T1033"",""T1069""]",0.46927872602275644,0.2960819109658652
F1_RR5_oracle,ctid::fin6::unknown::0002,ctid,fin6::unknown,"[""T1069"",""T1016"",""T1482"",""T1083"",""T1033""]",1.0,0.8854598815714874
F2_C1R_oracle,ctid::fin6::unknown::0002,ctid,fin6::unknown,"[""T1069"",""T1083"",""T1016"",""T1033"",""T1482""]",0.8854598815714874,0.8854598815714874
F3_OSER_oracle,ctid::fin6::unknown::0002,ctid,fin6::unknown,"[""T1069"",""T1083"",""T1016"",""T1033"",""T1482""]",0.8854598815714874,0.8854598815714874
F4_LCB_RS_oracle,ctid::fin6::unknown::0002,ctid,fin6::unknown,"[""T1069"",""T1016"",""T1083"",""T1033"",""T1482""]",0.9469024295259745,0.8854598815714874
F5_LCTR5_oracle,ctid::fin6::unknown::0002,ctid,fin6::unknown,"[""T1069"",""T1016"",""T1083"",""T1033"",""T1482""]",0.9469024295259745,0.8854598815714874
F1_RR5_oracle,ctid::fin6::unknown::0003,ctid,fin6::unknown,"[""T1069"",""T1016"",""T1083"",""T1033"",""T1049""]",0.7653606369886217,0.7039180890341347
F2_C1R_oracle,ctid::fin6::unknown::0003,ctid,fin6::unknown,"[""T1069"",""T1083"",""T1016"",""T1033"",""T1049""]",0.7039180890341347,0.7039180890341347
F3_OSER_oracle,ctid::fin6::unknown::0003,ctid,fin6::unknown,"[""T1069"",""T1083"",""T1016"",""T1033"",""T1049""]",0.7039180890341347,0.7039180890341347
F4_LCB_RS_oracle,ctid::fin6::unknown::0003,ctid,fin6::unknown,"[""T1069"",""T1083"",""T1016"",""T1033"",""T1049""]",0.7039180890341347,0.7039180890341347
F5_LCTR5_oracle,ctid::fin6::unknown::0003,ctid,fin6::unknown,"[""T1069"",""T1083"",""T1016"",""T1033"",""T1049""]",0.7039180890341347,0.7039180890341347
F1_RR5_oracle,ctid::fin6::unknown::0004,ctid,fin6::unknown,"[""T1069"",""T1135"",""T1482"",""T1083"",""T1018""]",0.46927872602275644,0.23463936301137822
F2_C1R_oracle,ctid::fin6::unknown::0004,ctid,fin6::unknown,"[""T1135"",""T1482"",""T1069"",""T1083"",""T1003""]",0.41618115554873086,0.23463936301137822
F3_OSER_oracle,ctid::fin6::unknown::0004,ctid,fin6::unknown,"[""T1135"",""T1482"",""T1069"",""T1083"",""T1018""]",0.23463936301137822,0.23463936301137822
F4_LCB_RS_oracle,ctid::fin6::unknown::0004,ctid,fin6::unknown,"[""T1135"",""T1482"",""T1069"",""T1083"",""T1018""]",0.23463936301137822,0.23463936301137822
F5_LCTR5_oracle,ctid::fin6::unknown::0004,ctid,fin6::unknown,"[""T1135"",""T1069"",""T1018"",""T1482"",""T1083""]",0.2960819109658652,0.23463936301137822
F1_RR5_oracle,ctid::fin6::unknown::0005,ctid,fin6::unknown,"[""T1003"",""T1482"",""T1087"",""T1069"",""T1018""]",0.46927872602275644,0.18154179253735267
F2_C1R_oracle,ctid::fin6::unknown::0005,ctid,fin6::unknown,"[""T1482"",""T1087"",""T1069"",""T1018"",""T1003""]",0.18154179253735267,0.18154179253735267
F3_OSER_oracle,ctid::fin6::unknown::0005,ctid,fin6::unknown,"[""T1482"",""T1087"",""T1069"",""T1018"",""T1003""]",0.18154179253735267,0.18154179253735267
F4_LCB_RS_oracle,ctid::fin6::unknown::0005,ctid,fin6::unknown,"[""T1069"",""T1018"",""T1003"",""T1482"",""T1087""]",0.23463936301137822,0.18154179253735267
F5_LCTR5_oracle,ctid::fin6::unknown::0005,ctid,fin6::unknown,"[""T1482"",""T1087"",""T1069"",""T1018"",""T1003""]",0.18154179253735267,0.18154179253735267
F1_RR5_oracle,ctid::fin6::unknown::0006,ctid,fin6::unknown,"[""T1087"",""T1018"",""T1482"",""T1016"",""T1069""]",0.0,0.0
F2_C1R_oracle,ctid::fin6::unknown::0006,ctid,fin6::unknown,"[""T1087"",""T1018"",""T1482"",""T1016"",""T1069""]",0.0,0.0
F3_OSER_oracle,ctid::fin6::unknown::0006,ctid,fin6::unknown,"[""T1087"",""T1018"",""T1482"",""T1016"",""T1069""]",0.0,0.0
F4_LCB_RS_oracle,ctid::fin6::unknown::0006,ctid,fin6::unknown,"[""T1087"",""T1018"",""T1482"",""T1016"",""T1069""]",0.0,0.0
F5_LCTR5_oracle,ctid::fin6::unknown::0006,ctid,fin6::unknown,"[""T1087"",""T1018"",""T1482"",""T1016"",""T1069""]",0.0,0.0
F1_RR5_oracle,ctid::fin6::unknown::0007,ctid,fin6::unknown,"[""T1021"",""T1078"",""T1059"",""T1005"",""T1543""]",0.0,0.0
F2_C1R_oracle,ctid::fin6::unknown::0007,ctid,fin6::unknown,"[""T1021"",""T1078"",""T1059"",""T1005"",""T1560""]",0.18154179253735267,0.0
F3_OSER_oracle,ctid::fin6::unknown::0007,ctid,fin6::unknown,"[""T1021"",""T1078"",""T1059"",""T1005"",""T1543""]",0.0,0.0
F4_LCB_RS_oracle,ctid::fin6::unknown::0007,ctid,fin6::unknown,"[""T1021"",""T1078"",""T1059"",""T1005"",""T1543""]",0.0,0.0
F5_LCTR5_oracle,ctid::fin6::unknown::0007,ctid,fin6::unknown,"[""T1021"",""T1078"",""T1059"",""T1005"",""T1543""]",0.0,0.0
F1_RR5_oracle,ctid::fin6::unknown::0008,ctid,fin6::unknown,"[""T1567"",""T1021"",""T1078"",""T1059"",""T1105""]",0.46927872602275644,0.18154179253735267
F2_C1R_oracle,ctid::fin6::unknown::0008,ctid,fin6::unknown,"[""T1021"",""T1078"",""T1059"",""T1105"",""T1567""]",0.18154179253735267,0.18154179253735267
F3_OSER_oracle,ctid::fin6::unknown::0008,ctid,fin6::unknown,"[""T1041"",""T1567"",""T1070"",""T1105"",""T1048""]",0.2960819109658652,0.18154179253735267
F4_LCB_RS_oracle,ctid::fin6::unknown::0008,ctid,fin6::unknown,"[""T1567"",""T1105"",""T1059"",""T1021"",""T1078""]",0.46927872602275644,0.18154179253735267
F5_LCTR5_oracle,ctid::fin6::unknown::0008,ctid,fin6::unknown,"[""T1567"",""T1021"",""T1105"",""T1078"",""T1059""]",0.46927872602275644,0.18154179253735267
F1_RR5_oracle,ctid::fin6::unknown::0009,ctid,fin6::unknown,"[""T1021"",""T1078"",""T1105"",""T1560"",""T1005""]",0.0,0.0
F2_C1R_oracle,ctid::fin6::unknown::0009,ctid,fin6::unknown,"[""T1021"",""T1078"",""T1105"",""T1560"",""T1047""]",0.18154179253735267,0.0
F3_OSER_oracle,ctid::fin6::unknown::0009,ctid,fin6::unknown,"[""T1562"",""T1027"",""T1486"",""T1083"",""T1047""]",0.18154179253735267,0.0
F4_LCB_RS_oracle,ctid::fin6::unknown::0009,ctid,fin6::unknown,"[""T1021"",""T1078"",""T1105"",""T1560"",""T1005""]",0.0,0.0
F5_LCTR5_oracle,ctid::fin6::unknown::0009,ctid,fin6::unknown,"[""T1021"",""T1078"",""T1105"",""T1560"",""T1005""]",0.0,0.0
F1_RR5_oracle,ctid::fin6::unknown::0010,ctid,fin6::unknown,"[""T1021"",""T1078"",""T1059"",""T1105"",""T1005""]",0.0,0.0
F2_C1R_oracle,ctid::fin6::unknown::0010,ctid,fin6::unknown,"[""T1021"",""T1078"",""T1059"",""T1105"",""T1005""]",0.0,0.0
F3_OSER_oracle,ctid::fin6::unknown::0010,ctid,fin6::unknown,"[""T1021"",""T1078"",""T1059"",""T1105"",""T1005""]",0.0,0.0
F4_LCB_RS_oracle,ctid::fin6::unknown::0010,ctid,fin6::unknown,"[""T1021"",""T1078"",""T1059"",""T1105"",""T1005""]",0.0,0.0
F5_LCTR5_oracle,ctid::fin6::unknown::0010,ctid,fin6::unknown,"[""T1021"",""T1078"",""T1059"",""T1105"",""T1005""]",0.0,0.0
F1_RR5_oracle,ctid::fin6::unknown::0012,ctid,fin6::unknown,"[""T1021"",""T1059"",""T1078"",""T1105"",""T1005""]",0.0,0.0
F2_C1R_oracle,ctid::fin6::unknown::0012,ctid,fin6::unknown,"[""T1021"",""T1059"",""T1078"",""T1105"",""T1005""]",0.0,0.0
F3_OSER_oracle,ctid::fin6::unknown::0012,ctid,fin6::unknown,"[""T1021"",""T1059"",""T1078"",""T1105"",""T1005""]",0.0,0.0
F4_LCB_RS_oracle,ctid::fin6::unknown::0012,ctid,fin6::unknown,"[""T1021"",""T1059"",""T1078"",""T1105"",""T1005""]",0.0,0.0
F5_LCTR5_oracle,ctid::fin6::unknown::0012,ctid,fin6::unknown,"[""T1021"",""T1059"",""T1078"",""T1105"",""T1005""]",0.0,0.0
F1_RR5_oracle,ctid::fin6::unknown::0013,ctid,fin6::unknown,"[""T1021"",""T1078"",""T1105"",""T1059"",""T1005""]",0.46927872602275644,0.46927872602275644
F2_C1R_oracle,ctid::fin6::unknown::0013,ctid,fin6::unknown,"[""T1021"",""T1078"",""T1105"",""T1059"",""T1047""]",0.6508205185601091,0.46927872602275644
F3_OSER_oracle,ctid::fin6::unknown::0013,ctid,fin6::unknown,"[""T1021"",""T1078"",""T1105"",""T1059"",""T1005""]",0.46927872602275644,0.46927872602275644
F4_LCB_RS_oracle,ctid::fin6::unknown::0013,ctid,fin6::unknown,"[""T1021"",""T1078"",""T1105"",""T1059"",""T1005""]",0.46927872602275644,0.46927872602275644
F5_LCTR5_oracle,ctid::fin6::unknown::0013,ctid,fin6::unknown,"[""T1021"",""T1078"",""T1105"",""T1059"",""T1005""]",0.46927872602275644,0.46927872602275644
F1_RR5_oracle,ctid::fin6::unknown::0014,ctid,fin6::unknown,"[""T1021"",""T1059"",""T1078"",""T1105"",""T1070""]",0.6131471927654584,0.6131471927654584
F2_C1R_oracle,ctid::fin6::unknown::0014,ctid,fin6::unknown,"[""T1021"",""T1059"",""T1078"",""T1105"",""T1070""]",0.6131471927654584,0.6131471927654584
F3_OSER_oracle,ctid::fin6::unknown::0014,ctid,fin6::unknown,"[""T1021"",""T1059"",""T1078"",""T1105"",""T1070""]",0.6131471927654584,0.6131471927654584
F4_LCB_RS_oracle,ctid::fin6::unknown::0014,ctid,fin6::unknown,"[""T1021"",""T1059"",""T1078"",""T1105"",""T1070""]",0.6131471927654584,0.6131471927654584
F5_LCTR5_oracle,ctid::fin6::unknown::0014,ctid,fin6::unknown,"[""T1021"",""T1059"",""T1078"",""T1105"",""T1070""]",0.6131471927654584,0.6131471927654584
F1_RR5_oracle,ctid::fin6::unknown::0015,ctid,fin6::unknown,"[""T1021"",""T1059"",""T1078"",""T1485"",""T1070""]",0.46927872602275644,0.46927872602275644
F2_C1R_oracle,ctid::fin6::unknown::0015,ctid,fin6::unknown,"[""T1021"",""T1059"",""T1078"",""T1485"",""T1070""]",0.46927872602275644,0.46927872602275644
F3_OSER_oracle,ctid::fin6::unknown::0015,ctid,fin6::unknown,"[""T1021"",""T1059"",""T1078"",""T1485"",""T1070""]",0.46927872602275644,0.46927872602275644
F4_LCB_RS_oracle,ctid::fin6::unknown::0015,ctid,fin6::unknown,"[""T1021"",""T1059"",""T1078"",""T1485"",""T1070""]",0.46927872602275644,0.46927872602275644
F5_LCTR5_oracle,ctid::fin6::unknown::0015,ctid,fin6::unknown,"[""T1021"",""T1059"",""T1078"",""T1485"",""T1070""]",0.46927872602275644,0.46927872602275644
F1_RR5_oracle,ctid::fin6::unknown::0016,ctid,fin6::unknown,"[""T1021"",""T1003"",""T1048"",""T1059"",""T1078""]",0.0,0.0
F2_C1R_oracle,ctid::fin6::unknown::0016,ctid,fin6::unknown,"[""T1021"",""T1003"",""T1048"",""T1059"",""T1047""]",0.23719771276929622,0.0
F3_OSER_oracle,ctid::fin6::unknown::0016,ctid,fin6::unknown,"[""T1021"",""T1059"",""T1562"",""T1105"",""T1047""]",0.23719771276929622,0.0
F4_LCB_RS_oracle,ctid::fin6::unknown::0016,ctid,fin6::unknown,"[""T1021"",""T1003"",""T1048"",""T1059"",""T1078""]",0.0,0.0
F5_LCTR5_oracle,ctid::fin6::unknown::0016,ctid,fin6::unknown,"[""T1021"",""T1003"",""T1048"",""T1059"",""T1078""]",0.0,0.0
F1_RR5_oracle,ctid::fin6::unknown::0017,ctid,fin6::unknown,"[""T1059"",""T1078"",""T1021"",""T1003"",""T1105""]",0.0,0.0
F2_C1R_oracle,ctid::fin6::unknown::0017,ctid,fin6::unknown,"[""T1059"",""T1078"",""T1021"",""T1003"",""T1105""]",0.0,0.0
F3_OSER_oracle,ctid::fin6::unknown::0017,ctid,fin6::unknown,"[""T1059"",""T1078"",""T1021"",""T1003"",""T1105""]",0.0,0.0
F4_LCB_RS_oracle,ctid::fin6::unknown::0017,ctid,fin6::unknown,"[""T1059"",""T1078"",""T1021"",""T1003"",""T1105""]",0.0,0.0
F5_LCTR5_oracle,ctid::fin6::unknown::0017,ctid,fin6::unknown,"[""T1059"",""T1078"",""T1021"",""T1003"",""T1105""]",0.0,0.0
F1_RR5_oracle,ctid::fin7::unknown::0001,ctid,fin7::unknown,"[""T1059"",""T1057"",""T1005"",""T1115"",""T1083""]",0.7653606369886217,0.6508205185601091
F2_C1R_oracle,ctid::fin7::unknown::0001,ctid,fin7::unknown,"[""T1059"",""T1005"",""T1115"",""T1083"",""T1057""]",0.6508205185601091,0.6508205185601091
F3_OSER_oracle,ctid::fin7::unknown::0001,ctid,fin7::unknown,"[""T1059"",""T1005"",""T1115"",""T1083"",""T1057""]",0.6508205185601091,0.6508205185601091
F4_LCB_RS_oracle,ctid::fin7::unknown::0001,ctid,fin7::unknown,"[""T1059"",""T1005"",""T1115"",""T1083"",""T1057""]",0.6508205185601091,0.6508205185601091
F5_LCTR5_oracle,ctid::fin7::unknown::0001,ctid,fin7::unknown,"[""T1059"",""T1005"",""T1115"",""T1083"",""T1057""]",0.6508205185601091,0.6508205185601091
F1_RR5_oracle,ctid::fin7::unknown::0002,ctid,fin7::unknown,"[""T1059"",""T1113"",""T1005"",""T1078"",""T1021""]",0.0,0.0
F2_C1R_oracle,ctid::fin7::unknown::0002,ctid,fin7::unknown,"[""T1059"",""T1113"",""T1005"",""T1078"",""T1003""]",0.18154179253735267,0.0
F3_OSER_oracle,ctid::fin7::unknown::0002,ctid,fin7::unknown,"[""T1059"",""T1113"",""T1005"",""T1078"",""T1021""]",0.0,0.0
F4_LCB_RS_oracle,ctid::fin7::unknown::0002,ctid,fin7::unknown,"[""T1059"",""T1113"",""T1005"",""T1078"",""T1021""]",0.0,0.0
F5_LCTR5_oracle,ctid::fin7::unknown::0002,ctid,fin7::unknown,"[""T1059"",""T1113"",""T1005"",""T1078"",""T1021""]",0.0,0.0
F1_RR5_oracle,ctid::fin7::unknown::0003,ctid,fin7::unknown,"[""T1057"",""T1082"",""T1005"",""T1018"",""T1078""]",0.0,0.0
F2_C1R_oracle,ctid::fin7::unknown::0003,ctid,fin7::unknown,"[""T1057"",""T1082"",""T1005"",""T1018"",""T1078""]",0.0,0.0
F3_OSER_oracle,ctid::fin7::unknown::0003,ctid,fin7::unknown,"[""T1057"",""T1082"",""T1005"",""T1018"",""T1078""]",0.0,0.0
F4_LCB_RS_oracle,ctid::fin7::unknown::0003,ctid,fin7::unknown,"[""T1057"",""T1082"",""T1005"",""T1018"",""T1078""]",0.0,0.0
F5_LCTR5_oracle,ctid::fin7::unknown::0003,ctid,fin7::unknown,"[""T1057"",""T1082"",""T1005"",""T1018"",""T1078""]",0.0,0.0
F1_RR5_oracle,ctid::fin7::unknown::0004,ctid,fin7::unknown,"[""T1082"",""T1016"",""T1033"",""T1078"",""T1021""]",0.0,0.0
F2_C1R_oracle,ctid::fin7::unknown::0004,ctid,fin7::unknown,"[""T1082"",""T1016"",""T1033"",""T1078"",""T1021""]",0.0,0.0
F3_OSER_oracle,ctid::fin7::unknown::0004,ctid,fin7::unknown,"[""T1082"",""T1016"",""T1033"",""T1078"",""T1021""]",0.0,0.0
F4_LCB_RS_oracle,ctid::fin7::unknown::0004,ctid,fin7::unknown,"[""T1082"",""T1016"",""T1033"",""T1078"",""T1021""]",0.0,0.0
F5_LCTR5_oracle,ctid::fin7::unknown::0004,ctid,fin7::unknown,"[""T1082"",""T1016"",""T1033"",""T1078"",""T1021""]",0.0,0.0
F1_RR5_oracle,ctid::fin7::unknown::0006,ctid,fin7::unknown,"[""T1021"",""T1078"",""T1105"",""T1005"",""T1055""]",0.0,0.0
F2_C1R_oracle,ctid::fin7::unknown::0006,ctid,fin7::unknown,"[""T1021"",""T1078"",""T1105"",""T1005"",""T1055""]",0.0,0.0
F3_OSER_oracle,ctid::fin7::unknown::0006,ctid,fin7::unknown,"[""T1021"",""T1078"",""T1105"",""T1005"",""T1055""]",0.0,0.0
F4_LCB_RS_oracle,ctid::fin7::unknown::0006,ctid,fin7::unknown,"[""T1021"",""T1078"",""T1105"",""T1005"",""T1055""]",0.0,0.0
F5_LCTR5_oracle,ctid::fin7::unknown::0006,ctid,fin7::unknown,"[""T1021"",""T1078"",""T1105"",""T1005"",""T1055""]",0.0,0.0
F1_RR5_oracle,ctid::fin7::unknown::0007,ctid,fin7::unknown,"[""T1021"",""T1078"",""T1105"",""T1005"",""T1055""]",0.0,0.0
F2_C1R_oracle,ctid::fin7::unknown::0007,ctid,fin7::unknown,"[""T1021"",""T1078"",""T1105"",""T1005"",""T1055""]",0.0,0.0
F3_OSER_oracle,ctid::fin7::unknown::0007,ctid,fin7::unknown,"[""T1021"",""T1078"",""T1105"",""T1005"",""T1055""]",0.0,0.0
F4_LCB_RS_oracle,ctid::fin7::unknown::0007,ctid,fin7::unknown,"[""T1021"",""T1078"",""T1105"",""T1005"",""T1055""]",0.0,0.0
F5_LCTR5_oracle,ctid::fin7::unknown::0007,ctid,fin7::unknown,"[""T1021"",""T1078"",""T1105"",""T1005"",""T1055""]",0.0,0.0
F1_RR5_oracle,ctid::fin7::unknown::0008,ctid,fin7::unknown,"[""T1021"",""T1005"",""T1078"",""T1105"",""T1055""]",0.0,0.0
F2_C1R_oracle,ctid::fin7::unknown::0008,ctid,fin7::unknown,"[""T1021"",""T1005"",""T1078"",""T1105"",""T1055""]",0.0,0.0
F3_OSER_oracle,ctid::fin7::unknown::0008,ctid,fin7::unknown,"[""T1021"",""T1005"",""T1078"",""T1105"",""T1055""]",0.0,0.0
F4_LCB_RS_oracle,ctid::fin7::unknown::0008,ctid,fin7::unknown,"[""T1021"",""T1005"",""T1078"",""T1105"",""T1055""]",0.0,0.0
F5_LCTR5_oracle,ctid::fin7::unknown::0008,ctid,fin7::unknown,"[""T1021"",""T1005"",""T1078"",""T1105"",""T1055""]",0.0,0.0
F1_RR5_oracle,ctid::fin7::unknown::0009,ctid,fin7::unknown,"[""T1059"",""T1003"",""T1021"",""T1105"",""T1078""]",0.0,0.0
F2_C1R_oracle,ctid::fin7::unknown::0009,ctid,fin7::unknown,"[""T1059"",""T1003"",""T1021"",""T1105"",""T1078""]",0.0,0.0
F3_OSER_oracle,ctid::fin7::unknown::0009,ctid,fin7::unknown,"[""T1059"",""T1003"",""T1021"",""T1105"",""T1078""]",0.0,0.0
F4_LCB_RS_oracle,ctid::fin7::unknown::0009,ctid,fin7::unknown,"[""T1059"",""T1003"",""T1021"",""T1105"",""T1078""]",0.0,0.0
F5_LCTR5_oracle,ctid::fin7::unknown::0009,ctid,fin7::unknown,"[""T1059"",""T1003"",""T1021"",""T1105"",""T1078""]",0.0,0.0
F1_RR5_oracle,ctid::menu_pass::unknown::0001,ctid,menu_pass::unknown,"[""T1059"",""T1021"",""T1003"",""T1078"",""T1105""]",0.0,0.0
F2_C1R_oracle,ctid::menu_pass::unknown::0001,ctid,menu_pass::unknown,"[""T1059"",""T1021"",""T1003"",""T1078"",""T1105""]",0.0,0.0
F3_OSER_oracle,ctid::menu_pass::unknown::0001,ctid,menu_pass::unknown,"[""T1059"",""T1021"",""T1003"",""T1078"",""T1105""]",0.0,0.0
F4_LCB_RS_oracle,ctid::menu_pass::unknown::0001,ctid,menu_pass::unknown,"[""T1059"",""T1021"",""T1003"",""T1078"",""T1105""]",0.0,0.0
F5_LCTR5_oracle,ctid::menu_pass::unknown::0001,ctid,menu_pass::unknown,"[""T1059"",""T1021"",""T1003"",""T1078"",""T1105""]",0.0,0.0
F1_RR5_oracle,ctid::menu_pass::unknown::0002,ctid,menu_pass::unknown,"[""T1018"",""T1082"",""T1083"",""T1021"",""T1059""]",0.46927872602275644,0.46927872602275644
F2_C1R_oracle,ctid::menu_pass::unknown::0002,ctid,menu_pass::unknown,"[""T1018"",""T1082"",""T1083"",""T1021"",""T1059""]",0.46927872602275644,0.46927872602275644
F3_OSER_oracle,ctid::menu_pass::unknown::0002,ctid,menu_pass::unknown,"[""T1018"",""T1082"",""T1083"",""T1021"",""T1059""]",0.46927872602275644,0.46927872602275644
F4_LCB_RS_oracle,ctid::menu_pass::unknown::0002,ctid,menu_pass::unknown,"[""T1018"",""T1082"",""T1083"",""T1021"",""T1059""]",0.46927872602275644,0.46927872602275644
F5_LCTR5_oracle,ctid::menu_pass::unknown::0002,ctid,menu_pass::unknown,"[""T1018"",""T1082"",""T1083"",""T1021"",""T1059""]",0.46927872602275644,0.46927872602275644
F1_RR5_oracle,ctid::menu_pass::unknown::0003,ctid,menu_pass::unknown,"[""T1016"",""T1049"",""T1021"",""T1005"",""T1039""]",0.46927872602275644,0.46927872602275644
F2_C1R_oracle,ctid::menu_pass::unknown::0003,ctid,menu_pass::unknown,"[""T1016"",""T1049"",""T1021"",""T1005"",""T1003""]",0.6508205185601091,0.46927872602275644
F3_OSER_oracle,ctid::menu_pass::unknown::0003,ctid,menu_pass::unknown,"[""T1016"",""T1049"",""T1021"",""T1005"",""T1039""]",0.46927872602275644,0.46927872602275644
F4_LCB_RS_oracle,ctid::menu_pass::unknown::0003,ctid,menu_pass::unknown,"[""T1016"",""T1049"",""T1021"",""T1005"",""T1039""]",0.46927872602275644,0.46927872602275644
F5_LCTR5_oracle,ctid::menu_pass::unknown::0003,ctid,menu_pass::unknown,"[""T1016"",""T1049"",""T1021"",""T1005"",""T1039""]",0.46927872602275644,0.46927872602275644
F1_RR5_oracle,ctid::menu_pass::unknown::0004,ctid,menu_pass::unknown,"[""T1003"",""T1021"",""T1047"",""T1078"",""T1059""]",0.46927872602275644,0.23463936301137822
F2_C1R_oracle,ctid::menu_pass::unknown::0004,ctid,menu_pass::unknown,"[""T1021"",""T1047"",""T1003"",""T1078"",""T1059""]",0.23463936301137822,0.23463936301137822
F3_OSER_oracle,ctid::menu_pass::unknown::0004,ctid,menu_pass::unknown,"[""T1021"",""T1047"",""T1003"",""T1078"",""T1059""]",0.23463936301137822,0.23463936301137822
F4_LCB_RS_oracle,ctid::menu_pass::unknown::0004,ctid,menu_pass::unknown,"[""T1021"",""T1047"",""T1003"",""T1078"",""T1059""]",0.23463936301137822,0.23463936301137822
F5_LCTR5_oracle,ctid::menu_pass::unknown::0004,ctid,menu_pass::unknown,"[""T1021"",""T1047"",""T1003"",""T1078"",""T1059""]",0.23463936301137822,0.23463936301137822
F1_RR5_oracle,ctid::menu_pass::unknown::0005,ctid,menu_pass::unknown,"[""T1018"",""T1046"",""T1135"",""T1105"",""T1016""]",0.0,0.0
F2_C1R_oracle,ctid::menu_pass::unknown::0005,ctid,menu_pass::unknown,"[""T1018"",""T1046"",""T1135"",""T1105"",""T1003""]",0.18154179253735267,0.0
F3_OSER_oracle,ctid::menu_pass::unknown::0005,ctid,menu_pass::unknown,"[""T1018"",""T1046"",""T1135"",""T1105"",""T1016""]",0.0,0.0
F4_LCB_RS_oracle,ctid::menu_pass::unknown::0005,ctid,menu_pass::unknown,"[""T1018"",""T1046"",""T1135"",""T1105"",""T1016""]",0.0,0.0
F5_LCTR5_oracle,ctid::menu_pass::unknown::0005,ctid,menu_pass::unknown,"[""T1018"",""T1046"",""T1135"",""T1105"",""T1016""]",0.0,0.0
F1_RR5_oracle,ctid::menu_pass::unknown::0006,ctid,menu_pass::unknown,"[""T1021"",""T1078"",""T1059"",""T1005"",""T1083""]",0.0,0.0
F2_C1R_oracle,ctid::menu_pass::unknown::0006,ctid,menu_pass::unknown,"[""T1021"",""T1078"",""T1059"",""T1005"",""T1560""]",0.18154179253735267,0.0
F3_OSER_oracle,ctid::menu_pass::unknown::0006,ctid,menu_pass::unknown,"[""T1021"",""T1078"",""T1059"",""T1005"",""T1083""]",0.0,0.0
F4_LCB_RS_oracle,ctid::menu_pass::unknown::0006,ctid,menu_pass::unknown,"[""T1021"",""T1078"",""T1059"",""T1005"",""T1083""]",0.0,0.0
F5_LCTR5_oracle,ctid::menu_pass::unknown::0006,ctid,menu_pass::unknown,"[""T1021"",""T1078"",""T1059"",""T1005"",""T1083""]",0.0,0.0
F1_RR5_oracle,ctid::menu_pass::unknown::0007,ctid,menu_pass::unknown,"[""T1021"",""T1078"",""T1059"",""T1005"",""T1083""]",0.0,0.0
F2_C1R_oracle,ctid::menu_pass::unknown::0007,ctid,menu_pass::unknown,"[""T1021"",""T1078"",""T1059"",""T1005"",""T1560""]",0.18154179253735267,0.0
F3_OSER_oracle,ctid::menu_pass::unknown::0007,ctid,menu_pass::unknown,"[""T1562"",""T1560"",""T1135"",""T1573"",""T1057""]",0.2960819109658652,0.0
F4_LCB_RS_oracle,ctid::menu_pass::unknown::0007,ctid,menu_pass::unknown,"[""T1021"",""T1078"",""T1059"",""T1005"",""T1083""]",0.0,0.0
F5_LCTR5_oracle,ctid::menu_pass::unknown::0007,ctid,menu_pass::unknown,"[""T1021"",""T1078"",""T1059"",""T1005"",""T1083""]",0.0,0.0
F1_RR5_oracle,ctid::menu_pass::unknown::0008,ctid,menu_pass::unknown,"[""T1021"",""T1078"",""T1048"",""T1059"",""T1005""]",0.0,0.0
F2_C1R_oracle,ctid::menu_pass::unknown::0008,ctid,menu_pass::unknown,"[""T1021"",""T1078"",""T1048"",""T1059"",""T1047""]",0.18154179253735267,0.0
F3_OSER_oracle,ctid::menu_pass::unknown::0008,ctid,menu_pass::unknown,"[""T1021"",""T1078"",""T1048"",""T1059"",""T1005""]",0.0,0.0
F4_LCB_RS_oracle,ctid::menu_pass::unknown::0008,ctid,menu_pass::unknown,"[""T1021"",""T1078"",""T1048"",""T1059"",""T1005""]",0.0,0.0
F5_LCTR5_oracle,ctid::menu_pass::unknown::0008,ctid,menu_pass::unknown,"[""T1021"",""T1078"",""T1048"",""T1059"",""T1005""]",0.0,0.0
F1_RR5_oracle,ctid::menu_pass::unknown::0009,ctid,menu_pass::unknown,"[""T1021"",""T1078"",""T1105"",""T1048"",""T1005""]",0.0,0.0
F2_C1R_oracle,ctid::menu_pass::unknown::0009,ctid,menu_pass::unknown,"[""T1021"",""T1078"",""T1105"",""T1048"",""T1005""]",0.0,0.0
F3_OSER_oracle,ctid::menu_pass::unknown::0009,ctid,menu_pass::unknown,"[""T1021"",""T1078"",""T1105"",""T1048"",""T1005""]",0.0,0.0
F4_LCB_RS_oracle,ctid::menu_pass::unknown::0009,ctid,menu_pass::unknown,"[""T1021"",""T1078"",""T1105"",""T1048"",""T1005""]",0.0,0.0
F5_LCTR5_oracle,ctid::menu_pass::unknown::0009,ctid,menu_pass::unknown,"[""T1021"",""T1078"",""T1105"",""T1048"",""T1005""]",0.0,0.0
F1_RR5_oracle,ctid::menu_pass::unknown::0010,ctid,menu_pass::unknown,"[""T1021"",""T1078"",""T1059"",""T1005"",""T1485""]",0.0,0.0
F2_C1R_oracle,ctid::menu_pass::unknown::0010,ctid,menu_pass::unknown,"[""T1021"",""T1078"",""T1059"",""T1005"",""T1485""]",0.0,0.0
F3_OSER_oracle,ctid::menu_pass::unknown::0010,ctid,menu_pass::unknown,"[""T1021"",""T1078"",""T1059"",""T1005"",""T1485""]",0.0,0.0
F4_LCB_RS_oracle,ctid::menu_pass::unknown::0010,ctid,menu_pass::unknown,"[""T1021"",""T1078"",""T1059"",""T1005"",""T1485""]",0.0,0.0
F5_LCTR5_oracle,ctid::menu_pass::unknown::0010,ctid,menu_pass::unknown,"[""T1021"",""T1078"",""T1059"",""T1005"",""T1485""]",0.0,0.0
F1_RR5_oracle,ctid::oilrig::unknown::0001,ctid,oilrig::unknown,"[""T1082"",""T1016"",""T1033"",""T1059"",""T1049""]",1.0,0.9060254355346823
F2_C1R_oracle,ctid::oilrig::unknown::0001,ctid,oilrig::unknown,"[""T1082"",""T1059"",""T1016"",""T1033"",""T1049""]",0.9060254355346823,0.9060254355346823
F3_OSER_oracle,ctid::oilrig::unknown::0001,ctid,oilrig::unknown,"[""T1082"",""T1059"",""T1016"",""T1033"",""T1049""]",0.9060254355346823,0.9060254355346823
F4_LCB_RS_oracle,ctid::oilrig::unknown::0001,ctid,oilrig::unknown,"[""T1016"",""T1082"",""T1059"",""T1033"",""T1049""]",0.9674679834891693,0.9060254355346823
F5_LCTR5_oracle,ctid::oilrig::unknown::0001,ctid,oilrig::unknown,"[""T1082"",""T1059"",""T1016"",""T1033"",""T1049""]",0.9060254355346823,0.9060254355346823
F1_RR5_oracle,ctid::oilrig::unknown::0002,ctid,oilrig::unknown,"[""T1082"",""T1016"",""T1033"",""T1012"",""T1069""]",0.7653606369886217,0.6713860725233041
F2_C1R_oracle,ctid::oilrig::unknown::0002,ctid,oilrig::unknown,"[""T1082"",""T1033"",""T1012"",""T1016"",""T1087""]",0.8529278650606567,0.6713860725233041
F3_OSER_oracle,ctid::oilrig::unknown::0002,ctid,oilrig::unknown,"[""T1082"",""T1033"",""T1012"",""T1016"",""T1069""]",0.6713860725233041,0.6713860725233041
F4_LCB_RS_oracle,ctid::oilrig::unknown::0002,ctid,oilrig::unknown,"[""T1016"",""T1082"",""T1033"",""T1012"",""T1069""]",0.7653606369886217,0.6713860725233041
F5_LCTR5_oracle,ctid::oilrig::unknown::0002,ctid,oilrig::unknown,"[""T1082"",""T1016"",""T1033"",""T1012"",""T1069""]",0.7653606369886217,0.6713860725233041
F1_RR5_oracle,ctid::oilrig::unknown::0003,ctid,oilrig::unknown,"[""T1016"",""T1069"",""T1082"",""T1033"",""T1057""]",0.7653606369886217,0.41618115554873086
F2_C1R_oracle,ctid::oilrig::unknown::0003,ctid,oilrig::unknown,"[""T1082"",""T1033"",""T1016"",""T1057"",""T1069""]",0.41618115554873086,0.41618115554873086
F3_OSER_oracle,ctid::oilrig::unknown::0003,ctid,oilrig::unknown,"[""T1082"",""T1033"",""T1016"",""T1057"",""T1069""]",0.41618115554873086,0.41618115554873086
F4_LCB_RS_oracle,ctid::oilrig::unknown::0003,ctid,oilrig::unknown,"[""T1016"",""T1082"",""T1033"",""T1057"",""T1069""]",0.6508205185601091,0.41618115554873086
F5_LCTR5_oracle,ctid::oilrig::unknown::0003,ctid,oilrig::unknown,"[""T1082"",""T1033"",""T1016"",""T1057"",""T1069""]",0.41618115554873086,0.41618115554873086
F1_RR5_oracle,ctid::oilrig::unknown::0004,ctid,oilrig::unknown,"[""T1087"",""T1082"",""T1033"",""T1016"",""T1049""]",0.46927872602275644,0.20210734650054757
F2_C1R_oracle,ctid::oilrig::unknown::0004,ctid,oilrig::unknown,"[""T1082"",""T1033"",""T1016"",""T1087"",""T1021""]",0.38364913903790027,0.20210734650054757
F3_OSER_oracle,ctid::oilrig::unknown::0004,ctid,oilrig::unknown,"[""T1021"",""T1059"",""T1018"",""T1135"",""T1057""]",0.46927872602275644,0.20210734650054757
F4_LCB_RS_oracle,ctid::oilrig::unknown::0004,ctid,oilrig::unknown,"[""T1082"",""T1033"",""T1016"",""T1087"",""T1021""]",0.38364913903790027,0.20210734650054757
F5_LCTR5_oracle,ctid::oilrig::unknown::0004,ctid,oilrig::unknown,"[""T1082"",""T1033"",""T1016"",""T1087"",""T1049""]",0.20210734650054757,0.20210734650054757
F1_RR5_oracle,ctid::oilrig::unknown::0005,ctid,oilrig::unknown,"[""T1087"",""T1082"",""T1033"",""T1016"",""T1057""]",0.46927872602275644,0.20210734650054757
F2_C1R_oracle,ctid::oilrig::unknown::0005,ctid,oilrig::unknown,"[""T1082"",""T1033"",""T1016"",""T1087"",""T1021""]",0.38364913903790027,0.20210734650054757
F3_OSER_oracle,ctid::oilrig::unknown::0005,ctid,oilrig::unknown,"[""T1082"",""T1033"",""T1016"",""T1087"",""T1057""]",0.20210734650054757,0.20210734650054757
F4_LCB_RS_oracle,ctid::oilrig::unknown::0005,ctid,oilrig::unknown,"[""T1016"",""T1057"",""T1087"",""T1082"",""T1033""]",0.23463936301137822,0.20210734650054757
F5_LCTR5_oracle,ctid::oilrig::unknown::0005,ctid,oilrig::unknown,"[""T1016"",""T1087"",""T1057"",""T1082"",""T1033""]",0.2960819109658652,0.20210734650054757
F1_RR5_oracle,ctid::oilrig::unknown::0006,ctid,oilrig::unknown,"[""T1087"",""T1069"",""T1082"",""T1033"",""T1016""]",0.7653606369886217,0.38364913903790027
F2_C1R_oracle,ctid::oilrig::unknown::0006,ctid,oilrig::unknown,"[""T1082"",""T1033"",""T1016"",""T1087"",""T1069""]",0.38364913903790027,0.38364913903790027
F3_OSER_oracle,ctid::oilrig::unknown::0006,ctid,oilrig::unknown,"[""T1021"",""T1018"",""T1016"",""T1518"",""T1217""]",0.46927872602275644,0.38364913903790027
F4_LCB_RS_oracle,ctid::oilrig::unknown::0006,ctid,oilrig::unknown,"[""T1016"",""T1069"",""T1087"",""T1082"",""T1033""]",0.5307212739772434,0.38364913903790027
F5_LCTR5_oracle,ctid::oilrig::unknown::0006,ctid,oilrig::unknown,"[""T1016"",""T1069"",""T1082"",""T1033"",""T1087""]",0.4776237035032179,0.38364913903790027
F1_RR5_oracle,ctid::oilrig::unknown::0007,ctid,oilrig::unknown,"[""T1087"",""T1069"",""T1003"",""T1078"",""T1021""]",0.7653606369886217,0.38364913903790027
F2_C1R_oracle,ctid::oilrig::unknown::0007,ctid,oilrig::unknown,"[""T1003"",""T1078"",""T1021"",""T1087"",""T1069""]",0.38364913903790027,0.38364913903790027
F3_OSER_oracle,ctid::oilrig::unknown::0007,ctid,oilrig::unknown,"[""T1003"",""T1078"",""T1021"",""T1087"",""T1069""]",0.38364913903790027,0.38364913903790027
F4_LCB_RS_oracle,ctid::oilrig::unknown::0007,ctid,oilrig::unknown,"[""T1021"",""T1087"",""T1078"",""T1003"",""T1069""]",0.4776237035032179,0.38364913903790027
F5_LCTR5_oracle,ctid::oilrig::unknown::0007,ctid,oilrig::unknown,"[""T1021"",""T1087"",""T1078"",""T1003"",""T1069""]",0.4776237035032179,0.38364913903790027
F1_RR5_oracle,ctid::oilrig::unknown::0008,ctid,oilrig::unknown,"[""T1069"",""T1087"",""T1021"",""T1003"",""T1078""]",0.46927872602275644,0.2960819109658652
F2_C1R_oracle,ctid::oilrig::unknown::0008,ctid,oilrig::unknown,"[""T1087"",""T1069"",""T1021"",""T1003"",""T1057""]",0.4776237035032179,0.2960819109658652
F3_OSER_oracle,ctid::oilrig::unknown::0008,ctid,oilrig::unknown,"[""T1087"",""T1069"",""T1021"",""T1003"",""T1078""]",0.2960819109658652,0.2960819109658652
F4_LCB_RS_oracle,ctid::oilrig::unknown::0008,ctid,oilrig::unknown,"[""T1087"",""T1069"",""T1021"",""T1003"",""T1078""]",0.2960819109658652,0.2960819109658652
F5_LCTR5_oracle,ctid::oilrig::unknown::0008,ctid,oilrig::unknown,"[""T1087"",""T1069"",""T1021"",""T1003"",""T1078""]",0.2960819109658652,0.2960819109658652
F1_RR5_oracle,ctid::oilrig::unknown::0009,ctid,oilrig::unknown,"[""T1057"",""T1007"",""T1012"",""T1046"",""T1003""]",0.7653606369886217,0.5307212739772434
F2_C1R_oracle,ctid::oilrig::unknown::0009,ctid,oilrig::unknown,"[""T1012"",""T1057"",""T1007"",""T1046"",""T1003""]",0.5307212739772434,0.5307212739772434
F3_OSER_oracle,ctid::oilrig::unknown::0009,ctid,oilrig::unknown,"[""T1012"",""T1057"",""T1007"",""T1046"",""T1003""]",0.5307212739772434,0.5307212739772434
F4_LCB_RS_oracle,ctid::oilrig::unknown::0009,ctid,oilrig::unknown,"[""T1057"",""T1012"",""T1007"",""T1046"",""T1003""]",0.7039180890341347,0.5307212739772434
F5_LCTR5_oracle,ctid::oilrig::unknown::0009,ctid,oilrig::unknown,"[""T1012"",""T1057"",""T1007"",""T1046"",""T1003""]",0.5307212739772434,0.5307212739772434
F1_RR5_oracle,ctid::oilrig::unknown::0010,ctid,oilrig::unknown,"[""T1057"",""T1007"",""T1012"",""T1135"",""T1078""]",0.7653606369886217,0.5307212739772434
F2_C1R_oracle,ctid::oilrig::unknown::0010,ctid,oilrig::unknown,"[""T1012"",""T1057"",""T1007"",""T1135"",""T1078""]",0.5307212739772434,0.5307212739772434
F3_OSER_oracle,ctid::oilrig::unknown::0010,ctid,oilrig::unknown,"[""T1012"",""T1057"",""T1007"",""T1135"",""T1078""]",0.5307212739772434,0.5307212739772434
F4_LCB_RS_oracle,ctid::oilrig::unknown::0010,ctid,oilrig::unknown,"[""T1012"",""T1057"",""T1007"",""T1135"",""T1078""]",0.5307212739772434,0.5307212739772434
F5_LCTR5_oracle,ctid::oilrig::unknown::0010,ctid,oilrig::unknown,"[""T1012"",""T1057"",""T1007"",""T1135"",""T1078""]",0.5307212739772434,0.5307212739772434
F1_RR5_oracle,ctid::oilrig::unknown::0011,ctid,oilrig::unknown,"[""T1003"",""T1078"",""T1021"",""T1059"",""T1105""]",0.0,0.0
F2_C1R_oracle,ctid::oilrig::unknown::0011,ctid,oilrig::unknown,"[""T1003"",""T1078"",""T1021"",""T1059"",""T1105""]",0.0,0.0
F3_OSER_oracle,ctid::oilrig::unknown::0011,ctid,oilrig::unknown,"[""T1003"",""T1078"",""T1021"",""T1059"",""T1105""]",0.0,0.0
F4_LCB_RS_oracle,ctid::oilrig::unknown::0011,ctid,oilrig::unknown,"[""T1003"",""T1078"",""T1021"",""T1059"",""T1105""]",0.0,0.0
F5_LCTR5_oracle,ctid::oilrig::unknown::0011,ctid,oilrig::unknown,"[""T1003"",""T1078"",""T1021"",""T1059"",""T1105""]",0.0,0.0
F1_RR5_oracle,ctid::oilrig::unknown::0012,ctid,oilrig::unknown,"[""T1082"",""T1087"",""T1033"",""T1016"",""T1069""]",0.7653606369886217,0.6713860725233041
F2_C1R_oracle,ctid::oilrig::unknown::0012,ctid,oilrig::unknown,"[""T1082"",""T1033"",""T1016"",""T1087"",""T1069""]",0.6713860725233041,0.6713860725233041
F3_OSER_oracle,ctid::oilrig::unknown::0012,ctid,oilrig::unknown,"[""T1082"",""T1033"",""T1016"",""T1087"",""T1069""]",0.6713860725233041,0.6713860725233041
F4_LCB_RS_oracle,ctid::oilrig::unknown::0012,ctid,oilrig::unknown,"[""T1082"",""T1033"",""T1016"",""T1087"",""T1069""]",0.6713860725233041,0.6713860725233041
F5_LCTR5_oracle,ctid::oilrig::unknown::0012,ctid,oilrig::unknown,"[""T1082"",""T1033"",""T1016"",""T1087"",""T1069""]",0.6713860725233041,0.6713860725233041
F1_RR5_oracle,ctid::oilrig::unknown::0013,ctid,oilrig::unknown,"[""T1012"",""T1018"",""T1005"",""T1057"",""T1083""]",0.46927872602275644,0.18154179253735267
F2_C1R_oracle,ctid::oilrig::unknown::0013,ctid,oilrig::unknown,"[""T1018"",""T1005"",""T1057"",""T1083"",""T1012""]",0.18154179253735267,0.18154179253735267
F3_OSER_oracle,ctid::oilrig::unknown::0013,ctid,oilrig::unknown,"[""T1018"",""T1005"",""T1057"",""T1083"",""T1012""]",0.18154179253735267,0.18154179253735267
F4_LCB_RS_oracle,ctid::oilrig::unknown::0013,ctid,oilrig::unknown,"[""T1018"",""T1005"",""T1057"",""T1083"",""T1012""]",0.18154179253735267,0.18154179253735267
F5_LCTR5_oracle,ctid::oilrig::unknown::0013,ctid,oilrig::unknown,"[""T1018"",""T1005"",""T1057"",""T1083"",""T1012""]",0.18154179253735267,0.18154179253735267
F1_RR5_oracle,ctid::oilrig::unknown::0014,ctid,oilrig::unknown,"[""T1003"",""T1078"",""T1059"",""T1021"",""T1105""]",0.0,0.0
F2_C1R_oracle,ctid::oilrig::unknown::0014,ctid,oilrig::unknown,"[""T1003"",""T1078"",""T1059"",""T1021"",""T1105""]",0.0,0.0
F3_OSER_oracle,ctid::oilrig::unknown::0014,ctid,oilrig::unknown,"[""T1003"",""T1078"",""T1059"",""T1021"",""T1105""]",0.0,0.0
F4_LCB_RS_oracle,ctid::oilrig::unknown::0014,ctid,oilrig::unknown,"[""T1003"",""T1078"",""T1059"",""T1021"",""T1105""]",0.0,0.0
F5_LCTR5_oracle,ctid::oilrig::unknown::0014,ctid,oilrig::unknown,"[""T1003"",""T1078"",""T1059"",""T1021"",""T1105""]",0.0,0.0
F1_RR5_oracle,ctid::oilrig::unknown::0015,ctid,oilrig::unknown,"[""T1003"",""T1078"",""T1059"",""T1021"",""T1105""]",0.0,0.0
F2_C1R_oracle,ctid::oilrig::unknown::0015,ctid,oilrig::unknown,"[""T1003"",""T1078"",""T1059"",""T1021"",""T1105""]",0.0,0.0
F3_OSER_oracle,ctid::oilrig::unknown::0015,ctid,oilrig::unknown,"[""T1003"",""T1078"",""T1059"",""T1021"",""T1105""]",0.0,0.0
F4_LCB_RS_oracle,ctid::oilrig::unknown::0015,ctid,oilrig::unknown,"[""T1003"",""T1078"",""T1059"",""T1021"",""T1105""]",0.0,0.0
F5_LCTR5_oracle,ctid::oilrig::unknown::0015,ctid,oilrig::unknown,"[""T1003"",""T1078"",""T1059"",""T1021"",""T1105""]",0.0,0.0
F1_RR5_oracle,ctid::oilrig::unknown::0016,ctid,oilrig::unknown,"[""T1082"",""T1087"",""T1069"",""T1049"",""T1057""]",0.0,0.0
F2_C1R_oracle,ctid::oilrig::unknown::0016,ctid,oilrig::unknown,"[""T1082"",""T1087"",""T1069"",""T1049"",""T1018""]",0.18154179253735267,0.0
F3_OSER_oracle,ctid::oilrig::unknown::0016,ctid,oilrig::unknown,"[""T1021"",""T1018"",""T1016"",""T1518"",""T1217""]",0.2960819109658652,0.0
F4_LCB_RS_oracle,ctid::oilrig::unknown::0016,ctid,oilrig::unknown,"[""T1082"",""T1087"",""T1069"",""T1049"",""T1057""]",0.0,0.0
F5_LCTR5_oracle,ctid::oilrig::unknown::0016,ctid,oilrig::unknown,"[""T1082"",""T1087"",""T1069"",""T1049"",""T1057""]",0.0,0.0
F1_RR5_oracle,ctid::oilrig::unknown::0017,ctid,oilrig::unknown,"[""T1105"",""T1003"",""T1078"",""T1059"",""T1021""]",0.46927872602275644,0.20210734650054757
F2_C1R_oracle,ctid::oilrig::unknown::0017,ctid,oilrig::unknown,"[""T1003"",""T1078"",""T1059"",""T1105"",""T1021""]",0.20210734650054757,0.20210734650054757
F3_OSER_oracle,ctid::oilrig::unknown::0017,ctid,oilrig::unknown,"[""T1003"",""T1078"",""T1059"",""T1105"",""T1021""]",0.20210734650054757,0.20210734650054757
F4_LCB_RS_oracle,ctid::oilrig::unknown::0017,ctid,oilrig::unknown,"[""T1021"",""T1105"",""T1003"",""T1078"",""T1059""]",0.2960819109658652,0.20210734650054757
F5_LCTR5_oracle,ctid::oilrig::unknown::0017,ctid,oilrig::unknown,"[""T1003"",""T1021"",""T1105"",""T1078"",""T1059""]",0.23463936301137822,0.20210734650054757
F1_RR5_oracle,ctid::oilrig::unknown::0018,ctid,oilrig::unknown,"[""T1003"",""T1078"",""T1021"",""T1059"",""T1018""]",0.0,0.0
F2_C1R_oracle,ctid::oilrig::unknown::0018,ctid,oilrig::unknown,"[""T1003"",""T1078"",""T1021"",""T1059"",""T1041""]",0.18154179253735267,0.0
F3_OSER_oracle,ctid::oilrig::unknown::0018,ctid,oilrig::unknown,"[""T1021"",""T1001"",""T1105"",""T1018"",""T1041""]",0.41618115554873086,0.0
F4_LCB_RS_oracle,ctid::oilrig::unknown::0018,ctid,oilrig::unknown,"[""T1003"",""T1078"",""T1021"",""T1059"",""T1018""]",0.0,0.0
F5_LCTR5_oracle,ctid::oilrig::unknown::0018,ctid,oilrig::unknown,"[""T1003"",""T1078"",""T1021"",""T1059"",""T1018""]",0.0,0.0
F1_RR5_oracle,ctid::oilrig::unknown::0019,ctid,oilrig::unknown,"[""T1105"",""T1003"",""T1078"",""T1021"",""T1059""]",0.46927872602275644,0.18154179253735267
F2_C1R_oracle,ctid::oilrig::unknown::0019,ctid,oilrig::unknown,"[""T1003"",""T1078"",""T1021"",""T1059"",""T1105""]",0.18154179253735267,0.18154179253735267
F3_OSER_oracle,ctid::oilrig::unknown::0019,ctid,oilrig::unknown,"[""T1105"",""T1021"",""T1018"",""T1016"",""T1518""]",0.46927872602275644,0.18154179253735267
F4_LCB_RS_oracle,ctid::oilrig::unknown::0019,ctid,oilrig::unknown,"[""T1105"",""T1021"",""T1059"",""T1003"",""T1078""]",0.46927872602275644,0.18154179253735267
F5_LCTR5_oracle,ctid::oilrig::unknown::0019,ctid,oilrig::unknown,"[""T1105"",""T1021"",""T1003"",""T1078"",""T1059""]",0.46927872602275644,0.18154179253735267
F1_RR5_oracle,ctid::oilrig::unknown::0020,ctid,oilrig::unknown,"[""T1078"",""T1021"",""T1003"",""T1059"",""T1105""]",0.0,0.0
F2_C1R_oracle,ctid::oilrig::unknown::0020,ctid,oilrig::unknown,"[""T1078"",""T1021"",""T1003"",""T1059"",""T1505""]",0.18154179253735267,0.0
F3_OSER_oracle,ctid::oilrig::unknown::0020,ctid,oilrig::unknown,"[""T1078"",""T1021"",""T1003"",""T1059"",""T1105""]",0.0,0.0
F4_LCB_RS_oracle,ctid::oilrig::unknown::0020,ctid,oilrig::unknown,"[""T1078"",""T1021"",""T1003"",""T1059"",""T1105""]",0.0,0.0
F5_LCTR5_oracle,ctid::oilrig::unknown::0020,ctid,oilrig::unknown,"[""T1078"",""T1021"",""T1003"",""T1059"",""T1105""]",0.0,0.0
F1_RR5_oracle,ctid::oilrig::unknown::0021,ctid,oilrig::unknown,"[""T1003"",""T1078"",""T1021"",""T1059"",""T1105""]",0.0,0.0
F2_C1R_oracle,ctid::oilrig::unknown::0021,ctid,oilrig::unknown,"[""T1003"",""T1078"",""T1021"",""T1059"",""T1105""]",0.0,0.0
F3_OSER_oracle,ctid::oilrig::unknown::0021,ctid,oilrig::unknown,"[""T1003"",""T1078"",""T1021"",""T1059"",""T1105""]",0.0,0.0
F4_LCB_RS_oracle,ctid::oilrig::unknown::0021,ctid,oilrig::unknown,"[""T1003"",""T1078"",""T1021"",""T1059"",""T1105""]",0.0,0.0
F5_LCTR5_oracle,ctid::oilrig::unknown::0021,ctid,oilrig::unknown,"[""T1003"",""T1078"",""T1021"",""T1059"",""T1105""]",0.0,0.0
F1_RR5_oracle,ctid::oilrig::unknown::0022,ctid,oilrig::unknown,"[""T1078"",""T1021"",""T1003"",""T1059"",""T1133""]",0.0,0.0
F2_C1R_oracle,ctid::oilrig::unknown::0022,ctid,oilrig::unknown,"[""T1078"",""T1021"",""T1003"",""T1059"",""T1133""]",0.0,0.0
F3_OSER_oracle,ctid::oilrig::unknown::0022,ctid,oilrig::unknown,"[""T1078"",""T1021"",""T1003"",""T1059"",""T1133""]",0.0,0.0
F4_LCB_RS_oracle,ctid::oilrig::unknown::0022,ctid,oilrig::unknown,"[""T1078"",""T1021"",""T1003"",""T1059"",""T1133""]",0.0,0.0
F5_LCTR5_oracle,ctid::oilrig::unknown::0022,ctid,oilrig::unknown,"[""T1078"",""T1021"",""T1003"",""T1059"",""T1133""]",0.0,0.0
F1_RR5_oracle,ctid::oilrig::unknown::0023,ctid,oilrig::unknown,"[""T1105"",""T1078"",""T1021"",""T1003"",""T1059""]",0.46927872602275644,0.20210734650054757
F2_C1R_oracle,ctid::oilrig::unknown::0023,ctid,oilrig::unknown,"[""T1078"",""T1021"",""T1003"",""T1105"",""T1016""]",0.38364913903790027,0.20210734650054757
F3_OSER_oracle,ctid::oilrig::unknown::0023,ctid,oilrig::unknown,"[""T1016"",""T1021"",""T1018"",""T1027"",""T1083""]",0.46927872602275644,0.20210734650054757
F4_LCB_RS_oracle,ctid::oilrig::unknown::0023,ctid,oilrig::unknown,"[""T1078"",""T1021"",""T1003"",""T1105"",""T1016""]",0.38364913903790027,0.20210734650054757
F5_LCTR5_oracle,ctid::oilrig::unknown::0023,ctid,oilrig::unknown,"[""T1078"",""T1021"",""T1003"",""T1105"",""T1059""]",0.20210734650054757,0.20210734650054757
F1_RR5_oracle,ctid::oilrig::unknown::0024,ctid,oilrig::unknown,"[""T1003"",""T1105"",""T1018"",""T1021"",""T1078""]",0.7653606369886217,0.41618115554873086
F2_C1R_oracle,ctid::oilrig::unknown::0024,ctid,oilrig::unknown,"[""T1018"",""T1021"",""T1003"",""T1078"",""T1105""]",0.41618115554873086,0.41618115554873086
F3_OSER_oracle,ctid::oilrig::unknown::0024,ctid,oilrig::unknown,"[""T1018"",""T1021"",""T1003"",""T1078"",""T1105""]",0.41618115554873086,0.41618115554873086
F4_LCB_RS_oracle,ctid::oilrig::unknown::0024,ctid,oilrig::unknown,"[""T1021"",""T1018"",""T1105"",""T1003"",""T1078""]",0.4367467095119258,0.41618115554873086
F5_LCTR5_oracle,ctid::oilrig::unknown::0024,ctid,oilrig::unknown,"[""T1018"",""T1021"",""T1003"",""T1078"",""T1105""]",0.41618115554873086,0.41618115554873086
F1_RR5_oracle,ctid::oilrig::unknown::0025,ctid,oilrig::unknown,"[""T1003"",""T1105"",""T1041"",""T1078"",""T1021""]",1.0,0.6797310500037655
F2_C1R_oracle,ctid::oilrig::unknown::0025,ctid,oilrig::unknown,"[""T1078"",""T1003"",""T1021"",""T1105"",""T1041""]",0.6797310500037655,0.6797310500037655
F3_OSER_oracle,ctid::oilrig::unknown::0025,ctid,oilrig::unknown,"[""T1078"",""T1003"",""T1021"",""T1105"",""T1041""]",0.6797310500037655,0.6797310500037655
F4_LCB_RS_oracle,ctid::oilrig::unknown::0025,ctid,oilrig::unknown,"[""T1105"",""T1021"",""T1041"",""T1003"",""T1078""]",0.9060254355346823,0.6797310500037655
F5_LCTR5_oracle,ctid::oilrig::unknown::0025,ctid,oilrig::unknown,"[""T1078"",""T1003"",""T1021"",""T1105"",""T1041""]",0.6797310500037655,0.6797310500037655
F1_RR5_oracle,ctid::oilrig::unknown::0026,ctid,oilrig::unknown,"[""T1003"",""T1078"",""T1021"",""T1059"",""T1105""]",0.46927872602275644,0.2960819109658652
F2_C1R_oracle,ctid::oilrig::unknown::0026,ctid,oilrig::unknown,"[""T1078"",""T1003"",""T1021"",""T1059"",""T1070""]",0.4776237035032179,0.2960819109658652
F3_OSER_oracle,ctid::oilrig::unknown::0026,ctid,oilrig::unknown,"[""T1078"",""T1003"",""T1021"",""T1059"",""T1105""]",0.2960819109658652,0.2960819109658652
F4_LCB_RS_oracle,ctid::oilrig::unknown::0026,ctid,oilrig::unknown,"[""T1078"",""T1003"",""T1021"",""T1059"",""T1070""]",0.4776237035032179,0.2960819109658652
F5_LCTR5_oracle,ctid::oilrig::unknown::0026,ctid,oilrig::unknown,"[""T1003"",""T1078"",""T1021"",""T1059"",""T1105""]",0.46927872602275644,0.2960819109658652
F1_RR5_oracle,ctid::oilrig::unknown::0027,ctid,oilrig::unknown,"[""T1105"",""T1078"",""T1021"",""T1003"",""T1059""]",0.46927872602275644,0.20210734650054757
F2_C1R_oracle,ctid::oilrig::unknown::0027,ctid,oilrig::unknown,"[""T1078"",""T1021"",""T1003"",""T1105"",""T1059""]",0.20210734650054757,0.20210734650054757
F3_OSER_oracle,ctid::oilrig::unknown::0027,ctid,oilrig::unknown,"[""T1021"",""T1105"",""T1018"",""T1078"",""T1005""]",0.2960819109658652,0.20210734650054757
F4_LCB_RS_oracle,ctid::oilrig::unknown::0027,ctid,oilrig::unknown,"[""T1021"",""T1105"",""T1078"",""T1059"",""T1003""]",0.2960819109658652,0.20210734650054757
F5_LCTR5_oracle,ctid::oilrig::unknown::0027,ctid,oilrig::unknown,"[""T1021"",""T1105"",""T1059"",""T1078"",""T1003""]",0.2960819109658652,0.20210734650054757
F1_RR5_oracle,ctid::oilrig::unknown::0028,ctid,oilrig::unknown,"[""T1105"",""T1078"",""T1021"",""T1003"",""T1041""]",0.46927872602275644,0.20210734650054757
F2_C1R_oracle,ctid::oilrig::unknown::0028,ctid,oilrig::unknown,"[""T1078"",""T1021"",""T1003"",""T1105"",""T1041""]",0.20210734650054757,0.20210734650054757
F3_OSER_oracle,ctid::oilrig::unknown::0028,ctid,oilrig::unknown,"[""T1105"",""T1021"",""T1018"",""T1016"",""T1518""]",0.46927872602275644,0.20210734650054757
F4_LCB_RS_oracle,ctid::oilrig::unknown::0028,ctid,oilrig::unknown,"[""T1105"",""T1021"",""T1041"",""T1003"",""T1078""]",0.46927872602275644,0.20210734650054757
F5_LCTR5_oracle,ctid::oilrig::unknown::0028,ctid,oilrig::unknown,"[""T1105"",""T1021"",""T1078"",""T1003"",""T1041""]",0.46927872602275644,0.20210734650054757
F1_RR5_oracle,ctid::oilrig::unknown::0029,ctid,oilrig::unknown,"[""T1021"",""T1105"",""T1003"",""T1078"",""T1041""]",0.7653606369886217,0.4367467095119258
F2_C1R_oracle,ctid::oilrig::unknown::0029,ctid,oilrig::unknown,"[""T1003"",""T1078"",""T1021"",""T1105"",""T1041""]",0.4367467095119258,0.4367467095119258
F3_OSER_oracle,ctid::oilrig::unknown::0029,ctid,oilrig::unknown,"[""T1003"",""T1078"",""T1021"",""T1105"",""T1041""]",0.4367467095119258,0.4367467095119258
F4_LCB_RS_oracle,ctid::oilrig::unknown::0029,ctid,oilrig::unknown,"[""T1105"",""T1041"",""T1078"",""T1021"",""T1003""]",0.6713860725233041,0.4367467095119258
F5_LCTR5_oracle,ctid::oilrig::unknown::0029,ctid,oilrig::unknown,"[""T1003"",""T1078"",""T1021"",""T1105"",""T1041""]",0.4367467095119258,0.4367467095119258
F1_RR5_oracle,ctid::oilrig::unknown::0030,ctid,oilrig::unknown,"[""T1021"",""T1105"",""T1078"",""T1003"",""T1041""]",0.7653606369886217,0.6713860725233041
F2_C1R_oracle,ctid::oilrig::unknown::0030,ctid,oilrig::unknown,"[""T1021"",""T1078"",""T1003"",""T1105"",""T1041""]",0.6713860725233041,0.6713860725233041
F3_OSER_oracle,ctid::oilrig::unknown::0030,ctid,oilrig::unknown,"[""T1105"",""T1059"",""T1021"",""T1070"",""T1027""]",0.7039180890341347,0.6713860725233041
F4_LCB_RS_oracle,ctid::oilrig::unknown::0030,ctid,oilrig::unknown,"[""T1105"",""T1021"",""T1003"",""T1078"",""T1041""]",0.7653606369886217,0.6713860725233041
F5_LCTR5_oracle,ctid::oilrig::unknown::0030,ctid,oilrig::unknown,"[""T1021"",""T1105"",""T1078"",""T1003"",""T1041""]",0.7653606369886217,0.6713860725233041
F1_RR5_oracle,ctid::oilrig::unknown::0031,ctid,oilrig::unknown,"[""T1021"",""T1105"",""T1078"",""T1003"",""T1041""]",0.7653606369886217,0.6713860725233041
F2_C1R_oracle,ctid::oilrig::unknown::0031,ctid,oilrig::unknown,"[""T1021"",""T1078"",""T1003"",""T1105"",""T1041""]",0.6713860725233041,0.6713860725233041
F3_OSER_oracle,ctid::oilrig::unknown::0031,ctid,oilrig::unknown,"[""T1021"",""T1078"",""T1003"",""T1105"",""T1041""]",0.6713860725233041,0.6713860725233041
F4_LCB_RS_oracle,ctid::oilrig::unknown::0031,ctid,oilrig::unknown,"[""T1105"",""T1021"",""T1041"",""T1003"",""T1078""]",0.7653606369886217,0.6713860725233041
F5_LCTR5_oracle,ctid::oilrig::unknown::0031,ctid,oilrig::unknown,"[""T1021"",""T1078"",""T1003"",""T1105"",""T1041""]",0.6713860725233041,0.6713860725233041
F1_RR5_oracle,ctid::oilrig::unknown::0032,ctid,oilrig::unknown,"[""T1105"",""T1021"",""T1078"",""T1003"",""T1059""]",0.46927872602275644,0.20210734650054757
F2_C1R_oracle,ctid::oilrig::unknown::0032,ctid,oilrig::unknown,"[""T1021"",""T1078"",""T1003"",""T1105"",""T1059""]",0.20210734650054757,0.20210734650054757
F3_OSER_oracle,ctid::oilrig::unknown::0032,ctid,oilrig::unknown,"[""T1021"",""T1105"",""T1041"",""T1560"",""T1005""]",0.2960819109658652,0.20210734650054757
F4_LCB_RS_oracle,ctid::oilrig::unknown::0032,ctid,oilrig::unknown,"[""T1021"",""T1105"",""T1078"",""T1003"",""T1059""]",0.2960819109658652,0.20210734650054757
F5_LCTR5_oracle,ctid::oilrig::unknown::0032,ctid,oilrig::unknown,"[""T1021"",""T1078"",""T1003"",""T1105"",""T1059""]",0.20210734650054757,0.20210734650054757
F1_RR5_oracle,ctid::oilrig::unknown::0033,ctid,oilrig::unknown,"[""T1021"",""T1003"",""T1105"",""T1078"",""T1059""]",0.0,0.0
F2_C1R_oracle,ctid::oilrig::unknown::0033,ctid,oilrig::unknown,"[""T1021"",""T1003"",""T1105"",""T1078"",""T1059""]",0.0,0.0
F3_OSER_oracle,ctid::oilrig::unknown::0033,ctid,oilrig::unknown,"[""T1021"",""T1003"",""T1105"",""T1078"",""T1059""]",0.0,0.0
F4_LCB_RS_oracle,ctid::oilrig::unknown::0033,ctid,oilrig::unknown,"[""T1021"",""T1003"",""T1105"",""T1078"",""T1059""]",0.0,0.0
F5_LCTR5_oracle,ctid::oilrig::unknown::0033,ctid,oilrig::unknown,"[""T1021"",""T1003"",""T1105"",""T1078"",""T1059""]",0.0,0.0
F1_RR5_oracle,ctid::oilrig::unknown::0035,ctid,oilrig::unknown,"[""T1021"",""T1105"",""T1003"",""T1078"",""T1041""]",0.0,0.0
F2_C1R_oracle,ctid::oilrig::unknown::0035,ctid,oilrig::unknown,"[""T1021"",""T1105"",""T1003"",""T1078"",""T1070""]",0.23719771276929622,0.0
F3_OSER_oracle,ctid::oilrig::unknown::0035,ctid,oilrig::unknown,"[""T1070"",""T1016"",""T1518"",""T1486"",""T1491""]",0.6131471927654584,0.0
F4_LCB_RS_oracle,ctid::oilrig::unknown::0035,ctid,oilrig::unknown,"[""T1021"",""T1105"",""T1003"",""T1078"",""T1070""]",0.23719771276929622,0.0
F5_LCTR5_oracle,ctid::oilrig::unknown::0035,ctid,oilrig::unknown,"[""T1021"",""T1105"",""T1003"",""T1078"",""T1041""]",0.0,0.0
F1_RR5_oracle,ctid::oilrig::unknown::0036,ctid,oilrig::unknown,"[""T1003"",""T1021"",""T1105"",""T1048"",""T1078""]",0.0,0.0
F2_C1R_oracle,ctid::oilrig::unknown::0036,ctid,oilrig::unknown,"[""T1003"",""T1021"",""T1105"",""T1048"",""T1070""]",0.38685280723454163,0.0
F3_OSER_oracle,ctid::oilrig::unknown::0036,ctid,oilrig::unknown,"[""T1070"",""T1090"",""T1059"",""T1105"",""T1021""]",1.0,0.0
F4_LCB_RS_oracle,ctid::oilrig::unknown::0036,ctid,oilrig::unknown,"[""T1003"",""T1021"",""T1105"",""T1048"",""T1070""]",0.38685280723454163,0.0
F5_LCTR5_oracle,ctid::oilrig::unknown::0036,ctid,oilrig::unknown,"[""T1003"",""T1021"",""T1105"",""T1048"",""T1078""]",0.0,0.0
F1_RR5_oracle,ctid::sandworm::unknown::0001,ctid,sandworm::unknown,"[""T1078"",""T1059"",""T1021"",""T1003"",""T1105""]",0.0,0.0
F2_C1R_oracle,ctid::sandworm::unknown::0001,ctid,sandworm::unknown,"[""T1078"",""T1059"",""T1021"",""T1003"",""T1505""]",0.18154179253735267,0.0
F3_OSER_oracle,ctid::sandworm::unknown::0001,ctid,sandworm::unknown,"[""T1078"",""T1059"",""T1021"",""T1003"",""T1105""]",0.0,0.0
F4_LCB_RS_oracle,ctid::sandworm::unknown::0001,ctid,sandworm::unknown,"[""T1078"",""T1059"",""T1021"",""T1003"",""T1105""]",0.0,0.0
F5_LCTR5_oracle,ctid::sandworm::unknown::0001,ctid,sandworm::unknown,"[""T1078"",""T1059"",""T1021"",""T1003"",""T1105""]",0.0,0.0
F1_RR5_oracle,ctid::sandworm::unknown::0002,ctid,sandworm::unknown,"[""T1059"",""T1078"",""T1021"",""T1003"",""T1105""]",0.0,0.0
F2_C1R_oracle,ctid::sandworm::unknown::0002,ctid,sandworm::unknown,"[""T1059"",""T1078"",""T1021"",""T1003"",""T1105""]",0.0,0.0
F3_OSER_oracle,ctid::sandworm::unknown::0002,ctid,sandworm::unknown,"[""T1059"",""T1078"",""T1021"",""T1003"",""T1105""]",0.0,0.0
F4_LCB_RS_oracle,ctid::sandworm::unknown::0002,ctid,sandworm::unknown,"[""T1059"",""T1078"",""T1021"",""T1003"",""T1105""]",0.0,0.0
F5_LCTR5_oracle,ctid::sandworm::unknown::0002,ctid,sandworm::unknown,"[""T1059"",""T1078"",""T1021"",""T1003"",""T1105""]",0.0,0.0
F1_RR5_oracle,ctid::sandworm::unknown::0003,ctid,sandworm::unknown,"[""T1082"",""T1059"",""T1016"",""T1046"",""T1021""]",0.46927872602275644,0.2960819109658652
F2_C1R_oracle,ctid::sandworm::unknown::0003,ctid,sandworm::unknown,"[""T1059"",""T1082"",""T1016"",""T1046"",""T1083""]",0.4776237035032179,0.2960819109658652
F3_OSER_oracle,ctid::sandworm::unknown::0003,ctid,sandworm::unknown,"[""T1059"",""T1082"",""T1016"",""T1046"",""T1021""]",0.2960819109658652,0.2960819109658652
F4_LCB_RS_oracle,ctid::sandworm::unknown::0003,ctid,sandworm::unknown,"[""T1059"",""T1082"",""T1016"",""T1046"",""T1021""]",0.2960819109658652,0.2960819109658652
F5_LCTR5_oracle,ctid::sandworm::unknown::0003,ctid,sandworm::unknown,"[""T1059"",""T1082"",""T1016"",""T1046"",""T1021""]",0.2960819109658652,0.2960819109658652
F1_RR5_oracle,ctid::sandworm::unknown::0004,ctid,sandworm::unknown,"[""T1083"",""T1059"",""T1016"",""T1046"",""T1005""]",0.46927872602275644,0.2960819109658652
F2_C1R_oracle,ctid::sandworm::unknown::0004,ctid,sandworm::unknown,"[""T1059"",""T1083"",""T1016"",""T1046"",""T1105""]",0.4776237035032179,0.2960819109658652
F3_OSER_oracle,ctid::sandworm::unknown::0004,ctid,sandworm::unknown,"[""T1105"",""T1018"",""T1041"",""T1564"",""T1070""]",0.46927872602275644,0.2960819109658652
F4_LCB_RS_oracle,ctid::sandworm::unknown::0004,ctid,sandworm::unknown,"[""T1059"",""T1083"",""T1016"",""T1046"",""T1105""]",0.4776237035032179,0.2960819109658652
F5_LCTR5_oracle,ctid::sandworm::unknown::0004,ctid,sandworm::unknown,"[""T1059"",""T1083"",""T1016"",""T1046"",""T1005""]",0.2960819109658652,0.2960819109658652
F1_RR5_oracle,ctid::sandworm::unknown::0005,ctid,sandworm::unknown,"[""T1059"",""T1082"",""T1005"",""T1021"",""T1078""]",0.0,0.0
F2_C1R_oracle,ctid::sandworm::unknown::0005,ctid,sandworm::unknown,"[""T1059"",""T1082"",""T1005"",""T1021"",""T1105""]",0.18154179253735267,0.0
F3_OSER_oracle,ctid::sandworm::unknown::0005,ctid,sandworm::unknown,"[""T1016"",""T1518"",""T1486"",""T1491"",""T1105""]",0.18154179253735267,0.0
F4_LCB_RS_oracle,ctid::sandworm::unknown::0005,ctid,sandworm::unknown,"[""T1059"",""T1082"",""T1005"",""T1021"",""T1078""]",0.0,0.0
F5_LCTR5_oracle,ctid::sandworm::unknown::0005,ctid,sandworm::unknown,"[""T1059"",""T1082"",""T1005"",""T1021"",""T1078""]",0.0,0.0
F1_RR5_oracle,ctid::sandworm::unknown::0006,ctid,sandworm::unknown,"[""T1078"",""T1021"",""T1059"",""T1005"",""T1547""]",0.0,0.0
F2_C1R_oracle,ctid::sandworm::unknown::0006,ctid,sandworm::unknown,"[""T1078"",""T1021"",""T1059"",""T1005"",""T1105""]",0.18154179253735267,0.0
F3_OSER_oracle,ctid::sandworm::unknown::0006,ctid,sandworm::unknown,"[""T1021"",""T1105"",""T1018"",""T1078"",""T1005""]",0.2960819109658652,0.0
F4_LCB_RS_oracle,ctid::sandworm::unknown::0006,ctid,sandworm::unknown,"[""T1078"",""T1021"",""T1059"",""T1005"",""T1105""]",0.18154179253735267,0.0
F5_LCTR5_oracle,ctid::sandworm::unknown::0006,ctid,sandworm::unknown,"[""T1078"",""T1021"",""T1059"",""T1005"",""T1547""]",0.0,0.0
F1_RR5_oracle,ctid::sandworm::unknown::0007,ctid,sandworm::unknown,"[""T1543"",""T1078"",""T1021"",""T1059"",""T1105""]",0.46927872602275644,0.20210734650054757
F2_C1R_oracle,ctid::sandworm::unknown::0007,ctid,sandworm::unknown,"[""T1078"",""T1021"",""T1059"",""T1543"",""T1105""]",0.20210734650054757,0.20210734650054757
F3_OSER_oracle,ctid::sandworm::unknown::0007,ctid,sandworm::unknown,"[""T1078"",""T1021"",""T1059"",""T1543"",""T1105""]",0.20210734650054757,0.20210734650054757
F4_LCB_RS_oracle,ctid::sandworm::unknown::0007,ctid,sandworm::unknown,"[""T1078"",""T1021"",""T1059"",""T1543"",""T1105""]",0.20210734650054757,0.20210734650054757
F5_LCTR5_oracle,ctid::sandworm::unknown::0007,ctid,sandworm::unknown,"[""T1543"",""T1105"",""T1059"",""T1078"",""T1021""]",0.46927872602275644,0.20210734650054757
F1_RR5_oracle,ctid::sandworm::unknown::0008,ctid,sandworm::unknown,"[""T1543"",""T1021"",""T1078"",""T1059"",""T1005""]",0.46927872602275644,0.18154179253735267
F2_C1R_oracle,ctid::sandworm::unknown::0008,ctid,sandworm::unknown,"[""T1021"",""T1078"",""T1059"",""T1005"",""T1543""]",0.18154179253735267,0.18154179253735267
F3_OSER_oracle,ctid::sandworm::unknown::0008,ctid,sandworm::unknown,"[""T1021"",""T1078"",""T1059"",""T1005"",""T1543""]",0.18154179253735267,0.18154179253735267
F4_LCB_RS_oracle,ctid::sandworm::unknown::0008,ctid,sandworm::unknown,"[""T1021"",""T1078"",""T1059"",""T1005"",""T1543""]",0.18154179253735267,0.18154179253735267
F5_LCTR5_oracle,ctid::sandworm::unknown::0008,ctid,sandworm::unknown,"[""T1021"",""T1078"",""T1059"",""T1005"",""T1543""]",0.18154179253735267,0.18154179253735267
F1_RR5_oracle,ctid::sandworm::unknown::0009,ctid,sandworm::unknown,"[""T1543"",""T1021"",""T1078"",""T1005"",""T1059""]",0.46927872602275644,0.18154179253735267
F2_C1R_oracle,ctid::sandworm::unknown::0009,ctid,sandworm::unknown,"[""T1021"",""T1078"",""T1005"",""T1059"",""T1543""]",0.18154179253735267,0.18154179253735267
F3_OSER_oracle,ctid::sandworm::unknown::0009,ctid,sandworm::unknown,"[""T1021"",""T1078"",""T1005"",""T1059"",""T1543""]",0.18154179253735267,0.18154179253735267
F4_LCB_RS_oracle,ctid::sandworm::unknown::0009,ctid,sandworm::unknown,"[""T1021"",""T1078"",""T1005"",""T1059"",""T1543""]",0.18154179253735267,0.18154179253735267
F5_LCTR5_oracle,ctid::sandworm::unknown::0009,ctid,sandworm::unknown,"[""T1021"",""T1078"",""T1005"",""T1059"",""T1543""]",0.18154179253735267,0.18154179253735267
F1_RR5_oracle,ctid::sandworm::unknown::0011,ctid,sandworm::unknown,"[""T1021"",""T1059"",""T1078"",""T1105"",""T1003""]",0.46927872602275644,0.2960819109658652
F2_C1R_oracle,ctid::sandworm::unknown::0011,ctid,sandworm::unknown,"[""T1059"",""T1021"",""T1078"",""T1105"",""T1003""]",0.2960819109658652,0.2960819109658652
F3_OSER_oracle,ctid::sandworm::unknown::0011,ctid,sandworm::unknown,"[""T1021"",""T1105"",""T1018"",""T1078"",""T1005""]",0.46927872602275644,0.2960819109658652
F4_LCB_RS_oracle,ctid::sandworm::unknown::0011,ctid,sandworm::unknown,"[""T1021"",""T1105"",""T1078"",""T1059"",""T1003""]",0.46927872602275644,0.2960819109658652
F5_LCTR5_oracle,ctid::sandworm::unknown::0011,ctid,sandworm::unknown,"[""T1021"",""T1078"",""T1059"",""T1003"",""T1105""]",0.46927872602275644,0.2960819109658652
F1_RR5_oracle,ctid::sandworm::unknown::0012,ctid,sandworm::unknown,"[""T1021"",""T1059"",""T1078"",""T1005"",""T1046""]",0.46927872602275644,0.2960819109658652
F2_C1R_oracle,ctid::sandworm::unknown::0012,ctid,sandworm::unknown,"[""T1059"",""T1021"",""T1078"",""T1005"",""T1046""]",0.2960819109658652,0.2960819109658652
F3_OSER_oracle,ctid::sandworm::unknown::0012,ctid,sandworm::unknown,"[""T1059"",""T1021"",""T1078"",""T1005"",""T1046""]",0.2960819109658652,0.2960819109658652
F4_LCB_RS_oracle,ctid::sandworm::unknown::0012,ctid,sandworm::unknown,"[""T1021"",""T1005"",""T1059"",""T1078"",""T1046""]",0.46927872602275644,0.2960819109658652
F5_LCTR5_oracle,ctid::sandworm::unknown::0012,ctid,sandworm::unknown,"[""T1059"",""T1021"",""T1078"",""T1005"",""T1046""]",0.2960819109658652,0.2960819109658652
F1_RR5_oracle,ctid::sandworm::unknown::0013,ctid,sandworm::unknown,"[""T1021"",""T1003"",""T1552"",""T1059"",""T1078""]",0.0,0.0
F2_C1R_oracle,ctid::sandworm::unknown::0013,ctid,sandworm::unknown,"[""T1021"",""T1003"",""T1552"",""T1059"",""T1078""]",0.0,0.0
F3_OSER_oracle,ctid::sandworm::unknown::0013,ctid,sandworm::unknown,"[""T1021"",""T1003"",""T1552"",""T1059"",""T1078""]",0.0,0.0
F4_LCB_RS_oracle,ctid::sandworm::unknown::0013,ctid,sandworm::unknown,"[""T1021"",""T1003"",""T1552"",""T1059"",""T1078""]",0.0,0.0
F5_LCTR5_oracle,ctid::sandworm::unknown::0013,ctid,sandworm::unknown,"[""T1021"",""T1003"",""T1552"",""T1059"",""T1078""]",0.0,0.0
F1_RR5_oracle,ctid::sandworm::unknown::0014,ctid,sandworm::unknown,"[""T1021"",""T1548"",""T1053"",""T1552"",""T1482""]",0.0,0.0
F2_C1R_oracle,ctid::sandworm::unknown::0014,ctid,sandworm::unknown,"[""T1021"",""T1548"",""T1053"",""T1552"",""T1482""]",0.0,0.0
F3_OSER_oracle,ctid::sandworm::unknown::0014,ctid,sandworm::unknown,"[""T1021"",""T1548"",""T1053"",""T1552"",""T1482""]",0.0,0.0
F4_LCB_RS_oracle,ctid::sandworm::unknown::0014,ctid,sandworm::unknown,"[""T1021"",""T1548"",""T1053"",""T1552"",""T1482""]",0.0,0.0
F5_LCTR5_oracle,ctid::sandworm::unknown::0014,ctid,sandworm::unknown,"[""T1021"",""T1548"",""T1053"",""T1552"",""T1482""]",0.0,0.0
F1_RR5_oracle,ctid::sandworm::unknown::0015,ctid,sandworm::unknown,"[""T1021"",""T1003"",""T1552"",""T1547"",""T1053""]",0.0,0.0
F2_C1R_oracle,ctid::sandworm::unknown::0015,ctid,sandworm::unknown,"[""T1021"",""T1003"",""T1552"",""T1547"",""T1053""]",0.0,0.0
F3_OSER_oracle,ctid::sandworm::unknown::0015,ctid,sandworm::unknown,"[""T1021"",""T1003"",""T1552"",""T1547"",""T1053""]",0.0,0.0
F4_LCB_RS_oracle,ctid::sandworm::unknown::0015,ctid,sandworm::unknown,"[""T1021"",""T1003"",""T1552"",""T1547"",""T1053""]",0.0,0.0
F5_LCTR5_oracle,ctid::sandworm::unknown::0015,ctid,sandworm::unknown,"[""T1021"",""T1003"",""T1552"",""T1547"",""T1053""]",0.0,0.0
F1_RR5_oracle,ctid::sandworm::unknown::0016,ctid,sandworm::unknown,"[""T1021"",""T1547"",""T1053"",""T1003"",""T1552""]",0.0,0.0
F2_C1R_oracle,ctid::sandworm::unknown::0016,ctid,sandworm::unknown,"[""T1021"",""T1547"",""T1053"",""T1003"",""T1083""]",0.18154179253735267,0.0
F3_OSER_oracle,ctid::sandworm::unknown::0016,ctid,sandworm::unknown,"[""T1016"",""T1021"",""T1018"",""T1083"",""T1087""]",0.20210734650054757,0.0
F4_LCB_RS_oracle,ctid::sandworm::unknown::0016,ctid,sandworm::unknown,"[""T1021"",""T1547"",""T1053"",""T1003"",""T1552""]",0.0,0.0
F5_LCTR5_oracle,ctid::sandworm::unknown::0016,ctid,sandworm::unknown,"[""T1021"",""T1547"",""T1053"",""T1003"",""T1552""]",0.0,0.0
F1_RR5_oracle,ctid::sandworm::unknown::0017,ctid,sandworm::unknown,"[""T1021"",""T1003"",""T1552"",""T1059"",""T1078""]",0.0,0.0
F2_C1R_oracle,ctid::sandworm::unknown::0017,ctid,sandworm::unknown,"[""T1021"",""T1003"",""T1552"",""T1059"",""T1105""]",0.18154179253735267,0.0
F3_OSER_oracle,ctid::sandworm::unknown::0017,ctid,sandworm::unknown,"[""T1105"",""T1018"",""T1041"",""T1564"",""T1070""]",0.46927872602275644,0.0
F4_LCB_RS_oracle,ctid::sandworm::unknown::0017,ctid,sandworm::unknown,"[""T1021"",""T1003"",""T1552"",""T1059"",""T1105""]",0.18154179253735267,0.0
F5_LCTR5_oracle,ctid::sandworm::unknown::0017,ctid,sandworm::unknown,"[""T1021"",""T1003"",""T1552"",""T1059"",""T1078""]",0.0,0.0
F1_RR5_oracle,ctid::sandworm::unknown::0018,ctid,sandworm::unknown,"[""T1021"",""T1003"",""T1552"",""T1059"",""T1078""]",0.0,0.0
F2_C1R_oracle,ctid::sandworm::unknown::0018,ctid,sandworm::unknown,"[""T1021"",""T1003"",""T1552"",""T1059"",""T1105""]",0.18154179253735267,0.0
F3_OSER_oracle,ctid::sandworm::unknown::0018,ctid,sandworm::unknown,"[""T1016"",""T1518"",""T1486"",""T1491"",""T1105""]",0.18154179253735267,0.0
F4_LCB_RS_oracle,ctid::sandworm::unknown::0018,ctid,sandworm::unknown,"[""T1021"",""T1003"",""T1552"",""T1059"",""T1078""]",0.0,0.0
F5_LCTR5_oracle,ctid::sandworm::unknown::0018,ctid,sandworm::unknown,"[""T1021"",""T1003"",""T1552"",""T1059"",""T1078""]",0.0,0.0
F1_RR5_oracle,ctid::sandworm::unknown::0019,ctid,sandworm::unknown,"[""T1021"",""T1003"",""T1552"",""T1059"",""T1078""]",0.0,0.0
F2_C1R_oracle,ctid::sandworm::unknown::0019,ctid,sandworm::unknown,"[""T1021"",""T1003"",""T1552"",""T1059"",""T1105""]",0.23719771276929622,0.0
F3_OSER_oracle,ctid::sandworm::unknown::0019,ctid,sandworm::unknown,"[""T1105"",""T1021"",""T1018"",""T1041"",""T1560""]",0.6131471927654584,0.0
F4_LCB_RS_oracle,ctid::sandworm::unknown::0019,ctid,sandworm::unknown,"[""T1021"",""T1003"",""T1552"",""T1059"",""T1105""]",0.23719771276929622,0.0
F5_LCTR5_oracle,ctid::sandworm::unknown::0019,ctid,sandworm::unknown,"[""T1021"",""T1003"",""T1552"",""T1059"",""T1078""]",0.0,0.0
F1_RR5_oracle,ctid::sandworm::unknown::0020,ctid,sandworm::unknown,"[""T1105"",""T1059"",""T1078"",""T1021"",""T1003""]",0.46927872602275644,0.18154179253735267
F2_C1R_oracle,ctid::sandworm::unknown::0020,ctid,sandworm::unknown,"[""T1059"",""T1078"",""T1021"",""T1003"",""T1105""]",0.18154179253735267,0.18154179253735267
F3_OSER_oracle,ctid::sandworm::unknown::0020,ctid,sandworm::unknown,"[""T1105"",""T1059"",""T1021"",""T1070"",""T1027""]",0.46927872602275644,0.18154179253735267
F4_LCB_RS_oracle,ctid::sandworm::unknown::0020,ctid,sandworm::unknown,"[""T1105"",""T1059"",""T1021"",""T1003"",""T1078""]",0.46927872602275644,0.18154179253735267
F5_LCTR5_oracle,ctid::sandworm::unknown::0020,ctid,sandworm::unknown,"[""T1059"",""T1105"",""T1003"",""T1021"",""T1078""]",0.2960819109658652,0.18154179253735267
F1_RR5_oracle,ctid::sandworm::unknown::0021,ctid,sandworm::unknown,"[""T1555"",""T1003"",""T1021"",""T1547"",""T1059""]",0.0,0.0
F2_C1R_oracle,ctid::sandworm::unknown::0021,ctid,sandworm::unknown,"[""T1555"",""T1003"",""T1021"",""T1547"",""T1041""]",0.18154179253735267,0.0
F3_OSER_oracle,ctid::sandworm::unknown::0021,ctid,sandworm::unknown,"[""T1021"",""T1001"",""T1105"",""T1018"",""T1041""]",0.41618115554873086,0.0
F4_LCB_RS_oracle,ctid::sandworm::unknown::0021,ctid,sandworm::unknown,"[""T1555"",""T1003"",""T1021"",""T1547"",""T1059""]",0.0,0.0
F5_LCTR5_oracle,ctid::sandworm::unknown::0021,ctid,sandworm::unknown,"[""T1555"",""T1003"",""T1021"",""T1547"",""T1059""]",0.0,0.0
F1_RR5_oracle,ctid::sandworm::unknown::0022,ctid,sandworm::unknown,"[""T1059"",""T1078"",""T1021"",""T1003"",""T1105""]",0.0,0.0
F2_C1R_oracle,ctid::sandworm::unknown::0022,ctid,sandworm::unknown,"[""T1059"",""T1078"",""T1021"",""T1003"",""T1105""]",0.0,0.0
F3_OSER_oracle,ctid::sandworm::unknown::0022,ctid,sandworm::unknown,"[""T1059"",""T1078"",""T1021"",""T1003"",""T1105""]",0.0,0.0
F4_LCB_RS_oracle,ctid::sandworm::unknown::0022,ctid,sandworm::unknown,"[""T1059"",""T1078"",""T1021"",""T1003"",""T1105""]",0.0,0.0
F5_LCTR5_oracle,ctid::sandworm::unknown::0022,ctid,sandworm::unknown,"[""T1059"",""T1078"",""T1021"",""T1003"",""T1105""]",0.0,0.0
F1_RR5_oracle,ctid::sandworm::unknown::0023,ctid,sandworm::unknown,"[""T1056"",""T1003"",""T1021"",""T1555"",""T1547""]",0.46927872602275644,0.20210734650054757
F2_C1R_oracle,ctid::sandworm::unknown::0023,ctid,sandworm::unknown,"[""T1003"",""T1021"",""T1555"",""T1056"",""T1547""]",0.20210734650054757,0.20210734650054757
F3_OSER_oracle,ctid::sandworm::unknown::0023,ctid,sandworm::unknown,"[""T1003"",""T1021"",""T1555"",""T1056"",""T1547""]",0.20210734650054757,0.20210734650054757
F4_LCB_RS_oracle,ctid::sandworm::unknown::0023,ctid,sandworm::unknown,"[""T1021"",""T1003"",""T1056"",""T1555"",""T1547""]",0.23463936301137822,0.20210734650054757
F5_LCTR5_oracle,ctid::sandworm::unknown::0023,ctid,sandworm::unknown,"[""T1056"",""T1003"",""T1021"",""T1555"",""T1547""]",0.46927872602275644,0.20210734650054757
F1_RR5_oracle,ctid::sandworm::unknown::0024,ctid,sandworm::unknown,"[""T1021"",""T1003"",""T1105"",""T1059"",""T1482""]",0.0,0.0
F2_C1R_oracle,ctid::sandworm::unknown::0024,ctid,sandworm::unknown,"[""T1021"",""T1003"",""T1105"",""T1059"",""T1018""]",0.18154179253735267,0.0
F3_OSER_oracle,ctid::sandworm::unknown::0024,ctid,sandworm::unknown,"[""T1105"",""T1021"",""T1018"",""T1016"",""T1518""]",0.23463936301137822,0.0
F4_LCB_RS_oracle,ctid::sandworm::unknown::0024,ctid,sandworm::unknown,"[""T1021"",""T1003"",""T1105"",""T1059"",""T1018""]",0.18154179253735267,0.0
F5_LCTR5_oracle,ctid::sandworm::unknown::0024,ctid,sandworm::unknown,"[""T1021"",""T1003"",""T1105"",""T1059"",""T1482""]",0.0,0.0
F1_RR5_oracle,ctid::sandworm::unknown::0025,ctid,sandworm::unknown,"[""T1021"",""T1003"",""T1552"",""T1105"",""T1056""]",0.46927872602275644,0.23463936301137822
F2_C1R_oracle,ctid::sandworm::unknown::0025,ctid,sandworm::unknown,"[""T1003"",""T1552"",""T1021"",""T1105"",""T1056""]",0.23463936301137822,0.23463936301137822
F3_OSER_oracle,ctid::sandworm::unknown::0025,ctid,sandworm::unknown,"[""T1021"",""T1003"",""T1560"",""T1090"",""T1068""]",0.46927872602275644,0.23463936301137822
F4_LCB_RS_oracle,ctid::sandworm::unknown::0025,ctid,sandworm::unknown,"[""T1021"",""T1003"",""T1056"",""T1105"",""T1552""]",0.46927872602275644,0.23463936301137822
F5_LCTR5_oracle,ctid::sandworm::unknown::0025,ctid,sandworm::unknown,"[""T1003"",""T1552"",""T1021"",""T1105"",""T1056""]",0.23463936301137822,0.23463936301137822
F1_RR5_oracle,ctid::sandworm::unknown::0026,ctid,sandworm::unknown,"[""T1021"",""T1059"",""T1078"",""T1003"",""T1486""]",0.46927872602275644,0.23463936301137822
F2_C1R_oracle,ctid::sandworm::unknown::0026,ctid,sandworm::unknown,"[""T1059"",""T1078"",""T1021"",""T1003"",""T1105""]",0.41618115554873086,0.23463936301137822
F3_OSER_oracle,ctid::sandworm::unknown::0026,ctid,sandworm::unknown,"[""T1021"",""T1018"",""T1135"",""T1570"",""T1105""]",0.6508205185601091,0.23463936301137822
F4_LCB_RS_oracle,ctid::sandworm::unknown::0026,ctid,sandworm::unknown,"[""T1021"",""T1003"",""T1059"",""T1078"",""T1486""]",0.46927872602275644,0.23463936301137822
F5_LCTR5_oracle,ctid::sandworm::unknown::0026,ctid,sandworm::unknown,"[""T1021"",""T1059"",""T1078"",""T1003"",""T1486""]",0.46927872602275644,0.23463936301137822
F1_RR5_oracle,ctid::sandworm::unknown::0027,ctid,sandworm::unknown,"[""T1021"",""T1105"",""T1003"",""T1059"",""T1070""]",1.0,0.9197207891481876
F2_C1R_oracle,ctid::sandworm::unknown::0027,ctid,sandworm::unknown,"[""T1021"",""T1003"",""T1105"",""T1059"",""T1070""]",0.9197207891481876,0.9197207891481876
F3_OSER_oracle,ctid::sandworm::unknown::0027,ctid,sandworm::unknown,"[""T1021"",""T1003"",""T1105"",""T1059"",""T1070""]",0.9197207891481876,0.9197207891481876
F4_LCB_RS_oracle,ctid::sandworm::unknown::0027,ctid,sandworm::unknown,"[""T1021"",""T1003"",""T1105"",""T1059"",""T1070""]",0.9197207891481876,0.9197207891481876
F5_LCTR5_oracle,ctid::sandworm::unknown::0027,ctid,sandworm::unknown,"[""T1021"",""T1105"",""T1003"",""T1059"",""T1070""]",1.0,0.9197207891481876
F1_RR5_oracle,ctid::sandworm::unknown::0028,ctid,sandworm::unknown,"[""T1021"",""T1105"",""T1003"",""T1070"",""T1486""]",1.0,0.9197207891481876
F2_C1R_oracle,ctid::sandworm::unknown::0028,ctid,sandworm::unknown,"[""T1021"",""T1003"",""T1105"",""T1070"",""T1486""]",0.9197207891481876,0.9197207891481876
F3_OSER_oracle,ctid::sandworm::unknown::0028,ctid,sandworm::unknown,"[""T1021"",""T1105"",""T1041"",""T1560"",""T1005""]",1.0,0.9197207891481876
F4_LCB_RS_oracle,ctid::sandworm::unknown::0028,ctid,sandworm::unknown,"[""T1021"",""T1105"",""T1070"",""T1003"",""T1486""]",1.0,0.9197207891481876
F5_LCTR5_oracle,ctid::sandworm::unknown::0028,ctid,sandworm::unknown,"[""T1021"",""T1105"",""T1070"",""T1003"",""T1486""]",1.0,0.9197207891481876
F1_RR5_oracle,ctid::sandworm::unknown::0029,ctid,sandworm::unknown,"[""T1021"",""T1105"",""T1486"",""T1003"",""T1070""]",1.0,0.8854598815714874
F2_C1R_oracle,ctid::sandworm::unknown::0029,ctid,sandworm::unknown,"[""T1021"",""T1003"",""T1105"",""T1070"",""T1486""]",0.8854598815714874,0.8854598815714874
F3_OSER_oracle,ctid::sandworm::unknown::0029,ctid,sandworm::unknown,"[""T1021"",""T1003"",""T1105"",""T1070"",""T1486""]",0.8854598815714874,0.8854598815714874
F4_LCB_RS_oracle,ctid::sandworm::unknown::0029,ctid,sandworm::unknown,"[""T1105"",""T1486"",""T1021"",""T1003"",""T1070""]",1.0,0.8854598815714874
F5_LCTR5_oracle,ctid::sandworm::unknown::0029,ctid,sandworm::unknown,"[""T1021"",""T1003"",""T1105"",""T1070"",""T1486""]",0.8854598815714874,0.8854598815714874
F1_RR5_oracle,ctid::sandworm::unknown::0030,ctid,sandworm::unknown,"[""T1021"",""T1105"",""T1486"",""T1003"",""T1059""]",1.0,0.8854598815714874
F2_C1R_oracle,ctid::sandworm::unknown::0030,ctid,sandworm::unknown,"[""T1021"",""T1003"",""T1105"",""T1059"",""T1486""]",0.8854598815714874,0.8854598815714874
F3_OSER_oracle,ctid::sandworm::unknown::0030,ctid,sandworm::unknown,"[""T1021"",""T1003"",""T1105"",""T1059"",""T1486""]",0.8854598815714874,0.8854598815714874
F4_LCB_RS_oracle,ctid::sandworm::unknown::0030,ctid,sandworm::unknown,"[""T1021"",""T1105"",""T1486"",""T1003"",""T1059""]",1.0,0.8854598815714874
F5_LCTR5_oracle,ctid::sandworm::unknown::0030,ctid,sandworm::unknown,"[""T1021"",""T1003"",""T1105"",""T1059"",""T1486""]",0.8854598815714874,0.8854598815714874
F1_RR5_oracle,ctid::sandworm::unknown::0031,ctid,sandworm::unknown,"[""T1021"",""T1105"",""T1003"",""T1070"",""T1059""]",0.6131471927654584,0.6131471927654584
F2_C1R_oracle,ctid::sandworm::unknown::0031,ctid,sandworm::unknown,"[""T1021"",""T1105"",""T1003"",""T1070"",""T1059""]",0.6131471927654584,0.6131471927654584
F3_OSER_oracle,ctid::sandworm::unknown::0031,ctid,sandworm::unknown,"[""T1021"",""T1105"",""T1003"",""T1070"",""T1059""]",0.6131471927654584,0.6131471927654584
F4_LCB_RS_oracle,ctid::sandworm::unknown::0031,ctid,sandworm::unknown,"[""T1021"",""T1105"",""T1003"",""T1070"",""T1059""]",0.6131471927654584,0.6131471927654584
F5_LCTR5_oracle,ctid::sandworm::unknown::0031,ctid,sandworm::unknown,"[""T1021"",""T1105"",""T1003"",""T1070"",""T1059""]",0.6131471927654584,0.6131471927654584
F1_RR5_oracle,ctid::sandworm::unknown::0032,ctid,sandworm::unknown,"[""T1021"",""T1003"",""T1105"",""T1070"",""T1486""]",1.0,1.0
F2_C1R_oracle,ctid::sandworm::unknown::0032,ctid,sandworm::unknown,"[""T1021"",""T1003"",""T1105"",""T1070"",""T1486""]",1.0,1.0
F3_OSER_oracle,ctid::sandworm::unknown::0032,ctid,sandworm::unknown,"[""T1021"",""T1003"",""T1105"",""T1070"",""T1486""]",1.0,1.0
F4_LCB_RS_oracle,ctid::sandworm::unknown::0032,ctid,sandworm::unknown,"[""T1021"",""T1003"",""T1105"",""T1070"",""T1486""]",1.0,1.0
F5_LCTR5_oracle,ctid::sandworm::unknown::0032,ctid,sandworm::unknown,"[""T1021"",""T1003"",""T1105"",""T1070"",""T1486""]",1.0,1.0
F1_RR5_oracle,ctid::turla_carbon::unknown::0001,ctid,turla_carbon::unknown,"[""T1204"",""T1059"",""T1105"",""T1071"",""T1547""]",0.7653606369886217,0.7653606369886217
F2_C1R_oracle,ctid::turla_carbon::unknown::0001,ctid,turla_carbon::unknown,"[""T1204"",""T1059"",""T1105"",""T1071"",""T1547""]",0.7653606369886217,0.7653606369886217
F3_OSER_oracle,ctid::turla_carbon::unknown::0001,ctid,turla_carbon::unknown,"[""T1204"",""T1059"",""T1105"",""T1071"",""T1547""]",0.7653606369886217,0.7653606369886217
F4_LCB_RS_oracle,ctid::turla_carbon::unknown::0001,ctid,turla_carbon::unknown,"[""T1204"",""T1059"",""T1105"",""T1071"",""T1547""]",0.7653606369886217,0.7653606369886217
F5_LCTR5_oracle,ctid::turla_carbon::unknown::0001,ctid,turla_carbon::unknown,"[""T1204"",""T1059"",""T1105"",""T1071"",""T1547""]",0.7653606369886217,0.7653606369886217
F1_RR5_oracle,ctid::turla_carbon::unknown::0002,ctid,turla_carbon::unknown,"[""T1059"",""T1105"",""T1053"",""T1547"",""T1071""]",0.46927872602275644,0.46927872602275644
F2_C1R_oracle,ctid::turla_carbon::unknown::0002,ctid,turla_carbon::unknown,"[""T1059"",""T1105"",""T1053"",""T1547"",""T1071""]",0.46927872602275644,0.46927872602275644
F3_OSER_oracle,ctid::turla_carbon::unknown::0002,ctid,turla_carbon::unknown,"[""T1059"",""T1105"",""T1053"",""T1547"",""T1071""]",0.46927872602275644,0.46927872602275644
F4_LCB_RS_oracle,ctid::turla_carbon::unknown::0002,ctid,turla_carbon::unknown,"[""T1059"",""T1105"",""T1053"",""T1547"",""T1071""]",0.46927872602275644,0.46927872602275644
F5_LCTR5_oracle,ctid::turla_carbon::unknown::0002,ctid,turla_carbon::unknown,"[""T1059"",""T1105"",""T1053"",""T1547"",""T1071""]",0.46927872602275644,0.46927872602275644
F1_RR5_oracle,ctid::turla_carbon::unknown::0003,ctid,turla_carbon::unknown,"[""T1059"",""T1105"",""T1082"",""T1057"",""T1016""]",0.7653606369886217,0.6508205185601091
F2_C1R_oracle,ctid::turla_carbon::unknown::0003,ctid,turla_carbon::unknown,"[""T1059"",""T1082"",""T1057"",""T1016"",""T1105""]",0.6508205185601091,0.6508205185601091
F3_OSER_oracle,ctid::turla_carbon::unknown::0003,ctid,turla_carbon::unknown,"[""T1059"",""T1082"",""T1057"",""T1016"",""T1105""]",0.6508205185601091,0.6508205185601091
F4_LCB_RS_oracle,ctid::turla_carbon::unknown::0003,ctid,turla_carbon::unknown,"[""T1059"",""T1082"",""T1057"",""T1016"",""T1105""]",0.6508205185601091,0.6508205185601091
F5_LCTR5_oracle,ctid::turla_carbon::unknown::0003,ctid,turla_carbon::unknown,"[""T1059"",""T1082"",""T1057"",""T1016"",""T1105""]",0.6508205185601091,0.6508205185601091
F1_RR5_oracle,ctid::turla_carbon::unknown::0004,ctid,turla_carbon::unknown,"[""T1057"",""T1082"",""T1016"",""T1033"",""T1003""]",0.0,0.0
F2_C1R_oracle,ctid::turla_carbon::unknown::0004,ctid,turla_carbon::unknown,"[""T1057"",""T1082"",""T1016"",""T1033"",""T1105""]",0.18154179253735267,0.0
F3_OSER_oracle,ctid::turla_carbon::unknown::0004,ctid,turla_carbon::unknown,"[""T1105"",""T1059"",""T1218"",""T1021"",""T1562""]",0.46927872602275644,0.0
F4_LCB_RS_oracle,ctid::turla_carbon::unknown::0004,ctid,turla_carbon::unknown,"[""T1057"",""T1082"",""T1016"",""T1033"",""T1105""]",0.18154179253735267,0.0
F5_LCTR5_oracle,ctid::turla_carbon::unknown::0004,ctid,turla_carbon::unknown,"[""T1057"",""T1082"",""T1016"",""T1033"",""T1003""]",0.0,0.0
F1_RR5_oracle,ctid::turla_carbon::unknown::0005,ctid,turla_carbon::unknown,"[""T1059"",""T1003"",""T1021"",""T1078"",""T1547""]",0.0,0.0
F2_C1R_oracle,ctid::turla_carbon::unknown::0005,ctid,turla_carbon::unknown,"[""T1059"",""T1003"",""T1021"",""T1078"",""T1105""]",0.18154179253735267,0.0
F3_OSER_oracle,ctid::turla_carbon::unknown::0005,ctid,turla_carbon::unknown,"[""T1218"",""T1136"",""T1484"",""T1105"",""T1018""]",0.20210734650054757,0.0
F4_LCB_RS_oracle,ctid::turla_carbon::unknown::0005,ctid,turla_carbon::unknown,"[""T1059"",""T1003"",""T1021"",""T1078"",""T1547""]",0.0,0.0
F5_LCTR5_oracle,ctid::turla_carbon::unknown::0005,ctid,turla_carbon::unknown,"[""T1059"",""T1003"",""T1021"",""T1078"",""T1547""]",0.0,0.0
F1_RR5_oracle,ctid::turla_carbon::unknown::0006,ctid,turla_carbon::unknown,"[""T1059"",""T1003"",""T1021"",""T1078"",""T1105""]",0.0,0.0
F2_C1R_oracle,ctid::turla_carbon::unknown::0006,ctid,turla_carbon::unknown,"[""T1059"",""T1003"",""T1021"",""T1078"",""T1105""]",0.0,0.0
F3_OSER_oracle,ctid::turla_carbon::unknown::0006,ctid,turla_carbon::unknown,"[""T1059"",""T1003"",""T1021"",""T1078"",""T1105""]",0.0,0.0
F4_LCB_RS_oracle,ctid::turla_carbon::unknown::0006,ctid,turla_carbon::unknown,"[""T1059"",""T1003"",""T1021"",""T1078"",""T1105""]",0.0,0.0
F5_LCTR5_oracle,ctid::turla_carbon::unknown::0006,ctid,turla_carbon::unknown,"[""T1059"",""T1003"",""T1021"",""T1078"",""T1105""]",0.0,0.0
F1_RR5_oracle,ctid::turla_carbon::unknown::0007,ctid,turla_carbon::unknown,"[""T1059"",""T1003"",""T1021"",""T1078"",""T1543""]",0.0,0.0
F2_C1R_oracle,ctid::turla_carbon::unknown::0007,ctid,turla_carbon::unknown,"[""T1059"",""T1003"",""T1021"",""T1078"",""T1543""]",0.0,0.0
F3_OSER_oracle,ctid::turla_carbon::unknown::0007,ctid,turla_carbon::unknown,"[""T1059"",""T1003"",""T1021"",""T1078"",""T1543""]",0.0,0.0
F4_LCB_RS_oracle,ctid::turla_carbon::unknown::0007,ctid,turla_carbon::unknown,"[""T1059"",""T1003"",""T1021"",""T1078"",""T1543""]",0.0,0.0
F5_LCTR5_oracle,ctid::turla_carbon::unknown::0007,ctid,turla_carbon::unknown,"[""T1059"",""T1003"",""T1021"",""T1078"",""T1543""]",0.0,0.0
F1_RR5_oracle,ctid::turla_carbon::unknown::0008,ctid,turla_carbon::unknown,"[""T1059"",""T1003"",""T1021"",""T1078"",""T1082""]",0.0,0.0
F2_C1R_oracle,ctid::turla_carbon::unknown::0008,ctid,turla_carbon::unknown,"[""T1059"",""T1003"",""T1021"",""T1078"",""T1082""]",0.0,0.0
F3_OSER_oracle,ctid::turla_carbon::unknown::0008,ctid,turla_carbon::unknown,"[""T1059"",""T1003"",""T1021"",""T1078"",""T1082""]",0.0,0.0
F4_LCB_RS_oracle,ctid::turla_carbon::unknown::0008,ctid,turla_carbon::unknown,"[""T1059"",""T1003"",""T1021"",""T1078"",""T1082""]",0.0,0.0
F5_LCTR5_oracle,ctid::turla_carbon::unknown::0008,ctid,turla_carbon::unknown,"[""T1059"",""T1003"",""T1021"",""T1078"",""T1082""]",0.0,0.0
F1_RR5_oracle,ctid::turla_carbon::unknown::0009,ctid,turla_carbon::unknown,"[""T1053"",""T1021"",""T1003"",""T1078"",""T1047""]",0.46927872602275644,0.20210734650054757
F2_C1R_oracle,ctid::turla_carbon::unknown::0009,ctid,turla_carbon::unknown,"[""T1021"",""T1003"",""T1078"",""T1053"",""T1570""]",0.38364913903790027,0.20210734650054757
F3_OSER_oracle,ctid::turla_carbon::unknown::0009,ctid,turla_carbon::unknown,"[""T1486"",""T1570"",""T1105"",""T1021"",""T1018""]",0.2960819109658652,0.20210734650054757
F4_LCB_RS_oracle,ctid::turla_carbon::unknown::0009,ctid,turla_carbon::unknown,"[""T1021"",""T1003"",""T1078"",""T1053"",""T1047""]",0.20210734650054757,0.20210734650054757
F5_LCTR5_oracle,ctid::turla_carbon::unknown::0009,ctid,turla_carbon::unknown,"[""T1021"",""T1003"",""T1078"",""T1053"",""T1047""]",0.20210734650054757,0.20210734650054757
F1_RR5_oracle,ctid::turla_carbon::unknown::0010,ctid,turla_carbon::unknown,"[""T1053"",""T1021"",""T1003"",""T1078"",""T1046""]",0.46927872602275644,0.20210734650054757
F2_C1R_oracle,ctid::turla_carbon::unknown::0010,ctid,turla_carbon::unknown,"[""T1021"",""T1003"",""T1078"",""T1053"",""T1046""]",0.20210734650054757,0.20210734650054757
F3_OSER_oracle,ctid::turla_carbon::unknown::0010,ctid,turla_carbon::unknown,"[""T1021"",""T1003"",""T1078"",""T1053"",""T1046""]",0.20210734650054757,0.20210734650054757
F4_LCB_RS_oracle,ctid::turla_carbon::unknown::0010,ctid,turla_carbon::unknown,"[""T1078"",""T1021"",""T1053"",""T1003"",""T1046""]",0.23463936301137822,0.20210734650054757
F5_LCTR5_oracle,ctid::turla_carbon::unknown::0010,ctid,turla_carbon::unknown,"[""T1053"",""T1021"",""T1003"",""T1078"",""T1046""]",0.46927872602275644,0.20210734650054757
F1_RR5_oracle,ctid::turla_carbon::unknown::0011,ctid,turla_carbon::unknown,"[""T1053"",""T1021"",""T1003"",""T1078"",""T1046""]",0.46927872602275644,0.20210734650054757
F2_C1R_oracle,ctid::turla_carbon::unknown::0011,ctid,turla_carbon::unknown,"[""T1021"",""T1003"",""T1078"",""T1053"",""T1046""]",0.20210734650054757,0.20210734650054757
F3_OSER_oracle,ctid::turla_carbon::unknown::0011,ctid,turla_carbon::unknown,"[""T1021"",""T1003"",""T1078"",""T1053"",""T1046""]",0.20210734650054757,0.20210734650054757
F4_LCB_RS_oracle,ctid::turla_carbon::unknown::0011,ctid,turla_carbon::unknown,"[""T1021"",""T1003"",""T1078"",""T1053"",""T1046""]",0.20210734650054757,0.20210734650054757
F5_LCTR5_oracle,ctid::turla_carbon::unknown::0011,ctid,turla_carbon::unknown,"[""T1021"",""T1003"",""T1078"",""T1053"",""T1046""]",0.20210734650054757,0.20210734650054757
F1_RR5_oracle,ctid::turla_carbon::unknown::0012,ctid,turla_carbon::unknown,"[""T1003"",""T1053"",""T1078"",""T1021"",""T1105""]",0.46927872602275644,0.20210734650054757
F2_C1R_oracle,ctid::turla_carbon::unknown::0012,ctid,turla_carbon::unknown,"[""T1053"",""T1078"",""T1021"",""T1003"",""T1105""]",0.20210734650054757,0.20210734650054757
F3_OSER_oracle,ctid::turla_carbon::unknown::0012,ctid,turla_carbon::unknown,"[""T1053"",""T1078"",""T1021"",""T1003"",""T1105""]",0.20210734650054757,0.20210734650054757
F4_LCB_RS_oracle,ctid::turla_carbon::unknown::0012,ctid,turla_carbon::unknown,"[""T1053"",""T1078"",""T1021"",""T1003"",""T1105""]",0.20210734650054757,0.20210734650054757
F5_LCTR5_oracle,ctid::turla_carbon::unknown::0012,ctid,turla_carbon::unknown,"[""T1053"",""T1078"",""T1021"",""T1003"",""T1105""]",0.20210734650054757,0.20210734650054757
F1_RR5_oracle,ctid::turla_carbon::unknown::0013,ctid,turla_carbon::unknown,"[""T1003"",""T1059"",""T1078"",""T1021"",""T1053""]",0.46927872602275644,0.2960819109658652
F2_C1R_oracle,ctid::turla_carbon::unknown::0013,ctid,turla_carbon::unknown,"[""T1059"",""T1003"",""T1078"",""T1021"",""T1018""]",0.4776237035032179,0.2960819109658652
F3_OSER_oracle,ctid::turla_carbon::unknown::0013,ctid,turla_carbon::unknown,"[""T1059"",""T1003"",""T1078"",""T1021"",""T1053""]",0.2960819109658652,0.2960819109658652
F4_LCB_RS_oracle,ctid::turla_carbon::unknown::0013,ctid,turla_carbon::unknown,"[""T1059"",""T1003"",""T1078"",""T1021"",""T1018""]",0.4776237035032179,0.2960819109658652
F5_LCTR5_oracle,ctid::turla_carbon::unknown::0013,ctid,turla_carbon::unknown,"[""T1059"",""T1003"",""T1078"",""T1021"",""T1053""]",0.2960819109658652,0.2960819109658652
F1_RR5_oracle,ctid::turla_carbon::unknown::0014,ctid,turla_carbon::unknown,"[""T1003"",""T1087"",""T1053"",""T1021"",""T1078""]",0.46927872602275644,0.2960819109658652
F2_C1R_oracle,ctid::turla_carbon::unknown::0014,ctid,turla_carbon::unknown,"[""T1087"",""T1003"",""T1053"",""T1021"",""T1105""]",0.4776237035032179,0.2960819109658652
F3_OSER_oracle,ctid::turla_carbon::unknown::0014,ctid,turla_carbon::unknown,"[""T1087"",""T1003"",""T1053"",""T1021"",""T1078""]",0.2960819109658652,0.2960819109658652
F4_LCB_RS_oracle,ctid::turla_carbon::unknown::0014,ctid,turla_carbon::unknown,"[""T1087"",""T1003"",""T1053"",""T1021"",""T1078""]",0.2960819109658652,0.2960819109658652
F5_LCTR5_oracle,ctid::turla_carbon::unknown::0014,ctid,turla_carbon::unknown,"[""T1003"",""T1087"",""T1021"",""T1053"",""T1078""]",0.46927872602275644,0.2960819109658652
F1_RR5_oracle,ctid::turla_carbon::unknown::0015,ctid,turla_carbon::unknown,"[""T1105"",""T1003"",""T1078"",""T1021"",""T1053""]",0.46927872602275644,0.18154179253735267
F2_C1R_oracle,ctid::turla_carbon::unknown::0015,ctid,turla_carbon::unknown,"[""T1003"",""T1078"",""T1021"",""T1053"",""T1105""]",0.18154179253735267,0.18154179253735267
F3_OSER_oracle,ctid::turla_carbon::unknown::0015,ctid,turla_carbon::unknown,"[""T1003"",""T1078"",""T1021"",""T1053"",""T1105""]",0.18154179253735267,0.18154179253735267
F4_LCB_RS_oracle,ctid::turla_carbon::unknown::0015,ctid,turla_carbon::unknown,"[""T1021"",""T1105"",""T1078"",""T1003"",""T1053""]",0.2960819109658652,0.18154179253735267
F5_LCTR5_oracle,ctid::turla_carbon::unknown::0015,ctid,turla_carbon::unknown,"[""T1021"",""T1105"",""T1003"",""T1078"",""T1053""]",0.2960819109658652,0.18154179253735267
F1_RR5_oracle,ctid::turla_carbon::unknown::0016,ctid,turla_carbon::unknown,"[""T1105"",""T1003"",""T1570"",""T1053"",""T1078""]",0.46927872602275644,0.18154179253735267
F2_C1R_oracle,ctid::turla_carbon::unknown::0016,ctid,turla_carbon::unknown,"[""T1003"",""T1570"",""T1053"",""T1078"",""T1105""]",0.18154179253735267,0.18154179253735267
F3_OSER_oracle,ctid::turla_carbon::unknown::0016,ctid,turla_carbon::unknown,"[""T1105"",""T1090"",""T1573"",""T1059"",""T1021""]",0.46927872602275644,0.18154179253735267
F4_LCB_RS_oracle,ctid::turla_carbon::unknown::0016,ctid,turla_carbon::unknown,"[""T1105"",""T1003"",""T1570"",""T1053"",""T1078""]",0.46927872602275644,0.18154179253735267
F5_LCTR5_oracle,ctid::turla_carbon::unknown::0016,ctid,turla_carbon::unknown,"[""T1105"",""T1003"",""T1570"",""T1053"",""T1078""]",0.46927872602275644,0.18154179253735267
F1_RR5_oracle,ctid::turla_carbon::unknown::0017,ctid,turla_carbon::unknown,"[""T1021"",""T1105"",""T1003"",""T1053"",""T1078""]",0.7653606369886217,0.6508205185601091
F2_C1R_oracle,ctid::turla_carbon::unknown::0017,ctid,turla_carbon::unknown,"[""T1021"",""T1003"",""T1053"",""T1078"",""T1105""]",0.6508205185601091,0.6508205185601091
F3_OSER_oracle,ctid::turla_carbon::unknown::0017,ctid,turla_carbon::unknown,"[""T1105"",""T1021"",""T1070"",""T1562"",""T1018""]",1.0,0.6508205185601091
F4_LCB_RS_oracle,ctid::turla_carbon::unknown::0017,ctid,turla_carbon::unknown,"[""T1105"",""T1021"",""T1003"",""T1078"",""T1053""]",0.7653606369886217,0.6508205185601091
F5_LCTR5_oracle,ctid::turla_carbon::unknown::0017,ctid,turla_carbon::unknown,"[""T1105"",""T1021"",""T1003"",""T1053"",""T1078""]",0.7653606369886217,0.6508205185601091
F1_RR5_oracle,ctid::turla_carbon::unknown::0018,ctid,turla_carbon::unknown,"[""T1021"",""T1005"",""T1078"",""T1083"",""T1046""]",0.6131471927654584,0.6131471927654584
F2_C1R_oracle,ctid::turla_carbon::unknown::0018,ctid,turla_carbon::unknown,"[""T1021"",""T1005"",""T1078"",""T1083"",""T1105""]",0.8503449055347546,0.6131471927654584
F3_OSER_oracle,ctid::turla_carbon::unknown::0018,ctid,turla_carbon::unknown,"[""T1021"",""T1005"",""T1078"",""T1083"",""T1046""]",0.6131471927654584,0.6131471927654584
F4_LCB_RS_oracle,ctid::turla_carbon::unknown::0018,ctid,turla_carbon::unknown,"[""T1021"",""T1005"",""T1078"",""T1083"",""T1046""]",0.6131471927654584,0.6131471927654584
F5_LCTR5_oracle,ctid::turla_carbon::unknown::0018,ctid,turla_carbon::unknown,"[""T1021"",""T1005"",""T1078"",""T1083"",""T1046""]",0.6131471927654584,0.6131471927654584
F1_RR5_oracle,ctid::turla_carbon::unknown::0019,ctid,turla_carbon::unknown,"[""T1105"",""T1021"",""T1059"",""T1003"",""T1078""]",1.0,0.5437713091520254
F2_C1R_oracle,ctid::turla_carbon::unknown::0019,ctid,turla_carbon::unknown,"[""T1059"",""T1003"",""T1105"",""T1078"",""T1021""]",0.5437713091520254,0.5437713091520254
F3_OSER_oracle,ctid::turla_carbon::unknown::0019,ctid,turla_carbon::unknown,"[""T1105"",""T1059"",""T1021"",""T1070"",""T1027""]",0.9197207891481876,0.5437713091520254
F4_LCB_RS_oracle,ctid::turla_carbon::unknown::0019,ctid,turla_carbon::unknown,"[""T1105"",""T1059"",""T1021"",""T1003"",""T1078""]",0.9197207891481876,0.5437713091520254
F5_LCTR5_oracle,ctid::turla_carbon::unknown::0019,ctid,turla_carbon::unknown,"[""T1105"",""T1021"",""T1059"",""T1003"",""T1078""]",1.0,0.5437713091520254
F1_RR5_oracle,ctid::turla_carbon::unknown::0020,ctid,turla_carbon::unknown,"[""T1021"",""T1105"",""T1003"",""T1053"",""T1078""]",0.7653606369886217,0.6508205185601091
F2_C1R_oracle,ctid::turla_carbon::unknown::0020,ctid,turla_carbon::unknown,"[""T1021"",""T1003"",""T1053"",""T1078"",""T1105""]",0.6508205185601091,0.6508205185601091
F3_OSER_oracle,ctid::turla_carbon::unknown::0020,ctid,turla_carbon::unknown,"[""T1021"",""T1105"",""T1041"",""T1560"",""T1005""]",0.7653606369886217,0.6508205185601091
F4_LCB_RS_oracle,ctid::turla_carbon::unknown::0020,ctid,turla_carbon::unknown,"[""T1021"",""T1105"",""T1078"",""T1003"",""T1053""]",0.7653606369886217,0.6508205185601091
F5_LCTR5_oracle,ctid::turla_carbon::unknown::0020,ctid,turla_carbon::unknown,"[""T1021"",""T1078"",""T1105"",""T1003"",""T1053""]",0.7039180890341347,0.6508205185601091
F1_RR5_oracle,ctid::turla_carbon::unknown::0021,ctid,turla_carbon::unknown,"[""T1021"",""T1105"",""T1003"",""T1059"",""T1078""]",0.46927872602275644,0.46927872602275644
F2_C1R_oracle,ctid::turla_carbon::unknown::0021,ctid,turla_carbon::unknown,"[""T1021"",""T1105"",""T1003"",""T1059"",""T1070""]",0.6508205185601091,0.46927872602275644
F3_OSER_oracle,ctid::turla_carbon::unknown::0021,ctid,turla_carbon::unknown,"[""T1021"",""T1105"",""T1003"",""T1059"",""T1078""]",0.46927872602275644,0.46927872602275644
F4_LCB_RS_oracle,ctid::turla_carbon::unknown::0021,ctid,turla_carbon::unknown,"[""T1021"",""T1105"",""T1003"",""T1059"",""T1070""]",0.6508205185601091,0.46927872602275644
F5_LCTR5_oracle,ctid::turla_carbon::unknown::0021,ctid,turla_carbon::unknown,"[""T1021"",""T1105"",""T1003"",""T1059"",""T1078""]",0.46927872602275644,0.46927872602275644
F1_RR5_oracle,ctid::turla_carbon::unknown::0022,ctid,turla_carbon::unknown,"[""T1105"",""T1021"",""T1003"",""T1059"",""T1078""]",0.0,0.0
F2_C1R_oracle,ctid::turla_carbon::unknown::0022,ctid,turla_carbon::unknown,"[""T1105"",""T1021"",""T1003"",""T1059"",""T1078""]",0.0,0.0
F3_OSER_oracle,ctid::turla_carbon::unknown::0022,ctid,turla_carbon::unknown,"[""T1105"",""T1021"",""T1003"",""T1059"",""T1078""]",0.0,0.0
F4_LCB_RS_oracle,ctid::turla_carbon::unknown::0022,ctid,turla_carbon::unknown,"[""T1105"",""T1021"",""T1003"",""T1059"",""T1078""]",0.0,0.0
F5_LCTR5_oracle,ctid::turla_carbon::unknown::0022,ctid,turla_carbon::unknown,"[""T1105"",""T1021"",""T1003"",""T1059"",""T1078""]",0.0,0.0
F1_RR5_oracle,ctid::turla_carbon::unknown::0023,ctid,turla_carbon::unknown,"[""T1021"",""T1105"",""T1003"",""T1059"",""T1078""]",0.0,0.0
F2_C1R_oracle,ctid::turla_carbon::unknown::0023,ctid,turla_carbon::unknown,"[""T1021"",""T1105"",""T1003"",""T1059"",""T1078""]",0.0,0.0
F3_OSER_oracle,ctid::turla_carbon::unknown::0023,ctid,turla_carbon::unknown,"[""T1021"",""T1105"",""T1003"",""T1059"",""T1078""]",0.0,0.0
F4_LCB_RS_oracle,ctid::turla_carbon::unknown::0023,ctid,turla_carbon::unknown,"[""T1021"",""T1105"",""T1003"",""T1059"",""T1078""]",0.0,0.0
F5_LCTR5_oracle,ctid::turla_carbon::unknown::0023,ctid,turla_carbon::unknown,"[""T1021"",""T1105"",""T1003"",""T1059"",""T1078""]",0.0,0.0
F1_RR5_oracle,ctid::turla_snake::unknown::0001,ctid,turla_snake::unknown,"[""T1204"",""T1105"",""T1059"",""T1071"",""T1547""]",0.7653606369886217,0.7653606369886217
F2_C1R_oracle,ctid::turla_snake::unknown::0001,ctid,turla_snake::unknown,"[""T1204"",""T1105"",""T1059"",""T1071"",""T1547""]",0.7653606369886217,0.7653606369886217
F3_OSER_oracle,ctid::turla_snake::unknown::0001,ctid,turla_snake::unknown,"[""T1204"",""T1105"",""T1059"",""T1071"",""T1547""]",0.7653606369886217,0.7653606369886217
F4_LCB_RS_oracle,ctid::turla_snake::unknown::0001,ctid,turla_snake::unknown,"[""T1204"",""T1105"",""T1059"",""T1071"",""T1547""]",0.7653606369886217,0.7653606369886217
F5_LCTR5_oracle,ctid::turla_snake::unknown::0001,ctid,turla_snake::unknown,"[""T1204"",""T1105"",""T1059"",""T1071"",""T1547""]",0.7653606369886217,0.7653606369886217
F1_RR5_oracle,ctid::turla_snake::unknown::0002,ctid,turla_snake::unknown,"[""T1105"",""T1059"",""T1547"",""T1055"",""T1021""]",0.46927872602275644,0.2960819109658652
F2_C1R_oracle,ctid::turla_snake::unknown::0002,ctid,turla_snake::unknown,"[""T1059"",""T1105"",""T1547"",""T1055"",""T1021""]",0.2960819109658652,0.2960819109658652
F3_OSER_oracle,ctid::turla_snake::unknown::0002,ctid,turla_snake::unknown,"[""T1059"",""T1105"",""T1547"",""T1055"",""T1021""]",0.2960819109658652,0.2960819109658652
F4_LCB_RS_oracle,ctid::turla_snake::unknown::0002,ctid,turla_snake::unknown,"[""T1059"",""T1105"",""T1547"",""T1055"",""T1021""]",0.2960819109658652,0.2960819109658652
F5_LCTR5_oracle,ctid::turla_snake::unknown::0002,ctid,turla_snake::unknown,"[""T1059"",""T1105"",""T1547"",""T1055"",""T1021""]",0.2960819109658652,0.2960819109658652
F1_RR5_oracle,ctid::turla_snake::unknown::0003,ctid,turla_snake::unknown,"[""T1057"",""T1016"",""T1033"",""T1069"",""T1087""]",0.46927872602275644,0.23463936301137822
F2_C1R_oracle,ctid::turla_snake::unknown::0003,ctid,turla_snake::unknown,"[""T1016"",""T1033"",""T1057"",""T1069"",""T1105""]",0.41618115554873086,0.23463936301137822
F3_OSER_oracle,ctid::turla_snake::unknown::0003,ctid,turla_snake::unknown,"[""T1105"",""T1018"",""T1041"",""T1564"",""T1070""]",0.46927872602275644,0.23463936301137822
F4_LCB_RS_oracle,ctid::turla_snake::unknown::0003,ctid,turla_snake::unknown,"[""T1016"",""T1033"",""T1057"",""T1069"",""T1105""]",0.41618115554873086,0.23463936301137822
F5_LCTR5_oracle,ctid::turla_snake::unknown::0003,ctid,turla_snake::unknown,"[""T1016"",""T1033"",""T1057"",""T1069"",""T1087""]",0.23463936301137822,0.23463936301137822
F1_RR5_oracle,ctid::turla_snake::unknown::0004,ctid,turla_snake::unknown,"[""T1059"",""T1003"",""T1021"",""T1078"",""T1547""]",0.0,0.0
F2_C1R_oracle,ctid::turla_snake::unknown::0004,ctid,turla_snake::unknown,"[""T1059"",""T1003"",""T1021"",""T1078"",""T1547""]",0.0,0.0
F3_OSER_oracle,ctid::turla_snake::unknown::0004,ctid,turla_snake::unknown,"[""T1059"",""T1003"",""T1021"",""T1078"",""T1547""]",0.0,0.0
F4_LCB_RS_oracle,ctid::turla_snake::unknown::0004,ctid,turla_snake::unknown,"[""T1059"",""T1003"",""T1021"",""T1078"",""T1547""]",0.0,0.0
F5_LCTR5_oracle,ctid::turla_snake::unknown::0004,ctid,turla_snake::unknown,"[""T1059"",""T1003"",""T1021"",""T1078"",""T1547""]",0.0,0.0
F1_RR5_oracle,ctid::turla_snake::unknown::0005,ctid,turla_snake::unknown,"[""T1059"",""T1078"",""T1021"",""T1003"",""T1105""]",0.0,0.0
F2_C1R_oracle,ctid::turla_snake::unknown::0005,ctid,turla_snake::unknown,"[""T1059"",""T1078"",""T1021"",""T1003"",""T1105""]",0.0,0.0
F3_OSER_oracle,ctid::turla_snake::unknown::0005,ctid,turla_snake::unknown,"[""T1059"",""T1078"",""T1021"",""T1003"",""T1105""]",0.0,0.0
F4_LCB_RS_oracle,ctid::turla_snake::unknown::0005,ctid,turla_snake::unknown,"[""T1059"",""T1078"",""T1021"",""T1003"",""T1105""]",0.0,0.0
F5_LCTR5_oracle,ctid::turla_snake::unknown::0005,ctid,turla_snake::unknown,"[""T1059"",""T1078"",""T1021"",""T1003"",""T1105""]",0.0,0.0
F1_RR5_oracle,ctid::turla_snake::unknown::0006,ctid,turla_snake::unknown,"[""T1059"",""T1003"",""T1021"",""T1078"",""T1055""]",0.0,0.0
F2_C1R_oracle,ctid::turla_snake::unknown::0006,ctid,turla_snake::unknown,"[""T1059"",""T1003"",""T1021"",""T1078"",""T1105""]",0.18154179253735267,0.0
F3_OSER_oracle,ctid::turla_snake::unknown::0006,ctid,turla_snake::unknown,"[""T1059"",""T1003"",""T1021"",""T1078"",""T1055""]",0.0,0.0
F4_LCB_RS_oracle,ctid::turla_snake::unknown::0006,ctid,turla_snake::unknown,"[""T1059"",""T1003"",""T1021"",""T1078"",""T1055""]",0.0,0.0
F5_LCTR5_oracle,ctid::turla_snake::unknown::0006,ctid,turla_snake::unknown,"[""T1059"",""T1003"",""T1021"",""T1078"",""T1055""]",0.0,0.0
F1_RR5_oracle,ctid::turla_snake::unknown::0007,ctid,turla_snake::unknown,"[""T1082"",""T1057"",""T1087"",""T1016"",""T1033""]",0.0,0.0
F2_C1R_oracle,ctid::turla_snake::unknown::0007,ctid,turla_snake::unknown,"[""T1082"",""T1057"",""T1087"",""T1016"",""T1105""]",0.18154179253735267,0.0
F3_OSER_oracle,ctid::turla_snake::unknown::0007,ctid,turla_snake::unknown,"[""T1016"",""T1057"",""T1135"",""T1087"",""T1105""]",0.18154179253735267,0.0
F4_LCB_RS_oracle,ctid::turla_snake::unknown::0007,ctid,turla_snake::unknown,"[""T1082"",""T1057"",""T1087"",""T1016"",""T1033""]",0.0,0.0
F5_LCTR5_oracle,ctid::turla_snake::unknown::0007,ctid,turla_snake::unknown,"[""T1082"",""T1057"",""T1087"",""T1016"",""T1033""]",0.0,0.0
F1_RR5_oracle,ctid::turla_snake::unknown::0008,ctid,turla_snake::unknown,"[""T1083"",""T1005"",""T1018"",""T1078"",""T1021""]",0.0,0.0
F2_C1R_oracle,ctid::turla_snake::unknown::0008,ctid,turla_snake::unknown,"[""T1083"",""T1005"",""T1018"",""T1078"",""T1070""]",0.18154179253735267,0.0
F3_OSER_oracle,ctid::turla_snake::unknown::0008,ctid,turla_snake::unknown,"[""T1059"",""T1105"",""T1021"",""T1070"",""T1562""]",0.49818925746641285,0.0
F4_LCB_RS_oracle,ctid::turla_snake::unknown::0008,ctid,turla_snake::unknown,"[""T1083"",""T1005"",""T1018"",""T1078"",""T1105""]",0.18154179253735267,0.0
F5_LCTR5_oracle,ctid::turla_snake::unknown::0008,ctid,turla_snake::unknown,"[""T1083"",""T1005"",""T1018"",""T1078"",""T1021""]",0.0,0.0
F1_RR5_oracle,ctid::turla_snake::unknown::0009,ctid,turla_snake::unknown,"[""T1021"",""T1078"",""T1003"",""T1055"",""T1543""]",0.0,0.0
F2_C1R_oracle,ctid::turla_snake::unknown::0009,ctid,turla_snake::unknown,"[""T1021"",""T1078"",""T1003"",""T1055"",""T1059""]",0.18154179253735267,0.0
F3_OSER_oracle,ctid::turla_snake::unknown::0009,ctid,turla_snake::unknown,"[""T1105"",""T1059"",""T1021"",""T1070"",""T1027""]",0.49818925746641285,0.0
F4_LCB_RS_oracle,ctid::turla_snake::unknown::0009,ctid,turla_snake::unknown,"[""T1021"",""T1078"",""T1003"",""T1055"",""T1543""]",0.0,0.0
F5_LCTR5_oracle,ctid::turla_snake::unknown::0009,ctid,turla_snake::unknown,"[""T1021"",""T1078"",""T1003"",""T1055"",""T1543""]",0.0,0.0
F1_RR5_oracle,ctid::turla_snake::unknown::0010,ctid,turla_snake::unknown,"[""T1021"",""T1078"",""T1003"",""T1053"",""T1543""]",0.0,0.0
F2_C1R_oracle,ctid::turla_snake::unknown::0010,ctid,turla_snake::unknown,"[""T1021"",""T1078"",""T1003"",""T1053"",""T1059""]",0.18154179253735267,0.0
F3_OSER_oracle,ctid::turla_snake::unknown::0010,ctid,turla_snake::unknown,"[""T1021"",""T1078"",""T1003"",""T1053"",""T1543""]",0.0,0.0
F4_LCB_RS_oracle,ctid::turla_snake::unknown::0010,ctid,turla_snake::unknown,"[""T1021"",""T1078"",""T1003"",""T1053"",""T1543""]",0.0,0.0
F5_LCTR5_oracle,ctid::turla_snake::unknown::0010,ctid,turla_snake::unknown,"[""T1021"",""T1078"",""T1003"",""T1053"",""T1543""]",0.0,0.0
F1_RR5_oracle,ctid::turla_snake::unknown::0011,ctid,turla_snake::unknown,"[""T1021"",""T1003"",""T1053"",""T1078"",""T1543""]",0.0,0.0
F2_C1R_oracle,ctid::turla_snake::unknown::0011,ctid,turla_snake::unknown,"[""T1021"",""T1003"",""T1053"",""T1078"",""T1543""]",0.0,0.0
F3_OSER_oracle,ctid::turla_snake::unknown::0011,ctid,turla_snake::unknown,"[""T1021"",""T1003"",""T1053"",""T1078"",""T1543""]",0.0,0.0
F4_LCB_RS_oracle,ctid::turla_snake::unknown::0011,ctid,turla_snake::unknown,"[""T1021"",""T1003"",""T1053"",""T1078"",""T1543""]",0.0,0.0
F5_LCTR5_oracle,ctid::turla_snake::unknown::0011,ctid,turla_snake::unknown,"[""T1021"",""T1003"",""T1053"",""T1078"",""T1543""]",0.0,0.0
F1_RR5_oracle,ctid::turla_snake::unknown::0013,ctid,turla_snake::unknown,"[""T1105"",""T1003"",""T1078"",""T1021"",""T1053""]",0.46927872602275644,0.18154179253735267
F2_C1R_oracle,ctid::turla_snake::unknown::0013,ctid,turla_snake::unknown,"[""T1003"",""T1078"",""T1021"",""T1053"",""T1105""]",0.18154179253735267,0.18154179253735267
F3_OSER_oracle,ctid::turla_snake::unknown::0013,ctid,turla_snake::unknown,"[""T1021"",""T1018"",""T1016"",""T1518"",""T1217""]",0.2960819109658652,0.18154179253735267
F4_LCB_RS_oracle,ctid::turla_snake::unknown::0013,ctid,turla_snake::unknown,"[""T1021"",""T1105"",""T1003"",""T1078"",""T1053""]",0.2960819109658652,0.18154179253735267
F5_LCTR5_oracle,ctid::turla_snake::unknown::0013,ctid,turla_snake::unknown,"[""T1003"",""T1078"",""T1021"",""T1053"",""T1105""]",0.18154179253735267,0.18154179253735267
F1_RR5_oracle,ctid::turla_snake::unknown::0014,ctid,turla_snake::unknown,"[""T1003"",""T1105"",""T1078"",""T1021"",""T1053""]",0.7653606369886217,0.6508205185601091
F2_C1R_oracle,ctid::turla_snake::unknown::0014,ctid,turla_snake::unknown,"[""T1003"",""T1078"",""T1021"",""T1053"",""T1105""]",0.6508205185601091,0.6508205185601091
F3_OSER_oracle,ctid::turla_snake::unknown::0014,ctid,turla_snake::unknown,"[""T1003"",""T1078"",""T1021"",""T1053"",""T1105""]",0.6508205185601091,0.6508205185601091
F4_LCB_RS_oracle,ctid::turla_snake::unknown::0014,ctid,turla_snake::unknown,"[""T1105"",""T1021"",""T1003"",""T1078"",""T1053""]",0.7039180890341347,0.6508205185601091
F5_LCTR5_oracle,ctid::turla_snake::unknown::0014,ctid,turla_snake::unknown,"[""T1003"",""T1105"",""T1078"",""T1021"",""T1053""]",0.7653606369886217,0.6508205185601091
F1_RR5_oracle,ctid::turla_snake::unknown::0015,ctid,turla_snake::unknown,"[""T1003"",""T1021"",""T1078"",""T1053"",""T1482""]",0.46927872602275644,0.46927872602275644
F2_C1R_oracle,ctid::turla_snake::unknown::0015,ctid,turla_snake::unknown,"[""T1003"",""T1021"",""T1078"",""T1053"",""T1105""]",0.6508205185601091,0.46927872602275644
F3_OSER_oracle,ctid::turla_snake::unknown::0015,ctid,turla_snake::unknown,"[""T1003"",""T1021"",""T1078"",""T1053"",""T1482""]",0.46927872602275644,0.46927872602275644
F4_LCB_RS_oracle,ctid::turla_snake::unknown::0015,ctid,turla_snake::unknown,"[""T1003"",""T1021"",""T1078"",""T1053"",""T1482""]",0.46927872602275644,0.46927872602275644
F5_LCTR5_oracle,ctid::turla_snake::unknown::0015,ctid,turla_snake::unknown,"[""T1003"",""T1021"",""T1078"",""T1053"",""T1482""]",0.46927872602275644,0.46927872602275644
F1_RR5_oracle,ctid::turla_snake::unknown::0016,ctid,turla_snake::unknown,"[""T1003"",""T1550"",""T1021"",""T1078"",""T1482""]",0.7653606369886217,0.6713860725233041
F2_C1R_oracle,ctid::turla_snake::unknown::0016,ctid,turla_snake::unknown,"[""T1003"",""T1021"",""T1078"",""T1550"",""T1070""]",0.8529278650606567,0.6713860725233041
F3_OSER_oracle,ctid::turla_snake::unknown::0016,ctid,turla_snake::unknown,"[""T1003"",""T1021"",""T1078"",""T1550"",""T1482""]",0.6713860725233041,0.6713860725233041
F4_LCB_RS_oracle,ctid::turla_snake::unknown::0016,ctid,turla_snake::unknown,"[""T1003"",""T1021"",""T1078"",""T1550"",""T1482""]",0.6713860725233041,0.6713860725233041
F5_LCTR5_oracle,ctid::turla_snake::unknown::0016,ctid,turla_snake::unknown,"[""T1003"",""T1550"",""T1021"",""T1078"",""T1482""]",0.7653606369886217,0.6713860725233041
F1_RR5_oracle,ctid::turla_snake::unknown::0017,ctid,turla_snake::unknown,"[""T1021"",""T1078"",""T1003"",""T1105"",""T1059""]",0.0,0.0
F2_C1R_oracle,ctid::turla_snake::unknown::0017,ctid,turla_snake::unknown,"[""T1021"",""T1078"",""T1003"",""T1105"",""T1059""]",0.0,0.0
F3_OSER_oracle,ctid::turla_snake::unknown::0017,ctid,turla_snake::unknown,"[""T1021"",""T1078"",""T1003"",""T1105"",""T1059""]",0.0,0.0
F4_LCB_RS_oracle,ctid::turla_snake::unknown::0017,ctid,turla_snake::unknown,"[""T1021"",""T1078"",""T1003"",""T1105"",""T1059""]",0.0,0.0
F5_LCTR5_oracle,ctid::turla_snake::unknown::0017,ctid,turla_snake::unknown,"[""T1021"",""T1078"",""T1003"",""T1105"",""T1059""]",0.0,0.0
F1_RR5_oracle,ctid::turla_snake::unknown::0018,ctid,turla_snake::unknown,"[""T1021"",""T1078"",""T1005"",""T1083"",""T1106""]",0.0,0.0
F2_C1R_oracle,ctid::turla_snake::unknown::0018,ctid,turla_snake::unknown,"[""T1021"",""T1078"",""T1005"",""T1083"",""T1070""]",0.18154179253735267,0.0
F3_OSER_oracle,ctid::turla_snake::unknown::0018,ctid,turla_snake::unknown,"[""T1105"",""T1021"",""T1070"",""T1562"",""T1018""]",0.23463936301137822,0.0
F4_LCB_RS_oracle,ctid::turla_snake::unknown::0018,ctid,turla_snake::unknown,"[""T1021"",""T1078"",""T1005"",""T1083"",""T1106""]",0.0,0.0
F5_LCTR5_oracle,ctid::turla_snake::unknown::0018,ctid,turla_snake::unknown,"[""T1021"",""T1078"",""T1005"",""T1083"",""T1106""]",0.0,0.0
F1_RR5_oracle,ctid::turla_snake::unknown::0019,ctid,turla_snake::unknown,"[""T1021"",""T1005"",""T1078"",""T1053"",""T1041""]",0.0,0.0
F2_C1R_oracle,ctid::turla_snake::unknown::0019,ctid,turla_snake::unknown,"[""T1021"",""T1005"",""T1078"",""T1053"",""T1105""]",0.18154179253735267,0.0
F3_OSER_oracle,ctid::turla_snake::unknown::0019,ctid,turla_snake::unknown,"[""T1562"",""T1105"",""T1018"",""T1041"",""T1016""]",0.2960819109658652,0.0
F4_LCB_RS_oracle,ctid::turla_snake::unknown::0019,ctid,turla_snake::unknown,"[""T1021"",""T1005"",""T1078"",""T1053"",""T1041""]",0.0,0.0
F5_LCTR5_oracle,ctid::turla_snake::unknown::0019,ctid,turla_snake::unknown,"[""T1021"",""T1005"",""T1078"",""T1053"",""T1041""]",0.0,0.0
F1_RR5_oracle,ctid::turla_snake::unknown::0020,ctid,turla_snake::unknown,"[""T1021"",""T1078"",""T1005"",""T1041"",""T1053""]",0.0,0.0
F2_C1R_oracle,ctid::turla_snake::unknown::0020,ctid,turla_snake::unknown,"[""T1021"",""T1078"",""T1005"",""T1041"",""T1105""]",0.18154179253735267,0.0
F3_OSER_oracle,ctid::turla_snake::unknown::0020,ctid,turla_snake::unknown,"[""T1021"",""T1078"",""T1005"",""T1041"",""T1053""]",0.0,0.0
F4_LCB_RS_oracle,ctid::turla_snake::unknown::0020,ctid,turla_snake::unknown,"[""T1021"",""T1078"",""T1005"",""T1041"",""T1053""]",0.0,0.0
F5_LCTR5_oracle,ctid::turla_snake::unknown::0020,ctid,turla_snake::unknown,"[""T1021"",""T1078"",""T1005"",""T1041"",""T1053""]",0.0,0.0
F1_RR5_oracle,ctid::turla_snake::unknown::0021,ctid,turla_snake::unknown,"[""T1053"",""T1021"",""T1078"",""T1005"",""T1106""]",0.0,0.0
F2_C1R_oracle,ctid::turla_snake::unknown::0021,ctid,turla_snake::unknown,"[""T1053"",""T1021"",""T1078"",""T1005"",""T1570""]",0.18154179253735267,0.0
F3_OSER_oracle,ctid::turla_snake::unknown::0021,ctid,turla_snake::unknown,"[""T1021"",""T1016"",""T1562"",""T1570"",""T1573""]",0.20210734650054757,0.0
F4_LCB_RS_oracle,ctid::turla_snake::unknown::0021,ctid,turla_snake::unknown,"[""T1053"",""T1021"",""T1078"",""T1005"",""T1106""]",0.0,0.0
F5_LCTR5_oracle,ctid::turla_snake::unknown::0021,ctid,turla_snake::unknown,"[""T1053"",""T1021"",""T1078"",""T1005"",""T1106""]",0.0,0.0
F1_RR5_oracle,ctid::turla_snake::unknown::0022,ctid,turla_snake::unknown,"[""T1059"",""T1078"",""T1021"",""T1003"",""T1105""]",0.46927872602275644,0.46927872602275644
F2_C1R_oracle,ctid::turla_snake::unknown::0022,ctid,turla_snake::unknown,"[""T1059"",""T1078"",""T1021"",""T1003"",""T1505""]",0.6508205185601091,0.46927872602275644
F3_OSER_oracle,ctid::turla_snake::unknown::0022,ctid,turla_snake::unknown,"[""T1059"",""T1078"",""T1021"",""T1003"",""T1105""]",0.46927872602275644,0.46927872602275644
F4_LCB_RS_oracle,ctid::turla_snake::unknown::0022,ctid,turla_snake::unknown,"[""T1059"",""T1078"",""T1021"",""T1003"",""T1105""]",0.46927872602275644,0.46927872602275644
F5_LCTR5_oracle,ctid::turla_snake::unknown::0022,ctid,turla_snake::unknown,"[""T1059"",""T1078"",""T1021"",""T1003"",""T1105""]",0.46927872602275644,0.46927872602275644
F1_RR5_oracle,ctid::turla_snake::unknown::0023,ctid,turla_snake::unknown,"[""T1059"",""T1003"",""T1021"",""T1078"",""T1105""]",0.46927872602275644,0.18154179253735267
F2_C1R_oracle,ctid::turla_snake::unknown::0023,ctid,turla_snake::unknown,"[""T1003"",""T1021"",""T1078"",""T1105"",""T1059""]",0.18154179253735267,0.18154179253735267
F3_OSER_oracle,ctid::turla_snake::unknown::0023,ctid,turla_snake::unknown,"[""T1021"",""T1059"",""T1003"",""T1210"",""T1078""]",0.2960819109658652,0.18154179253735267
F4_LCB_RS_oracle,ctid::turla_snake::unknown::0023,ctid,turla_snake::unknown,"[""T1021"",""T1059"",""T1003"",""T1078"",""T1105""]",0.2960819109658652,0.18154179253735267
F5_LCTR5_oracle,ctid::turla_snake::unknown::0023,ctid,turla_snake::unknown,"[""T1021"",""T1059"",""T1003"",""T1078"",""T1105""]",0.2960819109658652,0.18154179253735267
F1_RR5_oracle,ctid::turla_snake::unknown::0024,ctid,turla_snake::unknown,"[""T1059"",""T1003"",""T1078"",""T1021"",""T1105""]",0.46927872602275644,0.46927872602275644
F2_C1R_oracle,ctid::turla_snake::unknown::0024,ctid,turla_snake::unknown,"[""T1059"",""T1003"",""T1078"",""T1021"",""T1105""]",0.46927872602275644,0.46927872602275644
F3_OSER_oracle,ctid::turla_snake::unknown::0024,ctid,turla_snake::unknown,"[""T1059"",""T1003"",""T1078"",""T1021"",""T1105""]",0.46927872602275644,0.46927872602275644
F4_LCB_RS_oracle,ctid::turla_snake::unknown::0024,ctid,turla_snake::unknown,"[""T1059"",""T1003"",""T1078"",""T1021"",""T1105""]",0.46927872602275644,0.46927872602275644
F5_LCTR5_oracle,ctid::turla_snake::unknown::0024,ctid,turla_snake::unknown,"[""T1059"",""T1003"",""T1078"",""T1021"",""T1105""]",0.46927872602275644,0.46927872602275644
F1_RR5_oracle,ctid::turla_snake::unknown::0025,ctid,turla_snake::unknown,"[""T1005"",""T1078"",""T1021"",""T1119"",""T1071""]",0.0,0.0
F2_C1R_oracle,ctid::turla_snake::unknown::0025,ctid,turla_snake::unknown,"[""T1005"",""T1078"",""T1021"",""T1119"",""T1070""]",0.18154179253735267,0.0
F3_OSER_oracle,ctid::turla_snake::unknown::0025,ctid,turla_snake::unknown,"[""T1005"",""T1078"",""T1021"",""T1119"",""T1071""]",0.0,0.0
F4_LCB_RS_oracle,ctid::turla_snake::unknown::0025,ctid,turla_snake::unknown,"[""T1005"",""T1078"",""T1021"",""T1119"",""T1071""]",0.0,0.0
F5_LCTR5_oracle,ctid::turla_snake::unknown::0025,ctid,turla_snake::unknown,"[""T1005"",""T1078"",""T1021"",""T1119"",""T1071""]",0.0,0.0
F1_RR5_oracle,ctid::turla_snake::unknown::0026,ctid,turla_snake::unknown,"[""T1003"",""T1078"",""T1021"",""T1105"",""T1059""]",0.0,0.0
F2_C1R_oracle,ctid::turla_snake::unknown::0026,ctid,turla_snake::unknown,"[""T1003"",""T1078"",""T1021"",""T1105"",""T1016""]",0.23719771276929622,0.0
F3_OSER_oracle,ctid::turla_snake::unknown::0026,ctid,turla_snake::unknown,"[""T1003"",""T1078"",""T1021"",""T1105"",""T1059""]",0.0,0.0
F4_LCB_RS_oracle,ctid::turla_snake::unknown::0026,ctid,turla_snake::unknown,"[""T1003"",""T1078"",""T1021"",""T1105"",""T1059""]",0.0,0.0
F5_LCTR5_oracle,ctid::turla_snake::unknown::0026,ctid,turla_snake::unknown,"[""T1003"",""T1078"",""T1021"",""T1105"",""T1059""]",0.0,0.0
F1_RR5_oracle,ctid::turla_snake::unknown::0027,ctid,turla_snake::unknown,"[""T1059"",""T1078"",""T1021"",""T1005"",""T1070""]",0.0,0.0
F2_C1R_oracle,ctid::turla_snake::unknown::0027,ctid,turla_snake::unknown,"[""T1059"",""T1078"",""T1021"",""T1005"",""T1070""]",0.0,0.0
F3_OSER_oracle,ctid::turla_snake::unknown::0027,ctid,turla_snake::unknown,"[""T1059"",""T1078"",""T1021"",""T1005"",""T1070""]",0.0,0.0
F4_LCB_RS_oracle,ctid::turla_snake::unknown::0027,ctid,turla_snake::unknown,"[""T1059"",""T1078"",""T1021"",""T1005"",""T1070""]",0.0,0.0
F5_LCTR5_oracle,ctid::turla_snake::unknown::0027,ctid,turla_snake::unknown,"[""T1059"",""T1078"",""T1021"",""T1005"",""T1070""]",0.0,0.0
F1_RR5_oracle,ctid::wizard_spider::unknown::0001,ctid,wizard_spider::unknown,"[""T1078"",""T1059"",""T1021"",""T1003"",""T1105""]",0.46927872602275644,0.2960819109658652
F2_C1R_oracle,ctid::wizard_spider::unknown::0001,ctid,wizard_spider::unknown,"[""T1059"",""T1078"",""T1021"",""T1003"",""T1105""]",0.2960819109658652,0.2960819109658652
F3_OSER_oracle,ctid::wizard_spider::unknown::0001,ctid,wizard_spider::unknown,"[""T1059"",""T1078"",""T1021"",""T1003"",""T1105""]",0.2960819109658652,0.2960819109658652
F4_LCB_RS_oracle,ctid::wizard_spider::unknown::0001,ctid,wizard_spider::unknown,"[""T1059"",""T1078"",""T1021"",""T1003"",""T1105""]",0.2960819109658652,0.2960819109658652
F5_LCTR5_oracle,ctid::wizard_spider::unknown::0001,ctid,wizard_spider::unknown,"[""T1059"",""T1078"",""T1021"",""T1003"",""T1105""]",0.2960819109658652,0.2960819109658652
F1_RR5_oracle,ctid::wizard_spider::unknown::0002,ctid,wizard_spider::unknown,"[""T1021"",""T1059"",""T1003"",""T1078"",""T1105""]",0.0,0.0
F2_C1R_oracle,ctid::wizard_spider::unknown::0002,ctid,wizard_spider::unknown,"[""T1021"",""T1059"",""T1003"",""T1078"",""T1105""]",0.0,0.0
F3_OSER_oracle,ctid::wizard_spider::unknown::0002,ctid,wizard_spider::unknown,"[""T1021"",""T1059"",""T1003"",""T1078"",""T1105""]",0.0,0.0
F4_LCB_RS_oracle,ctid::wizard_spider::unknown::0002,ctid,wizard_spider::unknown,"[""T1021"",""T1059"",""T1003"",""T1078"",""T1105""]",0.0,0.0
F5_LCTR5_oracle,ctid::wizard_spider::unknown::0002,ctid,wizard_spider::unknown,"[""T1021"",""T1059"",""T1003"",""T1078"",""T1105""]",0.0,0.0
F1_RR5_oracle,ctid::wizard_spider::unknown::0003,ctid,wizard_spider::unknown,"[""T1059"",""T1021"",""T1003"",""T1078"",""T1105""]",0.0,0.0
F2_C1R_oracle,ctid::wizard_spider::unknown::0003,ctid,wizard_spider::unknown,"[""T1059"",""T1021"",""T1003"",""T1078"",""T1547""]",0.18154179253735267,0.0
F3_OSER_oracle,ctid::wizard_spider::unknown::0003,ctid,wizard_spider::unknown,"[""T1059"",""T1105"",""T1547"",""T1218"",""T1027""]",0.23463936301137822,0.0
F4_LCB_RS_oracle,ctid::wizard_spider::unknown::0003,ctid,wizard_spider::unknown,"[""T1059"",""T1021"",""T1003"",""T1078"",""T1547""]",0.18154179253735267,0.0
F5_LCTR5_oracle,ctid::wizard_spider::unknown::0003,ctid,wizard_spider::unknown,"[""T1059"",""T1021"",""T1003"",""T1078"",""T1105""]",0.0,0.0
F1_RR5_oracle,ctid::wizard_spider::unknown::0004,ctid,wizard_spider::unknown,"[""T1059"",""T1021"",""T1003"",""T1078"",""T1547""]",0.0,0.0
F2_C1R_oracle,ctid::wizard_spider::unknown::0004,ctid,wizard_spider::unknown,"[""T1059"",""T1021"",""T1003"",""T1078"",""T1105""]",0.18154179253735267,0.0
F3_OSER_oracle,ctid::wizard_spider::unknown::0004,ctid,wizard_spider::unknown,"[""T1105"",""T1218"",""T1135"",""T1574"",""T1001""]",0.46927872602275644,0.0
F4_LCB_RS_oracle,ctid::wizard_spider::unknown::0004,ctid,wizard_spider::unknown,"[""T1059"",""T1021"",""T1003"",""T1078"",""T1105""]",0.18154179253735267,0.0
F5_LCTR5_oracle,ctid::wizard_spider::unknown::0004,ctid,wizard_spider::unknown,"[""T1059"",""T1021"",""T1003"",""T1078"",""T1547""]",0.0,0.0
F1_RR5_oracle,ctid::wizard_spider::unknown::0005,ctid,wizard_spider::unknown,"[""T1059"",""T1021"",""T1003"",""T1018"",""T1053""]",0.0,0.0
F2_C1R_oracle,ctid::wizard_spider::unknown::0005,ctid,wizard_spider::unknown,"[""T1059"",""T1021"",""T1003"",""T1018"",""T1105""]",0.18154179253735267,0.0
F3_OSER_oracle,ctid::wizard_spider::unknown::0005,ctid,wizard_spider::unknown,"[""T1105"",""T1018"",""T1041"",""T1564"",""T1070""]",0.46927872602275644,0.0
F4_LCB_RS_oracle,ctid::wizard_spider::unknown::0005,ctid,wizard_spider::unknown,"[""T1059"",""T1021"",""T1003"",""T1018"",""T1105""]",0.18154179253735267,0.0
F5_LCTR5_oracle,ctid::wizard_spider::unknown::0005,ctid,wizard_spider::unknown,"[""T1059"",""T1021"",""T1003"",""T1018"",""T1053""]",0.0,0.0
F1_RR5_oracle,ctid::wizard_spider::unknown::0006,ctid,wizard_spider::unknown,"[""T1059"",""T1003"",""T1021"",""T1018"",""T1053""]",0.0,0.0
F2_C1R_oracle,ctid::wizard_spider::unknown::0006,ctid,wizard_spider::unknown,"[""T1059"",""T1003"",""T1021"",""T1018"",""T1105""]",0.18154179253735267,0.0
F3_OSER_oracle,ctid::wizard_spider::unknown::0006,ctid,wizard_spider::unknown,"[""T1059"",""T1003"",""T1021"",""T1018"",""T1053""]",0.0,0.0
F4_LCB_RS_oracle,ctid::wizard_spider::unknown::0006,ctid,wizard_spider::unknown,"[""T1059"",""T1003"",""T1021"",""T1018"",""T1053""]",0.0,0.0
F5_LCTR5_oracle,ctid::wizard_spider::unknown::0006,ctid,wizard_spider::unknown,"[""T1059"",""T1003"",""T1021"",""T1018"",""T1053""]",0.0,0.0
F1_RR5_oracle,ctid::wizard_spider::unknown::0007,ctid,wizard_spider::unknown,"[""T1021"",""T1003"",""T1059"",""T1078"",""T1547""]",0.46927872602275644,0.2960819109658652
F2_C1R_oracle,ctid::wizard_spider::unknown::0007,ctid,wizard_spider::unknown,"[""T1003"",""T1021"",""T1059"",""T1078"",""T1547""]",0.2960819109658652,0.2960819109658652
F3_OSER_oracle,ctid::wizard_spider::unknown::0007,ctid,wizard_spider::unknown,"[""T1003"",""T1021"",""T1059"",""T1078"",""T1547""]",0.2960819109658652,0.2960819109658652
F4_LCB_RS_oracle,ctid::wizard_spider::unknown::0007,ctid,wizard_spider::unknown,"[""T1003"",""T1021"",""T1059"",""T1078"",""T1547""]",0.2960819109658652,0.2960819109658652
F5_LCTR5_oracle,ctid::wizard_spider::unknown::0007,ctid,wizard_spider::unknown,"[""T1021"",""T1003"",""T1059"",""T1078"",""T1547""]",0.46927872602275644,0.2960819109658652
F1_RR5_oracle,ctid::wizard_spider::unknown::0008,ctid,wizard_spider::unknown,"[""T1021"",""T1003"",""T1059"",""T1083"",""T1543""]",0.46927872602275644,0.23463936301137822
F2_C1R_oracle,ctid::wizard_spider::unknown::0008,ctid,wizard_spider::unknown,"[""T1003"",""T1059"",""T1021"",""T1083"",""T1105""]",0.41618115554873086,0.23463936301137822
F3_OSER_oracle,ctid::wizard_spider::unknown::0008,ctid,wizard_spider::unknown,"[""T1003"",""T1059"",""T1021"",""T1083"",""T1543""]",0.23463936301137822,0.23463936301137822
F4_LCB_RS_oracle,ctid::wizard_spider::unknown::0008,ctid,wizard_spider::unknown,"[""T1003"",""T1021"",""T1083"",""T1059"",""T1543""]",0.2960819109658652,0.23463936301137822
F5_LCTR5_oracle,ctid::wizard_spider::unknown::0008,ctid,wizard_spider::unknown,"[""T1003"",""T1059"",""T1021"",""T1083"",""T1543""]",0.23463936301137822,0.23463936301137822
F1_RR5_oracle,ctid::wizard_spider::unknown::0009,ctid,wizard_spider::unknown,"[""T1021"",""T1005"",""T1003"",""T1059"",""T1078""]",0.46927872602275644,0.23463936301137822
F2_C1R_oracle,ctid::wizard_spider::unknown::0009,ctid,wizard_spider::unknown,"[""T1005"",""T1003"",""T1021"",""T1059"",""T1105""]",0.41618115554873086,0.23463936301137822
F3_OSER_oracle,ctid::wizard_spider::unknown::0009,ctid,wizard_spider::unknown,"[""T1005"",""T1074"",""T1059"",""T1105"",""T1021""]",0.38364913903790027,0.23463936301137822
F4_LCB_RS_oracle,ctid::wizard_spider::unknown::0009,ctid,wizard_spider::unknown,"[""T1005"",""T1003"",""T1021"",""T1059"",""T1078""]",0.23463936301137822,0.23463936301137822
F5_LCTR5_oracle,ctid::wizard_spider::unknown::0009,ctid,wizard_spider::unknown,"[""T1005"",""T1003"",""T1021"",""T1059"",""T1078""]",0.23463936301137822,0.23463936301137822
F1_RR5_oracle,ctid::wizard_spider::unknown::0010,ctid,wizard_spider::unknown,"[""T1005"",""T1083"",""T1018"",""T1053"",""T1136""]",0.0,0.0
F2_C1R_oracle,ctid::wizard_spider::unknown::0010,ctid,wizard_spider::unknown,"[""T1005"",""T1083"",""T1018"",""T1053"",""T1105""]",0.18154179253735267,0.0
F3_OSER_oracle,ctid::wizard_spider::unknown::0010,ctid,wizard_spider::unknown,"[""T1021"",""T1105"",""T1041"",""T1560"",""T1005""]",0.2960819109658652,0.0
F4_LCB_RS_oracle,ctid::wizard_spider::unknown::0010,ctid,wizard_spider::unknown,"[""T1005"",""T1083"",""T1018"",""T1053"",""T1136""]",0.0,0.0
F5_LCTR5_oracle,ctid::wizard_spider::unknown::0010,ctid,wizard_spider::unknown,"[""T1005"",""T1083"",""T1018"",""T1053"",""T1136""]",0.0,0.0
F1_RR5_oracle,ctid::wizard_spider::unknown::0011,ctid,wizard_spider::unknown,"[""T1003"",""T1021"",""T1059"",""T1083"",""T1114""]",0.0,0.0
F2_C1R_oracle,ctid::wizard_spider::unknown::0011,ctid,wizard_spider::unknown,"[""T1003"",""T1021"",""T1059"",""T1083"",""T1114""]",0.0,0.0
F3_OSER_oracle,ctid::wizard_spider::unknown::0011,ctid,wizard_spider::unknown,"[""T1003"",""T1021"",""T1059"",""T1083"",""T1114""]",0.0,0.0
F4_LCB_RS_oracle,ctid::wizard_spider::unknown::0011,ctid,wizard_spider::unknown,"[""T1003"",""T1021"",""T1059"",""T1083"",""T1114""]",0.0,0.0
F5_LCTR5_oracle,ctid::wizard_spider::unknown::0011,ctid,wizard_spider::unknown,"[""T1003"",""T1021"",""T1059"",""T1083"",""T1114""]",0.0,0.0
F1_RR5_oracle,ctid::wizard_spider::unknown::0012,ctid,wizard_spider::unknown,"[""T1059"",""T1003"",""T1021"",""T1105"",""T1114""]",0.0,0.0
F2_C1R_oracle,ctid::wizard_spider::unknown::0012,ctid,wizard_spider::unknown,"[""T1059"",""T1003"",""T1021"",""T1105"",""T1114""]",0.0,0.0
F3_OSER_oracle,ctid::wizard_spider::unknown::0012,ctid,wizard_spider::unknown,"[""T1059"",""T1003"",""T1021"",""T1105"",""T1114""]",0.0,0.0
F4_LCB_RS_oracle,ctid::wizard_spider::unknown::0012,ctid,wizard_spider::unknown,"[""T1059"",""T1003"",""T1021"",""T1105"",""T1114""]",0.0,0.0
F5_LCTR5_oracle,ctid::wizard_spider::unknown::0012,ctid,wizard_spider::unknown,"[""T1059"",""T1003"",""T1021"",""T1105"",""T1114""]",0.0,0.0
F1_RR5_oracle,ctid::wizard_spider::unknown::0013,ctid,wizard_spider::unknown,"[""T1003"",""T1021"",""T1059"",""T1547"",""T1114""]",0.0,0.0
F2_C1R_oracle,ctid::wizard_spider::unknown::0013,ctid,wizard_spider::unknown,"[""T1003"",""T1021"",""T1059"",""T1547"",""T1114""]",0.0,0.0
F3_OSER_oracle,ctid::wizard_spider::unknown::0013,ctid,wizard_spider::unknown,"[""T1003"",""T1021"",""T1059"",""T1547"",""T1114""]",0.0,0.0
F4_LCB_RS_oracle,ctid::wizard_spider::unknown::0013,ctid,wizard_spider::unknown,"[""T1003"",""T1021"",""T1059"",""T1547"",""T1114""]",0.0,0.0
F5_LCTR5_oracle,ctid::wizard_spider::unknown::0013,ctid,wizard_spider::unknown,"[""T1003"",""T1021"",""T1059"",""T1547"",""T1114""]",0.0,0.0
F1_RR5_oracle,ctid::wizard_spider::unknown::0014,ctid,wizard_spider::unknown,"[""T1003"",""T1021"",""T1059"",""T1547"",""T1114""]",0.0,0.0
F2_C1R_oracle,ctid::wizard_spider::unknown::0014,ctid,wizard_spider::unknown,"[""T1003"",""T1021"",""T1059"",""T1547"",""T1016""]",0.18154179253735267,0.0
F3_OSER_oracle,ctid::wizard_spider::unknown::0014,ctid,wizard_spider::unknown,"[""T1016"",""T1057"",""T1135"",""T1087"",""T1059""]",0.46927872602275644,0.0
F4_LCB_RS_oracle,ctid::wizard_spider::unknown::0014,ctid,wizard_spider::unknown,"[""T1003"",""T1021"",""T1059"",""T1547"",""T1016""]",0.18154179253735267,0.0
F5_LCTR5_oracle,ctid::wizard_spider::unknown::0014,ctid,wizard_spider::unknown,"[""T1003"",""T1021"",""T1059"",""T1547"",""T1114""]",0.0,0.0
F1_RR5_oracle,ctid::wizard_spider::unknown::0015,ctid,wizard_spider::unknown,"[""T1003"",""T1021"",""T1105"",""T1059"",""T1078""]",0.0,0.0
F2_C1R_oracle,ctid::wizard_spider::unknown::0015,ctid,wizard_spider::unknown,"[""T1003"",""T1021"",""T1105"",""T1059"",""T1078""]",0.0,0.0
F3_OSER_oracle,ctid::wizard_spider::unknown::0015,ctid,wizard_spider::unknown,"[""T1003"",""T1021"",""T1105"",""T1059"",""T1078""]",0.0,0.0
F4_LCB_RS_oracle,ctid::wizard_spider::unknown::0015,ctid,wizard_spider::unknown,"[""T1003"",""T1021"",""T1105"",""T1059"",""T1078""]",0.0,0.0
F5_LCTR5_oracle,ctid::wizard_spider::unknown::0015,ctid,wizard_spider::unknown,"[""T1003"",""T1021"",""T1105"",""T1059"",""T1078""]",0.0,0.0
F1_RR5_oracle,ctid::wizard_spider::unknown::0016,ctid,wizard_spider::unknown,"[""T1003"",""T1059"",""T1021"",""T1543"",""T1105""]",0.0,0.0
F2_C1R_oracle,ctid::wizard_spider::unknown::0016,ctid,wizard_spider::unknown,"[""T1003"",""T1059"",""T1021"",""T1543"",""T1105""]",0.0,0.0
F3_OSER_oracle,ctid::wizard_spider::unknown::0016,ctid,wizard_spider::unknown,"[""T1003"",""T1059"",""T1021"",""T1543"",""T1105""]",0.0,0.0
F4_LCB_RS_oracle,ctid::wizard_spider::unknown::0016,ctid,wizard_spider::unknown,"[""T1003"",""T1059"",""T1021"",""T1543"",""T1105""]",0.0,0.0
F5_LCTR5_oracle,ctid::wizard_spider::unknown::0016,ctid,wizard_spider::unknown,"[""T1003"",""T1059"",""T1021"",""T1543"",""T1105""]",0.0,0.0
F1_RR5_oracle,ctid::wizard_spider::unknown::0017,ctid,wizard_spider::unknown,"[""T1003"",""T1021"",""T1059"",""T1078"",""T1105""]",0.0,0.0
F2_C1R_oracle,ctid::wizard_spider::unknown::0017,ctid,wizard_spider::unknown,"[""T1003"",""T1021"",""T1059"",""T1078"",""T1105""]",0.0,0.0
F3_OSER_oracle,ctid::wizard_spider::unknown::0017,ctid,wizard_spider::unknown,"[""T1003"",""T1021"",""T1059"",""T1078"",""T1105""]",0.0,0.0
F4_LCB_RS_oracle,ctid::wizard_spider::unknown::0017,ctid,wizard_spider::unknown,"[""T1003"",""T1021"",""T1059"",""T1078"",""T1105""]",0.0,0.0
F5_LCTR5_oracle,ctid::wizard_spider::unknown::0017,ctid,wizard_spider::unknown,"[""T1003"",""T1021"",""T1059"",""T1078"",""T1105""]",0.0,0.0
F1_RR5_oracle,ctid::wizard_spider::unknown::0019,ctid,wizard_spider::unknown,"[""T1021"",""T1003"",""T1059"",""T1114"",""T1547""]",0.46927872602275644,0.2960819109658652
F2_C1R_oracle,ctid::wizard_spider::unknown::0019,ctid,wizard_spider::unknown,"[""T1003"",""T1021"",""T1059"",""T1114"",""T1105""]",0.4776237035032179,0.2960819109658652
F3_OSER_oracle,ctid::wizard_spider::unknown::0019,ctid,wizard_spider::unknown,"[""T1021"",""T1018"",""T1016"",""T1518"",""T1217""]",0.46927872602275644,0.2960819109658652
F4_LCB_RS_oracle,ctid::wizard_spider::unknown::0019,ctid,wizard_spider::unknown,"[""T1021"",""T1059"",""T1003"",""T1114"",""T1547""]",0.46927872602275644,0.2960819109658652
F5_LCTR5_oracle,ctid::wizard_spider::unknown::0019,ctid,wizard_spider::unknown,"[""T1021"",""T1003"",""T1059"",""T1114"",""T1547""]",0.46927872602275644,0.2960819109658652
F1_RR5_oracle,ctid::wizard_spider::unknown::0020,ctid,wizard_spider::unknown,"[""T1021"",""T1105"",""T1003"",""T1059"",""T1078""]",1.0,0.6240505200038379
F2_C1R_oracle,ctid::wizard_spider::unknown::0020,ctid,wizard_spider::unknown,"[""T1003"",""T1021"",""T1059"",""T1078"",""T1105""]",0.6240505200038379,0.6240505200038379
F3_OSER_oracle,ctid::wizard_spider::unknown::0020,ctid,wizard_spider::unknown,"[""T1003"",""T1021"",""T1059"",""T1078"",""T1105""]",0.6240505200038379,0.6240505200038379
F4_LCB_RS_oracle,ctid::wizard_spider::unknown::0020,ctid,wizard_spider::unknown,"[""T1105"",""T1021"",""T1003"",""T1059"",""T1078""]",1.0,0.6240505200038379
F5_LCTR5_oracle,ctid::wizard_spider::unknown::0020,ctid,wizard_spider::unknown,"[""T1003"",""T1021"",""T1059"",""T1078"",""T1105""]",0.6240505200038379,0.6240505200038379
F1_RR5_oracle,ctid::wizard_spider::unknown::0021,ctid,wizard_spider::unknown,"[""T1021"",""T1105"",""T1078"",""T1003"",""T1547""]",1.0,0.8772153153380493
F2_C1R_oracle,ctid::wizard_spider::unknown::0021,ctid,wizard_spider::unknown,"[""T1021"",""T1078"",""T1003"",""T1105"",""T1547""]",0.8772153153380493,0.8772153153380493
F3_OSER_oracle,ctid::wizard_spider::unknown::0021,ctid,wizard_spider::unknown,"[""T1021"",""T1105"",""T1041"",""T1560"",""T1005""]",1.0,0.8772153153380493
F4_LCB_RS_oracle,ctid::wizard_spider::unknown::0021,ctid,wizard_spider::unknown,"[""T1021"",""T1105"",""T1078"",""T1003"",""T1547""]",1.0,0.8772153153380493
F5_LCTR5_oracle,ctid::wizard_spider::unknown::0021,ctid,wizard_spider::unknown,"[""T1021"",""T1078"",""T1105"",""T1003"",""T1547""]",0.9197207891481876,0.8772153153380493
F1_RR5_oracle,ctid::wizard_spider::unknown::0022,ctid,wizard_spider::unknown,"[""T1021"",""T1105"",""T1558"",""T1003"",""T1482""]",0.7653606369886217,0.7653606369886217
F2_C1R_oracle,ctid::wizard_spider::unknown::0022,ctid,wizard_spider::unknown,"[""T1021"",""T1105"",""T1558"",""T1003"",""T1482""]",0.7653606369886217,0.7653606369886217
F3_OSER_oracle,ctid::wizard_spider::unknown::0022,ctid,wizard_spider::unknown,"[""T1021"",""T1105"",""T1558"",""T1003"",""T1482""]",0.7653606369886217,0.7653606369886217
F4_LCB_RS_oracle,ctid::wizard_spider::unknown::0022,ctid,wizard_spider::unknown,"[""T1021"",""T1105"",""T1558"",""T1003"",""T1482""]",0.7653606369886217,0.7653606369886217
F5_LCTR5_oracle,ctid::wizard_spider::unknown::0022,ctid,wizard_spider::unknown,"[""T1021"",""T1105"",""T1558"",""T1003"",""T1482""]",0.7653606369886217,0.7653606369886217
F1_RR5_oracle,ctid::wizard_spider::unknown::0023,ctid,wizard_spider::unknown,"[""T1105"",""T1021"",""T1003"",""T1078"",""T1059""]",0.46927872602275644,0.20210734650054757
F2_C1R_oracle,ctid::wizard_spider::unknown::0023,ctid,wizard_spider::unknown,"[""T1021"",""T1003"",""T1078"",""T1105"",""T1059""]",0.20210734650054757,0.20210734650054757
F3_OSER_oracle,ctid::wizard_spider::unknown::0023,ctid,wizard_spider::unknown,"[""T1021"",""T1105"",""T1041"",""T1560"",""T1005""]",0.2960819109658652,0.20210734650054757
F4_LCB_RS_oracle,ctid::wizard_spider::unknown::0023,ctid,wizard_spider::unknown,"[""T1021"",""T1105"",""T1003"",""T1078"",""T1059""]",0.2960819109658652,0.20210734650054757
F5_LCTR5_oracle,ctid::wizard_spider::unknown::0023,ctid,wizard_spider::unknown,"[""T1021"",""T1003"",""T1078"",""T1105"",""T1059""]",0.20210734650054757,0.20210734650054757
F1_RR5_oracle,ctid::wizard_spider::unknown::0024,ctid,wizard_spider::unknown,"[""T1003"",""T1021"",""T1105"",""T1059"",""T1078""]",0.46927872602275644,0.23463936301137822
F2_C1R_oracle,ctid::wizard_spider::unknown::0024,ctid,wizard_spider::unknown,"[""T1021"",""T1105"",""T1003"",""T1059"",""T1078""]",0.23463936301137822,0.23463936301137822
F3_OSER_oracle,ctid::wizard_spider::unknown::0024,ctid,wizard_spider::unknown,"[""T1021"",""T1105"",""T1003"",""T1059"",""T1078""]",0.23463936301137822,0.23463936301137822
F4_LCB_RS_oracle,ctid::wizard_spider::unknown::0024,ctid,wizard_spider::unknown,"[""T1021"",""T1105"",""T1003"",""T1059"",""T1078""]",0.23463936301137822,0.23463936301137822
F5_LCTR5_oracle,ctid::wizard_spider::unknown::0024,ctid,wizard_spider::unknown,"[""T1021"",""T1105"",""T1003"",""T1059"",""T1078""]",0.23463936301137822,0.23463936301137822
F1_RR5_oracle,ctid::wizard_spider::unknown::0025,ctid,wizard_spider::unknown,"[""T1105"",""T1003"",""T1021"",""T1482"",""T1059""]",0.7653606369886217,0.5307212739772434
F2_C1R_oracle,ctid::wizard_spider::unknown::0025,ctid,wizard_spider::unknown,"[""T1021"",""T1105"",""T1003"",""T1482"",""T1059""]",0.5307212739772434,0.5307212739772434
F3_OSER_oracle,ctid::wizard_spider::unknown::0025,ctid,wizard_spider::unknown,"[""T1021"",""T1105"",""T1003"",""T1482"",""T1059""]",0.5307212739772434,0.5307212739772434
F4_LCB_RS_oracle,ctid::wizard_spider::unknown::0025,ctid,wizard_spider::unknown,"[""T1105"",""T1021"",""T1003"",""T1482"",""T1059""]",0.7039180890341347,0.5307212739772434
F5_LCTR5_oracle,ctid::wizard_spider::unknown::0025,ctid,wizard_spider::unknown,"[""T1105"",""T1021"",""T1059"",""T1003"",""T1482""]",0.6713860725233041,0.5307212739772434
F1_RR5_oracle,ctid::wizard_spider::unknown::0026,ctid,wizard_spider::unknown,"[""T1105"",""T1003"",""T1021"",""T1486"",""T1070""]",0.7653606369886217,0.4776237035032179
F2_C1R_oracle,ctid::wizard_spider::unknown::0026,ctid,wizard_spider::unknown,"[""T1021"",""T1105"",""T1486"",""T1070"",""T1003""]",0.4776237035032179,0.4776237035032179
F3_OSER_oracle,ctid::wizard_spider::unknown::0026,ctid,wizard_spider::unknown,"[""T1021"",""T1105"",""T1486"",""T1070"",""T1003""]",0.4776237035032179,0.4776237035032179
F4_LCB_RS_oracle,ctid::wizard_spider::unknown::0026,ctid,wizard_spider::unknown,"[""T1021"",""T1105"",""T1070"",""T1003"",""T1486""]",0.49818925746641285,0.4776237035032179
F5_LCTR5_oracle,ctid::wizard_spider::unknown::0026,ctid,wizard_spider::unknown,"[""T1021"",""T1105"",""T1486"",""T1070"",""T1003""]",0.4776237035032179,0.4776237035032179
F1_RR5_oracle,ctid::wizard_spider::unknown::0027,ctid,wizard_spider::unknown,"[""T1105"",""T1003"",""T1021"",""T1482"",""T1078""]",0.6131471927654584,0.3065735963827292
F2_C1R_oracle,ctid::wizard_spider::unknown::0027,ctid,wizard_spider::unknown,"[""T1003"",""T1021"",""T1105"",""T1482"",""T1078""]",0.3065735963827292,0.3065735963827292
F3_OSER_oracle,ctid::wizard_spider::unknown::0027,ctid,wizard_spider::unknown,"[""T1021"",""T1105"",""T1018"",""T1078"",""T1005""]",0.38685280723454163,0.3065735963827292
F4_LCB_RS_oracle,ctid::wizard_spider::unknown::0027,ctid,wizard_spider::unknown,"[""T1021"",""T1105"",""T1078"",""T1003"",""T1482""]",0.38685280723454163,0.3065735963827292
F5_LCTR5_oracle,ctid::wizard_spider::unknown::0027,ctid,wizard_spider::unknown,"[""T1003"",""T1021"",""T1105"",""T1482"",""T1078""]",0.3065735963827292,0.3065735963827292
F1_RR5_oracle,ctid::wizard_spider::unknown::0028,ctid,wizard_spider::unknown,"[""T1105"",""T1486"",""T1078"",""T1021"",""T1003""]",0.46927872602275644,0.20210734650054757
F2_C1R_oracle,ctid::wizard_spider::unknown::0028,ctid,wizard_spider::unknown,"[""T1486"",""T1078"",""T1021"",""T1105"",""T1003""]",0.20210734650054757,0.20210734650054757
F3_OSER_oracle,ctid::wizard_spider::unknown::0028,ctid,wizard_spider::unknown,"[""T1105"",""T1090"",""T1573"",""T1489"",""T1486""]",0.6713860725233041,0.20210734650054757
F4_LCB_RS_oracle,ctid::wizard_spider::unknown::0028,ctid,wizard_spider::unknown,"[""T1105"",""T1021"",""T1003"",""T1486"",""T1078""]",0.46927872602275644,0.20210734650054757
F5_LCTR5_oracle,ctid::wizard_spider::unknown::0028,ctid,wizard_spider::unknown,"[""T1105"",""T1021"",""T1486"",""T1078"",""T1003""]",0.46927872602275644,0.20210734650054757
F1_RR5_oracle,ctid::wizard_spider::unknown::0029,ctid,wizard_spider::unknown,"[""T1486"",""T1485"",""T1070"",""T1059"",""T1005""]",0.0,0.0
F2_C1R_oracle,ctid::wizard_spider::unknown::0029,ctid,wizard_spider::unknown,"[""T1486"",""T1485"",""T1070"",""T1059"",""T1105""]",0.23719771276929622,0.0
F3_OSER_oracle,ctid::wizard_spider::unknown::0029,ctid,wizard_spider::unknown,"[""T1529"",""T1485"",""T1561"",""T1490"",""T1486""]",0.2640681225725909,0.0
F4_LCB_RS_oracle,ctid::wizard_spider::unknown::0029,ctid,wizard_spider::unknown,"[""T1486"",""T1485"",""T1070"",""T1059"",""T1005""]",0.0,0.0
F5_LCTR5_oracle,ctid::wizard_spider::unknown::0029,ctid,wizard_spider::unknown,"[""T1486"",""T1485"",""T1070"",""T1059"",""T1005""]",0.0,0.0
F1_RR5_oracle,ctid::wizard_spider::unknown::0030,ctid,wizard_spider::unknown,"[""T1486"",""T1105"",""T1489"",""T1078"",""T1003""]",0.7653606369886217,0.6713860725233041
F2_C1R_oracle,ctid::wizard_spider::unknown::0030,ctid,wizard_spider::unknown,"[""T1486"",""T1489"",""T1078"",""T1105"",""T1003""]",0.6713860725233041,0.6713860725233041
F3_OSER_oracle,ctid::wizard_spider::unknown::0030,ctid,wizard_spider::unknown,"[""T1486"",""T1489"",""T1078"",""T1105"",""T1003""]",0.6713860725233041,0.6713860725233041
F4_LCB_RS_oracle,ctid::wizard_spider::unknown::0030,ctid,wizard_spider::unknown,"[""T1105"",""T1489"",""T1486"",""T1078"",""T1003""]",0.7039180890341347,0.6713860725233041
F5_LCTR5_oracle,ctid::wizard_spider::unknown::0030,ctid,wizard_spider::unknown,"[""T1486"",""T1105"",""T1489"",""T1078"",""T1003""]",0.7653606369886217,0.6713860725233041
F1_RR5_oracle,ctid::wizard_spider::unknown::0031,ctid,wizard_spider::unknown,"[""T1486"",""T1021"",""T1105"",""T1078"",""T1490""]",1.0,0.9060254355346823
F2_C1R_oracle,ctid::wizard_spider::unknown::0031,ctid,wizard_spider::unknown,"[""T1486"",""T1078"",""T1021"",""T1105"",""T1490""]",0.9060254355346823,0.9060254355346823
F3_OSER_oracle,ctid::wizard_spider::unknown::0031,ctid,wizard_spider::unknown,"[""T1486"",""T1078"",""T1021"",""T1105"",""T1490""]",0.9060254355346823,0.9060254355346823
F4_LCB_RS_oracle,ctid::wizard_spider::unknown::0031,ctid,wizard_spider::unknown,"[""T1105"",""T1021"",""T1078"",""T1486"",""T1490""]",0.9674679834891693,0.9060254355346823
F5_LCTR5_oracle,ctid::wizard_spider::unknown::0031,ctid,wizard_spider::unknown,"[""T1486"",""T1078"",""T1021"",""T1105"",""T1490""]",0.9060254355346823,0.9060254355346823
F1_RR5_oracle,ctid::wizard_spider::unknown::0032,ctid,wizard_spider::unknown,"[""T1486"",""T1021"",""T1070"",""T1005"",""T1105""]",1.0,0.9197207891481876
F2_C1R_oracle,ctid::wizard_spider::unknown::0032,ctid,wizard_spider::unknown,"[""T1486"",""T1070"",""T1021"",""T1005"",""T1105""]",0.9197207891481876,0.9197207891481876
F3_OSER_oracle,ctid::wizard_spider::unknown::0032,ctid,wizard_spider::unknown,"[""T1486"",""T1070"",""T1021"",""T1005"",""T1105""]",0.9197207891481876,0.9197207891481876
F4_LCB_RS_oracle,ctid::wizard_spider::unknown::0032,ctid,wizard_spider::unknown,"[""T1486"",""T1070"",""T1021"",""T1005"",""T1105""]",0.9197207891481876,0.9197207891481876
F5_LCTR5_oracle,ctid::wizard_spider::unknown::0032,ctid,wizard_spider::unknown,"[""T1486"",""T1021"",""T1070"",""T1005"",""T1105""]",1.0,0.9197207891481876
F1_RR5_oracle,ctid::wizard_spider::unknown::0033,ctid,wizard_spider::unknown,"[""T1070"",""T1485"",""T1005"",""T1078"",""T1547""]",0.0,0.0
F2_C1R_oracle,ctid::wizard_spider::unknown::0033,ctid,wizard_spider::unknown,"[""T1070"",""T1485"",""T1005"",""T1078"",""T1021""]",0.38685280723454163,0.0
F3_OSER_oracle,ctid::wizard_spider::unknown::0033,ctid,wizard_spider::unknown,"[""T1070"",""T1485"",""T1005"",""T1078"",""T1547""]",0.0,0.0
F4_LCB_RS_oracle,ctid::wizard_spider::unknown::0033,ctid,wizard_spider::unknown,"[""T1070"",""T1485"",""T1005"",""T1078"",""T1547""]",0.0,0.0
F5_LCTR5_oracle,ctid::wizard_spider::unknown::0033,ctid,wizard_spider::unknown,"[""T1070"",""T1485"",""T1005"",""T1078"",""T1547""]",0.0,0.0
F1_RR5_oracle,stockpile::01c96671-afd3-47d4-8d31-8c116cc0221a::0001,stockpile,01c96671-afd3-47d4-8d31-8c116cc0221a,"[""T1560"",""T1005"",""T1074"",""T1041"",""T1020""]",0.6131471927654584,0.3065735963827292
F2_C1R_oracle,stockpile::01c96671-afd3-47d4-8d31-8c116cc0221a::0001,stockpile,01c96671-afd3-47d4-8d31-8c116cc0221a,"[""T1005"",""T1074"",""T1560"",""T1041"",""T1020""]",0.3065735963827292,0.3065735963827292
F3_OSER_oracle,stockpile::01c96671-afd3-47d4-8d31-8c116cc0221a::0001,stockpile,01c96671-afd3-47d4-8d31-8c116cc0221a,"[""T1041"",""T1560"",""T1005"",""T1074"",""T1071""]",0.38685280723454163,0.3065735963827292
F4_LCB_RS_oracle,stockpile::01c96671-afd3-47d4-8d31-8c116cc0221a::0001,stockpile,01c96671-afd3-47d4-8d31-8c116cc0221a,"[""T1041"",""T1560"",""T1005"",""T1074"",""T1020""]",0.38685280723454163,0.3065735963827292
F5_LCTR5_oracle,stockpile::01c96671-afd3-47d4-8d31-8c116cc0221a::0001,stockpile,01c96671-afd3-47d4-8d31-8c116cc0221a,"[""T1005"",""T1074"",""T1560"",""T1041"",""T1020""]",0.3065735963827292,0.3065735963827292
F1_RR5_oracle,stockpile::01c96671-afd3-47d4-8d31-8c116cc0221a::0002,stockpile,01c96671-afd3-47d4-8d31-8c116cc0221a,"[""T1005"",""T1074"",""T1560"",""T1041"",""T1105""]",0.0,0.0
F2_C1R_oracle,stockpile::01c96671-afd3-47d4-8d31-8c116cc0221a::0002,stockpile,01c96671-afd3-47d4-8d31-8c116cc0221a,"[""T1005"",""T1074"",""T1560"",""T1041"",""T1567""]",0.38685280723454163,0.0
F3_OSER_oracle,stockpile::01c96671-afd3-47d4-8d31-8c116cc0221a::0002,stockpile,01c96671-afd3-47d4-8d31-8c116cc0221a,"[""T1041"",""T1071"",""T1105"",""T1567"",""T1090""]",0.43067655807339306,0.0
F4_LCB_RS_oracle,stockpile::01c96671-afd3-47d4-8d31-8c116cc0221a::0002,stockpile,01c96671-afd3-47d4-8d31-8c116cc0221a,"[""T1005"",""T1074"",""T1560"",""T1041"",""T1105""]",0.0,0.0
F5_LCTR5_oracle,stockpile::01c96671-afd3-47d4-8d31-8c116cc0221a::0002,stockpile,01c96671-afd3-47d4-8d31-8c116cc0221a,"[""T1005"",""T1074"",""T1560"",""T1041"",""T1105""]",0.0,0.0
F1_RR5_oracle,stockpile::01d77744-2515-401a-a497-d9f7241aac3c::0001,stockpile,01d77744-2515-401a-a497-d9f7241aac3c,"[""T1082"",""T1069"",""T1057"",""T1018"",""T1078""]",0.0,0.0
F2_C1R_oracle,stockpile::01d77744-2515-401a-a497-d9f7241aac3c::0001,stockpile,01d77744-2515-401a-a497-d9f7241aac3c,"[""T1082"",""T1069"",""T1057"",""T1018"",""T1016""]",0.23719771276929622,0.0
F3_OSER_oracle,stockpile::01d77744-2515-401a-a497-d9f7241aac3c::0001,stockpile,01d77744-2515-401a-a497-d9f7241aac3c,"[""T1105"",""T1082"",""T1016"",""T1057"",""T1083""]",0.5437713091520254,0.0
F4_LCB_RS_oracle,stockpile::01d77744-2515-401a-a497-d9f7241aac3c::0001,stockpile,01d77744-2515-401a-a497-d9f7241aac3c,"[""T1082"",""T1069"",""T1057"",""T1018"",""T1078""]",0.0,0.0
F5_LCTR5_oracle,stockpile::01d77744-2515-401a-a497-d9f7241aac3c::0001,stockpile,01d77744-2515-401a-a497-d9f7241aac3c,"[""T1082"",""T1069"",""T1057"",""T1018"",""T1078""]",0.0,0.0
F1_RR5_oracle,stockpile::01d77744-2515-401a-a497-d9f7241aac3c::0002,stockpile,01d77744-2515-401a-a497-d9f7241aac3c,"[""T1016"",""T1082"",""T1057"",""T1069"",""T1007""]",0.46927872602275644,0.2960819109658652
F2_C1R_oracle,stockpile::01d77744-2515-401a-a497-d9f7241aac3c::0002,stockpile,01d77744-2515-401a-a497-d9f7241aac3c,"[""T1082"",""T1016"",""T1057"",""T1069"",""T1007""]",0.2960819109658652,0.2960819109658652
F3_OSER_oracle,stockpile::01d77744-2515-401a-a497-d9f7241aac3c::0002,stockpile,01d77744-2515-401a-a497-d9f7241aac3c,"[""T1082"",""T1016"",""T1057"",""T1069"",""T1007""]",0.2960819109658652,0.2960819109658652
F4_LCB_RS_oracle,stockpile::01d77744-2515-401a-a497-d9f7241aac3c::0002,stockpile,01d77744-2515-401a-a497-d9f7241aac3c,"[""T1082"",""T1016"",""T1057"",""T1069"",""T1007""]",0.2960819109658652,0.2960819109658652
F5_LCTR5_oracle,stockpile::01d77744-2515-401a-a497-d9f7241aac3c::0002,stockpile,01d77744-2515-401a-a497-d9f7241aac3c,"[""T1082"",""T1016"",""T1057"",""T1069"",""T1007""]",0.2960819109658652,0.2960819109658652
F1_RR5_oracle,stockpile::01d77744-2515-401a-a497-d9f7241aac3c::0003,stockpile,01d77744-2515-401a-a497-d9f7241aac3c,"[""T1083"",""T1005"",""T1012"",""T1082"",""T1057""]",0.0,0.0
F2_C1R_oracle,stockpile::01d77744-2515-401a-a497-d9f7241aac3c::0003,stockpile,01d77744-2515-401a-a497-d9f7241aac3c,"[""T1083"",""T1005"",""T1012"",""T1082"",""T1057""]",0.0,0.0
F3_OSER_oracle,stockpile::01d77744-2515-401a-a497-d9f7241aac3c::0003,stockpile,01d77744-2515-401a-a497-d9f7241aac3c,"[""T1083"",""T1005"",""T1012"",""T1082"",""T1057""]",0.0,0.0
F4_LCB_RS_oracle,stockpile::01d77744-2515-401a-a497-d9f7241aac3c::0003,stockpile,01d77744-2515-401a-a497-d9f7241aac3c,"[""T1083"",""T1005"",""T1012"",""T1082"",""T1057""]",0.0,0.0
F5_LCTR5_oracle,stockpile::01d77744-2515-401a-a497-d9f7241aac3c::0003,stockpile,01d77744-2515-401a-a497-d9f7241aac3c,"[""T1083"",""T1005"",""T1012"",""T1082"",""T1057""]",0.0,0.0
F1_RR5_oracle,stockpile::01d77744-2515-401a-a497-d9f7241aac3c::0004,stockpile,01d77744-2515-401a-a497-d9f7241aac3c,"[""T1082"",""T1057"",""T1012"",""T1069"",""T1007""]",0.0,0.0
F2_C1R_oracle,stockpile::01d77744-2515-401a-a497-d9f7241aac3c::0004,stockpile,01d77744-2515-401a-a497-d9f7241aac3c,"[""T1082"",""T1057"",""T1012"",""T1069"",""T1007""]",0.0,0.0
F3_OSER_oracle,stockpile::01d77744-2515-401a-a497-d9f7241aac3c::0004,stockpile,01d77744-2515-401a-a497-d9f7241aac3c,"[""T1082"",""T1057"",""T1012"",""T1069"",""T1007""]",0.0,0.0
F4_LCB_RS_oracle,stockpile::01d77744-2515-401a-a497-d9f7241aac3c::0004,stockpile,01d77744-2515-401a-a497-d9f7241aac3c,"[""T1082"",""T1057"",""T1012"",""T1069"",""T1007""]",0.0,0.0
F5_LCTR5_oracle,stockpile::01d77744-2515-401a-a497-d9f7241aac3c::0004,stockpile,01d77744-2515-401a-a497-d9f7241aac3c,"[""T1082"",""T1057"",""T1012"",""T1069"",""T1007""]",0.0,0.0
F1_RR5_oracle,stockpile::01d77744-2515-401a-a497-d9f7241aac3c::0005,stockpile,01d77744-2515-401a-a497-d9f7241aac3c,"[""T1082"",""T1057"",""T1069"",""T1033"",""T1012""]",0.0,0.0
F2_C1R_oracle,stockpile::01d77744-2515-401a-a497-d9f7241aac3c::0005,stockpile,01d77744-2515-401a-a497-d9f7241aac3c,"[""T1082"",""T1057"",""T1069"",""T1033"",""T1012""]",0.0,0.0
F3_OSER_oracle,stockpile::01d77744-2515-401a-a497-d9f7241aac3c::0005,stockpile,01d77744-2515-401a-a497-d9f7241aac3c,"[""T1082"",""T1057"",""T1069"",""T1033"",""T1012""]",0.0,0.0
F4_LCB_RS_oracle,stockpile::01d77744-2515-401a-a497-d9f7241aac3c::0005,stockpile,01d77744-2515-401a-a497-d9f7241aac3c,"[""T1082"",""T1057"",""T1069"",""T1033"",""T1012""]",0.0,0.0
F5_LCTR5_oracle,stockpile::01d77744-2515-401a-a497-d9f7241aac3c::0005,stockpile,01d77744-2515-401a-a497-d9f7241aac3c,"[""T1082"",""T1057"",""T1069"",""T1033"",""T1012""]",0.0,0.0
F1_RR5_oracle,stockpile::01d77744-2515-401a-a497-d9f7241aac3c::0006,stockpile,01d77744-2515-401a-a497-d9f7241aac3c,"[""T1082"",""T1057"",""T1007"",""T1012"",""T1046""]",0.0,0.0
F2_C1R_oracle,stockpile::01d77744-2515-401a-a497-d9f7241aac3c::0006,stockpile,01d77744-2515-401a-a497-d9f7241aac3c,"[""T1082"",""T1057"",""T1007"",""T1012"",""T1046""]",0.0,0.0
F3_OSER_oracle,stockpile::01d77744-2515-401a-a497-d9f7241aac3c::0006,stockpile,01d77744-2515-401a-a497-d9f7241aac3c,"[""T1082"",""T1057"",""T1007"",""T1012"",""T1046""]",0.0,0.0
F4_LCB_RS_oracle,stockpile::01d77744-2515-401a-a497-d9f7241aac3c::0006,stockpile,01d77744-2515-401a-a497-d9f7241aac3c,"[""T1082"",""T1057"",""T1007"",""T1012"",""T1046""]",0.0,0.0
F5_LCTR5_oracle,stockpile::01d77744-2515-401a-a497-d9f7241aac3c::0006,stockpile,01d77744-2515-401a-a497-d9f7241aac3c,"[""T1082"",""T1057"",""T1007"",""T1012"",""T1046""]",0.0,0.0
F1_RR5_oracle,stockpile::09ad625e-6cba-490f-afe3-5417e7edb9c6::0001,stockpile,09ad625e-6cba-490f-afe3-5417e7edb9c6,"[""T1005"",""T1074"",""T1041"",""T1020"",""T1083""]",0.0,0.0
F2_C1R_oracle,stockpile::09ad625e-6cba-490f-afe3-5417e7edb9c6::0001,stockpile,09ad625e-6cba-490f-afe3-5417e7edb9c6,"[""T1005"",""T1074"",""T1041"",""T1020"",""T1560""]",0.23719771276929622,0.0
F3_OSER_oracle,stockpile::09ad625e-6cba-490f-afe3-5417e7edb9c6::0001,stockpile,09ad625e-6cba-490f-afe3-5417e7edb9c6,"[""T1041"",""T1560"",""T1005"",""T1074"",""T1071""]",0.38685280723454163,0.0
F4_LCB_RS_oracle,stockpile::09ad625e-6cba-490f-afe3-5417e7edb9c6::0001,stockpile,09ad625e-6cba-490f-afe3-5417e7edb9c6,"[""T1005"",""T1074"",""T1041"",""T1020"",""T1560""]",0.23719771276929622,0.0
F5_LCTR5_oracle,stockpile::09ad625e-6cba-490f-afe3-5417e7edb9c6::0001,stockpile,09ad625e-6cba-490f-afe3-5417e7edb9c6,"[""T1005"",""T1074"",""T1041"",""T1020"",""T1083""]",0.0,0.0
F1_RR5_oracle,stockpile::09ad625e-6cba-490f-afe3-5417e7edb9c6::0002,stockpile,09ad625e-6cba-490f-afe3-5417e7edb9c6,"[""T1560"",""T1005"",""T1074"",""T1041"",""T1003""]",0.0,0.0
F2_C1R_oracle,stockpile::09ad625e-6cba-490f-afe3-5417e7edb9c6::0002,stockpile,09ad625e-6cba-490f-afe3-5417e7edb9c6,"[""T1560"",""T1005"",""T1074"",""T1041"",""T1567""]",0.38685280723454163,0.0
F3_OSER_oracle,stockpile::09ad625e-6cba-490f-afe3-5417e7edb9c6::0002,stockpile,09ad625e-6cba-490f-afe3-5417e7edb9c6,"[""T1041"",""T1071"",""T1105"",""T1567"",""T1090""]",0.43067655807339306,0.0
F4_LCB_RS_oracle,stockpile::09ad625e-6cba-490f-afe3-5417e7edb9c6::0002,stockpile,09ad625e-6cba-490f-afe3-5417e7edb9c6,"[""T1560"",""T1005"",""T1074"",""T1041"",""T1003""]",0.0,0.0
F5_LCTR5_oracle,stockpile::09ad625e-6cba-490f-afe3-5417e7edb9c6::0002,stockpile,09ad625e-6cba-490f-afe3-5417e7edb9c6,"[""T1560"",""T1005"",""T1074"",""T1041"",""T1003""]",0.0,0.0
F1_RR5_oracle,stockpile::0b5636cf-f019-4ec9-aa7c-6e4f55505374::0001,stockpile,0b5636cf-f019-4ec9-aa7c-6e4f55505374,"[""T1046"",""T1016"",""T1033"",""T1082"",""T1057""]",0.0,0.0
F2_C1R_oracle,stockpile::0b5636cf-f019-4ec9-aa7c-6e4f55505374::0001,stockpile,0b5636cf-f019-4ec9-aa7c-6e4f55505374,"[""T1046"",""T1016"",""T1033"",""T1082"",""T1018""]",0.18154179253735267,0.0
F3_OSER_oracle,stockpile::0b5636cf-f019-4ec9-aa7c-6e4f55505374::0001,stockpile,0b5636cf-f019-4ec9-aa7c-6e4f55505374,"[""T1105"",""T1016"",""T1021"",""T1033"",""T1550""]",0.23463936301137822,0.0
F4_LCB_RS_oracle,stockpile::0b5636cf-f019-4ec9-aa7c-6e4f55505374::0001,stockpile,0b5636cf-f019-4ec9-aa7c-6e4f55505374,"[""T1046"",""T1016"",""T1033"",""T1082"",""T1057""]",0.0,0.0
F5_LCTR5_oracle,stockpile::0b5636cf-f019-4ec9-aa7c-6e4f55505374::0001,stockpile,0b5636cf-f019-4ec9-aa7c-6e4f55505374,"[""T1046"",""T1016"",""T1033"",""T1082"",""T1057""]",0.0,0.0
F1_RR5_oracle,stockpile::0b5636cf-f019-4ec9-aa7c-6e4f55505374::0002,stockpile,0b5636cf-f019-4ec9-aa7c-6e4f55505374,"[""T1016"",""T1046"",""T1033"",""T1082"",""T1057""]",0.0,0.0
F2_C1R_oracle,stockpile::0b5636cf-f019-4ec9-aa7c-6e4f55505374::0002,stockpile,0b5636cf-f019-4ec9-aa7c-6e4f55505374,"[""T1016"",""T1046"",""T1033"",""T1082"",""T1021""]",0.18154179253735267,0.0
F3_OSER_oracle,stockpile::0b5636cf-f019-4ec9-aa7c-6e4f55505374::0002,stockpile,0b5636cf-f019-4ec9-aa7c-6e4f55505374,"[""T1105"",""T1016"",""T1021"",""T1033"",""T1550""]",0.23463936301137822,0.0
F4_LCB_RS_oracle,stockpile::0b5636cf-f019-4ec9-aa7c-6e4f55505374::0002,stockpile,0b5636cf-f019-4ec9-aa7c-6e4f55505374,"[""T1016"",""T1046"",""T1033"",""T1082"",""T1057""]",0.0,0.0
F5_LCTR5_oracle,stockpile::0b5636cf-f019-4ec9-aa7c-6e4f55505374::0002,stockpile,0b5636cf-f019-4ec9-aa7c-6e4f55505374,"[""T1016"",""T1046"",""T1033"",""T1082"",""T1057""]",0.0,0.0
F1_RR5_oracle,stockpile::0b5636cf-f019-4ec9-aa7c-6e4f55505374::0003,stockpile,0b5636cf-f019-4ec9-aa7c-6e4f55505374,"[""T1021"",""T1018"",""T1135"",""T1087"",""T1069""]",0.6131471927654584,0.23719771276929622
F2_C1R_oracle,stockpile::0b5636cf-f019-4ec9-aa7c-6e4f55505374::0003,stockpile,0b5636cf-f019-4ec9-aa7c-6e4f55505374,"[""T1018"",""T1135"",""T1087"",""T1069"",""T1021""]",0.23719771276929622,0.23719771276929622
F3_OSER_oracle,stockpile::0b5636cf-f019-4ec9-aa7c-6e4f55505374::0003,stockpile,0b5636cf-f019-4ec9-aa7c-6e4f55505374,"[""T1018"",""T1135"",""T1087"",""T1069"",""T1021""]",0.23719771276929622,0.23719771276929622
F4_LCB_RS_oracle,stockpile::0b5636cf-f019-4ec9-aa7c-6e4f55505374::0003,stockpile,0b5636cf-f019-4ec9-aa7c-6e4f55505374,"[""T1018"",""T1087"",""T1021"",""T1135"",""T1069""]",0.3065735963827292,0.23719771276929622
F5_LCTR5_oracle,stockpile::0b5636cf-f019-4ec9-aa7c-6e4f55505374::0003,stockpile,0b5636cf-f019-4ec9-aa7c-6e4f55505374,"[""T1018"",""T1135"",""T1087"",""T1069"",""T1021""]",0.23719771276929622,0.23719771276929622
F1_RR5_oracle,stockpile::0b5636cf-f019-4ec9-aa7c-6e4f55505374::0004,stockpile,0b5636cf-f019-4ec9-aa7c-6e4f55505374,"[""T1021"",""T1135"",""T1018"",""T1078"",""T1003""]",0.0,0.0
F2_C1R_oracle,stockpile::0b5636cf-f019-4ec9-aa7c-6e4f55505374::0004,stockpile,0b5636cf-f019-4ec9-aa7c-6e4f55505374,"[""T1021"",""T1135"",""T1018"",""T1078"",""T1003""]",0.0,0.0
F3_OSER_oracle,stockpile::0b5636cf-f019-4ec9-aa7c-6e4f55505374::0004,stockpile,0b5636cf-f019-4ec9-aa7c-6e4f55505374,"[""T1021"",""T1135"",""T1018"",""T1078"",""T1003""]",0.0,0.0
F4_LCB_RS_oracle,stockpile::0b5636cf-f019-4ec9-aa7c-6e4f55505374::0004,stockpile,0b5636cf-f019-4ec9-aa7c-6e4f55505374,"[""T1021"",""T1135"",""T1018"",""T1078"",""T1003""]",0.0,0.0
F5_LCTR5_oracle,stockpile::0b5636cf-f019-4ec9-aa7c-6e4f55505374::0004,stockpile,0b5636cf-f019-4ec9-aa7c-6e4f55505374,"[""T1021"",""T1135"",""T1018"",""T1078"",""T1003""]",0.0,0.0
F1_RR5_oracle,stockpile::0b73bf34-fc5b-48f7-9194-dce993b915b1::0001,stockpile,0b73bf34-fc5b-48f7-9194-dce993b915b1,"[""T1059"",""T1078"",""T1021"",""T1003"",""T1105""]",0.0,0.0
F2_C1R_oracle,stockpile::0b73bf34-fc5b-48f7-9194-dce993b915b1::0001,stockpile,0b73bf34-fc5b-48f7-9194-dce993b915b1,"[""T1059"",""T1078"",""T1021"",""T1003"",""T1016""]",0.18154179253735267,0.0
F3_OSER_oracle,stockpile::0b73bf34-fc5b-48f7-9194-dce993b915b1::0001,stockpile,0b73bf34-fc5b-48f7-9194-dce993b915b1,"[""T1059"",""T1078"",""T1021"",""T1003"",""T1105""]",0.0,0.0
F4_LCB_RS_oracle,stockpile::0b73bf34-fc5b-48f7-9194-dce993b915b1::0001,stockpile,0b73bf34-fc5b-48f7-9194-dce993b915b1,"[""T1059"",""T1078"",""T1021"",""T1003"",""T1105""]",0.0,0.0
F5_LCTR5_oracle,stockpile::0b73bf34-fc5b-48f7-9194-dce993b915b1::0001,stockpile,0b73bf34-fc5b-48f7-9194-dce993b915b1,"[""T1059"",""T1078"",""T1021"",""T1003"",""T1105""]",0.0,0.0
F1_RR5_oracle,stockpile::0b73bf34-fc5b-48f7-9194-dce993b915b1::0002,stockpile,0b73bf34-fc5b-48f7-9194-dce993b915b1,"[""T1059"",""T1082"",""T1078"",""T1136"",""T1053""]",0.0,0.0
F2_C1R_oracle,stockpile::0b73bf34-fc5b-48f7-9194-dce993b915b1::0002,stockpile,0b73bf34-fc5b-48f7-9194-dce993b915b1,"[""T1059"",""T1082"",""T1078"",""T1136"",""T1016""]",0.23719771276929622,0.0
F3_OSER_oracle,stockpile::0b73bf34-fc5b-48f7-9194-dce993b915b1::0002,stockpile,0b73bf34-fc5b-48f7-9194-dce993b915b1,"[""T1105"",""T1082"",""T1016"",""T1057"",""T1083""]",0.3065735963827292,0.0
F4_LCB_RS_oracle,stockpile::0b73bf34-fc5b-48f7-9194-dce993b915b1::0002,stockpile,0b73bf34-fc5b-48f7-9194-dce993b915b1,"[""T1059"",""T1082"",""T1078"",""T1136"",""T1053""]",0.0,0.0
F5_LCTR5_oracle,stockpile::0b73bf34-fc5b-48f7-9194-dce993b915b1::0002,stockpile,0b73bf34-fc5b-48f7-9194-dce993b915b1,"[""T1059"",""T1082"",""T1078"",""T1136"",""T1053""]",0.0,0.0
F1_RR5_oracle,stockpile::0f4c3c67-845e-49a0-927e-90ed33c044e0::0001,stockpile,0f4c3c67-845e-49a0-927e-90ed33c044e0,"[""T1082"",""T1057"",""T1069"",""T1078"",""T1059""]",0.0,0.0
F2_C1R_oracle,stockpile::0f4c3c67-845e-49a0-927e-90ed33c044e0::0001,stockpile,0f4c3c67-845e-49a0-927e-90ed33c044e0,"[""T1082"",""T1057"",""T1069"",""T1078"",""T1016""]",0.23719771276929622,0.0
F3_OSER_oracle,stockpile::0f4c3c67-845e-49a0-927e-90ed33c044e0::0001,stockpile,0f4c3c67-845e-49a0-927e-90ed33c044e0,"[""T1105"",""T1082"",""T1016"",""T1057"",""T1083""]",0.3065735963827292,0.0
F4_LCB_RS_oracle,stockpile::0f4c3c67-845e-49a0-927e-90ed33c044e0::0001,stockpile,0f4c3c67-845e-49a0-927e-90ed33c044e0,"[""T1082"",""T1057"",""T1069"",""T1078"",""T1059""]",0.0,0.0
F5_LCTR5_oracle,stockpile::0f4c3c67-845e-49a0-927e-90ed33c044e0::0001,stockpile,0f4c3c67-845e-49a0-927e-90ed33c044e0,"[""T1082"",""T1057"",""T1069"",""T1078"",""T1059""]",0.0,0.0
F1_RR5_oracle,stockpile::0f4c3c67-845e-49a0-927e-90ed33c044e0::0002,stockpile,0f4c3c67-845e-49a0-927e-90ed33c044e0,"[""T1057"",""T1016"",""T1069"",""T1003"",""T1078""]",0.7653606369886217,0.7653606369886217
F2_C1R_oracle,stockpile::0f4c3c67-845e-49a0-927e-90ed33c044e0::0002,stockpile,0f4c3c67-845e-49a0-927e-90ed33c044e0,"[""T1057"",""T1016"",""T1069"",""T1003"",""T1078""]",0.7653606369886217,0.7653606369886217
F3_OSER_oracle,stockpile::0f4c3c67-845e-49a0-927e-90ed33c044e0::0002,stockpile,0f4c3c67-845e-49a0-927e-90ed33c044e0,"[""T1057"",""T1016"",""T1069"",""T1003"",""T1078""]",0.7653606369886217,0.7653606369886217
F4_LCB_RS_oracle,stockpile::0f4c3c67-845e-49a0-927e-90ed33c044e0::0002,stockpile,0f4c3c67-845e-49a0-927e-90ed33c044e0,"[""T1057"",""T1016"",""T1069"",""T1003"",""T1078""]",0.7653606369886217,0.7653606369886217
F5_LCTR5_oracle,stockpile::0f4c3c67-845e-49a0-927e-90ed33c044e0::0002,stockpile,0f4c3c67-845e-49a0-927e-90ed33c044e0,"[""T1057"",""T1016"",""T1069"",""T1003"",""T1078""]",0.7653606369886217,0.7653606369886217
F1_RR5_oracle,stockpile::0f4c3c67-845e-49a0-927e-90ed33c044e0::0003,stockpile,0f4c3c67-845e-49a0-927e-90ed33c044e0,"[""T1057"",""T1069"",""T1012"",""T1082"",""T1003""]",0.46927872602275644,0.2960819109658652
F2_C1R_oracle,stockpile::0f4c3c67-845e-49a0-927e-90ed33c044e0::0003,stockpile,0f4c3c67-845e-49a0-927e-90ed33c044e0,"[""T1069"",""T1057"",""T1012"",""T1082"",""T1016""]",0.4776237035032179,0.2960819109658652
F3_OSER_oracle,stockpile::0f4c3c67-845e-49a0-927e-90ed33c044e0::0003,stockpile,0f4c3c67-845e-49a0-927e-90ed33c044e0,"[""T1069"",""T1057"",""T1012"",""T1082"",""T1003""]",0.2960819109658652,0.2960819109658652
F4_LCB_RS_oracle,stockpile::0f4c3c67-845e-49a0-927e-90ed33c044e0::0003,stockpile,0f4c3c67-845e-49a0-927e-90ed33c044e0,"[""T1069"",""T1057"",""T1012"",""T1082"",""T1003""]",0.2960819109658652,0.2960819109658652
F5_LCTR5_oracle,stockpile::0f4c3c67-845e-49a0-927e-90ed33c044e0::0003,stockpile,0f4c3c67-845e-49a0-927e-90ed33c044e0,"[""T1069"",""T1057"",""T1012"",""T1082"",""T1003""]",0.2960819109658652,0.2960819109658652
F1_RR5_oracle,stockpile::0f4c3c67-845e-49a0-927e-90ed33c044e0::0004,stockpile,0f4c3c67-845e-49a0-927e-90ed33c044e0,"[""T1018"",""T1069"",""T1082"",""T1033"",""T1046""]",0.46927872602275644,0.46927872602275644
F2_C1R_oracle,stockpile::0f4c3c67-845e-49a0-927e-90ed33c044e0::0004,stockpile,0f4c3c67-845e-49a0-927e-90ed33c044e0,"[""T1018"",""T1069"",""T1082"",""T1033"",""T1057""]",0.6508205185601091,0.46927872602275644
F3_OSER_oracle,stockpile::0f4c3c67-845e-49a0-927e-90ed33c044e0::0004,stockpile,0f4c3c67-845e-49a0-927e-90ed33c044e0,"[""T1018"",""T1069"",""T1082"",""T1033"",""T1046""]",0.46927872602275644,0.46927872602275644
F4_LCB_RS_oracle,stockpile::0f4c3c67-845e-49a0-927e-90ed33c044e0::0004,stockpile,0f4c3c67-845e-49a0-927e-90ed33c044e0,"[""T1018"",""T1069"",""T1082"",""T1033"",""T1046""]",0.46927872602275644,0.46927872602275644
F5_LCTR5_oracle,stockpile::0f4c3c67-845e-49a0-927e-90ed33c044e0::0004,stockpile,0f4c3c67-845e-49a0-927e-90ed33c044e0,"[""T1018"",""T1069"",""T1082"",""T1033"",""T1046""]",0.46927872602275644,0.46927872602275644
F1_RR5_oracle,stockpile::0f4c3c67-845e-49a0-927e-90ed33c044e0::0005,stockpile,0f4c3c67-845e-49a0-927e-90ed33c044e0,"[""T1018"",""T1082"",""T1069"",""T1007"",""T1046""]",0.46927872602275644,0.23463936301137822
F2_C1R_oracle,stockpile::0f4c3c67-845e-49a0-927e-90ed33c044e0::0005,stockpile,0f4c3c67-845e-49a0-927e-90ed33c044e0,"[""T1082"",""T1069"",""T1018"",""T1007"",""T1046""]",0.23463936301137822,0.23463936301137822
F3_OSER_oracle,stockpile::0f4c3c67-845e-49a0-927e-90ed33c044e0::0005,stockpile,0f4c3c67-845e-49a0-927e-90ed33c044e0,"[""T1082"",""T1069"",""T1018"",""T1007"",""T1046""]",0.23463936301137822,0.23463936301137822
F4_LCB_RS_oracle,stockpile::0f4c3c67-845e-49a0-927e-90ed33c044e0::0005,stockpile,0f4c3c67-845e-49a0-927e-90ed33c044e0,"[""T1082"",""T1069"",""T1018"",""T1007"",""T1046""]",0.23463936301137822,0.23463936301137822
F5_LCTR5_oracle,stockpile::0f4c3c67-845e-49a0-927e-90ed33c044e0::0005,stockpile,0f4c3c67-845e-49a0-927e-90ed33c044e0,"[""T1082"",""T1069"",""T1018"",""T1007"",""T1046""]",0.23463936301137822,0.23463936301137822
F1_RR5_oracle,stockpile::0f4c3c67-845e-49a0-927e-90ed33c044e0::0006,stockpile,0f4c3c67-845e-49a0-927e-90ed33c044e0,"[""T1069"",""T1018"",""T1082"",""T1007"",""T1049""]",0.7653606369886217,0.5307212739772434
F2_C1R_oracle,stockpile::0f4c3c67-845e-49a0-927e-90ed33c044e0::0006,stockpile,0f4c3c67-845e-49a0-927e-90ed33c044e0,"[""T1082"",""T1069"",""T1018"",""T1007"",""T1049""]",0.5307212739772434,0.5307212739772434
F3_OSER_oracle,stockpile::0f4c3c67-845e-49a0-927e-90ed33c044e0::0006,stockpile,0f4c3c67-845e-49a0-927e-90ed33c044e0,"[""T1082"",""T1069"",""T1018"",""T1007"",""T1049""]",0.5307212739772434,0.5307212739772434
F4_LCB_RS_oracle,stockpile::0f4c3c67-845e-49a0-927e-90ed33c044e0::0006,stockpile,0f4c3c67-845e-49a0-927e-90ed33c044e0,"[""T1018"",""T1007"",""T1082"",""T1069"",""T1049""]",0.6713860725233041,0.5307212739772434
F5_LCTR5_oracle,stockpile::0f4c3c67-845e-49a0-927e-90ed33c044e0::0006,stockpile,0f4c3c67-845e-49a0-927e-90ed33c044e0,"[""T1018"",""T1082"",""T1069"",""T1007"",""T1049""]",0.7039180890341347,0.5307212739772434
F1_RR5_oracle,stockpile::0f4c3c67-845e-49a0-927e-90ed33c044e0::0007,stockpile,0f4c3c67-845e-49a0-927e-90ed33c044e0,"[""T1003"",""T1078"",""T1021"",""T1049"",""T1082""]",0.0,0.0
F2_C1R_oracle,stockpile::0f4c3c67-845e-49a0-927e-90ed33c044e0::0007,stockpile,0f4c3c67-845e-49a0-927e-90ed33c044e0,"[""T1003"",""T1078"",""T1021"",""T1049"",""T1082""]",0.0,0.0
F3_OSER_oracle,stockpile::0f4c3c67-845e-49a0-927e-90ed33c044e0::0007,stockpile,0f4c3c67-845e-49a0-927e-90ed33c044e0,"[""T1003"",""T1078"",""T1021"",""T1049"",""T1082""]",0.0,0.0
F4_LCB_RS_oracle,stockpile::0f4c3c67-845e-49a0-927e-90ed33c044e0::0007,stockpile,0f4c3c67-845e-49a0-927e-90ed33c044e0,"[""T1003"",""T1078"",""T1021"",""T1049"",""T1082""]",0.0,0.0
F5_LCTR5_oracle,stockpile::0f4c3c67-845e-49a0-927e-90ed33c044e0::0007,stockpile,0f4c3c67-845e-49a0-927e-90ed33c044e0,"[""T1003"",""T1078"",""T1021"",""T1049"",""T1082""]",0.0,0.0
F1_RR5_oracle,stockpile::0f4c3c67-845e-49a0-927e-90ed33c044e0::0008,stockpile,0f4c3c67-845e-49a0-927e-90ed33c044e0,"[""T1082"",""T1046"",""T1012"",""T1007"",""T1033""]",0.0,0.0
F2_C1R_oracle,stockpile::0f4c3c67-845e-49a0-927e-90ed33c044e0::0008,stockpile,0f4c3c67-845e-49a0-927e-90ed33c044e0,"[""T1082"",""T1046"",""T1012"",""T1007"",""T1018""]",0.18154179253735267,0.0
F3_OSER_oracle,stockpile::0f4c3c67-845e-49a0-927e-90ed33c044e0::0008,stockpile,0f4c3c67-845e-49a0-927e-90ed33c044e0,"[""T1082"",""T1046"",""T1012"",""T1007"",""T1033""]",0.0,0.0
F4_LCB_RS_oracle,stockpile::0f4c3c67-845e-49a0-927e-90ed33c044e0::0008,stockpile,0f4c3c67-845e-49a0-927e-90ed33c044e0,"[""T1082"",""T1046"",""T1012"",""T1007"",""T1033""]",0.0,0.0
F5_LCTR5_oracle,stockpile::0f4c3c67-845e-49a0-927e-90ed33c044e0::0008,stockpile,0f4c3c67-845e-49a0-927e-90ed33c044e0,"[""T1082"",""T1046"",""T1012"",""T1007"",""T1033""]",0.0,0.0
F1_RR5_oracle,stockpile::0f4c3c67-845e-49a0-927e-90ed33c044e0::0009,stockpile,0f4c3c67-845e-49a0-927e-90ed33c044e0,"[""T1003"",""T1078"",""T1021"",""T1059"",""T1105""]",0.0,0.0
F2_C1R_oracle,stockpile::0f4c3c67-845e-49a0-927e-90ed33c044e0::0009,stockpile,0f4c3c67-845e-49a0-927e-90ed33c044e0,"[""T1003"",""T1078"",""T1021"",""T1059"",""T1018""]",0.18154179253735267,0.0
F3_OSER_oracle,stockpile::0f4c3c67-845e-49a0-927e-90ed33c044e0::0009,stockpile,0f4c3c67-845e-49a0-927e-90ed33c044e0,"[""T1105"",""T1018"",""T1087"",""T1021"",""T1041""]",0.2960819109658652,0.0
F4_LCB_RS_oracle,stockpile::0f4c3c67-845e-49a0-927e-90ed33c044e0::0009,stockpile,0f4c3c67-845e-49a0-927e-90ed33c044e0,"[""T1003"",""T1078"",""T1021"",""T1059"",""T1018""]",0.18154179253735267,0.0
F5_LCTR5_oracle,stockpile::0f4c3c67-845e-49a0-927e-90ed33c044e0::0009,stockpile,0f4c3c67-845e-49a0-927e-90ed33c044e0,"[""T1003"",""T1078"",""T1021"",""T1059"",""T1105""]",0.0,0.0
F1_RR5_oracle,stockpile::0f4c3c67-845e-49a0-927e-90ed33c044e0::0010,stockpile,0f4c3c67-845e-49a0-927e-90ed33c044e0,"[""T1082"",""T1046"",""T1007"",""T1012"",""T1033""]",0.0,0.0
F2_C1R_oracle,stockpile::0f4c3c67-845e-49a0-927e-90ed33c044e0::0010,stockpile,0f4c3c67-845e-49a0-927e-90ed33c044e0,"[""T1082"",""T1046"",""T1007"",""T1012"",""T1018""]",0.23719771276929622,0.0
F3_OSER_oracle,stockpile::0f4c3c67-845e-49a0-927e-90ed33c044e0::0010,stockpile,0f4c3c67-845e-49a0-927e-90ed33c044e0,"[""T1082"",""T1046"",""T1007"",""T1012"",""T1033""]",0.0,0.0
F4_LCB_RS_oracle,stockpile::0f4c3c67-845e-49a0-927e-90ed33c044e0::0010,stockpile,0f4c3c67-845e-49a0-927e-90ed33c044e0,"[""T1082"",""T1046"",""T1007"",""T1012"",""T1033""]",0.0,0.0
F5_LCTR5_oracle,stockpile::0f4c3c67-845e-49a0-927e-90ed33c044e0::0010,stockpile,0f4c3c67-845e-49a0-927e-90ed33c044e0,"[""T1082"",""T1046"",""T1007"",""T1012"",""T1033""]",0.0,0.0
F1_RR5_oracle,stockpile::0f4c3c67-845e-49a0-927e-90ed33c044e0::0011,stockpile,0f4c3c67-845e-49a0-927e-90ed33c044e0,"[""T1082"",""T1046"",""T1007"",""T1012"",""T1033""]",0.0,0.0
F2_C1R_oracle,stockpile::0f4c3c67-845e-49a0-927e-90ed33c044e0::0011,stockpile,0f4c3c67-845e-49a0-927e-90ed33c044e0,"[""T1082"",""T1046"",""T1007"",""T1012"",""T1033""]",0.0,0.0
F3_OSER_oracle,stockpile::0f4c3c67-845e-49a0-927e-90ed33c044e0::0011,stockpile,0f4c3c67-845e-49a0-927e-90ed33c044e0,"[""T1082"",""T1046"",""T1007"",""T1012"",""T1033""]",0.0,0.0
F4_LCB_RS_oracle,stockpile::0f4c3c67-845e-49a0-927e-90ed33c044e0::0011,stockpile,0f4c3c67-845e-49a0-927e-90ed33c044e0,"[""T1082"",""T1046"",""T1007"",""T1012"",""T1033""]",0.0,0.0
F5_LCTR5_oracle,stockpile::0f4c3c67-845e-49a0-927e-90ed33c044e0::0011,stockpile,0f4c3c67-845e-49a0-927e-90ed33c044e0,"[""T1082"",""T1046"",""T1007"",""T1012"",""T1033""]",0.0,0.0
F1_RR5_oracle,stockpile::1a98b8e6-18ce-4617-8cc5-e65a1a9d490e::0001,stockpile,1a98b8e6-18ce-4617-8cc5-e65a1a9d490e,"[""T1560"",""T1005"",""T1039"",""T1041"",""T1048""]",0.7653606369886217,0.7653606369886217
F2_C1R_oracle,stockpile::1a98b8e6-18ce-4617-8cc5-e65a1a9d490e::0001,stockpile,1a98b8e6-18ce-4617-8cc5-e65a1a9d490e,"[""T1560"",""T1005"",""T1039"",""T1041"",""T1048""]",0.7653606369886217,0.7653606369886217
F3_OSER_oracle,stockpile::1a98b8e6-18ce-4617-8cc5-e65a1a9d490e::0001,stockpile,1a98b8e6-18ce-4617-8cc5-e65a1a9d490e,"[""T1560"",""T1005"",""T1039"",""T1041"",""T1048""]",0.7653606369886217,0.7653606369886217
F4_LCB_RS_oracle,stockpile::1a98b8e6-18ce-4617-8cc5-e65a1a9d490e::0001,stockpile,1a98b8e6-18ce-4617-8cc5-e65a1a9d490e,"[""T1560"",""T1005"",""T1039"",""T1041"",""T1048""]",0.7653606369886217,0.7653606369886217
F5_LCTR5_oracle,stockpile::1a98b8e6-18ce-4617-8cc5-e65a1a9d490e::0001,stockpile,1a98b8e6-18ce-4617-8cc5-e65a1a9d490e,"[""T1560"",""T1005"",""T1039"",""T1041"",""T1048""]",0.7653606369886217,0.7653606369886217
F1_RR5_oracle,stockpile::1a98b8e6-18ce-4617-8cc5-e65a1a9d490e::0002,stockpile,1a98b8e6-18ce-4617-8cc5-e65a1a9d490e,"[""T1560"",""T1041"",""T1074"",""T1030"",""T1005""]",1.0,0.9674679834891693
F2_C1R_oracle,stockpile::1a98b8e6-18ce-4617-8cc5-e65a1a9d490e::0002,stockpile,1a98b8e6-18ce-4617-8cc5-e65a1a9d490e,"[""T1560"",""T1041"",""T1030"",""T1074"",""T1005""]",0.9674679834891693,0.9674679834891693
F3_OSER_oracle,stockpile::1a98b8e6-18ce-4617-8cc5-e65a1a9d490e::0002,stockpile,1a98b8e6-18ce-4617-8cc5-e65a1a9d490e,"[""T1560"",""T1041"",""T1030"",""T1074"",""T1005""]",0.9674679834891693,0.9674679834891693
F4_LCB_RS_oracle,stockpile::1a98b8e6-18ce-4617-8cc5-e65a1a9d490e::0002,stockpile,1a98b8e6-18ce-4617-8cc5-e65a1a9d490e,"[""T1560"",""T1041"",""T1030"",""T1074"",""T1005""]",0.9674679834891693,0.9674679834891693
F5_LCTR5_oracle,stockpile::1a98b8e6-18ce-4617-8cc5-e65a1a9d490e::0002,stockpile,1a98b8e6-18ce-4617-8cc5-e65a1a9d490e,"[""T1560"",""T1041"",""T1030"",""T1074"",""T1005""]",0.9674679834891693,0.9674679834891693
F1_RR5_oracle,stockpile::1a98b8e6-18ce-4617-8cc5-e65a1a9d490e::0003,stockpile,1a98b8e6-18ce-4617-8cc5-e65a1a9d490e,"[""T1560"",""T1041"",""T1030"",""T1078"",""T1105""]",1.0,1.0
F2_C1R_oracle,stockpile::1a98b8e6-18ce-4617-8cc5-e65a1a9d490e::0003,stockpile,1a98b8e6-18ce-4617-8cc5-e65a1a9d490e,"[""T1560"",""T1041"",""T1030"",""T1078"",""T1105""]",1.0,1.0
F3_OSER_oracle,stockpile::1a98b8e6-18ce-4617-8cc5-e65a1a9d490e::0003,stockpile,1a98b8e6-18ce-4617-8cc5-e65a1a9d490e,"[""T1560"",""T1041"",""T1030"",""T1078"",""T1105""]",1.0,1.0
F4_LCB_RS_oracle,stockpile::1a98b8e6-18ce-4617-8cc5-e65a1a9d490e::0003,stockpile,1a98b8e6-18ce-4617-8cc5-e65a1a9d490e,"[""T1560"",""T1041"",""T1030"",""T1078"",""T1105""]",1.0,1.0
F5_LCTR5_oracle,stockpile::1a98b8e6-18ce-4617-8cc5-e65a1a9d490e::0003,stockpile,1a98b8e6-18ce-4617-8cc5-e65a1a9d490e,"[""T1560"",""T1041"",""T1030"",""T1078"",""T1105""]",1.0,1.0
F1_RR5_oracle,stockpile::1a98b8e6-18ce-4617-8cc5-e65a1a9d490e::0004,stockpile,1a98b8e6-18ce-4617-8cc5-e65a1a9d490e,"[""T1041"",""T1560"",""T1074"",""T1005"",""T1030""]",1.0,0.43067655807339306
F2_C1R_oracle,stockpile::1a98b8e6-18ce-4617-8cc5-e65a1a9d490e::0004,stockpile,1a98b8e6-18ce-4617-8cc5-e65a1a9d490e,"[""T1560"",""T1074"",""T1005"",""T1041"",""T1030""]",0.43067655807339306,0.43067655807339306
F3_OSER_oracle,stockpile::1a98b8e6-18ce-4617-8cc5-e65a1a9d490e::0004,stockpile,1a98b8e6-18ce-4617-8cc5-e65a1a9d490e,"[""T1567"",""T1105"",""T1041"",""T1090"",""T1573""]",0.5,0.43067655807339306
F4_LCB_RS_oracle,stockpile::1a98b8e6-18ce-4617-8cc5-e65a1a9d490e::0004,stockpile,1a98b8e6-18ce-4617-8cc5-e65a1a9d490e,"[""T1041"",""T1074"",""T1560"",""T1005"",""T1030""]",1.0,0.43067655807339306
F5_LCTR5_oracle,stockpile::1a98b8e6-18ce-4617-8cc5-e65a1a9d490e::0004,stockpile,1a98b8e6-18ce-4617-8cc5-e65a1a9d490e,"[""T1074"",""T1041"",""T1560"",""T1005"",""T1030""]",0.6309297535714575,0.43067655807339306
F1_RR5_oracle,stockpile::1bac97ca-77fc-4c9a-835e-4de1b1b7f639::0001,stockpile,1bac97ca-77fc-4c9a-835e-4de1b1b7f639,"[""T1082"",""T1016"",""T1033"",""T1057"",""T1007""]",0.0,0.0
F2_C1R_oracle,stockpile::1bac97ca-77fc-4c9a-835e-4de1b1b7f639::0001,stockpile,1bac97ca-77fc-4c9a-835e-4de1b1b7f639,"[""T1082"",""T1016"",""T1033"",""T1057"",""T1007""]",0.0,0.0
F3_OSER_oracle,stockpile::1bac97ca-77fc-4c9a-835e-4de1b1b7f639::0001,stockpile,1bac97ca-77fc-4c9a-835e-4de1b1b7f639,"[""T1082"",""T1016"",""T1033"",""T1057"",""T1007""]",0.0,0.0
F4_LCB_RS_oracle,stockpile::1bac97ca-77fc-4c9a-835e-4de1b1b7f639::0001,stockpile,1bac97ca-77fc-4c9a-835e-4de1b1b7f639,"[""T1082"",""T1016"",""T1033"",""T1057"",""T1007""]",0.0,0.0
F5_LCTR5_oracle,stockpile::1bac97ca-77fc-4c9a-835e-4de1b1b7f639::0001,stockpile,1bac97ca-77fc-4c9a-835e-4de1b1b7f639,"[""T1082"",""T1016"",""T1033"",""T1057"",""T1007""]",0.0,0.0
F1_RR5_oracle,stockpile::1bac97ca-77fc-4c9a-835e-4de1b1b7f639::0002,stockpile,1bac97ca-77fc-4c9a-835e-4de1b1b7f639,"[""T1069"",""T1087"",""T1033"",""T1078"",""T1021""]",0.0,0.0
F2_C1R_oracle,stockpile::1bac97ca-77fc-4c9a-835e-4de1b1b7f639::0002,stockpile,1bac97ca-77fc-4c9a-835e-4de1b1b7f639,"[""T1069"",""T1087"",""T1033"",""T1078"",""T1021""]",0.0,0.0
F3_OSER_oracle,stockpile::1bac97ca-77fc-4c9a-835e-4de1b1b7f639::0002,stockpile,1bac97ca-77fc-4c9a-835e-4de1b1b7f639,"[""T1069"",""T1087"",""T1033"",""T1078"",""T1021""]",0.0,0.0
F4_LCB_RS_oracle,stockpile::1bac97ca-77fc-4c9a-835e-4de1b1b7f639::0002,stockpile,1bac97ca-77fc-4c9a-835e-4de1b1b7f639,"[""T1069"",""T1087"",""T1033"",""T1078"",""T1021""]",0.0,0.0
F5_LCTR5_oracle,stockpile::1bac97ca-77fc-4c9a-835e-4de1b1b7f639::0002,stockpile,1bac97ca-77fc-4c9a-835e-4de1b1b7f639,"[""T1069"",""T1087"",""T1033"",""T1078"",""T1021""]",0.0,0.0
F1_RR5_oracle,stockpile::4c28c132-d7d7-4a04-8908-d643b7cb1d58::0001,stockpile,4c28c132-d7d7-4a04-8908-d643b7cb1d58,"[""T1055"",""T1059"",""T1003"",""T1018"",""T1082""]",1.0,1.0
F2_C1R_oracle,stockpile::4c28c132-d7d7-4a04-8908-d643b7cb1d58::0001,stockpile,4c28c132-d7d7-4a04-8908-d643b7cb1d58,"[""T1055"",""T1059"",""T1003"",""T1018"",""T1082""]",1.0,1.0
F3_OSER_oracle,stockpile::4c28c132-d7d7-4a04-8908-d643b7cb1d58::0001,stockpile,4c28c132-d7d7-4a04-8908-d643b7cb1d58,"[""T1055"",""T1059"",""T1003"",""T1018"",""T1082""]",1.0,1.0
F4_LCB_RS_oracle,stockpile::4c28c132-d7d7-4a04-8908-d643b7cb1d58::0001,stockpile,4c28c132-d7d7-4a04-8908-d643b7cb1d58,"[""T1055"",""T1059"",""T1003"",""T1018"",""T1082""]",1.0,1.0
F5_LCTR5_oracle,stockpile::4c28c132-d7d7-4a04-8908-d643b7cb1d58::0001,stockpile,4c28c132-d7d7-4a04-8908-d643b7cb1d58,"[""T1055"",""T1059"",""T1003"",""T1018"",""T1082""]",1.0,1.0
F1_RR5_oracle,stockpile::50855e29-3b4e-4562-aa55-b3d7f93c26b8::0001,stockpile,50855e29-3b4e-4562-aa55-b3d7f93c26b8,"[""T1069"",""T1016"",""T1087"",""T1482"",""T1049""]",0.7653606369886217,0.49818925746641285
F2_C1R_oracle,stockpile::50855e29-3b4e-4562-aa55-b3d7f93c26b8::0001,stockpile,50855e29-3b4e-4562-aa55-b3d7f93c26b8,"[""T1087"",""T1069"",""T1482"",""T1016"",""T1003""]",0.6797310500037655,0.49818925746641285
F3_OSER_oracle,stockpile::50855e29-3b4e-4562-aa55-b3d7f93c26b8::0001,stockpile,50855e29-3b4e-4562-aa55-b3d7f93c26b8,"[""T1105"",""T1003"",""T1016"",""T1021"",""T1070""]",0.5307212739772434,0.49818925746641285
F4_LCB_RS_oracle,stockpile::50855e29-3b4e-4562-aa55-b3d7f93c26b8::0001,stockpile,50855e29-3b4e-4562-aa55-b3d7f93c26b8,"[""T1016"",""T1069"",""T1482"",""T1087"",""T1049""]",0.7653606369886217,0.49818925746641285
F5_LCTR5_oracle,stockpile::50855e29-3b4e-4562-aa55-b3d7f93c26b8::0001,stockpile,50855e29-3b4e-4562-aa55-b3d7f93c26b8,"[""T1016"",""T1087"",""T1069"",""T1482"",""T1049""]",0.7039180890341347,0.49818925746641285
F1_RR5_oracle,stockpile::50855e29-3b4e-4562-aa55-b3d7f93c26b8::0002,stockpile,50855e29-3b4e-4562-aa55-b3d7f93c26b8,"[""T1069"",""T1021"",""T1078"",""T1087"",""T1049""]",0.6131471927654584,0.3065735963827292
F2_C1R_oracle,stockpile::50855e29-3b4e-4562-aa55-b3d7f93c26b8::0002,stockpile,50855e29-3b4e-4562-aa55-b3d7f93c26b8,"[""T1021"",""T1078"",""T1069"",""T1087"",""T1049""]",0.3065735963827292,0.3065735963827292
F3_OSER_oracle,stockpile::50855e29-3b4e-4562-aa55-b3d7f93c26b8::0002,stockpile,50855e29-3b4e-4562-aa55-b3d7f93c26b8,"[""T1021"",""T1078"",""T1069"",""T1087"",""T1049""]",0.3065735963827292,0.3065735963827292
F4_LCB_RS_oracle,stockpile::50855e29-3b4e-4562-aa55-b3d7f93c26b8::0002,stockpile,50855e29-3b4e-4562-aa55-b3d7f93c26b8,"[""T1021"",""T1078"",""T1069"",""T1087"",""T1049""]",0.3065735963827292,0.3065735963827292
F5_LCTR5_oracle,stockpile::50855e29-3b4e-4562-aa55-b3d7f93c26b8::0002,stockpile,50855e29-3b4e-4562-aa55-b3d7f93c26b8,"[""T1021"",""T1078"",""T1069"",""T1087"",""T1049""]",0.3065735963827292,0.3065735963827292
F1_RR5_oracle,stockpile::50855e29-3b4e-4562-aa55-b3d7f93c26b8::0003,stockpile,50855e29-3b4e-4562-aa55-b3d7f93c26b8,"[""T1021"",""T1078"",""T1059"",""T1005"",""T1018""]",0.0,0.0
F2_C1R_oracle,stockpile::50855e29-3b4e-4562-aa55-b3d7f93c26b8::0003,stockpile,50855e29-3b4e-4562-aa55-b3d7f93c26b8,"[""T1021"",""T1078"",""T1059"",""T1005"",""T1069""]",0.23719771276929622,0.0
F3_OSER_oracle,stockpile::50855e29-3b4e-4562-aa55-b3d7f93c26b8::0003,stockpile,50855e29-3b4e-4562-aa55-b3d7f93c26b8,"[""T1021"",""T1078"",""T1059"",""T1005"",""T1018""]",0.0,0.0
F4_LCB_RS_oracle,stockpile::50855e29-3b4e-4562-aa55-b3d7f93c26b8::0003,stockpile,50855e29-3b4e-4562-aa55-b3d7f93c26b8,"[""T1021"",""T1078"",""T1059"",""T1005"",""T1018""]",0.0,0.0
F5_LCTR5_oracle,stockpile::50855e29-3b4e-4562-aa55-b3d7f93c26b8::0003,stockpile,50855e29-3b4e-4562-aa55-b3d7f93c26b8,"[""T1021"",""T1078"",""T1059"",""T1005"",""T1018""]",0.0,0.0
F1_RR5_oracle,stockpile::50855e29-3b4e-4562-aa55-b3d7f93c26b8::0004,stockpile,50855e29-3b4e-4562-aa55-b3d7f93c26b8,"[""T1021"",""T1078"",""T1059"",""T1005"",""T1018""]",0.46927872602275644,0.46927872602275644
F2_C1R_oracle,stockpile::50855e29-3b4e-4562-aa55-b3d7f93c26b8::0004,stockpile,50855e29-3b4e-4562-aa55-b3d7f93c26b8,"[""T1021"",""T1078"",""T1059"",""T1005"",""T1018""]",0.46927872602275644,0.46927872602275644
F3_OSER_oracle,stockpile::50855e29-3b4e-4562-aa55-b3d7f93c26b8::0004,stockpile,50855e29-3b4e-4562-aa55-b3d7f93c26b8,"[""T1021"",""T1078"",""T1059"",""T1005"",""T1018""]",0.46927872602275644,0.46927872602275644
F4_LCB_RS_oracle,stockpile::50855e29-3b4e-4562-aa55-b3d7f93c26b8::0004,stockpile,50855e29-3b4e-4562-aa55-b3d7f93c26b8,"[""T1021"",""T1078"",""T1059"",""T1005"",""T1018""]",0.46927872602275644,0.46927872602275644
F5_LCTR5_oracle,stockpile::50855e29-3b4e-4562-aa55-b3d7f93c26b8::0004,stockpile,50855e29-3b4e-4562-aa55-b3d7f93c26b8,"[""T1021"",""T1078"",""T1059"",""T1005"",""T1018""]",0.46927872602275644,0.46927872602275644
F1_RR5_oracle,stockpile::50855e29-3b4e-4562-aa55-b3d7f93c26b8::0005,stockpile,50855e29-3b4e-4562-aa55-b3d7f93c26b8,"[""T1021"",""T1078"",""T1069"",""T1003"",""T1018""]",0.6131471927654584,0.6131471927654584
F2_C1R_oracle,stockpile::50855e29-3b4e-4562-aa55-b3d7f93c26b8::0005,stockpile,50855e29-3b4e-4562-aa55-b3d7f93c26b8,"[""T1021"",""T1078"",""T1069"",""T1003"",""T1018""]",0.6131471927654584,0.6131471927654584
F3_OSER_oracle,stockpile::50855e29-3b4e-4562-aa55-b3d7f93c26b8::0005,stockpile,50855e29-3b4e-4562-aa55-b3d7f93c26b8,"[""T1021"",""T1078"",""T1069"",""T1003"",""T1018""]",0.6131471927654584,0.6131471927654584
F4_LCB_RS_oracle,stockpile::50855e29-3b4e-4562-aa55-b3d7f93c26b8::0005,stockpile,50855e29-3b4e-4562-aa55-b3d7f93c26b8,"[""T1021"",""T1078"",""T1069"",""T1003"",""T1018""]",0.6131471927654584,0.6131471927654584
F5_LCTR5_oracle,stockpile::50855e29-3b4e-4562-aa55-b3d7f93c26b8::0005,stockpile,50855e29-3b4e-4562-aa55-b3d7f93c26b8,"[""T1021"",""T1078"",""T1069"",""T1003"",""T1018""]",0.6131471927654584,0.6131471927654584
F1_RR5_oracle,stockpile::50855e29-3b4e-4562-aa55-b3d7f93c26b8::0006,stockpile,50855e29-3b4e-4562-aa55-b3d7f93c26b8,"[""T1021"",""T1078"",""T1003"",""T1018"",""T1069""]",0.6131471927654584,0.6131471927654584
F2_C1R_oracle,stockpile::50855e29-3b4e-4562-aa55-b3d7f93c26b8::0006,stockpile,50855e29-3b4e-4562-aa55-b3d7f93c26b8,"[""T1021"",""T1078"",""T1003"",""T1018"",""T1069""]",0.6131471927654584,0.6131471927654584
F3_OSER_oracle,stockpile::50855e29-3b4e-4562-aa55-b3d7f93c26b8::0006,stockpile,50855e29-3b4e-4562-aa55-b3d7f93c26b8,"[""T1021"",""T1078"",""T1003"",""T1018"",""T1069""]",0.6131471927654584,0.6131471927654584
F4_LCB_RS_oracle,stockpile::50855e29-3b4e-4562-aa55-b3d7f93c26b8::0006,stockpile,50855e29-3b4e-4562-aa55-b3d7f93c26b8,"[""T1021"",""T1078"",""T1003"",""T1018"",""T1069""]",0.6131471927654584,0.6131471927654584
F5_LCTR5_oracle,stockpile::50855e29-3b4e-4562-aa55-b3d7f93c26b8::0006,stockpile,50855e29-3b4e-4562-aa55-b3d7f93c26b8,"[""T1021"",""T1078"",""T1003"",""T1018"",""T1069""]",0.6131471927654584,0.6131471927654584
F1_RR5_oracle,stockpile::50855e29-3b4e-4562-aa55-b3d7f93c26b8::0007,stockpile,50855e29-3b4e-4562-aa55-b3d7f93c26b8,"[""T1021"",""T1059"",""T1078"",""T1003"",""T1018""]",0.6131471927654584,0.6131471927654584
F2_C1R_oracle,stockpile::50855e29-3b4e-4562-aa55-b3d7f93c26b8::0007,stockpile,50855e29-3b4e-4562-aa55-b3d7f93c26b8,"[""T1021"",""T1059"",""T1078"",""T1003"",""T1018""]",0.6131471927654584,0.6131471927654584
F3_OSER_oracle,stockpile::50855e29-3b4e-4562-aa55-b3d7f93c26b8::0007,stockpile,50855e29-3b4e-4562-aa55-b3d7f93c26b8,"[""T1021"",""T1059"",""T1078"",""T1003"",""T1018""]",0.6131471927654584,0.6131471927654584
F4_LCB_RS_oracle,stockpile::50855e29-3b4e-4562-aa55-b3d7f93c26b8::0007,stockpile,50855e29-3b4e-4562-aa55-b3d7f93c26b8,"[""T1021"",""T1059"",""T1078"",""T1003"",""T1018""]",0.6131471927654584,0.6131471927654584
F5_LCTR5_oracle,stockpile::50855e29-3b4e-4562-aa55-b3d7f93c26b8::0007,stockpile,50855e29-3b4e-4562-aa55-b3d7f93c26b8,"[""T1021"",""T1059"",""T1078"",""T1003"",""T1018""]",0.6131471927654584,0.6131471927654584
F1_RR5_oracle,stockpile::564ae20d-778d-4965-93dc-b523be2e2ab4::0001,stockpile,564ae20d-778d-4965-93dc-b523be2e2ab4,"[""T1115"",""T1059"",""T1005"",""T1041"",""T1105""]",0.46927872602275644,0.23463936301137822
F2_C1R_oracle,stockpile::564ae20d-778d-4965-93dc-b523be2e2ab4::0001,stockpile,564ae20d-778d-4965-93dc-b523be2e2ab4,"[""T1059"",""T1005"",""T1115"",""T1041"",""T1105""]",0.23463936301137822,0.23463936301137822
F3_OSER_oracle,stockpile::564ae20d-778d-4965-93dc-b523be2e2ab4::0001,stockpile,564ae20d-778d-4965-93dc-b523be2e2ab4,"[""T1059"",""T1005"",""T1115"",""T1041"",""T1105""]",0.23463936301137822,0.23463936301137822
F4_LCB_RS_oracle,stockpile::564ae20d-778d-4965-93dc-b523be2e2ab4::0001,stockpile,564ae20d-778d-4965-93dc-b523be2e2ab4,"[""T1041"",""T1115"",""T1105"",""T1005"",""T1059""]",0.2960819109658652,0.23463936301137822
F5_LCTR5_oracle,stockpile::564ae20d-778d-4965-93dc-b523be2e2ab4::0001,stockpile,564ae20d-778d-4965-93dc-b523be2e2ab4,"[""T1115"",""T1059"",""T1041"",""T1005"",""T1105""]",0.46927872602275644,0.23463936301137822
F1_RR5_oracle,stockpile::564ae20d-778d-4965-93dc-b523be2e2ab4::0002,stockpile,564ae20d-778d-4965-93dc-b523be2e2ab4,"[""T1059"",""T1005"",""T1003"",""T1083"",""T1012""]",0.0,0.0
F2_C1R_oracle,stockpile::564ae20d-778d-4965-93dc-b523be2e2ab4::0002,stockpile,564ae20d-778d-4965-93dc-b523be2e2ab4,"[""T1059"",""T1005"",""T1003"",""T1083"",""T1012""]",0.0,0.0
F3_OSER_oracle,stockpile::564ae20d-778d-4965-93dc-b523be2e2ab4::0002,stockpile,564ae20d-778d-4965-93dc-b523be2e2ab4,"[""T1059"",""T1005"",""T1003"",""T1083"",""T1012""]",0.0,0.0
F4_LCB_RS_oracle,stockpile::564ae20d-778d-4965-93dc-b523be2e2ab4::0002,stockpile,564ae20d-778d-4965-93dc-b523be2e2ab4,"[""T1059"",""T1005"",""T1003"",""T1083"",""T1012""]",0.0,0.0
F5_LCTR5_oracle,stockpile::564ae20d-778d-4965-93dc-b523be2e2ab4::0002,stockpile,564ae20d-778d-4965-93dc-b523be2e2ab4,"[""T1059"",""T1005"",""T1003"",""T1083"",""T1012""]",0.0,0.0
F1_RR5_oracle,stockpile::564ae20d-778d-4965-93dc-b523be2e2ab4::0003,stockpile,564ae20d-778d-4965-93dc-b523be2e2ab4,"[""T1005"",""T1083"",""T1012"",""T1057"",""T1082""]",0.46927872602275644,0.46927872602275644
F2_C1R_oracle,stockpile::564ae20d-778d-4965-93dc-b523be2e2ab4::0003,stockpile,564ae20d-778d-4965-93dc-b523be2e2ab4,"[""T1005"",""T1083"",""T1012"",""T1057"",""T1082""]",0.46927872602275644,0.46927872602275644
F3_OSER_oracle,stockpile::564ae20d-778d-4965-93dc-b523be2e2ab4::0003,stockpile,564ae20d-778d-4965-93dc-b523be2e2ab4,"[""T1005"",""T1083"",""T1012"",""T1057"",""T1082""]",0.46927872602275644,0.46927872602275644
F4_LCB_RS_oracle,stockpile::564ae20d-778d-4965-93dc-b523be2e2ab4::0003,stockpile,564ae20d-778d-4965-93dc-b523be2e2ab4,"[""T1005"",""T1083"",""T1012"",""T1057"",""T1082""]",0.46927872602275644,0.46927872602275644
F5_LCTR5_oracle,stockpile::564ae20d-778d-4965-93dc-b523be2e2ab4::0003,stockpile,564ae20d-778d-4965-93dc-b523be2e2ab4,"[""T1005"",""T1083"",""T1012"",""T1057"",""T1082""]",0.46927872602275644,0.46927872602275644
F1_RR5_oracle,stockpile::564ae20d-778d-4965-93dc-b523be2e2ab4::0004,stockpile,564ae20d-778d-4965-93dc-b523be2e2ab4,"[""T1005"",""T1083"",""T1057"",""T1012"",""T1119""]",0.6131471927654584,0.6131471927654584
F2_C1R_oracle,stockpile::564ae20d-778d-4965-93dc-b523be2e2ab4::0004,stockpile,564ae20d-778d-4965-93dc-b523be2e2ab4,"[""T1005"",""T1083"",""T1057"",""T1012"",""T1119""]",0.6131471927654584,0.6131471927654584
F3_OSER_oracle,stockpile::564ae20d-778d-4965-93dc-b523be2e2ab4::0004,stockpile,564ae20d-778d-4965-93dc-b523be2e2ab4,"[""T1005"",""T1083"",""T1057"",""T1012"",""T1119""]",0.6131471927654584,0.6131471927654584
F4_LCB_RS_oracle,stockpile::564ae20d-778d-4965-93dc-b523be2e2ab4::0004,stockpile,564ae20d-778d-4965-93dc-b523be2e2ab4,"[""T1005"",""T1083"",""T1057"",""T1012"",""T1119""]",0.6131471927654584,0.6131471927654584
F5_LCTR5_oracle,stockpile::564ae20d-778d-4965-93dc-b523be2e2ab4::0004,stockpile,564ae20d-778d-4965-93dc-b523be2e2ab4,"[""T1005"",""T1083"",""T1057"",""T1012"",""T1119""]",0.6131471927654584,0.6131471927654584
F1_RR5_oracle,stockpile::564ae20d-778d-4965-93dc-b523be2e2ab4::0005,stockpile,564ae20d-778d-4965-93dc-b523be2e2ab4,"[""T1005"",""T1074"",""T1041"",""T1083"",""T1105""]",0.7653606369886217,0.7653606369886217
F2_C1R_oracle,stockpile::564ae20d-778d-4965-93dc-b523be2e2ab4::0005,stockpile,564ae20d-778d-4965-93dc-b523be2e2ab4,"[""T1005"",""T1074"",""T1041"",""T1083"",""T1105""]",0.7653606369886217,0.7653606369886217
F3_OSER_oracle,stockpile::564ae20d-778d-4965-93dc-b523be2e2ab4::0005,stockpile,564ae20d-778d-4965-93dc-b523be2e2ab4,"[""T1005"",""T1074"",""T1041"",""T1083"",""T1105""]",0.7653606369886217,0.7653606369886217
F4_LCB_RS_oracle,stockpile::564ae20d-778d-4965-93dc-b523be2e2ab4::0005,stockpile,564ae20d-778d-4965-93dc-b523be2e2ab4,"[""T1005"",""T1074"",""T1041"",""T1083"",""T1105""]",0.7653606369886217,0.7653606369886217
F5_LCTR5_oracle,stockpile::564ae20d-778d-4965-93dc-b523be2e2ab4::0005,stockpile,564ae20d-778d-4965-93dc-b523be2e2ab4,"[""T1005"",""T1074"",""T1041"",""T1083"",""T1105""]",0.7653606369886217,0.7653606369886217
F1_RR5_oracle,stockpile::564ae20d-778d-4965-93dc-b523be2e2ab4::0006,stockpile,564ae20d-778d-4965-93dc-b523be2e2ab4,"[""T1074"",""T1005"",""T1113"",""T1115"",""T1217""]",0.46927872602275644,0.2960819109658652
F2_C1R_oracle,stockpile::564ae20d-778d-4965-93dc-b523be2e2ab4::0006,stockpile,564ae20d-778d-4965-93dc-b523be2e2ab4,"[""T1005"",""T1074"",""T1113"",""T1115"",""T1041""]",0.4776237035032179,0.2960819109658652
F3_OSER_oracle,stockpile::564ae20d-778d-4965-93dc-b523be2e2ab4::0006,stockpile,564ae20d-778d-4965-93dc-b523be2e2ab4,"[""T1041"",""T1561"",""T1537"",""T1571"",""T1105""]",0.46927872602275644,0.2960819109658652
F4_LCB_RS_oracle,stockpile::564ae20d-778d-4965-93dc-b523be2e2ab4::0006,stockpile,564ae20d-778d-4965-93dc-b523be2e2ab4,"[""T1005"",""T1074"",""T1113"",""T1115"",""T1041""]",0.4776237035032179,0.2960819109658652
F5_LCTR5_oracle,stockpile::564ae20d-778d-4965-93dc-b523be2e2ab4::0006,stockpile,564ae20d-778d-4965-93dc-b523be2e2ab4,"[""T1005"",""T1074"",""T1113"",""T1115"",""T1217""]",0.2960819109658652,0.2960819109658652
F1_RR5_oracle,stockpile::564ae20d-778d-4965-93dc-b523be2e2ab4::0007,stockpile,564ae20d-778d-4965-93dc-b523be2e2ab4,"[""T1560"",""T1005"",""T1041"",""T1074"",""T1030""]",1.0,0.9674679834891693
F2_C1R_oracle,stockpile::564ae20d-778d-4965-93dc-b523be2e2ab4::0007,stockpile,564ae20d-778d-4965-93dc-b523be2e2ab4,"[""T1560"",""T1005"",""T1074"",""T1041"",""T1030""]",0.9674679834891693,0.9674679834891693
F3_OSER_oracle,stockpile::564ae20d-778d-4965-93dc-b523be2e2ab4::0007,stockpile,564ae20d-778d-4965-93dc-b523be2e2ab4,"[""T1560"",""T1005"",""T1074"",""T1041"",""T1030""]",0.9674679834891693,0.9674679834891693
F4_LCB_RS_oracle,stockpile::564ae20d-778d-4965-93dc-b523be2e2ab4::0007,stockpile,564ae20d-778d-4965-93dc-b523be2e2ab4,"[""T1041"",""T1560"",""T1005"",""T1074"",""T1030""]",1.0,0.9674679834891693
F5_LCTR5_oracle,stockpile::564ae20d-778d-4965-93dc-b523be2e2ab4::0007,stockpile,564ae20d-778d-4965-93dc-b523be2e2ab4,"[""T1560"",""T1041"",""T1005"",""T1074"",""T1030""]",1.0,0.9674679834891693
F1_RR5_oracle,stockpile::564ae20d-778d-4965-93dc-b523be2e2ab4::0008,stockpile,564ae20d-778d-4965-93dc-b523be2e2ab4,"[""T1005"",""T1041"",""T1560"",""T1074"",""T1048""]",0.7653606369886217,0.4367467095119258
F2_C1R_oracle,stockpile::564ae20d-778d-4965-93dc-b523be2e2ab4::0008,stockpile,564ae20d-778d-4965-93dc-b523be2e2ab4,"[""T1560"",""T1074"",""T1005"",""T1041"",""T1048""]",0.4367467095119258,0.4367467095119258
F3_OSER_oracle,stockpile::564ae20d-778d-4965-93dc-b523be2e2ab4::0008,stockpile,564ae20d-778d-4965-93dc-b523be2e2ab4,"[""T1560"",""T1074"",""T1005"",""T1041"",""T1048""]",0.4367467095119258,0.4367467095119258
F4_LCB_RS_oracle,stockpile::564ae20d-778d-4965-93dc-b523be2e2ab4::0008,stockpile,564ae20d-778d-4965-93dc-b523be2e2ab4,"[""T1041"",""T1074"",""T1048"",""T1560"",""T1005""]",0.6508205185601091,0.4367467095119258
F5_LCTR5_oracle,stockpile::564ae20d-778d-4965-93dc-b523be2e2ab4::0008,stockpile,564ae20d-778d-4965-93dc-b523be2e2ab4,"[""T1074"",""T1041"",""T1560"",""T1005"",""T1048""]",0.49818925746641285,0.4367467095119258
F1_RR5_oracle,stockpile::564ae20d-778d-4965-93dc-b523be2e2ab4::0009,stockpile,564ae20d-778d-4965-93dc-b523be2e2ab4,"[""T1005"",""T1560"",""T1041"",""T1074"",""T1485""]",0.46927872602275644,0.20210734650054757
F2_C1R_oracle,stockpile::564ae20d-778d-4965-93dc-b523be2e2ab4::0009,stockpile,564ae20d-778d-4965-93dc-b523be2e2ab4,"[""T1560"",""T1041"",""T1074"",""T1005"",""T1485""]",0.20210734650054757,0.20210734650054757
F3_OSER_oracle,stockpile::564ae20d-778d-4965-93dc-b523be2e2ab4::0009,stockpile,564ae20d-778d-4965-93dc-b523be2e2ab4,"[""T1560"",""T1041"",""T1074"",""T1005"",""T1485""]",0.20210734650054757,0.20210734650054757
F4_LCB_RS_oracle,stockpile::564ae20d-778d-4965-93dc-b523be2e2ab4::0009,stockpile,564ae20d-778d-4965-93dc-b523be2e2ab4,"[""T1560"",""T1041"",""T1074"",""T1005"",""T1485""]",0.20210734650054757,0.20210734650054757
F5_LCTR5_oracle,stockpile::564ae20d-778d-4965-93dc-b523be2e2ab4::0009,stockpile,564ae20d-778d-4965-93dc-b523be2e2ab4,"[""T1560"",""T1041"",""T1074"",""T1005"",""T1485""]",0.20210734650054757,0.20210734650054757
F1_RR5_oracle,stockpile::564ae20d-778d-4965-93dc-b523be2e2ab4::0010,stockpile,564ae20d-778d-4965-93dc-b523be2e2ab4,"[""T1005"",""T1074"",""T1560"",""T1041"",""T1119""]",0.0,0.0
F2_C1R_oracle,stockpile::564ae20d-778d-4965-93dc-b523be2e2ab4::0010,stockpile,564ae20d-778d-4965-93dc-b523be2e2ab4,"[""T1005"",""T1074"",""T1560"",""T1041"",""T1119""]",0.0,0.0
F3_OSER_oracle,stockpile::564ae20d-778d-4965-93dc-b523be2e2ab4::0010,stockpile,564ae20d-778d-4965-93dc-b523be2e2ab4,"[""T1005"",""T1074"",""T1560"",""T1041"",""T1119""]",0.0,0.0
F4_LCB_RS_oracle,stockpile::564ae20d-778d-4965-93dc-b523be2e2ab4::0010,stockpile,564ae20d-778d-4965-93dc-b523be2e2ab4,"[""T1005"",""T1074"",""T1560"",""T1041"",""T1119""]",0.0,0.0
F5_LCTR5_oracle,stockpile::564ae20d-778d-4965-93dc-b523be2e2ab4::0010,stockpile,564ae20d-778d-4965-93dc-b523be2e2ab4,"[""T1005"",""T1074"",""T1560"",""T1041"",""T1119""]",0.0,0.0
F1_RR5_oracle,stockpile::564ae20d-778d-4965-93dc-b523be2e2ab4::0011,stockpile,564ae20d-778d-4965-93dc-b523be2e2ab4,"[""T1005"",""T1074"",""T1560"",""T1041"",""T1518""]",0.0,0.0
F2_C1R_oracle,stockpile::564ae20d-778d-4965-93dc-b523be2e2ab4::0011,stockpile,564ae20d-778d-4965-93dc-b523be2e2ab4,"[""T1005"",""T1074"",""T1560"",""T1041"",""T1518""]",0.0,0.0
F3_OSER_oracle,stockpile::564ae20d-778d-4965-93dc-b523be2e2ab4::0011,stockpile,564ae20d-778d-4965-93dc-b523be2e2ab4,"[""T1005"",""T1074"",""T1560"",""T1041"",""T1518""]",0.0,0.0
F4_LCB_RS_oracle,stockpile::564ae20d-778d-4965-93dc-b523be2e2ab4::0011,stockpile,564ae20d-778d-4965-93dc-b523be2e2ab4,"[""T1005"",""T1074"",""T1560"",""T1041"",""T1518""]",0.0,0.0
F5_LCTR5_oracle,stockpile::564ae20d-778d-4965-93dc-b523be2e2ab4::0011,stockpile,564ae20d-778d-4965-93dc-b523be2e2ab4,"[""T1005"",""T1074"",""T1560"",""T1041"",""T1518""]",0.0,0.0
F1_RR5_oracle,stockpile::564ae20d-778d-4965-93dc-b523be2e2ab4::0013,stockpile,564ae20d-778d-4965-93dc-b523be2e2ab4,"[""T1005"",""T1074"",""T1560"",""T1041"",""T1016""]",0.0,0.0
F2_C1R_oracle,stockpile::564ae20d-778d-4965-93dc-b523be2e2ab4::0013,stockpile,564ae20d-778d-4965-93dc-b523be2e2ab4,"[""T1005"",""T1074"",""T1560"",""T1041"",""T1059""]",0.23719771276929622,0.0
F3_OSER_oracle,stockpile::564ae20d-778d-4965-93dc-b523be2e2ab4::0013,stockpile,564ae20d-778d-4965-93dc-b523be2e2ab4,"[""T1005"",""T1074"",""T1560"",""T1041"",""T1016""]",0.0,0.0
F4_LCB_RS_oracle,stockpile::564ae20d-778d-4965-93dc-b523be2e2ab4::0013,stockpile,564ae20d-778d-4965-93dc-b523be2e2ab4,"[""T1005"",""T1074"",""T1560"",""T1041"",""T1016""]",0.0,0.0
F5_LCTR5_oracle,stockpile::564ae20d-778d-4965-93dc-b523be2e2ab4::0013,stockpile,564ae20d-778d-4965-93dc-b523be2e2ab4,"[""T1005"",""T1074"",""T1560"",""T1041"",""T1016""]",0.0,0.0
F1_RR5_oracle,stockpile::564ae20d-778d-4965-93dc-b523be2e2ab4::0014,stockpile,564ae20d-778d-4965-93dc-b523be2e2ab4,"[""T1059"",""T1005"",""T1074"",""T1560"",""T1041""]",1.0,0.38685280723454163
F2_C1R_oracle,stockpile::564ae20d-778d-4965-93dc-b523be2e2ab4::0014,stockpile,564ae20d-778d-4965-93dc-b523be2e2ab4,"[""T1005"",""T1074"",""T1560"",""T1041"",""T1059""]",0.38685280723454163,0.38685280723454163
F3_OSER_oracle,stockpile::564ae20d-778d-4965-93dc-b523be2e2ab4::0014,stockpile,564ae20d-778d-4965-93dc-b523be2e2ab4,"[""T1005"",""T1074"",""T1560"",""T1041"",""T1059""]",0.38685280723454163,0.38685280723454163
F4_LCB_RS_oracle,stockpile::564ae20d-778d-4965-93dc-b523be2e2ab4::0014,stockpile,564ae20d-778d-4965-93dc-b523be2e2ab4,"[""T1059"",""T1041"",""T1005"",""T1074"",""T1560""]",1.0,0.38685280723454163
F5_LCTR5_oracle,stockpile::564ae20d-778d-4965-93dc-b523be2e2ab4::0014,stockpile,564ae20d-778d-4965-93dc-b523be2e2ab4,"[""T1005"",""T1074"",""T1560"",""T1041"",""T1059""]",0.38685280723454163,0.38685280723454163
F1_RR5_oracle,stockpile::5d3e170e-f1b8-49f9-9ee1-c51605552a08::0001,stockpile,5d3e170e-f1b8-49f9-9ee1-c51605552a08,"[""T1114"",""T1003"",""T1078"",""T1021"",""T1105""]",0.0,0.0
F2_C1R_oracle,stockpile::5d3e170e-f1b8-49f9-9ee1-c51605552a08::0001,stockpile,5d3e170e-f1b8-49f9-9ee1-c51605552a08,"[""T1114"",""T1003"",""T1078"",""T1021"",""T1005""]",0.23719771276929622,0.0
F3_OSER_oracle,stockpile::5d3e170e-f1b8-49f9-9ee1-c51605552a08::0001,stockpile,5d3e170e-f1b8-49f9-9ee1-c51605552a08,"[""T1105"",""T1005"",""T1561"",""T1537"",""T1041""]",0.38685280723454163,0.0
F4_LCB_RS_oracle,stockpile::5d3e170e-f1b8-49f9-9ee1-c51605552a08::0001,stockpile,5d3e170e-f1b8-49f9-9ee1-c51605552a08,"[""T1114"",""T1003"",""T1078"",""T1021"",""T1005""]",0.23719771276929622,0.0
F5_LCTR5_oracle,stockpile::5d3e170e-f1b8-49f9-9ee1-c51605552a08::0001,stockpile,5d3e170e-f1b8-49f9-9ee1-c51605552a08,"[""T1114"",""T1003"",""T1078"",""T1021"",""T1105""]",0.0,0.0
F1_RR5_oracle,stockpile::5d3e170e-f1b8-49f9-9ee1-c51605552a08::0002,stockpile,5d3e170e-f1b8-49f9-9ee1-c51605552a08,"[""T1119"",""T1213"",""T1003"",""T1078"",""T1105""]",0.0,0.0
F2_C1R_oracle,stockpile::5d3e170e-f1b8-49f9-9ee1-c51605552a08::0002,stockpile,5d3e170e-f1b8-49f9-9ee1-c51605552a08,"[""T1119"",""T1213"",""T1003"",""T1078"",""T1105""]",0.0,0.0
F3_OSER_oracle,stockpile::5d3e170e-f1b8-49f9-9ee1-c51605552a08::0002,stockpile,5d3e170e-f1b8-49f9-9ee1-c51605552a08,"[""T1119"",""T1213"",""T1003"",""T1078"",""T1105""]",0.0,0.0
F4_LCB_RS_oracle,stockpile::5d3e170e-f1b8-49f9-9ee1-c51605552a08::0002,stockpile,5d3e170e-f1b8-49f9-9ee1-c51605552a08,"[""T1119"",""T1213"",""T1003"",""T1078"",""T1105""]",0.0,0.0
F5_LCTR5_oracle,stockpile::5d3e170e-f1b8-49f9-9ee1-c51605552a08::0002,stockpile,5d3e170e-f1b8-49f9-9ee1-c51605552a08,"[""T1119"",""T1213"",""T1003"",""T1078"",""T1105""]",0.0,0.0
F1_RR5_oracle,stockpile::725226e0-45b8-4432-84ee-144d3f37ff8d::0001,stockpile,725226e0-45b8-4432-84ee-144d3f37ff8d,"[""T1016"",""T1046"",""T1033"",""T1082"",""T1057""]",0.0,0.0
F2_C1R_oracle,stockpile::725226e0-45b8-4432-84ee-144d3f37ff8d::0001,stockpile,725226e0-45b8-4432-84ee-144d3f37ff8d,"[""T1016"",""T1046"",""T1033"",""T1082"",""T1018""]",0.18154179253735267,0.0
F3_OSER_oracle,stockpile::725226e0-45b8-4432-84ee-144d3f37ff8d::0001,stockpile,725226e0-45b8-4432-84ee-144d3f37ff8d,"[""T1105"",""T1016"",""T1021"",""T1033"",""T1550""]",0.23463936301137822,0.0
F4_LCB_RS_oracle,stockpile::725226e0-45b8-4432-84ee-144d3f37ff8d::0001,stockpile,725226e0-45b8-4432-84ee-144d3f37ff8d,"[""T1016"",""T1046"",""T1033"",""T1082"",""T1057""]",0.0,0.0
F5_LCTR5_oracle,stockpile::725226e0-45b8-4432-84ee-144d3f37ff8d::0001,stockpile,725226e0-45b8-4432-84ee-144d3f37ff8d,"[""T1016"",""T1046"",""T1033"",""T1082"",""T1057""]",0.0,0.0
F1_RR5_oracle,stockpile::725226e0-45b8-4432-84ee-144d3f37ff8d::0002,stockpile,725226e0-45b8-4432-84ee-144d3f37ff8d,"[""T1046"",""T1016"",""T1033"",""T1082"",""T1057""]",0.0,0.0
F2_C1R_oracle,stockpile::725226e0-45b8-4432-84ee-144d3f37ff8d::0002,stockpile,725226e0-45b8-4432-84ee-144d3f37ff8d,"[""T1046"",""T1016"",""T1033"",""T1082"",""T1021""]",0.23719771276929622,0.0
F3_OSER_oracle,stockpile::725226e0-45b8-4432-84ee-144d3f37ff8d::0002,stockpile,725226e0-45b8-4432-84ee-144d3f37ff8d,"[""T1105"",""T1016"",""T1021"",""T1033"",""T1550""]",0.3065735963827292,0.0
F4_LCB_RS_oracle,stockpile::725226e0-45b8-4432-84ee-144d3f37ff8d::0002,stockpile,725226e0-45b8-4432-84ee-144d3f37ff8d,"[""T1046"",""T1016"",""T1033"",""T1082"",""T1057""]",0.0,0.0
F5_LCTR5_oracle,stockpile::725226e0-45b8-4432-84ee-144d3f37ff8d::0002,stockpile,725226e0-45b8-4432-84ee-144d3f37ff8d,"[""T1046"",""T1016"",""T1033"",""T1082"",""T1057""]",0.0,0.0
F1_RR5_oracle,stockpile::725226e0-45b8-4432-84ee-144d3f37ff8d::0003,stockpile,725226e0-45b8-4432-84ee-144d3f37ff8d,"[""T1021"",""T1059"",""T1003"",""T1078"",""T1105""]",1.0,1.0
F2_C1R_oracle,stockpile::725226e0-45b8-4432-84ee-144d3f37ff8d::0003,stockpile,725226e0-45b8-4432-84ee-144d3f37ff8d,"[""T1021"",""T1059"",""T1003"",""T1078"",""T1105""]",1.0,1.0
F3_OSER_oracle,stockpile::725226e0-45b8-4432-84ee-144d3f37ff8d::0003,stockpile,725226e0-45b8-4432-84ee-144d3f37ff8d,"[""T1021"",""T1059"",""T1003"",""T1078"",""T1105""]",1.0,1.0
F4_LCB_RS_oracle,stockpile::725226e0-45b8-4432-84ee-144d3f37ff8d::0003,stockpile,725226e0-45b8-4432-84ee-144d3f37ff8d,"[""T1021"",""T1059"",""T1003"",""T1078"",""T1105""]",1.0,1.0
F5_LCTR5_oracle,stockpile::725226e0-45b8-4432-84ee-144d3f37ff8d::0003,stockpile,725226e0-45b8-4432-84ee-144d3f37ff8d,"[""T1021"",""T1059"",""T1003"",""T1078"",""T1105""]",1.0,1.0
F1_RR5_oracle,stockpile::78e7504d-968f-477d-8806-4d6c04b94431::0001,stockpile,78e7504d-968f-477d-8806-4d6c04b94431,"[""T1552"",""T1078"",""T1021"",""T1003"",""T1105""]",0.46927872602275644,0.46927872602275644
F2_C1R_oracle,stockpile::78e7504d-968f-477d-8806-4d6c04b94431::0001,stockpile,78e7504d-968f-477d-8806-4d6c04b94431,"[""T1552"",""T1078"",""T1021"",""T1003"",""T1018""]",0.6508205185601091,0.46927872602275644
F3_OSER_oracle,stockpile::78e7504d-968f-477d-8806-4d6c04b94431::0001,stockpile,78e7504d-968f-477d-8806-4d6c04b94431,"[""T1552"",""T1078"",""T1021"",""T1003"",""T1105""]",0.46927872602275644,0.46927872602275644
F4_LCB_RS_oracle,stockpile::78e7504d-968f-477d-8806-4d6c04b94431::0001,stockpile,78e7504d-968f-477d-8806-4d6c04b94431,"[""T1552"",""T1078"",""T1021"",""T1003"",""T1105""]",0.46927872602275644,0.46927872602275644
F5_LCTR5_oracle,stockpile::78e7504d-968f-477d-8806-4d6c04b94431::0001,stockpile,78e7504d-968f-477d-8806-4d6c04b94431,"[""T1552"",""T1078"",""T1021"",""T1003"",""T1105""]",0.46927872602275644,0.46927872602275644
F1_RR5_oracle,stockpile::78e7504d-968f-477d-8806-4d6c04b94431::0002,stockpile,78e7504d-968f-477d-8806-4d6c04b94431,"[""T1003"",""T1555"",""T1078"",""T1021"",""T1105""]",0.46927872602275644,0.2960819109658652
F2_C1R_oracle,stockpile::78e7504d-968f-477d-8806-4d6c04b94431::0002,stockpile,78e7504d-968f-477d-8806-4d6c04b94431,"[""T1555"",""T1003"",""T1078"",""T1021"",""T1105""]",0.2960819109658652,0.2960819109658652
F3_OSER_oracle,stockpile::78e7504d-968f-477d-8806-4d6c04b94431::0002,stockpile,78e7504d-968f-477d-8806-4d6c04b94431,"[""T1555"",""T1003"",""T1078"",""T1021"",""T1105""]",0.2960819109658652,0.2960819109658652
F4_LCB_RS_oracle,stockpile::78e7504d-968f-477d-8806-4d6c04b94431::0002,stockpile,78e7504d-968f-477d-8806-4d6c04b94431,"[""T1555"",""T1003"",""T1078"",""T1021"",""T1105""]",0.2960819109658652,0.2960819109658652
F5_LCTR5_oracle,stockpile::78e7504d-968f-477d-8806-4d6c04b94431::0002,stockpile,78e7504d-968f-477d-8806-4d6c04b94431,"[""T1555"",""T1003"",""T1078"",""T1021"",""T1105""]",0.2960819109658652,0.2960819109658652
F1_RR5_oracle,stockpile::78e7504d-968f-477d-8806-4d6c04b94431::0003,stockpile,78e7504d-968f-477d-8806-4d6c04b94431,"[""T1003"",""T1555"",""T1078"",""T1021"",""T1083""]",0.6131471927654584,0.2640681225725909
F2_C1R_oracle,stockpile::78e7504d-968f-477d-8806-4d6c04b94431::0003,stockpile,78e7504d-968f-477d-8806-4d6c04b94431,"[""T1555"",""T1078"",""T1021"",""T1003"",""T1018""]",0.5012658353418871,0.2640681225725909
F3_OSER_oracle,stockpile::78e7504d-968f-477d-8806-4d6c04b94431::0003,stockpile,78e7504d-968f-477d-8806-4d6c04b94431,"[""T1070"",""T1003"",""T1018"",""T1016"",""T1087""]",0.6934264036172708,0.2640681225725909
F4_LCB_RS_oracle,stockpile::78e7504d-968f-477d-8806-4d6c04b94431::0003,stockpile,78e7504d-968f-477d-8806-4d6c04b94431,"[""T1003"",""T1078"",""T1555"",""T1021"",""T1083""]",0.6131471927654584,0.2640681225725909
F5_LCTR5_oracle,stockpile::78e7504d-968f-477d-8806-4d6c04b94431::0003,stockpile,78e7504d-968f-477d-8806-4d6c04b94431,"[""T1555"",""T1078"",""T1003"",""T1021"",""T1083""]",0.3065735963827292,0.2640681225725909
F1_RR5_oracle,stockpile::78e7504d-968f-477d-8806-4d6c04b94431::0004,stockpile,78e7504d-968f-477d-8806-4d6c04b94431,"[""T1003"",""T1016"",""T1046"",""T1078"",""T1021""]",0.6131471927654584,0.23719771276929622
F2_C1R_oracle,stockpile::78e7504d-968f-477d-8806-4d6c04b94431::0004,stockpile,78e7504d-968f-477d-8806-4d6c04b94431,"[""T1016"",""T1046"",""T1078"",""T1021"",""T1003""]",0.23719771276929622,0.23719771276929622
F3_OSER_oracle,stockpile::78e7504d-968f-477d-8806-4d6c04b94431::0004,stockpile,78e7504d-968f-477d-8806-4d6c04b94431,"[""T1003"",""T1016"",""T1046"",""T1105"",""T1021""]",0.6131471927654584,0.23719771276929622
F4_LCB_RS_oracle,stockpile::78e7504d-968f-477d-8806-4d6c04b94431::0004,stockpile,78e7504d-968f-477d-8806-4d6c04b94431,"[""T1003"",""T1016"",""T1046"",""T1021"",""T1078""]",0.6131471927654584,0.23719771276929622
F5_LCTR5_oracle,stockpile::78e7504d-968f-477d-8806-4d6c04b94431::0004,stockpile,78e7504d-968f-477d-8806-4d6c04b94431,"[""T1016"",""T1046"",""T1003"",""T1078"",""T1021""]",0.3065735963827292,0.23719771276929622
F1_RR5_oracle,stockpile::78e7504d-968f-477d-8806-4d6c04b94431::0005,stockpile,78e7504d-968f-477d-8806-4d6c04b94431,"[""T1021"",""T1078"",""T1005"",""T1555"",""T1083""]",0.6131471927654584,0.6131471927654584
F2_C1R_oracle,stockpile::78e7504d-968f-477d-8806-4d6c04b94431::0005,stockpile,78e7504d-968f-477d-8806-4d6c04b94431,"[""T1021"",""T1078"",""T1005"",""T1555"",""T1018""]",0.8503449055347546,0.6131471927654584
F3_OSER_oracle,stockpile::78e7504d-968f-477d-8806-4d6c04b94431::0005,stockpile,78e7504d-968f-477d-8806-4d6c04b94431,"[""T1021"",""T1078"",""T1005"",""T1555"",""T1083""]",0.6131471927654584,0.6131471927654584
F4_LCB_RS_oracle,stockpile::78e7504d-968f-477d-8806-4d6c04b94431::0005,stockpile,78e7504d-968f-477d-8806-4d6c04b94431,"[""T1021"",""T1078"",""T1005"",""T1555"",""T1083""]",0.6131471927654584,0.6131471927654584
F5_LCTR5_oracle,stockpile::78e7504d-968f-477d-8806-4d6c04b94431::0005,stockpile,78e7504d-968f-477d-8806-4d6c04b94431,"[""T1021"",""T1078"",""T1005"",""T1555"",""T1083""]",0.6131471927654584,0.6131471927654584
F1_RR5_oracle,stockpile::78e7504d-968f-477d-8806-4d6c04b94431::0006,stockpile,78e7504d-968f-477d-8806-4d6c04b94431,"[""T1021"",""T1018"",""T1078"",""T1555"",""T1005""]",1.0,0.8503449055347546
F2_C1R_oracle,stockpile::78e7504d-968f-477d-8806-4d6c04b94431::0006,stockpile,78e7504d-968f-477d-8806-4d6c04b94431,"[""T1021"",""T1078"",""T1555"",""T1005"",""T1018""]",0.8503449055347546,0.8503449055347546
F3_OSER_oracle,stockpile::78e7504d-968f-477d-8806-4d6c04b94431::0006,stockpile,78e7504d-968f-477d-8806-4d6c04b94431,"[""T1021"",""T1078"",""T1555"",""T1005"",""T1018""]",0.8503449055347546,0.8503449055347546
F4_LCB_RS_oracle,stockpile::78e7504d-968f-477d-8806-4d6c04b94431::0006,stockpile,78e7504d-968f-477d-8806-4d6c04b94431,"[""T1021"",""T1018"",""T1555"",""T1078"",""T1005""]",1.0,0.8503449055347546
F5_LCTR5_oracle,stockpile::78e7504d-968f-477d-8806-4d6c04b94431::0006,stockpile,78e7504d-968f-477d-8806-4d6c04b94431,"[""T1021"",""T1018"",""T1078"",""T1555"",""T1005""]",1.0,0.8503449055347546
F1_RR5_oracle,stockpile::78e7504d-968f-477d-8806-4d6c04b94431::0007,stockpile,78e7504d-968f-477d-8806-4d6c04b94431,"[""T1021"",""T1078"",""T1059"",""T1003"",""T1018""]",0.6131471927654584,0.6131471927654584
F2_C1R_oracle,stockpile::78e7504d-968f-477d-8806-4d6c04b94431::0007,stockpile,78e7504d-968f-477d-8806-4d6c04b94431,"[""T1021"",""T1078"",""T1059"",""T1003"",""T1018""]",0.6131471927654584,0.6131471927654584
F3_OSER_oracle,stockpile::78e7504d-968f-477d-8806-4d6c04b94431::0007,stockpile,78e7504d-968f-477d-8806-4d6c04b94431,"[""T1021"",""T1078"",""T1059"",""T1003"",""T1018""]",0.6131471927654584,0.6131471927654584
F4_LCB_RS_oracle,stockpile::78e7504d-968f-477d-8806-4d6c04b94431::0007,stockpile,78e7504d-968f-477d-8806-4d6c04b94431,"[""T1021"",""T1078"",""T1059"",""T1003"",""T1018""]",0.6131471927654584,0.6131471927654584
F5_LCTR5_oracle,stockpile::78e7504d-968f-477d-8806-4d6c04b94431::0007,stockpile,78e7504d-968f-477d-8806-4d6c04b94431,"[""T1021"",""T1078"",""T1059"",""T1003"",""T1018""]",0.6131471927654584,0.6131471927654584
F1_RR5_oracle,stockpile::78e7504d-968f-477d-8806-4d6c04b94431::0008,stockpile,78e7504d-968f-477d-8806-4d6c04b94431,"[""T1021"",""T1059"",""T1078"",""T1003"",""T1018""]",0.46927872602275644,0.46927872602275644
F2_C1R_oracle,stockpile::78e7504d-968f-477d-8806-4d6c04b94431::0008,stockpile,78e7504d-968f-477d-8806-4d6c04b94431,"[""T1021"",""T1059"",""T1078"",""T1003"",""T1018""]",0.46927872602275644,0.46927872602275644
F3_OSER_oracle,stockpile::78e7504d-968f-477d-8806-4d6c04b94431::0008,stockpile,78e7504d-968f-477d-8806-4d6c04b94431,"[""T1021"",""T1059"",""T1078"",""T1003"",""T1018""]",0.46927872602275644,0.46927872602275644
F4_LCB_RS_oracle,stockpile::78e7504d-968f-477d-8806-4d6c04b94431::0008,stockpile,78e7504d-968f-477d-8806-4d6c04b94431,"[""T1021"",""T1059"",""T1078"",""T1003"",""T1018""]",0.46927872602275644,0.46927872602275644
F5_LCTR5_oracle,stockpile::78e7504d-968f-477d-8806-4d6c04b94431::0008,stockpile,78e7504d-968f-477d-8806-4d6c04b94431,"[""T1021"",""T1059"",""T1078"",""T1003"",""T1018""]",0.46927872602275644,0.46927872602275644
F1_RR5_oracle,stockpile::78e7504d-968f-477d-8806-4d6c04b94431::0010,stockpile,78e7504d-968f-477d-8806-4d6c04b94431,"[""T1021"",""T1059"",""T1078"",""T1003"",""T1105""]",0.6131471927654584,0.3065735963827292
F2_C1R_oracle,stockpile::78e7504d-968f-477d-8806-4d6c04b94431::0010,stockpile,78e7504d-968f-477d-8806-4d6c04b94431,"[""T1059"",""T1078"",""T1021"",""T1003"",""T1105""]",0.3065735963827292,0.3065735963827292
F3_OSER_oracle,stockpile::78e7504d-968f-477d-8806-4d6c04b94431::0010,stockpile,78e7504d-968f-477d-8806-4d6c04b94431,"[""T1021"",""T1210"",""T1105"",""T1570"",""T1090""]",0.6131471927654584,0.3065735963827292
F4_LCB_RS_oracle,stockpile::78e7504d-968f-477d-8806-4d6c04b94431::0010,stockpile,78e7504d-968f-477d-8806-4d6c04b94431,"[""T1021"",""T1105"",""T1059"",""T1078"",""T1003""]",0.6131471927654584,0.3065735963827292
F5_LCTR5_oracle,stockpile::78e7504d-968f-477d-8806-4d6c04b94431::0010,stockpile,78e7504d-968f-477d-8806-4d6c04b94431,"[""T1021"",""T1059"",""T1078"",""T1003"",""T1105""]",0.6131471927654584,0.3065735963827292
F1_RR5_oracle,stockpile::78e7504d-968f-477d-8806-4d6c04b94431::0011,stockpile,78e7504d-968f-477d-8806-4d6c04b94431,"[""T1021"",""T1059"",""T1078"",""T1003"",""T1105""]",1.0,0.5
F2_C1R_oracle,stockpile::78e7504d-968f-477d-8806-4d6c04b94431::0011,stockpile,78e7504d-968f-477d-8806-4d6c04b94431,"[""T1059"",""T1078"",""T1021"",""T1003"",""T1105""]",0.5,0.5
F3_OSER_oracle,stockpile::78e7504d-968f-477d-8806-4d6c04b94431::0011,stockpile,78e7504d-968f-477d-8806-4d6c04b94431,"[""T1059"",""T1078"",""T1021"",""T1003"",""T1105""]",0.5,0.5
F4_LCB_RS_oracle,stockpile::78e7504d-968f-477d-8806-4d6c04b94431::0011,stockpile,78e7504d-968f-477d-8806-4d6c04b94431,"[""T1059"",""T1078"",""T1021"",""T1003"",""T1105""]",0.5,0.5
F5_LCTR5_oracle,stockpile::78e7504d-968f-477d-8806-4d6c04b94431::0011,stockpile,78e7504d-968f-477d-8806-4d6c04b94431,"[""T1021"",""T1059"",""T1078"",""T1003"",""T1105""]",1.0,0.5
F1_RR5_oracle,stockpile::78e7504d-968f-477d-8806-4d6c04b94431::0012,stockpile,78e7504d-968f-477d-8806-4d6c04b94431,"[""T1021"",""T1047"",""T1059"",""T1003"",""T1105""]",1.0,1.0
F2_C1R_oracle,stockpile::78e7504d-968f-477d-8806-4d6c04b94431::0012,stockpile,78e7504d-968f-477d-8806-4d6c04b94431,"[""T1021"",""T1047"",""T1059"",""T1003"",""T1105""]",1.0,1.0
F3_OSER_oracle,stockpile::78e7504d-968f-477d-8806-4d6c04b94431::0012,stockpile,78e7504d-968f-477d-8806-4d6c04b94431,"[""T1021"",""T1047"",""T1059"",""T1003"",""T1105""]",1.0,1.0
F4_LCB_RS_oracle,stockpile::78e7504d-968f-477d-8806-4d6c04b94431::0012,stockpile,78e7504d-968f-477d-8806-4d6c04b94431,"[""T1021"",""T1047"",""T1059"",""T1003"",""T1105""]",1.0,1.0
F5_LCTR5_oracle,stockpile::78e7504d-968f-477d-8806-4d6c04b94431::0012,stockpile,78e7504d-968f-477d-8806-4d6c04b94431,"[""T1021"",""T1047"",""T1059"",""T1003"",""T1105""]",1.0,1.0
F1_RR5_oracle,stockpile::bcdbf6b9-14c5-495c-be84-37bce32c312b::0001,stockpile,bcdbf6b9-14c5-495c-be84-37bce32c312b,"[""T1078"",""T1021"",""T1069"",""T1087"",""T1059""]",0.0,0.0
F2_C1R_oracle,stockpile::bcdbf6b9-14c5-495c-be84-37bce32c312b::0001,stockpile,bcdbf6b9-14c5-495c-be84-37bce32c312b,"[""T1078"",""T1021"",""T1069"",""T1087"",""T1059""]",0.0,0.0
F3_OSER_oracle,stockpile::bcdbf6b9-14c5-495c-be84-37bce32c312b::0001,stockpile,bcdbf6b9-14c5-495c-be84-37bce32c312b,"[""T1078"",""T1021"",""T1069"",""T1087"",""T1059""]",0.0,0.0
F4_LCB_RS_oracle,stockpile::bcdbf6b9-14c5-495c-be84-37bce32c312b::0001,stockpile,bcdbf6b9-14c5-495c-be84-37bce32c312b,"[""T1078"",""T1021"",""T1069"",""T1087"",""T1059""]",0.0,0.0
F5_LCTR5_oracle,stockpile::bcdbf6b9-14c5-495c-be84-37bce32c312b::0001,stockpile,bcdbf6b9-14c5-495c-be84-37bce32c312b,"[""T1078"",""T1021"",""T1069"",""T1087"",""T1059""]",0.0,0.0
F1_RR5_oracle,stockpile::bcdbf6b9-14c5-495c-be84-37bce32c312b::0002,stockpile,bcdbf6b9-14c5-495c-be84-37bce32c312b,"[""T1021"",""T1055"",""T1547"",""T1078"",""T1105""]",0.0,0.0
F2_C1R_oracle,stockpile::bcdbf6b9-14c5-495c-be84-37bce32c312b::0002,stockpile,bcdbf6b9-14c5-495c-be84-37bce32c312b,"[""T1021"",""T1055"",""T1547"",""T1078"",""T1105""]",0.0,0.0
F3_OSER_oracle,stockpile::bcdbf6b9-14c5-495c-be84-37bce32c312b::0002,stockpile,bcdbf6b9-14c5-495c-be84-37bce32c312b,"[""T1021"",""T1055"",""T1547"",""T1078"",""T1105""]",0.0,0.0
F4_LCB_RS_oracle,stockpile::bcdbf6b9-14c5-495c-be84-37bce32c312b::0002,stockpile,bcdbf6b9-14c5-495c-be84-37bce32c312b,"[""T1021"",""T1055"",""T1547"",""T1078"",""T1105""]",0.0,0.0
F5_LCTR5_oracle,stockpile::bcdbf6b9-14c5-495c-be84-37bce32c312b::0002,stockpile,bcdbf6b9-14c5-495c-be84-37bce32c312b,"[""T1021"",""T1055"",""T1547"",""T1078"",""T1105""]",0.0,0.0
F1_RR5_oracle,stockpile::c220a8e6-609c-4d5b-9e1c-068ca01c2eec::0002,stockpile,c220a8e6-609c-4d5b-9e1c-068ca01c2eec,"[""T1069"",""T1087"",""T1482"",""T1016"",""T1049""]",0.0,0.0
F2_C1R_oracle,stockpile::c220a8e6-609c-4d5b-9e1c-068ca01c2eec::0002,stockpile,c220a8e6-609c-4d5b-9e1c-068ca01c2eec,"[""T1069"",""T1087"",""T1482"",""T1016"",""T1049""]",0.0,0.0
F3_OSER_oracle,stockpile::c220a8e6-609c-4d5b-9e1c-068ca01c2eec::0002,stockpile,c220a8e6-609c-4d5b-9e1c-068ca01c2eec,"[""T1069"",""T1087"",""T1482"",""T1016"",""T1049""]",0.0,0.0
F4_LCB_RS_oracle,stockpile::c220a8e6-609c-4d5b-9e1c-068ca01c2eec::0002,stockpile,c220a8e6-609c-4d5b-9e1c-068ca01c2eec,"[""T1069"",""T1087"",""T1482"",""T1016"",""T1049""]",0.0,0.0
F5_LCTR5_oracle,stockpile::c220a8e6-609c-4d5b-9e1c-068ca01c2eec::0002,stockpile,c220a8e6-609c-4d5b-9e1c-068ca01c2eec,"[""T1069"",""T1087"",""T1482"",""T1016"",""T1049""]",0.0,0.0
F1_RR5_oracle,stockpile::c724545d-a4cc-492e-8075-2ab9a699c847::0001,stockpile,c724545d-a4cc-492e-8075-2ab9a699c847,"[""T1059"",""T1078"",""T1003"",""T1021"",""T1105""]",0.0,0.0
F2_C1R_oracle,stockpile::c724545d-a4cc-492e-8075-2ab9a699c847::0001,stockpile,c724545d-a4cc-492e-8075-2ab9a699c847,"[""T1059"",""T1078"",""T1003"",""T1021"",""T1105""]",0.0,0.0
F3_OSER_oracle,stockpile::c724545d-a4cc-492e-8075-2ab9a699c847::0001,stockpile,c724545d-a4cc-492e-8075-2ab9a699c847,"[""T1059"",""T1078"",""T1003"",""T1021"",""T1105""]",0.0,0.0
F4_LCB_RS_oracle,stockpile::c724545d-a4cc-492e-8075-2ab9a699c847::0001,stockpile,c724545d-a4cc-492e-8075-2ab9a699c847,"[""T1059"",""T1078"",""T1003"",""T1021"",""T1105""]",0.0,0.0
F5_LCTR5_oracle,stockpile::c724545d-a4cc-492e-8075-2ab9a699c847::0001,stockpile,c724545d-a4cc-492e-8075-2ab9a699c847,"[""T1059"",""T1078"",""T1003"",""T1021"",""T1105""]",0.0,0.0
F1_RR5_oracle,stockpile::c724545d-a4cc-492e-8075-2ab9a699c847::0002,stockpile,c724545d-a4cc-492e-8075-2ab9a699c847,"[""T1059"",""T1078"",""T1021"",""T1003"",""T1105""]",0.0,0.0
F2_C1R_oracle,stockpile::c724545d-a4cc-492e-8075-2ab9a699c847::0002,stockpile,c724545d-a4cc-492e-8075-2ab9a699c847,"[""T1059"",""T1078"",""T1021"",""T1003"",""T1105""]",0.0,0.0
F3_OSER_oracle,stockpile::c724545d-a4cc-492e-8075-2ab9a699c847::0002,stockpile,c724545d-a4cc-492e-8075-2ab9a699c847,"[""T1059"",""T1078"",""T1021"",""T1003"",""T1105""]",0.0,0.0
F4_LCB_RS_oracle,stockpile::c724545d-a4cc-492e-8075-2ab9a699c847::0002,stockpile,c724545d-a4cc-492e-8075-2ab9a699c847,"[""T1059"",""T1078"",""T1021"",""T1003"",""T1105""]",0.0,0.0
F5_LCTR5_oracle,stockpile::c724545d-a4cc-492e-8075-2ab9a699c847::0002,stockpile,c724545d-a4cc-492e-8075-2ab9a699c847,"[""T1059"",""T1078"",""T1021"",""T1003"",""T1105""]",0.0,0.0
F1_RR5_oracle,stockpile::d6ea4c1e-7959-4eb1-a292-b6fd2b06c73e::0001,stockpile,d6ea4c1e-7959-4eb1-a292-b6fd2b06c73e,"[""T1059"",""T1021"",""T1078"",""T1003"",""T1105""]",0.0,0.0
F2_C1R_oracle,stockpile::d6ea4c1e-7959-4eb1-a292-b6fd2b06c73e::0001,stockpile,d6ea4c1e-7959-4eb1-a292-b6fd2b06c73e,"[""T1059"",""T1021"",""T1078"",""T1003"",""T1105""]",0.0,0.0
F3_OSER_oracle,stockpile::d6ea4c1e-7959-4eb1-a292-b6fd2b06c73e::0001,stockpile,d6ea4c1e-7959-4eb1-a292-b6fd2b06c73e,"[""T1059"",""T1021"",""T1078"",""T1003"",""T1105""]",0.0,0.0
F4_LCB_RS_oracle,stockpile::d6ea4c1e-7959-4eb1-a292-b6fd2b06c73e::0001,stockpile,d6ea4c1e-7959-4eb1-a292-b6fd2b06c73e,"[""T1059"",""T1021"",""T1078"",""T1003"",""T1105""]",0.0,0.0
F5_LCTR5_oracle,stockpile::d6ea4c1e-7959-4eb1-a292-b6fd2b06c73e::0001,stockpile,d6ea4c1e-7959-4eb1-a292-b6fd2b06c73e,"[""T1059"",""T1021"",""T1078"",""T1003"",""T1105""]",0.0,0.0
F1_RR5_oracle,stockpile::d6ea4c1e-7959-4eb1-a292-b6fd2b06c73e::0002,stockpile,d6ea4c1e-7959-4eb1-a292-b6fd2b06c73e,"[""T1059"",""T1082"",""T1053"",""T1547"",""T1021""]",0.0,0.0
F2_C1R_oracle,stockpile::d6ea4c1e-7959-4eb1-a292-b6fd2b06c73e::0002,stockpile,d6ea4c1e-7959-4eb1-a292-b6fd2b06c73e,"[""T1059"",""T1082"",""T1053"",""T1547"",""T1021""]",0.0,0.0
F3_OSER_oracle,stockpile::d6ea4c1e-7959-4eb1-a292-b6fd2b06c73e::0002,stockpile,d6ea4c1e-7959-4eb1-a292-b6fd2b06c73e,"[""T1059"",""T1082"",""T1053"",""T1547"",""T1021""]",0.0,0.0
F4_LCB_RS_oracle,stockpile::d6ea4c1e-7959-4eb1-a292-b6fd2b06c73e::0002,stockpile,d6ea4c1e-7959-4eb1-a292-b6fd2b06c73e,"[""T1059"",""T1082"",""T1053"",""T1547"",""T1021""]",0.0,0.0
F5_LCTR5_oracle,stockpile::d6ea4c1e-7959-4eb1-a292-b6fd2b06c73e::0002,stockpile,d6ea4c1e-7959-4eb1-a292-b6fd2b06c73e,"[""T1059"",""T1082"",""T1053"",""T1547"",""T1021""]",0.0,0.0
F1_RR5_oracle,stockpile::d6ea4c1e-7959-4eb1-a292-b6fd2b06c73e::0004,stockpile,d6ea4c1e-7959-4eb1-a292-b6fd2b06c73e,"[""T1057"",""T1518"",""T1082"",""T1012"",""T1069""]",1.0,1.0
F2_C1R_oracle,stockpile::d6ea4c1e-7959-4eb1-a292-b6fd2b06c73e::0004,stockpile,d6ea4c1e-7959-4eb1-a292-b6fd2b06c73e,"[""T1057"",""T1518"",""T1082"",""T1012"",""T1069""]",1.0,1.0
F3_OSER_oracle,stockpile::d6ea4c1e-7959-4eb1-a292-b6fd2b06c73e::0004,stockpile,d6ea4c1e-7959-4eb1-a292-b6fd2b06c73e,"[""T1057"",""T1518"",""T1082"",""T1012"",""T1069""]",1.0,1.0
F4_LCB_RS_oracle,stockpile::d6ea4c1e-7959-4eb1-a292-b6fd2b06c73e::0004,stockpile,d6ea4c1e-7959-4eb1-a292-b6fd2b06c73e,"[""T1057"",""T1518"",""T1082"",""T1012"",""T1069""]",1.0,1.0
F5_LCTR5_oracle,stockpile::d6ea4c1e-7959-4eb1-a292-b6fd2b06c73e::0004,stockpile,d6ea4c1e-7959-4eb1-a292-b6fd2b06c73e,"[""T1057"",""T1518"",""T1082"",""T1012"",""T1069""]",1.0,1.0
F1_RR5_oracle,stockpile::dbd49a4a-ba2d-40d0-9348-2db24fc4b0b6::0002,stockpile,dbd49a4a-ba2d-40d0-9348-2db24fc4b0b6,"[""T1021"",""T1059"",""T1078"",""T1003"",""T1105""]",0.0,0.0
F2_C1R_oracle,stockpile::dbd49a4a-ba2d-40d0-9348-2db24fc4b0b6::0002,stockpile,dbd49a4a-ba2d-40d0-9348-2db24fc4b0b6,"[""T1021"",""T1059"",""T1078"",""T1003"",""T1569""]",0.38685280723454163,0.0
F3_OSER_oracle,stockpile::dbd49a4a-ba2d-40d0-9348-2db24fc4b0b6::0002,stockpile,dbd49a4a-ba2d-40d0-9348-2db24fc4b0b6,"[""T1021"",""T1059"",""T1078"",""T1003"",""T1105""]",0.0,0.0
F4_LCB_RS_oracle,stockpile::dbd49a4a-ba2d-40d0-9348-2db24fc4b0b6::0002,stockpile,dbd49a4a-ba2d-40d0-9348-2db24fc4b0b6,"[""T1021"",""T1059"",""T1078"",""T1003"",""T1105""]",0.0,0.0
F5_LCTR5_oracle,stockpile::dbd49a4a-ba2d-40d0-9348-2db24fc4b0b6::0002,stockpile,dbd49a4a-ba2d-40d0-9348-2db24fc4b0b6,"[""T1021"",""T1059"",""T1078"",""T1003"",""T1105""]",0.0,0.0
F1_RR5_oracle,stockpile::ddbd1850-5fd7-41d5-a7a1-1b15dac49090::0001,stockpile,ddbd1850-5fd7-41d5-a7a1-1b15dac49090,"[""T1016"",""T1046"",""T1033"",""T1082"",""T1057""]",0.0,0.0
F2_C1R_oracle,stockpile::ddbd1850-5fd7-41d5-a7a1-1b15dac49090::0001,stockpile,ddbd1850-5fd7-41d5-a7a1-1b15dac49090,"[""T1016"",""T1046"",""T1033"",""T1082"",""T1018""]",0.18154179253735267,0.0
F3_OSER_oracle,stockpile::ddbd1850-5fd7-41d5-a7a1-1b15dac49090::0001,stockpile,ddbd1850-5fd7-41d5-a7a1-1b15dac49090,"[""T1105"",""T1016"",""T1021"",""T1033"",""T1550""]",0.23463936301137822,0.0
F4_LCB_RS_oracle,stockpile::ddbd1850-5fd7-41d5-a7a1-1b15dac49090::0001,stockpile,ddbd1850-5fd7-41d5-a7a1-1b15dac49090,"[""T1016"",""T1046"",""T1033"",""T1082"",""T1057""]",0.0,0.0
F5_LCTR5_oracle,stockpile::ddbd1850-5fd7-41d5-a7a1-1b15dac49090::0001,stockpile,ddbd1850-5fd7-41d5-a7a1-1b15dac49090,"[""T1016"",""T1046"",""T1033"",""T1082"",""T1057""]",0.0,0.0
F1_RR5_oracle,stockpile::ddbd1850-5fd7-41d5-a7a1-1b15dac49090::0002,stockpile,ddbd1850-5fd7-41d5-a7a1-1b15dac49090,"[""T1016"",""T1046"",""T1033"",""T1082"",""T1057""]",0.0,0.0
F2_C1R_oracle,stockpile::ddbd1850-5fd7-41d5-a7a1-1b15dac49090::0002,stockpile,ddbd1850-5fd7-41d5-a7a1-1b15dac49090,"[""T1016"",""T1046"",""T1033"",""T1082"",""T1021""]",0.23719771276929622,0.0
F3_OSER_oracle,stockpile::ddbd1850-5fd7-41d5-a7a1-1b15dac49090::0002,stockpile,ddbd1850-5fd7-41d5-a7a1-1b15dac49090,"[""T1105"",""T1016"",""T1021"",""T1033"",""T1550""]",0.3065735963827292,0.0
F4_LCB_RS_oracle,stockpile::ddbd1850-5fd7-41d5-a7a1-1b15dac49090::0002,stockpile,ddbd1850-5fd7-41d5-a7a1-1b15dac49090,"[""T1016"",""T1046"",""T1033"",""T1082"",""T1057""]",0.0,0.0
F5_LCTR5_oracle,stockpile::ddbd1850-5fd7-41d5-a7a1-1b15dac49090::0002,stockpile,ddbd1850-5fd7-41d5-a7a1-1b15dac49090,"[""T1016"",""T1046"",""T1033"",""T1082"",""T1057""]",0.0,0.0
F1_RR5_oracle,stockpile::ddbd1850-5fd7-41d5-a7a1-1b15dac49090::0003,stockpile,ddbd1850-5fd7-41d5-a7a1-1b15dac49090,"[""T1087"",""T1069"",""T1016"",""T1033"",""T1007""]",0.0,0.0
F2_C1R_oracle,stockpile::ddbd1850-5fd7-41d5-a7a1-1b15dac49090::0003,stockpile,ddbd1850-5fd7-41d5-a7a1-1b15dac49090,"[""T1087"",""T1069"",""T1016"",""T1033"",""T1007""]",0.0,0.0
F3_OSER_oracle,stockpile::ddbd1850-5fd7-41d5-a7a1-1b15dac49090::0003,stockpile,ddbd1850-5fd7-41d5-a7a1-1b15dac49090,"[""T1087"",""T1069"",""T1016"",""T1033"",""T1007""]",0.0,0.0
F4_LCB_RS_oracle,stockpile::ddbd1850-5fd7-41d5-a7a1-1b15dac49090::0003,stockpile,ddbd1850-5fd7-41d5-a7a1-1b15dac49090,"[""T1087"",""T1069"",""T1016"",""T1033"",""T1007""]",0.0,0.0
F5_LCTR5_oracle,stockpile::ddbd1850-5fd7-41d5-a7a1-1b15dac49090::0003,stockpile,ddbd1850-5fd7-41d5-a7a1-1b15dac49090,"[""T1087"",""T1069"",""T1016"",""T1033"",""T1007""]",0.0,0.0
F1_RR5_oracle,stockpile::de07f52d-9928-4071-9142-cb1d3bd851e8::0001,stockpile,de07f52d-9928-4071-9142-cb1d3bd851e8,"[""T1005"",""T1074"",""T1025"",""T1119"",""T1560""]",0.0,0.0
F2_C1R_oracle,stockpile::de07f52d-9928-4071-9142-cb1d3bd851e8::0001,stockpile,de07f52d-9928-4071-9142-cb1d3bd851e8,"[""T1005"",""T1074"",""T1025"",""T1119"",""T1560""]",0.0,0.0
F3_OSER_oracle,stockpile::de07f52d-9928-4071-9142-cb1d3bd851e8::0001,stockpile,de07f52d-9928-4071-9142-cb1d3bd851e8,"[""T1005"",""T1074"",""T1025"",""T1119"",""T1560""]",0.0,0.0
F4_LCB_RS_oracle,stockpile::de07f52d-9928-4071-9142-cb1d3bd851e8::0001,stockpile,de07f52d-9928-4071-9142-cb1d3bd851e8,"[""T1005"",""T1074"",""T1025"",""T1119"",""T1560""]",0.0,0.0
F5_LCTR5_oracle,stockpile::de07f52d-9928-4071-9142-cb1d3bd851e8::0001,stockpile,de07f52d-9928-4071-9142-cb1d3bd851e8,"[""T1005"",""T1074"",""T1025"",""T1119"",""T1560""]",0.0,0.0
F1_RR5_oracle,stockpile::de07f52d-9928-4071-9142-cb1d3bd851e8::0003,stockpile,de07f52d-9928-4071-9142-cb1d3bd851e8,"[""T1057"",""T1082"",""T1003"",""T1078"",""T1136""]",0.46927872602275644,0.2960819109658652
F2_C1R_oracle,stockpile::de07f52d-9928-4071-9142-cb1d3bd851e8::0003,stockpile,de07f52d-9928-4071-9142-cb1d3bd851e8,"[""T1082"",""T1057"",""T1003"",""T1078"",""T1016""]",0.4776237035032179,0.2960819109658652
F3_OSER_oracle,stockpile::de07f52d-9928-4071-9142-cb1d3bd851e8::0003,stockpile,de07f52d-9928-4071-9142-cb1d3bd851e8,"[""T1082"",""T1057"",""T1003"",""T1078"",""T1136""]",0.2960819109658652,0.2960819109658652
F4_LCB_RS_oracle,stockpile::de07f52d-9928-4071-9142-cb1d3bd851e8::0003,stockpile,de07f52d-9928-4071-9142-cb1d3bd851e8,"[""T1082"",""T1057"",""T1003"",""T1078"",""T1136""]",0.2960819109658652,0.2960819109658652
F5_LCTR5_oracle,stockpile::de07f52d-9928-4071-9142-cb1d3bd851e8::0003,stockpile,de07f52d-9928-4071-9142-cb1d3bd851e8,"[""T1057"",""T1082"",""T1003"",""T1078"",""T1136""]",0.46927872602275644,0.2960819109658652
F1_RR5_oracle,stockpile::de07f52d-9928-4071-9142-cb1d3bd851e8::0004,stockpile,de07f52d-9928-4071-9142-cb1d3bd851e8,"[""T1057"",""T1082"",""T1069"",""T1012"",""T1007""]",0.46927872602275644,0.2960819109658652
F2_C1R_oracle,stockpile::de07f52d-9928-4071-9142-cb1d3bd851e8::0004,stockpile,de07f52d-9928-4071-9142-cb1d3bd851e8,"[""T1082"",""T1057"",""T1069"",""T1012"",""T1016""]",0.4776237035032179,0.2960819109658652
F3_OSER_oracle,stockpile::de07f52d-9928-4071-9142-cb1d3bd851e8::0004,stockpile,de07f52d-9928-4071-9142-cb1d3bd851e8,"[""T1082"",""T1057"",""T1069"",""T1012"",""T1007""]",0.2960819109658652,0.2960819109658652
F4_LCB_RS_oracle,stockpile::de07f52d-9928-4071-9142-cb1d3bd851e8::0004,stockpile,de07f52d-9928-4071-9142-cb1d3bd851e8,"[""T1082"",""T1057"",""T1069"",""T1012"",""T1007""]",0.2960819109658652,0.2960819109658652
F5_LCTR5_oracle,stockpile::de07f52d-9928-4071-9142-cb1d3bd851e8::0004,stockpile,de07f52d-9928-4071-9142-cb1d3bd851e8,"[""T1057"",""T1069"",""T1012"",""T1082"",""T1007""]",0.46927872602275644,0.2960819109658652
F1_RR5_oracle,stockpile::de07f52d-9928-4071-9142-cb1d3bd851e8::0005,stockpile,de07f52d-9928-4071-9142-cb1d3bd851e8,"[""T1018"",""T1057"",""T1069"",""T1046"",""T1082""]",0.7653606369886217,0.6508205185601091
F2_C1R_oracle,stockpile::de07f52d-9928-4071-9142-cb1d3bd851e8::0005,stockpile,de07f52d-9928-4071-9142-cb1d3bd851e8,"[""T1018"",""T1069"",""T1046"",""T1082"",""T1057""]",0.6508205185601091,0.6508205185601091
F3_OSER_oracle,stockpile::de07f52d-9928-4071-9142-cb1d3bd851e8::0005,stockpile,de07f52d-9928-4071-9142-cb1d3bd851e8,"[""T1018"",""T1069"",""T1046"",""T1082"",""T1057""]",0.6508205185601091,0.6508205185601091
F4_LCB_RS_oracle,stockpile::de07f52d-9928-4071-9142-cb1d3bd851e8::0005,stockpile,de07f52d-9928-4071-9142-cb1d3bd851e8,"[""T1018"",""T1069"",""T1046"",""T1082"",""T1057""]",0.6508205185601091,0.6508205185601091
F5_LCTR5_oracle,stockpile::de07f52d-9928-4071-9142-cb1d3bd851e8::0005,stockpile,de07f52d-9928-4071-9142-cb1d3bd851e8,"[""T1018"",""T1069"",""T1046"",""T1082"",""T1057""]",0.6508205185601091,0.6508205185601091
F1_RR5_oracle,stockpile::de07f52d-9928-4071-9142-cb1d3bd851e8::0006,stockpile,de07f52d-9928-4071-9142-cb1d3bd851e8,"[""T1018"",""T1082"",""T1069"",""T1007"",""T1059""]",0.46927872602275644,0.23463936301137822
F2_C1R_oracle,stockpile::de07f52d-9928-4071-9142-cb1d3bd851e8::0006,stockpile,de07f52d-9928-4071-9142-cb1d3bd851e8,"[""T1082"",""T1069"",""T1018"",""T1007"",""T1059""]",0.23463936301137822,0.23463936301137822
F3_OSER_oracle,stockpile::de07f52d-9928-4071-9142-cb1d3bd851e8::0006,stockpile,de07f52d-9928-4071-9142-cb1d3bd851e8,"[""T1082"",""T1069"",""T1018"",""T1007"",""T1059""]",0.23463936301137822,0.23463936301137822
F4_LCB_RS_oracle,stockpile::de07f52d-9928-4071-9142-cb1d3bd851e8::0006,stockpile,de07f52d-9928-4071-9142-cb1d3bd851e8,"[""T1082"",""T1069"",""T1018"",""T1007"",""T1059""]",0.23463936301137822,0.23463936301137822
F5_LCTR5_oracle,stockpile::de07f52d-9928-4071-9142-cb1d3bd851e8::0006,stockpile,de07f52d-9928-4071-9142-cb1d3bd851e8,"[""T1082"",""T1069"",""T1018"",""T1007"",""T1059""]",0.23463936301137822,0.23463936301137822
F1_RR5_oracle,stockpile::de07f52d-9928-4071-9142-cb1d3bd851e8::0007,stockpile,de07f52d-9928-4071-9142-cb1d3bd851e8,"[""T1018"",""T1069"",""T1082"",""T1003"",""T1021""]",0.7653606369886217,0.5307212739772434
F2_C1R_oracle,stockpile::de07f52d-9928-4071-9142-cb1d3bd851e8::0007,stockpile,de07f52d-9928-4071-9142-cb1d3bd851e8,"[""T1082"",""T1018"",""T1069"",""T1003"",""T1021""]",0.5307212739772434,0.5307212739772434
F3_OSER_oracle,stockpile::de07f52d-9928-4071-9142-cb1d3bd851e8::0007,stockpile,de07f52d-9928-4071-9142-cb1d3bd851e8,"[""T1082"",""T1018"",""T1069"",""T1003"",""T1021""]",0.5307212739772434,0.5307212739772434
F4_LCB_RS_oracle,stockpile::de07f52d-9928-4071-9142-cb1d3bd851e8::0007,stockpile,de07f52d-9928-4071-9142-cb1d3bd851e8,"[""T1018"",""T1021"",""T1082"",""T1069"",""T1003""]",0.6713860725233041,0.5307212739772434
F5_LCTR5_oracle,stockpile::de07f52d-9928-4071-9142-cb1d3bd851e8::0007,stockpile,de07f52d-9928-4071-9142-cb1d3bd851e8,"[""T1018"",""T1082"",""T1003"",""T1069"",""T1021""]",0.6713860725233041,0.5307212739772434
F1_RR5_oracle,stockpile::de07f52d-9928-4071-9142-cb1d3bd851e8::0008,stockpile,de07f52d-9928-4071-9142-cb1d3bd851e8,"[""T1069"",""T1083"",""T1049"",""T1007"",""T1012""]",0.6131471927654584,0.38685280723454163
F2_C1R_oracle,stockpile::de07f52d-9928-4071-9142-cb1d3bd851e8::0008,stockpile,de07f52d-9928-4071-9142-cb1d3bd851e8,"[""T1083"",""T1069"",""T1049"",""T1007"",""T1012""]",0.38685280723454163,0.38685280723454163
F3_OSER_oracle,stockpile::de07f52d-9928-4071-9142-cb1d3bd851e8::0008,stockpile,de07f52d-9928-4071-9142-cb1d3bd851e8,"[""T1083"",""T1069"",""T1049"",""T1007"",""T1012""]",0.38685280723454163,0.38685280723454163
F4_LCB_RS_oracle,stockpile::de07f52d-9928-4071-9142-cb1d3bd851e8::0008,stockpile,de07f52d-9928-4071-9142-cb1d3bd851e8,"[""T1069"",""T1083"",""T1049"",""T1007"",""T1012""]",0.6131471927654584,0.38685280723454163
F5_LCTR5_oracle,stockpile::de07f52d-9928-4071-9142-cb1d3bd851e8::0008,stockpile,de07f52d-9928-4071-9142-cb1d3bd851e8,"[""T1069"",""T1083"",""T1049"",""T1007"",""T1012""]",0.6131471927654584,0.38685280723454163
F1_RR5_oracle,stockpile::de07f52d-9928-4071-9142-cb1d3bd851e8::0009,stockpile,de07f52d-9928-4071-9142-cb1d3bd851e8,"[""T1069"",""T1082"",""T1012"",""T1003"",""T1059""]",0.46927872602275644,0.23463936301137822
F2_C1R_oracle,stockpile::de07f52d-9928-4071-9142-cb1d3bd851e8::0009,stockpile,de07f52d-9928-4071-9142-cb1d3bd851e8,"[""T1082"",""T1012"",""T1069"",""T1003"",""T1018""]",0.41618115554873086,0.23463936301137822
F3_OSER_oracle,stockpile::de07f52d-9928-4071-9142-cb1d3bd851e8::0009,stockpile,de07f52d-9928-4071-9142-cb1d3bd851e8,"[""T1082"",""T1012"",""T1069"",""T1003"",""T1059""]",0.23463936301137822,0.23463936301137822
F4_LCB_RS_oracle,stockpile::de07f52d-9928-4071-9142-cb1d3bd851e8::0009,stockpile,de07f52d-9928-4071-9142-cb1d3bd851e8,"[""T1082"",""T1069"",""T1012"",""T1003"",""T1059""]",0.2960819109658652,0.23463936301137822
F5_LCTR5_oracle,stockpile::de07f52d-9928-4071-9142-cb1d3bd851e8::0009,stockpile,de07f52d-9928-4071-9142-cb1d3bd851e8,"[""T1082"",""T1012"",""T1069"",""T1003"",""T1059""]",0.23463936301137822,0.23463936301137822
F1_RR5_oracle,stockpile::de07f52d-9928-4071-9142-cb1d3bd851e8::0010,stockpile,de07f52d-9928-4071-9142-cb1d3bd851e8,"[""T1082"",""T1012"",""T1003"",""T1078"",""T1021""]",0.0,0.0
F2_C1R_oracle,stockpile::de07f52d-9928-4071-9142-cb1d3bd851e8::0010,stockpile,de07f52d-9928-4071-9142-cb1d3bd851e8,"[""T1082"",""T1012"",""T1003"",""T1078"",""T1018""]",0.18154179253735267,0.0
F3_OSER_oracle,stockpile::de07f52d-9928-4071-9142-cb1d3bd851e8::0010,stockpile,de07f52d-9928-4071-9142-cb1d3bd851e8,"[""T1105"",""T1018"",""T1087"",""T1021"",""T1041""]",0.2960819109658652,0.0
F4_LCB_RS_oracle,stockpile::de07f52d-9928-4071-9142-cb1d3bd851e8::0010,stockpile,de07f52d-9928-4071-9142-cb1d3bd851e8,"[""T1082"",""T1012"",""T1003"",""T1078"",""T1021""]",0.0,0.0
F5_LCTR5_oracle,stockpile::de07f52d-9928-4071-9142-cb1d3bd851e8::0010,stockpile,de07f52d-9928-4071-9142-cb1d3bd851e8,"[""T1082"",""T1012"",""T1003"",""T1078"",""T1021""]",0.0,0.0
F1_RR5_oracle,stockpile::de07f52d-9928-4071-9142-cb1d3bd851e8::0011,stockpile,de07f52d-9928-4071-9142-cb1d3bd851e8,"[""T1082"",""T1003"",""T1078"",""T1021"",""T1105""]",0.0,0.0
F2_C1R_oracle,stockpile::de07f52d-9928-4071-9142-cb1d3bd851e8::0011,stockpile,de07f52d-9928-4071-9142-cb1d3bd851e8,"[""T1082"",""T1003"",""T1078"",""T1021"",""T1018""]",0.18154179253735267,0.0
F3_OSER_oracle,stockpile::de07f52d-9928-4071-9142-cb1d3bd851e8::0011,stockpile,de07f52d-9928-4071-9142-cb1d3bd851e8,"[""T1082"",""T1003"",""T1078"",""T1021"",""T1105""]",0.0,0.0
F4_LCB_RS_oracle,stockpile::de07f52d-9928-4071-9142-cb1d3bd851e8::0011,stockpile,de07f52d-9928-4071-9142-cb1d3bd851e8,"[""T1082"",""T1003"",""T1078"",""T1021"",""T1105""]",0.0,0.0
F5_LCTR5_oracle,stockpile::de07f52d-9928-4071-9142-cb1d3bd851e8::0011,stockpile,de07f52d-9928-4071-9142-cb1d3bd851e8,"[""T1082"",""T1003"",""T1078"",""T1021"",""T1105""]",0.0,0.0
F1_RR5_oracle,stockpile::de07f52d-9928-4071-9142-cb1d3bd851e8::0012,stockpile,de07f52d-9928-4071-9142-cb1d3bd851e8,"[""T1005"",""T1018"",""T1069"",""T1087"",""T1057""]",0.46927872602275644,0.20210734650054757
F2_C1R_oracle,stockpile::de07f52d-9928-4071-9142-cb1d3bd851e8::0012,stockpile,de07f52d-9928-4071-9142-cb1d3bd851e8,"[""T1018"",""T1069"",""T1087"",""T1005"",""T1057""]",0.20210734650054757,0.20210734650054757
F3_OSER_oracle,stockpile::de07f52d-9928-4071-9142-cb1d3bd851e8::0012,stockpile,de07f52d-9928-4071-9142-cb1d3bd851e8,"[""T1018"",""T1069"",""T1087"",""T1005"",""T1057""]",0.20210734650054757,0.20210734650054757
F4_LCB_RS_oracle,stockpile::de07f52d-9928-4071-9142-cb1d3bd851e8::0012,stockpile,de07f52d-9928-4071-9142-cb1d3bd851e8,"[""T1018"",""T1069"",""T1087"",""T1005"",""T1057""]",0.20210734650054757,0.20210734650054757
F5_LCTR5_oracle,stockpile::de07f52d-9928-4071-9142-cb1d3bd851e8::0012,stockpile,de07f52d-9928-4071-9142-cb1d3bd851e8,"[""T1018"",""T1069"",""T1087"",""T1005"",""T1057""]",0.20210734650054757,0.20210734650054757
F1_RR5_oracle,stockpile::de07f52d-9928-4071-9142-cb1d3bd851e8::0013,stockpile,de07f52d-9928-4071-9142-cb1d3bd851e8,"[""T1083"",""T1003"",""T1078"",""T1021"",""T1105""]",0.0,0.0
F2_C1R_oracle,stockpile::de07f52d-9928-4071-9142-cb1d3bd851e8::0013,stockpile,de07f52d-9928-4071-9142-cb1d3bd851e8,"[""T1083"",""T1003"",""T1078"",""T1021"",""T1105""]",0.0,0.0
F3_OSER_oracle,stockpile::de07f52d-9928-4071-9142-cb1d3bd851e8::0013,stockpile,de07f52d-9928-4071-9142-cb1d3bd851e8,"[""T1083"",""T1003"",""T1078"",""T1021"",""T1105""]",0.0,0.0
F4_LCB_RS_oracle,stockpile::de07f52d-9928-4071-9142-cb1d3bd851e8::0013,stockpile,de07f52d-9928-4071-9142-cb1d3bd851e8,"[""T1083"",""T1003"",""T1078"",""T1021"",""T1105""]",0.0,0.0
F5_LCTR5_oracle,stockpile::de07f52d-9928-4071-9142-cb1d3bd851e8::0013,stockpile,de07f52d-9928-4071-9142-cb1d3bd851e8,"[""T1083"",""T1003"",""T1078"",""T1021"",""T1105""]",0.0,0.0
F1_RR5_oracle,stockpile::de07f52d-9928-4071-9142-cb1d3bd851e8::0014,stockpile,de07f52d-9928-4071-9142-cb1d3bd851e8,"[""T1082"",""T1003"",""T1078"",""T1021"",""T1105""]",0.0,0.0
F2_C1R_oracle,stockpile::de07f52d-9928-4071-9142-cb1d3bd851e8::0014,stockpile,de07f52d-9928-4071-9142-cb1d3bd851e8,"[""T1082"",""T1003"",""T1078"",""T1021"",""T1105""]",0.0,0.0
F3_OSER_oracle,stockpile::de07f52d-9928-4071-9142-cb1d3bd851e8::0014,stockpile,de07f52d-9928-4071-9142-cb1d3bd851e8,"[""T1082"",""T1003"",""T1078"",""T1021"",""T1105""]",0.0,0.0
F4_LCB_RS_oracle,stockpile::de07f52d-9928-4071-9142-cb1d3bd851e8::0014,stockpile,de07f52d-9928-4071-9142-cb1d3bd851e8,"[""T1082"",""T1003"",""T1078"",""T1021"",""T1105""]",0.0,0.0
F5_LCTR5_oracle,stockpile::de07f52d-9928-4071-9142-cb1d3bd851e8::0014,stockpile,de07f52d-9928-4071-9142-cb1d3bd851e8,"[""T1082"",""T1003"",""T1078"",""T1021"",""T1105""]",0.0,0.0
F1_RR5_oracle,stockpile::de07f52d-9928-4071-9142-cb1d3bd851e8::0015,stockpile,de07f52d-9928-4071-9142-cb1d3bd851e8,"[""T1074"",""T1005"",""T1033"",""T1018"",""T1518""]",0.46927872602275644,0.2960819109658652
F2_C1R_oracle,stockpile::de07f52d-9928-4071-9142-cb1d3bd851e8::0015,stockpile,de07f52d-9928-4071-9142-cb1d3bd851e8,"[""T1005"",""T1074"",""T1033"",""T1018"",""T1041""]",0.4776237035032179,0.2960819109658652
F3_OSER_oracle,stockpile::de07f52d-9928-4071-9142-cb1d3bd851e8::0015,stockpile,de07f52d-9928-4071-9142-cb1d3bd851e8,"[""T1041"",""T1561"",""T1537"",""T1571"",""T1105""]",0.46927872602275644,0.2960819109658652
F4_LCB_RS_oracle,stockpile::de07f52d-9928-4071-9142-cb1d3bd851e8::0015,stockpile,de07f52d-9928-4071-9142-cb1d3bd851e8,"[""T1005"",""T1074"",""T1033"",""T1018"",""T1041""]",0.4776237035032179,0.2960819109658652
F5_LCTR5_oracle,stockpile::de07f52d-9928-4071-9142-cb1d3bd851e8::0015,stockpile,de07f52d-9928-4071-9142-cb1d3bd851e8,"[""T1005"",""T1074"",""T1033"",""T1018"",""T1518""]",0.2960819109658652,0.2960819109658652
F1_RR5_oracle,stockpile::de07f52d-9928-4071-9142-cb1d3bd851e8::0016,stockpile,de07f52d-9928-4071-9142-cb1d3bd851e8,"[""T1005"",""T1074"",""T1078"",""T1021"",""T1048""]",0.0,0.0
F2_C1R_oracle,stockpile::de07f52d-9928-4071-9142-cb1d3bd851e8::0016,stockpile,de07f52d-9928-4071-9142-cb1d3bd851e8,"[""T1005"",""T1074"",""T1078"",""T1021"",""T1041""]",0.23719771276929622,0.0
F3_OSER_oracle,stockpile::de07f52d-9928-4071-9142-cb1d3bd851e8::0016,stockpile,de07f52d-9928-4071-9142-cb1d3bd851e8,"[""T1041"",""T1047"",""T1537"",""T1553"",""T1095""]",0.6131471927654584,0.0
F4_LCB_RS_oracle,stockpile::de07f52d-9928-4071-9142-cb1d3bd851e8::0016,stockpile,de07f52d-9928-4071-9142-cb1d3bd851e8,"[""T1005"",""T1074"",""T1078"",""T1021"",""T1041""]",0.23719771276929622,0.0
F5_LCTR5_oracle,stockpile::de07f52d-9928-4071-9142-cb1d3bd851e8::0016,stockpile,de07f52d-9928-4071-9142-cb1d3bd851e8,"[""T1005"",""T1074"",""T1078"",""T1021"",""T1048""]",0.0,0.0
F1_RR5_oracle,stockpile::de07f52d-9928-4071-9142-cb1d3bd851e8::0017,stockpile,de07f52d-9928-4071-9142-cb1d3bd851e8,"[""T1005"",""T1074"",""T1560"",""T1036"",""T1048""]",0.0,0.0
F2_C1R_oracle,stockpile::de07f52d-9928-4071-9142-cb1d3bd851e8::0017,stockpile,de07f52d-9928-4071-9142-cb1d3bd851e8,"[""T1005"",""T1074"",""T1560"",""T1036"",""T1041""]",0.38685280723454163,0.0
F3_OSER_oracle,stockpile::de07f52d-9928-4071-9142-cb1d3bd851e8::0017,stockpile,de07f52d-9928-4071-9142-cb1d3bd851e8,"[""T1567"",""T1105"",""T1041"",""T1090"",""T1573""]",0.5,0.0
F4_LCB_RS_oracle,stockpile::de07f52d-9928-4071-9142-cb1d3bd851e8::0017,stockpile,de07f52d-9928-4071-9142-cb1d3bd851e8,"[""T1005"",""T1074"",""T1560"",""T1036"",""T1048""]",0.0,0.0
F5_LCTR5_oracle,stockpile::de07f52d-9928-4071-9142-cb1d3bd851e8::0017,stockpile,de07f52d-9928-4071-9142-cb1d3bd851e8,"[""T1005"",""T1074"",""T1560"",""T1036"",""T1048""]",0.0,0.0
F1_RR5_oracle,stockpile::e4324b88-8836-4803-b6b7-09b3c6cd4e94::0001,stockpile,e4324b88-8836-4803-b6b7-09b3c6cd4e94,"[""T1082"",""T1016"",""T1033"",""T1057"",""T1007""]",0.0,0.0
F2_C1R_oracle,stockpile::e4324b88-8836-4803-b6b7-09b3c6cd4e94::0001,stockpile,e4324b88-8836-4803-b6b7-09b3c6cd4e94,"[""T1082"",""T1016"",""T1033"",""T1057"",""T1007""]",0.0,0.0
F3_OSER_oracle,stockpile::e4324b88-8836-4803-b6b7-09b3c6cd4e94::0001,stockpile,e4324b88-8836-4803-b6b7-09b3c6cd4e94,"[""T1082"",""T1016"",""T1033"",""T1057"",""T1007""]",0.0,0.0
F4_LCB_RS_oracle,stockpile::e4324b88-8836-4803-b6b7-09b3c6cd4e94::0001,stockpile,e4324b88-8836-4803-b6b7-09b3c6cd4e94,"[""T1082"",""T1016"",""T1033"",""T1057"",""T1007""]",0.0,0.0
F5_LCTR5_oracle,stockpile::e4324b88-8836-4803-b6b7-09b3c6cd4e94::0001,stockpile,e4324b88-8836-4803-b6b7-09b3c6cd4e94,"[""T1082"",""T1016"",""T1033"",""T1057"",""T1007""]",0.0,0.0
F1_RR5_oracle,stockpile::e89a10d3-004f-4c15-b0eb-d1ba76a4b67f::0001,stockpile,e89a10d3-004f-4c15-b0eb-d1ba76a4b67f,"[""T1005"",""T1074"",""T1041"",""T1020"",""T1039""]",0.0,0.0
F2_C1R_oracle,stockpile::e89a10d3-004f-4c15-b0eb-d1ba76a4b67f::0001,stockpile,e89a10d3-004f-4c15-b0eb-d1ba76a4b67f,"[""T1005"",""T1074"",""T1041"",""T1020"",""T1560""]",0.23719771276929622,0.0
F3_OSER_oracle,stockpile::e89a10d3-004f-4c15-b0eb-d1ba76a4b67f::0001,stockpile,e89a10d3-004f-4c15-b0eb-d1ba76a4b67f,"[""T1041"",""T1560"",""T1005"",""T1074"",""T1071""]",0.38685280723454163,0.0
F4_LCB_RS_oracle,stockpile::e89a10d3-004f-4c15-b0eb-d1ba76a4b67f::0001,stockpile,e89a10d3-004f-4c15-b0eb-d1ba76a4b67f,"[""T1005"",""T1074"",""T1041"",""T1020"",""T1560""]",0.23719771276929622,0.0
F5_LCTR5_oracle,stockpile::e89a10d3-004f-4c15-b0eb-d1ba76a4b67f::0001,stockpile,e89a10d3-004f-4c15-b0eb-d1ba76a4b67f,"[""T1005"",""T1074"",""T1041"",""T1020"",""T1039""]",0.0,0.0
F1_RR5_oracle,stockpile::e89a10d3-004f-4c15-b0eb-d1ba76a4b67f::0002,stockpile,e89a10d3-004f-4c15-b0eb-d1ba76a4b67f,"[""T1005"",""T1074"",""T1560"",""T1041"",""T1020""]",0.0,0.0
F2_C1R_oracle,stockpile::e89a10d3-004f-4c15-b0eb-d1ba76a4b67f::0002,stockpile,e89a10d3-004f-4c15-b0eb-d1ba76a4b67f,"[""T1005"",""T1074"",""T1560"",""T1041"",""T1567""]",0.38685280723454163,0.0
F3_OSER_oracle,stockpile::e89a10d3-004f-4c15-b0eb-d1ba76a4b67f::0002,stockpile,e89a10d3-004f-4c15-b0eb-d1ba76a4b67f,"[""T1041"",""T1071"",""T1105"",""T1567"",""T1090""]",0.43067655807339306,0.0
F4_LCB_RS_oracle,stockpile::e89a10d3-004f-4c15-b0eb-d1ba76a4b67f::0002,stockpile,e89a10d3-004f-4c15-b0eb-d1ba76a4b67f,"[""T1005"",""T1074"",""T1560"",""T1041"",""T1020""]",0.0,0.0
F5_LCTR5_oracle,stockpile::e89a10d3-004f-4c15-b0eb-d1ba76a4b67f::0002,stockpile,e89a10d3-004f-4c15-b0eb-d1ba76a4b67f,"[""T1005"",""T1074"",""T1560"",""T1041"",""T1020""]",0.0,0.0
F1_RR5_oracle,stockpile::eddc8f03-f930-41e7-95ba-33fb87bfed74::0001,stockpile,eddc8f03-f930-41e7-95ba-33fb87bfed74,"[""T1560"",""T1041"",""T1005"",""T1074"",""T1020""]",1.0,0.5706417189553201
F2_C1R_oracle,stockpile::eddc8f03-f930-41e7-95ba-33fb87bfed74::0001,stockpile,eddc8f03-f930-41e7-95ba-33fb87bfed74,"[""T1005"",""T1074"",""T1560"",""T1041"",""T1020""]",0.5706417189553201,0.5706417189553201
F3_OSER_oracle,stockpile::eddc8f03-f930-41e7-95ba-33fb87bfed74::0001,stockpile,eddc8f03-f930-41e7-95ba-33fb87bfed74,"[""T1041"",""T1560"",""T1005"",""T1074"",""T1071""]",1.0,0.5706417189553201
F4_LCB_RS_oracle,stockpile::eddc8f03-f930-41e7-95ba-33fb87bfed74::0001,stockpile,eddc8f03-f930-41e7-95ba-33fb87bfed74,"[""T1041"",""T1560"",""T1005"",""T1074"",""T1020""]",1.0,0.5706417189553201
F5_LCTR5_oracle,stockpile::eddc8f03-f930-41e7-95ba-33fb87bfed74::0001,stockpile,eddc8f03-f930-41e7-95ba-33fb87bfed74,"[""T1005"",""T1074"",""T1560"",""T1041"",""T1020""]",0.5706417189553201,0.5706417189553201
F1_RR5_oracle,stockpile::eddc8f03-f930-41e7-95ba-33fb87bfed74::0002,stockpile,eddc8f03-f930-41e7-95ba-33fb87bfed74,"[""T1005"",""T1074"",""T1560"",""T1025"",""T1039""]",0.0,0.0
F2_C1R_oracle,stockpile::eddc8f03-f930-41e7-95ba-33fb87bfed74::0002,stockpile,eddc8f03-f930-41e7-95ba-33fb87bfed74,"[""T1005"",""T1074"",""T1560"",""T1025"",""T1041""]",0.38685280723454163,0.0
F3_OSER_oracle,stockpile::eddc8f03-f930-41e7-95ba-33fb87bfed74::0002,stockpile,eddc8f03-f930-41e7-95ba-33fb87bfed74,"[""T1041"",""T1071"",""T1105"",""T1567"",""T1090""]",1.0,0.0
F4_LCB_RS_oracle,stockpile::eddc8f03-f930-41e7-95ba-33fb87bfed74::0002,stockpile,eddc8f03-f930-41e7-95ba-33fb87bfed74,"[""T1005"",""T1074"",""T1560"",""T1025"",""T1041""]",0.38685280723454163,0.0
F5_LCTR5_oracle,stockpile::eddc8f03-f930-41e7-95ba-33fb87bfed74::0002,stockpile,eddc8f03-f930-41e7-95ba-33fb87bfed74,"[""T1005"",""T1074"",""T1560"",""T1025"",""T1039""]",0.0,0.0
F1_RR5_oracle,stockpile::ef4d997c-a0d1-4067-9efa-87c58682db71::0001,stockpile,ef4d997c-a0d1-4067-9efa-87c58682db71,"[""T1059"",""T1078"",""T1021"",""T1003"",""T1105""]",0.0,0.0
F2_C1R_oracle,stockpile::ef4d997c-a0d1-4067-9efa-87c58682db71::0001,stockpile,ef4d997c-a0d1-4067-9efa-87c58682db71,"[""T1059"",""T1078"",""T1021"",""T1003"",""T1070""]",0.18154179253735267,0.0
F3_OSER_oracle,stockpile::ef4d997c-a0d1-4067-9efa-87c58682db71::0001,stockpile,ef4d997c-a0d1-4067-9efa-87c58682db71,"[""T1105"",""T1021"",""T1082"",""T1070"",""T1041""]",0.20210734650054757,0.0
F4_LCB_RS_oracle,stockpile::ef4d997c-a0d1-4067-9efa-87c58682db71::0001,stockpile,ef4d997c-a0d1-4067-9efa-87c58682db71,"[""T1059"",""T1078"",""T1021"",""T1003"",""T1105""]",0.0,0.0
F5_LCTR5_oracle,stockpile::ef4d997c-a0d1-4067-9efa-87c58682db71::0001,stockpile,ef4d997c-a0d1-4067-9efa-87c58682db71,"[""T1059"",""T1078"",""T1021"",""T1003"",""T1105""]",0.0,0.0
F1_RR5_oracle,stockpile::ef4d997c-a0d1-4067-9efa-87c58682db71::0002,stockpile,ef4d997c-a0d1-4067-9efa-87c58682db71,"[""T1059"",""T1078"",""T1021"",""T1003"",""T1105""]",0.0,0.0
F2_C1R_oracle,stockpile::ef4d997c-a0d1-4067-9efa-87c58682db71::0002,stockpile,ef4d997c-a0d1-4067-9efa-87c58682db71,"[""T1059"",""T1078"",""T1021"",""T1003"",""T1070""]",0.23719771276929622,0.0
F3_OSER_oracle,stockpile::ef4d997c-a0d1-4067-9efa-87c58682db71::0002,stockpile,ef4d997c-a0d1-4067-9efa-87c58682db71,"[""T1059"",""T1078"",""T1021"",""T1003"",""T1105""]",0.0,0.0
F4_LCB_RS_oracle,stockpile::ef4d997c-a0d1-4067-9efa-87c58682db71::0002,stockpile,ef4d997c-a0d1-4067-9efa-87c58682db71,"[""T1059"",""T1078"",""T1021"",""T1003"",""T1105""]",0.0,0.0
F5_LCTR5_oracle,stockpile::ef4d997c-a0d1-4067-9efa-87c58682db71::0002,stockpile,ef4d997c-a0d1-4067-9efa-87c58682db71,"[""T1059"",""T1078"",""T1021"",""T1003"",""T1105""]",0.0,0.0
F1_RR5_oracle,stockpile::ef4d997c-a0d1-4067-9efa-87c58682db71::0003,stockpile,ef4d997c-a0d1-4067-9efa-87c58682db71,"[""T1059"",""T1003"",""T1078"",""T1021"",""T1105""]",0.0,0.0
F2_C1R_oracle,stockpile::ef4d997c-a0d1-4067-9efa-87c58682db71::0003,stockpile,ef4d997c-a0d1-4067-9efa-87c58682db71,"[""T1059"",""T1003"",""T1078"",""T1021"",""T1070""]",0.38685280723454163,0.0
F3_OSER_oracle,stockpile::ef4d997c-a0d1-4067-9efa-87c58682db71::0003,stockpile,ef4d997c-a0d1-4067-9efa-87c58682db71,"[""T1070"",""T1016"",""T1059"",""T1018"",""T1562""]",1.0,0.0
F4_LCB_RS_oracle,stockpile::ef4d997c-a0d1-4067-9efa-87c58682db71::0003,stockpile,ef4d997c-a0d1-4067-9efa-87c58682db71,"[""T1059"",""T1003"",""T1078"",""T1021"",""T1070""]",0.38685280723454163,0.0
F5_LCTR5_oracle,stockpile::ef4d997c-a0d1-4067-9efa-87c58682db71::0003,stockpile,ef4d997c-a0d1-4067-9efa-87c58682db71,"[""T1059"",""T1003"",""T1078"",""T1021"",""T1105""]",0.0,0.0
F1_RR5_oracle,stockpile::f98193a0-8b5b-4b5e-a5aa-e8c3adfcd4e6::0001,stockpile,f98193a0-8b5b-4b5e-a5aa-e8c3adfcd4e6,"[""T1059"",""T1078"",""T1021"",""T1003"",""T1105""]",0.0,0.0
F2_C1R_oracle,stockpile::f98193a0-8b5b-4b5e-a5aa-e8c3adfcd4e6::0001,stockpile,f98193a0-8b5b-4b5e-a5aa-e8c3adfcd4e6,"[""T1059"",""T1078"",""T1021"",""T1003"",""T1105""]",0.0,0.0
F3_OSER_oracle,stockpile::f98193a0-8b5b-4b5e-a5aa-e8c3adfcd4e6::0001,stockpile,f98193a0-8b5b-4b5e-a5aa-e8c3adfcd4e6,"[""T1105"",""T1486"",""T1041"",""T1090"",""T1489""]",0.38685280723454163,0.0
F4_LCB_RS_oracle,stockpile::f98193a0-8b5b-4b5e-a5aa-e8c3adfcd4e6::0001,stockpile,f98193a0-8b5b-4b5e-a5aa-e8c3adfcd4e6,"[""T1059"",""T1078"",""T1021"",""T1003"",""T1105""]",0.0,0.0
F5_LCTR5_oracle,stockpile::f98193a0-8b5b-4b5e-a5aa-e8c3adfcd4e6::0001,stockpile,f98193a0-8b5b-4b5e-a5aa-e8c3adfcd4e6,"[""T1059"",""T1078"",""T1021"",""T1003"",""T1105""]",0.0,0.0
F1_RR5_oracle,stockpile::fbc41624-1052-490c-b5ec-4fd718e2501d::0001,stockpile,fbc41624-1052-490c-b5ec-4fd718e2501d,"[""T1005"",""T1074"",""T1041"",""T1020"",""T1083""]",0.0,0.0
F2_C1R_oracle,stockpile::fbc41624-1052-490c-b5ec-4fd718e2501d::0001,stockpile,fbc41624-1052-490c-b5ec-4fd718e2501d,"[""T1005"",""T1074"",""T1041"",""T1020"",""T1560""]",0.23719771276929622,0.0
F3_OSER_oracle,stockpile::fbc41624-1052-490c-b5ec-4fd718e2501d::0001,stockpile,fbc41624-1052-490c-b5ec-4fd718e2501d,"[""T1041"",""T1560"",""T1005"",""T1074"",""T1071""]",0.38685280723454163,0.0
F4_LCB_RS_oracle,stockpile::fbc41624-1052-490c-b5ec-4fd718e2501d::0001,stockpile,fbc41624-1052-490c-b5ec-4fd718e2501d,"[""T1005"",""T1074"",""T1041"",""T1020"",""T1560""]",0.23719771276929622,0.0
F5_LCTR5_oracle,stockpile::fbc41624-1052-490c-b5ec-4fd718e2501d::0001,stockpile,fbc41624-1052-490c-b5ec-4fd718e2501d,"[""T1005"",""T1074"",""T1041"",""T1020"",""T1083""]",0.0,0.0
F1_RR5_oracle,stockpile::fbc41624-1052-490c-b5ec-4fd718e2501d::0002,stockpile,fbc41624-1052-490c-b5ec-4fd718e2501d,"[""T1560"",""T1005"",""T1074"",""T1041"",""T1105""]",0.0,0.0
F2_C1R_oracle,stockpile::fbc41624-1052-490c-b5ec-4fd718e2501d::0002,stockpile,fbc41624-1052-490c-b5ec-4fd718e2501d,"[""T1560"",""T1005"",""T1074"",""T1041"",""T1048""]",0.38685280723454163,0.0
F3_OSER_oracle,stockpile::fbc41624-1052-490c-b5ec-4fd718e2501d::0002,stockpile,fbc41624-1052-490c-b5ec-4fd718e2501d,"[""T1560"",""T1005"",""T1074"",""T1041"",""T1105""]",0.0,0.0
F4_LCB_RS_oracle,stockpile::fbc41624-1052-490c-b5ec-4fd718e2501d::0002,stockpile,fbc41624-1052-490c-b5ec-4fd718e2501d,"[""T1560"",""T1005"",""T1074"",""T1041"",""T1105""]",0.0,0.0
F5_LCTR5_oracle,stockpile::fbc41624-1052-490c-b5ec-4fd718e2501d::0002,stockpile,fbc41624-1052-490c-b5ec-4fd718e2501d,"[""T1560"",""T1005"",""T1074"",""T1041"",""T1105""]",0.0,0.0
