sample_id,source,campaign_id,prefix_len,prefix,raw_prefix,true_label,target_raw_id,org_name,actor,plan_id,scenario_id,mapping_quality
apt29::unknown::1,ctid,apt29::unknown,1,"[""T1036""]","[""T1036.002""]",T1059,T1059.001,apt29,apt29,apt29,unknown,high
apt29::unknown::10,ctid,apt29::unknown,10,"[""T1036"",""T1059"",""T1119"",""T1016"",""T1033"",""T1041"",""T1057"",""T1007"",""T1082"",""T1069""]","[""T1036.002"",""T1059.001"",""T1119"",""T1016"",""T1033"",""T1041"",""T1057"",""T1007"",""T1082"",""T1069""]",T1087,T1087,apt29,apt29,apt29,unknown,high
apt29::unknown::11,ctid,apt29::unknown,11,"[""T1036"",""T1059"",""T1119"",""T1016"",""T1033"",""T1041"",""T1057"",""T1007"",""T1082"",""T1069"",""T1087""]","[""T1036.002"",""T1059.001"",""T1119"",""T1016"",""T1033"",""T1041"",""T1057"",""T1007"",""T1082"",""T1069"",""T1087""]",T1012,T1012,apt29,apt29,apt29,unknown,high
apt29::unknown::12,ctid,apt29::unknown,12,"[""T1036"",""T1059"",""T1119"",""T1016"",""T1033"",""T1041"",""T1057"",""T1007"",""T1082"",""T1069"",""T1087"",""T1012""]","[""T1036.002"",""T1059.001"",""T1119"",""T1016"",""T1033"",""T1041"",""T1057"",""T1007"",""T1082"",""T1069"",""T1087"",""T1012""]",T1036,T1036.005,apt29,apt29,apt29,unknown,high
apt29::unknown::13,ctid,apt29::unknown,13,"[""T1036"",""T1059"",""T1119"",""T1016"",""T1033"",""T1041"",""T1057"",""T1007"",""T1082"",""T1069"",""T1087"",""T1012"",""T1036""]","[""T1036.002"",""T1059.001"",""T1119"",""T1016"",""T1033"",""T1041"",""T1057"",""T1007"",""T1082"",""T1069"",""T1087"",""T1012"",""T1036.005""]",T1134,T1134.001,apt29,apt29,apt29,unknown,high
apt29::unknown::14,ctid,apt29::unknown,14,"[""T1036"",""T1059"",""T1119"",""T1016"",""T1033"",""T1041"",""T1057"",""T1007"",""T1082"",""T1069"",""T1087"",""T1012"",""T1036"",""T1134""]","[""T1036.002"",""T1059.001"",""T1119"",""T1016"",""T1033"",""T1041"",""T1057"",""T1007"",""T1082"",""T1069"",""T1087"",""T1012"",""T1036.005"",""T1134.001""]",T1548,T1548.002,apt29,apt29,apt29,unknown,high
apt29::unknown::15,ctid,apt29::unknown,15,"[""T1036"",""T1059"",""T1119"",""T1016"",""T1033"",""T1041"",""T1057"",""T1007"",""T1082"",""T1069"",""T1087"",""T1012"",""T1036"",""T1134"",""T1548""]","[""T1036.002"",""T1059.001"",""T1119"",""T1016"",""T1033"",""T1041"",""T1057"",""T1007"",""T1082"",""T1069"",""T1087"",""T1012"",""T1036.005"",""T1134.001"",""T1548.002""]",T1112,T1112,apt29,apt29,apt29,unknown,high
apt29::unknown::16,ctid,apt29::unknown,16,"[""T1036"",""T1059"",""T1119"",""T1016"",""T1033"",""T1041"",""T1057"",""T1007"",""T1082"",""T1069"",""T1087"",""T1012"",""T1036"",""T1134"",""T1548"",""T1112""]","[""T1036.002"",""T1059.001"",""T1119"",""T1016"",""T1033"",""T1041"",""T1057"",""T1007"",""T1082"",""T1069"",""T1087"",""T1012"",""T1036.005"",""T1134.001"",""T1548.002"",""T1112""]",T1055,T1055,apt29,apt29,apt29,unknown,high
apt29::unknown::17,ctid,apt29::unknown,17,"[""T1036"",""T1059"",""T1119"",""T1016"",""T1033"",""T1041"",""T1057"",""T1007"",""T1082"",""T1069"",""T1087"",""T1012"",""T1036"",""T1134"",""T1548"",""T1112"",""T1055""]","[""T1036.002"",""T1059.001"",""T1119"",""T1016"",""T1033"",""T1041"",""T1057"",""T1007"",""T1082"",""T1069"",""T1087"",""T1012"",""T1036.005"",""T1134.001"",""T1548.002"",""T1112"",""T1055""]",T1036,T1036.005,apt29,apt29,apt29,unknown,high
apt29::unknown::18,ctid,apt29::unknown,18,"[""T1036"",""T1059"",""T1119"",""T1016"",""T1033"",""T1041"",""T1057"",""T1007"",""T1082"",""T1069"",""T1087"",""T1012"",""T1036"",""T1134"",""T1548"",""T1112"",""T1055"",""T1036""]","[""T1036.002"",""T1059.001"",""T1119"",""T1016"",""T1033"",""T1041"",""T1057"",""T1007"",""T1082"",""T1069"",""T1087"",""T1012"",""T1036.005"",""T1134.001"",""T1548.002"",""T1112"",""T1055"",""T1036.005""]",T1018,T1018,apt29,apt29,apt29,unknown,high
apt29::unknown::19,ctid,apt29::unknown,19,"[""T1036"",""T1059"",""T1119"",""T1016"",""T1033"",""T1041"",""T1057"",""T1007"",""T1082"",""T1069"",""T1087"",""T1012"",""T1036"",""T1134"",""T1548"",""T1112"",""T1055"",""T1036"",""T1018""]","[""T1036.002"",""T1059.001"",""T1119"",""T1016"",""T1033"",""T1041"",""T1057"",""T1007"",""T1082"",""T1069"",""T1087"",""T1012"",""T1036.005"",""T1134.001"",""T1548.002"",""T1112"",""T1055"",""T1036.005"",""T1018""]",T1016,T1016,apt29,apt29,apt29,unknown,high
apt29::unknown::2,ctid,apt29::unknown,2,"[""T1036"",""T1059""]","[""T1036.002"",""T1059.001""]",T1119,T1119,apt29,apt29,apt29,unknown,high
apt29::unknown::20,ctid,apt29::unknown,20,"[""T1036"",""T1059"",""T1119"",""T1016"",""T1033"",""T1041"",""T1057"",""T1007"",""T1082"",""T1069"",""T1087"",""T1012"",""T1036"",""T1134"",""T1548"",""T1112"",""T1055"",""T1036"",""T1018"",""T1016""]","[""T1036.002"",""T1059.001"",""T1119"",""T1016"",""T1033"",""T1041"",""T1057"",""T1007"",""T1082"",""T1069"",""T1087"",""T1012"",""T1036.005"",""T1134.001"",""T1548.002"",""T1112"",""T1055"",""T1036.005"",""T1018"",""T1016""]",T1057,T1057,apt29,apt29,apt29,unknown,high
apt29::unknown::21,ctid,apt29::unknown,21,"[""T1036"",""T1059"",""T1119"",""T1016"",""T1033"",""T1041"",""T1057"",""T1007"",""T1082"",""T1069"",""T1087"",""T1012"",""T1036"",""T1134"",""T1548"",""T1112"",""T1055"",""T1036"",""T1018"",""T1016"",""T1057""]","[""T1036.002"",""T1059.001"",""T1119"",""T1016"",""T1033"",""T1041"",""T1057"",""T1007"",""T1082"",""T1069"",""T1087"",""T1012"",""T1036.005"",""T1134.001"",""T1548.002"",""T1112"",""T1055"",""T1036.005"",""T1018"",""T1016"",""T1057""]",T1070,T1070.004,apt29,apt29,apt29,unknown,high
apt29::unknown::22,ctid,apt29::unknown,22,"[""T1036"",""T1059"",""T1119"",""T1016"",""T1033"",""T1041"",""T1057"",""T1007"",""T1082"",""T1069"",""T1087"",""T1012"",""T1036"",""T1134"",""T1548"",""T1112"",""T1055"",""T1036"",""T1018"",""T1016"",""T1057"",""T1070""]","[""T1036.002"",""T1059.001"",""T1119"",""T1016"",""T1033"",""T1041"",""T1057"",""T1007"",""T1082"",""T1069"",""T1087"",""T1012"",""T1036.005"",""T1134.001"",""T1548.002"",""T1112"",""T1055"",""T1036.005"",""T1018"",""T1016"",""T1057"",""T1070.004""]",T1082,T1082,apt29,apt29,apt29,unknown,high
apt29::unknown::23,ctid,apt29::unknown,23,"[""T1036"",""T1059"",""T1119"",""T1016"",""T1033"",""T1041"",""T1057"",""T1007"",""T1082"",""T1069"",""T1087"",""T1012"",""T1036"",""T1134"",""T1548"",""T1112"",""T1055"",""T1036"",""T1018"",""T1016"",""T1057"",""T1070"",""T1082""]","[""T1036.002"",""T1059.001"",""T1119"",""T1016"",""T1033"",""T1041"",""T1057"",""T1007"",""T1082"",""T1069"",""T1087"",""T1012"",""T1036.005"",""T1134.001"",""T1548.002"",""T1112"",""T1055"",""T1036.005"",""T1018"",""T1016"",""T1057"",""T1070.004"",""T1082""]",T1049,T1049,apt29,apt29,apt29,unknown,high
apt29::unknown::24,ctid,apt29::unknown,24,"[""T1036"",""T1059"",""T1119"",""T1016"",""T1033"",""T1041"",""T1057"",""T1007"",""T1082"",""T1069"",""T1087"",""T1012"",""T1036"",""T1134"",""T1548"",""T1112"",""T1055"",""T1036"",""T1018"",""T1016"",""T1057"",""T1070"",""T1082"",""T1049""]","[""T1036.002"",""T1059.001"",""T1119"",""T1016"",""T1033"",""T1041"",""T1057"",""T1007"",""T1082"",""T1069"",""T1087"",""T1012"",""T1036.005"",""T1134.001"",""T1548.002"",""T1112"",""T1055"",""T1036.005"",""T1018"",""T1016"",""T1057"",""T1070.004"",""T1082"",""T1049""]",T1003,T1003,apt29,apt29,apt29,unknown,high
apt29::unknown::25,ctid,apt29::unknown,25,"[""T1036"",""T1059"",""T1119"",""T1016"",""T1033"",""T1041"",""T1057"",""T1007"",""T1082"",""T1069"",""T1087"",""T1012"",""T1036"",""T1134"",""T1548"",""T1112"",""T1055"",""T1036"",""T1018"",""T1016"",""T1057"",""T1070"",""T1082"",""T1049"",""T1003""]","[""T1036.002"",""T1059.001"",""T1119"",""T1016"",""T1033"",""T1041"",""T1057"",""T1007"",""T1082"",""T1069"",""T1087"",""T1012"",""T1036.005"",""T1134.001"",""T1548.002"",""T1112"",""T1055"",""T1036.005"",""T1018"",""T1016"",""T1057"",""T1070.004"",""T1082"",""T1049"",""T1003""]",T1547,T1547.009,apt29,apt29,apt29,unknown,high
apt29::unknown::26,ctid,apt29::unknown,26,"[""T1036"",""T1059"",""T1119"",""T1016"",""T1033"",""T1041"",""T1057"",""T1007"",""T1082"",""T1069"",""T1087"",""T1012"",""T1036"",""T1134"",""T1548"",""T1112"",""T1055"",""T1036"",""T1018"",""T1016"",""T1057"",""T1070"",""T1082"",""T1049"",""T1003"",""T1547""]","[""T1036.002"",""T1059.001"",""T1119"",""T1016"",""T1033"",""T1041"",""T1057"",""T1007"",""T1082"",""T1069"",""T1087"",""T1012"",""T1036.005"",""T1134.001"",""T1548.002"",""T1112"",""T1055"",""T1036.005"",""T1018"",""T1016"",""T1057"",""T1070.004"",""T1082"",""T1049"",""T1003"",""T1547.009""]",T1134,T1134,apt29,apt29,apt29,unknown,high
apt29::unknown::27,ctid,apt29::unknown,27,"[""T1036"",""T1059"",""T1119"",""T1016"",""T1033"",""T1041"",""T1057"",""T1007"",""T1082"",""T1069"",""T1087"",""T1012"",""T1036"",""T1134"",""T1548"",""T1112"",""T1055"",""T1036"",""T1018"",""T1016"",""T1057"",""T1070"",""T1082"",""T1049"",""T1003"",""T1547"",""T1134""]","[""T1036.002"",""T1059.001"",""T1119"",""T1016"",""T1033"",""T1041"",""T1057"",""T1007"",""T1082"",""T1069"",""T1087"",""T1012"",""T1036.005"",""T1134.001"",""T1548.002"",""T1112"",""T1055"",""T1036.005"",""T1018"",""T1016"",""T1057"",""T1070.004"",""T1082"",""T1049"",""T1003"",""T1547.009"",""T1134""]",T1003,T1003,apt29,apt29,apt29,unknown,high
apt29::unknown::28,ctid,apt29::unknown,28,"[""T1036"",""T1059"",""T1119"",""T1016"",""T1033"",""T1041"",""T1057"",""T1007"",""T1082"",""T1069"",""T1087"",""T1012"",""T1036"",""T1134"",""T1548"",""T1112"",""T1055"",""T1036"",""T1018"",""T1016"",""T1057"",""T1070"",""T1082"",""T1049"",""T1003"",""T1547"",""T1134"",""T1003""]","[""T1036.002"",""T1059.001"",""T1119"",""T1016"",""T1033"",""T1041"",""T1057"",""T1007"",""T1082"",""T1069"",""T1087"",""T1012"",""T1036.005"",""T1134.001"",""T1548.002"",""T1112"",""T1055"",""T1036.005"",""T1018"",""T1016"",""T1057"",""T1070.004"",""T1082"",""T1049"",""T1003"",""T1547.009"",""T1134"",""T1003""]",T1134,T1134,apt29,apt29,apt29,unknown,high
apt29::unknown::3,ctid,apt29::unknown,3,"[""T1036"",""T1059"",""T1119""]","[""T1036.002"",""T1059.001"",""T1119""]",T1016,T1016,apt29,apt29,apt29,unknown,high
apt29::unknown::30,ctid,apt29::unknown,30,"[""T1036"",""T1059"",""T1119"",""T1016"",""T1033"",""T1041"",""T1057"",""T1007"",""T1082"",""T1069"",""T1087"",""T1012"",""T1036"",""T1134"",""T1548"",""T1112"",""T1055"",""T1036"",""T1018"",""T1016"",""T1057"",""T1070"",""T1082"",""T1049"",""T1003"",""T1547"",""T1134"",""T1003"",""T1134"",""T1081""]","[""T1036.002"",""T1059.001"",""T1119"",""T1016"",""T1033"",""T1041"",""T1057"",""T1007"",""T1082"",""T1069"",""T1087"",""T1012"",""T1036.005"",""T1134.001"",""T1548.002"",""T1112"",""T1055"",""T1036.005"",""T1018"",""T1016"",""T1057"",""T1070.004"",""T1082"",""T1049"",""T1003"",""T1547.009"",""T1134"",""T1003"",""T1134"",""T1081""]",T1552,T1552.004,apt29,apt29,apt29,unknown,high
apt29::unknown::31,ctid,apt29::unknown,31,"[""T1036"",""T1059"",""T1119"",""T1016"",""T1033"",""T1041"",""T1057"",""T1007"",""T1082"",""T1069"",""T1087"",""T1012"",""T1036"",""T1134"",""T1548"",""T1112"",""T1055"",""T1036"",""T1018"",""T1016"",""T1057"",""T1070"",""T1082"",""T1049"",""T1003"",""T1547"",""T1134"",""T1003"",""T1134"",""T1081"",""T1552""]","[""T1036.002"",""T1059.001"",""T1119"",""T1016"",""T1033"",""T1041"",""T1057"",""T1007"",""T1082"",""T1069"",""T1087"",""T1012"",""T1036.005"",""T1134.001"",""T1548.002"",""T1112"",""T1055"",""T1036.005"",""T1018"",""T1016"",""T1057"",""T1070.004"",""T1082"",""T1049"",""T1003"",""T1547.009"",""T1134"",""T1003"",""T1134"",""T1081"",""T1552.004""]",T1036,T1036.005,apt29,apt29,apt29,unknown,high
apt29::unknown::32,ctid,apt29::unknown,32,"[""T1036"",""T1059"",""T1119"",""T1016"",""T1033"",""T1041"",""T1057"",""T1007"",""T1082"",""T1069"",""T1087"",""T1012"",""T1036"",""T1134"",""T1548"",""T1112"",""T1055"",""T1036"",""T1018"",""T1016"",""T1057"",""T1070"",""T1082"",""T1049"",""T1003"",""T1547"",""T1134"",""T1003"",""T1134"",""T1081"",""T1552"",""T1036""]","[""T1036.002"",""T1059.001"",""T1119"",""T1016"",""T1033"",""T1041"",""T1057"",""T1007"",""T1082"",""T1069"",""T1087"",""T1012"",""T1036.005"",""T1134.001"",""T1548.002"",""T1112"",""T1055"",""T1036.005"",""T1018"",""T1016"",""T1057"",""T1070.004"",""T1082"",""T1049"",""T1003"",""T1547.009"",""T1134"",""T1003"",""T1134"",""T1081"",""T1552.004"",""T1036.005""]",T1113,T1113,apt29,apt29,apt29,unknown,high
apt29::unknown::33,ctid,apt29::unknown,33,"[""T1036"",""T1059"",""T1119"",""T1016"",""T1033"",""T1041"",""T1057"",""T1007"",""T1082"",""T1069"",""T1087"",""T1012"",""T1036"",""T1134"",""T1548"",""T1112"",""T1055"",""T1036"",""T1018"",""T1016"",""T1057"",""T1070"",""T1082"",""T1049"",""T1003"",""T1547"",""T1134"",""T1003"",""T1134"",""T1081"",""T1552"",""T1036"",""T1113""]","[""T1036.002"",""T1059.001"",""T1119"",""T1016"",""T1033"",""T1041"",""T1057"",""T1007"",""T1082"",""T1069"",""T1087"",""T1012"",""T1036.005"",""T1134.001"",""T1548.002"",""T1112"",""T1055"",""T1036.005"",""T1018"",""T1016"",""T1057"",""T1070.004"",""T1082"",""T1049"",""T1003"",""T1547.009"",""T1134"",""T1003"",""T1134"",""T1081"",""T1552.004"",""T1036.005"",""T1113""]",T1115,T1115,apt29,apt29,apt29,unknown,high
apt29::unknown::34,ctid,apt29::unknown,34,"[""T1036"",""T1059"",""T1119"",""T1016"",""T1033"",""T1041"",""T1057"",""T1007"",""T1082"",""T1069"",""T1087"",""T1012"",""T1036"",""T1134"",""T1548"",""T1112"",""T1055"",""T1036"",""T1018"",""T1016"",""T1057"",""T1070"",""T1082"",""T1049"",""T1003"",""T1547"",""T1134"",""T1003"",""T1134"",""T1081"",""T1552"",""T1036"",""T1113"",""T1115""]","[""T1036.002"",""T1059.001"",""T1119"",""T1016"",""T1033"",""T1041"",""T1057"",""T1007"",""T1082"",""T1069"",""T1087"",""T1012"",""T1036.005"",""T1134.001"",""T1548.002"",""T1112"",""T1055"",""T1036.005"",""T1018"",""T1016"",""T1057"",""T1070.004"",""T1082"",""T1049"",""T1003"",""T1547.009"",""T1134"",""T1003"",""T1134"",""T1081"",""T1552.004"",""T1036.005"",""T1113"",""T1115""]",T1056,T1056.001,apt29,apt29,apt29,unknown,high
apt29::unknown::35,ctid,apt29::unknown,35,"[""T1036"",""T1059"",""T1119"",""T1016"",""T1033"",""T1041"",""T1057"",""T1007"",""T1082"",""T1069"",""T1087"",""T1012"",""T1036"",""T1134"",""T1548"",""T1112"",""T1055"",""T1036"",""T1018"",""T1016"",""T1057"",""T1070"",""T1082"",""T1049"",""T1003"",""T1547"",""T1134"",""T1003"",""T1134"",""T1081"",""T1552"",""T1036"",""T1113"",""T1115"",""T1056""]","[""T1036.002"",""T1059.001"",""T1119"",""T1016"",""T1033"",""T1041"",""T1057"",""T1007"",""T1082"",""T1069"",""T1087"",""T1012"",""T1036.005"",""T1134.001"",""T1548.002"",""T1112"",""T1055"",""T1036.005"",""T1018"",""T1016"",""T1057"",""T1070.004"",""T1082"",""T1049"",""T1003"",""T1547.009"",""T1134"",""T1003"",""T1134"",""T1081"",""T1552.004"",""T1036.005"",""T1113"",""T1115"",""T1056.001""]",T1041,T1041,apt29,apt29,apt29,unknown,high
apt29::unknown::36,ctid,apt29::unknown,36,"[""T1036"",""T1059"",""T1119"",""T1016"",""T1033"",""T1041"",""T1057"",""T1007"",""T1082"",""T1069"",""T1087"",""T1012"",""T1036"",""T1134"",""T1548"",""T1112"",""T1055"",""T1036"",""T1018"",""T1016"",""T1057"",""T1070"",""T1082"",""T1049"",""T1003"",""T1547"",""T1134"",""T1003"",""T1134"",""T1081"",""T1552"",""T1036"",""T1113"",""T1115"",""T1056"",""T1041""]","[""T1036.002"",""T1059.001"",""T1119"",""T1016"",""T1033"",""T1041"",""T1057"",""T1007"",""T1082"",""T1069"",""T1087"",""T1012"",""T1036.005"",""T1134.001"",""T1548.002"",""T1112"",""T1055"",""T1036.005"",""T1018"",""T1016"",""T1057"",""T1070.004"",""T1082"",""T1049"",""T1003"",""T1547.009"",""T1134"",""T1003"",""T1134"",""T1081"",""T1552.004"",""T1036.005"",""T1113"",""T1115"",""T1056.001"",""T1041""]",T1105,T1105,apt29,apt29,apt29,unknown,high
apt29::unknown::37,ctid,apt29::unknown,37,"[""T1036"",""T1059"",""T1119"",""T1016"",""T1033"",""T1041"",""T1057"",""T1007"",""T1082"",""T1069"",""T1087"",""T1012"",""T1036"",""T1134"",""T1548"",""T1112"",""T1055"",""T1036"",""T1018"",""T1016"",""T1057"",""T1070"",""T1082"",""T1049"",""T1003"",""T1547"",""T1134"",""T1003"",""T1134"",""T1081"",""T1552"",""T1036"",""T1113"",""T1115"",""T1056"",""T1041"",""T1105""]","[""T1036.002"",""T1059.001"",""T1119"",""T1016"",""T1033"",""T1041"",""T1057"",""T1007"",""T1082"",""T1069"",""T1087"",""T1012"",""T1036.005"",""T1134.001"",""T1548.002"",""T1112"",""T1055"",""T1036.005"",""T1018"",""T1016"",""T1057"",""T1070.004"",""T1082"",""T1049"",""T1003"",""T1547.009"",""T1134"",""T1003"",""T1134"",""T1081"",""T1552.004"",""T1036.005"",""T1113"",""T1115"",""T1056.001"",""T1041"",""T1105""]",T1134,T1134.001,apt29,apt29,apt29,unknown,high
apt29::unknown::38,ctid,apt29::unknown,38,"[""T1036"",""T1059"",""T1119"",""T1016"",""T1033"",""T1041"",""T1057"",""T1007"",""T1082"",""T1069"",""T1087"",""T1012"",""T1036"",""T1134"",""T1548"",""T1112"",""T1055"",""T1036"",""T1018"",""T1016"",""T1057"",""T1070"",""T1082"",""T1049"",""T1003"",""T1547"",""T1134"",""T1003"",""T1134"",""T1081"",""T1552"",""T1036"",""T1113"",""T1115"",""T1056"",""T1041"",""T1105"",""T1134""]","[""T1036.002"",""T1059.001"",""T1119"",""T1016"",""T1033"",""T1041"",""T1057"",""T1007"",""T1082"",""T1069"",""T1087"",""T1012"",""T1036.005"",""T1134.001"",""T1548.002"",""T1112"",""T1055"",""T1036.005"",""T1018"",""T1016"",""T1057"",""T1070.004"",""T1082"",""T1049"",""T1003"",""T1547.009"",""T1134"",""T1003"",""T1134"",""T1081"",""T1552.004"",""T1036.005"",""T1113"",""T1115"",""T1056.001"",""T1041"",""T1105"",""T1134.001""]",T1053,T1053,apt29,apt29,apt29,unknown,high
apt29::unknown::39,ctid,apt29::unknown,39,"[""T1036"",""T1059"",""T1119"",""T1016"",""T1033"",""T1041"",""T1057"",""T1007"",""T1082"",""T1069"",""T1087"",""T1012"",""T1036"",""T1134"",""T1548"",""T1112"",""T1055"",""T1036"",""T1018"",""T1016"",""T1057"",""T1070"",""T1082"",""T1049"",""T1003"",""T1547"",""T1134"",""T1003"",""T1134"",""T1081"",""T1552"",""T1036"",""T1113"",""T1115"",""T1056"",""T1041"",""T1105"",""T1134"",""T1053""]","[""T1036.002"",""T1059.001"",""T1119"",""T1016"",""T1033"",""T1041"",""T1057"",""T1007"",""T1082"",""T1069"",""T1087"",""T1012"",""T1036.005"",""T1134.001"",""T1548.002"",""T1112"",""T1055"",""T1036.005"",""T1018"",""T1016"",""T1057"",""T1070.004"",""T1082"",""T1049"",""T1003"",""T1547.009"",""T1134"",""T1003"",""T1134"",""T1081"",""T1552.004"",""T1036.005"",""T1113"",""T1115"",""T1056.001"",""T1041"",""T1105"",""T1134.001"",""T1053""]",T1134,T1134.001,apt29,apt29,apt29,unknown,high
apt29::unknown::4,ctid,apt29::unknown,4,"[""T1036"",""T1059"",""T1119"",""T1016""]","[""T1036.002"",""T1059.001"",""T1119"",""T1016""]",T1033,T1033,apt29,apt29,apt29,unknown,high
apt29::unknown::40,ctid,apt29::unknown,40,"[""T1036"",""T1059"",""T1119"",""T1016"",""T1033"",""T1041"",""T1057"",""T1007"",""T1082"",""T1069"",""T1087"",""T1012"",""T1036"",""T1134"",""T1548"",""T1112"",""T1055"",""T1036"",""T1018"",""T1016"",""T1057"",""T1070"",""T1082"",""T1049"",""T1003"",""T1547"",""T1134"",""T1003"",""T1134"",""T1081"",""T1552"",""T1036"",""T1113"",""T1115"",""T1056"",""T1041"",""T1105"",""T1134"",""T1053"",""T1134""]","[""T1036.002"",""T1059.001"",""T1119"",""T1016"",""T1033"",""T1041"",""T1057"",""T1007"",""T1082"",""T1069"",""T1087"",""T1012"",""T1036.005"",""T1134.001"",""T1548.002"",""T1112"",""T1055"",""T1036.005"",""T1018"",""T1016"",""T1057"",""T1070.004"",""T1082"",""T1049"",""T1003"",""T1547.009"",""T1134"",""T1003"",""T1134"",""T1081"",""T1552.004"",""T1036.005"",""T1113"",""T1115"",""T1056.001"",""T1041"",""T1105"",""T1134.001"",""T1053"",""T1134.001""]",T1018,T1018,apt29,apt29,apt29,unknown,high
apt29::unknown::41,ctid,apt29::unknown,41,"[""T1036"",""T1059"",""T1119"",""T1016"",""T1033"",""T1041"",""T1057"",""T1007"",""T1082"",""T1069"",""T1087"",""T1012"",""T1036"",""T1134"",""T1548"",""T1112"",""T1055"",""T1036"",""T1018"",""T1016"",""T1057"",""T1070"",""T1082"",""T1049"",""T1003"",""T1547"",""T1134"",""T1003"",""T1134"",""T1081"",""T1552"",""T1036"",""T1113"",""T1115"",""T1056"",""T1041"",""T1105"",""T1134"",""T1053"",""T1134"",""T1018""]","[""T1036.002"",""T1059.001"",""T1119"",""T1016"",""T1033"",""T1041"",""T1057"",""T1007"",""T1082"",""T1069"",""T1087"",""T1012"",""T1036.005"",""T1134.001"",""T1548.002"",""T1112"",""T1055"",""T1036.005"",""T1018"",""T1016"",""T1057"",""T1070.004"",""T1082"",""T1049"",""T1003"",""T1547.009"",""T1134"",""T1003"",""T1134"",""T1081"",""T1552.004"",""T1036.005"",""T1113"",""T1115"",""T1056.001"",""T1041"",""T1105"",""T1134.001"",""T1053"",""T1134.001"",""T1018""]",T1059,T1059.001,apt29,apt29,apt29,unknown,high
apt29::unknown::42,ctid,apt29::unknown,42,"[""T1036"",""T1059"",""T1119"",""T1016"",""T1033"",""T1041"",""T1057"",""T1007"",""T1082"",""T1069"",""T1087"",""T1012"",""T1036"",""T1134"",""T1548"",""T1112"",""T1055"",""T1036"",""T1018"",""T1016"",""T1057"",""T1070"",""T1082"",""T1049"",""T1003"",""T1547"",""T1134"",""T1003"",""T1134"",""T1081"",""T1552"",""T1036"",""T1113"",""T1115"",""T1056"",""T1041"",""T1105"",""T1134"",""T1053"",""T1134"",""T1018"",""T1059""]","[""T1036.002"",""T1059.001"",""T1119"",""T1016"",""T1033"",""T1041"",""T1057"",""T1007"",""T1082"",""T1069"",""T1087"",""T1012"",""T1036.005"",""T1134.001"",""T1548.002"",""T1112"",""T1055"",""T1036.005"",""T1018"",""T1016"",""T1057"",""T1070.004"",""T1082"",""T1049"",""T1003"",""T1547.009"",""T1134"",""T1003"",""T1134"",""T1081"",""T1552.004"",""T1036.005"",""T1113"",""T1115"",""T1056.001"",""T1041"",""T1105"",""T1134.001"",""T1053"",""T1134.001"",""T1018"",""T1059.001""]",T1083,T1083,apt29,apt29,apt29,unknown,high
apt29::unknown::43,ctid,apt29::unknown,43,"[""T1036"",""T1059"",""T1119"",""T1016"",""T1033"",""T1041"",""T1057"",""T1007"",""T1082"",""T1069"",""T1087"",""T1012"",""T1036"",""T1134"",""T1548"",""T1112"",""T1055"",""T1036"",""T1018"",""T1016"",""T1057"",""T1070"",""T1082"",""T1049"",""T1003"",""T1547"",""T1134"",""T1003"",""T1134"",""T1081"",""T1552"",""T1036"",""T1113"",""T1115"",""T1056"",""T1041"",""T1105"",""T1134"",""T1053"",""T1134"",""T1018"",""T1059"",""T1083""]","[""T1036.002"",""T1059.001"",""T1119"",""T1016"",""T1033"",""T1041"",""T1057"",""T1007"",""T1082"",""T1069"",""T1087"",""T1012"",""T1036.005"",""T1134.001"",""T1548.002"",""T1112"",""T1055"",""T1036.005"",""T1018"",""T1016"",""T1057"",""T1070.004"",""T1082"",""T1049"",""T1003"",""T1547.009"",""T1134"",""T1003"",""T1134"",""T1081"",""T1552.004"",""T1036.005"",""T1113"",""T1115"",""T1056.001"",""T1041"",""T1105"",""T1134.001"",""T1053"",""T1134.001"",""T1018"",""T1059.001"",""T1083""]",T1134,T1134.001,apt29,apt29,apt29,unknown,high
apt29::unknown::44,ctid,apt29::unknown,44,"[""T1036"",""T1059"",""T1119"",""T1016"",""T1033"",""T1041"",""T1057"",""T1007"",""T1082"",""T1069"",""T1087"",""T1012"",""T1036"",""T1134"",""T1548"",""T1112"",""T1055"",""T1036"",""T1018"",""T1016"",""T1057"",""T1070"",""T1082"",""T1049"",""T1003"",""T1547"",""T1134"",""T1003"",""T1134"",""T1081"",""T1552"",""T1036"",""T1113"",""T1115"",""T1056"",""T1041"",""T1105"",""T1134"",""T1053"",""T1134"",""T1018"",""T1059"",""T1083"",""T1134""]","[""T1036.002"",""T1059.001"",""T1119"",""T1016"",""T1033"",""T1041"",""T1057"",""T1007"",""T1082"",""T1069"",""T1087"",""T1012"",""T1036.005"",""T1134.001"",""T1548.002"",""T1112"",""T1055"",""T1036.005"",""T1018"",""T1016"",""T1057"",""T1070.004"",""T1082"",""T1049"",""T1003"",""T1547.009"",""T1134"",""T1003"",""T1134"",""T1081"",""T1552.004"",""T1036.005"",""T1113"",""T1115"",""T1056.001"",""T1041"",""T1105"",""T1134.001"",""T1053"",""T1134.001"",""T1018"",""T1059.001"",""T1083"",""T1134.001""]",T1105,T1105,apt29,apt29,apt29,unknown,high
apt29::unknown::45,ctid,apt29::unknown,45,"[""T1036"",""T1059"",""T1119"",""T1016"",""T1033"",""T1041"",""T1057"",""T1007"",""T1082"",""T1069"",""T1087"",""T1012"",""T1036"",""T1134"",""T1548"",""T1112"",""T1055"",""T1036"",""T1018"",""T1016"",""T1057"",""T1070"",""T1082"",""T1049"",""T1003"",""T1547"",""T1134"",""T1003"",""T1134"",""T1081"",""T1552"",""T1036"",""T1113"",""T1115"",""T1056"",""T1041"",""T1105"",""T1134"",""T1053"",""T1134"",""T1018"",""T1059"",""T1083"",""T1134"",""T1105""]","[""T1036.002"",""T1059.001"",""T1119"",""T1016"",""T1033"",""T1041"",""T1057"",""T1007"",""T1082"",""T1069"",""T1087"",""T1012"",""T1036.005"",""T1134.001"",""T1548.002"",""T1112"",""T1055"",""T1036.005"",""T1018"",""T1016"",""T1057"",""T1070.004"",""T1082"",""T1049"",""T1003"",""T1547.009"",""T1134"",""T1003"",""T1134"",""T1081"",""T1552.004"",""T1036.005"",""T1113"",""T1115"",""T1056.001"",""T1041"",""T1105"",""T1134.001"",""T1053"",""T1134.001"",""T1018"",""T1059.001"",""T1083"",""T1134.001"",""T1105""]",T1113,T1113,apt29,apt29,apt29,unknown,high
apt29::unknown::46,ctid,apt29::unknown,46,"[""T1036"",""T1059"",""T1119"",""T1016"",""T1033"",""T1041"",""T1057"",""T1007"",""T1082"",""T1069"",""T1087"",""T1012"",""T1036"",""T1134"",""T1548"",""T1112"",""T1055"",""T1036"",""T1018"",""T1016"",""T1057"",""T1070"",""T1082"",""T1049"",""T1003"",""T1547"",""T1134"",""T1003"",""T1134"",""T1081"",""T1552"",""T1036"",""T1113"",""T1115"",""T1056"",""T1041"",""T1105"",""T1134"",""T1053"",""T1134"",""T1018"",""T1059"",""T1083"",""T1134"",""T1105"",""T1113""]","[""T1036.002"",""T1059.001"",""T1119"",""T1016"",""T1033"",""T1041"",""T1057"",""T1007"",""T1082"",""T1069"",""T1087"",""T1012"",""T1036.005"",""T1134.001"",""T1548.002"",""T1112"",""T1055"",""T1036.005"",""T1018"",""T1016"",""T1057"",""T1070.004"",""T1082"",""T1049"",""T1003"",""T1547.009"",""T1134"",""T1003"",""T1134"",""T1081"",""T1552.004"",""T1036.005"",""T1113"",""T1115"",""T1056.001"",""T1041"",""T1105"",""T1134.001"",""T1053"",""T1134.001"",""T1018"",""T1059.001"",""T1083"",""T1134.001"",""T1105"",""T1113""]",T1083,T1083,apt29,apt29,apt29,unknown,high
apt29::unknown::47,ctid,apt29::unknown,47,"[""T1036"",""T1059"",""T1119"",""T1016"",""T1033"",""T1041"",""T1057"",""T1007"",""T1082"",""T1069"",""T1087"",""T1012"",""T1036"",""T1134"",""T1548"",""T1112"",""T1055"",""T1036"",""T1018"",""T1016"",""T1057"",""T1070"",""T1082"",""T1049"",""T1003"",""T1547"",""T1134"",""T1003"",""T1134"",""T1081"",""T1552"",""T1036"",""T1113"",""T1115"",""T1056"",""T1041"",""T1105"",""T1134"",""T1053"",""T1134"",""T1018"",""T1059"",""T1083"",""T1134"",""T1105"",""T1113"",""T1083""]","[""T1036.002"",""T1059.001"",""T1119"",""T1016"",""T1033"",""T1041"",""T1057"",""T1007"",""T1082"",""T1069"",""T1087"",""T1012"",""T1036.005"",""T1134.001"",""T1548.002"",""T1112"",""T1055"",""T1036.005"",""T1018"",""T1016"",""T1057"",""T1070.004"",""T1082"",""T1049"",""T1003"",""T1547.009"",""T1134"",""T1003"",""T1134"",""T1081"",""T1552.004"",""T1036.005"",""T1113"",""T1115"",""T1056.001"",""T1041"",""T1105"",""T1134.001"",""T1053"",""T1134.001"",""T1018"",""T1059.001"",""T1083"",""T1134.001"",""T1105"",""T1113"",""T1083""]",T1059,T1059.001,apt29,apt29,apt29,unknown,high
apt29::unknown::48,ctid,apt29::unknown,48,"[""T1036"",""T1059"",""T1119"",""T1016"",""T1033"",""T1041"",""T1057"",""T1007"",""T1082"",""T1069"",""T1087"",""T1012"",""T1036"",""T1134"",""T1548"",""T1112"",""T1055"",""T1036"",""T1018"",""T1016"",""T1057"",""T1070"",""T1082"",""T1049"",""T1003"",""T1547"",""T1134"",""T1003"",""T1134"",""T1081"",""T1552"",""T1036"",""T1113"",""T1115"",""T1056"",""T1041"",""T1105"",""T1134"",""T1053"",""T1134"",""T1018"",""T1059"",""T1083"",""T1134"",""T1105"",""T1113"",""T1083"",""T1059""]","[""T1036.002"",""T1059.001"",""T1119"",""T1016"",""T1033"",""T1041"",""T1057"",""T1007"",""T1082"",""T1069"",""T1087"",""T1012"",""T1036.005"",""T1134.001"",""T1548.002"",""T1112"",""T1055"",""T1036.005"",""T1018"",""T1016"",""T1057"",""T1070.004"",""T1082"",""T1049"",""T1003"",""T1547.009"",""T1134"",""T1003"",""T1134"",""T1081"",""T1552.004"",""T1036.005"",""T1113"",""T1115"",""T1056.001"",""T1041"",""T1105"",""T1134.001"",""T1053"",""T1134.001"",""T1018"",""T1059.001"",""T1083"",""T1134.001"",""T1105"",""T1113"",""T1083"",""T1059.001""]",T1041,T1041,apt29,apt29,apt29,unknown,high
apt29::unknown::49,ctid,apt29::unknown,49,"[""T1036"",""T1059"",""T1119"",""T1016"",""T1033"",""T1041"",""T1057"",""T1007"",""T1082"",""T1069"",""T1087"",""T1012"",""T1036"",""T1134"",""T1548"",""T1112"",""T1055"",""T1036"",""T1018"",""T1016"",""T1057"",""T1070"",""T1082"",""T1049"",""T1003"",""T1547"",""T1134"",""T1003"",""T1134"",""T1081"",""T1552"",""T1036"",""T1113"",""T1115"",""T1056"",""T1041"",""T1105"",""T1134"",""T1053"",""T1134"",""T1018"",""T1059"",""T1083"",""T1134"",""T1105"",""T1113"",""T1083"",""T1059"",""T1041""]","[""T1036.002"",""T1059.001"",""T1119"",""T1016"",""T1033"",""T1041"",""T1057"",""T1007"",""T1082"",""T1069"",""T1087"",""T1012"",""T1036.005"",""T1134.001"",""T1548.002"",""T1112"",""T1055"",""T1036.005"",""T1018"",""T1016"",""T1057"",""T1070.004"",""T1082"",""T1049"",""T1003"",""T1547.009"",""T1134"",""T1003"",""T1134"",""T1081"",""T1552.004"",""T1036.005"",""T1113"",""T1115"",""T1056.001"",""T1041"",""T1105"",""T1134.001"",""T1053"",""T1134.001"",""T1018"",""T1059.001"",""T1083"",""T1134.001"",""T1105"",""T1113"",""T1083"",""T1059.001"",""T1041""]",T1070,T1070.004,apt29,apt29,apt29,unknown,high
apt29::unknown::5,ctid,apt29::unknown,5,"[""T1036"",""T1059"",""T1119"",""T1016"",""T1033""]","[""T1036.002"",""T1059.001"",""T1119"",""T1016"",""T1033""]",T1041,T1041,apt29,apt29,apt29,unknown,high
apt29::unknown::50,ctid,apt29::unknown,50,"[""T1036"",""T1059"",""T1119"",""T1016"",""T1033"",""T1041"",""T1057"",""T1007"",""T1082"",""T1069"",""T1087"",""T1012"",""T1036"",""T1134"",""T1548"",""T1112"",""T1055"",""T1036"",""T1018"",""T1016"",""T1057"",""T1070"",""T1082"",""T1049"",""T1003"",""T1547"",""T1134"",""T1003"",""T1134"",""T1081"",""T1552"",""T1036"",""T1113"",""T1115"",""T1056"",""T1041"",""T1105"",""T1134"",""T1053"",""T1134"",""T1018"",""T1059"",""T1083"",""T1134"",""T1105"",""T1113"",""T1083"",""T1059"",""T1041"",""T1070""]","[""T1036.002"",""T1059.001"",""T1119"",""T1016"",""T1033"",""T1041"",""T1057"",""T1007"",""T1082"",""T1069"",""T1087"",""T1012"",""T1036.005"",""T1134.001"",""T1548.002"",""T1112"",""T1055"",""T1036.005"",""T1018"",""T1016"",""T1057"",""T1070.004"",""T1082"",""T1049"",""T1003"",""T1547.009"",""T1134"",""T1003"",""T1134"",""T1081"",""T1552.004"",""T1036.005"",""T1113"",""T1115"",""T1056.001"",""T1041"",""T1105"",""T1134.001"",""T1053"",""T1134.001"",""T1018"",""T1059.001"",""T1083"",""T1134.001"",""T1105"",""T1113"",""T1083"",""T1059.001"",""T1041"",""T1070.004""]",T1529,T1529,apt29,apt29,apt29,unknown,high
apt29::unknown::51,ctid,apt29::unknown,51,"[""T1036"",""T1059"",""T1119"",""T1016"",""T1033"",""T1041"",""T1057"",""T1007"",""T1082"",""T1069"",""T1087"",""T1012"",""T1036"",""T1134"",""T1548"",""T1112"",""T1055"",""T1036"",""T1018"",""T1016"",""T1057"",""T1070"",""T1082"",""T1049"",""T1003"",""T1547"",""T1134"",""T1003"",""T1134"",""T1081"",""T1552"",""T1036"",""T1113"",""T1115"",""T1056"",""T1041"",""T1105"",""T1134"",""T1053"",""T1134"",""T1018"",""T1059"",""T1083"",""T1134"",""T1105"",""T1113"",""T1083"",""T1059"",""T1041"",""T1070"",""T1529""]","[""T1036.002"",""T1059.001"",""T1119"",""T1016"",""T1033"",""T1041"",""T1057"",""T1007"",""T1082"",""T1069"",""T1087"",""T1012"",""T1036.005"",""T1134.001"",""T1548.002"",""T1112"",""T1055"",""T1036.005"",""T1018"",""T1016"",""T1057"",""T1070.004"",""T1082"",""T1049"",""T1003"",""T1547.009"",""T1134"",""T1003"",""T1134"",""T1081"",""T1552.004"",""T1036.005"",""T1113"",""T1115"",""T1056.001"",""T1041"",""T1105"",""T1134.001"",""T1053"",""T1134.001"",""T1018"",""T1059.001"",""T1083"",""T1134.001"",""T1105"",""T1113"",""T1083"",""T1059.001"",""T1041"",""T1070.004"",""T1529""]",T1070,T1070.004,apt29,apt29,apt29,unknown,high
apt29::unknown::52,ctid,apt29::unknown,52,"[""T1036"",""T1059"",""T1119"",""T1016"",""T1033"",""T1041"",""T1057"",""T1007"",""T1082"",""T1069"",""T1087"",""T1012"",""T1036"",""T1134"",""T1548"",""T1112"",""T1055"",""T1036"",""T1018"",""T1016"",""T1057"",""T1070"",""T1082"",""T1049"",""T1003"",""T1547"",""T1134"",""T1003"",""T1134"",""T1081"",""T1552"",""T1036"",""T1113"",""T1115"",""T1056"",""T1041"",""T1105"",""T1134"",""T1053"",""T1134"",""T1018"",""T1059"",""T1083"",""T1134"",""T1105"",""T1113"",""T1083"",""T1059"",""T1041"",""T1070"",""T1529"",""T1070""]","[""T1036.002"",""T1059.001"",""T1119"",""T1016"",""T1033"",""T1041"",""T1057"",""T1007"",""T1082"",""T1069"",""T1087"",""T1012"",""T1036.005"",""T1134.001"",""T1548.002"",""T1112"",""T1055"",""T1036.005"",""T1018"",""T1016"",""T1057"",""T1070.004"",""T1082"",""T1049"",""T1003"",""T1547.009"",""T1134"",""T1003"",""T1134"",""T1081"",""T1552.004"",""T1036.005"",""T1113"",""T1115"",""T1056.001"",""T1041"",""T1105"",""T1134.001"",""T1053"",""T1134.001"",""T1018"",""T1059.001"",""T1083"",""T1134.001"",""T1105"",""T1113"",""T1083"",""T1059.001"",""T1041"",""T1070.004"",""T1529"",""T1070.004""]",T1037,T1037.005,apt29,apt29,apt29,unknown,high
apt29::unknown::53,ctid,apt29::unknown,53,"[""T1036"",""T1059"",""T1119"",""T1016"",""T1033"",""T1041"",""T1057"",""T1007"",""T1082"",""T1069"",""T1087"",""T1012"",""T1036"",""T1134"",""T1548"",""T1112"",""T1055"",""T1036"",""T1018"",""T1016"",""T1057"",""T1070"",""T1082"",""T1049"",""T1003"",""T1547"",""T1134"",""T1003"",""T1134"",""T1081"",""T1552"",""T1036"",""T1113"",""T1115"",""T1056"",""T1041"",""T1105"",""T1134"",""T1053"",""T1134"",""T1018"",""T1059"",""T1083"",""T1134"",""T1105"",""T1113"",""T1083"",""T1059"",""T1041"",""T1070"",""T1529"",""T1070"",""T1037""]","[""T1036.002"",""T1059.001"",""T1119"",""T1016"",""T1033"",""T1041"",""T1057"",""T1007"",""T1082"",""T1069"",""T1087"",""T1012"",""T1036.005"",""T1134.001"",""T1548.002"",""T1112"",""T1055"",""T1036.005"",""T1018"",""T1016"",""T1057"",""T1070.004"",""T1082"",""T1049"",""T1003"",""T1547.009"",""T1134"",""T1003"",""T1134"",""T1081"",""T1552.004"",""T1036.005"",""T1113"",""T1115"",""T1056.001"",""T1041"",""T1105"",""T1134.001"",""T1053"",""T1134.001"",""T1018"",""T1059.001"",""T1083"",""T1134.001"",""T1105"",""T1113"",""T1083"",""T1059.001"",""T1041"",""T1070.004"",""T1529"",""T1070.004"",""T1037.005""]",T1204,T1204.002,apt29,apt29,apt29,unknown,high
apt29::unknown::54,ctid,apt29::unknown,54,"[""T1036"",""T1059"",""T1119"",""T1016"",""T1033"",""T1041"",""T1057"",""T1007"",""T1082"",""T1069"",""T1087"",""T1012"",""T1036"",""T1134"",""T1548"",""T1112"",""T1055"",""T1036"",""T1018"",""T1016"",""T1057"",""T1070"",""T1082"",""T1049"",""T1003"",""T1547"",""T1134"",""T1003"",""T1134"",""T1081"",""T1552"",""T1036"",""T1113"",""T1115"",""T1056"",""T1041"",""T1105"",""T1134"",""T1053"",""T1134"",""T1018"",""T1059"",""T1083"",""T1134"",""T1105"",""T1113"",""T1083"",""T1059"",""T1041"",""T1070"",""T1529"",""T1070"",""T1037"",""T1204""]","[""T1036.002"",""T1059.001"",""T1119"",""T1016"",""T1033"",""T1041"",""T1057"",""T1007"",""T1082"",""T1069"",""T1087"",""T1012"",""T1036.005"",""T1134.001"",""T1548.002"",""T1112"",""T1055"",""T1036.005"",""T1018"",""T1016"",""T1057"",""T1070.004"",""T1082"",""T1049"",""T1003"",""T1547.009"",""T1134"",""T1003"",""T1134"",""T1081"",""T1552.004"",""T1036.005"",""T1113"",""T1115"",""T1056.001"",""T1041"",""T1105"",""T1134.001"",""T1053"",""T1134.001"",""T1018"",""T1059.001"",""T1083"",""T1134.001"",""T1105"",""T1113"",""T1083"",""T1059.001"",""T1041"",""T1070.004"",""T1529"",""T1070.004"",""T1037.005"",""T1204.002""]",T1070,T1070.006,apt29,apt29,apt29,unknown,high
apt29::unknown::55,ctid,apt29::unknown,55,"[""T1036"",""T1059"",""T1119"",""T1016"",""T1033"",""T1041"",""T1057"",""T1007"",""T1082"",""T1069"",""T1087"",""T1012"",""T1036"",""T1134"",""T1548"",""T1112"",""T1055"",""T1036"",""T1018"",""T1016"",""T1057"",""T1070"",""T1082"",""T1049"",""T1003"",""T1547"",""T1134"",""T1003"",""T1134"",""T1081"",""T1552"",""T1036"",""T1113"",""T1115"",""T1056"",""T1041"",""T1105"",""T1134"",""T1053"",""T1134"",""T1018"",""T1059"",""T1083"",""T1134"",""T1105"",""T1113"",""T1083"",""T1059"",""T1041"",""T1070"",""T1529"",""T1070"",""T1037"",""T1204"",""T1070""]","[""T1036.002"",""T1059.001"",""T1119"",""T1016"",""T1033"",""T1041"",""T1057"",""T1007"",""T1082"",""T1069"",""T1087"",""T1012"",""T1036.005"",""T1134.001"",""T1548.002"",""T1112"",""T1055"",""T1036.005"",""T1018"",""T1016"",""T1057"",""T1070.004"",""T1082"",""T1049"",""T1003"",""T1547.009"",""T1134"",""T1003"",""T1134"",""T1081"",""T1552.004"",""T1036.005"",""T1113"",""T1115"",""T1056.001"",""T1041"",""T1105"",""T1134.001"",""T1053"",""T1134.001"",""T1018"",""T1059.001"",""T1083"",""T1134.001"",""T1105"",""T1113"",""T1083"",""T1059.001"",""T1041"",""T1070.004"",""T1529"",""T1070.004"",""T1037.005"",""T1204.002"",""T1070.006""]",T1518,T1518.001,apt29,apt29,apt29,unknown,high
apt29::unknown::56,ctid,apt29::unknown,56,"[""T1036"",""T1059"",""T1119"",""T1016"",""T1033"",""T1041"",""T1057"",""T1007"",""T1082"",""T1069"",""T1087"",""T1012"",""T1036"",""T1134"",""T1548"",""T1112"",""T1055"",""T1036"",""T1018"",""T1016"",""T1057"",""T1070"",""T1082"",""T1049"",""T1003"",""T1547"",""T1134"",""T1003"",""T1134"",""T1081"",""T1552"",""T1036"",""T1113"",""T1115"",""T1056"",""T1041"",""T1105"",""T1134"",""T1053"",""T1134"",""T1018"",""T1059"",""T1083"",""T1134"",""T1105"",""T1113"",""T1083"",""T1059"",""T1041"",""T1070"",""T1529"",""T1070"",""T1037"",""T1204"",""T1070"",""T1518""]","[""T1036.002"",""T1059.001"",""T1119"",""T1016"",""T1033"",""T1041"",""T1057"",""T1007"",""T1082"",""T1069"",""T1087"",""T1012"",""T1036.005"",""T1134.001"",""T1548.002"",""T1112"",""T1055"",""T1036.005"",""T1018"",""T1016"",""T1057"",""T1070.004"",""T1082"",""T1049"",""T1003"",""T1547.009"",""T1134"",""T1003"",""T1134"",""T1081"",""T1552.004"",""T1036.005"",""T1113"",""T1115"",""T1056.001"",""T1041"",""T1105"",""T1134.001"",""T1053"",""T1134.001"",""T1018"",""T1059.001"",""T1083"",""T1134.001"",""T1105"",""T1113"",""T1083"",""T1059.001"",""T1041"",""T1070.004"",""T1529"",""T1070.004"",""T1037.005"",""T1204.002"",""T1070.006"",""T1518.001""]",T1082,T1082,apt29,apt29,apt29,unknown,high
apt29::unknown::57,ctid,apt29::unknown,57,"[""T1036"",""T1059"",""T1119"",""T1016"",""T1033"",""T1041"",""T1057"",""T1007"",""T1082"",""T1069"",""T1087"",""T1012"",""T1036"",""T1134"",""T1548"",""T1112"",""T1055"",""T1036"",""T1018"",""T1016"",""T1057"",""T1070"",""T1082"",""T1049"",""T1003"",""T1547"",""T1134"",""T1003"",""T1134"",""T1081"",""T1552"",""T1036"",""T1113"",""T1115"",""T1056"",""T1041"",""T1105"",""T1134"",""T1053"",""T1134"",""T1018"",""T1059"",""T1083"",""T1134"",""T1105"",""T1113"",""T1083"",""T1059"",""T1041"",""T1070"",""T1529"",""T1070"",""T1037"",""T1204"",""T1070"",""T1518"",""T1082""]","[""T1036.002"",""T1059.001"",""T1119"",""T1016"",""T1033"",""T1041"",""T1057"",""T1007"",""T1082"",""T1069"",""T1087"",""T1012"",""T1036.005"",""T1134.001"",""T1548.002"",""T1112"",""T1055"",""T1036.005"",""T1018"",""T1016"",""T1057"",""T1070.004"",""T1082"",""T1049"",""T1003"",""T1547.009"",""T1134"",""T1003"",""T1134"",""T1081"",""T1552.004"",""T1036.005"",""T1113"",""T1115"",""T1056.001"",""T1041"",""T1105"",""T1134.001"",""T1053"",""T1134.001"",""T1018"",""T1059.001"",""T1083"",""T1134.001"",""T1105"",""T1113"",""T1083"",""T1059.001"",""T1041"",""T1070.004"",""T1529"",""T1070.004"",""T1037.005"",""T1204.002"",""T1070.006"",""T1518.001"",""T1082""]",T1033,T1033,apt29,apt29,apt29,unknown,high
apt29::unknown::58,ctid,apt29::unknown,58,"[""T1036"",""T1059"",""T1119"",""T1016"",""T1033"",""T1041"",""T1057"",""T1007"",""T1082"",""T1069"",""T1087"",""T1012"",""T1036"",""T1134"",""T1548"",""T1112"",""T1055"",""T1036"",""T1018"",""T1016"",""T1057"",""T1070"",""T1082"",""T1049"",""T1003"",""T1547"",""T1134"",""T1003"",""T1134"",""T1081"",""T1552"",""T1036"",""T1113"",""T1115"",""T1056"",""T1041"",""T1105"",""T1134"",""T1053"",""T1134"",""T1018"",""T1059"",""T1083"",""T1134"",""T1105"",""T1113"",""T1083"",""T1059"",""T1041"",""T1070"",""T1529"",""T1070"",""T1037"",""T1204"",""T1070"",""T1518"",""T1082"",""T1033""]","[""T1036.002"",""T1059.001"",""T1119"",""T1016"",""T1033"",""T1041"",""T1057"",""T1007"",""T1082"",""T1069"",""T1087"",""T1012"",""T1036.005"",""T1134.001"",""T1548.002"",""T1112"",""T1055"",""T1036.005"",""T1018"",""T1016"",""T1057"",""T1070.004"",""T1082"",""T1049"",""T1003"",""T1547.009"",""T1134"",""T1003"",""T1134"",""T1081"",""T1552.004"",""T1036.005"",""T1113"",""T1115"",""T1056.001"",""T1041"",""T1105"",""T1134.001"",""T1053"",""T1134.001"",""T1018"",""T1059.001"",""T1083"",""T1134.001"",""T1105"",""T1113"",""T1083"",""T1059.001"",""T1041"",""T1070.004"",""T1529"",""T1070.004"",""T1037.005"",""T1204.002"",""T1070.006"",""T1518.001"",""T1082"",""T1033""]",T1057,T1057,apt29,apt29,apt29,unknown,high
apt29::unknown::59,ctid,apt29::unknown,59,"[""T1036"",""T1059"",""T1119"",""T1016"",""T1033"",""T1041"",""T1057"",""T1007"",""T1082"",""T1069"",""T1087"",""T1012"",""T1036"",""T1134"",""T1548"",""T1112"",""T1055"",""T1036"",""T1018"",""T1016"",""T1057"",""T1070"",""T1082"",""T1049"",""T1003"",""T1547"",""T1134"",""T1003"",""T1134"",""T1081"",""T1552"",""T1036"",""T1113"",""T1115"",""T1056"",""T1041"",""T1105"",""T1134"",""T1053"",""T1134"",""T1018"",""T1059"",""T1083"",""T1134"",""T1105"",""T1113"",""T1083"",""T1059"",""T1041"",""T1070"",""T1529"",""T1070"",""T1037"",""T1204"",""T1070"",""T1518"",""T1082"",""T1033"",""T1057""]","[""T1036.002"",""T1059.001"",""T1119"",""T1016"",""T1033"",""T1041"",""T1057"",""T1007"",""T1082"",""T1069"",""T1087"",""T1012"",""T1036.005"",""T1134.001"",""T1548.002"",""T1112"",""T1055"",""T1036.005"",""T1018"",""T1016"",""T1057"",""T1070.004"",""T1082"",""T1049"",""T1003"",""T1547.009"",""T1134"",""T1003"",""T1134"",""T1081"",""T1552.004"",""T1036.005"",""T1113"",""T1115"",""T1056.001"",""T1041"",""T1105"",""T1134.001"",""T1053"",""T1134.001"",""T1018"",""T1059.001"",""T1083"",""T1134.001"",""T1105"",""T1113"",""T1083"",""T1059.001"",""T1041"",""T1070.004"",""T1529"",""T1070.004"",""T1037.005"",""T1204.002"",""T1070.006"",""T1518.001"",""T1082"",""T1033"",""T1057""]",T1134,T1134.002,apt29,apt29,apt29,unknown,high
apt29::unknown::6,ctid,apt29::unknown,6,"[""T1036"",""T1059"",""T1119"",""T1016"",""T1033"",""T1041""]","[""T1036.002"",""T1059.001"",""T1119"",""T1016"",""T1033"",""T1041""]",T1057,T1057,apt29,apt29,apt29,unknown,high
apt29::unknown::60,ctid,apt29::unknown,60,"[""T1036"",""T1059"",""T1119"",""T1016"",""T1033"",""T1041"",""T1057"",""T1007"",""T1082"",""T1069"",""T1087"",""T1012"",""T1036"",""T1134"",""T1548"",""T1112"",""T1055"",""T1036"",""T1018"",""T1016"",""T1057"",""T1070"",""T1082"",""T1049"",""T1003"",""T1547"",""T1134"",""T1003"",""T1134"",""T1081"",""T1552"",""T1036"",""T1113"",""T1115"",""T1056"",""T1041"",""T1105"",""T1134"",""T1053"",""T1134"",""T1018"",""T1059"",""T1083"",""T1134"",""T1105"",""T1113"",""T1083"",""T1059"",""T1041"",""T1070"",""T1529"",""T1070"",""T1037"",""T1204"",""T1070"",""T1518"",""T1082"",""T1033"",""T1057"",""T1134""]","[""T1036.002"",""T1059.001"",""T1119"",""T1016"",""T1033"",""T1041"",""T1057"",""T1007"",""T1082"",""T1069"",""T1087"",""T1012"",""T1036.005"",""T1134.001"",""T1548.002"",""T1112"",""T1055"",""T1036.005"",""T1018"",""T1016"",""T1057"",""T1070.004"",""T1082"",""T1049"",""T1003"",""T1547.009"",""T1134"",""T1003"",""T1134"",""T1081"",""T1552.004"",""T1036.005"",""T1113"",""T1115"",""T1056.001"",""T1041"",""T1105"",""T1134.001"",""T1053"",""T1134.001"",""T1018"",""T1059.001"",""T1083"",""T1134.001"",""T1105"",""T1113"",""T1083"",""T1059.001"",""T1041"",""T1070.004"",""T1529"",""T1070.004"",""T1037.005"",""T1204.002"",""T1070.006"",""T1518.001"",""T1082"",""T1033"",""T1057"",""T1134.002""]",T1003,T1003,apt29,apt29,apt29,unknown,high
apt29::unknown::61,ctid,apt29::unknown,61,"[""T1036"",""T1059"",""T1119"",""T1016"",""T1033"",""T1041"",""T1057"",""T1007"",""T1082"",""T1069"",""T1087"",""T1012"",""T1036"",""T1134"",""T1548"",""T1112"",""T1055"",""T1036"",""T1018"",""T1016"",""T1057"",""T1070"",""T1082"",""T1049"",""T1003"",""T1547"",""T1134"",""T1003"",""T1134"",""T1081"",""T1552"",""T1036"",""T1113"",""T1115"",""T1056"",""T1041"",""T1105"",""T1134"",""T1053"",""T1134"",""T1018"",""T1059"",""T1083"",""T1134"",""T1105"",""T1113"",""T1083"",""T1059"",""T1041"",""T1070"",""T1529"",""T1070"",""T1037"",""T1204"",""T1070"",""T1518"",""T1082"",""T1033"",""T1057"",""T1134"",""T1003""]","[""T1036.002"",""T1059.001"",""T1119"",""T1016"",""T1033"",""T1041"",""T1057"",""T1007"",""T1082"",""T1069"",""T1087"",""T1012"",""T1036.005"",""T1134.001"",""T1548.002"",""T1112"",""T1055"",""T1036.005"",""T1018"",""T1016"",""T1057"",""T1070.004"",""T1082"",""T1049"",""T1003"",""T1547.009"",""T1134"",""T1003"",""T1134"",""T1081"",""T1552.004"",""T1036.005"",""T1113"",""T1115"",""T1056.001"",""T1041"",""T1105"",""T1134.001"",""T1053"",""T1134.001"",""T1018"",""T1059.001"",""T1083"",""T1134.001"",""T1105"",""T1113"",""T1083"",""T1059.001"",""T1041"",""T1070.004"",""T1529"",""T1070.004"",""T1037.005"",""T1204.002"",""T1070.006"",""T1518.001"",""T1082"",""T1033"",""T1057"",""T1134.002"",""T1003""]",T1546,T1546.003,apt29,apt29,apt29,unknown,high
apt29::unknown::62,ctid,apt29::unknown,62,"[""T1036"",""T1059"",""T1119"",""T1016"",""T1033"",""T1041"",""T1057"",""T1007"",""T1082"",""T1069"",""T1087"",""T1012"",""T1036"",""T1134"",""T1548"",""T1112"",""T1055"",""T1036"",""T1018"",""T1016"",""T1057"",""T1070"",""T1082"",""T1049"",""T1003"",""T1547"",""T1134"",""T1003"",""T1134"",""T1081"",""T1552"",""T1036"",""T1113"",""T1115"",""T1056"",""T1041"",""T1105"",""T1134"",""T1053"",""T1134"",""T1018"",""T1059"",""T1083"",""T1134"",""T1105"",""T1113"",""T1083"",""T1059"",""T1041"",""T1070"",""T1529"",""T1070"",""T1037"",""T1204"",""T1070"",""T1518"",""T1082"",""T1033"",""T1057"",""T1134"",""T1003"",""T1546""]","[""T1036.002"",""T1059.001"",""T1119"",""T1016"",""T1033"",""T1041"",""T1057"",""T1007"",""T1082"",""T1069"",""T1087"",""T1012"",""T1036.005"",""T1134.001"",""T1548.002"",""T1112"",""T1055"",""T1036.005"",""T1018"",""T1016"",""T1057"",""T1070.004"",""T1082"",""T1049"",""T1003"",""T1547.009"",""T1134"",""T1003"",""T1134"",""T1081"",""T1552.004"",""T1036.005"",""T1113"",""T1115"",""T1056.001"",""T1041"",""T1105"",""T1134.001"",""T1053"",""T1134.001"",""T1018"",""T1059.001"",""T1083"",""T1134.001"",""T1105"",""T1113"",""T1083"",""T1059.001"",""T1041"",""T1070.004"",""T1529"",""T1070.004"",""T1037.005"",""T1204.002"",""T1070.006"",""T1518.001"",""T1082"",""T1033"",""T1057"",""T1134.002"",""T1003"",""T1546.003""]",T1018,T1018,apt29,apt29,apt29,unknown,high
apt29::unknown::63,ctid,apt29::unknown,63,"[""T1036"",""T1059"",""T1119"",""T1016"",""T1033"",""T1041"",""T1057"",""T1007"",""T1082"",""T1069"",""T1087"",""T1012"",""T1036"",""T1134"",""T1548"",""T1112"",""T1055"",""T1036"",""T1018"",""T1016"",""T1057"",""T1070"",""T1082"",""T1049"",""T1003"",""T1547"",""T1134"",""T1003"",""T1134"",""T1081"",""T1552"",""T1036"",""T1113"",""T1115"",""T1056"",""T1041"",""T1105"",""T1134"",""T1053"",""T1134"",""T1018"",""T1059"",""T1083"",""T1134"",""T1105"",""T1113"",""T1083"",""T1059"",""T1041"",""T1070"",""T1529"",""T1070"",""T1037"",""T1204"",""T1070"",""T1518"",""T1082"",""T1033"",""T1057"",""T1134"",""T1003"",""T1546"",""T1018""]","[""T1036.002"",""T1059.001"",""T1119"",""T1016"",""T1033"",""T1041"",""T1057"",""T1007"",""T1082"",""T1069"",""T1087"",""T1012"",""T1036.005"",""T1134.001"",""T1548.002"",""T1112"",""T1055"",""T1036.005"",""T1018"",""T1016"",""T1057"",""T1070.004"",""T1082"",""T1049"",""T1003"",""T1547.009"",""T1134"",""T1003"",""T1134"",""T1081"",""T1552.004"",""T1036.005"",""T1113"",""T1115"",""T1056.001"",""T1041"",""T1105"",""T1134.001"",""T1053"",""T1134.001"",""T1018"",""T1059.001"",""T1083"",""T1134.001"",""T1105"",""T1113"",""T1083"",""T1059.001"",""T1041"",""T1070.004"",""T1529"",""T1070.004"",""T1037.005"",""T1204.002"",""T1070.006"",""T1518.001"",""T1082"",""T1033"",""T1057"",""T1134.002"",""T1003"",""T1546.003"",""T1018""]",T1033,T1033,apt29,apt29,apt29,unknown,high
apt29::unknown::65,ctid,apt29::unknown,65,"[""T1036"",""T1059"",""T1119"",""T1016"",""T1033"",""T1041"",""T1057"",""T1007"",""T1082"",""T1069"",""T1087"",""T1012"",""T1036"",""T1134"",""T1548"",""T1112"",""T1055"",""T1036"",""T1018"",""T1016"",""T1057"",""T1070"",""T1082"",""T1049"",""T1003"",""T1547"",""T1134"",""T1003"",""T1134"",""T1081"",""T1552"",""T1036"",""T1113"",""T1115"",""T1056"",""T1041"",""T1105"",""T1134"",""T1053"",""T1134"",""T1018"",""T1059"",""T1083"",""T1134"",""T1105"",""T1113"",""T1083"",""T1059"",""T1041"",""T1070"",""T1529"",""T1070"",""T1037"",""T1204"",""T1070"",""T1518"",""T1082"",""T1033"",""T1057"",""T1134"",""T1003"",""T1546"",""T1018"",""T1033"",""T1028""]","[""T1036.002"",""T1059.001"",""T1119"",""T1016"",""T1033"",""T1041"",""T1057"",""T1007"",""T1082"",""T1069"",""T1087"",""T1012"",""T1036.005"",""T1134.001"",""T1548.002"",""T1112"",""T1055"",""T1036.005"",""T1018"",""T1016"",""T1057"",""T1070.004"",""T1082"",""T1049"",""T1003"",""T1547.009"",""T1134"",""T1003"",""T1134"",""T1081"",""T1552.004"",""T1036.005"",""T1113"",""T1115"",""T1056.001"",""T1041"",""T1105"",""T1134.001"",""T1053"",""T1134.001"",""T1018"",""T1059.001"",""T1083"",""T1134.001"",""T1105"",""T1113"",""T1083"",""T1059.001"",""T1041"",""T1070.004"",""T1529"",""T1070.004"",""T1037.005"",""T1204.002"",""T1070.006"",""T1518.001"",""T1082"",""T1033"",""T1057"",""T1134.002"",""T1003"",""T1546.003"",""T1018"",""T1033"",""T1028""]",T1105,T1105,apt29,apt29,apt29,unknown,high
apt29::unknown::66,ctid,apt29::unknown,66,"[""T1036"",""T1059"",""T1119"",""T1016"",""T1033"",""T1041"",""T1057"",""T1007"",""T1082"",""T1069"",""T1087"",""T1012"",""T1036"",""T1134"",""T1548"",""T1112"",""T1055"",""T1036"",""T1018"",""T1016"",""T1057"",""T1070"",""T1082"",""T1049"",""T1003"",""T1547"",""T1134"",""T1003"",""T1134"",""T1081"",""T1552"",""T1036"",""T1113"",""T1115"",""T1056"",""T1041"",""T1105"",""T1134"",""T1053"",""T1134"",""T1018"",""T1059"",""T1083"",""T1134"",""T1105"",""T1113"",""T1083"",""T1059"",""T1041"",""T1070"",""T1529"",""T1070"",""T1037"",""T1204"",""T1070"",""T1518"",""T1082"",""T1033"",""T1057"",""T1134"",""T1003"",""T1546"",""T1018"",""T1033"",""T1028"",""T1105""]","[""T1036.002"",""T1059.001"",""T1119"",""T1016"",""T1033"",""T1041"",""T1057"",""T1007"",""T1082"",""T1069"",""T1087"",""T1012"",""T1036.005"",""T1134.001"",""T1548.002"",""T1112"",""T1055"",""T1036.005"",""T1018"",""T1016"",""T1057"",""T1070.004"",""T1082"",""T1049"",""T1003"",""T1547.009"",""T1134"",""T1003"",""T1134"",""T1081"",""T1552.004"",""T1036.005"",""T1113"",""T1115"",""T1056.001"",""T1041"",""T1105"",""T1134.001"",""T1053"",""T1134.001"",""T1018"",""T1059.001"",""T1083"",""T1134.001"",""T1105"",""T1113"",""T1083"",""T1059.001"",""T1041"",""T1070.004"",""T1529"",""T1070.004"",""T1037.005"",""T1204.002"",""T1070.006"",""T1518.001"",""T1082"",""T1033"",""T1057"",""T1134.002"",""T1003"",""T1546.003"",""T1018"",""T1033"",""T1028"",""T1105""]",T1114,T1114.001,apt29,apt29,apt29,unknown,high
apt29::unknown::67,ctid,apt29::unknown,67,"[""T1036"",""T1059"",""T1119"",""T1016"",""T1033"",""T1041"",""T1057"",""T1007"",""T1082"",""T1069"",""T1087"",""T1012"",""T1036"",""T1134"",""T1548"",""T1112"",""T1055"",""T1036"",""T1018"",""T1016"",""T1057"",""T1070"",""T1082"",""T1049"",""T1003"",""T1547"",""T1134"",""T1003"",""T1134"",""T1081"",""T1552"",""T1036"",""T1113"",""T1115"",""T1056"",""T1041"",""T1105"",""T1134"",""T1053"",""T1134"",""T1018"",""T1059"",""T1083"",""T1134"",""T1105"",""T1113"",""T1083"",""T1059"",""T1041"",""T1070"",""T1529"",""T1070"",""T1037"",""T1204"",""T1070"",""T1518"",""T1082"",""T1033"",""T1057"",""T1134"",""T1003"",""T1546"",""T1018"",""T1033"",""T1028"",""T1105"",""T1114""]","[""T1036.002"",""T1059.001"",""T1119"",""T1016"",""T1033"",""T1041"",""T1057"",""T1007"",""T1082"",""T1069"",""T1087"",""T1012"",""T1036.005"",""T1134.001"",""T1548.002"",""T1112"",""T1055"",""T1036.005"",""T1018"",""T1016"",""T1057"",""T1070.004"",""T1082"",""T1049"",""T1003"",""T1547.009"",""T1134"",""T1003"",""T1134"",""T1081"",""T1552.004"",""T1036.005"",""T1113"",""T1115"",""T1056.001"",""T1041"",""T1105"",""T1134.001"",""T1053"",""T1134.001"",""T1018"",""T1059.001"",""T1083"",""T1134.001"",""T1105"",""T1113"",""T1083"",""T1059.001"",""T1041"",""T1070.004"",""T1529"",""T1070.004"",""T1037.005"",""T1204.002"",""T1070.006"",""T1518.001"",""T1082"",""T1033"",""T1057"",""T1134.002"",""T1003"",""T1546.003"",""T1018"",""T1033"",""T1028"",""T1105"",""T1114.001""]",T1005,T1005,apt29,apt29,apt29,unknown,high
apt29::unknown::68,ctid,apt29::unknown,68,"[""T1036"",""T1059"",""T1119"",""T1016"",""T1033"",""T1041"",""T1057"",""T1007"",""T1082"",""T1069"",""T1087"",""T1012"",""T1036"",""T1134"",""T1548"",""T1112"",""T1055"",""T1036"",""T1018"",""T1016"",""T1057"",""T1070"",""T1082"",""T1049"",""T1003"",""T1547"",""T1134"",""T1003"",""T1134"",""T1081"",""T1552"",""T1036"",""T1113"",""T1115"",""T1056"",""T1041"",""T1105"",""T1134"",""T1053"",""T1134"",""T1018"",""T1059"",""T1083"",""T1134"",""T1105"",""T1113"",""T1083"",""T1059"",""T1041"",""T1070"",""T1529"",""T1070"",""T1037"",""T1204"",""T1070"",""T1518"",""T1082"",""T1033"",""T1057"",""T1134"",""T1003"",""T1546"",""T1018"",""T1033"",""T1028"",""T1105"",""T1114"",""T1005""]","[""T1036.002"",""T1059.001"",""T1119"",""T1016"",""T1033"",""T1041"",""T1057"",""T1007"",""T1082"",""T1069"",""T1087"",""T1012"",""T1036.005"",""T1134.001"",""T1548.002"",""T1112"",""T1055"",""T1036.005"",""T1018"",""T1016"",""T1057"",""T1070.004"",""T1082"",""T1049"",""T1003"",""T1547.009"",""T1134"",""T1003"",""T1134"",""T1081"",""T1552.004"",""T1036.005"",""T1113"",""T1115"",""T1056.001"",""T1041"",""T1105"",""T1134.001"",""T1053"",""T1134.001"",""T1018"",""T1059.001"",""T1083"",""T1134.001"",""T1105"",""T1113"",""T1083"",""T1059.001"",""T1041"",""T1070.004"",""T1529"",""T1070.004"",""T1037.005"",""T1204.002"",""T1070.006"",""T1518.001"",""T1082"",""T1033"",""T1057"",""T1134.002"",""T1003"",""T1546.003"",""T1018"",""T1033"",""T1028"",""T1105"",""T1114.001"",""T1005""]",T1537,T1537,apt29,apt29,apt29,unknown,high
apt29::unknown::69,ctid,apt29::unknown,69,"[""T1036"",""T1059"",""T1119"",""T1016"",""T1033"",""T1041"",""T1057"",""T1007"",""T1082"",""T1069"",""T1087"",""T1012"",""T1036"",""T1134"",""T1548"",""T1112"",""T1055"",""T1036"",""T1018"",""T1016"",""T1057"",""T1070"",""T1082"",""T1049"",""T1003"",""T1547"",""T1134"",""T1003"",""T1134"",""T1081"",""T1552"",""T1036"",""T1113"",""T1115"",""T1056"",""T1041"",""T1105"",""T1134"",""T1053"",""T1134"",""T1018"",""T1059"",""T1083"",""T1134"",""T1105"",""T1113"",""T1083"",""T1059"",""T1041"",""T1070"",""T1529"",""T1070"",""T1037"",""T1204"",""T1070"",""T1518"",""T1082"",""T1033"",""T1057"",""T1134"",""T1003"",""T1546"",""T1018"",""T1033"",""T1028"",""T1105"",""T1114"",""T1005"",""T1537""]","[""T1036.002"",""T1059.001"",""T1119"",""T1016"",""T1033"",""T1041"",""T1057"",""T1007"",""T1082"",""T1069"",""T1087"",""T1012"",""T1036.005"",""T1134.001"",""T1548.002"",""T1112"",""T1055"",""T1036.005"",""T1018"",""T1016"",""T1057"",""T1070.004"",""T1082"",""T1049"",""T1003"",""T1547.009"",""T1134"",""T1003"",""T1134"",""T1081"",""T1552.004"",""T1036.005"",""T1113"",""T1115"",""T1056.001"",""T1041"",""T1105"",""T1134.001"",""T1053"",""T1134.001"",""T1018"",""T1059.001"",""T1083"",""T1134.001"",""T1105"",""T1113"",""T1083"",""T1059.001"",""T1041"",""T1070.004"",""T1529"",""T1070.004"",""T1037.005"",""T1204.002"",""T1070.006"",""T1518.001"",""T1082"",""T1033"",""T1057"",""T1134.002"",""T1003"",""T1546.003"",""T1018"",""T1033"",""T1028"",""T1105"",""T1114.001"",""T1005"",""T1537""]",T1561,T1561.001,apt29,apt29,apt29,unknown,high
apt29::unknown::7,ctid,apt29::unknown,7,"[""T1036"",""T1059"",""T1119"",""T1016"",""T1033"",""T1041"",""T1057""]","[""T1036.002"",""T1059.001"",""T1119"",""T1016"",""T1033"",""T1041"",""T1057""]",T1007,T1007,apt29,apt29,apt29,unknown,high
apt29::unknown::70,ctid,apt29::unknown,70,"[""T1036"",""T1059"",""T1119"",""T1016"",""T1033"",""T1041"",""T1057"",""T1007"",""T1082"",""T1069"",""T1087"",""T1012"",""T1036"",""T1134"",""T1548"",""T1112"",""T1055"",""T1036"",""T1018"",""T1016"",""T1057"",""T1070"",""T1082"",""T1049"",""T1003"",""T1547"",""T1134"",""T1003"",""T1134"",""T1081"",""T1552"",""T1036"",""T1113"",""T1115"",""T1056"",""T1041"",""T1105"",""T1134"",""T1053"",""T1134"",""T1018"",""T1059"",""T1083"",""T1134"",""T1105"",""T1113"",""T1083"",""T1059"",""T1041"",""T1070"",""T1529"",""T1070"",""T1037"",""T1204"",""T1070"",""T1518"",""T1082"",""T1033"",""T1057"",""T1134"",""T1003"",""T1546"",""T1018"",""T1033"",""T1028"",""T1105"",""T1114"",""T1005"",""T1537"",""T1561""]","[""T1036.002"",""T1059.001"",""T1119"",""T1016"",""T1033"",""T1041"",""T1057"",""T1007"",""T1082"",""T1069"",""T1087"",""T1012"",""T1036.005"",""T1134.001"",""T1548.002"",""T1112"",""T1055"",""T1036.005"",""T1018"",""T1016"",""T1057"",""T1070.004"",""T1082"",""T1049"",""T1003"",""T1547.009"",""T1134"",""T1003"",""T1134"",""T1081"",""T1552.004"",""T1036.005"",""T1113"",""T1115"",""T1056.001"",""T1041"",""T1105"",""T1134.001"",""T1053"",""T1134.001"",""T1018"",""T1059.001"",""T1083"",""T1134.001"",""T1105"",""T1113"",""T1083"",""T1059.001"",""T1041"",""T1070.004"",""T1529"",""T1070.004"",""T1037.005"",""T1204.002"",""T1070.006"",""T1518.001"",""T1082"",""T1033"",""T1057"",""T1134.002"",""T1003"",""T1546.003"",""T1018"",""T1033"",""T1028"",""T1105"",""T1114.001"",""T1005"",""T1537"",""T1561.001""]",T1003,T1003,apt29,apt29,apt29,unknown,high
apt29::unknown::71,ctid,apt29::unknown,71,"[""T1036"",""T1059"",""T1119"",""T1016"",""T1033"",""T1041"",""T1057"",""T1007"",""T1082"",""T1069"",""T1087"",""T1012"",""T1036"",""T1134"",""T1548"",""T1112"",""T1055"",""T1036"",""T1018"",""T1016"",""T1057"",""T1070"",""T1082"",""T1049"",""T1003"",""T1547"",""T1134"",""T1003"",""T1134"",""T1081"",""T1552"",""T1036"",""T1113"",""T1115"",""T1056"",""T1041"",""T1105"",""T1134"",""T1053"",""T1134"",""T1018"",""T1059"",""T1083"",""T1134"",""T1105"",""T1113"",""T1083"",""T1059"",""T1041"",""T1070"",""T1529"",""T1070"",""T1037"",""T1204"",""T1070"",""T1518"",""T1082"",""T1033"",""T1057"",""T1134"",""T1003"",""T1546"",""T1018"",""T1033"",""T1028"",""T1105"",""T1114"",""T1005"",""T1537"",""T1561"",""T1003""]","[""T1036.002"",""T1059.001"",""T1119"",""T1016"",""T1033"",""T1041"",""T1057"",""T1007"",""T1082"",""T1069"",""T1087"",""T1012"",""T1036.005"",""T1134.001"",""T1548.002"",""T1112"",""T1055"",""T1036.005"",""T1018"",""T1016"",""T1057"",""T1070.004"",""T1082"",""T1049"",""T1003"",""T1547.009"",""T1134"",""T1003"",""T1134"",""T1081"",""T1552.004"",""T1036.005"",""T1113"",""T1115"",""T1056.001"",""T1041"",""T1105"",""T1134.001"",""T1053"",""T1134.001"",""T1018"",""T1059.001"",""T1083"",""T1134.001"",""T1105"",""T1113"",""T1083"",""T1059.001"",""T1041"",""T1070.004"",""T1529"",""T1070.004"",""T1037.005"",""T1204.002"",""T1070.006"",""T1518.001"",""T1082"",""T1033"",""T1057"",""T1134.002"",""T1003"",""T1546.003"",""T1018"",""T1033"",""T1028"",""T1105"",""T1114.001"",""T1005"",""T1537"",""T1561.001"",""T1003""]",T1218,T1218.011,apt29,apt29,apt29,unknown,high
apt29::unknown::8,ctid,apt29::unknown,8,"[""T1036"",""T1059"",""T1119"",""T1016"",""T1033"",""T1041"",""T1057"",""T1007""]","[""T1036.002"",""T1059.001"",""T1119"",""T1016"",""T1033"",""T1041"",""T1057"",""T1007""]",T1082,T1082,apt29,apt29,apt29,unknown,high
apt29::unknown::9,ctid,apt29::unknown,9,"[""T1036"",""T1059"",""T1119"",""T1016"",""T1033"",""T1041"",""T1057"",""T1007"",""T1082""]","[""T1036.002"",""T1059.001"",""T1119"",""T1016"",""T1033"",""T1041"",""T1057"",""T1007"",""T1082""]",T1069,T1069,apt29,apt29,apt29,unknown,high
carbanak::unknown::1,ctid,carbanak::unknown,1,"[""T1113""]","[""T1113""]",T1112,T1112,carbanak,carbanak,carbanak,unknown,high
carbanak::unknown::10,ctid,carbanak::unknown,10,"[""T1113"",""T1112"",""T1140"",""T1003"",""T1105"",""T1570"",""T1021"",""T1057"",""T1083"",""T1005""]","[""T1113"",""T1112"",""T1140"",""T1003.001"",""T1105"",""T1570"",""T1021.004"",""T1057"",""T1083"",""T1005""]",T1018,T1018,carbanak,carbanak,carbanak,unknown,high
carbanak::unknown::11,ctid,carbanak::unknown,11,"[""T1113"",""T1112"",""T1140"",""T1003"",""T1105"",""T1570"",""T1021"",""T1057"",""T1083"",""T1005"",""T1018""]","[""T1113"",""T1112"",""T1140"",""T1003.001"",""T1105"",""T1570"",""T1021.004"",""T1057"",""T1083"",""T1005"",""T1018""]",T1569,T1569.002,carbanak,carbanak,carbanak,unknown,high
carbanak::unknown::12,ctid,carbanak::unknown,12,"[""T1113"",""T1112"",""T1140"",""T1003"",""T1105"",""T1570"",""T1021"",""T1057"",""T1083"",""T1005"",""T1018"",""T1569""]","[""T1113"",""T1112"",""T1140"",""T1003.001"",""T1105"",""T1570"",""T1021.004"",""T1057"",""T1083"",""T1005"",""T1018"",""T1569.002""]",T1571,T1571,carbanak,carbanak,carbanak,unknown,high
carbanak::unknown::13,ctid,carbanak::unknown,13,"[""T1113"",""T1112"",""T1140"",""T1003"",""T1105"",""T1570"",""T1021"",""T1057"",""T1083"",""T1005"",""T1018"",""T1569"",""T1571""]","[""T1113"",""T1112"",""T1140"",""T1003.001"",""T1105"",""T1570"",""T1021.004"",""T1057"",""T1083"",""T1005"",""T1018"",""T1569.002"",""T1571""]",T1018,T1018,carbanak,carbanak,carbanak,unknown,high
carbanak::unknown::14,ctid,carbanak::unknown,14,"[""T1113"",""T1112"",""T1140"",""T1003"",""T1105"",""T1570"",""T1021"",""T1057"",""T1083"",""T1005"",""T1018"",""T1569"",""T1571"",""T1018""]","[""T1113"",""T1112"",""T1140"",""T1003.001"",""T1105"",""T1570"",""T1021.004"",""T1057"",""T1083"",""T1005"",""T1018"",""T1569.002"",""T1571"",""T1018""]",T1572,T1572,carbanak,carbanak,carbanak,unknown,high
carbanak::unknown::15,ctid,carbanak::unknown,15,"[""T1113"",""T1112"",""T1140"",""T1003"",""T1105"",""T1570"",""T1021"",""T1057"",""T1083"",""T1005"",""T1018"",""T1569"",""T1571"",""T1018"",""T1572""]","[""T1113"",""T1112"",""T1140"",""T1003.001"",""T1105"",""T1570"",""T1021.004"",""T1057"",""T1083"",""T1005"",""T1018"",""T1569.002"",""T1571"",""T1018"",""T1572""]",T1033,T1033,carbanak,carbanak,carbanak,unknown,high
carbanak::unknown::16,ctid,carbanak::unknown,16,"[""T1113"",""T1112"",""T1140"",""T1003"",""T1105"",""T1570"",""T1021"",""T1057"",""T1083"",""T1005"",""T1018"",""T1569"",""T1571"",""T1018"",""T1572"",""T1033""]","[""T1113"",""T1112"",""T1140"",""T1003.001"",""T1105"",""T1570"",""T1021.004"",""T1057"",""T1083"",""T1005"",""T1018"",""T1569.002"",""T1571"",""T1018"",""T1572"",""T1033""]",T1105,T1105,carbanak,carbanak,carbanak,unknown,high
carbanak::unknown::17,ctid,carbanak::unknown,17,"[""T1113"",""T1112"",""T1140"",""T1003"",""T1105"",""T1570"",""T1021"",""T1057"",""T1083"",""T1005"",""T1018"",""T1569"",""T1571"",""T1018"",""T1572"",""T1033"",""T1105""]","[""T1113"",""T1112"",""T1140"",""T1003.001"",""T1105"",""T1570"",""T1021.004"",""T1057"",""T1083"",""T1005"",""T1018"",""T1569.002"",""T1571"",""T1018"",""T1572"",""T1033"",""T1105""]",T1547,T1547.001,carbanak,carbanak,carbanak,unknown,high
carbanak::unknown::18,ctid,carbanak::unknown,18,"[""T1113"",""T1112"",""T1140"",""T1003"",""T1105"",""T1570"",""T1021"",""T1057"",""T1083"",""T1005"",""T1018"",""T1569"",""T1571"",""T1018"",""T1572"",""T1033"",""T1105"",""T1547""]","[""T1113"",""T1112"",""T1140"",""T1003.001"",""T1105"",""T1570"",""T1021.004"",""T1057"",""T1083"",""T1005"",""T1018"",""T1569.002"",""T1571"",""T1018"",""T1572"",""T1033"",""T1105"",""T1547.001""]",T1056,T1056.001,carbanak,carbanak,carbanak,unknown,high
carbanak::unknown::19,ctid,carbanak::unknown,19,"[""T1113"",""T1112"",""T1140"",""T1003"",""T1105"",""T1570"",""T1021"",""T1057"",""T1083"",""T1005"",""T1018"",""T1569"",""T1571"",""T1018"",""T1572"",""T1033"",""T1105"",""T1547"",""T1056""]","[""T1113"",""T1112"",""T1140"",""T1003.001"",""T1105"",""T1570"",""T1021.004"",""T1057"",""T1083"",""T1005"",""T1018"",""T1569.002"",""T1571"",""T1018"",""T1572"",""T1033"",""T1105"",""T1547.001"",""T1056.001""]",T1555,T1555.003,carbanak,carbanak,carbanak,unknown,high
carbanak::unknown::2,ctid,carbanak::unknown,2,"[""T1113"",""T1112""]","[""T1113"",""T1112""]",T1140,T1140,carbanak,carbanak,carbanak,unknown,high
carbanak::unknown::20,ctid,carbanak::unknown,20,"[""T1113"",""T1112"",""T1140"",""T1003"",""T1105"",""T1570"",""T1021"",""T1057"",""T1083"",""T1005"",""T1018"",""T1569"",""T1571"",""T1018"",""T1572"",""T1033"",""T1105"",""T1547"",""T1056"",""T1555""]","[""T1113"",""T1112"",""T1140"",""T1003.001"",""T1105"",""T1570"",""T1021.004"",""T1057"",""T1083"",""T1005"",""T1018"",""T1569.002"",""T1571"",""T1018"",""T1572"",""T1033"",""T1105"",""T1547.001"",""T1056.001"",""T1555.003""]",T1070,T1070.004,carbanak,carbanak,carbanak,unknown,high
carbanak::unknown::3,ctid,carbanak::unknown,3,"[""T1113"",""T1112"",""T1140""]","[""T1113"",""T1112"",""T1140""]",T1003,T1003.001,carbanak,carbanak,carbanak,unknown,high
carbanak::unknown::4,ctid,carbanak::unknown,4,"[""T1113"",""T1112"",""T1140"",""T1003""]","[""T1113"",""T1112"",""T1140"",""T1003.001""]",T1105,T1105,carbanak,carbanak,carbanak,unknown,high
carbanak::unknown::5,ctid,carbanak::unknown,5,"[""T1113"",""T1112"",""T1140"",""T1003"",""T1105""]","[""T1113"",""T1112"",""T1140"",""T1003.001"",""T1105""]",T1570,T1570,carbanak,carbanak,carbanak,unknown,high
carbanak::unknown::6,ctid,carbanak::unknown,6,"[""T1113"",""T1112"",""T1140"",""T1003"",""T1105"",""T1570""]","[""T1113"",""T1112"",""T1140"",""T1003.001"",""T1105"",""T1570""]",T1021,T1021.004,carbanak,carbanak,carbanak,unknown,high
carbanak::unknown::7,ctid,carbanak::unknown,7,"[""T1113"",""T1112"",""T1140"",""T1003"",""T1105"",""T1570"",""T1021""]","[""T1113"",""T1112"",""T1140"",""T1003.001"",""T1105"",""T1570"",""T1021.004""]",T1057,T1057,carbanak,carbanak,carbanak,unknown,high
carbanak::unknown::8,ctid,carbanak::unknown,8,"[""T1113"",""T1112"",""T1140"",""T1003"",""T1105"",""T1570"",""T1021"",""T1057""]","[""T1113"",""T1112"",""T1140"",""T1003.001"",""T1105"",""T1570"",""T1021.004"",""T1057""]",T1083,T1083,carbanak,carbanak,carbanak,unknown,high
carbanak::unknown::9,ctid,carbanak::unknown,9,"[""T1113"",""T1112"",""T1140"",""T1003"",""T1105"",""T1570"",""T1021"",""T1057"",""T1083""]","[""T1113"",""T1112"",""T1140"",""T1003.001"",""T1105"",""T1570"",""T1021.004"",""T1057"",""T1083""]",T1005,T1005,carbanak,carbanak,carbanak,unknown,high
fin6::unknown::1,ctid,fin6::unknown,1,"[""T1087""]","[""T1087.002""]",T1018,T1018,fin6,fin6,fin6,unknown,high
fin6::unknown::10,ctid,fin6::unknown,10,"[""T1087"",""T1018"",""T1482"",""T1016"",""T1069"",""T1134"",""T1003"",""T1560"",""T1567"",""T1569""]","[""T1087.002"",""T1018"",""T1482"",""T1016"",""T1069.002"",""T1134"",""T1003.001"",""T1560.001"",""T1567.002"",""T1569.002""]",T1047,T1047,fin6,fin6,fin6,unknown,high
fin6::unknown::11,ctid,fin6::unknown,11,"[""T1087"",""T1018"",""T1482"",""T1016"",""T1069"",""T1134"",""T1003"",""T1560"",""T1567"",""T1569"",""T1047""]","[""T1087.002"",""T1018"",""T1482"",""T1016"",""T1069.002"",""T1134"",""T1003.001"",""T1560.001"",""T1567.002"",""T1569.002"",""T1047""]",T1547,T1547.001,fin6,fin6,fin6,unknown,high
fin6::unknown::12,ctid,fin6::unknown,12,"[""T1087"",""T1018"",""T1482"",""T1016"",""T1069"",""T1134"",""T1003"",""T1560"",""T1567"",""T1569"",""T1047"",""T1547""]","[""T1087.002"",""T1018"",""T1482"",""T1016"",""T1069.002"",""T1134"",""T1003.001"",""T1560.001"",""T1567.002"",""T1569.002"",""T1047"",""T1547.001""]",T1053,T1053.005,fin6,fin6,fin6,unknown,high
fin6::unknown::13,ctid,fin6::unknown,13,"[""T1087"",""T1018"",""T1482"",""T1016"",""T1069"",""T1134"",""T1003"",""T1560"",""T1567"",""T1569"",""T1047"",""T1547"",""T1053""]","[""T1087.002"",""T1018"",""T1482"",""T1016"",""T1069.002"",""T1134"",""T1003.001"",""T1560.001"",""T1567.002"",""T1569.002"",""T1047"",""T1547.001"",""T1053.005""]",T1048,T1048.003,fin6,fin6,fin6,unknown,high
fin6::unknown::14,ctid,fin6::unknown,14,"[""T1087"",""T1018"",""T1482"",""T1016"",""T1069"",""T1134"",""T1003"",""T1560"",""T1567"",""T1569"",""T1047"",""T1547"",""T1053"",""T1048""]","[""T1087.002"",""T1018"",""T1482"",""T1016"",""T1069.002"",""T1134"",""T1003.001"",""T1560.001"",""T1567.002"",""T1569.002"",""T1047"",""T1547.001"",""T1053.005"",""T1048.003""]",T1047,T1047,fin6,fin6,fin6,unknown,high
fin6::unknown::15,ctid,fin6::unknown,15,"[""T1087"",""T1018"",""T1482"",""T1016"",""T1069"",""T1134"",""T1003"",""T1560"",""T1567"",""T1569"",""T1047"",""T1547"",""T1053"",""T1048"",""T1047""]","[""T1087.002"",""T1018"",""T1482"",""T1016"",""T1069.002"",""T1134"",""T1003.001"",""T1560.001"",""T1567.002"",""T1569.002"",""T1047"",""T1547.001"",""T1053.005"",""T1048.003"",""T1047""]",T1021,T1021.002,fin6,fin6,fin6,unknown,high
fin6::unknown::16,ctid,fin6::unknown,16,"[""T1087"",""T1018"",""T1482"",""T1016"",""T1069"",""T1134"",""T1003"",""T1560"",""T1567"",""T1569"",""T1047"",""T1547"",""T1053"",""T1048"",""T1047"",""T1021""]","[""T1087.002"",""T1018"",""T1482"",""T1016"",""T1069.002"",""T1134"",""T1003.001"",""T1560.001"",""T1567.002"",""T1569.002"",""T1047"",""T1547.001"",""T1053.005"",""T1048.003"",""T1047"",""T1021.002""]",T1047,T1047,fin6,fin6,fin6,unknown,high
fin6::unknown::17,ctid,fin6::unknown,17,"[""T1087"",""T1018"",""T1482"",""T1016"",""T1069"",""T1134"",""T1003"",""T1560"",""T1567"",""T1569"",""T1047"",""T1547"",""T1053"",""T1048"",""T1047"",""T1021"",""T1047""]","[""T1087.002"",""T1018"",""T1482"",""T1016"",""T1069.002"",""T1134"",""T1003.001"",""T1560.001"",""T1567.002"",""T1569.002"",""T1047"",""T1547.001"",""T1053.005"",""T1048.003"",""T1047"",""T1021.002"",""T1047""]",T1569,T1569.002,fin6,fin6,fin6,unknown,high
fin6::unknown::2,ctid,fin6::unknown,2,"[""T1087"",""T1018""]","[""T1087.002"",""T1018""]",T1482,T1482,fin6,fin6,fin6,unknown,high
fin6::unknown::3,ctid,fin6::unknown,3,"[""T1087"",""T1018"",""T1482""]","[""T1087.002"",""T1018"",""T1482""]",T1016,T1016,fin6,fin6,fin6,unknown,high
fin6::unknown::4,ctid,fin6::unknown,4,"[""T1087"",""T1018"",""T1482"",""T1016""]","[""T1087.002"",""T1018"",""T1482"",""T1016""]",T1069,T1069.002,fin6,fin6,fin6,unknown,high
fin6::unknown::5,ctid,fin6::unknown,5,"[""T1087"",""T1018"",""T1482"",""T1016"",""T1069""]","[""T1087.002"",""T1018"",""T1482"",""T1016"",""T1069.002""]",T1134,T1134,fin6,fin6,fin6,unknown,high
fin6::unknown::6,ctid,fin6::unknown,6,"[""T1087"",""T1018"",""T1482"",""T1016"",""T1069"",""T1134""]","[""T1087.002"",""T1018"",""T1482"",""T1016"",""T1069.002"",""T1134""]",T1003,T1003.001,fin6,fin6,fin6,unknown,high
fin6::unknown::7,ctid,fin6::unknown,7,"[""T1087"",""T1018"",""T1482"",""T1016"",""T1069"",""T1134"",""T1003""]","[""T1087.002"",""T1018"",""T1482"",""T1016"",""T1069.002"",""T1134"",""T1003.001""]",T1560,T1560.001,fin6,fin6,fin6,unknown,high
fin6::unknown::8,ctid,fin6::unknown,8,"[""T1087"",""T1018"",""T1482"",""T1016"",""T1069"",""T1134"",""T1003"",""T1560""]","[""T1087.002"",""T1018"",""T1482"",""T1016"",""T1069.002"",""T1134"",""T1003.001"",""T1560.001""]",T1567,T1567.002,fin6,fin6,fin6,unknown,high
fin6::unknown::9,ctid,fin6::unknown,9,"[""T1087"",""T1018"",""T1482"",""T1016"",""T1069"",""T1134"",""T1003"",""T1560"",""T1567""]","[""T1087.002"",""T1018"",""T1482"",""T1016"",""T1069.002"",""T1134"",""T1003.001"",""T1560.001"",""T1567.002""]",T1569,T1569.002,fin6,fin6,fin6,unknown,high
fin7::unknown::1,ctid,fin7::unknown,1,"[""T1113""]","[""T1113""]",T1059,T1059.003,fin7,fin7,fin7,unknown,high
fin7::unknown::2,ctid,fin7::unknown,2,"[""T1113"",""T1059""]","[""T1113"",""T1059.003""]",T1057,T1057,fin7,fin7,fin7,unknown,high
fin7::unknown::3,ctid,fin7::unknown,3,"[""T1113"",""T1059"",""T1057""]","[""T1113"",""T1059.003"",""T1057""]",T1003,T1003.002,fin7,fin7,fin7,unknown,high
fin7::unknown::4,ctid,fin7::unknown,4,"[""T1113"",""T1059"",""T1057"",""T1003""]","[""T1113"",""T1059.003"",""T1057"",""T1003.002""]",T1570,T1570,fin7,fin7,fin7,unknown,high
fin7::unknown::5,ctid,fin7::unknown,5,"[""T1113"",""T1059"",""T1057"",""T1003"",""T1570""]","[""T1113"",""T1059.003"",""T1057"",""T1003.002"",""T1570""]",T1574,T1574.001,fin7,fin7,fin7,unknown,high
fin7::unknown::6,ctid,fin7::unknown,6,"[""T1113"",""T1059"",""T1057"",""T1003"",""T1570"",""T1574""]","[""T1113"",""T1059.003"",""T1057"",""T1003.002"",""T1570"",""T1574.001""]",T1027,T1027,fin7,fin7,fin7,unknown,high
fin7::unknown::7,ctid,fin7::unknown,7,"[""T1113"",""T1059"",""T1057"",""T1003"",""T1570"",""T1574"",""T1027""]","[""T1113"",""T1059.003"",""T1057"",""T1003.002"",""T1570"",""T1574.001"",""T1027""]",T1546,T1546.011,fin7,fin7,fin7,unknown,high
fin7::unknown::8,ctid,fin7::unknown,8,"[""T1113"",""T1059"",""T1057"",""T1003"",""T1570"",""T1574"",""T1027"",""T1546""]","[""T1113"",""T1059.003"",""T1057"",""T1003.002"",""T1570"",""T1574.001"",""T1027"",""T1546.011""]",T1057,T1057,fin7,fin7,fin7,unknown,high
fin7::unknown::9,ctid,fin7::unknown,9,"[""T1113"",""T1059"",""T1057"",""T1003"",""T1570"",""T1574"",""T1027"",""T1546"",""T1057""]","[""T1113"",""T1059.003"",""T1057"",""T1003.002"",""T1570"",""T1574.001"",""T1027"",""T1546.011"",""T1057""]",T1560,T1560.001,fin7,fin7,fin7,unknown,high
menu_pass::unknown::1,ctid,menu_pass::unknown,1,"[""T1105""]","[""T1105""]",T1135,T1135,menu_pass,menu_pass,menu_pass,unknown,high
menu_pass::unknown::10,ctid,menu_pass::unknown,10,"[""T1105"",""T1135"",""T1018"",""T1046"",""T1016"",""T1003"",""T1569"",""T1560"",""T1074"",""T1537""]","[""T1105"",""T1135"",""T1018"",""T1046"",""T1016"",""T1003.001"",""T1569.002"",""T1560.001"",""T1074.001"",""T1537""]",T1047,T1047,menu_pass,menu_pass,menu_pass,unknown,high
menu_pass::unknown::11,ctid,menu_pass::unknown,11,"[""T1105"",""T1135"",""T1018"",""T1046"",""T1016"",""T1003"",""T1569"",""T1560"",""T1074"",""T1537"",""T1047""]","[""T1105"",""T1135"",""T1018"",""T1046"",""T1016"",""T1003.001"",""T1569.002"",""T1560.001"",""T1074.001"",""T1537"",""T1047""]",T1553,T1553.005,menu_pass,menu_pass,menu_pass,unknown,high
menu_pass::unknown::2,ctid,menu_pass::unknown,2,"[""T1105"",""T1135""]","[""T1105"",""T1135""]",T1018,T1018,menu_pass,menu_pass,menu_pass,unknown,high
menu_pass::unknown::3,ctid,menu_pass::unknown,3,"[""T1105"",""T1135"",""T1018""]","[""T1105"",""T1135"",""T1018""]",T1046,T1046,menu_pass,menu_pass,menu_pass,unknown,high
menu_pass::unknown::4,ctid,menu_pass::unknown,4,"[""T1105"",""T1135"",""T1018"",""T1046""]","[""T1105"",""T1135"",""T1018"",""T1046""]",T1016,T1016,menu_pass,menu_pass,menu_pass,unknown,high
menu_pass::unknown::5,ctid,menu_pass::unknown,5,"[""T1105"",""T1135"",""T1018"",""T1046"",""T1016""]","[""T1105"",""T1135"",""T1018"",""T1046"",""T1016""]",T1003,T1003.001,menu_pass,menu_pass,menu_pass,unknown,high
menu_pass::unknown::6,ctid,menu_pass::unknown,6,"[""T1105"",""T1135"",""T1018"",""T1046"",""T1016"",""T1003""]","[""T1105"",""T1135"",""T1018"",""T1046"",""T1016"",""T1003.001""]",T1569,T1569.002,menu_pass,menu_pass,menu_pass,unknown,high
menu_pass::unknown::7,ctid,menu_pass::unknown,7,"[""T1105"",""T1135"",""T1018"",""T1046"",""T1016"",""T1003"",""T1569""]","[""T1105"",""T1135"",""T1018"",""T1046"",""T1016"",""T1003.001"",""T1569.002""]",T1560,T1560.001,menu_pass,menu_pass,menu_pass,unknown,high
menu_pass::unknown::8,ctid,menu_pass::unknown,8,"[""T1105"",""T1135"",""T1018"",""T1046"",""T1016"",""T1003"",""T1569"",""T1560""]","[""T1105"",""T1135"",""T1018"",""T1046"",""T1016"",""T1003.001"",""T1569.002"",""T1560.001""]",T1074,T1074.001,menu_pass,menu_pass,menu_pass,unknown,high
menu_pass::unknown::9,ctid,menu_pass::unknown,9,"[""T1105"",""T1135"",""T1018"",""T1046"",""T1016"",""T1003"",""T1569"",""T1560"",""T1074""]","[""T1105"",""T1135"",""T1018"",""T1046"",""T1016"",""T1003.001"",""T1569.002"",""T1560.001"",""T1074.001""]",T1537,T1537,menu_pass,menu_pass,menu_pass,unknown,high
oilrig::unknown::1,ctid,oilrig::unknown,1,"[""T1082""]","[""T1082""]",T1033,T1033,oilrig,oilrig,oilrig,unknown,high
oilrig::unknown::10,ctid,oilrig::unknown,10,"[""T1082"",""T1033"",""T1082"",""T1016"",""T1087"",""T1069"",""T1021"",""T1087"",""T1069"",""T1049""]","[""T1082"",""T1033"",""T1082"",""T1016"",""T1087.002"",""T1069.002"",""T1021"",""T1087.001"",""T1069.001"",""T1049""]",T1057,T1057,oilrig,oilrig,oilrig,unknown,high
oilrig::unknown::11,ctid,oilrig::unknown,11,"[""T1082"",""T1033"",""T1082"",""T1016"",""T1087"",""T1069"",""T1021"",""T1087"",""T1069"",""T1049"",""T1057""]","[""T1082"",""T1033"",""T1082"",""T1016"",""T1087.002"",""T1069.002"",""T1021"",""T1087.001"",""T1069.001"",""T1049"",""T1057""]",T1007,T1007,oilrig,oilrig,oilrig,unknown,high
oilrig::unknown::12,ctid,oilrig::unknown,12,"[""T1082"",""T1033"",""T1082"",""T1016"",""T1087"",""T1069"",""T1021"",""T1087"",""T1069"",""T1049"",""T1057"",""T1007""]","[""T1082"",""T1033"",""T1082"",""T1016"",""T1087.002"",""T1069.002"",""T1021"",""T1087.001"",""T1069.001"",""T1049"",""T1057"",""T1007""]",T1082,T1082,oilrig,oilrig,oilrig,unknown,high
oilrig::unknown::13,ctid,oilrig::unknown,13,"[""T1082"",""T1033"",""T1082"",""T1016"",""T1087"",""T1069"",""T1021"",""T1087"",""T1069"",""T1049"",""T1057"",""T1007"",""T1082""]","[""T1082"",""T1033"",""T1082"",""T1016"",""T1087.002"",""T1069.002"",""T1021"",""T1087.001"",""T1069.001"",""T1049"",""T1057"",""T1007"",""T1082""]",T1012,T1012,oilrig,oilrig,oilrig,unknown,high
oilrig::unknown::14,ctid,oilrig::unknown,14,"[""T1082"",""T1033"",""T1082"",""T1016"",""T1087"",""T1069"",""T1021"",""T1087"",""T1069"",""T1049"",""T1057"",""T1007"",""T1082"",""T1012""]","[""T1082"",""T1033"",""T1082"",""T1016"",""T1087.002"",""T1069.002"",""T1021"",""T1087.001"",""T1069.001"",""T1049"",""T1057"",""T1007"",""T1082"",""T1012""]",T1087,T1087.002,oilrig,oilrig,oilrig,unknown,high
oilrig::unknown::15,ctid,oilrig::unknown,15,"[""T1082"",""T1033"",""T1082"",""T1016"",""T1087"",""T1069"",""T1021"",""T1087"",""T1069"",""T1049"",""T1057"",""T1007"",""T1082"",""T1012"",""T1087""]","[""T1082"",""T1033"",""T1082"",""T1016"",""T1087.002"",""T1069.002"",""T1021"",""T1087.001"",""T1069.001"",""T1049"",""T1057"",""T1007"",""T1082"",""T1012"",""T1087.002""]",T1069,T1069.002,oilrig,oilrig,oilrig,unknown,high
oilrig::unknown::16,ctid,oilrig::unknown,16,"[""T1082"",""T1033"",""T1082"",""T1016"",""T1087"",""T1069"",""T1021"",""T1087"",""T1069"",""T1049"",""T1057"",""T1007"",""T1082"",""T1012"",""T1087"",""T1069""]","[""T1082"",""T1033"",""T1082"",""T1016"",""T1087.002"",""T1069.002"",""T1021"",""T1087.001"",""T1069.001"",""T1049"",""T1057"",""T1007"",""T1082"",""T1012"",""T1087.002"",""T1069.002""]",T1018,T1018,oilrig,oilrig,oilrig,unknown,high
oilrig::unknown::17,ctid,oilrig::unknown,17,"[""T1082"",""T1033"",""T1082"",""T1016"",""T1087"",""T1069"",""T1021"",""T1087"",""T1069"",""T1049"",""T1057"",""T1007"",""T1082"",""T1012"",""T1087"",""T1069"",""T1018""]","[""T1082"",""T1033"",""T1082"",""T1016"",""T1087.002"",""T1069.002"",""T1021"",""T1087.001"",""T1069.001"",""T1049"",""T1057"",""T1007"",""T1082"",""T1012"",""T1087.002"",""T1069.002"",""T1018""]",T1555,T1555.004,oilrig,oilrig,oilrig,unknown,high
oilrig::unknown::18,ctid,oilrig::unknown,18,"[""T1082"",""T1033"",""T1082"",""T1016"",""T1087"",""T1069"",""T1021"",""T1087"",""T1069"",""T1049"",""T1057"",""T1007"",""T1082"",""T1012"",""T1087"",""T1069"",""T1018"",""T1555""]","[""T1082"",""T1033"",""T1082"",""T1016"",""T1087.002"",""T1069.002"",""T1021"",""T1087.001"",""T1069.001"",""T1049"",""T1057"",""T1007"",""T1082"",""T1012"",""T1087.002"",""T1069.002"",""T1018"",""T1555.004""]",T1041,T1041,oilrig,oilrig,oilrig,unknown,high
oilrig::unknown::19,ctid,oilrig::unknown,19,"[""T1082"",""T1033"",""T1082"",""T1016"",""T1087"",""T1069"",""T1021"",""T1087"",""T1069"",""T1049"",""T1057"",""T1007"",""T1082"",""T1012"",""T1087"",""T1069"",""T1018"",""T1555"",""T1041""]","[""T1082"",""T1033"",""T1082"",""T1016"",""T1087.002"",""T1069.002"",""T1021"",""T1087.001"",""T1069.001"",""T1049"",""T1057"",""T1007"",""T1082"",""T1012"",""T1087.002"",""T1069.002"",""T1018"",""T1555.004"",""T1041""]",T1105,T1105,oilrig,oilrig,oilrig,unknown,high
oilrig::unknown::2,ctid,oilrig::unknown,2,"[""T1082"",""T1033""]","[""T1082"",""T1033""]",T1082,T1082,oilrig,oilrig,oilrig,unknown,high
oilrig::unknown::20,ctid,oilrig::unknown,20,"[""T1082"",""T1033"",""T1082"",""T1016"",""T1087"",""T1069"",""T1021"",""T1087"",""T1069"",""T1049"",""T1057"",""T1007"",""T1082"",""T1012"",""T1087"",""T1069"",""T1018"",""T1555"",""T1041"",""T1105""]","[""T1082"",""T1033"",""T1082"",""T1016"",""T1087.002"",""T1069.002"",""T1021"",""T1087.001"",""T1069.001"",""T1049"",""T1057"",""T1007"",""T1082"",""T1012"",""T1087.002"",""T1069.002"",""T1018"",""T1555.004"",""T1041"",""T1105""]",T1505,T1505.003,oilrig,oilrig,oilrig,unknown,high
oilrig::unknown::21,ctid,oilrig::unknown,21,"[""T1082"",""T1033"",""T1082"",""T1016"",""T1087"",""T1069"",""T1021"",""T1087"",""T1069"",""T1049"",""T1057"",""T1007"",""T1082"",""T1012"",""T1087"",""T1069"",""T1018"",""T1555"",""T1041"",""T1105"",""T1505""]","[""T1082"",""T1033"",""T1082"",""T1016"",""T1087.002"",""T1069.002"",""T1021"",""T1087.001"",""T1069.001"",""T1049"",""T1057"",""T1007"",""T1082"",""T1012"",""T1087.002"",""T1069.002"",""T1018"",""T1555.004"",""T1041"",""T1105"",""T1505.003""]",T1082,T1082,oilrig,oilrig,oilrig,unknown,high
oilrig::unknown::22,ctid,oilrig::unknown,22,"[""T1082"",""T1033"",""T1082"",""T1016"",""T1087"",""T1069"",""T1021"",""T1087"",""T1069"",""T1049"",""T1057"",""T1007"",""T1082"",""T1012"",""T1087"",""T1069"",""T1018"",""T1555"",""T1041"",""T1105"",""T1505"",""T1082""]","[""T1082"",""T1033"",""T1082"",""T1016"",""T1087.002"",""T1069.002"",""T1021"",""T1087.001"",""T1069.001"",""T1049"",""T1057"",""T1007"",""T1082"",""T1012"",""T1087.002"",""T1069.002"",""T1018"",""T1555.004"",""T1041"",""T1105"",""T1505.003"",""T1082""]",T1033,T1033,oilrig,oilrig,oilrig,unknown,high
oilrig::unknown::23,ctid,oilrig::unknown,23,"[""T1082"",""T1033"",""T1082"",""T1016"",""T1087"",""T1069"",""T1021"",""T1087"",""T1069"",""T1049"",""T1057"",""T1007"",""T1082"",""T1012"",""T1087"",""T1069"",""T1018"",""T1555"",""T1041"",""T1105"",""T1505"",""T1082"",""T1033""]","[""T1082"",""T1033"",""T1082"",""T1016"",""T1087.002"",""T1069.002"",""T1021"",""T1087.001"",""T1069.001"",""T1049"",""T1057"",""T1007"",""T1082"",""T1012"",""T1087.002"",""T1069.002"",""T1018"",""T1555.004"",""T1041"",""T1105"",""T1505.003"",""T1082"",""T1033""]",T1016,T1016,oilrig,oilrig,oilrig,unknown,high
oilrig::unknown::24,ctid,oilrig::unknown,24,"[""T1082"",""T1033"",""T1082"",""T1016"",""T1087"",""T1069"",""T1021"",""T1087"",""T1069"",""T1049"",""T1057"",""T1007"",""T1082"",""T1012"",""T1087"",""T1069"",""T1018"",""T1555"",""T1041"",""T1105"",""T1505"",""T1082"",""T1033"",""T1016""]","[""T1082"",""T1033"",""T1082"",""T1016"",""T1087.002"",""T1069.002"",""T1021"",""T1087.001"",""T1069.001"",""T1049"",""T1057"",""T1007"",""T1082"",""T1012"",""T1087.002"",""T1069.002"",""T1018"",""T1555.004"",""T1041"",""T1105"",""T1505.003"",""T1082"",""T1033"",""T1016""]",T1049,T1049,oilrig,oilrig,oilrig,unknown,high
oilrig::unknown::25,ctid,oilrig::unknown,25,"[""T1082"",""T1033"",""T1082"",""T1016"",""T1087"",""T1069"",""T1021"",""T1087"",""T1069"",""T1049"",""T1057"",""T1007"",""T1082"",""T1012"",""T1087"",""T1069"",""T1018"",""T1555"",""T1041"",""T1105"",""T1505"",""T1082"",""T1033"",""T1016"",""T1049""]","[""T1082"",""T1033"",""T1082"",""T1016"",""T1087.002"",""T1069.002"",""T1021"",""T1087.001"",""T1069.001"",""T1049"",""T1057"",""T1007"",""T1082"",""T1012"",""T1087.002"",""T1069.002"",""T1018"",""T1555.004"",""T1041"",""T1105"",""T1505.003"",""T1082"",""T1033"",""T1016"",""T1049""]",T1105,T1105,oilrig,oilrig,oilrig,unknown,high
oilrig::unknown::26,ctid,oilrig::unknown,26,"[""T1082"",""T1033"",""T1082"",""T1016"",""T1087"",""T1069"",""T1021"",""T1087"",""T1069"",""T1049"",""T1057"",""T1007"",""T1082"",""T1012"",""T1087"",""T1069"",""T1018"",""T1555"",""T1041"",""T1105"",""T1505"",""T1082"",""T1033"",""T1016"",""T1049"",""T1105""]","[""T1082"",""T1033"",""T1082"",""T1016"",""T1087.002"",""T1069.002"",""T1021"",""T1087.001"",""T1069.001"",""T1049"",""T1057"",""T1007"",""T1082"",""T1012"",""T1087.002"",""T1069.002"",""T1018"",""T1555.004"",""T1041"",""T1105"",""T1505.003"",""T1082"",""T1033"",""T1016"",""T1049"",""T1105""]",T1003,T1003.001,oilrig,oilrig,oilrig,unknown,high
oilrig::unknown::27,ctid,oilrig::unknown,27,"[""T1082"",""T1033"",""T1082"",""T1016"",""T1087"",""T1069"",""T1021"",""T1087"",""T1069"",""T1049"",""T1057"",""T1007"",""T1082"",""T1012"",""T1087"",""T1069"",""T1018"",""T1555"",""T1041"",""T1105"",""T1505"",""T1082"",""T1033"",""T1016"",""T1049"",""T1105"",""T1003""]","[""T1082"",""T1033"",""T1082"",""T1016"",""T1087.002"",""T1069.002"",""T1021"",""T1087.001"",""T1069.001"",""T1049"",""T1057"",""T1007"",""T1082"",""T1012"",""T1087.002"",""T1069.002"",""T1018"",""T1555.004"",""T1041"",""T1105"",""T1505.003"",""T1082"",""T1033"",""T1016"",""T1049"",""T1105"",""T1003.001""]",T1041,T1041,oilrig,oilrig,oilrig,unknown,high
oilrig::unknown::28,ctid,oilrig::unknown,28,"[""T1082"",""T1033"",""T1082"",""T1016"",""T1087"",""T1069"",""T1021"",""T1087"",""T1069"",""T1049"",""T1057"",""T1007"",""T1082"",""T1012"",""T1087"",""T1069"",""T1018"",""T1555"",""T1041"",""T1105"",""T1505"",""T1082"",""T1033"",""T1016"",""T1049"",""T1105"",""T1003"",""T1041""]","[""T1082"",""T1033"",""T1082"",""T1016"",""T1087.002"",""T1069.002"",""T1021"",""T1087.001"",""T1069.001"",""T1049"",""T1057"",""T1007"",""T1082"",""T1012"",""T1087.002"",""T1069.002"",""T1018"",""T1555.004"",""T1041"",""T1105"",""T1505.003"",""T1082"",""T1033"",""T1016"",""T1049"",""T1105"",""T1003.001"",""T1041""]",T1070,T1070.004,oilrig,oilrig,oilrig,unknown,high
oilrig::unknown::29,ctid,oilrig::unknown,29,"[""T1082"",""T1033"",""T1082"",""T1016"",""T1087"",""T1069"",""T1021"",""T1087"",""T1069"",""T1049"",""T1057"",""T1007"",""T1082"",""T1012"",""T1087"",""T1069"",""T1018"",""T1555"",""T1041"",""T1105"",""T1505"",""T1082"",""T1033"",""T1016"",""T1049"",""T1105"",""T1003"",""T1041"",""T1070""]","[""T1082"",""T1033"",""T1082"",""T1016"",""T1087.002"",""T1069.002"",""T1021"",""T1087.001"",""T1069.001"",""T1049"",""T1057"",""T1007"",""T1082"",""T1012"",""T1087.002"",""T1069.002"",""T1018"",""T1555.004"",""T1041"",""T1105"",""T1505.003"",""T1082"",""T1033"",""T1016"",""T1049"",""T1105"",""T1003.001"",""T1041"",""T1070.004""]",T1105,T1105,oilrig,oilrig,oilrig,unknown,high
oilrig::unknown::3,ctid,oilrig::unknown,3,"[""T1082"",""T1033"",""T1082""]","[""T1082"",""T1033"",""T1082""]",T1016,T1016,oilrig,oilrig,oilrig,unknown,high
oilrig::unknown::30,ctid,oilrig::unknown,30,"[""T1082"",""T1033"",""T1082"",""T1016"",""T1087"",""T1069"",""T1021"",""T1087"",""T1069"",""T1049"",""T1057"",""T1007"",""T1082"",""T1012"",""T1087"",""T1069"",""T1018"",""T1555"",""T1041"",""T1105"",""T1505"",""T1082"",""T1033"",""T1016"",""T1049"",""T1105"",""T1003"",""T1041"",""T1070"",""T1105""]","[""T1082"",""T1033"",""T1082"",""T1016"",""T1087.002"",""T1069.002"",""T1021"",""T1087.001"",""T1069.001"",""T1049"",""T1057"",""T1007"",""T1082"",""T1012"",""T1087.002"",""T1069.002"",""T1018"",""T1555.004"",""T1041"",""T1105"",""T1505.003"",""T1082"",""T1033"",""T1016"",""T1049"",""T1105"",""T1003.001"",""T1041"",""T1070.004"",""T1105""]",T1572,T1572,oilrig,oilrig,oilrig,unknown,high
oilrig::unknown::31,ctid,oilrig::unknown,31,"[""T1082"",""T1033"",""T1082"",""T1016"",""T1087"",""T1069"",""T1021"",""T1087"",""T1069"",""T1049"",""T1057"",""T1007"",""T1082"",""T1012"",""T1087"",""T1069"",""T1018"",""T1555"",""T1041"",""T1105"",""T1505"",""T1082"",""T1033"",""T1016"",""T1049"",""T1105"",""T1003"",""T1041"",""T1070"",""T1105"",""T1572""]","[""T1082"",""T1033"",""T1082"",""T1016"",""T1087.002"",""T1069.002"",""T1021"",""T1087.001"",""T1069.001"",""T1049"",""T1057"",""T1007"",""T1082"",""T1012"",""T1087.002"",""T1069.002"",""T1018"",""T1555.004"",""T1041"",""T1105"",""T1505.003"",""T1082"",""T1033"",""T1016"",""T1049"",""T1105"",""T1003.001"",""T1041"",""T1070.004"",""T1105"",""T1572""]",T1021,T1021.001,oilrig,oilrig,oilrig,unknown,high
oilrig::unknown::32,ctid,oilrig::unknown,32,"[""T1082"",""T1033"",""T1082"",""T1016"",""T1087"",""T1069"",""T1021"",""T1087"",""T1069"",""T1049"",""T1057"",""T1007"",""T1082"",""T1012"",""T1087"",""T1069"",""T1018"",""T1555"",""T1041"",""T1105"",""T1505"",""T1082"",""T1033"",""T1016"",""T1049"",""T1105"",""T1003"",""T1041"",""T1070"",""T1105"",""T1572"",""T1021""]","[""T1082"",""T1033"",""T1082"",""T1016"",""T1087.002"",""T1069.002"",""T1021"",""T1087.001"",""T1069.001"",""T1049"",""T1057"",""T1007"",""T1082"",""T1012"",""T1087.002"",""T1069.002"",""T1018"",""T1555.004"",""T1041"",""T1105"",""T1505.003"",""T1082"",""T1033"",""T1016"",""T1049"",""T1105"",""T1003.001"",""T1041"",""T1070.004"",""T1105"",""T1572"",""T1021.001""]",T1105,T1105,oilrig,oilrig,oilrig,unknown,high
oilrig::unknown::33,ctid,oilrig::unknown,33,"[""T1082"",""T1033"",""T1082"",""T1016"",""T1087"",""T1069"",""T1021"",""T1087"",""T1069"",""T1049"",""T1057"",""T1007"",""T1082"",""T1012"",""T1087"",""T1069"",""T1018"",""T1555"",""T1041"",""T1105"",""T1505"",""T1082"",""T1033"",""T1016"",""T1049"",""T1105"",""T1003"",""T1041"",""T1070"",""T1105"",""T1572"",""T1021"",""T1105""]","[""T1082"",""T1033"",""T1082"",""T1016"",""T1087.002"",""T1069.002"",""T1021"",""T1087.001"",""T1069.001"",""T1049"",""T1057"",""T1007"",""T1082"",""T1012"",""T1087.002"",""T1069.002"",""T1018"",""T1555.004"",""T1041"",""T1105"",""T1505.003"",""T1082"",""T1033"",""T1016"",""T1049"",""T1105"",""T1003.001"",""T1041"",""T1070.004"",""T1105"",""T1572"",""T1021.001"",""T1105""]",T1569,T1569.002,oilrig,oilrig,oilrig,unknown,high
oilrig::unknown::34,ctid,oilrig::unknown,34,"[""T1082"",""T1033"",""T1082"",""T1016"",""T1087"",""T1069"",""T1021"",""T1087"",""T1069"",""T1049"",""T1057"",""T1007"",""T1082"",""T1012"",""T1087"",""T1069"",""T1018"",""T1555"",""T1041"",""T1105"",""T1505"",""T1082"",""T1033"",""T1016"",""T1049"",""T1105"",""T1003"",""T1041"",""T1070"",""T1105"",""T1572"",""T1021"",""T1105"",""T1569""]","[""T1082"",""T1033"",""T1082"",""T1016"",""T1087.002"",""T1069.002"",""T1021"",""T1087.001"",""T1069.001"",""T1049"",""T1057"",""T1007"",""T1082"",""T1012"",""T1087.002"",""T1069.002"",""T1018"",""T1555.004"",""T1041"",""T1105"",""T1505.003"",""T1082"",""T1033"",""T1016"",""T1049"",""T1105"",""T1003.001"",""T1041"",""T1070.004"",""T1105"",""T1572"",""T1021.001"",""T1105"",""T1569.002""]",T1083,T1083,oilrig,oilrig,oilrig,unknown,high
oilrig::unknown::35,ctid,oilrig::unknown,35,"[""T1082"",""T1033"",""T1082"",""T1016"",""T1087"",""T1069"",""T1021"",""T1087"",""T1069"",""T1049"",""T1057"",""T1007"",""T1082"",""T1012"",""T1087"",""T1069"",""T1018"",""T1555"",""T1041"",""T1105"",""T1505"",""T1082"",""T1033"",""T1016"",""T1049"",""T1105"",""T1003"",""T1041"",""T1070"",""T1105"",""T1572"",""T1021"",""T1105"",""T1569"",""T1083""]","[""T1082"",""T1033"",""T1082"",""T1016"",""T1087.002"",""T1069.002"",""T1021"",""T1087.001"",""T1069.001"",""T1049"",""T1057"",""T1007"",""T1082"",""T1012"",""T1087.002"",""T1069.002"",""T1018"",""T1555.004"",""T1041"",""T1105"",""T1505.003"",""T1082"",""T1033"",""T1016"",""T1049"",""T1105"",""T1003.001"",""T1041"",""T1070.004"",""T1105"",""T1572"",""T1021.001"",""T1105"",""T1569.002"",""T1083""]",T1048,T1048.003,oilrig,oilrig,oilrig,unknown,high
oilrig::unknown::36,ctid,oilrig::unknown,36,"[""T1082"",""T1033"",""T1082"",""T1016"",""T1087"",""T1069"",""T1021"",""T1087"",""T1069"",""T1049"",""T1057"",""T1007"",""T1082"",""T1012"",""T1087"",""T1069"",""T1018"",""T1555"",""T1041"",""T1105"",""T1505"",""T1082"",""T1033"",""T1016"",""T1049"",""T1105"",""T1003"",""T1041"",""T1070"",""T1105"",""T1572"",""T1021"",""T1105"",""T1569"",""T1083"",""T1048""]","[""T1082"",""T1033"",""T1082"",""T1016"",""T1087.002"",""T1069.002"",""T1021"",""T1087.001"",""T1069.001"",""T1049"",""T1057"",""T1007"",""T1082"",""T1012"",""T1087.002"",""T1069.002"",""T1018"",""T1555.004"",""T1041"",""T1105"",""T1505.003"",""T1082"",""T1033"",""T1016"",""T1049"",""T1105"",""T1003.001"",""T1041"",""T1070.004"",""T1105"",""T1572"",""T1021.001"",""T1105"",""T1569.002"",""T1083"",""T1048.003""]",T1070,T1070.004,oilrig,oilrig,oilrig,unknown,high
oilrig::unknown::4,ctid,oilrig::unknown,4,"[""T1082"",""T1033"",""T1082"",""T1016""]","[""T1082"",""T1033"",""T1082"",""T1016""]",T1087,T1087.002,oilrig,oilrig,oilrig,unknown,high
oilrig::unknown::5,ctid,oilrig::unknown,5,"[""T1082"",""T1033"",""T1082"",""T1016"",""T1087""]","[""T1082"",""T1033"",""T1082"",""T1016"",""T1087.002""]",T1069,T1069.002,oilrig,oilrig,oilrig,unknown,high
oilrig::unknown::6,ctid,oilrig::unknown,6,"[""T1082"",""T1033"",""T1082"",""T1016"",""T1087"",""T1069""]","[""T1082"",""T1033"",""T1082"",""T1016"",""T1087.002"",""T1069.002""]",T1021,T1021,oilrig,oilrig,oilrig,unknown,high
oilrig::unknown::7,ctid,oilrig::unknown,7,"[""T1082"",""T1033"",""T1082"",""T1016"",""T1087"",""T1069"",""T1021""]","[""T1082"",""T1033"",""T1082"",""T1016"",""T1087.002"",""T1069.002"",""T1021""]",T1087,T1087.001,oilrig,oilrig,oilrig,unknown,high
oilrig::unknown::8,ctid,oilrig::unknown,8,"[""T1082"",""T1033"",""T1082"",""T1016"",""T1087"",""T1069"",""T1021"",""T1087""]","[""T1082"",""T1033"",""T1082"",""T1016"",""T1087.002"",""T1069.002"",""T1021"",""T1087.001""]",T1069,T1069.001,oilrig,oilrig,oilrig,unknown,high
oilrig::unknown::9,ctid,oilrig::unknown,9,"[""T1082"",""T1033"",""T1082"",""T1016"",""T1087"",""T1069"",""T1021"",""T1087"",""T1069""]","[""T1082"",""T1033"",""T1082"",""T1016"",""T1087.002"",""T1069.002"",""T1021"",""T1087.001"",""T1069.001""]",T1049,T1049,oilrig,oilrig,oilrig,unknown,high
sandworm::unknown::1,ctid,sandworm::unknown,1,"[""T1105""]","[""T1105""]",T1505,T1505.003,sandworm,sandworm,sandworm,unknown,high
sandworm::unknown::10,ctid,sandworm::unknown,10,"[""T1105"",""T1505"",""T1033"",""T1082"",""T1083"",""T1003"",""T1105"",""T1548"",""T1053"",""T1543""]","[""T1105"",""T1505.003"",""T1033"",""T1082"",""T1083"",""T1003.008"",""T1105"",""T1548.001"",""T1053.003"",""T1543.002""]",T1003,T1003.008,sandworm,sandworm,sandworm,unknown,high
sandworm::unknown::11,ctid,sandworm::unknown,11,"[""T1105"",""T1505"",""T1033"",""T1082"",""T1083"",""T1003"",""T1105"",""T1548"",""T1053"",""T1543"",""T1003""]","[""T1105"",""T1505.003"",""T1033"",""T1082"",""T1083"",""T1003.008"",""T1105"",""T1548.001"",""T1053.003"",""T1543.002"",""T1003.008""]",T1552,T1552.003,sandworm,sandworm,sandworm,unknown,high
sandworm::unknown::12,ctid,sandworm::unknown,12,"[""T1105"",""T1505"",""T1033"",""T1082"",""T1083"",""T1003"",""T1105"",""T1548"",""T1053"",""T1543"",""T1003"",""T1552""]","[""T1105"",""T1505.003"",""T1033"",""T1082"",""T1083"",""T1003.008"",""T1105"",""T1548.001"",""T1053.003"",""T1543.002"",""T1003.008"",""T1552.003""]",T1021,T1021.002,sandworm,sandworm,sandworm,unknown,high
sandworm::unknown::13,ctid,sandworm::unknown,13,"[""T1105"",""T1505"",""T1033"",""T1082"",""T1083"",""T1003"",""T1105"",""T1548"",""T1053"",""T1543"",""T1003"",""T1552"",""T1021""]","[""T1105"",""T1505.003"",""T1033"",""T1082"",""T1083"",""T1003.008"",""T1105"",""T1548.001"",""T1053.003"",""T1543.002"",""T1003.008"",""T1552.003"",""T1021.002""]",T1569,T1569.002,sandworm,sandworm,sandworm,unknown,high
sandworm::unknown::14,ctid,sandworm::unknown,14,"[""T1105"",""T1505"",""T1033"",""T1082"",""T1083"",""T1003"",""T1105"",""T1548"",""T1053"",""T1543"",""T1003"",""T1552"",""T1021"",""T1569""]","[""T1105"",""T1505.003"",""T1033"",""T1082"",""T1083"",""T1003.008"",""T1105"",""T1548.001"",""T1053.003"",""T1543.002"",""T1003.008"",""T1552.003"",""T1021.002"",""T1569.002""]",T1547,T1547.001,sandworm,sandworm,sandworm,unknown,high
sandworm::unknown::15,ctid,sandworm::unknown,15,"[""T1105"",""T1505"",""T1033"",""T1082"",""T1083"",""T1003"",""T1105"",""T1548"",""T1053"",""T1543"",""T1003"",""T1552"",""T1021"",""T1569"",""T1547""]","[""T1105"",""T1505.003"",""T1033"",""T1082"",""T1083"",""T1003.008"",""T1105"",""T1548.001"",""T1053.003"",""T1543.002"",""T1003.008"",""T1552.003"",""T1021.002"",""T1569.002"",""T1547.001""]",T1033,T1033,sandworm,sandworm,sandworm,unknown,high
sandworm::unknown::16,ctid,sandworm::unknown,16,"[""T1105"",""T1505"",""T1033"",""T1082"",""T1083"",""T1003"",""T1105"",""T1548"",""T1053"",""T1543"",""T1003"",""T1552"",""T1021"",""T1569"",""T1547"",""T1033""]","[""T1105"",""T1505.003"",""T1033"",""T1082"",""T1083"",""T1003.008"",""T1105"",""T1548.001"",""T1053.003"",""T1543.002"",""T1003.008"",""T1552.003"",""T1021.002"",""T1569.002"",""T1547.001"",""T1033""]",T1082,T1082,sandworm,sandworm,sandworm,unknown,high
sandworm::unknown::17,ctid,sandworm::unknown,17,"[""T1105"",""T1505"",""T1033"",""T1082"",""T1083"",""T1003"",""T1105"",""T1548"",""T1053"",""T1543"",""T1003"",""T1552"",""T1021"",""T1569"",""T1547"",""T1033"",""T1082""]","[""T1105"",""T1505.003"",""T1033"",""T1082"",""T1083"",""T1003.008"",""T1105"",""T1548.001"",""T1053.003"",""T1543.002"",""T1003.008"",""T1552.003"",""T1021.002"",""T1569.002"",""T1547.001"",""T1033"",""T1082""]",T1083,T1083,sandworm,sandworm,sandworm,unknown,high
sandworm::unknown::18,ctid,sandworm::unknown,18,"[""T1105"",""T1505"",""T1033"",""T1082"",""T1083"",""T1003"",""T1105"",""T1548"",""T1053"",""T1543"",""T1003"",""T1552"",""T1021"",""T1569"",""T1547"",""T1033"",""T1082"",""T1083""]","[""T1105"",""T1505.003"",""T1033"",""T1082"",""T1083"",""T1003.008"",""T1105"",""T1548.001"",""T1053.003"",""T1543.002"",""T1003.008"",""T1552.003"",""T1021.002"",""T1569.002"",""T1547.001"",""T1033"",""T1082"",""T1083""]",T1049,T1049,sandworm,sandworm,sandworm,unknown,high
sandworm::unknown::19,ctid,sandworm::unknown,19,"[""T1105"",""T1505"",""T1033"",""T1082"",""T1083"",""T1003"",""T1105"",""T1548"",""T1053"",""T1543"",""T1003"",""T1552"",""T1021"",""T1569"",""T1547"",""T1033"",""T1082"",""T1083"",""T1049""]","[""T1105"",""T1505.003"",""T1033"",""T1082"",""T1083"",""T1003.008"",""T1105"",""T1548.001"",""T1053.003"",""T1543.002"",""T1003.008"",""T1552.003"",""T1021.002"",""T1569.002"",""T1547.001"",""T1033"",""T1082"",""T1083"",""T1049""]",T1105,T1105,sandworm,sandworm,sandworm,unknown,high
sandworm::unknown::2,ctid,sandworm::unknown,2,"[""T1105"",""T1505""]","[""T1105"",""T1505.003""]",T1033,T1033,sandworm,sandworm,sandworm,unknown,high
sandworm::unknown::20,ctid,sandworm::unknown,20,"[""T1105"",""T1505"",""T1033"",""T1082"",""T1083"",""T1003"",""T1105"",""T1548"",""T1053"",""T1543"",""T1003"",""T1552"",""T1021"",""T1569"",""T1547"",""T1033"",""T1082"",""T1083"",""T1049"",""T1105""]","[""T1105"",""T1505.003"",""T1033"",""T1082"",""T1083"",""T1003.008"",""T1105"",""T1548.001"",""T1053.003"",""T1543.002"",""T1003.008"",""T1552.003"",""T1021.002"",""T1569.002"",""T1547.001"",""T1033"",""T1082"",""T1083"",""T1049"",""T1105""]",T1555,T1555.003,sandworm,sandworm,sandworm,unknown,high
sandworm::unknown::21,ctid,sandworm::unknown,21,"[""T1105"",""T1505"",""T1033"",""T1082"",""T1083"",""T1003"",""T1105"",""T1548"",""T1053"",""T1543"",""T1003"",""T1552"",""T1021"",""T1569"",""T1547"",""T1033"",""T1082"",""T1083"",""T1049"",""T1105"",""T1555""]","[""T1105"",""T1505.003"",""T1033"",""T1082"",""T1083"",""T1003.008"",""T1105"",""T1548.001"",""T1053.003"",""T1543.002"",""T1003.008"",""T1552.003"",""T1021.002"",""T1569.002"",""T1547.001"",""T1033"",""T1082"",""T1083"",""T1049"",""T1105"",""T1555.003""]",T1105,T1105,sandworm,sandworm,sandworm,unknown,high
sandworm::unknown::22,ctid,sandworm::unknown,22,"[""T1105"",""T1505"",""T1033"",""T1082"",""T1083"",""T1003"",""T1105"",""T1548"",""T1053"",""T1543"",""T1003"",""T1552"",""T1021"",""T1569"",""T1547"",""T1033"",""T1082"",""T1083"",""T1049"",""T1105"",""T1555"",""T1105""]","[""T1105"",""T1505.003"",""T1033"",""T1082"",""T1083"",""T1003.008"",""T1105"",""T1548.001"",""T1053.003"",""T1543.002"",""T1003.008"",""T1552.003"",""T1021.002"",""T1569.002"",""T1547.001"",""T1033"",""T1082"",""T1083"",""T1049"",""T1105"",""T1555.003"",""T1105""]",T1056,T1056.001,sandworm,sandworm,sandworm,unknown,high
sandworm::unknown::23,ctid,sandworm::unknown,23,"[""T1105"",""T1505"",""T1033"",""T1082"",""T1083"",""T1003"",""T1105"",""T1548"",""T1053"",""T1543"",""T1003"",""T1552"",""T1021"",""T1569"",""T1547"",""T1033"",""T1082"",""T1083"",""T1049"",""T1105"",""T1555"",""T1105"",""T1056""]","[""T1105"",""T1505.003"",""T1033"",""T1082"",""T1083"",""T1003.008"",""T1105"",""T1548.001"",""T1053.003"",""T1543.002"",""T1003.008"",""T1552.003"",""T1021.002"",""T1569.002"",""T1547.001"",""T1033"",""T1082"",""T1083"",""T1049"",""T1105"",""T1555.003"",""T1105"",""T1056.001""]",T1041,T1041,sandworm,sandworm,sandworm,unknown,high
sandworm::unknown::24,ctid,sandworm::unknown,24,"[""T1105"",""T1505"",""T1033"",""T1082"",""T1083"",""T1003"",""T1105"",""T1548"",""T1053"",""T1543"",""T1003"",""T1552"",""T1021"",""T1569"",""T1547"",""T1033"",""T1082"",""T1083"",""T1049"",""T1105"",""T1555"",""T1105"",""T1056"",""T1041""]","[""T1105"",""T1505.003"",""T1033"",""T1082"",""T1083"",""T1003.008"",""T1105"",""T1548.001"",""T1053.003"",""T1543.002"",""T1003.008"",""T1552.003"",""T1021.002"",""T1569.002"",""T1547.001"",""T1033"",""T1082"",""T1083"",""T1049"",""T1105"",""T1555.003"",""T1105"",""T1056.001"",""T1041""]",T1056,T1056.001,sandworm,sandworm,sandworm,unknown,high
sandworm::unknown::25,ctid,sandworm::unknown,25,"[""T1105"",""T1505"",""T1033"",""T1082"",""T1083"",""T1003"",""T1105"",""T1548"",""T1053"",""T1543"",""T1003"",""T1552"",""T1021"",""T1569"",""T1547"",""T1033"",""T1082"",""T1083"",""T1049"",""T1105"",""T1555"",""T1105"",""T1056"",""T1041"",""T1056""]","[""T1105"",""T1505.003"",""T1033"",""T1082"",""T1083"",""T1003.008"",""T1105"",""T1548.001"",""T1053.003"",""T1543.002"",""T1003.008"",""T1552.003"",""T1021.002"",""T1569.002"",""T1547.001"",""T1033"",""T1082"",""T1083"",""T1049"",""T1105"",""T1555.003"",""T1105"",""T1056.001"",""T1041"",""T1056.001""]",T1018,T1018,sandworm,sandworm,sandworm,unknown,high
sandworm::unknown::26,ctid,sandworm::unknown,26,"[""T1105"",""T1505"",""T1033"",""T1082"",""T1083"",""T1003"",""T1105"",""T1548"",""T1053"",""T1543"",""T1003"",""T1552"",""T1021"",""T1569"",""T1547"",""T1033"",""T1082"",""T1083"",""T1049"",""T1105"",""T1555"",""T1105"",""T1056"",""T1041"",""T1056"",""T1018""]","[""T1105"",""T1505.003"",""T1033"",""T1082"",""T1083"",""T1003.008"",""T1105"",""T1548.001"",""T1053.003"",""T1543.002"",""T1003.008"",""T1552.003"",""T1021.002"",""T1569.002"",""T1547.001"",""T1033"",""T1082"",""T1083"",""T1049"",""T1105"",""T1555.003"",""T1105"",""T1056.001"",""T1041"",""T1056.001"",""T1018""]",T1070,T1070.004,sandworm,sandworm,sandworm,unknown,high
sandworm::unknown::27,ctid,sandworm::unknown,27,"[""T1105"",""T1505"",""T1033"",""T1082"",""T1083"",""T1003"",""T1105"",""T1548"",""T1053"",""T1543"",""T1003"",""T1552"",""T1021"",""T1569"",""T1547"",""T1033"",""T1082"",""T1083"",""T1049"",""T1105"",""T1555"",""T1105"",""T1056"",""T1041"",""T1056"",""T1018"",""T1070""]","[""T1105"",""T1505.003"",""T1033"",""T1082"",""T1083"",""T1003.008"",""T1105"",""T1548.001"",""T1053.003"",""T1543.002"",""T1003.008"",""T1552.003"",""T1021.002"",""T1569.002"",""T1547.001"",""T1033"",""T1082"",""T1083"",""T1049"",""T1105"",""T1555.003"",""T1105"",""T1056.001"",""T1041"",""T1056.001"",""T1018"",""T1070.004""]",T1021,T1021.001,sandworm,sandworm,sandworm,unknown,high
sandworm::unknown::28,ctid,sandworm::unknown,28,"[""T1105"",""T1505"",""T1033"",""T1082"",""T1083"",""T1003"",""T1105"",""T1548"",""T1053"",""T1543"",""T1003"",""T1552"",""T1021"",""T1569"",""T1547"",""T1033"",""T1082"",""T1083"",""T1049"",""T1105"",""T1555"",""T1105"",""T1056"",""T1041"",""T1056"",""T1018"",""T1070"",""T1021""]","[""T1105"",""T1505.003"",""T1033"",""T1082"",""T1083"",""T1003.008"",""T1105"",""T1548.001"",""T1053.003"",""T1543.002"",""T1003.008"",""T1552.003"",""T1021.002"",""T1569.002"",""T1547.001"",""T1033"",""T1082"",""T1083"",""T1049"",""T1105"",""T1555.003"",""T1105"",""T1056.001"",""T1041"",""T1056.001"",""T1018"",""T1070.004"",""T1021.001""]",T1105,T1105,sandworm,sandworm,sandworm,unknown,high
sandworm::unknown::29,ctid,sandworm::unknown,29,"[""T1105"",""T1505"",""T1033"",""T1082"",""T1083"",""T1003"",""T1105"",""T1548"",""T1053"",""T1543"",""T1003"",""T1552"",""T1021"",""T1569"",""T1547"",""T1033"",""T1082"",""T1083"",""T1049"",""T1105"",""T1555"",""T1105"",""T1056"",""T1041"",""T1056"",""T1018"",""T1070"",""T1021"",""T1105""]","[""T1105"",""T1505.003"",""T1033"",""T1082"",""T1083"",""T1003.008"",""T1105"",""T1548.001"",""T1053.003"",""T1543.002"",""T1003.008"",""T1552.003"",""T1021.002"",""T1569.002"",""T1547.001"",""T1033"",""T1082"",""T1083"",""T1049"",""T1105"",""T1555.003"",""T1105"",""T1056.001"",""T1041"",""T1056.001"",""T1018"",""T1070.004"",""T1021.001"",""T1105""]",T1021,T1021.001,sandworm,sandworm,sandworm,unknown,high
sandworm::unknown::3,ctid,sandworm::unknown,3,"[""T1105"",""T1505"",""T1033""]","[""T1105"",""T1505.003"",""T1033""]",T1082,T1082,sandworm,sandworm,sandworm,unknown,high
sandworm::unknown::30,ctid,sandworm::unknown,30,"[""T1105"",""T1505"",""T1033"",""T1082"",""T1083"",""T1003"",""T1105"",""T1548"",""T1053"",""T1543"",""T1003"",""T1552"",""T1021"",""T1569"",""T1547"",""T1033"",""T1082"",""T1083"",""T1049"",""T1105"",""T1555"",""T1105"",""T1056"",""T1041"",""T1056"",""T1018"",""T1070"",""T1021"",""T1105"",""T1021""]","[""T1105"",""T1505.003"",""T1033"",""T1082"",""T1083"",""T1003.008"",""T1105"",""T1548.001"",""T1053.003"",""T1543.002"",""T1003.008"",""T1552.003"",""T1021.002"",""T1569.002"",""T1547.001"",""T1033"",""T1082"",""T1083"",""T1049"",""T1105"",""T1555.003"",""T1105"",""T1056.001"",""T1041"",""T1056.001"",""T1018"",""T1070.004"",""T1021.001"",""T1105"",""T1021.001""]",T1105,T1105,sandworm,sandworm,sandworm,unknown,high
sandworm::unknown::31,ctid,sandworm::unknown,31,"[""T1105"",""T1505"",""T1033"",""T1082"",""T1083"",""T1003"",""T1105"",""T1548"",""T1053"",""T1543"",""T1003"",""T1552"",""T1021"",""T1569"",""T1547"",""T1033"",""T1082"",""T1083"",""T1049"",""T1105"",""T1555"",""T1105"",""T1056"",""T1041"",""T1056"",""T1018"",""T1070"",""T1021"",""T1105"",""T1021"",""T1105""]","[""T1105"",""T1505.003"",""T1033"",""T1082"",""T1083"",""T1003.008"",""T1105"",""T1548.001"",""T1053.003"",""T1543.002"",""T1003.008"",""T1552.003"",""T1021.002"",""T1569.002"",""T1547.001"",""T1033"",""T1082"",""T1083"",""T1049"",""T1105"",""T1555.003"",""T1105"",""T1056.001"",""T1041"",""T1056.001"",""T1018"",""T1070.004"",""T1021.001"",""T1105"",""T1021.001"",""T1105""]",T1486,T1486,sandworm,sandworm,sandworm,unknown,high
sandworm::unknown::32,ctid,sandworm::unknown,32,"[""T1105"",""T1505"",""T1033"",""T1082"",""T1083"",""T1003"",""T1105"",""T1548"",""T1053"",""T1543"",""T1003"",""T1552"",""T1021"",""T1569"",""T1547"",""T1033"",""T1082"",""T1083"",""T1049"",""T1105"",""T1555"",""T1105"",""T1056"",""T1041"",""T1056"",""T1018"",""T1070"",""T1021"",""T1105"",""T1021"",""T1105"",""T1486""]","[""T1105"",""T1505.003"",""T1033"",""T1082"",""T1083"",""T1003.008"",""T1105"",""T1548.001"",""T1053.003"",""T1543.002"",""T1003.008"",""T1552.003"",""T1021.002"",""T1569.002"",""T1547.001"",""T1033"",""T1082"",""T1083"",""T1049"",""T1105"",""T1555.003"",""T1105"",""T1056.001"",""T1041"",""T1056.001"",""T1018"",""T1070.004"",""T1021.001"",""T1105"",""T1021.001"",""T1105"",""T1486""]",T1021,T1021.001,sandworm,sandworm,sandworm,unknown,high
sandworm::unknown::4,ctid,sandworm::unknown,4,"[""T1105"",""T1505"",""T1033"",""T1082""]","[""T1105"",""T1505.003"",""T1033"",""T1082""]",T1083,T1083,sandworm,sandworm,sandworm,unknown,high
sandworm::unknown::5,ctid,sandworm::unknown,5,"[""T1105"",""T1505"",""T1033"",""T1082"",""T1083""]","[""T1105"",""T1505.003"",""T1033"",""T1082"",""T1083""]",T1003,T1003.008,sandworm,sandworm,sandworm,unknown,high
sandworm::unknown::6,ctid,sandworm::unknown,6,"[""T1105"",""T1505"",""T1033"",""T1082"",""T1083"",""T1003""]","[""T1105"",""T1505.003"",""T1033"",""T1082"",""T1083"",""T1003.008""]",T1105,T1105,sandworm,sandworm,sandworm,unknown,high
sandworm::unknown::7,ctid,sandworm::unknown,7,"[""T1105"",""T1505"",""T1033"",""T1082"",""T1083"",""T1003"",""T1105""]","[""T1105"",""T1505.003"",""T1033"",""T1082"",""T1083"",""T1003.008"",""T1105""]",T1548,T1548.001,sandworm,sandworm,sandworm,unknown,high
sandworm::unknown::8,ctid,sandworm::unknown,8,"[""T1105"",""T1505"",""T1033"",""T1082"",""T1083"",""T1003"",""T1105"",""T1548""]","[""T1105"",""T1505.003"",""T1033"",""T1082"",""T1083"",""T1003.008"",""T1105"",""T1548.001""]",T1053,T1053.003,sandworm,sandworm,sandworm,unknown,high
sandworm::unknown::9,ctid,sandworm::unknown,9,"[""T1105"",""T1505"",""T1033"",""T1082"",""T1083"",""T1003"",""T1105"",""T1548"",""T1053""]","[""T1105"",""T1505.003"",""T1033"",""T1082"",""T1083"",""T1003.008"",""T1105"",""T1548.001"",""T1053.003""]",T1543,T1543.002,sandworm,sandworm,sandworm,unknown,high
turla_carbon::unknown::1,ctid,turla_carbon::unknown,1,"[""T1566""]","[""T1566.002""]",T1204,T1204.002,turla_carbon,turla,turla_carbon,unknown,high
turla_carbon::unknown::10,ctid,turla_carbon::unknown,10,"[""T1566"",""T1204"",""T1069"",""T1059"",""T1574"",""T1105"",""T1112"",""T1033"",""T1110"",""T1070""]","[""T1566.002"",""T1204.002"",""T1069.002"",""T1059.001"",""T1574.011"",""T1105"",""T1112"",""T1033"",""T1110.003"",""T1070.004""]",T1570,T1570,turla_carbon,turla,turla_carbon,unknown,high
turla_carbon::unknown::11,ctid,turla_carbon::unknown,11,"[""T1566"",""T1204"",""T1069"",""T1059"",""T1574"",""T1105"",""T1112"",""T1033"",""T1110"",""T1070"",""T1570""]","[""T1566.002"",""T1204.002"",""T1069.002"",""T1059.001"",""T1574.011"",""T1105"",""T1112"",""T1033"",""T1110.003"",""T1070.004"",""T1570""]",T1053,T1053.005,turla_carbon,turla,turla_carbon,unknown,high
turla_carbon::unknown::12,ctid,turla_carbon::unknown,12,"[""T1566"",""T1204"",""T1069"",""T1059"",""T1574"",""T1105"",""T1112"",""T1033"",""T1110"",""T1070"",""T1570"",""T1053""]","[""T1566.002"",""T1204.002"",""T1069.002"",""T1059.001"",""T1574.011"",""T1105"",""T1112"",""T1033"",""T1110.003"",""T1070.004"",""T1570"",""T1053.005""]",T1069,T1069.002,turla_carbon,turla,turla_carbon,unknown,high
turla_carbon::unknown::13,ctid,turla_carbon::unknown,13,"[""T1566"",""T1204"",""T1069"",""T1059"",""T1574"",""T1105"",""T1112"",""T1033"",""T1110"",""T1070"",""T1570"",""T1053"",""T1069""]","[""T1566.002"",""T1204.002"",""T1069.002"",""T1059.001"",""T1574.011"",""T1105"",""T1112"",""T1033"",""T1110.003"",""T1070.004"",""T1570"",""T1053.005"",""T1069.002""]",T1018,T1018,turla_carbon,turla,turla_carbon,unknown,high
turla_carbon::unknown::14,ctid,turla_carbon::unknown,14,"[""T1566"",""T1204"",""T1069"",""T1059"",""T1574"",""T1105"",""T1112"",""T1033"",""T1110"",""T1070"",""T1570"",""T1053"",""T1069"",""T1018""]","[""T1566.002"",""T1204.002"",""T1069.002"",""T1059.001"",""T1574.011"",""T1105"",""T1112"",""T1033"",""T1110.003"",""T1070.004"",""T1570"",""T1053.005"",""T1069.002"",""T1018""]",T1003,T1003,turla_carbon,turla,turla_carbon,unknown,high
turla_carbon::unknown::15,ctid,turla_carbon::unknown,15,"[""T1566"",""T1204"",""T1069"",""T1059"",""T1574"",""T1105"",""T1112"",""T1033"",""T1110"",""T1070"",""T1570"",""T1053"",""T1069"",""T1018"",""T1003""]","[""T1566.002"",""T1204.002"",""T1069.002"",""T1059.001"",""T1574.011"",""T1105"",""T1112"",""T1033"",""T1110.003"",""T1070.004"",""T1570"",""T1053.005"",""T1069.002"",""T1018"",""T1003""]",T1105,T1105,turla_carbon,turla,turla_carbon,unknown,high
turla_carbon::unknown::16,ctid,turla_carbon::unknown,16,"[""T1566"",""T1204"",""T1069"",""T1059"",""T1574"",""T1105"",""T1112"",""T1033"",""T1110"",""T1070"",""T1570"",""T1053"",""T1069"",""T1018"",""T1003"",""T1105""]","[""T1566.002"",""T1204.002"",""T1069.002"",""T1059.001"",""T1574.011"",""T1105"",""T1112"",""T1033"",""T1110.003"",""T1070.004"",""T1570"",""T1053.005"",""T1069.002"",""T1018"",""T1003"",""T1105""]",T1550,T1550.002,turla_carbon,turla,turla_carbon,unknown,high
turla_carbon::unknown::17,ctid,turla_carbon::unknown,17,"[""T1566"",""T1204"",""T1069"",""T1059"",""T1574"",""T1105"",""T1112"",""T1033"",""T1110"",""T1070"",""T1570"",""T1053"",""T1069"",""T1018"",""T1003"",""T1105"",""T1550""]","[""T1566.002"",""T1204.002"",""T1069.002"",""T1059.001"",""T1574.011"",""T1105"",""T1112"",""T1033"",""T1110.003"",""T1070.004"",""T1570"",""T1053.005"",""T1069.002"",""T1018"",""T1003"",""T1105"",""T1550.002""]",T1070,T1070.004,turla_carbon,turla,turla_carbon,unknown,high
turla_carbon::unknown::18,ctid,turla_carbon::unknown,18,"[""T1566"",""T1204"",""T1069"",""T1059"",""T1574"",""T1105"",""T1112"",""T1033"",""T1110"",""T1070"",""T1570"",""T1053"",""T1069"",""T1018"",""T1003"",""T1105"",""T1550"",""T1070""]","[""T1566.002"",""T1204.002"",""T1069.002"",""T1059.001"",""T1574.011"",""T1105"",""T1112"",""T1033"",""T1110.003"",""T1070.004"",""T1570"",""T1053.005"",""T1069.002"",""T1018"",""T1003"",""T1105"",""T1550.002"",""T1070.004""]",T1056,T1056.001,turla_carbon,turla,turla_carbon,unknown,high
turla_carbon::unknown::19,ctid,turla_carbon::unknown,19,"[""T1566"",""T1204"",""T1069"",""T1059"",""T1574"",""T1105"",""T1112"",""T1033"",""T1110"",""T1070"",""T1570"",""T1053"",""T1069"",""T1018"",""T1003"",""T1105"",""T1550"",""T1070"",""T1056""]","[""T1566.002"",""T1204.002"",""T1069.002"",""T1059.001"",""T1574.011"",""T1105"",""T1112"",""T1033"",""T1110.003"",""T1070.004"",""T1570"",""T1053.005"",""T1069.002"",""T1018"",""T1003"",""T1105"",""T1550.002"",""T1070.004"",""T1056.001""]",T1070,T1070.004,turla_carbon,turla,turla_carbon,unknown,high
turla_carbon::unknown::2,ctid,turla_carbon::unknown,2,"[""T1566"",""T1204""]","[""T1566.002"",""T1204.002""]",T1069,T1069.002,turla_carbon,turla,turla_carbon,unknown,high
turla_carbon::unknown::20,ctid,turla_carbon::unknown,20,"[""T1566"",""T1204"",""T1069"",""T1059"",""T1574"",""T1105"",""T1112"",""T1033"",""T1110"",""T1070"",""T1570"",""T1053"",""T1069"",""T1018"",""T1003"",""T1105"",""T1550"",""T1070"",""T1056"",""T1070""]","[""T1566.002"",""T1204.002"",""T1069.002"",""T1059.001"",""T1574.011"",""T1105"",""T1112"",""T1033"",""T1110.003"",""T1070.004"",""T1570"",""T1053.005"",""T1069.002"",""T1018"",""T1003"",""T1105"",""T1550.002"",""T1070.004"",""T1056.001"",""T1070.004""]",T1105,T1105,turla_carbon,turla,turla_carbon,unknown,high
turla_carbon::unknown::21,ctid,turla_carbon::unknown,21,"[""T1566"",""T1204"",""T1069"",""T1059"",""T1574"",""T1105"",""T1112"",""T1033"",""T1110"",""T1070"",""T1570"",""T1053"",""T1069"",""T1018"",""T1003"",""T1105"",""T1550"",""T1070"",""T1056"",""T1070"",""T1105""]","[""T1566.002"",""T1204.002"",""T1069.002"",""T1059.001"",""T1574.011"",""T1105"",""T1112"",""T1033"",""T1110.003"",""T1070.004"",""T1570"",""T1053.005"",""T1069.002"",""T1018"",""T1003"",""T1105"",""T1550.002"",""T1070.004"",""T1056.001"",""T1070.004"",""T1105""]",T1021,T1021.004,turla_carbon,turla,turla_carbon,unknown,high
turla_carbon::unknown::22,ctid,turla_carbon::unknown,22,"[""T1566"",""T1204"",""T1069"",""T1059"",""T1574"",""T1105"",""T1112"",""T1033"",""T1110"",""T1070"",""T1570"",""T1053"",""T1069"",""T1018"",""T1003"",""T1105"",""T1550"",""T1070"",""T1056"",""T1070"",""T1105"",""T1021""]","[""T1566.002"",""T1204.002"",""T1069.002"",""T1059.001"",""T1574.011"",""T1105"",""T1112"",""T1033"",""T1110.003"",""T1070.004"",""T1570"",""T1053.005"",""T1069.002"",""T1018"",""T1003"",""T1105"",""T1550.002"",""T1070.004"",""T1056.001"",""T1070.004"",""T1105"",""T1021.004""]",T1105,T1105,turla_carbon,turla,turla_carbon,unknown,high
turla_carbon::unknown::23,ctid,turla_carbon::unknown,23,"[""T1566"",""T1204"",""T1069"",""T1059"",""T1574"",""T1105"",""T1112"",""T1033"",""T1110"",""T1070"",""T1570"",""T1053"",""T1069"",""T1018"",""T1003"",""T1105"",""T1550"",""T1070"",""T1056"",""T1070"",""T1105"",""T1021"",""T1105""]","[""T1566.002"",""T1204.002"",""T1069.002"",""T1059.001"",""T1574.011"",""T1105"",""T1112"",""T1033"",""T1110.003"",""T1070.004"",""T1570"",""T1053.005"",""T1069.002"",""T1018"",""T1003"",""T1105"",""T1550.002"",""T1070.004"",""T1056.001"",""T1070.004"",""T1105"",""T1021.004"",""T1105""]",T1021,T1021.004,turla_carbon,turla,turla_carbon,unknown,high
turla_carbon::unknown::24,ctid,turla_carbon::unknown,24,"[""T1566"",""T1204"",""T1069"",""T1059"",""T1574"",""T1105"",""T1112"",""T1033"",""T1110"",""T1070"",""T1570"",""T1053"",""T1069"",""T1018"",""T1003"",""T1105"",""T1550"",""T1070"",""T1056"",""T1070"",""T1105"",""T1021"",""T1105"",""T1021""]","[""T1566.002"",""T1204.002"",""T1069.002"",""T1059.001"",""T1574.011"",""T1105"",""T1112"",""T1033"",""T1110.003"",""T1070.004"",""T1570"",""T1053.005"",""T1069.002"",""T1018"",""T1003"",""T1105"",""T1550.002"",""T1070.004"",""T1056.001"",""T1070.004"",""T1105"",""T1021.004"",""T1105"",""T1021.004""]",T1070,T1070.004,turla_carbon,turla,turla_carbon,unknown,high
turla_carbon::unknown::25,ctid,turla_carbon::unknown,25,"[""T1566"",""T1204"",""T1069"",""T1059"",""T1574"",""T1105"",""T1112"",""T1033"",""T1110"",""T1070"",""T1570"",""T1053"",""T1069"",""T1018"",""T1003"",""T1105"",""T1550"",""T1070"",""T1056"",""T1070"",""T1105"",""T1021"",""T1105"",""T1021"",""T1070""]","[""T1566.002"",""T1204.002"",""T1069.002"",""T1059.001"",""T1574.011"",""T1105"",""T1112"",""T1033"",""T1110.003"",""T1070.004"",""T1570"",""T1053.005"",""T1069.002"",""T1018"",""T1003"",""T1105"",""T1550.002"",""T1070.004"",""T1056.001"",""T1070.004"",""T1105"",""T1021.004"",""T1105"",""T1021.004"",""T1070.004""]",T1205,T1205,turla_carbon,turla,turla_carbon,unknown,high
turla_carbon::unknown::26,ctid,turla_carbon::unknown,26,"[""T1566"",""T1204"",""T1069"",""T1059"",""T1574"",""T1105"",""T1112"",""T1033"",""T1110"",""T1070"",""T1570"",""T1053"",""T1069"",""T1018"",""T1003"",""T1105"",""T1550"",""T1070"",""T1056"",""T1070"",""T1105"",""T1021"",""T1105"",""T1021"",""T1070"",""T1205""]","[""T1566.002"",""T1204.002"",""T1069.002"",""T1059.001"",""T1574.011"",""T1105"",""T1112"",""T1033"",""T1110.003"",""T1070.004"",""T1570"",""T1053.005"",""T1069.002"",""T1018"",""T1003"",""T1105"",""T1550.002"",""T1070.004"",""T1056.001"",""T1070.004"",""T1105"",""T1021.004"",""T1105"",""T1021.004"",""T1070.004"",""T1205""]",T1189,T1189,turla_carbon,turla,turla_carbon,unknown,high
turla_carbon::unknown::3,ctid,turla_carbon::unknown,3,"[""T1566"",""T1204"",""T1069""]","[""T1566.002"",""T1204.002"",""T1069.002""]",T1059,T1059.001,turla_carbon,turla,turla_carbon,unknown,high
turla_carbon::unknown::4,ctid,turla_carbon::unknown,4,"[""T1566"",""T1204"",""T1069"",""T1059""]","[""T1566.002"",""T1204.002"",""T1069.002"",""T1059.001""]",T1574,T1574.011,turla_carbon,turla,turla_carbon,unknown,high
turla_carbon::unknown::5,ctid,turla_carbon::unknown,5,"[""T1566"",""T1204"",""T1069"",""T1059"",""T1574""]","[""T1566.002"",""T1204.002"",""T1069.002"",""T1059.001"",""T1574.011""]",T1105,T1105,turla_carbon,turla,turla_carbon,unknown,high
turla_carbon::unknown::6,ctid,turla_carbon::unknown,6,"[""T1566"",""T1204"",""T1069"",""T1059"",""T1574"",""T1105""]","[""T1566.002"",""T1204.002"",""T1069.002"",""T1059.001"",""T1574.011"",""T1105""]",T1112,T1112,turla_carbon,turla,turla_carbon,unknown,high
turla_carbon::unknown::7,ctid,turla_carbon::unknown,7,"[""T1566"",""T1204"",""T1069"",""T1059"",""T1574"",""T1105"",""T1112""]","[""T1566.002"",""T1204.002"",""T1069.002"",""T1059.001"",""T1574.011"",""T1105"",""T1112""]",T1033,T1033,turla_carbon,turla,turla_carbon,unknown,high
turla_carbon::unknown::8,ctid,turla_carbon::unknown,8,"[""T1566"",""T1204"",""T1069"",""T1059"",""T1574"",""T1105"",""T1112"",""T1033""]","[""T1566.002"",""T1204.002"",""T1069.002"",""T1059.001"",""T1574.011"",""T1105"",""T1112"",""T1033""]",T1110,T1110.003,turla_carbon,turla,turla_carbon,unknown,high
turla_carbon::unknown::9,ctid,turla_carbon::unknown,9,"[""T1566"",""T1204"",""T1069"",""T1059"",""T1574"",""T1105"",""T1112"",""T1033"",""T1110""]","[""T1566.002"",""T1204.002"",""T1069.002"",""T1059.001"",""T1574.011"",""T1105"",""T1112"",""T1033"",""T1110.003""]",T1070,T1070.004,turla_carbon,turla,turla_carbon,unknown,high
turla_snake::unknown::1,ctid,turla_snake::unknown,1,"[""T1189""]","[""T1189""]",T1204,T1204.002,turla_snake,turla,turla_snake,unknown,high
turla_snake::unknown::10,ctid,turla_snake::unknown,10,"[""T1189"",""T1204"",""T1082"",""T1105"",""T1014"",""T1057"",""T1087"",""T1049"",""T1105"",""T1569""]","[""T1189"",""T1204.002"",""T1082"",""T1105"",""T1014"",""T1057"",""T1087.002"",""T1049"",""T1105"",""T1569.002""]",T1070,T1070.004,turla_snake,turla,turla_snake,unknown,high
turla_snake::unknown::11,ctid,turla_snake::unknown,11,"[""T1189"",""T1204"",""T1082"",""T1105"",""T1014"",""T1057"",""T1087"",""T1049"",""T1105"",""T1569"",""T1070""]","[""T1189"",""T1204.002"",""T1082"",""T1105"",""T1014"",""T1057"",""T1087.002"",""T1049"",""T1105"",""T1569.002"",""T1070.004""]",T1059,T1059.001,turla_snake,turla,turla_snake,unknown,high
turla_snake::unknown::12,ctid,turla_snake::unknown,12,"[""T1189"",""T1204"",""T1082"",""T1105"",""T1014"",""T1057"",""T1087"",""T1049"",""T1105"",""T1569"",""T1070"",""T1059""]","[""T1189"",""T1204.002"",""T1082"",""T1105"",""T1014"",""T1057"",""T1087.002"",""T1049"",""T1105"",""T1569.002"",""T1070.004"",""T1059.001""]",T1069,T1069.001,turla_snake,turla,turla_snake,unknown,high
turla_snake::unknown::13,ctid,turla_snake::unknown,13,"[""T1189"",""T1204"",""T1082"",""T1105"",""T1014"",""T1057"",""T1087"",""T1049"",""T1105"",""T1569"",""T1070"",""T1059"",""T1069""]","[""T1189"",""T1204.002"",""T1082"",""T1105"",""T1014"",""T1057"",""T1087.002"",""T1049"",""T1105"",""T1569.002"",""T1070.004"",""T1059.001"",""T1069.001""]",T1087,T1087.002,turla_snake,turla,turla_snake,unknown,high
turla_snake::unknown::14,ctid,turla_snake::unknown,14,"[""T1189"",""T1204"",""T1082"",""T1105"",""T1014"",""T1057"",""T1087"",""T1049"",""T1105"",""T1569"",""T1070"",""T1059"",""T1069"",""T1087""]","[""T1189"",""T1204.002"",""T1082"",""T1105"",""T1014"",""T1057"",""T1087.002"",""T1049"",""T1105"",""T1569.002"",""T1070.004"",""T1059.001"",""T1069.001"",""T1087.002""]",T1018,T1018,turla_snake,turla,turla_snake,unknown,high
turla_snake::unknown::15,ctid,turla_snake::unknown,15,"[""T1189"",""T1204"",""T1082"",""T1105"",""T1014"",""T1057"",""T1087"",""T1049"",""T1105"",""T1569"",""T1070"",""T1059"",""T1069"",""T1087"",""T1018""]","[""T1189"",""T1204.002"",""T1082"",""T1105"",""T1014"",""T1057"",""T1087.002"",""T1049"",""T1105"",""T1569.002"",""T1070.004"",""T1059.001"",""T1069.001"",""T1087.002"",""T1018""]",T1105,T1105,turla_snake,turla,turla_snake,unknown,high
turla_snake::unknown::16,ctid,turla_snake::unknown,16,"[""T1189"",""T1204"",""T1082"",""T1105"",""T1014"",""T1057"",""T1087"",""T1049"",""T1105"",""T1569"",""T1070"",""T1059"",""T1069"",""T1087"",""T1018"",""T1105""]","[""T1189"",""T1204.002"",""T1082"",""T1105"",""T1014"",""T1057"",""T1087.002"",""T1049"",""T1105"",""T1569.002"",""T1070.004"",""T1059.001"",""T1069.001"",""T1087.002"",""T1018"",""T1105""]",T1003,T1003.001,turla_snake,turla,turla_snake,unknown,high
turla_snake::unknown::17,ctid,turla_snake::unknown,17,"[""T1189"",""T1204"",""T1082"",""T1105"",""T1014"",""T1057"",""T1087"",""T1049"",""T1105"",""T1569"",""T1070"",""T1059"",""T1069"",""T1087"",""T1018"",""T1105"",""T1003""]","[""T1189"",""T1204.002"",""T1082"",""T1105"",""T1014"",""T1057"",""T1087.002"",""T1049"",""T1105"",""T1569.002"",""T1070.004"",""T1059.001"",""T1069.001"",""T1087.002"",""T1018"",""T1105"",""T1003.001""]",T1550,T1550.002,turla_snake,turla,turla_snake,unknown,high
turla_snake::unknown::18,ctid,turla_snake::unknown,18,"[""T1189"",""T1204"",""T1082"",""T1105"",""T1014"",""T1057"",""T1087"",""T1049"",""T1105"",""T1569"",""T1070"",""T1059"",""T1069"",""T1087"",""T1018"",""T1105"",""T1003"",""T1550""]","[""T1189"",""T1204.002"",""T1082"",""T1105"",""T1014"",""T1057"",""T1087.002"",""T1049"",""T1105"",""T1569.002"",""T1070.004"",""T1059.001"",""T1069.001"",""T1087.002"",""T1018"",""T1105"",""T1003.001"",""T1550.002""]",T1070,T1070.004,turla_snake,turla,turla_snake,unknown,high
turla_snake::unknown::19,ctid,turla_snake::unknown,19,"[""T1189"",""T1204"",""T1082"",""T1105"",""T1014"",""T1057"",""T1087"",""T1049"",""T1105"",""T1569"",""T1070"",""T1059"",""T1069"",""T1087"",""T1018"",""T1105"",""T1003"",""T1550"",""T1070""]","[""T1189"",""T1204.002"",""T1082"",""T1105"",""T1014"",""T1057"",""T1087.002"",""T1049"",""T1105"",""T1569.002"",""T1070.004"",""T1059.001"",""T1069.001"",""T1087.002"",""T1018"",""T1105"",""T1003.001"",""T1550.002"",""T1070.004""]",T1057,T1057,turla_snake,turla,turla_snake,unknown,high
turla_snake::unknown::2,ctid,turla_snake::unknown,2,"[""T1189"",""T1204""]","[""T1189"",""T1204.002""]",T1082,T1082,turla_snake,turla,turla_snake,unknown,high
turla_snake::unknown::20,ctid,turla_snake::unknown,20,"[""T1189"",""T1204"",""T1082"",""T1105"",""T1014"",""T1057"",""T1087"",""T1049"",""T1105"",""T1569"",""T1070"",""T1059"",""T1069"",""T1087"",""T1018"",""T1105"",""T1003"",""T1550"",""T1070"",""T1057""]","[""T1189"",""T1204.002"",""T1082"",""T1105"",""T1014"",""T1057"",""T1087.002"",""T1049"",""T1105"",""T1569.002"",""T1070.004"",""T1059.001"",""T1069.001"",""T1087.002"",""T1018"",""T1105"",""T1003.001"",""T1550.002"",""T1070.004"",""T1057""]",T1136,T1136.002,turla_snake,turla,turla_snake,unknown,high
turla_snake::unknown::21,ctid,turla_snake::unknown,21,"[""T1189"",""T1204"",""T1082"",""T1105"",""T1014"",""T1057"",""T1087"",""T1049"",""T1105"",""T1569"",""T1070"",""T1059"",""T1069"",""T1087"",""T1018"",""T1105"",""T1003"",""T1550"",""T1070"",""T1057"",""T1136""]","[""T1189"",""T1204.002"",""T1082"",""T1105"",""T1014"",""T1057"",""T1087.002"",""T1049"",""T1105"",""T1569.002"",""T1070.004"",""T1059.001"",""T1069.001"",""T1087.002"",""T1018"",""T1105"",""T1003.001"",""T1550.002"",""T1070.004"",""T1057"",""T1136.002""]",T1105,T1105,turla_snake,turla,turla_snake,unknown,high
turla_snake::unknown::22,ctid,turla_snake::unknown,22,"[""T1189"",""T1204"",""T1082"",""T1105"",""T1014"",""T1057"",""T1087"",""T1049"",""T1105"",""T1569"",""T1070"",""T1059"",""T1069"",""T1087"",""T1018"",""T1105"",""T1003"",""T1550"",""T1070"",""T1057"",""T1136"",""T1105""]","[""T1189"",""T1204.002"",""T1082"",""T1105"",""T1014"",""T1057"",""T1087.002"",""T1049"",""T1105"",""T1569.002"",""T1070.004"",""T1059.001"",""T1069.001"",""T1087.002"",""T1018"",""T1105"",""T1003.001"",""T1550.002"",""T1070.004"",""T1057"",""T1136.002"",""T1105""]",T1570,T1570,turla_snake,turla,turla_snake,unknown,high
turla_snake::unknown::23,ctid,turla_snake::unknown,23,"[""T1189"",""T1204"",""T1082"",""T1105"",""T1014"",""T1057"",""T1087"",""T1049"",""T1105"",""T1569"",""T1070"",""T1059"",""T1069"",""T1087"",""T1018"",""T1105"",""T1003"",""T1550"",""T1070"",""T1057"",""T1136"",""T1105"",""T1570""]","[""T1189"",""T1204.002"",""T1082"",""T1105"",""T1014"",""T1057"",""T1087.002"",""T1049"",""T1105"",""T1569.002"",""T1070.004"",""T1059.001"",""T1069.001"",""T1087.002"",""T1018"",""T1105"",""T1003.001"",""T1550.002"",""T1070.004"",""T1057"",""T1136.002"",""T1105"",""T1570""]",T1505,T1505.002,turla_snake,turla,turla_snake,unknown,high
turla_snake::unknown::24,ctid,turla_snake::unknown,24,"[""T1189"",""T1204"",""T1082"",""T1105"",""T1014"",""T1057"",""T1087"",""T1049"",""T1105"",""T1569"",""T1070"",""T1059"",""T1069"",""T1087"",""T1018"",""T1105"",""T1003"",""T1550"",""T1070"",""T1057"",""T1136"",""T1105"",""T1570"",""T1505""]","[""T1189"",""T1204.002"",""T1082"",""T1105"",""T1014"",""T1057"",""T1087.002"",""T1049"",""T1105"",""T1569.002"",""T1070.004"",""T1059.001"",""T1069.001"",""T1087.002"",""T1018"",""T1105"",""T1003.001"",""T1550.002"",""T1070.004"",""T1057"",""T1136.002"",""T1105"",""T1570"",""T1505.002""]",T1059,T1059.003,turla_snake,turla,turla_snake,unknown,high
turla_snake::unknown::25,ctid,turla_snake::unknown,25,"[""T1189"",""T1204"",""T1082"",""T1105"",""T1014"",""T1057"",""T1087"",""T1049"",""T1105"",""T1569"",""T1070"",""T1059"",""T1069"",""T1087"",""T1018"",""T1105"",""T1003"",""T1550"",""T1070"",""T1057"",""T1136"",""T1105"",""T1570"",""T1505"",""T1059""]","[""T1189"",""T1204.002"",""T1082"",""T1105"",""T1014"",""T1057"",""T1087.002"",""T1049"",""T1105"",""T1569.002"",""T1070.004"",""T1059.001"",""T1069.001"",""T1087.002"",""T1018"",""T1105"",""T1003.001"",""T1550.002"",""T1070.004"",""T1057"",""T1136.002"",""T1105"",""T1570"",""T1505.002"",""T1059.003""]",T1070,T1070.004,turla_snake,turla,turla_snake,unknown,high
turla_snake::unknown::26,ctid,turla_snake::unknown,26,"[""T1189"",""T1204"",""T1082"",""T1105"",""T1014"",""T1057"",""T1087"",""T1049"",""T1105"",""T1569"",""T1070"",""T1059"",""T1069"",""T1087"",""T1018"",""T1105"",""T1003"",""T1550"",""T1070"",""T1057"",""T1136"",""T1105"",""T1570"",""T1505"",""T1059"",""T1070""]","[""T1189"",""T1204.002"",""T1082"",""T1105"",""T1014"",""T1057"",""T1087.002"",""T1049"",""T1105"",""T1569.002"",""T1070.004"",""T1059.001"",""T1069.001"",""T1087.002"",""T1018"",""T1105"",""T1003.001"",""T1550.002"",""T1070.004"",""T1057"",""T1136.002"",""T1105"",""T1570"",""T1505.002"",""T1059.003"",""T1070.004""]",T1016,T1016,turla_snake,turla,turla_snake,unknown,high
turla_snake::unknown::27,ctid,turla_snake::unknown,27,"[""T1189"",""T1204"",""T1082"",""T1105"",""T1014"",""T1057"",""T1087"",""T1049"",""T1105"",""T1569"",""T1070"",""T1059"",""T1069"",""T1087"",""T1018"",""T1105"",""T1003"",""T1550"",""T1070"",""T1057"",""T1136"",""T1105"",""T1570"",""T1505"",""T1059"",""T1070"",""T1016""]","[""T1189"",""T1204.002"",""T1082"",""T1105"",""T1014"",""T1057"",""T1087.002"",""T1049"",""T1105"",""T1569.002"",""T1070.004"",""T1059.001"",""T1069.001"",""T1087.002"",""T1018"",""T1105"",""T1003.001"",""T1550.002"",""T1070.004"",""T1057"",""T1136.002"",""T1105"",""T1570"",""T1505.002"",""T1059.003"",""T1070.004"",""T1016""]",T1041,T1041,turla_snake,turla,turla_snake,unknown,high
turla_snake::unknown::3,ctid,turla_snake::unknown,3,"[""T1189"",""T1204"",""T1082""]","[""T1189"",""T1204.002"",""T1082""]",T1105,T1105,turla_snake,turla,turla_snake,unknown,high
turla_snake::unknown::4,ctid,turla_snake::unknown,4,"[""T1189"",""T1204"",""T1082"",""T1105""]","[""T1189"",""T1204.002"",""T1082"",""T1105""]",T1014,T1014,turla_snake,turla,turla_snake,unknown,high
turla_snake::unknown::5,ctid,turla_snake::unknown,5,"[""T1189"",""T1204"",""T1082"",""T1105"",""T1014""]","[""T1189"",""T1204.002"",""T1082"",""T1105"",""T1014""]",T1057,T1057,turla_snake,turla,turla_snake,unknown,high
turla_snake::unknown::6,ctid,turla_snake::unknown,6,"[""T1189"",""T1204"",""T1082"",""T1105"",""T1014"",""T1057""]","[""T1189"",""T1204.002"",""T1082"",""T1105"",""T1014"",""T1057""]",T1087,T1087.002,turla_snake,turla,turla_snake,unknown,high
turla_snake::unknown::7,ctid,turla_snake::unknown,7,"[""T1189"",""T1204"",""T1082"",""T1105"",""T1014"",""T1057"",""T1087""]","[""T1189"",""T1204.002"",""T1082"",""T1105"",""T1014"",""T1057"",""T1087.002""]",T1049,T1049,turla_snake,turla,turla_snake,unknown,high
turla_snake::unknown::8,ctid,turla_snake::unknown,8,"[""T1189"",""T1204"",""T1082"",""T1105"",""T1014"",""T1057"",""T1087"",""T1049""]","[""T1189"",""T1204.002"",""T1082"",""T1105"",""T1014"",""T1057"",""T1087.002"",""T1049""]",T1105,T1105,turla_snake,turla,turla_snake,unknown,high
turla_snake::unknown::9,ctid,turla_snake::unknown,9,"[""T1189"",""T1204"",""T1082"",""T1105"",""T1014"",""T1057"",""T1087"",""T1049"",""T1105""]","[""T1189"",""T1204.002"",""T1082"",""T1105"",""T1014"",""T1057"",""T1087.002"",""T1049"",""T1105""]",T1569,T1569.002,turla_snake,turla,turla_snake,unknown,high
wizard_spider::unknown::1,ctid,wizard_spider::unknown,1,"[""T1105""]","[""T1105""]",T1078,T1078,wizard_spider,wizard_spider,wizard_spider,unknown,high
wizard_spider::unknown::10,ctid,wizard_spider::unknown,10,"[""T1105"",""T1078"",""T1204"",""T1547"",""T1082"",""T1057"",""T1105"",""T1552"",""T1114"",""T1021""]","[""T1105"",""T1078"",""T1204.002"",""T1547.001"",""T1082"",""T1057"",""T1105"",""T1552"",""T1114.001"",""T1021.001""]",T1105,T1105,wizard_spider,wizard_spider,wizard_spider,unknown,high
wizard_spider::unknown::11,ctid,wizard_spider::unknown,11,"[""T1105"",""T1078"",""T1204"",""T1547"",""T1082"",""T1057"",""T1105"",""T1552"",""T1114"",""T1021"",""T1105""]","[""T1105"",""T1078"",""T1204.002"",""T1547.001"",""T1082"",""T1057"",""T1105"",""T1552"",""T1114.001"",""T1021.001"",""T1105""]",T1082,T1082,wizard_spider,wizard_spider,wizard_spider,unknown,high
wizard_spider::unknown::12,ctid,wizard_spider::unknown,12,"[""T1105"",""T1078"",""T1204"",""T1547"",""T1082"",""T1057"",""T1105"",""T1552"",""T1114"",""T1021"",""T1105"",""T1082""]","[""T1105"",""T1078"",""T1204.002"",""T1547.001"",""T1082"",""T1057"",""T1105"",""T1552"",""T1114.001"",""T1021.001"",""T1105"",""T1082""]",T1007,T1007,wizard_spider,wizard_spider,wizard_spider,unknown,high
wizard_spider::unknown::13,ctid,wizard_spider::unknown,13,"[""T1105"",""T1078"",""T1204"",""T1547"",""T1082"",""T1057"",""T1105"",""T1552"",""T1114"",""T1021"",""T1105"",""T1082"",""T1007""]","[""T1105"",""T1078"",""T1204.002"",""T1547.001"",""T1082"",""T1057"",""T1105"",""T1552"",""T1114.001"",""T1021.001"",""T1105"",""T1082"",""T1007""]",T1087,T1087.001,wizard_spider,wizard_spider,wizard_spider,unknown,high
wizard_spider::unknown::14,ctid,wizard_spider::unknown,14,"[""T1105"",""T1078"",""T1204"",""T1547"",""T1082"",""T1057"",""T1105"",""T1552"",""T1114"",""T1021"",""T1105"",""T1082"",""T1007"",""T1087""]","[""T1105"",""T1078"",""T1204.002"",""T1547.001"",""T1082"",""T1057"",""T1105"",""T1552"",""T1114.001"",""T1021.001"",""T1105"",""T1082"",""T1007"",""T1087.001""]",T1016,T1016,wizard_spider,wizard_spider,wizard_spider,unknown,high
wizard_spider::unknown::15,ctid,wizard_spider::unknown,15,"[""T1105"",""T1078"",""T1204"",""T1547"",""T1082"",""T1057"",""T1105"",""T1552"",""T1114"",""T1021"",""T1105"",""T1082"",""T1007"",""T1087"",""T1016""]","[""T1105"",""T1078"",""T1204.002"",""T1547.001"",""T1082"",""T1057"",""T1105"",""T1552"",""T1114.001"",""T1021.001"",""T1105"",""T1082"",""T1007"",""T1087.001"",""T1016""]",T1049,T1049,wizard_spider,wizard_spider,wizard_spider,unknown,high
wizard_spider::unknown::16,ctid,wizard_spider::unknown,16,"[""T1105"",""T1078"",""T1204"",""T1547"",""T1082"",""T1057"",""T1105"",""T1552"",""T1114"",""T1021"",""T1105"",""T1082"",""T1007"",""T1087"",""T1016"",""T1049""]","[""T1105"",""T1078"",""T1204.002"",""T1547.001"",""T1082"",""T1057"",""T1105"",""T1552"",""T1114.001"",""T1021.001"",""T1105"",""T1082"",""T1007"",""T1087.001"",""T1016"",""T1049""]",T1082,T1082,wizard_spider,wizard_spider,wizard_spider,unknown,high
wizard_spider::unknown::17,ctid,wizard_spider::unknown,17,"[""T1105"",""T1078"",""T1204"",""T1547"",""T1082"",""T1057"",""T1105"",""T1552"",""T1114"",""T1021"",""T1105"",""T1082"",""T1007"",""T1087"",""T1016"",""T1049"",""T1082""]","[""T1105"",""T1078"",""T1204.002"",""T1547.001"",""T1082"",""T1057"",""T1105"",""T1552"",""T1114.001"",""T1021.001"",""T1105"",""T1082"",""T1007"",""T1087.001"",""T1016"",""T1049"",""T1082""]",T1482,T1482,wizard_spider,wizard_spider,wizard_spider,unknown,high
wizard_spider::unknown::18,ctid,wizard_spider::unknown,18,"[""T1105"",""T1078"",""T1204"",""T1547"",""T1082"",""T1057"",""T1105"",""T1552"",""T1114"",""T1021"",""T1105"",""T1082"",""T1007"",""T1087"",""T1016"",""T1049"",""T1082"",""T1482""]","[""T1105"",""T1078"",""T1204.002"",""T1547.001"",""T1082"",""T1057"",""T1105"",""T1552"",""T1114.001"",""T1021.001"",""T1105"",""T1082"",""T1007"",""T1087.001"",""T1016"",""T1049"",""T1082"",""T1482""]",T1069,T1069,wizard_spider,wizard_spider,wizard_spider,unknown,high
wizard_spider::unknown::19,ctid,wizard_spider::unknown,19,"[""T1105"",""T1078"",""T1204"",""T1547"",""T1082"",""T1057"",""T1105"",""T1552"",""T1114"",""T1021"",""T1105"",""T1082"",""T1007"",""T1087"",""T1016"",""T1049"",""T1082"",""T1482"",""T1069""]","[""T1105"",""T1078"",""T1204.002"",""T1547.001"",""T1082"",""T1057"",""T1105"",""T1552"",""T1114.001"",""T1021.001"",""T1105"",""T1082"",""T1007"",""T1087.001"",""T1016"",""T1049"",""T1082"",""T1482"",""T1069""]",T1558,T1558.003,wizard_spider,wizard_spider,wizard_spider,unknown,high
wizard_spider::unknown::2,ctid,wizard_spider::unknown,2,"[""T1105"",""T1078""]","[""T1105"",""T1078""]",T1204,T1204.002,wizard_spider,wizard_spider,wizard_spider,unknown,high
wizard_spider::unknown::20,ctid,wizard_spider::unknown,20,"[""T1105"",""T1078"",""T1204"",""T1547"",""T1082"",""T1057"",""T1105"",""T1552"",""T1114"",""T1021"",""T1105"",""T1082"",""T1007"",""T1087"",""T1016"",""T1049"",""T1082"",""T1482"",""T1069"",""T1558""]","[""T1105"",""T1078"",""T1204.002"",""T1547.001"",""T1082"",""T1057"",""T1105"",""T1552"",""T1114.001"",""T1021.001"",""T1105"",""T1082"",""T1007"",""T1087.001"",""T1016"",""T1049"",""T1082"",""T1482"",""T1069"",""T1558.003""]",T1021,T1021.001,wizard_spider,wizard_spider,wizard_spider,unknown,high
wizard_spider::unknown::21,ctid,wizard_spider::unknown,21,"[""T1105"",""T1078"",""T1204"",""T1547"",""T1082"",""T1057"",""T1105"",""T1552"",""T1114"",""T1021"",""T1105"",""T1082"",""T1007"",""T1087"",""T1016"",""T1049"",""T1082"",""T1482"",""T1069"",""T1558"",""T1021""]","[""T1105"",""T1078"",""T1204.002"",""T1547.001"",""T1082"",""T1057"",""T1105"",""T1552"",""T1114.001"",""T1021.001"",""T1105"",""T1082"",""T1007"",""T1087.001"",""T1016"",""T1049"",""T1082"",""T1482"",""T1069"",""T1558.003"",""T1021.001""]",T1105,T1105,wizard_spider,wizard_spider,wizard_spider,unknown,high
wizard_spider::unknown::22,ctid,wizard_spider::unknown,22,"[""T1105"",""T1078"",""T1204"",""T1547"",""T1082"",""T1057"",""T1105"",""T1552"",""T1114"",""T1021"",""T1105"",""T1082"",""T1007"",""T1087"",""T1016"",""T1049"",""T1082"",""T1482"",""T1069"",""T1558"",""T1021"",""T1105""]","[""T1105"",""T1078"",""T1204.002"",""T1547.001"",""T1082"",""T1057"",""T1105"",""T1552"",""T1114.001"",""T1021.001"",""T1105"",""T1082"",""T1007"",""T1087.001"",""T1016"",""T1049"",""T1082"",""T1482"",""T1069"",""T1558.003"",""T1021.001"",""T1105""]",T1021,T1021.001,wizard_spider,wizard_spider,wizard_spider,unknown,high
wizard_spider::unknown::23,ctid,wizard_spider::unknown,23,"[""T1105"",""T1078"",""T1204"",""T1547"",""T1082"",""T1057"",""T1105"",""T1552"",""T1114"",""T1021"",""T1105"",""T1082"",""T1007"",""T1087"",""T1016"",""T1049"",""T1082"",""T1482"",""T1069"",""T1558"",""T1021"",""T1105"",""T1021""]","[""T1105"",""T1078"",""T1204.002"",""T1547.001"",""T1082"",""T1057"",""T1105"",""T1552"",""T1114.001"",""T1021.001"",""T1105"",""T1082"",""T1007"",""T1087.001"",""T1016"",""T1049"",""T1082"",""T1482"",""T1069"",""T1558.003"",""T1021.001"",""T1105"",""T1021.001""]",T1105,T1105,wizard_spider,wizard_spider,wizard_spider,unknown,high
wizard_spider::unknown::24,ctid,wizard_spider::unknown,24,"[""T1105"",""T1078"",""T1204"",""T1547"",""T1082"",""T1057"",""T1105"",""T1552"",""T1114"",""T1021"",""T1105"",""T1082"",""T1007"",""T1087"",""T1016"",""T1049"",""T1082"",""T1482"",""T1069"",""T1558"",""T1021"",""T1105"",""T1021"",""T1105""]","[""T1105"",""T1078"",""T1204.002"",""T1547.001"",""T1082"",""T1057"",""T1105"",""T1552"",""T1114.001"",""T1021.001"",""T1105"",""T1082"",""T1007"",""T1087.001"",""T1016"",""T1049"",""T1082"",""T1482"",""T1069"",""T1558.003"",""T1021.001"",""T1105"",""T1021.001"",""T1105""]",T1547,T1547.004,wizard_spider,wizard_spider,wizard_spider,unknown,high
wizard_spider::unknown::25,ctid,wizard_spider::unknown,25,"[""T1105"",""T1078"",""T1204"",""T1547"",""T1082"",""T1057"",""T1105"",""T1552"",""T1114"",""T1021"",""T1105"",""T1082"",""T1007"",""T1087"",""T1016"",""T1049"",""T1082"",""T1482"",""T1069"",""T1558"",""T1021"",""T1105"",""T1021"",""T1105"",""T1547""]","[""T1105"",""T1078"",""T1204.002"",""T1547.001"",""T1082"",""T1057"",""T1105"",""T1552"",""T1114.001"",""T1021.001"",""T1105"",""T1082"",""T1007"",""T1087.001"",""T1016"",""T1049"",""T1082"",""T1482"",""T1069"",""T1558.003"",""T1021.001"",""T1105"",""T1021.001"",""T1105"",""T1547.004""]",T1069,T1069.002,wizard_spider,wizard_spider,wizard_spider,unknown,high
wizard_spider::unknown::26,ctid,wizard_spider::unknown,26,"[""T1105"",""T1078"",""T1204"",""T1547"",""T1082"",""T1057"",""T1105"",""T1552"",""T1114"",""T1021"",""T1105"",""T1082"",""T1007"",""T1087"",""T1016"",""T1049"",""T1082"",""T1482"",""T1069"",""T1558"",""T1021"",""T1105"",""T1021"",""T1105"",""T1547"",""T1069""]","[""T1105"",""T1078"",""T1204.002"",""T1547.001"",""T1082"",""T1057"",""T1105"",""T1552"",""T1114.001"",""T1021.001"",""T1105"",""T1082"",""T1007"",""T1087.001"",""T1016"",""T1049"",""T1082"",""T1482"",""T1069"",""T1558.003"",""T1021.001"",""T1105"",""T1021.001"",""T1105"",""T1547.004"",""T1069.002""]",T1003,T1003.003,wizard_spider,wizard_spider,wizard_spider,unknown,high
wizard_spider::unknown::27,ctid,wizard_spider::unknown,27,"[""T1105"",""T1078"",""T1204"",""T1547"",""T1082"",""T1057"",""T1105"",""T1552"",""T1114"",""T1021"",""T1105"",""T1082"",""T1007"",""T1087"",""T1016"",""T1049"",""T1082"",""T1482"",""T1069"",""T1558"",""T1021"",""T1105"",""T1021"",""T1105"",""T1547"",""T1069"",""T1003""]","[""T1105"",""T1078"",""T1204.002"",""T1547.001"",""T1082"",""T1057"",""T1105"",""T1552"",""T1114.001"",""T1021.001"",""T1105"",""T1082"",""T1007"",""T1087.001"",""T1016"",""T1049"",""T1082"",""T1482"",""T1069"",""T1558.003"",""T1021.001"",""T1105"",""T1021.001"",""T1105"",""T1547.004"",""T1069.002"",""T1003.003""]",T1105,T1105,wizard_spider,wizard_spider,wizard_spider,unknown,high
wizard_spider::unknown::28,ctid,wizard_spider::unknown,28,"[""T1105"",""T1078"",""T1204"",""T1547"",""T1082"",""T1057"",""T1105"",""T1552"",""T1114"",""T1021"",""T1105"",""T1082"",""T1007"",""T1087"",""T1016"",""T1049"",""T1082"",""T1482"",""T1069"",""T1558"",""T1021"",""T1105"",""T1021"",""T1105"",""T1547"",""T1069"",""T1003"",""T1105""]","[""T1105"",""T1078"",""T1204.002"",""T1547.001"",""T1082"",""T1057"",""T1105"",""T1552"",""T1114.001"",""T1021.001"",""T1105"",""T1082"",""T1007"",""T1087.001"",""T1016"",""T1049"",""T1082"",""T1482"",""T1069"",""T1558.003"",""T1021.001"",""T1105"",""T1021.001"",""T1105"",""T1547.004"",""T1069.002"",""T1003.003"",""T1105""]",T1222,T1222.001,wizard_spider,wizard_spider,wizard_spider,unknown,high
wizard_spider::unknown::29,ctid,wizard_spider::unknown,29,"[""T1105"",""T1078"",""T1204"",""T1547"",""T1082"",""T1057"",""T1105"",""T1552"",""T1114"",""T1021"",""T1105"",""T1082"",""T1007"",""T1087"",""T1016"",""T1049"",""T1082"",""T1482"",""T1069"",""T1558"",""T1021"",""T1105"",""T1021"",""T1105"",""T1547"",""T1069"",""T1003"",""T1105"",""T1222""]","[""T1105"",""T1078"",""T1204.002"",""T1547.001"",""T1082"",""T1057"",""T1105"",""T1552"",""T1114.001"",""T1021.001"",""T1105"",""T1082"",""T1007"",""T1087.001"",""T1016"",""T1049"",""T1082"",""T1482"",""T1069"",""T1558.003"",""T1021.001"",""T1105"",""T1021.001"",""T1105"",""T1547.004"",""T1069.002"",""T1003.003"",""T1105"",""T1222.001""]",T1489,T1489,wizard_spider,wizard_spider,wizard_spider,unknown,high
wizard_spider::unknown::3,ctid,wizard_spider::unknown,3,"[""T1105"",""T1078"",""T1204""]","[""T1105"",""T1078"",""T1204.002""]",T1547,T1547.001,wizard_spider,wizard_spider,wizard_spider,unknown,high
wizard_spider::unknown::30,ctid,wizard_spider::unknown,30,"[""T1105"",""T1078"",""T1204"",""T1547"",""T1082"",""T1057"",""T1105"",""T1552"",""T1114"",""T1021"",""T1105"",""T1082"",""T1007"",""T1087"",""T1016"",""T1049"",""T1082"",""T1482"",""T1069"",""T1558"",""T1021"",""T1105"",""T1021"",""T1105"",""T1547"",""T1069"",""T1003"",""T1105"",""T1222"",""T1489""]","[""T1105"",""T1078"",""T1204.002"",""T1547.001"",""T1082"",""T1057"",""T1105"",""T1552"",""T1114.001"",""T1021.001"",""T1105"",""T1082"",""T1007"",""T1087.001"",""T1016"",""T1049"",""T1082"",""T1482"",""T1069"",""T1558.003"",""T1021.001"",""T1105"",""T1021.001"",""T1105"",""T1547.004"",""T1069.002"",""T1003.003"",""T1105"",""T1222.001"",""T1489""]",T1105,T1105,wizard_spider,wizard_spider,wizard_spider,unknown,high
wizard_spider::unknown::31,ctid,wizard_spider::unknown,31,"[""T1105"",""T1078"",""T1204"",""T1547"",""T1082"",""T1057"",""T1105"",""T1552"",""T1114"",""T1021"",""T1105"",""T1082"",""T1007"",""T1087"",""T1016"",""T1049"",""T1082"",""T1482"",""T1069"",""T1558"",""T1021"",""T1105"",""T1021"",""T1105"",""T1547"",""T1069"",""T1003"",""T1105"",""T1222"",""T1489"",""T1105""]","[""T1105"",""T1078"",""T1204.002"",""T1547.001"",""T1082"",""T1057"",""T1105"",""T1552"",""T1114.001"",""T1021.001"",""T1105"",""T1082"",""T1007"",""T1087.001"",""T1016"",""T1049"",""T1082"",""T1482"",""T1069"",""T1558.003"",""T1021.001"",""T1105"",""T1021.001"",""T1105"",""T1547.004"",""T1069.002"",""T1003.003"",""T1105"",""T1222.001"",""T1489"",""T1105""]",T1490,T1490,wizard_spider,wizard_spider,wizard_spider,unknown,high
wizard_spider::unknown::32,ctid,wizard_spider::unknown,32,"[""T1105"",""T1078"",""T1204"",""T1547"",""T1082"",""T1057"",""T1105"",""T1552"",""T1114"",""T1021"",""T1105"",""T1082"",""T1007"",""T1087"",""T1016"",""T1049"",""T1082"",""T1482"",""T1069"",""T1558"",""T1021"",""T1105"",""T1021"",""T1105"",""T1547"",""T1069"",""T1003"",""T1105"",""T1222"",""T1489"",""T1105"",""T1490""]","[""T1105"",""T1078"",""T1204.002"",""T1547.001"",""T1082"",""T1057"",""T1105"",""T1552"",""T1114.001"",""T1021.001"",""T1105"",""T1082"",""T1007"",""T1087.001"",""T1016"",""T1049"",""T1082"",""T1482"",""T1069"",""T1558.003"",""T1021.001"",""T1105"",""T1021.001"",""T1105"",""T1547.004"",""T1069.002"",""T1003.003"",""T1105"",""T1222.001"",""T1489"",""T1105"",""T1490""]",T1105,T1105,wizard_spider,wizard_spider,wizard_spider,unknown,high
wizard_spider::unknown::33,ctid,wizard_spider::unknown,33,"[""T1105"",""T1078"",""T1204"",""T1547"",""T1082"",""T1057"",""T1105"",""T1552"",""T1114"",""T1021"",""T1105"",""T1082"",""T1007"",""T1087"",""T1016"",""T1049"",""T1082"",""T1482"",""T1069"",""T1558"",""T1021"",""T1105"",""T1021"",""T1105"",""T1547"",""T1069"",""T1003"",""T1105"",""T1222"",""T1489"",""T1105"",""T1490"",""T1105""]","[""T1105"",""T1078"",""T1204.002"",""T1547.001"",""T1082"",""T1057"",""T1105"",""T1552"",""T1114.001"",""T1021.001"",""T1105"",""T1082"",""T1007"",""T1087.001"",""T1016"",""T1049"",""T1082"",""T1482"",""T1069"",""T1558.003"",""T1021.001"",""T1105"",""T1021.001"",""T1105"",""T1547.004"",""T1069.002"",""T1003.003"",""T1105"",""T1222.001"",""T1489"",""T1105"",""T1490"",""T1105""]",T1486,T1486,wizard_spider,wizard_spider,wizard_spider,unknown,high
wizard_spider::unknown::34,ctid,wizard_spider::unknown,34,"[""T1105"",""T1078"",""T1204"",""T1547"",""T1082"",""T1057"",""T1105"",""T1552"",""T1114"",""T1021"",""T1105"",""T1082"",""T1007"",""T1087"",""T1016"",""T1049"",""T1082"",""T1482"",""T1069"",""T1558"",""T1021"",""T1105"",""T1021"",""T1105"",""T1547"",""T1069"",""T1003"",""T1105"",""T1222"",""T1489"",""T1105"",""T1490"",""T1105"",""T1486""]","[""T1105"",""T1078"",""T1204.002"",""T1547.001"",""T1082"",""T1057"",""T1105"",""T1552"",""T1114.001"",""T1021.001"",""T1105"",""T1082"",""T1007"",""T1087.001"",""T1016"",""T1049"",""T1082"",""T1482"",""T1069"",""T1558.003"",""T1021.001"",""T1105"",""T1021.001"",""T1105"",""T1547.004"",""T1069.002"",""T1003.003"",""T1105"",""T1222.001"",""T1489"",""T1105"",""T1490"",""T1105"",""T1486""]",T1021,T1021.001,wizard_spider,wizard_spider,wizard_spider,unknown,high
wizard_spider::unknown::4,ctid,wizard_spider::unknown,4,"[""T1105"",""T1078"",""T1204"",""T1547""]","[""T1105"",""T1078"",""T1204.002"",""T1547.001""]",T1082,T1082,wizard_spider,wizard_spider,wizard_spider,unknown,high
wizard_spider::unknown::5,ctid,wizard_spider::unknown,5,"[""T1105"",""T1078"",""T1204"",""T1547"",""T1082""]","[""T1105"",""T1078"",""T1204.002"",""T1547.001"",""T1082""]",T1057,T1057,wizard_spider,wizard_spider,wizard_spider,unknown,high
wizard_spider::unknown::6,ctid,wizard_spider::unknown,6,"[""T1105"",""T1078"",""T1204"",""T1547"",""T1082"",""T1057""]","[""T1105"",""T1078"",""T1204.002"",""T1547.001"",""T1082"",""T1057""]",T1105,T1105,wizard_spider,wizard_spider,wizard_spider,unknown,high
wizard_spider::unknown::7,ctid,wizard_spider::unknown,7,"[""T1105"",""T1078"",""T1204"",""T1547"",""T1082"",""T1057"",""T1105""]","[""T1105"",""T1078"",""T1204.002"",""T1547.001"",""T1082"",""T1057"",""T1105""]",T1552,T1552,wizard_spider,wizard_spider,wizard_spider,unknown,high
wizard_spider::unknown::8,ctid,wizard_spider::unknown,8,"[""T1105"",""T1078"",""T1204"",""T1547"",""T1082"",""T1057"",""T1105"",""T1552""]","[""T1105"",""T1078"",""T1204.002"",""T1547.001"",""T1082"",""T1057"",""T1105"",""T1552""]",T1114,T1114.001,wizard_spider,wizard_spider,wizard_spider,unknown,high
wizard_spider::unknown::9,ctid,wizard_spider::unknown,9,"[""T1105"",""T1078"",""T1204"",""T1547"",""T1082"",""T1057"",""T1105"",""T1552"",""T1114""]","[""T1105"",""T1078"",""T1204.002"",""T1547.001"",""T1082"",""T1057"",""T1105"",""T1552"",""T1114.001""]",T1021,T1021.001,wizard_spider,wizard_spider,wizard_spider,unknown,high
