held_out_source,inner_validation_source,seed,epoch,lambda,campaign_macro_ndcg5,five_seed_two_source_mean_ndcg5,selected,training_rows,validation_rows
attack_flow,ctid,42,20,0.0,0.10632013574118082,0.12909526090771803,1,109,263
attack_flow,ctid,42,20,0.1,0.10462322523810522,0.11532274919935392,0,109,263
attack_flow,ctid,42,20,0.2,0.10106189374345922,0.11271685316271732,0,109,263
attack_flow,ctid,42,20,0.3,0.0970202119940829,0.1085544552937601,0,109,263
attack_flow,ctid,42,20,0.4,0.09872676772584296,0.10074912520507158,0,109,263
attack_flow,ctid,42,20,0.5,0.10558293567546137,0.08883744558367905,0,109,263
attack_flow,ctid,42,20,0.6,0.11406857009041416,0.09186195945541707,0,109,263
attack_flow,ctid,42,20,0.7,0.11471930136532327,0.0952717814484387,0,109,263
attack_flow,ctid,42,20,0.8,0.11512540646780627,0.09301322828913723,0,109,263
attack_flow,ctid,42,20,0.9,0.1100551390968852,0.08991180082812036,0,109,263
attack_flow,ctid,42,20,1.0,0.11087016178992246,0.09150092132437845,0,109,263
attack_flow,ctid,42,40,0.0,0.10632013574118082,0.12909526090771803,0,109,263
attack_flow,ctid,42,40,0.1,0.1037170744407753,0.11596853359186499,0,109,263
attack_flow,ctid,42,40,0.2,0.10300154596592878,0.11606652313419925,0,109,263
attack_flow,ctid,42,40,0.3,0.10436359266536052,0.11420046285446957,0,109,263
attack_flow,ctid,42,40,0.4,0.10453159920481532,0.10818370723753792,0,109,263
attack_flow,ctid,42,40,0.5,0.10798045067990622,0.1006381501213182,0,109,263
attack_flow,ctid,42,40,0.6,0.10653705335835106,0.09190409950648123,0,109,263
attack_flow,ctid,42,40,0.7,0.11627614401580613,0.09132743582101387,0,109,263
attack_flow,ctid,42,40,0.8,0.11169236234696778,0.08988374195045862,0,109,263
attack_flow,ctid,42,40,0.9,0.1149040287287381,0.0885098621343221,0,109,263
attack_flow,ctid,42,40,1.0,0.12597919148999806,0.09052523341108018,0,109,263
attack_flow,ctid,42,60,0.0,0.10632013574118082,0.12909526090771803,0,109,263
attack_flow,ctid,42,60,0.1,0.10382531419847632,0.11624644830238984,0,109,263
attack_flow,ctid,42,60,0.2,0.10340034497394668,0.11567623990156468,0,109,263
attack_flow,ctid,42,60,0.3,0.1002963578801167,0.11236070454676439,0,109,263
attack_flow,ctid,42,60,0.4,0.10587396145153796,0.11052702249779496,0,109,263
attack_flow,ctid,42,60,0.5,0.10187456603775566,0.10532150521312766,0,109,263
attack_flow,ctid,42,60,0.6,0.10280927600963549,0.09342171508718454,0,109,263
attack_flow,ctid,42,60,0.7,0.10995508269727332,0.09124811894391104,0,109,263
attack_flow,ctid,42,60,0.8,0.1088562282635851,0.08905642747946589,0,109,263
attack_flow,ctid,42,60,0.9,0.10822676068579465,0.09039287993225141,0,109,263
attack_flow,ctid,42,60,1.0,0.11184616115657353,0.08838031970629541,0,109,263
attack_flow,ctid,42,80,0.0,0.10632013574118082,0.12909526090771803,0,109,263
attack_flow,ctid,42,80,0.1,0.10423576527659631,0.11694680678067075,0,109,263
attack_flow,ctid,42,80,0.2,0.10392319086993258,0.11533794369456238,0,109,263
attack_flow,ctid,42,80,0.3,0.09935276337188144,0.11231922360237794,0,109,263
attack_flow,ctid,42,80,0.4,0.09846910213987224,0.11134956551972638,0,109,263
attack_flow,ctid,42,80,0.5,0.10207455577727402,0.10833768284902527,0,109,263
attack_flow,ctid,42,80,0.6,0.10474190313422008,0.103898286465629,0,109,263
attack_flow,ctid,42,80,0.7,0.10600653706369885,0.09252547997850334,0,109,263
attack_flow,ctid,42,80,0.8,0.11233880895949062,0.09205211665426269,0,109,263
attack_flow,ctid,42,80,0.9,0.10886853089163753,0.09433028448486036,0,109,263
attack_flow,ctid,42,80,1.0,0.1008603615284556,0.0964203780241733,0,109,263
attack_flow,ctid,42,100,0.0,0.10632013574118082,0.12909526090771803,0,109,263
attack_flow,ctid,42,100,0.1,0.10374381238783056,0.1177876914302016,0,109,263
attack_flow,ctid,42,100,0.2,0.10355779191591155,0.11666918744019275,0,109,263
attack_flow,ctid,42,100,0.3,0.09670020205503085,0.11319113766166163,0,109,263
attack_flow,ctid,42,100,0.4,0.09971637797992382,0.11264828183041367,0,109,263
attack_flow,ctid,42,100,0.5,0.10381434510523428,0.10990937375478316,0,109,263
attack_flow,ctid,42,100,0.6,0.10054487637341143,0.10569816159901453,0,109,263
attack_flow,ctid,42,100,0.7,0.10523881021753026,0.09421690931793268,0,109,263
attack_flow,ctid,42,100,0.8,0.10665139069256906,0.09089976242310094,0,109,263
attack_flow,ctid,42,100,0.9,0.10505579958437239,0.09249281662897997,0,109,263
attack_flow,ctid,42,100,1.0,0.09712097095264391,0.09003348191363365,0,109,263
attack_flow,ctid,43,20,0.0,0.10124688596287826,0.12909526090771803,1,109,263
attack_flow,ctid,43,20,0.1,0.10046834566327063,0.11532274919935392,0,109,263
attack_flow,ctid,43,20,0.2,0.09618965620441679,0.11271685316271732,0,109,263
attack_flow,ctid,43,20,0.3,0.09963449023428014,0.1085544552937601,0,109,263
attack_flow,ctid,43,20,0.4,0.10382393902718134,0.10074912520507158,0,109,263
attack_flow,ctid,43,20,0.5,0.10908891098543554,0.08883744558367905,0,109,263
attack_flow,ctid,43,20,0.6,0.11464996919366584,0.09186195945541707,0,109,263
attack_flow,ctid,43,20,0.7,0.11565462998604545,0.0952717814484387,0,109,263
attack_flow,ctid,43,20,0.8,0.12065337089324076,0.09301322828913723,0,109,263
attack_flow,ctid,43,20,0.9,0.12039447484338336,0.08991180082812036,0,109,263
attack_flow,ctid,43,20,1.0,0.12722191021867063,0.09150092132437845,0,109,263
attack_flow,ctid,43,40,0.0,0.10124688596287826,0.12909526090771803,0,109,263
attack_flow,ctid,43,40,0.1,0.101670681004428,0.11596853359186499,0,109,263
attack_flow,ctid,43,40,0.2,0.09849732245359766,0.11606652313419925,0,109,263
attack_flow,ctid,43,40,0.3,0.09948556584369313,0.11420046285446957,0,109,263
attack_flow,ctid,43,40,0.4,0.10039674415635513,0.10818370723753792,0,109,263
attack_flow,ctid,43,40,0.5,0.11061340351434128,0.1006381501213182,0,109,263
attack_flow,ctid,43,40,0.6,0.11118624844065857,0.09190409950648123,0,109,263
attack_flow,ctid,43,40,0.7,0.11740107800215382,0.09132743582101387,0,109,263
attack_flow,ctid,43,40,0.8,0.11580821565224715,0.08988374195045862,0,109,263
attack_flow,ctid,43,40,0.9,0.11868693747611767,0.0885098621343221,0,109,263
attack_flow,ctid,43,40,1.0,0.11552293186563534,0.09052523341108018,0,109,263
attack_flow,ctid,43,60,0.0,0.10124688596287826,0.12909526090771803,0,109,263
attack_flow,ctid,43,60,0.1,0.10141603258294137,0.11624644830238984,0,109,263
attack_flow,ctid,43,60,0.2,0.09911203772995492,0.11567623990156468,0,109,263
attack_flow,ctid,43,60,0.3,0.09654817288511629,0.11236070454676439,0,109,263
attack_flow,ctid,43,60,0.4,0.10055829405007019,0.11052702249779496,0,109,263
attack_flow,ctid,43,60,0.5,0.1043673308760891,0.10532150521312766,0,109,263
attack_flow,ctid,43,60,0.6,0.10665397337956775,0.09342171508718454,0,109,263
attack_flow,ctid,43,60,0.7,0.11159157873691641,0.09124811894391104,0,109,263
attack_flow,ctid,43,60,0.8,0.11240981767984326,0.08905642747946589,0,109,263
attack_flow,ctid,43,60,0.9,0.11392906934677313,0.09039287993225141,0,109,263
attack_flow,ctid,43,60,1.0,0.11485993452502594,0.08838031970629541,0,109,263
attack_flow,ctid,43,80,0.0,0.10124688596287826,0.12909526090771803,0,109,263
attack_flow,ctid,43,80,0.1,0.10229272866232175,0.11694680678067075,0,109,263
attack_flow,ctid,43,80,0.2,0.09953066442644179,0.11533794369456238,0,109,263
attack_flow,ctid,43,80,0.3,0.09550707436285652,0.11231922360237794,0,109,263
attack_flow,ctid,43,80,0.4,0.10138073331782767,0.11134956551972638,0,109,263
attack_flow,ctid,43,80,0.5,0.10348788508724469,0.10833768284902527,0,109,263
attack_flow,ctid,43,80,0.6,0.10544350871873395,0.103898286465629,0,109,263
attack_flow,ctid,43,80,0.7,0.11239111952623745,0.09252547997850334,0,109,263
attack_flow,ctid,43,80,0.8,0.10806913274740555,0.09205211665426269,0,109,263
attack_flow,ctid,43,80,0.9,0.11675781682413558,0.09433028448486036,0,109,263
attack_flow,ctid,43,80,1.0,0.12466857241291499,0.0964203780241733,0,109,263
attack_flow,ctid,43,100,0.0,0.10124688596287826,0.12909526090771803,0,109,263
attack_flow,ctid,43,100,0.1,0.09851795581819325,0.1177876914302016,0,109,263
attack_flow,ctid,43,100,0.2,0.09422446188035243,0.11666918744019275,0,109,263
attack_flow,ctid,43,100,0.3,0.09130061244460573,0.11319113766166163,0,109,263
attack_flow,ctid,43,100,0.4,0.0873795550597506,0.11264828183041367,0,109,263
attack_flow,ctid,43,100,0.5,0.09349168511724561,0.10990937375478316,0,109,263
attack_flow,ctid,43,100,0.6,0.10417646872714201,0.10569816159901453,0,109,263
attack_flow,ctid,43,100,0.7,0.10346535828452888,0.09421690931793268,0,109,263
attack_flow,ctid,43,100,0.8,0.10533214118924283,0.09089976242310094,0,109,263
attack_flow,ctid,43,100,0.9,0.10519193909631604,0.09249281662897997,0,109,263
attack_flow,ctid,43,100,1.0,0.10084294487913434,0.09003348191363365,0,109,263
attack_flow,ctid,44,20,0.0,0.10821325635934269,0.12909526090771803,1,109,263
attack_flow,ctid,44,20,0.1,0.10164110356468743,0.11532274919935392,0,109,263
attack_flow,ctid,44,20,0.2,0.09881241172101654,0.11271685316271732,0,109,263
attack_flow,ctid,44,20,0.3,0.1005903419479417,0.1085544552937601,0,109,263
attack_flow,ctid,44,20,0.4,0.10396914196795715,0.10074912520507158,0,109,263
attack_flow,ctid,44,20,0.5,0.1068234985841191,0.08883744558367905,0,109,263
attack_flow,ctid,44,20,0.6,0.11682494940182771,0.09186195945541707,0,109,263
attack_flow,ctid,44,20,0.7,0.11709708988280794,0.0952717814484387,0,109,263
attack_flow,ctid,44,20,0.8,0.11792717698771012,0.09301322828913723,0,109,263
attack_flow,ctid,44,20,0.9,0.12004332553418348,0.08991180082812036,0,109,263
attack_flow,ctid,44,20,1.0,0.11272531614748642,0.09150092132437845,0,109,263
attack_flow,ctid,44,40,0.0,0.10821325635934269,0.12909526090771803,0,109,263
attack_flow,ctid,44,40,0.1,0.10213575096325359,0.11596853359186499,0,109,263
attack_flow,ctid,44,40,0.2,0.10253755831993952,0.11606652313419925,0,109,263
attack_flow,ctid,44,40,0.3,0.09944853045805205,0.11420046285446957,0,109,263
attack_flow,ctid,44,40,0.4,0.10146453020449175,0.10818370723753792,0,109,263
attack_flow,ctid,44,40,0.5,0.11339350402043154,0.1006381501213182,0,109,263
attack_flow,ctid,44,40,0.6,0.11406645424407216,0.09190409950648123,0,109,263
attack_flow,ctid,44,40,0.7,0.11914087142453991,0.09132743582101387,0,109,263
attack_flow,ctid,44,40,0.8,0.12064150930968309,0.08988374195045862,0,109,263
attack_flow,ctid,44,40,0.9,0.12447047026916133,0.0885098621343221,0,109,263
attack_flow,ctid,44,40,1.0,0.13199764545284498,0.09052523341108018,0,109,263
attack_flow,ctid,44,60,0.0,0.10821325635934269,0.12909526090771803,0,109,263
attack_flow,ctid,44,60,0.1,0.10269755197883493,0.11624644830238984,0,109,263
attack_flow,ctid,44,60,0.2,0.10106192536258932,0.11567623990156468,0,109,263
attack_flow,ctid,44,60,0.3,0.097830826233346,0.11236070454676439,0,109,263
attack_flow,ctid,44,60,0.4,0.09965193218643295,0.11052702249779496,0,109,263
attack_flow,ctid,44,60,0.5,0.1080490393446479,0.10532150521312766,0,109,263
attack_flow,ctid,44,60,0.6,0.10910423254240816,0.09342171508718454,0,109,263
attack_flow,ctid,44,60,0.7,0.11420801159236907,0.09124811894391104,0,109,263
attack_flow,ctid,44,60,0.8,0.11471781956851401,0.08905642747946589,0,109,263
attack_flow,ctid,44,60,0.9,0.11750641531195005,0.09039287993225141,0,109,263
attack_flow,ctid,44,60,1.0,0.11561321368912827,0.08838031970629541,0,109,263
attack_flow,ctid,44,80,0.0,0.10821325635934269,0.12909526090771803,0,109,263
attack_flow,ctid,44,80,0.1,0.10269755197883493,0.11694680678067075,0,109,263
attack_flow,ctid,44,80,0.2,0.10122286048960198,0.11533794369456238,0,109,263
attack_flow,ctid,44,80,0.3,0.09823366508132157,0.11231922360237794,0,109,263
attack_flow,ctid,44,80,0.4,0.09890771982085686,0.11134956551972638,0,109,263
attack_flow,ctid,44,80,0.5,0.10216559797769842,0.10833768284902527,0,109,263
attack_flow,ctid,44,80,0.6,0.10351951033540155,0.103898286465629,0,109,263
attack_flow,ctid,44,80,0.7,0.1133239047513471,0.09252547997850334,0,109,263
attack_flow,ctid,44,80,0.8,0.11574796863349397,0.09205211665426269,0,109,263
attack_flow,ctid,44,80,0.9,0.11790924456701843,0.09433028448486036,0,109,263
attack_flow,ctid,44,80,1.0,0.11781354663938463,0.0964203780241733,0,109,263
attack_flow,ctid,44,100,0.0,0.10821325635934269,0.12909526090771803,0,109,263
attack_flow,ctid,44,100,0.1,0.10224388736334529,0.1177876914302016,0,109,263
attack_flow,ctid,44,100,0.2,0.1013544429586801,0.11666918744019275,0,109,263
attack_flow,ctid,44,100,0.3,0.0932339356608263,0.11319113766166163,0,109,263
attack_flow,ctid,44,100,0.4,0.09199847972055326,0.11264828183041367,0,109,263
attack_flow,ctid,44,100,0.5,0.0972005417423617,0.10990937375478316,0,109,263
attack_flow,ctid,44,100,0.6,0.10092383965915457,0.10569816159901453,0,109,263
attack_flow,ctid,44,100,0.7,0.10409712623881746,0.09421690931793268,0,109,263
attack_flow,ctid,44,100,0.8,0.1037575349367638,0.09089976242310094,0,109,263
attack_flow,ctid,44,100,0.9,0.10168376867376254,0.09249281662897997,0,109,263
attack_flow,ctid,44,100,1.0,0.09598487510800076,0.09003348191363365,0,109,263
attack_flow,ctid,45,20,0.0,0.09846050989439702,0.12909526090771803,1,109,263
attack_flow,ctid,45,20,0.1,0.0960257910922391,0.11532274919935392,0,109,263
attack_flow,ctid,45,20,0.2,0.09341360999176691,0.11271685316271732,0,109,263
attack_flow,ctid,45,20,0.3,0.0972533345534175,0.1085544552937601,0,109,263
attack_flow,ctid,45,20,0.4,0.10346884444571727,0.10074912520507158,0,109,263
attack_flow,ctid,45,20,0.5,0.10470895611294831,0.08883744558367905,0,109,263
attack_flow,ctid,45,20,0.6,0.11043173209668795,0.09186195945541707,0,109,263
attack_flow,ctid,45,20,0.7,0.1150079092544648,0.0952717814484387,0,109,263
attack_flow,ctid,45,20,0.8,0.11688395309295026,0.09301322828913723,0,109,263
attack_flow,ctid,45,20,0.9,0.11827091035076345,0.08991180082812036,0,109,263
attack_flow,ctid,45,20,1.0,0.12775639558082189,0.09150092132437845,0,109,263
attack_flow,ctid,45,40,0.0,0.09846050989439702,0.12909526090771803,0,109,263
attack_flow,ctid,45,40,0.1,0.09691309707872793,0.11596853359186499,0,109,263
attack_flow,ctid,45,40,0.2,0.09737581171515172,0.11606652313419925,0,109,263
attack_flow,ctid,45,40,0.3,0.10006888634574196,0.11420046285446957,0,109,263
attack_flow,ctid,45,40,0.4,0.10770645063284914,0.10818370723753792,0,109,263
attack_flow,ctid,45,40,0.5,0.11293338383742699,0.1006381501213182,0,109,263
attack_flow,ctid,45,40,0.6,0.11669853136596439,0.09190409950648123,0,109,263
attack_flow,ctid,45,40,0.7,0.11967047735613341,0.09132743582101387,0,109,263
attack_flow,ctid,45,40,0.8,0.12275330421433465,0.08988374195045862,0,109,263
attack_flow,ctid,45,40,0.9,0.12465088976762215,0.0885098621343221,0,109,263
attack_flow,ctid,45,40,1.0,0.12197937966752585,0.09052523341108018,0,109,263
attack_flow,ctid,45,60,0.0,0.09846050989439702,0.12909526090771803,0,109,263
attack_flow,ctid,45,60,0.1,0.097560566489487,0.11624644830238984,0,109,263
attack_flow,ctid,45,60,0.2,0.09684158497628535,0.11567623990156468,0,109,263
attack_flow,ctid,45,60,0.3,0.10184847316135348,0.11236070454676439,0,109,263
attack_flow,ctid,45,60,0.4,0.10737164331297051,0.11052702249779496,0,109,263
attack_flow,ctid,45,60,0.5,0.11654538778690411,0.10532150521312766,0,109,263
attack_flow,ctid,45,60,0.6,0.11682625668805044,0.09342171508718454,0,109,263
attack_flow,ctid,45,60,0.7,0.12402699140022835,0.09124811894391104,0,109,263
attack_flow,ctid,45,60,0.8,0.12605021655404694,0.08905642747946589,0,109,263
attack_flow,ctid,45,60,0.9,0.1297622926530857,0.09039287993225141,0,109,263
attack_flow,ctid,45,60,1.0,0.13157716727891866,0.08838031970629541,0,109,263
attack_flow,ctid,45,80,0.0,0.09846050989439702,0.12909526090771803,0,109,263
attack_flow,ctid,45,80,0.1,0.09712848059924474,0.11694680678067075,0,109,263
attack_flow,ctid,45,80,0.2,0.09696117046998257,0.11533794369456238,0,109,263
attack_flow,ctid,45,80,0.3,0.09607101852693015,0.11231922360237794,0,109,263
attack_flow,ctid,45,80,0.4,0.09785462861299461,0.11134956551972638,0,109,263
attack_flow,ctid,45,80,0.5,0.0995130978029013,0.10833768284902527,0,109,263
attack_flow,ctid,45,80,0.6,0.10456928943382793,0.103898286465629,0,109,263
attack_flow,ctid,45,80,0.7,0.10384786568496662,0.09252547997850334,0,109,263
attack_flow,ctid,45,80,0.8,0.10351410633699376,0.09205211665426269,0,109,263
attack_flow,ctid,45,80,0.9,0.10232709697324242,0.09433028448486036,0,109,263
attack_flow,ctid,45,80,1.0,0.10947044267903192,0.0964203780241733,0,109,263
attack_flow,ctid,45,100,0.0,0.09846050989439702,0.12909526090771803,0,109,263
attack_flow,ctid,45,100,0.1,0.09661071130027511,0.1177876914302016,0,109,263
attack_flow,ctid,45,100,0.2,0.09503349149066262,0.11666918744019275,0,109,263
attack_flow,ctid,45,100,0.3,0.09395067559622296,0.11319113766166163,0,109,263
attack_flow,ctid,45,100,0.4,0.09863850318866305,0.11264828183041367,0,109,263
attack_flow,ctid,45,100,0.5,0.10408313703892284,0.10990937375478316,0,109,263
attack_flow,ctid,45,100,0.6,0.10320492807652411,0.10569816159901453,0,109,263
attack_flow,ctid,45,100,0.7,0.1071281720486917,0.09421690931793268,0,109,263
attack_flow,ctid,45,100,0.8,0.10818726099572566,0.09089976242310094,0,109,263
attack_flow,ctid,45,100,0.9,0.104942409484248,0.09249281662897997,0,109,263
attack_flow,ctid,45,100,1.0,0.10073118567391608,0.09003348191363365,0,109,263
attack_flow,ctid,46,20,0.0,0.1025195286050203,0.12909526090771803,1,109,263
attack_flow,ctid,46,20,0.1,0.10084408922482332,0.11532274919935392,0,109,263
attack_flow,ctid,46,20,0.2,0.0985945931015098,0.11271685316271732,0,109,263
attack_flow,ctid,46,20,0.3,0.10306320868312499,0.1085544552937601,0,109,263
attack_flow,ctid,46,20,0.4,0.10972266623644719,0.10074912520507158,0,109,263
attack_flow,ctid,46,20,0.5,0.1133639746927124,0.08883744558367905,0,109,263
attack_flow,ctid,46,20,0.6,0.11292515981528735,0.09186195945541707,0,109,263
attack_flow,ctid,46,20,0.7,0.11300447968325093,0.0952717814484387,0,109,263
attack_flow,ctid,46,20,0.8,0.11080375449031563,0.09301322828913723,0,109,263
attack_flow,ctid,46,20,0.9,0.11159232584126158,0.08991180082812036,0,109,263
attack_flow,ctid,46,20,1.0,0.1188632861502376,0.09150092132437845,0,109,263
attack_flow,ctid,46,40,0.0,0.1025195286050203,0.12909526090771803,0,109,263
attack_flow,ctid,46,40,0.1,0.10153624297851938,0.11596853359186499,0,109,263
attack_flow,ctid,46,40,0.2,0.10134320262050492,0.11606652313419925,0,109,263
attack_flow,ctid,46,40,0.3,0.1022296483878609,0.11420046285446957,0,109,263
attack_flow,ctid,46,40,0.4,0.11017181259010553,0.10818370723753792,0,109,263
attack_flow,ctid,46,40,0.5,0.11532158469373939,0.1006381501213182,0,109,263
attack_flow,ctid,46,40,0.6,0.11434320259189493,0.09190409950648123,0,109,263
attack_flow,ctid,46,40,0.7,0.11540186725205973,0.09132743582101387,0,109,263
attack_flow,ctid,46,40,0.8,0.11687330660850222,0.08988374195045862,0,109,263
attack_flow,ctid,46,40,0.9,0.12119147855971601,0.0885098621343221,0,109,263
attack_flow,ctid,46,40,1.0,0.11710952252938941,0.09052523341108018,0,109,263
attack_flow,ctid,46,60,0.0,0.1025195286050203,0.12909526090771803,0,109,263
attack_flow,ctid,46,60,0.1,0.10207950636542114,0.11624644830238984,0,109,263
attack_flow,ctid,46,60,0.2,0.10168371083540892,0.11567623990156468,0,109,263
attack_flow,ctid,46,60,0.3,0.09919697343842226,0.11236070454676439,0,109,263
attack_flow,ctid,46,60,0.4,0.1030944038962108,0.11052702249779496,0,109,263
attack_flow,ctid,46,60,0.5,0.10916930995071765,0.10532150521312766,0,109,263
attack_flow,ctid,46,60,0.6,0.11437820441756277,0.09342171508718454,0,109,263
attack_flow,ctid,46,60,0.7,0.12474364318973157,0.09124811894391104,0,109,263
attack_flow,ctid,46,60,0.8,0.126809363695191,0.08905642747946589,0,109,263
attack_flow,ctid,46,60,0.9,0.13189710639102126,0.09039287993225141,0,109,263
attack_flow,ctid,46,60,1.0,0.13134166908331096,0.08838031970629541,0,109,263
attack_flow,ctid,46,80,0.0,0.1025195286050203,0.12909526090771803,0,109,263
attack_flow,ctid,46,80,0.1,0.10140548367066096,0.11694680678067075,0,109,263
attack_flow,ctid,46,80,0.2,0.10097989304765347,0.11533794369456238,0,109,263
attack_flow,ctid,46,80,0.3,0.10066394234702107,0.11231922360237794,0,109,263
attack_flow,ctid,46,80,0.4,0.10443159515930593,0.11134956551972638,0,109,263
attack_flow,ctid,46,80,0.5,0.11223672573881645,0.10833768284902527,0,109,263
attack_flow,ctid,46,80,0.6,0.1156090566787276,0.103898286465629,0,109,263
attack_flow,ctid,46,80,0.7,0.12087788000419708,0.09252547997850334,0,109,263
attack_flow,ctid,46,80,0.8,0.12140145585576945,0.09205211665426269,0,109,263
attack_flow,ctid,46,80,0.9,0.1249439644557588,0.09433028448486036,0,109,263
attack_flow,ctid,46,80,1.0,0.1289913787838152,0.0964203780241733,0,109,263
attack_flow,ctid,46,100,0.0,0.1025195286050203,0.12909526090771803,0,109,263
attack_flow,ctid,46,100,0.1,0.10082006518595643,0.1177876914302016,0,109,263
attack_flow,ctid,46,100,0.2,0.0995388945238247,0.11666918744019275,0,109,263
attack_flow,ctid,46,100,0.3,0.09755192746389421,0.11319113766166163,0,109,263
attack_flow,ctid,46,100,0.4,0.1022508321500799,0.11264828183041367,0,109,263
attack_flow,ctid,46,100,0.5,0.1057391442500657,0.10990937375478316,0,109,263
attack_flow,ctid,46,100,0.6,0.11120940879342334,0.10569816159901453,0,109,263
attack_flow,ctid,46,100,0.7,0.10587531989064292,0.09421690931793268,0,109,263
attack_flow,ctid,46,100,0.8,0.107375680900243,0.09089976242310094,0,109,263
attack_flow,ctid,46,100,0.9,0.10532468818325058,0.09249281662897997,0,109,263
attack_flow,ctid,46,100,1.0,0.1012466928685184,0.09003348191363365,0,109,263
attack_flow,stockpile,42,20,0.0,0.15578535298008467,0.12909526090771803,1,263,109
attack_flow,stockpile,42,20,0.1,0.13393809049793062,0.11532274919935392,0,263,109
attack_flow,stockpile,42,20,0.2,0.12781313137404746,0.11271685316271732,0,263,109
attack_flow,stockpile,42,20,0.3,0.12287144140297392,0.1085544552937601,0,263,109
attack_flow,stockpile,42,20,0.4,0.09698279883390688,0.10074912520507158,0,263,109
attack_flow,stockpile,42,20,0.5,0.06649162525262861,0.08883744558367905,0,263,109
attack_flow,stockpile,42,20,0.6,0.07620461633736039,0.09186195945541707,0,263,109
attack_flow,stockpile,42,20,0.7,0.07726867751265527,0.0952717814484387,0,263,109
attack_flow,stockpile,42,20,0.8,0.06937478804640175,0.09301322828913723,0,263,109
attack_flow,stockpile,42,20,0.9,0.07075425085452781,0.08991180082812036,0,263,109
attack_flow,stockpile,42,20,1.0,0.07564839745284353,0.09150092132437845,0,263,109
attack_flow,stockpile,42,40,0.0,0.15578535298008467,0.12909526090771803,0,263,109
attack_flow,stockpile,42,40,0.1,0.13389195137106777,0.11596853359186499,0,263,109
attack_flow,stockpile,42,40,0.2,0.128373629301582,0.11606652313419925,0,263,109
attack_flow,stockpile,42,40,0.3,0.12499283854876467,0.11420046285446957,0,263,109
attack_flow,stockpile,42,40,0.4,0.10815992365181092,0.10818370723753792,0,263,109
attack_flow,stockpile,42,40,0.5,0.08971464531411524,0.1006381501213182,0,263,109
attack_flow,stockpile,42,40,0.6,0.0631000999334997,0.09190409950648123,0,263,109
attack_flow,stockpile,42,40,0.7,0.06026935712850303,0.09132743582101387,0,263,109
attack_flow,stockpile,42,40,0.8,0.0660637952481949,0.08988374195045862,0,263,109
attack_flow,stockpile,42,40,0.9,0.06420899694506618,0.0885098621343221,0,263,109
attack_flow,stockpile,42,40,1.0,0.07069353310308114,0.09052523341108018,0,263,109
attack_flow,stockpile,42,60,0.0,0.15578535298008467,0.12909526090771803,0,263,109
attack_flow,stockpile,42,60,0.1,0.13541425483792158,0.11624644830238984,0,263,109
attack_flow,stockpile,42,60,0.2,0.13338782947989916,0.11567623990156468,0,263,109
attack_flow,stockpile,42,60,0.3,0.13037248219523354,0.11236070454676439,0,263,109
attack_flow,stockpile,42,60,0.4,0.12299910052433125,0.11052702249779496,0,263,109
attack_flow,stockpile,42,60,0.5,0.09387672916251683,0.10532150521312766,0,263,109
attack_flow,stockpile,42,60,0.6,0.08966402551175738,0.09342171508718454,0,263,109
attack_flow,stockpile,42,60,0.7,0.06859776547784034,0.09124811894391104,0,263,109
attack_flow,stockpile,42,60,0.8,0.06759815964276644,0.08905642747946589,0,263,109
attack_flow,stockpile,42,60,0.9,0.0667330252772679,0.09039287993225141,0,263,109
attack_flow,stockpile,42,60,1.0,0.0716149646938274,0.08838031970629541,0,263,109
attack_flow,stockpile,42,80,0.0,0.15578535298008467,0.12909526090771803,0,263,109
attack_flow,stockpile,42,80,0.1,0.14051953832342245,0.11694680678067075,0,263,109
attack_flow,stockpile,42,80,0.2,0.13800627562866347,0.11533794369456238,0,263,109
attack_flow,stockpile,42,80,0.3,0.1290307334372892,0.11231922360237794,0,263,109
attack_flow,stockpile,42,80,0.4,0.1283063610054637,0.11134956551972638,0,263,109
attack_flow,stockpile,42,80,0.5,0.11058565794095479,0.10833768284902527,0,263,109
attack_flow,stockpile,42,80,0.6,0.09621675675024072,0.103898286465629,0,263,109
attack_flow,stockpile,42,80,0.7,0.07522421911210725,0.09252547997850334,0,263,109
attack_flow,stockpile,42,80,0.8,0.08260429754313812,0.09205211665426269,0,263,109
attack_flow,stockpile,42,80,0.9,0.08411401164623664,0.09433028448486036,0,263,109
attack_flow,stockpile,42,80,1.0,0.087021484510222,0.0964203780241733,0,263,109
attack_flow,stockpile,42,100,0.0,0.15578535298008467,0.12909526090771803,0,263,109
attack_flow,stockpile,42,100,0.1,0.13798592822608355,0.1177876914302016,0,263,109
attack_flow,stockpile,42,100,0.2,0.14292085205520721,0.11666918744019275,0,263,109
attack_flow,stockpile,42,100,0.3,0.13361730971342797,0.11319113766166163,0,263,109
attack_flow,stockpile,42,100,0.4,0.13401505298699082,0.11264828183041367,0,263,109
attack_flow,stockpile,42,100,0.5,0.11751792340394124,0.10990937375478316,0,263,109
attack_flow,stockpile,42,100,0.6,0.10199108516792907,0.10569816159901453,0,263,109
attack_flow,stockpile,42,100,0.7,0.0774628298805899,0.09421690931793268,0,263,109
attack_flow,stockpile,42,100,0.8,0.07839327681529722,0.09089976242310094,0,263,109
attack_flow,stockpile,42,100,0.9,0.08207304040915166,0.09249281662897997,0,263,109
attack_flow,stockpile,42,100,1.0,0.08791766391778628,0.09003348191363365,0,263,109
attack_flow,stockpile,43,20,0.0,0.15522652646444274,0.12909526090771803,1,263,109
attack_flow,stockpile,43,20,0.1,0.1366391699674672,0.11532274919935392,0,263,109
attack_flow,stockpile,43,20,0.2,0.13152661374820637,0.11271685316271732,0,263,109
attack_flow,stockpile,43,20,0.3,0.09934794916063455,0.1085544552937601,0,263,109
attack_flow,stockpile,43,20,0.4,0.08683930881928814,0.10074912520507158,0,263,109
attack_flow,stockpile,43,20,0.5,0.06926758668999496,0.08883744558367905,0,263,109
attack_flow,stockpile,43,20,0.6,0.05759805580287316,0.09186195945541707,0,263,109
attack_flow,stockpile,43,20,0.7,0.06362175591594836,0.0952717814484387,0,263,109
attack_flow,stockpile,43,20,0.8,0.04734302154708629,0.09301322828913723,0,263,109
attack_flow,stockpile,43,20,0.9,0.04001563490005786,0.08991180082812036,0,263,109
attack_flow,stockpile,43,20,1.0,0.034569225627619736,0.09150092132437845,0,263,109
attack_flow,stockpile,43,40,0.0,0.15522652646444274,0.12909526090771803,0,263,109
attack_flow,stockpile,43,40,0.1,0.13696058000416025,0.11596853359186499,0,263,109
attack_flow,stockpile,43,40,0.2,0.138021609632212,0.11606652313419925,0,263,109
attack_flow,stockpile,43,40,0.3,0.12238717830518296,0.11420046285446957,0,263,109
attack_flow,stockpile,43,40,0.4,0.10837757252188139,0.10818370723753792,0,263,109
attack_flow,stockpile,43,40,0.5,0.06903097335124556,0.1006381501213182,0,263,109
attack_flow,stockpile,43,40,0.6,0.060456999924873724,0.09190409950648123,0,263,109
attack_flow,stockpile,43,40,0.7,0.05659043950008525,0.09132743582101387,0,263,109
attack_flow,stockpile,43,40,0.8,0.05583408449834847,0.08988374195045862,0,263,109
attack_flow,stockpile,43,40,0.9,0.04552055018347216,0.0885098621343221,0,263,109
attack_flow,stockpile,43,40,1.0,0.03478911029841621,0.09052523341108018,0,263,109
attack_flow,stockpile,43,60,0.0,0.15522652646444274,0.12909526090771803,0,263,109
attack_flow,stockpile,43,60,0.1,0.1429836399609625,0.11624644830238984,0,263,109
attack_flow,stockpile,43,60,0.2,0.1386386721412562,0.11567623990156468,0,263,109
attack_flow,stockpile,43,60,0.3,0.12644451942495913,0.11236070454676439,0,263,109
attack_flow,stockpile,43,60,0.4,0.11774812067750806,0.11052702249779496,0,263,109
attack_flow,stockpile,43,60,0.5,0.10182536779533621,0.10532150521312766,0,263,109
attack_flow,stockpile,43,60,0.6,0.0655966236754574,0.09342171508718454,0,263,109
attack_flow,stockpile,43,60,0.7,0.06559719453966177,0.09124811894391104,0,263,109
attack_flow,stockpile,43,60,0.8,0.06272943542111847,0.08905642747946589,0,263,109
attack_flow,stockpile,43,60,0.9,0.06445013575545175,0.09039287993225141,0,263,109
attack_flow,stockpile,43,60,1.0,0.053277646255698356,0.08838031970629541,0,263,109
attack_flow,stockpile,43,80,0.0,0.15522652646444274,0.12909526090771803,0,263,109
attack_flow,stockpile,43,80,0.1,0.1355079362536633,0.11694680678067075,0,263,109
attack_flow,stockpile,43,80,0.2,0.12979195523761192,0.11533794369456238,0,263,109
attack_flow,stockpile,43,80,0.3,0.12481481378149008,0.11231922360237794,0,263,109
attack_flow,stockpile,43,80,0.4,0.11336582360118706,0.11134956551972638,0,263,109
attack_flow,stockpile,43,80,0.5,0.09816544843541627,0.10833768284902527,0,263,109
attack_flow,stockpile,43,80,0.6,0.09670720388094625,0.103898286465629,0,263,109
attack_flow,stockpile,43,80,0.7,0.08787507640371413,0.09252547997850334,0,263,109
attack_flow,stockpile,43,80,0.8,0.07008260813681749,0.09205211665426269,0,263,109
attack_flow,stockpile,43,80,0.9,0.07853832822271657,0.09433028448486036,0,263,109
attack_flow,stockpile,43,80,1.0,0.07953760713253359,0.0964203780241733,0,263,109
attack_flow,stockpile,43,100,0.0,0.15522652646444274,0.12909526090771803,0,263,109
attack_flow,stockpile,43,100,0.1,0.13585704163976836,0.1177876914302016,0,263,109
attack_flow,stockpile,43,100,0.2,0.1303598290404214,0.11666918744019275,0,263,109
attack_flow,stockpile,43,100,0.3,0.12849445353146993,0.11319113766166163,0,263,109
attack_flow,stockpile,43,100,0.4,0.12987902185290817,0.11264828183041367,0,263,109
attack_flow,stockpile,43,100,0.5,0.10735748396939122,0.10990937375478316,0,263,109
attack_flow,stockpile,43,100,0.6,0.09681756164860021,0.10569816159901453,0,263,109
attack_flow,stockpile,43,100,0.7,0.07456081973746134,0.09421690931793268,0,263,109
attack_flow,stockpile,43,100,0.8,0.08419945013888104,0.09089976242310094,0,263,109
attack_flow,stockpile,43,100,0.9,0.08551032867440558,0.09249281662897997,0,263,109
attack_flow,stockpile,43,100,1.0,0.07958324265118401,0.09003348191363365,0,263,109
attack_flow,stockpile,44,20,0.0,0.15274960061987297,0.12909526090771803,1,263,109
attack_flow,stockpile,44,20,0.1,0.1281589176140847,0.11532274919935392,0,263,109
attack_flow,stockpile,44,20,0.2,0.12663125116547763,0.11271685316271732,0,263,109
attack_flow,stockpile,44,20,0.3,0.12245507070937761,0.1085544552937601,0,263,109
attack_flow,stockpile,44,20,0.4,0.09752416088500811,0.10074912520507158,0,263,109
attack_flow,stockpile,44,20,0.5,0.056934714455708677,0.08883744558367905,0,263,109
attack_flow,stockpile,44,20,0.6,0.06835657716864525,0.09186195945541707,0,263,109
attack_flow,stockpile,44,20,0.7,0.080908287848093,0.0952717814484387,0,263,109
attack_flow,stockpile,44,20,0.8,0.08026042787658,0.09301322828913723,0,263,109
attack_flow,stockpile,44,20,0.9,0.0723271037144343,0.08991180082812036,0,263,109
attack_flow,stockpile,44,20,1.0,0.07605145603426697,0.09150092132437845,0,263,109
attack_flow,stockpile,44,40,0.0,0.15274960061987297,0.12909526090771803,0,263,109
attack_flow,stockpile,44,40,0.1,0.12436438557766281,0.11596853359186499,0,263,109
attack_flow,stockpile,44,40,0.2,0.12757130027199434,0.11606652313419925,0,263,109
attack_flow,stockpile,44,40,0.3,0.12745265976052766,0.11420046285446957,0,263,109
attack_flow,stockpile,44,40,0.4,0.09870898046213836,0.10818370723753792,0,263,109
attack_flow,stockpile,44,40,0.5,0.08015582243005498,0.1006381501213182,0,263,109
attack_flow,stockpile,44,40,0.6,0.06403557017031294,0.09190409950648123,0,263,109
attack_flow,stockpile,44,40,0.7,0.06260068821801089,0.09132743582101387,0,263,109
attack_flow,stockpile,44,40,0.8,0.054740338221856207,0.08988374195045862,0,263,109
attack_flow,stockpile,44,40,0.9,0.046531111193528624,0.0885098621343221,0,263,109
attack_flow,stockpile,44,40,1.0,0.0626521995726146,0.09052523341108018,0,263,109
attack_flow,stockpile,44,60,0.0,0.15274960061987297,0.12909526090771803,0,263,109
attack_flow,stockpile,44,60,0.1,0.125822957000771,0.11624644830238984,0,263,109
attack_flow,stockpile,44,60,0.2,0.12908216138569437,0.11567623990156468,0,263,109
attack_flow,stockpile,44,60,0.3,0.12466657657774698,0.11236070454676439,0,263,109
attack_flow,stockpile,44,60,0.4,0.11261009416272431,0.11052702249779496,0,263,109
attack_flow,stockpile,44,60,0.5,0.10604747074108206,0.10532150521312766,0,263,109
attack_flow,stockpile,44,60,0.6,0.061418502924662055,0.09342171508718454,0,263,109
attack_flow,stockpile,44,60,0.7,0.06140652312297463,0.09124811894391104,0,263,109
attack_flow,stockpile,44,60,0.8,0.06134090399382156,0.08905642747946589,0,263,109
attack_flow,stockpile,44,60,0.9,0.05893152449144042,0.09039287993225141,0,263,109
attack_flow,stockpile,44,60,1.0,0.05370131939129468,0.08838031970629541,0,263,109
attack_flow,stockpile,44,80,0.0,0.15274960061987297,0.12909526090771803,0,263,109
attack_flow,stockpile,44,80,0.1,0.12857070729611264,0.11694680678067075,0,263,109
attack_flow,stockpile,44,80,0.2,0.13435111771313413,0.11533794369456238,0,263,109
attack_flow,stockpile,44,80,0.3,0.13660297907154306,0.11231922360237794,0,263,109
attack_flow,stockpile,44,80,0.4,0.1292008475580585,0.11134956551972638,0,263,109
attack_flow,stockpile,44,80,0.5,0.12151255380894783,0.10833768284902527,0,263,109
attack_flow,stockpile,44,80,0.6,0.10477470715139062,0.103898286465629,0,263,109
attack_flow,stockpile,44,80,0.7,0.07908942271099227,0.09252547997850334,0,263,109
attack_flow,stockpile,44,80,0.8,0.07997763580173095,0.09205211665426269,0,263,109
attack_flow,stockpile,44,80,0.9,0.07435811999135959,0.09433028448486036,0,263,109
attack_flow,stockpile,44,80,1.0,0.0780760735401733,0.0964203780241733,0,263,109
attack_flow,stockpile,44,100,0.0,0.15274960061987297,0.12909526090771803,0,263,109
attack_flow,stockpile,44,100,0.1,0.1307111574714084,0.1177876914302016,0,263,109
attack_flow,stockpile,44,100,0.2,0.13370733466751514,0.11666918744019275,0,263,109
attack_flow,stockpile,44,100,0.3,0.13328337039263796,0.11319113766166163,0,263,109
attack_flow,stockpile,44,100,0.4,0.12865767853915333,0.11264828183041367,0,263,109
attack_flow,stockpile,44,100,0.5,0.12107507598003908,0.10990937375478316,0,263,109
attack_flow,stockpile,44,100,0.6,0.11339164576032934,0.10569816159901453,0,263,109
attack_flow,stockpile,44,100,0.7,0.09284506851774292,0.09421690931793268,0,263,109
attack_flow,stockpile,44,100,0.8,0.07189575812909692,0.09089976242310094,0,263,109
attack_flow,stockpile,44,100,0.9,0.08125957815967662,0.09249281662897997,0,263,109
attack_flow,stockpile,44,100,1.0,0.08342298632619308,0.09003348191363365,0,263,109
attack_flow,stockpile,45,20,0.0,0.14935949719207245,0.12909526090771803,1,263,109
attack_flow,stockpile,45,20,0.1,0.10872189697568004,0.11532274919935392,0,263,109
attack_flow,stockpile,45,20,0.2,0.11044275984630397,0.11271685316271732,0,263,109
attack_flow,stockpile,45,20,0.3,0.10504216699514372,0.1085544552937601,0,263,109
attack_flow,stockpile,45,20,0.4,0.0914108996800887,0.10074912520507158,0,263,109
attack_flow,stockpile,45,20,0.5,0.08304801858514514,0.08883744558367905,0,263,109
attack_flow,stockpile,45,20,0.6,0.08010299081215054,0.09186195945541707,0,263,109
attack_flow,stockpile,45,20,0.7,0.07655936783117594,0.0952717814484387,0,263,109
attack_flow,stockpile,45,20,0.8,0.07462533296846112,0.09301322828913723,0,263,109
attack_flow,stockpile,45,20,0.9,0.06958723542426253,0.08991180082812036,0,263,109
attack_flow,stockpile,45,20,1.0,0.06467925627231728,0.09150092132437845,0,263,109
attack_flow,stockpile,45,40,0.0,0.14935949719207245,0.12909526090771803,0,263,109
attack_flow,stockpile,45,40,0.1,0.1236592792097354,0.11596853359186499,0,263,109
attack_flow,stockpile,45,40,0.2,0.12328499535409601,0.11606652313419925,0,263,109
attack_flow,stockpile,45,40,0.3,0.12375104654306399,0.11420046285446957,0,263,109
attack_flow,stockpile,45,40,0.4,0.12096465859724025,0.10818370723753792,0,263,109
attack_flow,stockpile,45,40,0.5,0.10345539918872963,0.1006381501213182,0,263,109
attack_flow,stockpile,45,40,0.6,0.08381830307012707,0.09190409950648123,0,263,109
attack_flow,stockpile,45,40,0.7,0.07902821293132391,0.09132743582101387,0,263,109
attack_flow,stockpile,45,40,0.8,0.08170379995835961,0.08988374195045862,0,263,109
attack_flow,stockpile,45,40,0.9,0.07119322875451074,0.0885098621343221,0,263,109
attack_flow,stockpile,45,40,1.0,0.07138507907589096,0.09052523341108018,0,263,109
attack_flow,stockpile,45,60,0.0,0.14935949719207245,0.12909526090771803,0,263,109
attack_flow,stockpile,45,60,0.1,0.10862446268677219,0.11624644830238984,0,263,109
attack_flow,stockpile,45,60,0.2,0.11123501825477285,0.11567623990156468,0,263,109
attack_flow,stockpile,45,60,0.3,0.11046489084454666,0.11236070454676439,0,263,109
attack_flow,stockpile,45,60,0.4,0.1074366293950969,0.11052702249779496,0,263,109
attack_flow,stockpile,45,60,0.5,0.1042241950565085,0.10532150521312766,0,263,109
attack_flow,stockpile,45,60,0.6,0.08911803429247457,0.09342171508718454,0,263,109
attack_flow,stockpile,45,60,0.7,0.05827475583602389,0.09124811894391104,0,263,109
attack_flow,stockpile,45,60,0.8,0.05240597131823868,0.08905642747946589,0,263,109
attack_flow,stockpile,45,60,0.9,0.05829864887888085,0.09039287993225141,0,263,109
attack_flow,stockpile,45,60,1.0,0.04371354625936657,0.08838031970629541,0,263,109
attack_flow,stockpile,45,80,0.0,0.14935949719207245,0.12909526090771803,0,263,109
attack_flow,stockpile,45,80,0.1,0.11613594119233825,0.11694680678067075,0,263,109
attack_flow,stockpile,45,80,0.2,0.11281008122387544,0.11533794369456238,0,263,109
attack_flow,stockpile,45,80,0.3,0.10954901734034445,0.11231922360237794,0,263,109
attack_flow,stockpile,45,80,0.4,0.1107418080250258,0.11134956551972638,0,263,109
attack_flow,stockpile,45,80,0.5,0.1083019829890811,0.10833768284902527,0,263,109
attack_flow,stockpile,45,80,0.6,0.09205042199743689,0.103898286465629,0,263,109
attack_flow,stockpile,45,80,0.7,0.0664861507823787,0.09252547997850334,0,263,109
attack_flow,stockpile,45,80,0.8,0.06591525897299279,0.09205211665426269,0,263,109
attack_flow,stockpile,45,80,0.9,0.07239023281203333,0.09433028448486036,0,263,109
attack_flow,stockpile,45,80,1.0,0.07178411808904332,0.0964203780241733,0,263,109
attack_flow,stockpile,45,100,0.0,0.14935949719207245,0.12909526090771803,0,263,109
attack_flow,stockpile,45,100,0.1,0.1303371147618676,0.1177876914302016,0,263,109
attack_flow,stockpile,45,100,0.2,0.1280227654694025,0.11666918744019275,0,263,109
attack_flow,stockpile,45,100,0.3,0.12587825413666504,0.11319113766166163,0,263,109
attack_flow,stockpile,45,100,0.4,0.12492258453303746,0.11264828183041367,0,263,109
attack_flow,stockpile,45,100,0.5,0.12612496439798046,0.10990937375478316,0,263,109
attack_flow,stockpile,45,100,0.6,0.10541370364427823,0.10569816159901453,0,263,109
attack_flow,stockpile,45,100,0.7,0.10400040465420883,0.09421690931793268,0,263,109
attack_flow,stockpile,45,100,0.8,0.07748390334595759,0.09089976242310094,0,263,109
attack_flow,stockpile,45,100,0.9,0.08921721267449927,0.09249281662897997,0,263,109
attack_flow,stockpile,45,100,1.0,0.07941466810084154,0.09003348191363365,0,263,109
attack_flow,stockpile,46,20,0.0,0.16107131525788845,0.12909526090771803,1,263,109
attack_flow,stockpile,46,20,0.1,0.14216686215525107,0.11532274919935392,0,263,109
attack_flow,stockpile,46,20,0.2,0.14268261073096852,0.11271685316271732,0,263,109
attack_flow,stockpile,46,20,0.3,0.1382663372566238,0.1085544552937601,0,263,109
attack_flow,stockpile,46,20,0.4,0.11502272442927798,0.10074912520507158,0,263,109
attack_flow,stockpile,46,20,0.5,0.07306423480263645,0.08883744558367905,0,263,109
attack_flow,stockpile,46,20,0.6,0.06745697383525842,0.09186195945541707,0,263,109
attack_flow,stockpile,46,20,0.7,0.07887631520462207,0.0952717814484387,0,263,109
attack_flow,stockpile,46,20,0.8,0.07713505052082012,0.09301322828913723,0,263,109
attack_flow,stockpile,46,20,0.9,0.06607760772144408,0.08991180082812036,0,263,109
attack_flow,stockpile,46,20,1.0,0.06662380796959808,0.09150092132437845,0,263,109
attack_flow,stockpile,46,40,0.0,0.16107131525788845,0.12909526090771803,0,263,109
attack_flow,stockpile,46,40,0.1,0.13483629329031951,0.11596853359186499,0,263,109
attack_flow,stockpile,46,40,0.2,0.14065825570698548,0.11606652313419925,0,263,109
attack_flow,stockpile,46,40,0.3,0.13782468168644776,0.11420046285446957,0,263,109
attack_flow,stockpile,46,40,0.4,0.12135480035369145,0.10818370723753792,0,263,109
attack_flow,stockpile,46,40,0.5,0.10378233418319113,0.1006381501213182,0,263,109
attack_flow,stockpile,46,40,0.6,0.08479853196505775,0.09190409950648123,0,263,109
attack_flow,stockpile,46,40,0.7,0.06689522238152257,0.09132743582101387,0,263,109
attack_flow,stockpile,46,40,0.8,0.05272670344609208,0.08988374195045862,0,263,109
attack_flow,stockpile,46,40,0.9,0.053740929465288106,0.0885098621343221,0,263,109
attack_flow,stockpile,46,40,1.0,0.053143741055405265,0.09052523341108018,0,263,109
attack_flow,stockpile,46,60,0.0,0.16107131525788845,0.12909526090771803,0,263,109
attack_flow,stockpile,46,60,0.1,0.14204019692231043,0.11624644830238984,0,263,109
attack_flow,stockpile,46,60,0.2,0.14231911387583915,0.11567623990156468,0,263,109
attack_flow,stockpile,46,60,0.3,0.13593777282680278,0.11236070454676439,0,263,109
attack_flow,stockpile,46,60,0.4,0.1279260453210666,0.11052702249779496,0,263,109
attack_flow,stockpile,46,60,0.5,0.1072356553797187,0.10532150521312766,0,263,109
attack_flow,stockpile,46,60,0.6,0.07864802143026942,0.09342171508718454,0,263,109
attack_flow,stockpile,46,60,0.7,0.07407964284609109,0.09124811894391104,0,263,109
attack_flow,stockpile,46,60,0.8,0.057646358657533474,0.08905642747946589,0,263,109
attack_flow,stockpile,46,60,0.9,0.05419382053084845,0.09039287993225141,0,263,109
attack_flow,stockpile,46,60,1.0,0.05625757472980964,0.08838031970629541,0,263,109
attack_flow,stockpile,46,80,0.0,0.16107131525788845,0.12909526090771803,0,263,109
attack_flow,stockpile,46,80,0.1,0.1409739345535123,0.11694680678067075,0,263,109
attack_flow,stockpile,46,80,0.2,0.13580222783872642,0.11533794369456238,0,263,109
attack_flow,stockpile,46,80,0.3,0.1333662287031018,0.11231922360237794,0,263,109
attack_flow,stockpile,46,80,0.4,0.13083703595667148,0.11134956551972638,0,263,109
attack_flow,stockpile,46,80,0.5,0.12533332293191798,0.10833768284902527,0,263,109
attack_flow,stockpile,46,80,0.6,0.11535050657536428,0.103898286465629,0,263,109
attack_flow,stockpile,46,80,0.7,0.060132623745394,0.09252547997850334,0,263,109
attack_flow,stockpile,46,80,0.8,0.06086989355479428,0.09205211665426269,0,263,109
attack_flow,stockpile,46,80,0.9,0.06309549846446477,0.09433028448486036,0,263,109
attack_flow,stockpile,46,80,1.0,0.06598019492615853,0.0964203780241733,0,263,109
attack_flow,stockpile,46,100,0.0,0.16107131525788845,0.12909526090771803,0,263,109
attack_flow,stockpile,46,100,0.1,0.14104924014728737,0.1177876914302016,0,263,109
attack_flow,stockpile,46,100,0.2,0.13797201039994972,0.11666918744019275,0,263,109
attack_flow,stockpile,46,100,0.3,0.13790063562183527,0.11319113766166163,0,263,109
attack_flow,stockpile,46,100,0.4,0.12902473229307615,0.11264828183041367,0,263,109
attack_flow,stockpile,46,100,0.5,0.12268943654264944,0.10990937375478316,0,263,109
attack_flow,stockpile,46,100,0.6,0.11930809813935303,0.10569816159901453,0,263,109
attack_flow,stockpile,46,100,0.7,0.06749518370911263,0.09421690931793268,0,263,109
attack_flow,stockpile,46,100,0.8,0.06572122708723227,0.09089976242310094,0,263,109
attack_flow,stockpile,46,100,0.9,0.06466940135011706,0.09249281662897997,0,263,109
attack_flow,stockpile,46,100,1.0,0.0740695886581181,0.09003348191363365,0,263,109
ctid,attack_flow,42,20,0.0,0.06818949184885319,0.10532388305352063,1,109,412
ctid,attack_flow,42,20,0.1,0.06614537536313146,0.10462423313294052,0,109,412
ctid,attack_flow,42,20,0.2,0.07782874085375123,0.09612746479494559,0,109,412
ctid,attack_flow,42,20,0.3,0.07762124346410777,0.09184572867535357,0,109,412
ctid,attack_flow,42,20,0.4,0.06749093930879688,0.08859340723879974,0,109,412
ctid,attack_flow,42,20,0.5,0.06729170275337142,0.08617221648179557,0,109,412
ctid,attack_flow,42,20,0.6,0.06402885200255234,0.07671772754121005,0,109,412
ctid,attack_flow,42,20,0.7,0.06004018426693176,0.06790373755299575,0,109,412
ctid,attack_flow,42,20,0.8,0.05902861779264805,0.06342681411210502,0,109,412
ctid,attack_flow,42,20,0.9,0.05431631219134794,0.0622167633618715,0,109,412
ctid,attack_flow,42,20,1.0,0.05294042294007213,0.06270780236929699,0,109,412
ctid,attack_flow,42,40,0.0,0.06818949184885319,0.10532388305352063,0,109,412
ctid,attack_flow,42,40,0.1,0.07833938318104984,0.10306134908806705,0,109,412
ctid,attack_flow,42,40,0.2,0.07630853397970908,0.09435140433224762,0,109,412
ctid,attack_flow,42,40,0.3,0.0771417135384192,0.0894819899656655,0,109,412
ctid,attack_flow,42,40,0.4,0.07643112306042558,0.08954648002453905,0,109,412
ctid,attack_flow,42,40,0.5,0.07439494224766825,0.08562762693078,0,109,412
ctid,attack_flow,42,40,0.6,0.07219908634855186,0.0840834847065217,0,109,412
ctid,attack_flow,42,40,0.7,0.06601806851107209,0.06977647908507613,0,109,412
ctid,attack_flow,42,40,0.8,0.0654177230458558,0.06685861491758266,0,109,412
ctid,attack_flow,42,40,0.9,0.0645190932898103,0.060774404747631815,0,109,412
ctid,attack_flow,42,40,1.0,0.06419072903519188,0.05937566601723719,0,109,412
ctid,attack_flow,42,60,0.0,0.06818949184885319,0.10532388305352063,0,109,412
ctid,attack_flow,42,60,0.1,0.07927952799536078,0.10395784121101656,0,109,412
ctid,attack_flow,42,60,0.2,0.07633369594878567,0.09399542531826323,0,109,412
ctid,attack_flow,42,60,0.3,0.07769902888453739,0.0906166906346949,0,109,412
ctid,attack_flow,42,60,0.4,0.07862824413532372,0.08687825188187642,0,109,412
ctid,attack_flow,42,60,0.5,0.07832256550759126,0.08174105612104943,0,109,412
ctid,attack_flow,42,60,0.6,0.07089611791654253,0.07585641483029065,0,109,412
ctid,attack_flow,42,60,0.7,0.06427505277254845,0.0642322475751557,0,109,412
ctid,attack_flow,42,60,0.8,0.06445560963920664,0.0535864885778128,0,109,412
ctid,attack_flow,42,60,0.9,0.0627548277961866,0.05165823672509211,0,109,412
ctid,attack_flow,42,60,1.0,0.0584257870992888,0.04861176307747732,0,109,412
ctid,attack_flow,42,80,0.0,0.06818949184885319,0.10532388305352063,0,109,412
ctid,attack_flow,42,80,0.1,0.07036326565771157,0.10343375785032136,0,109,412
ctid,attack_flow,42,80,0.2,0.07101229361442761,0.09100724425098763,0,109,412
ctid,attack_flow,42,80,0.3,0.07283859624948577,0.08781895662146208,0,109,412
ctid,attack_flow,42,80,0.4,0.07309829934448822,0.08631132488508872,0,109,412
ctid,attack_flow,42,80,0.5,0.06985796449951717,0.08081736820875199,0,109,412
ctid,attack_flow,42,80,0.6,0.06781997240763178,0.07372614088816068,0,109,412
ctid,attack_flow,42,80,0.7,0.06646272882220845,0.0565284884501965,0,109,412
ctid,attack_flow,42,80,0.8,0.06442737517109501,0.054903003370191474,0,109,412
ctid,attack_flow,42,80,0.9,0.055988186961575814,0.05236740331557701,0,109,412
ctid,attack_flow,42,80,1.0,0.05130364259042742,0.04872371095255919,0,109,412
ctid,attack_flow,42,100,0.0,0.06818949184885319,0.10532388305352063,0,109,412
ctid,attack_flow,42,100,0.1,0.07286373960198042,0.10040264829510226,0,109,412
ctid,attack_flow,42,100,0.2,0.0744607089845898,0.08968681983034874,0,109,412
ctid,attack_flow,42,100,0.3,0.07525387992708306,0.08523366839124596,0,109,412
ctid,attack_flow,42,100,0.4,0.07151561501434635,0.07806057427395735,0,109,412
ctid,attack_flow,42,100,0.5,0.06953125070691978,0.0721084394976815,0,109,412
ctid,attack_flow,42,100,0.6,0.06958578842387515,0.06374714966522807,0,109,412
ctid,attack_flow,42,100,0.7,0.06576071402356226,0.06180395695163525,0,109,412
ctid,attack_flow,42,100,0.8,0.06518501836386284,0.05968551653167026,0,109,412
ctid,attack_flow,42,100,0.9,0.05928285856495331,0.05437711130857947,0,109,412
ctid,attack_flow,42,100,1.0,0.05631979757153984,0.04708726065285552,0,109,412
ctid,attack_flow,43,20,0.0,0.07973179361950655,0.10532388305352063,1,109,412
ctid,attack_flow,43,20,0.1,0.07703589820248606,0.10462423313294052,0,109,412
ctid,attack_flow,43,20,0.2,0.07843129420727203,0.09612746479494559,0,109,412
ctid,attack_flow,43,20,0.3,0.07885531061562594,0.09184572867535357,0,109,412
ctid,attack_flow,43,20,0.4,0.07895188033004069,0.08859340723879974,0,109,412
ctid,attack_flow,43,20,0.5,0.0758006806370814,0.08617221648179557,0,109,412
ctid,attack_flow,43,20,0.6,0.06803511535937663,0.07671772754121005,0,109,412
ctid,attack_flow,43,20,0.7,0.06742928745508019,0.06790373755299575,0,109,412
ctid,attack_flow,43,20,0.8,0.06574125328277315,0.06342681411210502,0,109,412
ctid,attack_flow,43,20,0.9,0.06857791394047008,0.0622167633618715,0,109,412
ctid,attack_flow,43,20,1.0,0.07038196652972606,0.06270780236929699,0,109,412
ctid,attack_flow,43,40,0.0,0.07973179361950655,0.10532388305352063,0,109,412
ctid,attack_flow,43,40,0.1,0.07741285673223404,0.10306134908806705,0,109,412
ctid,attack_flow,43,40,0.2,0.07829277682079644,0.09435140433224762,0,109,412
ctid,attack_flow,43,40,0.3,0.07859020519418172,0.0894819899656655,0,109,412
ctid,attack_flow,43,40,0.4,0.07412697979016787,0.08954648002453905,0,109,412
ctid,attack_flow,43,40,0.5,0.06824476881526469,0.08562762693078,0,109,412
ctid,attack_flow,43,40,0.6,0.06616493262772959,0.0840834847065217,0,109,412
ctid,attack_flow,43,40,0.7,0.06345882921993651,0.06977647908507613,0,109,412
ctid,attack_flow,43,40,0.8,0.06508827694644306,0.06685861491758266,0,109,412
ctid,attack_flow,43,40,0.9,0.05952590671591897,0.060774404747631815,0,109,412
ctid,attack_flow,43,40,1.0,0.05729537610046902,0.05937566601723719,0,109,412
ctid,attack_flow,43,60,0.0,0.07973179361950655,0.10532388305352063,0,109,412
ctid,attack_flow,43,60,0.1,0.07980935133659686,0.10395784121101656,0,109,412
ctid,attack_flow,43,60,0.2,0.07708974306510104,0.09399542531826323,0,109,412
ctid,attack_flow,43,60,0.3,0.07872079729278328,0.0906166906346949,0,109,412
ctid,attack_flow,43,60,0.4,0.07827831277935479,0.08687825188187642,0,109,412
ctid,attack_flow,43,60,0.5,0.0706879309662892,0.08174105612104943,0,109,412
ctid,attack_flow,43,60,0.6,0.06854115639978964,0.07585641483029065,0,109,412
ctid,attack_flow,43,60,0.7,0.06578784388025209,0.0642322475751557,0,109,412
ctid,attack_flow,43,60,0.8,0.06372839053812535,0.0535864885778128,0,109,412
ctid,attack_flow,43,60,0.9,0.06043605597780872,0.05165823672509211,0,109,412
ctid,attack_flow,43,60,1.0,0.05708619493403957,0.04861176307747732,0,109,412
ctid,attack_flow,43,80,0.0,0.07973179361950655,0.10532388305352063,0,109,412
ctid,attack_flow,43,80,0.1,0.08015237600048658,0.10343375785032136,0,109,412
ctid,attack_flow,43,80,0.2,0.07893052448512854,0.09100724425098763,0,109,412
ctid,attack_flow,43,80,0.3,0.07948937035799102,0.08781895662146208,0,109,412
ctid,attack_flow,43,80,0.4,0.08079863604005909,0.08631132488508872,0,109,412
ctid,attack_flow,43,80,0.5,0.07748731592175544,0.08081736820875199,0,109,412
ctid,attack_flow,43,80,0.6,0.07006053576682884,0.07372614088816068,0,109,412
ctid,attack_flow,43,80,0.7,0.06865022289085644,0.0565284884501965,0,109,412
ctid,attack_flow,43,80,0.8,0.06853411988858686,0.054903003370191474,0,109,412
ctid,attack_flow,43,80,0.9,0.06742444420965629,0.05236740331557701,0,109,412
ctid,attack_flow,43,80,1.0,0.0611977308988085,0.04872371095255919,0,109,412
ctid,attack_flow,43,100,0.0,0.07973179361950655,0.10532388305352063,0,109,412
ctid,attack_flow,43,100,0.1,0.07952482033080935,0.10040264829510226,0,109,412
ctid,attack_flow,43,100,0.2,0.07775408035434249,0.08968681983034874,0,109,412
ctid,attack_flow,43,100,0.3,0.07810344468409472,0.08523366839124596,0,109,412
ctid,attack_flow,43,100,0.4,0.07538134030263642,0.07806057427395735,0,109,412
ctid,attack_flow,43,100,0.5,0.07607668882595515,0.0721084394976815,0,109,412
ctid,attack_flow,43,100,0.6,0.07662509527232826,0.06374714966522807,0,109,412
ctid,attack_flow,43,100,0.7,0.07099008185788452,0.06180395695163525,0,109,412
ctid,attack_flow,43,100,0.8,0.06989502224935103,0.05968551653167026,0,109,412
ctid,attack_flow,43,100,0.9,0.06330447126761111,0.05437711130857947,0,109,412
ctid,attack_flow,43,100,1.0,0.05749270112725444,0.04708726065285552,0,109,412
ctid,attack_flow,44,20,0.0,0.07787324920751497,0.10532388305352063,1,109,412
ctid,attack_flow,44,20,0.1,0.07479921616308104,0.10462423313294052,0,109,412
ctid,attack_flow,44,20,0.2,0.07931243030661417,0.09612746479494559,0,109,412
ctid,attack_flow,44,20,0.3,0.080589098474511,0.09184572867535357,0,109,412
ctid,attack_flow,44,20,0.4,0.0752505377705869,0.08859340723879974,0,109,412
ctid,attack_flow,44,20,0.5,0.06952662256193302,0.08617221648179557,0,109,412
ctid,attack_flow,44,20,0.6,0.06513317154322314,0.07671772754121005,0,109,412
ctid,attack_flow,44,20,0.7,0.06430215350289398,0.06790373755299575,0,109,412
ctid,attack_flow,44,20,0.8,0.06107105419517793,0.06342681411210502,0,109,412
ctid,attack_flow,44,20,0.9,0.05729755947527757,0.0622167633618715,0,109,412
ctid,attack_flow,44,20,1.0,0.055334373385182725,0.06270780236929699,0,109,412
ctid,attack_flow,44,40,0.0,0.07787324920751497,0.10532388305352063,0,109,412
ctid,attack_flow,44,40,0.1,0.07609057089166829,0.10306134908806705,0,109,412
ctid,attack_flow,44,40,0.2,0.07782415945590986,0.09435140433224762,0,109,412
ctid,attack_flow,44,40,0.3,0.07953897351337508,0.0894819899656655,0,109,412
ctid,attack_flow,44,40,0.4,0.08078285458710373,0.08954648002453905,0,109,412
ctid,attack_flow,44,40,0.5,0.07615057123804375,0.08562762693078,0,109,412
ctid,attack_flow,44,40,0.6,0.06964659503606602,0.0840834847065217,0,109,412
ctid,attack_flow,44,40,0.7,0.0687816438531023,0.06977647908507613,0,109,412
ctid,attack_flow,44,40,0.8,0.06746148210763803,0.06685861491758266,0,109,412
ctid,attack_flow,44,40,0.9,0.06477614984528143,0.060774404747631815,0,109,412
ctid,attack_flow,44,40,1.0,0.06708804728596056,0.05937566601723719,0,109,412
ctid,attack_flow,44,60,0.0,0.07787324920751497,0.10532388305352063,0,109,412
ctid,attack_flow,44,60,0.1,0.07888378859095925,0.10395784121101656,0,109,412
ctid,attack_flow,44,60,0.2,0.07669011383960428,0.09399542531826323,0,109,412
ctid,attack_flow,44,60,0.3,0.07979638744102183,0.0906166906346949,0,109,412
ctid,attack_flow,44,60,0.4,0.08090610795011209,0.08687825188187642,0,109,412
ctid,attack_flow,44,60,0.5,0.07885818043778411,0.08174105612104943,0,109,412
ctid,attack_flow,44,60,0.6,0.07271818956152824,0.07585641483029065,0,109,412
ctid,attack_flow,44,60,0.7,0.06798097470907431,0.0642322475751557,0,109,412
ctid,attack_flow,44,60,0.8,0.06893713879238543,0.0535864885778128,0,109,412
ctid,attack_flow,44,60,0.9,0.06812759006044107,0.05165823672509211,0,109,412
ctid,attack_flow,44,60,1.0,0.06363102175047496,0.04861176307747732,0,109,412
ctid,attack_flow,44,80,0.0,0.07787324920751497,0.10532388305352063,0,109,412
ctid,attack_flow,44,80,0.1,0.07842173784924074,0.10343375785032136,0,109,412
ctid,attack_flow,44,80,0.2,0.07393787607930623,0.09100724425098763,0,109,412
ctid,attack_flow,44,80,0.3,0.07719497898420456,0.08781895662146208,0,109,412
ctid,attack_flow,44,80,0.4,0.07729189080105507,0.08631132488508872,0,109,412
ctid,attack_flow,44,80,0.5,0.0752027759786299,0.08081736820875199,0,109,412
ctid,attack_flow,44,80,0.6,0.07289536017119835,0.07372614088816068,0,109,412
ctid,attack_flow,44,80,0.7,0.06849671395610889,0.0565284884501965,0,109,412
ctid,attack_flow,44,80,0.8,0.06765630586872597,0.054903003370191474,0,109,412
ctid,attack_flow,44,80,0.9,0.0651036161171082,0.05236740331557701,0,109,412
ctid,attack_flow,44,80,1.0,0.05986205866249986,0.04872371095255919,0,109,412
ctid,attack_flow,44,100,0.0,0.07787324920751497,0.10532388305352063,0,109,412
ctid,attack_flow,44,100,0.1,0.0763346328869183,0.10040264829510226,0,109,412
ctid,attack_flow,44,100,0.2,0.07462159650772071,0.08968681983034874,0,109,412
ctid,attack_flow,44,100,0.3,0.07407261820393876,0.08523366839124596,0,109,412
ctid,attack_flow,44,100,0.4,0.0716675107331798,0.07806057427395735,0,109,412
ctid,attack_flow,44,100,0.5,0.06944760344694664,0.0721084394976815,0,109,412
ctid,attack_flow,44,100,0.6,0.07040363233505202,0.06374714966522807,0,109,412
ctid,attack_flow,44,100,0.7,0.06638405965678712,0.06180395695163525,0,109,412
ctid,attack_flow,44,100,0.8,0.06245595251323251,0.05968551653167026,0,109,412
ctid,attack_flow,44,100,0.9,0.06046610111207726,0.05437711130857947,0,109,412
ctid,attack_flow,44,100,1.0,0.05686411537956092,0.04708726065285552,0,109,412
ctid,attack_flow,45,20,0.0,0.08215207485401285,0.10532388305352063,1,109,412
ctid,attack_flow,45,20,0.1,0.08126941314086324,0.10462423313294052,0,109,412
ctid,attack_flow,45,20,0.2,0.07863927123383592,0.09612746479494559,0,109,412
ctid,attack_flow,45,20,0.3,0.08027520531830579,0.09184572867535357,0,109,412
ctid,attack_flow,45,20,0.4,0.080135699627684,0.08859340723879974,0,109,412
ctid,attack_flow,45,20,0.5,0.08302456459651748,0.08617221648179557,0,109,412
ctid,attack_flow,45,20,0.6,0.07740655446647374,0.07671772754121005,0,109,412
ctid,attack_flow,45,20,0.7,0.07578673666524957,0.06790373755299575,0,109,412
ctid,attack_flow,45,20,0.8,0.0645489547832734,0.06342681411210502,0,109,412
ctid,attack_flow,45,20,0.9,0.06744242704967884,0.0622167633618715,0,109,412
ctid,attack_flow,45,20,1.0,0.07129441426384354,0.06270780236929699,0,109,412
ctid,attack_flow,45,40,0.0,0.08215207485401285,0.10532388305352063,0,109,412
ctid,attack_flow,45,40,0.1,0.08376677822554644,0.10306134908806705,0,109,412
ctid,attack_flow,45,40,0.2,0.07817883917474733,0.09435140433224762,0,109,412
ctid,attack_flow,45,40,0.3,0.07889295626120588,0.0894819899656655,0,109,412
ctid,attack_flow,45,40,0.4,0.08005847140101834,0.08954648002453905,0,109,412
ctid,attack_flow,45,40,0.5,0.07958428002634627,0.08562762693078,0,109,412
ctid,attack_flow,45,40,0.6,0.07712320054609202,0.0840834847065217,0,109,412
ctid,attack_flow,45,40,0.7,0.06622407160762861,0.06977647908507613,0,109,412
ctid,attack_flow,45,40,0.8,0.06606992515883986,0.06685861491758266,0,109,412
ctid,attack_flow,45,40,0.9,0.0648705801117649,0.060774404747631815,0,109,412
ctid,attack_flow,45,40,1.0,0.06146195654940369,0.05937566601723719,0,109,412
ctid,attack_flow,45,60,0.0,0.08215207485401285,0.10532388305352063,0,109,412
ctid,attack_flow,45,60,0.1,0.08362701033621532,0.10395784121101656,0,109,412
ctid,attack_flow,45,60,0.2,0.0821492535840913,0.09399542531826323,0,109,412
ctid,attack_flow,45,60,0.3,0.08246377718487846,0.0906166906346949,0,109,412
ctid,attack_flow,45,60,0.4,0.08063107686321064,0.08687825188187642,0,109,412
ctid,attack_flow,45,60,0.5,0.08041309687209655,0.08174105612104943,0,109,412
ctid,attack_flow,45,60,0.6,0.08168878389775659,0.07585641483029065,0,109,412
ctid,attack_flow,45,60,0.7,0.07890178330778864,0.0642322475751557,0,109,412
ctid,attack_flow,45,60,0.8,0.07685146744933405,0.0535864885778128,0,109,412
ctid,attack_flow,45,60,0.9,0.07760982568322923,0.05165823672509211,0,109,412
ctid,attack_flow,45,60,1.0,0.07886319388218564,0.04861176307747732,0,109,412
ctid,attack_flow,45,80,0.0,0.08215207485401285,0.10532388305352063,0,109,412
ctid,attack_flow,45,80,0.1,0.08285373819733315,0.10343375785032136,0,109,412
ctid,attack_flow,45,80,0.2,0.08014247000835238,0.09100724425098763,0,109,412
ctid,attack_flow,45,80,0.3,0.07958074073634536,0.08781895662146208,0,109,412
ctid,attack_flow,45,80,0.4,0.08511544766828107,0.08631132488508872,0,109,412
ctid,attack_flow,45,80,0.5,0.0820804048125745,0.08081736820875199,0,109,412
ctid,attack_flow,45,80,0.6,0.07680562792283606,0.07372614088816068,0,109,412
ctid,attack_flow,45,80,0.7,0.07231794030223479,0.0565284884501965,0,109,412
ctid,attack_flow,45,80,0.8,0.07057094929657977,0.054903003370191474,0,109,412
ctid,attack_flow,45,80,0.9,0.06974589342673583,0.05236740331557701,0,109,412
ctid,attack_flow,45,80,1.0,0.06490549646280487,0.04872371095255919,0,109,412
ctid,attack_flow,45,100,0.0,0.08215207485401285,0.10532388305352063,0,109,412
ctid,attack_flow,45,100,0.1,0.08171572715822202,0.10040264829510226,0,109,412
ctid,attack_flow,45,100,0.2,0.07930605034357766,0.08968681983034874,0,109,412
ctid,attack_flow,45,100,0.3,0.07991788603435201,0.08523366839124596,0,109,412
ctid,attack_flow,45,100,0.4,0.0783922070632704,0.07806057427395735,0,109,412
ctid,attack_flow,45,100,0.5,0.07299423975349373,0.0721084394976815,0,109,412
ctid,attack_flow,45,100,0.6,0.07048582967952408,0.06374714966522807,0,109,412
ctid,attack_flow,45,100,0.7,0.06842317117474293,0.06180395695163525,0,109,412
ctid,attack_flow,45,100,0.8,0.06360571486453792,0.05968551653167026,0,109,412
ctid,attack_flow,45,100,0.9,0.059445453002560864,0.05437711130857947,0,109,412
ctid,attack_flow,45,100,1.0,0.05236881426194398,0.04708726065285552,0,109,412
ctid,attack_flow,46,20,0.0,0.07464485880698872,0.10532388305352063,1,109,412
ctid,attack_flow,46,20,0.1,0.0725991232068849,0.10462423313294052,0,109,412
ctid,attack_flow,46,20,0.2,0.07617235527265807,0.09612746479494559,0,109,412
ctid,attack_flow,46,20,0.3,0.0758250185910978,0.09184572867535357,0,109,412
ctid,attack_flow,46,20,0.4,0.06998572243773481,0.08859340723879974,0,109,412
ctid,attack_flow,46,20,0.5,0.06935217198512673,0.08617221648179557,0,109,412
ctid,attack_flow,46,20,0.6,0.0643389377940782,0.07671772754121005,0,109,412
ctid,attack_flow,46,20,0.7,0.06139436623512842,0.06790373755299575,0,109,412
ctid,attack_flow,46,20,0.8,0.05894280902133976,0.06342681411210502,0,109,412
ctid,attack_flow,46,20,0.9,0.054957489777820105,0.0622167633618715,0,109,412
ctid,attack_flow,46,20,1.0,0.057932415978339744,0.06270780236929699,0,109,412
ctid,attack_flow,46,40,0.0,0.07464485880698872,0.10532388305352063,0,109,412
ctid,attack_flow,46,40,0.1,0.07365416026855905,0.10306134908806705,0,109,412
ctid,attack_flow,46,40,0.2,0.0790877604846506,0.09435140433224762,0,109,412
ctid,attack_flow,46,40,0.3,0.07741582335041561,0.0894819899656655,0,109,412
ctid,attack_flow,46,40,0.4,0.07657327823127247,0.08954648002453905,0,109,412
ctid,attack_flow,46,40,0.5,0.07046340734585747,0.08562762693078,0,109,412
ctid,attack_flow,46,40,0.6,0.06850145611866357,0.0840834847065217,0,109,412
ctid,attack_flow,46,40,0.7,0.06520317130882004,0.06977647908507613,0,109,412
ctid,attack_flow,46,40,0.8,0.0639612448840108,0.06685861491758266,0,109,412
ctid,attack_flow,46,40,0.9,0.061342413622754534,0.060774404747631815,0,109,412
ctid,attack_flow,46,40,1.0,0.05700822312264886,0.05937566601723719,0,109,412
ctid,attack_flow,46,60,0.0,0.07464485880698872,0.10532388305352063,0,109,412
ctid,attack_flow,46,60,0.1,0.07564331008610074,0.10395784121101656,0,109,412
ctid,attack_flow,46,60,0.2,0.0756532319285791,0.09399542531826323,0,109,412
ctid,attack_flow,46,60,0.3,0.07893054213004361,0.0906166906346949,0,109,412
ctid,attack_flow,46,60,0.4,0.08044235316112744,0.08687825188187642,0,109,412
ctid,attack_flow,46,60,0.5,0.07905110799953687,0.08174105612104943,0,109,412
ctid,attack_flow,46,60,0.6,0.07769999214622693,0.07585641483029065,0,109,412
ctid,attack_flow,46,60,0.7,0.07337801987811801,0.0642322475751557,0,109,412
ctid,attack_flow,46,60,0.8,0.06931833294854375,0.0535864885778128,0,109,412
ctid,attack_flow,46,60,0.9,0.0674517990522526,0.05165823672509211,0,109,412
ctid,attack_flow,46,60,1.0,0.06216888232514609,0.04861176307747732,0,109,412
ctid,attack_flow,46,80,0.0,0.07464485880698872,0.10532388305352063,0,109,412
ctid,attack_flow,46,80,0.1,0.07551821179365943,0.10343375785032136,0,109,412
ctid,attack_flow,46,80,0.2,0.07576151684949756,0.09100724425098763,0,109,412
ctid,attack_flow,46,80,0.3,0.0779966958679739,0.08781895662146208,0,109,412
ctid,attack_flow,46,80,0.4,0.08016747139744282,0.08631132488508872,0,109,412
ctid,attack_flow,46,80,0.5,0.07923139635173072,0.08081736820875199,0,109,412
ctid,attack_flow,46,80,0.6,0.07624247141042449,0.07372614088816068,0,109,412
ctid,attack_flow,46,80,0.7,0.07576606698285883,0.0565284884501965,0,109,412
ctid,attack_flow,46,80,0.8,0.07179446808338945,0.054903003370191474,0,109,412
ctid,attack_flow,46,80,0.9,0.06985115622905266,0.05236740331557701,0,109,412
ctid,attack_flow,46,80,1.0,0.06471819197262742,0.04872371095255919,0,109,412
ctid,attack_flow,46,100,0.0,0.07464485880698872,0.10532388305352063,0,109,412
ctid,attack_flow,46,100,0.1,0.07486319856802934,0.10040264829510226,0,109,412
ctid,attack_flow,46,100,0.2,0.07316563181616469,0.08968681983034874,0,109,412
ctid,attack_flow,46,100,0.3,0.07874752670144723,0.08523366839124596,0,109,412
ctid,attack_flow,46,100,0.4,0.07274549977848635,0.07806057427395735,0,109,412
ctid,attack_flow,46,100,0.5,0.0744066801286024,0.0721084394976815,0,109,412
ctid,attack_flow,46,100,0.6,0.07146642345637343,0.06374714966522807,0,109,412
ctid,attack_flow,46,100,0.7,0.07151088774026071,0.06180395695163525,0,109,412
ctid,attack_flow,46,100,0.8,0.06665382282636659,0.05968551653167026,0,109,412
ctid,attack_flow,46,100,0.9,0.06128714871244982,0.05437711130857947,0,109,412
ctid,attack_flow,46,100,1.0,0.05398279285516211,0.04708726065285552,0,109,412
ctid,stockpile,42,20,0.0,0.13376743719758546,0.10532388305352063,1,412,109
ctid,stockpile,42,20,0.1,0.13556300889138043,0.10462423313294052,0,412,109
ctid,stockpile,42,20,0.2,0.115722395747896,0.09612746479494559,0,412,109
ctid,stockpile,42,20,0.3,0.10471042027308375,0.09184572867535357,0,412,109
ctid,stockpile,42,20,0.4,0.09547217405012673,0.08859340723879974,0,412,109
ctid,stockpile,42,20,0.5,0.10018092863620183,0.08617221648179557,0,412,109
ctid,stockpile,42,20,0.6,0.07725555468633347,0.07671772754121005,0,412,109
ctid,stockpile,42,20,0.7,0.0687459009721879,0.06790373755299575,0,412,109
ctid,stockpile,42,20,0.8,0.0657416568161375,0.06342681411210502,0,412,109
ctid,stockpile,42,20,0.9,0.06312662777168719,0.0622167633618715,0,412,109
ctid,stockpile,42,20,1.0,0.06349964701263151,0.06270780236929699,0,412,109
ctid,stockpile,42,40,0.0,0.13376743719758546,0.10532388305352063,0,412,109
ctid,stockpile,42,40,0.1,0.13542376033362616,0.10306134908806705,0,412,109
ctid,stockpile,42,40,0.2,0.11196224648830119,0.09435140433224762,0,412,109
ctid,stockpile,42,40,0.3,0.09926252880377831,0.0894819899656655,0,412,109
ctid,stockpile,42,40,0.4,0.09716971263027324,0.08954648002453905,0,412,109
ctid,stockpile,42,40,0.5,0.09135607740056673,0.08562762693078,0,412,109
ctid,stockpile,42,40,0.6,0.0974070559949813,0.0840834847065217,0,412,109
ctid,stockpile,42,40,0.7,0.0704875206509868,0.06977647908507613,0,412,109
ctid,stockpile,42,40,0.8,0.0649986323024921,0.06685861491758266,0,412,109
ctid,stockpile,42,40,0.9,0.06147712814979162,0.060774404747631815,0,412,109
ctid,stockpile,42,40,1.0,0.057648494231853524,0.05937566601723719,0,412,109
ctid,stockpile,42,60,0.0,0.13376743719758546,0.10532388305352063,0,412,109
ctid,stockpile,42,60,0.1,0.136366079651984,0.10395784121101656,0,412,109
ctid,stockpile,42,60,0.2,0.10410189012077853,0.09399542531826323,0,412,109
ctid,stockpile,42,60,0.3,0.09680688681212034,0.0906166906346949,0,412,109
ctid,stockpile,42,60,0.4,0.09032629808628545,0.08687825188187642,0,412,109
ctid,stockpile,42,60,0.5,0.08280359353681616,0.08174105612104943,0,412,109
ctid,stockpile,42,60,0.6,0.06617132544313951,0.07585641483029065,0,412,109
ctid,stockpile,42,60,0.7,0.041809078236962685,0.0642322475751557,0,412,109
ctid,stockpile,42,60,0.8,0.03668061245360273,0.0535864885778128,0,412,109
ctid,stockpile,42,60,0.9,0.03309730947502826,0.05165823672509211,0,412,109
ctid,stockpile,42,60,1.0,0.028926870955895283,0.04861176307747732,0,412,109
ctid,stockpile,42,80,0.0,0.13376743719758546,0.10532388305352063,0,412,109
ctid,stockpile,42,80,0.1,0.13153007892015026,0.10343375785032136,0,412,109
ctid,stockpile,42,80,0.2,0.09652640173645681,0.09100724425098763,0,412,109
ctid,stockpile,42,80,0.3,0.09247593713809411,0.08781895662146208,0,412,109
ctid,stockpile,42,80,0.4,0.08940733049320491,0.08631132488508872,0,412,109
ctid,stockpile,42,80,0.5,0.07932492938690443,0.08081736820875199,0,412,109
ctid,stockpile,42,80,0.6,0.06723914394934717,0.07372614088816068,0,412,109
ctid,stockpile,42,80,0.7,0.04082989163164395,0.0565284884501965,0,412,109
ctid,stockpile,42,80,0.8,0.03646648126327488,0.054903003370191474,0,412,109
ctid,stockpile,42,80,0.9,0.03682054389114204,0.05236740331557701,0,412,109
ctid,stockpile,42,80,1.0,0.03284629648455624,0.04872371095255919,0,412,109
ctid,stockpile,42,100,0.0,0.13376743719758546,0.10532388305352063,0,412,109
ctid,stockpile,42,100,0.1,0.10839616504332665,0.10040264829510226,0,412,109
ctid,stockpile,42,100,0.2,0.09349321802246803,0.08968681983034874,0,412,109
ctid,stockpile,42,100,0.3,0.09322664397339482,0.08523366839124596,0,412,109
ctid,stockpile,42,100,0.4,0.06322768941245006,0.07806057427395735,0,412,109
ctid,stockpile,42,100,0.5,0.05790630243037788,0.0721084394976815,0,412,109
ctid,stockpile,42,100,0.6,0.05403505721413645,0.06374714966522807,0,412,109
ctid,stockpile,42,100,0.7,0.05242485043579532,0.06180395695163525,0,412,109
ctid,stockpile,42,100,0.8,0.05284658391347988,0.05968551653167026,0,412,109
ctid,stockpile,42,100,0.9,0.04391190331443832,0.05437711130857947,0,412,109
ctid,stockpile,42,100,1.0,0.03195554917125407,0.04708726065285552,0,412,109
ctid,stockpile,43,20,0.0,0.1372791209716135,0.10532388305352063,1,412,109
ctid,stockpile,43,20,0.1,0.13997557243843653,0.10462423313294052,0,412,109
ctid,stockpile,43,20,0.2,0.1164366649386016,0.09612746479494559,0,412,109
ctid,stockpile,43,20,0.3,0.11193202415123256,0.09184572867535357,0,412,109
ctid,stockpile,43,20,0.4,0.10757180374705867,0.08859340723879974,0,412,109
ctid,stockpile,43,20,0.5,0.10497980303973271,0.08617221648179557,0,412,109
ctid,stockpile,43,20,0.6,0.09944389445793421,0.07671772754121005,0,412,109
ctid,stockpile,43,20,0.7,0.07413875778851108,0.06790373755299575,0,412,109
ctid,stockpile,43,20,0.8,0.06660300111950226,0.06342681411210502,0,412,109
ctid,stockpile,43,20,0.9,0.06519584254527955,0.0622167633618715,0,412,109
ctid,stockpile,43,20,1.0,0.06519584254527955,0.06270780236929699,0,412,109
ctid,stockpile,43,40,0.0,0.1372791209716135,0.10532388305352063,0,412,109
ctid,stockpile,43,40,0.1,0.13134210912274719,0.10306134908806705,0,412,109
ctid,stockpile,43,40,0.2,0.11093497684623216,0.09435140433224762,0,412,109
ctid,stockpile,43,40,0.3,0.10817440174046018,0.0894819899656655,0,412,109
ctid,stockpile,43,40,0.4,0.10440129594083077,0.08954648002453905,0,412,109
ctid,stockpile,43,40,0.5,0.1004030728628524,0.08562762693078,0,412,109
ctid,stockpile,43,40,0.6,0.10300600453289076,0.0840834847065217,0,412,109
ctid,stockpile,43,40,0.7,0.07439888665335397,0.06977647908507613,0,412,109
ctid,stockpile,43,40,0.8,0.06938639343816237,0.06685861491758266,0,412,109
ctid,stockpile,43,40,0.9,0.06585647263774684,0.060774404747631815,0,412,109
ctid,stockpile,43,40,1.0,0.0655974723787466,0.05937566601723719,0,412,109
ctid,stockpile,43,60,0.0,0.1372791209716135,0.10532388305352063,0,412,109
ctid,stockpile,43,60,0.1,0.1322039074469614,0.10395784121101656,0,412,109
ctid,stockpile,43,60,0.2,0.11534605924522934,0.09399542531826323,0,412,109
ctid,stockpile,43,60,0.3,0.10750240954663838,0.0906166906346949,0,412,109
ctid,stockpile,43,60,0.4,0.09459214549257701,0.08687825188187642,0,412,109
ctid,stockpile,43,60,0.5,0.0904683499030819,0.08174105612104943,0,412,109
ctid,stockpile,43,60,0.6,0.08532848899837725,0.07585641483029065,0,412,109
ctid,stockpile,43,60,0.7,0.05577148623961386,0.0642322475751557,0,412,109
ctid,stockpile,43,60,0.8,0.03945549268818763,0.0535864885778128,0,412,109
ctid,stockpile,43,60,0.9,0.03629372382687198,0.05165823672509211,0,412,109
ctid,stockpile,43,60,1.0,0.03617980005047796,0.04861176307747732,0,412,109
ctid,stockpile,43,80,0.0,0.1372791209716135,0.10532388305352063,0,412,109
ctid,stockpile,43,80,0.1,0.1368425147565042,0.10343375785032136,0,412,109
ctid,stockpile,43,80,0.2,0.10595202974771491,0.09100724425098763,0,412,109
ctid,stockpile,43,80,0.3,0.10002984855468391,0.08781895662146208,0,412,109
ctid,stockpile,43,80,0.4,0.0926058002749298,0.08631132488508872,0,412,109
ctid,stockpile,43,80,0.5,0.08243110684252268,0.08081736820875199,0,412,109
ctid,stockpile,43,80,0.6,0.07581817235523476,0.07372614088816068,0,412,109
ctid,stockpile,43,80,0.7,0.0404632218847545,0.0565284884501965,0,412,109
ctid,stockpile,43,80,0.8,0.04232311210755383,0.054903003370191474,0,412,109
ctid,stockpile,43,80,0.9,0.03972990035434937,0.05236740331557701,0,412,109
ctid,stockpile,43,80,1.0,0.03791610964966007,0.04872371095255919,0,412,109
ctid,stockpile,43,100,0.0,0.1372791209716135,0.10532388305352063,0,412,109
ctid,stockpile,43,100,0.1,0.1297417452310287,0.10040264829510226,0,412,109
ctid,stockpile,43,100,0.2,0.10772824029494321,0.08968681983034874,0,412,109
ctid,stockpile,43,100,0.3,0.09275932300680978,0.08523366839124596,0,412,109
ctid,stockpile,43,100,0.4,0.08632097442591471,0.07806057427395735,0,412,109
ctid,stockpile,43,100,0.5,0.06438423905420457,0.0721084394976815,0,412,109
ctid,stockpile,43,100,0.6,0.04778113065242606,0.06374714966522807,0,412,109
ctid,stockpile,43,100,0.7,0.047403566801562436,0.06180395695163525,0,412,109
ctid,stockpile,43,100,0.8,0.044916198696399144,0.05968551653167026,0,412,109
ctid,stockpile,43,100,0.9,0.037273942034540056,0.05437711130857947,0,412,109
ctid,stockpile,43,100,1.0,0.03424805486204002,0.04708726065285552,0,412,109
ctid,stockpile,44,20,0.0,0.13268322000079613,0.10532388305352063,1,412,109
ctid,stockpile,44,20,0.1,0.12677376677041238,0.10462423313294052,0,412,109
ctid,stockpile,44,20,0.2,0.1077796743006692,0.09612746479494559,0,412,109
ctid,stockpile,44,20,0.3,0.10000909638408381,0.09184572867535357,0,412,109
ctid,stockpile,44,20,0.4,0.101965387917365,0.08859340723879974,0,412,109
ctid,stockpile,44,20,0.5,0.0928142590823124,0.08617221648179557,0,412,109
ctid,stockpile,44,20,0.6,0.07453026361023253,0.07671772754121005,0,412,109
ctid,stockpile,44,20,0.7,0.06953333041130216,0.06790373755299575,0,412,109
ctid,stockpile,44,20,0.8,0.06430416068822707,0.06342681411210502,0,412,109
ctid,stockpile,44,20,0.9,0.064627186082835,0.0622167633618715,0,412,109
ctid,stockpile,44,20,1.0,0.06349964701263151,0.06270780236929699,0,412,109
ctid,stockpile,44,40,0.0,0.13268322000079613,0.10532388305352063,0,412,109
ctid,stockpile,44,40,0.1,0.11925448625592153,0.10306134908806705,0,412,109
ctid,stockpile,44,40,0.2,0.11330300477930225,0.09435140433224762,0,412,109
ctid,stockpile,44,40,0.3,0.09708379819395363,0.0894819899656655,0,412,109
ctid,stockpile,44,40,0.4,0.10064652760504114,0.08954648002453905,0,412,109
ctid,stockpile,44,40,0.5,0.09267861222881077,0.08562762693078,0,412,109
ctid,stockpile,44,40,0.6,0.09815405456706383,0.0840834847065217,0,412,109
ctid,stockpile,44,40,0.7,0.07321685422331402,0.06977647908507613,0,412,109
ctid,stockpile,44,40,0.8,0.0693259017525653,0.06685861491758266,0,412,109
ctid,stockpile,44,40,0.9,0.06317737472353757,0.060774404747631815,0,412,109
ctid,stockpile,44,40,1.0,0.06166002014810656,0.05937566601723719,0,412,109
ctid,stockpile,44,60,0.0,0.13268322000079613,0.10532388305352063,0,412,109
ctid,stockpile,44,60,0.1,0.1185950450515045,0.10395784121101656,0,412,109
ctid,stockpile,44,60,0.2,0.11410622562988491,0.09399542531826323,0,412,109
ctid,stockpile,44,60,0.3,0.09600694443800384,0.0906166906346949,0,412,109
ctid,stockpile,44,60,0.4,0.09262999032315287,0.08687825188187642,0,412,109
ctid,stockpile,44,60,0.5,0.08431302581953383,0.08174105612104943,0,412,109
ctid,stockpile,44,60,0.6,0.07454949751804106,0.07585641483029065,0,412,109
ctid,stockpile,44,60,0.7,0.07254860532720557,0.0642322475751557,0,412,109
ctid,stockpile,44,60,0.8,0.037328492295917615,0.0535864885778128,0,412,109
ctid,stockpile,44,60,0.9,0.03559394143226497,0.05165823672509211,0,412,109
ctid,stockpile,44,60,1.0,0.031486914525008514,0.04861176307747732,0,412,109
ctid,stockpile,44,80,0.0,0.13268322000079613,0.10532388305352063,0,412,109
ctid,stockpile,44,80,0.1,0.11823362328379873,0.10343375785032136,0,412,109
ctid,stockpile,44,80,0.2,0.11490077345948982,0.09100724425098763,0,412,109
ctid,stockpile,44,80,0.3,0.09743909155399644,0.08781895662146208,0,412,109
ctid,stockpile,44,80,0.4,0.09344303982672143,0.08631132488508872,0,412,109
ctid,stockpile,44,80,0.5,0.08769792371057124,0.08081736820875199,0,412,109
ctid,stockpile,44,80,0.6,0.07603068924624871,0.07372614088816068,0,412,109
ctid,stockpile,44,80,0.7,0.0463089218939663,0.0565284884501965,0,412,109
ctid,stockpile,44,80,0.8,0.046066355459410895,0.054903003370191474,0,412,109
ctid,stockpile,44,80,0.9,0.0403322555294784,0.05236740331557701,0,412,109
ctid,stockpile,44,80,1.0,0.0384953893064467,0.04872371095255919,0,412,109
ctid,stockpile,44,100,0.0,0.13268322000079613,0.10532388305352063,0,412,109
ctid,stockpile,44,100,0.1,0.13001826415935738,0.10040264829510226,0,412,109
ctid,stockpile,44,100,0.2,0.10038545279116695,0.08968681983034874,0,412,109
ctid,stockpile,44,100,0.3,0.0932350889964651,0.08523366839124596,0,412,109
ctid,stockpile,44,100,0.4,0.0857076816492592,0.07806057427395735,0,412,109
ctid,stockpile,44,100,0.5,0.08414156729159822,0.0721084394976815,0,412,109
ctid,stockpile,44,100,0.6,0.05708999231863405,0.06374714966522807,0,412,109
ctid,stockpile,44,100,0.7,0.05971606994677839,0.06180395695163525,0,412,109
ctid,stockpile,44,100,0.8,0.05848829430342212,0.05968551653167026,0,412,109
ctid,stockpile,44,100,0.9,0.06023754205146961,0.05437711130857947,0,412,109
ctid,stockpile,44,100,1.0,0.04825418085169343,0.04708726065285552,0,412,109
ctid,stockpile,45,20,0.0,0.13540560612879915,0.10532388305352063,1,412,109
ctid,stockpile,45,20,0.1,0.1325413818733103,0.10462423313294052,0,412,109
ctid,stockpile,45,20,0.2,0.11045295120139216,0.09612746479494559,0,412,109
ctid,stockpile,45,20,0.3,0.10310020741086696,0.09184572867535357,0,412,109
ctid,stockpile,45,20,0.4,0.10482526397254034,0.08859340723879974,0,412,109
ctid,stockpile,45,20,0.5,0.09715318313695186,0.08617221648179557,0,412,109
ctid,stockpile,45,20,0.6,0.10184237990885567,0.07671772754121005,0,412,109
ctid,stockpile,45,20,0.7,0.06889331362415786,0.06790373755299575,0,412,109
ctid,stockpile,45,20,0.8,0.06365944733913614,0.06342681411210502,0,412,109
ctid,stockpile,45,20,0.9,0.06312662777168719,0.0622167633618715,0,412,109
ctid,stockpile,45,20,1.0,0.06349964701263151,0.06270780236929699,0,412,109
ctid,stockpile,45,40,0.0,0.13540560612879915,0.10532388305352063,0,412,109
ctid,stockpile,45,40,0.1,0.11802135674882218,0.10306134908806705,0,412,109
ctid,stockpile,45,40,0.2,0.10716304081586774,0.09435140433224762,0,412,109
ctid,stockpile,45,40,0.3,0.10040807840839,0.0894819899656655,0,412,109
ctid,stockpile,45,40,0.4,0.10047412685137191,0.08954648002453905,0,412,109
ctid,stockpile,45,40,0.5,0.09978835080987183,0.08562762693078,0,412,109
ctid,stockpile,45,40,0.6,0.08542052157234913,0.0840834847065217,0,412,109
ctid,stockpile,45,40,0.7,0.07721463129702419,0.06977647908507613,0,412,109
ctid,stockpile,45,40,0.8,0.07141412095548569,0.06685861491758266,0,412,109
ctid,stockpile,45,40,0.9,0.03774083554303614,0.060774404747631815,0,412,109
ctid,stockpile,45,40,1.0,0.03762894261794252,0.05937566601723719,0,412,109
ctid,stockpile,45,60,0.0,0.13540560612879915,0.10532388305352063,0,412,109
ctid,stockpile,45,60,0.1,0.1177201343737219,0.10395784121101656,0,412,109
ctid,stockpile,45,60,0.2,0.11211470424376814,0.09399542531826323,0,412,109
ctid,stockpile,45,60,0.3,0.10909599485877333,0.0906166906346949,0,412,109
ctid,stockpile,45,60,0.4,0.09677669801857859,0.08687825188187642,0,412,109
ctid,stockpile,45,60,0.5,0.08552245089476597,0.08174105612104943,0,412,109
ctid,stockpile,45,60,0.6,0.07799768441063941,0.07585641483029065,0,412,109
ctid,stockpile,45,60,0.7,0.07155429662710232,0.0642322475751557,0,412,109
ctid,stockpile,45,60,0.8,0.04148029131247814,0.0535864885778128,0,412,109
ctid,stockpile,45,60,0.9,0.03967868039202698,0.05165823672509211,0,412,109
ctid,stockpile,45,60,1.0,0.03538872380286992,0.04861176307747732,0,412,109
ctid,stockpile,45,80,0.0,0.13540560612879915,0.10532388305352063,0,412,109
ctid,stockpile,45,80,0.1,0.1280515683919012,0.10343375785032136,0,412,109
ctid,stockpile,45,80,0.2,0.10750413170423061,0.09100724425098763,0,412,109
ctid,stockpile,45,80,0.3,0.10051494033573774,0.08781895662146208,0,412,109
ctid,stockpile,45,80,0.4,0.09828289392446025,0.08631132488508872,0,412,109
ctid,stockpile,45,80,0.5,0.09127959203066192,0.08081736820875199,0,412,109
ctid,stockpile,45,80,0.6,0.08022782701832876,0.07372614088816068,0,412,109
ctid,stockpile,45,80,0.7,0.045082229086573306,0.0565284884501965,0,412,109
ctid,stockpile,45,80,0.8,0.04135259489896122,0.054903003370191474,0,412,109
ctid,stockpile,45,80,0.9,0.039845975645529545,0.05236740331557701,0,412,109
ctid,stockpile,45,80,1.0,0.03832699118671702,0.04872371095255919,0,412,109
ctid,stockpile,45,100,0.0,0.13540560612879915,0.10532388305352063,0,412,109
ctid,stockpile,45,100,0.1,0.1138743028087265,0.10040264829510226,0,412,109
ctid,stockpile,45,100,0.2,0.10808275077330566,0.08968681983034874,0,412,109
ctid,stockpile,45,100,0.3,0.09392239507623677,0.08523366839124596,0,412,109
ctid,stockpile,45,100,0.4,0.08990079863366603,0.07806057427395735,0,412,109
ctid,stockpile,45,100,0.5,0.06945132610648366,0.0721084394976815,0,412,109
ctid,stockpile,45,100,0.6,0.0637525826080184,0.06374714966522807,0,412,109
ctid,stockpile,45,100,0.7,0.06197829548071026,0.06180395695163525,0,412,109
ctid,stockpile,45,100,0.8,0.060707760032119876,0.05968551653167026,0,412,109
ctid,stockpile,45,100,0.9,0.053427238171167346,0.05437711130857947,0,412,109
ctid,stockpile,45,100,1.0,0.04434825805374691,0.04708726065285552,0,412,109
ctid,stockpile,46,20,0.0,0.13151197789953584,0.10532388305352063,1,412,109
ctid,stockpile,46,20,0.1,0.1395395752794187,0.10462423313294052,0,412,109
ctid,stockpile,46,20,0.2,0.12049886988676552,0.09612746479494559,0,412,109
ctid,stockpile,46,20,0.3,0.10553966207062022,0.09184572867535357,0,412,109
ctid,stockpile,46,20,0.4,0.1042846632260635,0.08859340723879974,0,412,109
ctid,stockpile,46,20,0.5,0.10159824838872682,0.08617221648179557,0,412,109
ctid,stockpile,46,20,0.6,0.07516255158304047,0.07671772754121005,0,412,109
ctid,stockpile,46,20,0.7,0.06877334460851457,0.06790373755299575,0,412,109
ctid,stockpile,46,20,0.8,0.064627186082835,0.06342681411210502,0,412,109
ctid,stockpile,46,20,0.9,0.06349964701263151,0.0622167633618715,0,412,109
ctid,stockpile,46,20,1.0,0.06349964701263151,0.06270780236929699,0,412,109
ctid,stockpile,46,40,0.0,0.13151197789953584,0.10532388305352063,0,412,109
ctid,stockpile,46,40,0.1,0.13730802912049594,0.10306134908806705,0,412,109
ctid,stockpile,46,40,0.2,0.11045870447695955,0.09435140433224762,0,412,109
ctid,stockpile,46,40,0.3,0.0983114206524754,0.0894819899656655,0,412,109
ctid,stockpile,46,40,0.4,0.1048004301478855,0.08954648002453905,0,412,109
ctid,stockpile,46,40,0.5,0.10321218633251773,0.08562762693078,0,412,109
ctid,stockpile,46,40,0.6,0.10321193972082901,0.0840834847065217,0,412,109
ctid,stockpile,46,40,0.7,0.07276111352552271,0.06977647908507613,0,412,109
ctid,stockpile,46,40,0.8,0.06546244858433359,0.06685861491758266,0,412,109
ctid,stockpile,46,40,0.9,0.06445809283667586,0.060774404747631815,0,412,109
ctid,stockpile,46,40,1.0,0.0641773987020487,0.05937566601723719,0,412,109
ctid,stockpile,46,60,0.0,0.13151197789953584,0.10532388305352063,0,412,109
ctid,stockpile,46,60,0.1,0.13745025724076096,0.10395784121101656,0,412,109
ctid,stockpile,46,60,0.2,0.10636933557680993,0.09399542531826323,0,412,109
ctid,stockpile,46,60,0.3,0.0991441377581485,0.0906166906346949,0,412,109
ctid,stockpile,46,60,0.4,0.09557129200904162,0.08687825188187642,0,412,109
ctid,stockpile,46,60,0.5,0.08697025927299837,0.08174105612104943,0,412,109
ctid,stockpile,46,60,0.6,0.08297291201086539,0.07585641483029065,0,412,109
ctid,stockpile,46,60,0.7,0.05031533477289102,0.0642322475751557,0,412,109
ctid,stockpile,46,60,0.8,0.03762905766034658,0.0535864885778128,0,412,109
ctid,stockpile,46,60,0.9,0.035538613554810666,0.05165823672509211,0,412,109
ctid,stockpile,46,60,1.0,0.03396024144938645,0.04861176307747732,0,412,109
ctid,stockpile,46,80,0.0,0.13151197789953584,0.10532388305352063,0,412,109
ctid,stockpile,46,80,0.1,0.13237046365242783,0.10343375785032136,0,412,109
ctid,stockpile,46,80,0.2,0.10540442482527193,0.09100724425098763,0,412,109
ctid,stockpile,46,80,0.3,0.10062936643610791,0.08781895662146208,0,412,109
ctid,stockpile,46,80,0.4,0.09290243908024458,0.08631132488508872,0,412,109
ctid,stockpile,46,80,0.5,0.08358027255265182,0.08081736820875199,0,412,109
ctid,stockpile,46,80,0.6,0.07412160863352793,0.07372614088816068,0,412,109
ctid,stockpile,46,80,0.7,0.04090694705075951,0.0565284884501965,0,412,109
ctid,stockpile,46,80,0.8,0.03983827166433686,0.054903003370191474,0,412,109
ctid,stockpile,46,80,0.9,0.03883206079114193,0.05236740331557701,0,412,109
ctid,stockpile,46,80,1.0,0.03766520231104373,0.04872371095255919,0,412,109
ctid,stockpile,46,100,0.0,0.13151197789953584,0.10532388305352063,0,412,109
ctid,stockpile,46,100,0.1,0.13669388716262404,0.10040264829510226,0,412,109
ctid,stockpile,46,100,0.2,0.10787046841520821,0.08968681983034874,0,412,109
ctid,stockpile,46,100,0.3,0.09309787730863738,0.08523366839124596,0,412,109
ctid,stockpile,46,100,0.4,0.08574642572636415,0.07806057427395735,0,412,109
ctid,stockpile,46,100,0.5,0.08274449723223294,0.0721084394976815,0,412,109
ctid,stockpile,46,100,0.6,0.05624596469191282,0.06374714966522807,0,412,109
ctid,stockpile,46,100,0.7,0.05344787239826853,0.06180395695163525,0,412,109
ctid,stockpile,46,100,0.8,0.05210079755393065,0.05968551653167026,0,412,109
ctid,stockpile,46,100,0.9,0.04513445485452706,0.05437711130857947,0,412,109
ctid,stockpile,46,100,1.0,0.035038342394359434,0.04708726065285552,0,412,109
stockpile,attack_flow,42,20,0.0,0.18465453482102098,0.18306874644018506,0,263,412
stockpile,attack_flow,42,20,0.1,0.18481022434849184,0.18455831375647153,0,263,412
stockpile,attack_flow,42,20,0.2,0.18676085617334964,0.18594315054397118,0,263,412
stockpile,attack_flow,42,20,0.3,0.18869099211823903,0.18741071669363465,0,263,412
stockpile,attack_flow,42,20,0.4,0.19206744510148238,0.18958237393910835,0,263,412
stockpile,attack_flow,42,20,0.5,0.19510711227232846,0.19032162549451154,0,263,412
stockpile,attack_flow,42,20,0.6,0.1972522024692287,0.1917990284662851,0,263,412
stockpile,attack_flow,42,20,0.7,0.19890551046714824,0.19247136666667164,0,263,412
stockpile,attack_flow,42,20,0.8,0.1947311664889888,0.1927050007316586,0,263,412
stockpile,attack_flow,42,20,0.9,0.19524397777555638,0.19417802356082658,0,263,412
stockpile,attack_flow,42,20,1.0,0.19923401798144244,0.1994092961355089,1,263,412
stockpile,attack_flow,42,40,0.0,0.18465453482102098,0.18306874644018506,0,263,412
stockpile,attack_flow,42,40,0.1,0.18426123004284953,0.1842955559409814,0,263,412
stockpile,attack_flow,42,40,0.2,0.1850344804403031,0.1847585842415566,0,263,412
stockpile,attack_flow,42,40,0.3,0.18853736658854142,0.1860267669390298,0,263,412
stockpile,attack_flow,42,40,0.4,0.1896193956665755,0.18698467415897416,0,263,412
stockpile,attack_flow,42,40,0.5,0.19278425596543297,0.18953168011114502,0,263,412
stockpile,attack_flow,42,40,0.6,0.1951285259155023,0.18921503765458578,0,263,412
stockpile,attack_flow,42,40,0.7,0.19712530990378785,0.19088126143735668,0,263,412
stockpile,attack_flow,42,40,0.8,0.20015770888888773,0.1920195087420412,0,263,412
stockpile,attack_flow,42,40,0.9,0.1943437206142111,0.1908082262223028,0,263,412
stockpile,attack_flow,42,40,1.0,0.19356474783651692,0.19028628109685258,0,263,412
stockpile,attack_flow,42,60,0.0,0.18465453482102098,0.18306874644018506,0,263,412
stockpile,attack_flow,42,60,0.1,0.1837139146452814,0.18365484463506584,0,263,412
stockpile,attack_flow,42,60,0.2,0.1831031347436014,0.1841823398711662,0,263,412
stockpile,attack_flow,42,60,0.3,0.18565305238029353,0.1846454534703822,0,263,412
stockpile,attack_flow,42,60,0.4,0.18719394306632386,0.18549291963588582,0,263,412
stockpile,attack_flow,42,60,0.5,0.1857566193943737,0.18763452549796217,0,263,412
stockpile,attack_flow,42,60,0.6,0.18289457399115275,0.1871824179857447,0,263,412
stockpile,attack_flow,42,60,0.7,0.18164198607042376,0.18694042437350097,0,263,412
stockpile,attack_flow,42,60,0.8,0.17647693830438674,0.18682591210931604,0,263,412
stockpile,attack_flow,42,60,0.9,0.1617872382811115,0.18414225712488108,0,263,412
stockpile,attack_flow,42,60,1.0,0.1543193330930861,0.17594004977193242,0,263,412
stockpile,attack_flow,42,80,0.0,0.18465453482102098,0.18306874644018506,0,263,412
stockpile,attack_flow,42,80,0.1,0.18426885642986976,0.18288206359783685,0,263,412
stockpile,attack_flow,42,80,0.2,0.18427419921316737,0.18350070511067923,0,263,412
stockpile,attack_flow,42,80,0.3,0.18504660556799693,0.18442751097181725,0,263,412
stockpile,attack_flow,42,80,0.4,0.1869442393778209,0.18631791516065951,0,263,412
stockpile,attack_flow,42,80,0.5,0.1874085328633115,0.1855177562399168,0,263,412
stockpile,attack_flow,42,80,0.6,0.18368446827349721,0.182091351749135,0,263,412
stockpile,attack_flow,42,80,0.7,0.18051428489031812,0.18142698019569614,0,263,412
stockpile,attack_flow,42,80,0.8,0.17380799526374538,0.17863270103701903,0,263,412
stockpile,attack_flow,42,80,0.9,0.1608023406374714,0.17053743385474396,0,263,412
stockpile,attack_flow,42,80,1.0,0.1446281833823027,0.15432617291733064,0,263,412
stockpile,attack_flow,42,100,0.0,0.18465453482102098,0.18306874644018506,0,263,412
stockpile,attack_flow,42,100,0.1,0.18203698160747697,0.183315651517135,0,263,412
stockpile,attack_flow,42,100,0.2,0.18244209730648459,0.18368318005338388,0,263,412
stockpile,attack_flow,42,100,0.3,0.18232130600781132,0.18453292917264702,0,263,412
stockpile,attack_flow,42,100,0.4,0.1779104169314072,0.1845432127333821,0,263,412
stockpile,attack_flow,42,100,0.5,0.17283041572034571,0.18283737730412655,0,263,412
stockpile,attack_flow,42,100,0.6,0.16337398205915163,0.17915917037395285,0,263,412
stockpile,attack_flow,42,100,0.7,0.15779103471414485,0.17536695146740305,0,263,412
stockpile,attack_flow,42,100,0.8,0.1526504241155113,0.17388520298042062,0,263,412
stockpile,attack_flow,42,100,0.9,0.1271507098914683,0.16427626695151587,0,263,412
stockpile,attack_flow,42,100,1.0,0.1006093057662076,0.1482715672509693,0,263,412
stockpile,attack_flow,43,20,0.0,0.18468215635939758,0.18306874644018506,0,263,412
stockpile,attack_flow,43,20,0.1,0.18454630115217827,0.18455831375647153,0,263,412
stockpile,attack_flow,43,20,0.2,0.18662474811805357,0.18594315054397118,0,263,412
stockpile,attack_flow,43,20,0.3,0.18755247485442295,0.18741071669363465,0,263,412
stockpile,attack_flow,43,20,0.4,0.19083947539067375,0.18958237393910835,0,263,412
stockpile,attack_flow,43,20,0.5,0.1913209705681138,0.19032162549451154,0,263,412
stockpile,attack_flow,43,20,0.6,0.19234233549929877,0.1917990284662851,0,263,412
stockpile,attack_flow,43,20,0.7,0.19351137798573978,0.19247136666667164,0,263,412
stockpile,attack_flow,43,20,0.8,0.18833528993384413,0.1927050007316586,0,263,412
stockpile,attack_flow,43,20,0.9,0.1912291366479971,0.19417802356082658,0,263,412
stockpile,attack_flow,43,20,1.0,0.19665294681813353,0.1994092961355089,1,263,412
stockpile,attack_flow,43,40,0.0,0.18468215635939758,0.18306874644018506,0,263,412
stockpile,attack_flow,43,40,0.1,0.18452056290284385,0.1842955559409814,0,263,412
stockpile,attack_flow,43,40,0.2,0.18612386398816522,0.1847585842415566,0,263,412
stockpile,attack_flow,43,40,0.3,0.18713654833648985,0.1860267669390298,0,263,412
stockpile,attack_flow,43,40,0.4,0.18904910796909732,0.18698467415897416,0,263,412
stockpile,attack_flow,43,40,0.5,0.19035488076645765,0.18953168011114502,0,263,412
stockpile,attack_flow,43,40,0.6,0.1897669503961524,0.18921503765458578,0,263,412
stockpile,attack_flow,43,40,0.7,0.19379022729855777,0.19088126143735668,0,263,412
stockpile,attack_flow,43,40,0.8,0.19469851060215915,0.1920195087420412,0,263,412
stockpile,attack_flow,43,40,0.9,0.1878639304039379,0.1908082262223028,0,263,412
stockpile,attack_flow,43,40,1.0,0.18755469963148694,0.19028628109685258,0,263,412
stockpile,attack_flow,43,60,0.0,0.18468215635939758,0.18306874644018506,0,263,412
stockpile,attack_flow,43,60,0.1,0.1846441070247948,0.18365484463506584,0,263,412
stockpile,attack_flow,43,60,0.2,0.18541854277957626,0.1841823398711662,0,263,412
stockpile,attack_flow,43,60,0.3,0.18729811047283462,0.1846454534703822,0,263,412
stockpile,attack_flow,43,60,0.4,0.1883299276447717,0.18549291963588582,0,263,412
stockpile,attack_flow,43,60,0.5,0.19034943632375675,0.18763452549796217,0,263,412
stockpile,attack_flow,43,60,0.6,0.19185513250196912,0.1871824179857447,0,263,412
stockpile,attack_flow,43,60,0.7,0.191577379206553,0.18694042437350097,0,263,412
stockpile,attack_flow,43,60,0.8,0.1911791278438737,0.18682591210931604,0,263,412
stockpile,attack_flow,43,60,0.9,0.18633591725642254,0.18414225712488108,0,263,412
stockpile,attack_flow,43,60,1.0,0.1782720504417579,0.17594004977193242,0,263,412
stockpile,attack_flow,43,80,0.0,0.18468215635939758,0.18306874644018506,0,263,412
stockpile,attack_flow,43,80,0.1,0.18344418867900664,0.18288206359783685,0,263,412
stockpile,attack_flow,43,80,0.2,0.18440662287522672,0.18350070511067923,0,263,412
stockpile,attack_flow,43,80,0.3,0.18334794188721767,0.18442751097181725,0,263,412
stockpile,attack_flow,43,80,0.4,0.18320321485279684,0.18631791516065951,0,263,412
stockpile,attack_flow,43,80,0.5,0.18087638656155017,0.1855177562399168,0,263,412
stockpile,attack_flow,43,80,0.6,0.17522207234985462,0.182091351749135,0,263,412
stockpile,attack_flow,43,80,0.7,0.1713747940827225,0.18142698019569614,0,263,412
stockpile,attack_flow,43,80,0.8,0.16691788184796588,0.17863270103701903,0,263,412
stockpile,attack_flow,43,80,0.9,0.1553951451351836,0.17053743385474396,0,263,412
stockpile,attack_flow,43,80,1.0,0.14404718780550424,0.15432617291733064,0,263,412
stockpile,attack_flow,43,100,0.0,0.18468215635939758,0.18306874644018506,0,263,412
stockpile,attack_flow,43,100,0.1,0.18371510827764367,0.183315651517135,0,263,412
stockpile,attack_flow,43,100,0.2,0.18131862037096141,0.18368318005338388,0,263,412
stockpile,attack_flow,43,100,0.3,0.1816146747718812,0.18453292917264702,0,263,412
stockpile,attack_flow,43,100,0.4,0.17841019270900768,0.1845432127333821,0,263,412
stockpile,attack_flow,43,100,0.5,0.17165013653615635,0.18283737730412655,0,263,412
stockpile,attack_flow,43,100,0.6,0.17053715903596192,0.17915917037395285,0,263,412
stockpile,attack_flow,43,100,0.7,0.1685504391722683,0.17536695146740305,0,263,412
stockpile,attack_flow,43,100,0.8,0.1696660311771064,0.17388520298042062,0,263,412
stockpile,attack_flow,43,100,0.9,0.15414230061513925,0.16427626695151587,0,263,412
stockpile,attack_flow,43,100,1.0,0.1410733909816952,0.1482715672509693,0,263,412
stockpile,attack_flow,44,20,0.0,0.18121975738158744,0.18306874644018506,0,263,412
stockpile,attack_flow,44,20,0.1,0.18230607520464626,0.18455831375647153,0,263,412
stockpile,attack_flow,44,20,0.2,0.18470023713338493,0.18594315054397118,0,263,412
stockpile,attack_flow,44,20,0.3,0.18607031609334213,0.18741071669363465,0,263,412
stockpile,attack_flow,44,20,0.4,0.1889945070310821,0.18958237393910835,0,263,412
stockpile,attack_flow,44,20,0.5,0.19527925898315965,0.19032162549451154,0,263,412
stockpile,attack_flow,44,20,0.6,0.19750023977937298,0.1917990284662851,0,263,412
stockpile,attack_flow,44,20,0.7,0.1998660114248491,0.19247136666667164,0,263,412
stockpile,attack_flow,44,20,0.8,0.20078194496218255,0.1927050007316586,0,263,412
stockpile,attack_flow,44,20,0.9,0.19603693003589984,0.19417802356082658,0,263,412
stockpile,attack_flow,44,20,1.0,0.1970044261924981,0.1994092961355089,1,263,412
stockpile,attack_flow,44,40,0.0,0.18121975738158744,0.18306874644018506,0,263,412
stockpile,attack_flow,44,40,0.1,0.18246252234355093,0.1842955559409814,0,263,412
stockpile,attack_flow,44,40,0.2,0.18239684287451188,0.1847585842415566,0,263,412
stockpile,attack_flow,44,40,0.3,0.1848766619652369,0.1860267669390298,0,263,412
stockpile,attack_flow,44,40,0.4,0.18607610247759332,0.18698467415897416,0,263,412
stockpile,attack_flow,44,40,0.5,0.18806939445193613,0.18953168011114502,0,263,412
stockpile,attack_flow,44,40,0.6,0.18964843846320137,0.18921503765458578,0,263,412
stockpile,attack_flow,44,40,0.7,0.1923711768329791,0.19088126143735668,0,263,412
stockpile,attack_flow,44,40,0.8,0.19281448642105783,0.1920195087420412,0,263,412
stockpile,attack_flow,44,40,0.9,0.1856441816137784,0.1908082262223028,0,263,412
stockpile,attack_flow,44,40,1.0,0.18741829794184545,0.19028628109685258,0,263,412
stockpile,attack_flow,44,60,0.0,0.18121975738158744,0.18306874644018506,0,263,412
stockpile,attack_flow,44,60,0.1,0.18274765121397413,0.18365484463506584,0,263,412
stockpile,attack_flow,44,60,0.2,0.18296019071866176,0.1841823398711662,0,263,412
stockpile,attack_flow,44,60,0.3,0.18571685728215703,0.1846454534703822,0,263,412
stockpile,attack_flow,44,60,0.4,0.1864852470163542,0.18549291963588582,0,263,412
stockpile,attack_flow,44,60,0.5,0.18891231203744688,0.18763452549796217,0,263,412
stockpile,attack_flow,44,60,0.6,0.19180530136712765,0.1871824179857447,0,263,412
stockpile,attack_flow,44,60,0.7,0.19300092559938115,0.18694042437350097,0,263,412
stockpile,attack_flow,44,60,0.8,0.19089614700168897,0.18682591210931604,0,263,412
stockpile,attack_flow,44,60,0.9,0.17908042611972494,0.18414225712488108,0,263,412
stockpile,attack_flow,44,60,1.0,0.17394544452655092,0.17594004977193242,0,263,412
stockpile,attack_flow,44,80,0.0,0.18121975738158744,0.18306874644018506,0,263,412
stockpile,attack_flow,44,80,0.1,0.18052867026550695,0.18288206359783685,0,263,412
stockpile,attack_flow,44,80,0.2,0.18165589200364132,0.18350070511067923,0,263,412
stockpile,attack_flow,44,80,0.3,0.18165468532020718,0.18442751097181725,0,263,412
stockpile,attack_flow,44,80,0.4,0.181472451413449,0.18631791516065951,0,263,412
stockpile,attack_flow,44,80,0.5,0.17961864784725387,0.1855177562399168,0,263,412
stockpile,attack_flow,44,80,0.6,0.17389738014940317,0.182091351749135,0,263,412
stockpile,attack_flow,44,80,0.7,0.1721419522584631,0.18142698019569614,0,263,412
stockpile,attack_flow,44,80,0.8,0.1647589823744582,0.17863270103701903,0,263,412
stockpile,attack_flow,44,80,0.9,0.15446902530484088,0.17053743385474396,0,263,412
stockpile,attack_flow,44,80,1.0,0.13651691567871801,0.15432617291733064,0,263,412
stockpile,attack_flow,44,100,0.0,0.18121975738158744,0.18306874644018506,0,263,412
stockpile,attack_flow,44,100,0.1,0.18192192118756922,0.183315651517135,0,263,412
stockpile,attack_flow,44,100,0.2,0.18053306114409506,0.18368318005338388,0,263,412
stockpile,attack_flow,44,100,0.3,0.1807991311632394,0.18453292917264702,0,263,412
stockpile,attack_flow,44,100,0.4,0.1787552369409613,0.1845432127333821,0,263,412
stockpile,attack_flow,44,100,0.5,0.17398571889165218,0.18283737730412655,0,263,412
stockpile,attack_flow,44,100,0.6,0.16869514482371895,0.17915917037395285,0,263,412
stockpile,attack_flow,44,100,0.7,0.1636389634225651,0.17536695146740305,0,263,412
stockpile,attack_flow,44,100,0.8,0.1633744028254406,0.17388520298042062,0,263,412
stockpile,attack_flow,44,100,0.9,0.14586828618059436,0.16427626695151587,0,263,412
stockpile,attack_flow,44,100,1.0,0.13274669332247885,0.1482715672509693,0,263,412
stockpile,attack_flow,45,20,0.0,0.18730376963793027,0.18306874644018506,0,263,412
stockpile,attack_flow,45,20,0.1,0.18958574250406793,0.18455831375647153,0,263,412
stockpile,attack_flow,45,20,0.2,0.19130020048718405,0.18594315054397118,0,263,412
stockpile,attack_flow,45,20,0.3,0.19285946973649548,0.18741071669363465,0,263,412
stockpile,attack_flow,45,20,0.4,0.19349679530984173,0.18958237393910835,0,263,412
stockpile,attack_flow,45,20,0.5,0.19478139569756286,0.19032162549451154,0,263,412
stockpile,attack_flow,45,20,0.6,0.1964944428421025,0.1917990284662851,0,263,412
stockpile,attack_flow,45,20,0.7,0.19675401179516,0.19247136666667164,0,263,412
stockpile,attack_flow,45,20,0.8,0.19315731630007843,0.1927050007316586,0,263,412
stockpile,attack_flow,45,20,0.9,0.19274543597396857,0.19417802356082658,0,263,412
stockpile,attack_flow,45,20,1.0,0.19497770251178737,0.1994092961355089,1,263,412
stockpile,attack_flow,45,40,0.0,0.18730376963793027,0.18306874644018506,0,263,412
stockpile,attack_flow,45,40,0.1,0.1890701736338526,0.1842955559409814,0,263,412
stockpile,attack_flow,45,40,0.2,0.19092124516810913,0.1847585842415566,0,263,412
stockpile,attack_flow,45,40,0.3,0.19325476518898577,0.1860267669390298,0,263,412
stockpile,attack_flow,45,40,0.4,0.19447244461099053,0.18698467415897416,0,263,412
stockpile,attack_flow,45,40,0.5,0.1964217446502698,0.18953168011114502,0,263,412
stockpile,attack_flow,45,40,0.6,0.1964543010013111,0.18921503765458578,0,263,412
stockpile,attack_flow,45,40,0.7,0.19763868834906528,0.19088126143735668,0,263,412
stockpile,attack_flow,45,40,0.8,0.20067364955368477,0.1920195087420412,0,263,412
stockpile,attack_flow,45,40,0.9,0.19363807311714665,0.1908082262223028,0,263,412
stockpile,attack_flow,45,40,1.0,0.1922205488360892,0.19028628109685258,0,263,412
stockpile,attack_flow,45,60,0.0,0.18730376963793027,0.18306874644018506,0,263,412
stockpile,attack_flow,45,60,0.1,0.18842831012188904,0.18365484463506584,0,263,412
stockpile,attack_flow,45,60,0.2,0.18920418211049025,0.1841823398711662,0,263,412
stockpile,attack_flow,45,60,0.3,0.18979115233248178,0.1846454534703822,0,263,412
stockpile,attack_flow,45,60,0.4,0.18909135101518829,0.18549291963588582,0,263,412
stockpile,attack_flow,45,60,0.5,0.19107332233382043,0.18763452549796217,0,263,412
stockpile,attack_flow,45,60,0.6,0.19036953095424483,0.1871824179857447,0,263,412
stockpile,attack_flow,45,60,0.7,0.1888016224762134,0.18694042437350097,0,263,412
stockpile,attack_flow,45,60,0.8,0.18610283376762796,0.18682591210931604,0,263,412
stockpile,attack_flow,45,60,0.9,0.17242584917007653,0.18414225712488108,0,263,412
stockpile,attack_flow,45,60,1.0,0.1585690946339718,0.17594004977193242,0,263,412
stockpile,attack_flow,45,80,0.0,0.18730376963793027,0.18306874644018506,0,263,412
stockpile,attack_flow,45,80,0.1,0.18705494777981962,0.18288206359783685,0,263,412
stockpile,attack_flow,45,80,0.2,0.18732163451581046,0.18350070511067923,0,263,412
stockpile,attack_flow,45,80,0.3,0.18786500921913118,0.18442751097181725,0,263,412
stockpile,attack_flow,45,80,0.4,0.18810955976163676,0.18631791516065951,0,263,412
stockpile,attack_flow,45,80,0.5,0.18628134937308716,0.1855177562399168,0,263,412
stockpile,attack_flow,45,80,0.6,0.18446647227950438,0.182091351749135,0,263,412
stockpile,attack_flow,45,80,0.7,0.1733241899371509,0.18142698019569614,0,263,412
stockpile,attack_flow,45,80,0.8,0.16911150591936625,0.17863270103701903,0,263,412
stockpile,attack_flow,45,80,0.9,0.15343348405451895,0.17053743385474396,0,263,412
stockpile,attack_flow,45,80,1.0,0.13820394680357742,0.15432617291733064,0,263,412
stockpile,attack_flow,45,100,0.0,0.18730376963793027,0.18306874644018506,0,263,412
stockpile,attack_flow,45,100,0.1,0.1863016802768339,0.183315651517135,0,263,412
stockpile,attack_flow,45,100,0.2,0.18718546964253338,0.18368318005338388,0,263,412
stockpile,attack_flow,45,100,0.3,0.18534764209780547,0.18453292917264702,0,263,412
stockpile,attack_flow,45,100,0.4,0.18450993628941653,0.1845432127333821,0,263,412
stockpile,attack_flow,45,100,0.5,0.1754594371860561,0.18283737730412655,0,263,412
stockpile,attack_flow,45,100,0.6,0.17184561797854453,0.17915917037395285,0,263,412
stockpile,attack_flow,45,100,0.7,0.16465541747576712,0.17536695146740305,0,263,412
stockpile,attack_flow,45,100,0.8,0.16793768425648153,0.17388520298042062,0,263,412
stockpile,attack_flow,45,100,0.9,0.15414874684826202,0.16427626695151587,0,263,412
stockpile,attack_flow,45,100,1.0,0.14215235072310986,0.1482715672509693,0,263,412
stockpile,attack_flow,46,20,0.0,0.18296505841980454,0.18306874644018506,0,263,412
stockpile,attack_flow,46,20,0.1,0.18289527662659244,0.18455831375647153,0,263,412
stockpile,attack_flow,46,20,0.2,0.18597702470271832,0.18594315054397118,0,263,412
stockpile,attack_flow,46,20,0.3,0.18615240322529578,0.18741071669363465,0,263,412
stockpile,attack_flow,46,20,0.4,0.18908440258788875,0.18958237393910835,0,263,412
stockpile,attack_flow,46,20,0.5,0.18965037894577264,0.19032162549451154,0,263,412
stockpile,attack_flow,46,20,0.6,0.19060392451077243,0.1917990284662851,0,263,412
stockpile,attack_flow,46,20,0.7,0.1909287864821164,0.19247136666667164,0,263,412
stockpile,attack_flow,46,20,0.8,0.19587475204316773,0.1927050007316586,0,263,412
stockpile,attack_flow,46,20,0.9,0.19133122095629146,0.19417802356082658,0,263,412
stockpile,attack_flow,46,20,1.0,0.19264082299345006,0.1994092961355089,1,263,412
stockpile,attack_flow,46,40,0.0,0.18296505841980454,0.18306874644018506,0,263,412
stockpile,attack_flow,46,40,0.1,0.18272579167918157,0.1842955559409814,0,263,412
stockpile,attack_flow,46,40,0.2,0.18465665514050741,0.1847585842415566,0,263,412
stockpile,attack_flow,46,40,0.3,0.18731916883849842,0.1860267669390298,0,263,412
stockpile,attack_flow,46,40,0.4,0.1875059405404714,0.18698467415897416,0,263,412
stockpile,attack_flow,46,40,0.5,0.18887365370184814,0.18953168011114502,0,263,412
stockpile,attack_flow,46,40,0.6,0.1896180315049499,0.18921503765458578,0,263,412
stockpile,attack_flow,46,40,0.7,0.19063828980172912,0.19088126143735668,0,263,412
stockpile,attack_flow,46,40,0.8,0.19105965925152243,0.1920195087420412,0,263,412
stockpile,attack_flow,46,40,0.9,0.18655160886635444,0.1908082262223028,0,263,412
stockpile,attack_flow,46,40,1.0,0.18880620177587976,0.19028628109685258,0,263,412
stockpile,attack_flow,46,60,0.0,0.18296505841980454,0.18306874644018506,0,263,412
stockpile,attack_flow,46,60,0.1,0.18269622216197032,0.18365484463506584,0,263,412
stockpile,attack_flow,46,60,0.2,0.1845508527849205,0.1841823398711662,0,263,412
stockpile,attack_flow,46,60,0.3,0.18555559214614062,0.1846454534703822,0,263,412
stockpile,attack_flow,46,60,0.4,0.1863745102044068,0.18549291963588582,0,263,412
stockpile,attack_flow,46,60,0.5,0.1874748737968485,0.18763452549796217,0,263,412
stockpile,attack_flow,46,60,0.6,0.1887128884588609,0.1871824179857447,0,263,412
stockpile,attack_flow,46,60,0.7,0.18799626401751204,0.18694042437350097,0,263,412
stockpile,attack_flow,46,60,0.8,0.18261740321443676,0.18682591210931604,0,263,412
stockpile,attack_flow,46,60,0.9,0.17139011594363215,0.18414225712488108,0,263,412
stockpile,attack_flow,46,60,1.0,0.16998530458479383,0.17594004977193242,0,263,412
stockpile,attack_flow,46,80,0.0,0.18296505841980454,0.18306874644018506,0,263,412
stockpile,attack_flow,46,80,0.1,0.18305128174585916,0.18288206359783685,0,263,412
stockpile,attack_flow,46,80,0.2,0.1835668482233818,0.18350070511067923,0,263,412
stockpile,attack_flow,46,80,0.3,0.1845770970351134,0.18442751097181725,0,263,412
stockpile,attack_flow,46,80,0.4,0.18419835072648444,0.18631791516065951,0,263,412
stockpile,attack_flow,46,80,0.5,0.1815680054062887,0.1855177562399168,0,263,412
stockpile,attack_flow,46,80,0.6,0.17748753747925364,0.182091351749135,0,263,412
stockpile,attack_flow,46,80,0.7,0.17141462571464597,0.18142698019569614,0,263,412
stockpile,attack_flow,46,80,0.8,0.16490480708381136,0.17863270103701903,0,263,412
stockpile,attack_flow,46,80,0.9,0.15386233198979316,0.17053743385474396,0,263,412
stockpile,attack_flow,46,80,1.0,0.13839172941572508,0.15432617291733064,0,263,412
stockpile,attack_flow,46,100,0.0,0.18296505841980454,0.18306874644018506,0,263,412
stockpile,attack_flow,46,100,0.1,0.18269600170666653,0.183315651517135,0,263,412
stockpile,attack_flow,46,100,0.2,0.1840486182100186,0.18368318005338388,0,263,412
stockpile,attack_flow,46,100,0.3,0.18444422186331913,0.18453292917264702,0,263,412
stockpile,attack_flow,46,100,0.4,0.18092590417111704,0.1845432127333821,0,263,412
stockpile,attack_flow,46,100,0.5,0.17926109275200894,0.18283737730412655,0,263,412
stockpile,attack_flow,46,100,0.6,0.17554558436772316,0.17915917037395285,0,263,412
stockpile,attack_flow,46,100,0.7,0.17002183456351702,0.17536695146740305,0,263,412
stockpile,attack_flow,46,100,0.8,0.16556322276321064,0.17388520298042062,0,263,412
stockpile,attack_flow,46,100,0.9,0.15831261417331877,0.16427626695151587,0,263,412
stockpile,attack_flow,46,100,1.0,0.14457580682330023,0.1482715672509693,0,263,412
stockpile,ctid,42,20,0.0,0.19046414464855657,0.18306874644018506,0,412,263
stockpile,ctid,42,20,0.1,0.19392226267596577,0.18455831375647153,0,412,263
stockpile,ctid,42,20,0.2,0.19586249392075922,0.18594315054397118,0,412,263
stockpile,ctid,42,20,0.3,0.20048895798560476,0.18741071669363465,0,412,263
stockpile,ctid,42,20,0.4,0.19934527675221053,0.18958237393910835,0,412,263
stockpile,ctid,42,20,0.5,0.20266125546833713,0.19032162549451154,0,412,263
stockpile,ctid,42,20,0.6,0.20321870791300042,0.1917990284662851,0,412,263
stockpile,ctid,42,20,0.7,0.20273162828590846,0.19247136666667164,0,412,263
stockpile,ctid,42,20,0.8,0.2031907462929919,0.1927050007316586,0,412,263
stockpile,ctid,42,20,0.9,0.2113518791885126,0.19417802356082658,0,412,263
stockpile,ctid,42,20,1.0,0.2130137119469052,0.1994092961355089,1,412,263
stockpile,ctid,42,40,0.0,0.19046414464855657,0.18306874644018506,0,412,263
stockpile,ctid,42,40,0.1,0.19296394036124404,0.1842955559409814,0,412,263
stockpile,ctid,42,40,0.2,0.1946501480884389,0.1847585842415566,0,412,263
stockpile,ctid,42,40,0.3,0.19409738072736585,0.1860267669390298,0,412,263
stockpile,ctid,42,40,0.4,0.19489922291815,0.18698467415897416,0,412,263
stockpile,ctid,42,40,0.5,0.199358531228154,0.18953168011114502,0,412,263
stockpile,ctid,42,40,0.6,0.19645959968023344,0.18921503765458578,0,412,263
stockpile,ctid,42,40,0.7,0.19756080718609703,0.19088126143735668,0,412,263
stockpile,ctid,42,40,0.8,0.1986055842252372,0.1920195087420412,0,412,263
stockpile,ctid,42,40,0.9,0.19802981157338903,0.1908082262223028,0,412,263
stockpile,ctid,42,40,1.0,0.19888239598663632,0.19028628109685258,0,412,263
stockpile,ctid,42,60,0.0,0.19046414464855657,0.18306874644018506,0,412,263
stockpile,ctid,42,60,0.1,0.18874481007138716,0.18365484463506584,0,412,263
stockpile,ctid,42,60,0.2,0.1896316370275789,0.1841823398711662,0,412,263
stockpile,ctid,42,60,0.3,0.18763941986129468,0.1846454534703822,0,412,263
stockpile,ctid,42,60,0.4,0.18515768035843827,0.18549291963588582,0,412,263
stockpile,ctid,42,60,0.5,0.18906423743416173,0.18763452549796217,0,412,263
stockpile,ctid,42,60,0.6,0.18888749108535924,0.1871824179857447,0,412,263
stockpile,ctid,42,60,0.7,0.18759496396122732,0.18694042437350097,0,412,263
stockpile,ctid,42,60,0.8,0.1877867424525334,0.18682591210931604,0,412,263
stockpile,ctid,42,60,0.9,0.19346299386543792,0.18414225712488108,0,412,263
stockpile,ctid,42,60,1.0,0.18803675460744176,0.17594004977193242,0,412,263
stockpile,ctid,42,80,0.0,0.19046414464855657,0.18306874644018506,0,412,263
stockpile,ctid,42,80,0.1,0.18656036125049874,0.18288206359783685,0,412,263
stockpile,ctid,42,80,0.2,0.18327987857072475,0.18350070511067923,0,412,263
stockpile,ctid,42,80,0.3,0.18490721995004306,0.18442751097181725,0,412,263
stockpile,ctid,42,80,0.4,0.18764013798002246,0.18631791516065951,0,412,263
stockpile,ctid,42,80,0.5,0.18952810953407917,0.1855177562399168,0,412,263
stockpile,ctid,42,80,0.6,0.18417644430245858,0.182091351749135,0,412,263
stockpile,ctid,42,80,0.7,0.18403025108109577,0.18142698019569614,0,412,263
stockpile,ctid,42,80,0.8,0.18131377673663854,0.17863270103701903,0,412,263
stockpile,ctid,42,80,0.9,0.1771464921079931,0.17053743385474396,0,412,263
stockpile,ctid,42,80,1.0,0.16039580284112373,0.15432617291733064,0,412,263
stockpile,ctid,42,100,0.0,0.19046414464855657,0.18306874644018506,0,412,263
stockpile,ctid,42,100,0.1,0.18680734170365795,0.183315651517135,0,412,263
stockpile,ctid,42,100,0.2,0.18453576815363856,0.18368318005338388,0,412,263
stockpile,ctid,42,100,0.3,0.1846036804728089,0.18453292917264702,0,412,263
stockpile,ctid,42,100,0.4,0.19368287376301785,0.1845432127333821,0,412,263
stockpile,ctid,42,100,0.5,0.19147252721409821,0.18283737730412655,0,412,263
stockpile,ctid,42,100,0.6,0.18808543869761904,0.17915917037395285,0,412,263
stockpile,ctid,42,100,0.7,0.18047489939585676,0.17536695146740305,0,412,263
stockpile,ctid,42,100,0.8,0.17927269117539024,0.17388520298042062,0,412,263
stockpile,ctid,42,100,0.9,0.17553064113698297,0.16427626695151587,0,412,263
stockpile,ctid,42,100,1.0,0.15264648865592373,0.1482715672509693,0,412,263
stockpile,ctid,43,20,0.0,0.17936170324827067,0.18306874644018506,0,412,263
stockpile,ctid,43,20,0.1,0.18191644675728585,0.18455831375647153,0,412,263
stockpile,ctid,43,20,0.2,0.18117508941033944,0.18594315054397118,0,412,263
stockpile,ctid,43,20,0.3,0.18220071904393884,0.18741071669363465,0,412,263
stockpile,ctid,43,20,0.4,0.1824055667218983,0.18958237393910835,0,412,263
stockpile,ctid,43,20,0.5,0.18140109593314338,0.19032162549451154,0,412,263
stockpile,ctid,43,20,0.6,0.18179061034245864,0.1917990284662851,0,412,263
stockpile,ctid,43,20,0.7,0.18351403547303324,0.19247136666667164,0,412,263
stockpile,ctid,43,20,0.8,0.1846012215425751,0.1927050007316586,0,412,263
stockpile,ctid,43,20,0.9,0.18271994631053678,0.19417802356082658,0,412,263
stockpile,ctid,43,20,1.0,0.17546453514295907,0.1994092961355089,1,412,263
stockpile,ctid,43,40,0.0,0.17936170324827067,0.18306874644018506,0,412,263
stockpile,ctid,43,40,0.1,0.18144274230298107,0.1842955559409814,0,412,263
stockpile,ctid,43,40,0.2,0.1805139961979279,0.1847585842415566,0,412,263
stockpile,ctid,43,40,0.3,0.17929833462295894,0.1860267669390298,0,412,263
stockpile,ctid,43,40,0.4,0.17900574515608744,0.18698467415897416,0,412,263
stockpile,ctid,43,40,0.5,0.1818343630723526,0.18953168011114502,0,412,263
stockpile,ctid,43,40,0.6,0.1797211841336921,0.18921503765458578,0,412,263
stockpile,ctid,43,40,0.7,0.18034952489499764,0.19088126143735668,0,412,263
stockpile,ctid,43,40,0.8,0.18105218993637834,0.1920195087420412,0,412,263
stockpile,ctid,43,40,0.9,0.18081312020145318,0.1908082262223028,0,412,263
stockpile,ctid,43,40,1.0,0.17391701450305358,0.19028628109685258,0,412,263
stockpile,ctid,43,60,0.0,0.17936170324827067,0.18306874644018506,0,412,263
stockpile,ctid,43,60,0.1,0.1814875879409524,0.18365484463506584,0,412,263
stockpile,ctid,43,60,0.2,0.1814710473404773,0.1841823398711662,0,412,263
stockpile,ctid,43,60,0.3,0.17920842591215858,0.1846454534703822,0,412,263
stockpile,ctid,43,60,0.4,0.17885553949086735,0.18549291963588582,0,412,263
stockpile,ctid,43,60,0.5,0.18260481465916595,0.18763452549796217,0,412,263
stockpile,ctid,43,60,0.6,0.18159042098706785,0.1871824179857447,0,412,263
stockpile,ctid,43,60,0.7,0.1838548240521804,0.18694042437350097,0,412,263
stockpile,ctid,43,60,0.8,0.18785367368994563,0.18682591210931604,0,412,263
stockpile,ctid,43,60,0.9,0.19086602593594942,0.18414225712488108,0,412,263
stockpile,ctid,43,60,1.0,0.18175680081758586,0.17594004977193242,0,412,263
stockpile,ctid,43,80,0.0,0.17936170324827067,0.18306874644018506,0,412,263
stockpile,ctid,43,80,0.1,0.1790893092932269,0.18288206359783685,0,412,263
stockpile,ctid,43,80,0.2,0.18048279051171096,0.18350070511067923,0,412,263
stockpile,ctid,43,80,0.3,0.18011352334651098,0.18442751097181725,0,412,263
stockpile,ctid,43,80,0.4,0.18598949035966977,0.18631791516065951,0,412,263
stockpile,ctid,43,80,0.5,0.18413750050084285,0.1855177562399168,0,412,263
stockpile,ctid,43,80,0.6,0.18532702075005428,0.182091351749135,0,412,263
stockpile,ctid,43,80,0.7,0.19048729808272483,0.18142698019569614,0,412,263
stockpile,ctid,43,80,0.8,0.19339283007781496,0.17863270103701903,0,412,263
stockpile,ctid,43,80,0.9,0.18929238045013277,0.17053743385474396,0,412,263
stockpile,ctid,43,80,1.0,0.17498535718084254,0.15432617291733064,0,412,263
stockpile,ctid,43,100,0.0,0.17936170324827067,0.18306874644018506,0,412,263
stockpile,ctid,43,100,0.1,0.18051078450546304,0.183315651517135,0,412,263
stockpile,ctid,43,100,0.2,0.18020533108835263,0.18368318005338388,0,412,263
stockpile,ctid,43,100,0.3,0.18165965498386055,0.18453292917264702,0,412,263
stockpile,ctid,43,100,0.4,0.18533840129406645,0.1845432127333821,0,412,263
stockpile,ctid,43,100,0.5,0.1868679253420932,0.18283737730412655,0,412,263
stockpile,ctid,43,100,0.6,0.18530004780080092,0.17915917037395285,0,412,263
stockpile,ctid,43,100,0.7,0.1791179319579506,0.17536695146740305,0,412,263
stockpile,ctid,43,100,0.8,0.17259352025211092,0.17388520298042062,0,412,263
stockpile,ctid,43,100,0.9,0.1753964697131712,0.16427626695151587,0,412,263
stockpile,ctid,43,100,1.0,0.16381332845064894,0.1482715672509693,0,412,263
stockpile,ctid,44,20,0.0,0.18465394708908722,0.18306874644018506,0,412,263
stockpile,ctid,44,20,0.1,0.18417480584334753,0.18455831375647153,0,412,263
stockpile,ctid,44,20,0.2,0.18383979256626182,0.18594315054397118,0,412,263
stockpile,ctid,44,20,0.3,0.18512214384122344,0.18741071669363465,0,412,263
stockpile,ctid,44,20,0.4,0.18961329297602664,0.18958237393910835,0,412,263
stockpile,ctid,44,20,0.5,0.18462085571096895,0.19032162549451154,0,412,263
stockpile,ctid,44,20,0.6,0.18475059986420703,0.1917990284662851,0,412,263
stockpile,ctid,44,20,0.7,0.18355378265541292,0.19247136666667164,0,412,263
stockpile,ctid,44,20,0.8,0.1860309431190274,0.1927050007316586,0,412,263
stockpile,ctid,44,20,0.9,0.187218236355568,0.19417802356082658,0,412,263
stockpile,ctid,44,20,1.0,0.20517821536439632,0.1994092961355089,1,412,263
stockpile,ctid,44,40,0.0,0.18465394708908722,0.18306874644018506,0,412,263
stockpile,ctid,44,40,0.1,0.18557663124157964,0.1842955559409814,0,412,263
stockpile,ctid,44,40,0.2,0.18234165468745506,0.1847585842415566,0,412,263
stockpile,ctid,44,40,0.3,0.1825272872696867,0.1860267669390298,0,412,263
stockpile,ctid,44,40,0.4,0.1844515014641485,0.18698467415897416,0,412,263
stockpile,ctid,44,40,0.5,0.18707316365922316,0.18953168011114502,0,412,263
stockpile,ctid,44,40,0.6,0.1835322070911912,0.18921503765458578,0,412,263
stockpile,ctid,44,40,0.7,0.18476068960471523,0.19088126143735668,0,412,263
stockpile,ctid,44,40,0.8,0.18204175317961255,0.1920195087420412,0,412,263
stockpile,ctid,44,40,0.9,0.18363813078890545,0.1908082262223028,0,412,263
stockpile,ctid,44,40,1.0,0.18325065993204645,0.19028628109685258,0,412,263
stockpile,ctid,44,60,0.0,0.18465394708908722,0.18306874644018506,0,412,263
stockpile,ctid,44,60,0.1,0.18550120721932944,0.18365484463506584,0,412,263
stockpile,ctid,44,60,0.2,0.18714255676224925,0.1841823398711662,0,412,263
stockpile,ctid,44,60,0.3,0.18527983574129644,0.1846454534703822,0,412,263
stockpile,ctid,44,60,0.4,0.1844552090192367,0.18549291963588582,0,412,263
stockpile,ctid,44,60,0.5,0.18927866591019335,0.18763452549796217,0,412,263
stockpile,ctid,44,60,0.6,0.19079317858406855,0.1871824179857447,0,412,263
stockpile,ctid,44,60,0.7,0.18766819721254122,0.18694042437350097,0,412,263
stockpile,ctid,44,60,0.8,0.19309374614648978,0.18682591210931604,0,412,263
stockpile,ctid,44,60,0.9,0.19713757715783867,0.18414225712488108,0,412,263
stockpile,ctid,44,60,1.0,0.19395243461885475,0.17594004977193242,0,412,263
stockpile,ctid,44,80,0.0,0.18465394708908722,0.18306874644018506,0,412,263
stockpile,ctid,44,80,0.1,0.18550120721932944,0.18288206359783685,0,412,263
stockpile,ctid,44,80,0.2,0.1890001517691891,0.18350070511067923,0,412,263
stockpile,ctid,44,80,0.3,0.18991429118592015,0.18442751097181725,0,412,263
stockpile,ctid,44,80,0.4,0.19372001508519476,0.18631791516065951,0,412,263
stockpile,ctid,44,80,0.5,0.18866465038424884,0.1855177562399168,0,412,263
stockpile,ctid,44,80,0.6,0.1864358079728054,0.182091351749135,0,412,263
stockpile,ctid,44,80,0.7,0.19396147542762782,0.18142698019569614,0,412,263
stockpile,ctid,44,80,0.8,0.1926004074727473,0.17863270103701903,0,412,263
stockpile,ctid,44,80,0.9,0.1863867844680675,0.17053743385474396,0,412,263
stockpile,ctid,44,80,1.0,0.16869736030590338,0.15432617291733064,0,412,263
stockpile,ctid,44,100,0.0,0.18465394708908722,0.18306874644018506,0,412,263
stockpile,ctid,44,100,0.1,0.18480296955572423,0.183315651517135,0,412,263
stockpile,ctid,44,100,0.2,0.18805303023835723,0.18368318005338388,0,412,263
stockpile,ctid,44,100,0.3,0.1901737077273377,0.18453292917264702,0,412,263
stockpile,ctid,44,100,0.4,0.19030868419236738,0.1845432127333821,0,412,263
stockpile,ctid,44,100,0.5,0.1962077166616267,0.18283737730412655,0,412,263
stockpile,ctid,44,100,0.6,0.19045216642209323,0.17915917037395285,0,412,263
stockpile,ctid,44,100,0.7,0.19023084965390868,0.17536695146740305,0,412,263
stockpile,ctid,44,100,0.8,0.18851479465800705,0.17388520298042062,0,412,263
stockpile,ctid,44,100,0.9,0.18252567691162785,0.16427626695151587,0,412,263
stockpile,ctid,44,100,1.0,0.16366587473703675,0.1482715672509693,0,412,263
stockpile,ctid,45,20,0.0,0.17724593173876046,0.18306874644018506,0,412,263
stockpile,ctid,45,20,0.1,0.18111639335638668,0.18455831375647153,0,412,263
stockpile,ctid,45,20,0.2,0.18084201530750937,0.18594315054397118,0,412,263
stockpile,ctid,45,20,0.3,0.18146988964360714,0.18741071669363465,0,412,263
stockpile,ctid,45,20,0.4,0.18469391281376807,0.18958237393910835,0,412,263
stockpile,ctid,45,20,0.5,0.1833174376673878,0.19032162549451154,0,412,263
stockpile,ctid,45,20,0.6,0.18596104433895957,0.1917990284662851,0,412,263
stockpile,ctid,45,20,0.7,0.18861793292047038,0.19247136666667164,0,412,263
stockpile,ctid,45,20,0.8,0.18889220822038988,0.1927050007316586,0,412,263
stockpile,ctid,45,20,0.9,0.19722033876142492,0.19417802356082658,0,412,263
stockpile,ctid,45,20,1.0,0.2130137119469052,0.1994092961355089,1,412,263
stockpile,ctid,45,40,0.0,0.17724593173876046,0.18306874644018506,0,412,263
stockpile,ctid,45,40,0.1,0.1792776991497617,0.1842955559409814,0,412,263
stockpile,ctid,45,40,0.2,0.178670713129539,0.1847585842415566,0,412,263
stockpile,ctid,45,40,0.3,0.17914912905272318,0.1860267669390298,0,412,263
stockpile,ctid,45,40,0.4,0.18128590996187283,0.18698467415897416,0,412,263
stockpile,ctid,45,40,0.5,0.18169586245892083,0.18953168011114502,0,412,263
stockpile,ctid,45,40,0.6,0.18134036508621756,0.18921503765458578,0,412,263
stockpile,ctid,45,40,0.7,0.18237902032809603,0.19088126143735668,0,412,263
stockpile,ctid,45,40,0.8,0.1853984170197504,0.1920195087420412,0,412,263
stockpile,ctid,45,40,0.9,0.19697627075471202,0.1908082262223028,0,412,263
stockpile,ctid,45,40,1.0,0.1898226666897604,0.19028628109685258,0,412,263
stockpile,ctid,45,60,0.0,0.17724593173876046,0.18306874644018506,0,412,263
stockpile,ctid,45,60,0.1,0.18028827132794306,0.18365484463506584,0,412,263
stockpile,ctid,45,60,0.2,0.17856563007847615,0.1841823398711662,0,412,263
stockpile,ctid,45,60,0.3,0.1803823242052405,0.1846454534703822,0,412,263
stockpile,ctid,45,60,0.4,0.1850592065427832,0.18549291963588582,0,412,263
stockpile,ctid,45,60,0.5,0.18657010854820574,0.18763452549796217,0,412,263
stockpile,ctid,45,60,0.6,0.18283264040756927,0.1871824179857447,0,412,263
stockpile,ctid,45,60,0.7,0.18434451190540602,0.18694042437350097,0,412,263
stockpile,ctid,45,60,0.8,0.19194146850592592,0.18682591210931604,0,412,263
stockpile,ctid,45,60,0.9,0.20039656706179237,0.18414225712488108,0,412,263
stockpile,ctid,45,60,1.0,0.18635171284705726,0.17594004977193242,0,412,263
stockpile,ctid,45,80,0.0,0.17724593173876046,0.18306874644018506,0,412,263
stockpile,ctid,45,80,0.1,0.17938509143914347,0.18288206359783685,0,412,263
stockpile,ctid,45,80,0.2,0.18015128544890519,0.18350070511067923,0,412,263
stockpile,ctid,45,80,0.3,0.1832745467425614,0.18442751097181725,0,412,263
stockpile,ctid,45,80,0.4,0.18285097266336264,0.18631791516065951,0,412,263
stockpile,ctid,45,80,0.5,0.18621463340648364,0.1855177562399168,0,412,263
stockpile,ctid,45,80,0.6,0.18417615114389915,0.182091351749135,0,412,263
stockpile,ctid,45,80,0.7,0.18614892650083661,0.18142698019569614,0,412,263
stockpile,ctid,45,80,0.8,0.1890587021070458,0.17863270103701903,0,412,263
stockpile,ctid,45,80,0.9,0.1873749693128012,0.17053743385474396,0,412,263
stockpile,ctid,45,80,1.0,0.1696745815504615,0.15432617291733064,0,412,263
stockpile,ctid,45,100,0.0,0.17724593173876046,0.18306874644018506,0,412,263
stockpile,ctid,45,100,0.1,0.1816555749707196,0.183315651517135,0,412,263
stockpile,ctid,45,100,0.2,0.18221115323247386,0.18368318005338388,0,412,263
stockpile,ctid,45,100,0.3,0.18534326370128706,0.18453292917264702,0,412,263
stockpile,ctid,45,100,0.4,0.18566263877962277,0.1845432127333821,0,412,263
stockpile,ctid,45,100,0.5,0.18635972505037332,0.18283737730412655,0,412,263
stockpile,ctid,45,100,0.6,0.18394818233947158,0.17915917037395285,0,412,263
stockpile,ctid,45,100,0.7,0.18107282280840525,0.17536695146740305,0,412,263
stockpile,ctid,45,100,0.8,0.1864597174251244,0.17388520298042062,0,412,263
stockpile,ctid,45,100,0.9,0.1790033853678698,0.16427626695151587,0,412,263
stockpile,ctid,45,100,1.0,0.16524659005494216,0.1482715672509693,0,412,263
stockpile,ctid,46,20,0.0,0.17813646105743483,0.18306874644018506,0,412,263
stockpile,ctid,46,20,0.1,0.1803096090957525,0.18455831375647153,0,412,263
stockpile,ctid,46,20,0.2,0.1823490476201513,0.18594315054397118,0,412,263
stockpile,ctid,46,20,0.3,0.18349980039417696,0.18741071669363465,0,412,263
stockpile,ctid,46,20,0.4,0.18528306470621117,0.18958237393910835,0,412,263
stockpile,ctid,46,20,0.5,0.18507649369834067,0.19032162549451154,0,412,263
stockpile,ctid,46,20,0.6,0.18807617710344998,0.1917990284662851,0,412,263
stockpile,ctid,46,20,0.7,0.18633058917687778,0.19247136666667164,0,412,263
stockpile,ctid,46,20,0.8,0.1914544184133403,0.1927050007316586,0,412,263
stockpile,ctid,46,20,0.9,0.1966831336025102,0.19417802356082658,0,412,263
stockpile,ctid,46,20,1.0,0.20691287045661172,0.1994092961355089,1,412,263
stockpile,ctid,46,40,0.0,0.17813646105743483,0.18306874644018506,0,412,263
stockpile,ctid,46,40,0.1,0.1806542657519692,0.1842955559409814,0,412,263
stockpile,ctid,46,40,0.2,0.18227624270060852,0.1847585842415566,0,412,263
stockpile,ctid,46,40,0.3,0.18407102679981116,0.1860267669390298,0,412,263
stockpile,ctid,46,40,0.4,0.18348137082475477,0.18698467415897416,0,412,263
stockpile,ctid,46,40,0.5,0.1888509511568548,0.18953168011114502,0,412,263
stockpile,ctid,46,40,0.6,0.19048077327340648,0.18921503765458578,0,412,263
stockpile,ctid,46,40,0.7,0.19219888017354186,0.19088126143735668,0,412,263
stockpile,ctid,46,40,0.8,0.19369312834212174,0.1920195087420412,0,412,263
stockpile,ctid,46,40,0.9,0.2005834142891399,0.1908082262223028,0,412,263
stockpile,ctid,46,40,1.0,0.20742557783521082,0.19028628109685258,0,412,263
stockpile,ctid,46,60,0.0,0.17813646105743483,0.18306874644018506,0,412,263
stockpile,ctid,46,60,0.1,0.17829636462313683,0.18365484463506584,0,412,263
stockpile,ctid,46,60,0.2,0.17977562436563013,0.1841823398711662,0,412,263
stockpile,ctid,46,60,0.3,0.1799297643699242,0.1846454534703822,0,412,263
stockpile,ctid,46,60,0.4,0.1839265820004878,0.18549291963588582,0,412,263
stockpile,ctid,46,60,0.5,0.18526086454164847,0.18763452549796217,0,412,263
stockpile,ctid,46,60,0.6,0.18208302152002667,0.1871824179857447,0,412,263
stockpile,ctid,46,60,0.7,0.18292356923357145,0.18694042437350097,0,412,263
stockpile,ctid,46,60,0.8,0.1803110401662516,0.18682591210931604,0,412,263
stockpile,ctid,46,60,0.9,0.18853986045682475,0.18414225712488108,0,412,263
stockpile,ctid,46,60,1.0,0.17421156754822412,0.17594004977193242,0,412,263
stockpile,ctid,46,80,0.0,0.17813646105743483,0.18306874644018506,0,412,263
stockpile,ctid,46,80,0.1,0.17993672187610776,0.18288206359783685,0,412,263
stockpile,ctid,46,80,0.2,0.18086774797503458,0.18350070511067923,0,412,263
stockpile,ctid,46,80,0.3,0.1835741894634706,0.18442751097181725,0,412,263
stockpile,ctid,46,80,0.4,0.18905071938615764,0.18631791516065951,0,412,263
stockpile,ctid,46,80,0.5,0.19087974652202216,0.1855177562399168,0,412,263
stockpile,ctid,46,80,0.6,0.18604016279061955,0.182091351749135,0,412,263
stockpile,ctid,46,80,0.7,0.1908720039813758,0.18142698019569614,0,412,263
stockpile,ctid,46,80,0.8,0.19046012148659663,0.17863270103701903,0,412,263
stockpile,ctid,46,80,0.9,0.18721138508663704,0.17053743385474396,0,412,263
stockpile,ctid,46,80,1.0,0.16772066420914786,0.15432617291733064,0,412,263
stockpile,ctid,46,100,0.0,0.17813646105743483,0.18306874644018506,0,412,263
stockpile,ctid,46,100,0.1,0.1827081513795949,0.183315651517135,0,412,263
stockpile,ctid,46,100,0.2,0.18629865114692354,0.18368318005338388,0,412,263
stockpile,ctid,46,100,0.3,0.18902200893711932,0.18453292917264702,0,412,263
stockpile,ctid,46,100,0.4,0.18992784226283665,0.1845432127333821,0,412,263
stockpile,ctid,46,100,0.5,0.1942790776868548,0.18283737730412655,0,412,263
stockpile,ctid,46,100,0.6,0.19380838021444372,0.17915917037395285,0,412,263
stockpile,ctid,46,100,0.7,0.19811532150964672,0.17536695146740305,0,412,263
stockpile,ctid,46,100,0.8,0.19281954115582312,0.17388520298042062,0,412,263
stockpile,ctid,46,100,0.9,0.1906838386767241,0.16427626695151587,0,412,263
stockpile,ctid,46,100,1.0,0.1761858429943498,0.1482715672509693,0,412,263
