sample_id,held_out_source,campaign_id,prefix_len,target_parent_ids,target_size,predicted_next_ttps
attack_flow::Black Basta Ransomware::0001,attack_flow,Black Basta Ransomware,1,"[""T1140"",""T1204"",""T1059""]",3,"[""T1204"",""T1059"",""T1105"",""T1547"",""T1027""]"
attack_flow::Black Basta Ransomware::0002,attack_flow,Black Basta Ransomware,2,"[""T1204"",""T1059""]",2,"[""T1204"",""T1059"",""T1105"",""T1071"",""T1021""]"
attack_flow::Black Basta Ransomware::0003,attack_flow,Black Basta Ransomware,3,"[""T1059"",""T1574""]",2,"[""T1203"",""T1059"",""T1105"",""T1055"",""T1027""]"
attack_flow::Black Basta Ransomware::0004,attack_flow,Black Basta Ransomware,4,"[""T1059"",""T1574"",""T1218""]",3,"[""T1105"",""T1059"",""T1071"",""T1547"",""T1003""]"
attack_flow::Black Basta Ransomware::0005,attack_flow,Black Basta Ransomware,5,"[""T1574"",""T1218"",""T1136""]",3,"[""T1059"",""T1105"",""T1027"",""T1547"",""T1003""]"
attack_flow::Black Basta Ransomware::0006,attack_flow,Black Basta Ransomware,6,"[""T1218"",""T1136"",""T1484""]",3,"[""T1059"",""T1003"",""T1021"",""T1078"",""T1105""]"
attack_flow::Black Basta Ransomware::0007,attack_flow,Black Basta Ransomware,7,"[""T1136"",""T1484"",""T1098""]",3,"[""T1059"",""T1105"",""T1003"",""T1021"",""T1078""]"
attack_flow::Black Basta Ransomware::0008,attack_flow,Black Basta Ransomware,8,"[""T1484"",""T1098"",""T1573""]",3,"[""T1059"",""T1021"",""T1003"",""T1105"",""T1078""]"
attack_flow::Black Basta Ransomware::0009,attack_flow,Black Basta Ransomware,9,"[""T1098"",""T1573"",""T1105""]",3,"[""T1059"",""T1078"",""T1021"",""T1003"",""T1105""]"
attack_flow::Black Basta Ransomware::0010,attack_flow,Black Basta Ransomware,10,"[""T1573"",""T1105"",""T1555""]",3,"[""T1021"",""T1003"",""T1078"",""T1105"",""T1055""]"
attack_flow::Black Basta Ransomware::0011,attack_flow,Black Basta Ransomware,11,"[""T1105"",""T1555"",""T1021""]",3,"[""T1021"",""T1003"",""T1078"",""T1105"",""T1482""]"
attack_flow::Black Basta Ransomware::0012,attack_flow,Black Basta Ransomware,12,"[""T1555"",""T1021"",""T1569""]",3,"[""T1003"",""T1021"",""T1078"",""T1055"",""T1041""]"
attack_flow::Black Basta Ransomware::0013,attack_flow,Black Basta Ransomware,13,"[""T1021"",""T1569"",""T1562""]",3,"[""T1021"",""T1003"",""T1078"",""T1055"",""T1047""]"
attack_flow::Black Basta Ransomware::0014,attack_flow,Black Basta Ransomware,14,"[""T1569"",""T1562"",""T1560""]",3,"[""T1003"",""T1021"",""T1105"",""T1059"",""T1078""]"
attack_flow::Black Basta Ransomware::0015,attack_flow,Black Basta Ransomware,15,"[""T1562"",""T1560"",""T1573""]",3,"[""T1021"",""T1003"",""T1105"",""T1569"",""T1486""]"
attack_flow::Black Basta Ransomware::0016,attack_flow,Black Basta Ransomware,16,"[""T1560"",""T1573"",""T1567""]",3,"[""T1003"",""T1482"",""T1083"",""T1078"",""T1486""]"
attack_flow::Black Basta Ransomware::0017,attack_flow,Black Basta Ransomware,17,"[""T1573"",""T1567"",""T1047""]",3,"[""T1021"",""T1005"",""T1485"",""T1078"",""T1105""]"
attack_flow::Black Basta Ransomware::0018,attack_flow,Black Basta Ransomware,18,"[""T1567"",""T1047"",""T1562""]",3,"[""T1021"",""T1003"",""T1105"",""T1560"",""T1486""]"
attack_flow::Black Basta Ransomware::0019,attack_flow,Black Basta Ransomware,19,"[""T1047"",""T1562"",""T1083""]",3,"[""T1486"",""T1078"",""T1005"",""T1070"",""T1059""]"
attack_flow::Black Basta Ransomware::0020,attack_flow,Black Basta Ransomware,20,"[""T1562"",""T1083"",""T1486""]",3,"[""T1486"",""T1078"",""T1005"",""T1053"",""T1070""]"
attack_flow::Black Basta Ransomware::0021,attack_flow,Black Basta Ransomware,21,"[""T1083"",""T1486"",""T1491""]",3,"[""T1059"",""T1486"",""T1078"",""T1053"",""T1070""]"
attack_flow::Black Basta Ransomware::0022,attack_flow,Black Basta Ransomware,22,"[""T1486"",""T1491"",""T1070""]",3,"[""T1486"",""T1490"",""T1078"",""T1005"",""T1059""]"
attack_flow::Black Basta Ransomware::0023,attack_flow,Black Basta Ransomware,23,"[""T1491"",""T1070""]",2,"[""T1059"",""T1078"",""T1021"",""T1005"",""T1070""]"
attack_flow::Black Basta Ransomware::0024,attack_flow,Black Basta Ransomware,24,"[""T1070""]",1,"[""T1070"",""T1059"",""T1021"",""T1005"",""T1486""]"
attack_flow::CISA AA22-138B VMWare Workspace (Alt)::0001,attack_flow,CISA AA22-138B VMWare Workspace (Alt),1,"[""T1068"",""T1059"",""T1070""]",3,"[""T1059"",""T1078"",""T1021"",""T1003"",""T1105""]"
attack_flow::CISA AA22-138B VMWare Workspace (Alt)::0002,attack_flow,CISA AA22-138B VMWare Workspace (Alt),2,"[""T1059"",""T1070"",""T1560""]",3,"[""T1059"",""T1078"",""T1021"",""T1003"",""T1105""]"
attack_flow::CISA AA22-138B VMWare Workspace (Alt)::0003,attack_flow,CISA AA22-138B VMWare Workspace (Alt),3,"[""T1070"",""T1560"",""T1105""]",3,"[""T1059"",""T1078"",""T1021"",""T1003"",""T1105""]"
attack_flow::CISA AA22-138B VMWare Workspace (Alt)::0004,attack_flow,CISA AA22-138B VMWare Workspace (Alt),4,"[""T1560"",""T1105"",""T1083""]",3,"[""T1059"",""T1078"",""T1003"",""T1021"",""T1105""]"
attack_flow::CISA AA22-138B VMWare Workspace (Alt)::0005,attack_flow,CISA AA22-138B VMWare Workspace (Alt),5,"[""T1105"",""T1083""]",2,"[""T1560"",""T1041"",""T1021"",""T1078"",""T1105""]"
attack_flow::CISA AA22-138B VMWare Workspace (Alt)::0006,attack_flow,CISA AA22-138B VMWare Workspace (Alt),6,"[""T1083"",""T1105"",""T1070""]",3,"[""T1005"",""T1071"",""T1543"",""T1021"",""T1486""]"
attack_flow::CISA AA22-138B VMWare Workspace (Alt)::0007,attack_flow,CISA AA22-138B VMWare Workspace (Alt),7,"[""T1105"",""T1070""]",2,"[""T1005"",""T1078"",""T1021"",""T1053"",""T1543""]"
attack_flow::CISA AA22-138B VMWare Workspace (Alt)::0008,attack_flow,CISA AA22-138B VMWare Workspace (Alt),8,"[""T1070""]",1,"[""T1005"",""T1071"",""T1505"",""T1021"",""T1041""]"
attack_flow::CISA AA22-138B VMWare Workspace (TA1)::0001,attack_flow,CISA AA22-138B VMWare Workspace (TA1),1,"[""T1203"",""T1105"",""T1068""]",3,"[""T1059"",""T1505"",""T1105"",""T1021"",""T1005""]"
attack_flow::CISA AA22-138B VMWare Workspace (TA1)::0002,attack_flow,CISA AA22-138B VMWare Workspace (TA1),2,"[""T1105"",""T1068"",""T1119""]",3,"[""T1059"",""T1105"",""T1021"",""T1003"",""T1078""]"
attack_flow::CISA AA22-138B VMWare Workspace (TA1)::0003,attack_flow,CISA AA22-138B VMWare Workspace (TA1),3,"[""T1068"",""T1119"",""T1560""]",3,"[""T1059"",""T1078"",""T1021"",""T1003"",""T1105""]"
attack_flow::CISA AA22-138B VMWare Workspace (TA1)::0004,attack_flow,CISA AA22-138B VMWare Workspace (TA1),4,"[""T1119"",""T1560"",""T1070""]",3,"[""T1059"",""T1021"",""T1003"",""T1078"",""T1105""]"
attack_flow::CISA AA22-138B VMWare Workspace (TA1)::0005,attack_flow,CISA AA22-138B VMWare Workspace (TA1),5,"[""T1560"",""T1070"",""T1071""]",3,"[""T1041"",""T1021"",""T1005"",""T1078"",""T1059""]"
attack_flow::CISA AA22-138B VMWare Workspace (TA1)::0006,attack_flow,CISA AA22-138B VMWare Workspace (TA1),6,"[""T1070"",""T1071"",""T1041""]",3,"[""T1041"",""T1021"",""T1059"",""T1005"",""T1078""]"
attack_flow::CISA AA22-138B VMWare Workspace (TA1)::0007,attack_flow,CISA AA22-138B VMWare Workspace (TA1),7,"[""T1071"",""T1041""]",2,"[""T1041"",""T1021"",""T1005"",""T1078"",""T1059""]"
attack_flow::CISA AA22-138B VMWare Workspace (TA1)::0008,attack_flow,CISA AA22-138B VMWare Workspace (TA1),8,"[""T1041""]",1,"[""T1041"",""T1021"",""T1053"",""T1078"",""T1485""]"
attack_flow::CISA AA22-138B VMWare Workspace (TA2)::0001,attack_flow,CISA AA22-138B VMWare Workspace (TA2),1,"[""T1105"",""T1059""]",2,"[""T1059"",""T1505"",""T1021"",""T1078"",""T1105""]"
attack_flow::CISA AA22-138B VMWare Workspace (TA2)::0002,attack_flow,CISA AA22-138B VMWare Workspace (TA2),2,"[""T1105"",""T1059"",""T1003""]",3,"[""T1059"",""T1078"",""T1021"",""T1003"",""T1105""]"
attack_flow::CISA AA22-138B VMWare Workspace (TA2)::0003,attack_flow,CISA AA22-138B VMWare Workspace (TA2),3,"[""T1059"",""T1003"",""T1105""]",3,"[""T1505"",""T1059"",""T1078"",""T1021"",""T1005""]"
attack_flow::CISA AA22-138B VMWare Workspace (TA2)::0004,attack_flow,CISA AA22-138B VMWare Workspace (TA2),4,"[""T1003"",""T1105"",""T1573""]",3,"[""T1059"",""T1105"",""T1071"",""T1003"",""T1021""]"
attack_flow::CISA AA22-138B VMWare Workspace (TA2)::0005,attack_flow,CISA AA22-138B VMWare Workspace (TA2),5,"[""T1105"",""T1573""]",2,"[""T1078"",""T1021"",""T1053"",""T1036"",""T1505""]"
attack_flow::CISA AA22-138B VMWare Workspace (TA2)::0006,attack_flow,CISA AA22-138B VMWare Workspace (TA2),6,"[""T1573"",""T1105"",""T1090""]",3,"[""T1059"",""T1003"",""T1105"",""T1071"",""T1021""]"
attack_flow::CISA AA22-138B VMWare Workspace (TA2)::0007,attack_flow,CISA AA22-138B VMWare Workspace (TA2),7,"[""T1105"",""T1090"",""T1222""]",3,"[""T1059"",""T1003"",""T1021"",""T1078"",""T1105""]"
attack_flow::CISA AA22-138B VMWare Workspace (TA2)::0008,attack_flow,CISA AA22-138B VMWare Workspace (TA2),8,"[""T1090"",""T1222"",""T1105""]",3,"[""T1059"",""T1003"",""T1021"",""T1078"",""T1105""]"
attack_flow::CISA AA22-138B VMWare Workspace (TA2)::0009,attack_flow,CISA AA22-138B VMWare Workspace (TA2),9,"[""T1222"",""T1105""]",2,"[""T1059"",""T1003"",""T1021"",""T1078"",""T1090""]"
attack_flow::CISA AA22-138B VMWare Workspace (TA2)::0010,attack_flow,CISA AA22-138B VMWare Workspace (TA2),10,"[""T1105""]",1,"[""T1059"",""T1003"",""T1090"",""T1222"",""T1071""]"
attack_flow::CISA Iranian APT::0001,attack_flow,CISA Iranian APT,1,"[""T1059"",""T1562"",""T1105""]",3,"[""T1059"",""T1078"",""T1021"",""T1003"",""T1105""]"
attack_flow::CISA Iranian APT::0002,attack_flow,CISA Iranian APT,2,"[""T1562"",""T1105""]",2,"[""T1021"",""T1078"",""T1003"",""T1053"",""T1046""]"
attack_flow::CISA Iranian APT::0003,attack_flow,CISA Iranian APT,3,"[""T1105"",""T1070""]",2,"[""T1059"",""T1562"",""T1018"",""T1021"",""T1078""]"
attack_flow::CISA Iranian APT::0004,attack_flow,CISA Iranian APT,4,"[""T1105"",""T1070"",""T1136""]",3,"[""T1059"",""T1082"",""T1003"",""T1021"",""T1105""]"
attack_flow::CISA Iranian APT::0005,attack_flow,CISA Iranian APT,5,"[""T1070"",""T1136"",""T1016""]",3,"[""T1018"",""T1021"",""T1053"",""T1005"",""T1078""]"
attack_flow::CISA Iranian APT::0006,attack_flow,CISA Iranian APT,6,"[""T1136"",""T1016"",""T1053""]",3,"[""T1057"",""T1018"",""T1021"",""T1053"",""T1078""]"
attack_flow::CISA Iranian APT::0007,attack_flow,CISA Iranian APT,7,"[""T1016"",""T1053"",""T1021""]",3,"[""T1059"",""T1078"",""T1021"",""T1003"",""T1105""]"
attack_flow::CISA Iranian APT::0008,attack_flow,CISA Iranian APT,8,"[""T1053"",""T1021"",""T1078""]",3,"[""T1018"",""T1021"",""T1003"",""T1078"",""T1053""]"
attack_flow::CISA Iranian APT::0009,attack_flow,CISA Iranian APT,9,"[""T1021"",""T1078"",""T1105""]",3,"[""T1021"",""T1003"",""T1078"",""T1055"",""T1041""]"
attack_flow::CISA Iranian APT::0010,attack_flow,CISA Iranian APT,10,"[""T1078"",""T1105"",""T1136""]",3,"[""T1003"",""T1078"",""T1083"",""T1041"",""T1021""]"
attack_flow::CISA Iranian APT::0011,attack_flow,CISA Iranian APT,11,"[""T1105"",""T1136"",""T1021""]",3,"[""T1003"",""T1078"",""T1021"",""T1059"",""T1105""]"
attack_flow::CISA Iranian APT::0012,attack_flow,CISA Iranian APT,12,"[""T1136"",""T1021"",""T1562""]",3,"[""T1003"",""T1078"",""T1021"",""T1105"",""T1059""]"
attack_flow::CISA Iranian APT::0013,attack_flow,CISA Iranian APT,13,"[""T1021"",""T1562"",""T1570""]",3,"[""T1003"",""T1078"",""T1021"",""T1053"",""T1105""]"
attack_flow::CISA Iranian APT::0014,attack_flow,CISA Iranian APT,14,"[""T1562"",""T1570"",""T1090""]",3,"[""T1078"",""T1021"",""T1136"",""T1003"",""T1059""]"
attack_flow::CISA Iranian APT::0015,attack_flow,CISA Iranian APT,15,"[""T1570"",""T1090"",""T1021""]",3,"[""T1078"",""T1021"",""T1003"",""T1053"",""T1105""]"
attack_flow::CISA Iranian APT::0016,attack_flow,CISA Iranian APT,16,"[""T1090"",""T1021"",""T1059""]",3,"[""T1003"",""T1078"",""T1021"",""T1059"",""T1105""]"
attack_flow::CISA Iranian APT::0017,attack_flow,CISA Iranian APT,17,"[""T1021"",""T1059"",""T1018""]",3,"[""T1021"",""T1078"",""T1003"",""T1059"",""T1105""]"
attack_flow::CISA Iranian APT::0018,attack_flow,CISA Iranian APT,18,"[""T1059"",""T1018"",""T1098""]",3,"[""T1003"",""T1078"",""T1053"",""T1090"",""T1105""]"
attack_flow::CISA Iranian APT::0019,attack_flow,CISA Iranian APT,19,"[""T1018"",""T1098"",""T1003""]",3,"[""T1003"",""T1078"",""T1105"",""T1059"",""T1021""]"
attack_flow::CISA Iranian APT::0020,attack_flow,CISA Iranian APT,20,"[""T1098"",""T1003""]",2,"[""T1003"",""T1078"",""T1021"",""T1059"",""T1105""]"
attack_flow::CISA Iranian APT::0021,attack_flow,CISA Iranian APT,21,"[""T1003""]",1,"[""T1078"",""T1003"",""T1021"",""T1059"",""T1105""]"
attack_flow::Cobalt Kitty Campaign::0001,attack_flow,Cobalt Kitty Campaign,1,"[""T1059"",""T1140""]",2,"[""T1059"",""T1105"",""T1021"",""T1003"",""T1078""]"
attack_flow::Cobalt Kitty Campaign::0002,attack_flow,Cobalt Kitty Campaign,2,"[""T1140"",""T1059"",""T1547""]",3,"[""T1059"",""T1105"",""T1027"",""T1055"",""T1003""]"
attack_flow::Cobalt Kitty Campaign::0003,attack_flow,Cobalt Kitty Campaign,3,"[""T1059"",""T1547"",""T1574""]",3,"[""T1059"",""T1105"",""T1027"",""T1003"",""T1078""]"
attack_flow::Cobalt Kitty Campaign::0004,attack_flow,Cobalt Kitty Campaign,4,"[""T1547"",""T1574"",""T1218""]",3,"[""T1059"",""T1105"",""T1027"",""T1003"",""T1078""]"
attack_flow::Cobalt Kitty Campaign::0005,attack_flow,Cobalt Kitty Campaign,5,"[""T1574"",""T1218"",""T1001""]",3,"[""T1059"",""T1105"",""T1003"",""T1021"",""T1078""]"
attack_flow::Cobalt Kitty Campaign::0006,attack_flow,Cobalt Kitty Campaign,6,"[""T1218"",""T1001"",""T1018""]",3,"[""T1059"",""T1547"",""T1574"",""T1003"",""T1021""]"
attack_flow::Cobalt Kitty Campaign::0007,attack_flow,Cobalt Kitty Campaign,7,"[""T1001"",""T1018"",""T1016""]",3,"[""T1059"",""T1218"",""T1547"",""T1574"",""T1003""]"
attack_flow::Cobalt Kitty Campaign::0008,attack_flow,Cobalt Kitty Campaign,8,"[""T1018"",""T1016"",""T1003""]",3,"[""T1059"",""T1547"",""T1574"",""T1218"",""T1001""]"
attack_flow::Cobalt Kitty Campaign::0009,attack_flow,Cobalt Kitty Campaign,9,"[""T1016"",""T1003"",""T1021""]",3,"[""T1016"",""T1033"",""T1003"",""T1021"",""T1078""]"
attack_flow::Cobalt Kitty Campaign::0010,attack_flow,Cobalt Kitty Campaign,10,"[""T1003"",""T1021""]",2,"[""T1003"",""T1021"",""T1078"",""T1105"",""T1055""]"
attack_flow::Cobalt Kitty Campaign::0011,attack_flow,Cobalt Kitty Campaign,11,"[""T1021""]",1,"[""T1021"",""T1078"",""T1105"",""T1005"",""T1041""]"
attack_flow::Conti CISA Alert::0001,attack_flow,Conti CISA Alert,1,"[""T1204"",""T1558"",""T1110""]",3,"[""T1204"",""T1059"",""T1105"",""T1547"",""T1078""]"
attack_flow::Conti CISA Alert::0002,attack_flow,Conti CISA Alert,2,"[""T1558"",""T1110"",""T1203""]",3,"[""T1059"",""T1078"",""T1021"",""T1003"",""T1105""]"
attack_flow::Conti CISA Alert::0003,attack_flow,Conti CISA Alert,3,"[""T1110"",""T1203"",""T1486""]",3,"[""T1078"",""T1021"",""T1003"",""T1059"",""T1105""]"
attack_flow::Conti CISA Alert::0004,attack_flow,Conti CISA Alert,4,"[""T1203"",""T1486""]",2,"[""T1078"",""T1021"",""T1003"",""T1059"",""T1105""]"
attack_flow::Conti CISA Alert::0005,attack_flow,Conti CISA Alert,5,"[""T1486""]",1,"[""T1021"",""T1078"",""T1003"",""T1059"",""T1105""]"
attack_flow::Conti PWC::0001,attack_flow,Conti PWC,1,"[""T1204"",""T1586"",""T1083""]",3,"[""T1204"",""T1059"",""T1105"",""T1547"",""T1078""]"
attack_flow::Conti PWC::0002,attack_flow,Conti PWC,2,"[""T1586"",""T1083""]",2,"[""T1059"",""T1078"",""T1021"",""T1003"",""T1105""]"
attack_flow::Conti PWC::0003,attack_flow,Conti PWC,3,"[""T1083""]",1,"[""T1078"",""T1021"",""T1059"",""T1003"",""T1105""]"
attack_flow::Conti Ransomware::0001,attack_flow,Conti Ransomware,1,"[""T1059"",""T1105"",""T1218""]",3,"[""T1204"",""T1059"",""T1105"",""T1547"",""T1078""]"
attack_flow::Conti Ransomware::0002,attack_flow,Conti Ransomware,2,"[""T1105"",""T1218""]",2,"[""T1059"",""T1071"",""T1105"",""T1057"",""T1005""]"
attack_flow::Conti Ransomware::0003,attack_flow,Conti Ransomware,3,"[""T1218"",""T1105"",""T1033""]",3,"[""T1059"",""T1105"",""T1547"",""T1055"",""T1021""]"
attack_flow::Conti Ransomware::0004,attack_flow,Conti Ransomware,4,"[""T1105"",""T1033"",""T1134""]",3,"[""T1059"",""T1105"",""T1218"",""T1021"",""T1003""]"
attack_flow::Conti Ransomware::0005,attack_flow,Conti Ransomware,5,"[""T1033"",""T1134"",""T1021""]",3,"[""T1059"",""T1105"",""T1218"",""T1021"",""T1003""]"
attack_flow::Conti Ransomware::0006,attack_flow,Conti Ransomware,6,"[""T1134"",""T1021"",""T1046""]",3,"[""T1003"",""T1021"",""T1078"",""T1055"",""T1018""]"
attack_flow::Conti Ransomware::0007,attack_flow,Conti Ransomware,7,"[""T1021"",""T1046""]",2,"[""T1021"",""T1003"",""T1078"",""T1055"",""T1082""]"
attack_flow::Conti Ransomware::0008,attack_flow,Conti Ransomware,8,"[""T1046"",""T1021""]",2,"[""T1003"",""T1078"",""T1053"",""T1098"",""T1047""]"
attack_flow::Conti Ransomware::0009,attack_flow,Conti Ransomware,9,"[""T1021""]",1,"[""T1003"",""T1078"",""T1053"",""T1021"",""T1105""]"
attack_flow::Conti Ransomware::0010,attack_flow,Conti Ransomware,10,"[""T1021"",""T1087""]",2,"[""T1003"",""T1078"",""T1053"",""T1047"",""T1082""]"
attack_flow::Conti Ransomware::0011,attack_flow,Conti Ransomware,11,"[""T1021"",""T1087"",""T1484""]",3,"[""T1003"",""T1078"",""T1059"",""T1105"",""T1046""]"
attack_flow::Conti Ransomware::0012,attack_flow,Conti Ransomware,12,"[""T1087"",""T1484"",""T1562""]",3,"[""T1003"",""T1078"",""T1053"",""T1047"",""T1082""]"
attack_flow::Conti Ransomware::0014,attack_flow,Conti Ransomware,14,"[""T1562"",""T1486""]",2,"[""T1003"",""T1078"",""T1053"",""T1098"",""T1110""]"
attack_flow::Conti Ransomware::0015,attack_flow,Conti Ransomware,15,"[""T1486""]",1,"[""T1003"",""T1078"",""T1053"",""T1046"",""T1105""]"
attack_flow::DFIR - BumbleBee Round 2::0001,attack_flow,DFIR - BumbleBee Round 2,1,"[""T1059"",""T1135"",""T1071""]",3,"[""T1059"",""T1078"",""T1021"",""T1003"",""T1105""]"
attack_flow::DFIR - BumbleBee Round 2::0002,attack_flow,DFIR - BumbleBee Round 2,2,"[""T1135"",""T1071"",""T1087""]",3,"[""T1059"",""T1547"",""T1003"",""T1021"",""T1078""]"
attack_flow::DFIR - BumbleBee Round 2::0003,attack_flow,DFIR - BumbleBee Round 2,3,"[""T1071"",""T1087"",""T1003""]",3,"[""T1018"",""T1021"",""T1082"",""T1105"",""T1078""]"
attack_flow::DFIR - BumbleBee Round 2::0004,attack_flow,DFIR - BumbleBee Round 2,4,"[""T1087"",""T1003"",""T1021""]",3,"[""T1021"",""T1003"",""T1083"",""T1018"",""T1105""]"
attack_flow::DFIR - BumbleBee Round 2::0005,attack_flow,DFIR - BumbleBee Round 2,5,"[""T1003"",""T1021"",""T1219""]",3,"[""T1018"",""T1021"",""T1003"",""T1055"",""T1105""]"
attack_flow::DFIR - BumbleBee Round 2::0006,attack_flow,DFIR - BumbleBee Round 2,6,"[""T1021"",""T1219"",""T1136""]",3,"[""T1021"",""T1078"",""T1055"",""T1105"",""T1036""]"
attack_flow::DFIR - BumbleBee Round 2::0007,attack_flow,DFIR - BumbleBee Round 2,7,"[""T1219"",""T1136"",""T1016""]",3,"[""T1021"",""T1003"",""T1078"",""T1105"",""T1562""]"
attack_flow::DFIR - BumbleBee Round 2::0008,attack_flow,DFIR - BumbleBee Round 2,8,"[""T1136"",""T1016"",""T1219""]",3,"[""T1059"",""T1003"",""T1021"",""T1078"",""T1105""]"
attack_flow::DFIR - BumbleBee Round 2::0009,attack_flow,DFIR - BumbleBee Round 2,9,"[""T1016"",""T1219"",""T1021""]",3,"[""T1059"",""T1003"",""T1021"",""T1078"",""T1105""]"
attack_flow::DFIR - BumbleBee Round 2::0010,attack_flow,DFIR - BumbleBee Round 2,10,"[""T1219"",""T1021"",""T1059""]",3,"[""T1059"",""T1003"",""T1021"",""T1078"",""T1105""]"
attack_flow::DFIR - BumbleBee Round 2::0011,attack_flow,DFIR - BumbleBee Round 2,11,"[""T1021"",""T1059""]",2,"[""T1059"",""T1003"",""T1021"",""T1078"",""T1105""]"
attack_flow::DFIR - BumbleBee Round 2::0012,attack_flow,DFIR - BumbleBee Round 2,12,"[""T1059""]",1,"[""T1021"",""T1003"",""T1078"",""T1059"",""T1136""]"
attack_flow::Equifax Breach::0001,attack_flow,Equifax Breach,1,"[""T1190"",""T1505"",""T1589""]",3,"[""T1190"",""T1059"",""T1078"",""T1105"",""T1021""]"
attack_flow::Equifax Breach::0002,attack_flow,Equifax Breach,2,"[""T1505"",""T1589"",""T1573""]",3,"[""T1059"",""T1078"",""T1021"",""T1003"",""T1105""]"
attack_flow::Equifax Breach::0003,attack_flow,Equifax Breach,3,"[""T1589"",""T1573"",""T1560""]",3,"[""T1059"",""T1078"",""T1021"",""T1005"",""T1567""]"
attack_flow::Equifax Breach::0004,attack_flow,Equifax Breach,4,"[""T1573"",""T1560"",""T1048""]",3,"[""T1078"",""T1021"",""T1003"",""T1046"",""T1105""]"
attack_flow::Equifax Breach::0005,attack_flow,Equifax Breach,5,"[""T1560"",""T1048"",""T1090""]",3,"[""T1005"",""T1021"",""T1078"",""T1041"",""T1505""]"
attack_flow::Equifax Breach::0006,attack_flow,Equifax Breach,6,"[""T1048"",""T1090"",""T1070""]",3,"[""T1005"",""T1030"",""T1041"",""T1078"",""T1021""]"
attack_flow::Equifax Breach::0007,attack_flow,Equifax Breach,7,"[""T1090"",""T1070""]",2,"[""T1021"",""T1078"",""T1005"",""T1070"",""T1485""]"
attack_flow::Equifax Breach::0008,attack_flow,Equifax Breach,8,"[""T1070""]",1,"[""T1078"",""T1021"",""T1003"",""T1059"",""T1105""]"
attack_flow::FIN13 Case 1::0001,attack_flow,FIN13 Case 1,1,"[""T1595"",""T1190"",""T1505""]",3,"[""T1190"",""T1592"",""T1590"",""T1046"",""T1059""]"
attack_flow::FIN13 Case 1::0002,attack_flow,FIN13 Case 1,2,"[""T1190"",""T1505"",""T1046""]",3,"[""T1190"",""T1592"",""T1590"",""T1046"",""T1135""]"
attack_flow::FIN13 Case 1::0003,attack_flow,FIN13 Case 1,3,"[""T1505"",""T1046"",""T1105""]",3,"[""T1059"",""T1078"",""T1021"",""T1003"",""T1105""]"
attack_flow::FIN13 Case 1::0004,attack_flow,FIN13 Case 1,4,"[""T1046"",""T1105"",""T1505""]",3,"[""T1059"",""T1078"",""T1021"",""T1003"",""T1105""]"
attack_flow::FIN13 Case 1::0005,attack_flow,FIN13 Case 1,5,"[""T1105"",""T1505""]",2,"[""T1021"",""T1059"",""T1003"",""T1078"",""T1105""]"
attack_flow::FIN13 Case 1::0006,attack_flow,FIN13 Case 1,6,"[""T1505"",""T1595""]",2,"[""T1021"",""T1003"",""T1059"",""T1078"",""T1046""]"
attack_flow::FIN13 Case 1::0007,attack_flow,FIN13 Case 1,7,"[""T1505"",""T1595"",""T1570""]",3,"[""T1021"",""T1003"",""T1059"",""T1078"",""T1046""]"
attack_flow::FIN13 Case 1::0008,attack_flow,FIN13 Case 1,8,"[""T1595"",""T1570""]",2,"[""T1021"",""T1003"",""T1059"",""T1078"",""T1046""]"
attack_flow::FIN13 Case 1::0009,attack_flow,FIN13 Case 1,9,"[""T1570"",""T1210""]",2,"[""T1021"",""T1003"",""T1078"",""T1059"",""T1105""]"
attack_flow::FIN13 Case 1::0010,attack_flow,FIN13 Case 1,10,"[""T1570"",""T1210"",""T1003""]",3,"[""T1046"",""T1021"",""T1003"",""T1078"",""T1105""]"
attack_flow::FIN13 Case 1::0011,attack_flow,FIN13 Case 1,11,"[""T1210"",""T1003"",""T1021""]",3,"[""T1021"",""T1003"",""T1078"",""T1059"",""T1105""]"
attack_flow::FIN13 Case 1::0012,attack_flow,FIN13 Case 1,12,"[""T1003"",""T1021"",""T1005""]",3,"[""T1021"",""T1003"",""T1078"",""T1105"",""T1059""]"
attack_flow::FIN13 Case 1::0013,attack_flow,FIN13 Case 1,13,"[""T1021"",""T1005"",""T1040""]",3,"[""T1078"",""T1021"",""T1003"",""T1105"",""T1059""]"
attack_flow::FIN13 Case 1::0014,attack_flow,FIN13 Case 1,14,"[""T1005"",""T1040"",""T1070""]",3,"[""T1021"",""T1003"",""T1078"",""T1105"",""T1505""]"
attack_flow::FIN13 Case 1::0015,attack_flow,FIN13 Case 1,15,"[""T1040"",""T1070"",""T1570""]",3,"[""T1021"",""T1003"",""T1078"",""T1059"",""T1105""]"
attack_flow::FIN13 Case 1::0016,attack_flow,FIN13 Case 1,16,"[""T1070"",""T1570"",""T1558""]",3,"[""T1021"",""T1003"",""T1078"",""T1059"",""T1105""]"
attack_flow::FIN13 Case 1::0017,attack_flow,FIN13 Case 1,17,"[""T1570"",""T1558"",""T1078""]",3,"[""T1021"",""T1003"",""T1078"",""T1105"",""T1046""]"
attack_flow::FIN13 Case 1::0018,attack_flow,FIN13 Case 1,18,"[""T1558"",""T1078"",""T1059""]",3,"[""T1021"",""T1003"",""T1078"",""T1105"",""T1046""]"
attack_flow::FIN13 Case 1::0019,attack_flow,FIN13 Case 1,19,"[""T1078"",""T1059"",""T1505""]",3,"[""T1021"",""T1003"",""T1078"",""T1558"",""T1105""]"
attack_flow::FIN13 Case 1::0020,attack_flow,FIN13 Case 1,20,"[""T1059"",""T1505"",""T1570""]",3,"[""T1021"",""T1078"",""T1003"",""T1558"",""T1570""]"
attack_flow::FIN13 Case 1::0021,attack_flow,FIN13 Case 1,21,"[""T1505"",""T1570"",""T1595""]",3,"[""T1021"",""T1059"",""T1078"",""T1003"",""T1105""]"
attack_flow::FIN13 Case 1::0022,attack_flow,FIN13 Case 1,22,"[""T1570"",""T1595"",""T1110""]",3,"[""T1021"",""T1078"",""T1003"",""T1059"",""T1105""]"
attack_flow::FIN13 Case 1::0023,attack_flow,FIN13 Case 1,23,"[""T1595"",""T1110"",""T1590""]",3,"[""T1021"",""T1078"",""T1003"",""T1059"",""T1105""]"
attack_flow::FIN13 Case 1::0024,attack_flow,FIN13 Case 1,24,"[""T1110"",""T1590"",""T1595""]",3,"[""T1021"",""T1003"",""T1078"",""T1059"",""T1105""]"
attack_flow::FIN13 Case 1::0025,attack_flow,FIN13 Case 1,25,"[""T1590"",""T1595"",""T1570""]",3,"[""T1021"",""T1078"",""T1003"",""T1059"",""T1105""]"
attack_flow::FIN13 Case 1::0029,attack_flow,FIN13 Case 1,29,"[""T1021"",""T1111"",""T1078""]",3,"[""T1021"",""T1003"",""T1078"",""T1059"",""T1105""]"
attack_flow::FIN13 Case 1::0030,attack_flow,FIN13 Case 1,30,"[""T1111"",""T1078""]",2,"[""T1021"",""T1003"",""T1078"",""T1059"",""T1046""]"
attack_flow::FIN13 Case 1::0031,attack_flow,FIN13 Case 1,31,"[""T1078""]",1,"[""T1021"",""T1003"",""T1078"",""T1059"",""T1105""]"
attack_flow::FIN13 Case 2::0001,attack_flow,FIN13 Case 2,1,"[""T1105"",""T1505"",""T1203""]",3,"[""T1059"",""T1078"",""T1021"",""T1003"",""T1105""]"
attack_flow::FIN13 Case 2::0002,attack_flow,FIN13 Case 2,2,"[""T1505"",""T1203"",""T1003""]",3,"[""T1059"",""T1078"",""T1021"",""T1003"",""T1105""]"
attack_flow::FIN13 Case 2::0003,attack_flow,FIN13 Case 2,3,"[""T1203"",""T1003"",""T1595""]",3,"[""T1059"",""T1078"",""T1021"",""T1003"",""T1105""]"
attack_flow::FIN13 Case 2::0004,attack_flow,FIN13 Case 2,4,"[""T1003"",""T1595""]",2,"[""T1021"",""T1078"",""T1003"",""T1059"",""T1505""]"
attack_flow::FIN13 Case 2::0005,attack_flow,FIN13 Case 2,5,"[""T1595"",""T1003"",""T1078""]",3,"[""T1078"",""T1021"",""T1059"",""T1003"",""T1105""]"
attack_flow::FIN13 Case 2::0007,attack_flow,FIN13 Case 2,7,"[""T1078"",""T1005"",""T1083""]",3,"[""T1021"",""T1078"",""T1059"",""T1003"",""T1105""]"
attack_flow::FIN13 Case 2::0008,attack_flow,FIN13 Case 2,8,"[""T1005"",""T1083"",""T1595""]",3,"[""T1078"",""T1003"",""T1021"",""T1059"",""T1505""]"
attack_flow::FIN13 Case 2::0009,attack_flow,FIN13 Case 2,9,"[""T1083"",""T1595"",""T1505""]",3,"[""T1005"",""T1078"",""T1021"",""T1048"",""T1059""]"
attack_flow::FIN13 Case 2::0010,attack_flow,FIN13 Case 2,10,"[""T1595"",""T1505"",""T1078""]",3,"[""T1021"",""T1005"",""T1078"",""T1083"",""T1105""]"
attack_flow::FIN13 Case 2::0011,attack_flow,FIN13 Case 2,11,"[""T1505"",""T1078"",""T1111""]",3,"[""T1021"",""T1059"",""T1082"",""T1046"",""T1005""]"
attack_flow::FIN13 Case 2::0012,attack_flow,FIN13 Case 2,12,"[""T1078"",""T1111"",""T1041""]",3,"[""T1021"",""T1078"",""T1005"",""T1567"",""T1059""]"
attack_flow::FIN13 Case 2::0013,attack_flow,FIN13 Case 2,13,"[""T1111"",""T1041""]",2,"[""T1021"",""T1059"",""T1005"",""T1078"",""T1505""]"
attack_flow::FIN13 Case 2::0014,attack_flow,FIN13 Case 2,14,"[""T1041""]",1,"[""T1021"",""T1059"",""T1005"",""T1078"",""T1105""]"
attack_flow::Gootloader::0001,attack_flow,Gootloader,1,"[""T1189"",""T1204"",""T1059""]",3,"[""T1583"",""T1587"",""T1608"",""T1189"",""T1566""]"
attack_flow::Gootloader::0002,attack_flow,Gootloader,2,"[""T1204"",""T1059"",""T1112""]",3,"[""T1204"",""T1059"",""T1105"",""T1078"",""T1021""]"
attack_flow::Gootloader::0003,attack_flow,Gootloader,3,"[""T1059"",""T1112""]",2,"[""T1059"",""T1105"",""T1078"",""T1003"",""T1021""]"
attack_flow::Gootloader::0005,attack_flow,Gootloader,5,"[""T1059"",""T1053"",""T1218""]",3,"[""T1059"",""T1547"",""T1105"",""T1003"",""T1021""]"
attack_flow::Gootloader::0006,attack_flow,Gootloader,6,"[""T1053"",""T1218"",""T1087""]",3,"[""T1059"",""T1112"",""T1003"",""T1021"",""T1105""]"
attack_flow::Gootloader::0007,attack_flow,Gootloader,7,"[""T1218"",""T1087"",""T1059""]",3,"[""T1059"",""T1053"",""T1112"",""T1005"",""T1021""]"
attack_flow::Gootloader::0008,attack_flow,Gootloader,8,"[""T1087"",""T1059"",""T1562""]",3,"[""T1059"",""T1053"",""T1112"",""T1218"",""T1105""]"
attack_flow::Gootloader::0009,attack_flow,Gootloader,9,"[""T1059"",""T1562""]",2,"[""T1003"",""T1021"",""T1078"",""T1055"",""T1018""]"
attack_flow::Gootloader::0010,attack_flow,Gootloader,10,"[""T1562"",""T1059"",""T1047""]",3,"[""T1021"",""T1003"",""T1078"",""T1550"",""T1105""]"
attack_flow::Gootloader::0011,attack_flow,Gootloader,11,"[""T1059"",""T1047"",""T1518""]",3,"[""T1021"",""T1003"",""T1078"",""T1055"",""T1105""]"
attack_flow::Gootloader::0012,attack_flow,Gootloader,12,"[""T1047"",""T1518"",""T1059""]",3,"[""T1021"",""T1003"",""T1078"",""T1055"",""T1105""]"
attack_flow::Gootloader::0013,attack_flow,Gootloader,13,"[""T1518"",""T1059""]",2,"[""T1021"",""T1003"",""T1078"",""T1055"",""T1105""]"
attack_flow::Gootloader::0014,attack_flow,Gootloader,14,"[""T1059"",""T1555""]",2,"[""T1021"",""T1003"",""T1078"",""T1055"",""T1105""]"
attack_flow::Gootloader::0015,attack_flow,Gootloader,15,"[""T1059"",""T1555"",""T1021""]",3,"[""T1021"",""T1003"",""T1078"",""T1055"",""T1547""]"
attack_flow::Gootloader::0016,attack_flow,Gootloader,16,"[""T1555"",""T1021""]",2,"[""T1021"",""T1003"",""T1078"",""T1069"",""T1482""]"
attack_flow::Gootloader::0017,attack_flow,Gootloader,17,"[""T1021"",""T1562""]",2,"[""T1021"",""T1003"",""T1078"",""T1055"",""T1547""]"
attack_flow::Gootloader::0018,attack_flow,Gootloader,18,"[""T1021"",""T1562""]",2,"[""T1021"",""T1003"",""T1078"",""T1558"",""T1105""]"
attack_flow::Gootloader::0019,attack_flow,Gootloader,19,"[""T1562"",""T1021""]",2,"[""T1021"",""T1003"",""T1078"",""T1059"",""T1105""]"
attack_flow::Gootloader::0020,attack_flow,Gootloader,20,"[""T1021""]",1,"[""T1021"",""T1003"",""T1078"",""T1055"",""T1105""]"
attack_flow::Gootloader::0021,attack_flow,Gootloader,21,"[""T1021"",""T1059""]",2,"[""T1021"",""T1003"",""T1078"",""T1059"",""T1047""]"
attack_flow::Gootloader::0022,attack_flow,Gootloader,22,"[""T1021"",""T1059""]",2,"[""T1021"",""T1003"",""T1059"",""T1078"",""T1562""]"
attack_flow::Gootloader::0023,attack_flow,Gootloader,23,"[""T1059"",""T1021""]",2,"[""T1003"",""T1078"",""T1482"",""T1053"",""T1105""]"
attack_flow::Gootloader::0024,attack_flow,Gootloader,24,"[""T1021"",""T1059"",""T1039""]",3,"[""T1003"",""T1078"",""T1098"",""T1136"",""T1482""]"
attack_flow::Gootloader::0025,attack_flow,Gootloader,25,"[""T1059"",""T1039"",""T1046""]",3,"[""T1003"",""T1078"",""T1105"",""T1053"",""T1562""]"
attack_flow::Gootloader::0026,attack_flow,Gootloader,26,"[""T1039"",""T1046""]",2,"[""T1003"",""T1078"",""T1105"",""T1053"",""T1547""]"
attack_flow::Gootloader::0027,attack_flow,Gootloader,27,"[""T1046"",""T1039"",""T1021""]",3,"[""T1003"",""T1078"",""T1105"",""T1562"",""T1059""]"
attack_flow::Gootloader::0028,attack_flow,Gootloader,28,"[""T1039"",""T1021""]",2,"[""T1003"",""T1078"",""T1105"",""T1482"",""T1083""]"
attack_flow::Gootloader::0029,attack_flow,Gootloader,29,"[""T1021""]",1,"[""T1005"",""T1003"",""T1078"",""T1105"",""T1482""]"
attack_flow::Hancitor DLL::0001,attack_flow,Hancitor DLL,1,"[""T1204"",""T1059"",""T1218""]",3,"[""T1204"",""T1059"",""T1105"",""T1053"",""T1078""]"
attack_flow::Hancitor DLL::0002,attack_flow,Hancitor DLL,2,"[""T1059"",""T1218"",""T1105""]",3,"[""T1059"",""T1053"",""T1547"",""T1003"",""T1021""]"
attack_flow::Hancitor DLL::0003,attack_flow,Hancitor DLL,3,"[""T1218"",""T1105"",""T1055""]",3,"[""T1059"",""T1105"",""T1547"",""T1003"",""T1021""]"
attack_flow::Hancitor DLL::0004,attack_flow,Hancitor DLL,4,"[""T1105"",""T1055"",""T1087""]",3,"[""T1059"",""T1218"",""T1105"",""T1003"",""T1021""]"
attack_flow::Hancitor DLL::0005,attack_flow,Hancitor DLL,5,"[""T1055"",""T1087"",""T1105""]",3,"[""T1059"",""T1105"",""T1218"",""T1055"",""T1003""]"
attack_flow::Hancitor DLL::0006,attack_flow,Hancitor DLL,6,"[""T1087"",""T1105"",""T1497""]",3,"[""T1059"",""T1105"",""T1055"",""T1021"",""T1003""]"
attack_flow::Hancitor DLL::0007,attack_flow,Hancitor DLL,7,"[""T1105"",""T1497"",""T1218""]",3,"[""T1055"",""T1003"",""T1021"",""T1078"",""T1053""]"
attack_flow::Hancitor DLL::0008,attack_flow,Hancitor DLL,8,"[""T1497"",""T1218"",""T1027""]",3,"[""T1055"",""T1003"",""T1021"",""T1078"",""T1105""]"
attack_flow::Hancitor DLL::0010,attack_flow,Hancitor DLL,10,"[""T1027"",""T1059"",""T1105""]",3,"[""T1059"",""T1105"",""T1055"",""T1087"",""T1218""]"
attack_flow::Hancitor DLL::0011,attack_flow,Hancitor DLL,11,"[""T1059"",""T1105"",""T1027""]",3,"[""T1059"",""T1105"",""T1003"",""T1021"",""T1078""]"
attack_flow::Hancitor DLL::0012,attack_flow,Hancitor DLL,12,"[""T1105"",""T1027""]",2,"[""T1059"",""T1105"",""T1055"",""T1003"",""T1021""]"
attack_flow::Hancitor DLL::0013,attack_flow,Hancitor DLL,13,"[""T1027"",""T1105"",""T1212""]",3,"[""T1059"",""T1105"",""T1021"",""T1003"",""T1078""]"
attack_flow::Hancitor DLL::0014,attack_flow,Hancitor DLL,14,"[""T1105"",""T1212"",""T1550""]",3,"[""T1059"",""T1105"",""T1027"",""T1003"",""T1021""]"
attack_flow::Hancitor DLL::0015,attack_flow,Hancitor DLL,15,"[""T1212"",""T1550"",""T1105""]",3,"[""T1059"",""T1105"",""T1027"",""T1003"",""T1021""]"
attack_flow::Hancitor DLL::0016,attack_flow,Hancitor DLL,16,"[""T1550"",""T1105"",""T1059""]",3,"[""T1021"",""T1078"",""T1003"",""T1059"",""T1105""]"
attack_flow::Hancitor DLL::0017,attack_flow,Hancitor DLL,17,"[""T1105"",""T1059"",""T1595""]",3,"[""T1021"",""T1003"",""T1078"",""T1059"",""T1105""]"
attack_flow::Hancitor DLL::0018,attack_flow,Hancitor DLL,18,"[""T1059"",""T1595""]",2,"[""T1059"",""T1105"",""T1003"",""T1021"",""T1078""]"
attack_flow::Hancitor DLL::0019,attack_flow,Hancitor DLL,19,"[""T1595""]",1,"[""T1059"",""T1105"",""T1021"",""T1003"",""T1078""]"
attack_flow::Ivanti Vulnerabilities::0001,attack_flow,Ivanti Vulnerabilities,1,"[""T1554"",""T1056"",""T1021""]",3,"[""T1059"",""T1078"",""T1021"",""T1003"",""T1105""]"
attack_flow::Ivanti Vulnerabilities::0002,attack_flow,Ivanti Vulnerabilities,2,"[""T1056"",""T1021"",""T1003""]",3,"[""T1059"",""T1078"",""T1021"",""T1003"",""T1105""]"
attack_flow::Ivanti Vulnerabilities::0003,attack_flow,Ivanti Vulnerabilities,3,"[""T1021"",""T1003"",""T1560""]",3,"[""T1078"",""T1021"",""T1003"",""T1059"",""T1105""]"
attack_flow::Ivanti Vulnerabilities::0004,attack_flow,Ivanti Vulnerabilities,4,"[""T1003"",""T1560""]",2,"[""T1078"",""T1003"",""T1059"",""T1021"",""T1105""]"
attack_flow::Ivanti Vulnerabilities::0005,attack_flow,Ivanti Vulnerabilities,5,"[""T1560""]",1,"[""T1078"",""T1021"",""T1003"",""T1055"",""T1105""]"
attack_flow::JP Morgan Breach::0001,attack_flow,JP Morgan Breach,1,"[""T1056"",""T1190"",""T1068""]",3,"[""T1204"",""T1059"",""T1078"",""T1003"",""T1105""]"
attack_flow::JP Morgan Breach::0002,attack_flow,JP Morgan Breach,2,"[""T1190"",""T1068"",""T1056""]",3,"[""T1078"",""T1021"",""T1003"",""T1059"",""T1105""]"
attack_flow::JP Morgan Breach::0003,attack_flow,JP Morgan Breach,3,"[""T1068"",""T1056"",""T1030""]",3,"[""T1078"",""T1021"",""T1003"",""T1059"",""T1105""]"
attack_flow::JP Morgan Breach::0004,attack_flow,JP Morgan Breach,4,"[""T1056"",""T1030"",""T1090""]",3,"[""T1078"",""T1021"",""T1003"",""T1059"",""T1136""]"
attack_flow::JP Morgan Breach::0005,attack_flow,JP Morgan Breach,5,"[""T1030"",""T1090""]",2,"[""T1078"",""T1021"",""T1003"",""T1105"",""T1059""]"
attack_flow::JP Morgan Breach::0006,attack_flow,JP Morgan Breach,6,"[""T1090"",""T1070""]",2,"[""T1003"",""T1021"",""T1078"",""T1059"",""T1105""]"
attack_flow::JP Morgan Breach::0008,attack_flow,JP Morgan Breach,8,"[""T1070"",""T1190""]",2,"[""T1078"",""T1021"",""T1003"",""T1105"",""T1485""]"
attack_flow::JP Morgan Breach::0009,attack_flow,JP Morgan Breach,9,"[""T1190""]",1,"[""T1078"",""T1005"",""T1041"",""T1021"",""T1485""]"
attack_flow::MITRE NERVE::0001,attack_flow,MITRE NERVE,1,"[""T1505"",""T1563"",""T1078""]",3,"[""T1078"",""T1133"",""T1021"",""T1059"",""T1003""]"
attack_flow::MITRE NERVE::0002,attack_flow,MITRE NERVE,2,"[""T1563"",""T1078"",""T1021""]",3,"[""T1059"",""T1078"",""T1021"",""T1003"",""T1105""]"
attack_flow::MITRE NERVE::0003,attack_flow,MITRE NERVE,3,"[""T1078"",""T1021"",""T1119""]",3,"[""T1078"",""T1003"",""T1021"",""T1059"",""T1105""]"
attack_flow::MITRE NERVE::0004,attack_flow,MITRE NERVE,4,"[""T1021"",""T1119"",""T1005""]",3,"[""T1021"",""T1003"",""T1059"",""T1078"",""T1505""]"
attack_flow::MITRE NERVE::0005,attack_flow,MITRE NERVE,5,"[""T1119"",""T1005"",""T1041""]",3,"[""T1003"",""T1078"",""T1021"",""T1059"",""T1505""]"
attack_flow::MITRE NERVE::0006,attack_flow,MITRE NERVE,6,"[""T1005"",""T1041""]",2,"[""T1003"",""T1105"",""T1562"",""T1078"",""T1021""]"
attack_flow::MITRE NERVE::0007,attack_flow,MITRE NERVE,7,"[""T1041""]",1,"[""T1078"",""T1021"",""T1003"",""T1105"",""T1562""]"
attack_flow::Maastricht University Ransomware::0001,attack_flow,Maastricht University Ransomware,1,"[""T1204"",""T1059"",""T1210""]",3,"[""T1204"",""T1059"",""T1105"",""T1547"",""T1021""]"
attack_flow::Maastricht University Ransomware::0003,attack_flow,Maastricht University Ransomware,3,"[""T1210"",""T1068"",""T1003""]",3,"[""T1059"",""T1078"",""T1021"",""T1003"",""T1105""]"
attack_flow::Maastricht University Ransomware::0004,attack_flow,Maastricht University Ransomware,4,"[""T1068"",""T1003"",""T1059""]",3,"[""T1059"",""T1021"",""T1003"",""T1078"",""T1105""]"
attack_flow::Maastricht University Ransomware::0005,attack_flow,Maastricht University Ransomware,5,"[""T1003"",""T1059"",""T1018""]",3,"[""T1021"",""T1003"",""T1078"",""T1105"",""T1053""]"
attack_flow::Maastricht University Ransomware::0006,attack_flow,Maastricht University Ransomware,6,"[""T1059"",""T1018"",""T1105""]",3,"[""T1021"",""T1078"",""T1105"",""T1053"",""T1005""]"
attack_flow::Maastricht University Ransomware::0007,attack_flow,Maastricht University Ransomware,7,"[""T1018"",""T1105"",""T1562""]",3,"[""T1021"",""T1078"",""T1053"",""T1005"",""T1105""]"
attack_flow::Maastricht University Ransomware::0008,attack_flow,Maastricht University Ransomware,8,"[""T1105"",""T1562""]",2,"[""T1021"",""T1078"",""T1105"",""T1005"",""T1053""]"
attack_flow::Maastricht University Ransomware::0009,attack_flow,Maastricht University Ransomware,9,"[""T1562"",""T1486""]",2,"[""T1486"",""T1021"",""T1078"",""T1482"",""T1059""]"
attack_flow::Maastricht University Ransomware::0010,attack_flow,Maastricht University Ransomware,10,"[""T1562"",""T1486""]",2,"[""T1021"",""T1078"",""T1486"",""T1005"",""T1070""]"
attack_flow::Maastricht University Ransomware::0011,attack_flow,Maastricht University Ransomware,11,"[""T1486""]",1,"[""T1021"",""T1486"",""T1078"",""T1005"",""T1059""]"
attack_flow::Mac Malware Steals Crypto::0001,attack_flow,Mac Malware Steals Crypto,1,"[""T1211"",""T1105"",""T1059""]",3,"[""T1003"",""T1078"",""T1021"",""T1105"",""T1059""]"
attack_flow::Mac Malware Steals Crypto::0002,attack_flow,Mac Malware Steals Crypto,2,"[""T1105"",""T1059"",""T1518""]",3,"[""T1003"",""T1078"",""T1021"",""T1105"",""T1055""]"
attack_flow::Mac Malware Steals Crypto::0004,attack_flow,Mac Malware Steals Crypto,4,"[""T1518""]",1,"[""T1078"",""T1021"",""T1003"",""T1053"",""T1041""]"
attack_flow::Marriott Breach::0001,attack_flow,Marriott Breach,1,"[""T1555"",""T1590"",""T1001""]",3,"[""T1078"",""T1059"",""T1021"",""T1003"",""T1105""]"
attack_flow::Marriott Breach::0002,attack_flow,Marriott Breach,2,"[""T1590"",""T1001"",""T1070""]",3,"[""T1078"",""T1021"",""T1003"",""T1059"",""T1105""]"
attack_flow::Marriott Breach::0003,attack_flow,Marriott Breach,3,"[""T1001"",""T1070""]",2,"[""T1078"",""T1021"",""T1003"",""T1087"",""T1105""]"
attack_flow::Marriott Breach::0004,attack_flow,Marriott Breach,4,"[""T1070""]",1,"[""T1078"",""T1021"",""T1005"",""T1505"",""T1041""]"
attack_flow::Muddy Water::0001,attack_flow,Muddy Water,1,"[""T1204"",""T1059""]",2,"[""T1204"",""T1059"",""T1105"",""T1078"",""T1021""]"
attack_flow::Muddy Water::0002,attack_flow,Muddy Water,2,"[""T1204"",""T1059"",""T1547""]",3,"[""T1059"",""T1105"",""T1547"",""T1003"",""T1021""]"
attack_flow::Muddy Water::0003,attack_flow,Muddy Water,3,"[""T1059"",""T1547""]",2,"[""T1059"",""T1105"",""T1547"",""T1003"",""T1021""]"
attack_flow::Muddy Water::0004,attack_flow,Muddy Water,4,"[""T1547"",""T1059""]",2,"[""T1059"",""T1105"",""T1547"",""T1003"",""T1027""]"
attack_flow::Muddy Water::0005,attack_flow,Muddy Water,5,"[""T1059"",""T1105""]",2,"[""T1059"",""T1547"",""T1005"",""T1082"",""T1105""]"
attack_flow::Muddy Water::0006,attack_flow,Muddy Water,6,"[""T1059"",""T1105""]",2,"[""T1059"",""T1547"",""T1105"",""T1003"",""T1021""]"
attack_flow::Muddy Water::0008,attack_flow,Muddy Water,8,"[""T1059"",""T1486""]",2,"[""T1059"",""T1105"",""T1003"",""T1021"",""T1078""]"
attack_flow::Muddy Water::0009,attack_flow,Muddy Water,9,"[""T1486""]",1,"[""T1059"",""T1105"",""T1005"",""T1082"",""T1021""]"
attack_flow::NotPetya::0001,attack_flow,NotPetya,1,"[""T1195""]",1,"[""T1595"",""T1598"",""T1592"",""T1078"",""T1566""]"
attack_flow::NotPetya::0002,attack_flow,NotPetya,2,"[""T1195"",""T1036""]",2,"[""T1078"",""T1105"",""T1059"",""T1005"",""T1021""]"
attack_flow::NotPetya::0003,attack_flow,NotPetya,3,"[""T1195"",""T1036"",""T1057""]",3,"[""T1195"",""T1105"",""T1059"",""T1078"",""T1021""]"
attack_flow::NotPetya::0004,attack_flow,NotPetya,4,"[""T1036"",""T1057"",""T1003""]",3,"[""T1059"",""T1078"",""T1021"",""T1005"",""T1105""]"
attack_flow::NotPetya::0008,attack_flow,NotPetya,8,"[""T1055"",""T1218"",""T1542""]",3,"[""T1021"",""T1078"",""T1059"",""T1005"",""T1486""]"
attack_flow::NotPetya::0009,attack_flow,NotPetya,9,"[""T1218"",""T1542"",""T1053""]",3,"[""T1055"",""T1003"",""T1021"",""T1486"",""T1078""]"
attack_flow::NotPetya::0010,attack_flow,NotPetya,10,"[""T1542"",""T1053"",""T1529""]",3,"[""T1021"",""T1053"",""T1078"",""T1105"",""T1486""]"
attack_flow::NotPetya::0011,attack_flow,NotPetya,11,"[""T1053"",""T1529"",""T1486""]",3,"[""T1021"",""T1078"",""T1105"",""T1486"",""T1059""]"
attack_flow::NotPetya::0012,attack_flow,NotPetya,12,"[""T1529"",""T1486"",""T1070""]",3,"[""T1021"",""T1003"",""T1486"",""T1070"",""T1059""]"
attack_flow::NotPetya::0013,attack_flow,NotPetya,13,"[""T1486"",""T1070"",""T1529""]",3,"[""T1021"",""T1003"",""T1486"",""T1078"",""T1105""]"
attack_flow::NotPetya::0014,attack_flow,NotPetya,14,"[""T1070"",""T1529"",""T1485""]",3,"[""T1486"",""T1070"",""T1021"",""T1059"",""T1105""]"
attack_flow::NotPetya::0015,attack_flow,NotPetya,15,"[""T1529"",""T1485""]",2,"[""T1078"",""T1021"",""T1105"",""T1005"",""T1562""]"
attack_flow::NotPetya::0016,attack_flow,NotPetya,16,"[""T1485""]",1,"[""T1070"",""T1053"",""T1542"",""T1003"",""T1021""]"
attack_flow::OceanLotus::0001,attack_flow,OceanLotus,1,"[""T1566"",""T1204"",""T1036""]",3,"[""T1204"",""T1059"",""T1105"",""T1053"",""T1078""]"
attack_flow::OceanLotus::0002,attack_flow,OceanLotus,2,"[""T1204"",""T1036"",""T1027""]",3,"[""T1204"",""T1059"",""T1105"",""T1078"",""T1021""]"
attack_flow::OceanLotus::0003,attack_flow,OceanLotus,3,"[""T1036"",""T1027"",""T1543""]",3,"[""T1204"",""T1059"",""T1547"",""T1105"",""T1005""]"
attack_flow::OceanLotus::0004,attack_flow,OceanLotus,4,"[""T1027"",""T1543"",""T1070""]",3,"[""T1059"",""T1078"",""T1021"",""T1003"",""T1105""]"
attack_flow::OceanLotus::0005,attack_flow,OceanLotus,5,"[""T1543"",""T1070"",""T1082""]",3,"[""T1059"",""T1105"",""T1003"",""T1078"",""T1021""]"
attack_flow::OceanLotus::0006,attack_flow,OceanLotus,6,"[""T1070"",""T1082"",""T1041""]",3,"[""T1059"",""T1071"",""T1005"",""T1057"",""T1547""]"
attack_flow::OceanLotus::0007,attack_flow,OceanLotus,7,"[""T1082"",""T1041"",""T1018""]",3,"[""T1059"",""T1003"",""T1021"",""T1105"",""T1078""]"
attack_flow::OceanLotus::0008,attack_flow,OceanLotus,8,"[""T1041"",""T1018"",""T1105""]",3,"[""T1059"",""T1003"",""T1105"",""T1021"",""T1078""]"
attack_flow::OceanLotus::0009,attack_flow,OceanLotus,9,"[""T1018"",""T1105"",""T1021""]",3,"[""T1003"",""T1078"",""T1021"",""T1105"",""T1482""]"
attack_flow::OceanLotus::0010,attack_flow,OceanLotus,10,"[""T1105"",""T1021""]",2,"[""T1021"",""T1003"",""T1078"",""T1105"",""T1059""]"
attack_flow::OceanLotus::0011,attack_flow,OceanLotus,11,"[""T1021"",""T1059""]",2,"[""T1021"",""T1003"",""T1078"",""T1105"",""T1059""]"
attack_flow::OceanLotus::0012,attack_flow,OceanLotus,12,"[""T1021"",""T1059"",""T1082""]",3,"[""T1059"",""T1078"",""T1003"",""T1105"",""T1021""]"
attack_flow::OceanLotus::0013,attack_flow,OceanLotus,13,"[""T1059"",""T1082"",""T1041""]",3,"[""T1059"",""T1003"",""T1078"",""T1105"",""T1041""]"
attack_flow::OceanLotus::0014,attack_flow,OceanLotus,14,"[""T1082"",""T1041"",""T1119""]",3,"[""T1059"",""T1003"",""T1021"",""T1105"",""T1078""]"
attack_flow::OceanLotus::0015,attack_flow,OceanLotus,15,"[""T1041"",""T1119"",""T1564""]",3,"[""T1082"",""T1059"",""T1005"",""T1003"",""T1543""]"
attack_flow::OceanLotus::0016,attack_flow,OceanLotus,16,"[""T1119"",""T1564"",""T1083""]",3,"[""T1005"",""T1055"",""T1078"",""T1021"",""T1105""]"
attack_flow::OceanLotus::0017,attack_flow,OceanLotus,17,"[""T1564"",""T1083"",""T1074""]",3,"[""T1005"",""T1003"",""T1059"",""T1105"",""T1021""]"
attack_flow::OceanLotus::0018,attack_flow,OceanLotus,18,"[""T1083"",""T1074"",""T1041""]",3,"[""T1059"",""T1005"",""T1003"",""T1078"",""T1105""]"
attack_flow::OceanLotus::0019,attack_flow,OceanLotus,19,"[""T1074"",""T1041""]",2,"[""T1005"",""T1003"",""T1059"",""T1105"",""T1078""]"
attack_flow::OceanLotus::0020,attack_flow,OceanLotus,20,"[""T1041""]",1,"[""T1005"",""T1003"",""T1059"",""T1021"",""T1070""]"
attack_flow::REvil::0001,attack_flow,REvil,1,"[""T1068"",""T1140"",""T1134""]",3,"[""T1204"",""T1059"",""T1078"",""T1021"",""T1003""]"
attack_flow::REvil::0002,attack_flow,REvil,2,"[""T1140"",""T1134"",""T1012""]",3,"[""T1059"",""T1078"",""T1021"",""T1003"",""T1105""]"
attack_flow::REvil::0003,attack_flow,REvil,3,"[""T1134"",""T1012"",""T1033""]",3,"[""T1059"",""T1003"",""T1021"",""T1078"",""T1105""]"
attack_flow::REvil::0004,attack_flow,REvil,4,"[""T1012"",""T1033"",""T1027""]",3,"[""T1059"",""T1003"",""T1021"",""T1105"",""T1078""]"
attack_flow::REvil::0005,attack_flow,REvil,5,"[""T1033"",""T1027"",""T1112""]",3,"[""T1059"",""T1003"",""T1021"",""T1078"",""T1105""]"
attack_flow::REvil::0006,attack_flow,REvil,6,"[""T1027"",""T1112"",""T1489""]",3,"[""T1057"",""T1082"",""T1053"",""T1547"",""T1005""]"
attack_flow::REvil::0007,attack_flow,REvil,7,"[""T1112"",""T1489"",""T1059""]",3,"[""T1057"",""T1082"",""T1053"",""T1547"",""T1021""]"
attack_flow::REvil::0008,attack_flow,REvil,8,"[""T1489"",""T1059"",""T1490""]",3,"[""T1057"",""T1082"",""T1547"",""T1021"",""T1005""]"
attack_flow::REvil::0009,attack_flow,REvil,9,"[""T1059"",""T1490"",""T1485""]",3,"[""T1059"",""T1005"",""T1547"",""T1021"",""T1486""]"
attack_flow::REvil::0010,attack_flow,REvil,10,"[""T1490"",""T1485"",""T1083""]",3,"[""T1059"",""T1003"",""T1021"",""T1078"",""T1105""]"
attack_flow::REvil::0011,attack_flow,REvil,11,"[""T1485"",""T1083"",""T1135""]",3,"[""T1059"",""T1003"",""T1021"",""T1078"",""T1105""]"
attack_flow::REvil::0012,attack_flow,REvil,12,"[""T1083"",""T1135"",""T1486""]",3,"[""T1486"",""T1070"",""T1021"",""T1005"",""T1053""]"
attack_flow::REvil::0013,attack_flow,REvil,13,"[""T1135"",""T1486"",""T1491""]",3,"[""T1486"",""T1003"",""T1021"",""T1078"",""T1105""]"
attack_flow::REvil::0014,attack_flow,REvil,14,"[""T1486"",""T1491"",""T1012""]",3,"[""T1486"",""T1005"",""T1078"",""T1021"",""T1003""]"
attack_flow::REvil::0015,attack_flow,REvil,15,"[""T1491"",""T1012"",""T1573""]",3,"[""T1021"",""T1070"",""T1486"",""T1059"",""T1005""]"
attack_flow::REvil::0016,attack_flow,REvil,16,"[""T1012"",""T1573"",""T1041""]",3,"[""T1070"",""T1021"",""T1005"",""T1053"",""T1105""]"
attack_flow::REvil::0017,attack_flow,REvil,17,"[""T1573"",""T1041""]",2,"[""T1021"",""T1070"",""T1547"",""T1105"",""T1005""]"
attack_flow::REvil::0018,attack_flow,REvil,18,"[""T1041""]",1,"[""T1486"",""T1485"",""T1490"",""T1078"",""T1105""]"
attack_flow::Ragnar Locker::0001,attack_flow,Ragnar Locker,1,"[""T1546"",""T1484"",""T1218""]",3,"[""T1078"",""T1021"",""T1069"",""T1003"",""T1059""]"
attack_flow::Ragnar Locker::0002,attack_flow,Ragnar Locker,2,"[""T1484"",""T1218"",""T1105""]",3,"[""T1078"",""T1021"",""T1003"",""T1059"",""T1136""]"
attack_flow::Ragnar Locker::0003,attack_flow,Ragnar Locker,3,"[""T1218"",""T1105""]",2,"[""T1021"",""T1003"",""T1078"",""T1059"",""T1136""]"
attack_flow::Ragnar Locker::0004,attack_flow,Ragnar Locker,4,"[""T1105"",""T1489""]",2,"[""T1021"",""T1059"",""T1003"",""T1078"",""T1543""]"
attack_flow::Ragnar Locker::0005,attack_flow,Ragnar Locker,5,"[""T1105"",""T1489"",""T1614""]",3,"[""T1021"",""T1003"",""T1059"",""T1078"",""T1562""]"
attack_flow::Ragnar Locker::0006,attack_flow,Ragnar Locker,6,"[""T1489"",""T1614"",""T1564""]",3,"[""T1021"",""T1003"",""T1059"",""T1078"",""T1547""]"
attack_flow::Ragnar Locker::0007,attack_flow,Ragnar Locker,7,"[""T1614"",""T1564"",""T1120""]",3,"[""T1059"",""T1003"",""T1021"",""T1078"",""T1486""]"
attack_flow::Ragnar Locker::0008,attack_flow,Ragnar Locker,8,"[""T1564"",""T1120"",""T1567""]",3,"[""T1486"",""T1059"",""T1005"",""T1070"",""T1027""]"
attack_flow::Ragnar Locker::0009,attack_flow,Ragnar Locker,9,"[""T1120"",""T1567"",""T1027""]",3,"[""T1486"",""T1078"",""T1021"",""T1059"",""T1562""]"
attack_flow::Ragnar Locker::0010,attack_flow,Ragnar Locker,10,"[""T1567"",""T1027"",""T1486""]",3,"[""T1486"",""T1059"",""T1005"",""T1078"",""T1027""]"
attack_flow::Ragnar Locker::0011,attack_flow,Ragnar Locker,11,"[""T1027"",""T1486""]",2,"[""T1486"",""T1070"",""T1059"",""T1027"",""T1005""]"
attack_flow::Ragnar Locker::0012,attack_flow,Ragnar Locker,12,"[""T1486""]",1,"[""T1486"",""T1059"",""T1070"",""T1005"",""T1562""]"
attack_flow::SWIFT Heist::0001,attack_flow,SWIFT Heist,1,"[""T1078"",""T1105"",""T1070""]",3,"[""T1204"",""T1059"",""T1105"",""T1053"",""T1078""]"
attack_flow::SWIFT Heist::0002,attack_flow,SWIFT Heist,2,"[""T1105"",""T1070"",""T1562""]",3,"[""T1078"",""T1021"",""T1003"",""T1059"",""T1105""]"
attack_flow::SWIFT Heist::0003,attack_flow,SWIFT Heist,3,"[""T1070"",""T1562""]",2,"[""T1078"",""T1021"",""T1003"",""T1059"",""T1136""]"
attack_flow::SWIFT Heist::0004,attack_flow,SWIFT Heist,4,"[""T1562""]",1,"[""T1021"",""T1003"",""T1059"",""T1078"",""T1105""]"
attack_flow::SearchAwesome Adware::0001,attack_flow,SearchAwesome Adware,1,"[""T1105"",""T1553"",""T1557""]",3,"[""T1059"",""T1547"",""T1078"",""T1003"",""T1105""]"
attack_flow::SearchAwesome Adware::0002,attack_flow,SearchAwesome Adware,2,"[""T1553"",""T1557""]",2,"[""T1059"",""T1003"",""T1021"",""T1078"",""T1105""]"
attack_flow::SearchAwesome Adware::0003,attack_flow,SearchAwesome Adware,3,"[""T1557"",""T1553"",""T1105""]",3,"[""T1059"",""T1078"",""T1021"",""T1003"",""T1105""]"
attack_flow::SearchAwesome Adware::0004,attack_flow,SearchAwesome Adware,4,"[""T1553"",""T1105"",""T1090""]",3,"[""T1059"",""T1003"",""T1021"",""T1078"",""T1040""]"
attack_flow::SearchAwesome Adware::0005,attack_flow,SearchAwesome Adware,5,"[""T1105"",""T1090"",""T1583""]",3,"[""T1557"",""T1553"",""T1003"",""T1021"",""T1078""]"
attack_flow::SearchAwesome Adware::0006,attack_flow,SearchAwesome Adware,6,"[""T1090"",""T1583"",""T1059""]",3,"[""T1557"",""T1003"",""T1021"",""T1059"",""T1078""]"
attack_flow::SearchAwesome Adware::0007,attack_flow,SearchAwesome Adware,7,"[""T1583"",""T1059"",""T1185""]",3,"[""T1557"",""T1003"",""T1021"",""T1078"",""T1059""]"
attack_flow::SearchAwesome Adware::0008,attack_flow,SearchAwesome Adware,8,"[""T1059"",""T1185"",""T1070""]",3,"[""T1557"",""T1105"",""T1090"",""T1553"",""T1204""]"
attack_flow::SearchAwesome Adware::0009,attack_flow,SearchAwesome Adware,9,"[""T1185"",""T1070""]",2,"[""T1557"",""T1059"",""T1105"",""T1090"",""T1583""]"
attack_flow::SearchAwesome Adware::0010,attack_flow,SearchAwesome Adware,10,"[""T1070""]",1,"[""T1557"",""T1059"",""T1105"",""T1003"",""T1021""]"
attack_flow::Shamoon::0001,attack_flow,Shamoon,1,"[""T1027"",""T1140"",""T1082""]",3,"[""T1059"",""T1078"",""T1021"",""T1003"",""T1105""]"
attack_flow::Shamoon::0002,attack_flow,Shamoon,2,"[""T1140"",""T1082"",""T1105""]",3,"[""T1059"",""T1078"",""T1021"",""T1003"",""T1105""]"
attack_flow::Shamoon::0003,attack_flow,Shamoon,3,"[""T1082"",""T1105"",""T1569""]",3,"[""T1059"",""T1106"",""T1547"",""T1078"",""T1003""]"
attack_flow::Shamoon::0004,attack_flow,Shamoon,4,"[""T1105"",""T1569"",""T1112""]",3,"[""T1059"",""T1003"",""T1021"",""T1078"",""T1105""]"
attack_flow::Shamoon::0005,attack_flow,Shamoon,5,"[""T1569"",""T1112"",""T1135""]",3,"[""T1059"",""T1003"",""T1021"",""T1078"",""T1547""]"
attack_flow::Shamoon::0006,attack_flow,Shamoon,6,"[""T1112"",""T1135"",""T1007""]",3,"[""T1059"",""T1078"",""T1021"",""T1003"",""T1105""]"
attack_flow::Shamoon::0007,attack_flow,Shamoon,7,"[""T1135"",""T1007"",""T1140""]",3,"[""T1059"",""T1078"",""T1021"",""T1003"",""T1105""]"
attack_flow::Shamoon::0008,attack_flow,Shamoon,8,"[""T1007"",""T1140"",""T1070""]",3,"[""T1021"",""T1078"",""T1003"",""T1059"",""T1547""]"
attack_flow::Shamoon::0009,attack_flow,Shamoon,9,"[""T1140"",""T1070"",""T1134""]",3,"[""T1003"",""T1078"",""T1021"",""T1059"",""T1018""]"
attack_flow::Shamoon::0010,attack_flow,Shamoon,10,"[""T1070"",""T1134"",""T1543""]",3,"[""T1059"",""T1003"",""T1021"",""T1078"",""T1018""]"
attack_flow::Shamoon::0011,attack_flow,Shamoon,11,"[""T1134"",""T1543"",""T1105""]",3,"[""T1059"",""T1078"",""T1021"",""T1003"",""T1105""]"
attack_flow::Shamoon::0012,attack_flow,Shamoon,12,"[""T1543"",""T1105"",""T1027""]",3,"[""T1059"",""T1021"",""T1003"",""T1078"",""T1543""]"
attack_flow::Shamoon::0013,attack_flow,Shamoon,13,"[""T1105"",""T1027"",""T1140""]",3,"[""T1136"",""T1021"",""T1003"",""T1053"",""T1078""]"
attack_flow::Shamoon::0014,attack_flow,Shamoon,14,"[""T1027"",""T1140"",""T1543""]",3,"[""T1021"",""T1003"",""T1078"",""T1485"",""T1059""]"
attack_flow::Shamoon::0015,attack_flow,Shamoon,15,"[""T1140"",""T1543"",""T1561""]",3,"[""T1485"",""T1021"",""T1070"",""T1059"",""T1003""]"
attack_flow::Shamoon::0016,attack_flow,Shamoon,16,"[""T1543"",""T1561"",""T1529""]",3,"[""T1486"",""T1021"",""T1005"",""T1070"",""T1059""]"
attack_flow::Shamoon::0017,attack_flow,Shamoon,17,"[""T1561"",""T1529""]",2,"[""T1485"",""T1070"",""T1021"",""T1003"",""T1059""]"
attack_flow::Shamoon::0018,attack_flow,Shamoon,18,"[""T1529""]",1,"[""T1485"",""T1070"",""T1021"",""T1005"",""T1059""]"
attack_flow::SolarWinds::0001,attack_flow,SolarWinds,1,"[""T1195"",""T1569"",""T1497""]",3,"[""T1059"",""T1078"",""T1021"",""T1003"",""T1105""]"
attack_flow::SolarWinds::0002,attack_flow,SolarWinds,2,"[""T1569"",""T1497"",""T1057""]",3,"[""T1059"",""T1078"",""T1021"",""T1003"",""T1105""]"
attack_flow::SolarWinds::0003,attack_flow,SolarWinds,3,"[""T1497"",""T1057"",""T1568""]",3,"[""T1543"",""T1059"",""T1021"",""T1003"",""T1105""]"
attack_flow::SolarWinds::0004,attack_flow,SolarWinds,4,"[""T1057"",""T1568"",""T1132""]",3,"[""T1543"",""T1059"",""T1003"",""T1021"",""T1105""]"
attack_flow::SolarWinds::0005,attack_flow,SolarWinds,5,"[""T1568"",""T1132"",""T1562""]",3,"[""T1059"",""T1005"",""T1105"",""T1021"",""T1078""]"
attack_flow::SolarWinds::0006,attack_flow,SolarWinds,6,"[""T1132"",""T1562"",""T1558""]",3,"[""T1059"",""T1005"",""T1021"",""T1078"",""T1105""]"
attack_flow::SolarWinds::0007,attack_flow,SolarWinds,7,"[""T1562"",""T1558""]",2,"[""T1059"",""T1005"",""T1021"",""T1078"",""T1105""]"
attack_flow::SolarWinds::0008,attack_flow,SolarWinds,8,"[""T1558"",""T1562"",""T1053""]",3,"[""T1059"",""T1003"",""T1021"",""T1078"",""T1105""]"
attack_flow::SolarWinds::0009,attack_flow,SolarWinds,9,"[""T1562"",""T1053"",""T1036""]",3,"[""T1021"",""T1003"",""T1078"",""T1059"",""T1562""]"
attack_flow::SolarWinds::0010,attack_flow,SolarWinds,10,"[""T1053"",""T1036"",""T1047""]",3,"[""T1021"",""T1003"",""T1078"",""T1059"",""T1105""]"
attack_flow::SolarWinds::0011,attack_flow,SolarWinds,11,"[""T1036"",""T1047"",""T1070""]",3,"[""T1021"",""T1078"",""T1003"",""T1059"",""T1562""]"
attack_flow::SolarWinds::0012,attack_flow,SolarWinds,12,"[""T1047"",""T1070"",""T1562""]",3,"[""T1021"",""T1003"",""T1059"",""T1078"",""T1105""]"
attack_flow::SolarWinds::0013,attack_flow,SolarWinds,13,"[""T1070"",""T1562"",""T1082""]",3,"[""T1021"",""T1003"",""T1078"",""T1059"",""T1105""]"
attack_flow::SolarWinds::0014,attack_flow,SolarWinds,14,"[""T1562"",""T1082"",""T1005""]",3,"[""T1021"",""T1003"",""T1078"",""T1055"",""T1105""]"
attack_flow::SolarWinds::0015,attack_flow,SolarWinds,15,"[""T1082"",""T1005"",""T1567""]",3,"[""T1021"",""T1003"",""T1078"",""T1105"",""T1059""]"
attack_flow::SolarWinds::0016,attack_flow,SolarWinds,16,"[""T1005"",""T1567""]",2,"[""T1005"",""T1041"",""T1078"",""T1021"",""T1482""]"
attack_flow::Sony Malware::0001,attack_flow,Sony Malware,1,"[""T1574"",""T1047"",""T1505""]",3,"[""T1059"",""T1078"",""T1021"",""T1003"",""T1105""]"
attack_flow::Sony Malware::0002,attack_flow,Sony Malware,2,"[""T1047"",""T1505"",""T1105""]",3,"[""T1059"",""T1021"",""T1005"",""T1016"",""T1071""]"
attack_flow::Sony Malware::0003,attack_flow,Sony Malware,3,"[""T1505"",""T1105"",""T1080""]",3,"[""T1021"",""T1003"",""T1059"",""T1078"",""T1105""]"
attack_flow::Sony Malware::0004,attack_flow,Sony Malware,4,"[""T1105"",""T1080"",""T1497""]",3,"[""T1021"",""T1003"",""T1059"",""T1078"",""T1105""]"
attack_flow::Sony Malware::0005,attack_flow,Sony Malware,5,"[""T1080"",""T1497"",""T1059""]",3,"[""T1059"",""T1003"",""T1021"",""T1078"",""T1105""]"
attack_flow::Sony Malware::0006,attack_flow,Sony Malware,6,"[""T1497"",""T1059"",""T1489""]",3,"[""T1059"",""T1003"",""T1021"",""T1078"",""T1543""]"
attack_flow::Sony Malware::0007,attack_flow,Sony Malware,7,"[""T1059"",""T1489"",""T1132""]",3,"[""T1059"",""T1003"",""T1021"",""T1078"",""T1105""]"
attack_flow::Sony Malware::0008,attack_flow,Sony Malware,8,"[""T1489"",""T1132"",""T1561""]",3,"[""T1021"",""T1003"",""T1078"",""T1055"",""T1105""]"
attack_flow::Sony Malware::0009,attack_flow,Sony Malware,9,"[""T1132"",""T1561"",""T1529""]",3,"[""T1021"",""T1003"",""T1078"",""T1053"",""T1543""]"
attack_flow::Sony Malware::0010,attack_flow,Sony Malware,10,"[""T1561"",""T1529"",""T1491""]",3,"[""T1021"",""T1003"",""T1078"",""T1053"",""T1543""]"
attack_flow::Sony Malware::0011,attack_flow,Sony Malware,11,"[""T1529"",""T1491""]",2,"[""T1021"",""T1003"",""T1078"",""T1485"",""T1105""]"
attack_flow::Sony Malware::0012,attack_flow,Sony Malware,12,"[""T1491""]",1,"[""T1485"",""T1070"",""T1021"",""T1005"",""T1119""]"
attack_flow::Target Breach::0001,attack_flow,Target Breach,1,"[""T1199"",""T1566"",""T1078""]",3,"[""T1595"",""T1590"",""T1587"",""T1078"",""T1195""]"
attack_flow::Target Breach::0002,attack_flow,Target Breach,2,"[""T1566"",""T1078""]",2,"[""T1078"",""T1133"",""T1021"",""T1059"",""T1003""]"
attack_flow::Target Breach::0003,attack_flow,Target Breach,3,"[""T1078"",""T1505""]",2,"[""T1078"",""T1133"",""T1021"",""T1059"",""T1003""]"
attack_flow::Target Breach::0004,attack_flow,Target Breach,4,"[""T1078"",""T1505"",""T1105""]",3,"[""T1078"",""T1021"",""T1003"",""T1059"",""T1105""]"
attack_flow::Target Breach::0008,attack_flow,Target Breach,8,"[""T1570"",""T1557"",""T1074""]",3,"[""T1005"",""T1059"",""T1021"",""T1003"",""T1485""]"
attack_flow::Target Breach::0009,attack_flow,Target Breach,9,"[""T1557"",""T1074"",""T1095""]",3,"[""T1021"",""T1003"",""T1078"",""T1105"",""T1560""]"
attack_flow::Target Breach::0010,attack_flow,Target Breach,10,"[""T1074"",""T1095""]",2,"[""T1005"",""T1021"",""T1041"",""T1071"",""T1560""]"
attack_flow::Target Breach::0011,attack_flow,Target Breach,11,"[""T1095""]",1,"[""T1041"",""T1048"",""T1071"",""T1560"",""T1485""]"
attack_flow::Tesla Kubernetes Breach::0001,attack_flow,Tesla Kubernetes Breach,1,"[""T1552"",""T1078"",""T1530""]",3,"[""T1078"",""T1059"",""T1087"",""T1021"",""T1505""]"
attack_flow::Tesla Kubernetes Breach::0002,attack_flow,Tesla Kubernetes Breach,2,"[""T1078"",""T1530""]",2,"[""T1078"",""T1550"",""T1021"",""T1003"",""T1105""]"
attack_flow::Tesla Kubernetes Breach::0003,attack_flow,Tesla Kubernetes Breach,3,"[""T1530""]",1,"[""T1552"",""T1078"",""T1530"",""T1021"",""T1003""]"
attack_flow::Uber Breach::0001,attack_flow,Uber Breach,1,"[""T1078"",""T1621"",""T1135""]",3,"[""T1078"",""T1133"",""T1021"",""T1059"",""T1003""]"
attack_flow::Uber Breach::0002,attack_flow,Uber Breach,2,"[""T1621"",""T1135"",""T1552""]",3,"[""T1078"",""T1586"",""T1021"",""T1110"",""T1046""]"
attack_flow::Uber Breach::0003,attack_flow,Uber Breach,3,"[""T1135"",""T1552"",""T1078""]",3,"[""T1078"",""T1621"",""T1586"",""T1110"",""T1021""]"
attack_flow::Uber Breach::0004,attack_flow,Uber Breach,4,"[""T1552"",""T1078"",""T1555""]",3,"[""T1078"",""T1110"",""T1021"",""T1003"",""T1083""]"
attack_flow::Uber Breach::0005,attack_flow,Uber Breach,5,"[""T1078"",""T1555""]",2,"[""T1078"",""T1552"",""T1135"",""T1021"",""T1003""]"
attack_flow::Uber Breach::0006,attack_flow,Uber Breach,6,"[""T1555""]",1,"[""T1078"",""T1003"",""T1021"",""T1059"",""T1098""]"
attack_flow::WhisperGate::0001,attack_flow,WhisperGate,1,"[""T1105"",""T1542"",""T1059""]",3,"[""T1078"",""T1021"",""T1003"",""T1059"",""T1105""]"
attack_flow::WhisperGate::0002,attack_flow,WhisperGate,2,"[""T1542"",""T1059"",""T1105""]",3,"[""T1021"",""T1003"",""T1059"",""T1078"",""T1105""]"
attack_flow::WhisperGate::0003,attack_flow,WhisperGate,3,"[""T1059"",""T1105"",""T1027""]",3,"[""T1486"",""T1005"",""T1021"",""T1071"",""T1562""]"
attack_flow::WhisperGate::0004,attack_flow,WhisperGate,4,"[""T1105"",""T1027""]",2,"[""T1003"",""T1021"",""T1078"",""T1059"",""T1105""]"
attack_flow::WhisperGate::0005,attack_flow,WhisperGate,5,"[""T1027"",""T1059""]",2,"[""T1021"",""T1003"",""T1486"",""T1070"",""T1059""]"
attack_flow::WhisperGate::0006,attack_flow,WhisperGate,6,"[""T1027"",""T1059"",""T1562""]",3,"[""T1059"",""T1021"",""T1003"",""T1486"",""T1078""]"
attack_flow::WhisperGate::0007,attack_flow,WhisperGate,7,"[""T1059"",""T1562"",""T1140""]",3,"[""T1059"",""T1003"",""T1021"",""T1078"",""T1105""]"
attack_flow::WhisperGate::0008,attack_flow,WhisperGate,8,"[""T1562"",""T1140"",""T1027""]",3,"[""T1059"",""T1105"",""T1027"",""T1078"",""T1542""]"
attack_flow::WhisperGate::0009,attack_flow,WhisperGate,9,"[""T1140"",""T1027"",""T1059""]",3,"[""T1486"",""T1003"",""T1021"",""T1078"",""T1059""]"
attack_flow::WhisperGate::0010,attack_flow,WhisperGate,10,"[""T1027"",""T1059"",""T1055""]",3,"[""T1059"",""T1027"",""T1105"",""T1078"",""T1562""]"
attack_flow::WhisperGate::0011,attack_flow,WhisperGate,11,"[""T1059"",""T1055"",""T1218""]",3,"[""T1059"",""T1105"",""T1027"",""T1140"",""T1562""]"
attack_flow::WhisperGate::0013,attack_flow,WhisperGate,13,"[""T1218"",""T1082"",""T1485""]",3,"[""T1486"",""T1021"",""T1003"",""T1071"",""T1053""]"
attack_flow::WhisperGate::0014,attack_flow,WhisperGate,14,"[""T1082"",""T1485"",""T1070""]",3,"[""T1486"",""T1021"",""T1078"",""T1059"",""T1105""]"
attack_flow::WhisperGate::0015,attack_flow,WhisperGate,15,"[""T1485"",""T1070"",""T1529""]",3,"[""T1486"",""T1005"",""T1071"",""T1021"",""T1078""]"
attack_flow::WhisperGate::0016,attack_flow,WhisperGate,16,"[""T1070"",""T1529""]",2,"[""T1485"",""T1070"",""T1059"",""T1027"",""T1542""]"
attack_flow::WhisperGate::0017,attack_flow,WhisperGate,17,"[""T1529""]",1,"[""T1485"",""T1070"",""T1059"",""T1027"",""T1105""]"
ctid::apt29::unknown::0001,ctid,apt29::unknown,1,"[""T1059"",""T1119"",""T1016""]",3,"[""T1059"",""T1105"",""T1078"",""T1021"",""T1003""]"
ctid::apt29::unknown::0002,ctid,apt29::unknown,2,"[""T1119"",""T1016"",""T1033""]",3,"[""T1059"",""T1036"",""T1078"",""T1021"",""T1003""]"
ctid::apt29::unknown::0003,ctid,apt29::unknown,3,"[""T1016"",""T1033"",""T1041""]",3,"[""T1059"",""T1005"",""T1074"",""T1027"",""T1105""]"
ctid::apt29::unknown::0004,ctid,apt29::unknown,4,"[""T1033"",""T1041"",""T1057""]",3,"[""T1059"",""T1016"",""T1005"",""T1082"",""T1071""]"
ctid::apt29::unknown::0005,ctid,apt29::unknown,5,"[""T1041"",""T1057"",""T1007""]",3,"[""T1059"",""T1003"",""T1082"",""T1018"",""T1021""]"
ctid::apt29::unknown::0006,ctid,apt29::unknown,6,"[""T1057"",""T1007"",""T1082""]",3,"[""T1005"",""T1083"",""T1071"",""T1021"",""T1003""]"
ctid::apt29::unknown::0007,ctid,apt29::unknown,7,"[""T1007"",""T1082"",""T1069""]",3,"[""T1059"",""T1005"",""T1083"",""T1012"",""T1105""]"
ctid::apt29::unknown::0008,ctid,apt29::unknown,8,"[""T1082"",""T1069"",""T1087""]",3,"[""T1082"",""T1005"",""T1018"",""T1021"",""T1105""]"
ctid::apt29::unknown::0009,ctid,apt29::unknown,9,"[""T1069"",""T1087"",""T1012""]",3,"[""T1059"",""T1005"",""T1083"",""T1018"",""T1105""]"
ctid::apt29::unknown::0010,ctid,apt29::unknown,10,"[""T1087"",""T1012"",""T1036""]",3,"[""T1003"",""T1078"",""T1021"",""T1053"",""T1105""]"
ctid::apt29::unknown::0011,ctid,apt29::unknown,11,"[""T1012"",""T1036"",""T1134""]",3,"[""T1003"",""T1021"",""T1078"",""T1105"",""T1053""]"
ctid::apt29::unknown::0012,ctid,apt29::unknown,12,"[""T1036"",""T1134"",""T1548""]",3,"[""T1003"",""T1078"",""T1021"",""T1105"",""T1053""]"
ctid::apt29::unknown::0013,ctid,apt29::unknown,13,"[""T1134"",""T1548"",""T1112""]",3,"[""T1083"",""T1005"",""T1021"",""T1078"",""T1105""]"
ctid::apt29::unknown::0014,ctid,apt29::unknown,14,"[""T1548"",""T1112"",""T1055""]",3,"[""T1005"",""T1021"",""T1078"",""T1105"",""T1053""]"
ctid::apt29::unknown::0015,ctid,apt29::unknown,15,"[""T1112"",""T1055"",""T1036""]",3,"[""T1003"",""T1021"",""T1078"",""T1105"",""T1055""]"
ctid::apt29::unknown::0016,ctid,apt29::unknown,16,"[""T1055"",""T1036"",""T1018""]",3,"[""T1021"",""T1003"",""T1105"",""T1078"",""T1053""]"
ctid::apt29::unknown::0017,ctid,apt29::unknown,17,"[""T1036"",""T1018"",""T1016""]",3,"[""T1021"",""T1053"",""T1078"",""T1003"",""T1105""]"
ctid::apt29::unknown::0018,ctid,apt29::unknown,18,"[""T1018"",""T1016"",""T1057""]",3,"[""T1021"",""T1005"",""T1105"",""T1078"",""T1053""]"
ctid::apt29::unknown::0019,ctid,apt29::unknown,19,"[""T1016"",""T1057"",""T1070""]",3,"[""T1021"",""T1003"",""T1078"",""T1105"",""T1053""]"
ctid::apt29::unknown::0020,ctid,apt29::unknown,20,"[""T1057"",""T1070"",""T1082""]",3,"[""T1021"",""T1003"",""T1078"",""T1105"",""T1053""]"
ctid::apt29::unknown::0021,ctid,apt29::unknown,21,"[""T1070"",""T1082"",""T1049""]",3,"[""T1003"",""T1021"",""T1105"",""T1078"",""T1053""]"
ctid::apt29::unknown::0022,ctid,apt29::unknown,22,"[""T1082"",""T1049"",""T1003""]",3,"[""T1021"",""T1003"",""T1078"",""T1105"",""T1053""]"
ctid::apt29::unknown::0023,ctid,apt29::unknown,23,"[""T1049"",""T1003"",""T1547""]",3,"[""T1021"",""T1003"",""T1078"",""T1105"",""T1053""]"
ctid::apt29::unknown::0024,ctid,apt29::unknown,24,"[""T1003"",""T1547"",""T1134""]",3,"[""T1003"",""T1021"",""T1078"",""T1105"",""T1070""]"
ctid::apt29::unknown::0025,ctid,apt29::unknown,25,"[""T1547"",""T1134"",""T1003""]",3,"[""T1021"",""T1078"",""T1105"",""T1053"",""T1547""]"
ctid::apt29::unknown::0026,ctid,apt29::unknown,26,"[""T1134"",""T1003""]",2,"[""T1021"",""T1078"",""T1105"",""T1053"",""T1048""]"
ctid::apt29::unknown::0028,ctid,apt29::unknown,28,"[""T1134"",""T1552"",""T1036""]",3,"[""T1021"",""T1005"",""T1105"",""T1078"",""T1053""]"
ctid::apt29::unknown::0029,ctid,apt29::unknown,29,"[""T1552"",""T1036"",""T1113""]",3,"[""T1021"",""T1053"",""T1078"",""T1105"",""T1562""]"
ctid::apt29::unknown::0030,ctid,apt29::unknown,30,"[""T1036"",""T1113"",""T1115""]",3,"[""T1021"",""T1078"",""T1105"",""T1005"",""T1070""]"
ctid::apt29::unknown::0031,ctid,apt29::unknown,31,"[""T1113"",""T1115"",""T1056""]",3,"[""T1021"",""T1078"",""T1105"",""T1053"",""T1543""]"
ctid::apt29::unknown::0032,ctid,apt29::unknown,32,"[""T1115"",""T1056"",""T1041""]",3,"[""T1021"",""T1078"",""T1105"",""T1005"",""T1053""]"
ctid::apt29::unknown::0033,ctid,apt29::unknown,33,"[""T1056"",""T1041"",""T1134""]",3,"[""T1021"",""T1105"",""T1078"",""T1005"",""T1048""]"
ctid::apt29::unknown::0034,ctid,apt29::unknown,34,"[""T1041"",""T1134"",""T1059""]",3,"[""T1021"",""T1105"",""T1005"",""T1560"",""T1048""]"
ctid::apt29::unknown::0035,ctid,apt29::unknown,35,"[""T1134"",""T1059""]",2,"[""T1005"",""T1021"",""T1078"",""T1105"",""T1070""]"
ctid::apt29::unknown::0036,ctid,apt29::unknown,36,"[""T1059"",""T1134"",""T1105""]",3,"[""T1041"",""T1021"",""T1059"",""T1005"",""T1547""]"
ctid::apt29::unknown::0037,ctid,apt29::unknown,37,"[""T1134"",""T1105"",""T1113""]",3,"[""T1059"",""T1003"",""T1021"",""T1078"",""T1105""]"
ctid::apt29::unknown::0038,ctid,apt29::unknown,38,"[""T1105"",""T1113"",""T1083""]",3,"[""T1021"",""T1078"",""T1105"",""T1005"",""T1070""]"
ctid::apt29::unknown::0039,ctid,apt29::unknown,39,"[""T1113"",""T1083"",""T1059""]",3,"[""T1021"",""T1078"",""T1105"",""T1005"",""T1053""]"
ctid::apt29::unknown::0040,ctid,apt29::unknown,40,"[""T1083"",""T1059"",""T1041""]",3,"[""T1021"",""T1078"",""T1105"",""T1005"",""T1560""]"
ctid::apt29::unknown::0041,ctid,apt29::unknown,41,"[""T1059"",""T1041"",""T1070""]",3,"[""T1083"",""T1005"",""T1021"",""T1071"",""T1070""]"
ctid::apt29::unknown::0042,ctid,apt29::unknown,42,"[""T1041"",""T1070"",""T1529""]",3,"[""T1021"",""T1078"",""T1053"",""T1543"",""T1105""]"
ctid::apt29::unknown::0043,ctid,apt29::unknown,43,"[""T1070"",""T1529""]",2,"[""T1005"",""T1021"",""T1078"",""T1105"",""T1070""]"
ctid::apt29::unknown::0044,ctid,apt29::unknown,44,"[""T1529"",""T1070"",""T1037""]",3,"[""T1021"",""T1078"",""T1105"",""T1005"",""T1071""]"
ctid::apt29::unknown::0045,ctid,apt29::unknown,45,"[""T1070"",""T1037"",""T1204""]",3,"[""T1021"",""T1078"",""T1105"",""T1486"",""T1059""]"
ctid::apt29::unknown::0046,ctid,apt29::unknown,46,"[""T1037"",""T1204"",""T1070""]",3,"[""T1021"",""T1078"",""T1053"",""T1090"",""T1485""]"
ctid::apt29::unknown::0047,ctid,apt29::unknown,47,"[""T1204"",""T1070"",""T1518""]",3,"[""T1021"",""T1078"",""T1053"",""T1482"",""T1562""]"
ctid::apt29::unknown::0048,ctid,apt29::unknown,48,"[""T1070"",""T1518"",""T1082""]",3,"[""T1005"",""T1071"",""T1021"",""T1053"",""T1078""]"
ctid::apt29::unknown::0049,ctid,apt29::unknown,49,"[""T1518"",""T1082"",""T1033""]",3,"[""T1021"",""T1078"",""T1105"",""T1005"",""T1482""]"
ctid::apt29::unknown::0050,ctid,apt29::unknown,50,"[""T1082"",""T1033"",""T1057""]",3,"[""T1059"",""T1005"",""T1021"",""T1071"",""T1543""]"
ctid::apt29::unknown::0051,ctid,apt29::unknown,51,"[""T1033"",""T1057"",""T1134""]",3,"[""T1021"",""T1105"",""T1005"",""T1560"",""T1078""]"
ctid::apt29::unknown::0052,ctid,apt29::unknown,52,"[""T1057"",""T1134"",""T1003""]",3,"[""T1005"",""T1021"",""T1078"",""T1105"",""T1059""]"
ctid::apt29::unknown::0053,ctid,apt29::unknown,53,"[""T1134"",""T1003"",""T1546""]",3,"[""T1021"",""T1078"",""T1105"",""T1005"",""T1482""]"
ctid::apt29::unknown::0054,ctid,apt29::unknown,54,"[""T1003"",""T1546"",""T1018""]",3,"[""T1059"",""T1003"",""T1078"",""T1021"",""T1105""]"
ctid::apt29::unknown::0055,ctid,apt29::unknown,55,"[""T1546"",""T1018"",""T1033""]",3,"[""T1005"",""T1021"",""T1105"",""T1078"",""T1560""]"
ctid::apt29::unknown::0056,ctid,apt29::unknown,56,"[""T1018"",""T1033"",""T1105""]",3,"[""T1021"",""T1078"",""T1105"",""T1005"",""T1070""]"
ctid::apt29::unknown::0057,ctid,apt29::unknown,57,"[""T1033"",""T1105"",""T1114""]",3,"[""T1059"",""T1003"",""T1134"",""T1041"",""T1078""]"
ctid::apt29::unknown::0058,ctid,apt29::unknown,58,"[""T1105"",""T1114"",""T1005""]",3,"[""T1021"",""T1078"",""T1105"",""T1005"",""T1486""]"
ctid::apt29::unknown::0059,ctid,apt29::unknown,59,"[""T1114"",""T1005"",""T1537""]",3,"[""T1021"",""T1078"",""T1105"",""T1003"",""T1059""]"
ctid::apt29::unknown::0060,ctid,apt29::unknown,60,"[""T1005"",""T1537"",""T1561""]",3,"[""T1021"",""T1105"",""T1005"",""T1041"",""T1078""]"
ctid::apt29::unknown::0061,ctid,apt29::unknown,61,"[""T1537"",""T1561"",""T1003""]",3,"[""T1005"",""T1041"",""T1021"",""T1078"",""T1105""]"
ctid::apt29::unknown::0062,ctid,apt29::unknown,62,"[""T1561"",""T1003"",""T1218""]",3,"[""T1005"",""T1114"",""T1041"",""T1021"",""T1070""]"
ctid::apt29::unknown::0063,ctid,apt29::unknown,63,"[""T1003"",""T1218""]",2,"[""T1005"",""T1021"",""T1485"",""T1070"",""T1547""]"
ctid::apt29::unknown::0064,ctid,apt29::unknown,64,"[""T1218""]",1,"[""T1021"",""T1078"",""T1105"",""T1005"",""T1070""]"
ctid::carbanak::unknown::0001,ctid,carbanak::unknown,1,"[""T1112"",""T1140"",""T1003""]",3,"[""T1059"",""T1005"",""T1036"",""T1027"",""T1078""]"
ctid::carbanak::unknown::0002,ctid,carbanak::unknown,2,"[""T1140"",""T1003"",""T1105""]",3,"[""T1059"",""T1547"",""T1005"",""T1021"",""T1078""]"
ctid::carbanak::unknown::0003,ctid,carbanak::unknown,3,"[""T1003"",""T1105"",""T1570""]",3,"[""T1059"",""T1547"",""T1003"",""T1021"",""T1105""]"
ctid::carbanak::unknown::0004,ctid,carbanak::unknown,4,"[""T1105"",""T1570"",""T1021""]",3,"[""T1059"",""T1078"",""T1021"",""T1105"",""T1005""]"
ctid::carbanak::unknown::0005,ctid,carbanak::unknown,5,"[""T1570"",""T1021"",""T1057""]",3,"[""T1021"",""T1078"",""T1059"",""T1003"",""T1105""]"
ctid::carbanak::unknown::0006,ctid,carbanak::unknown,6,"[""T1021"",""T1057"",""T1083""]",3,"[""T1021"",""T1059"",""T1078"",""T1003"",""T1105""]"
ctid::carbanak::unknown::0008,ctid,carbanak::unknown,8,"[""T1083"",""T1005"",""T1018""]",3,"[""T1059"",""T1003"",""T1021"",""T1105"",""T1078""]"
ctid::carbanak::unknown::0009,ctid,carbanak::unknown,9,"[""T1005"",""T1018"",""T1569""]",3,"[""T1082"",""T1018"",""T1005"",""T1039"",""T1041""]"
ctid::carbanak::unknown::0010,ctid,carbanak::unknown,10,"[""T1018"",""T1569"",""T1571""]",3,"[""T1005"",""T1083"",""T1003"",""T1105"",""T1021""]"
ctid::carbanak::unknown::0011,ctid,carbanak::unknown,11,"[""T1569"",""T1571"",""T1018""]",3,"[""T1018"",""T1003"",""T1021"",""T1105"",""T1059""]"
ctid::carbanak::unknown::0012,ctid,carbanak::unknown,12,"[""T1571"",""T1018"",""T1572""]",3,"[""T1059"",""T1003"",""T1082"",""T1016"",""T1078""]"
ctid::carbanak::unknown::0013,ctid,carbanak::unknown,13,"[""T1018"",""T1572"",""T1033""]",3,"[""T1003"",""T1059"",""T1078"",""T1082"",""T1105""]"
ctid::carbanak::unknown::0014,ctid,carbanak::unknown,14,"[""T1572"",""T1033"",""T1105""]",3,"[""T1003"",""T1078"",""T1087"",""T1105"",""T1021""]"
ctid::carbanak::unknown::0015,ctid,carbanak::unknown,15,"[""T1033"",""T1105"",""T1547""]",3,"[""T1059"",""T1078"",""T1003"",""T1105"",""T1021""]"
ctid::carbanak::unknown::0016,ctid,carbanak::unknown,16,"[""T1105"",""T1547"",""T1056""]",3,"[""T1078"",""T1003"",""T1105"",""T1021"",""T1059""]"
ctid::carbanak::unknown::0017,ctid,carbanak::unknown,17,"[""T1547"",""T1056"",""T1555""]",3,"[""T1059"",""T1003"",""T1021"",""T1105"",""T1078""]"
ctid::carbanak::unknown::0018,ctid,carbanak::unknown,18,"[""T1056"",""T1555"",""T1070""]",3,"[""T1059"",""T1003"",""T1105"",""T1078"",""T1021""]"
ctid::carbanak::unknown::0019,ctid,carbanak::unknown,19,"[""T1555"",""T1070""]",2,"[""T1005"",""T1056"",""T1547"",""T1078"",""T1021""]"
ctid::carbanak::unknown::0020,ctid,carbanak::unknown,20,"[""T1070""]",1,"[""T1005"",""T1055"",""T1078"",""T1082"",""T1021""]"
ctid::fin6::unknown::0001,ctid,fin6::unknown,1,"[""T1018"",""T1482"",""T1016""]",3,"[""T1082"",""T1016"",""T1033"",""T1069"",""T1057""]"
ctid::fin6::unknown::0002,ctid,fin6::unknown,2,"[""T1482"",""T1016"",""T1069""]",3,"[""T1069"",""T1083"",""T1016"",""T1033"",""T1482""]"
ctid::fin6::unknown::0003,ctid,fin6::unknown,3,"[""T1016"",""T1069"",""T1134""]",3,"[""T1069"",""T1083"",""T1016"",""T1033"",""T1049""]"
ctid::fin6::unknown::0004,ctid,fin6::unknown,4,"[""T1069"",""T1134"",""T1003""]",3,"[""T1135"",""T1482"",""T1069"",""T1083"",""T1018""]"
ctid::fin6::unknown::0005,ctid,fin6::unknown,5,"[""T1134"",""T1003"",""T1560""]",3,"[""T1482"",""T1087"",""T1069"",""T1018"",""T1003""]"
ctid::fin6::unknown::0006,ctid,fin6::unknown,6,"[""T1003"",""T1560"",""T1567""]",3,"[""T1087"",""T1018"",""T1482"",""T1016"",""T1069""]"
ctid::fin6::unknown::0007,ctid,fin6::unknown,7,"[""T1560"",""T1567"",""T1569""]",3,"[""T1021"",""T1078"",""T1059"",""T1005"",""T1543""]"
ctid::fin6::unknown::0008,ctid,fin6::unknown,8,"[""T1567"",""T1569"",""T1047""]",3,"[""T1021"",""T1078"",""T1059"",""T1105"",""T1567""]"
ctid::fin6::unknown::0009,ctid,fin6::unknown,9,"[""T1569"",""T1047"",""T1547""]",3,"[""T1021"",""T1078"",""T1105"",""T1560"",""T1005""]"
ctid::fin6::unknown::0010,ctid,fin6::unknown,10,"[""T1047"",""T1547"",""T1053""]",3,"[""T1021"",""T1078"",""T1059"",""T1105"",""T1005""]"
ctid::fin6::unknown::0012,ctid,fin6::unknown,12,"[""T1053"",""T1048"",""T1047""]",3,"[""T1021"",""T1059"",""T1078"",""T1105"",""T1005""]"
ctid::fin6::unknown::0013,ctid,fin6::unknown,13,"[""T1048"",""T1047"",""T1021""]",3,"[""T1021"",""T1078"",""T1105"",""T1059"",""T1005""]"
ctid::fin6::unknown::0014,ctid,fin6::unknown,14,"[""T1047"",""T1021""]",2,"[""T1021"",""T1059"",""T1078"",""T1105"",""T1070""]"
ctid::fin6::unknown::0015,ctid,fin6::unknown,15,"[""T1021"",""T1047"",""T1569""]",3,"[""T1021"",""T1059"",""T1078"",""T1485"",""T1070""]"
ctid::fin6::unknown::0016,ctid,fin6::unknown,16,"[""T1047"",""T1569""]",2,"[""T1021"",""T1003"",""T1048"",""T1059"",""T1078""]"
ctid::fin6::unknown::0017,ctid,fin6::unknown,17,"[""T1569""]",1,"[""T1059"",""T1078"",""T1021"",""T1003"",""T1105""]"
ctid::fin7::unknown::0001,ctid,fin7::unknown,1,"[""T1059"",""T1057"",""T1003""]",3,"[""T1059"",""T1005"",""T1115"",""T1083"",""T1057""]"
ctid::fin7::unknown::0002,ctid,fin7::unknown,2,"[""T1057"",""T1003"",""T1570""]",3,"[""T1059"",""T1113"",""T1005"",""T1078"",""T1021""]"
ctid::fin7::unknown::0003,ctid,fin7::unknown,3,"[""T1003"",""T1570"",""T1574""]",3,"[""T1057"",""T1082"",""T1005"",""T1018"",""T1078""]"
ctid::fin7::unknown::0004,ctid,fin7::unknown,4,"[""T1570"",""T1574"",""T1027""]",3,"[""T1082"",""T1016"",""T1033"",""T1078"",""T1021""]"
ctid::fin7::unknown::0006,ctid,fin7::unknown,6,"[""T1027"",""T1546"",""T1057""]",3,"[""T1021"",""T1078"",""T1105"",""T1005"",""T1055""]"
ctid::fin7::unknown::0007,ctid,fin7::unknown,7,"[""T1546"",""T1057"",""T1560""]",3,"[""T1021"",""T1078"",""T1105"",""T1005"",""T1055""]"
ctid::fin7::unknown::0008,ctid,fin7::unknown,8,"[""T1057"",""T1560""]",2,"[""T1021"",""T1005"",""T1078"",""T1105"",""T1055""]"
ctid::fin7::unknown::0009,ctid,fin7::unknown,9,"[""T1560""]",1,"[""T1059"",""T1003"",""T1021"",""T1105"",""T1078""]"
ctid::menu_pass::unknown::0001,ctid,menu_pass::unknown,1,"[""T1135"",""T1018"",""T1046""]",3,"[""T1059"",""T1021"",""T1003"",""T1078"",""T1105""]"
ctid::menu_pass::unknown::0002,ctid,menu_pass::unknown,2,"[""T1018"",""T1046"",""T1016""]",3,"[""T1018"",""T1082"",""T1083"",""T1021"",""T1059""]"
ctid::menu_pass::unknown::0003,ctid,menu_pass::unknown,3,"[""T1046"",""T1016"",""T1003""]",3,"[""T1016"",""T1049"",""T1021"",""T1005"",""T1039""]"
ctid::menu_pass::unknown::0004,ctid,menu_pass::unknown,4,"[""T1016"",""T1003"",""T1569""]",3,"[""T1021"",""T1047"",""T1003"",""T1078"",""T1059""]"
ctid::menu_pass::unknown::0005,ctid,menu_pass::unknown,5,"[""T1003"",""T1569"",""T1560""]",3,"[""T1018"",""T1046"",""T1135"",""T1105"",""T1016""]"
ctid::menu_pass::unknown::0006,ctid,menu_pass::unknown,6,"[""T1569"",""T1560"",""T1074""]",3,"[""T1021"",""T1078"",""T1059"",""T1005"",""T1083""]"
ctid::menu_pass::unknown::0007,ctid,menu_pass::unknown,7,"[""T1560"",""T1074"",""T1537""]",3,"[""T1021"",""T1078"",""T1059"",""T1005"",""T1083""]"
ctid::menu_pass::unknown::0008,ctid,menu_pass::unknown,8,"[""T1074"",""T1537"",""T1047""]",3,"[""T1021"",""T1078"",""T1048"",""T1059"",""T1005""]"
ctid::menu_pass::unknown::0009,ctid,menu_pass::unknown,9,"[""T1537"",""T1047"",""T1553""]",3,"[""T1021"",""T1078"",""T1105"",""T1048"",""T1005""]"
ctid::menu_pass::unknown::0010,ctid,menu_pass::unknown,10,"[""T1047"",""T1553""]",2,"[""T1021"",""T1078"",""T1059"",""T1005"",""T1485""]"
ctid::oilrig::unknown::0001,ctid,oilrig::unknown,1,"[""T1033"",""T1082"",""T1016""]",3,"[""T1082"",""T1059"",""T1016"",""T1033"",""T1049""]"
ctid::oilrig::unknown::0002,ctid,oilrig::unknown,2,"[""T1082"",""T1016"",""T1087""]",3,"[""T1082"",""T1033"",""T1012"",""T1016"",""T1069""]"
ctid::oilrig::unknown::0003,ctid,oilrig::unknown,3,"[""T1016"",""T1087"",""T1069""]",3,"[""T1082"",""T1033"",""T1016"",""T1057"",""T1069""]"
ctid::oilrig::unknown::0004,ctid,oilrig::unknown,4,"[""T1087"",""T1069"",""T1021""]",3,"[""T1082"",""T1033"",""T1016"",""T1087"",""T1049""]"
ctid::oilrig::unknown::0005,ctid,oilrig::unknown,5,"[""T1069"",""T1021"",""T1087""]",3,"[""T1082"",""T1033"",""T1016"",""T1087"",""T1057""]"
ctid::oilrig::unknown::0006,ctid,oilrig::unknown,6,"[""T1021"",""T1087"",""T1069""]",3,"[""T1082"",""T1033"",""T1016"",""T1087"",""T1069""]"
ctid::oilrig::unknown::0007,ctid,oilrig::unknown,7,"[""T1087"",""T1069"",""T1049""]",3,"[""T1003"",""T1078"",""T1021"",""T1087"",""T1069""]"
ctid::oilrig::unknown::0008,ctid,oilrig::unknown,8,"[""T1069"",""T1049"",""T1057""]",3,"[""T1087"",""T1069"",""T1021"",""T1003"",""T1078""]"
ctid::oilrig::unknown::0009,ctid,oilrig::unknown,9,"[""T1049"",""T1057"",""T1007""]",3,"[""T1012"",""T1057"",""T1007"",""T1046"",""T1003""]"
ctid::oilrig::unknown::0010,ctid,oilrig::unknown,10,"[""T1057"",""T1007"",""T1082""]",3,"[""T1012"",""T1057"",""T1007"",""T1135"",""T1078""]"
ctid::oilrig::unknown::0011,ctid,oilrig::unknown,11,"[""T1007"",""T1082"",""T1012""]",3,"[""T1003"",""T1078"",""T1021"",""T1059"",""T1105""]"
ctid::oilrig::unknown::0012,ctid,oilrig::unknown,12,"[""T1082"",""T1012"",""T1087""]",3,"[""T1082"",""T1033"",""T1016"",""T1087"",""T1069""]"
ctid::oilrig::unknown::0013,ctid,oilrig::unknown,13,"[""T1012"",""T1087"",""T1069""]",3,"[""T1018"",""T1005"",""T1057"",""T1083"",""T1012""]"
ctid::oilrig::unknown::0014,ctid,oilrig::unknown,14,"[""T1087"",""T1069"",""T1018""]",3,"[""T1003"",""T1078"",""T1059"",""T1021"",""T1105""]"
ctid::oilrig::unknown::0015,ctid,oilrig::unknown,15,"[""T1069"",""T1018"",""T1555""]",3,"[""T1003"",""T1078"",""T1059"",""T1021"",""T1105""]"
ctid::oilrig::unknown::0016,ctid,oilrig::unknown,16,"[""T1018"",""T1555"",""T1041""]",3,"[""T1082"",""T1087"",""T1069"",""T1049"",""T1057""]"
ctid::oilrig::unknown::0017,ctid,oilrig::unknown,17,"[""T1555"",""T1041"",""T1105""]",3,"[""T1003"",""T1078"",""T1059"",""T1105"",""T1021""]"
ctid::oilrig::unknown::0018,ctid,oilrig::unknown,18,"[""T1041"",""T1105"",""T1505""]",3,"[""T1003"",""T1078"",""T1021"",""T1059"",""T1018""]"
ctid::oilrig::unknown::0019,ctid,oilrig::unknown,19,"[""T1105"",""T1505"",""T1082""]",3,"[""T1003"",""T1078"",""T1021"",""T1059"",""T1105""]"
ctid::oilrig::unknown::0020,ctid,oilrig::unknown,20,"[""T1505"",""T1082"",""T1033""]",3,"[""T1078"",""T1021"",""T1003"",""T1059"",""T1105""]"
ctid::oilrig::unknown::0021,ctid,oilrig::unknown,21,"[""T1082"",""T1033"",""T1016""]",3,"[""T1003"",""T1078"",""T1021"",""T1059"",""T1105""]"
ctid::oilrig::unknown::0022,ctid,oilrig::unknown,22,"[""T1033"",""T1016"",""T1049""]",3,"[""T1078"",""T1021"",""T1003"",""T1059"",""T1133""]"
ctid::oilrig::unknown::0023,ctid,oilrig::unknown,23,"[""T1016"",""T1049"",""T1105""]",3,"[""T1078"",""T1021"",""T1003"",""T1105"",""T1059""]"
ctid::oilrig::unknown::0024,ctid,oilrig::unknown,24,"[""T1049"",""T1105"",""T1003""]",3,"[""T1018"",""T1021"",""T1003"",""T1078"",""T1105""]"
ctid::oilrig::unknown::0025,ctid,oilrig::unknown,25,"[""T1105"",""T1003"",""T1041""]",3,"[""T1078"",""T1003"",""T1021"",""T1105"",""T1041""]"
ctid::oilrig::unknown::0026,ctid,oilrig::unknown,26,"[""T1003"",""T1041"",""T1070""]",3,"[""T1078"",""T1003"",""T1021"",""T1059"",""T1105""]"
ctid::oilrig::unknown::0027,ctid,oilrig::unknown,27,"[""T1041"",""T1070"",""T1105""]",3,"[""T1078"",""T1021"",""T1003"",""T1105"",""T1059""]"
ctid::oilrig::unknown::0028,ctid,oilrig::unknown,28,"[""T1070"",""T1105"",""T1572""]",3,"[""T1078"",""T1021"",""T1003"",""T1105"",""T1041""]"
ctid::oilrig::unknown::0029,ctid,oilrig::unknown,29,"[""T1105"",""T1572"",""T1021""]",3,"[""T1003"",""T1078"",""T1021"",""T1105"",""T1041""]"
ctid::oilrig::unknown::0030,ctid,oilrig::unknown,30,"[""T1572"",""T1021"",""T1105""]",3,"[""T1021"",""T1078"",""T1003"",""T1105"",""T1041""]"
ctid::oilrig::unknown::0031,ctid,oilrig::unknown,31,"[""T1021"",""T1105"",""T1569""]",3,"[""T1021"",""T1078"",""T1003"",""T1105"",""T1041""]"
ctid::oilrig::unknown::0032,ctid,oilrig::unknown,32,"[""T1105"",""T1569"",""T1083""]",3,"[""T1021"",""T1078"",""T1003"",""T1105"",""T1059""]"
ctid::oilrig::unknown::0033,ctid,oilrig::unknown,33,"[""T1569"",""T1083"",""T1048""]",3,"[""T1021"",""T1003"",""T1105"",""T1078"",""T1059""]"
ctid::oilrig::unknown::0035,ctid,oilrig::unknown,35,"[""T1048"",""T1070""]",2,"[""T1021"",""T1105"",""T1003"",""T1078"",""T1041""]"
ctid::oilrig::unknown::0036,ctid,oilrig::unknown,36,"[""T1070""]",1,"[""T1003"",""T1021"",""T1105"",""T1048"",""T1078""]"
ctid::sandworm::unknown::0001,ctid,sandworm::unknown,1,"[""T1505"",""T1033"",""T1082""]",3,"[""T1078"",""T1059"",""T1021"",""T1003"",""T1105""]"
ctid::sandworm::unknown::0002,ctid,sandworm::unknown,2,"[""T1033"",""T1082"",""T1083""]",3,"[""T1059"",""T1078"",""T1021"",""T1003"",""T1105""]"
ctid::sandworm::unknown::0003,ctid,sandworm::unknown,3,"[""T1082"",""T1083"",""T1003""]",3,"[""T1059"",""T1082"",""T1016"",""T1046"",""T1021""]"
ctid::sandworm::unknown::0004,ctid,sandworm::unknown,4,"[""T1083"",""T1003"",""T1105""]",3,"[""T1059"",""T1083"",""T1016"",""T1046"",""T1005""]"
ctid::sandworm::unknown::0005,ctid,sandworm::unknown,5,"[""T1003"",""T1105"",""T1548""]",3,"[""T1059"",""T1082"",""T1005"",""T1021"",""T1078""]"
ctid::sandworm::unknown::0006,ctid,sandworm::unknown,6,"[""T1105"",""T1548"",""T1053""]",3,"[""T1078"",""T1021"",""T1059"",""T1005"",""T1547""]"
ctid::sandworm::unknown::0007,ctid,sandworm::unknown,7,"[""T1548"",""T1053"",""T1543""]",3,"[""T1078"",""T1021"",""T1059"",""T1543"",""T1105""]"
ctid::sandworm::unknown::0008,ctid,sandworm::unknown,8,"[""T1053"",""T1543"",""T1003""]",3,"[""T1021"",""T1078"",""T1059"",""T1005"",""T1543""]"
ctid::sandworm::unknown::0009,ctid,sandworm::unknown,9,"[""T1543"",""T1003"",""T1552""]",3,"[""T1021"",""T1078"",""T1005"",""T1059"",""T1543""]"
ctid::sandworm::unknown::0011,ctid,sandworm::unknown,11,"[""T1552"",""T1021"",""T1569""]",3,"[""T1059"",""T1021"",""T1078"",""T1105"",""T1003""]"
ctid::sandworm::unknown::0012,ctid,sandworm::unknown,12,"[""T1021"",""T1569"",""T1547""]",3,"[""T1059"",""T1021"",""T1078"",""T1005"",""T1046""]"
ctid::sandworm::unknown::0013,ctid,sandworm::unknown,13,"[""T1569"",""T1547"",""T1033""]",3,"[""T1021"",""T1003"",""T1552"",""T1059"",""T1078""]"
ctid::sandworm::unknown::0014,ctid,sandworm::unknown,14,"[""T1547"",""T1033"",""T1082""]",3,"[""T1021"",""T1548"",""T1053"",""T1552"",""T1482""]"
ctid::sandworm::unknown::0015,ctid,sandworm::unknown,15,"[""T1033"",""T1082"",""T1083""]",3,"[""T1021"",""T1003"",""T1552"",""T1547"",""T1053""]"
ctid::sandworm::unknown::0016,ctid,sandworm::unknown,16,"[""T1082"",""T1083"",""T1049""]",3,"[""T1021"",""T1547"",""T1053"",""T1003"",""T1552""]"
ctid::sandworm::unknown::0017,ctid,sandworm::unknown,17,"[""T1083"",""T1049"",""T1105""]",3,"[""T1021"",""T1003"",""T1552"",""T1059"",""T1078""]"
ctid::sandworm::unknown::0018,ctid,sandworm::unknown,18,"[""T1049"",""T1105"",""T1555""]",3,"[""T1021"",""T1003"",""T1552"",""T1059"",""T1078""]"
ctid::sandworm::unknown::0019,ctid,sandworm::unknown,19,"[""T1105"",""T1555""]",2,"[""T1021"",""T1003"",""T1552"",""T1059"",""T1078""]"
ctid::sandworm::unknown::0020,ctid,sandworm::unknown,20,"[""T1555"",""T1105"",""T1056""]",3,"[""T1059"",""T1078"",""T1021"",""T1003"",""T1105""]"
ctid::sandworm::unknown::0021,ctid,sandworm::unknown,21,"[""T1105"",""T1056"",""T1041""]",3,"[""T1555"",""T1003"",""T1021"",""T1547"",""T1059""]"
ctid::sandworm::unknown::0022,ctid,sandworm::unknown,22,"[""T1056"",""T1041""]",2,"[""T1059"",""T1078"",""T1021"",""T1003"",""T1105""]"
ctid::sandworm::unknown::0023,ctid,sandworm::unknown,23,"[""T1041"",""T1056"",""T1018""]",3,"[""T1003"",""T1021"",""T1555"",""T1056"",""T1547""]"
ctid::sandworm::unknown::0024,ctid,sandworm::unknown,24,"[""T1056"",""T1018"",""T1070""]",3,"[""T1021"",""T1003"",""T1105"",""T1059"",""T1482""]"
ctid::sandworm::unknown::0025,ctid,sandworm::unknown,25,"[""T1018"",""T1070"",""T1021""]",3,"[""T1003"",""T1552"",""T1021"",""T1105"",""T1056""]"
ctid::sandworm::unknown::0026,ctid,sandworm::unknown,26,"[""T1070"",""T1021"",""T1105""]",3,"[""T1059"",""T1078"",""T1021"",""T1003"",""T1486""]"
ctid::sandworm::unknown::0027,ctid,sandworm::unknown,27,"[""T1021"",""T1105""]",2,"[""T1021"",""T1003"",""T1105"",""T1059"",""T1070""]"
ctid::sandworm::unknown::0028,ctid,sandworm::unknown,28,"[""T1105"",""T1021""]",2,"[""T1021"",""T1003"",""T1105"",""T1070"",""T1486""]"
ctid::sandworm::unknown::0029,ctid,sandworm::unknown,29,"[""T1021"",""T1105"",""T1486""]",3,"[""T1021"",""T1003"",""T1105"",""T1070"",""T1486""]"
ctid::sandworm::unknown::0030,ctid,sandworm::unknown,30,"[""T1105"",""T1486"",""T1021""]",3,"[""T1021"",""T1003"",""T1105"",""T1059"",""T1486""]"
ctid::sandworm::unknown::0031,ctid,sandworm::unknown,31,"[""T1486"",""T1021""]",2,"[""T1021"",""T1105"",""T1003"",""T1070"",""T1059""]"
ctid::sandworm::unknown::0032,ctid,sandworm::unknown,32,"[""T1021""]",1,"[""T1021"",""T1003"",""T1105"",""T1070"",""T1486""]"
ctid::turla_carbon::unknown::0001,ctid,turla_carbon::unknown,1,"[""T1204"",""T1069"",""T1059""]",3,"[""T1204"",""T1059"",""T1105"",""T1071"",""T1547""]"
ctid::turla_carbon::unknown::0002,ctid,turla_carbon::unknown,2,"[""T1069"",""T1059"",""T1574""]",3,"[""T1059"",""T1105"",""T1053"",""T1547"",""T1071""]"
ctid::turla_carbon::unknown::0003,ctid,turla_carbon::unknown,3,"[""T1059"",""T1574"",""T1105""]",3,"[""T1059"",""T1082"",""T1057"",""T1016"",""T1105""]"
ctid::turla_carbon::unknown::0004,ctid,turla_carbon::unknown,4,"[""T1574"",""T1105"",""T1112""]",3,"[""T1057"",""T1082"",""T1016"",""T1033"",""T1003""]"
ctid::turla_carbon::unknown::0005,ctid,turla_carbon::unknown,5,"[""T1105"",""T1112"",""T1033""]",3,"[""T1059"",""T1003"",""T1021"",""T1078"",""T1547""]"
ctid::turla_carbon::unknown::0006,ctid,turla_carbon::unknown,6,"[""T1112"",""T1033"",""T1110""]",3,"[""T1059"",""T1003"",""T1021"",""T1078"",""T1105""]"
ctid::turla_carbon::unknown::0007,ctid,turla_carbon::unknown,7,"[""T1033"",""T1110"",""T1070""]",3,"[""T1059"",""T1003"",""T1021"",""T1078"",""T1543""]"
ctid::turla_carbon::unknown::0008,ctid,turla_carbon::unknown,8,"[""T1110"",""T1070"",""T1570""]",3,"[""T1059"",""T1003"",""T1021"",""T1078"",""T1082""]"
ctid::turla_carbon::unknown::0009,ctid,turla_carbon::unknown,9,"[""T1070"",""T1570"",""T1053""]",3,"[""T1021"",""T1003"",""T1078"",""T1053"",""T1047""]"
ctid::turla_carbon::unknown::0010,ctid,turla_carbon::unknown,10,"[""T1570"",""T1053"",""T1069""]",3,"[""T1021"",""T1003"",""T1078"",""T1053"",""T1046""]"
ctid::turla_carbon::unknown::0011,ctid,turla_carbon::unknown,11,"[""T1053"",""T1069"",""T1018""]",3,"[""T1021"",""T1003"",""T1078"",""T1053"",""T1046""]"
ctid::turla_carbon::unknown::0012,ctid,turla_carbon::unknown,12,"[""T1069"",""T1018"",""T1003""]",3,"[""T1053"",""T1078"",""T1021"",""T1003"",""T1105""]"
ctid::turla_carbon::unknown::0013,ctid,turla_carbon::unknown,13,"[""T1018"",""T1003"",""T1105""]",3,"[""T1059"",""T1003"",""T1078"",""T1021"",""T1053""]"
ctid::turla_carbon::unknown::0014,ctid,turla_carbon::unknown,14,"[""T1003"",""T1105"",""T1550""]",3,"[""T1087"",""T1003"",""T1053"",""T1021"",""T1078""]"
ctid::turla_carbon::unknown::0015,ctid,turla_carbon::unknown,15,"[""T1105"",""T1550"",""T1070""]",3,"[""T1003"",""T1078"",""T1021"",""T1053"",""T1105""]"
ctid::turla_carbon::unknown::0016,ctid,turla_carbon::unknown,16,"[""T1550"",""T1070"",""T1105""]",3,"[""T1003"",""T1570"",""T1053"",""T1078"",""T1105""]"
ctid::turla_carbon::unknown::0017,ctid,turla_carbon::unknown,17,"[""T1070"",""T1105"",""T1021""]",3,"[""T1021"",""T1003"",""T1053"",""T1078"",""T1105""]"
ctid::turla_carbon::unknown::0018,ctid,turla_carbon::unknown,18,"[""T1105"",""T1021""]",2,"[""T1021"",""T1005"",""T1078"",""T1083"",""T1046""]"
ctid::turla_carbon::unknown::0019,ctid,turla_carbon::unknown,19,"[""T1021"",""T1105""]",2,"[""T1059"",""T1003"",""T1105"",""T1078"",""T1021""]"
ctid::turla_carbon::unknown::0020,ctid,turla_carbon::unknown,20,"[""T1105"",""T1021"",""T1070""]",3,"[""T1021"",""T1003"",""T1053"",""T1078"",""T1105""]"
ctid::turla_carbon::unknown::0021,ctid,turla_carbon::unknown,21,"[""T1021"",""T1070"",""T1205""]",3,"[""T1021"",""T1105"",""T1003"",""T1059"",""T1078""]"
ctid::turla_carbon::unknown::0022,ctid,turla_carbon::unknown,22,"[""T1070"",""T1205"",""T1189""]",3,"[""T1105"",""T1021"",""T1003"",""T1059"",""T1078""]"
ctid::turla_carbon::unknown::0023,ctid,turla_carbon::unknown,23,"[""T1205"",""T1189""]",2,"[""T1021"",""T1105"",""T1003"",""T1059"",""T1078""]"
ctid::turla_snake::unknown::0001,ctid,turla_snake::unknown,1,"[""T1204"",""T1082"",""T1105""]",3,"[""T1204"",""T1105"",""T1059"",""T1071"",""T1547""]"
ctid::turla_snake::unknown::0002,ctid,turla_snake::unknown,2,"[""T1082"",""T1105"",""T1014""]",3,"[""T1059"",""T1105"",""T1547"",""T1055"",""T1021""]"
ctid::turla_snake::unknown::0003,ctid,turla_snake::unknown,3,"[""T1105"",""T1014"",""T1057""]",3,"[""T1016"",""T1033"",""T1057"",""T1069"",""T1087""]"
ctid::turla_snake::unknown::0004,ctid,turla_snake::unknown,4,"[""T1014"",""T1057"",""T1087""]",3,"[""T1059"",""T1003"",""T1021"",""T1078"",""T1547""]"
ctid::turla_snake::unknown::0005,ctid,turla_snake::unknown,5,"[""T1057"",""T1087"",""T1049""]",3,"[""T1059"",""T1078"",""T1021"",""T1003"",""T1105""]"
ctid::turla_snake::unknown::0006,ctid,turla_snake::unknown,6,"[""T1087"",""T1049"",""T1105""]",3,"[""T1059"",""T1003"",""T1021"",""T1078"",""T1055""]"
ctid::turla_snake::unknown::0007,ctid,turla_snake::unknown,7,"[""T1049"",""T1105"",""T1569""]",3,"[""T1082"",""T1057"",""T1087"",""T1016"",""T1033""]"
ctid::turla_snake::unknown::0008,ctid,turla_snake::unknown,8,"[""T1105"",""T1569"",""T1070""]",3,"[""T1083"",""T1005"",""T1018"",""T1078"",""T1021""]"
ctid::turla_snake::unknown::0009,ctid,turla_snake::unknown,9,"[""T1569"",""T1070"",""T1059""]",3,"[""T1021"",""T1078"",""T1003"",""T1055"",""T1543""]"
ctid::turla_snake::unknown::0010,ctid,turla_snake::unknown,10,"[""T1070"",""T1059"",""T1069""]",3,"[""T1021"",""T1078"",""T1003"",""T1053"",""T1543""]"
ctid::turla_snake::unknown::0011,ctid,turla_snake::unknown,11,"[""T1059"",""T1069"",""T1087""]",3,"[""T1021"",""T1003"",""T1053"",""T1078"",""T1543""]"
ctid::turla_snake::unknown::0013,ctid,turla_snake::unknown,13,"[""T1087"",""T1018"",""T1105""]",3,"[""T1003"",""T1078"",""T1021"",""T1053"",""T1105""]"
ctid::turla_snake::unknown::0014,ctid,turla_snake::unknown,14,"[""T1018"",""T1105"",""T1003""]",3,"[""T1003"",""T1078"",""T1021"",""T1053"",""T1105""]"
ctid::turla_snake::unknown::0015,ctid,turla_snake::unknown,15,"[""T1105"",""T1003"",""T1550""]",3,"[""T1003"",""T1021"",""T1078"",""T1053"",""T1482""]"
ctid::turla_snake::unknown::0016,ctid,turla_snake::unknown,16,"[""T1003"",""T1550"",""T1070""]",3,"[""T1003"",""T1021"",""T1078"",""T1550"",""T1482""]"
ctid::turla_snake::unknown::0017,ctid,turla_snake::unknown,17,"[""T1550"",""T1070"",""T1057""]",3,"[""T1021"",""T1078"",""T1003"",""T1105"",""T1059""]"
ctid::turla_snake::unknown::0018,ctid,turla_snake::unknown,18,"[""T1070"",""T1057"",""T1136""]",3,"[""T1021"",""T1078"",""T1005"",""T1083"",""T1106""]"
ctid::turla_snake::unknown::0019,ctid,turla_snake::unknown,19,"[""T1057"",""T1136"",""T1105""]",3,"[""T1021"",""T1005"",""T1078"",""T1053"",""T1041""]"
ctid::turla_snake::unknown::0020,ctid,turla_snake::unknown,20,"[""T1136"",""T1105"",""T1570""]",3,"[""T1021"",""T1078"",""T1005"",""T1041"",""T1053""]"
ctid::turla_snake::unknown::0021,ctid,turla_snake::unknown,21,"[""T1105"",""T1570"",""T1505""]",3,"[""T1053"",""T1021"",""T1078"",""T1005"",""T1106""]"
ctid::turla_snake::unknown::0022,ctid,turla_snake::unknown,22,"[""T1570"",""T1505"",""T1059""]",3,"[""T1059"",""T1078"",""T1021"",""T1003"",""T1105""]"
ctid::turla_snake::unknown::0023,ctid,turla_snake::unknown,23,"[""T1505"",""T1059"",""T1070""]",3,"[""T1003"",""T1021"",""T1078"",""T1105"",""T1059""]"
ctid::turla_snake::unknown::0024,ctid,turla_snake::unknown,24,"[""T1059"",""T1070"",""T1016""]",3,"[""T1059"",""T1003"",""T1078"",""T1021"",""T1105""]"
ctid::turla_snake::unknown::0025,ctid,turla_snake::unknown,25,"[""T1070"",""T1016"",""T1041""]",3,"[""T1005"",""T1078"",""T1021"",""T1119"",""T1071""]"
ctid::turla_snake::unknown::0026,ctid,turla_snake::unknown,26,"[""T1016"",""T1041""]",2,"[""T1003"",""T1078"",""T1021"",""T1105"",""T1059""]"
ctid::turla_snake::unknown::0027,ctid,turla_snake::unknown,27,"[""T1041""]",1,"[""T1059"",""T1078"",""T1021"",""T1005"",""T1070""]"
ctid::wizard_spider::unknown::0001,ctid,wizard_spider::unknown,1,"[""T1078"",""T1204"",""T1547""]",3,"[""T1059"",""T1078"",""T1021"",""T1003"",""T1105""]"
ctid::wizard_spider::unknown::0002,ctid,wizard_spider::unknown,2,"[""T1204"",""T1547"",""T1082""]",3,"[""T1021"",""T1059"",""T1003"",""T1078"",""T1105""]"
ctid::wizard_spider::unknown::0003,ctid,wizard_spider::unknown,3,"[""T1547"",""T1082"",""T1057""]",3,"[""T1059"",""T1021"",""T1003"",""T1078"",""T1105""]"
ctid::wizard_spider::unknown::0004,ctid,wizard_spider::unknown,4,"[""T1082"",""T1057"",""T1105""]",3,"[""T1059"",""T1021"",""T1003"",""T1078"",""T1547""]"
ctid::wizard_spider::unknown::0005,ctid,wizard_spider::unknown,5,"[""T1057"",""T1105"",""T1552""]",3,"[""T1059"",""T1021"",""T1003"",""T1018"",""T1053""]"
ctid::wizard_spider::unknown::0006,ctid,wizard_spider::unknown,6,"[""T1105"",""T1552"",""T1114""]",3,"[""T1059"",""T1003"",""T1021"",""T1018"",""T1053""]"
ctid::wizard_spider::unknown::0007,ctid,wizard_spider::unknown,7,"[""T1552"",""T1114"",""T1021""]",3,"[""T1003"",""T1021"",""T1059"",""T1078"",""T1547""]"
ctid::wizard_spider::unknown::0008,ctid,wizard_spider::unknown,8,"[""T1114"",""T1021"",""T1105""]",3,"[""T1003"",""T1059"",""T1021"",""T1083"",""T1543""]"
ctid::wizard_spider::unknown::0009,ctid,wizard_spider::unknown,9,"[""T1021"",""T1105"",""T1082""]",3,"[""T1005"",""T1003"",""T1021"",""T1059"",""T1078""]"
ctid::wizard_spider::unknown::0010,ctid,wizard_spider::unknown,10,"[""T1105"",""T1082"",""T1007""]",3,"[""T1005"",""T1083"",""T1018"",""T1053"",""T1136""]"
ctid::wizard_spider::unknown::0011,ctid,wizard_spider::unknown,11,"[""T1082"",""T1007"",""T1087""]",3,"[""T1003"",""T1021"",""T1059"",""T1083"",""T1114""]"
ctid::wizard_spider::unknown::0012,ctid,wizard_spider::unknown,12,"[""T1007"",""T1087"",""T1016""]",3,"[""T1059"",""T1003"",""T1021"",""T1105"",""T1114""]"
ctid::wizard_spider::unknown::0013,ctid,wizard_spider::unknown,13,"[""T1087"",""T1016"",""T1049""]",3,"[""T1003"",""T1021"",""T1059"",""T1547"",""T1114""]"
ctid::wizard_spider::unknown::0014,ctid,wizard_spider::unknown,14,"[""T1016"",""T1049"",""T1082""]",3,"[""T1003"",""T1021"",""T1059"",""T1547"",""T1114""]"
ctid::wizard_spider::unknown::0015,ctid,wizard_spider::unknown,15,"[""T1049"",""T1082"",""T1482""]",3,"[""T1003"",""T1021"",""T1105"",""T1059"",""T1078""]"
ctid::wizard_spider::unknown::0016,ctid,wizard_spider::unknown,16,"[""T1082"",""T1482"",""T1069""]",3,"[""T1003"",""T1059"",""T1021"",""T1543"",""T1105""]"
ctid::wizard_spider::unknown::0017,ctid,wizard_spider::unknown,17,"[""T1482"",""T1069"",""T1558""]",3,"[""T1003"",""T1021"",""T1059"",""T1078"",""T1105""]"
ctid::wizard_spider::unknown::0019,ctid,wizard_spider::unknown,19,"[""T1558"",""T1021"",""T1105""]",3,"[""T1003"",""T1021"",""T1059"",""T1114"",""T1547""]"
ctid::wizard_spider::unknown::0020,ctid,wizard_spider::unknown,20,"[""T1021"",""T1105""]",2,"[""T1003"",""T1021"",""T1059"",""T1078"",""T1105""]"
ctid::wizard_spider::unknown::0021,ctid,wizard_spider::unknown,21,"[""T1105"",""T1021""]",2,"[""T1021"",""T1078"",""T1003"",""T1105"",""T1547""]"
ctid::wizard_spider::unknown::0022,ctid,wizard_spider::unknown,22,"[""T1021"",""T1105"",""T1547""]",3,"[""T1021"",""T1105"",""T1558"",""T1003"",""T1482""]"
ctid::wizard_spider::unknown::0023,ctid,wizard_spider::unknown,23,"[""T1105"",""T1547"",""T1069""]",3,"[""T1021"",""T1003"",""T1078"",""T1105"",""T1059""]"
ctid::wizard_spider::unknown::0024,ctid,wizard_spider::unknown,24,"[""T1547"",""T1069"",""T1003""]",3,"[""T1021"",""T1105"",""T1003"",""T1059"",""T1078""]"
ctid::wizard_spider::unknown::0025,ctid,wizard_spider::unknown,25,"[""T1069"",""T1003"",""T1105""]",3,"[""T1021"",""T1105"",""T1003"",""T1482"",""T1059""]"
ctid::wizard_spider::unknown::0026,ctid,wizard_spider::unknown,26,"[""T1003"",""T1105"",""T1489""]",3,"[""T1021"",""T1105"",""T1486"",""T1070"",""T1003""]"
ctid::wizard_spider::unknown::0027,ctid,wizard_spider::unknown,27,"[""T1105"",""T1489""]",2,"[""T1003"",""T1021"",""T1105"",""T1482"",""T1078""]"
ctid::wizard_spider::unknown::0028,ctid,wizard_spider::unknown,28,"[""T1489"",""T1105"",""T1490""]",3,"[""T1486"",""T1078"",""T1021"",""T1105"",""T1003""]"
ctid::wizard_spider::unknown::0029,ctid,wizard_spider::unknown,29,"[""T1105"",""T1490""]",2,"[""T1486"",""T1485"",""T1070"",""T1059"",""T1005""]"
ctid::wizard_spider::unknown::0030,ctid,wizard_spider::unknown,30,"[""T1490"",""T1105"",""T1486""]",3,"[""T1486"",""T1489"",""T1078"",""T1105"",""T1003""]"
ctid::wizard_spider::unknown::0031,ctid,wizard_spider::unknown,31,"[""T1105"",""T1486"",""T1021""]",3,"[""T1486"",""T1078"",""T1021"",""T1105"",""T1490""]"
ctid::wizard_spider::unknown::0032,ctid,wizard_spider::unknown,32,"[""T1486"",""T1021""]",2,"[""T1486"",""T1070"",""T1021"",""T1005"",""T1105""]"
ctid::wizard_spider::unknown::0033,ctid,wizard_spider::unknown,33,"[""T1021""]",1,"[""T1070"",""T1485"",""T1005"",""T1078"",""T1547""]"
stockpile::01c96671-afd3-47d4-8d31-8c116cc0221a::0001,stockpile,01c96671-afd3-47d4-8d31-8c116cc0221a,1,"[""T1560"",""T1567""]",2,"[""T1005"",""T1074"",""T1560"",""T1041"",""T1020""]"
stockpile::01c96671-afd3-47d4-8d31-8c116cc0221a::0002,stockpile,01c96671-afd3-47d4-8d31-8c116cc0221a,2,"[""T1567""]",1,"[""T1005"",""T1074"",""T1560"",""T1041"",""T1105""]"
stockpile::01d77744-2515-401a-a497-d9f7241aac3c::0001,stockpile,01d77744-2515-401a-a497-d9f7241aac3c,1,"[""T1083"",""T1016""]",2,"[""T1082"",""T1069"",""T1057"",""T1018"",""T1078""]"
stockpile::01d77744-2515-401a-a497-d9f7241aac3c::0002,stockpile,01d77744-2515-401a-a497-d9f7241aac3c,2,"[""T1083"",""T1016"",""T1518""]",3,"[""T1082"",""T1016"",""T1057"",""T1069"",""T1007""]"
stockpile::01d77744-2515-401a-a497-d9f7241aac3c::0003,stockpile,01d77744-2515-401a-a497-d9f7241aac3c,3,"[""T1016"",""T1518""]",2,"[""T1083"",""T1005"",""T1012"",""T1082"",""T1057""]"
stockpile::01d77744-2515-401a-a497-d9f7241aac3c::0004,stockpile,01d77744-2515-401a-a497-d9f7241aac3c,4,"[""T1518""]",1,"[""T1082"",""T1057"",""T1012"",""T1069"",""T1007""]"
stockpile::01d77744-2515-401a-a497-d9f7241aac3c::0005,stockpile,01d77744-2515-401a-a497-d9f7241aac3c,5,"[""T1518""]",1,"[""T1082"",""T1057"",""T1069"",""T1033"",""T1012""]"
stockpile::01d77744-2515-401a-a497-d9f7241aac3c::0006,stockpile,01d77744-2515-401a-a497-d9f7241aac3c,6,"[""T1518""]",1,"[""T1082"",""T1057"",""T1007"",""T1012"",""T1046""]"
stockpile::09ad625e-6cba-490f-afe3-5417e7edb9c6::0001,stockpile,09ad625e-6cba-490f-afe3-5417e7edb9c6,1,"[""T1560"",""T1567""]",2,"[""T1005"",""T1074"",""T1041"",""T1020"",""T1083""]"
stockpile::09ad625e-6cba-490f-afe3-5417e7edb9c6::0002,stockpile,09ad625e-6cba-490f-afe3-5417e7edb9c6,2,"[""T1567""]",1,"[""T1560"",""T1005"",""T1074"",""T1041"",""T1003""]"
stockpile::0b5636cf-f019-4ec9-aa7c-6e4f55505374::0001,stockpile,0b5636cf-f019-4ec9-aa7c-6e4f55505374,1,"[""T1018"",""T1135"",""T1021""]",3,"[""T1046"",""T1016"",""T1033"",""T1082"",""T1057""]"
stockpile::0b5636cf-f019-4ec9-aa7c-6e4f55505374::0002,stockpile,0b5636cf-f019-4ec9-aa7c-6e4f55505374,2,"[""T1135"",""T1021"",""T1047""]",3,"[""T1016"",""T1046"",""T1033"",""T1082"",""T1057""]"
stockpile::0b5636cf-f019-4ec9-aa7c-6e4f55505374::0003,stockpile,0b5636cf-f019-4ec9-aa7c-6e4f55505374,3,"[""T1021"",""T1047""]",2,"[""T1018"",""T1135"",""T1087"",""T1069"",""T1021""]"
stockpile::0b5636cf-f019-4ec9-aa7c-6e4f55505374::0004,stockpile,0b5636cf-f019-4ec9-aa7c-6e4f55505374,4,"[""T1047""]",1,"[""T1021"",""T1135"",""T1018"",""T1078"",""T1003""]"
stockpile::0b73bf34-fc5b-48f7-9194-dce993b915b1::0001,stockpile,0b73bf34-fc5b-48f7-9194-dce993b915b1,1,"[""T1033"",""T1018"",""T1016""]",3,"[""T1059"",""T1078"",""T1021"",""T1003"",""T1105""]"
stockpile::0b73bf34-fc5b-48f7-9194-dce993b915b1::0002,stockpile,0b73bf34-fc5b-48f7-9194-dce993b915b1,2,"[""T1018"",""T1016""]",2,"[""T1059"",""T1082"",""T1078"",""T1136"",""T1053""]"
stockpile::0f4c3c67-845e-49a0-927e-90ed33c044e0::0001,stockpile,0f4c3c67-845e-49a0-927e-90ed33c044e0,1,"[""T1087"",""T1016""]",2,"[""T1082"",""T1057"",""T1069"",""T1078"",""T1059""]"
stockpile::0f4c3c67-845e-49a0-927e-90ed33c044e0::0002,stockpile,0f4c3c67-845e-49a0-927e-90ed33c044e0,2,"[""T1087"",""T1016"",""T1057""]",3,"[""T1057"",""T1016"",""T1069"",""T1003"",""T1078""]"
stockpile::0f4c3c67-845e-49a0-927e-90ed33c044e0::0003,stockpile,0f4c3c67-845e-49a0-927e-90ed33c044e0,3,"[""T1016"",""T1057"",""T1135""]",3,"[""T1069"",""T1057"",""T1012"",""T1082"",""T1003""]"
stockpile::0f4c3c67-845e-49a0-927e-90ed33c044e0::0004,stockpile,0f4c3c67-845e-49a0-927e-90ed33c044e0,4,"[""T1057"",""T1135"",""T1018""]",3,"[""T1018"",""T1069"",""T1082"",""T1033"",""T1046""]"
stockpile::0f4c3c67-845e-49a0-927e-90ed33c044e0::0005,stockpile,0f4c3c67-845e-49a0-927e-90ed33c044e0,5,"[""T1135"",""T1018"",""T1518""]",3,"[""T1082"",""T1069"",""T1018"",""T1007"",""T1046""]"
stockpile::0f4c3c67-845e-49a0-927e-90ed33c044e0::0006,stockpile,0f4c3c67-845e-49a0-927e-90ed33c044e0,6,"[""T1018"",""T1518"",""T1069""]",3,"[""T1082"",""T1069"",""T1018"",""T1007"",""T1049""]"
stockpile::0f4c3c67-845e-49a0-927e-90ed33c044e0::0007,stockpile,0f4c3c67-845e-49a0-927e-90ed33c044e0,7,"[""T1518"",""T1069""]",2,"[""T1003"",""T1078"",""T1021"",""T1049"",""T1082""]"
stockpile::0f4c3c67-845e-49a0-927e-90ed33c044e0::0008,stockpile,0f4c3c67-845e-49a0-927e-90ed33c044e0,8,"[""T1069"",""T1518"",""T1018""]",3,"[""T1082"",""T1046"",""T1012"",""T1007"",""T1033""]"
stockpile::0f4c3c67-845e-49a0-927e-90ed33c044e0::0009,stockpile,0f4c3c67-845e-49a0-927e-90ed33c044e0,9,"[""T1518"",""T1018"",""T1217""]",3,"[""T1003"",""T1078"",""T1021"",""T1059"",""T1105""]"
stockpile::0f4c3c67-845e-49a0-927e-90ed33c044e0::0010,stockpile,0f4c3c67-845e-49a0-927e-90ed33c044e0,10,"[""T1018"",""T1217""]",2,"[""T1082"",""T1046"",""T1007"",""T1012"",""T1033""]"
stockpile::0f4c3c67-845e-49a0-927e-90ed33c044e0::0011,stockpile,0f4c3c67-845e-49a0-927e-90ed33c044e0,11,"[""T1217""]",1,"[""T1082"",""T1046"",""T1007"",""T1012"",""T1033""]"
stockpile::1a98b8e6-18ce-4617-8cc5-e65a1a9d490e::0001,stockpile,1a98b8e6-18ce-4617-8cc5-e65a1a9d490e,1,"[""T1005"",""T1074"",""T1560""]",3,"[""T1560"",""T1005"",""T1039"",""T1041"",""T1048""]"
stockpile::1a98b8e6-18ce-4617-8cc5-e65a1a9d490e::0002,stockpile,1a98b8e6-18ce-4617-8cc5-e65a1a9d490e,2,"[""T1074"",""T1560"",""T1041""]",3,"[""T1560"",""T1041"",""T1030"",""T1074"",""T1005""]"
stockpile::1a98b8e6-18ce-4617-8cc5-e65a1a9d490e::0003,stockpile,1a98b8e6-18ce-4617-8cc5-e65a1a9d490e,3,"[""T1560"",""T1041""]",2,"[""T1560"",""T1041"",""T1030"",""T1078"",""T1105""]"
stockpile::1a98b8e6-18ce-4617-8cc5-e65a1a9d490e::0004,stockpile,1a98b8e6-18ce-4617-8cc5-e65a1a9d490e,4,"[""T1041""]",1,"[""T1560"",""T1074"",""T1005"",""T1041"",""T1030""]"
stockpile::1bac97ca-77fc-4c9a-835e-4de1b1b7f639::0001,stockpile,1bac97ca-77fc-4c9a-835e-4de1b1b7f639,1,"[""T1018"",""T1564""]",2,"[""T1082"",""T1016"",""T1033"",""T1057"",""T1007""]"
stockpile::1bac97ca-77fc-4c9a-835e-4de1b1b7f639::0002,stockpile,1bac97ca-77fc-4c9a-835e-4de1b1b7f639,2,"[""T1564""]",1,"[""T1069"",""T1087"",""T1033"",""T1078"",""T1021""]"
stockpile::4c28c132-d7d7-4a04-8908-d643b7cb1d58::0001,stockpile,4c28c132-d7d7-4a04-8908-d643b7cb1d58,1,"[""T1055""]",1,"[""T1055"",""T1059"",""T1003"",""T1018"",""T1082""]"
stockpile::50855e29-3b4e-4562-aa55-b3d7f93c26b8::0001,stockpile,50855e29-3b4e-4562-aa55-b3d7f93c26b8,1,"[""T1003"",""T1016"",""T1069""]",3,"[""T1087"",""T1069"",""T1482"",""T1016"",""T1049""]"
stockpile::50855e29-3b4e-4562-aa55-b3d7f93c26b8::0002,stockpile,50855e29-3b4e-4562-aa55-b3d7f93c26b8,2,"[""T1016"",""T1069""]",2,"[""T1021"",""T1078"",""T1069"",""T1087"",""T1049""]"
stockpile::50855e29-3b4e-4562-aa55-b3d7f93c26b8::0003,stockpile,50855e29-3b4e-4562-aa55-b3d7f93c26b8,3,"[""T1069"",""T1016""]",2,"[""T1021"",""T1078"",""T1059"",""T1005"",""T1018""]"
stockpile::50855e29-3b4e-4562-aa55-b3d7f93c26b8::0004,stockpile,50855e29-3b4e-4562-aa55-b3d7f93c26b8,4,"[""T1069"",""T1016"",""T1021""]",3,"[""T1021"",""T1078"",""T1059"",""T1005"",""T1018""]"
stockpile::50855e29-3b4e-4562-aa55-b3d7f93c26b8::0005,stockpile,50855e29-3b4e-4562-aa55-b3d7f93c26b8,5,"[""T1016"",""T1021""]",2,"[""T1021"",""T1078"",""T1069"",""T1003"",""T1018""]"
stockpile::50855e29-3b4e-4562-aa55-b3d7f93c26b8::0006,stockpile,50855e29-3b4e-4562-aa55-b3d7f93c26b8,6,"[""T1021"",""T1047""]",2,"[""T1021"",""T1078"",""T1003"",""T1018"",""T1069""]"
stockpile::50855e29-3b4e-4562-aa55-b3d7f93c26b8::0007,stockpile,50855e29-3b4e-4562-aa55-b3d7f93c26b8,7,"[""T1021"",""T1047""]",2,"[""T1021"",""T1059"",""T1078"",""T1003"",""T1018""]"
stockpile::564ae20d-778d-4965-93dc-b523be2e2ab4::0001,stockpile,564ae20d-778d-4965-93dc-b523be2e2ab4,1,"[""T1115"",""T1217"",""T1496""]",3,"[""T1059"",""T1005"",""T1115"",""T1041"",""T1105""]"
stockpile::564ae20d-778d-4965-93dc-b523be2e2ab4::0002,stockpile,564ae20d-778d-4965-93dc-b523be2e2ab4,2,"[""T1217"",""T1496"",""T1074""]",3,"[""T1059"",""T1005"",""T1003"",""T1083"",""T1012""]"
stockpile::564ae20d-778d-4965-93dc-b523be2e2ab4::0003,stockpile,564ae20d-778d-4965-93dc-b523be2e2ab4,3,"[""T1496"",""T1074"",""T1005""]",3,"[""T1005"",""T1083"",""T1012"",""T1057"",""T1082""]"
stockpile::564ae20d-778d-4965-93dc-b523be2e2ab4::0004,stockpile,564ae20d-778d-4965-93dc-b523be2e2ab4,4,"[""T1074"",""T1005""]",2,"[""T1005"",""T1083"",""T1057"",""T1012"",""T1119""]"
stockpile::564ae20d-778d-4965-93dc-b523be2e2ab4::0005,stockpile,564ae20d-778d-4965-93dc-b523be2e2ab4,5,"[""T1005"",""T1074"",""T1560""]",3,"[""T1005"",""T1074"",""T1041"",""T1083"",""T1105""]"
stockpile::564ae20d-778d-4965-93dc-b523be2e2ab4::0006,stockpile,564ae20d-778d-4965-93dc-b523be2e2ab4,6,"[""T1074"",""T1560"",""T1041""]",3,"[""T1005"",""T1074"",""T1113"",""T1115"",""T1217""]"
stockpile::564ae20d-778d-4965-93dc-b523be2e2ab4::0007,stockpile,564ae20d-778d-4965-93dc-b523be2e2ab4,7,"[""T1560"",""T1041"",""T1005""]",3,"[""T1560"",""T1005"",""T1074"",""T1041"",""T1030""]"
stockpile::564ae20d-778d-4965-93dc-b523be2e2ab4::0008,stockpile,564ae20d-778d-4965-93dc-b523be2e2ab4,8,"[""T1041"",""T1005"",""T1518""]",3,"[""T1560"",""T1074"",""T1005"",""T1041"",""T1048""]"
stockpile::564ae20d-778d-4965-93dc-b523be2e2ab4::0009,stockpile,564ae20d-778d-4965-93dc-b523be2e2ab4,9,"[""T1005"",""T1518"",""T1016""]",3,"[""T1560"",""T1041"",""T1074"",""T1005"",""T1485""]"
stockpile::564ae20d-778d-4965-93dc-b523be2e2ab4::0010,stockpile,564ae20d-778d-4965-93dc-b523be2e2ab4,10,"[""T1518"",""T1016""]",2,"[""T1005"",""T1074"",""T1560"",""T1041"",""T1119""]"
stockpile::564ae20d-778d-4965-93dc-b523be2e2ab4::0011,stockpile,564ae20d-778d-4965-93dc-b523be2e2ab4,11,"[""T1016"",""T1040""]",2,"[""T1005"",""T1074"",""T1560"",""T1041"",""T1518""]"
stockpile::564ae20d-778d-4965-93dc-b523be2e2ab4::0013,stockpile,564ae20d-778d-4965-93dc-b523be2e2ab4,13,"[""T1040"",""T1059""]",2,"[""T1005"",""T1074"",""T1560"",""T1041"",""T1016""]"
stockpile::564ae20d-778d-4965-93dc-b523be2e2ab4::0014,stockpile,564ae20d-778d-4965-93dc-b523be2e2ab4,14,"[""T1059""]",1,"[""T1005"",""T1074"",""T1560"",""T1041"",""T1059""]"
stockpile::5d3e170e-f1b8-49f9-9ee1-c51605552a08::0001,stockpile,5d3e170e-f1b8-49f9-9ee1-c51605552a08,1,"[""T1005"",""T1074""]",2,"[""T1114"",""T1003"",""T1078"",""T1021"",""T1105""]"
stockpile::5d3e170e-f1b8-49f9-9ee1-c51605552a08::0002,stockpile,5d3e170e-f1b8-49f9-9ee1-c51605552a08,2,"[""T1005"",""T1074""]",2,"[""T1119"",""T1213"",""T1003"",""T1078"",""T1105""]"
stockpile::725226e0-45b8-4432-84ee-144d3f37ff8d::0001,stockpile,725226e0-45b8-4432-84ee-144d3f37ff8d,1,"[""T1018"",""T1570"",""T1021""]",3,"[""T1016"",""T1046"",""T1033"",""T1082"",""T1057""]"
stockpile::725226e0-45b8-4432-84ee-144d3f37ff8d::0002,stockpile,725226e0-45b8-4432-84ee-144d3f37ff8d,2,"[""T1570"",""T1021""]",2,"[""T1046"",""T1016"",""T1033"",""T1082"",""T1057""]"
stockpile::725226e0-45b8-4432-84ee-144d3f37ff8d::0003,stockpile,725226e0-45b8-4432-84ee-144d3f37ff8d,3,"[""T1021""]",1,"[""T1021"",""T1059"",""T1003"",""T1078"",""T1105""]"
stockpile::78e7504d-968f-477d-8806-4d6c04b94431::0001,stockpile,78e7504d-968f-477d-8806-4d6c04b94431,1,"[""T1552"",""T1135"",""T1018""]",3,"[""T1552"",""T1078"",""T1021"",""T1003"",""T1105""]"
stockpile::78e7504d-968f-477d-8806-4d6c04b94431::0002,stockpile,78e7504d-968f-477d-8806-4d6c04b94431,2,"[""T1135"",""T1018"",""T1003""]",3,"[""T1555"",""T1003"",""T1078"",""T1021"",""T1105""]"
stockpile::78e7504d-968f-477d-8806-4d6c04b94431::0003,stockpile,78e7504d-968f-477d-8806-4d6c04b94431,3,"[""T1018"",""T1003""]",2,"[""T1555"",""T1078"",""T1021"",""T1003"",""T1083""]"
stockpile::78e7504d-968f-477d-8806-4d6c04b94431::0004,stockpile,78e7504d-968f-477d-8806-4d6c04b94431,4,"[""T1003"",""T1018""]",2,"[""T1016"",""T1046"",""T1078"",""T1021"",""T1003""]"
stockpile::78e7504d-968f-477d-8806-4d6c04b94431::0005,stockpile,78e7504d-968f-477d-8806-4d6c04b94431,5,"[""T1018"",""T1021""]",2,"[""T1021"",""T1078"",""T1005"",""T1555"",""T1083""]"
stockpile::78e7504d-968f-477d-8806-4d6c04b94431::0006,stockpile,78e7504d-968f-477d-8806-4d6c04b94431,6,"[""T1018"",""T1021""]",2,"[""T1021"",""T1078"",""T1555"",""T1005"",""T1018""]"
stockpile::78e7504d-968f-477d-8806-4d6c04b94431::0007,stockpile,78e7504d-968f-477d-8806-4d6c04b94431,7,"[""T1021"",""T1570""]",2,"[""T1021"",""T1078"",""T1059"",""T1003"",""T1018""]"
stockpile::78e7504d-968f-477d-8806-4d6c04b94431::0008,stockpile,78e7504d-968f-477d-8806-4d6c04b94431,8,"[""T1021"",""T1570"",""T1047""]",3,"[""T1021"",""T1059"",""T1078"",""T1003"",""T1018""]"
stockpile::78e7504d-968f-477d-8806-4d6c04b94431::0010,stockpile,78e7504d-968f-477d-8806-4d6c04b94431,10,"[""T1047"",""T1021""]",2,"[""T1059"",""T1078"",""T1021"",""T1003"",""T1105""]"
stockpile::78e7504d-968f-477d-8806-4d6c04b94431::0011,stockpile,78e7504d-968f-477d-8806-4d6c04b94431,11,"[""T1021""]",1,"[""T1059"",""T1078"",""T1021"",""T1003"",""T1105""]"
stockpile::78e7504d-968f-477d-8806-4d6c04b94431::0012,stockpile,78e7504d-968f-477d-8806-4d6c04b94431,12,"[""T1021""]",1,"[""T1021"",""T1047"",""T1059"",""T1003"",""T1105""]"
stockpile::bcdbf6b9-14c5-495c-be84-37bce32c312b::0001,stockpile,bcdbf6b9-14c5-495c-be84-37bce32c312b,1,"[""T1218""]",1,"[""T1078"",""T1021"",""T1069"",""T1087"",""T1059""]"
stockpile::bcdbf6b9-14c5-495c-be84-37bce32c312b::0002,stockpile,bcdbf6b9-14c5-495c-be84-37bce32c312b,2,"[""T1218""]",1,"[""T1021"",""T1055"",""T1547"",""T1078"",""T1105""]"
stockpile::c220a8e6-609c-4d5b-9e1c-068ca01c2eec::0002,stockpile,c220a8e6-609c-4d5b-9e1c-068ca01c2eec,2,"[""T1570""]",1,"[""T1069"",""T1087"",""T1482"",""T1016"",""T1049""]"
stockpile::c724545d-a4cc-492e-8075-2ab9a699c847::0001,stockpile,c724545d-a4cc-492e-8075-2ab9a699c847,1,"[""T1548""]",1,"[""T1059"",""T1078"",""T1003"",""T1021"",""T1105""]"
stockpile::c724545d-a4cc-492e-8075-2ab9a699c847::0002,stockpile,c724545d-a4cc-492e-8075-2ab9a699c847,2,"[""T1548""]",1,"[""T1059"",""T1078"",""T1021"",""T1003"",""T1105""]"
stockpile::d6ea4c1e-7959-4eb1-a292-b6fd2b06c73e::0001,stockpile,d6ea4c1e-7959-4eb1-a292-b6fd2b06c73e,1,"[""T1057"",""T1518""]",2,"[""T1059"",""T1021"",""T1078"",""T1003"",""T1105""]"
stockpile::d6ea4c1e-7959-4eb1-a292-b6fd2b06c73e::0002,stockpile,d6ea4c1e-7959-4eb1-a292-b6fd2b06c73e,2,"[""T1057"",""T1518""]",2,"[""T1059"",""T1082"",""T1053"",""T1547"",""T1021""]"
stockpile::d6ea4c1e-7959-4eb1-a292-b6fd2b06c73e::0004,stockpile,d6ea4c1e-7959-4eb1-a292-b6fd2b06c73e,4,"[""T1057""]",1,"[""T1057"",""T1518"",""T1082"",""T1012"",""T1069""]"
stockpile::dbd49a4a-ba2d-40d0-9348-2db24fc4b0b6::0002,stockpile,dbd49a4a-ba2d-40d0-9348-2db24fc4b0b6,2,"[""T1569""]",1,"[""T1021"",""T1059"",""T1078"",""T1003"",""T1105""]"
stockpile::ddbd1850-5fd7-41d5-a7a1-1b15dac49090::0001,stockpile,ddbd1850-5fd7-41d5-a7a1-1b15dac49090,1,"[""T1018"",""T1135"",""T1021""]",3,"[""T1016"",""T1046"",""T1033"",""T1082"",""T1057""]"
stockpile::ddbd1850-5fd7-41d5-a7a1-1b15dac49090::0002,stockpile,ddbd1850-5fd7-41d5-a7a1-1b15dac49090,2,"[""T1135"",""T1021""]",2,"[""T1016"",""T1046"",""T1033"",""T1082"",""T1057""]"
stockpile::ddbd1850-5fd7-41d5-a7a1-1b15dac49090::0003,stockpile,ddbd1850-5fd7-41d5-a7a1-1b15dac49090,3,"[""T1021""]",1,"[""T1087"",""T1069"",""T1016"",""T1033"",""T1007""]"
stockpile::de07f52d-9928-4071-9142-cb1d3bd851e8::0001,stockpile,de07f52d-9928-4071-9142-cb1d3bd851e8,1,"[""T1033"",""T1087""]",2,"[""T1005"",""T1074"",""T1025"",""T1119"",""T1560""]"
stockpile::de07f52d-9928-4071-9142-cb1d3bd851e8::0003,stockpile,de07f52d-9928-4071-9142-cb1d3bd851e8,3,"[""T1087"",""T1016"",""T1057""]",3,"[""T1082"",""T1057"",""T1003"",""T1078"",""T1136""]"
stockpile::de07f52d-9928-4071-9142-cb1d3bd851e8::0004,stockpile,de07f52d-9928-4071-9142-cb1d3bd851e8,4,"[""T1016"",""T1057"",""T1135""]",3,"[""T1082"",""T1057"",""T1069"",""T1012"",""T1007""]"
stockpile::de07f52d-9928-4071-9142-cb1d3bd851e8::0005,stockpile,de07f52d-9928-4071-9142-cb1d3bd851e8,5,"[""T1057"",""T1135"",""T1018""]",3,"[""T1018"",""T1069"",""T1046"",""T1082"",""T1057""]"
stockpile::de07f52d-9928-4071-9142-cb1d3bd851e8::0006,stockpile,de07f52d-9928-4071-9142-cb1d3bd851e8,6,"[""T1135"",""T1018"",""T1518""]",3,"[""T1082"",""T1069"",""T1018"",""T1007"",""T1059""]"
stockpile::de07f52d-9928-4071-9142-cb1d3bd851e8::0007,stockpile,de07f52d-9928-4071-9142-cb1d3bd851e8,7,"[""T1018"",""T1518"",""T1069""]",3,"[""T1082"",""T1018"",""T1069"",""T1003"",""T1021""]"
stockpile::de07f52d-9928-4071-9142-cb1d3bd851e8::0008,stockpile,de07f52d-9928-4071-9142-cb1d3bd851e8,8,"[""T1518"",""T1069""]",2,"[""T1083"",""T1069"",""T1049"",""T1007"",""T1012""]"
stockpile::de07f52d-9928-4071-9142-cb1d3bd851e8::0009,stockpile,de07f52d-9928-4071-9142-cb1d3bd851e8,9,"[""T1069"",""T1518"",""T1018""]",3,"[""T1082"",""T1012"",""T1069"",""T1003"",""T1059""]"
stockpile::de07f52d-9928-4071-9142-cb1d3bd851e8::0010,stockpile,de07f52d-9928-4071-9142-cb1d3bd851e8,10,"[""T1518"",""T1018"",""T1217""]",3,"[""T1082"",""T1012"",""T1003"",""T1078"",""T1021""]"
stockpile::de07f52d-9928-4071-9142-cb1d3bd851e8::0011,stockpile,de07f52d-9928-4071-9142-cb1d3bd851e8,11,"[""T1018"",""T1217"",""T1074""]",3,"[""T1082"",""T1003"",""T1078"",""T1021"",""T1105""]"
stockpile::de07f52d-9928-4071-9142-cb1d3bd851e8::0012,stockpile,de07f52d-9928-4071-9142-cb1d3bd851e8,12,"[""T1217"",""T1074"",""T1005""]",3,"[""T1018"",""T1069"",""T1087"",""T1005"",""T1057""]"
stockpile::de07f52d-9928-4071-9142-cb1d3bd851e8::0013,stockpile,de07f52d-9928-4071-9142-cb1d3bd851e8,13,"[""T1074"",""T1005""]",2,"[""T1083"",""T1003"",""T1078"",""T1021"",""T1105""]"
stockpile::de07f52d-9928-4071-9142-cb1d3bd851e8::0014,stockpile,de07f52d-9928-4071-9142-cb1d3bd851e8,14,"[""T1005"",""T1074"",""T1560""]",3,"[""T1082"",""T1003"",""T1078"",""T1021"",""T1105""]"
stockpile::de07f52d-9928-4071-9142-cb1d3bd851e8::0015,stockpile,de07f52d-9928-4071-9142-cb1d3bd851e8,15,"[""T1074"",""T1560"",""T1041""]",3,"[""T1005"",""T1074"",""T1033"",""T1018"",""T1518""]"
stockpile::de07f52d-9928-4071-9142-cb1d3bd851e8::0016,stockpile,de07f52d-9928-4071-9142-cb1d3bd851e8,16,"[""T1560"",""T1041""]",2,"[""T1005"",""T1074"",""T1078"",""T1021"",""T1048""]"
stockpile::de07f52d-9928-4071-9142-cb1d3bd851e8::0017,stockpile,de07f52d-9928-4071-9142-cb1d3bd851e8,17,"[""T1041""]",1,"[""T1005"",""T1074"",""T1560"",""T1036"",""T1048""]"
stockpile::e4324b88-8836-4803-b6b7-09b3c6cd4e94::0001,stockpile,e4324b88-8836-4803-b6b7-09b3c6cd4e94,1,"[""T1083""]",1,"[""T1082"",""T1016"",""T1033"",""T1057"",""T1007""]"
stockpile::e89a10d3-004f-4c15-b0eb-d1ba76a4b67f::0001,stockpile,e89a10d3-004f-4c15-b0eb-d1ba76a4b67f,1,"[""T1560"",""T1567""]",2,"[""T1005"",""T1074"",""T1041"",""T1020"",""T1039""]"
stockpile::e89a10d3-004f-4c15-b0eb-d1ba76a4b67f::0002,stockpile,e89a10d3-004f-4c15-b0eb-d1ba76a4b67f,2,"[""T1567""]",1,"[""T1005"",""T1074"",""T1560"",""T1041"",""T1020""]"
stockpile::eddc8f03-f930-41e7-95ba-33fb87bfed74::0001,stockpile,eddc8f03-f930-41e7-95ba-33fb87bfed74,1,"[""T1560"",""T1041""]",2,"[""T1005"",""T1074"",""T1560"",""T1041"",""T1020""]"
stockpile::eddc8f03-f930-41e7-95ba-33fb87bfed74::0002,stockpile,eddc8f03-f930-41e7-95ba-33fb87bfed74,2,"[""T1041""]",1,"[""T1005"",""T1074"",""T1560"",""T1025"",""T1039""]"
stockpile::ef4d997c-a0d1-4067-9efa-87c58682db71::0001,stockpile,ef4d997c-a0d1-4067-9efa-87c58682db71,1,"[""T1562"",""T1036"",""T1070""]",3,"[""T1059"",""T1078"",""T1021"",""T1003"",""T1105""]"
stockpile::ef4d997c-a0d1-4067-9efa-87c58682db71::0002,stockpile,ef4d997c-a0d1-4067-9efa-87c58682db71,2,"[""T1036"",""T1070""]",2,"[""T1059"",""T1078"",""T1021"",""T1003"",""T1105""]"
stockpile::ef4d997c-a0d1-4067-9efa-87c58682db71::0003,stockpile,ef4d997c-a0d1-4067-9efa-87c58682db71,3,"[""T1070""]",1,"[""T1059"",""T1003"",""T1078"",""T1021"",""T1105""]"
stockpile::f98193a0-8b5b-4b5e-a5aa-e8c3adfcd4e6::0001,stockpile,f98193a0-8b5b-4b5e-a5aa-e8c3adfcd4e6,1,"[""T1489""]",1,"[""T1059"",""T1078"",""T1021"",""T1003"",""T1105""]"
stockpile::fbc41624-1052-490c-b5ec-4fd718e2501d::0001,stockpile,fbc41624-1052-490c-b5ec-4fd718e2501d,1,"[""T1560"",""T1048""]",2,"[""T1005"",""T1074"",""T1041"",""T1020"",""T1083""]"
stockpile::fbc41624-1052-490c-b5ec-4fd718e2501d::0002,stockpile,fbc41624-1052-490c-b5ec-4fd718e2501d,2,"[""T1048""]",1,"[""T1560"",""T1005"",""T1074"",""T1041"",""T1105""]"
