sample_id,source_audit_only,campaign_id_audit_only,prefix_len,observed_events,target_steps_excluded,source_literal_redactions,campaign_literal_redactions,request_payload_sha256,network_status
attack_flow::Black Basta Ransomware::0001,attack_flow,Black Basta Ransomware,1,1,3,0,0,8510b21cd63f9f0f3fe52c5f3410527b5e56deca417439fea12cac3f0ef00daa,NOT_SENT
attack_flow::Black Basta Ransomware::0002,attack_flow,Black Basta Ransomware,2,2,3,0,0,5a3ee2b72460dac01d44f0bc942952e7ed8619ce913307f7e137a02181058c95,NOT_SENT
attack_flow::Black Basta Ransomware::0003,attack_flow,Black Basta Ransomware,3,3,3,0,0,61745fe7befcf5831991869c4ad8898e3167af56b37871947d3ba56fbb0a9a22,NOT_SENT
attack_flow::Black Basta Ransomware::0004,attack_flow,Black Basta Ransomware,4,4,3,0,0,9c860599e15467f2d86527fde068d3f03f628f34c2135d405584d576c87d7091,NOT_SENT
attack_flow::Black Basta Ransomware::0005,attack_flow,Black Basta Ransomware,5,5,3,0,0,74b0b1ecf1e7c24c62f114b68c5541941b1e3ec4e92a2028bf50b557891f9de8,NOT_SENT
attack_flow::Black Basta Ransomware::0006,attack_flow,Black Basta Ransomware,6,6,3,0,0,bb491c3927d2a1a35abfb00f73de5b02b641b1b26f30facd9ab0883d0f74cfe0,NOT_SENT
attack_flow::Black Basta Ransomware::0007,attack_flow,Black Basta Ransomware,7,7,3,0,0,f8c5def51baa8e51f4b1024659ebe054c7e24e904dc568e3b45a7a94c9501b42,NOT_SENT
attack_flow::Black Basta Ransomware::0008,attack_flow,Black Basta Ransomware,8,8,3,0,0,61764df869736a09b6bf53eefb760ecfef690de0778f572459964bb2df69df42,NOT_SENT
attack_flow::Black Basta Ransomware::0009,attack_flow,Black Basta Ransomware,9,9,3,0,0,b45fc0b90ec5b5d757384433659f18306cd9f43256b8cce9e675f06ff16f491c,NOT_SENT
attack_flow::Black Basta Ransomware::0010,attack_flow,Black Basta Ransomware,10,10,3,0,0,a564ea012d2845aacc0ead673c3d91f57573ede5a353260931bae85aa8e315dd,NOT_SENT
attack_flow::Black Basta Ransomware::0011,attack_flow,Black Basta Ransomware,11,11,3,0,0,fc0d64ec4d5927052b4a38b24545aba3b8be7db4ac44e1af01d6b9cc68fc0396,NOT_SENT
attack_flow::Black Basta Ransomware::0012,attack_flow,Black Basta Ransomware,12,12,3,0,0,7edf47ce526d436f24235a3ea16636056e7a2bdcc30727e8b4f7c66fa44d28da,NOT_SENT
attack_flow::Black Basta Ransomware::0013,attack_flow,Black Basta Ransomware,13,13,3,0,0,d1e073c6c8769bb6e11c544686dcc5b203f903d1cedf008bed956cbbcbc9eb9c,NOT_SENT
attack_flow::Black Basta Ransomware::0014,attack_flow,Black Basta Ransomware,14,14,3,0,0,41b8ea67e9f533d5c68992b190d46750604f0f7d2f6f02011c69d79b9481a937,NOT_SENT
attack_flow::Black Basta Ransomware::0015,attack_flow,Black Basta Ransomware,15,15,3,0,0,f8a030cfb083bccc5b5ca2c5889e0a215c196344e31927a68e2995e90d04ca24,NOT_SENT
attack_flow::Black Basta Ransomware::0016,attack_flow,Black Basta Ransomware,16,16,3,0,0,5755d41f4538705a2f379cdcc7fcba59537b9c778b8fba88757f3569406db396,NOT_SENT
attack_flow::Black Basta Ransomware::0017,attack_flow,Black Basta Ransomware,17,17,3,0,0,db6f690e6dd914c1f14021be6cd8e3b8fd52239aff158c81589ca667177888ff,NOT_SENT
attack_flow::Black Basta Ransomware::0018,attack_flow,Black Basta Ransomware,18,18,3,0,0,0c381c0f0c39983ebdb4a8df833bba98fd215ebf3ef178157d68a7b424ae38c2,NOT_SENT
attack_flow::Black Basta Ransomware::0019,attack_flow,Black Basta Ransomware,19,19,3,0,0,690ff9583bf204cb8959cbe9bed2b0c6689e45d5f077ddc7b9a0888fa2e94868,NOT_SENT
attack_flow::Black Basta Ransomware::0020,attack_flow,Black Basta Ransomware,20,20,3,0,0,39c65cea506db0cf94dc7642d322d45c9d16812be435d98d405cfd792936b645,NOT_SENT
attack_flow::Black Basta Ransomware::0021,attack_flow,Black Basta Ransomware,21,21,3,0,0,64e19db83241bfd8be9597fe9afc18a2ec406383fe1925fe44f1fd9c21d88cae,NOT_SENT
attack_flow::Black Basta Ransomware::0022,attack_flow,Black Basta Ransomware,22,22,3,0,0,6f0ca2dd4b83d3cac0e955a8d1fb5a663392085029be2cd52d3589bd05779e51,NOT_SENT
attack_flow::Black Basta Ransomware::0023,attack_flow,Black Basta Ransomware,23,23,2,0,0,90b0c5d0afc590a075f5df0a723c0548d16386466a800d8807f0e9bbdd06856d,NOT_SENT
attack_flow::Black Basta Ransomware::0024,attack_flow,Black Basta Ransomware,24,24,1,0,0,dfb570e794dcb0d279f59d2eb3831a090d074b60c7d3d04f72532281b1edf652,NOT_SENT
attack_flow::CISA AA22-138B VMWare Workspace (Alt)::0001,attack_flow,CISA AA22-138B VMWare Workspace (Alt),1,1,3,0,0,88299e2ef8753119c4b598c44b05f4d8a224b18b905cc2208b7599c99de336e2,NOT_SENT
attack_flow::CISA AA22-138B VMWare Workspace (Alt)::0002,attack_flow,CISA AA22-138B VMWare Workspace (Alt),2,2,3,0,0,ef26eb6922ae56e48827acb1b64d4a1dff92ade8b037c504ad6a905c662462cb,NOT_SENT
attack_flow::CISA AA22-138B VMWare Workspace (Alt)::0003,attack_flow,CISA AA22-138B VMWare Workspace (Alt),3,3,3,0,0,0daa3d9496e3e50f9c15b271d58d304a8b201884b2404778d24ed626c665cf82,NOT_SENT
attack_flow::CISA AA22-138B VMWare Workspace (Alt)::0004,attack_flow,CISA AA22-138B VMWare Workspace (Alt),4,4,3,0,0,0a5fd37595f60e1185232cfcc6d393b1eccf7e7972d862dc45ddd8777122eb87,NOT_SENT
attack_flow::CISA AA22-138B VMWare Workspace (Alt)::0005,attack_flow,CISA AA22-138B VMWare Workspace (Alt),5,5,3,0,0,51f2e0beec0d8c54e105593051c953a6b31764c4fb8622378ec44a603aa0016d,NOT_SENT
attack_flow::CISA AA22-138B VMWare Workspace (Alt)::0006,attack_flow,CISA AA22-138B VMWare Workspace (Alt),6,6,3,0,0,132773dc8eac0b599f4b391bccffcf2de56b9ab8d58d91cea8d381c00633695f,NOT_SENT
attack_flow::CISA AA22-138B VMWare Workspace (Alt)::0007,attack_flow,CISA AA22-138B VMWare Workspace (Alt),7,7,2,0,0,4539d89c5b2edfed64b20de9e127dc8db5627ec9f0e840b351f403b501e5ba5b,NOT_SENT
attack_flow::CISA AA22-138B VMWare Workspace (Alt)::0008,attack_flow,CISA AA22-138B VMWare Workspace (Alt),8,8,1,0,0,d3ccd2a872364abb1a600819a4b86c541bd11da50d252a454a922c5d16f1b6f4,NOT_SENT
attack_flow::CISA AA22-138B VMWare Workspace (TA1)::0001,attack_flow,CISA AA22-138B VMWare Workspace (TA1),1,1,3,0,0,fa20d206b820054fcc9d94b44d7c6d17cedd5cc6bded290544e8613127673a2d,NOT_SENT
attack_flow::CISA AA22-138B VMWare Workspace (TA1)::0002,attack_flow,CISA AA22-138B VMWare Workspace (TA1),2,2,3,0,0,c17722618dd74d4dff41e3694fa2e8b970f795c7b860297c17cb7942ca9cebd3,NOT_SENT
attack_flow::CISA AA22-138B VMWare Workspace (TA1)::0003,attack_flow,CISA AA22-138B VMWare Workspace (TA1),3,3,3,0,0,7df59704b319698c001495ea167e163eae4648383bf93c327a86ca805029d4b3,NOT_SENT
attack_flow::CISA AA22-138B VMWare Workspace (TA1)::0004,attack_flow,CISA AA22-138B VMWare Workspace (TA1),4,4,3,0,0,765e184e57404ba32d3262991ee2e7cc59ece919f6af841c6c71d9b4204325d3,NOT_SENT
attack_flow::CISA AA22-138B VMWare Workspace (TA1)::0005,attack_flow,CISA AA22-138B VMWare Workspace (TA1),5,5,3,0,0,c97ce842bfd84a4a56b528a59bd1fef78308db686898718456d962f36d4eb05b,NOT_SENT
attack_flow::CISA AA22-138B VMWare Workspace (TA1)::0006,attack_flow,CISA AA22-138B VMWare Workspace (TA1),6,6,3,0,0,d3b2234bb1b79c9c8dc8c613237d57b3d03b2af992b1895ee0726de1a2b77535,NOT_SENT
attack_flow::CISA AA22-138B VMWare Workspace (TA1)::0007,attack_flow,CISA AA22-138B VMWare Workspace (TA1),7,7,2,0,0,bfccd5d3636318c0265436edf01a700bcd579fc111c7c81f2f883da5634695c5,NOT_SENT
attack_flow::CISA AA22-138B VMWare Workspace (TA1)::0008,attack_flow,CISA AA22-138B VMWare Workspace (TA1),8,8,1,0,0,5d52399a87adce1ca8966c384ad1e0441efab93c40a59729908216ec267d0242,NOT_SENT
attack_flow::CISA AA22-138B VMWare Workspace (TA2)::0001,attack_flow,CISA AA22-138B VMWare Workspace (TA2),1,1,3,0,0,8bdd7349618d69b0ff02ecf1b34fc552ba12ae0ef24a149bc134eeb357f6b442,NOT_SENT
attack_flow::CISA AA22-138B VMWare Workspace (TA2)::0002,attack_flow,CISA AA22-138B VMWare Workspace (TA2),2,2,3,0,0,c47a1a006c5a1561aea50889dfbc9f867ebd4a93e366e4d4752b956cd3ddf3db,NOT_SENT
attack_flow::CISA AA22-138B VMWare Workspace (TA2)::0003,attack_flow,CISA AA22-138B VMWare Workspace (TA2),3,3,3,0,0,409ae158c6d28f4b79d27397f8102e0026b48829682e47791376110a0a795768,NOT_SENT
attack_flow::CISA AA22-138B VMWare Workspace (TA2)::0004,attack_flow,CISA AA22-138B VMWare Workspace (TA2),4,4,3,0,0,3753714e9753e4bf8f5079c5ee2c91cf46fd16fda99ba05fa4a6a45960d62215,NOT_SENT
attack_flow::CISA AA22-138B VMWare Workspace (TA2)::0005,attack_flow,CISA AA22-138B VMWare Workspace (TA2),5,5,3,0,0,743f1f3ce0cd43a1d1d53a96a5cd4b338ac9f30c3d00f3b47cf80a4930388901,NOT_SENT
attack_flow::CISA AA22-138B VMWare Workspace (TA2)::0006,attack_flow,CISA AA22-138B VMWare Workspace (TA2),6,6,3,0,0,52bdf98c14014b3d7a14da0160947fa4ac62a5b31aa3f6762dea42ea79efc95d,NOT_SENT
attack_flow::CISA AA22-138B VMWare Workspace (TA2)::0007,attack_flow,CISA AA22-138B VMWare Workspace (TA2),7,7,3,0,0,626272ae8ec856a650b7c9c9137ef8c8ef0da8dc2791bc130a7f0c9af9013fe3,NOT_SENT
attack_flow::CISA AA22-138B VMWare Workspace (TA2)::0008,attack_flow,CISA AA22-138B VMWare Workspace (TA2),8,8,3,0,0,e5b67bf0f51f706fa385beda54c833dbd6a67290f6e436f95561a07b830085da,NOT_SENT
attack_flow::CISA AA22-138B VMWare Workspace (TA2)::0009,attack_flow,CISA AA22-138B VMWare Workspace (TA2),9,9,2,0,0,0ef558125c7e0f5cbcfa516d48e9e69bd6469f0a631c1b417aca12c0736f7b50,NOT_SENT
attack_flow::CISA AA22-138B VMWare Workspace (TA2)::0010,attack_flow,CISA AA22-138B VMWare Workspace (TA2),10,10,1,0,0,9c289fb1fcf520e8c4715ce06312e73bf02101393fdbf7d1b237c0fce0ba97b8,NOT_SENT
attack_flow::CISA Iranian APT::0001,attack_flow,CISA Iranian APT,1,1,3,0,0,4f1cf9c7842ad7ea2058b8b93665e6cc335408067b0a0d21fbab302655c7168e,NOT_SENT
attack_flow::CISA Iranian APT::0002,attack_flow,CISA Iranian APT,2,2,3,0,0,a0d035f6604de1e9212219680a44ff066cc4361bf66b08b5e24211277ad463cd,NOT_SENT
attack_flow::CISA Iranian APT::0003,attack_flow,CISA Iranian APT,3,3,3,0,0,6c3c3062767ef3ac245725f0b797e8343ffe33340384562455e47ed9b0235209,NOT_SENT
attack_flow::CISA Iranian APT::0004,attack_flow,CISA Iranian APT,4,4,3,0,0,83291c7f7a5bcd34b10e752b6c417941a5e79d0c439b592e3f1a615595120636,NOT_SENT
attack_flow::CISA Iranian APT::0005,attack_flow,CISA Iranian APT,5,5,3,0,0,ecda80125b32fac78791327e9b4fea890f3449ab91e978842903194f0259f0cf,NOT_SENT
attack_flow::CISA Iranian APT::0006,attack_flow,CISA Iranian APT,6,6,3,0,0,e6040e5881ce63288a0235f0a559f68e2e3f7c068d66455450d9ccb42129e14d,NOT_SENT
attack_flow::CISA Iranian APT::0007,attack_flow,CISA Iranian APT,7,7,3,0,0,2cad09210ab0e8db409070338f57e5d4528b2684e97623f3c89340e727e7ee33,NOT_SENT
attack_flow::CISA Iranian APT::0008,attack_flow,CISA Iranian APT,8,8,3,0,0,85c43efd53c5f1a02a2f12370087008d1511d94f2a901353c5379a38249e7240,NOT_SENT
attack_flow::CISA Iranian APT::0009,attack_flow,CISA Iranian APT,9,9,3,0,0,b24c0cfbab828317d7c708df47951ac8228d468bf7e0772da758fed71fc6daae,NOT_SENT
attack_flow::CISA Iranian APT::0010,attack_flow,CISA Iranian APT,10,10,3,0,0,700a41a9e827665d1e0c4c27d18ce3d95d64bec50d55c464b2f2cee34071c666,NOT_SENT
attack_flow::CISA Iranian APT::0011,attack_flow,CISA Iranian APT,11,11,3,0,0,3b0d2b640679be2e8cee50925282b1644ab703f9aee3c32527c25ae6c33f1834,NOT_SENT
attack_flow::CISA Iranian APT::0012,attack_flow,CISA Iranian APT,12,12,3,0,0,98910dcb7c92f18589d52a2bb52b968afdf85fc3175b187d822ac2966b1b8ae8,NOT_SENT
attack_flow::CISA Iranian APT::0013,attack_flow,CISA Iranian APT,13,13,3,0,0,ce492d99982af68453dbc1bbcd8eb39471cc331448ad47849b4d954f0e8987e8,NOT_SENT
attack_flow::CISA Iranian APT::0014,attack_flow,CISA Iranian APT,14,14,3,0,0,b63eb9122fd7dc1383fe6fb24d7ee7504a374aba6a61831f8acb8bb6007f5383,NOT_SENT
attack_flow::CISA Iranian APT::0015,attack_flow,CISA Iranian APT,15,15,3,0,0,f5a9cdbeed4283f21eb51951a5442c568203e5f8e30c9a217ce982bbc5c5f883,NOT_SENT
attack_flow::CISA Iranian APT::0016,attack_flow,CISA Iranian APT,16,16,3,0,0,bcaa4ce905dd517e2bb06fd6a8d03f66223ba865e95aae470e62b923c616f71d,NOT_SENT
attack_flow::CISA Iranian APT::0017,attack_flow,CISA Iranian APT,17,17,3,0,0,a3f2008812a7baf3b7dfbbf712c80ffef99783505cc0a39725e7dda0710fef73,NOT_SENT
attack_flow::CISA Iranian APT::0018,attack_flow,CISA Iranian APT,18,18,3,0,0,6deb123fc00eeceab12ffeac9ad519c34c0a917c5826838ed8351b41bfdd67d0,NOT_SENT
attack_flow::CISA Iranian APT::0019,attack_flow,CISA Iranian APT,19,19,3,0,0,c3a90ad35898ae69e2c7da222244e608c2fd6dca254dc90dd69e2ea84692fdf6,NOT_SENT
attack_flow::CISA Iranian APT::0020,attack_flow,CISA Iranian APT,20,20,2,0,0,20ccff3538b03235a39523ed85cd35c8fc976628f58ca16b7a787b27a20c1db9,NOT_SENT
attack_flow::CISA Iranian APT::0021,attack_flow,CISA Iranian APT,21,21,1,0,0,1553e53d0fcbd1056f91f173c5753d487b8ff30a59dca512f70f8b8af519558c,NOT_SENT
attack_flow::Cobalt Kitty Campaign::0001,attack_flow,Cobalt Kitty Campaign,1,1,3,0,0,be8f590248eed117e394f0e003497f68be240e54fc12d2922406531fd6bdf65e,NOT_SENT
attack_flow::Cobalt Kitty Campaign::0002,attack_flow,Cobalt Kitty Campaign,2,2,3,0,0,8a654bfe3c47ee453ab2de2539e23a8fb612e4ca3fdb30ee791ed846ff4c93b6,NOT_SENT
attack_flow::Cobalt Kitty Campaign::0003,attack_flow,Cobalt Kitty Campaign,3,3,3,0,0,b8381226efc39714b7bd9f5c59704d8980aedfab4d26711c4b7e0572042fa1b5,NOT_SENT
attack_flow::Cobalt Kitty Campaign::0004,attack_flow,Cobalt Kitty Campaign,4,4,3,0,0,c74f6823c1998acac829ca24106894796613e179a2bd595561673f52cb4529eb,NOT_SENT
attack_flow::Cobalt Kitty Campaign::0005,attack_flow,Cobalt Kitty Campaign,5,5,3,0,0,dcca5af032a05e1b49783fdc5cbf380496492eefd0ad959dee70e2500b2d49b5,NOT_SENT
attack_flow::Cobalt Kitty Campaign::0006,attack_flow,Cobalt Kitty Campaign,6,6,3,0,0,2375f327eac6612a48539cddafd8e2eb06b09fcd0b8e62a523fd775159f4c43d,NOT_SENT
attack_flow::Cobalt Kitty Campaign::0007,attack_flow,Cobalt Kitty Campaign,7,7,3,0,0,69cc357f87115049a8ba575a85aa7fbac00892a6f379cb7e10b1470ec1f77a5f,NOT_SENT
attack_flow::Cobalt Kitty Campaign::0008,attack_flow,Cobalt Kitty Campaign,8,8,3,0,0,8302ad38243b6f69a141081561b54ec9b7d3e6d3dc9a5e5e3ad8ac4375d3463d,NOT_SENT
attack_flow::Cobalt Kitty Campaign::0009,attack_flow,Cobalt Kitty Campaign,9,9,3,0,0,8ea1d70caf1225df9d06e9fd0ec8a6c1f865fa2407d8aaa8ddd46b1589ab7f12,NOT_SENT
attack_flow::Cobalt Kitty Campaign::0010,attack_flow,Cobalt Kitty Campaign,10,10,2,0,0,f4eeaab1cf96b12bf51caa34191a942d84a9962281a7f2745604723aec91b523,NOT_SENT
attack_flow::Cobalt Kitty Campaign::0011,attack_flow,Cobalt Kitty Campaign,11,11,1,0,0,d9a9efcee5e3f705165f18c6d005ec532a61d0f419f1f4418c778a023b6d57b5,NOT_SENT
attack_flow::Conti CISA Alert::0001,attack_flow,Conti CISA Alert,1,1,3,0,0,30cd7fc73241a97cd0421ff129fcd2eb8b9301768160d0b43961cf7f596c42ed,NOT_SENT
attack_flow::Conti CISA Alert::0002,attack_flow,Conti CISA Alert,2,2,3,0,0,c19449b15991cdd0b7151d7fd6c5bf1850ec0e2ae3edb5d834631b0dd19ebf27,NOT_SENT
attack_flow::Conti CISA Alert::0003,attack_flow,Conti CISA Alert,3,3,3,0,0,f58b4cccd07c83c43967c3d04912cb406c4f6e4365b79f5cbff2a9b020d09a8a,NOT_SENT
attack_flow::Conti CISA Alert::0004,attack_flow,Conti CISA Alert,4,4,2,0,0,c051ad811f76a5bb118b1a68624467f7ae0793bb02b8f7893e748e4d95797a08,NOT_SENT
attack_flow::Conti CISA Alert::0005,attack_flow,Conti CISA Alert,5,5,1,0,0,6b0afd9f8837b24940ddbf7877f577bcae5c5b3bd749b52c799896f848da3e1d,NOT_SENT
attack_flow::Conti PWC::0001,attack_flow,Conti PWC,1,1,3,0,0,30cd7fc73241a97cd0421ff129fcd2eb8b9301768160d0b43961cf7f596c42ed,NOT_SENT
attack_flow::Conti PWC::0002,attack_flow,Conti PWC,2,2,2,0,0,c19449b15991cdd0b7151d7fd6c5bf1850ec0e2ae3edb5d834631b0dd19ebf27,NOT_SENT
attack_flow::Conti PWC::0003,attack_flow,Conti PWC,3,3,1,0,0,958e86a90caef7b173beef9a284c785244549b3597525d6d29f01d9e54000e95,NOT_SENT
attack_flow::Conti Ransomware::0001,attack_flow,Conti Ransomware,1,1,3,0,0,1621d5b9ebcc4d11c7c80d1281d8a5ecdd963cecfeafa88680393c534ca403d6,NOT_SENT
attack_flow::Conti Ransomware::0002,attack_flow,Conti Ransomware,2,2,3,0,0,a0feec10dfd096299cd0fa9d49876da3aba70f03f0bb506941b389133ed6c919,NOT_SENT
attack_flow::Conti Ransomware::0003,attack_flow,Conti Ransomware,3,3,3,0,0,6b0054448c8614ae559c069976471304e4dd3bd285e0f5e711dfcc3c20bb6ce5,NOT_SENT
attack_flow::Conti Ransomware::0004,attack_flow,Conti Ransomware,4,4,3,0,0,0eaaa1dade85945e1e1a5ea99d1a9d6ddac35489a651b211889d9b47254e4cf8,NOT_SENT
attack_flow::Conti Ransomware::0005,attack_flow,Conti Ransomware,5,5,3,0,0,f8c6e5a971cac14ae49973c96382f298f4ef80e06f2cd100ca37bb5cd269b6b8,NOT_SENT
attack_flow::Conti Ransomware::0006,attack_flow,Conti Ransomware,6,6,3,0,0,4a1fa3e602b97ee107a66f162cfb1572eaa199e3cb38ceabfd4e3d0ecb5f7218,NOT_SENT
attack_flow::Conti Ransomware::0007,attack_flow,Conti Ransomware,7,7,3,0,0,c08e23a4d82468709a4f547d088324c0efc097618c90aec8ac9d117ac4e4add6,NOT_SENT
attack_flow::Conti Ransomware::0008,attack_flow,Conti Ransomware,8,8,3,0,0,c26f6f4e124498c3b59e9d0f6f6bb571fe1752c508f37f52420dc7d21066eb7d,NOT_SENT
attack_flow::Conti Ransomware::0009,attack_flow,Conti Ransomware,9,9,3,0,0,aff26408116560fb1ecdd4c32aa73be9c87730a2adee8bd4cddef0e14b3368e5,NOT_SENT
attack_flow::Conti Ransomware::0010,attack_flow,Conti Ransomware,10,10,3,0,0,db73829ac9d7d5e4b8fca1e8042e229ffee7d095f4ec30ecfe2970b6db581f1d,NOT_SENT
attack_flow::Conti Ransomware::0011,attack_flow,Conti Ransomware,11,11,3,0,0,88ce31131e12f3a145f2881dfbcc207d9e1ec79eddd61a9973df74073f2460e9,NOT_SENT
attack_flow::Conti Ransomware::0012,attack_flow,Conti Ransomware,12,12,3,0,0,66ddf0d7ad72b1ca120a5ceedd2419afa99b4085c17dd8b21b14ebcd39394942,NOT_SENT
attack_flow::Conti Ransomware::0014,attack_flow,Conti Ransomware,14,14,2,0,0,1dc1039340e0ca67b4bd5692ccfedf62f90e5a2eb5347f8c3ae59dadd7d6b7bc,NOT_SENT
attack_flow::Conti Ransomware::0015,attack_flow,Conti Ransomware,15,15,1,0,0,d35b374655293b80c75116506ee0b8ebf28dbd26281f164a94479f8a631adaab,NOT_SENT
attack_flow::DFIR - BumbleBee Round 2::0001,attack_flow,DFIR - BumbleBee Round 2,1,1,3,0,0,2162ddc378df37f3c9e3293230e2dbcef41156df469e1efc099bff21e6b2e677,NOT_SENT
attack_flow::DFIR - BumbleBee Round 2::0002,attack_flow,DFIR - BumbleBee Round 2,2,2,3,0,0,095d40d4fa67f51c5ef951c97d2377972670c26f62434550d0b186a6bc1115d2,NOT_SENT
attack_flow::DFIR - BumbleBee Round 2::0003,attack_flow,DFIR - BumbleBee Round 2,3,3,3,0,0,59a0d26238627c3cf94160a9b8996cce93cae5ae93421367379a525a5dcf5e7f,NOT_SENT
attack_flow::DFIR - BumbleBee Round 2::0004,attack_flow,DFIR - BumbleBee Round 2,4,4,3,0,0,541acd1d4e0666dbccbe24031794d5b885bd7566ac69747d24cc7e7e0bcd2144,NOT_SENT
attack_flow::DFIR - BumbleBee Round 2::0005,attack_flow,DFIR - BumbleBee Round 2,5,5,3,0,0,300f651e1cdabd7d86e15ece7c4ed2836a2eab1503baa41e948191199d709d98,NOT_SENT
attack_flow::DFIR - BumbleBee Round 2::0006,attack_flow,DFIR - BumbleBee Round 2,6,6,3,0,0,174711fd42ac82238fe4132d0cf79e712640c59ee2796eb5e5d47e430390425e,NOT_SENT
attack_flow::DFIR - BumbleBee Round 2::0007,attack_flow,DFIR - BumbleBee Round 2,7,7,3,0,0,e968392650fb7e40171e75995a6c11afa196da9856627acf420c932e9b3e95c3,NOT_SENT
attack_flow::DFIR - BumbleBee Round 2::0008,attack_flow,DFIR - BumbleBee Round 2,8,8,3,0,0,77b0796af84c8b02141d48c8a27388952eda1d31d9bb270e317ea1a81f9f76f6,NOT_SENT
attack_flow::DFIR - BumbleBee Round 2::0009,attack_flow,DFIR - BumbleBee Round 2,9,9,3,0,0,a1af5a0375365ad926e7bc8e8e4e9b6c400aab17063417ec79c940ef5c160f86,NOT_SENT
attack_flow::DFIR - BumbleBee Round 2::0010,attack_flow,DFIR - BumbleBee Round 2,10,10,3,0,0,5e8e2f38fad76105230814752e36d3cabdb3450145536c1172550929279d9f9d,NOT_SENT
attack_flow::DFIR - BumbleBee Round 2::0011,attack_flow,DFIR - BumbleBee Round 2,11,11,2,0,0,b885c20974244441dec0282afd645f0534199273b0a6d1acce0e2d3c886a7ae2,NOT_SENT
attack_flow::DFIR - BumbleBee Round 2::0012,attack_flow,DFIR - BumbleBee Round 2,12,12,1,0,0,ff387a8d18dacdca41407ca29126640f27b0073b49c64ccac5ddd5266136793f,NOT_SENT
attack_flow::Equifax Breach::0001,attack_flow,Equifax Breach,1,1,3,0,0,3edf6de80bf2d381882048a8d8e837f3af1ed2f1aba99e1a8f556bdf031cd2f6,NOT_SENT
attack_flow::Equifax Breach::0002,attack_flow,Equifax Breach,2,2,3,0,0,9d7e0aef9dca6371d4c94fe2a561d35bcb0c094f9038caf63191b37b3ec6c276,NOT_SENT
attack_flow::Equifax Breach::0003,attack_flow,Equifax Breach,3,3,3,0,0,136c698f841c5a212733c4edc450217b96684ef89f33f4437ace689163b45d6e,NOT_SENT
attack_flow::Equifax Breach::0004,attack_flow,Equifax Breach,4,4,3,0,0,24c5335f1375ef94eeded481f1497baafd351839d8da2349ba7106b179d6bd45,NOT_SENT
attack_flow::Equifax Breach::0005,attack_flow,Equifax Breach,5,5,3,0,0,94c798763ddc83549c1065ac005e67c981f13ee5004f9fc7006416e15ae90d65,NOT_SENT
attack_flow::Equifax Breach::0006,attack_flow,Equifax Breach,6,6,3,0,0,42b0e91cbbfa5bcecefa06039221200e3bd9369c14a0b8fc481d0ca83a346291,NOT_SENT
attack_flow::Equifax Breach::0007,attack_flow,Equifax Breach,7,7,2,0,0,ec7ef1f33edd85dac9c43c72f4e414c019f04f2ab9af685d5509ff062bb88e9b,NOT_SENT
attack_flow::Equifax Breach::0008,attack_flow,Equifax Breach,8,8,1,0,0,188f101dc9639dbb2ad220bfb7836a2f6fbfe644a4ede283506d09d0c652ba9e,NOT_SENT
attack_flow::FIN13 Case 1::0001,attack_flow,FIN13 Case 1,1,1,3,0,0,b0b53939c5be516d5ce9875c0ba872a380ff1a085fa8c4e4a78a356234e3052a,NOT_SENT
attack_flow::FIN13 Case 1::0002,attack_flow,FIN13 Case 1,2,2,3,0,0,19c22b0270599c09c75598cc9cfbbaf9abf9bb2f1f6d3390c682d68f1cc940e0,NOT_SENT
attack_flow::FIN13 Case 1::0003,attack_flow,FIN13 Case 1,3,3,3,0,0,13c59b464d8eca552c69b4dae62a7cf1366875094f921c07bfb7c2d25a50a316,NOT_SENT
attack_flow::FIN13 Case 1::0004,attack_flow,FIN13 Case 1,4,4,3,0,0,256313c33b6ad4dfe7ff48796ee73a71fb0e99694d8489393575d9d21e42f9be,NOT_SENT
attack_flow::FIN13 Case 1::0005,attack_flow,FIN13 Case 1,5,5,3,0,0,91a614b69eeb1f827d48e61f1eebb3a5e51ed13225d8dfca3904508a1e2f2abd,NOT_SENT
attack_flow::FIN13 Case 1::0006,attack_flow,FIN13 Case 1,6,6,3,0,0,0d7388c884460f4b2a93118c715c8a292c60edb44cb20f9bc80a83884890a3d6,NOT_SENT
attack_flow::FIN13 Case 1::0007,attack_flow,FIN13 Case 1,7,7,3,0,0,2edb4ae98344dfd60fff996d8d4b23112a7884849263405ccf251ccd09b81870,NOT_SENT
attack_flow::FIN13 Case 1::0008,attack_flow,FIN13 Case 1,8,8,3,0,0,c617c57886097b79834c3a003bb445f5bece49224fef4a26c357c6be51cd45b4,NOT_SENT
attack_flow::FIN13 Case 1::0009,attack_flow,FIN13 Case 1,9,9,3,0,0,63e19a9acc4ba4f16b7b4cc7cde5c1aaf925d6ff7653370710e497e5a3eebec4,NOT_SENT
attack_flow::FIN13 Case 1::0010,attack_flow,FIN13 Case 1,10,10,3,0,0,6cf76a251c620f04f85d1ab2f2ebc5fea21191f13f0fce081f3e13be14a08b19,NOT_SENT
attack_flow::FIN13 Case 1::0011,attack_flow,FIN13 Case 1,11,11,3,0,0,e627b8db09c17247506c19a99f68f117e1884c9624af9335975fd68e38c818a4,NOT_SENT
attack_flow::FIN13 Case 1::0012,attack_flow,FIN13 Case 1,12,12,3,0,0,c0a974a500b872ae134c282853c03c2bf533b82ed437a69ecc6b2ac8b74a15f2,NOT_SENT
attack_flow::FIN13 Case 1::0013,attack_flow,FIN13 Case 1,13,13,3,0,0,294c1fd5fe8d055d966feb77380387660f1437cb085d5193ac760953c27e801c,NOT_SENT
attack_flow::FIN13 Case 1::0014,attack_flow,FIN13 Case 1,14,14,3,0,0,16bea41675d5de96421d0944b3af63033bd2b929d616508104e56a2416f239c3,NOT_SENT
attack_flow::FIN13 Case 1::0015,attack_flow,FIN13 Case 1,15,15,3,0,0,c73a0a135c09330a822016e044bdc18ea36ab9ca4e9b40466de88101042cc98e,NOT_SENT
attack_flow::FIN13 Case 1::0016,attack_flow,FIN13 Case 1,16,16,3,0,0,82359f59fcb8438800e79b108a845694383a0fda4c6aab1944ee6e759795c4cb,NOT_SENT
attack_flow::FIN13 Case 1::0017,attack_flow,FIN13 Case 1,17,17,3,0,0,abbc8f38deeb564dcfd8207430e055f1029cd4c4c834204c591db7ca6a0beb33,NOT_SENT
attack_flow::FIN13 Case 1::0018,attack_flow,FIN13 Case 1,18,18,3,0,0,0185538a75113ad74dc405700f0b0d8086a9ab8d124b14df94b5e47b3ce0fe95,NOT_SENT
attack_flow::FIN13 Case 1::0019,attack_flow,FIN13 Case 1,19,19,3,0,0,7be86ad54cbb92554dc2a119b8ce60f727d3d12ca7a6cbd8786a5ce30fe0df73,NOT_SENT
attack_flow::FIN13 Case 1::0020,attack_flow,FIN13 Case 1,20,20,3,0,0,e1f5dfa10667416783875f93cc6d87af0ef9ce4e42bd3a36f56c06724861e8c0,NOT_SENT
attack_flow::FIN13 Case 1::0021,attack_flow,FIN13 Case 1,21,21,3,0,0,fca37e579c60e00b30911a61867677d4e9f52f723f76dc059b2d3a4a50b143f7,NOT_SENT
attack_flow::FIN13 Case 1::0022,attack_flow,FIN13 Case 1,22,22,3,0,0,f9e7fbb883a6c4f2401bd5700492c16e1277c2afa454e97be38074130291ba41,NOT_SENT
attack_flow::FIN13 Case 1::0023,attack_flow,FIN13 Case 1,23,23,3,0,0,7334a6eeffbe04cfd7105d6fb3e41ec2e21552fb8ff05eea8b5a15c7d01d0c20,NOT_SENT
attack_flow::FIN13 Case 1::0024,attack_flow,FIN13 Case 1,24,24,3,0,0,14b65ac0cf3aae9677152e7e7aeb3b58a1e9207d07441fcede639c843112bc03,NOT_SENT
attack_flow::FIN13 Case 1::0025,attack_flow,FIN13 Case 1,25,25,3,0,0,01858e0870ac8c1d594c2129bfa14759797628bc3ffff8d975712c6f98021d1d,NOT_SENT
attack_flow::FIN13 Case 1::0029,attack_flow,FIN13 Case 1,29,29,3,0,0,a65d6c2b3c8d2ff10f0c62c9fa99049ed52eff8e8472920a065681094ecff663,NOT_SENT
attack_flow::FIN13 Case 1::0030,attack_flow,FIN13 Case 1,30,30,2,0,0,5ced7ce093120be7cbf102fd71e1482990800d9fcf042ed39deabf7426bbe6ca,NOT_SENT
attack_flow::FIN13 Case 1::0031,attack_flow,FIN13 Case 1,31,31,1,0,0,f677992480e3a0508080677a58b3db19b2879913078e57f9f23b391610335bdc,NOT_SENT
attack_flow::FIN13 Case 2::0001,attack_flow,FIN13 Case 2,1,1,3,0,0,9b6005e1cb6e436d6e6b200a8d3dbed4ab1ffae9e995d2c5ae355c1f96a2513f,NOT_SENT
attack_flow::FIN13 Case 2::0002,attack_flow,FIN13 Case 2,2,2,3,0,0,b5fe556f3ff4f29005eb787f1ce7bd5b2a08129384e26671e31151706caba67e,NOT_SENT
attack_flow::FIN13 Case 2::0003,attack_flow,FIN13 Case 2,3,3,3,0,0,d3ad9930a9d4a8eb42b6d00586076a1cdcc1520f79b61b3212c2dc13b649f9d8,NOT_SENT
attack_flow::FIN13 Case 2::0004,attack_flow,FIN13 Case 2,4,4,3,0,0,a1fb67b07ae9eadb9f3e52f5c0e0796d06140d7d4b45688d9607b62c50dd941e,NOT_SENT
attack_flow::FIN13 Case 2::0005,attack_flow,FIN13 Case 2,5,5,3,0,0,e0d908dbeb58fc7539a1bd74aff3d9e7042584459c0736982c2aa299471e2350,NOT_SENT
attack_flow::FIN13 Case 2::0007,attack_flow,FIN13 Case 2,7,7,3,0,0,7588d8d1553238bd37ce71b3e0b9c47a042b9ea6b59ed29069fd779358e4a3a4,NOT_SENT
attack_flow::FIN13 Case 2::0008,attack_flow,FIN13 Case 2,8,8,3,0,0,3e8b434088051c6f3ae91ded1692489356aa3ed77b9cd8eb49d9c7b21cd378e5,NOT_SENT
attack_flow::FIN13 Case 2::0009,attack_flow,FIN13 Case 2,9,9,3,0,0,ab19dd58a32facd01f403a5f77070affea3bcb1b7f46e4fb16bddae3b88a3040,NOT_SENT
attack_flow::FIN13 Case 2::0010,attack_flow,FIN13 Case 2,10,10,3,0,0,1a3281b665a99d933b140716ff661538e9e835a2eb1cf30c32f9dad131f9873e,NOT_SENT
attack_flow::FIN13 Case 2::0011,attack_flow,FIN13 Case 2,11,11,3,0,0,83e9200551d1a3a5a6f6797f90cfd3d6fd23239699f20885e1ae19f84a873837,NOT_SENT
attack_flow::FIN13 Case 2::0012,attack_flow,FIN13 Case 2,12,12,3,0,0,9cc20395da22695a4c85105c923effa1b4243faa4479c47a8a1b6db20524e256,NOT_SENT
attack_flow::FIN13 Case 2::0013,attack_flow,FIN13 Case 2,13,13,2,0,0,819ae1e945b319f57d8b9cbf48719de52b1e745ccc47090c39e83b6fe4f382a1,NOT_SENT
attack_flow::FIN13 Case 2::0014,attack_flow,FIN13 Case 2,14,14,1,0,0,0f55179becfc3077e08016a8325c8807a5be1cb969c9b34ced48f8a2fbbdb619,NOT_SENT
attack_flow::Gootloader::0001,attack_flow,Gootloader,1,1,3,0,0,75cce47900739190398e5da8062d9de7012b41bf42ec8d6e069fe7692d02444b,NOT_SENT
attack_flow::Gootloader::0002,attack_flow,Gootloader,2,2,3,0,0,b1d4e69f95339f2f4b8ba68711fed89cf461f69bb87b2b6dd7bb2c30345d4e90,NOT_SENT
attack_flow::Gootloader::0003,attack_flow,Gootloader,3,3,3,0,0,767553b4f67a5942d2205b5e4192b36b84f9d3905abfbe2f960ac8f27a9868ad,NOT_SENT
attack_flow::Gootloader::0005,attack_flow,Gootloader,5,5,3,0,1,1662430868f31d4f70c6d010adb0cd3d696606315506519be96a775f71f198a1,NOT_SENT
attack_flow::Gootloader::0006,attack_flow,Gootloader,6,6,3,0,1,3665fc84e24e89de8fddacdf95d51e7f4e3c94648869e94f88765458d676efe3,NOT_SENT
attack_flow::Gootloader::0007,attack_flow,Gootloader,7,7,3,0,1,b5b3db1b256958dd837167503fe698ba723d9674b163bcf0d003fda39d9d8ce1,NOT_SENT
attack_flow::Gootloader::0008,attack_flow,Gootloader,8,8,3,0,1,3b591b7bc75205c3c1e63eed0c217b9b6bdd82f7dd2f42669e1562d7129dc7e8,NOT_SENT
attack_flow::Gootloader::0009,attack_flow,Gootloader,9,9,3,0,1,736e359290bffc0f3a7c3fa798cec46c96552ad18d5e6a12b7b6cac38f07dc36,NOT_SENT
attack_flow::Gootloader::0010,attack_flow,Gootloader,10,10,3,0,1,33fd76fc965f83eb70fda9db644bf20c9ad11ec811ee5a0756701a467a678ad2,NOT_SENT
attack_flow::Gootloader::0011,attack_flow,Gootloader,11,11,3,0,1,d9893143f88a9af1aa45348d03da9821378c55c910cb2c472fa8ec3ed2ba343b,NOT_SENT
attack_flow::Gootloader::0012,attack_flow,Gootloader,12,12,3,0,1,c69e9d840a632e2569d6e8bf3580fc9c5dd46cb27169e16e9bf2a4e0e2eb82dc,NOT_SENT
attack_flow::Gootloader::0013,attack_flow,Gootloader,13,13,3,0,1,ea2dde8e5cfca10e72c2bbe5555f3f902c759ad02632fcd002d2e1ce994706cf,NOT_SENT
attack_flow::Gootloader::0014,attack_flow,Gootloader,14,14,3,0,1,0f11874175c881ac5286e0d764f4cb78c02c0657ed11a8f256ca35df7fa6933f,NOT_SENT
attack_flow::Gootloader::0015,attack_flow,Gootloader,15,15,3,0,2,105d38fbee635af96c2ab7a04cef36be95648dd99b80ef7a1a8f9460eff47f37,NOT_SENT
attack_flow::Gootloader::0016,attack_flow,Gootloader,16,16,3,0,2,f32ed0eff81c62dac402b5ce7bae502176cc48ff76a6f7fd44037439f0ec26f7,NOT_SENT
attack_flow::Gootloader::0017,attack_flow,Gootloader,17,17,3,0,2,04c619b5a813dc373f654870cf3dded17fbb99232b009211d2a6d9a21bde53cb,NOT_SENT
attack_flow::Gootloader::0018,attack_flow,Gootloader,18,18,3,0,2,24155ffb8c43cd7e2caf5aa143ce6d24bb66b857dba2db85c9762fa3fa59bed2,NOT_SENT
attack_flow::Gootloader::0019,attack_flow,Gootloader,19,19,3,0,2,e91a7efb5b227401125e6320c606cfb1bc7104ceab573d55f9ff7b686a3f96eb,NOT_SENT
attack_flow::Gootloader::0020,attack_flow,Gootloader,20,20,3,0,2,8759c03f9d8668ee467c62734446040a44edd197b1f7689e7346cb7b65f47224,NOT_SENT
attack_flow::Gootloader::0021,attack_flow,Gootloader,21,21,3,0,2,564da1041e68c732baf639dc17f04a6115ac9b75eeb66f67fd835b2275d3d2bc,NOT_SENT
attack_flow::Gootloader::0022,attack_flow,Gootloader,22,22,3,0,2,6458cebede59af2c843fb1c0d8620aeb0c68e23fe202fef2498cbbbb5f54951a,NOT_SENT
attack_flow::Gootloader::0023,attack_flow,Gootloader,23,23,3,0,2,9bfd3f19d5288eb1eab87c63b164f77fbb82309d12e7755fee482ebbbb3a453a,NOT_SENT
attack_flow::Gootloader::0024,attack_flow,Gootloader,24,24,3,0,2,83c0737c513be176c395f3e32a4a3645e409dcc1193608774d76c08c750f8a8e,NOT_SENT
attack_flow::Gootloader::0025,attack_flow,Gootloader,25,25,3,0,2,dd7ccbb4b193ebc69b0563b219d3ffcadfa199931f16590a9738b515565cfc5f,NOT_SENT
attack_flow::Gootloader::0026,attack_flow,Gootloader,26,26,3,0,2,43537d9a87f6c523c315073cb2d9f8ac2984a7103dbd7cae169f7328547e2212,NOT_SENT
attack_flow::Gootloader::0027,attack_flow,Gootloader,27,27,3,0,2,641e172b6b4dae496ef7677c65b07ace04adf9d3f6d0d85521e852f70af59db2,NOT_SENT
attack_flow::Gootloader::0028,attack_flow,Gootloader,28,28,2,0,2,354ebfaee35be8123f16001c3bd4c61749043f95970325cd1fb6a82e3c83fb57,NOT_SENT
attack_flow::Gootloader::0029,attack_flow,Gootloader,29,29,1,0,2,6399f23ad43ce947f70cc5416af7d7f485a1ddb35c3f306004c299edee344db6,NOT_SENT
attack_flow::Hancitor DLL::0001,attack_flow,Hancitor DLL,1,1,3,0,0,85e3a6160beb3c5d6604c96f6cbbff4f9103b90afdfc558c7c975f8dbf5c59b6,NOT_SENT
attack_flow::Hancitor DLL::0002,attack_flow,Hancitor DLL,2,2,3,0,0,71bd284e989a6a7b7b940e7d50f557c2ab62fbd273ba0af5da72a2f5f3bd75a6,NOT_SENT
attack_flow::Hancitor DLL::0003,attack_flow,Hancitor DLL,3,3,3,0,0,6fd55033f1fc1f01f30eff38a001d756ca61818be8eb4b39909de9ddf89d6368,NOT_SENT
attack_flow::Hancitor DLL::0004,attack_flow,Hancitor DLL,4,4,3,0,0,0ca373a2ae4f5be689a38245e4841db4a30e5201bf168470979ec72cf99286d3,NOT_SENT
attack_flow::Hancitor DLL::0005,attack_flow,Hancitor DLL,5,5,3,0,0,36c549f20fca5c66865084256e7b92446fa32de9e8dfc947bce84fcd446e140f,NOT_SENT
attack_flow::Hancitor DLL::0006,attack_flow,Hancitor DLL,6,6,3,0,0,f8d8f26ea2d2319b05126ba18c946a9c53d8237529a51101da8f807569361dc5,NOT_SENT
attack_flow::Hancitor DLL::0007,attack_flow,Hancitor DLL,7,7,3,0,0,91fd203998ff0712676d30d362c8d700e28d98bce12cc2ccd1957cc11e525d52,NOT_SENT
attack_flow::Hancitor DLL::0008,attack_flow,Hancitor DLL,8,8,3,0,0,ce1df89e595b6f61407038d4034bb18054377431468d0c57de20de551c45dae8,NOT_SENT
attack_flow::Hancitor DLL::0010,attack_flow,Hancitor DLL,10,10,3,0,0,28eda891f4b2946b28ee921335b9b8052b504a11d7160ed8aa9c3add2549c668,NOT_SENT
attack_flow::Hancitor DLL::0011,attack_flow,Hancitor DLL,11,11,3,0,0,7225f315c5fc0f372d5b23dba2abfbfcc34aa9286136a6b71caf26747c7ac64c,NOT_SENT
attack_flow::Hancitor DLL::0012,attack_flow,Hancitor DLL,12,12,3,0,0,7c26a52ce15e22f2d2ca581e913e250e592d911bec71f9108d5f52f9ea2fa5fc,NOT_SENT
attack_flow::Hancitor DLL::0013,attack_flow,Hancitor DLL,13,13,3,0,0,7b09b371454ffb075c6af8c825eba63eb4160201e5589e8d4cf70e6b1c056663,NOT_SENT
attack_flow::Hancitor DLL::0014,attack_flow,Hancitor DLL,14,14,3,0,0,468a9539422aee70866502825d1ac94597b75343a82570f342eefa33cd0bfd22,NOT_SENT
attack_flow::Hancitor DLL::0015,attack_flow,Hancitor DLL,15,15,3,0,0,707aad6c981101d270bc6185c5c3eeec7f1871e5cb79f13afd2e8242b72166ec,NOT_SENT
attack_flow::Hancitor DLL::0016,attack_flow,Hancitor DLL,16,16,3,0,0,f962a5ea585e8dc4e84b52744682ed655269b4954ce0e849722ac316d5d1f305,NOT_SENT
attack_flow::Hancitor DLL::0017,attack_flow,Hancitor DLL,17,17,3,0,0,89bd6fe14a82906ab5fbd49e7a9caad684445bff2ff301829679d3a6276a5d51,NOT_SENT
attack_flow::Hancitor DLL::0018,attack_flow,Hancitor DLL,18,18,2,0,0,4c0607b535591b41bc9c0835c020fdb4b284c7d1af4954363502b8f520ca8107,NOT_SENT
attack_flow::Hancitor DLL::0019,attack_flow,Hancitor DLL,19,19,1,0,0,8bc01849cb0a1c791bec7411c99d7bfbaad76f3522c9308412b9eb07f39765e0,NOT_SENT
attack_flow::Ivanti Vulnerabilities::0001,attack_flow,Ivanti Vulnerabilities,1,1,3,0,0,1115c683db3b3640918b2ff07d6a5523c05634437197b70eddf0d95b175bec59,NOT_SENT
attack_flow::Ivanti Vulnerabilities::0002,attack_flow,Ivanti Vulnerabilities,2,2,3,0,0,27e0c91f359c4350aa6413e6a47aa5c1700d22a67d43d248ca1ca568b01b62c8,NOT_SENT
attack_flow::Ivanti Vulnerabilities::0003,attack_flow,Ivanti Vulnerabilities,3,3,3,0,0,7401671ccc746455655bfbea77d13b5b7e991584e0439f362496a23a0217ff76,NOT_SENT
attack_flow::Ivanti Vulnerabilities::0004,attack_flow,Ivanti Vulnerabilities,4,4,2,0,0,b64967aab8d82969b8de10527b4b210d511cec7fbd03fd33cd5acde352b056fc,NOT_SENT
attack_flow::Ivanti Vulnerabilities::0005,attack_flow,Ivanti Vulnerabilities,5,5,1,0,0,5e587c6abdbb70e3b966292197204484d88f7be6dd5dd80fbaf8ffd59fa57df3,NOT_SENT
attack_flow::JP Morgan Breach::0001,attack_flow,JP Morgan Breach,1,1,3,0,0,958360415415ee930825137aee8b40b411fe2e798048541bc1090cc711d006ed,NOT_SENT
attack_flow::JP Morgan Breach::0002,attack_flow,JP Morgan Breach,2,2,3,0,0,21ab019a8d7e23278570ab87ce9d7f2628b8c05dae0be9ffdd7719bec89af3e2,NOT_SENT
attack_flow::JP Morgan Breach::0003,attack_flow,JP Morgan Breach,3,3,3,0,0,f6ced4cd342ded8d2da4a80cadde7ad91de26f390e310ff4b46ad71519e5fdbd,NOT_SENT
attack_flow::JP Morgan Breach::0004,attack_flow,JP Morgan Breach,4,4,3,0,0,eb26205ba08ead9d5a2f9d8678a4f02316f1ed5a3aa7fecb810ecac16726c257,NOT_SENT
attack_flow::JP Morgan Breach::0005,attack_flow,JP Morgan Breach,5,5,3,0,0,3fad68beeba320b020f8e3a7b2cba741ad87af4e24ea351d0db5e18d02d44a97,NOT_SENT
attack_flow::JP Morgan Breach::0006,attack_flow,JP Morgan Breach,6,6,3,0,0,ef822ae49eac793e394116edfbca4275e7a5d75edc731f4dc3e93a39c752c0b6,NOT_SENT
attack_flow::JP Morgan Breach::0008,attack_flow,JP Morgan Breach,8,8,2,0,0,0930ba9352bfc1ed5a705bdda7faf5772c4680bfc8d5698635a145aba94b8972,NOT_SENT
attack_flow::JP Morgan Breach::0009,attack_flow,JP Morgan Breach,9,9,1,0,0,352c056855729c5a3a7a887607be4e42ab1e48b91b0a863bf6cf3841368c2849,NOT_SENT
attack_flow::MITRE NERVE::0001,attack_flow,MITRE NERVE,1,1,3,0,0,60ce4ef857df0d3f8898133dba0c535e96a1037ca98e9659533c58d02d5df40f,NOT_SENT
attack_flow::MITRE NERVE::0002,attack_flow,MITRE NERVE,2,2,3,0,0,b31bdc2c4ff2ab43f4ad98d8699e2b9d66f1b9bda2118ddd8a36d831b608b084,NOT_SENT
attack_flow::MITRE NERVE::0003,attack_flow,MITRE NERVE,3,3,3,0,0,8d6af9bdcbacd39006c76870062d741c01904119172437f6d60ac963bf24fb5c,NOT_SENT
attack_flow::MITRE NERVE::0004,attack_flow,MITRE NERVE,4,4,3,0,0,f06d0d52074fbc91bd132379430a69937234c2fecdb74f5c78a974b1fbde2c02,NOT_SENT
attack_flow::MITRE NERVE::0005,attack_flow,MITRE NERVE,5,5,3,0,0,e9c29c1f572ef26297baff8149bc1f40aa9686fde8d314d3879d20a0365b59e9,NOT_SENT
attack_flow::MITRE NERVE::0006,attack_flow,MITRE NERVE,6,6,2,0,0,a0a19e8ab5de1dfc505e8019d46de61e3991121d3fe4d2070f8f9bc605275ec4,NOT_SENT
attack_flow::MITRE NERVE::0007,attack_flow,MITRE NERVE,7,7,1,0,0,b159855e856768db13d82c5da72406ab07c6414a129ff7e9f492ff717d4a6cb8,NOT_SENT
attack_flow::Maastricht University Ransomware::0001,attack_flow,Maastricht University Ransomware,1,1,3,0,0,beb8c856325ae936ac95eeb11f35236402485875e95e9a45d24cf912c3a7813d,NOT_SENT
attack_flow::Maastricht University Ransomware::0003,attack_flow,Maastricht University Ransomware,3,3,3,0,0,31f59f13662993b52617acd31bc6dfd3f3866725e5f9139d90b8f4f542403384,NOT_SENT
attack_flow::Maastricht University Ransomware::0004,attack_flow,Maastricht University Ransomware,4,4,3,0,0,8755cb2514243ca5309a9090861a583cd857f8aa82f8ac9afc709686a90b0f05,NOT_SENT
attack_flow::Maastricht University Ransomware::0005,attack_flow,Maastricht University Ransomware,5,5,3,0,0,0a34e608982e4280a72f81ab03b40529885018fa401924cc39ef2ee614e7563c,NOT_SENT
attack_flow::Maastricht University Ransomware::0006,attack_flow,Maastricht University Ransomware,6,6,3,0,0,09270ca04fb30bea33875a56da66c3dda1c836d05d18af816efa862c892eaed7,NOT_SENT
attack_flow::Maastricht University Ransomware::0007,attack_flow,Maastricht University Ransomware,7,7,3,0,0,2256d8a740e85888bc3ae0571d84155ad69a4c406166e8b5596a6aa20a3ff40c,NOT_SENT
attack_flow::Maastricht University Ransomware::0008,attack_flow,Maastricht University Ransomware,8,8,3,0,0,17c27c258356ebe4294720f4326a71389c1556ade5acedb36802114951e8543d,NOT_SENT
attack_flow::Maastricht University Ransomware::0009,attack_flow,Maastricht University Ransomware,9,9,3,0,0,a4c67224ab92c94438918224f60bace26de864b5cdefbfae3ecfdea1d5cb5e87,NOT_SENT
attack_flow::Maastricht University Ransomware::0010,attack_flow,Maastricht University Ransomware,10,10,2,0,0,3e898925a492289961af4363cff1062ad3bf7d0539a680d9b26a7b916b4f5a4d,NOT_SENT
attack_flow::Maastricht University Ransomware::0011,attack_flow,Maastricht University Ransomware,11,11,1,0,0,5c0d8119cbc81226c042ddf8d918c2b1c65b99e4dfd189016954c018859f3e75,NOT_SENT
attack_flow::Mac Malware Steals Crypto::0001,attack_flow,Mac Malware Steals Crypto,1,1,3,0,0,2e5d6b50d3eae97be1ec659441de0722a5c2c9bee79e98e0ee5525c9e8c364d1,NOT_SENT
attack_flow::Mac Malware Steals Crypto::0002,attack_flow,Mac Malware Steals Crypto,2,2,3,0,0,8c431221126290c774ac31a97a1046c65a6d97dbf6eaf8337e87d95131c1d453,NOT_SENT
attack_flow::Mac Malware Steals Crypto::0004,attack_flow,Mac Malware Steals Crypto,4,4,1,0,0,fd95c32d1288c90b3a86aec0bd88bfc85ad9ac295bcfbe93b87e4cbf8b6c399b,NOT_SENT
attack_flow::Marriott Breach::0001,attack_flow,Marriott Breach,1,1,3,0,0,d00001e2a469cb2b5563f7f04d03199c00c786dc7dd6413d16bbdaa345bf73df,NOT_SENT
attack_flow::Marriott Breach::0002,attack_flow,Marriott Breach,2,2,3,0,0,6c3f9a23cad420d7d70e65ab2c68978e9b7995c5eb36426feaaa0cafb77a19bf,NOT_SENT
attack_flow::Marriott Breach::0003,attack_flow,Marriott Breach,3,3,2,0,0,6f8d234fbcc6e17fbc006a1b10c2226613272b7a17f88e1812ec03cb0d2a032d,NOT_SENT
attack_flow::Marriott Breach::0004,attack_flow,Marriott Breach,4,4,1,0,0,af68eb85783389b6eaa2db55e6b2834eafee8ea0400fa7f68ffa3c49b89e3a7b,NOT_SENT
attack_flow::Muddy Water::0001,attack_flow,Muddy Water,1,1,3,0,0,b0410cdab51eb4a446fbdb5c3b29a65db9f2be6a1349b4220f16965ea14b6591,NOT_SENT
attack_flow::Muddy Water::0002,attack_flow,Muddy Water,2,2,3,0,0,a84950e93a3c2ad2e5b6162b56bc7b12ffe4373cce4bebab1879dfc8d859ee5b,NOT_SENT
attack_flow::Muddy Water::0003,attack_flow,Muddy Water,3,3,3,0,0,fccfd9285801d8cfc0ef82c85b5a7da0c58b9d68d2f85200debb706e0c58086c,NOT_SENT
attack_flow::Muddy Water::0004,attack_flow,Muddy Water,4,4,3,0,0,42956d7ede92b0d8fa593c07f2d5bb377ed4bb8c99cbec5bace2ffa8747f25c9,NOT_SENT
attack_flow::Muddy Water::0005,attack_flow,Muddy Water,5,5,3,0,0,f32b5176e294b0b32ca9a2059ac7c1ad8bdda56f1085f75e287fe540888c23af,NOT_SENT
attack_flow::Muddy Water::0006,attack_flow,Muddy Water,6,6,3,0,0,b33904714ba59081deddc17eaee5929216995aa3e4bfde60d428480cf1d6aa55,NOT_SENT
attack_flow::Muddy Water::0008,attack_flow,Muddy Water,8,8,2,0,0,64a4888111bf646cadb60b48775d13ceb9eeeb60e6a2fcd0ab1db896500d1b50,NOT_SENT
attack_flow::Muddy Water::0009,attack_flow,Muddy Water,9,9,1,0,0,4d09f698f41f07ff2eaf2dd1b9bb6a0a8b45c927fe9e587f600674ab84ef8a15,NOT_SENT
attack_flow::NotPetya::0001,attack_flow,NotPetya,1,1,3,0,0,01de55d582850c67b37cb1fec331462ac2f03995a0cc2486067e4e871f960011,NOT_SENT
attack_flow::NotPetya::0002,attack_flow,NotPetya,2,2,3,0,0,ed3b3c09839d9928918cce8293919600902284eb27c8a73e40740587f93f0a95,NOT_SENT
attack_flow::NotPetya::0003,attack_flow,NotPetya,3,3,3,0,1,bd2f639abaf66675a84009183ea4dc24d241f19f1d92194c3c592e24f7be2ec5,NOT_SENT
attack_flow::NotPetya::0004,attack_flow,NotPetya,4,4,3,0,1,b598b885cf383d2533abff868999306c0653cb742509e949cf481bb21b6e8345,NOT_SENT
attack_flow::NotPetya::0008,attack_flow,NotPetya,8,8,3,0,3,93f669c1d66112860a7dec46471502cb6a1e00839614847735dd0a163d66cce0,NOT_SENT
attack_flow::NotPetya::0009,attack_flow,NotPetya,9,9,3,0,4,417a61d4bddcddc1d26a15ad9c7261d1c10c087f1c6b887f2ea47b4f4ae1b495,NOT_SENT
attack_flow::NotPetya::0010,attack_flow,NotPetya,10,10,3,0,5,ac838b8dd1f638f8dcf793e79db78fdbde3a127fbe3c97c0b69c22ba749ef14c,NOT_SENT
attack_flow::NotPetya::0011,attack_flow,NotPetya,11,11,3,0,5,e5ccd704f1eb978a42d6fb06699b9064d3931659a30ad88805c6135c90310935,NOT_SENT
attack_flow::NotPetya::0012,attack_flow,NotPetya,12,12,3,0,6,6f929625fc6461716ba8399f9c88e578de5477949c452df067830605cf7d309b,NOT_SENT
attack_flow::NotPetya::0013,attack_flow,NotPetya,13,13,3,0,6,e39503bfecb5edb2435962ebaf694918eb7b3770adf96bbb05f24843d4cd9b20,NOT_SENT
attack_flow::NotPetya::0014,attack_flow,NotPetya,14,14,3,0,7,972d33b686c1f82a3466adcf9792d895a722fbf3373ee6b60fd65ce93e2698de,NOT_SENT
attack_flow::NotPetya::0015,attack_flow,NotPetya,15,15,2,0,7,149036d31ebabdb12cf99bcb80e6da417d4cc5d7de0a37696caa68e0a81a815b,NOT_SENT
attack_flow::NotPetya::0016,attack_flow,NotPetya,16,16,1,0,8,4325cc43f72b544f8f4607acfbc6c3c1fb2bb0d3e64c0ac17b771d6a876fbb72,NOT_SENT
attack_flow::OceanLotus::0001,attack_flow,OceanLotus,1,1,3,0,1,023f12d4a6c4123c1a9c84ae48c0bcd3a4bf1eb60d0adbff7ba1bcba64dbc633,NOT_SENT
attack_flow::OceanLotus::0002,attack_flow,OceanLotus,2,2,3,0,1,39117db5ace4286fdd20ed16cccc5663a0fbc3e56c82f7ed1475df94a1ef274b,NOT_SENT
attack_flow::OceanLotus::0003,attack_flow,OceanLotus,3,3,3,0,1,012c9200c707f00d101ec13f2f6808eff62fc193f6668e501e1321a7b8d1ad1e,NOT_SENT
attack_flow::OceanLotus::0004,attack_flow,OceanLotus,4,4,3,0,1,117b3642f6d34077c70fcfbea82ad4d12ae118e36361ce50f038ddbe375ef59b,NOT_SENT
attack_flow::OceanLotus::0005,attack_flow,OceanLotus,5,5,3,0,1,0b3bbf5ee8cb04ecfba650552553dbfb0dbbe12f9fc93f2efdef4c04ea3595c4,NOT_SENT
attack_flow::OceanLotus::0006,attack_flow,OceanLotus,6,6,3,0,2,6d4cd31b05a22ee28ab097f5f1d27a97a60e1b66f6cac5bac239d52e5f4eff98,NOT_SENT
attack_flow::OceanLotus::0007,attack_flow,OceanLotus,7,7,3,0,3,0f1f8e66e32cd418668ec3f8345fcdff4228a18eacd4a5ad257d10ceab0c2d25,NOT_SENT
attack_flow::OceanLotus::0008,attack_flow,OceanLotus,8,8,3,0,4,8045051533952990ccdca94e4241f3c7b1ece3c7c11fda84a4b2452131f3b5f5,NOT_SENT
attack_flow::OceanLotus::0009,attack_flow,OceanLotus,9,9,3,0,5,924239be39af1c9ca730102ec04d62d82b300603f9ff32c0adee1a27e9f44346,NOT_SENT
attack_flow::OceanLotus::0010,attack_flow,OceanLotus,10,10,3,0,5,976e3d9f61972ec2e70239f2034d02b81bae4269d6e6eca7b8b74204fc9e73b4,NOT_SENT
attack_flow::OceanLotus::0011,attack_flow,OceanLotus,11,11,3,0,7,6a6ed0c20c66b3858b30d0d03e58e635d222676506f8885b38f8272a3e8f4c30,NOT_SENT
attack_flow::OceanLotus::0012,attack_flow,OceanLotus,12,12,3,0,8,00202e85d8dc9e50b93542a4cae8a9b9e7d3fa72e9d7d39fb22a0a0651a956ce,NOT_SENT
attack_flow::OceanLotus::0013,attack_flow,OceanLotus,13,13,3,0,9,254ed2cce9e2a0836c1b5c7f87b3c6629968aa6b2aaac8b3cffd69edbbb3eb6c,NOT_SENT
attack_flow::OceanLotus::0014,attack_flow,OceanLotus,14,14,3,0,10,4d6752a4707aae032ab45a88412d8af30c4dfe33438d98cd43d494534d60eea3,NOT_SENT
attack_flow::OceanLotus::0015,attack_flow,OceanLotus,15,15,3,0,10,82bdc38f02e65a95fa4c06f194e8ec0d78382010c769e42fd0105a6954643a7b,NOT_SENT
attack_flow::OceanLotus::0016,attack_flow,OceanLotus,16,16,3,0,10,cc658f45faa85facf60c7da5181d0af747c78fc3c813dd763316d9cc13f3ce0e,NOT_SENT
attack_flow::OceanLotus::0017,attack_flow,OceanLotus,17,17,3,0,11,b59703338c6694a97ecf767b987a9e44ca87e1348a333faa074a7632b441ae32,NOT_SENT
attack_flow::OceanLotus::0018,attack_flow,OceanLotus,18,18,3,0,11,62aa6857ddd233bb1513b580d351c1dabd72383a8b7ebe9d80641e1e1ba2efaf,NOT_SENT
attack_flow::OceanLotus::0019,attack_flow,OceanLotus,19,19,2,0,11,cd94a149996dfd177176dcc946f10157185c1ee0d761aa12fd7ef35eaa484e86,NOT_SENT
attack_flow::OceanLotus::0020,attack_flow,OceanLotus,20,20,1,0,11,4717fe2289786ca67e187195c082071dd8caa2d307c41e2af4e7c28185f54316,NOT_SENT
attack_flow::REvil::0001,attack_flow,REvil,1,1,3,0,1,e566c4f7f624c431123c368a3b4fa6d99a66e4ef688879c37cbbf79c2158c5df,NOT_SENT
attack_flow::REvil::0002,attack_flow,REvil,2,2,3,0,1,7542ef162f37bf8459c04e8935736faf8f27d5c04c04f4bab5edb130326410d3,NOT_SENT
attack_flow::REvil::0003,attack_flow,REvil,3,3,3,0,2,adc9246db7729fe7b669486ef2f4b7d380b01fbc32628694caaf0f00729c39e7,NOT_SENT
attack_flow::REvil::0004,attack_flow,REvil,4,4,3,0,2,1b33d9d0bc8f196223a11a96985eee645352afa821725718fbbd179297b94053,NOT_SENT
attack_flow::REvil::0005,attack_flow,REvil,5,5,3,0,2,239b1c4661a571fa5112a2331fffaf31445a568d906d9291baa3c24c0dfb0610,NOT_SENT
attack_flow::REvil::0006,attack_flow,REvil,6,6,3,0,3,28b3a60eafb0c5193b31fb92419c01152e5da5e21c7a21b283cd856fb7562b6b,NOT_SENT
attack_flow::REvil::0007,attack_flow,REvil,7,7,3,0,3,036acd29db1cd52bcd077ad7a7680a7e129fa149333ccc35a4e8a388ba238300,NOT_SENT
attack_flow::REvil::0008,attack_flow,REvil,8,8,3,0,4,3c6c78b6d404baa980b3e0597104e4e02955adac1fd88ccd57ab880c00df5d39,NOT_SENT
attack_flow::REvil::0009,attack_flow,REvil,9,9,3,0,5,3c6bfdbac9dee5a1b7e27b5dc952a1d106a7b4bd10ea27bdcab1bd3bb6a3e8fc,NOT_SENT
attack_flow::REvil::0010,attack_flow,REvil,10,10,3,0,6,a62d9a11ff3eab3580f522d52026d9182f6b3d655973520ca2155be205e54c06,NOT_SENT
attack_flow::REvil::0011,attack_flow,REvil,11,11,3,0,7,e2ca913d15de382f1b6cb19f628211a66bf29b5bad6c510618531703ec93238c,NOT_SENT
attack_flow::REvil::0012,attack_flow,REvil,12,12,3,0,7,fde1030fd3cd7d9299a4fc9212da005fe882945bd219b25758c939277a7c6f1f,NOT_SENT
attack_flow::REvil::0013,attack_flow,REvil,13,13,3,0,8,a020575e2198a374f65d19b5f6df316f7c01c8efdb7d2486405b412bc7db377b,NOT_SENT
attack_flow::REvil::0014,attack_flow,REvil,14,14,3,0,9,a2a53a56caf6a578d3a9270138491ebb88612373cfc1ffca07c0d5590213f73d,NOT_SENT
attack_flow::REvil::0015,attack_flow,REvil,15,15,3,0,10,3aa630c9ebda576a7151af5d4152c633bd05fd33e69b581f0291c7a3e77d1588,NOT_SENT
attack_flow::REvil::0016,attack_flow,REvil,16,16,3,0,11,2b48b4aec27126289f414ecbac181a3f52d269843a8d7c8f2b98c31fe288fc63,NOT_SENT
attack_flow::REvil::0017,attack_flow,REvil,17,17,2,0,12,36bcea42deee3410b8d0c37b2ea226e48d09e92f1a733d25bb7246264712d603,NOT_SENT
attack_flow::REvil::0018,attack_flow,REvil,18,18,1,0,12,48d675842537ff6c657289eacf830cc3399e3164eb9d3f4bb1ac1ee881c3349a,NOT_SENT
attack_flow::Ragnar Locker::0001,attack_flow,Ragnar Locker,1,1,3,0,0,7cd245a8b9080302ce4bbc1b15c2570819dc40a920e9cf8c6345bc2d60f20398,NOT_SENT
attack_flow::Ragnar Locker::0002,attack_flow,Ragnar Locker,2,2,3,0,0,a16fd6ab88a6f5a13c2ebeeb099abe008911c145d3fa1daa39500f019088d578,NOT_SENT
attack_flow::Ragnar Locker::0003,attack_flow,Ragnar Locker,3,3,3,0,0,c5c5af0e2bd9efce6d375f5248a54e1944177505510da6b09256e161a7902729,NOT_SENT
attack_flow::Ragnar Locker::0004,attack_flow,Ragnar Locker,4,4,3,0,0,588958174e3f181fa4bd050a2461f6b62d96dab28675698900171a39d92dfe12,NOT_SENT
attack_flow::Ragnar Locker::0005,attack_flow,Ragnar Locker,5,5,3,0,0,239fbece0b2f517377cae9f0f5bdc32ed7e5ad1545f72fb6001a98304b3088ff,NOT_SENT
attack_flow::Ragnar Locker::0006,attack_flow,Ragnar Locker,6,6,3,0,0,5ad2a1e3edff21ce654f90b959d5dd9c32cda0042364f9dbd6c32b0e656a00ca,NOT_SENT
attack_flow::Ragnar Locker::0007,attack_flow,Ragnar Locker,7,7,3,0,0,93edf8abf460352b69f12ad13d37f959478c5271f65f4d9808d2a92a44b859bf,NOT_SENT
attack_flow::Ragnar Locker::0008,attack_flow,Ragnar Locker,8,8,3,0,0,99195d07ef08497eba8f53b32a30159681c73db92028f978023c94a5134fa036,NOT_SENT
attack_flow::Ragnar Locker::0009,attack_flow,Ragnar Locker,9,9,3,0,0,93f12b90f3c46661de0a4b4a11b18c1a1225ea50f277e511d807c2520fba875d,NOT_SENT
attack_flow::Ragnar Locker::0010,attack_flow,Ragnar Locker,10,10,3,0,0,29897316f5665eb253c2bbee0e31234aafcb0ce104a529aed9e1092722932700,NOT_SENT
attack_flow::Ragnar Locker::0011,attack_flow,Ragnar Locker,11,11,2,0,0,27b7760bf5f7f2bdc784cfa66cb5e4a574a1ea89ea2fb7d81d9cb6ce0f362466,NOT_SENT
attack_flow::Ragnar Locker::0012,attack_flow,Ragnar Locker,12,12,1,0,0,42fdb43c7c4303c7b83e32c9c4169d1969792e2f626d573632eecdc5d8a0a864,NOT_SENT
attack_flow::SWIFT Heist::0001,attack_flow,SWIFT Heist,1,1,3,0,0,c74fcb111888a292fb248cce9801b57af543e3b1c8717553352a994b5993d735,NOT_SENT
attack_flow::SWIFT Heist::0002,attack_flow,SWIFT Heist,2,2,3,0,0,93142dc83903c67896facbb91ac95763be83768f87a9587a3be7dc74f91fd59e,NOT_SENT
attack_flow::SWIFT Heist::0003,attack_flow,SWIFT Heist,3,3,2,0,0,ac030bd02761ba1535a52040bbbf72308149bc350d0571e1ec15ed90e0d3470c,NOT_SENT
attack_flow::SWIFT Heist::0004,attack_flow,SWIFT Heist,4,4,1,0,0,46d03b83d7462a7bee4f4978eac1ff4031500c886788cc1934f1a8f1cf169b36,NOT_SENT
attack_flow::SearchAwesome Adware::0001,attack_flow,SearchAwesome Adware,1,1,3,0,0,d67f294c46ef834dda936a401db7a7d1234dd139e251a579ebf6b7226b9c2158,NOT_SENT
attack_flow::SearchAwesome Adware::0002,attack_flow,SearchAwesome Adware,2,2,3,0,0,7cd28780e9c6f66f229bab7389cf1ebbc58e8543b42438706b10ab80fa0f5c1d,NOT_SENT
attack_flow::SearchAwesome Adware::0003,attack_flow,SearchAwesome Adware,3,3,3,0,0,4e29f72dbc92fc1d08c5a879bc91f2204c65d84aa488278a2f5361543d20d505,NOT_SENT
attack_flow::SearchAwesome Adware::0004,attack_flow,SearchAwesome Adware,4,4,3,0,0,576164676617fcca218b827d20e31be0215cb479153536f454b880da9eff1183,NOT_SENT
attack_flow::SearchAwesome Adware::0005,attack_flow,SearchAwesome Adware,5,5,3,0,0,378fab60dd9613d87c873001c358dc8a59d4722059b74eff42748e03803c00bd,NOT_SENT
attack_flow::SearchAwesome Adware::0006,attack_flow,SearchAwesome Adware,6,6,3,0,0,e17ca729ef297dc9019e3408f67e31418dc10d5625b75f93b25d7fccf7fcb733,NOT_SENT
attack_flow::SearchAwesome Adware::0007,attack_flow,SearchAwesome Adware,7,7,3,0,0,4b0c59eb5978c055e910b902afa473421b95843b7ec949dafab4f4e19f5392d5,NOT_SENT
attack_flow::SearchAwesome Adware::0008,attack_flow,SearchAwesome Adware,8,8,3,0,0,5fa0cd01231532af7aac1f5a5a242228c6248073e44284ea53a50a4542961a54,NOT_SENT
attack_flow::SearchAwesome Adware::0009,attack_flow,SearchAwesome Adware,9,9,2,0,0,399f7076c24b5bc8840d3fd86921c7a46a7710fc2e30230eaf9a4f4d15637d73,NOT_SENT
attack_flow::SearchAwesome Adware::0010,attack_flow,SearchAwesome Adware,10,10,1,0,0,7078635571b9a0f8038010ff44d5fecadd970805a69843bec571f46eb8e01b71,NOT_SENT
attack_flow::Shamoon::0001,attack_flow,Shamoon,1,1,3,0,1,fea285d95586726f67e358e60a87c4d2a400f4f9c5760d5cc3baa66f57d08f9d,NOT_SENT
attack_flow::Shamoon::0002,attack_flow,Shamoon,2,2,3,0,2,f943fca4ae008e6996b5f6688e42d9744bb479eb2a9463faa6e3a187a1c79245,NOT_SENT
attack_flow::Shamoon::0003,attack_flow,Shamoon,3,3,3,0,3,501ecf350d43645dde372effe0c259cf07bfe4f3262b348da6857bd291d29fc5,NOT_SENT
attack_flow::Shamoon::0004,attack_flow,Shamoon,4,4,3,0,4,bd2894eccbc9ac75b3424af061cebcc7b0e1279a3f93101a966afddc3b340179,NOT_SENT
attack_flow::Shamoon::0005,attack_flow,Shamoon,5,5,3,0,5,f1e72967c2152f9dd90eb4fe7845ac7002c9d15715daa42a8d4f49875ae4e607,NOT_SENT
attack_flow::Shamoon::0006,attack_flow,Shamoon,6,6,3,0,6,900d8d3cf2906f667a3d9e2e6c442ab4f43644fe8f45f314cb72cab16f451c42,NOT_SENT
attack_flow::Shamoon::0007,attack_flow,Shamoon,7,7,3,0,7,0803d5ca20c0f56722ba85bea1e9195dcd8705992d0f0e1dee6fcfc4b178a717,NOT_SENT
attack_flow::Shamoon::0008,attack_flow,Shamoon,8,8,3,0,7,335ed1045c28eb47d51e51aa16e77ced0ad9209103fec95bee3c406aca394e17,NOT_SENT
attack_flow::Shamoon::0009,attack_flow,Shamoon,9,9,3,0,8,655b268206917358a5212f616d51b6f9f3f2de6fbb65a7ad89bc20ee57e8f158,NOT_SENT
attack_flow::Shamoon::0010,attack_flow,Shamoon,10,10,3,0,9,a93e7157300a963d01ff24af2c1e9881a6e427080c3a92e13d2363c608831d18,NOT_SENT
attack_flow::Shamoon::0011,attack_flow,Shamoon,11,11,3,0,9,a677e33097bc56c6cc91d3dc387f0925b5138fffbbd6a5ce30f5e1806b149b37,NOT_SENT
attack_flow::Shamoon::0012,attack_flow,Shamoon,12,12,3,0,10,4ea94abd342daca0e1b0308a1ff6b00374b3c7ab7b36c8f4236b8e4e824c93b2,NOT_SENT
attack_flow::Shamoon::0013,attack_flow,Shamoon,13,13,3,0,11,9987a9807620729df9a82965bd16b61eb3bcb4393f133f3d22352122a388312b,NOT_SENT
attack_flow::Shamoon::0014,attack_flow,Shamoon,14,14,3,0,11,d606f285dd5d57c103ea80e87085d66bdd9760fa4d089b93ffe1af23189ecf82,NOT_SENT
attack_flow::Shamoon::0015,attack_flow,Shamoon,15,15,3,0,12,1e07ae80b2c9212b2c85322d287be00e79e42d063392b19202037034996df05f,NOT_SENT
attack_flow::Shamoon::0016,attack_flow,Shamoon,16,16,3,0,13,dda61877582e301723ae5b3601ac76960478acd35f91bbce4cbc6e6fcd5d7a09,NOT_SENT
attack_flow::Shamoon::0017,attack_flow,Shamoon,17,17,2,0,13,c2e9cf441425744ff95493086b4eb41fa3931c8a4718c02f8043a494a0e17c06,NOT_SENT
attack_flow::Shamoon::0018,attack_flow,Shamoon,18,18,1,0,13,79d57e4f1df6ea4bf74b00eb86213984c6d02e08fb7504983cb1a73ae5f6fb41,NOT_SENT
attack_flow::SolarWinds::0001,attack_flow,SolarWinds,1,1,3,0,2,fe499b00d77acf7960d4c6a4663913428fe86de9ad8389ea9cefeb60751887e0,NOT_SENT
attack_flow::SolarWinds::0002,attack_flow,SolarWinds,2,2,3,0,2,79320380ecd93fd7f4056578417a684da5c2ae8f365c89c7ea5894914437f92d,NOT_SENT
attack_flow::SolarWinds::0003,attack_flow,SolarWinds,3,3,3,0,3,6a37aa95cd97379881f0d13760fdb77c8d58ab1ea8776c76009546a4c0569fe3,NOT_SENT
attack_flow::SolarWinds::0004,attack_flow,SolarWinds,4,4,3,0,3,18aac369545e9831f1fccd7f4574b042b77dc76995c1fb1195da16c7a028eb43,NOT_SENT
attack_flow::SolarWinds::0005,attack_flow,SolarWinds,5,5,3,0,3,0fcfb59b37dfb2b07c63c785a051030b590113777d38bfe193b6f1d77b31e72c,NOT_SENT
attack_flow::SolarWinds::0006,attack_flow,SolarWinds,6,6,3,0,3,52e8542bddf6457fad93b6cb7cbbc5b3e75cc76eb26f19ad3d9aca23740cdae5,NOT_SENT
attack_flow::SolarWinds::0007,attack_flow,SolarWinds,7,7,3,0,3,047591f0a14f7a92f069650b7beb326f160c8e1ffd09c4e1298989888c0d8134,NOT_SENT
attack_flow::SolarWinds::0008,attack_flow,SolarWinds,8,8,3,0,3,51c6965d4ef0b880a805f1512c59818cd2443a29bc3e631a26c85a3c598922a2,NOT_SENT
attack_flow::SolarWinds::0009,attack_flow,SolarWinds,9,9,3,0,3,7e47438c98c14e25703504c46c8a60d2aee95559ca49aec51d79023670a1a7bc,NOT_SENT
attack_flow::SolarWinds::0010,attack_flow,SolarWinds,10,10,3,0,3,08d8aa3c13a21ce6ebb41f2644be75dda0dd099a49f65d9078ec1136da27923b,NOT_SENT
attack_flow::SolarWinds::0011,attack_flow,SolarWinds,11,11,3,0,3,34c25cc0e0e37e7ae7a281159878e07143f4b4896b6bc01040a3b28ad43ec394,NOT_SENT
attack_flow::SolarWinds::0012,attack_flow,SolarWinds,12,12,3,0,3,1651715c09a0db3e57e82da0be8e3c503d77bb485e9e7bbeb2705c24e7a17ceb,NOT_SENT
attack_flow::SolarWinds::0013,attack_flow,SolarWinds,13,13,3,0,3,4bf995061ec17c611bae6d5e58aee83dd59d41e859ce729ed16655f8d49dc432,NOT_SENT
attack_flow::SolarWinds::0014,attack_flow,SolarWinds,14,14,3,0,3,655d8765c56f19e01ed17bbb31eeca67160aae43f5f3c2cfc48a299e2fbb5364,NOT_SENT
attack_flow::SolarWinds::0015,attack_flow,SolarWinds,15,15,3,0,3,0637ec376906ec616457ff1bc890534a7ae7906a5bf34f5f96f3e6161ad59c00,NOT_SENT
attack_flow::SolarWinds::0016,attack_flow,SolarWinds,16,16,2,0,3,c514220fca1b69854cd7c532e7a37310e5094a5fff4b1f64fa939f8af18cdb31,NOT_SENT
attack_flow::Sony Malware::0001,attack_flow,Sony Malware,1,1,3,0,0,cfd3cd0f8b134e1d28f75bd0ff8866bfdee2c193e9cf72bed2c6166827f7f3e1,NOT_SENT
attack_flow::Sony Malware::0002,attack_flow,Sony Malware,2,2,3,0,0,2207d147db6626ffb1fce47f930f77f074c3015179099d16beb553d8c6f571d3,NOT_SENT
attack_flow::Sony Malware::0003,attack_flow,Sony Malware,3,3,3,0,0,c7c489599b7df1dd5e86d393974e9c840a2a20348fd111e2ace5e275edd559f7,NOT_SENT
attack_flow::Sony Malware::0004,attack_flow,Sony Malware,4,4,3,0,0,7fb26cd3dbb76883dc8889067e9a9ab052e237998564ef7c5f36c0c30f9c029c,NOT_SENT
attack_flow::Sony Malware::0005,attack_flow,Sony Malware,5,5,3,0,0,601d6cb8a90222d6251eb2c1b81b5bd6ece056507e1b354d60a6529bc179ff88,NOT_SENT
attack_flow::Sony Malware::0006,attack_flow,Sony Malware,6,6,3,0,0,c4c19f8b07254e9f8c530f205ca0dd7af3b91160f4280f0df04c2f1d68ff55cd,NOT_SENT
attack_flow::Sony Malware::0007,attack_flow,Sony Malware,7,7,3,0,0,138a267f6d16ac6a8e914ea876850558946e2ecedf9ed03e9746f96c936d9821,NOT_SENT
attack_flow::Sony Malware::0008,attack_flow,Sony Malware,8,8,3,0,0,410a64f0f40767c4a77b025cec37956678f64b8bc3957507c26797bfcb1b19e8,NOT_SENT
attack_flow::Sony Malware::0009,attack_flow,Sony Malware,9,9,3,0,0,e17610125022e88185df766ff22641ba75ff509949211fa811cb1c68f283b13a,NOT_SENT
attack_flow::Sony Malware::0010,attack_flow,Sony Malware,10,10,3,0,0,e2cc1dcc783a3bbcfb167eac2550a00dfb131dae5c104688020fdc1dc3576497,NOT_SENT
attack_flow::Sony Malware::0011,attack_flow,Sony Malware,11,11,2,0,0,b07d0fefb80cf064bd681dee3e61802c507cd2ed298c7883a294f581b68753d4,NOT_SENT
attack_flow::Sony Malware::0012,attack_flow,Sony Malware,12,12,1,0,0,3491bfa4a8e636daa38fd70c3455e31ded0f660a0c815a013482a2bc45306097,NOT_SENT
attack_flow::Target Breach::0001,attack_flow,Target Breach,1,1,3,0,0,49cdde9225154d8a2491a799ab31f9f26eb99e0e4d7e1e404c5ea1f29cf5f9c3,NOT_SENT
attack_flow::Target Breach::0002,attack_flow,Target Breach,2,2,3,0,0,618a3a8e770ab61b7f5bdec5e2b0a720ac1a6ffd5209256b089378a1a3b7fa28,NOT_SENT
attack_flow::Target Breach::0003,attack_flow,Target Breach,3,3,3,0,0,efa9f26d5b2792c45d367b69233fae91ca27cef9d07d218fd4bcb0b7472470f6,NOT_SENT
attack_flow::Target Breach::0004,attack_flow,Target Breach,4,4,3,0,0,0a8ae243265c86263cd4e7db4889f8e8da6916448604e063fd2baf5350bd2239,NOT_SENT
attack_flow::Target Breach::0008,attack_flow,Target Breach,8,8,3,0,0,14cb4fad4dbf0852b669e8e37bcbf49e9a649ae56f394216ce844cb62d17ad9a,NOT_SENT
attack_flow::Target Breach::0009,attack_flow,Target Breach,9,9,3,0,0,7925102628e59870d522cf4640ac85b1cb2340571a5f3c4e0b545a73d6536ce7,NOT_SENT
attack_flow::Target Breach::0010,attack_flow,Target Breach,10,10,2,0,0,1ab5982e1ab78378b8e79a2e2a6f25924cdcb066abdd58501609061988b5808a,NOT_SENT
attack_flow::Target Breach::0011,attack_flow,Target Breach,11,11,1,0,0,b719ceefa48498c5f14f171de25efeb6ce981e044c34c67f408c4f03b6304eb1,NOT_SENT
attack_flow::Tesla Kubernetes Breach::0001,attack_flow,Tesla Kubernetes Breach,1,1,3,0,0,15b1b89c6292411eab9048835aab08e5ab028f1c9ed70f8ce408e8cc7e05d66a,NOT_SENT
attack_flow::Tesla Kubernetes Breach::0002,attack_flow,Tesla Kubernetes Breach,2,2,2,0,0,078a56f35c3b1bed370d61e631ecae1bc24256e765b24b30139fd26e2f2a47ce,NOT_SENT
attack_flow::Tesla Kubernetes Breach::0003,attack_flow,Tesla Kubernetes Breach,3,3,1,0,0,d29c9f71425c7a44c162f692506360791c0edecd12ff6539802dd61adffab482,NOT_SENT
attack_flow::Uber Breach::0001,attack_flow,Uber Breach,1,1,3,0,0,a47063392358c6e636c48db851deb6f008efa0ddadd3f2bd4e59bc8741ff02b5,NOT_SENT
attack_flow::Uber Breach::0002,attack_flow,Uber Breach,2,2,3,0,0,4344b04b4eae63c214448e14503c54b3a51306c35e833429edc8dd309f50e166,NOT_SENT
attack_flow::Uber Breach::0003,attack_flow,Uber Breach,3,3,3,0,0,733d1e8386afbd9e1def5965800571d4171c12bb116e027bc39579c2d10319a1,NOT_SENT
attack_flow::Uber Breach::0004,attack_flow,Uber Breach,4,4,3,0,0,8107ca548a9e8dbacc46997fb290f889708eea09471d9d492e738f87ed3fb895,NOT_SENT
attack_flow::Uber Breach::0005,attack_flow,Uber Breach,5,5,2,0,0,8c8fce68281504cc2ebdf4786bb253ac928b0364036f73e8c494983a7ef7f075,NOT_SENT
attack_flow::Uber Breach::0006,attack_flow,Uber Breach,6,6,1,0,0,8d19ea6f880731605f1bc2883db3e925f34224ce9cd645b1230c06667456146f,NOT_SENT
attack_flow::WhisperGate::0001,attack_flow,WhisperGate,1,1,3,0,0,b5934048cc40df6a2f491568ade03856db5f8bea5b680d1c9e98675bdde4b0ae,NOT_SENT
attack_flow::WhisperGate::0002,attack_flow,WhisperGate,2,2,3,0,0,e6e9b2512eec1a44235df2726b9aff83c6f36e43fdff7540c4595a552faaf66f,NOT_SENT
attack_flow::WhisperGate::0003,attack_flow,WhisperGate,3,3,3,0,0,56923778b8f0cbee5fb96323da0115c7f98c3ce04732cfa923ccfa1f4f957704,NOT_SENT
attack_flow::WhisperGate::0004,attack_flow,WhisperGate,4,4,3,0,0,f8a63941b7946aea48de98117b619e9eb99db2292f1c4822b2b82806c1f46e5f,NOT_SENT
attack_flow::WhisperGate::0005,attack_flow,WhisperGate,5,5,3,0,0,57c8e90c01c1987ee55c3c7db566c5324a021eaac1891374058c10dc3ab43a8b,NOT_SENT
attack_flow::WhisperGate::0006,attack_flow,WhisperGate,6,6,3,0,0,45cf9ddbeb326b6caffcfe31b7d3b3a90e687bd164e430aa62d018f298df3579,NOT_SENT
attack_flow::WhisperGate::0007,attack_flow,WhisperGate,7,7,3,0,1,e9151a4f2f8b9ae0fe37b4a06848d3d97ff72f40ae2b5e2d6520748381877862,NOT_SENT
attack_flow::WhisperGate::0008,attack_flow,WhisperGate,8,8,3,0,1,da42973704a0599f0d4d0f970ce3025fb8e2c20f33cca2b18fa9dcb7a8bbcf26,NOT_SENT
attack_flow::WhisperGate::0009,attack_flow,WhisperGate,9,9,3,0,1,c988521cf6f03588dc02fb75792dca3c3fc0743c6a980fd42b54ead63a7d06bb,NOT_SENT
attack_flow::WhisperGate::0010,attack_flow,WhisperGate,10,10,3,0,1,dab99267d01932da4a63e5aae5b8488029e0a50bd6c19824dceb13224caa1a98,NOT_SENT
attack_flow::WhisperGate::0011,attack_flow,WhisperGate,11,11,3,0,1,63d2e0959e7c617b9f6af59337626366ecc19750909e3c2af6d54e4b8adf5e51,NOT_SENT
attack_flow::WhisperGate::0013,attack_flow,WhisperGate,13,13,3,0,1,333af7298dcf19802457fbe6dd9ae99e901207a5de497c6b0cef68897f463cee,NOT_SENT
attack_flow::WhisperGate::0014,attack_flow,WhisperGate,14,14,3,0,1,45aa6866550465523a862c3c64896c06c92a8eb4728b308d8a39686b0ec83e34,NOT_SENT
attack_flow::WhisperGate::0015,attack_flow,WhisperGate,15,15,3,0,1,607a4fb83152cfd770851527f4ac550232f4c85202d0dd5c1d118db7d42048aa,NOT_SENT
attack_flow::WhisperGate::0016,attack_flow,WhisperGate,16,16,2,0,1,ff67e1d96a3a096b11501eaa0f4222058cf83e51b491c72e5d716e7446cc99ee,NOT_SENT
attack_flow::WhisperGate::0017,attack_flow,WhisperGate,17,17,1,0,2,863c9e82ea99d18bfbcbb006cd58288f3027939bf158cce17297bc88cebbaab2,NOT_SENT
ctid::apt29::unknown::0001,ctid,apt29::unknown,1,1,3,0,0,788b705c1f242a9eefa6c5259e168a6aa9cac0ca789dcd7bdaace3abc25eafa8,NOT_SENT
ctid::apt29::unknown::0002,ctid,apt29::unknown,2,2,3,0,0,53edc398ecf615ca39b6280553812649c21e5971fa5647a842fff3ab9d3ee293,NOT_SENT
ctid::apt29::unknown::0003,ctid,apt29::unknown,3,3,3,0,0,eaaacb99bfbdf25b1fd80ac097fbf97f52383665102c4de7daab640c2249e8df,NOT_SENT
ctid::apt29::unknown::0004,ctid,apt29::unknown,4,4,3,0,0,57f3c9a6df85706831135d03d277ac5c0c80605b9d38ac56fe4a9bde69b84bf2,NOT_SENT
ctid::apt29::unknown::0005,ctid,apt29::unknown,5,5,3,0,0,3f4e7ef2266e1d93faff0a1b45573c990a8c92d9e35cc4264efe60472d715070,NOT_SENT
ctid::apt29::unknown::0006,ctid,apt29::unknown,6,6,3,0,0,55241aa34e54ae5962af0a9676a9e487c3c01a12f08526487cb925a0fd00a257,NOT_SENT
ctid::apt29::unknown::0007,ctid,apt29::unknown,7,7,3,0,0,bf5fa33a2e00c775512398d99ebd482974cd57909f665ea29ad69379ce88b659,NOT_SENT
ctid::apt29::unknown::0008,ctid,apt29::unknown,8,8,3,0,0,b93e5c56ded9388f8eba1ca61bb14292355445118aca85120acd368697cc2389,NOT_SENT
ctid::apt29::unknown::0009,ctid,apt29::unknown,9,9,3,0,0,f74989b0a165e2698a1b46d64f161d04b9e005627e610d55c40afcae0b0f16a8,NOT_SENT
ctid::apt29::unknown::0010,ctid,apt29::unknown,10,10,3,0,0,a9d51148e75f834ca7d91bb88d1479d11fcf1d31a51a1dd972a1f8577376a189,NOT_SENT
ctid::apt29::unknown::0011,ctid,apt29::unknown,11,11,3,0,0,5683a2917b2e089b574caeab871de3d1b15d283658dd8095734331d0959fd0de,NOT_SENT
ctid::apt29::unknown::0012,ctid,apt29::unknown,12,12,3,0,0,3c164cea6983276e46841a66eee6c3f79052ecbfbe28a877f37ce539166cf65f,NOT_SENT
ctid::apt29::unknown::0013,ctid,apt29::unknown,13,13,3,0,0,dbcc1411840640a76d73430e46c3e05788050f3bc4a1bf04b91840a3b9d2e614,NOT_SENT
ctid::apt29::unknown::0014,ctid,apt29::unknown,14,14,3,0,0,940cd25eb15b27fe032c35a4d46b1cec9ec6718c48aca3bea6f67646ad14dc57,NOT_SENT
ctid::apt29::unknown::0015,ctid,apt29::unknown,15,15,3,0,0,efe153e05d52862d8893892f68198e1365511af6e5f9e8526a7036e6f4eadab7,NOT_SENT
ctid::apt29::unknown::0016,ctid,apt29::unknown,16,16,3,0,0,ed28361526023c581a27fa632ab9fb0df49b7fcd9262d0caff904cbf337088eb,NOT_SENT
ctid::apt29::unknown::0017,ctid,apt29::unknown,17,17,3,0,0,33d7ea7899c25aca43fa7bf7babcc6455752025e4970f5ffce8cb1f37c387f47,NOT_SENT
ctid::apt29::unknown::0018,ctid,apt29::unknown,18,18,3,0,0,575cf1137233baa589635fd840e3a8df5ede1b105df9cf1f6efb4caa8cfd4e3a,NOT_SENT
ctid::apt29::unknown::0019,ctid,apt29::unknown,19,19,3,0,0,780092cdfa119ebb9dbddfcac57bc5e9b2aa39240ed8cb494c5896736893624f,NOT_SENT
ctid::apt29::unknown::0020,ctid,apt29::unknown,20,20,3,0,0,dc2eb55d307070e0b154e802f43315c434063a099941664a53883bdbc58fdaf7,NOT_SENT
ctid::apt29::unknown::0021,ctid,apt29::unknown,21,21,3,0,0,8044ae32be571ec51311469f184122af53c4de475245a5c69d245b0f669aa854,NOT_SENT
ctid::apt29::unknown::0022,ctid,apt29::unknown,22,22,3,0,0,3743efbc03fb9218eb16f685f5e424b62bed0dd588d2536352f4164b93ef8e91,NOT_SENT
ctid::apt29::unknown::0023,ctid,apt29::unknown,23,23,3,0,0,d683940ef0feb1f9b618eb5017d92bc30e7e89c507a296196c46a9909f5255e8,NOT_SENT
ctid::apt29::unknown::0024,ctid,apt29::unknown,24,24,3,0,0,c11c83b5bd38c7aa5de2943fdd7d4f41a1d70b35a3237391bbc78490b9da850d,NOT_SENT
ctid::apt29::unknown::0025,ctid,apt29::unknown,25,25,3,0,0,a5efa93114664bab759a0e3f2d6e4856d7f58ffecd2b927bbd598fe04e1bf6f4,NOT_SENT
ctid::apt29::unknown::0026,ctid,apt29::unknown,26,26,3,0,0,df3f3250f13814157d4a00b1ae58448f7402356165d62591b2165c810b95b5bb,NOT_SENT
ctid::apt29::unknown::0028,ctid,apt29::unknown,28,28,3,0,0,afdd225e4470e7118444d7e74c5fd826bb2efa42f2b23bff07af59ec930d7bed,NOT_SENT
ctid::apt29::unknown::0029,ctid,apt29::unknown,29,29,3,0,0,5d8dae839e8de90980e5cbe5c4cbb660442be3f3668403ffbd64d6207cd882d6,NOT_SENT
ctid::apt29::unknown::0030,ctid,apt29::unknown,30,30,3,0,0,b6ba2c5e5ebaf127c1bd70bb08674872ea79ec7bb1ae979deef1904de6a30657,NOT_SENT
ctid::apt29::unknown::0031,ctid,apt29::unknown,31,31,3,0,0,6f5d462c7464b41ea5fc570516a796b4ae8045847d5aa70da237fe510ffd2cc0,NOT_SENT
ctid::apt29::unknown::0032,ctid,apt29::unknown,32,32,3,0,0,50027d254b51adb828b0b416a7ebe21d14a2f05fe8ef693bdf0757efc4198723,NOT_SENT
ctid::apt29::unknown::0033,ctid,apt29::unknown,33,33,3,0,0,cc0023dc16040b5eadb06fb0617c92927364f8098a47358af39b13d9f8a6ba67,NOT_SENT
ctid::apt29::unknown::0034,ctid,apt29::unknown,34,34,3,0,0,d070772869e39f85d0fc1614c0cff8440397bd06d2317c46924b7f29e1598cd0,NOT_SENT
ctid::apt29::unknown::0035,ctid,apt29::unknown,35,35,3,0,0,600ecced799e91ab9eea6a563b2dc7f568a0181e5e254a0e9eeafc144f9e3249,NOT_SENT
ctid::apt29::unknown::0036,ctid,apt29::unknown,36,36,3,0,0,f25d0d3d4204eb66f6e6a1bdda12bf8d60191323d30c057803e9303f36cca122,NOT_SENT
ctid::apt29::unknown::0037,ctid,apt29::unknown,37,37,3,0,0,2ca4be494ff4525b9a524cceb94bdc2262ddab45f0ed3642f3ee44047e639a21,NOT_SENT
ctid::apt29::unknown::0038,ctid,apt29::unknown,38,38,3,0,0,af41e2de6dac3f905b35b1f34a5522e6a03234279ef2fd3fbdfad3e84a2f6c75,NOT_SENT
ctid::apt29::unknown::0039,ctid,apt29::unknown,39,39,3,0,0,776c90a72898ab4ece52e593e44fdec8b457e788234ee5cdea1e1c7475f092c6,NOT_SENT
ctid::apt29::unknown::0040,ctid,apt29::unknown,40,40,3,0,0,09145600c6f54fe6ae42d05985993e2bdb27975cc9aef56b4cb16b60cba15c2a,NOT_SENT
ctid::apt29::unknown::0041,ctid,apt29::unknown,41,41,3,0,0,f3a4fc7237c1465b09c8219b40ccbffd3109b7f3455dba8e91c4e4cb683b10be,NOT_SENT
ctid::apt29::unknown::0042,ctid,apt29::unknown,42,42,3,0,0,9963654cf2fd0d7af0e305caa2f5c2881a1ed1c79200d586047f77ba3c129169,NOT_SENT
ctid::apt29::unknown::0043,ctid,apt29::unknown,43,43,3,0,0,4ebefca3adbba93f839ec144b06c21c6bdf1ae67840f1ab204a14972f8b2668a,NOT_SENT
ctid::apt29::unknown::0044,ctid,apt29::unknown,44,44,3,0,0,7a930f85463ca6b0f898a0bcd2ee4830e822716a46a2aa8ab98fba79bf4f4dcf,NOT_SENT
ctid::apt29::unknown::0045,ctid,apt29::unknown,45,45,3,0,0,756d984430f23f197507998b467144eb953ec3103ff9f37d47a55ed727f851b4,NOT_SENT
ctid::apt29::unknown::0046,ctid,apt29::unknown,46,46,3,0,0,ce417742db50d748d51eb35ab7d60e7460ca09453e363376514c4eede03a0fc8,NOT_SENT
ctid::apt29::unknown::0047,ctid,apt29::unknown,47,47,3,0,0,5058d24ee498e815a0d7646d3a4f1c2a5e9f043235a7eb0ed2396dcf2954c07c,NOT_SENT
ctid::apt29::unknown::0048,ctid,apt29::unknown,48,48,3,0,0,ff1468e0dcf2554cc3f2b2632b4f8d9a7603c6aeda78f531baaf020720277aee,NOT_SENT
ctid::apt29::unknown::0049,ctid,apt29::unknown,49,49,3,0,0,590385e88998f3a87d841903c57566a8748c6a11beb64711f5ac1d5e3b38a129,NOT_SENT
ctid::apt29::unknown::0050,ctid,apt29::unknown,50,50,3,0,0,a4b83bc7f0e81714b087ede6f8e518ac66b4daf78ed96d1e495c4c07e62e3347,NOT_SENT
ctid::apt29::unknown::0051,ctid,apt29::unknown,51,51,3,0,0,bb2ccf84fa099d3085cac146181942747e77a54ad74f19156a130092bffb9e2c,NOT_SENT
ctid::apt29::unknown::0052,ctid,apt29::unknown,52,52,3,0,0,74afd4e0a0e8e3615b1fb864d2270a90e15a76a5beef4a117fbbd10ba8b50670,NOT_SENT
ctid::apt29::unknown::0053,ctid,apt29::unknown,53,53,3,0,0,d98264428c526ec88bed52cb79bbc2898bda956387f67a2d9431a725c380842d,NOT_SENT
ctid::apt29::unknown::0054,ctid,apt29::unknown,54,54,3,0,0,38cf0d4d9a7f470d7af379c40a47d899d575f2117c009a7610e0a1d548f324a9,NOT_SENT
ctid::apt29::unknown::0055,ctid,apt29::unknown,55,55,3,0,0,28004e9412408e53c9812f9375678627bdab78b9c8a8c048264d45a49cdad0f7,NOT_SENT
ctid::apt29::unknown::0056,ctid,apt29::unknown,56,56,3,0,0,6c7d16173bb1198addcc4fd0f76a6a30394fa885b594ed7ebbb11dbdcb5b6fcc,NOT_SENT
ctid::apt29::unknown::0057,ctid,apt29::unknown,57,57,3,0,0,45faa00144147682577220adb2cc72ba27536d7c35d64b3a8bfddfc167bbec66,NOT_SENT
ctid::apt29::unknown::0058,ctid,apt29::unknown,58,58,3,0,0,c91fd10e898520e72d7e1093f3ad9414c1379de88875f0cdb1bb971780484e2e,NOT_SENT
ctid::apt29::unknown::0059,ctid,apt29::unknown,59,59,3,0,0,2064edca462abe651f818afe5ab308e5a9b79ff6b07065125794e52df23cb6d5,NOT_SENT
ctid::apt29::unknown::0060,ctid,apt29::unknown,60,60,3,0,0,3e060b16ce2c7827d96a4287d277ccd5d938f9085201b0984d78dbbd60384d28,NOT_SENT
ctid::apt29::unknown::0061,ctid,apt29::unknown,61,61,3,0,0,3659b6a040b95a3d98af780a9f5b41007fff0e328bc1364d95188ee98ada1cbb,NOT_SENT
ctid::apt29::unknown::0062,ctid,apt29::unknown,62,62,3,0,0,12f7b5bdf01d33719325d5018a81a51e86938ee055202a13217b79bb495f257b,NOT_SENT
ctid::apt29::unknown::0063,ctid,apt29::unknown,63,63,2,0,0,690fcf4c7de5022160b4da08d03e09b25cbb7b9f0f6e5349d021430d9750cd91,NOT_SENT
ctid::apt29::unknown::0064,ctid,apt29::unknown,64,64,1,0,0,4489880f0f970c910f21efdb21fef1baa2d5339749724edf654b59ba8b605804,NOT_SENT
ctid::carbanak::unknown::0001,ctid,carbanak::unknown,1,1,3,0,0,72f8a36e13df6a88dd953e84d669e59664235c52e965be6883238c601bdf6eb9,NOT_SENT
ctid::carbanak::unknown::0002,ctid,carbanak::unknown,2,2,3,0,0,559c2b09c87eb987f4d4d35dc83dab67a10bff27f589dfa04b3cd3f8b5ec9dec,NOT_SENT
ctid::carbanak::unknown::0003,ctid,carbanak::unknown,3,3,3,0,0,b6c8ef2a29354d9c2e13913b183962922df188626805df5e74603a4bcad76228,NOT_SENT
ctid::carbanak::unknown::0004,ctid,carbanak::unknown,4,4,3,0,0,105376b527b5b7843032f63af47edebb5e85f5b940039af775d26951dbc2802e,NOT_SENT
ctid::carbanak::unknown::0005,ctid,carbanak::unknown,5,5,3,0,0,3dcf84fed270c1ee2394503ac8887741a71f37c0f723b3cd03b99d974f86f8c4,NOT_SENT
ctid::carbanak::unknown::0006,ctid,carbanak::unknown,6,6,3,0,0,21181013b2a1a56eed1fb627c82707764cd31fa2977e04c08e6a4851b49704a5,NOT_SENT
ctid::carbanak::unknown::0008,ctid,carbanak::unknown,8,8,3,0,0,1c8d5c8af8d912f0eed7d90c7788fadca6a5879ea9f2811a95aab01331f35701,NOT_SENT
ctid::carbanak::unknown::0009,ctid,carbanak::unknown,9,9,3,0,0,ce526e76305d9398718dda866831435781644804713871a7486e2ede8cfc1ba3,NOT_SENT
ctid::carbanak::unknown::0010,ctid,carbanak::unknown,10,10,3,0,0,efd6c58783e54e3eac0cbf8b0294a89500325605e88bf6682a0d6e42248a666c,NOT_SENT
ctid::carbanak::unknown::0011,ctid,carbanak::unknown,11,11,3,0,0,26138f9f2c5427775bc8387bb693d973d472ab7b3731c35d0059507db6eb5c20,NOT_SENT
ctid::carbanak::unknown::0012,ctid,carbanak::unknown,12,12,3,0,0,c95d5063b96f7ca23ea861c95d4a13716b4d250ef425f385ff913b0fdcffed55,NOT_SENT
ctid::carbanak::unknown::0013,ctid,carbanak::unknown,13,13,3,0,0,04b1abb14fb6562ea3556dc6e0192b4fbeb343ed225b794e1e49678cd47ed408,NOT_SENT
ctid::carbanak::unknown::0014,ctid,carbanak::unknown,14,14,3,0,0,ad1c66da9663003ddc22e22c59079f65a239c780eacb7305d6d02a0c896cb5e6,NOT_SENT
ctid::carbanak::unknown::0015,ctid,carbanak::unknown,15,15,3,0,0,bc537ec28555a1a99db010d691e3a4e38907014799495ff21c6d00d896f59f88,NOT_SENT
ctid::carbanak::unknown::0016,ctid,carbanak::unknown,16,16,3,0,0,e1ccb351d7f8d13f06f8fecc5ff82a71045ca4fd92a5cfba85e493c7314ce3f6,NOT_SENT
ctid::carbanak::unknown::0017,ctid,carbanak::unknown,17,17,3,0,0,cb8a0654b8a2cc42b121fc240d6f13eb4af44246f432ba2c619e6a5c646685e6,NOT_SENT
ctid::carbanak::unknown::0018,ctid,carbanak::unknown,18,18,3,0,0,ce5d5b199ef99a27d3247daf00ebd0dec4041e4a6f2eaa030a72e64e86bcd52e,NOT_SENT
ctid::carbanak::unknown::0019,ctid,carbanak::unknown,19,19,2,0,0,3c4cab1437f6629c2481b9875609845bfd5ed2d90c5fdccf6811d027c5c25760,NOT_SENT
ctid::carbanak::unknown::0020,ctid,carbanak::unknown,20,20,1,0,0,713a113a7bb7b14c553cb0f1e383243c099e6c9a3c20ab0edb197b3e52bddc68,NOT_SENT
ctid::fin6::unknown::0001,ctid,fin6::unknown,1,1,3,0,0,ae28cf51797a71b71251ffa4d34d8e2027bce0a8ccac50559fc9a2150a0bb5f3,NOT_SENT
ctid::fin6::unknown::0002,ctid,fin6::unknown,2,2,3,0,0,5d629f145ca546b82f1a1557c30fb73474d137c3ee917ac18020d45129edeed4,NOT_SENT
ctid::fin6::unknown::0003,ctid,fin6::unknown,3,3,3,0,0,d7117571303ee062d1ab813e4cf42d5b3c10be04d101039a189a1ac42bff7194,NOT_SENT
ctid::fin6::unknown::0004,ctid,fin6::unknown,4,4,3,0,0,38830c715406b1991defc67b7000b01c1431b8bfb126fefe0d9c1eb6162c4a21,NOT_SENT
ctid::fin6::unknown::0005,ctid,fin6::unknown,5,5,3,0,0,9dff995c84efe4b66163e9fcb404d1a05a323e2b6f255943e91f0160e4debb9a,NOT_SENT
ctid::fin6::unknown::0006,ctid,fin6::unknown,6,6,3,0,0,2b873726f88bd39ec32bba38df1cec783bfc6064f5eb3e2ac3f7c23fad329d59,NOT_SENT
ctid::fin6::unknown::0007,ctid,fin6::unknown,7,7,3,0,0,b6c6440e0a0250dd4bd815ca6bf0f6934efd253a7d3895862a0a99f5e545ed42,NOT_SENT
ctid::fin6::unknown::0008,ctid,fin6::unknown,8,8,3,0,0,340698e47de3bc5ea259eb8f7fad06b94dbec550f172f25c3b670a2c52be44a8,NOT_SENT
ctid::fin6::unknown::0009,ctid,fin6::unknown,9,9,3,0,0,3d8f00bf253c9018f174b45ce4ddfb0e4e95e330b8ba379f36deed8c1815cd23,NOT_SENT
ctid::fin6::unknown::0010,ctid,fin6::unknown,10,10,3,0,0,3e5ddf6b7b245811fc7c36ef4af5bb0eec3820c25ffec03287e388c4ed2826b2,NOT_SENT
ctid::fin6::unknown::0012,ctid,fin6::unknown,12,12,3,0,0,de36d5cc7ca997f38219cbb205f430664870b69e3768f138b80d0e03f32da410,NOT_SENT
ctid::fin6::unknown::0013,ctid,fin6::unknown,13,13,3,0,0,41e6f0b93bcec99d429e403eaf8a2fb0b810560612d8da203fbd8ad9eca7339f,NOT_SENT
ctid::fin6::unknown::0014,ctid,fin6::unknown,14,14,3,0,0,65355b2135cb1f9a0608b9eeff82b88e097700752981377f249bc5d4a627b0e9,NOT_SENT
ctid::fin6::unknown::0015,ctid,fin6::unknown,15,15,3,0,0,f2e8426811d9e77ad892212277a9136ff50b951f1f7b40c9fd305de4d5e0e699,NOT_SENT
ctid::fin6::unknown::0016,ctid,fin6::unknown,16,16,2,0,0,dae60bfc8335093842efea62a4d6888c84ea5150562ab7b4467ccbad4b64faef,NOT_SENT
ctid::fin6::unknown::0017,ctid,fin6::unknown,17,17,1,0,0,d4aa5f5e920e5f8d44dfaa24346241c4e62f9337604594aa454d1b6f2302e402,NOT_SENT
ctid::fin7::unknown::0001,ctid,fin7::unknown,1,1,3,0,0,254d5aedda950d9b8c3c267a9576aa69e83ea254f8ec9c38bdb253fdbf6f8742,NOT_SENT
ctid::fin7::unknown::0002,ctid,fin7::unknown,2,2,3,0,0,d42e94493d7f90bc3b587b1c7a6061d48b62b862234dc13bfd6cc93ae34a6d16,NOT_SENT
ctid::fin7::unknown::0003,ctid,fin7::unknown,3,3,3,0,0,4de8ff97230b2b921b78e6be24e7f3f142e3626bef21376d00f1b0dab849a22c,NOT_SENT
ctid::fin7::unknown::0004,ctid,fin7::unknown,4,4,3,0,0,87b0f42f7adeb9ab1bdb4ed0bffa65e9267542d2ebda7e44cfa01b9158382c45,NOT_SENT
ctid::fin7::unknown::0006,ctid,fin7::unknown,6,6,3,0,0,6054b0497caa433a3967d63bf57a9f9d401c2623bdc6f69c2032e15e3edb92e4,NOT_SENT
ctid::fin7::unknown::0007,ctid,fin7::unknown,7,7,3,0,0,4b472eb918ee3c1a39ddff5ee3d3575e3749f8e7622041cd9cb66efb6099f337,NOT_SENT
ctid::fin7::unknown::0008,ctid,fin7::unknown,8,8,2,0,0,00aa1db5bf48398ecb3c9bb784d4b2fc58f24ff85c26c8b7cff521e96d0afb88,NOT_SENT
ctid::fin7::unknown::0009,ctid,fin7::unknown,9,9,1,0,0,9c9f5706c7ad16ef2b28cb8bf1b65b00d5a2f1c346f9c5058032ffb1bc148b5d,NOT_SENT
ctid::menu_pass::unknown::0001,ctid,menu_pass::unknown,1,1,3,0,0,5206c92c2bcac7ad6f6c3c58cd6ddb4bc73263b9db1f8b1457fc928337aef948,NOT_SENT
ctid::menu_pass::unknown::0002,ctid,menu_pass::unknown,2,2,3,0,0,34279ab7fe9b6518b284ef4b69903641181a531001042a6e50623243c9434f1e,NOT_SENT
ctid::menu_pass::unknown::0003,ctid,menu_pass::unknown,3,3,3,0,0,c4ce21a61cdabd0ebc5e610944ed37af6b88cec3c5ebcfdc12439a48a24cbd51,NOT_SENT
ctid::menu_pass::unknown::0004,ctid,menu_pass::unknown,4,4,3,0,0,a69dc1855e0466b120d2f17fe4a1dda3df14f6b9422ef1c1155e068c60a79405,NOT_SENT
ctid::menu_pass::unknown::0005,ctid,menu_pass::unknown,5,5,3,0,0,afb25ed415484d2892e282eb0686d25fdb616c352dd34134b7e68a83fbdf4f39,NOT_SENT
ctid::menu_pass::unknown::0006,ctid,menu_pass::unknown,6,6,3,0,0,a6a2535f92f4b35ad86a1282c2beb425c830b2f9bab4aa72dffb6d796622c26c,NOT_SENT
ctid::menu_pass::unknown::0007,ctid,menu_pass::unknown,7,7,3,0,0,839572b6d1bd34a47a59a48fbe402a174f73174844d187f8da87f1e7467109d6,NOT_SENT
ctid::menu_pass::unknown::0008,ctid,menu_pass::unknown,8,8,3,0,0,9428ea6fc2b02f28c776843a43472628988449d31350f741eedaee7db9f64030,NOT_SENT
ctid::menu_pass::unknown::0009,ctid,menu_pass::unknown,9,9,3,0,0,006d81265653ed51cd8c8fbf34c2af5da95a066df1cf6cdf7d3792e55578932c,NOT_SENT
ctid::menu_pass::unknown::0010,ctid,menu_pass::unknown,10,10,2,0,0,89df6a665fef6ab40a61257f90076a73ea2b1a89c73f02351f792eeff656ce97,NOT_SENT
ctid::oilrig::unknown::0001,ctid,oilrig::unknown,1,1,3,0,0,6674c9542f56addb9e620fd3191bffced95b8d95ee3480bfcc4637361641ce46,NOT_SENT
ctid::oilrig::unknown::0002,ctid,oilrig::unknown,2,2,3,0,0,95f9e2310d61e0142a0ced77a5a3c2a877948b3f4b3973e68b86c599c6e0ee19,NOT_SENT
ctid::oilrig::unknown::0003,ctid,oilrig::unknown,3,3,3,0,0,f37cb4990d3bba293da4aff96210422e949a7a7a764a723d8fc7b6f895ab7f69,NOT_SENT
ctid::oilrig::unknown::0004,ctid,oilrig::unknown,4,4,3,0,0,e8730eb4bafa97e6b65f27cfe7333e950e09382976f8467fd913a284f44f95de,NOT_SENT
ctid::oilrig::unknown::0005,ctid,oilrig::unknown,5,5,3,0,0,6a50cebc2d9a692204e3ef561e760fe5cbc7aabe43aa4ccd4bc9ed785ac60767,NOT_SENT
ctid::oilrig::unknown::0006,ctid,oilrig::unknown,6,6,3,0,0,481161a8d0d8157ae862b376c48ead62f88e180e25337853ff0e62be64f97863,NOT_SENT
ctid::oilrig::unknown::0007,ctid,oilrig::unknown,7,7,3,0,0,eca0a1314a67c2044ba320a21b2847004d94e033b312c5e1f384df62036c1401,NOT_SENT
ctid::oilrig::unknown::0008,ctid,oilrig::unknown,8,8,3,0,0,e81daf85148c2c17e088bee792e65e4802eb44028acda6b92be8bc7fb5aa72c1,NOT_SENT
ctid::oilrig::unknown::0009,ctid,oilrig::unknown,9,9,3,0,0,6641caee08bcbfb44b092a9661beab5996dd4a4f331faec46936671b4c8aeadf,NOT_SENT
ctid::oilrig::unknown::0010,ctid,oilrig::unknown,10,10,3,0,0,8300666e1454ee4d7a6ff26f187fba56815c4bd131cf53f67c049d4ecf1dd202,NOT_SENT
ctid::oilrig::unknown::0011,ctid,oilrig::unknown,11,11,3,0,0,4c8df39afefc4924012250a453d1876d37a2af88e0ba8cd60c7f76c723da7688,NOT_SENT
ctid::oilrig::unknown::0012,ctid,oilrig::unknown,12,12,3,0,0,28a78352ac71bc2557692133ed92cccdd9d2bfae5a1a8b576291df0c05cfbb02,NOT_SENT
ctid::oilrig::unknown::0013,ctid,oilrig::unknown,13,13,3,0,0,746eaee0914acc722a45fcde691d2347ad3520470d7fcaeb67eba9955bca4a1f,NOT_SENT
ctid::oilrig::unknown::0014,ctid,oilrig::unknown,14,14,3,0,0,5b768377de464a2ae29ba8699a7d98d7b2f574ee4251397fb7f319460bd35afe,NOT_SENT
ctid::oilrig::unknown::0015,ctid,oilrig::unknown,15,15,3,0,0,721516d0b9455f3eaac473395645b6aa40cd46b8d0839959f1c3d1c4cb581d74,NOT_SENT
ctid::oilrig::unknown::0016,ctid,oilrig::unknown,16,16,3,0,0,bebdd0a200129c4d09fee385ab3bdcdba6e47884eb3dd7c283f074a0f0d367e5,NOT_SENT
ctid::oilrig::unknown::0017,ctid,oilrig::unknown,17,17,3,0,0,aaff167e04645c8eac28b64ab6d6396ccbb5e8bde670175fe28584b0c134f6d9,NOT_SENT
ctid::oilrig::unknown::0018,ctid,oilrig::unknown,18,18,3,0,0,5a22a5e10692cbbaf0592df89efc1faa0657390de6a569441ddf60377878e65f,NOT_SENT
ctid::oilrig::unknown::0019,ctid,oilrig::unknown,19,19,3,0,0,9e2ac42d8f5d4e660dfc84cfa8ad0ab8a3e5f8e8082315951217aa448c906fec,NOT_SENT
ctid::oilrig::unknown::0020,ctid,oilrig::unknown,20,20,3,0,0,f00b952be89b6107b5d67c0420a3c9cc4e2f7ce07031346cc3134177e12a41ad,NOT_SENT
ctid::oilrig::unknown::0021,ctid,oilrig::unknown,21,21,3,0,0,aca7792966bfbeb1689938987b4f63d9542217bd5c4e3fcfe5b721bdb6c1dab6,NOT_SENT
ctid::oilrig::unknown::0022,ctid,oilrig::unknown,22,22,3,0,0,817472e3fe74eaf0c49892a0df21aff1e22c6fffbee48adcd9b829f6d8657c7e,NOT_SENT
ctid::oilrig::unknown::0023,ctid,oilrig::unknown,23,23,3,0,0,f0febb60cae0d39206c670406fb3269226fe744b0d062506e9b5470d86ddf6ab,NOT_SENT
ctid::oilrig::unknown::0024,ctid,oilrig::unknown,24,24,3,0,0,ede96c7d77601da4304123ee04ff637a247145d39c30a8d45e4e5e95fe228767,NOT_SENT
ctid::oilrig::unknown::0025,ctid,oilrig::unknown,25,25,3,0,0,fdef03a2b713569f5019da89406ab44432874d5fc2ffba4454cd22fd7011bfc4,NOT_SENT
ctid::oilrig::unknown::0026,ctid,oilrig::unknown,26,26,3,0,0,f0296084a3f9dcb0a00d4d10482f99024d42b54a1d435598485e50c6dd8bf1e5,NOT_SENT
ctid::oilrig::unknown::0027,ctid,oilrig::unknown,27,27,3,0,0,22ec990d3c30a648d410877e206f31fd3169f030374f596c81198049fd2fb728,NOT_SENT
ctid::oilrig::unknown::0028,ctid,oilrig::unknown,28,28,3,0,0,444f08839771f167904a7412fa923f59659e8e859429d83cd06d39b297d694f0,NOT_SENT
ctid::oilrig::unknown::0029,ctid,oilrig::unknown,29,29,3,0,0,ec95b7d1bc7b9964c32a0cf66423e1f96db62eb37a4ffc36b15ccfae07e14cbf,NOT_SENT
ctid::oilrig::unknown::0030,ctid,oilrig::unknown,30,30,3,0,0,8079482f3952a00867d6c7f45a2051a00a34b11747a162059480124245790c0f,NOT_SENT
ctid::oilrig::unknown::0031,ctid,oilrig::unknown,31,31,3,0,0,febb691517060fd00566a4267112cee70904897346853180f97be4dfedd53cd6,NOT_SENT
ctid::oilrig::unknown::0032,ctid,oilrig::unknown,32,32,3,0,0,ecbb3216070f344c67106ff0aa64f69f0a43ff635cc3982c16d8d3743d4b3bac,NOT_SENT
ctid::oilrig::unknown::0033,ctid,oilrig::unknown,33,33,3,0,0,caa833408b98d2c20d1c2655bed6d59fdce0e6e0b0ec9d8d9e7fad46f3d56861,NOT_SENT
ctid::oilrig::unknown::0035,ctid,oilrig::unknown,35,35,2,0,0,bbdb1a7aea05e44c63e39e347abfe36c9c5ff1ac8eb4a5f40569afb6a86536d1,NOT_SENT
ctid::oilrig::unknown::0036,ctid,oilrig::unknown,36,36,1,0,0,2181a85474e3bfde3439b6e3458f2294ad13b4c4e16356bd70643ec4aa678753,NOT_SENT
ctid::sandworm::unknown::0001,ctid,sandworm::unknown,1,1,3,0,0,12b96bcd9835f0b3f6931845c3020f55b077cc4767df3ad89ae3b86d5853e821,NOT_SENT
ctid::sandworm::unknown::0002,ctid,sandworm::unknown,2,2,3,0,0,5821c0055a01b61ceaf1c24b8bc383749a2592b029e3be9e3a580b26da7a295d,NOT_SENT
ctid::sandworm::unknown::0003,ctid,sandworm::unknown,3,3,3,0,0,adf103dd750713067cb1bc148b65f51ba05e2d07405431209680537fd88f7a68,NOT_SENT
ctid::sandworm::unknown::0004,ctid,sandworm::unknown,4,4,3,0,0,1b062ccfb51d1e4092b4b3411dd9f29c6be5bd5c79d5235e365dc1430ee285c1,NOT_SENT
ctid::sandworm::unknown::0005,ctid,sandworm::unknown,5,5,3,0,0,4ac519834ae88f50acee3109cbbc507beb0ea523d25e4d9cf47b33e76610dea7,NOT_SENT
ctid::sandworm::unknown::0006,ctid,sandworm::unknown,6,6,3,0,0,9e38a0a16e472c8caf32aad42792d265bc6b5bed3dce6e7c088bb13c00a276e6,NOT_SENT
ctid::sandworm::unknown::0007,ctid,sandworm::unknown,7,7,3,0,0,788a25459ede789bc67e33eeed5ead6b3e38cbdbef635b43af5956cbacfb10a1,NOT_SENT
ctid::sandworm::unknown::0008,ctid,sandworm::unknown,8,8,3,0,0,b5849c213f17a096fcbb63e1fd1ad3adaac82cc9dd3e343ac5981d676e767a0a,NOT_SENT
ctid::sandworm::unknown::0009,ctid,sandworm::unknown,9,9,3,0,0,f5d1074c455a8f9bc183447cdb108304d80ef255141f40f06879c124628173bb,NOT_SENT
ctid::sandworm::unknown::0011,ctid,sandworm::unknown,11,11,3,0,0,2478958f99e9157507ad12701b020f16794d73edaee8c56a1bdacfe124d461cd,NOT_SENT
ctid::sandworm::unknown::0012,ctid,sandworm::unknown,12,12,3,0,0,2ba6cf6cff965c30857fe0919edbbc61e1ed2909b11cea9e2f82aac93ae64f07,NOT_SENT
ctid::sandworm::unknown::0013,ctid,sandworm::unknown,13,13,3,0,0,b3f7d6e9e4ad3f771554aa1ddf09e30f52bae384400d981f459bd3f642cca645,NOT_SENT
ctid::sandworm::unknown::0014,ctid,sandworm::unknown,14,14,3,0,0,bc7b294636d5e441d21a6458db65cdcf17a75ff8eb768eaeb342dfcfc0654a96,NOT_SENT
ctid::sandworm::unknown::0015,ctid,sandworm::unknown,15,15,3,0,0,93186454411238d2fb05967396354af6ecefcd52fbe6a9f51709b6210d5f2805,NOT_SENT
ctid::sandworm::unknown::0016,ctid,sandworm::unknown,16,16,3,0,0,933ad8d6c0eb003b97fc466910a23e692de121df6c3ccc93d0c5c73567e44c2d,NOT_SENT
ctid::sandworm::unknown::0017,ctid,sandworm::unknown,17,17,3,0,0,1ba5db291243fee047d18dfce242f05582fa7452d552cd814c579e9cd5e73569,NOT_SENT
ctid::sandworm::unknown::0018,ctid,sandworm::unknown,18,18,3,0,0,08225610a71359b0cae968bb906c2930cfab9331f8cc8dc69352131140b09327,NOT_SENT
ctid::sandworm::unknown::0019,ctid,sandworm::unknown,19,19,3,0,0,e91786fa6dee9d8b3b3fd99ba4c739a3db2725c0fdc3ee05ae7c59966bc4c516,NOT_SENT
ctid::sandworm::unknown::0020,ctid,sandworm::unknown,20,20,3,0,0,b94b954a3ff2cafc2d694f9e3d87d749c21c91361a461cd8f52c50aa1d29debe,NOT_SENT
ctid::sandworm::unknown::0021,ctid,sandworm::unknown,21,21,3,0,0,e5ab9367baa56f5489c3e4d650cb8872d99e90f7077df27d2509fab5eaefa4e7,NOT_SENT
ctid::sandworm::unknown::0022,ctid,sandworm::unknown,22,22,3,0,0,0a9006feae835609c8f35f6468e764610349984fb094051576bcb96672c485bd,NOT_SENT
ctid::sandworm::unknown::0023,ctid,sandworm::unknown,23,23,3,0,0,b0507636f1b010d6971c27dbf09ed28f08cf34d2f317dc4e5ecbe687bb57eddc,NOT_SENT
ctid::sandworm::unknown::0024,ctid,sandworm::unknown,24,24,3,0,0,060a776fcff1c219382053d36be27972b9185c5b069f42f3fbd81da8bc987ff5,NOT_SENT
ctid::sandworm::unknown::0025,ctid,sandworm::unknown,25,25,3,0,0,145914a2737938dc0a9992f04c4bf7cf08032d7ddd34f63386adb6247a234b75,NOT_SENT
ctid::sandworm::unknown::0026,ctid,sandworm::unknown,26,26,3,0,0,117b390c37bee0cce9a18db0ad3591b7785dbac519da602dcc87d96c7ac74d96,NOT_SENT
ctid::sandworm::unknown::0027,ctid,sandworm::unknown,27,27,3,0,0,53624a5afc7bccb5cf07402d31e923f9d4bac0e097b0bc1f5b47e15a4646ffe1,NOT_SENT
ctid::sandworm::unknown::0028,ctid,sandworm::unknown,28,28,3,0,0,93b00e416063fed6fee2b3f0923ce012a327084ee131388cc19f993769fd078f,NOT_SENT
ctid::sandworm::unknown::0029,ctid,sandworm::unknown,29,29,3,0,0,7434d1240519e2d2afbff8a0b76ac16a1efdc48c92cee0003436c8f8de19b179,NOT_SENT
ctid::sandworm::unknown::0030,ctid,sandworm::unknown,30,30,3,0,0,f357845ec160a53151850a987048f29d384ab28907801f62e1f37f268be7af63,NOT_SENT
ctid::sandworm::unknown::0031,ctid,sandworm::unknown,31,31,2,0,0,e54cc3c00a9a35171d132be6b10d21d8ffef5a2dffa4d84b06d6518ab82aa175,NOT_SENT
ctid::sandworm::unknown::0032,ctid,sandworm::unknown,32,32,1,0,0,413da5b7a172c79633e2236440060d5deddfc71232f9025bc689fe1d1df5691c,NOT_SENT
ctid::turla_carbon::unknown::0001,ctid,turla_carbon::unknown,1,1,3,0,0,2a94e07ba636eb5a8e2690dee4a0469c4f109ab916970fcd92342fe0e2e6bb1d,NOT_SENT
ctid::turla_carbon::unknown::0002,ctid,turla_carbon::unknown,2,2,3,0,0,d51b4faa597e20108aa4ae91d1066900d57d21f3319d1b856a963ed555109cdb,NOT_SENT
ctid::turla_carbon::unknown::0003,ctid,turla_carbon::unknown,3,3,3,0,0,77ccdd1145f139c398b216a85fb178a7e09991d02f36349484f179a7230c18de,NOT_SENT
ctid::turla_carbon::unknown::0004,ctid,turla_carbon::unknown,4,4,3,0,0,9bddcb216101563ce1a733a1d966be181513d79f325d62cf00f204893225ccf3,NOT_SENT
ctid::turla_carbon::unknown::0005,ctid,turla_carbon::unknown,5,5,3,0,0,bfa22f820b798c0ce1a8d1f628b01eaff7e119462248d394bdb37b136f843b32,NOT_SENT
ctid::turla_carbon::unknown::0006,ctid,turla_carbon::unknown,6,6,3,0,0,4e0a78e36ec33ed64171d46e8e60b375aa8f0770a54d2b95d0b6ecd63f7cbc8a,NOT_SENT
ctid::turla_carbon::unknown::0007,ctid,turla_carbon::unknown,7,7,3,0,0,e23ee28831d024a427d3629ba16b18c3b963083813dff2589132e26af05c3ea7,NOT_SENT
ctid::turla_carbon::unknown::0008,ctid,turla_carbon::unknown,8,8,3,0,0,88725019bde80a61169665cb743ff10943abebf86c3e8dcc75d586af8bc4594d,NOT_SENT
ctid::turla_carbon::unknown::0009,ctid,turla_carbon::unknown,9,9,3,0,0,1df250174337371a981881f716b106784377b20744dc60dc0bf10822110d4528,NOT_SENT
ctid::turla_carbon::unknown::0010,ctid,turla_carbon::unknown,10,10,3,0,0,7f392e0292a2639bb08796fcf41fcff0f41c9460fa13493c5a4aee1af00df2a8,NOT_SENT
ctid::turla_carbon::unknown::0011,ctid,turla_carbon::unknown,11,11,3,0,0,51caa859d0d5a6378845539b32f46cc65c1aa1af19479893e77dd218780660ac,NOT_SENT
ctid::turla_carbon::unknown::0012,ctid,turla_carbon::unknown,12,12,3,0,0,d13f0e1e62e7e7805c49d812908285a584881426321a7b0a62e66ba4783ea554,NOT_SENT
ctid::turla_carbon::unknown::0013,ctid,turla_carbon::unknown,13,13,3,0,0,8d265526c601074cc91b0d0ab8bb823179332c99d2431e9f6360382441a002ff,NOT_SENT
ctid::turla_carbon::unknown::0014,ctid,turla_carbon::unknown,14,14,3,0,0,4dd3a99ae573ff3f54acabb733b284b76e945d243b6585b7feab99720f7af041,NOT_SENT
ctid::turla_carbon::unknown::0015,ctid,turla_carbon::unknown,15,15,3,0,0,04819be29731f9e558cd6d8b83b1eee23e59986baf147e28a769dcce7eadb269,NOT_SENT
ctid::turla_carbon::unknown::0016,ctid,turla_carbon::unknown,16,16,3,0,0,bf6a12979045eb890e4d9d51f5e511e88c2b679b834d0d4941e94048bd299269,NOT_SENT
ctid::turla_carbon::unknown::0017,ctid,turla_carbon::unknown,17,17,3,0,0,805d0781d1c8983a3778ed586d677f825898e3972ca904b261c678c601cd1eed,NOT_SENT
ctid::turla_carbon::unknown::0018,ctid,turla_carbon::unknown,18,18,3,0,0,bb2827ae0e9d1f693bc8b315074ef80b2c5c9106fbb41107056d5b832d89cbb4,NOT_SENT
ctid::turla_carbon::unknown::0019,ctid,turla_carbon::unknown,19,19,3,0,0,715eb79d341ec9aa483cd1b619bc68f11f62ccb34b22e51a2647b9b0e4a33c7e,NOT_SENT
ctid::turla_carbon::unknown::0020,ctid,turla_carbon::unknown,20,20,3,0,0,8b144bc8765bdcff08feef5601dd3773ca58c5b965e40c36be47ae9ce451fa1e,NOT_SENT
ctid::turla_carbon::unknown::0021,ctid,turla_carbon::unknown,21,21,3,0,0,3d53cfd04f11afd9e8438a3742b2ba87deea17adb84635115a537f6ccfa78abd,NOT_SENT
ctid::turla_carbon::unknown::0022,ctid,turla_carbon::unknown,22,22,3,0,0,67bfceeb152802d3f6ab4842d7495fccf5308fd122eef3890ee69111972dd16c,NOT_SENT
ctid::turla_carbon::unknown::0023,ctid,turla_carbon::unknown,23,23,2,0,0,aed7fa963a588615ad15f7f13c39699d56baa8290fcdcd468eeb96010d0763dc,NOT_SENT
ctid::turla_snake::unknown::0001,ctid,turla_snake::unknown,1,1,3,0,0,c7011f916a7052e12e27e5938315491514fc28e429b30965c3b0908f4091c3e7,NOT_SENT
ctid::turla_snake::unknown::0002,ctid,turla_snake::unknown,2,2,3,0,0,3a07159f068dfb507e50c647cf62561612d9e722b68d756a6e871444c47ad8a7,NOT_SENT
ctid::turla_snake::unknown::0003,ctid,turla_snake::unknown,3,3,3,0,0,d9c92bc4313933aabf4a4f037b4ff0da911c12da72df1e24e016f50b596c419a,NOT_SENT
ctid::turla_snake::unknown::0004,ctid,turla_snake::unknown,4,4,3,0,0,bf0db78348752ac52ebfa999534761884b1bd77f43510804abcebf0e2a08651e,NOT_SENT
ctid::turla_snake::unknown::0005,ctid,turla_snake::unknown,5,5,3,0,0,bc049f5df7cfd4443173256f4988c08e732ea8671b1c29b96e7b617fd18cf243,NOT_SENT
ctid::turla_snake::unknown::0006,ctid,turla_snake::unknown,6,6,3,0,0,e59a6ec8ddc34d366f58a45eb08ebc3fd5e3bd45bb8fb849f7a7750ef94a5481,NOT_SENT
ctid::turla_snake::unknown::0007,ctid,turla_snake::unknown,7,7,3,0,0,d0c586b4d5761360ae924ef6f995c94aefda7d8660d11963b076f49ab4de48c5,NOT_SENT
ctid::turla_snake::unknown::0008,ctid,turla_snake::unknown,8,8,3,0,0,561bf62b71b65cb3563c4adbb34da84325c3c26da6a9706e4192a373afbaf3e2,NOT_SENT
ctid::turla_snake::unknown::0009,ctid,turla_snake::unknown,9,9,3,0,0,ac36e5ee5b7b9bafa71fae3fcf393d25cf8e0401ab4bdb7ae7efa30973b1fc00,NOT_SENT
ctid::turla_snake::unknown::0010,ctid,turla_snake::unknown,10,10,3,0,0,c07ea0f22ebf0952e0b5a62393091d83cb9947a1f89be31d66f0832e0cded30e,NOT_SENT
ctid::turla_snake::unknown::0011,ctid,turla_snake::unknown,11,11,3,0,0,ac7c99b28315af4b880c9ac4d80b29edc331e71c7fd8620becf4bb9f6efcbdf1,NOT_SENT
ctid::turla_snake::unknown::0013,ctid,turla_snake::unknown,13,13,3,0,0,6c2443e885271ccb9b832f288155812be7e6e1afe26eee0532e0fb57a3627454,NOT_SENT
ctid::turla_snake::unknown::0014,ctid,turla_snake::unknown,14,14,3,0,0,ebbd4978e9a0520ea9cb344059dacd8624d93970024f76edb344dd42c7186b7a,NOT_SENT
ctid::turla_snake::unknown::0015,ctid,turla_snake::unknown,15,15,3,0,0,f4297c8da32b562a9d0e15d67d5f237e0c113f643fc9b0faf9b09fe68323db7a,NOT_SENT
ctid::turla_snake::unknown::0016,ctid,turla_snake::unknown,16,16,3,0,0,3ca0dea8701f3ce1c81b4a332263b8f181869a197f68ef67fec3d7b97baaf443,NOT_SENT
ctid::turla_snake::unknown::0017,ctid,turla_snake::unknown,17,17,3,0,0,f3ffed41afe09835920b8cbf350fd5ff8a0ece408a1a7ec6dc52dfac6b523aa3,NOT_SENT
ctid::turla_snake::unknown::0018,ctid,turla_snake::unknown,18,18,3,0,0,6526a90521cb7644f332fb29225a3cdfdb1535f11360f77f0aeb5998c3d968db,NOT_SENT
ctid::turla_snake::unknown::0019,ctid,turla_snake::unknown,19,19,3,0,0,47c31ad8a44b80b2b96c631edfcf4c6665576d0161e5f5cb4be4de7dbf847161,NOT_SENT
ctid::turla_snake::unknown::0020,ctid,turla_snake::unknown,20,20,3,0,0,ba49bb15410b88e7c0203b3813c6535ba7fbbe9870babfb0fab88fe9daecbe11,NOT_SENT
ctid::turla_snake::unknown::0021,ctid,turla_snake::unknown,21,21,3,0,0,f6b119680dd882ff39db851df576f35b004fec35fa0cebd8a635f6c3e24de754,NOT_SENT
ctid::turla_snake::unknown::0022,ctid,turla_snake::unknown,22,22,3,0,0,c0281eedb4b049b1906b847195b27724276f43e44c68494533a0101e233629f8,NOT_SENT
ctid::turla_snake::unknown::0023,ctid,turla_snake::unknown,23,23,3,0,0,b8b6e3f588e78d9953baa1d6e0ce81d4fddbad5263c078a059196c4b2773cc5b,NOT_SENT
ctid::turla_snake::unknown::0024,ctid,turla_snake::unknown,24,24,3,0,0,d79fa0cef0b69cbcb3a4cb1bef4ebac75970e6058ef5a046c6033a94d6056be1,NOT_SENT
ctid::turla_snake::unknown::0025,ctid,turla_snake::unknown,25,25,3,0,0,5ea1bdd3cb1e1f6e839f61b924cb78e455ed838c9c5f0c5bb8478eea5dca28c3,NOT_SENT
ctid::turla_snake::unknown::0026,ctid,turla_snake::unknown,26,26,2,0,0,c2bac74a8b9d6a328155911803bcf8b1ff1ea7a6579cf6d64fd20756b3860aba,NOT_SENT
ctid::turla_snake::unknown::0027,ctid,turla_snake::unknown,27,27,1,0,0,0e32119ede560695f0a8bcf4f3042b966f05b7569e923abd1e08eaa621728292,NOT_SENT
ctid::wizard_spider::unknown::0001,ctid,wizard_spider::unknown,1,1,3,0,0,b4b10ace3a64b3066ca9fd1e0952c293c526c02edfba7f600e02d6ef83da73aa,NOT_SENT
ctid::wizard_spider::unknown::0002,ctid,wizard_spider::unknown,2,2,3,0,0,199eba3e7ce777971728943bd8593ef08eb0c7153e30394653d13a48e9a0b0f5,NOT_SENT
ctid::wizard_spider::unknown::0003,ctid,wizard_spider::unknown,3,3,3,0,0,26ea3865a2fd984c5312fd95ebc085b1167293bb3070492f98f7f54fe9199a01,NOT_SENT
ctid::wizard_spider::unknown::0004,ctid,wizard_spider::unknown,4,4,3,0,0,0fc20392ceacc1cade69b9016b4a88777cb4032e564e376b679c3cf4002cb431,NOT_SENT
ctid::wizard_spider::unknown::0005,ctid,wizard_spider::unknown,5,5,3,0,0,3b70b41f25d113febc184d021ecf9b5cac037f9b176d7811ee26443f248bf53a,NOT_SENT
ctid::wizard_spider::unknown::0006,ctid,wizard_spider::unknown,6,6,3,0,0,1a1cfc107a302c7f0765ba05e423c95edba223b26ab244c6022df6d44080843e,NOT_SENT
ctid::wizard_spider::unknown::0007,ctid,wizard_spider::unknown,7,7,3,0,0,c23f94b8d825bdd9796276c764ee1f920e756ee2d8cc76254f61fc2f737227ff,NOT_SENT
ctid::wizard_spider::unknown::0008,ctid,wizard_spider::unknown,8,8,3,0,0,02e0d173fc63f3c2484736168f7d9a573c23cd5d5a33687d3aedd02cc32fa89a,NOT_SENT
ctid::wizard_spider::unknown::0009,ctid,wizard_spider::unknown,9,9,3,0,0,1b2b3ec9b7c67287c80970ddc65d9bccb49791ec6cb67c31d3a3fd7209a93640,NOT_SENT
ctid::wizard_spider::unknown::0010,ctid,wizard_spider::unknown,10,10,3,0,0,0df6a1826109295c8329f712bb072cf372071d624b32d82c8fb6a82ae539de47,NOT_SENT
ctid::wizard_spider::unknown::0011,ctid,wizard_spider::unknown,11,11,3,0,0,d8e5e8ee559e3fef8390bff04bc376af9ebbe2c86862254b0e84d8c631104c85,NOT_SENT
ctid::wizard_spider::unknown::0012,ctid,wizard_spider::unknown,12,12,3,0,0,f5c409bb617f593c9f689638086a576b84b4995cf548f8d518381d2d9fa1d3ba,NOT_SENT
ctid::wizard_spider::unknown::0013,ctid,wizard_spider::unknown,13,13,3,0,0,c0773cfcdfb3068ae7e9c59df6765a43ca879d38a440688a30b77c8ced3088a7,NOT_SENT
ctid::wizard_spider::unknown::0014,ctid,wizard_spider::unknown,14,14,3,0,0,294ff95466488f9509bfa2fd233098ff06c9a02cbc5e0514e7bbc35c852687e2,NOT_SENT
ctid::wizard_spider::unknown::0015,ctid,wizard_spider::unknown,15,15,3,0,0,5df85704dbb6c6beefb23ece051eeff64832482525ec6eb54e74453eef6ea43d,NOT_SENT
ctid::wizard_spider::unknown::0016,ctid,wizard_spider::unknown,16,16,3,0,0,75c9005f81fbb6dc88cc461c0bcc42b9940f6250ed319057cf464c544db9ea02,NOT_SENT
ctid::wizard_spider::unknown::0017,ctid,wizard_spider::unknown,17,17,3,0,0,cad5ca54bd9d9a7b2f9a4b43d8b1a9156ae37ee3ba417bf82e68fc0ff18d0aea,NOT_SENT
ctid::wizard_spider::unknown::0019,ctid,wizard_spider::unknown,19,19,3,0,0,2843b2506ea6a5c252914a4a69e4bc8d388e13388738c54821fcad234e76ef7a,NOT_SENT
ctid::wizard_spider::unknown::0020,ctid,wizard_spider::unknown,20,20,3,0,0,fca72fc183f61367a083639ea9439bedceba23781f75afc39bfa18c52462c611,NOT_SENT
ctid::wizard_spider::unknown::0021,ctid,wizard_spider::unknown,21,21,3,0,0,32958df7c14ecd21f6fead2685cab748285b8fcc0b40393cea4b2ef7436a9e5c,NOT_SENT
ctid::wizard_spider::unknown::0022,ctid,wizard_spider::unknown,22,22,3,0,0,db1a35f17c2cdc6a39407a4e0c77749f67ded427c3029ec9fef13d73a1a21070,NOT_SENT
ctid::wizard_spider::unknown::0023,ctid,wizard_spider::unknown,23,23,3,0,0,fba90ba99ebb6f1bf90502f25c24e6d9adfe31bb3e92a8c7e5cb0935817f0ee4,NOT_SENT
ctid::wizard_spider::unknown::0024,ctid,wizard_spider::unknown,24,24,3,0,0,51215baf3ca35b4b79f3d44fa591d7fb028b44c87e086de6ad18fe266d321478,NOT_SENT
ctid::wizard_spider::unknown::0025,ctid,wizard_spider::unknown,25,25,3,0,0,b46d8536cb62766fb4e945b50916a9438cbdaa7a2ca7ae39dc6b99f820841069,NOT_SENT
ctid::wizard_spider::unknown::0026,ctid,wizard_spider::unknown,26,26,3,0,0,081aacee468f49ee107f0f321a9ea6ea5a695b59590d2cce5ac8e390a4383b20,NOT_SENT
ctid::wizard_spider::unknown::0027,ctid,wizard_spider::unknown,27,27,3,0,0,5af240863f1d3cc269fb052d4e351cfd8e9479961256c4d4433d09e5264d9682,NOT_SENT
ctid::wizard_spider::unknown::0028,ctid,wizard_spider::unknown,28,28,3,0,0,fb6efe3a0115fcda8da3b15ccc9e425a2c3f1ead3ca92e52eae39b9405be4894,NOT_SENT
ctid::wizard_spider::unknown::0029,ctid,wizard_spider::unknown,29,29,3,0,0,b1a2510c96b2a36a8028250eb10793b8d7b5964b4facca3d45a8ba4e69c63bce,NOT_SENT
ctid::wizard_spider::unknown::0030,ctid,wizard_spider::unknown,30,30,3,0,0,13e746ba4cbcdeb175228c1baa31e9491c48ad804693177f52675377ecbc9723,NOT_SENT
ctid::wizard_spider::unknown::0031,ctid,wizard_spider::unknown,31,31,3,0,0,2da93b0d36fa5b58c2a28024e517c89159815dd14af620a5f964e70e2a2e64ee,NOT_SENT
ctid::wizard_spider::unknown::0032,ctid,wizard_spider::unknown,32,32,2,0,0,4446bc47ec969ff34eb4cbc5b2bd4650186980f0ca5884b503867e9afe081491,NOT_SENT
ctid::wizard_spider::unknown::0033,ctid,wizard_spider::unknown,33,33,1,0,0,b909d9c503048d29118cdc084faaba701e293ee1975ce3710199f49a200914d5,NOT_SENT
stockpile::01c96671-afd3-47d4-8d31-8c116cc0221a::0001,stockpile,01c96671-afd3-47d4-8d31-8c116cc0221a,1,1,2,0,0,e48d775fb5a0ed4df74f1d1a8df0a61728f6fd064cb3668228a2c2d233bd39ad,NOT_SENT
stockpile::01c96671-afd3-47d4-8d31-8c116cc0221a::0002,stockpile,01c96671-afd3-47d4-8d31-8c116cc0221a,2,2,1,0,0,37e7cd473a30070d1d83bc75335d3f506d27aaacd8fecf0ae42af5acb39b5711,NOT_SENT
stockpile::01d77744-2515-401a-a497-d9f7241aac3c::0001,stockpile,01d77744-2515-401a-a497-d9f7241aac3c,1,1,3,0,0,35f3786e17a2334dce9e1222106521bce426e06fd84fd6425cc1a3a7d149dfbd,NOT_SENT
stockpile::01d77744-2515-401a-a497-d9f7241aac3c::0002,stockpile,01d77744-2515-401a-a497-d9f7241aac3c,2,2,3,0,0,32bbfe320a341fd31a4f49db3d6324301720e9e67c28c99a15650a1877e1200e,NOT_SENT
stockpile::01d77744-2515-401a-a497-d9f7241aac3c::0003,stockpile,01d77744-2515-401a-a497-d9f7241aac3c,3,3,3,0,0,dd6712dda577c1f24706920890933c8307aff2ba3189a5fe420ab643b23fa5ff,NOT_SENT
stockpile::01d77744-2515-401a-a497-d9f7241aac3c::0004,stockpile,01d77744-2515-401a-a497-d9f7241aac3c,4,4,3,0,0,ad3b0700011c001258260b519fc2f984631d629ce89c3176b9641d9092bdc8c6,NOT_SENT
stockpile::01d77744-2515-401a-a497-d9f7241aac3c::0005,stockpile,01d77744-2515-401a-a497-d9f7241aac3c,5,5,2,0,0,38ed953e8d2ad18fa316a31758a706ddd7b6a31abe489ea221999125aebac7b0,NOT_SENT
stockpile::01d77744-2515-401a-a497-d9f7241aac3c::0006,stockpile,01d77744-2515-401a-a497-d9f7241aac3c,6,6,1,0,0,cbbe9c023ce16a3da6cbdb55406d86ee52bc405e12eaf1440688ff148f67e390,NOT_SENT
stockpile::09ad625e-6cba-490f-afe3-5417e7edb9c6::0001,stockpile,09ad625e-6cba-490f-afe3-5417e7edb9c6,1,1,2,0,0,e48d775fb5a0ed4df74f1d1a8df0a61728f6fd064cb3668228a2c2d233bd39ad,NOT_SENT
stockpile::09ad625e-6cba-490f-afe3-5417e7edb9c6::0002,stockpile,09ad625e-6cba-490f-afe3-5417e7edb9c6,2,2,1,0,0,37e7cd473a30070d1d83bc75335d3f506d27aaacd8fecf0ae42af5acb39b5711,NOT_SENT
stockpile::0b5636cf-f019-4ec9-aa7c-6e4f55505374::0001,stockpile,0b5636cf-f019-4ec9-aa7c-6e4f55505374,1,1,3,0,0,c4f8dc34dd62b865e8472bee2205005b86fc4c81864c3e702ae75fb94fabd40c,NOT_SENT
stockpile::0b5636cf-f019-4ec9-aa7c-6e4f55505374::0002,stockpile,0b5636cf-f019-4ec9-aa7c-6e4f55505374,2,2,3,0,0,979967472488bd2f3c3796c8ed97e21d360138aa9c1af01e6a6e34ef850b2eec,NOT_SENT
stockpile::0b5636cf-f019-4ec9-aa7c-6e4f55505374::0003,stockpile,0b5636cf-f019-4ec9-aa7c-6e4f55505374,3,3,2,0,0,83ec1844ad0013cff4f108648c08fe815c759cf01a3a3672d889d628cb47ee3f,NOT_SENT
stockpile::0b5636cf-f019-4ec9-aa7c-6e4f55505374::0004,stockpile,0b5636cf-f019-4ec9-aa7c-6e4f55505374,4,4,1,0,0,419c8a554f1f14f79487ee823034ea1fb043dc37580beb6754da12facf57ff81,NOT_SENT
stockpile::0b73bf34-fc5b-48f7-9194-dce993b915b1::0001,stockpile,0b73bf34-fc5b-48f7-9194-dce993b915b1,1,1,3,0,0,d1fe0fe7be38b3b7172ed50f79cad9bdedb3065f03e0406c37e14ee92ae0871f,NOT_SENT
stockpile::0b73bf34-fc5b-48f7-9194-dce993b915b1::0002,stockpile,0b73bf34-fc5b-48f7-9194-dce993b915b1,2,2,3,0,0,cd3b15c7f7fd62f5c342885fb845ad6ee886d5ac87352bdfe67c45330079d9e6,NOT_SENT
stockpile::0f4c3c67-845e-49a0-927e-90ed33c044e0::0001,stockpile,0f4c3c67-845e-49a0-927e-90ed33c044e0,1,1,3,0,0,f003ea76da51a3e2f4537c0769c2daf94c3ccfea50356051f41c42231fd6ce0f,NOT_SENT
stockpile::0f4c3c67-845e-49a0-927e-90ed33c044e0::0002,stockpile,0f4c3c67-845e-49a0-927e-90ed33c044e0,2,2,3,0,0,3ee00409c53d51da32e280a3e931392c6be1440bb1988755670d5ccade0db6e2,NOT_SENT
stockpile::0f4c3c67-845e-49a0-927e-90ed33c044e0::0003,stockpile,0f4c3c67-845e-49a0-927e-90ed33c044e0,3,3,3,0,0,fc7632db226ada864fa7652660b71bd5d0444a5121487b2e02f4e598aa42aab7,NOT_SENT
stockpile::0f4c3c67-845e-49a0-927e-90ed33c044e0::0004,stockpile,0f4c3c67-845e-49a0-927e-90ed33c044e0,4,4,3,0,0,0abf5f5462327fa7c8f443033fccf00db06ddceb2a576ff05c01f0772e68f3df,NOT_SENT
stockpile::0f4c3c67-845e-49a0-927e-90ed33c044e0::0005,stockpile,0f4c3c67-845e-49a0-927e-90ed33c044e0,5,5,3,0,0,2c3b00940a8d56f5a63cf42905eefeeb107a95ba5566e83f4d390db99626c04e,NOT_SENT
stockpile::0f4c3c67-845e-49a0-927e-90ed33c044e0::0006,stockpile,0f4c3c67-845e-49a0-927e-90ed33c044e0,6,6,3,0,0,c50567c1ed05170583b61ee33b78479c72b73789dc5cbc4228b11110af422b60,NOT_SENT
stockpile::0f4c3c67-845e-49a0-927e-90ed33c044e0::0007,stockpile,0f4c3c67-845e-49a0-927e-90ed33c044e0,7,7,3,0,0,659fcfca837fc1c71d056ba6f9897088afd2a7a740632705ece84e997bfa06b0,NOT_SENT
stockpile::0f4c3c67-845e-49a0-927e-90ed33c044e0::0008,stockpile,0f4c3c67-845e-49a0-927e-90ed33c044e0,8,8,3,0,0,58f6b8f0a89d699d50467ba5ff539fae877337e04776b8c4595df0c6fda9be77,NOT_SENT
stockpile::0f4c3c67-845e-49a0-927e-90ed33c044e0::0009,stockpile,0f4c3c67-845e-49a0-927e-90ed33c044e0,9,9,3,0,0,7564cbc28dbe9e8a6910adb3fd7bbe2c7389bea3c6c39281a3001e986bb54a86,NOT_SENT
stockpile::0f4c3c67-845e-49a0-927e-90ed33c044e0::0010,stockpile,0f4c3c67-845e-49a0-927e-90ed33c044e0,10,10,2,0,0,d3c133429faf03110f70a1762a6ac98c966046f447d9a062ce74e9143fc7e836,NOT_SENT
stockpile::0f4c3c67-845e-49a0-927e-90ed33c044e0::0011,stockpile,0f4c3c67-845e-49a0-927e-90ed33c044e0,11,11,1,0,0,91540ea48a21e98c474e5891bf8d4d21fcd323b61443ea0aed3e3f61bf661d71,NOT_SENT
stockpile::1a98b8e6-18ce-4617-8cc5-e65a1a9d490e::0001,stockpile,1a98b8e6-18ce-4617-8cc5-e65a1a9d490e,1,1,3,0,0,caf724728a1f7dd5c24651cc721b563f2646ad821f6694d02fef7c0b337d32c3,NOT_SENT
stockpile::1a98b8e6-18ce-4617-8cc5-e65a1a9d490e::0002,stockpile,1a98b8e6-18ce-4617-8cc5-e65a1a9d490e,2,2,3,0,0,f0ed3545c5874ded2ce44d4d4b136f1270ee8a8d45b3d2723b9f08a6ec498c5f,NOT_SENT
stockpile::1a98b8e6-18ce-4617-8cc5-e65a1a9d490e::0003,stockpile,1a98b8e6-18ce-4617-8cc5-e65a1a9d490e,3,3,2,0,0,dadeeceaa43b20520b828b1888b22a1d4c5be4efaeb115eb48b6922c6835b54f,NOT_SENT
stockpile::1a98b8e6-18ce-4617-8cc5-e65a1a9d490e::0004,stockpile,1a98b8e6-18ce-4617-8cc5-e65a1a9d490e,4,4,1,0,0,6d1874b238075061b27f4e8ff49dd577da68b116fa7738016eaed612b90530f5,NOT_SENT
stockpile::1bac97ca-77fc-4c9a-835e-4de1b1b7f639::0001,stockpile,1bac97ca-77fc-4c9a-835e-4de1b1b7f639,1,1,2,0,0,dbaddc295662e849fc1516ed47440ddbadbb0383909276c7d96a04f09d50af59,NOT_SENT
stockpile::1bac97ca-77fc-4c9a-835e-4de1b1b7f639::0002,stockpile,1bac97ca-77fc-4c9a-835e-4de1b1b7f639,2,2,1,0,0,4cc088e67c1acb594575939c75a2b8d96bf70bdefcc6a012b6cc6f6923a8f488,NOT_SENT
stockpile::4c28c132-d7d7-4a04-8908-d643b7cb1d58::0001,stockpile,4c28c132-d7d7-4a04-8908-d643b7cb1d58,1,1,1,0,0,6e129b65034da31255e3c11f4e0030fa730b0843f9f27d5aa1339319ab048ddc,NOT_SENT
stockpile::50855e29-3b4e-4562-aa55-b3d7f93c26b8::0001,stockpile,50855e29-3b4e-4562-aa55-b3d7f93c26b8,1,1,3,0,0,08ced4a3dc4ed85d7505b69dcc2f0378a9971e4146f9b0535bf4ec1e7f775119,NOT_SENT
stockpile::50855e29-3b4e-4562-aa55-b3d7f93c26b8::0002,stockpile,50855e29-3b4e-4562-aa55-b3d7f93c26b8,2,2,3,0,0,baad2a2950f10f2530f4134b2ca50d0d128704be7492e3d74fbe22cb7eb63949,NOT_SENT
stockpile::50855e29-3b4e-4562-aa55-b3d7f93c26b8::0003,stockpile,50855e29-3b4e-4562-aa55-b3d7f93c26b8,3,3,3,0,0,258c1239da3e9c58d4ca7d02020e4f55cb8076e46c3b7adb3a96a98a6b17a64e,NOT_SENT
stockpile::50855e29-3b4e-4562-aa55-b3d7f93c26b8::0004,stockpile,50855e29-3b4e-4562-aa55-b3d7f93c26b8,4,4,3,0,0,c8a5af7d074599b67e623a5f139b179d91bff79be26fb75e14e59d7910c0e85c,NOT_SENT
stockpile::50855e29-3b4e-4562-aa55-b3d7f93c26b8::0005,stockpile,50855e29-3b4e-4562-aa55-b3d7f93c26b8,5,5,3,0,0,d95cbf80ff3767ef086d664caa0a9f70c2500c29b91896663d1215f49d2ead23,NOT_SENT
stockpile::50855e29-3b4e-4562-aa55-b3d7f93c26b8::0006,stockpile,50855e29-3b4e-4562-aa55-b3d7f93c26b8,6,6,3,0,0,fa1d0b7ef1d457bc6a7c5b9efea96db23372a194f866669fec08f10ee26e1be4,NOT_SENT
stockpile::50855e29-3b4e-4562-aa55-b3d7f93c26b8::0007,stockpile,50855e29-3b4e-4562-aa55-b3d7f93c26b8,7,7,2,0,0,d2b97dafc4d7f3bbf5cc7e36dedbda64fc5fe03cf5a1bbd9d83caf6e0b3f4667,NOT_SENT
stockpile::564ae20d-778d-4965-93dc-b523be2e2ab4::0001,stockpile,564ae20d-778d-4965-93dc-b523be2e2ab4,1,1,3,0,0,cb89564c574e2b34f785c0031734dc161c45319a55021aa445118b58ad68528e,NOT_SENT
stockpile::564ae20d-778d-4965-93dc-b523be2e2ab4::0002,stockpile,564ae20d-778d-4965-93dc-b523be2e2ab4,2,2,3,0,0,513e26298e6dbf6ecf457e417795c1c12b0dc0b715ca1f2e5252843a459921d8,NOT_SENT
stockpile::564ae20d-778d-4965-93dc-b523be2e2ab4::0003,stockpile,564ae20d-778d-4965-93dc-b523be2e2ab4,3,3,3,0,0,262168d222d3bc4e127f8fed505d076d5fe9ece07e91090ce519374c0ae21f61,NOT_SENT
stockpile::564ae20d-778d-4965-93dc-b523be2e2ab4::0004,stockpile,564ae20d-778d-4965-93dc-b523be2e2ab4,4,4,3,0,0,ed37d522fca5d3b0c767c9b3bf00e6a21d4c452adc63fcb30330ced8e2a696c5,NOT_SENT
stockpile::564ae20d-778d-4965-93dc-b523be2e2ab4::0005,stockpile,564ae20d-778d-4965-93dc-b523be2e2ab4,5,5,3,0,0,158a58b3eb70c06e184cdb35daa6a8239669a57a7ffa871ded3f1d9f775024a1,NOT_SENT
stockpile::564ae20d-778d-4965-93dc-b523be2e2ab4::0006,stockpile,564ae20d-778d-4965-93dc-b523be2e2ab4,6,6,3,0,0,eee600282f63f618dd1c5d94f9e628b8139f24e009ac0232498bb903025a183b,NOT_SENT
stockpile::564ae20d-778d-4965-93dc-b523be2e2ab4::0007,stockpile,564ae20d-778d-4965-93dc-b523be2e2ab4,7,7,3,0,0,a80a9026dfd7f0eeec25cccf63eaea484a9b3d7b1c71e83e53f27defda8f69ab,NOT_SENT
stockpile::564ae20d-778d-4965-93dc-b523be2e2ab4::0008,stockpile,564ae20d-778d-4965-93dc-b523be2e2ab4,8,8,3,0,0,56dfe3ea023fcc3f557b8360cd9dcab7febf776f6134d3bd2818017ca72ac59e,NOT_SENT
stockpile::564ae20d-778d-4965-93dc-b523be2e2ab4::0009,stockpile,564ae20d-778d-4965-93dc-b523be2e2ab4,9,9,3,0,0,8ffb0213d0c7fc9fdd9dc95bc2bd625d34839cc170a5f31efb38adb461e7fe90,NOT_SENT
stockpile::564ae20d-778d-4965-93dc-b523be2e2ab4::0010,stockpile,564ae20d-778d-4965-93dc-b523be2e2ab4,10,10,3,0,0,0155769d206ba05e158dacb4b2895c83575941ba2ea52467944ae01e90d2d749,NOT_SENT
stockpile::564ae20d-778d-4965-93dc-b523be2e2ab4::0011,stockpile,564ae20d-778d-4965-93dc-b523be2e2ab4,11,11,3,0,0,3db4efb343796e6152c8881f3c9cafacff7921a3513d82c06fc8549ad7842621,NOT_SENT
stockpile::564ae20d-778d-4965-93dc-b523be2e2ab4::0013,stockpile,564ae20d-778d-4965-93dc-b523be2e2ab4,13,13,2,0,0,8db26e9d08e11dfdf614bff33e28afe08ab85ee12fd6184ac7f0f9680d396c28,NOT_SENT
stockpile::564ae20d-778d-4965-93dc-b523be2e2ab4::0014,stockpile,564ae20d-778d-4965-93dc-b523be2e2ab4,14,14,1,0,0,bd2e4d4c0f3ea7da28dcba3abbad85a86a5e29bae89531308f0215fb5ef85e59,NOT_SENT
stockpile::5d3e170e-f1b8-49f9-9ee1-c51605552a08::0001,stockpile,5d3e170e-f1b8-49f9-9ee1-c51605552a08,1,1,3,0,0,efd719c28be6be52c269f17b431a65f81d8b15e3b7f606a04879fd17393d5fd0,NOT_SENT
stockpile::5d3e170e-f1b8-49f9-9ee1-c51605552a08::0002,stockpile,5d3e170e-f1b8-49f9-9ee1-c51605552a08,2,2,2,0,0,bb0aebbcf4fdd28263422441cf29629d573c35a6ce2e80aa4ba492ec451518c5,NOT_SENT
stockpile::725226e0-45b8-4432-84ee-144d3f37ff8d::0001,stockpile,725226e0-45b8-4432-84ee-144d3f37ff8d,1,1,3,0,0,c4f8dc34dd62b865e8472bee2205005b86fc4c81864c3e702ae75fb94fabd40c,NOT_SENT
stockpile::725226e0-45b8-4432-84ee-144d3f37ff8d::0002,stockpile,725226e0-45b8-4432-84ee-144d3f37ff8d,2,2,2,0,0,979967472488bd2f3c3796c8ed97e21d360138aa9c1af01e6a6e34ef850b2eec,NOT_SENT
stockpile::725226e0-45b8-4432-84ee-144d3f37ff8d::0003,stockpile,725226e0-45b8-4432-84ee-144d3f37ff8d,3,3,1,0,0,14c446d5ad2a675bb22502192181125b9aeb14c732ba134740e9250499ad1b6e,NOT_SENT
stockpile::78e7504d-968f-477d-8806-4d6c04b94431::0001,stockpile,78e7504d-968f-477d-8806-4d6c04b94431,1,1,3,0,0,cf51650427673d9eb823dce92448c02146e0a6932e9b1e629cee9f332e7a89af,NOT_SENT
stockpile::78e7504d-968f-477d-8806-4d6c04b94431::0002,stockpile,78e7504d-968f-477d-8806-4d6c04b94431,2,2,3,0,0,96083af7350969c923b19bc95510c8434c0aa8d289541dd66cc8e00a7f22b5ab,NOT_SENT
stockpile::78e7504d-968f-477d-8806-4d6c04b94431::0003,stockpile,78e7504d-968f-477d-8806-4d6c04b94431,3,3,3,0,0,3348f24c919d0c24b0b3db9c63ebdb6e78e091bf66a34e2ee7c6372c651ea01c,NOT_SENT
stockpile::78e7504d-968f-477d-8806-4d6c04b94431::0004,stockpile,78e7504d-968f-477d-8806-4d6c04b94431,4,4,3,0,0,424782fd9b8e17b6839a91533d5ae3e4fd64dfd6c83c97b9b77f85e29077cd9f,NOT_SENT
stockpile::78e7504d-968f-477d-8806-4d6c04b94431::0005,stockpile,78e7504d-968f-477d-8806-4d6c04b94431,5,5,3,0,0,95e75d3ced4576b0816f3f288acd21b089640bb0b38a6ee5c14b805b8d883e57,NOT_SENT
stockpile::78e7504d-968f-477d-8806-4d6c04b94431::0006,stockpile,78e7504d-968f-477d-8806-4d6c04b94431,6,6,3,0,0,47afce9599a58c0327e9685ce23920d58e439046d246373486301b58a8400b04,NOT_SENT
stockpile::78e7504d-968f-477d-8806-4d6c04b94431::0007,stockpile,78e7504d-968f-477d-8806-4d6c04b94431,7,7,3,0,0,4f275b4e75c8e03e18cd56e4b7b000d548cedf7c9637af89351261fa172c445e,NOT_SENT
stockpile::78e7504d-968f-477d-8806-4d6c04b94431::0008,stockpile,78e7504d-968f-477d-8806-4d6c04b94431,8,8,3,0,0,d207014b72c05b6a631df61f7a0629f226a964c24bece27d16978608018b7fa8,NOT_SENT
stockpile::78e7504d-968f-477d-8806-4d6c04b94431::0010,stockpile,78e7504d-968f-477d-8806-4d6c04b94431,10,10,3,0,0,e743f2db2acef0f9bede099512c71b2988ab44d5f710a9cfbe70caba15b075ec,NOT_SENT
stockpile::78e7504d-968f-477d-8806-4d6c04b94431::0011,stockpile,78e7504d-968f-477d-8806-4d6c04b94431,11,11,2,0,0,02e863a9afbc037824a7e59b2ae787581c2fc92e13629cdbea6704b0461a6de2,NOT_SENT
stockpile::78e7504d-968f-477d-8806-4d6c04b94431::0012,stockpile,78e7504d-968f-477d-8806-4d6c04b94431,12,12,1,0,0,5a53479256adbf61d975e47129a29dbd50a79ac4a248dd4bcc480d7a689fe691,NOT_SENT
stockpile::bcdbf6b9-14c5-495c-be84-37bce32c312b::0001,stockpile,bcdbf6b9-14c5-495c-be84-37bce32c312b,1,1,2,0,0,b3c557eb8fdf6fb93bcc2502c10c24e396acc20e62339b99614f10ba68fe4019,NOT_SENT
stockpile::bcdbf6b9-14c5-495c-be84-37bce32c312b::0002,stockpile,bcdbf6b9-14c5-495c-be84-37bce32c312b,2,2,1,0,0,1e0a79b4712f1a410fad5a4edd0a437da7abfc6cb0ba98afabbdbc5438a97e21,NOT_SENT
stockpile::c220a8e6-609c-4d5b-9e1c-068ca01c2eec::0002,stockpile,c220a8e6-609c-4d5b-9e1c-068ca01c2eec,2,2,1,0,0,4cc088e67c1acb594575939c75a2b8d96bf70bdefcc6a012b6cc6f6923a8f488,NOT_SENT
stockpile::c724545d-a4cc-492e-8075-2ab9a699c847::0001,stockpile,c724545d-a4cc-492e-8075-2ab9a699c847,1,1,3,0,0,aee086f7565bc1ff4668bcd51bdca107a9b4a4a4586503201856efe529c4c650,NOT_SENT
stockpile::c724545d-a4cc-492e-8075-2ab9a699c847::0002,stockpile,c724545d-a4cc-492e-8075-2ab9a699c847,2,2,2,0,0,b18898170b165804a52a485471ca5d097c0be7fef575286fc3b6f645ef6b1b7c,NOT_SENT
stockpile::d6ea4c1e-7959-4eb1-a292-b6fd2b06c73e::0001,stockpile,d6ea4c1e-7959-4eb1-a292-b6fd2b06c73e,1,1,3,0,0,a976c674276938e48a283ee2d5e7e76d6aa7d9815744e1d455c16728459f74be,NOT_SENT
stockpile::d6ea4c1e-7959-4eb1-a292-b6fd2b06c73e::0002,stockpile,d6ea4c1e-7959-4eb1-a292-b6fd2b06c73e,2,2,3,0,0,5e16872f5fb7abb4056937548007057876634b84c32ae6b4c50ecf916e60ca54,NOT_SENT
stockpile::d6ea4c1e-7959-4eb1-a292-b6fd2b06c73e::0004,stockpile,d6ea4c1e-7959-4eb1-a292-b6fd2b06c73e,4,4,1,0,0,ca07893487c6194a6fe33ee59775217719cfbbae0a7e311b51a4b6a19cd2e3f7,NOT_SENT
stockpile::dbd49a4a-ba2d-40d0-9348-2db24fc4b0b6::0002,stockpile,dbd49a4a-ba2d-40d0-9348-2db24fc4b0b6,2,2,1,0,0,d58a04a5d6dffa9bdac6fa9c566afcdf1c4750e72757d1ccf2b74fb94f633e3d,NOT_SENT
stockpile::ddbd1850-5fd7-41d5-a7a1-1b15dac49090::0001,stockpile,ddbd1850-5fd7-41d5-a7a1-1b15dac49090,1,1,3,0,0,c4f8dc34dd62b865e8472bee2205005b86fc4c81864c3e702ae75fb94fabd40c,NOT_SENT
stockpile::ddbd1850-5fd7-41d5-a7a1-1b15dac49090::0002,stockpile,ddbd1850-5fd7-41d5-a7a1-1b15dac49090,2,2,3,0,0,979967472488bd2f3c3796c8ed97e21d360138aa9c1af01e6a6e34ef850b2eec,NOT_SENT
stockpile::ddbd1850-5fd7-41d5-a7a1-1b15dac49090::0003,stockpile,ddbd1850-5fd7-41d5-a7a1-1b15dac49090,3,3,2,0,0,83ec1844ad0013cff4f108648c08fe815c759cf01a3a3672d889d628cb47ee3f,NOT_SENT
stockpile::de07f52d-9928-4071-9142-cb1d3bd851e8::0001,stockpile,de07f52d-9928-4071-9142-cb1d3bd851e8,1,1,3,0,0,5a452d2c75a74a704c4acce98faae241fb53346c0313f5aab94c47a270ab2e26,NOT_SENT
stockpile::de07f52d-9928-4071-9142-cb1d3bd851e8::0003,stockpile,de07f52d-9928-4071-9142-cb1d3bd851e8,3,3,3,0,0,9f974f2730122240923249a73981f7475fe6644eeb7255bf326e13ecccfbe808,NOT_SENT
stockpile::de07f52d-9928-4071-9142-cb1d3bd851e8::0004,stockpile,de07f52d-9928-4071-9142-cb1d3bd851e8,4,4,3,0,0,54809631771b0ab608c456b23cd7408c8f94e26017d095bec12f3f1317bbc081,NOT_SENT
stockpile::de07f52d-9928-4071-9142-cb1d3bd851e8::0005,stockpile,de07f52d-9928-4071-9142-cb1d3bd851e8,5,5,3,0,0,dda2f3484234a345607e2ed6e8048d6a3397dfa82ed475e44ec9806807cb8ff1,NOT_SENT
stockpile::de07f52d-9928-4071-9142-cb1d3bd851e8::0006,stockpile,de07f52d-9928-4071-9142-cb1d3bd851e8,6,6,3,0,0,da13ea5b2d5e7627d01734ffea50af51a5c83d1226a517f3153a56be426c3b92,NOT_SENT
stockpile::de07f52d-9928-4071-9142-cb1d3bd851e8::0007,stockpile,de07f52d-9928-4071-9142-cb1d3bd851e8,7,7,3,0,0,4ad8778b657a62b3ba54a9b5c741b4bdc283ba989b2bcdd4309aa813b41dd4ec,NOT_SENT
stockpile::de07f52d-9928-4071-9142-cb1d3bd851e8::0008,stockpile,de07f52d-9928-4071-9142-cb1d3bd851e8,8,8,3,0,0,4473e0332b88bfa406591bdfc5a14af96b59d04a4a6d89617d6aa7969a513f4c,NOT_SENT
stockpile::de07f52d-9928-4071-9142-cb1d3bd851e8::0009,stockpile,de07f52d-9928-4071-9142-cb1d3bd851e8,9,9,3,0,0,142e38fb5f46a1cdefbe64286862347b811c4c8f822647fe785b91ac0503029c,NOT_SENT
stockpile::de07f52d-9928-4071-9142-cb1d3bd851e8::0010,stockpile,de07f52d-9928-4071-9142-cb1d3bd851e8,10,10,3,0,0,06d2b3b1978052eb48ba0c7674c8149234916a3c1b4020d4221b4286698b367b,NOT_SENT
stockpile::de07f52d-9928-4071-9142-cb1d3bd851e8::0011,stockpile,de07f52d-9928-4071-9142-cb1d3bd851e8,11,11,3,0,0,3242194dd8e14208d7c6304cc55731a778e809db3abfd18068b4a73f9e526d7e,NOT_SENT
stockpile::de07f52d-9928-4071-9142-cb1d3bd851e8::0012,stockpile,de07f52d-9928-4071-9142-cb1d3bd851e8,12,12,3,0,0,a455957974b96d5cdcf3af702c1992a9218b18d861d4ca928aa4a048ff09da16,NOT_SENT
stockpile::de07f52d-9928-4071-9142-cb1d3bd851e8::0013,stockpile,de07f52d-9928-4071-9142-cb1d3bd851e8,13,13,3,0,0,79fa682b946e955eefe125003d8e765ff5e414045603a9830b8ea5ccd59f96fe,NOT_SENT
stockpile::de07f52d-9928-4071-9142-cb1d3bd851e8::0014,stockpile,de07f52d-9928-4071-9142-cb1d3bd851e8,14,14,3,0,0,90c6087ee0bc831d062966e63fb0d432aae192272f138d2d27b23f58d260fb64,NOT_SENT
stockpile::de07f52d-9928-4071-9142-cb1d3bd851e8::0015,stockpile,de07f52d-9928-4071-9142-cb1d3bd851e8,15,15,3,0,0,618b2558556657f51ba0ce04fed1130f5edac7a3a5774fbd5a40f9bcc5defc7c,NOT_SENT
stockpile::de07f52d-9928-4071-9142-cb1d3bd851e8::0016,stockpile,de07f52d-9928-4071-9142-cb1d3bd851e8,16,16,2,0,0,4c927105909cab4f2859200b9f5d6cf32272ed8f6d6628164d8cf9e91bf25569,NOT_SENT
stockpile::de07f52d-9928-4071-9142-cb1d3bd851e8::0017,stockpile,de07f52d-9928-4071-9142-cb1d3bd851e8,17,17,1,0,0,14c341cc03a0a6c749b1051cf4688aac82fea02508653ab54910ce0583c7cbfb,NOT_SENT
stockpile::e4324b88-8836-4803-b6b7-09b3c6cd4e94::0001,stockpile,e4324b88-8836-4803-b6b7-09b3c6cd4e94,1,1,1,0,0,1d1b4c68f44958019009488e35994ac50237f28cbd469894c3da361c94ad002d,NOT_SENT
stockpile::e89a10d3-004f-4c15-b0eb-d1ba76a4b67f::0001,stockpile,e89a10d3-004f-4c15-b0eb-d1ba76a4b67f,1,1,2,0,0,e48d775fb5a0ed4df74f1d1a8df0a61728f6fd064cb3668228a2c2d233bd39ad,NOT_SENT
stockpile::e89a10d3-004f-4c15-b0eb-d1ba76a4b67f::0002,stockpile,e89a10d3-004f-4c15-b0eb-d1ba76a4b67f,2,2,1,0,0,37e7cd473a30070d1d83bc75335d3f506d27aaacd8fecf0ae42af5acb39b5711,NOT_SENT
stockpile::eddc8f03-f930-41e7-95ba-33fb87bfed74::0001,stockpile,eddc8f03-f930-41e7-95ba-33fb87bfed74,1,1,2,0,0,e48d775fb5a0ed4df74f1d1a8df0a61728f6fd064cb3668228a2c2d233bd39ad,NOT_SENT
stockpile::eddc8f03-f930-41e7-95ba-33fb87bfed74::0002,stockpile,eddc8f03-f930-41e7-95ba-33fb87bfed74,2,2,1,0,0,6f2a438a845d9a469441a3712bf6737a5eeea432c8c49bec79a7c76aa906ff5d,NOT_SENT
stockpile::ef4d997c-a0d1-4067-9efa-87c58682db71::0001,stockpile,ef4d997c-a0d1-4067-9efa-87c58682db71,1,1,3,0,0,d1fe0fe7be38b3b7172ed50f79cad9bdedb3065f03e0406c37e14ee92ae0871f,NOT_SENT
stockpile::ef4d997c-a0d1-4067-9efa-87c58682db71::0002,stockpile,ef4d997c-a0d1-4067-9efa-87c58682db71,2,2,2,0,0,308068d79e67afaa0f6496339660cc140542cf21605aff7ba7ee5cdd2659ec7c,NOT_SENT
stockpile::ef4d997c-a0d1-4067-9efa-87c58682db71::0003,stockpile,ef4d997c-a0d1-4067-9efa-87c58682db71,3,3,1,0,0,4fec579b92b7c86178df87b78ec310f325f7e4b715d0f42e803b9a65bc39e4a3,NOT_SENT
stockpile::f98193a0-8b5b-4b5e-a5aa-e8c3adfcd4e6::0001,stockpile,f98193a0-8b5b-4b5e-a5aa-e8c3adfcd4e6,1,1,1,0,0,6d57bbad4c9b0cca35f1cee5e3f2646b0b6d02da079a0b0dc8c30a2840345104,NOT_SENT
stockpile::fbc41624-1052-490c-b5ec-4fd718e2501d::0001,stockpile,fbc41624-1052-490c-b5ec-4fd718e2501d,1,1,2,0,0,e48d775fb5a0ed4df74f1d1a8df0a61728f6fd064cb3668228a2c2d233bd39ad,NOT_SENT
stockpile::fbc41624-1052-490c-b5ec-4fd718e2501d::0002,stockpile,fbc41624-1052-490c-b5ec-4fd718e2501d,2,2,1,0,0,37e7cd473a30070d1d83bc75335d3f506d27aaacd8fecf0ae42af5acb39b5711,NOT_SENT
