held_out_source,method,campaign_id,rows,ndcg5,hit5,precision5,recall5
attack_flow,B0,Black Basta Ransomware,24,0.2808553449799804,0.5833333333333334,0.1416666666666667,0.2916666666666667
attack_flow,B0,CISA AA22-138B VMWare Workspace (Alt),8,0.1923548437361893,0.625,0.125,0.22916666666666666
attack_flow,B0,CISA AA22-138B VMWare Workspace (TA1),8,0.3266433990956823,0.625,0.125,0.3125
attack_flow,B0,CISA AA22-138B VMWare Workspace (TA2),10,0.3095266887113773,0.7,0.22000000000000003,0.4
attack_flow,B0,CISA Iranian APT,21,0.3310414436926385,0.7619047619047619,0.21904761904761907,0.40476190476190477
attack_flow,B0,Cobalt Kitty Campaign,11,0.4052481891223321,0.5454545454545454,0.16363636363636364,0.37878787878787884
attack_flow,B0,Conti CISA Alert,5,0.09385574520455128,0.2,0.04,0.06666666666666667
attack_flow,B0,Conti PWC,3,0.15642624200758548,0.3333333333333333,0.06666666666666667,0.1111111111111111
attack_flow,B0,Conti Ransomware,14,0.2122479786140691,0.5714285714285714,0.1285714285714286,0.2857142857142857
attack_flow,B0,DFIR - BumbleBee Round 2,12,0.37696618018987266,0.6666666666666666,0.20000000000000004,0.4166666666666667
attack_flow,B0,Equifax Breach,8,0.09166835607441842,0.25,0.05,0.10416666666666666
attack_flow,B0,FIN13 Case 1,28,0.22136929326188928,0.5714285714285714,0.14285714285714285,0.2738095238095238
attack_flow,B0,FIN13 Case 2,13,0.18388610302981462,0.6153846153846154,0.13846153846153847,0.24358974358974358
attack_flow,B0,Gootloader,28,0.3109733912819187,0.5,0.12142857142857144,0.27976190476190477
attack_flow,B0,Hancitor DLL,18,0.3747720605761966,0.8333333333333334,0.23333333333333334,0.4074074074074074
attack_flow,B0,Ivanti Vulnerabilities,5,0.3177920307470178,0.8,0.24000000000000005,0.4333333333333333
attack_flow,B0,JP Morgan Breach,8,0.0,0.0,0.0,0.0
attack_flow,B0,MITRE NERVE,7,0.3104566878652702,0.5714285714285714,0.17142857142857146,0.2857142857142857
attack_flow,B0,Maastricht University Ransomware,10,0.4240873278140274,1.0,0.24000000000000005,0.5166666666666666
attack_flow,B0,Mac Malware Steals Crypto,3,0.19525216184614927,0.6666666666666666,0.20000000000000004,0.3333333333333333
attack_flow,B0,Marriott Breach,4,0.0,0.0,0.0,0.0
attack_flow,B0,Muddy Water,8,0.7408215693473638,0.875,0.325,0.7708333333333334
attack_flow,B0,NotPetya,13,0.14884122822910298,0.46153846153846156,0.1076923076923077,0.17948717948717946
attack_flow,B0,OceanLotus,20,0.23195723912809196,0.4,0.13,0.25
attack_flow,B0,REvil,18,0.10428416133839032,0.2222222222222222,0.044444444444444446,0.07407407407407407
attack_flow,B0,Ragnar Locker,12,0.21066965282484654,0.25,0.08333333333333333,0.2222222222222222
attack_flow,B0,SWIFT Heist,4,0.14943073702152088,0.5,0.15000000000000002,0.25
attack_flow,B0,SearchAwesome Adware,10,0.07467327241126057,0.4,0.08,0.13333333333333333
attack_flow,B0,Shamoon,18,0.04034262056385615,0.2222222222222222,0.044444444444444446,0.07407407407407407
attack_flow,B0,SolarWinds,16,0.04966806158142569,0.125,0.025,0.05208333333333333
attack_flow,B0,Sony Malware,12,0.14757664692858122,0.4166666666666667,0.08333333333333333,0.13888888888888887
attack_flow,B0,Target Breach,8,0.2599027813239467,0.5,0.125,0.25
attack_flow,B0,Tesla Kubernetes Breach,3,0.5274753062627383,1.0,0.20000000000000004,0.611111111111111
attack_flow,B0,Uber Breach,6,0.33683056180562126,0.6666666666666666,0.13333333333333333,0.25
attack_flow,B0,WhisperGate,16,0.2656535311228367,0.6875,0.17500000000000002,0.32291666666666663
attack_flow,F1,Black Basta Ransomware,24,0.26806847719009613,0.5833333333333334,0.1416666666666667,0.2916666666666667
attack_flow,F1,CISA AA22-138B VMWare Workspace (Alt),8,0.22433612316285137,0.625,0.125,0.22916666666666666
attack_flow,F1,CISA AA22-138B VMWare Workspace (TA1),8,0.34933612316285134,0.625,0.125,0.3125
attack_flow,F1,CISA AA22-138B VMWare Workspace (TA2),10,0.42010503862403087,0.7,0.22000000000000003,0.4
attack_flow,F1,CISA Iranian APT,21,0.3590290936610395,0.7619047619047619,0.21904761904761907,0.40476190476190477
attack_flow,F1,Cobalt Kitty Campaign,11,0.3711296289807468,0.5454545454545454,0.16363636363636364,0.37878787878787884
attack_flow,F1,Conti CISA Alert,5,0.09385574520455128,0.2,0.04,0.06666666666666667
attack_flow,F1,Conti PWC,3,0.15642624200758548,0.3333333333333333,0.06666666666666667,0.1111111111111111
attack_flow,F1,Conti Ransomware,14,0.22518210068756989,0.5714285714285714,0.1285714285714286,0.2857142857142857
attack_flow,F1,DFIR - BumbleBee Round 2,12,0.33072382077257156,0.6666666666666666,0.20000000000000004,0.4166666666666667
attack_flow,F1,Equifax Breach,8,0.07768652128073998,0.25,0.05,0.10416666666666666
attack_flow,F1,FIN13 Case 1,28,0.22664027328269556,0.5714285714285714,0.14285714285714285,0.2738095238095238
attack_flow,F1,FIN13 Case 2,13,0.17243987026018284,0.6153846153846154,0.13846153846153847,0.24358974358974358
attack_flow,F1,Gootloader,28,0.26422957375994827,0.5,0.12142857142857144,0.27976190476190477
attack_flow,F1,Hancitor DLL,18,0.4321813744790798,0.8333333333333334,0.23333333333333334,0.4074074074074074
attack_flow,F1,Ivanti Vulnerabilities,5,0.34057099074497565,0.8,0.24000000000000005,0.4333333333333333
attack_flow,F1,JP Morgan Breach,8,0.0,0.0,0.0,0.0
attack_flow,F1,MITRE NERVE,7,0.25338651635272613,0.5714285714285714,0.17142857142857146,0.2857142857142857
attack_flow,F1,Maastricht University Ransomware,10,0.41916156610836836,1.0,0.24000000000000005,0.5166666666666666
attack_flow,F1,Mac Malware Steals Crypto,3,0.2647570561440927,0.6666666666666666,0.20000000000000004,0.3333333333333333
attack_flow,F1,Marriott Breach,4,0.0,0.0,0.0,0.0
attack_flow,F1,Muddy Water,8,0.6492850746422053,0.875,0.325,0.7708333333333334
attack_flow,F1,NotPetya,13,0.11947880530981671,0.46153846153846156,0.1076923076923077,0.17948717948717946
attack_flow,F1,OceanLotus,20,0.22957592517465036,0.4,0.13,0.25
attack_flow,F1,REvil,18,0.07821312100379274,0.2222222222222222,0.044444444444444446,0.07407407407407407
attack_flow,F1,Ragnar Locker,12,0.2101442481715049,0.25,0.08333333333333333,0.2222222222222222
attack_flow,F1,SWIFT Heist,4,0.17806576662864904,0.5,0.15000000000000002,0.25
attack_flow,F1,SearchAwesome Adware,10,0.12021073465005475,0.4,0.08,0.13333333333333333
attack_flow,F1,Shamoon,18,0.07981926163955143,0.2222222222222222,0.044444444444444446,0.07407407407407407
attack_flow,F1,SolarWinds,16,0.035524662485743395,0.125,0.025,0.05208333333333333
attack_flow,F1,Sony Malware,12,0.10017561220837895,0.4166666666666667,0.08333333333333333,0.13888888888888887
attack_flow,F1,Target Breach,8,0.17828187801188272,0.5,0.125,0.25
attack_flow,F1,Tesla Kubernetes Breach,3,0.33027553053728304,1.0,0.20000000000000004,0.611111111111111
attack_flow,F1,Uber Breach,6,0.1818118845859499,0.6666666666666666,0.13333333333333333,0.25
attack_flow,F1,WhisperGate,16,0.23631171604001802,0.6875,0.17500000000000002,0.32291666666666663
attack_flow,F1-Equal,Black Basta Ransomware,24,0.2638571327574629,0.5833333333333334,0.1416666666666667,0.2916666666666667
attack_flow,F1-Equal,CISA AA22-138B VMWare Workspace (Alt),8,0.1989920400454425,0.625,0.125,0.22916666666666666
attack_flow,F1-Equal,CISA AA22-138B VMWare Workspace (TA1),8,0.33432371758999313,0.625,0.125,0.3125
attack_flow,F1-Equal,CISA AA22-138B VMWare Workspace (TA2),10,0.3267216426608083,0.7,0.22000000000000003,0.4
attack_flow,F1-Equal,CISA Iranian APT,21,0.31662555593238634,0.7619047619047619,0.21904761904761907,0.40476190476190477
attack_flow,F1-Equal,Cobalt Kitty Campaign,11,0.40018632275870236,0.5454545454545454,0.16363636363636364,0.37878787878787884
attack_flow,F1-Equal,Conti CISA Alert,5,0.09385574520455128,0.2,0.04,0.06666666666666667
attack_flow,F1-Equal,Conti PWC,3,0.15642624200758548,0.3333333333333333,0.06666666666666667,0.1111111111111111
attack_flow,F1-Equal,Conti Ransomware,14,0.2024922322196063,0.5714285714285714,0.1285714285714286,0.2857142857142857
attack_flow,F1-Equal,DFIR - BumbleBee Round 2,12,0.4054640930485696,0.6666666666666666,0.20000000000000004,0.4166666666666667
attack_flow,F1-Equal,Equifax Breach,8,0.0969815403006857,0.25,0.05,0.10416666666666666
attack_flow,F1-Equal,FIN13 Case 1,28,0.22629072018764454,0.5714285714285714,0.14285714285714285,0.2738095238095238
attack_flow,F1-Equal,FIN13 Case 2,13,0.1896980813712396,0.6153846153846154,0.13846153846153847,0.24358974358974358
attack_flow,F1-Equal,Gootloader,28,0.3112678400759701,0.5,0.12142857142857144,0.27976190476190477
attack_flow,F1-Equal,Hancitor DLL,18,0.34459632852179944,0.8333333333333334,0.23333333333333334,0.4074074074074074
attack_flow,F1-Equal,Ivanti Vulnerabilities,5,0.319806804456284,0.8,0.24000000000000005,0.4333333333333333
attack_flow,F1-Equal,JP Morgan Breach,8,0.0,0.0,0.0,0.0
attack_flow,F1-Equal,MITRE NERVE,7,0.3145867637857925,0.5714285714285714,0.17142857142857146,0.2857142857142857
attack_flow,F1-Equal,Maastricht University Ransomware,10,0.425003680355627,1.0,0.24000000000000005,0.5166666666666666
attack_flow,F1-Equal,Mac Malware Steals Crypto,3,0.19924098269536117,0.6666666666666666,0.20000000000000004,0.3333333333333333
attack_flow,F1-Equal,Marriott Breach,4,0.0,0.0,0.0,0.0
attack_flow,F1-Equal,Muddy Water,8,0.7589369890594615,0.875,0.325,0.7708333333333334
attack_flow,F1-Equal,NotPetya,13,0.14411487838645012,0.46153846153846156,0.1076923076923077,0.17948717948717946
attack_flow,F1-Equal,OceanLotus,20,0.23707321622538088,0.4,0.13,0.25
attack_flow,F1-Equal,REvil,18,0.10428416133839032,0.2222222222222222,0.044444444444444446,0.07407407407407407
attack_flow,F1-Equal,Ragnar Locker,12,0.2084304520079053,0.25,0.08333333333333333,0.2222222222222222
attack_flow,F1-Equal,SWIFT Heist,4,0.1545721255123196,0.5,0.15000000000000002,0.25
attack_flow,F1-Equal,SearchAwesome Adware,10,0.07878638320389954,0.4,0.08,0.13333333333333333
attack_flow,F1-Equal,Shamoon,18,0.0414851513395892,0.2222222222222222,0.044444444444444446,0.07407407407407407
attack_flow,F1-Equal,SolarWinds,16,0.050953408704125375,0.125,0.025,0.05208333333333333
attack_flow,F1-Equal,Sony Malware,12,0.14757664692858122,0.4166666666666667,0.08333333333333333,0.13888888888888887
attack_flow,F1-Equal,Target Breach,8,0.2639692833878005,0.5,0.125,0.25
attack_flow,F1-Equal,Tesla Kubernetes Breach,3,0.5711185574532242,1.0,0.20000000000000004,0.611111111111111
attack_flow,F1-Equal,Uber Breach,6,0.33683056180562126,0.6666666666666666,0.13333333333333333,0.25
attack_flow,F1-Equal,WhisperGate,16,0.26999579955161523,0.6875,0.17500000000000002,0.32291666666666663
attack_flow,F1-NoPrior,Black Basta Ransomware,24,0.26163680418344754,0.5833333333333334,0.1416666666666667,0.2916666666666667
attack_flow,F1-NoPrior,CISA AA22-138B VMWare Workspace (Alt),8,0.21620311903514372,0.625,0.125,0.22916666666666666
attack_flow,F1-NoPrior,CISA AA22-138B VMWare Workspace (TA1),8,0.34933612316285134,0.625,0.125,0.3125
attack_flow,F1-NoPrior,CISA AA22-138B VMWare Workspace (TA2),10,0.43753041615574384,0.7,0.22000000000000003,0.4
attack_flow,F1-NoPrior,CISA Iranian APT,21,0.33788672796359787,0.7619047619047619,0.21904761904761907,0.40476190476190477
attack_flow,F1-NoPrior,Cobalt Kitty Campaign,11,0.3711296289807468,0.5454545454545454,0.16363636363636364,0.37878787878787884
attack_flow,F1-NoPrior,Conti CISA Alert,5,0.09385574520455128,0.2,0.04,0.06666666666666667
attack_flow,F1-NoPrior,Conti PWC,3,0.15642624200758548,0.3333333333333333,0.06666666666666667,0.1111111111111111
attack_flow,F1-NoPrior,Conti Ransomware,14,0.23324004549918725,0.5714285714285714,0.1285714285714286,0.2857142857142857
attack_flow,F1-NoPrior,DFIR - BumbleBee Round 2,12,0.32447691729868594,0.6666666666666666,0.20000000000000004,0.4166666666666667
attack_flow,F1-NoPrior,Equifax Breach,8,0.07104932497148679,0.25,0.05,0.10416666666666666
attack_flow,F1-NoPrior,FIN13 Case 1,28,0.20759540224686387,0.5714285714285714,0.14285714285714285,0.2738095238095238
attack_flow,F1-NoPrior,FIN13 Case 2,13,0.17085790457070632,0.6153846153846154,0.13846153846153847,0.24358974358974358
attack_flow,F1-NoPrior,Gootloader,28,0.2645164932923043,0.5,0.12142857142857144,0.27976190476190477
attack_flow,F1-NoPrior,Hancitor DLL,18,0.4292456268935838,0.8333333333333334,0.23333333333333334,0.4074074074074074
attack_flow,F1-NoPrior,Ivanti Vulnerabilities,5,0.36095257076982834,0.8,0.24000000000000005,0.4333333333333333
attack_flow,F1-NoPrior,JP Morgan Breach,8,0.0,0.0,0.0,0.0
attack_flow,F1-NoPrior,MITRE NERVE,7,0.2235987045107504,0.5714285714285714,0.17142857142857146,0.2857142857142857
attack_flow,F1-NoPrior,Maastricht University Ransomware,10,0.41929339381123965,1.0,0.24000000000000005,0.5166666666666666
attack_flow,F1-NoPrior,Mac Malware Steals Crypto,3,0.2647570561440927,0.6666666666666666,0.20000000000000004,0.3333333333333333
attack_flow,F1-NoPrior,Marriott Breach,4,0.0,0.0,0.0,0.0
attack_flow,F1-NoPrior,Muddy Water,8,0.643971890415938,0.875,0.325,0.7708333333333334
attack_flow,F1-NoPrior,NotPetya,13,0.11066802696916188,0.46153846153846156,0.1076923076923077,0.17948717948717946
attack_flow,F1-NoPrior,OceanLotus,20,0.22527888429668294,0.4,0.13,0.25
attack_flow,F1-NoPrior,REvil,18,0.06497640722165093,0.2222222222222222,0.044444444444444446,0.07407407407407407
attack_flow,F1-NoPrior,Ragnar Locker,12,0.12428948229909638,0.25,0.08333333333333333,0.2222222222222222
attack_flow,F1-NoPrior,SWIFT Heist,4,0.22136497039287184,0.5,0.15000000000000002,0.25
attack_flow,F1-NoPrior,SearchAwesome Adware,10,0.14078361780682694,0.4,0.08,0.13333333333333333
attack_flow,F1-NoPrior,Shamoon,18,0.08944130692048984,0.2222222222222222,0.044444444444444446,0.07407407407407407
attack_flow,F1-NoPrior,SolarWinds,16,0.029135966817071153,0.125,0.025,0.05208333333333333
attack_flow,F1-NoPrior,Sony Malware,12,0.11041603686746011,0.4166666666666667,0.08333333333333333,0.13888888888888887
attack_flow,F1-NoPrior,Target Breach,8,0.20602943621600592,0.5,0.125,0.25
attack_flow,F1-NoPrior,Tesla Kubernetes Breach,3,0.2685307708470635,1.0,0.20000000000000004,0.611111111111111
attack_flow,F1-NoPrior,Uber Breach,6,0.15282146046217696,0.6666666666666666,0.13333333333333333,0.25
attack_flow,F1-NoPrior,WhisperGate,16,0.28166005295711133,0.6875,0.17500000000000002,0.32291666666666663
attack_flow,F1-Perm,Black Basta Ransomware,24,0.2707794785659987,0.5833333333333334,0.1416666666666667,0.2916666666666667
attack_flow,F1-Perm,CISA AA22-138B VMWare Workspace (Alt),8,0.2166683560744184,0.625,0.125,0.22916666666666666
attack_flow,F1-Perm,CISA AA22-138B VMWare Workspace (TA1),8,0.37762292135421593,0.625,0.125,0.3125
attack_flow,F1-Perm,CISA AA22-138B VMWare Workspace (TA2),10,0.36906405522911623,0.7,0.22000000000000003,0.4
attack_flow,F1-Perm,CISA Iranian APT,21,0.3338306440042424,0.7619047619047619,0.21904761904761907,0.40476190476190477
attack_flow,F1-Perm,Cobalt Kitty Campaign,11,0.4064932212690144,0.5454545454545454,0.16363636363636364,0.37878787878787884
attack_flow,F1-Perm,Conti CISA Alert,5,0.09385574520455128,0.2,0.04,0.06666666666666667
attack_flow,F1-Perm,Conti PWC,3,0.15642624200758548,0.3333333333333333,0.06666666666666667,0.1111111111111111
attack_flow,F1-Perm,Conti Ransomware,14,0.26441478762018356,0.5714285714285714,0.1285714285714286,0.2857142857142857
attack_flow,F1-Perm,DFIR - BumbleBee Round 2,12,0.36139183280067294,0.6666666666666666,0.20000000000000004,0.4166666666666667
attack_flow,F1-Perm,Equifax Breach,8,0.08536683977505086,0.25,0.05,0.10416666666666666
attack_flow,F1-Perm,FIN13 Case 1,28,0.2345928768706864,0.5714285714285714,0.14285714285714285,0.2738095238095238
attack_flow,F1-Perm,FIN13 Case 2,13,0.184673608528412,0.6153846153846154,0.13846153846153847,0.24358974358974358
attack_flow,F1-Perm,Gootloader,28,0.2828896767168348,0.5,0.12142857142857144,0.27976190476190477
attack_flow,F1-Perm,Hancitor DLL,18,0.41689812224951656,0.8333333333333334,0.23333333333333334,0.4074074074074074
attack_flow,F1-Perm,Ivanti Vulnerabilities,5,0.31130570969425636,0.8,0.24000000000000005,0.4333333333333333
attack_flow,F1-Perm,JP Morgan Breach,8,0.0,0.0,0.0,0.0
attack_flow,F1-Perm,MITRE NERVE,7,0.23996157857196648,0.5714285714285714,0.17142857142857146,0.2857142857142857
attack_flow,F1-Perm,Maastricht University Ransomware,10,0.4079325520007509,1.0,0.24000000000000005,0.5166666666666666
attack_flow,F1-Perm,Mac Malware Steals Crypto,3,0.3802215995153535,0.6666666666666666,0.20000000000000004,0.3333333333333333
attack_flow,F1-Perm,Marriott Breach,4,0.0,0.0,0.0,0.0
attack_flow,F1-Perm,Muddy Water,8,0.5734131243552625,0.875,0.325,0.7708333333333334
attack_flow,F1-Perm,NotPetya,13,0.1513436910376284,0.46153846153846156,0.1076923076923077,0.17948717948717946
attack_flow,F1-Perm,OceanLotus,20,0.21880668101247433,0.4,0.13,0.25
attack_flow,F1-Perm,REvil,18,0.07981926163955143,0.2222222222222222,0.044444444444444446,0.07407407407407407
attack_flow,F1-Perm,Ragnar Locker,12,0.16105593349489158,0.25,0.08333333333333333,0.2222222222222222
attack_flow,F1-Perm,SWIFT Heist,4,0.2800248111457164,0.5,0.15000000000000002,0.25
attack_flow,F1-Perm,SearchAwesome Adware,10,0.13427721450466082,0.4,0.08,0.13333333333333333
attack_flow,F1-Perm,Shamoon,18,0.07345592172685628,0.2222222222222222,0.044444444444444446,0.07407407407407407
attack_flow,F1-Perm,SolarWinds,16,0.04966806158142569,0.125,0.025,0.05208333333333333
attack_flow,F1-Perm,Sony Malware,12,0.13928217271027532,0.4166666666666667,0.08333333333333333,0.13888888888888887
attack_flow,F1-Perm,Target Breach,8,0.17656995881019458,0.5,0.125,0.25
attack_flow,F1-Perm,Tesla Kubernetes Breach,3,0.38756837654667575,1.0,0.20000000000000004,0.611111111111111
attack_flow,F1-Perm,Uber Breach,6,0.3079644259628061,0.6666666666666666,0.13333333333333333,0.25
attack_flow,F1-Perm,WhisperGate,16,0.25924666504482907,0.6875,0.17500000000000002,0.32291666666666663
attack_flow,F2,Black Basta Ransomware,24,0.28841958633570336,0.625,0.15,0.3055555555555555
attack_flow,F2,CISA AA22-138B VMWare Workspace (Alt),8,0.14001240557285818,0.375,0.07500000000000001,0.125
attack_flow,F2,CISA AA22-138B VMWare Workspace (TA1),8,0.3266433990956823,0.625,0.125,0.3125
attack_flow,F2,CISA AA22-138B VMWare Workspace (TA2),10,0.3095266887113773,0.7,0.22000000000000003,0.4
attack_flow,F2,CISA Iranian APT,21,0.322396596428955,0.7619047619047619,0.20952380952380953,0.38888888888888884
attack_flow,F2,Cobalt Kitty Campaign,11,0.4052481891223321,0.5454545454545454,0.16363636363636364,0.37878787878787884
attack_flow,F2,Conti CISA Alert,5,0.09385574520455128,0.2,0.04,0.06666666666666667
attack_flow,F2,Conti PWC,3,0.15642624200758548,0.3333333333333333,0.06666666666666667,0.1111111111111111
attack_flow,F2,Conti Ransomware,14,0.24215794327882972,0.7142857142857143,0.15714285714285717,0.34523809523809523
attack_flow,F2,DFIR - BumbleBee Round 2,12,0.37696618018987266,0.6666666666666666,0.20000000000000004,0.4166666666666667
attack_flow,F2,Equifax Breach,8,0.09166835607441842,0.25,0.05,0.10416666666666666
attack_flow,F2,FIN13 Case 1,28,0.22136929326188928,0.5714285714285714,0.14285714285714285,0.2738095238095238
attack_flow,F2,FIN13 Case 2,13,0.18388610302981462,0.6153846153846154,0.13846153846153847,0.24358974358974358
attack_flow,F2,Gootloader,28,0.3109733912819187,0.5,0.12142857142857144,0.27976190476190477
attack_flow,F2,Hancitor DLL,18,0.3747720605761966,0.8333333333333334,0.23333333333333334,0.4074074074074074
attack_flow,F2,Ivanti Vulnerabilities,5,0.3177920307470178,0.8,0.24000000000000005,0.4333333333333333
attack_flow,F2,JP Morgan Breach,8,0.0,0.0,0.0,0.0
attack_flow,F2,MITRE NERVE,7,0.34434207540374107,0.7142857142857143,0.2,0.35714285714285715
attack_flow,F2,Maastricht University Ransomware,10,0.4422415070677627,1.0,0.26,0.55
attack_flow,F2,Mac Malware Steals Crypto,3,0.19525216184614927,0.6666666666666666,0.20000000000000004,0.3333333333333333
attack_flow,F2,Marriott Breach,4,0.0,0.0,0.0,0.0
attack_flow,F2,Muddy Water,8,0.7408215693473638,0.875,0.325,0.7708333333333334
attack_flow,F2,NotPetya,13,0.14884122822910298,0.46153846153846156,0.1076923076923077,0.17948717948717946
attack_flow,F2,OceanLotus,20,0.2228801495012243,0.4,0.12000000000000002,0.2333333333333333
attack_flow,F2,REvil,18,0.10428416133839032,0.2222222222222222,0.044444444444444446,0.07407407407407407
attack_flow,F2,Ragnar Locker,12,0.21066965282484654,0.25,0.08333333333333333,0.2222222222222222
attack_flow,F2,SWIFT Heist,4,0.14943073702152088,0.5,0.15000000000000002,0.25
attack_flow,F2,SearchAwesome Adware,10,0.07467327241126057,0.4,0.08,0.13333333333333333
attack_flow,F2,Shamoon,18,0.04034262056385615,0.2222222222222222,0.044444444444444446,0.07407407407407407
attack_flow,F2,SolarWinds,16,0.04966806158142569,0.125,0.025,0.05208333333333333
attack_flow,F2,Sony Malware,12,0.14757664692858122,0.4166666666666667,0.08333333333333333,0.13888888888888887
attack_flow,F2,Target Breach,8,0.2599027813239467,0.5,0.125,0.25
attack_flow,F2,Tesla Kubernetes Breach,3,0.5274753062627383,1.0,0.20000000000000004,0.611111111111111
attack_flow,F2,Uber Breach,6,0.33683056180562126,0.6666666666666666,0.13333333333333333,0.25
attack_flow,F2,WhisperGate,16,0.2656535311228367,0.6875,0.17500000000000002,0.32291666666666663
attack_flow,F2-Equal,Black Basta Ransomware,24,0.2808553449799804,0.5833333333333334,0.1416666666666667,0.2916666666666667
attack_flow,F2-Equal,CISA AA22-138B VMWare Workspace (Alt),8,0.1923548437361893,0.625,0.125,0.22916666666666666
attack_flow,F2-Equal,CISA AA22-138B VMWare Workspace (TA1),8,0.3266433990956823,0.625,0.125,0.3125
attack_flow,F2-Equal,CISA AA22-138B VMWare Workspace (TA2),10,0.3095266887113773,0.7,0.22000000000000003,0.4
attack_flow,F2-Equal,CISA Iranian APT,21,0.3310414436926385,0.7619047619047619,0.21904761904761907,0.40476190476190477
attack_flow,F2-Equal,Cobalt Kitty Campaign,11,0.4052481891223321,0.5454545454545454,0.16363636363636364,0.37878787878787884
attack_flow,F2-Equal,Conti CISA Alert,5,0.09385574520455128,0.2,0.04,0.06666666666666667
attack_flow,F2-Equal,Conti PWC,3,0.15642624200758548,0.3333333333333333,0.06666666666666667,0.1111111111111111
attack_flow,F2-Equal,Conti Ransomware,14,0.2122479786140691,0.5714285714285714,0.1285714285714286,0.2857142857142857
attack_flow,F2-Equal,DFIR - BumbleBee Round 2,12,0.37696618018987266,0.6666666666666666,0.20000000000000004,0.4166666666666667
attack_flow,F2-Equal,Equifax Breach,8,0.09166835607441842,0.25,0.05,0.10416666666666666
attack_flow,F2-Equal,FIN13 Case 1,28,0.22136929326188928,0.5714285714285714,0.14285714285714285,0.2738095238095238
attack_flow,F2-Equal,FIN13 Case 2,13,0.18388610302981462,0.6153846153846154,0.13846153846153847,0.24358974358974358
attack_flow,F2-Equal,Gootloader,28,0.3109733912819187,0.5,0.12142857142857144,0.27976190476190477
attack_flow,F2-Equal,Hancitor DLL,18,0.3747720605761966,0.8333333333333334,0.23333333333333334,0.4074074074074074
attack_flow,F2-Equal,Ivanti Vulnerabilities,5,0.3177920307470178,0.8,0.24000000000000005,0.4333333333333333
attack_flow,F2-Equal,JP Morgan Breach,8,0.0,0.0,0.0,0.0
attack_flow,F2-Equal,MITRE NERVE,7,0.3104566878652702,0.5714285714285714,0.17142857142857146,0.2857142857142857
attack_flow,F2-Equal,Maastricht University Ransomware,10,0.4240873278140274,1.0,0.24000000000000005,0.5166666666666666
attack_flow,F2-Equal,Mac Malware Steals Crypto,3,0.19525216184614927,0.6666666666666666,0.20000000000000004,0.3333333333333333
attack_flow,F2-Equal,Marriott Breach,4,0.0,0.0,0.0,0.0
attack_flow,F2-Equal,Muddy Water,8,0.7408215693473638,0.875,0.325,0.7708333333333334
attack_flow,F2-Equal,NotPetya,13,0.14884122822910298,0.46153846153846156,0.1076923076923077,0.17948717948717946
attack_flow,F2-Equal,OceanLotus,20,0.23195723912809196,0.4,0.13,0.25
attack_flow,F2-Equal,REvil,18,0.10428416133839032,0.2222222222222222,0.044444444444444446,0.07407407407407407
attack_flow,F2-Equal,Ragnar Locker,12,0.21066965282484654,0.25,0.08333333333333333,0.2222222222222222
attack_flow,F2-Equal,SWIFT Heist,4,0.14943073702152088,0.5,0.15000000000000002,0.25
attack_flow,F2-Equal,SearchAwesome Adware,10,0.07467327241126057,0.4,0.08,0.13333333333333333
attack_flow,F2-Equal,Shamoon,18,0.04034262056385615,0.2222222222222222,0.044444444444444446,0.07407407407407407
attack_flow,F2-Equal,SolarWinds,16,0.04966806158142569,0.125,0.025,0.05208333333333333
attack_flow,F2-Equal,Sony Malware,12,0.14757664692858122,0.4166666666666667,0.08333333333333333,0.13888888888888887
attack_flow,F2-Equal,Target Breach,8,0.2599027813239467,0.5,0.125,0.25
attack_flow,F2-Equal,Tesla Kubernetes Breach,3,0.5274753062627383,1.0,0.20000000000000004,0.611111111111111
attack_flow,F2-Equal,Uber Breach,6,0.33683056180562126,0.6666666666666666,0.13333333333333333,0.25
attack_flow,F2-Equal,WhisperGate,16,0.2656535311228367,0.6875,0.17500000000000002,0.32291666666666663
attack_flow,F2-NoPrior,Black Basta Ransomware,24,0.28841958633570336,0.625,0.15,0.3055555555555555
attack_flow,F2-NoPrior,CISA AA22-138B VMWare Workspace (Alt),8,0.14001240557285818,0.375,0.07500000000000001,0.125
attack_flow,F2-NoPrior,CISA AA22-138B VMWare Workspace (TA1),8,0.3266433990956823,0.625,0.125,0.3125
attack_flow,F2-NoPrior,CISA AA22-138B VMWare Workspace (TA2),10,0.3095266887113773,0.7,0.22000000000000003,0.4
attack_flow,F2-NoPrior,CISA Iranian APT,21,0.322396596428955,0.7619047619047619,0.20952380952380953,0.38888888888888884
attack_flow,F2-NoPrior,Cobalt Kitty Campaign,11,0.4052481891223321,0.5454545454545454,0.16363636363636364,0.37878787878787884
attack_flow,F2-NoPrior,Conti CISA Alert,5,0.09385574520455128,0.2,0.04,0.06666666666666667
attack_flow,F2-NoPrior,Conti PWC,3,0.15642624200758548,0.3333333333333333,0.06666666666666667,0.1111111111111111
attack_flow,F2-NoPrior,Conti Ransomware,14,0.2591006370480652,0.7857142857142857,0.17142857142857146,0.38095238095238093
attack_flow,F2-NoPrior,DFIR - BumbleBee Round 2,12,0.37696618018987266,0.6666666666666666,0.20000000000000004,0.4166666666666667
attack_flow,F2-NoPrior,Equifax Breach,8,0.09166835607441842,0.25,0.05,0.10416666666666666
attack_flow,F2-NoPrior,FIN13 Case 1,28,0.22136929326188928,0.5714285714285714,0.14285714285714285,0.2738095238095238
attack_flow,F2-NoPrior,FIN13 Case 2,13,0.18388610302981462,0.6153846153846154,0.13846153846153847,0.24358974358974358
attack_flow,F2-NoPrior,Gootloader,28,0.3109733912819187,0.5,0.12142857142857144,0.27976190476190477
attack_flow,F2-NoPrior,Hancitor DLL,18,0.3747720605761966,0.8333333333333334,0.23333333333333334,0.4074074074074074
attack_flow,F2-NoPrior,Ivanti Vulnerabilities,5,0.3177920307470178,0.8,0.24000000000000005,0.4333333333333333
attack_flow,F2-NoPrior,JP Morgan Breach,8,0.0,0.0,0.0,0.0
attack_flow,F2-NoPrior,MITRE NERVE,7,0.34434207540374107,0.7142857142857143,0.2,0.35714285714285715
attack_flow,F2-NoPrior,Maastricht University Ransomware,10,0.4422415070677627,1.0,0.26,0.55
attack_flow,F2-NoPrior,Mac Malware Steals Crypto,3,0.19525216184614927,0.6666666666666666,0.20000000000000004,0.3333333333333333
attack_flow,F2-NoPrior,Marriott Breach,4,0.0,0.0,0.0,0.0
attack_flow,F2-NoPrior,Muddy Water,8,0.7408215693473638,0.875,0.325,0.7708333333333334
attack_flow,F2-NoPrior,NotPetya,13,0.14884122822910298,0.46153846153846156,0.1076923076923077,0.17948717948717946
attack_flow,F2-NoPrior,OceanLotus,20,0.2228801495012243,0.4,0.12000000000000002,0.2333333333333333
attack_flow,F2-NoPrior,REvil,18,0.10428416133839032,0.2222222222222222,0.044444444444444446,0.07407407407407407
attack_flow,F2-NoPrior,Ragnar Locker,12,0.21066965282484654,0.25,0.08333333333333333,0.2222222222222222
attack_flow,F2-NoPrior,SWIFT Heist,4,0.14943073702152088,0.5,0.15000000000000002,0.25
attack_flow,F2-NoPrior,SearchAwesome Adware,10,0.07467327241126057,0.4,0.08,0.13333333333333333
attack_flow,F2-NoPrior,Shamoon,18,0.04034262056385615,0.2222222222222222,0.044444444444444446,0.07407407407407407
attack_flow,F2-NoPrior,SolarWinds,16,0.04966806158142569,0.125,0.025,0.05208333333333333
attack_flow,F2-NoPrior,Sony Malware,12,0.14757664692858122,0.4166666666666667,0.08333333333333333,0.13888888888888887
attack_flow,F2-NoPrior,Target Breach,8,0.2599027813239467,0.5,0.125,0.25
attack_flow,F2-NoPrior,Tesla Kubernetes Breach,3,0.5274753062627383,1.0,0.20000000000000004,0.611111111111111
attack_flow,F2-NoPrior,Uber Breach,6,0.33683056180562126,0.6666666666666666,0.13333333333333333,0.25
attack_flow,F2-NoPrior,WhisperGate,16,0.2656535311228367,0.6875,0.17500000000000002,0.32291666666666663
attack_flow,F2-Perm,Black Basta Ransomware,24,0.2808553449799804,0.5833333333333334,0.1416666666666667,0.2916666666666667
attack_flow,F2-Perm,CISA AA22-138B VMWare Workspace (Alt),8,0.22200455783235135,0.75,0.15000000000000002,0.29166666666666663
attack_flow,F2-Perm,CISA AA22-138B VMWare Workspace (TA1),8,0.3266433990956823,0.625,0.125,0.3125
attack_flow,F2-Perm,CISA AA22-138B VMWare Workspace (TA2),10,0.3095266887113773,0.7,0.22000000000000003,0.4
attack_flow,F2-Perm,CISA Iranian APT,21,0.3310414436926385,0.7619047619047619,0.21904761904761907,0.40476190476190477
attack_flow,F2-Perm,Cobalt Kitty Campaign,11,0.4052481891223321,0.5454545454545454,0.16363636363636364,0.37878787878787884
attack_flow,F2-Perm,Conti CISA Alert,5,0.09385574520455128,0.2,0.04,0.06666666666666667
attack_flow,F2-Perm,Conti PWC,3,0.15642624200758548,0.3333333333333333,0.06666666666666667,0.1111111111111111
attack_flow,F2-Perm,Conti Ransomware,14,0.2122479786140691,0.5714285714285714,0.1285714285714286,0.2857142857142857
attack_flow,F2-Perm,DFIR - BumbleBee Round 2,12,0.37696618018987266,0.6666666666666666,0.20000000000000004,0.4166666666666667
attack_flow,F2-Perm,Equifax Breach,8,0.09166835607441842,0.25,0.05,0.10416666666666666
attack_flow,F2-Perm,FIN13 Case 1,28,0.22136929326188928,0.5714285714285714,0.14285714285714285,0.2738095238095238
attack_flow,F2-Perm,FIN13 Case 2,13,0.18388610302981462,0.6153846153846154,0.13846153846153847,0.24358974358974358
attack_flow,F2-Perm,Gootloader,28,0.3109733912819187,0.5,0.12142857142857144,0.27976190476190477
attack_flow,F2-Perm,Hancitor DLL,18,0.3747720605761966,0.8333333333333334,0.23333333333333334,0.4074074074074074
attack_flow,F2-Perm,Ivanti Vulnerabilities,5,0.3177920307470178,0.8,0.24000000000000005,0.4333333333333333
attack_flow,F2-Perm,JP Morgan Breach,8,0.0,0.0,0.0,0.0
attack_flow,F2-Perm,MITRE NERVE,7,0.3104566878652702,0.5714285714285714,0.17142857142857146,0.2857142857142857
attack_flow,F2-Perm,Maastricht University Ransomware,10,0.4240873278140274,1.0,0.24000000000000005,0.5166666666666666
attack_flow,F2-Perm,Mac Malware Steals Crypto,3,0.19525216184614927,0.6666666666666666,0.20000000000000004,0.3333333333333333
attack_flow,F2-Perm,Marriott Breach,4,0.0,0.0,0.0,0.0
attack_flow,F2-Perm,Muddy Water,8,0.7408215693473638,0.875,0.325,0.7708333333333334
attack_flow,F2-Perm,NotPetya,13,0.14884122822910298,0.46153846153846156,0.1076923076923077,0.17948717948717946
attack_flow,F2-Perm,OceanLotus,20,0.23195723912809196,0.4,0.13,0.25
attack_flow,F2-Perm,REvil,18,0.10428416133839032,0.2222222222222222,0.044444444444444446,0.07407407407407407
attack_flow,F2-Perm,Ragnar Locker,12,0.19554117011340047,0.25,0.06666666666666667,0.19444444444444445
attack_flow,F2-Perm,SWIFT Heist,4,0.14943073702152088,0.5,0.15000000000000002,0.25
attack_flow,F2-Perm,SearchAwesome Adware,10,0.05651909315752529,0.3,0.06000000000000001,0.1
attack_flow,F2-Perm,Shamoon,18,0.04034262056385615,0.2222222222222222,0.044444444444444446,0.07407407407407407
attack_flow,F2-Perm,SolarWinds,16,0.04966806158142569,0.125,0.025,0.05208333333333333
attack_flow,F2-Perm,Sony Malware,12,0.14757664692858122,0.4166666666666667,0.08333333333333333,0.13888888888888887
attack_flow,F2-Perm,Target Breach,8,0.2599027813239467,0.5,0.125,0.25
attack_flow,F2-Perm,Tesla Kubernetes Breach,3,0.5274753062627383,1.0,0.20000000000000004,0.611111111111111
attack_flow,F2-Perm,Uber Breach,6,0.33683056180562126,0.6666666666666666,0.13333333333333333,0.25
attack_flow,F2-Perm,WhisperGate,16,0.2656535311228367,0.6875,0.17500000000000002,0.32291666666666663
attack_flow,F3,Black Basta Ransomware,24,0.19373989096878552,0.4583333333333333,0.10833333333333334,0.21527777777777776
attack_flow,F3,CISA AA22-138B VMWare Workspace (Alt),8,0.31735484373618933,0.75,0.17500000000000002,0.35416666666666663
attack_flow,F3,CISA AA22-138B VMWare Workspace (TA1),8,0.3636536379664154,0.75,0.15000000000000002,0.35416666666666663
attack_flow,F3,CISA AA22-138B VMWare Workspace (TA2),10,0.3095266887113773,0.7,0.22000000000000003,0.4
attack_flow,F3,CISA Iranian APT,21,0.3502897624069763,0.7619047619047619,0.22857142857142856,0.4206349206349206
attack_flow,F3,Cobalt Kitty Campaign,11,0.21454366619318976,0.45454545454545453,0.12727272727272726,0.30303030303030304
attack_flow,F3,Conti CISA Alert,5,0.04692787260227564,0.2,0.04,0.06666666666666667
attack_flow,F3,Conti PWC,3,0.07821312100379274,0.3333333333333333,0.06666666666666667,0.1111111111111111
attack_flow,F3,Conti Ransomware,14,0.2863376578229347,0.7857142857142857,0.17142857142857146,0.38095238095238093
attack_flow,F3,DFIR - BumbleBee Round 2,12,0.33836546564118736,0.5833333333333334,0.18333333333333335,0.3333333333333333
attack_flow,F3,Equifax Breach,8,0.09166835607441842,0.25,0.05,0.10416666666666666
attack_flow,F3,FIN13 Case 1,28,0.20709063500609284,0.5,0.1285714285714286,0.24404761904761904
attack_flow,F3,FIN13 Case 2,13,0.14556385245547515,0.46153846153846156,0.1076923076923077,0.19230769230769232
attack_flow,F3,Gootloader,28,0.21387326265438916,0.42857142857142855,0.08571428571428573,0.20833333333333331
attack_flow,F3,Hancitor DLL,18,0.32604345479336183,0.8333333333333334,0.2222222222222222,0.3888888888888889
attack_flow,F3,Ivanti Vulnerabilities,5,0.2520692452516786,0.8,0.2,0.36666666666666664
attack_flow,F3,JP Morgan Breach,8,0.0,0.0,0.0,0.0
attack_flow,F3,MITRE NERVE,7,0.1935340867991777,0.42857142857142855,0.1142857142857143,0.19047619047619047
attack_flow,F3,Maastricht University Ransomware,10,0.3086513125980709,0.8,0.2,0.41666666666666663
attack_flow,F3,Mac Malware Steals Crypto,3,0.19525216184614927,0.6666666666666666,0.20000000000000004,0.3333333333333333
attack_flow,F3,Marriott Breach,4,0.058659840752844555,0.25,0.05,0.08333333333333333
attack_flow,F3,Muddy Water,8,0.651520347540989,0.875,0.30000000000000004,0.7291666666666666
attack_flow,F3,NotPetya,13,0.14003044988844815,0.46153846153846156,0.1076923076923077,0.17948717948717946
attack_flow,F3,OceanLotus,20,0.18628747391696082,0.4,0.11000000000000001,0.25
attack_flow,F3,REvil,18,0.10428416133839032,0.2222222222222222,0.044444444444444446,0.07407407407407407
attack_flow,F3,Ragnar Locker,12,0.05423504321334243,0.08333333333333333,0.03333333333333333,0.05555555555555555
attack_flow,F3,SWIFT Heist,4,0.09591228475947505,0.5,0.1,0.16666666666666666
attack_flow,F3,SearchAwesome Adware,10,0.08612728425411181,0.4,0.08,0.13333333333333333
attack_flow,F3,Shamoon,18,0.06755619167418678,0.2777777777777778,0.05555555555555555,0.09259259259259259
attack_flow,F3,SolarWinds,16,0.0,0.0,0.0,0.0
attack_flow,F3,Sony Malware,12,0.14757664692858122,0.4166666666666667,0.08333333333333333,0.13888888888888887
attack_flow,F3,Target Breach,8,0.18325938222826438,0.375,0.1,0.1875
attack_flow,F3,Tesla Kubernetes Breach,3,0.3608086395960716,0.6666666666666666,0.13333333333333333,0.27777777777777773
attack_flow,F3,Uber Breach,6,0.33683056180562126,0.6666666666666666,0.13333333333333333,0.25
attack_flow,F3,WhisperGate,16,0.129828730181781,0.4375,0.1125,0.21875
attack_flow,F3-Equal,Black Basta Ransomware,24,0.2808553449799804,0.5833333333333334,0.1416666666666667,0.2916666666666667
attack_flow,F3-Equal,CISA AA22-138B VMWare Workspace (Alt),8,0.1923548437361893,0.625,0.125,0.22916666666666666
attack_flow,F3-Equal,CISA AA22-138B VMWare Workspace (TA1),8,0.3266433990956823,0.625,0.125,0.3125
attack_flow,F3-Equal,CISA AA22-138B VMWare Workspace (TA2),10,0.3095266887113773,0.7,0.22000000000000003,0.4
attack_flow,F3-Equal,CISA Iranian APT,21,0.3310414436926385,0.7619047619047619,0.21904761904761907,0.40476190476190477
attack_flow,F3-Equal,Cobalt Kitty Campaign,11,0.4052481891223321,0.5454545454545454,0.16363636363636364,0.37878787878787884
attack_flow,F3-Equal,Conti CISA Alert,5,0.09385574520455128,0.2,0.04,0.06666666666666667
attack_flow,F3-Equal,Conti PWC,3,0.15642624200758548,0.3333333333333333,0.06666666666666667,0.1111111111111111
attack_flow,F3-Equal,Conti Ransomware,14,0.2122479786140691,0.5714285714285714,0.1285714285714286,0.2857142857142857
attack_flow,F3-Equal,DFIR - BumbleBee Round 2,12,0.37696618018987266,0.6666666666666666,0.20000000000000004,0.4166666666666667
attack_flow,F3-Equal,Equifax Breach,8,0.09166835607441842,0.25,0.05,0.10416666666666666
attack_flow,F3-Equal,FIN13 Case 1,28,0.22136929326188928,0.5714285714285714,0.14285714285714285,0.2738095238095238
attack_flow,F3-Equal,FIN13 Case 2,13,0.18388610302981462,0.6153846153846154,0.13846153846153847,0.24358974358974358
attack_flow,F3-Equal,Gootloader,28,0.3109733912819187,0.5,0.12142857142857144,0.27976190476190477
attack_flow,F3-Equal,Hancitor DLL,18,0.3747720605761966,0.8333333333333334,0.23333333333333334,0.4074074074074074
attack_flow,F3-Equal,Ivanti Vulnerabilities,5,0.3177920307470178,0.8,0.24000000000000005,0.4333333333333333
attack_flow,F3-Equal,JP Morgan Breach,8,0.0,0.0,0.0,0.0
attack_flow,F3-Equal,MITRE NERVE,7,0.3104566878652702,0.5714285714285714,0.17142857142857146,0.2857142857142857
attack_flow,F3-Equal,Maastricht University Ransomware,10,0.4240873278140274,1.0,0.24000000000000005,0.5166666666666666
attack_flow,F3-Equal,Mac Malware Steals Crypto,3,0.19525216184614927,0.6666666666666666,0.20000000000000004,0.3333333333333333
attack_flow,F3-Equal,Marriott Breach,4,0.0,0.0,0.0,0.0
attack_flow,F3-Equal,Muddy Water,8,0.7408215693473638,0.875,0.325,0.7708333333333334
attack_flow,F3-Equal,NotPetya,13,0.14884122822910298,0.46153846153846156,0.1076923076923077,0.17948717948717946
attack_flow,F3-Equal,OceanLotus,20,0.23195723912809196,0.4,0.13,0.25
attack_flow,F3-Equal,REvil,18,0.10428416133839032,0.2222222222222222,0.044444444444444446,0.07407407407407407
attack_flow,F3-Equal,Ragnar Locker,12,0.21066965282484654,0.25,0.08333333333333333,0.2222222222222222
attack_flow,F3-Equal,SWIFT Heist,4,0.14943073702152088,0.5,0.15000000000000002,0.25
attack_flow,F3-Equal,SearchAwesome Adware,10,0.07467327241126057,0.4,0.08,0.13333333333333333
attack_flow,F3-Equal,Shamoon,18,0.04034262056385615,0.2222222222222222,0.044444444444444446,0.07407407407407407
attack_flow,F3-Equal,SolarWinds,16,0.04966806158142569,0.125,0.025,0.05208333333333333
attack_flow,F3-Equal,Sony Malware,12,0.14757664692858122,0.4166666666666667,0.08333333333333333,0.13888888888888887
attack_flow,F3-Equal,Target Breach,8,0.2599027813239467,0.5,0.125,0.25
attack_flow,F3-Equal,Tesla Kubernetes Breach,3,0.5274753062627383,1.0,0.20000000000000004,0.611111111111111
attack_flow,F3-Equal,Uber Breach,6,0.33683056180562126,0.6666666666666666,0.13333333333333333,0.25
attack_flow,F3-Equal,WhisperGate,16,0.2656535311228367,0.6875,0.17500000000000002,0.32291666666666663
attack_flow,F3-NoPrior,Black Basta Ransomware,24,0.19117978480401523,0.4166666666666667,0.10000000000000002,0.20138888888888887
attack_flow,F3-NoPrior,CISA AA22-138B VMWare Workspace (Alt),8,0.1989920400454425,0.625,0.125,0.22916666666666666
attack_flow,F3-NoPrior,CISA AA22-138B VMWare Workspace (TA1),8,0.3636536379664154,0.75,0.15000000000000002,0.35416666666666663
attack_flow,F3-NoPrior,CISA AA22-138B VMWare Workspace (TA2),10,0.3095266887113773,0.7,0.22000000000000003,0.4
attack_flow,F3-NoPrior,CISA Iranian APT,21,0.3502897624069763,0.7619047619047619,0.22857142857142856,0.4206349206349206
attack_flow,F3-NoPrior,Cobalt Kitty Campaign,11,0.23511588305963674,0.45454545454545453,0.12727272727272726,0.30303030303030304
attack_flow,F3-NoPrior,Conti CISA Alert,5,0.09385574520455128,0.2,0.04,0.06666666666666667
attack_flow,F3-NoPrior,Conti PWC,3,0.15642624200758548,0.3333333333333333,0.06666666666666667,0.1111111111111111
attack_flow,F3-NoPrior,Conti Ransomware,14,0.26751266536186075,0.7142857142857143,0.15714285714285717,0.35714285714285715
attack_flow,F3-NoPrior,DFIR - BumbleBee Round 2,12,0.33836546564118736,0.5833333333333334,0.18333333333333335,0.3333333333333333
attack_flow,F3-NoPrior,Equifax Breach,8,0.09166835607441842,0.25,0.05,0.10416666666666666
attack_flow,F3-NoPrior,FIN13 Case 1,28,0.1890729881022888,0.42857142857142855,0.1142857142857143,0.2202380952380952
attack_flow,F3-NoPrior,FIN13 Case 2,13,0.14556385245547515,0.46153846153846156,0.1076923076923077,0.19230769230769232
attack_flow,F3-NoPrior,Gootloader,28,0.23577137668172696,0.42857142857142855,0.09285714285714286,0.21428571428571427
attack_flow,F3-NoPrior,Hancitor DLL,18,0.3752356704362223,0.8333333333333334,0.24444444444444446,0.4259259259259259
attack_flow,F3-NoPrior,Ivanti Vulnerabilities,5,0.3177920307470178,0.8,0.24000000000000005,0.4333333333333333
attack_flow,F3-NoPrior,JP Morgan Breach,8,0.0,0.0,0.0,0.0
attack_flow,F3-NoPrior,MITRE NERVE,7,0.1935340867991777,0.42857142857142855,0.1142857142857143,0.19047619047619047
attack_flow,F3-NoPrior,Maastricht University Ransomware,10,0.3321152488992087,0.8,0.2,0.41666666666666663
attack_flow,F3-NoPrior,Mac Malware Steals Crypto,3,0.19525216184614927,0.6666666666666666,0.20000000000000004,0.3333333333333333
attack_flow,F3-NoPrior,Marriott Breach,4,0.058659840752844555,0.25,0.05,0.08333333333333333
attack_flow,F3-NoPrior,Muddy Water,8,0.6898420470888301,0.875,0.30000000000000004,0.7291666666666666
attack_flow,F3-NoPrior,NotPetya,13,0.14884122822910298,0.46153846153846156,0.1076923076923077,0.17948717948717946
attack_flow,F3-NoPrior,OceanLotus,20,0.21259370792283824,0.4,0.12000000000000002,0.2333333333333333
attack_flow,F3-NoPrior,REvil,18,0.10428416133839032,0.2222222222222222,0.044444444444444446,0.07407407407407407
attack_flow,F3-NoPrior,Ragnar Locker,12,0.16644287999340956,0.25,0.08333333333333333,0.16666666666666666
attack_flow,F3-NoPrior,SWIFT Heist,4,0.14943073702152088,0.5,0.15000000000000002,0.25
attack_flow,F3-NoPrior,SearchAwesome Adware,10,0.08612728425411181,0.4,0.08,0.13333333333333333
attack_flow,F3-NoPrior,Shamoon,18,0.06641366089845373,0.2777777777777778,0.05555555555555555,0.09259259259259259
attack_flow,F3-NoPrior,SolarWinds,16,0.03832169954784115,0.0625,0.0125,0.03125
attack_flow,F3-NoPrior,Sony Malware,12,0.13244816421713515,0.3333333333333333,0.06666666666666667,0.1111111111111111
attack_flow,F3-NoPrior,Target Breach,8,0.18325938222826438,0.375,0.1,0.1875
attack_flow,F3-NoPrior,Tesla Kubernetes Breach,3,0.3608086395960716,0.6666666666666666,0.13333333333333333,0.27777777777777773
attack_flow,F3-NoPrior,Uber Breach,6,0.33683056180562126,0.6666666666666666,0.13333333333333333,0.25
attack_flow,F3-NoPrior,WhisperGate,16,0.15915865055820327,0.5,0.125,0.23958333333333331
attack_flow,F3-Perm,Black Basta Ransomware,24,0.2808553449799804,0.5833333333333334,0.1416666666666667,0.2916666666666667
attack_flow,F3-Perm,CISA AA22-138B VMWare Workspace (Alt),8,0.1923548437361893,0.625,0.125,0.22916666666666666
attack_flow,F3-Perm,CISA AA22-138B VMWare Workspace (TA1),8,0.3266433990956823,0.625,0.125,0.3125
attack_flow,F3-Perm,CISA AA22-138B VMWare Workspace (TA2),10,0.3095266887113773,0.7,0.22000000000000003,0.4
attack_flow,F3-Perm,CISA Iranian APT,21,0.3310414436926385,0.7619047619047619,0.21904761904761907,0.40476190476190477
attack_flow,F3-Perm,Cobalt Kitty Campaign,11,0.4052481891223321,0.5454545454545454,0.16363636363636364,0.37878787878787884
attack_flow,F3-Perm,Conti CISA Alert,5,0.09385574520455128,0.2,0.04,0.06666666666666667
attack_flow,F3-Perm,Conti PWC,3,0.15642624200758548,0.3333333333333333,0.06666666666666667,0.1111111111111111
attack_flow,F3-Perm,Conti Ransomware,14,0.2122479786140691,0.5714285714285714,0.1285714285714286,0.2857142857142857
attack_flow,F3-Perm,DFIR - BumbleBee Round 2,12,0.37696618018987266,0.6666666666666666,0.20000000000000004,0.4166666666666667
attack_flow,F3-Perm,Equifax Breach,8,0.09166835607441842,0.25,0.05,0.10416666666666666
attack_flow,F3-Perm,FIN13 Case 1,28,0.22136929326188928,0.5714285714285714,0.14285714285714285,0.2738095238095238
attack_flow,F3-Perm,FIN13 Case 2,13,0.18388610302981462,0.6153846153846154,0.13846153846153847,0.24358974358974358
attack_flow,F3-Perm,Gootloader,28,0.3109733912819187,0.5,0.12142857142857144,0.27976190476190477
attack_flow,F3-Perm,Hancitor DLL,18,0.3747720605761966,0.8333333333333334,0.23333333333333334,0.4074074074074074
attack_flow,F3-Perm,Ivanti Vulnerabilities,5,0.3177920307470178,0.8,0.24000000000000005,0.4333333333333333
attack_flow,F3-Perm,JP Morgan Breach,8,0.0,0.0,0.0,0.0
attack_flow,F3-Perm,MITRE NERVE,7,0.3104566878652702,0.5714285714285714,0.17142857142857146,0.2857142857142857
attack_flow,F3-Perm,Maastricht University Ransomware,10,0.4240873278140274,1.0,0.24000000000000005,0.5166666666666666
attack_flow,F3-Perm,Mac Malware Steals Crypto,3,0.19525216184614927,0.6666666666666666,0.20000000000000004,0.3333333333333333
attack_flow,F3-Perm,Marriott Breach,4,0.0,0.0,0.0,0.0
attack_flow,F3-Perm,Muddy Water,8,0.7408215693473638,0.875,0.325,0.7708333333333334
attack_flow,F3-Perm,NotPetya,13,0.14884122822910298,0.46153846153846156,0.1076923076923077,0.17948717948717946
attack_flow,F3-Perm,OceanLotus,20,0.23195723912809196,0.4,0.13,0.25
attack_flow,F3-Perm,REvil,18,0.10428416133839032,0.2222222222222222,0.044444444444444446,0.07407407407407407
attack_flow,F3-Perm,Ragnar Locker,12,0.21066965282484654,0.25,0.08333333333333333,0.2222222222222222
attack_flow,F3-Perm,SWIFT Heist,4,0.14943073702152088,0.5,0.15000000000000002,0.25
attack_flow,F3-Perm,SearchAwesome Adware,10,0.07467327241126057,0.4,0.08,0.13333333333333333
attack_flow,F3-Perm,Shamoon,18,0.04034262056385615,0.2222222222222222,0.044444444444444446,0.07407407407407407
attack_flow,F3-Perm,SolarWinds,16,0.04966806158142569,0.125,0.025,0.05208333333333333
attack_flow,F3-Perm,Sony Malware,12,0.14757664692858122,0.4166666666666667,0.08333333333333333,0.13888888888888887
attack_flow,F3-Perm,Target Breach,8,0.2599027813239467,0.5,0.125,0.25
attack_flow,F3-Perm,Tesla Kubernetes Breach,3,0.5274753062627383,1.0,0.20000000000000004,0.611111111111111
attack_flow,F3-Perm,Uber Breach,6,0.33683056180562126,0.6666666666666666,0.13333333333333333,0.25
attack_flow,F3-Perm,WhisperGate,16,0.2656535311228367,0.6875,0.17500000000000002,0.32291666666666663
attack_flow,F4,Black Basta Ransomware,24,0.2808553449799804,0.5833333333333334,0.1416666666666667,0.2916666666666667
attack_flow,F4,CISA AA22-138B VMWare Workspace (Alt),8,0.1923548437361893,0.625,0.125,0.22916666666666666
attack_flow,F4,CISA AA22-138B VMWare Workspace (TA1),8,0.3266433990956823,0.625,0.125,0.3125
attack_flow,F4,CISA AA22-138B VMWare Workspace (TA2),10,0.3148364457587799,0.6,0.2,0.36666666666666664
attack_flow,F4,CISA Iranian APT,21,0.355180845694992,0.8095238095238095,0.22857142857142856,0.43650793650793646
attack_flow,F4,Cobalt Kitty Campaign,11,0.4052481891223321,0.5454545454545454,0.16363636363636364,0.37878787878787884
attack_flow,F4,Conti CISA Alert,5,0.09385574520455128,0.2,0.04,0.06666666666666667
attack_flow,F4,Conti PWC,3,0.15642624200758548,0.3333333333333333,0.06666666666666667,0.1111111111111111
attack_flow,F4,Conti Ransomware,14,0.2252152495095943,0.6428571428571429,0.14285714285714285,0.3095238095238095
attack_flow,F4,DFIR - BumbleBee Round 2,12,0.38274313368375656,0.6666666666666666,0.20000000000000004,0.4166666666666667
attack_flow,F4,Equifax Breach,8,0.09166835607441842,0.25,0.05,0.10416666666666666
attack_flow,F4,FIN13 Case 1,28,0.20058036635526788,0.5,0.1285714285714286,0.24404761904761904
attack_flow,F4,FIN13 Case 2,13,0.18388610302981462,0.6153846153846154,0.13846153846153847,0.24358974358974358
attack_flow,F4,Gootloader,28,0.31944473816653646,0.5357142857142857,0.1285714285714286,0.2976190476190476
attack_flow,F4,Hancitor DLL,18,0.36468640543523256,0.8333333333333334,0.2222222222222222,0.3888888888888889
attack_flow,F4,Ivanti Vulnerabilities,5,0.3177920307470178,0.8,0.24000000000000005,0.4333333333333333
attack_flow,F4,JP Morgan Breach,8,0.0,0.0,0.0,0.0
attack_flow,F4,MITRE NERVE,7,0.3104566878652702,0.5714285714285714,0.17142857142857146,0.2857142857142857
attack_flow,F4,Maastricht University Ransomware,10,0.40593314856029217,0.9,0.22000000000000003,0.4833333333333333
attack_flow,F4,Mac Malware Steals Crypto,3,0.13473823100036506,0.6666666666666666,0.13333333333333333,0.2222222222222222
attack_flow,F4,Marriott Breach,4,0.0,0.0,0.0,0.0
attack_flow,F4,Muddy Water,8,0.7408215693473638,0.875,0.325,0.7708333333333334
attack_flow,F4,NotPetya,13,0.14884122822910298,0.46153846153846156,0.1076923076923077,0.17948717948717946
attack_flow,F4,OceanLotus,20,0.21196711756997694,0.4,0.12000000000000002,0.2333333333333333
attack_flow,F4,REvil,18,0.10428416133839032,0.2222222222222222,0.044444444444444446,0.07407407407407407
attack_flow,F4,Ragnar Locker,12,0.22579813553629258,0.4166666666666667,0.10000000000000002,0.25
attack_flow,F4,SWIFT Heist,4,0.058659840752844555,0.25,0.05,0.08333333333333333
attack_flow,F4,SearchAwesome Adware,10,0.08023886443445491,0.4,0.08,0.15
attack_flow,F4,Shamoon,18,0.020171310281928076,0.1111111111111111,0.022222222222222223,0.037037037037037035
attack_flow,F4,SolarWinds,16,0.03832169954784115,0.0625,0.0125,0.03125
attack_flow,F4,Sony Malware,12,0.15712165679762394,0.4166666666666667,0.08333333333333333,0.13888888888888887
attack_flow,F4,Target Breach,8,0.2372100572567776,0.5,0.1,0.20833333333333331
attack_flow,F4,Tesla Kubernetes Breach,3,0.5274753062627383,1.0,0.20000000000000004,0.611111111111111
attack_flow,F4,Uber Breach,6,0.33683056180562126,0.6666666666666666,0.13333333333333333,0.25
attack_flow,F4,WhisperGate,16,0.20196473092592104,0.5,0.1125,0.19791666666666666
attack_flow,F4-Equal,Black Basta Ransomware,24,0.2808553449799804,0.5833333333333334,0.1416666666666667,0.2916666666666667
attack_flow,F4-Equal,CISA AA22-138B VMWare Workspace (Alt),8,0.1923548437361893,0.625,0.125,0.22916666666666666
attack_flow,F4-Equal,CISA AA22-138B VMWare Workspace (TA1),8,0.3266433990956823,0.625,0.125,0.3125
attack_flow,F4-Equal,CISA AA22-138B VMWare Workspace (TA2),10,0.3095266887113773,0.7,0.22000000000000003,0.4
attack_flow,F4-Equal,CISA Iranian APT,21,0.3310414436926385,0.7619047619047619,0.21904761904761907,0.40476190476190477
attack_flow,F4-Equal,Cobalt Kitty Campaign,11,0.4052481891223321,0.5454545454545454,0.16363636363636364,0.37878787878787884
attack_flow,F4-Equal,Conti CISA Alert,5,0.09385574520455128,0.2,0.04,0.06666666666666667
attack_flow,F4-Equal,Conti PWC,3,0.15642624200758548,0.3333333333333333,0.06666666666666667,0.1111111111111111
attack_flow,F4-Equal,Conti Ransomware,14,0.2122479786140691,0.5714285714285714,0.1285714285714286,0.2857142857142857
attack_flow,F4-Equal,DFIR - BumbleBee Round 2,12,0.37696618018987266,0.6666666666666666,0.20000000000000004,0.4166666666666667
attack_flow,F4-Equal,Equifax Breach,8,0.09166835607441842,0.25,0.05,0.10416666666666666
attack_flow,F4-Equal,FIN13 Case 1,28,0.22136929326188928,0.5714285714285714,0.14285714285714285,0.2738095238095238
attack_flow,F4-Equal,FIN13 Case 2,13,0.18388610302981462,0.6153846153846154,0.13846153846153847,0.24358974358974358
attack_flow,F4-Equal,Gootloader,28,0.3109733912819187,0.5,0.12142857142857144,0.27976190476190477
attack_flow,F4-Equal,Hancitor DLL,18,0.3747720605761966,0.8333333333333334,0.23333333333333334,0.4074074074074074
attack_flow,F4-Equal,Ivanti Vulnerabilities,5,0.3177920307470178,0.8,0.24000000000000005,0.4333333333333333
attack_flow,F4-Equal,JP Morgan Breach,8,0.0,0.0,0.0,0.0
attack_flow,F4-Equal,MITRE NERVE,7,0.3104566878652702,0.5714285714285714,0.17142857142857146,0.2857142857142857
attack_flow,F4-Equal,Maastricht University Ransomware,10,0.4240873278140274,1.0,0.24000000000000005,0.5166666666666666
attack_flow,F4-Equal,Mac Malware Steals Crypto,3,0.19525216184614927,0.6666666666666666,0.20000000000000004,0.3333333333333333
attack_flow,F4-Equal,Marriott Breach,4,0.0,0.0,0.0,0.0
attack_flow,F4-Equal,Muddy Water,8,0.7408215693473638,0.875,0.325,0.7708333333333334
attack_flow,F4-Equal,NotPetya,13,0.14884122822910298,0.46153846153846156,0.1076923076923077,0.17948717948717946
attack_flow,F4-Equal,OceanLotus,20,0.23195723912809196,0.4,0.13,0.25
attack_flow,F4-Equal,REvil,18,0.10428416133839032,0.2222222222222222,0.044444444444444446,0.07407407407407407
attack_flow,F4-Equal,Ragnar Locker,12,0.21066965282484654,0.25,0.08333333333333333,0.2222222222222222
attack_flow,F4-Equal,SWIFT Heist,4,0.14943073702152088,0.5,0.15000000000000002,0.25
attack_flow,F4-Equal,SearchAwesome Adware,10,0.07467327241126057,0.4,0.08,0.13333333333333333
attack_flow,F4-Equal,Shamoon,18,0.04034262056385615,0.2222222222222222,0.044444444444444446,0.07407407407407407
attack_flow,F4-Equal,SolarWinds,16,0.04966806158142569,0.125,0.025,0.05208333333333333
attack_flow,F4-Equal,Sony Malware,12,0.14757664692858122,0.4166666666666667,0.08333333333333333,0.13888888888888887
attack_flow,F4-Equal,Target Breach,8,0.2599027813239467,0.5,0.125,0.25
attack_flow,F4-Equal,Tesla Kubernetes Breach,3,0.5274753062627383,1.0,0.20000000000000004,0.611111111111111
attack_flow,F4-Equal,Uber Breach,6,0.33683056180562126,0.6666666666666666,0.13333333333333333,0.25
attack_flow,F4-Equal,WhisperGate,16,0.2656535311228367,0.6875,0.17500000000000002,0.32291666666666663
attack_flow,F4-NoPrior,Black Basta Ransomware,24,0.26340786559220336,0.5,0.125,0.2569444444444444
attack_flow,F4-NoPrior,CISA AA22-138B VMWare Workspace (Alt),8,0.1923548437361893,0.625,0.125,0.22916666666666666
attack_flow,F4-NoPrior,CISA AA22-138B VMWare Workspace (TA1),8,0.3266433990956823,0.625,0.125,0.3125
attack_flow,F4-NoPrior,CISA AA22-138B VMWare Workspace (TA2),10,0.33536754722849876,0.7,0.2,0.4333333333333333
attack_flow,F4-NoPrior,CISA Iranian APT,21,0.34653599843130845,0.8095238095238095,0.21904761904761907,0.4206349206349206
attack_flow,F4-NoPrior,Cobalt Kitty Campaign,11,0.4052481891223321,0.5454545454545454,0.16363636363636364,0.37878787878787884
attack_flow,F4-NoPrior,Conti CISA Alert,5,0.09385574520455128,0.2,0.04,0.06666666666666667
attack_flow,F4-NoPrior,Conti PWC,3,0.15642624200758548,0.3333333333333333,0.06666666666666667,0.1111111111111111
attack_flow,F4-NoPrior,Conti Ransomware,14,0.2252152495095943,0.6428571428571429,0.14285714285714285,0.3095238095238095
attack_flow,F4-NoPrior,DFIR - BumbleBee Round 2,12,0.38274313368375656,0.6666666666666666,0.20000000000000004,0.4166666666666667
attack_flow,F4-NoPrior,Equifax Breach,8,0.09166835607441842,0.25,0.05,0.10416666666666666
attack_flow,F4-NoPrior,FIN13 Case 1,28,0.1940967309075053,0.4642857142857143,0.12142857142857144,0.23214285714285715
attack_flow,F4-NoPrior,FIN13 Case 2,13,0.16992134975771053,0.5384615384615384,0.12307692307692308,0.21794871794871792
attack_flow,F4-NoPrior,Gootloader,28,0.31944473816653646,0.5357142857142857,0.1285714285714286,0.2976190476190476
attack_flow,F4-NoPrior,Hancitor DLL,18,0.3546007502942686,0.8333333333333334,0.21111111111111114,0.37037037037037035
attack_flow,F4-NoPrior,Ivanti Vulnerabilities,5,0.3177920307470178,0.8,0.24000000000000005,0.4333333333333333
attack_flow,F4-NoPrior,JP Morgan Breach,8,0.0,0.0,0.0,0.0
attack_flow,F4-NoPrior,MITRE NERVE,7,0.3104566878652702,0.5714285714285714,0.17142857142857146,0.2857142857142857
attack_flow,F4-NoPrior,Maastricht University Ransomware,10,0.4240873278140274,0.9,0.24000000000000005,0.5166666666666666
attack_flow,F4-NoPrior,Mac Malware Steals Crypto,3,0.13473823100036506,0.6666666666666666,0.13333333333333333,0.2222222222222222
attack_flow,F4-NoPrior,Marriott Breach,4,0.0,0.0,0.0,0.0
attack_flow,F4-NoPrior,Muddy Water,8,0.7408215693473638,0.875,0.325,0.7708333333333334
attack_flow,F4-NoPrior,NotPetya,13,0.14884122822910298,0.46153846153846156,0.1076923076923077,0.17948717948717946
attack_flow,F4-NoPrior,OceanLotus,20,0.21196711756997694,0.4,0.12000000000000002,0.2333333333333333
attack_flow,F4-NoPrior,REvil,18,0.10428416133839032,0.2222222222222222,0.044444444444444446,0.07407407407407407
attack_flow,F4-NoPrior,Ragnar Locker,12,0.24556461160040063,0.5,0.11666666666666668,0.2916666666666667
attack_flow,F4-NoPrior,SWIFT Heist,4,0.058659840752844555,0.25,0.05,0.08333333333333333
attack_flow,F4-NoPrior,SearchAwesome Adware,10,0.08023886443445491,0.4,0.08,0.15
attack_flow,F4-NoPrior,Shamoon,18,0.03025696542289211,0.16666666666666666,0.03333333333333334,0.05555555555555555
attack_flow,F4-NoPrior,SolarWinds,16,0.03832169954784115,0.0625,0.0125,0.03125
attack_flow,F4-NoPrior,Sony Malware,12,0.15712165679762394,0.4166666666666667,0.08333333333333333,0.13888888888888887
attack_flow,F4-NoPrior,Target Breach,8,0.2372100572567776,0.5,0.1,0.20833333333333331
attack_flow,F4-NoPrior,Tesla Kubernetes Breach,3,0.5274753062627383,1.0,0.20000000000000004,0.611111111111111
attack_flow,F4-NoPrior,Uber Breach,6,0.33683056180562126,0.6666666666666666,0.13333333333333333,0.25
attack_flow,F4-NoPrior,WhisperGate,16,0.2133110929595056,0.5625,0.125,0.21875
attack_flow,F4-Perm,Black Basta Ransomware,24,0.2625066702058512,0.5833333333333334,0.1416666666666667,0.2916666666666667
attack_flow,F4-Perm,CISA AA22-138B VMWare Workspace (Alt),8,0.1923548437361893,0.625,0.125,0.22916666666666666
attack_flow,F4-Perm,CISA AA22-138B VMWare Workspace (TA1),8,0.2205383168621619,0.625,0.125,0.3125
attack_flow,F4-Perm,CISA AA22-138B VMWare Workspace (TA2),10,0.3095266887113773,0.7,0.22000000000000003,0.4
attack_flow,F4-Perm,CISA Iranian APT,21,0.32812990901947137,0.7619047619047619,0.21904761904761907,0.40476190476190477
attack_flow,F4-Perm,Cobalt Kitty Campaign,11,0.41379133134645196,0.5454545454545454,0.16363636363636364,0.37878787878787884
attack_flow,F4-Perm,Conti CISA Alert,5,0.09385574520455128,0.2,0.04,0.06666666666666667
attack_flow,F4-Perm,Conti PWC,3,0.15642624200758548,0.3333333333333333,0.06666666666666667,0.1111111111111111
attack_flow,F4-Perm,Conti Ransomware,14,0.24137913419037407,0.5714285714285714,0.1285714285714286,0.2857142857142857
attack_flow,F4-Perm,DFIR - BumbleBee Round 2,12,0.3502771010235198,0.6666666666666666,0.20000000000000004,0.4166666666666667
attack_flow,F4-Perm,Equifax Breach,8,0.13530323984852685,0.25,0.05,0.10416666666666666
attack_flow,F4-Perm,FIN13 Case 1,28,0.20417288960097893,0.5714285714285714,0.14285714285714285,0.2738095238095238
attack_flow,F4-Perm,FIN13 Case 2,13,0.1750753246891598,0.6153846153846154,0.13846153846153847,0.24358974358974358
attack_flow,F4-Perm,Gootloader,28,0.315847678363185,0.5,0.12142857142857144,0.27976190476190477
attack_flow,F4-Perm,Hancitor DLL,18,0.35992920615829616,0.8333333333333334,0.23333333333333334,0.4074074074074074
attack_flow,F4-Perm,Ivanti Vulnerabilities,5,0.3177920307470178,0.8,0.24000000000000005,0.4333333333333333
attack_flow,F4-Perm,JP Morgan Breach,8,0.0,0.0,0.0,0.0
attack_flow,F4-Perm,MITRE NERVE,7,0.3104566878652702,0.5714285714285714,0.17142857142857146,0.2857142857142857
attack_flow,F4-Perm,Maastricht University Ransomware,10,0.3342361531009451,1.0,0.24000000000000005,0.5166666666666666
attack_flow,F4-Perm,Mac Malware Steals Crypto,3,0.28430928835355224,0.6666666666666666,0.20000000000000004,0.3333333333333333
attack_flow,F4-Perm,Marriott Breach,4,0.0,0.0,0.0,0.0
attack_flow,F4-Perm,Muddy Water,8,0.7494935547990429,0.875,0.325,0.7708333333333334
attack_flow,F4-Perm,NotPetya,13,0.12921008076952042,0.46153846153846156,0.1076923076923077,0.17948717948717946
attack_flow,F4-Perm,OceanLotus,20,0.23195723912809196,0.4,0.13,0.25
attack_flow,F4-Perm,REvil,18,0.10428416133839032,0.2222222222222222,0.044444444444444446,0.07407407407407407
attack_flow,F4-Perm,Ragnar Locker,12,0.11040544600736286,0.25,0.08333333333333333,0.2222222222222222
attack_flow,F4-Perm,SWIFT Heist,4,0.20809057777436546,0.5,0.15000000000000002,0.25
attack_flow,F4-Perm,SearchAwesome Adware,10,0.1087567228072035,0.4,0.08,0.13333333333333333
attack_flow,F4-Perm,Shamoon,18,0.04784849125228434,0.2222222222222222,0.044444444444444446,0.07407407407407407
attack_flow,F4-Perm,SolarWinds,16,0.030507211807505118,0.125,0.025,0.05208333333333333
attack_flow,F4-Perm,Sony Malware,12,0.12802336667763303,0.4166666666666667,0.08333333333333333,0.13888888888888887
attack_flow,F4-Perm,Target Breach,8,0.2932992037642228,0.5,0.125,0.25
attack_flow,F4-Perm,Tesla Kubernetes Breach,3,0.431562995100937,1.0,0.20000000000000004,0.611111111111111
attack_flow,F4-Perm,Uber Breach,6,0.14258103580309578,0.6666666666666666,0.13333333333333333,0.25
attack_flow,F4-Perm,WhisperGate,16,0.23964220890104102,0.6875,0.17500000000000002,0.32291666666666663
ctid,B0,apt29::unknown,63,0.07356747548320651,0.25396825396825395,0.05396825396825397,0.09259259259259259
ctid,B0,carbanak::unknown,19,0.18054417753256014,0.47368421052631576,0.12631578947368424,0.21052631578947367
ctid,B0,fin6::unknown,16,0.2521804671542839,0.5625,0.15,0.26041666666666663
ctid,B0,fin7::unknown,8,0.08135256482001364,0.125,0.05,0.08333333333333333
ctid,B0,menu_pass::unknown,10,0.11731968150568912,0.3,0.06000000000000001,0.1
ctid,B0,oilrig::unknown,35,0.2782614129937602,0.6857142857142857,0.22285714285714286,0.37142857142857144
ctid,B0,sandworm::unknown,31,0.25245016047432833,0.5483870967741935,0.14838709677419357,0.29569892473118276
ctid,B0,turla_carbon::unknown,23,0.2859554321582857,0.6956521739130435,0.1826086956521739,0.32608695652173914
ctid,B0,turla_snake::unknown,26,0.16881570250739436,0.38461538461538464,0.1,0.16666666666666666
ctid,B0,wizard_spider::unknown,32,0.2523454955728968,0.53125,0.1625,0.30729166666666663
ctid,F1,apt29::unknown,63,0.07872608568018306,0.25396825396825395,0.05396825396825397,0.09259259259259259
ctid,F1,carbanak::unknown,19,0.1898064231316654,0.47368421052631576,0.12631578947368424,0.21052631578947367
ctid,F1,fin6::unknown,16,0.27912969111413216,0.5625,0.15,0.26041666666666663
ctid,F1,fin7::unknown,8,0.08392325906541301,0.125,0.05,0.08333333333333333
ctid,F1,menu_pass::unknown,10,0.1234639363011378,0.3,0.06000000000000001,0.1
ctid,F1,oilrig::unknown,35,0.28675448519592206,0.6857142857142857,0.22285714285714286,0.37142857142857144
ctid,F1,sandworm::unknown,31,0.2707854701443895,0.5483870967741935,0.14838709677419357,0.29569892473118276
ctid,F1,turla_carbon::unknown,23,0.30736771927450324,0.6956521739130435,0.1826086956521739,0.32608695652173914
ctid,F1,turla_snake::unknown,26,0.16341529156081885,0.38461538461538464,0.1,0.16666666666666666
ctid,F1,wizard_spider::unknown,32,0.263173434365422,0.53125,0.1625,0.30729166666666663
ctid,F1-Equal,apt29::unknown,63,0.07646496177143186,0.25396825396825395,0.05396825396825397,0.09259259259259259
ctid,F1-Equal,carbanak::unknown,19,0.18161320069193368,0.47368421052631576,0.12631578947368424,0.21052631578947367
ctid,F1-Equal,fin6::unknown,16,0.2560365085223829,0.5625,0.15,0.26041666666666663
ctid,F1-Equal,fin7::unknown,8,0.08392325906541301,0.125,0.05,0.08333333333333333
ctid,F1-Equal,menu_pass::unknown,10,0.1234639363011378,0.3,0.06000000000000001,0.1
ctid,F1-Equal,oilrig::unknown,35,0.2737991428730432,0.6857142857142857,0.22285714285714286,0.37142857142857144
ctid,F1-Equal,sandworm::unknown,31,0.2535077775854873,0.5483870967741935,0.14838709677419357,0.29569892473118276
ctid,F1-Equal,turla_carbon::unknown,23,0.28534645023706845,0.6956521739130435,0.1826086956521739,0.32608695652173914
ctid,F1-Equal,turla_snake::unknown,26,0.16928572467980718,0.38461538461538464,0.1,0.16666666666666666
ctid,F1-Equal,wizard_spider::unknown,32,0.2548462798515442,0.53125,0.1625,0.30729166666666663
ctid,F1-NoPrior,apt29::unknown,63,0.07630336725012439,0.25396825396825395,0.05396825396825397,0.09259259259259259
ctid,F1-NoPrior,carbanak::unknown,19,0.19151863452697226,0.47368421052631576,0.12631578947368424,0.21052631578947367
ctid,F1-NoPrior,fin6::unknown,16,0.2778443439914325,0.5625,0.15,0.26041666666666663
ctid,F1-NoPrior,fin7::unknown,8,0.08392325906541301,0.125,0.05,0.08333333333333333
ctid,F1-NoPrior,menu_pass::unknown,10,0.1234639363011378,0.3,0.06000000000000001,0.1
ctid,F1-NoPrior,oilrig::unknown,35,0.28885914589412837,0.6857142857142857,0.22285714285714286,0.37142857142857144
ctid,F1-NoPrior,sandworm::unknown,31,0.2701220651778348,0.5483870967741935,0.14838709677419357,0.29569892473118276
ctid,F1-NoPrior,turla_carbon::unknown,23,0.30595328377403236,0.6956521739130435,0.1826086956521739,0.32608695652173914
ctid,F1-NoPrior,turla_snake::unknown,26,0.16577846648214528,0.38461538461538464,0.1,0.16666666666666666
ctid,F1-NoPrior,wizard_spider::unknown,32,0.2692422059252891,0.53125,0.1625,0.30729166666666663
ctid,F1-Perm,apt29::unknown,63,0.07519562875115694,0.25396825396825395,0.05396825396825397,0.09259259259259259
ctid,F1-Perm,carbanak::unknown,19,0.198616084972057,0.47368421052631576,0.12631578947368424,0.21052631578947367
ctid,F1-Perm,fin6::unknown,16,0.25346581427698356,0.5625,0.15,0.26041666666666663
ctid,F1-Perm,fin7::unknown,8,0.08392325906541301,0.125,0.05,0.08333333333333333
ctid,F1-Perm,menu_pass::unknown,10,0.11731968150568912,0.3,0.06000000000000001,0.1
ctid,F1-Perm,oilrig::unknown,35,0.2797712260377296,0.6857142857142857,0.22285714285714286,0.37142857142857144
ctid,F1-Perm,sandworm::unknown,31,0.25856206218875677,0.5483870967741935,0.14838709677419357,0.29569892473118276
ctid,F1-Perm,turla_carbon::unknown,23,0.29878581257505715,0.6956521739130435,0.1826086956521739,0.32608695652173914
ctid,F1-Perm,turla_snake::unknown,26,0.1696066853521326,0.38461538461538464,0.1,0.16666666666666666
ctid,F1-Perm,wizard_spider::unknown,32,0.2582487333428247,0.53125,0.1625,0.30729166666666663
ctid,F2,apt29::unknown,63,0.07068585972864537,0.23809523809523808,0.050793650793650794,0.0873015873015873
ctid,F2,carbanak::unknown,19,0.1709893463463837,0.47368421052631576,0.11578947368421054,0.19298245614035087
ctid,F2,fin6::unknown,16,0.21814138105353026,0.4375,0.1125,0.19791666666666666
ctid,F2,fin7::unknown,8,0.058659840752844555,0.125,0.025,0.041666666666666664
ctid,F2,menu_pass::unknown,10,0.11731968150568912,0.3,0.06000000000000001,0.1
ctid,F2,oilrig::unknown,35,0.2678875962773401,0.6571428571428571,0.21142857142857144,0.35238095238095235
ctid,F2,sandworm::unknown,31,0.24073778676224108,0.5161290322580645,0.13548387096774195,0.27419354838709675
ctid,F2,turla_carbon::unknown,23,0.25985624529550305,0.6956521739130435,0.1565217391304348,0.2753623188405797
ctid,F2,turla_snake::unknown,26,0.15485094923529027,0.3076923076923077,0.08461538461538462,0.14102564102564102
ctid,F2,wizard_spider::unknown,32,0.2636918576064814,0.65625,0.17500000000000002,0.328125
ctid,F2-Equal,apt29::unknown,63,0.07356747548320651,0.25396825396825395,0.05396825396825397,0.09259259259259259
ctid,F2-Equal,carbanak::unknown,19,0.18054417753256014,0.47368421052631576,0.12631578947368424,0.21052631578947367
ctid,F2-Equal,fin6::unknown,16,0.2521804671542839,0.5625,0.15,0.26041666666666663
ctid,F2-Equal,fin7::unknown,8,0.08135256482001364,0.125,0.05,0.08333333333333333
ctid,F2-Equal,menu_pass::unknown,10,0.11731968150568912,0.3,0.06000000000000001,0.1
ctid,F2-Equal,oilrig::unknown,35,0.2782614129937602,0.6857142857142857,0.22285714285714286,0.37142857142857144
ctid,F2-Equal,sandworm::unknown,31,0.25245016047432833,0.5483870967741935,0.14838709677419357,0.29569892473118276
ctid,F2-Equal,turla_carbon::unknown,23,0.2859554321582857,0.6956521739130435,0.1826086956521739,0.32608695652173914
ctid,F2-Equal,turla_snake::unknown,26,0.16881570250739436,0.38461538461538464,0.1,0.16666666666666666
ctid,F2-Equal,wizard_spider::unknown,32,0.2523454955728968,0.53125,0.1625,0.30729166666666663
ctid,F2-NoPrior,apt29::unknown,63,0.07068585972864537,0.23809523809523808,0.050793650793650794,0.0873015873015873
ctid,F2-NoPrior,carbanak::unknown,19,0.1709893463463837,0.47368421052631576,0.11578947368421054,0.19298245614035087
ctid,F2-NoPrior,fin6::unknown,16,0.21814138105353026,0.4375,0.1125,0.19791666666666666
ctid,F2-NoPrior,fin7::unknown,8,0.058659840752844555,0.125,0.025,0.041666666666666664
ctid,F2-NoPrior,menu_pass::unknown,10,0.11731968150568912,0.3,0.06000000000000001,0.1
ctid,F2-NoPrior,oilrig::unknown,35,0.2678875962773401,0.6571428571428571,0.21142857142857144,0.35238095238095235
ctid,F2-NoPrior,sandworm::unknown,31,0.2465939736182847,0.5483870967741935,0.14193548387096774,0.28494623655913975
ctid,F2-NoPrior,turla_carbon::unknown,23,0.2780623107436182,0.6956521739130435,0.17391304347826086,0.3115942028985507
ctid,F2-NoPrior,turla_snake::unknown,26,0.16881570250739436,0.38461538461538464,0.1,0.16666666666666666
ctid,F2-NoPrior,wizard_spider::unknown,32,0.2562794290824409,0.625,0.16875,0.3125
ctid,F2-Perm,apt29::unknown,63,0.06980243242337641,0.23809523809523808,0.050793650793650794,0.08465608465608465
ctid,F2-Perm,carbanak::unknown,19,0.18054417753256014,0.47368421052631576,0.12631578947368424,0.21052631578947367
ctid,F2-Perm,fin6::unknown,16,0.24083410512069933,0.5,0.1375,0.23958333333333331
ctid,F2-Perm,fin7::unknown,8,0.08135256482001364,0.125,0.05,0.08333333333333333
ctid,F2-Perm,menu_pass::unknown,10,0.11731968150568912,0.3,0.06000000000000001,0.1
ctid,F2-Perm,oilrig::unknown,35,0.2782614129937602,0.6857142857142857,0.22285714285714286,0.37142857142857144
ctid,F2-Perm,sandworm::unknown,31,0.25245016047432833,0.5483870967741935,0.14838709677419357,0.29569892473118276
ctid,F2-Perm,turla_carbon::unknown,23,0.2859554321582857,0.6956521739130435,0.1826086956521739,0.32608695652173914
ctid,F2-Perm,turla_snake::unknown,26,0.16183332587134233,0.34615384615384615,0.09230769230769233,0.15384615384615385
ctid,F2-Perm,wizard_spider::unknown,32,0.24667231455610455,0.53125,0.15625,0.296875
ctid,F3,apt29::unknown,63,0.06835138139627485,0.25396825396825395,0.05396825396825397,0.09259259259259259
ctid,F3,carbanak::unknown,19,0.16872924895375332,0.47368421052631576,0.11578947368421054,0.22807017543859648
ctid,F3,fin6::unknown,16,0.21882283900592897,0.5625,0.125,0.22916666666666666
ctid,F3,fin7::unknown,8,0.08135256482001364,0.125,0.05,0.08333333333333333
ctid,F3,menu_pass::unknown,10,0.09060254355346822,0.3,0.06000000000000001,0.1
ctid,F3,oilrig::unknown,35,0.25423394435053104,0.6285714285714286,0.2,0.3333333333333333
ctid,F3,sandworm::unknown,31,0.25908657439586774,0.5161290322580645,0.14193548387096774,0.2849462365591398
ctid,F3,turla_carbon::unknown,23,0.26875475382847985,0.6521739130434783,0.17391304347826086,0.3115942028985507
ctid,F3,turla_snake::unknown,26,0.14095094700749705,0.38461538461538464,0.09230769230769233,0.15384615384615385
ctid,F3,wizard_spider::unknown,32,0.25271944752751047,0.5625,0.15625,0.296875
ctid,F3-Equal,apt29::unknown,63,0.07356747548320651,0.25396825396825395,0.05396825396825397,0.09259259259259259
ctid,F3-Equal,carbanak::unknown,19,0.18054417753256014,0.47368421052631576,0.12631578947368424,0.21052631578947367
ctid,F3-Equal,fin6::unknown,16,0.2521804671542839,0.5625,0.15,0.26041666666666663
ctid,F3-Equal,fin7::unknown,8,0.08135256482001364,0.125,0.05,0.08333333333333333
ctid,F3-Equal,menu_pass::unknown,10,0.11731968150568912,0.3,0.06000000000000001,0.1
ctid,F3-Equal,oilrig::unknown,35,0.2782614129937602,0.6857142857142857,0.22285714285714286,0.37142857142857144
ctid,F3-Equal,sandworm::unknown,31,0.25245016047432833,0.5483870967741935,0.14838709677419357,0.29569892473118276
ctid,F3-Equal,turla_carbon::unknown,23,0.2859554321582857,0.6956521739130435,0.1826086956521739,0.32608695652173914
ctid,F3-Equal,turla_snake::unknown,26,0.16881570250739436,0.38461538461538464,0.1,0.16666666666666666
ctid,F3-Equal,wizard_spider::unknown,32,0.2523454955728968,0.53125,0.1625,0.30729166666666663
ctid,F3-NoPrior,apt29::unknown,63,0.07291863430874156,0.25396825396825395,0.05396825396825397,0.09259259259259259
ctid,F3-NoPrior,carbanak::unknown,19,0.18107868911224692,0.47368421052631576,0.12631578947368424,0.24561403508771926
ctid,F3-NoPrior,fin6::unknown,16,0.20031771957056238,0.5,0.1125,0.20833333333333331
ctid,F3-NoPrior,fin7::unknown,8,0.08135256482001364,0.125,0.05,0.08333333333333333
ctid,F3-NoPrior,menu_pass::unknown,10,0.09060254355346822,0.3,0.06000000000000001,0.1
ctid,F3-NoPrior,oilrig::unknown,35,0.21645661317671927,0.5714285714285714,0.17142857142857143,0.2857142857142857
ctid,F3-NoPrior,sandworm::unknown,31,0.2686376037818634,0.5483870967741935,0.14838709677419357,0.29569892473118276
ctid,F3-NoPrior,turla_carbon::unknown,23,0.2972087539861878,0.6956521739130435,0.1826086956521739,0.32608695652173914
ctid,F3-NoPrior,turla_snake::unknown,26,0.14997553789255005,0.38461538461538464,0.09230769230769233,0.15384615384615385
ctid,F3-NoPrior,wizard_spider::unknown,32,0.23805448733929932,0.53125,0.15000000000000002,0.2864583333333333
ctid,F3-Perm,apt29::unknown,63,0.07356747548320651,0.25396825396825395,0.05396825396825397,0.09259259259259259
ctid,F3-Perm,carbanak::unknown,19,0.18054417753256014,0.47368421052631576,0.12631578947368424,0.21052631578947367
ctid,F3-Perm,fin6::unknown,16,0.2521804671542839,0.5625,0.15,0.26041666666666663
ctid,F3-Perm,fin7::unknown,8,0.08135256482001364,0.125,0.05,0.08333333333333333
ctid,F3-Perm,menu_pass::unknown,10,0.11731968150568912,0.3,0.06000000000000001,0.1
ctid,F3-Perm,oilrig::unknown,35,0.2782614129937602,0.6857142857142857,0.22285714285714286,0.37142857142857144
ctid,F3-Perm,sandworm::unknown,31,0.25245016047432833,0.5483870967741935,0.14838709677419357,0.29569892473118276
ctid,F3-Perm,turla_carbon::unknown,23,0.2859554321582857,0.6956521739130435,0.1826086956521739,0.32608695652173914
ctid,F3-Perm,turla_snake::unknown,26,0.16881570250739436,0.38461538461538464,0.1,0.16666666666666666
ctid,F3-Perm,wizard_spider::unknown,32,0.2523454955728968,0.53125,0.1625,0.30729166666666663
ctid,F4,apt29::unknown,63,0.06780424397408422,0.2222222222222222,0.047619047619047616,0.082010582010582
ctid,F4,carbanak::unknown,19,0.1882848162135782,0.47368421052631576,0.11578947368421054,0.19298245614035087
ctid,F4,fin6::unknown,16,0.24083410512069933,0.5,0.1375,0.23958333333333331
ctid,F4,fin7::unknown,8,0.058659840752844555,0.125,0.025,0.041666666666666664
ctid,F4,menu_pass::unknown,10,0.11731968150568912,0.3,0.06000000000000001,0.1
ctid,F4,oilrig::unknown,35,0.27466467378503423,0.6857142857142857,0.21714285714285717,0.36666666666666664
ctid,F4,sandworm::unknown,31,0.26965272898191417,0.5806451612903226,0.16129032258064516,0.3225806451612903
ctid,F4,turla_carbon::unknown,23,0.2934956198376371,0.7391304347826086,0.1826086956521739,0.3188405797101449
ctid,F4,turla_snake::unknown,26,0.17322109167772173,0.38461538461538464,0.1,0.16666666666666666
ctid,F4,wizard_spider::unknown,32,0.2609553817292303,0.59375,0.16875,0.3177083333333333
ctid,F4-Equal,apt29::unknown,63,0.07356747548320651,0.25396825396825395,0.05396825396825397,0.09259259259259259
ctid,F4-Equal,carbanak::unknown,19,0.18054417753256014,0.47368421052631576,0.12631578947368424,0.21052631578947367
ctid,F4-Equal,fin6::unknown,16,0.2521804671542839,0.5625,0.15,0.26041666666666663
ctid,F4-Equal,fin7::unknown,8,0.08135256482001364,0.125,0.05,0.08333333333333333
ctid,F4-Equal,menu_pass::unknown,10,0.11731968150568912,0.3,0.06000000000000001,0.1
ctid,F4-Equal,oilrig::unknown,35,0.2782614129937602,0.6857142857142857,0.22285714285714286,0.37142857142857144
ctid,F4-Equal,sandworm::unknown,31,0.25245016047432833,0.5483870967741935,0.14838709677419357,0.29569892473118276
ctid,F4-Equal,turla_carbon::unknown,23,0.2859554321582857,0.6956521739130435,0.1826086956521739,0.32608695652173914
ctid,F4-Equal,turla_snake::unknown,26,0.16881570250739436,0.38461538461538464,0.1,0.16666666666666666
ctid,F4-Equal,wizard_spider::unknown,32,0.2523454955728968,0.53125,0.1625,0.30729166666666663
ctid,F4-NoPrior,apt29::unknown,63,0.06403920091425412,0.20634920634920634,0.044444444444444446,0.07407407407407407
ctid,F4-NoPrior,carbanak::unknown,19,0.1759353760550846,0.47368421052631576,0.11578947368421054,0.19298245614035087
ctid,F4-NoPrior,fin6::unknown,16,0.24415270327532593,0.5,0.1375,0.23958333333333331
ctid,F4-NoPrior,fin7::unknown,8,0.058659840752844555,0.125,0.025,0.041666666666666664
ctid,F4-NoPrior,menu_pass::unknown,10,0.11731968150568912,0.3,0.06000000000000001,0.1
ctid,F4-NoPrior,oilrig::unknown,35,0.27466467378503423,0.6571428571428571,0.21714285714285717,0.36666666666666664
ctid,F4-NoPrior,sandworm::unknown,31,0.2689893240153595,0.5806451612903226,0.16129032258064516,0.3225806451612903
ctid,F4-NoPrior,turla_carbon::unknown,23,0.2856024984229696,0.6956521739130435,0.17391304347826086,0.30434782608695654
ctid,F4-NoPrior,turla_snake::unknown,26,0.17322109167772173,0.38461538461538464,0.1,0.16666666666666666
ctid,F4-NoPrior,wizard_spider::unknown,32,0.2693044873392993,0.59375,0.16875,0.3177083333333333
ctid,F4-Perm,apt29::unknown,63,0.07356747548320651,0.25396825396825395,0.05396825396825397,0.09259259259259259
ctid,F4-Perm,carbanak::unknown,19,0.18054417753256014,0.47368421052631576,0.12631578947368424,0.21052631578947367
ctid,F4-Perm,fin6::unknown,16,0.2521804671542839,0.5625,0.15,0.26041666666666663
ctid,F4-Perm,fin7::unknown,8,0.08135256482001364,0.125,0.05,0.08333333333333333
ctid,F4-Perm,menu_pass::unknown,10,0.11731968150568912,0.3,0.06000000000000001,0.1
ctid,F4-Perm,oilrig::unknown,35,0.2782614129937602,0.6857142857142857,0.22285714285714286,0.37142857142857144
ctid,F4-Perm,sandworm::unknown,31,0.25245016047432833,0.5483870967741935,0.14838709677419357,0.29569892473118276
ctid,F4-Perm,turla_carbon::unknown,23,0.2859554321582857,0.6956521739130435,0.1826086956521739,0.32608695652173914
ctid,F4-Perm,turla_snake::unknown,26,0.16881570250739436,0.38461538461538464,0.1,0.16666666666666666
ctid,F4-Perm,wizard_spider::unknown,32,0.2523454955728968,0.53125,0.1625,0.30729166666666663
stockpile,B0,01c96671-afd3-47d4-8d31-8c116cc0221a,2,0.1532867981913646,0.5,0.1,0.25
stockpile,B0,01d77744-2515-401a-a497-d9f7241aac3c,6,0.04934698516097754,0.16666666666666666,0.03333333333333333,0.05555555555555555
stockpile,B0,09ad625e-6cba-490f-afe3-5417e7edb9c6,2,0.0,0.0,0.0,0.0
stockpile,B0,0b5636cf-f019-4ec9-aa7c-6e4f55505374,4,0.059299428192324054,0.25,0.05,0.125
stockpile,B0,0b73bf34-fc5b-48f7-9194-dce993b915b1,2,0.0,0.0,0.0,0.0
stockpile,B0,0f4c3c67-845e-49a0-927e-90ed33c044e0,11,0.208734719178715,0.45454545454545453,0.1272727272727273,0.2121212121212121
stockpile,B0,1a98b8e6-18ce-4617-8cc5-e65a1a9d490e,4,0.790876294637796,1.0,0.4,0.9166666666666666
stockpile,B0,1bac97ca-77fc-4c9a-835e-4de1b1b7f639,2,0.0,0.0,0.0,0.0
stockpile,B0,4c28c132-d7d7-4a04-8908-d643b7cb1d58,1,1.0,1.0,0.2,1.0
stockpile,B0,50855e29-3b4e-4562-aa55-b3d7f93c26b8,7,0.4447833083097534,0.8571428571428571,0.2,0.42857142857142855
stockpile,B0,564ae20d-778d-4965-93dc-b523be2e2ab4,13,0.3362832828069434,0.6923076923076923,0.2,0.3974358974358974
stockpile,B0,5d3e170e-f1b8-49f9-9ee1-c51605552a08,2,0.0,0.0,0.0,0.0
stockpile,B0,725226e0-45b8-4432-84ee-144d3f37ff8d,3,0.3333333333333333,0.3333333333333333,0.06666666666666667,0.3333333333333333
stockpile,B0,78e7504d-968f-477d-8806-4d6c04b94431,11,0.5108289168910605,1.0,0.21818181818181823,0.5909090909090909
stockpile,B0,bcdbf6b9-14c5-495c-be84-37bce32c312b,2,0.0,0.0,0.0,0.0
stockpile,B0,c220a8e6-609c-4d5b-9e1c-068ca01c2eec,1,0.0,0.0,0.0,0.0
stockpile,B0,c724545d-a4cc-492e-8075-2ab9a699c847,2,0.0,0.0,0.0,0.0
stockpile,B0,d6ea4c1e-7959-4eb1-a292-b6fd2b06c73e,3,0.3333333333333333,0.3333333333333333,0.06666666666666667,0.3333333333333333
stockpile,B0,dbd49a4a-ba2d-40d0-9348-2db24fc4b0b6,1,0.0,0.0,0.0,0.0
stockpile,B0,ddbd1850-5fd7-41d5-a7a1-1b15dac49090,3,0.0,0.0,0.0,0.0
stockpile,B0,de07f52d-9928-4071-9142-cb1d3bd851e8,16,0.1955016503245496,0.5625,0.1375,0.23958333333333331
stockpile,B0,e4324b88-8836-4803-b6b7-09b3c6cd4e94,1,0.0,0.0,0.0,0.0
stockpile,B0,e89a10d3-004f-4c15-b0eb-d1ba76a4b67f,2,0.0,0.0,0.0,0.0
stockpile,B0,eddc8f03-f930-41e7-95ba-33fb87bfed74,2,0.28532085947766006,0.5,0.2,0.5
stockpile,B0,ef4d997c-a0d1-4067-9efa-87c58682db71,3,0.0,0.0,0.0,0.0
stockpile,B0,f98193a0-8b5b-4b5e-a5aa-e8c3adfcd4e6,1,0.0,0.0,0.0,0.0
stockpile,B0,fbc41624-1052-490c-b5ec-4fd718e2501d,2,0.0,0.0,0.0,0.0
stockpile,F1,01c96671-afd3-47d4-8d31-8c116cc0221a,2,0.1532867981913646,0.5,0.1,0.25
stockpile,F1,01d77744-2515-401a-a497-d9f7241aac3c,6,0.03910656050189637,0.16666666666666666,0.03333333333333333,0.05555555555555555
stockpile,F1,09ad625e-6cba-490f-afe3-5417e7edb9c6,2,0.0,0.0,0.0,0.0
stockpile,F1,0b5636cf-f019-4ec9-aa7c-6e4f55505374,4,0.06601703064314772,0.25,0.05,0.125
stockpile,F1,0b73bf34-fc5b-48f7-9194-dce993b915b1,2,0.0,0.0,0.0,0.0
stockpile,F1,0f4c3c67-845e-49a0-927e-90ed33c044e0,11,0.18869097868403628,0.45454545454545453,0.1272727272727273,0.2121212121212121
stockpile,F1,1a98b8e6-18ce-4617-8cc5-e65a1a9d490e,4,0.812304563905184,1.0,0.4,0.9166666666666666
stockpile,F1,1bac97ca-77fc-4c9a-835e-4de1b1b7f639,2,0.0,0.0,0.0,0.0
stockpile,F1,4c28c132-d7d7-4a04-8908-d643b7cb1d58,1,0.6309297535714575,1.0,0.2,1.0
stockpile,F1,50855e29-3b4e-4562-aa55-b3d7f93c26b8,7,0.4695257104607378,0.8571428571428571,0.2,0.42857142857142855
stockpile,F1,564ae20d-778d-4965-93dc-b523be2e2ab4,13,0.32127133706208644,0.6923076923076923,0.2,0.3974358974358974
stockpile,F1,5d3e170e-f1b8-49f9-9ee1-c51605552a08,2,0.0,0.0,0.0,0.0
stockpile,F1,725226e0-45b8-4432-84ee-144d3f37ff8d,3,0.3333333333333333,0.3333333333333333,0.06666666666666667,0.3333333333333333
stockpile,F1,78e7504d-968f-477d-8806-4d6c04b94431,11,0.5593606569542283,1.0,0.21818181818181823,0.5909090909090909
stockpile,F1,bcdbf6b9-14c5-495c-be84-37bce32c312b,2,0.0,0.0,0.0,0.0
stockpile,F1,c220a8e6-609c-4d5b-9e1c-068ca01c2eec,1,0.0,0.0,0.0,0.0
stockpile,F1,c724545d-a4cc-492e-8075-2ab9a699c847,2,0.0,0.0,0.0,0.0
stockpile,F1,d6ea4c1e-7959-4eb1-a292-b6fd2b06c73e,3,0.3333333333333333,0.3333333333333333,0.06666666666666667,0.3333333333333333
stockpile,F1,dbd49a4a-ba2d-40d0-9348-2db24fc4b0b6,1,0.0,0.0,0.0,0.0
stockpile,F1,ddbd1850-5fd7-41d5-a7a1-1b15dac49090,3,0.0,0.0,0.0,0.0
stockpile,F1,de07f52d-9928-4071-9142-cb1d3bd851e8,16,0.18194792155115638,0.5625,0.1375,0.23958333333333331
stockpile,F1,e4324b88-8836-4803-b6b7-09b3c6cd4e94,1,0.0,0.0,0.0,0.0
stockpile,F1,e89a10d3-004f-4c15-b0eb-d1ba76a4b67f,2,0.0,0.0,0.0,0.0
stockpile,F1,eddc8f03-f930-41e7-95ba-33fb87bfed74,2,0.4598603945740938,0.5,0.2,0.5
stockpile,F1,ef4d997c-a0d1-4067-9efa-87c58682db71,3,0.0,0.0,0.0,0.0
stockpile,F1,f98193a0-8b5b-4b5e-a5aa-e8c3adfcd4e6,1,0.0,0.0,0.0,0.0
stockpile,F1,fbc41624-1052-490c-b5ec-4fd718e2501d,2,0.0,0.0,0.0,0.0
stockpile,F1-Equal,01c96671-afd3-47d4-8d31-8c116cc0221a,2,0.19342640361727081,0.5,0.1,0.25
stockpile,F1-Equal,01d77744-2515-401a-a497-d9f7241aac3c,6,0.033684557750091264,0.16666666666666666,0.03333333333333333,0.05555555555555555
stockpile,F1-Equal,09ad625e-6cba-490f-afe3-5417e7edb9c6,2,0.0,0.0,0.0,0.0
stockpile,F1-Equal,0b5636cf-f019-4ec9-aa7c-6e4f55505374,4,0.06601703064314772,0.25,0.05,0.125
stockpile,F1-Equal,0b73bf34-fc5b-48f7-9194-dce993b915b1,2,0.0,0.0,0.0,0.0
stockpile,F1-Equal,0f4c3c67-845e-49a0-927e-90ed33c044e0,11,0.18869097868403628,0.45454545454545453,0.1272727272727273,0.2121212121212121
stockpile,F1-Equal,1a98b8e6-18ce-4617-8cc5-e65a1a9d490e,4,0.6970955150391379,1.0,0.4,0.9166666666666666
stockpile,F1-Equal,1bac97ca-77fc-4c9a-835e-4de1b1b7f639,2,0.0,0.0,0.0,0.0
stockpile,F1-Equal,4c28c132-d7d7-4a04-8908-d643b7cb1d58,1,1.0,1.0,0.2,1.0
stockpile,F1-Equal,50855e29-3b4e-4562-aa55-b3d7f93c26b8,7,0.43988889294165334,0.8571428571428571,0.2,0.42857142857142855
stockpile,F1-Equal,564ae20d-778d-4965-93dc-b523be2e2ab4,13,0.32013654368718303,0.6923076923076923,0.2,0.3974358974358974
stockpile,F1-Equal,5d3e170e-f1b8-49f9-9ee1-c51605552a08,2,0.0,0.0,0.0,0.0
stockpile,F1-Equal,725226e0-45b8-4432-84ee-144d3f37ff8d,3,0.3333333333333333,0.3333333333333333,0.06666666666666667,0.3333333333333333
stockpile,F1-Equal,78e7504d-968f-477d-8806-4d6c04b94431,11,0.5227123732838693,1.0,0.21818181818181823,0.5909090909090909
stockpile,F1-Equal,bcdbf6b9-14c5-495c-be84-37bce32c312b,2,0.0,0.0,0.0,0.0
stockpile,F1-Equal,c220a8e6-609c-4d5b-9e1c-068ca01c2eec,1,0.0,0.0,0.0,0.0
stockpile,F1-Equal,c724545d-a4cc-492e-8075-2ab9a699c847,2,0.0,0.0,0.0,0.0
stockpile,F1-Equal,d6ea4c1e-7959-4eb1-a292-b6fd2b06c73e,3,0.3333333333333333,0.3333333333333333,0.06666666666666667,0.3333333333333333
stockpile,F1-Equal,dbd49a4a-ba2d-40d0-9348-2db24fc4b0b6,1,0.0,0.0,0.0,0.0
stockpile,F1-Equal,ddbd1850-5fd7-41d5-a7a1-1b15dac49090,3,0.0,0.0,0.0,0.0
stockpile,F1-Equal,de07f52d-9928-4071-9142-cb1d3bd851e8,16,0.17863559909946874,0.5625,0.1375,0.23958333333333331
stockpile,F1-Equal,e4324b88-8836-4803-b6b7-09b3c6cd4e94,1,0.0,0.0,0.0,0.0
stockpile,F1-Equal,e89a10d3-004f-4c15-b0eb-d1ba76a4b67f,2,0.0,0.0,0.0,0.0
stockpile,F1-Equal,eddc8f03-f930-41e7-95ba-33fb87bfed74,2,0.31202526000191894,0.5,0.2,0.5
stockpile,F1-Equal,ef4d997c-a0d1-4067-9efa-87c58682db71,3,0.0,0.0,0.0,0.0
stockpile,F1-Equal,f98193a0-8b5b-4b5e-a5aa-e8c3adfcd4e6,1,0.0,0.0,0.0,0.0
stockpile,F1-Equal,fbc41624-1052-490c-b5ec-4fd718e2501d,2,0.0,0.0,0.0,0.0
stockpile,F1-NoPrior,01c96671-afd3-47d4-8d31-8c116cc0221a,2,0.1532867981913646,0.5,0.1,0.25
stockpile,F1-NoPrior,01d77744-2515-401a-a497-d9f7241aac3c,6,0.03910656050189637,0.16666666666666666,0.03333333333333333,0.05555555555555555
stockpile,F1-NoPrior,09ad625e-6cba-490f-afe3-5417e7edb9c6,2,0.0,0.0,0.0,0.0
stockpile,F1-NoPrior,0b5636cf-f019-4ec9-aa7c-6e4f55505374,4,0.0766433990956823,0.25,0.05,0.125
stockpile,F1-NoPrior,0b73bf34-fc5b-48f7-9194-dce993b915b1,2,0.0,0.0,0.0,0.0
stockpile,F1-NoPrior,0f4c3c67-845e-49a0-927e-90ed33c044e0,11,0.19427666486171694,0.45454545454545453,0.1272727272727273,0.2121212121212121
stockpile,F1-NoPrior,1a98b8e6-18ce-4617-8cc5-e65a1a9d490e,4,0.8204375680328917,1.0,0.4,0.9166666666666666
stockpile,F1-NoPrior,1bac97ca-77fc-4c9a-835e-4de1b1b7f639,2,0.0,0.0,0.0,0.0
stockpile,F1-NoPrior,4c28c132-d7d7-4a04-8908-d643b7cb1d58,1,0.6309297535714575,1.0,0.2,1.0
stockpile,F1-NoPrior,50855e29-3b4e-4562-aa55-b3d7f93c26b8,7,0.4695257104607378,0.8571428571428571,0.2,0.42857142857142855
stockpile,F1-NoPrior,564ae20d-778d-4965-93dc-b523be2e2ab4,13,0.32127133706208644,0.6923076923076923,0.2,0.3974358974358974
stockpile,F1-NoPrior,5d3e170e-f1b8-49f9-9ee1-c51605552a08,2,0.0,0.0,0.0,0.0
stockpile,F1-NoPrior,725226e0-45b8-4432-84ee-144d3f37ff8d,3,0.3333333333333333,0.3333333333333333,0.06666666666666667,0.3333333333333333
stockpile,F1-NoPrior,78e7504d-968f-477d-8806-4d6c04b94431,11,0.5520625468767908,1.0,0.21818181818181823,0.5909090909090909
stockpile,F1-NoPrior,bcdbf6b9-14c5-495c-be84-37bce32c312b,2,0.0,0.0,0.0,0.0
stockpile,F1-NoPrior,c220a8e6-609c-4d5b-9e1c-068ca01c2eec,1,0.0,0.0,0.0,0.0
stockpile,F1-NoPrior,c724545d-a4cc-492e-8075-2ab9a699c847,2,0.0,0.0,0.0,0.0
stockpile,F1-NoPrior,d6ea4c1e-7959-4eb1-a292-b6fd2b06c73e,3,0.3333333333333333,0.3333333333333333,0.06666666666666667,0.3333333333333333
stockpile,F1-NoPrior,dbd49a4a-ba2d-40d0-9348-2db24fc4b0b6,1,0.0,0.0,0.0,0.0
stockpile,F1-NoPrior,ddbd1850-5fd7-41d5-a7a1-1b15dac49090,3,0.0,0.0,0.0,0.0
stockpile,F1-NoPrior,de07f52d-9928-4071-9142-cb1d3bd851e8,16,0.18578808079831183,0.5625,0.1375,0.23958333333333331
stockpile,F1-NoPrior,e4324b88-8836-4803-b6b7-09b3c6cd4e94,1,0.0,0.0,0.0,0.0
stockpile,F1-NoPrior,e89a10d3-004f-4c15-b0eb-d1ba76a4b67f,2,0.0,0.0,0.0,0.0
stockpile,F1-NoPrior,eddc8f03-f930-41e7-95ba-33fb87bfed74,2,0.3467132018086354,0.5,0.2,0.5
stockpile,F1-NoPrior,ef4d997c-a0d1-4067-9efa-87c58682db71,3,0.0,0.0,0.0,0.0
stockpile,F1-NoPrior,f98193a0-8b5b-4b5e-a5aa-e8c3adfcd4e6,1,0.0,0.0,0.0,0.0
stockpile,F1-NoPrior,fbc41624-1052-490c-b5ec-4fd718e2501d,2,0.0,0.0,0.0,0.0
stockpile,F1-Perm,01c96671-afd3-47d4-8d31-8c116cc0221a,2,0.19342640361727081,0.5,0.1,0.25
stockpile,F1-Perm,01d77744-2515-401a-a497-d9f7241aac3c,6,0.04934698516097754,0.16666666666666666,0.03333333333333333,0.05555555555555555
stockpile,F1-Perm,09ad625e-6cba-490f-afe3-5417e7edb9c6,2,0.0,0.0,0.0,0.0
stockpile,F1-Perm,0b5636cf-f019-4ec9-aa7c-6e4f55505374,4,0.0766433990956823,0.25,0.05,0.125
stockpile,F1-Perm,0b73bf34-fc5b-48f7-9194-dce993b915b1,2,0.0,0.0,0.0,0.0
stockpile,F1-Perm,0f4c3c67-845e-49a0-927e-90ed33c044e0,11,0.20314903300103435,0.45454545454545453,0.1272727272727273,0.2121212121212121
stockpile,F1-Perm,1a98b8e6-18ce-4617-8cc5-e65a1a9d490e,4,0.7591548059258311,1.0,0.4,0.9166666666666666
stockpile,F1-Perm,1bac97ca-77fc-4c9a-835e-4de1b1b7f639,2,0.0,0.0,0.0,0.0
stockpile,F1-Perm,4c28c132-d7d7-4a04-8908-d643b7cb1d58,1,0.6309297535714575,1.0,0.2,1.0
stockpile,F1-Perm,50855e29-3b4e-4562-aa55-b3d7f93c26b8,7,0.444536323871772,0.8571428571428571,0.2,0.42857142857142855
stockpile,F1-Perm,564ae20d-778d-4965-93dc-b523be2e2ab4,13,0.3141496725388354,0.6923076923076923,0.2,0.3974358974358974
stockpile,F1-Perm,5d3e170e-f1b8-49f9-9ee1-c51605552a08,2,0.0,0.0,0.0,0.0
stockpile,F1-Perm,725226e0-45b8-4432-84ee-144d3f37ff8d,3,0.3333333333333333,0.3333333333333333,0.06666666666666667,0.3333333333333333
stockpile,F1-Perm,78e7504d-968f-477d-8806-4d6c04b94431,11,0.47117912398047673,1.0,0.21818181818181823,0.5909090909090909
stockpile,F1-Perm,bcdbf6b9-14c5-495c-be84-37bce32c312b,2,0.0,0.0,0.0,0.0
stockpile,F1-Perm,c220a8e6-609c-4d5b-9e1c-068ca01c2eec,1,0.0,0.0,0.0,0.0
stockpile,F1-Perm,c724545d-a4cc-492e-8075-2ab9a699c847,2,0.0,0.0,0.0,0.0
stockpile,F1-Perm,d6ea4c1e-7959-4eb1-a292-b6fd2b06c73e,3,0.3333333333333333,0.3333333333333333,0.06666666666666667,0.3333333333333333
stockpile,F1-Perm,dbd49a4a-ba2d-40d0-9348-2db24fc4b0b6,1,0.0,0.0,0.0,0.0
stockpile,F1-Perm,ddbd1850-5fd7-41d5-a7a1-1b15dac49090,3,0.0,0.0,0.0,0.0
stockpile,F1-Perm,de07f52d-9928-4071-9142-cb1d3bd851e8,16,0.17180496450306298,0.5625,0.1375,0.23958333333333331
stockpile,F1-Perm,e4324b88-8836-4803-b6b7-09b3c6cd4e94,1,0.0,0.0,0.0,0.0
stockpile,F1-Perm,e89a10d3-004f-4c15-b0eb-d1ba76a4b67f,2,0.0,0.0,0.0,0.0
stockpile,F1-Perm,eddc8f03-f930-41e7-95ba-33fb87bfed74,2,0.3467132018086354,0.5,0.2,0.5
stockpile,F1-Perm,ef4d997c-a0d1-4067-9efa-87c58682db71,3,0.0,0.0,0.0,0.0
stockpile,F1-Perm,f98193a0-8b5b-4b5e-a5aa-e8c3adfcd4e6,1,0.0,0.0,0.0,0.0
stockpile,F1-Perm,fbc41624-1052-490c-b5ec-4fd718e2501d,2,0.0,0.0,0.0,0.0
stockpile,F2,01c96671-afd3-47d4-8d31-8c116cc0221a,2,0.3467132018086354,1.0,0.2,0.75
stockpile,F2,01d77744-2515-401a-a497-d9f7241aac3c,6,0.04934698516097754,0.16666666666666666,0.03333333333333333,0.05555555555555555
stockpile,F2,09ad625e-6cba-490f-afe3-5417e7edb9c6,2,0.19342640361727081,0.5,0.1,0.5
stockpile,F2,0b5636cf-f019-4ec9-aa7c-6e4f55505374,4,0.059299428192324054,0.25,0.05,0.125
stockpile,F2,0b73bf34-fc5b-48f7-9194-dce993b915b1,2,0.0,0.0,0.0,0.0
stockpile,F2,0f4c3c67-845e-49a0-927e-90ed33c044e0,11,0.208734719178715,0.45454545454545453,0.1272727272727273,0.2121212121212121
stockpile,F2,1a98b8e6-18ce-4617-8cc5-e65a1a9d490e,4,0.790876294637796,1.0,0.4,0.9166666666666666
stockpile,F2,1bac97ca-77fc-4c9a-835e-4de1b1b7f639,2,0.0,0.0,0.0,0.0
stockpile,F2,4c28c132-d7d7-4a04-8908-d643b7cb1d58,1,1.0,1.0,0.2,1.0
stockpile,F2,50855e29-3b4e-4562-aa55-b3d7f93c26b8,7,0.4447833083097534,0.8571428571428571,0.2,0.42857142857142855
stockpile,F2,564ae20d-778d-4965-93dc-b523be2e2ab4,13,0.3362832828069434,0.6923076923076923,0.2,0.3974358974358974
stockpile,F2,5d3e170e-f1b8-49f9-9ee1-c51605552a08,2,0.0,0.0,0.0,0.0
stockpile,F2,725226e0-45b8-4432-84ee-144d3f37ff8d,3,0.3333333333333333,0.3333333333333333,0.06666666666666667,0.3333333333333333
stockpile,F2,78e7504d-968f-477d-8806-4d6c04b94431,11,0.48926548845748813,1.0,0.2,0.5454545454545454
stockpile,F2,bcdbf6b9-14c5-495c-be84-37bce32c312b,2,0.0,0.0,0.0,0.0
stockpile,F2,c220a8e6-609c-4d5b-9e1c-068ca01c2eec,1,0.0,0.0,0.0,0.0
stockpile,F2,c724545d-a4cc-492e-8075-2ab9a699c847,2,0.0,0.0,0.0,0.0
stockpile,F2,d6ea4c1e-7959-4eb1-a292-b6fd2b06c73e,3,0.3333333333333333,0.3333333333333333,0.06666666666666667,0.3333333333333333
stockpile,F2,dbd49a4a-ba2d-40d0-9348-2db24fc4b0b6,1,0.0,0.0,0.0,0.0
stockpile,F2,ddbd1850-5fd7-41d5-a7a1-1b15dac49090,3,0.0,0.0,0.0,0.0
stockpile,F2,de07f52d-9928-4071-9142-cb1d3bd851e8,16,0.1955016503245496,0.5625,0.1375,0.23958333333333331
stockpile,F2,e4324b88-8836-4803-b6b7-09b3c6cd4e94,1,0.0,0.0,0.0,0.0
stockpile,F2,e89a10d3-004f-4c15-b0eb-d1ba76a4b67f,2,0.19342640361727081,0.5,0.1,0.5
stockpile,F2,eddc8f03-f930-41e7-95ba-33fb87bfed74,2,0.28532085947766006,0.5,0.2,0.5
stockpile,F2,ef4d997c-a0d1-4067-9efa-87c58682db71,3,0.0,0.0,0.0,0.0
stockpile,F2,f98193a0-8b5b-4b5e-a5aa-e8c3adfcd4e6,1,0.0,0.0,0.0,0.0
stockpile,F2,fbc41624-1052-490c-b5ec-4fd718e2501d,2,0.0,0.0,0.0,0.0
stockpile,F2-Equal,01c96671-afd3-47d4-8d31-8c116cc0221a,2,0.1532867981913646,0.5,0.1,0.25
stockpile,F2-Equal,01d77744-2515-401a-a497-d9f7241aac3c,6,0.04934698516097754,0.16666666666666666,0.03333333333333333,0.05555555555555555
stockpile,F2-Equal,09ad625e-6cba-490f-afe3-5417e7edb9c6,2,0.0,0.0,0.0,0.0
stockpile,F2-Equal,0b5636cf-f019-4ec9-aa7c-6e4f55505374,4,0.059299428192324054,0.25,0.05,0.125
stockpile,F2-Equal,0b73bf34-fc5b-48f7-9194-dce993b915b1,2,0.0,0.0,0.0,0.0
stockpile,F2-Equal,0f4c3c67-845e-49a0-927e-90ed33c044e0,11,0.208734719178715,0.45454545454545453,0.1272727272727273,0.2121212121212121
stockpile,F2-Equal,1a98b8e6-18ce-4617-8cc5-e65a1a9d490e,4,0.790876294637796,1.0,0.4,0.9166666666666666
stockpile,F2-Equal,1bac97ca-77fc-4c9a-835e-4de1b1b7f639,2,0.0,0.0,0.0,0.0
stockpile,F2-Equal,4c28c132-d7d7-4a04-8908-d643b7cb1d58,1,1.0,1.0,0.2,1.0
stockpile,F2-Equal,50855e29-3b4e-4562-aa55-b3d7f93c26b8,7,0.4447833083097534,0.8571428571428571,0.2,0.42857142857142855
stockpile,F2-Equal,564ae20d-778d-4965-93dc-b523be2e2ab4,13,0.3362832828069434,0.6923076923076923,0.2,0.3974358974358974
stockpile,F2-Equal,5d3e170e-f1b8-49f9-9ee1-c51605552a08,2,0.0,0.0,0.0,0.0
stockpile,F2-Equal,725226e0-45b8-4432-84ee-144d3f37ff8d,3,0.3333333333333333,0.3333333333333333,0.06666666666666667,0.3333333333333333
stockpile,F2-Equal,78e7504d-968f-477d-8806-4d6c04b94431,11,0.5108289168910605,1.0,0.21818181818181823,0.5909090909090909
stockpile,F2-Equal,bcdbf6b9-14c5-495c-be84-37bce32c312b,2,0.0,0.0,0.0,0.0
stockpile,F2-Equal,c220a8e6-609c-4d5b-9e1c-068ca01c2eec,1,0.0,0.0,0.0,0.0
stockpile,F2-Equal,c724545d-a4cc-492e-8075-2ab9a699c847,2,0.0,0.0,0.0,0.0
stockpile,F2-Equal,d6ea4c1e-7959-4eb1-a292-b6fd2b06c73e,3,0.3333333333333333,0.3333333333333333,0.06666666666666667,0.3333333333333333
stockpile,F2-Equal,dbd49a4a-ba2d-40d0-9348-2db24fc4b0b6,1,0.0,0.0,0.0,0.0
stockpile,F2-Equal,ddbd1850-5fd7-41d5-a7a1-1b15dac49090,3,0.0,0.0,0.0,0.0
stockpile,F2-Equal,de07f52d-9928-4071-9142-cb1d3bd851e8,16,0.1955016503245496,0.5625,0.1375,0.23958333333333331
stockpile,F2-Equal,e4324b88-8836-4803-b6b7-09b3c6cd4e94,1,0.0,0.0,0.0,0.0
stockpile,F2-Equal,e89a10d3-004f-4c15-b0eb-d1ba76a4b67f,2,0.0,0.0,0.0,0.0
stockpile,F2-Equal,eddc8f03-f930-41e7-95ba-33fb87bfed74,2,0.28532085947766006,0.5,0.2,0.5
stockpile,F2-Equal,ef4d997c-a0d1-4067-9efa-87c58682db71,3,0.0,0.0,0.0,0.0
stockpile,F2-Equal,f98193a0-8b5b-4b5e-a5aa-e8c3adfcd4e6,1,0.0,0.0,0.0,0.0
stockpile,F2-Equal,fbc41624-1052-490c-b5ec-4fd718e2501d,2,0.0,0.0,0.0,0.0
stockpile,F2-NoPrior,01c96671-afd3-47d4-8d31-8c116cc0221a,2,0.1532867981913646,0.5,0.1,0.25
stockpile,F2-NoPrior,01d77744-2515-401a-a497-d9f7241aac3c,6,0.04934698516097754,0.16666666666666666,0.03333333333333333,0.05555555555555555
stockpile,F2-NoPrior,09ad625e-6cba-490f-afe3-5417e7edb9c6,2,0.0,0.0,0.0,0.0
stockpile,F2-NoPrior,0b5636cf-f019-4ec9-aa7c-6e4f55505374,4,0.0,0.0,0.0,0.0
stockpile,F2-NoPrior,0b73bf34-fc5b-48f7-9194-dce993b915b1,2,0.0,0.0,0.0,0.0
stockpile,F2-NoPrior,0f4c3c67-845e-49a0-927e-90ed33c044e0,11,0.208734719178715,0.45454545454545453,0.1272727272727273,0.2121212121212121
stockpile,F2-NoPrior,1a98b8e6-18ce-4617-8cc5-e65a1a9d490e,4,0.790876294637796,1.0,0.4,0.9166666666666666
stockpile,F2-NoPrior,1bac97ca-77fc-4c9a-835e-4de1b1b7f639,2,0.0,0.0,0.0,0.0
stockpile,F2-NoPrior,4c28c132-d7d7-4a04-8908-d643b7cb1d58,1,1.0,1.0,0.2,1.0
stockpile,F2-NoPrior,50855e29-3b4e-4562-aa55-b3d7f93c26b8,7,0.4447833083097534,0.8571428571428571,0.2,0.42857142857142855
stockpile,F2-NoPrior,564ae20d-778d-4965-93dc-b523be2e2ab4,13,0.32049012783023656,0.6153846153846154,0.2,0.34615384615384615
stockpile,F2-NoPrior,5d3e170e-f1b8-49f9-9ee1-c51605552a08,2,0.0,0.0,0.0,0.0
stockpile,F2-NoPrior,725226e0-45b8-4432-84ee-144d3f37ff8d,3,0.3333333333333333,0.3333333333333333,0.06666666666666667,0.3333333333333333
stockpile,F2-NoPrior,78e7504d-968f-477d-8806-4d6c04b94431,11,0.5108289168910605,1.0,0.21818181818181823,0.5909090909090909
stockpile,F2-NoPrior,bcdbf6b9-14c5-495c-be84-37bce32c312b,2,0.0,0.0,0.0,0.0
stockpile,F2-NoPrior,c220a8e6-609c-4d5b-9e1c-068ca01c2eec,1,0.0,0.0,0.0,0.0
stockpile,F2-NoPrior,c724545d-a4cc-492e-8075-2ab9a699c847,2,0.0,0.0,0.0,0.0
stockpile,F2-NoPrior,d6ea4c1e-7959-4eb1-a292-b6fd2b06c73e,3,0.3333333333333333,0.3333333333333333,0.06666666666666667,0.3333333333333333
stockpile,F2-NoPrior,dbd49a4a-ba2d-40d0-9348-2db24fc4b0b6,1,0.0,0.0,0.0,0.0
stockpile,F2-NoPrior,ddbd1850-5fd7-41d5-a7a1-1b15dac49090,3,0.0,0.0,0.0,0.0
stockpile,F2-NoPrior,de07f52d-9928-4071-9142-cb1d3bd851e8,16,0.21032650737263064,0.625,0.15000000000000002,0.2708333333333333
stockpile,F2-NoPrior,e4324b88-8836-4803-b6b7-09b3c6cd4e94,1,0.0,0.0,0.0,0.0
stockpile,F2-NoPrior,e89a10d3-004f-4c15-b0eb-d1ba76a4b67f,2,0.11859885638464811,0.5,0.1,0.25
stockpile,F2-NoPrior,eddc8f03-f930-41e7-95ba-33fb87bfed74,2,0.4787472630949309,1.0,0.30000000000000004,1.0
stockpile,F2-NoPrior,ef4d997c-a0d1-4067-9efa-87c58682db71,3,0.1289509357448472,0.3333333333333333,0.06666666666666667,0.3333333333333333
stockpile,F2-NoPrior,f98193a0-8b5b-4b5e-a5aa-e8c3adfcd4e6,1,0.0,0.0,0.0,0.0
stockpile,F2-NoPrior,fbc41624-1052-490c-b5ec-4fd718e2501d,2,0.0,0.0,0.0,0.0
stockpile,F2-Perm,01c96671-afd3-47d4-8d31-8c116cc0221a,2,0.1532867981913646,0.5,0.1,0.25
stockpile,F2-Perm,01d77744-2515-401a-a497-d9f7241aac3c,6,0.04934698516097754,0.16666666666666666,0.03333333333333333,0.05555555555555555
stockpile,F2-Perm,09ad625e-6cba-490f-afe3-5417e7edb9c6,2,0.0,0.0,0.0,0.0
stockpile,F2-Perm,0b5636cf-f019-4ec9-aa7c-6e4f55505374,4,0.059299428192324054,0.25,0.05,0.125
stockpile,F2-Perm,0b73bf34-fc5b-48f7-9194-dce993b915b1,2,0.0,0.0,0.0,0.0
stockpile,F2-Perm,0f4c3c67-845e-49a0-927e-90ed33c044e0,11,0.208734719178715,0.45454545454545453,0.1272727272727273,0.2121212121212121
stockpile,F2-Perm,1a98b8e6-18ce-4617-8cc5-e65a1a9d490e,4,0.790876294637796,1.0,0.4,0.9166666666666666
stockpile,F2-Perm,1bac97ca-77fc-4c9a-835e-4de1b1b7f639,2,0.0,0.0,0.0,0.0
stockpile,F2-Perm,4c28c132-d7d7-4a04-8908-d643b7cb1d58,1,1.0,1.0,0.2,1.0
stockpile,F2-Perm,50855e29-3b4e-4562-aa55-b3d7f93c26b8,7,0.4447833083097534,0.8571428571428571,0.2,0.42857142857142855
stockpile,F2-Perm,564ae20d-778d-4965-93dc-b523be2e2ab4,13,0.3362832828069434,0.6923076923076923,0.2,0.3974358974358974
stockpile,F2-Perm,5d3e170e-f1b8-49f9-9ee1-c51605552a08,2,0.0,0.0,0.0,0.0
stockpile,F2-Perm,725226e0-45b8-4432-84ee-144d3f37ff8d,3,0.3333333333333333,0.3333333333333333,0.06666666666666667,0.3333333333333333
stockpile,F2-Perm,78e7504d-968f-477d-8806-4d6c04b94431,11,0.46770206002391573,0.9090909090909091,0.18181818181818182,0.5
stockpile,F2-Perm,bcdbf6b9-14c5-495c-be84-37bce32c312b,2,0.0,0.0,0.0,0.0
stockpile,F2-Perm,c220a8e6-609c-4d5b-9e1c-068ca01c2eec,1,0.0,0.0,0.0,0.0
stockpile,F2-Perm,c724545d-a4cc-492e-8075-2ab9a699c847,2,0.0,0.0,0.0,0.0
stockpile,F2-Perm,d6ea4c1e-7959-4eb1-a292-b6fd2b06c73e,3,0.3333333333333333,0.3333333333333333,0.06666666666666667,0.3333333333333333
stockpile,F2-Perm,dbd49a4a-ba2d-40d0-9348-2db24fc4b0b6,1,0.0,0.0,0.0,0.0
stockpile,F2-Perm,ddbd1850-5fd7-41d5-a7a1-1b15dac49090,3,0.0,0.0,0.0,0.0
stockpile,F2-Perm,de07f52d-9928-4071-9142-cb1d3bd851e8,16,0.1955016503245496,0.5625,0.1375,0.23958333333333331
stockpile,F2-Perm,e4324b88-8836-4803-b6b7-09b3c6cd4e94,1,0.0,0.0,0.0,0.0
stockpile,F2-Perm,e89a10d3-004f-4c15-b0eb-d1ba76a4b67f,2,0.19342640361727081,0.5,0.1,0.5
stockpile,F2-Perm,eddc8f03-f930-41e7-95ba-33fb87bfed74,2,0.28532085947766006,0.5,0.2,0.5
stockpile,F2-Perm,ef4d997c-a0d1-4067-9efa-87c58682db71,3,0.0,0.0,0.0,0.0
stockpile,F2-Perm,f98193a0-8b5b-4b5e-a5aa-e8c3adfcd4e6,1,0.0,0.0,0.0,0.0
stockpile,F2-Perm,fbc41624-1052-490c-b5ec-4fd718e2501d,2,0.0,0.0,0.0,0.0
stockpile,F3,01c96671-afd3-47d4-8d31-8c116cc0221a,2,0.1532867981913646,0.5,0.1,0.25
stockpile,F3,01d77744-2515-401a-a497-d9f7241aac3c,6,0.04934698516097754,0.16666666666666666,0.03333333333333333,0.05555555555555555
stockpile,F3,09ad625e-6cba-490f-afe3-5417e7edb9c6,2,0.0,0.0,0.0,0.0
stockpile,F3,0b5636cf-f019-4ec9-aa7c-6e4f55505374,4,0.059299428192324054,0.25,0.05,0.125
stockpile,F3,0b73bf34-fc5b-48f7-9194-dce993b915b1,2,0.0,0.0,0.0,0.0
stockpile,F3,0f4c3c67-845e-49a0-927e-90ed33c044e0,11,0.208734719178715,0.45454545454545453,0.1272727272727273,0.2121212121212121
stockpile,F3,1a98b8e6-18ce-4617-8cc5-e65a1a9d490e,4,0.790876294637796,1.0,0.4,0.9166666666666666
stockpile,F3,1bac97ca-77fc-4c9a-835e-4de1b1b7f639,2,0.0,0.0,0.0,0.0
stockpile,F3,4c28c132-d7d7-4a04-8908-d643b7cb1d58,1,1.0,1.0,0.2,1.0
stockpile,F3,50855e29-3b4e-4562-aa55-b3d7f93c26b8,7,0.4447833083097534,0.8571428571428571,0.2,0.42857142857142855
stockpile,F3,564ae20d-778d-4965-93dc-b523be2e2ab4,13,0.3362832828069434,0.6923076923076923,0.2,0.3974358974358974
stockpile,F3,5d3e170e-f1b8-49f9-9ee1-c51605552a08,2,0.0,0.0,0.0,0.0
stockpile,F3,725226e0-45b8-4432-84ee-144d3f37ff8d,3,0.3333333333333333,0.3333333333333333,0.06666666666666667,0.3333333333333333
stockpile,F3,78e7504d-968f-477d-8806-4d6c04b94431,11,0.5108289168910605,1.0,0.21818181818181823,0.5909090909090909
stockpile,F3,bcdbf6b9-14c5-495c-be84-37bce32c312b,2,0.0,0.0,0.0,0.0
stockpile,F3,c220a8e6-609c-4d5b-9e1c-068ca01c2eec,1,0.0,0.0,0.0,0.0
stockpile,F3,c724545d-a4cc-492e-8075-2ab9a699c847,2,0.0,0.0,0.0,0.0
stockpile,F3,d6ea4c1e-7959-4eb1-a292-b6fd2b06c73e,3,0.3333333333333333,0.3333333333333333,0.06666666666666667,0.3333333333333333
stockpile,F3,dbd49a4a-ba2d-40d0-9348-2db24fc4b0b6,1,0.0,0.0,0.0,0.0
stockpile,F3,ddbd1850-5fd7-41d5-a7a1-1b15dac49090,3,0.0,0.0,0.0,0.0
stockpile,F3,de07f52d-9928-4071-9142-cb1d3bd851e8,16,0.1955016503245496,0.5625,0.1375,0.23958333333333331
stockpile,F3,e4324b88-8836-4803-b6b7-09b3c6cd4e94,1,0.0,0.0,0.0,0.0
stockpile,F3,e89a10d3-004f-4c15-b0eb-d1ba76a4b67f,2,0.0,0.0,0.0,0.0
stockpile,F3,eddc8f03-f930-41e7-95ba-33fb87bfed74,2,0.28532085947766006,0.5,0.2,0.5
stockpile,F3,ef4d997c-a0d1-4067-9efa-87c58682db71,3,0.0,0.0,0.0,0.0
stockpile,F3,f98193a0-8b5b-4b5e-a5aa-e8c3adfcd4e6,1,0.0,0.0,0.0,0.0
stockpile,F3,fbc41624-1052-490c-b5ec-4fd718e2501d,2,0.0,0.0,0.0,0.0
stockpile,F3-Equal,01c96671-afd3-47d4-8d31-8c116cc0221a,2,0.1532867981913646,0.5,0.1,0.25
stockpile,F3-Equal,01d77744-2515-401a-a497-d9f7241aac3c,6,0.04934698516097754,0.16666666666666666,0.03333333333333333,0.05555555555555555
stockpile,F3-Equal,09ad625e-6cba-490f-afe3-5417e7edb9c6,2,0.0,0.0,0.0,0.0
stockpile,F3-Equal,0b5636cf-f019-4ec9-aa7c-6e4f55505374,4,0.059299428192324054,0.25,0.05,0.125
stockpile,F3-Equal,0b73bf34-fc5b-48f7-9194-dce993b915b1,2,0.0,0.0,0.0,0.0
stockpile,F3-Equal,0f4c3c67-845e-49a0-927e-90ed33c044e0,11,0.208734719178715,0.45454545454545453,0.1272727272727273,0.2121212121212121
stockpile,F3-Equal,1a98b8e6-18ce-4617-8cc5-e65a1a9d490e,4,0.790876294637796,1.0,0.4,0.9166666666666666
stockpile,F3-Equal,1bac97ca-77fc-4c9a-835e-4de1b1b7f639,2,0.0,0.0,0.0,0.0
stockpile,F3-Equal,4c28c132-d7d7-4a04-8908-d643b7cb1d58,1,1.0,1.0,0.2,1.0
stockpile,F3-Equal,50855e29-3b4e-4562-aa55-b3d7f93c26b8,7,0.4447833083097534,0.8571428571428571,0.2,0.42857142857142855
stockpile,F3-Equal,564ae20d-778d-4965-93dc-b523be2e2ab4,13,0.3362832828069434,0.6923076923076923,0.2,0.3974358974358974
stockpile,F3-Equal,5d3e170e-f1b8-49f9-9ee1-c51605552a08,2,0.0,0.0,0.0,0.0
stockpile,F3-Equal,725226e0-45b8-4432-84ee-144d3f37ff8d,3,0.3333333333333333,0.3333333333333333,0.06666666666666667,0.3333333333333333
stockpile,F3-Equal,78e7504d-968f-477d-8806-4d6c04b94431,11,0.5108289168910605,1.0,0.21818181818181823,0.5909090909090909
stockpile,F3-Equal,bcdbf6b9-14c5-495c-be84-37bce32c312b,2,0.0,0.0,0.0,0.0
stockpile,F3-Equal,c220a8e6-609c-4d5b-9e1c-068ca01c2eec,1,0.0,0.0,0.0,0.0
stockpile,F3-Equal,c724545d-a4cc-492e-8075-2ab9a699c847,2,0.0,0.0,0.0,0.0
stockpile,F3-Equal,d6ea4c1e-7959-4eb1-a292-b6fd2b06c73e,3,0.3333333333333333,0.3333333333333333,0.06666666666666667,0.3333333333333333
stockpile,F3-Equal,dbd49a4a-ba2d-40d0-9348-2db24fc4b0b6,1,0.0,0.0,0.0,0.0
stockpile,F3-Equal,ddbd1850-5fd7-41d5-a7a1-1b15dac49090,3,0.0,0.0,0.0,0.0
stockpile,F3-Equal,de07f52d-9928-4071-9142-cb1d3bd851e8,16,0.1955016503245496,0.5625,0.1375,0.23958333333333331
stockpile,F3-Equal,e4324b88-8836-4803-b6b7-09b3c6cd4e94,1,0.0,0.0,0.0,0.0
stockpile,F3-Equal,e89a10d3-004f-4c15-b0eb-d1ba76a4b67f,2,0.0,0.0,0.0,0.0
stockpile,F3-Equal,eddc8f03-f930-41e7-95ba-33fb87bfed74,2,0.28532085947766006,0.5,0.2,0.5
stockpile,F3-Equal,ef4d997c-a0d1-4067-9efa-87c58682db71,3,0.0,0.0,0.0,0.0
stockpile,F3-Equal,f98193a0-8b5b-4b5e-a5aa-e8c3adfcd4e6,1,0.0,0.0,0.0,0.0
stockpile,F3-Equal,fbc41624-1052-490c-b5ec-4fd718e2501d,2,0.0,0.0,0.0,0.0
stockpile,F3-NoPrior,01c96671-afd3-47d4-8d31-8c116cc0221a,2,0.1532867981913646,0.5,0.1,0.25
stockpile,F3-NoPrior,01d77744-2515-401a-a497-d9f7241aac3c,6,0.04934698516097754,0.16666666666666666,0.03333333333333333,0.05555555555555555
stockpile,F3-NoPrior,09ad625e-6cba-490f-afe3-5417e7edb9c6,2,0.0,0.0,0.0,0.0
stockpile,F3-NoPrior,0b5636cf-f019-4ec9-aa7c-6e4f55505374,4,0.059299428192324054,0.25,0.05,0.125
stockpile,F3-NoPrior,0b73bf34-fc5b-48f7-9194-dce993b915b1,2,0.0,0.0,0.0,0.0
stockpile,F3-NoPrior,0f4c3c67-845e-49a0-927e-90ed33c044e0,11,0.208734719178715,0.45454545454545453,0.1272727272727273,0.2121212121212121
stockpile,F3-NoPrior,1a98b8e6-18ce-4617-8cc5-e65a1a9d490e,4,0.790876294637796,1.0,0.4,0.9166666666666666
stockpile,F3-NoPrior,1bac97ca-77fc-4c9a-835e-4de1b1b7f639,2,0.0,0.0,0.0,0.0
stockpile,F3-NoPrior,4c28c132-d7d7-4a04-8908-d643b7cb1d58,1,1.0,1.0,0.2,1.0
stockpile,F3-NoPrior,50855e29-3b4e-4562-aa55-b3d7f93c26b8,7,0.4447833083097534,0.8571428571428571,0.2,0.42857142857142855
stockpile,F3-NoPrior,564ae20d-778d-4965-93dc-b523be2e2ab4,13,0.3362832828069434,0.6923076923076923,0.2,0.3974358974358974
stockpile,F3-NoPrior,5d3e170e-f1b8-49f9-9ee1-c51605552a08,2,0.0,0.0,0.0,0.0
stockpile,F3-NoPrior,725226e0-45b8-4432-84ee-144d3f37ff8d,3,0.3333333333333333,0.3333333333333333,0.06666666666666667,0.3333333333333333
stockpile,F3-NoPrior,78e7504d-968f-477d-8806-4d6c04b94431,11,0.5108289168910605,1.0,0.21818181818181823,0.5909090909090909
stockpile,F3-NoPrior,bcdbf6b9-14c5-495c-be84-37bce32c312b,2,0.0,0.0,0.0,0.0
stockpile,F3-NoPrior,c220a8e6-609c-4d5b-9e1c-068ca01c2eec,1,0.0,0.0,0.0,0.0
stockpile,F3-NoPrior,c724545d-a4cc-492e-8075-2ab9a699c847,2,0.0,0.0,0.0,0.0
stockpile,F3-NoPrior,d6ea4c1e-7959-4eb1-a292-b6fd2b06c73e,3,0.3333333333333333,0.3333333333333333,0.06666666666666667,0.3333333333333333
stockpile,F3-NoPrior,dbd49a4a-ba2d-40d0-9348-2db24fc4b0b6,1,0.0,0.0,0.0,0.0
stockpile,F3-NoPrior,ddbd1850-5fd7-41d5-a7a1-1b15dac49090,3,0.0,0.0,0.0,0.0
stockpile,F3-NoPrior,de07f52d-9928-4071-9142-cb1d3bd851e8,16,0.1955016503245496,0.5625,0.1375,0.23958333333333331
stockpile,F3-NoPrior,e4324b88-8836-4803-b6b7-09b3c6cd4e94,1,0.0,0.0,0.0,0.0
stockpile,F3-NoPrior,e89a10d3-004f-4c15-b0eb-d1ba76a4b67f,2,0.0,0.0,0.0,0.0
stockpile,F3-NoPrior,eddc8f03-f930-41e7-95ba-33fb87bfed74,2,0.28532085947766006,0.5,0.2,0.5
stockpile,F3-NoPrior,ef4d997c-a0d1-4067-9efa-87c58682db71,3,0.0,0.0,0.0,0.0
stockpile,F3-NoPrior,f98193a0-8b5b-4b5e-a5aa-e8c3adfcd4e6,1,0.0,0.0,0.0,0.0
stockpile,F3-NoPrior,fbc41624-1052-490c-b5ec-4fd718e2501d,2,0.0,0.0,0.0,0.0
stockpile,F3-Perm,01c96671-afd3-47d4-8d31-8c116cc0221a,2,0.1532867981913646,0.5,0.1,0.25
stockpile,F3-Perm,01d77744-2515-401a-a497-d9f7241aac3c,6,0.04934698516097754,0.16666666666666666,0.03333333333333333,0.05555555555555555
stockpile,F3-Perm,09ad625e-6cba-490f-afe3-5417e7edb9c6,2,0.0,0.0,0.0,0.0
stockpile,F3-Perm,0b5636cf-f019-4ec9-aa7c-6e4f55505374,4,0.059299428192324054,0.25,0.05,0.125
stockpile,F3-Perm,0b73bf34-fc5b-48f7-9194-dce993b915b1,2,0.0,0.0,0.0,0.0
stockpile,F3-Perm,0f4c3c67-845e-49a0-927e-90ed33c044e0,11,0.208734719178715,0.45454545454545453,0.1272727272727273,0.2121212121212121
stockpile,F3-Perm,1a98b8e6-18ce-4617-8cc5-e65a1a9d490e,4,0.790876294637796,1.0,0.4,0.9166666666666666
stockpile,F3-Perm,1bac97ca-77fc-4c9a-835e-4de1b1b7f639,2,0.0,0.0,0.0,0.0
stockpile,F3-Perm,4c28c132-d7d7-4a04-8908-d643b7cb1d58,1,1.0,1.0,0.2,1.0
stockpile,F3-Perm,50855e29-3b4e-4562-aa55-b3d7f93c26b8,7,0.4447833083097534,0.8571428571428571,0.2,0.42857142857142855
stockpile,F3-Perm,564ae20d-778d-4965-93dc-b523be2e2ab4,13,0.3362832828069434,0.6923076923076923,0.2,0.3974358974358974
stockpile,F3-Perm,5d3e170e-f1b8-49f9-9ee1-c51605552a08,2,0.0,0.0,0.0,0.0
stockpile,F3-Perm,725226e0-45b8-4432-84ee-144d3f37ff8d,3,0.3333333333333333,0.3333333333333333,0.06666666666666667,0.3333333333333333
stockpile,F3-Perm,78e7504d-968f-477d-8806-4d6c04b94431,11,0.5108289168910605,1.0,0.21818181818181823,0.5909090909090909
stockpile,F3-Perm,bcdbf6b9-14c5-495c-be84-37bce32c312b,2,0.0,0.0,0.0,0.0
stockpile,F3-Perm,c220a8e6-609c-4d5b-9e1c-068ca01c2eec,1,0.0,0.0,0.0,0.0
stockpile,F3-Perm,c724545d-a4cc-492e-8075-2ab9a699c847,2,0.0,0.0,0.0,0.0
stockpile,F3-Perm,d6ea4c1e-7959-4eb1-a292-b6fd2b06c73e,3,0.3333333333333333,0.3333333333333333,0.06666666666666667,0.3333333333333333
stockpile,F3-Perm,dbd49a4a-ba2d-40d0-9348-2db24fc4b0b6,1,0.0,0.0,0.0,0.0
stockpile,F3-Perm,ddbd1850-5fd7-41d5-a7a1-1b15dac49090,3,0.0,0.0,0.0,0.0
stockpile,F3-Perm,de07f52d-9928-4071-9142-cb1d3bd851e8,16,0.1955016503245496,0.5625,0.1375,0.23958333333333331
stockpile,F3-Perm,e4324b88-8836-4803-b6b7-09b3c6cd4e94,1,0.0,0.0,0.0,0.0
stockpile,F3-Perm,e89a10d3-004f-4c15-b0eb-d1ba76a4b67f,2,0.0,0.0,0.0,0.0
stockpile,F3-Perm,eddc8f03-f930-41e7-95ba-33fb87bfed74,2,0.28532085947766006,0.5,0.2,0.5
stockpile,F3-Perm,ef4d997c-a0d1-4067-9efa-87c58682db71,3,0.0,0.0,0.0,0.0
stockpile,F3-Perm,f98193a0-8b5b-4b5e-a5aa-e8c3adfcd4e6,1,0.0,0.0,0.0,0.0
stockpile,F3-Perm,fbc41624-1052-490c-b5ec-4fd718e2501d,2,0.0,0.0,0.0,0.0
stockpile,F4,01c96671-afd3-47d4-8d31-8c116cc0221a,2,0.1532867981913646,0.5,0.1,0.25
stockpile,F4,01d77744-2515-401a-a497-d9f7241aac3c,6,0.04934698516097754,0.16666666666666666,0.03333333333333333,0.05555555555555555
stockpile,F4,09ad625e-6cba-490f-afe3-5417e7edb9c6,2,0.0,0.0,0.0,0.0
stockpile,F4,0b5636cf-f019-4ec9-aa7c-6e4f55505374,4,0.059299428192324054,0.25,0.05,0.125
stockpile,F4,0b73bf34-fc5b-48f7-9194-dce993b915b1,2,0.0,0.0,0.0,0.0
stockpile,F4,0f4c3c67-845e-49a0-927e-90ed33c044e0,11,0.208734719178715,0.45454545454545453,0.1272727272727273,0.2121212121212121
stockpile,F4,1a98b8e6-18ce-4617-8cc5-e65a1a9d490e,4,0.790876294637796,1.0,0.4,0.9166666666666666
stockpile,F4,1bac97ca-77fc-4c9a-835e-4de1b1b7f639,2,0.0,0.0,0.0,0.0
stockpile,F4,4c28c132-d7d7-4a04-8908-d643b7cb1d58,1,1.0,1.0,0.2,1.0
stockpile,F4,50855e29-3b4e-4562-aa55-b3d7f93c26b8,7,0.42004090615876893,0.8571428571428571,0.2,0.42857142857142855
stockpile,F4,564ae20d-778d-4965-93dc-b523be2e2ab4,13,0.3362832828069434,0.6923076923076923,0.2,0.3974358974358974
stockpile,F4,5d3e170e-f1b8-49f9-9ee1-c51605552a08,2,0.0,0.0,0.0,0.0
stockpile,F4,725226e0-45b8-4432-84ee-144d3f37ff8d,3,0.3333333333333333,0.3333333333333333,0.06666666666666667,0.3333333333333333
stockpile,F4,78e7504d-968f-477d-8806-4d6c04b94431,11,0.48926548845748813,1.0,0.2,0.5454545454545454
stockpile,F4,bcdbf6b9-14c5-495c-be84-37bce32c312b,2,0.0,0.0,0.0,0.0
stockpile,F4,c220a8e6-609c-4d5b-9e1c-068ca01c2eec,1,0.0,0.0,0.0,0.0
stockpile,F4,c724545d-a4cc-492e-8075-2ab9a699c847,2,0.0,0.0,0.0,0.0
stockpile,F4,d6ea4c1e-7959-4eb1-a292-b6fd2b06c73e,3,0.3333333333333333,0.3333333333333333,0.06666666666666667,0.3333333333333333
stockpile,F4,dbd49a4a-ba2d-40d0-9348-2db24fc4b0b6,1,0.0,0.0,0.0,0.0
stockpile,F4,ddbd1850-5fd7-41d5-a7a1-1b15dac49090,3,0.0,0.0,0.0,0.0
stockpile,F4,de07f52d-9928-4071-9142-cb1d3bd851e8,16,0.1955016503245496,0.5625,0.1375,0.23958333333333331
stockpile,F4,e4324b88-8836-4803-b6b7-09b3c6cd4e94,1,0.0,0.0,0.0,0.0
stockpile,F4,e89a10d3-004f-4c15-b0eb-d1ba76a4b67f,2,0.0,0.0,0.0,0.0
stockpile,F4,eddc8f03-f930-41e7-95ba-33fb87bfed74,2,0.28532085947766006,0.5,0.2,0.5
stockpile,F4,ef4d997c-a0d1-4067-9efa-87c58682db71,3,0.0,0.0,0.0,0.0
stockpile,F4,f98193a0-8b5b-4b5e-a5aa-e8c3adfcd4e6,1,0.0,0.0,0.0,0.0
stockpile,F4,fbc41624-1052-490c-b5ec-4fd718e2501d,2,0.0,0.0,0.0,0.0
stockpile,F4-Equal,01c96671-afd3-47d4-8d31-8c116cc0221a,2,0.1532867981913646,0.5,0.1,0.25
stockpile,F4-Equal,01d77744-2515-401a-a497-d9f7241aac3c,6,0.04934698516097754,0.16666666666666666,0.03333333333333333,0.05555555555555555
stockpile,F4-Equal,09ad625e-6cba-490f-afe3-5417e7edb9c6,2,0.0,0.0,0.0,0.0
stockpile,F4-Equal,0b5636cf-f019-4ec9-aa7c-6e4f55505374,4,0.059299428192324054,0.25,0.05,0.125
stockpile,F4-Equal,0b73bf34-fc5b-48f7-9194-dce993b915b1,2,0.0,0.0,0.0,0.0
stockpile,F4-Equal,0f4c3c67-845e-49a0-927e-90ed33c044e0,11,0.208734719178715,0.45454545454545453,0.1272727272727273,0.2121212121212121
stockpile,F4-Equal,1a98b8e6-18ce-4617-8cc5-e65a1a9d490e,4,0.790876294637796,1.0,0.4,0.9166666666666666
stockpile,F4-Equal,1bac97ca-77fc-4c9a-835e-4de1b1b7f639,2,0.0,0.0,0.0,0.0
stockpile,F4-Equal,4c28c132-d7d7-4a04-8908-d643b7cb1d58,1,1.0,1.0,0.2,1.0
stockpile,F4-Equal,50855e29-3b4e-4562-aa55-b3d7f93c26b8,7,0.4447833083097534,0.8571428571428571,0.2,0.42857142857142855
stockpile,F4-Equal,564ae20d-778d-4965-93dc-b523be2e2ab4,13,0.3362832828069434,0.6923076923076923,0.2,0.3974358974358974
stockpile,F4-Equal,5d3e170e-f1b8-49f9-9ee1-c51605552a08,2,0.0,0.0,0.0,0.0
stockpile,F4-Equal,725226e0-45b8-4432-84ee-144d3f37ff8d,3,0.3333333333333333,0.3333333333333333,0.06666666666666667,0.3333333333333333
stockpile,F4-Equal,78e7504d-968f-477d-8806-4d6c04b94431,11,0.5108289168910605,1.0,0.21818181818181823,0.5909090909090909
stockpile,F4-Equal,bcdbf6b9-14c5-495c-be84-37bce32c312b,2,0.0,0.0,0.0,0.0
stockpile,F4-Equal,c220a8e6-609c-4d5b-9e1c-068ca01c2eec,1,0.0,0.0,0.0,0.0
stockpile,F4-Equal,c724545d-a4cc-492e-8075-2ab9a699c847,2,0.0,0.0,0.0,0.0
stockpile,F4-Equal,d6ea4c1e-7959-4eb1-a292-b6fd2b06c73e,3,0.3333333333333333,0.3333333333333333,0.06666666666666667,0.3333333333333333
stockpile,F4-Equal,dbd49a4a-ba2d-40d0-9348-2db24fc4b0b6,1,0.0,0.0,0.0,0.0
stockpile,F4-Equal,ddbd1850-5fd7-41d5-a7a1-1b15dac49090,3,0.0,0.0,0.0,0.0
stockpile,F4-Equal,de07f52d-9928-4071-9142-cb1d3bd851e8,16,0.1955016503245496,0.5625,0.1375,0.23958333333333331
stockpile,F4-Equal,e4324b88-8836-4803-b6b7-09b3c6cd4e94,1,0.0,0.0,0.0,0.0
stockpile,F4-Equal,e89a10d3-004f-4c15-b0eb-d1ba76a4b67f,2,0.0,0.0,0.0,0.0
stockpile,F4-Equal,eddc8f03-f930-41e7-95ba-33fb87bfed74,2,0.28532085947766006,0.5,0.2,0.5
stockpile,F4-Equal,ef4d997c-a0d1-4067-9efa-87c58682db71,3,0.0,0.0,0.0,0.0
stockpile,F4-Equal,f98193a0-8b5b-4b5e-a5aa-e8c3adfcd4e6,1,0.0,0.0,0.0,0.0
stockpile,F4-Equal,fbc41624-1052-490c-b5ec-4fd718e2501d,2,0.0,0.0,0.0,0.0
stockpile,F4-NoPrior,01c96671-afd3-47d4-8d31-8c116cc0221a,2,0.1532867981913646,0.5,0.1,0.25
stockpile,F4-NoPrior,01d77744-2515-401a-a497-d9f7241aac3c,6,0.04934698516097754,0.16666666666666666,0.03333333333333333,0.05555555555555555
stockpile,F4-NoPrior,09ad625e-6cba-490f-afe3-5417e7edb9c6,2,0.0,0.0,0.0,0.0
stockpile,F4-NoPrior,0b5636cf-f019-4ec9-aa7c-6e4f55505374,4,0.059299428192324054,0.25,0.05,0.125
stockpile,F4-NoPrior,0b73bf34-fc5b-48f7-9194-dce993b915b1,2,0.0,0.0,0.0,0.0
stockpile,F4-NoPrior,0f4c3c67-845e-49a0-927e-90ed33c044e0,11,0.208734719178715,0.45454545454545453,0.1272727272727273,0.2121212121212121
stockpile,F4-NoPrior,1a98b8e6-18ce-4617-8cc5-e65a1a9d490e,4,0.790876294637796,1.0,0.4,0.9166666666666666
stockpile,F4-NoPrior,1bac97ca-77fc-4c9a-835e-4de1b1b7f639,2,0.0,0.0,0.0,0.0
stockpile,F4-NoPrior,4c28c132-d7d7-4a04-8908-d643b7cb1d58,1,1.0,1.0,0.2,1.0
stockpile,F4-NoPrior,50855e29-3b4e-4562-aa55-b3d7f93c26b8,7,0.42004090615876893,0.8571428571428571,0.2,0.42857142857142855
stockpile,F4-NoPrior,564ae20d-778d-4965-93dc-b523be2e2ab4,13,0.32049012783023656,0.6153846153846154,0.2,0.34615384615384615
stockpile,F4-NoPrior,5d3e170e-f1b8-49f9-9ee1-c51605552a08,2,0.11859885638464811,0.5,0.1,0.25
stockpile,F4-NoPrior,725226e0-45b8-4432-84ee-144d3f37ff8d,3,0.3333333333333333,0.3333333333333333,0.06666666666666667,0.3333333333333333
stockpile,F4-NoPrior,78e7504d-968f-477d-8806-4d6c04b94431,11,0.5108289168910605,1.0,0.21818181818181823,0.5909090909090909
stockpile,F4-NoPrior,bcdbf6b9-14c5-495c-be84-37bce32c312b,2,0.0,0.0,0.0,0.0
stockpile,F4-NoPrior,c220a8e6-609c-4d5b-9e1c-068ca01c2eec,1,0.0,0.0,0.0,0.0
stockpile,F4-NoPrior,c724545d-a4cc-492e-8075-2ab9a699c847,2,0.0,0.0,0.0,0.0
stockpile,F4-NoPrior,d6ea4c1e-7959-4eb1-a292-b6fd2b06c73e,3,0.3333333333333333,0.3333333333333333,0.06666666666666667,0.3333333333333333
stockpile,F4-NoPrior,dbd49a4a-ba2d-40d0-9348-2db24fc4b0b6,1,0.0,0.0,0.0,0.0
stockpile,F4-NoPrior,ddbd1850-5fd7-41d5-a7a1-1b15dac49090,3,0.0,0.0,0.0,0.0
stockpile,F4-NoPrior,de07f52d-9928-4071-9142-cb1d3bd851e8,16,0.22167286940621517,0.625,0.1625,0.29166666666666663
stockpile,F4-NoPrior,e4324b88-8836-4803-b6b7-09b3c6cd4e94,1,0.0,0.0,0.0,0.0
stockpile,F4-NoPrior,e89a10d3-004f-4c15-b0eb-d1ba76a4b67f,2,0.0,0.0,0.0,0.0
stockpile,F4-NoPrior,eddc8f03-f930-41e7-95ba-33fb87bfed74,2,0.28532085947766006,0.5,0.2,0.5
stockpile,F4-NoPrior,ef4d997c-a0d1-4067-9efa-87c58682db71,3,0.1289509357448472,0.3333333333333333,0.06666666666666667,0.3333333333333333
stockpile,F4-NoPrior,f98193a0-8b5b-4b5e-a5aa-e8c3adfcd4e6,1,0.0,0.0,0.0,0.0
stockpile,F4-NoPrior,fbc41624-1052-490c-b5ec-4fd718e2501d,2,0.0,0.0,0.0,0.0
stockpile,F4-Perm,01c96671-afd3-47d4-8d31-8c116cc0221a,2,0.1532867981913646,0.5,0.1,0.25
stockpile,F4-Perm,01d77744-2515-401a-a497-d9f7241aac3c,6,0.04934698516097754,0.16666666666666666,0.03333333333333333,0.05555555555555555
stockpile,F4-Perm,09ad625e-6cba-490f-afe3-5417e7edb9c6,2,0.0,0.0,0.0,0.0
stockpile,F4-Perm,0b5636cf-f019-4ec9-aa7c-6e4f55505374,4,0.0,0.0,0.0,0.0
stockpile,F4-Perm,0b73bf34-fc5b-48f7-9194-dce993b915b1,2,0.0,0.0,0.0,0.0
stockpile,F4-Perm,0f4c3c67-845e-49a0-927e-90ed33c044e0,11,0.208734719178715,0.45454545454545453,0.1272727272727273,0.2121212121212121
stockpile,F4-Perm,1a98b8e6-18ce-4617-8cc5-e65a1a9d490e,4,0.7142328955421137,1.0,0.4,0.9166666666666666
stockpile,F4-Perm,1bac97ca-77fc-4c9a-835e-4de1b1b7f639,2,0.0,0.0,0.0,0.0
stockpile,F4-Perm,4c28c132-d7d7-4a04-8908-d643b7cb1d58,1,0.38685280723454163,1.0,0.2,1.0
stockpile,F4-Perm,50855e29-3b4e-4562-aa55-b3d7f93c26b8,7,0.4447833083097534,0.8571428571428571,0.2,0.42857142857142855
stockpile,F4-Perm,564ae20d-778d-4965-93dc-b523be2e2ab4,13,0.3362832828069434,0.6923076923076923,0.2,0.3974358974358974
stockpile,F4-Perm,5d3e170e-f1b8-49f9-9ee1-c51605552a08,2,0.0,0.0,0.0,0.0
stockpile,F4-Perm,725226e0-45b8-4432-84ee-144d3f37ff8d,3,0.3333333333333333,0.3333333333333333,0.06666666666666667,0.3333333333333333
stockpile,F4-Perm,78e7504d-968f-477d-8806-4d6c04b94431,11,0.5193271847197647,1.0,0.21818181818181823,0.5909090909090909
stockpile,F4-Perm,bcdbf6b9-14c5-495c-be84-37bce32c312b,2,0.0,0.0,0.0,0.0
stockpile,F4-Perm,c220a8e6-609c-4d5b-9e1c-068ca01c2eec,1,0.0,0.0,0.0,0.0
stockpile,F4-Perm,c724545d-a4cc-492e-8075-2ab9a699c847,2,0.0,0.0,0.0,0.0
stockpile,F4-Perm,d6ea4c1e-7959-4eb1-a292-b6fd2b06c73e,3,0.16666666666666666,0.3333333333333333,0.06666666666666667,0.3333333333333333
stockpile,F4-Perm,dbd49a4a-ba2d-40d0-9348-2db24fc4b0b6,1,0.0,0.0,0.0,0.0
stockpile,F4-Perm,ddbd1850-5fd7-41d5-a7a1-1b15dac49090,3,0.0,0.0,0.0,0.0
stockpile,F4-Perm,de07f52d-9928-4071-9142-cb1d3bd851e8,16,0.18415528829096509,0.5625,0.125,0.21875
stockpile,F4-Perm,e4324b88-8836-4803-b6b7-09b3c6cd4e94,1,0.0,0.0,0.0,0.0
stockpile,F4-Perm,e89a10d3-004f-4c15-b0eb-d1ba76a4b67f,2,0.0,0.0,0.0,0.0
stockpile,F4-Perm,eddc8f03-f930-41e7-95ba-33fb87bfed74,2,0.5,0.5,0.2,0.5
stockpile,F4-Perm,ef4d997c-a0d1-4067-9efa-87c58682db71,3,0.0,0.0,0.0,0.0
stockpile,F4-Perm,f98193a0-8b5b-4b5e-a5aa-e8c3adfcd4e6,1,0.0,0.0,0.0,0.0
stockpile,F4-Perm,fbc41624-1052-490c-b5ec-4fd718e2501d,2,0.0,0.0,0.0,0.0
