campaign_macro_ndcg5,config,held_out_source,l2,mechanism,selected,source_equal_mean,validation_source,variant
0.2265685964457542,,ctid,0.001,F1,0,0.20115955001319044,attack_flow,main
0.22640965061186952,,ctid,0.01,F1,0,0.2011788284380239,attack_flow,main
0.22684901374731373,,ctid,0.1,F1,0,0.20039212465765585,attack_flow,main
0.23102720475692107,,ctid,1.0,F1,1,0.20412982192853008,attack_flow,main
0.1757505035806267,,ctid,0.001,F1,0,0.20115955001319044,stockpile,main
0.17594800626417828,,ctid,0.01,F1,0,0.2011788284380239,stockpile,main
0.17393523556799798,,ctid,0.1,F1,0,0.20039212465765585,stockpile,main
0.17723243910013906,,ctid,1.0,F1,1,0.20412982192853008,stockpile,main
0.24010145250687326,"[3,2,1.0,0.0]",ctid,,F2,0,0.2071049653245072,attack_flow,main
0.24010145250687326,"[3,2,1.0,0.5]",ctid,,F2,0,0.2071049653245072,attack_flow,main
0.24010145250687326,"[3,2,1.0,1.0]",ctid,,F2,0,0.2071049653245072,attack_flow,main
0.24010145250687326,"[3,2,0.5,0.0]",ctid,,F2,0,0.2071049653245072,attack_flow,main
0.24010145250687326,"[3,2,0.5,0.5]",ctid,,F2,0,0.2071049653245072,attack_flow,main
0.24010145250687326,"[3,2,0.5,1.0]",ctid,,F2,0,0.2071049653245072,attack_flow,main
0.24010145250687326,"[3,2,0.25,0.0]",ctid,,F2,0,0.2071049653245072,attack_flow,main
0.24010145250687326,"[3,2,0.25,0.5]",ctid,,F2,0,0.2071049653245072,attack_flow,main
0.24010145250687326,"[3,2,0.25,1.0]",ctid,,F2,0,0.2071049653245072,attack_flow,main
0.24010145250687326,"[3,2,0.0,0.0]",ctid,,F2,0,0.2071049653245072,attack_flow,main
0.24010145250687326,"[3,2,0.0,0.5]",ctid,,F2,0,0.2071049653245072,attack_flow,main
0.24010145250687326,"[3,2,0.0,1.0]",ctid,,F2,0,0.2071049653245072,attack_flow,main
0.24159179360922514,"[3,1,1.0,0.0]",ctid,,F2,0,0.20804886727769556,attack_flow,main
0.24159179360922514,"[3,1,1.0,0.5]",ctid,,F2,0,0.20804886727769556,attack_flow,main
0.24159179360922514,"[3,1,1.0,1.0]",ctid,,F2,0,0.20804886727769556,attack_flow,main
0.24207587057406046,"[3,1,0.5,0.0]",ctid,,F2,1,0.20829090576011322,attack_flow,main
0.24207587057406046,"[3,1,0.5,0.5]",ctid,,F2,0,0.20829090576011322,attack_flow,main
0.24207587057406046,"[3,1,0.5,1.0]",ctid,,F2,0,0.20829090576011322,attack_flow,main
0.24207587057406046,"[3,1,0.25,0.0]",ctid,,F2,0,0.20829090576011322,attack_flow,main
0.24207587057406046,"[3,1,0.25,0.5]",ctid,,F2,0,0.20829090576011322,attack_flow,main
0.24207587057406046,"[3,1,0.25,1.0]",ctid,,F2,0,0.20829090576011322,attack_flow,main
0.24207587057406046,"[3,1,0.0,0.0]",ctid,,F2,0,0.20829090576011322,attack_flow,main
0.24207587057406046,"[3,1,0.0,0.5]",ctid,,F2,0,0.20829090576011322,attack_flow,main
0.24207587057406046,"[3,1,0.0,1.0]",ctid,,F2,0,0.20829090576011322,attack_flow,main
0.23013214627706036,"[3,0,1.0,0.0]",ctid,,F2,0,0.20231904361161318,attack_flow,main
0.23013214627706036,"[3,0,1.0,0.5]",ctid,,F2,0,0.20231904361161318,attack_flow,main
0.23013214627706036,"[3,0,1.0,1.0]",ctid,,F2,0,0.20231904361161318,attack_flow,main
0.23061622324189568,"[3,0,0.5,0.0]",ctid,,F2,0,0.20256108209403084,attack_flow,main
0.23061622324189568,"[3,0,0.5,0.5]",ctid,,F2,0,0.20256108209403084,attack_flow,main
0.23061622324189568,"[3,0,0.5,1.0]",ctid,,F2,0,0.20256108209403084,attack_flow,main
0.23061622324189568,"[3,0,0.25,0.0]",ctid,,F2,0,0.20256108209403084,attack_flow,main
0.23061622324189568,"[3,0,0.25,0.5]",ctid,,F2,0,0.20256108209403084,attack_flow,main
0.23061622324189568,"[3,0,0.25,1.0]",ctid,,F2,0,0.20256108209403084,attack_flow,main
0.23126458678667192,"[3,0,0.0,0.0]",ctid,,F2,0,0.20288526386641897,attack_flow,main
0.23126458678667192,"[3,0,0.0,0.5]",ctid,,F2,0,0.20288526386641897,attack_flow,main
0.23126458678667192,"[3,0,0.0,1.0]",ctid,,F2,0,0.20288526386641897,attack_flow,main
0.24010145250687326,"[2,2,1.0,0.0]",ctid,,F2,0,0.2071049653245072,attack_flow,main
0.24010145250687326,"[2,2,1.0,0.5]",ctid,,F2,0,0.2071049653245072,attack_flow,main
0.24010145250687326,"[2,2,1.0,1.0]",ctid,,F2,0,0.2071049653245072,attack_flow,main
0.24010145250687326,"[2,2,0.5,0.0]",ctid,,F2,0,0.2071049653245072,attack_flow,main
0.24010145250687326,"[2,2,0.5,0.5]",ctid,,F2,0,0.2071049653245072,attack_flow,main
0.24010145250687326,"[2,2,0.5,1.0]",ctid,,F2,0,0.2071049653245072,attack_flow,main
0.24010145250687326,"[2,2,0.25,0.0]",ctid,,F2,0,0.2071049653245072,attack_flow,main
0.24010145250687326,"[2,2,0.25,0.5]",ctid,,F2,0,0.2071049653245072,attack_flow,main
0.24010145250687326,"[2,2,0.25,1.0]",ctid,,F2,0,0.2071049653245072,attack_flow,main
0.24010145250687326,"[2,2,0.0,0.0]",ctid,,F2,0,0.2071049653245072,attack_flow,main
0.24010145250687326,"[2,2,0.0,0.5]",ctid,,F2,0,0.2071049653245072,attack_flow,main
0.24010145250687326,"[2,2,0.0,1.0]",ctid,,F2,0,0.2071049653245072,attack_flow,main
0.24156091915471198,"[2,1,1.0,0.0]",ctid,,F2,0,0.20756470569292623,attack_flow,main
0.24156091915471198,"[2,1,1.0,0.5]",ctid,,F2,0,0.20756470569292623,attack_flow,main
0.24156091915471198,"[2,1,1.0,1.0]",ctid,,F2,0,0.20756470569292623,attack_flow,main
0.2420449961195473,"[2,1,0.5,0.0]",ctid,,F2,0,0.2078067441753439,attack_flow,main
0.2420449961195473,"[2,1,0.5,0.5]",ctid,,F2,0,0.2078067441753439,attack_flow,main
0.2420449961195473,"[2,1,0.5,1.0]",ctid,,F2,0,0.2078067441753439,attack_flow,main
0.2420449961195473,"[2,1,0.25,0.0]",ctid,,F2,0,0.2078067441753439,attack_flow,main
0.2420449961195473,"[2,1,0.25,0.5]",ctid,,F2,0,0.2078067441753439,attack_flow,main
0.2420449961195473,"[2,1,0.25,1.0]",ctid,,F2,0,0.2078067441753439,attack_flow,main
0.2420449961195473,"[2,1,0.0,0.0]",ctid,,F2,0,0.2078067441753439,attack_flow,main
0.2420449961195473,"[2,1,0.0,0.5]",ctid,,F2,0,0.2078067441753439,attack_flow,main
0.2420449961195473,"[2,1,0.0,1.0]",ctid,,F2,0,0.2078067441753439,attack_flow,main
0.22992337427766338,"[2,0,1.0,0.0]",ctid,,F2,0,0.20174593325440193,attack_flow,main
0.22992337427766338,"[2,0,1.0,0.5]",ctid,,F2,0,0.20174593325440193,attack_flow,main
0.22992337427766338,"[2,0,1.0,1.0]",ctid,,F2,0,0.20174593325440193,attack_flow,main
0.23040745124249865,"[2,0,0.5,0.0]",ctid,,F2,0,0.2019879717368196,attack_flow,main
0.23040745124249865,"[2,0,0.5,0.5]",ctid,,F2,0,0.2019879717368196,attack_flow,main
0.23040745124249865,"[2,0,0.5,1.0]",ctid,,F2,0,0.2019879717368196,attack_flow,main
0.23040745124249865,"[2,0,0.25,0.0]",ctid,,F2,0,0.2019879717368196,attack_flow,main
0.23040745124249865,"[2,0,0.25,0.5]",ctid,,F2,0,0.2019879717368196,attack_flow,main
0.23040745124249865,"[2,0,0.25,1.0]",ctid,,F2,0,0.2019879717368196,attack_flow,main
0.23040745124249865,"[2,0,0.0,0.0]",ctid,,F2,0,0.2019879717368196,attack_flow,main
0.23040745124249865,"[2,0,0.0,0.5]",ctid,,F2,0,0.2019879717368196,attack_flow,main
0.23040745124249865,"[2,0,0.0,1.0]",ctid,,F2,0,0.2019879717368196,attack_flow,main
0.17410847814214114,"[3,2,1.0,0.0]",ctid,,F2,0,0.2071049653245072,stockpile,main
0.17410847814214114,"[3,2,1.0,0.5]",ctid,,F2,0,0.2071049653245072,stockpile,main
0.17410847814214114,"[3,2,1.0,1.0]",ctid,,F2,0,0.2071049653245072,stockpile,main
0.17410847814214114,"[3,2,0.5,0.0]",ctid,,F2,0,0.2071049653245072,stockpile,main
0.17410847814214114,"[3,2,0.5,0.5]",ctid,,F2,0,0.2071049653245072,stockpile,main
0.17410847814214114,"[3,2,0.5,1.0]",ctid,,F2,0,0.2071049653245072,stockpile,main
0.17410847814214114,"[3,2,0.25,0.0]",ctid,,F2,0,0.2071049653245072,stockpile,main
0.17410847814214114,"[3,2,0.25,0.5]",ctid,,F2,0,0.2071049653245072,stockpile,main
0.17410847814214114,"[3,2,0.25,1.0]",ctid,,F2,0,0.2071049653245072,stockpile,main
0.17410847814214114,"[3,2,0.0,0.0]",ctid,,F2,0,0.2071049653245072,stockpile,main
0.17410847814214114,"[3,2,0.0,0.5]",ctid,,F2,0,0.2071049653245072,stockpile,main
0.17410847814214114,"[3,2,0.0,1.0]",ctid,,F2,0,0.2071049653245072,stockpile,main
0.174505940946166,"[3,1,1.0,0.0]",ctid,,F2,0,0.20804886727769556,stockpile,main
0.174505940946166,"[3,1,1.0,0.5]",ctid,,F2,0,0.20804886727769556,stockpile,main
0.174505940946166,"[3,1,1.0,1.0]",ctid,,F2,0,0.20804886727769556,stockpile,main
0.174505940946166,"[3,1,0.5,0.0]",ctid,,F2,1,0.20829090576011322,stockpile,main
0.174505940946166,"[3,1,0.5,0.5]",ctid,,F2,0,0.20829090576011322,stockpile,main
0.174505940946166,"[3,1,0.5,1.0]",ctid,,F2,0,0.20829090576011322,stockpile,main
0.174505940946166,"[3,1,0.25,0.0]",ctid,,F2,0,0.20829090576011322,stockpile,main
0.174505940946166,"[3,1,0.25,0.5]",ctid,,F2,0,0.20829090576011322,stockpile,main
0.174505940946166,"[3,1,0.25,1.0]",ctid,,F2,0,0.20829090576011322,stockpile,main
0.174505940946166,"[3,1,0.0,0.0]",ctid,,F2,0,0.20829090576011322,stockpile,main
0.174505940946166,"[3,1,0.0,0.5]",ctid,,F2,0,0.20829090576011322,stockpile,main
0.174505940946166,"[3,1,0.0,1.0]",ctid,,F2,0,0.20829090576011322,stockpile,main
0.174505940946166,"[3,0,1.0,0.0]",ctid,,F2,0,0.20231904361161318,stockpile,main
0.174505940946166,"[3,0,1.0,0.5]",ctid,,F2,0,0.20231904361161318,stockpile,main
0.174505940946166,"[3,0,1.0,1.0]",ctid,,F2,0,0.20231904361161318,stockpile,main
0.174505940946166,"[3,0,0.5,0.0]",ctid,,F2,0,0.20256108209403084,stockpile,main
0.174505940946166,"[3,0,0.5,0.5]",ctid,,F2,0,0.20256108209403084,stockpile,main
0.174505940946166,"[3,0,0.5,1.0]",ctid,,F2,0,0.20256108209403084,stockpile,main
0.174505940946166,"[3,0,0.25,0.0]",ctid,,F2,0,0.20256108209403084,stockpile,main
0.174505940946166,"[3,0,0.25,0.5]",ctid,,F2,0,0.20256108209403084,stockpile,main
0.174505940946166,"[3,0,0.25,1.0]",ctid,,F2,0,0.20256108209403084,stockpile,main
0.174505940946166,"[3,0,0.0,0.0]",ctid,,F2,0,0.20288526386641897,stockpile,main
0.174505940946166,"[3,0,0.0,0.5]",ctid,,F2,0,0.20288526386641897,stockpile,main
0.174505940946166,"[3,0,0.0,1.0]",ctid,,F2,0,0.20288526386641897,stockpile,main
0.17410847814214114,"[2,2,1.0,0.0]",ctid,,F2,0,0.2071049653245072,stockpile,main
0.17410847814214114,"[2,2,1.0,0.5]",ctid,,F2,0,0.2071049653245072,stockpile,main
0.17410847814214114,"[2,2,1.0,1.0]",ctid,,F2,0,0.2071049653245072,stockpile,main
0.17410847814214114,"[2,2,0.5,0.0]",ctid,,F2,0,0.2071049653245072,stockpile,main
0.17410847814214114,"[2,2,0.5,0.5]",ctid,,F2,0,0.2071049653245072,stockpile,main
0.17410847814214114,"[2,2,0.5,1.0]",ctid,,F2,0,0.2071049653245072,stockpile,main
0.17410847814214114,"[2,2,0.25,0.0]",ctid,,F2,0,0.2071049653245072,stockpile,main
0.17410847814214114,"[2,2,0.25,0.5]",ctid,,F2,0,0.2071049653245072,stockpile,main
0.17410847814214114,"[2,2,0.25,1.0]",ctid,,F2,0,0.2071049653245072,stockpile,main
0.17410847814214114,"[2,2,0.0,0.0]",ctid,,F2,0,0.2071049653245072,stockpile,main
0.17410847814214114,"[2,2,0.0,0.5]",ctid,,F2,0,0.2071049653245072,stockpile,main
0.17410847814214114,"[2,2,0.0,1.0]",ctid,,F2,0,0.2071049653245072,stockpile,main
0.17356849223114051,"[2,1,1.0,0.0]",ctid,,F2,0,0.20756470569292623,stockpile,main
0.17356849223114051,"[2,1,1.0,0.5]",ctid,,F2,0,0.20756470569292623,stockpile,main
0.17356849223114051,"[2,1,1.0,1.0]",ctid,,F2,0,0.20756470569292623,stockpile,main
0.17356849223114051,"[2,1,0.5,0.0]",ctid,,F2,0,0.2078067441753439,stockpile,main
0.17356849223114051,"[2,1,0.5,0.5]",ctid,,F2,0,0.2078067441753439,stockpile,main
0.17356849223114051,"[2,1,0.5,1.0]",ctid,,F2,0,0.2078067441753439,stockpile,main
0.17356849223114051,"[2,1,0.25,0.0]",ctid,,F2,0,0.2078067441753439,stockpile,main
0.17356849223114051,"[2,1,0.25,0.5]",ctid,,F2,0,0.2078067441753439,stockpile,main
0.17356849223114051,"[2,1,0.25,1.0]",ctid,,F2,0,0.2078067441753439,stockpile,main
0.17356849223114051,"[2,1,0.0,0.0]",ctid,,F2,0,0.2078067441753439,stockpile,main
0.17356849223114051,"[2,1,0.0,0.5]",ctid,,F2,0,0.2078067441753439,stockpile,main
0.17356849223114051,"[2,1,0.0,1.0]",ctid,,F2,0,0.2078067441753439,stockpile,main
0.17356849223114051,"[2,0,1.0,0.0]",ctid,,F2,0,0.20174593325440193,stockpile,main
0.17356849223114051,"[2,0,1.0,0.5]",ctid,,F2,0,0.20174593325440193,stockpile,main
0.17356849223114051,"[2,0,1.0,1.0]",ctid,,F2,0,0.20174593325440193,stockpile,main
0.17356849223114051,"[2,0,0.5,0.0]",ctid,,F2,0,0.2019879717368196,stockpile,main
0.17356849223114051,"[2,0,0.5,0.5]",ctid,,F2,0,0.2019879717368196,stockpile,main
0.17356849223114051,"[2,0,0.5,1.0]",ctid,,F2,0,0.2019879717368196,stockpile,main
0.17356849223114051,"[2,0,0.25,0.0]",ctid,,F2,0,0.2019879717368196,stockpile,main
0.17356849223114051,"[2,0,0.25,0.5]",ctid,,F2,0,0.2019879717368196,stockpile,main
0.17356849223114051,"[2,0,0.25,1.0]",ctid,,F2,0,0.2019879717368196,stockpile,main
0.17356849223114051,"[2,0,0.0,0.0]",ctid,,F2,0,0.2019879717368196,stockpile,main
0.17356849223114051,"[2,0,0.0,0.5]",ctid,,F2,0,0.2019879717368196,stockpile,main
0.17356849223114051,"[2,0,0.0,1.0]",ctid,,F2,0,0.2019879717368196,stockpile,main
0.1960606492273863,,ctid,0.001,F3,0,0.18537031253860586,attack_flow,main
0.20146414637335447,,ctid,0.01,F3,0,0.18624439499451673,attack_flow,main
0.2075982990788077,,ctid,0.1,F3,1,0.18997995956095098,attack_flow,main
0.19513962166630383,,ctid,1.0,F3,0,0.1846240499042225,attack_flow,main
0.17467997584982545,,ctid,0.001,F3,0,0.18537031253860586,stockpile,main
0.17102464361567898,,ctid,0.01,F3,0,0.18624439499451673,stockpile,main
0.17236162004309424,,ctid,0.1,F3,1,0.18997995956095098,stockpile,main
0.17410847814214114,,ctid,1.0,F3,0,0.1846240499042225,stockpile,main
0.23923049294670037,1.64,ctid,,F4,1,0.20666948554442077,attack_flow,main
0.23923049294670037,1.0,ctid,,F4,0,0.20666948554442077,attack_flow,main
0.22759294806965177,0.5,ctid,,F4,0,0.20284392999545403,attack_flow,main
0.22734952512276657,0.0,ctid,,F4,0,0.20272221852201144,attack_flow,main
0.17410847814214114,1.64,ctid,,F4,1,0.20666948554442077,stockpile,main
0.17410847814214114,1.0,ctid,,F4,0,0.20666948554442077,stockpile,main
0.1780949119212563,0.5,ctid,,F4,0,0.20284392999545403,stockpile,main
0.1780949119212563,0.0,ctid,,F4,0,0.20272221852201144,stockpile,main
0.20117564721851758,,ctid,0.001,F1,0,0.18673290560891068,attack_flow,permuted
0.2012549171778289,,ctid,0.01,F1,0,0.18677254058856635,attack_flow,permuted
0.2017865111893882,,ctid,0.1,F1,0,0.18812655023738922,attack_flow,permuted
0.2307911768318406,,ctid,1.0,F1,1,0.2034522668208386,attack_flow,permuted
0.17229016399930377,,ctid,0.001,F1,0,0.18673290560891068,stockpile,permuted
0.17229016399930377,,ctid,0.01,F1,0,0.18677254058856635,stockpile,permuted
0.17446658928539024,,ctid,0.1,F1,0,0.18812655023738922,stockpile,permuted
0.17611335680983659,,ctid,1.0,F1,1,0.2034522668208386,stockpile,permuted
0.24010145250687326,"[3,2,1.0,0.0]",ctid,,F2,1,0.2071049653245072,attack_flow,permuted
0.24010145250687326,"[3,2,1.0,0.5]",ctid,,F2,0,0.2071049653245072,attack_flow,permuted
0.24010145250687326,"[3,2,1.0,1.0]",ctid,,F2,0,0.2071049653245072,attack_flow,permuted
0.24010145250687326,"[3,2,0.5,0.0]",ctid,,F2,0,0.2071049653245072,attack_flow,permuted
0.24010145250687326,"[3,2,0.5,0.5]",ctid,,F2,0,0.2071049653245072,attack_flow,permuted
0.24010145250687326,"[3,2,0.5,1.0]",ctid,,F2,0,0.2071049653245072,attack_flow,permuted
0.24010145250687326,"[3,2,0.25,0.0]",ctid,,F2,0,0.2071049653245072,attack_flow,permuted
0.24010145250687326,"[3,2,0.25,0.5]",ctid,,F2,0,0.2071049653245072,attack_flow,permuted
0.24010145250687326,"[3,2,0.25,1.0]",ctid,,F2,0,0.2071049653245072,attack_flow,permuted
0.24010145250687326,"[3,2,0.0,0.0]",ctid,,F2,0,0.2071049653245072,attack_flow,permuted
0.24010145250687326,"[3,2,0.0,0.5]",ctid,,F2,0,0.2071049653245072,attack_flow,permuted
0.24010145250687326,"[3,2,0.0,1.0]",ctid,,F2,0,0.2071049653245072,attack_flow,permuted
0.23352270612338663,"[3,1,1.0,0.0]",ctid,,F2,0,0.20320615156855726,attack_flow,permuted
0.23352270612338663,"[3,1,1.0,0.5]",ctid,,F2,0,0.20320615156855726,attack_flow,permuted
0.23352270612338663,"[3,1,1.0,1.0]",ctid,,F2,0,0.20320615156855726,attack_flow,permuted
0.23400678308822193,"[3,1,0.5,0.0]",ctid,,F2,0,0.20344819005097492,attack_flow,permuted
0.23400678308822193,"[3,1,0.5,0.5]",ctid,,F2,0,0.20344819005097492,attack_flow,permuted
0.23400678308822193,"[3,1,0.5,1.0]",ctid,,F2,0,0.20344819005097492,attack_flow,permuted
0.23400678308822193,"[3,1,0.25,0.0]",ctid,,F2,0,0.20344819005097492,attack_flow,permuted
0.23400678308822193,"[3,1,0.25,0.5]",ctid,,F2,0,0.20344819005097492,attack_flow,permuted
0.23400678308822193,"[3,1,0.25,1.0]",ctid,,F2,0,0.20344819005097492,attack_flow,permuted
0.23400678308822193,"[3,1,0.0,0.0]",ctid,,F2,0,0.20304886730220506,attack_flow,permuted
0.23400678308822193,"[3,1,0.0,0.5]",ctid,,F2,0,0.20304886730220506,attack_flow,permuted
0.23400678308822193,"[3,1,0.0,1.0]",ctid,,F2,0,0.20304886730220506,attack_flow,permuted
0.2255782017335626,"[3,0,1.0,0.0]",ctid,,F2,0,0.19923389937364527,attack_flow,permuted
0.2255782017335626,"[3,0,1.0,0.5]",ctid,,F2,0,0.19923389937364527,attack_flow,permuted
0.2255782017335626,"[3,0,1.0,1.0]",ctid,,F2,0,0.19923389937364527,attack_flow,permuted
0.22619178736827564,"[3,0,0.5,0.0]",ctid,,F2,0,0.1995406921910018,attack_flow,permuted
0.22619178736827564,"[3,0,0.5,0.5]",ctid,,F2,0,0.1995406921910018,attack_flow,permuted
0.22619178736827564,"[3,0,0.5,1.0]",ctid,,F2,0,0.1995406921910018,attack_flow,permuted
0.22619178736827564,"[3,0,0.25,0.0]",ctid,,F2,0,0.1989896198160238,attack_flow,permuted
0.22619178736827564,"[3,0,0.25,0.5]",ctid,,F2,0,0.1989896198160238,attack_flow,permuted
0.22619178736827564,"[3,0,0.25,1.0]",ctid,,F2,0,0.1989896198160238,attack_flow,permuted
0.22619178736827564,"[3,0,0.0,0.0]",ctid,,F2,0,0.19859029706725395,attack_flow,permuted
0.22619178736827564,"[3,0,0.0,0.5]",ctid,,F2,0,0.19859029706725395,attack_flow,permuted
0.22619178736827564,"[3,0,0.0,1.0]",ctid,,F2,0,0.19859029706725395,attack_flow,permuted
0.24010145250687326,"[2,2,1.0,0.0]",ctid,,F2,0,0.2071049653245072,attack_flow,permuted
0.24010145250687326,"[2,2,1.0,0.5]",ctid,,F2,0,0.2071049653245072,attack_flow,permuted
0.24010145250687326,"[2,2,1.0,1.0]",ctid,,F2,0,0.2071049653245072,attack_flow,permuted
0.24010145250687326,"[2,2,0.5,0.0]",ctid,,F2,0,0.2071049653245072,attack_flow,permuted
0.24010145250687326,"[2,2,0.5,0.5]",ctid,,F2,0,0.2071049653245072,attack_flow,permuted
0.24010145250687326,"[2,2,0.5,1.0]",ctid,,F2,0,0.2071049653245072,attack_flow,permuted
0.24010145250687326,"[2,2,0.25,0.0]",ctid,,F2,0,0.2071049653245072,attack_flow,permuted
0.24010145250687326,"[2,2,0.25,0.5]",ctid,,F2,0,0.2071049653245072,attack_flow,permuted
0.24010145250687326,"[2,2,0.25,1.0]",ctid,,F2,0,0.2071049653245072,attack_flow,permuted
0.24010145250687326,"[2,2,0.0,0.0]",ctid,,F2,0,0.2071049653245072,attack_flow,permuted
0.24010145250687326,"[2,2,0.0,0.5]",ctid,,F2,0,0.2071049653245072,attack_flow,permuted
0.24010145250687326,"[2,2,0.0,1.0]",ctid,,F2,0,0.2071049653245072,attack_flow,permuted
0.23352270612338663,"[2,1,1.0,0.0]",ctid,,F2,0,0.20333085615303598,attack_flow,permuted
0.23352270612338663,"[2,1,1.0,0.5]",ctid,,F2,0,0.20333085615303598,attack_flow,permuted
0.23352270612338663,"[2,1,1.0,1.0]",ctid,,F2,0,0.20333085615303598,attack_flow,permuted
0.23400678308822193,"[2,1,0.5,0.0]",ctid,,F2,0,0.20357289463545364,attack_flow,permuted
0.23400678308822193,"[2,1,0.5,0.5]",ctid,,F2,0,0.20357289463545364,attack_flow,permuted
0.23400678308822193,"[2,1,0.5,1.0]",ctid,,F2,0,0.20357289463545364,attack_flow,permuted
0.23400678308822193,"[2,1,0.25,0.0]",ctid,,F2,0,0.20357289463545364,attack_flow,permuted
0.23400678308822193,"[2,1,0.25,0.5]",ctid,,F2,0,0.20357289463545364,attack_flow,permuted
0.23400678308822193,"[2,1,0.25,1.0]",ctid,,F2,0,0.20357289463545364,attack_flow,permuted
0.23400678308822193,"[2,1,0.0,0.0]",ctid,,F2,0,0.20317357188668378,attack_flow,permuted
0.23400678308822193,"[2,1,0.0,0.5]",ctid,,F2,0,0.20317357188668378,attack_flow,permuted
0.23400678308822193,"[2,1,0.0,1.0]",ctid,,F2,0,0.20317357188668378,attack_flow,permuted
0.22447804787271805,"[2,0,1.0,0.0]",ctid,,F2,0,0.1988085270277017,attack_flow,permuted
0.22447804787271805,"[2,0,1.0,0.5]",ctid,,F2,0,0.1988085270277017,attack_flow,permuted
0.22447804787271805,"[2,0,1.0,1.0]",ctid,,F2,0,0.1988085270277017,attack_flow,permuted
0.22471512920144812,"[2,0,0.5,0.0]",ctid,,F2,0,0.19892706769206675,attack_flow,permuted
0.22471512920144812,"[2,0,0.5,0.5]",ctid,,F2,0,0.19892706769206675,attack_flow,permuted
0.22471512920144812,"[2,0,0.5,1.0]",ctid,,F2,0,0.19892706769206675,attack_flow,permuted
0.22471512920144812,"[2,0,0.25,0.0]",ctid,,F2,0,0.19892706769206675,attack_flow,permuted
0.22471512920144812,"[2,0,0.25,0.5]",ctid,,F2,0,0.19892706769206675,attack_flow,permuted
0.22471512920144812,"[2,0,0.25,1.0]",ctid,,F2,0,0.19892706769206675,attack_flow,permuted
0.22471512920144812,"[2,0,0.0,0.0]",ctid,,F2,0,0.19852774494329686,attack_flow,permuted
0.22471512920144812,"[2,0,0.0,0.5]",ctid,,F2,0,0.19852774494329686,attack_flow,permuted
0.22471512920144812,"[2,0,0.0,1.0]",ctid,,F2,0,0.19852774494329686,attack_flow,permuted
0.17410847814214114,"[3,2,1.0,0.0]",ctid,,F2,1,0.2071049653245072,stockpile,permuted
0.17410847814214114,"[3,2,1.0,0.5]",ctid,,F2,0,0.2071049653245072,stockpile,permuted
0.17410847814214114,"[3,2,1.0,1.0]",ctid,,F2,0,0.2071049653245072,stockpile,permuted
0.17410847814214114,"[3,2,0.5,0.0]",ctid,,F2,0,0.2071049653245072,stockpile,permuted
0.17410847814214114,"[3,2,0.5,0.5]",ctid,,F2,0,0.2071049653245072,stockpile,permuted
0.17410847814214114,"[3,2,0.5,1.0]",ctid,,F2,0,0.2071049653245072,stockpile,permuted
0.17410847814214114,"[3,2,0.25,0.0]",ctid,,F2,0,0.2071049653245072,stockpile,permuted
0.17410847814214114,"[3,2,0.25,0.5]",ctid,,F2,0,0.2071049653245072,stockpile,permuted
0.17410847814214114,"[3,2,0.25,1.0]",ctid,,F2,0,0.2071049653245072,stockpile,permuted
0.17410847814214114,"[3,2,0.0,0.0]",ctid,,F2,0,0.2071049653245072,stockpile,permuted
0.17410847814214114,"[3,2,0.0,0.5]",ctid,,F2,0,0.2071049653245072,stockpile,permuted
0.17410847814214114,"[3,2,0.0,1.0]",ctid,,F2,0,0.2071049653245072,stockpile,permuted
0.1728895970137279,"[3,1,1.0,0.0]",ctid,,F2,0,0.20320615156855726,stockpile,permuted
0.1728895970137279,"[3,1,1.0,0.5]",ctid,,F2,0,0.20320615156855726,stockpile,permuted
0.1728895970137279,"[3,1,1.0,1.0]",ctid,,F2,0,0.20320615156855726,stockpile,permuted
0.1728895970137279,"[3,1,0.5,0.0]",ctid,,F2,0,0.20344819005097492,stockpile,permuted
0.1728895970137279,"[3,1,0.5,0.5]",ctid,,F2,0,0.20344819005097492,stockpile,permuted
0.1728895970137279,"[3,1,0.5,1.0]",ctid,,F2,0,0.20344819005097492,stockpile,permuted
0.1728895970137279,"[3,1,0.25,0.0]",ctid,,F2,0,0.20344819005097492,stockpile,permuted
0.1728895970137279,"[3,1,0.25,0.5]",ctid,,F2,0,0.20344819005097492,stockpile,permuted
0.1728895970137279,"[3,1,0.25,1.0]",ctid,,F2,0,0.20344819005097492,stockpile,permuted
0.1720909515161882,"[3,1,0.0,0.0]",ctid,,F2,0,0.20304886730220506,stockpile,permuted
0.1720909515161882,"[3,1,0.0,0.5]",ctid,,F2,0,0.20304886730220506,stockpile,permuted
0.1720909515161882,"[3,1,0.0,1.0]",ctid,,F2,0,0.20304886730220506,stockpile,permuted
0.1728895970137279,"[3,0,1.0,0.0]",ctid,,F2,0,0.19923389937364527,stockpile,permuted
0.1728895970137279,"[3,0,1.0,0.5]",ctid,,F2,0,0.19923389937364527,stockpile,permuted
0.1728895970137279,"[3,0,1.0,1.0]",ctid,,F2,0,0.19923389937364527,stockpile,permuted
0.1728895970137279,"[3,0,0.5,0.0]",ctid,,F2,0,0.1995406921910018,stockpile,permuted
0.1728895970137279,"[3,0,0.5,0.5]",ctid,,F2,0,0.1995406921910018,stockpile,permuted
0.1728895970137279,"[3,0,0.5,1.0]",ctid,,F2,0,0.1995406921910018,stockpile,permuted
0.17178745226377196,"[3,0,0.25,0.0]",ctid,,F2,0,0.1989896198160238,stockpile,permuted
0.17178745226377196,"[3,0,0.25,0.5]",ctid,,F2,0,0.1989896198160238,stockpile,permuted
0.17178745226377196,"[3,0,0.25,1.0]",ctid,,F2,0,0.1989896198160238,stockpile,permuted
0.17098880676623227,"[3,0,0.0,0.0]",ctid,,F2,0,0.19859029706725395,stockpile,permuted
0.17098880676623227,"[3,0,0.0,0.5]",ctid,,F2,0,0.19859029706725395,stockpile,permuted
0.17098880676623227,"[3,0,0.0,1.0]",ctid,,F2,0,0.19859029706725395,stockpile,permuted
0.17410847814214114,"[2,2,1.0,0.0]",ctid,,F2,0,0.2071049653245072,stockpile,permuted
0.17410847814214114,"[2,2,1.0,0.5]",ctid,,F2,0,0.2071049653245072,stockpile,permuted
0.17410847814214114,"[2,2,1.0,1.0]",ctid,,F2,0,0.2071049653245072,stockpile,permuted
0.17410847814214114,"[2,2,0.5,0.0]",ctid,,F2,0,0.2071049653245072,stockpile,permuted
0.17410847814214114,"[2,2,0.5,0.5]",ctid,,F2,0,0.2071049653245072,stockpile,permuted
0.17410847814214114,"[2,2,0.5,1.0]",ctid,,F2,0,0.2071049653245072,stockpile,permuted
0.17410847814214114,"[2,2,0.25,0.0]",ctid,,F2,0,0.2071049653245072,stockpile,permuted
0.17410847814214114,"[2,2,0.25,0.5]",ctid,,F2,0,0.2071049653245072,stockpile,permuted
0.17410847814214114,"[2,2,0.25,1.0]",ctid,,F2,0,0.2071049653245072,stockpile,permuted
0.17410847814214114,"[2,2,0.0,0.0]",ctid,,F2,0,0.2071049653245072,stockpile,permuted
0.17410847814214114,"[2,2,0.0,0.5]",ctid,,F2,0,0.2071049653245072,stockpile,permuted
0.17410847814214114,"[2,2,0.0,1.0]",ctid,,F2,0,0.2071049653245072,stockpile,permuted
0.17313900618268535,"[2,1,1.0,0.0]",ctid,,F2,0,0.20333085615303598,stockpile,permuted
0.17313900618268535,"[2,1,1.0,0.5]",ctid,,F2,0,0.20333085615303598,stockpile,permuted
0.17313900618268535,"[2,1,1.0,1.0]",ctid,,F2,0,0.20333085615303598,stockpile,permuted
0.17313900618268535,"[2,1,0.5,0.0]",ctid,,F2,0,0.20357289463545364,stockpile,permuted
0.17313900618268535,"[2,1,0.5,0.5]",ctid,,F2,0,0.20357289463545364,stockpile,permuted
0.17313900618268535,"[2,1,0.5,1.0]",ctid,,F2,0,0.20357289463545364,stockpile,permuted
0.17313900618268535,"[2,1,0.25,0.0]",ctid,,F2,0,0.20357289463545364,stockpile,permuted
0.17313900618268535,"[2,1,0.25,0.5]",ctid,,F2,0,0.20357289463545364,stockpile,permuted
0.17313900618268535,"[2,1,0.25,1.0]",ctid,,F2,0,0.20357289463545364,stockpile,permuted
0.1723403606851456,"[2,1,0.0,0.0]",ctid,,F2,0,0.20317357188668378,stockpile,permuted
0.1723403606851456,"[2,1,0.0,0.5]",ctid,,F2,0,0.20317357188668378,stockpile,permuted
0.1723403606851456,"[2,1,0.0,1.0]",ctid,,F2,0,0.20317357188668378,stockpile,permuted
0.17313900618268535,"[2,0,1.0,0.0]",ctid,,F2,0,0.1988085270277017,stockpile,permuted
0.17313900618268535,"[2,0,1.0,0.5]",ctid,,F2,0,0.1988085270277017,stockpile,permuted
0.17313900618268535,"[2,0,1.0,1.0]",ctid,,F2,0,0.1988085270277017,stockpile,permuted
0.17313900618268535,"[2,0,0.5,0.0]",ctid,,F2,0,0.19892706769206675,stockpile,permuted
0.17313900618268535,"[2,0,0.5,0.5]",ctid,,F2,0,0.19892706769206675,stockpile,permuted
0.17313900618268535,"[2,0,0.5,1.0]",ctid,,F2,0,0.19892706769206675,stockpile,permuted
0.17313900618268535,"[2,0,0.25,0.0]",ctid,,F2,0,0.19892706769206675,stockpile,permuted
0.17313900618268535,"[2,0,0.25,0.5]",ctid,,F2,0,0.19892706769206675,stockpile,permuted
0.17313900618268535,"[2,0,0.25,1.0]",ctid,,F2,0,0.19892706769206675,stockpile,permuted
0.1723403606851456,"[2,0,0.0,0.0]",ctid,,F2,0,0.19852774494329686,stockpile,permuted
0.1723403606851456,"[2,0,0.0,0.5]",ctid,,F2,0,0.19852774494329686,stockpile,permuted
0.1723403606851456,"[2,0,0.0,1.0]",ctid,,F2,0,0.19852774494329686,stockpile,permuted
0.20719466996604707,,ctid,0.001,F3,0,0.18601607793242908,attack_flow,permuted
0.21113704308953743,,ctid,0.01,F3,0,0.19026547589188134,attack_flow,permuted
0.22496336083904458,,ctid,0.1,F3,0,0.19953591949059285,attack_flow,permuted
0.24010145250687326,,ctid,1.0,F3,1,0.2071049653245072,attack_flow,permuted
0.16483748589881111,,ctid,0.001,F3,0,0.18601607793242908,stockpile,permuted
0.16939390869422524,,ctid,0.01,F3,0,0.19026547589188134,stockpile,permuted
0.17410847814214114,,ctid,0.1,F3,0,0.19953591949059285,stockpile,permuted
0.17410847814214114,,ctid,1.0,F3,1,0.2071049653245072,stockpile,permuted
0.2348899379736157,1.64,ctid,,F4,1,0.2044992080578784,attack_flow,permuted
0.2348899379736157,1.0,ctid,,F4,0,0.19252697906311939,attack_flow,permuted
0.2246379430651652,0.5,ctid,,F4,0,0.18324381670389822,attack_flow,permuted
0.2246379430651652,0.0,ctid,,F4,0,0.18127959012325634,attack_flow,permuted
0.17410847814214114,1.64,ctid,,F4,1,0.2044992080578784,stockpile,permuted
0.1501640201526231,1.0,ctid,,F4,0,0.19252697906311939,stockpile,permuted
0.1418496903426312,0.5,ctid,,F4,0,0.18324381670389822,stockpile,permuted
0.13792123718134747,0.0,ctid,,F4,0,0.18127959012325634,stockpile,permuted
0.20897246693711805,,ctid,0.001,F1,0,0.1936905783399599,attack_flow,no_prior
0.20948849032977737,,ctid,0.01,F1,0,0.19325050039002412,attack_flow,no_prior
0.2142283524209373,,ctid,0.1,F1,0,0.1944704563218416,attack_flow,no_prior
0.22526952148060617,,ctid,1.0,F1,1,0.20161957363798072,attack_flow,no_prior
0.17840868974280177,,ctid,0.001,F1,0,0.1936905783399599,stockpile,no_prior
0.17701251045027086,,ctid,0.01,F1,0,0.19325050039002412,stockpile,no_prior
0.1747125602227459,,ctid,0.1,F1,0,0.1944704563218416,stockpile,no_prior
0.17796962579535527,,ctid,1.0,F1,1,0.20161957363798072,stockpile,no_prior
0.24010145250687326,"[3,2,1.0,0.0]",ctid,,F2,0,0.2071049653245072,attack_flow,no_prior
0.24010145250687326,"[3,2,1.0,0.5]",ctid,,F2,0,0.2071049653245072,attack_flow,no_prior
0.24010145250687326,"[3,2,1.0,1.0]",ctid,,F2,0,0.2071049653245072,attack_flow,no_prior
0.24010145250687326,"[3,2,0.5,0.0]",ctid,,F2,0,0.2071049653245072,attack_flow,no_prior
0.24010145250687326,"[3,2,0.5,0.5]",ctid,,F2,0,0.2071049653245072,attack_flow,no_prior
0.24010145250687326,"[3,2,0.5,1.0]",ctid,,F2,0,0.2071049653245072,attack_flow,no_prior
0.24010145250687326,"[3,2,0.25,0.0]",ctid,,F2,0,0.2071049653245072,attack_flow,no_prior
0.24010145250687326,"[3,2,0.25,0.5]",ctid,,F2,0,0.2071049653245072,attack_flow,no_prior
0.24010145250687326,"[3,2,0.25,1.0]",ctid,,F2,0,0.2071049653245072,attack_flow,no_prior
0.24010145250687326,"[3,2,0.0,0.0]",ctid,,F2,0,0.2071049653245072,attack_flow,no_prior
0.24010145250687326,"[3,2,0.0,0.5]",ctid,,F2,0,0.2071049653245072,attack_flow,no_prior
0.24010145250687326,"[3,2,0.0,1.0]",ctid,,F2,0,0.2071049653245072,attack_flow,no_prior
0.23973683400071616,"[3,1,1.0,0.0]",ctid,,F2,0,0.21317416741881146,attack_flow,no_prior
0.23973683400071616,"[3,1,1.0,0.5]",ctid,,F2,0,0.21317416741881146,attack_flow,no_prior
0.23973683400071616,"[3,1,1.0,1.0]",ctid,,F2,0,0.21317416741881146,attack_flow,no_prior
0.23973683400071616,"[3,1,0.5,0.0]",ctid,,F2,0,0.21317416741881146,attack_flow,no_prior
0.23973683400071616,"[3,1,0.5,0.5]",ctid,,F2,0,0.21317416741881146,attack_flow,no_prior
0.23973683400071616,"[3,1,0.5,1.0]",ctid,,F2,0,0.21317416741881146,attack_flow,no_prior
0.23973683400071616,"[3,1,0.25,0.0]",ctid,,F2,1,0.2175667176552799,attack_flow,no_prior
0.23973683400071616,"[3,1,0.25,0.5]",ctid,,F2,0,0.21317416741881146,attack_flow,no_prior
0.23973683400071616,"[3,1,0.25,1.0]",ctid,,F2,0,0.21317416741881146,attack_flow,no_prior
0.23973683400071616,"[3,1,0.0,0.0]",ctid,,F2,0,0.2175667176552799,attack_flow,no_prior
0.23973683400071616,"[3,1,0.0,0.5]",ctid,,F2,0,0.2175667176552799,attack_flow,no_prior
0.23973683400071616,"[3,1,0.0,1.0]",ctid,,F2,0,0.2175667176552799,attack_flow,no_prior
0.22827718666855132,"[3,0,1.0,0.0]",ctid,,F2,0,0.20744434375272902,attack_flow,no_prior
0.22827718666855132,"[3,0,1.0,0.5]",ctid,,F2,0,0.20744434375272902,attack_flow,no_prior
0.22827718666855132,"[3,0,1.0,1.0]",ctid,,F2,0,0.20744434375272902,attack_flow,no_prior
0.22827718666855132,"[3,0,0.5,0.0]",ctid,,F2,0,0.20744434375272902,attack_flow,no_prior
0.22827718666855132,"[3,0,0.5,0.5]",ctid,,F2,0,0.20744434375272902,attack_flow,no_prior
0.22827718666855132,"[3,0,0.5,1.0]",ctid,,F2,0,0.20744434375272902,attack_flow,no_prior
0.22827718666855132,"[3,0,0.25,0.0]",ctid,,F2,0,0.21183689398919747,attack_flow,no_prior
0.22827718666855132,"[3,0,0.25,0.5]",ctid,,F2,0,0.20744434375272902,attack_flow,no_prior
0.22827718666855132,"[3,0,0.25,1.0]",ctid,,F2,0,0.20744434375272902,attack_flow,no_prior
0.2289255502133276,"[3,0,0.0,0.0]",ctid,,F2,0,0.2121610757615856,attack_flow,no_prior
0.2289255502133276,"[3,0,0.0,0.5]",ctid,,F2,0,0.2121610757615856,attack_flow,no_prior
0.2289255502133276,"[3,0,0.0,1.0]",ctid,,F2,0,0.2121610757615856,attack_flow,no_prior
0.24010145250687326,"[2,2,1.0,0.0]",ctid,,F2,0,0.2071049653245072,attack_flow,no_prior
0.24010145250687326,"[2,2,1.0,0.5]",ctid,,F2,0,0.2071049653245072,attack_flow,no_prior
0.24010145250687326,"[2,2,1.0,1.0]",ctid,,F2,0,0.2071049653245072,attack_flow,no_prior
0.24010145250687326,"[2,2,0.5,0.0]",ctid,,F2,0,0.2071049653245072,attack_flow,no_prior
0.24010145250687326,"[2,2,0.5,0.5]",ctid,,F2,0,0.2071049653245072,attack_flow,no_prior
0.24010145250687326,"[2,2,0.5,1.0]",ctid,,F2,0,0.2071049653245072,attack_flow,no_prior
0.24010145250687326,"[2,2,0.25,0.0]",ctid,,F2,0,0.2071049653245072,attack_flow,no_prior
0.24010145250687326,"[2,2,0.25,0.5]",ctid,,F2,0,0.2071049653245072,attack_flow,no_prior
0.24010145250687326,"[2,2,0.25,1.0]",ctid,,F2,0,0.2071049653245072,attack_flow,no_prior
0.24010145250687326,"[2,2,0.0,0.0]",ctid,,F2,0,0.2071049653245072,attack_flow,no_prior
0.24010145250687326,"[2,2,0.0,0.5]",ctid,,F2,0,0.2071049653245072,attack_flow,no_prior
0.24010145250687326,"[2,2,0.0,1.0]",ctid,,F2,0,0.2071049653245072,attack_flow,no_prior
0.2394898383646109,"[2,1,1.0,0.0]",ctid,,F2,0,0.206803699687655,attack_flow,no_prior
0.2394898383646109,"[2,1,1.0,0.5]",ctid,,F2,0,0.206803699687655,attack_flow,no_prior
0.2394898383646109,"[2,1,1.0,1.0]",ctid,,F2,0,0.206803699687655,attack_flow,no_prior
0.2394898383646109,"[2,1,0.5,0.0]",ctid,,F2,0,0.206803699687655,attack_flow,no_prior
0.2394898383646109,"[2,1,0.5,0.5]",ctid,,F2,0,0.206803699687655,attack_flow,no_prior
0.2394898383646109,"[2,1,0.5,1.0]",ctid,,F2,0,0.206803699687655,attack_flow,no_prior
0.2394898383646109,"[2,1,0.25,0.0]",ctid,,F2,0,0.206803699687655,attack_flow,no_prior
0.2394898383646109,"[2,1,0.25,0.5]",ctid,,F2,0,0.206803699687655,attack_flow,no_prior
0.2394898383646109,"[2,1,0.25,1.0]",ctid,,F2,0,0.206803699687655,attack_flow,no_prior
0.2394898383646109,"[2,1,0.0,0.0]",ctid,,F2,0,0.206803699687655,attack_flow,no_prior
0.2394898383646109,"[2,1,0.0,0.5]",ctid,,F2,0,0.206803699687655,attack_flow,no_prior
0.2394898383646109,"[2,1,0.0,1.0]",ctid,,F2,0,0.206803699687655,attack_flow,no_prior
0.22785229348756225,"[2,0,1.0,0.0]",ctid,,F2,0,0.20098492724913064,attack_flow,no_prior
0.22785229348756225,"[2,0,1.0,0.5]",ctid,,F2,0,0.20098492724913064,attack_flow,no_prior
0.22785229348756225,"[2,0,1.0,1.0]",ctid,,F2,0,0.20098492724913064,attack_flow,no_prior
0.22785229348756225,"[2,0,0.5,0.0]",ctid,,F2,0,0.20098492724913064,attack_flow,no_prior
0.22785229348756225,"[2,0,0.5,0.5]",ctid,,F2,0,0.20098492724913064,attack_flow,no_prior
0.22785229348756225,"[2,0,0.5,1.0]",ctid,,F2,0,0.20098492724913064,attack_flow,no_prior
0.22785229348756225,"[2,0,0.25,0.0]",ctid,,F2,0,0.20098492724913064,attack_flow,no_prior
0.22785229348756225,"[2,0,0.25,0.5]",ctid,,F2,0,0.20098492724913064,attack_flow,no_prior
0.22785229348756225,"[2,0,0.25,1.0]",ctid,,F2,0,0.20098492724913064,attack_flow,no_prior
0.22785229348756225,"[2,0,0.0,0.0]",ctid,,F2,0,0.20098492724913064,attack_flow,no_prior
0.22785229348756225,"[2,0,0.0,0.5]",ctid,,F2,0,0.20098492724913064,attack_flow,no_prior
0.22785229348756225,"[2,0,0.0,1.0]",ctid,,F2,0,0.20098492724913064,attack_flow,no_prior
0.17410847814214114,"[3,2,1.0,0.0]",ctid,,F2,0,0.2071049653245072,stockpile,no_prior
0.17410847814214114,"[3,2,1.0,0.5]",ctid,,F2,0,0.2071049653245072,stockpile,no_prior
0.17410847814214114,"[3,2,1.0,1.0]",ctid,,F2,0,0.2071049653245072,stockpile,no_prior
0.17410847814214114,"[3,2,0.5,0.0]",ctid,,F2,0,0.2071049653245072,stockpile,no_prior
0.17410847814214114,"[3,2,0.5,0.5]",ctid,,F2,0,0.2071049653245072,stockpile,no_prior
0.17410847814214114,"[3,2,0.5,1.0]",ctid,,F2,0,0.2071049653245072,stockpile,no_prior
0.17410847814214114,"[3,2,0.25,0.0]",ctid,,F2,0,0.2071049653245072,stockpile,no_prior
0.17410847814214114,"[3,2,0.25,0.5]",ctid,,F2,0,0.2071049653245072,stockpile,no_prior
0.17410847814214114,"[3,2,0.25,1.0]",ctid,,F2,0,0.2071049653245072,stockpile,no_prior
0.17410847814214114,"[3,2,0.0,0.0]",ctid,,F2,0,0.2071049653245072,stockpile,no_prior
0.17410847814214114,"[3,2,0.0,0.5]",ctid,,F2,0,0.2071049653245072,stockpile,no_prior
0.17410847814214114,"[3,2,0.0,1.0]",ctid,,F2,0,0.2071049653245072,stockpile,no_prior
0.18661150083690675,"[3,1,1.0,0.0]",ctid,,F2,0,0.21317416741881146,stockpile,no_prior
0.18661150083690675,"[3,1,1.0,0.5]",ctid,,F2,0,0.21317416741881146,stockpile,no_prior
0.18661150083690675,"[3,1,1.0,1.0]",ctid,,F2,0,0.21317416741881146,stockpile,no_prior
0.18661150083690675,"[3,1,0.5,0.0]",ctid,,F2,0,0.21317416741881146,stockpile,no_prior
0.18661150083690675,"[3,1,0.5,0.5]",ctid,,F2,0,0.21317416741881146,stockpile,no_prior
0.18661150083690675,"[3,1,0.5,1.0]",ctid,,F2,0,0.21317416741881146,stockpile,no_prior
0.19539660130984363,"[3,1,0.25,0.0]",ctid,,F2,1,0.2175667176552799,stockpile,no_prior
0.18661150083690675,"[3,1,0.25,0.5]",ctid,,F2,0,0.21317416741881146,stockpile,no_prior
0.18661150083690675,"[3,1,0.25,1.0]",ctid,,F2,0,0.21317416741881146,stockpile,no_prior
0.19539660130984363,"[3,1,0.0,0.0]",ctid,,F2,0,0.2175667176552799,stockpile,no_prior
0.19539660130984363,"[3,1,0.0,0.5]",ctid,,F2,0,0.2175667176552799,stockpile,no_prior
0.19539660130984363,"[3,1,0.0,1.0]",ctid,,F2,0,0.2175667176552799,stockpile,no_prior
0.18661150083690675,"[3,0,1.0,0.0]",ctid,,F2,0,0.20744434375272902,stockpile,no_prior
0.18661150083690675,"[3,0,1.0,0.5]",ctid,,F2,0,0.20744434375272902,stockpile,no_prior
0.18661150083690675,"[3,0,1.0,1.0]",ctid,,F2,0,0.20744434375272902,stockpile,no_prior
0.18661150083690675,"[3,0,0.5,0.0]",ctid,,F2,0,0.20744434375272902,stockpile,no_prior
0.18661150083690675,"[3,0,0.5,0.5]",ctid,,F2,0,0.20744434375272902,stockpile,no_prior
0.18661150083690675,"[3,0,0.5,1.0]",ctid,,F2,0,0.20744434375272902,stockpile,no_prior
0.19539660130984363,"[3,0,0.25,0.0]",ctid,,F2,0,0.21183689398919747,stockpile,no_prior
0.18661150083690675,"[3,0,0.25,0.5]",ctid,,F2,0,0.20744434375272902,stockpile,no_prior
0.18661150083690675,"[3,0,0.25,1.0]",ctid,,F2,0,0.20744434375272902,stockpile,no_prior
0.19539660130984363,"[3,0,0.0,0.0]",ctid,,F2,0,0.2121610757615856,stockpile,no_prior
0.19539660130984363,"[3,0,0.0,0.5]",ctid,,F2,0,0.2121610757615856,stockpile,no_prior
0.19539660130984363,"[3,0,0.0,1.0]",ctid,,F2,0,0.2121610757615856,stockpile,no_prior
0.17410847814214114,"[2,2,1.0,0.0]",ctid,,F2,0,0.2071049653245072,stockpile,no_prior
0.17410847814214114,"[2,2,1.0,0.5]",ctid,,F2,0,0.2071049653245072,stockpile,no_prior
0.17410847814214114,"[2,2,1.0,1.0]",ctid,,F2,0,0.2071049653245072,stockpile,no_prior
0.17410847814214114,"[2,2,0.5,0.0]",ctid,,F2,0,0.2071049653245072,stockpile,no_prior
0.17410847814214114,"[2,2,0.5,0.5]",ctid,,F2,0,0.2071049653245072,stockpile,no_prior
0.17410847814214114,"[2,2,0.5,1.0]",ctid,,F2,0,0.2071049653245072,stockpile,no_prior
0.17410847814214114,"[2,2,0.25,0.0]",ctid,,F2,0,0.2071049653245072,stockpile,no_prior
0.17410847814214114,"[2,2,0.25,0.5]",ctid,,F2,0,0.2071049653245072,stockpile,no_prior
0.17410847814214114,"[2,2,0.25,1.0]",ctid,,F2,0,0.2071049653245072,stockpile,no_prior
0.17410847814214114,"[2,2,0.0,0.0]",ctid,,F2,0,0.2071049653245072,stockpile,no_prior
0.17410847814214114,"[2,2,0.0,0.5]",ctid,,F2,0,0.2071049653245072,stockpile,no_prior
0.17410847814214114,"[2,2,0.0,1.0]",ctid,,F2,0,0.2071049653245072,stockpile,no_prior
0.17411756101069906,"[2,1,1.0,0.0]",ctid,,F2,0,0.206803699687655,stockpile,no_prior
0.17411756101069906,"[2,1,1.0,0.5]",ctid,,F2,0,0.206803699687655,stockpile,no_prior
0.17411756101069906,"[2,1,1.0,1.0]",ctid,,F2,0,0.206803699687655,stockpile,no_prior
0.17411756101069906,"[2,1,0.5,0.0]",ctid,,F2,0,0.206803699687655,stockpile,no_prior
0.17411756101069906,"[2,1,0.5,0.5]",ctid,,F2,0,0.206803699687655,stockpile,no_prior
0.17411756101069906,"[2,1,0.5,1.0]",ctid,,F2,0,0.206803699687655,stockpile,no_prior
0.17411756101069906,"[2,1,0.25,0.0]",ctid,,F2,0,0.206803699687655,stockpile,no_prior
0.17411756101069906,"[2,1,0.25,0.5]",ctid,,F2,0,0.206803699687655,stockpile,no_prior
0.17411756101069906,"[2,1,0.25,1.0]",ctid,,F2,0,0.206803699687655,stockpile,no_prior
0.17411756101069906,"[2,1,0.0,0.0]",ctid,,F2,0,0.206803699687655,stockpile,no_prior
0.17411756101069906,"[2,1,0.0,0.5]",ctid,,F2,0,0.206803699687655,stockpile,no_prior
0.17411756101069906,"[2,1,0.0,1.0]",ctid,,F2,0,0.206803699687655,stockpile,no_prior
0.17411756101069906,"[2,0,1.0,0.0]",ctid,,F2,0,0.20098492724913064,stockpile,no_prior
0.17411756101069906,"[2,0,1.0,0.5]",ctid,,F2,0,0.20098492724913064,stockpile,no_prior
0.17411756101069906,"[2,0,1.0,1.0]",ctid,,F2,0,0.20098492724913064,stockpile,no_prior
0.17411756101069906,"[2,0,0.5,0.0]",ctid,,F2,0,0.20098492724913064,stockpile,no_prior
0.17411756101069906,"[2,0,0.5,0.5]",ctid,,F2,0,0.20098492724913064,stockpile,no_prior
0.17411756101069906,"[2,0,0.5,1.0]",ctid,,F2,0,0.20098492724913064,stockpile,no_prior
0.17411756101069906,"[2,0,0.25,0.0]",ctid,,F2,0,0.20098492724913064,stockpile,no_prior
0.17411756101069906,"[2,0,0.25,0.5]",ctid,,F2,0,0.20098492724913064,stockpile,no_prior
0.17411756101069906,"[2,0,0.25,1.0]",ctid,,F2,0,0.20098492724913064,stockpile,no_prior
0.17411756101069906,"[2,0,0.0,0.0]",ctid,,F2,0,0.20098492724913064,stockpile,no_prior
0.17411756101069906,"[2,0,0.0,0.5]",ctid,,F2,0,0.20098492724913064,stockpile,no_prior
0.17411756101069906,"[2,0,0.0,1.0]",ctid,,F2,0,0.20098492724913064,stockpile,no_prior
0.189204684950713,,ctid,0.001,F3,0,0.18132233743957327,attack_flow,no_prior
0.19356327502910456,,ctid,0.01,F3,0,0.18383587658562284,attack_flow,no_prior
0.1997329953681294,,ctid,0.1,F3,1,0.18692073675513526,attack_flow,no_prior
0.19029902895814907,,ctid,1.0,F3,0,0.18220375355014512,attack_flow,no_prior
0.1734399899284335,,ctid,0.001,F3,0,0.18132233743957327,stockpile,no_prior
0.17410847814214114,,ctid,0.01,F3,0,0.18383587658562284,stockpile,no_prior
0.17410847814214114,,ctid,0.1,F3,1,0.18692073675513526,stockpile,no_prior
0.17410847814214114,,ctid,1.0,F3,0,0.18220375355014512,stockpile,no_prior
0.22759294806965177,1.64,ctid,,F4,0,0.20085071310589647,attack_flow,no_prior
0.22759294806965177,1.0,ctid,,F4,1,0.20237520563794129,attack_flow,no_prior
0.22759294806965177,0.5,ctid,,F4,0,0.20237520563794129,attack_flow,no_prior
0.22759294806965177,0.0,ctid,,F4,0,0.20237520563794129,attack_flow,no_prior
0.17410847814214114,1.64,ctid,,F4,0,0.20085071310589647,stockpile,no_prior
0.1771574632062308,1.0,ctid,,F4,1,0.20237520563794129,stockpile,no_prior
0.1771574632062308,0.5,ctid,,F4,0,0.20237520563794129,stockpile,no_prior
0.1771574632062308,0.0,ctid,,F4,0,0.20237520563794129,stockpile,no_prior
0.22468113342956397,,ctid,0.001,F1,0,0.1980210480200687,attack_flow,equal_capacity
0.2276667553972844,,ctid,0.01,F1,0,0.1989710698366295,attack_flow,equal_capacity
0.2337027029627802,,ctid,0.1,F1,0,0.20441150398304747,attack_flow,equal_capacity
0.23707751858802903,,ctid,1.0,F1,1,0.2054971094577165,attack_flow,equal_capacity
0.1713609626105734,,ctid,0.001,F1,0,0.1980210480200687,stockpile,equal_capacity
0.1702753842759746,,ctid,0.01,F1,0,0.1989710698366295,stockpile,equal_capacity
0.17512030500331477,,ctid,0.1,F1,0,0.20441150398304747,stockpile,equal_capacity
0.17391670032740394,,ctid,1.0,F1,1,0.2054971094577165,stockpile,equal_capacity
0.24010145250687326,"[3,2,1.0,0.0]",ctid,,F2,1,0.2071049653245072,attack_flow,equal_capacity
0.24010145250687326,"[3,2,1.0,0.5]",ctid,,F2,0,0.2071049653245072,attack_flow,equal_capacity
0.24010145250687326,"[3,2,1.0,1.0]",ctid,,F2,0,0.2071049653245072,attack_flow,equal_capacity
0.24010145250687326,"[3,2,0.5,0.0]",ctid,,F2,0,0.2071049653245072,attack_flow,equal_capacity
0.24010145250687326,"[3,2,0.5,0.5]",ctid,,F2,0,0.2071049653245072,attack_flow,equal_capacity
0.24010145250687326,"[3,2,0.5,1.0]",ctid,,F2,0,0.2071049653245072,attack_flow,equal_capacity
0.24010145250687326,"[3,2,0.25,0.0]",ctid,,F2,0,0.2071049653245072,attack_flow,equal_capacity
0.24010145250687326,"[3,2,0.25,0.5]",ctid,,F2,0,0.2071049653245072,attack_flow,equal_capacity
0.24010145250687326,"[3,2,0.25,1.0]",ctid,,F2,0,0.2071049653245072,attack_flow,equal_capacity
0.24010145250687326,"[3,2,0.0,0.0]",ctid,,F2,0,0.2071049653245072,attack_flow,equal_capacity
0.24010145250687326,"[3,2,0.0,0.5]",ctid,,F2,0,0.2071049653245072,attack_flow,equal_capacity
0.24010145250687326,"[3,2,0.0,1.0]",ctid,,F2,0,0.2071049653245072,attack_flow,equal_capacity
0.24010145250687326,"[3,1,1.0,0.0]",ctid,,F2,0,0.2071049653245072,attack_flow,equal_capacity
0.24010145250687326,"[3,1,1.0,0.5]",ctid,,F2,0,0.2071049653245072,attack_flow,equal_capacity
0.24010145250687326,"[3,1,1.0,1.0]",ctid,,F2,0,0.2071049653245072,attack_flow,equal_capacity
0.24010145250687326,"[3,1,0.5,0.0]",ctid,,F2,0,0.2071049653245072,attack_flow,equal_capacity
0.24010145250687326,"[3,1,0.5,0.5]",ctid,,F2,0,0.2071049653245072,attack_flow,equal_capacity
0.24010145250687326,"[3,1,0.5,1.0]",ctid,,F2,0,0.2071049653245072,attack_flow,equal_capacity
0.24010145250687326,"[3,1,0.25,0.0]",ctid,,F2,0,0.2071049653245072,attack_flow,equal_capacity
0.24010145250687326,"[3,1,0.25,0.5]",ctid,,F2,0,0.2071049653245072,attack_flow,equal_capacity
0.24010145250687326,"[3,1,0.25,1.0]",ctid,,F2,0,0.2071049653245072,attack_flow,equal_capacity
0.24010145250687326,"[3,1,0.0,0.0]",ctid,,F2,0,0.2071049653245072,attack_flow,equal_capacity
0.24010145250687326,"[3,1,0.0,0.5]",ctid,,F2,0,0.2071049653245072,attack_flow,equal_capacity
0.24010145250687326,"[3,1,0.0,1.0]",ctid,,F2,0,0.2071049653245072,attack_flow,equal_capacity
0.23981907427738597,"[3,0,1.0,0.0]",ctid,,F2,0,0.20696377620976356,attack_flow,equal_capacity
0.24010145250687326,"[3,0,1.0,0.5]",ctid,,F2,0,0.2071049653245072,attack_flow,equal_capacity
0.24010145250687326,"[3,0,1.0,1.0]",ctid,,F2,0,0.2071049653245072,attack_flow,equal_capacity
0.23981907427738597,"[3,0,0.5,0.0]",ctid,,F2,0,0.20696377620976356,attack_flow,equal_capacity
0.24010145250687326,"[3,0,0.5,0.5]",ctid,,F2,0,0.2071049653245072,attack_flow,equal_capacity
0.24010145250687326,"[3,0,0.5,1.0]",ctid,,F2,0,0.2071049653245072,attack_flow,equal_capacity
0.23981907427738597,"[3,0,0.25,0.0]",ctid,,F2,0,0.20696377620976356,attack_flow,equal_capacity
0.24010145250687326,"[3,0,0.25,0.5]",ctid,,F2,0,0.2071049653245072,attack_flow,equal_capacity
0.24010145250687326,"[3,0,0.25,1.0]",ctid,,F2,0,0.2071049653245072,attack_flow,equal_capacity
0.23981907427738597,"[3,0,0.0,0.0]",ctid,,F2,0,0.20696377620976356,attack_flow,equal_capacity
0.23981907427738597,"[3,0,0.0,0.5]",ctid,,F2,0,0.20696377620976356,attack_flow,equal_capacity
0.24010145250687326,"[3,0,0.0,1.0]",ctid,,F2,0,0.2071049653245072,attack_flow,equal_capacity
0.24010145250687326,"[2,2,1.0,0.0]",ctid,,F2,0,0.2071049653245072,attack_flow,equal_capacity
0.24010145250687326,"[2,2,1.0,0.5]",ctid,,F2,0,0.2071049653245072,attack_flow,equal_capacity
0.24010145250687326,"[2,2,1.0,1.0]",ctid,,F2,0,0.2071049653245072,attack_flow,equal_capacity
0.24010145250687326,"[2,2,0.5,0.0]",ctid,,F2,0,0.2071049653245072,attack_flow,equal_capacity
0.24010145250687326,"[2,2,0.5,0.5]",ctid,,F2,0,0.2071049653245072,attack_flow,equal_capacity
0.24010145250687326,"[2,2,0.5,1.0]",ctid,,F2,0,0.2071049653245072,attack_flow,equal_capacity
0.24010145250687326,"[2,2,0.25,0.0]",ctid,,F2,0,0.2071049653245072,attack_flow,equal_capacity
0.24010145250687326,"[2,2,0.25,0.5]",ctid,,F2,0,0.2071049653245072,attack_flow,equal_capacity
0.24010145250687326,"[2,2,0.25,1.0]",ctid,,F2,0,0.2071049653245072,attack_flow,equal_capacity
0.24010145250687326,"[2,2,0.0,0.0]",ctid,,F2,0,0.2071049653245072,attack_flow,equal_capacity
0.24010145250687326,"[2,2,0.0,0.5]",ctid,,F2,0,0.2071049653245072,attack_flow,equal_capacity
0.24010145250687326,"[2,2,0.0,1.0]",ctid,,F2,0,0.2071049653245072,attack_flow,equal_capacity
0.24010145250687326,"[2,1,1.0,0.0]",ctid,,F2,0,0.2071049653245072,attack_flow,equal_capacity
0.24010145250687326,"[2,1,1.0,0.5]",ctid,,F2,0,0.2071049653245072,attack_flow,equal_capacity
0.24010145250687326,"[2,1,1.0,1.0]",ctid,,F2,0,0.2071049653245072,attack_flow,equal_capacity
0.24010145250687326,"[2,1,0.5,0.0]",ctid,,F2,0,0.2071049653245072,attack_flow,equal_capacity
0.24010145250687326,"[2,1,0.5,0.5]",ctid,,F2,0,0.2071049653245072,attack_flow,equal_capacity
0.24010145250687326,"[2,1,0.5,1.0]",ctid,,F2,0,0.2071049653245072,attack_flow,equal_capacity
0.24010145250687326,"[2,1,0.25,0.0]",ctid,,F2,0,0.2071049653245072,attack_flow,equal_capacity
0.24010145250687326,"[2,1,0.25,0.5]",ctid,,F2,0,0.2071049653245072,attack_flow,equal_capacity
0.24010145250687326,"[2,1,0.25,1.0]",ctid,,F2,0,0.2071049653245072,attack_flow,equal_capacity
0.24010145250687326,"[2,1,0.0,0.0]",ctid,,F2,0,0.2071049653245072,attack_flow,equal_capacity
0.24010145250687326,"[2,1,0.0,0.5]",ctid,,F2,0,0.2071049653245072,attack_flow,equal_capacity
0.24010145250687326,"[2,1,0.0,1.0]",ctid,,F2,0,0.2071049653245072,attack_flow,equal_capacity
0.23184356146241467,"[2,0,1.0,0.0]",ctid,,F2,0,0.20257669705350803,attack_flow,equal_capacity
0.23310859205493978,"[2,0,1.0,0.5]",ctid,,F2,0,0.2021110747906535,attack_flow,equal_capacity
0.2332313247487324,"[2,0,1.0,1.0]",ctid,,F2,0,0.20177311838877993,attack_flow,equal_capacity
0.22813585613645668,"[2,0,0.5,0.0]",ctid,,F2,0,0.19962470683141192,attack_flow,equal_capacity
0.23095405622995777,"[2,0,0.5,0.5]",ctid,,F2,0,0.20042436631395588,attack_flow,equal_capacity
0.2319412736501187,"[2,0,0.5,1.0]",ctid,,F2,0,0.20091797502403635,attack_flow,equal_capacity
0.22701202599217785,"[2,0,0.25,0.0]",ctid,,F2,0,0.1984533511950659,attack_flow,equal_capacity
0.2278419112150317,"[2,0,0.25,0.5]",ctid,,F2,0,0.19886829380649285,attack_flow,equal_capacity
0.22900896559562897,"[2,0,0.25,1.0]",ctid,,F2,0,0.19945182099679148,attack_flow,equal_capacity
0.22753071682799886,"[2,0,0.0,0.0]",ctid,,F2,0,0.1987126966129764,attack_flow,equal_capacity
0.22801338746688785,"[2,0,0.0,0.5]",ctid,,F2,0,0.19895403193242092,attack_flow,equal_capacity
0.22777707486055407,"[2,0,0.0,1.0]",ctid,,F2,0,0.19883587562925403,attack_flow,equal_capacity
0.17410847814214114,"[3,2,1.0,0.0]",ctid,,F2,1,0.2071049653245072,stockpile,equal_capacity
0.17410847814214114,"[3,2,1.0,0.5]",ctid,,F2,0,0.2071049653245072,stockpile,equal_capacity
0.17410847814214114,"[3,2,1.0,1.0]",ctid,,F2,0,0.2071049653245072,stockpile,equal_capacity
0.17410847814214114,"[3,2,0.5,0.0]",ctid,,F2,0,0.2071049653245072,stockpile,equal_capacity
0.17410847814214114,"[3,2,0.5,0.5]",ctid,,F2,0,0.2071049653245072,stockpile,equal_capacity
0.17410847814214114,"[3,2,0.5,1.0]",ctid,,F2,0,0.2071049653245072,stockpile,equal_capacity
0.17410847814214114,"[3,2,0.25,0.0]",ctid,,F2,0,0.2071049653245072,stockpile,equal_capacity
0.17410847814214114,"[3,2,0.25,0.5]",ctid,,F2,0,0.2071049653245072,stockpile,equal_capacity
0.17410847814214114,"[3,2,0.25,1.0]",ctid,,F2,0,0.2071049653245072,stockpile,equal_capacity
0.17410847814214114,"[3,2,0.0,0.0]",ctid,,F2,0,0.2071049653245072,stockpile,equal_capacity
0.17410847814214114,"[3,2,0.0,0.5]",ctid,,F2,0,0.2071049653245072,stockpile,equal_capacity
0.17410847814214114,"[3,2,0.0,1.0]",ctid,,F2,0,0.2071049653245072,stockpile,equal_capacity
0.17410847814214114,"[3,1,1.0,0.0]",ctid,,F2,0,0.2071049653245072,stockpile,equal_capacity
0.17410847814214114,"[3,1,1.0,0.5]",ctid,,F2,0,0.2071049653245072,stockpile,equal_capacity
0.17410847814214114,"[3,1,1.0,1.0]",ctid,,F2,0,0.2071049653245072,stockpile,equal_capacity
0.17410847814214114,"[3,1,0.5,0.0]",ctid,,F2,0,0.2071049653245072,stockpile,equal_capacity
0.17410847814214114,"[3,1,0.5,0.5]",ctid,,F2,0,0.2071049653245072,stockpile,equal_capacity
0.17410847814214114,"[3,1,0.5,1.0]",ctid,,F2,0,0.2071049653245072,stockpile,equal_capacity
0.17410847814214114,"[3,1,0.25,0.0]",ctid,,F2,0,0.2071049653245072,stockpile,equal_capacity
0.17410847814214114,"[3,1,0.25,0.5]",ctid,,F2,0,0.2071049653245072,stockpile,equal_capacity
0.17410847814214114,"[3,1,0.25,1.0]",ctid,,F2,0,0.2071049653245072,stockpile,equal_capacity
0.17410847814214114,"[3,1,0.0,0.0]",ctid,,F2,0,0.2071049653245072,stockpile,equal_capacity
0.17410847814214114,"[3,1,0.0,0.5]",ctid,,F2,0,0.2071049653245072,stockpile,equal_capacity
0.17410847814214114,"[3,1,0.0,1.0]",ctid,,F2,0,0.2071049653245072,stockpile,equal_capacity
0.17410847814214114,"[3,0,1.0,0.0]",ctid,,F2,0,0.20696377620976356,stockpile,equal_capacity
0.17410847814214114,"[3,0,1.0,0.5]",ctid,,F2,0,0.2071049653245072,stockpile,equal_capacity
0.17410847814214114,"[3,0,1.0,1.0]",ctid,,F2,0,0.2071049653245072,stockpile,equal_capacity
0.17410847814214114,"[3,0,0.5,0.0]",ctid,,F2,0,0.20696377620976356,stockpile,equal_capacity
0.17410847814214114,"[3,0,0.5,0.5]",ctid,,F2,0,0.2071049653245072,stockpile,equal_capacity
0.17410847814214114,"[3,0,0.5,1.0]",ctid,,F2,0,0.2071049653245072,stockpile,equal_capacity
0.17410847814214114,"[3,0,0.25,0.0]",ctid,,F2,0,0.20696377620976356,stockpile,equal_capacity
0.17410847814214114,"[3,0,0.25,0.5]",ctid,,F2,0,0.2071049653245072,stockpile,equal_capacity
0.17410847814214114,"[3,0,0.25,1.0]",ctid,,F2,0,0.2071049653245072,stockpile,equal_capacity
0.17410847814214114,"[3,0,0.0,0.0]",ctid,,F2,0,0.20696377620976356,stockpile,equal_capacity
0.17410847814214114,"[3,0,0.0,0.5]",ctid,,F2,0,0.20696377620976356,stockpile,equal_capacity
0.17410847814214114,"[3,0,0.0,1.0]",ctid,,F2,0,0.2071049653245072,stockpile,equal_capacity
0.17410847814214114,"[2,2,1.0,0.0]",ctid,,F2,0,0.2071049653245072,stockpile,equal_capacity
0.17410847814214114,"[2,2,1.0,0.5]",ctid,,F2,0,0.2071049653245072,stockpile,equal_capacity
0.17410847814214114,"[2,2,1.0,1.0]",ctid,,F2,0,0.2071049653245072,stockpile,equal_capacity
0.17410847814214114,"[2,2,0.5,0.0]",ctid,,F2,0,0.2071049653245072,stockpile,equal_capacity
0.17410847814214114,"[2,2,0.5,0.5]",ctid,,F2,0,0.2071049653245072,stockpile,equal_capacity
0.17410847814214114,"[2,2,0.5,1.0]",ctid,,F2,0,0.2071049653245072,stockpile,equal_capacity
0.17410847814214114,"[2,2,0.25,0.0]",ctid,,F2,0,0.2071049653245072,stockpile,equal_capacity
0.17410847814214114,"[2,2,0.25,0.5]",ctid,,F2,0,0.2071049653245072,stockpile,equal_capacity
0.17410847814214114,"[2,2,0.25,1.0]",ctid,,F2,0,0.2071049653245072,stockpile,equal_capacity
0.17410847814214114,"[2,2,0.0,0.0]",ctid,,F2,0,0.2071049653245072,stockpile,equal_capacity
0.17410847814214114,"[2,2,0.0,0.5]",ctid,,F2,0,0.2071049653245072,stockpile,equal_capacity
0.17410847814214114,"[2,2,0.0,1.0]",ctid,,F2,0,0.2071049653245072,stockpile,equal_capacity
0.17410847814214114,"[2,1,1.0,0.0]",ctid,,F2,0,0.2071049653245072,stockpile,equal_capacity
0.17410847814214114,"[2,1,1.0,0.5]",ctid,,F2,0,0.2071049653245072,stockpile,equal_capacity
0.17410847814214114,"[2,1,1.0,1.0]",ctid,,F2,0,0.2071049653245072,stockpile,equal_capacity
0.17410847814214114,"[2,1,0.5,0.0]",ctid,,F2,0,0.2071049653245072,stockpile,equal_capacity
0.17410847814214114,"[2,1,0.5,0.5]",ctid,,F2,0,0.2071049653245072,stockpile,equal_capacity
0.17410847814214114,"[2,1,0.5,1.0]",ctid,,F2,0,0.2071049653245072,stockpile,equal_capacity
0.17410847814214114,"[2,1,0.25,0.0]",ctid,,F2,0,0.2071049653245072,stockpile,equal_capacity
0.17410847814214114,"[2,1,0.25,0.5]",ctid,,F2,0,0.2071049653245072,stockpile,equal_capacity
0.17410847814214114,"[2,1,0.25,1.0]",ctid,,F2,0,0.2071049653245072,stockpile,equal_capacity
0.17410847814214114,"[2,1,0.0,0.0]",ctid,,F2,0,0.2071049653245072,stockpile,equal_capacity
0.17410847814214114,"[2,1,0.0,0.5]",ctid,,F2,0,0.2071049653245072,stockpile,equal_capacity
0.17410847814214114,"[2,1,0.0,1.0]",ctid,,F2,0,0.2071049653245072,stockpile,equal_capacity
0.1733098326446014,"[2,0,1.0,0.0]",ctid,,F2,0,0.20257669705350803,stockpile,equal_capacity
0.1711135575263672,"[2,0,1.0,0.5]",ctid,,F2,0,0.2021110747906535,stockpile,equal_capacity
0.17031491202882748,"[2,0,1.0,1.0]",ctid,,F2,0,0.20177311838877993,stockpile,equal_capacity
0.1711135575263672,"[2,0,0.5,0.0]",ctid,,F2,0,0.19962470683141192,stockpile,equal_capacity
0.169894676397954,"[2,0,0.5,0.5]",ctid,,F2,0,0.20042436631395588,stockpile,equal_capacity
0.169894676397954,"[2,0,0.5,1.0]",ctid,,F2,0,0.20091797502403635,stockpile,equal_capacity
0.169894676397954,"[2,0,0.25,0.0]",ctid,,F2,0,0.1984533511950659,stockpile,equal_capacity
0.169894676397954,"[2,0,0.25,0.5]",ctid,,F2,0,0.19886829380649285,stockpile,equal_capacity
0.169894676397954,"[2,0,0.25,1.0]",ctid,,F2,0,0.19945182099679148,stockpile,equal_capacity
0.169894676397954,"[2,0,0.0,0.0]",ctid,,F2,0,0.1987126966129764,stockpile,equal_capacity
0.169894676397954,"[2,0,0.0,0.5]",ctid,,F2,0,0.19895403193242092,stockpile,equal_capacity
0.169894676397954,"[2,0,0.0,1.0]",ctid,,F2,0,0.19883587562925403,stockpile,equal_capacity
0.23250255004371612,,ctid,0.001,F3,0,0.20330551409292863,attack_flow,equal_capacity
0.23712743700247907,,ctid,0.01,F3,0,0.2056179575723101,attack_flow,equal_capacity
0.24028669923395216,,ctid,0.1,F3,1,0.20719758868804666,attack_flow,equal_capacity
0.24010145250687326,,ctid,1.0,F3,0,0.2071049653245072,attack_flow,equal_capacity
0.17410847814214114,,ctid,0.001,F3,0,0.20330551409292863,stockpile,equal_capacity
0.17410847814214114,,ctid,0.01,F3,0,0.2056179575723101,stockpile,equal_capacity
0.17410847814214114,,ctid,0.1,F3,1,0.20719758868804666,stockpile,equal_capacity
0.17410847814214114,,ctid,1.0,F3,0,0.2071049653245072,stockpile,equal_capacity
0.24010145250687326,1.64,ctid,,F4,1,0.2071049653245072,attack_flow,equal_capacity
0.24010145250687326,1.0,ctid,,F4,0,0.2071049653245072,attack_flow,equal_capacity
0.23545515063114456,0.5,ctid,,F4,0,0.20478181438664284,attack_flow,equal_capacity
0.23545515063114456,0.0,ctid,,F4,0,0.20478181438664284,attack_flow,equal_capacity
0.17410847814214114,1.64,ctid,,F4,1,0.2071049653245072,stockpile,equal_capacity
0.17410847814214114,1.0,ctid,,F4,0,0.2071049653245072,stockpile,equal_capacity
0.17410847814214114,0.5,ctid,,F4,0,0.20478181438664284,stockpile,equal_capacity
0.17410847814214114,0.0,ctid,,F4,0,0.20478181438664284,stockpile,equal_capacity
0.1944751698720108,,attack_flow,0.001,F1,0,0.17187280880069034,ctid,main
0.19456811849061315,,attack_flow,0.01,F1,0,0.17199492067476932,ctid,main
0.1948846507037629,,attack_flow,0.1,F1,0,0.1720464095454382,ctid,main
0.19583216571650888,,attack_flow,1.0,F1,1,0.17512040521239292,ctid,main
0.14927044772936984,,attack_flow,0.001,F1,0,0.17187280880069034,stockpile,main
0.1494217228589255,,attack_flow,0.01,F1,0,0.17199492067476932,stockpile,main
0.1492081683871135,,attack_flow,0.1,F1,0,0.1720464095454382,stockpile,main
0.15440864470827692,,attack_flow,1.0,F1,1,0.17512040521239292,stockpile,main
0.19427925702024187,"[3,2,1.0,0.0]",attack_flow,,F2,1,0.1841938675811915,ctid,main
0.19427925702024187,"[3,2,1.0,0.5]",attack_flow,,F2,0,0.1841938675811915,ctid,main
0.19427925702024187,"[3,2,1.0,1.0]",attack_flow,,F2,0,0.1841938675811915,ctid,main
0.19427925702024187,"[3,2,0.5,0.0]",attack_flow,,F2,0,0.1841938675811915,ctid,main
0.19427925702024187,"[3,2,0.5,0.5]",attack_flow,,F2,0,0.1841938675811915,ctid,main
0.19427925702024187,"[3,2,0.5,1.0]",attack_flow,,F2,0,0.1841938675811915,ctid,main
0.19427925702024187,"[3,2,0.25,0.0]",attack_flow,,F2,0,0.1841938675811915,ctid,main
0.19427925702024187,"[3,2,0.25,0.5]",attack_flow,,F2,0,0.1841938675811915,ctid,main
0.19427925702024187,"[3,2,0.25,1.0]",attack_flow,,F2,0,0.1841938675811915,ctid,main
0.19427925702024187,"[3,2,0.0,0.0]",attack_flow,,F2,0,0.1841938675811915,ctid,main
0.19427925702024187,"[3,2,0.0,0.5]",attack_flow,,F2,0,0.1841938675811915,ctid,main
0.19427925702024187,"[3,2,0.0,1.0]",attack_flow,,F2,0,0.1841938675811915,ctid,main
0.1817053647344113,"[3,1,1.0,0.0]",attack_flow,,F2,0,0.17659866606372235,ctid,main
0.1817053647344113,"[3,1,1.0,0.5]",attack_flow,,F2,0,0.17659866606372235,ctid,main
0.1817053647344113,"[3,1,1.0,1.0]",attack_flow,,F2,0,0.17659866606372235,ctid,main
0.1817053647344113,"[3,1,0.5,0.0]",attack_flow,,F2,0,0.17659866606372235,ctid,main
0.1817053647344113,"[3,1,0.5,0.5]",attack_flow,,F2,0,0.17659866606372235,ctid,main
0.1817053647344113,"[3,1,0.5,1.0]",attack_flow,,F2,0,0.17659866606372235,ctid,main
0.1817053647344113,"[3,1,0.25,0.0]",attack_flow,,F2,0,0.17659866606372235,ctid,main
0.1817053647344113,"[3,1,0.25,0.5]",attack_flow,,F2,0,0.17659866606372235,ctid,main
0.1817053647344113,"[3,1,0.25,1.0]",attack_flow,,F2,0,0.17659866606372235,ctid,main
0.1817053647344113,"[3,1,0.0,0.0]",attack_flow,,F2,0,0.17659866606372235,ctid,main
0.1817053647344113,"[3,1,0.0,0.5]",attack_flow,,F2,0,0.17659866606372235,ctid,main
0.1817053647344113,"[3,1,0.0,1.0]",attack_flow,,F2,0,0.17659866606372235,ctid,main
0.1810003393163549,"[3,0,1.0,0.0]",attack_flow,,F2,0,0.17569508097971617,ctid,main
0.1810003393163549,"[3,0,1.0,0.5]",attack_flow,,F2,0,0.17569508097971617,ctid,main
0.1810003393163549,"[3,0,1.0,1.0]",attack_flow,,F2,0,0.17569508097971617,ctid,main
0.1803021016527497,"[3,0,0.5,0.0]",attack_flow,,F2,0,0.1753459621479136,ctid,main
0.1803021016527497,"[3,0,0.5,0.5]",attack_flow,,F2,0,0.1753459621479136,ctid,main
0.1803021016527497,"[3,0,0.5,1.0]",attack_flow,,F2,0,0.1753459621479136,ctid,main
0.1803021016527497,"[3,0,0.25,0.0]",attack_flow,,F2,0,0.1753459621479136,ctid,main
0.1803021016527497,"[3,0,0.25,0.5]",attack_flow,,F2,0,0.1753459621479136,ctid,main
0.1803021016527497,"[3,0,0.25,1.0]",attack_flow,,F2,0,0.1753459621479136,ctid,main
0.1803021016527497,"[3,0,0.0,0.0]",attack_flow,,F2,0,0.1753459621479136,ctid,main
0.1803021016527497,"[3,0,0.0,0.5]",attack_flow,,F2,0,0.1753459621479136,ctid,main
0.1803021016527497,"[3,0,0.0,1.0]",attack_flow,,F2,0,0.1753459621479136,ctid,main
0.19427925702024187,"[2,2,1.0,0.0]",attack_flow,,F2,0,0.1841938675811915,ctid,main
0.19427925702024187,"[2,2,1.0,0.5]",attack_flow,,F2,0,0.1841938675811915,ctid,main
0.19427925702024187,"[2,2,1.0,1.0]",attack_flow,,F2,0,0.1841938675811915,ctid,main
0.19427925702024187,"[2,2,0.5,0.0]",attack_flow,,F2,0,0.1841938675811915,ctid,main
0.19427925702024187,"[2,2,0.5,0.5]",attack_flow,,F2,0,0.1841938675811915,ctid,main
0.19427925702024187,"[2,2,0.5,1.0]",attack_flow,,F2,0,0.1841938675811915,ctid,main
0.19427925702024187,"[2,2,0.25,0.0]",attack_flow,,F2,0,0.1841938675811915,ctid,main
0.19427925702024187,"[2,2,0.25,0.5]",attack_flow,,F2,0,0.1841938675811915,ctid,main
0.19427925702024187,"[2,2,0.25,1.0]",attack_flow,,F2,0,0.1841938675811915,ctid,main
0.19427925702024187,"[2,2,0.0,0.0]",attack_flow,,F2,0,0.1841938675811915,ctid,main
0.19427925702024187,"[2,2,0.0,0.5]",attack_flow,,F2,0,0.1841938675811915,ctid,main
0.19427925702024187,"[2,2,0.0,1.0]",attack_flow,,F2,0,0.1841938675811915,ctid,main
0.18218003631941454,"[2,1,1.0,0.0]",attack_flow,,F2,0,0.17683600185622397,ctid,main
0.18218003631941454,"[2,1,1.0,0.5]",attack_flow,,F2,0,0.17683600185622397,ctid,main
0.18218003631941454,"[2,1,1.0,1.0]",attack_flow,,F2,0,0.17683600185622397,ctid,main
0.18218003631941454,"[2,1,0.5,0.0]",attack_flow,,F2,0,0.17683600185622397,ctid,main
0.18218003631941454,"[2,1,0.5,0.5]",attack_flow,,F2,0,0.17683600185622397,ctid,main
0.18218003631941454,"[2,1,0.5,1.0]",attack_flow,,F2,0,0.17683600185622397,ctid,main
0.18218003631941454,"[2,1,0.25,0.0]",attack_flow,,F2,0,0.17683600185622397,ctid,main
0.18218003631941454,"[2,1,0.25,0.5]",attack_flow,,F2,0,0.17683600185622397,ctid,main
0.18218003631941454,"[2,1,0.25,1.0]",attack_flow,,F2,0,0.17683600185622397,ctid,main
0.18218003631941454,"[2,1,0.0,0.0]",attack_flow,,F2,0,0.17683600185622397,ctid,main
0.18218003631941454,"[2,1,0.0,0.5]",attack_flow,,F2,0,0.17683600185622397,ctid,main
0.18218003631941454,"[2,1,0.0,1.0]",attack_flow,,F2,0,0.17683600185622397,ctid,main
0.1838443799976008,"[2,0,1.0,0.0]",attack_flow,,F2,0,0.17711710132033914,ctid,main
0.1838443799976008,"[2,0,1.0,0.5]",attack_flow,,F2,0,0.17711710132033914,ctid,main
0.1838443799976008,"[2,0,1.0,1.0]",attack_flow,,F2,0,0.17711710132033914,ctid,main
0.1838443799976008,"[2,0,0.5,0.0]",attack_flow,,F2,0,0.17711710132033914,ctid,main
0.1838443799976008,"[2,0,0.5,0.5]",attack_flow,,F2,0,0.17711710132033914,ctid,main
0.1838443799976008,"[2,0,0.5,1.0]",attack_flow,,F2,0,0.17711710132033914,ctid,main
0.1838443799976008,"[2,0,0.25,0.0]",attack_flow,,F2,0,0.17711710132033914,ctid,main
0.1838443799976008,"[2,0,0.25,0.5]",attack_flow,,F2,0,0.17711710132033914,ctid,main
0.1838443799976008,"[2,0,0.25,1.0]",attack_flow,,F2,0,0.17711710132033914,ctid,main
0.1838443799976008,"[2,0,0.0,0.0]",attack_flow,,F2,0,0.17711710132033914,ctid,main
0.1838443799976008,"[2,0,0.0,0.5]",attack_flow,,F2,0,0.17711710132033914,ctid,main
0.1838443799976008,"[2,0,0.0,1.0]",attack_flow,,F2,0,0.17711710132033914,ctid,main
0.17410847814214114,"[3,2,1.0,0.0]",attack_flow,,F2,1,0.1841938675811915,stockpile,main
0.17410847814214114,"[3,2,1.0,0.5]",attack_flow,,F2,0,0.1841938675811915,stockpile,main
0.17410847814214114,"[3,2,1.0,1.0]",attack_flow,,F2,0,0.1841938675811915,stockpile,main
0.17410847814214114,"[3,2,0.5,0.0]",attack_flow,,F2,0,0.1841938675811915,stockpile,main
0.17410847814214114,"[3,2,0.5,0.5]",attack_flow,,F2,0,0.1841938675811915,stockpile,main
0.17410847814214114,"[3,2,0.5,1.0]",attack_flow,,F2,0,0.1841938675811915,stockpile,main
0.17410847814214114,"[3,2,0.25,0.0]",attack_flow,,F2,0,0.1841938675811915,stockpile,main
0.17410847814214114,"[3,2,0.25,0.5]",attack_flow,,F2,0,0.1841938675811915,stockpile,main
0.17410847814214114,"[3,2,0.25,1.0]",attack_flow,,F2,0,0.1841938675811915,stockpile,main
0.17410847814214114,"[3,2,0.0,0.0]",attack_flow,,F2,0,0.1841938675811915,stockpile,main
0.17410847814214114,"[3,2,0.0,0.5]",attack_flow,,F2,0,0.1841938675811915,stockpile,main
0.17410847814214114,"[3,2,0.0,1.0]",attack_flow,,F2,0,0.1841938675811915,stockpile,main
0.1714919673930334,"[3,1,1.0,0.0]",attack_flow,,F2,0,0.17659866606372235,stockpile,main
0.1714919673930334,"[3,1,1.0,0.5]",attack_flow,,F2,0,0.17659866606372235,stockpile,main
0.1714919673930334,"[3,1,1.0,1.0]",attack_flow,,F2,0,0.17659866606372235,stockpile,main
0.1714919673930334,"[3,1,0.5,0.0]",attack_flow,,F2,0,0.17659866606372235,stockpile,main
0.1714919673930334,"[3,1,0.5,0.5]",attack_flow,,F2,0,0.17659866606372235,stockpile,main
0.1714919673930334,"[3,1,0.5,1.0]",attack_flow,,F2,0,0.17659866606372235,stockpile,main
0.1714919673930334,"[3,1,0.25,0.0]",attack_flow,,F2,0,0.17659866606372235,stockpile,main
0.1714919673930334,"[3,1,0.25,0.5]",attack_flow,,F2,0,0.17659866606372235,stockpile,main
0.1714919673930334,"[3,1,0.25,1.0]",attack_flow,,F2,0,0.17659866606372235,stockpile,main
0.1714919673930334,"[3,1,0.0,0.0]",attack_flow,,F2,0,0.17659866606372235,stockpile,main
0.1714919673930334,"[3,1,0.0,0.5]",attack_flow,,F2,0,0.17659866606372235,stockpile,main
0.1714919673930334,"[3,1,0.0,1.0]",attack_flow,,F2,0,0.17659866606372235,stockpile,main
0.17038982264307745,"[3,0,1.0,0.0]",attack_flow,,F2,0,0.17569508097971617,stockpile,main
0.17038982264307745,"[3,0,1.0,0.5]",attack_flow,,F2,0,0.17569508097971617,stockpile,main
0.17038982264307745,"[3,0,1.0,1.0]",attack_flow,,F2,0,0.17569508097971617,stockpile,main
0.17038982264307745,"[3,0,0.5,0.0]",attack_flow,,F2,0,0.1753459621479136,stockpile,main
0.17038982264307745,"[3,0,0.5,0.5]",attack_flow,,F2,0,0.1753459621479136,stockpile,main
0.17038982264307745,"[3,0,0.5,1.0]",attack_flow,,F2,0,0.1753459621479136,stockpile,main
0.17038982264307745,"[3,0,0.25,0.0]",attack_flow,,F2,0,0.1753459621479136,stockpile,main
0.17038982264307745,"[3,0,0.25,0.5]",attack_flow,,F2,0,0.1753459621479136,stockpile,main
0.17038982264307745,"[3,0,0.25,1.0]",attack_flow,,F2,0,0.1753459621479136,stockpile,main
0.17038982264307745,"[3,0,0.0,0.0]",attack_flow,,F2,0,0.1753459621479136,stockpile,main
0.17038982264307745,"[3,0,0.0,0.5]",attack_flow,,F2,0,0.1753459621479136,stockpile,main
0.17038982264307745,"[3,0,0.0,1.0]",attack_flow,,F2,0,0.1753459621479136,stockpile,main
0.17410847814214114,"[2,2,1.0,0.0]",attack_flow,,F2,0,0.1841938675811915,stockpile,main
0.17410847814214114,"[2,2,1.0,0.5]",attack_flow,,F2,0,0.1841938675811915,stockpile,main
0.17410847814214114,"[2,2,1.0,1.0]",attack_flow,,F2,0,0.1841938675811915,stockpile,main
0.17410847814214114,"[2,2,0.5,0.0]",attack_flow,,F2,0,0.1841938675811915,stockpile,main
0.17410847814214114,"[2,2,0.5,0.5]",attack_flow,,F2,0,0.1841938675811915,stockpile,main
0.17410847814214114,"[2,2,0.5,1.0]",attack_flow,,F2,0,0.1841938675811915,stockpile,main
0.17410847814214114,"[2,2,0.25,0.0]",attack_flow,,F2,0,0.1841938675811915,stockpile,main
0.17410847814214114,"[2,2,0.25,0.5]",attack_flow,,F2,0,0.1841938675811915,stockpile,main
0.17410847814214114,"[2,2,0.25,1.0]",attack_flow,,F2,0,0.1841938675811915,stockpile,main
0.17410847814214114,"[2,2,0.0,0.0]",attack_flow,,F2,0,0.1841938675811915,stockpile,main
0.17410847814214114,"[2,2,0.0,0.5]",attack_flow,,F2,0,0.1841938675811915,stockpile,main
0.17410847814214114,"[2,2,0.0,1.0]",attack_flow,,F2,0,0.1841938675811915,stockpile,main
0.1714919673930334,"[2,1,1.0,0.0]",attack_flow,,F2,0,0.17683600185622397,stockpile,main
0.1714919673930334,"[2,1,1.0,0.5]",attack_flow,,F2,0,0.17683600185622397,stockpile,main
0.1714919673930334,"[2,1,1.0,1.0]",attack_flow,,F2,0,0.17683600185622397,stockpile,main
0.1714919673930334,"[2,1,0.5,0.0]",attack_flow,,F2,0,0.17683600185622397,stockpile,main
0.1714919673930334,"[2,1,0.5,0.5]",attack_flow,,F2,0,0.17683600185622397,stockpile,main
0.1714919673930334,"[2,1,0.5,1.0]",attack_flow,,F2,0,0.17683600185622397,stockpile,main
0.1714919673930334,"[2,1,0.25,0.0]",attack_flow,,F2,0,0.17683600185622397,stockpile,main
0.1714919673930334,"[2,1,0.25,0.5]",attack_flow,,F2,0,0.17683600185622397,stockpile,main
0.1714919673930334,"[2,1,0.25,1.0]",attack_flow,,F2,0,0.17683600185622397,stockpile,main
0.1714919673930334,"[2,1,0.0,0.0]",attack_flow,,F2,0,0.17683600185622397,stockpile,main
0.1714919673930334,"[2,1,0.0,0.5]",attack_flow,,F2,0,0.17683600185622397,stockpile,main
0.1714919673930334,"[2,1,0.0,1.0]",attack_flow,,F2,0,0.17683600185622397,stockpile,main
0.17038982264307745,"[2,0,1.0,0.0]",attack_flow,,F2,0,0.17711710132033914,stockpile,main
0.17038982264307745,"[2,0,1.0,0.5]",attack_flow,,F2,0,0.17711710132033914,stockpile,main
0.17038982264307745,"[2,0,1.0,1.0]",attack_flow,,F2,0,0.17711710132033914,stockpile,main
0.17038982264307745,"[2,0,0.5,0.0]",attack_flow,,F2,0,0.17711710132033914,stockpile,main
0.17038982264307745,"[2,0,0.5,0.5]",attack_flow,,F2,0,0.17711710132033914,stockpile,main
0.17038982264307745,"[2,0,0.5,1.0]",attack_flow,,F2,0,0.17711710132033914,stockpile,main
0.17038982264307745,"[2,0,0.25,0.0]",attack_flow,,F2,0,0.17711710132033914,stockpile,main
0.17038982264307745,"[2,0,0.25,0.5]",attack_flow,,F2,0,0.17711710132033914,stockpile,main
0.17038982264307745,"[2,0,0.25,1.0]",attack_flow,,F2,0,0.17711710132033914,stockpile,main
0.17038982264307745,"[2,0,0.0,0.0]",attack_flow,,F2,0,0.17711710132033914,stockpile,main
0.17038982264307745,"[2,0,0.0,0.5]",attack_flow,,F2,0,0.17711710132033914,stockpile,main
0.17038982264307745,"[2,0,0.0,1.0]",attack_flow,,F2,0,0.17711710132033914,stockpile,main
0.14196791128882097,,attack_flow,0.001,F3,0,0.16114363977201196,ctid,main
0.14226151443187618,,attack_flow,0.01,F3,1,0.16129044134353956,ctid,main
0.14818031594790945,,attack_flow,0.1,F3,0,0.16008079298491604,ctid,main
0.14035484710879936,,attack_flow,1.0,F3,0,0.15723166262547025,ctid,main
0.18031936825520295,,attack_flow,0.001,F3,0,0.16114363977201196,stockpile,main
0.18031936825520295,,attack_flow,0.01,F3,1,0.16129044134353956,stockpile,main
0.17198127002192262,,attack_flow,0.1,F3,0,0.16008079298491604,stockpile,main
0.17410847814214114,,attack_flow,1.0,F3,0,0.15723166262547025,stockpile,main
0.17913464426779888,1.64,attack_flow,,F4,1,0.17607048882999204,ctid,main
0.17875813996181586,1.0,attack_flow,,F4,0,0.15984342889141406,ctid,main
0.18042248364000218,0.5,attack_flow,,F4,0,0.16496602946422853,ctid,main
0.179998402085205,0.0,attack_flow,,F4,0,0.16513246297766157,ctid,main
0.17300633339218519,1.64,attack_flow,,F4,1,0.17607048882999204,stockpile,main
0.14092871782101227,1.0,attack_flow,,F4,0,0.15984342889141406,stockpile,main
0.14950957528845488,0.5,attack_flow,,F4,0,0.16496602946422853,stockpile,main
0.15026652387011813,0.0,attack_flow,,F4,0,0.16513246297766157,stockpile,main
0.18522896256016746,,attack_flow,0.001,F1,0,0.16597601321393693,ctid,permuted
0.18772356609897947,,attack_flow,0.01,F1,0,0.16776881644590622,ctid,permuted
0.1937650776970799,,attack_flow,0.1,F1,0,0.1706411835262698,ctid,permuted
0.19888199103903126,,attack_flow,1.0,F1,1,0.17435292204256903,ctid,permuted
0.1467230638677064,,attack_flow,0.001,F1,0,0.16597601321393693,stockpile,permuted
0.14781406679283296,,attack_flow,0.01,F1,0,0.16776881644590622,stockpile,permuted
0.1475172893554597,,attack_flow,0.1,F1,0,0.1706411835262698,stockpile,permuted
0.1498238530461068,,attack_flow,1.0,F1,1,0.17435292204256903,stockpile,permuted
0.19427925702024187,"[3,2,1.0,0.0]",attack_flow,,F2,1,0.1841938675811915,ctid,permuted
0.19427925702024187,"[3,2,1.0,0.5]",attack_flow,,F2,0,0.1841938675811915,ctid,permuted
0.19427925702024187,"[3,2,1.0,1.0]",attack_flow,,F2,0,0.1841938675811915,ctid,permuted
0.19427925702024187,"[3,2,0.5,0.0]",attack_flow,,F2,0,0.1841938675811915,ctid,permuted
0.19427925702024187,"[3,2,0.5,0.5]",attack_flow,,F2,0,0.1841938675811915,ctid,permuted
0.19427925702024187,"[3,2,0.5,1.0]",attack_flow,,F2,0,0.1841938675811915,ctid,permuted
0.19427925702024187,"[3,2,0.25,0.0]",attack_flow,,F2,0,0.1841938675811915,ctid,permuted
0.19427925702024187,"[3,2,0.25,0.5]",attack_flow,,F2,0,0.1841938675811915,ctid,permuted
0.19427925702024187,"[3,2,0.25,1.0]",attack_flow,,F2,0,0.1841938675811915,ctid,permuted
0.19427925702024187,"[3,2,0.0,0.0]",attack_flow,,F2,0,0.1841938675811915,ctid,permuted
0.19427925702024187,"[3,2,0.0,0.5]",attack_flow,,F2,0,0.1841938675811915,ctid,permuted
0.19427925702024187,"[3,2,0.0,1.0]",attack_flow,,F2,0,0.1841938675811915,ctid,permuted
0.18516454995868253,"[3,1,1.0,0.0]",attack_flow,,F2,0,0.17938493373701125,ctid,permuted
0.18516454995868253,"[3,1,1.0,0.5]",attack_flow,,F2,0,0.17938493373701125,ctid,permuted
0.18516454995868253,"[3,1,1.0,1.0]",attack_flow,,F2,0,0.17938493373701125,ctid,permuted
0.18516454995868253,"[3,1,0.5,0.0]",attack_flow,,F2,0,0.17938493373701125,ctid,permuted
0.18516454995868253,"[3,1,0.5,0.5]",attack_flow,,F2,0,0.17938493373701125,ctid,permuted
0.18516454995868253,"[3,1,0.5,1.0]",attack_flow,,F2,0,0.17938493373701125,ctid,permuted
0.18516454995868253,"[3,1,0.25,0.0]",attack_flow,,F2,0,0.17938493373701125,ctid,permuted
0.18516454995868253,"[3,1,0.25,0.5]",attack_flow,,F2,0,0.17938493373701125,ctid,permuted
0.18516454995868253,"[3,1,0.25,1.0]",attack_flow,,F2,0,0.17938493373701125,ctid,permuted
0.18516454995868253,"[3,1,0.0,0.0]",attack_flow,,F2,0,0.17938493373701125,ctid,permuted
0.18516454995868253,"[3,1,0.0,0.5]",attack_flow,,F2,0,0.17938493373701125,ctid,permuted
0.18516454995868253,"[3,1,0.0,1.0]",attack_flow,,F2,0,0.17938493373701125,ctid,permuted
0.18664927072347243,"[3,0,1.0,0.0]",attack_flow,,F2,0,0.17991717630396944,ctid,permuted
0.18664927072347243,"[3,0,1.0,0.5]",attack_flow,,F2,0,0.17991717630396944,ctid,permuted
0.18664927072347243,"[3,0,1.0,1.0]",attack_flow,,F2,0,0.17991717630396944,ctid,permuted
0.1861481201574618,"[3,0,0.5,0.0]",attack_flow,,F2,0,0.17966660102096413,ctid,permuted
0.1861481201574618,"[3,0,0.5,0.5]",attack_flow,,F2,0,0.17966660102096413,ctid,permuted
0.1861481201574618,"[3,0,0.5,1.0]",attack_flow,,F2,0,0.17966660102096413,ctid,permuted
0.1861481201574618,"[3,0,0.25,0.0]",attack_flow,,F2,0,0.17966660102096413,ctid,permuted
0.1861481201574618,"[3,0,0.25,0.5]",attack_flow,,F2,0,0.17966660102096413,ctid,permuted
0.1861481201574618,"[3,0,0.25,1.0]",attack_flow,,F2,0,0.17966660102096413,ctid,permuted
0.1861481201574618,"[3,0,0.0,0.0]",attack_flow,,F2,0,0.17966660102096413,ctid,permuted
0.1861481201574618,"[3,0,0.0,0.5]",attack_flow,,F2,0,0.17966660102096413,ctid,permuted
0.1861481201574618,"[3,0,0.0,1.0]",attack_flow,,F2,0,0.17966660102096413,ctid,permuted
0.19427925702024187,"[2,2,1.0,0.0]",attack_flow,,F2,0,0.1841938675811915,ctid,permuted
0.19427925702024187,"[2,2,1.0,0.5]",attack_flow,,F2,0,0.1841938675811915,ctid,permuted
0.19427925702024187,"[2,2,1.0,1.0]",attack_flow,,F2,0,0.1841938675811915,ctid,permuted
0.19427925702024187,"[2,2,0.5,0.0]",attack_flow,,F2,0,0.1841938675811915,ctid,permuted
0.19427925702024187,"[2,2,0.5,0.5]",attack_flow,,F2,0,0.1841938675811915,ctid,permuted
0.19427925702024187,"[2,2,0.5,1.0]",attack_flow,,F2,0,0.1841938675811915,ctid,permuted
0.19427925702024187,"[2,2,0.25,0.0]",attack_flow,,F2,0,0.1841938675811915,ctid,permuted
0.19427925702024187,"[2,2,0.25,0.5]",attack_flow,,F2,0,0.1841938675811915,ctid,permuted
0.19427925702024187,"[2,2,0.25,1.0]",attack_flow,,F2,0,0.1841938675811915,ctid,permuted
0.19427925702024187,"[2,2,0.0,0.0]",attack_flow,,F2,0,0.1841938675811915,ctid,permuted
0.19427925702024187,"[2,2,0.0,0.5]",attack_flow,,F2,0,0.1841938675811915,ctid,permuted
0.19427925702024187,"[2,2,0.0,1.0]",attack_flow,,F2,0,0.1841938675811915,ctid,permuted
0.1842954392270895,"[2,1,1.0,0.0]",attack_flow,,F2,0,0.18041456178337087,ctid,permuted
0.1842954392270895,"[2,1,1.0,0.5]",attack_flow,,F2,0,0.18041456178337087,ctid,permuted
0.1842954392270895,"[2,1,1.0,1.0]",attack_flow,,F2,0,0.18041456178337087,ctid,permuted
0.1842954392270895,"[2,1,0.5,0.0]",attack_flow,,F2,0,0.18041456178337087,ctid,permuted
0.1842954392270895,"[2,1,0.5,0.5]",attack_flow,,F2,0,0.18041456178337087,ctid,permuted
0.1842954392270895,"[2,1,0.5,1.0]",attack_flow,,F2,0,0.18041456178337087,ctid,permuted
0.1842954392270895,"[2,1,0.25,0.0]",attack_flow,,F2,0,0.18041456178337087,ctid,permuted
0.1842954392270895,"[2,1,0.25,0.5]",attack_flow,,F2,0,0.18041456178337087,ctid,permuted
0.1842954392270895,"[2,1,0.25,1.0]",attack_flow,,F2,0,0.18041456178337087,ctid,permuted
0.1842954392270895,"[2,1,0.0,0.0]",attack_flow,,F2,0,0.18041456178337087,ctid,permuted
0.1842954392270895,"[2,1,0.0,0.5]",attack_flow,,F2,0,0.18041456178337087,ctid,permuted
0.1842954392270895,"[2,1,0.0,1.0]",attack_flow,,F2,0,0.18041456178337087,ctid,permuted
0.1859287906992199,"[2,0,1.0,0.0]",attack_flow,,F2,0,0.1810211197039993,ctid,permuted
0.1859287906992199,"[2,0,1.0,0.5]",attack_flow,,F2,0,0.1810211197039993,ctid,permuted
0.1859287906992199,"[2,0,1.0,1.0]",attack_flow,,F2,0,0.1810211197039993,ctid,permuted
0.1859287906992199,"[2,0,0.5,0.0]",attack_flow,,F2,0,0.1810211197039993,ctid,permuted
0.1859287906992199,"[2,0,0.5,0.5]",attack_flow,,F2,0,0.1810211197039993,ctid,permuted
0.1859287906992199,"[2,0,0.5,1.0]",attack_flow,,F2,0,0.1810211197039993,ctid,permuted
0.1859287906992199,"[2,0,0.25,0.0]",attack_flow,,F2,0,0.1810211197039993,ctid,permuted
0.1859287906992199,"[2,0,0.25,0.5]",attack_flow,,F2,0,0.1810211197039993,ctid,permuted
0.1859287906992199,"[2,0,0.25,1.0]",attack_flow,,F2,0,0.1810211197039993,ctid,permuted
0.1859287906992199,"[2,0,0.0,0.0]",attack_flow,,F2,0,0.1810211197039993,ctid,permuted
0.1859287906992199,"[2,0,0.0,0.5]",attack_flow,,F2,0,0.1810211197039993,ctid,permuted
0.1859287906992199,"[2,0,0.0,1.0]",attack_flow,,F2,0,0.1810211197039993,ctid,permuted
0.17410847814214114,"[3,2,1.0,0.0]",attack_flow,,F2,1,0.1841938675811915,stockpile,permuted
0.17410847814214114,"[3,2,1.0,0.5]",attack_flow,,F2,0,0.1841938675811915,stockpile,permuted
0.17410847814214114,"[3,2,1.0,1.0]",attack_flow,,F2,0,0.1841938675811915,stockpile,permuted
0.17410847814214114,"[3,2,0.5,0.0]",attack_flow,,F2,0,0.1841938675811915,stockpile,permuted
0.17410847814214114,"[3,2,0.5,0.5]",attack_flow,,F2,0,0.1841938675811915,stockpile,permuted
0.17410847814214114,"[3,2,0.5,1.0]",attack_flow,,F2,0,0.1841938675811915,stockpile,permuted
0.17410847814214114,"[3,2,0.25,0.0]",attack_flow,,F2,0,0.1841938675811915,stockpile,permuted
0.17410847814214114,"[3,2,0.25,0.5]",attack_flow,,F2,0,0.1841938675811915,stockpile,permuted
0.17410847814214114,"[3,2,0.25,1.0]",attack_flow,,F2,0,0.1841938675811915,stockpile,permuted
0.17410847814214114,"[3,2,0.0,0.0]",attack_flow,,F2,0,0.1841938675811915,stockpile,permuted
0.17410847814214114,"[3,2,0.0,0.5]",attack_flow,,F2,0,0.1841938675811915,stockpile,permuted
0.17410847814214114,"[3,2,0.0,1.0]",attack_flow,,F2,0,0.1841938675811915,stockpile,permuted
0.17360531751533997,"[3,1,1.0,0.0]",attack_flow,,F2,0,0.17938493373701125,stockpile,permuted
0.17360531751533997,"[3,1,1.0,0.5]",attack_flow,,F2,0,0.17938493373701125,stockpile,permuted
0.17360531751533997,"[3,1,1.0,1.0]",attack_flow,,F2,0,0.17938493373701125,stockpile,permuted
0.17360531751533997,"[3,1,0.5,0.0]",attack_flow,,F2,0,0.17938493373701125,stockpile,permuted
0.17360531751533997,"[3,1,0.5,0.5]",attack_flow,,F2,0,0.17938493373701125,stockpile,permuted
0.17360531751533997,"[3,1,0.5,1.0]",attack_flow,,F2,0,0.17938493373701125,stockpile,permuted
0.17360531751533997,"[3,1,0.25,0.0]",attack_flow,,F2,0,0.17938493373701125,stockpile,permuted
0.17360531751533997,"[3,1,0.25,0.5]",attack_flow,,F2,0,0.17938493373701125,stockpile,permuted
0.17360531751533997,"[3,1,0.25,1.0]",attack_flow,,F2,0,0.17938493373701125,stockpile,permuted
0.17360531751533997,"[3,1,0.0,0.0]",attack_flow,,F2,0,0.17938493373701125,stockpile,permuted
0.17360531751533997,"[3,1,0.0,0.5]",attack_flow,,F2,0,0.17938493373701125,stockpile,permuted
0.17360531751533997,"[3,1,0.0,1.0]",attack_flow,,F2,0,0.17938493373701125,stockpile,permuted
0.17318508188446646,"[3,0,1.0,0.0]",attack_flow,,F2,0,0.17991717630396944,stockpile,permuted
0.17318508188446646,"[3,0,1.0,0.5]",attack_flow,,F2,0,0.17991717630396944,stockpile,permuted
0.17318508188446646,"[3,0,1.0,1.0]",attack_flow,,F2,0,0.17991717630396944,stockpile,permuted
0.17318508188446646,"[3,0,0.5,0.0]",attack_flow,,F2,0,0.17966660102096413,stockpile,permuted
0.17318508188446646,"[3,0,0.5,0.5]",attack_flow,,F2,0,0.17966660102096413,stockpile,permuted
0.17318508188446646,"[3,0,0.5,1.0]",attack_flow,,F2,0,0.17966660102096413,stockpile,permuted
0.17318508188446646,"[3,0,0.25,0.0]",attack_flow,,F2,0,0.17966660102096413,stockpile,permuted
0.17318508188446646,"[3,0,0.25,0.5]",attack_flow,,F2,0,0.17966660102096413,stockpile,permuted
0.17318508188446646,"[3,0,0.25,1.0]",attack_flow,,F2,0,0.17966660102096413,stockpile,permuted
0.17318508188446646,"[3,0,0.0,0.0]",attack_flow,,F2,0,0.17966660102096413,stockpile,permuted
0.17318508188446646,"[3,0,0.0,0.5]",attack_flow,,F2,0,0.17966660102096413,stockpile,permuted
0.17318508188446646,"[3,0,0.0,1.0]",attack_flow,,F2,0,0.17966660102096413,stockpile,permuted
0.17410847814214114,"[2,2,1.0,0.0]",attack_flow,,F2,0,0.1841938675811915,stockpile,permuted
0.17410847814214114,"[2,2,1.0,0.5]",attack_flow,,F2,0,0.1841938675811915,stockpile,permuted
0.17410847814214114,"[2,2,1.0,1.0]",attack_flow,,F2,0,0.1841938675811915,stockpile,permuted
0.17410847814214114,"[2,2,0.5,0.0]",attack_flow,,F2,0,0.1841938675811915,stockpile,permuted
0.17410847814214114,"[2,2,0.5,0.5]",attack_flow,,F2,0,0.1841938675811915,stockpile,permuted
0.17410847814214114,"[2,2,0.5,1.0]",attack_flow,,F2,0,0.1841938675811915,stockpile,permuted
0.17410847814214114,"[2,2,0.25,0.0]",attack_flow,,F2,0,0.1841938675811915,stockpile,permuted
0.17410847814214114,"[2,2,0.25,0.5]",attack_flow,,F2,0,0.1841938675811915,stockpile,permuted
0.17410847814214114,"[2,2,0.25,1.0]",attack_flow,,F2,0,0.1841938675811915,stockpile,permuted
0.17410847814214114,"[2,2,0.0,0.0]",attack_flow,,F2,0,0.1841938675811915,stockpile,permuted
0.17410847814214114,"[2,2,0.0,0.5]",attack_flow,,F2,0,0.1841938675811915,stockpile,permuted
0.17410847814214114,"[2,2,0.0,1.0]",attack_flow,,F2,0,0.1841938675811915,stockpile,permuted
0.17653368433965225,"[2,1,1.0,0.0]",attack_flow,,F2,0,0.18041456178337087,stockpile,permuted
0.17653368433965225,"[2,1,1.0,0.5]",attack_flow,,F2,0,0.18041456178337087,stockpile,permuted
0.17653368433965225,"[2,1,1.0,1.0]",attack_flow,,F2,0,0.18041456178337087,stockpile,permuted
0.17653368433965225,"[2,1,0.5,0.0]",attack_flow,,F2,0,0.18041456178337087,stockpile,permuted
0.17653368433965225,"[2,1,0.5,0.5]",attack_flow,,F2,0,0.18041456178337087,stockpile,permuted
0.17653368433965225,"[2,1,0.5,1.0]",attack_flow,,F2,0,0.18041456178337087,stockpile,permuted
0.17653368433965225,"[2,1,0.25,0.0]",attack_flow,,F2,0,0.18041456178337087,stockpile,permuted
0.17653368433965225,"[2,1,0.25,0.5]",attack_flow,,F2,0,0.18041456178337087,stockpile,permuted
0.17653368433965225,"[2,1,0.25,1.0]",attack_flow,,F2,0,0.18041456178337087,stockpile,permuted
0.17653368433965225,"[2,1,0.0,0.0]",attack_flow,,F2,0,0.18041456178337087,stockpile,permuted
0.17653368433965225,"[2,1,0.0,0.5]",attack_flow,,F2,0,0.18041456178337087,stockpile,permuted
0.17653368433965225,"[2,1,0.0,1.0]",attack_flow,,F2,0,0.18041456178337087,stockpile,permuted
0.17611344870877876,"[2,0,1.0,0.0]",attack_flow,,F2,0,0.1810211197039993,stockpile,permuted
0.17611344870877876,"[2,0,1.0,0.5]",attack_flow,,F2,0,0.1810211197039993,stockpile,permuted
0.17611344870877876,"[2,0,1.0,1.0]",attack_flow,,F2,0,0.1810211197039993,stockpile,permuted
0.17611344870877876,"[2,0,0.5,0.0]",attack_flow,,F2,0,0.1810211197039993,stockpile,permuted
0.17611344870877876,"[2,0,0.5,0.5]",attack_flow,,F2,0,0.1810211197039993,stockpile,permuted
0.17611344870877876,"[2,0,0.5,1.0]",attack_flow,,F2,0,0.1810211197039993,stockpile,permuted
0.17611344870877876,"[2,0,0.25,0.0]",attack_flow,,F2,0,0.1810211197039993,stockpile,permuted
0.17611344870877876,"[2,0,0.25,0.5]",attack_flow,,F2,0,0.1810211197039993,stockpile,permuted
0.17611344870877876,"[2,0,0.25,1.0]",attack_flow,,F2,0,0.1810211197039993,stockpile,permuted
0.17611344870877876,"[2,0,0.0,0.0]",attack_flow,,F2,0,0.1810211197039993,stockpile,permuted
0.17611344870877876,"[2,0,0.0,0.5]",attack_flow,,F2,0,0.1810211197039993,stockpile,permuted
0.17611344870877876,"[2,0,0.0,1.0]",attack_flow,,F2,0,0.1810211197039993,stockpile,permuted
0.1277872595986697,,attack_flow,0.001,F3,0,0.13955623839641323,ctid,permuted
0.14538889111062148,,attack_flow,0.01,F3,0,0.15210877222526742,ctid,permuted
0.1791657103259711,,attack_flow,0.1,F3,0,0.17282193461578044,ctid,permuted
0.19323323372180543,,attack_flow,1.0,F3,1,0.18285447827519524,ctid,permuted
0.15132521719415679,,attack_flow,0.001,F3,0,0.13955623839641323,stockpile,permuted
0.15882865333991336,,attack_flow,0.01,F3,0,0.15210877222526742,stockpile,permuted
0.16647815890558976,,attack_flow,0.1,F3,0,0.17282193461578044,stockpile,permuted
0.17247572282858503,,attack_flow,1.0,F3,1,0.18285447827519524,stockpile,permuted
0.18820404432500423,1.64,attack_flow,,F4,1,0.1821432559705819,ctid,permuted
0.18768535348918325,1.0,attack_flow,,F4,0,0.18156369357042682,ctid,permuted
0.1888000141254926,0.5,attack_flow,,F4,0,0.18121641145959022,ctid,permuted
0.18642803699779964,0.0,attack_flow,,F4,0,0.17987727495469558,ctid,permuted
0.17608246761615956,1.64,attack_flow,,F4,1,0.1821432559705819,stockpile,permuted
0.17544203365167038,1.0,attack_flow,,F4,0,0.18156369357042682,stockpile,permuted
0.1736328087936878,0.5,attack_flow,,F4,0,0.18121641145959022,stockpile,permuted
0.17332651291159154,0.0,attack_flow,,F4,0,0.17987727495469558,stockpile,permuted
0.19604068292033125,,attack_flow,0.001,F1,0,0.1752447285996801,ctid,no_prior
0.19682754810148614,,attack_flow,0.01,F1,1,0.17665237716168974,ctid,no_prior
0.19696541955714514,,attack_flow,0.1,F1,0,0.17517061401297296,ctid,no_prior
0.19671554977016154,,attack_flow,1.0,F1,0,0.1745066223078457,ctid,no_prior
0.15444877427902898,,attack_flow,0.001,F1,0,0.1752447285996801,stockpile,no_prior
0.15647720622189337,,attack_flow,0.01,F1,1,0.17665237716168974,stockpile,no_prior
0.1533758084688008,,attack_flow,0.1,F1,0,0.17517061401297296,stockpile,no_prior
0.15229769484552982,,attack_flow,1.0,F1,0,0.1745066223078457,stockpile,no_prior
0.19427925702024187,"[3,2,1.0,0.0]",attack_flow,,F2,1,0.1841938675811915,ctid,no_prior
0.19427925702024187,"[3,2,1.0,0.5]",attack_flow,,F2,0,0.1841938675811915,ctid,no_prior
0.19427925702024187,"[3,2,1.0,1.0]",attack_flow,,F2,0,0.1841938675811915,ctid,no_prior
0.19427925702024187,"[3,2,0.5,0.0]",attack_flow,,F2,0,0.1841938675811915,ctid,no_prior
0.19427925702024187,"[3,2,0.5,0.5]",attack_flow,,F2,0,0.1841938675811915,ctid,no_prior
0.19427925702024187,"[3,2,0.5,1.0]",attack_flow,,F2,0,0.1841938675811915,ctid,no_prior
0.19427925702024187,"[3,2,0.25,0.0]",attack_flow,,F2,0,0.1841938675811915,ctid,no_prior
0.19427925702024187,"[3,2,0.25,0.5]",attack_flow,,F2,0,0.1841938675811915,ctid,no_prior
0.19427925702024187,"[3,2,0.25,1.0]",attack_flow,,F2,0,0.1841938675811915,ctid,no_prior
0.19427925702024187,"[3,2,0.0,0.0]",attack_flow,,F2,0,0.1841938675811915,ctid,no_prior
0.19427925702024187,"[3,2,0.0,0.5]",attack_flow,,F2,0,0.1841938675811915,ctid,no_prior
0.19427925702024187,"[3,2,0.0,1.0]",attack_flow,,F2,0,0.1841938675811915,ctid,no_prior
0.18111974604880693,"[3,1,1.0,0.0]",attack_flow,,F2,0,0.17651597453635692,ctid,no_prior
0.18111974604880693,"[3,1,1.0,0.5]",attack_flow,,F2,0,0.17630585672092017,ctid,no_prior
0.18111974604880693,"[3,1,1.0,1.0]",attack_flow,,F2,0,0.17630585672092017,ctid,no_prior
0.18111974604880693,"[3,1,0.5,0.0]",attack_flow,,F2,0,0.17630585672092017,ctid,no_prior
0.18111974604880693,"[3,1,0.5,0.5]",attack_flow,,F2,0,0.17630585672092017,ctid,no_prior
0.18111974604880693,"[3,1,0.5,1.0]",attack_flow,,F2,0,0.17630585672092017,ctid,no_prior
0.18111974604880693,"[3,1,0.25,0.0]",attack_flow,,F2,0,0.17630585672092017,ctid,no_prior
0.18111974604880693,"[3,1,0.25,0.5]",attack_flow,,F2,0,0.17630585672092017,ctid,no_prior
0.18111974604880693,"[3,1,0.25,1.0]",attack_flow,,F2,0,0.17630585672092017,ctid,no_prior
0.18111974604880693,"[3,1,0.0,0.0]",attack_flow,,F2,0,0.17630585672092017,ctid,no_prior
0.18111974604880693,"[3,1,0.0,0.5]",attack_flow,,F2,0,0.17630585672092017,ctid,no_prior
0.18111974604880693,"[3,1,0.0,1.0]",attack_flow,,F2,0,0.17630585672092017,ctid,no_prior
0.17971648296714532,"[3,0,1.0,0.0]",attack_flow,,F2,0,0.17526327062054814,ctid,no_prior
0.17971648296714532,"[3,0,1.0,0.5]",attack_flow,,F2,0,0.17505315280511138,ctid,no_prior
0.17971648296714532,"[3,0,1.0,1.0]",attack_flow,,F2,0,0.17505315280511138,ctid,no_prior
0.17971648296714532,"[3,0,0.5,0.0]",attack_flow,,F2,0,0.17505315280511138,ctid,no_prior
0.17971648296714532,"[3,0,0.5,0.5]",attack_flow,,F2,0,0.17505315280511138,ctid,no_prior
0.17971648296714532,"[3,0,0.5,1.0]",attack_flow,,F2,0,0.17505315280511138,ctid,no_prior
0.17971648296714532,"[3,0,0.25,0.0]",attack_flow,,F2,0,0.17505315280511138,ctid,no_prior
0.17971648296714532,"[3,0,0.25,0.5]",attack_flow,,F2,0,0.17505315280511138,ctid,no_prior
0.17971648296714532,"[3,0,0.25,1.0]",attack_flow,,F2,0,0.17505315280511138,ctid,no_prior
0.17971648296714532,"[3,0,0.0,0.0]",attack_flow,,F2,0,0.17505315280511138,ctid,no_prior
0.17971648296714532,"[3,0,0.0,0.5]",attack_flow,,F2,0,0.17505315280511138,ctid,no_prior
0.17971648296714532,"[3,0,0.0,1.0]",attack_flow,,F2,0,0.17505315280511138,ctid,no_prior
0.19427925702024187,"[2,2,1.0,0.0]",attack_flow,,F2,0,0.1841938675811915,ctid,no_prior
0.19427925702024187,"[2,2,1.0,0.5]",attack_flow,,F2,0,0.1841938675811915,ctid,no_prior
0.19427925702024187,"[2,2,1.0,1.0]",attack_flow,,F2,0,0.1841938675811915,ctid,no_prior
0.19427925702024187,"[2,2,0.5,0.0]",attack_flow,,F2,0,0.1841938675811915,ctid,no_prior
0.19427925702024187,"[2,2,0.5,0.5]",attack_flow,,F2,0,0.1841938675811915,ctid,no_prior
0.19427925702024187,"[2,2,0.5,1.0]",attack_flow,,F2,0,0.1841938675811915,ctid,no_prior
0.19427925702024187,"[2,2,0.25,0.0]",attack_flow,,F2,0,0.1841938675811915,ctid,no_prior
0.19427925702024187,"[2,2,0.25,0.5]",attack_flow,,F2,0,0.1841938675811915,ctid,no_prior
0.19427925702024187,"[2,2,0.25,1.0]",attack_flow,,F2,0,0.1841938675811915,ctid,no_prior
0.19427925702024187,"[2,2,0.0,0.0]",attack_flow,,F2,0,0.1841938675811915,ctid,no_prior
0.19427925702024187,"[2,2,0.0,0.5]",attack_flow,,F2,0,0.1841938675811915,ctid,no_prior
0.19427925702024187,"[2,2,0.0,1.0]",attack_flow,,F2,0,0.1841938675811915,ctid,no_prior
0.1804901081123848,"[2,1,1.0,0.0]",attack_flow,,F2,0,0.17620115556814586,ctid,no_prior
0.1804901081123848,"[2,1,1.0,0.5]",attack_flow,,F2,0,0.17629666366607166,ctid,no_prior
0.1804901081123848,"[2,1,1.0,1.0]",attack_flow,,F2,0,0.17629666366607166,ctid,no_prior
0.1804901081123848,"[2,1,0.5,0.0]",attack_flow,,F2,0,0.1759910377527091,ctid,no_prior
0.1804901081123848,"[2,1,0.5,0.5]",attack_flow,,F2,0,0.17629666366607166,ctid,no_prior
0.1804901081123848,"[2,1,0.5,1.0]",attack_flow,,F2,0,0.17629666366607166,ctid,no_prior
0.1804901081123848,"[2,1,0.25,0.0]",attack_flow,,F2,0,0.1759910377527091,ctid,no_prior
0.1804901081123848,"[2,1,0.25,0.5]",attack_flow,,F2,0,0.17629666366607166,ctid,no_prior
0.1804901081123848,"[2,1,0.25,1.0]",attack_flow,,F2,0,0.17629666366607166,ctid,no_prior
0.1804901081123848,"[2,1,0.0,0.0]",attack_flow,,F2,0,0.1759910377527091,ctid,no_prior
0.1804901081123848,"[2,1,0.0,0.5]",attack_flow,,F2,0,0.17629666366607166,ctid,no_prior
0.1804901081123848,"[2,1,0.0,1.0]",attack_flow,,F2,0,0.17629666366607166,ctid,no_prior
0.18215445179057108,"[2,0,1.0,0.0]",attack_flow,,F2,0,0.176482255032261,ctid,no_prior
0.18215445179057108,"[2,0,1.0,0.5]",attack_flow,,F2,0,0.1765777631301868,ctid,no_prior
0.18215445179057108,"[2,0,1.0,1.0]",attack_flow,,F2,0,0.1765777631301868,ctid,no_prior
0.18215445179057108,"[2,0,0.5,0.0]",attack_flow,,F2,0,0.17627213721682428,ctid,no_prior
0.18215445179057108,"[2,0,0.5,0.5]",attack_flow,,F2,0,0.1765777631301868,ctid,no_prior
0.18215445179057108,"[2,0,0.5,1.0]",attack_flow,,F2,0,0.1765777631301868,ctid,no_prior
0.18215445179057108,"[2,0,0.25,0.0]",attack_flow,,F2,0,0.17627213721682428,ctid,no_prior
0.18215445179057108,"[2,0,0.25,0.5]",attack_flow,,F2,0,0.1765777631301868,ctid,no_prior
0.18215445179057108,"[2,0,0.25,1.0]",attack_flow,,F2,0,0.1765777631301868,ctid,no_prior
0.18215445179057108,"[2,0,0.0,0.0]",attack_flow,,F2,0,0.17627213721682428,ctid,no_prior
0.18215445179057108,"[2,0,0.0,0.5]",attack_flow,,F2,0,0.1765777631301868,ctid,no_prior
0.18215445179057108,"[2,0,0.0,1.0]",attack_flow,,F2,0,0.1765777631301868,ctid,no_prior
0.17410847814214114,"[3,2,1.0,0.0]",attack_flow,,F2,1,0.1841938675811915,stockpile,no_prior
0.17410847814214114,"[3,2,1.0,0.5]",attack_flow,,F2,0,0.1841938675811915,stockpile,no_prior
0.17410847814214114,"[3,2,1.0,1.0]",attack_flow,,F2,0,0.1841938675811915,stockpile,no_prior
0.17410847814214114,"[3,2,0.5,0.0]",attack_flow,,F2,0,0.1841938675811915,stockpile,no_prior
0.17410847814214114,"[3,2,0.5,0.5]",attack_flow,,F2,0,0.1841938675811915,stockpile,no_prior
0.17410847814214114,"[3,2,0.5,1.0]",attack_flow,,F2,0,0.1841938675811915,stockpile,no_prior
0.17410847814214114,"[3,2,0.25,0.0]",attack_flow,,F2,0,0.1841938675811915,stockpile,no_prior
0.17410847814214114,"[3,2,0.25,0.5]",attack_flow,,F2,0,0.1841938675811915,stockpile,no_prior
0.17410847814214114,"[3,2,0.25,1.0]",attack_flow,,F2,0,0.1841938675811915,stockpile,no_prior
0.17410847814214114,"[3,2,0.0,0.0]",attack_flow,,F2,0,0.1841938675811915,stockpile,no_prior
0.17410847814214114,"[3,2,0.0,0.5]",attack_flow,,F2,0,0.1841938675811915,stockpile,no_prior
0.17410847814214114,"[3,2,0.0,1.0]",attack_flow,,F2,0,0.1841938675811915,stockpile,no_prior
0.17191220302390692,"[3,1,1.0,0.0]",attack_flow,,F2,0,0.17651597453635692,stockpile,no_prior
0.1714919673930334,"[3,1,1.0,0.5]",attack_flow,,F2,0,0.17630585672092017,stockpile,no_prior
0.1714919673930334,"[3,1,1.0,1.0]",attack_flow,,F2,0,0.17630585672092017,stockpile,no_prior
0.1714919673930334,"[3,1,0.5,0.0]",attack_flow,,F2,0,0.17630585672092017,stockpile,no_prior
0.1714919673930334,"[3,1,0.5,0.5]",attack_flow,,F2,0,0.17630585672092017,stockpile,no_prior
0.1714919673930334,"[3,1,0.5,1.0]",attack_flow,,F2,0,0.17630585672092017,stockpile,no_prior
0.1714919673930334,"[3,1,0.25,0.0]",attack_flow,,F2,0,0.17630585672092017,stockpile,no_prior
0.1714919673930334,"[3,1,0.25,0.5]",attack_flow,,F2,0,0.17630585672092017,stockpile,no_prior
0.1714919673930334,"[3,1,0.25,1.0]",attack_flow,,F2,0,0.17630585672092017,stockpile,no_prior
0.1714919673930334,"[3,1,0.0,0.0]",attack_flow,,F2,0,0.17630585672092017,stockpile,no_prior
0.1714919673930334,"[3,1,0.0,0.5]",attack_flow,,F2,0,0.17630585672092017,stockpile,no_prior
0.1714919673930334,"[3,1,0.0,1.0]",attack_flow,,F2,0,0.17630585672092017,stockpile,no_prior
0.17081005827395096,"[3,0,1.0,0.0]",attack_flow,,F2,0,0.17526327062054814,stockpile,no_prior
0.17038982264307745,"[3,0,1.0,0.5]",attack_flow,,F2,0,0.17505315280511138,stockpile,no_prior
0.17038982264307745,"[3,0,1.0,1.0]",attack_flow,,F2,0,0.17505315280511138,stockpile,no_prior
0.17038982264307745,"[3,0,0.5,0.0]",attack_flow,,F2,0,0.17505315280511138,stockpile,no_prior
0.17038982264307745,"[3,0,0.5,0.5]",attack_flow,,F2,0,0.17505315280511138,stockpile,no_prior
0.17038982264307745,"[3,0,0.5,1.0]",attack_flow,,F2,0,0.17505315280511138,stockpile,no_prior
0.17038982264307745,"[3,0,0.25,0.0]",attack_flow,,F2,0,0.17505315280511138,stockpile,no_prior
0.17038982264307745,"[3,0,0.25,0.5]",attack_flow,,F2,0,0.17505315280511138,stockpile,no_prior
0.17038982264307745,"[3,0,0.25,1.0]",attack_flow,,F2,0,0.17505315280511138,stockpile,no_prior
0.17038982264307745,"[3,0,0.0,0.0]",attack_flow,,F2,0,0.17505315280511138,stockpile,no_prior
0.17038982264307745,"[3,0,0.0,0.5]",attack_flow,,F2,0,0.17505315280511138,stockpile,no_prior
0.17038982264307745,"[3,0,0.0,1.0]",attack_flow,,F2,0,0.17505315280511138,stockpile,no_prior
0.17410847814214114,"[2,2,1.0,0.0]",attack_flow,,F2,0,0.1841938675811915,stockpile,no_prior
0.17410847814214114,"[2,2,1.0,0.5]",attack_flow,,F2,0,0.1841938675811915,stockpile,no_prior
0.17410847814214114,"[2,2,1.0,1.0]",attack_flow,,F2,0,0.1841938675811915,stockpile,no_prior
0.17410847814214114,"[2,2,0.5,0.0]",attack_flow,,F2,0,0.1841938675811915,stockpile,no_prior
0.17410847814214114,"[2,2,0.5,0.5]",attack_flow,,F2,0,0.1841938675811915,stockpile,no_prior
0.17410847814214114,"[2,2,0.5,1.0]",attack_flow,,F2,0,0.1841938675811915,stockpile,no_prior
0.17410847814214114,"[2,2,0.25,0.0]",attack_flow,,F2,0,0.1841938675811915,stockpile,no_prior
0.17410847814214114,"[2,2,0.25,0.5]",attack_flow,,F2,0,0.1841938675811915,stockpile,no_prior
0.17410847814214114,"[2,2,0.25,1.0]",attack_flow,,F2,0,0.1841938675811915,stockpile,no_prior
0.17410847814214114,"[2,2,0.0,0.0]",attack_flow,,F2,0,0.1841938675811915,stockpile,no_prior
0.17410847814214114,"[2,2,0.0,0.5]",attack_flow,,F2,0,0.1841938675811915,stockpile,no_prior
0.17410847814214114,"[2,2,0.0,1.0]",attack_flow,,F2,0,0.1841938675811915,stockpile,no_prior
0.17191220302390692,"[2,1,1.0,0.0]",attack_flow,,F2,0,0.17620115556814586,stockpile,no_prior
0.17210321921975852,"[2,1,1.0,0.5]",attack_flow,,F2,0,0.17629666366607166,stockpile,no_prior
0.17210321921975852,"[2,1,1.0,1.0]",attack_flow,,F2,0,0.17629666366607166,stockpile,no_prior
0.1714919673930334,"[2,1,0.5,0.0]",attack_flow,,F2,0,0.1759910377527091,stockpile,no_prior
0.17210321921975852,"[2,1,0.5,0.5]",attack_flow,,F2,0,0.17629666366607166,stockpile,no_prior
0.17210321921975852,"[2,1,0.5,1.0]",attack_flow,,F2,0,0.17629666366607166,stockpile,no_prior
0.1714919673930334,"[2,1,0.25,0.0]",attack_flow,,F2,0,0.1759910377527091,stockpile,no_prior
0.17210321921975852,"[2,1,0.25,0.5]",attack_flow,,F2,0,0.17629666366607166,stockpile,no_prior
0.17210321921975852,"[2,1,0.25,1.0]",attack_flow,,F2,0,0.17629666366607166,stockpile,no_prior
0.1714919673930334,"[2,1,0.0,0.0]",attack_flow,,F2,0,0.1759910377527091,stockpile,no_prior
0.17210321921975852,"[2,1,0.0,0.5]",attack_flow,,F2,0,0.17629666366607166,stockpile,no_prior
0.17210321921975852,"[2,1,0.0,1.0]",attack_flow,,F2,0,0.17629666366607166,stockpile,no_prior
0.17081005827395096,"[2,0,1.0,0.0]",attack_flow,,F2,0,0.176482255032261,stockpile,no_prior
0.17100107446980253,"[2,0,1.0,0.5]",attack_flow,,F2,0,0.1765777631301868,stockpile,no_prior
0.17100107446980253,"[2,0,1.0,1.0]",attack_flow,,F2,0,0.1765777631301868,stockpile,no_prior
0.17038982264307745,"[2,0,0.5,0.0]",attack_flow,,F2,0,0.17627213721682428,stockpile,no_prior
0.17100107446980253,"[2,0,0.5,0.5]",attack_flow,,F2,0,0.1765777631301868,stockpile,no_prior
0.17100107446980253,"[2,0,0.5,1.0]",attack_flow,,F2,0,0.1765777631301868,stockpile,no_prior
0.17038982264307745,"[2,0,0.25,0.0]",attack_flow,,F2,0,0.17627213721682428,stockpile,no_prior
0.17100107446980253,"[2,0,0.25,0.5]",attack_flow,,F2,0,0.1765777631301868,stockpile,no_prior
0.17100107446980253,"[2,0,0.25,1.0]",attack_flow,,F2,0,0.1765777631301868,stockpile,no_prior
0.17038982264307745,"[2,0,0.0,0.0]",attack_flow,,F2,0,0.17627213721682428,stockpile,no_prior
0.17100107446980253,"[2,0,0.0,0.5]",attack_flow,,F2,0,0.1765777631301868,stockpile,no_prior
0.17100107446980253,"[2,0,0.0,1.0]",attack_flow,,F2,0,0.1765777631301868,stockpile,no_prior
0.14300521933376628,,attack_flow,0.001,F3,0,0.14824724637676223,ctid,no_prior
0.14436748855179393,,attack_flow,0.01,F3,0,0.15686541502518403,ctid,no_prior
0.14929381592447727,,attack_flow,0.1,F3,1,0.16112453909642677,ctid,no_prior
0.13813253119206387,,attack_flow,1.0,F3,0,0.15583260246411026,ctid,no_prior
0.15348927341975815,,attack_flow,0.001,F3,0,0.14824724637676223,stockpile,no_prior
0.16936334149857413,,attack_flow,0.01,F3,0,0.15686541502518403,stockpile,no_prior
0.1729552622683763,,attack_flow,0.1,F3,1,0.16112453909642677,stockpile,no_prior
0.17353267373615666,,attack_flow,1.0,F3,0,0.15583260246411026,stockpile,no_prior
0.18215445179057108,1.64,attack_flow,,F4,1,0.17813146496635612,ctid,no_prior
0.18215445179057108,1.0,attack_flow,,F4,0,0.16154158480579167,ctid,no_prior
0.18215445179057108,0.5,attack_flow,,F4,0,0.16624490965187577,ctid,no_prior
0.18215445179057108,0.0,attack_flow,,F4,0,0.16610623207207553,ctid,no_prior
0.17410847814214114,1.64,attack_flow,,F4,1,0.17813146496635612,stockpile,no_prior
0.14092871782101227,1.0,attack_flow,,F4,0,0.16154158480579167,stockpile,no_prior
0.1503353675131805,0.5,attack_flow,,F4,0,0.16624490965187577,stockpile,no_prior
0.15005801235357996,0.0,attack_flow,,F4,0,0.16610623207207553,stockpile,no_prior
0.1845662273667103,,attack_flow,0.001,F1,0,0.1688339440040716,ctid,equal_capacity
0.18680765854867404,,attack_flow,0.01,F1,0,0.1702770162695989,ctid,equal_capacity
0.19264514134443347,,attack_flow,0.1,F1,0,0.17484366603292784,ctid,equal_capacity
0.193956860999322,,attack_flow,1.0,F1,1,0.18469867216356362,ctid,equal_capacity
0.15310166064143285,,attack_flow,0.001,F1,0,0.1688339440040716,stockpile,equal_capacity
0.1537463739905238,,attack_flow,0.01,F1,0,0.1702770162695989,stockpile,equal_capacity
0.1570421907214222,,attack_flow,0.1,F1,0,0.17484366603292784,stockpile,equal_capacity
0.17544048332780524,,attack_flow,1.0,F1,1,0.18469867216356362,stockpile,equal_capacity
0.19427925702024187,"[3,2,1.0,0.0]",attack_flow,,F2,1,0.1841938675811915,ctid,equal_capacity
0.19427925702024187,"[3,2,1.0,0.5]",attack_flow,,F2,0,0.1841938675811915,ctid,equal_capacity
0.19427925702024187,"[3,2,1.0,1.0]",attack_flow,,F2,0,0.1841938675811915,ctid,equal_capacity
0.19427925702024187,"[3,2,0.5,0.0]",attack_flow,,F2,0,0.1841938675811915,ctid,equal_capacity
0.19427925702024187,"[3,2,0.5,0.5]",attack_flow,,F2,0,0.1841938675811915,ctid,equal_capacity
0.19427925702024187,"[3,2,0.5,1.0]",attack_flow,,F2,0,0.1841938675811915,ctid,equal_capacity
0.19427925702024187,"[3,2,0.25,0.0]",attack_flow,,F2,0,0.1841938675811915,ctid,equal_capacity
0.19427925702024187,"[3,2,0.25,0.5]",attack_flow,,F2,0,0.1841938675811915,ctid,equal_capacity
0.19427925702024187,"[3,2,0.25,1.0]",attack_flow,,F2,0,0.1841938675811915,ctid,equal_capacity
0.19427925702024187,"[3,2,0.0,0.0]",attack_flow,,F2,0,0.1841938675811915,ctid,equal_capacity
0.19427925702024187,"[3,2,0.0,0.5]",attack_flow,,F2,0,0.1841938675811915,ctid,equal_capacity
0.19427925702024187,"[3,2,0.0,1.0]",attack_flow,,F2,0,0.1841938675811915,ctid,equal_capacity
0.19427925702024187,"[3,1,1.0,0.0]",attack_flow,,F2,0,0.1841938675811915,ctid,equal_capacity
0.19427925702024187,"[3,1,1.0,0.5]",attack_flow,,F2,0,0.1841938675811915,ctid,equal_capacity
0.19427925702024187,"[3,1,1.0,1.0]",attack_flow,,F2,0,0.1841938675811915,ctid,equal_capacity
0.19427925702024187,"[3,1,0.5,0.0]",attack_flow,,F2,0,0.1841938675811915,ctid,equal_capacity
0.19427925702024187,"[3,1,0.5,0.5]",attack_flow,,F2,0,0.1841938675811915,ctid,equal_capacity
0.19427925702024187,"[3,1,0.5,1.0]",attack_flow,,F2,0,0.1841938675811915,ctid,equal_capacity
0.19427925702024187,"[3,1,0.25,0.0]",attack_flow,,F2,0,0.1841938675811915,ctid,equal_capacity
0.19427925702024187,"[3,1,0.25,0.5]",attack_flow,,F2,0,0.1841938675811915,ctid,equal_capacity
0.19427925702024187,"[3,1,0.25,1.0]",attack_flow,,F2,0,0.1841938675811915,ctid,equal_capacity
0.19427925702024187,"[3,1,0.0,0.0]",attack_flow,,F2,0,0.1841938675811915,ctid,equal_capacity
0.19427925702024187,"[3,1,0.0,0.5]",attack_flow,,F2,0,0.1841938675811915,ctid,equal_capacity
0.19427925702024187,"[3,1,0.0,1.0]",attack_flow,,F2,0,0.1841938675811915,ctid,equal_capacity
0.19427925702024187,"[3,0,1.0,0.0]",attack_flow,,F2,0,0.1841938675811915,ctid,equal_capacity
0.19427925702024187,"[3,0,1.0,0.5]",attack_flow,,F2,0,0.1841938675811915,ctid,equal_capacity
0.19427925702024187,"[3,0,1.0,1.0]",attack_flow,,F2,0,0.1841938675811915,ctid,equal_capacity
0.19427925702024187,"[3,0,0.5,0.0]",attack_flow,,F2,0,0.1841938675811915,ctid,equal_capacity
0.19427925702024187,"[3,0,0.5,0.5]",attack_flow,,F2,0,0.1841938675811915,ctid,equal_capacity
0.19427925702024187,"[3,0,0.5,1.0]",attack_flow,,F2,0,0.1841938675811915,ctid,equal_capacity
0.19427925702024187,"[3,0,0.25,0.0]",attack_flow,,F2,0,0.1841938675811915,ctid,equal_capacity
0.19427925702024187,"[3,0,0.25,0.5]",attack_flow,,F2,0,0.1841938675811915,ctid,equal_capacity
0.19427925702024187,"[3,0,0.25,1.0]",attack_flow,,F2,0,0.1841938675811915,ctid,equal_capacity
0.19427925702024187,"[3,0,0.0,0.0]",attack_flow,,F2,0,0.1841938675811915,ctid,equal_capacity
0.19427925702024187,"[3,0,0.0,0.5]",attack_flow,,F2,0,0.1841938675811915,ctid,equal_capacity
0.19427925702024187,"[3,0,0.0,1.0]",attack_flow,,F2,0,0.1841938675811915,ctid,equal_capacity
0.19427925702024187,"[2,2,1.0,0.0]",attack_flow,,F2,0,0.1841938675811915,ctid,equal_capacity
0.19427925702024187,"[2,2,1.0,0.5]",attack_flow,,F2,0,0.1841938675811915,ctid,equal_capacity
0.19427925702024187,"[2,2,1.0,1.0]",attack_flow,,F2,0,0.1841938675811915,ctid,equal_capacity
0.19427925702024187,"[2,2,0.5,0.0]",attack_flow,,F2,0,0.1841938675811915,ctid,equal_capacity
0.19427925702024187,"[2,2,0.5,0.5]",attack_flow,,F2,0,0.1841938675811915,ctid,equal_capacity
0.19427925702024187,"[2,2,0.5,1.0]",attack_flow,,F2,0,0.1841938675811915,ctid,equal_capacity
0.19427925702024187,"[2,2,0.25,0.0]",attack_flow,,F2,0,0.1841938675811915,ctid,equal_capacity
0.19427925702024187,"[2,2,0.25,0.5]",attack_flow,,F2,0,0.1841938675811915,ctid,equal_capacity
0.19427925702024187,"[2,2,0.25,1.0]",attack_flow,,F2,0,0.1841938675811915,ctid,equal_capacity
0.19427925702024187,"[2,2,0.0,0.0]",attack_flow,,F2,0,0.1841938675811915,ctid,equal_capacity
0.19427925702024187,"[2,2,0.0,0.5]",attack_flow,,F2,0,0.1841938675811915,ctid,equal_capacity
0.19427925702024187,"[2,2,0.0,1.0]",attack_flow,,F2,0,0.1841938675811915,ctid,equal_capacity
0.19427925702024187,"[2,1,1.0,0.0]",attack_flow,,F2,0,0.1841938675811915,ctid,equal_capacity
0.19427925702024187,"[2,1,1.0,0.5]",attack_flow,,F2,0,0.1841938675811915,ctid,equal_capacity
0.19427925702024187,"[2,1,1.0,1.0]",attack_flow,,F2,0,0.1841938675811915,ctid,equal_capacity
0.19427925702024187,"[2,1,0.5,0.0]",attack_flow,,F2,0,0.1841938675811915,ctid,equal_capacity
0.19427925702024187,"[2,1,0.5,0.5]",attack_flow,,F2,0,0.1841938675811915,ctid,equal_capacity
0.19427925702024187,"[2,1,0.5,1.0]",attack_flow,,F2,0,0.1841938675811915,ctid,equal_capacity
0.19427925702024187,"[2,1,0.25,0.0]",attack_flow,,F2,0,0.1841938675811915,ctid,equal_capacity
0.19427925702024187,"[2,1,0.25,0.5]",attack_flow,,F2,0,0.1841938675811915,ctid,equal_capacity
0.19427925702024187,"[2,1,0.25,1.0]",attack_flow,,F2,0,0.1841938675811915,ctid,equal_capacity
0.19427925702024187,"[2,1,0.0,0.0]",attack_flow,,F2,0,0.1841938675811915,ctid,equal_capacity
0.19427925702024187,"[2,1,0.0,0.5]",attack_flow,,F2,0,0.1841938675811915,ctid,equal_capacity
0.19427925702024187,"[2,1,0.0,1.0]",attack_flow,,F2,0,0.1841938675811915,ctid,equal_capacity
0.19116029124720113,"[2,0,1.0,0.0]",attack_flow,,F2,0,0.18223506194590128,ctid,equal_capacity
0.19330911471084808,"[2,0,1.0,0.5]",attack_flow,,F2,0,0.18221133611860763,ctid,equal_capacity
0.19223164099392523,"[2,0,1.0,1.0]",attack_flow,,F2,0,0.18127327651137637,ctid,equal_capacity
0.18733396315146722,"[2,0,0.5,0.0]",attack_flow,,F2,0,0.1792237603389172,ctid,equal_capacity
0.19262017258193503,"[2,0,0.5,0.5]",attack_flow,,F2,0,0.18125742448994453,ctid,equal_capacity
0.19343989573355508,"[2,0,0.5,1.0]",attack_flow,,F2,0,0.18166728606575455,ctid,equal_capacity
0.18606313443852457,"[2,0,0.25,0.0]",attack_flow,,F2,0,0.1779789054182393,ctid,equal_capacity
0.19104815465726932,"[2,0,0.25,0.5]",attack_flow,,F2,0,0.18047141552761164,ctid,equal_capacity
0.1925661154724946,"[2,0,0.25,1.0]",attack_flow,,F2,0,0.1812303959352243,ctid,equal_capacity
0.18536489677491935,"[2,0,0.0,0.0]",attack_flow,,F2,0,0.1776297865864367,ctid,equal_capacity
0.19239350901268007,"[2,0,0.0,0.5]",attack_flow,,F2,0,0.18114409270531703,ctid,equal_capacity
0.1922779538970385,"[2,0,0.0,1.0]",attack_flow,,F2,0,0.18108631514749624,ctid,equal_capacity
0.17410847814214114,"[3,2,1.0,0.0]",attack_flow,,F2,1,0.1841938675811915,stockpile,equal_capacity
0.17410847814214114,"[3,2,1.0,0.5]",attack_flow,,F2,0,0.1841938675811915,stockpile,equal_capacity
0.17410847814214114,"[3,2,1.0,1.0]",attack_flow,,F2,0,0.1841938675811915,stockpile,equal_capacity
0.17410847814214114,"[3,2,0.5,0.0]",attack_flow,,F2,0,0.1841938675811915,stockpile,equal_capacity
0.17410847814214114,"[3,2,0.5,0.5]",attack_flow,,F2,0,0.1841938675811915,stockpile,equal_capacity
0.17410847814214114,"[3,2,0.5,1.0]",attack_flow,,F2,0,0.1841938675811915,stockpile,equal_capacity
0.17410847814214114,"[3,2,0.25,0.0]",attack_flow,,F2,0,0.1841938675811915,stockpile,equal_capacity
0.17410847814214114,"[3,2,0.25,0.5]",attack_flow,,F2,0,0.1841938675811915,stockpile,equal_capacity
0.17410847814214114,"[3,2,0.25,1.0]",attack_flow,,F2,0,0.1841938675811915,stockpile,equal_capacity
0.17410847814214114,"[3,2,0.0,0.0]",attack_flow,,F2,0,0.1841938675811915,stockpile,equal_capacity
0.17410847814214114,"[3,2,0.0,0.5]",attack_flow,,F2,0,0.1841938675811915,stockpile,equal_capacity
0.17410847814214114,"[3,2,0.0,1.0]",attack_flow,,F2,0,0.1841938675811915,stockpile,equal_capacity
0.17410847814214114,"[3,1,1.0,0.0]",attack_flow,,F2,0,0.1841938675811915,stockpile,equal_capacity
0.17410847814214114,"[3,1,1.0,0.5]",attack_flow,,F2,0,0.1841938675811915,stockpile,equal_capacity
0.17410847814214114,"[3,1,1.0,1.0]",attack_flow,,F2,0,0.1841938675811915,stockpile,equal_capacity
0.17410847814214114,"[3,1,0.5,0.0]",attack_flow,,F2,0,0.1841938675811915,stockpile,equal_capacity
0.17410847814214114,"[3,1,0.5,0.5]",attack_flow,,F2,0,0.1841938675811915,stockpile,equal_capacity
0.17410847814214114,"[3,1,0.5,1.0]",attack_flow,,F2,0,0.1841938675811915,stockpile,equal_capacity
0.17410847814214114,"[3,1,0.25,0.0]",attack_flow,,F2,0,0.1841938675811915,stockpile,equal_capacity
0.17410847814214114,"[3,1,0.25,0.5]",attack_flow,,F2,0,0.1841938675811915,stockpile,equal_capacity
0.17410847814214114,"[3,1,0.25,1.0]",attack_flow,,F2,0,0.1841938675811915,stockpile,equal_capacity
0.17410847814214114,"[3,1,0.0,0.0]",attack_flow,,F2,0,0.1841938675811915,stockpile,equal_capacity
0.17410847814214114,"[3,1,0.0,0.5]",attack_flow,,F2,0,0.1841938675811915,stockpile,equal_capacity
0.17410847814214114,"[3,1,0.0,1.0]",attack_flow,,F2,0,0.1841938675811915,stockpile,equal_capacity
0.17410847814214114,"[3,0,1.0,0.0]",attack_flow,,F2,0,0.1841938675811915,stockpile,equal_capacity
0.17410847814214114,"[3,0,1.0,0.5]",attack_flow,,F2,0,0.1841938675811915,stockpile,equal_capacity
0.17410847814214114,"[3,0,1.0,1.0]",attack_flow,,F2,0,0.1841938675811915,stockpile,equal_capacity
0.17410847814214114,"[3,0,0.5,0.0]",attack_flow,,F2,0,0.1841938675811915,stockpile,equal_capacity
0.17410847814214114,"[3,0,0.5,0.5]",attack_flow,,F2,0,0.1841938675811915,stockpile,equal_capacity
0.17410847814214114,"[3,0,0.5,1.0]",attack_flow,,F2,0,0.1841938675811915,stockpile,equal_capacity
0.17410847814214114,"[3,0,0.25,0.0]",attack_flow,,F2,0,0.1841938675811915,stockpile,equal_capacity
0.17410847814214114,"[3,0,0.25,0.5]",attack_flow,,F2,0,0.1841938675811915,stockpile,equal_capacity
0.17410847814214114,"[3,0,0.25,1.0]",attack_flow,,F2,0,0.1841938675811915,stockpile,equal_capacity
0.17410847814214114,"[3,0,0.0,0.0]",attack_flow,,F2,0,0.1841938675811915,stockpile,equal_capacity
0.17410847814214114,"[3,0,0.0,0.5]",attack_flow,,F2,0,0.1841938675811915,stockpile,equal_capacity
0.17410847814214114,"[3,0,0.0,1.0]",attack_flow,,F2,0,0.1841938675811915,stockpile,equal_capacity
0.17410847814214114,"[2,2,1.0,0.0]",attack_flow,,F2,0,0.1841938675811915,stockpile,equal_capacity
0.17410847814214114,"[2,2,1.0,0.5]",attack_flow,,F2,0,0.1841938675811915,stockpile,equal_capacity
0.17410847814214114,"[2,2,1.0,1.0]",attack_flow,,F2,0,0.1841938675811915,stockpile,equal_capacity
0.17410847814214114,"[2,2,0.5,0.0]",attack_flow,,F2,0,0.1841938675811915,stockpile,equal_capacity
0.17410847814214114,"[2,2,0.5,0.5]",attack_flow,,F2,0,0.1841938675811915,stockpile,equal_capacity
0.17410847814214114,"[2,2,0.5,1.0]",attack_flow,,F2,0,0.1841938675811915,stockpile,equal_capacity
0.17410847814214114,"[2,2,0.25,0.0]",attack_flow,,F2,0,0.1841938675811915,stockpile,equal_capacity
0.17410847814214114,"[2,2,0.25,0.5]",attack_flow,,F2,0,0.1841938675811915,stockpile,equal_capacity
0.17410847814214114,"[2,2,0.25,1.0]",attack_flow,,F2,0,0.1841938675811915,stockpile,equal_capacity
0.17410847814214114,"[2,2,0.0,0.0]",attack_flow,,F2,0,0.1841938675811915,stockpile,equal_capacity
0.17410847814214114,"[2,2,0.0,0.5]",attack_flow,,F2,0,0.1841938675811915,stockpile,equal_capacity
0.17410847814214114,"[2,2,0.0,1.0]",attack_flow,,F2,0,0.1841938675811915,stockpile,equal_capacity
0.17410847814214114,"[2,1,1.0,0.0]",attack_flow,,F2,0,0.1841938675811915,stockpile,equal_capacity
0.17410847814214114,"[2,1,1.0,0.5]",attack_flow,,F2,0,0.1841938675811915,stockpile,equal_capacity
0.17410847814214114,"[2,1,1.0,1.0]",attack_flow,,F2,0,0.1841938675811915,stockpile,equal_capacity
0.17410847814214114,"[2,1,0.5,0.0]",attack_flow,,F2,0,0.1841938675811915,stockpile,equal_capacity
0.17410847814214114,"[2,1,0.5,0.5]",attack_flow,,F2,0,0.1841938675811915,stockpile,equal_capacity
0.17410847814214114,"[2,1,0.5,1.0]",attack_flow,,F2,0,0.1841938675811915,stockpile,equal_capacity
0.17410847814214114,"[2,1,0.25,0.0]",attack_flow,,F2,0,0.1841938675811915,stockpile,equal_capacity
0.17410847814214114,"[2,1,0.25,0.5]",attack_flow,,F2,0,0.1841938675811915,stockpile,equal_capacity
0.17410847814214114,"[2,1,0.25,1.0]",attack_flow,,F2,0,0.1841938675811915,stockpile,equal_capacity
0.17410847814214114,"[2,1,0.0,0.0]",attack_flow,,F2,0,0.1841938675811915,stockpile,equal_capacity
0.17410847814214114,"[2,1,0.0,0.5]",attack_flow,,F2,0,0.1841938675811915,stockpile,equal_capacity
0.17410847814214114,"[2,1,0.0,1.0]",attack_flow,,F2,0,0.1841938675811915,stockpile,equal_capacity
0.1733098326446014,"[2,0,1.0,0.0]",attack_flow,,F2,0,0.18223506194590128,stockpile,equal_capacity
0.1711135575263672,"[2,0,1.0,0.5]",attack_flow,,F2,0,0.18221133611860763,stockpile,equal_capacity
0.17031491202882748,"[2,0,1.0,1.0]",attack_flow,,F2,0,0.18127327651137637,stockpile,equal_capacity
0.1711135575263672,"[2,0,0.5,0.0]",attack_flow,,F2,0,0.1792237603389172,stockpile,equal_capacity
0.169894676397954,"[2,0,0.5,0.5]",attack_flow,,F2,0,0.18125742448994453,stockpile,equal_capacity
0.169894676397954,"[2,0,0.5,1.0]",attack_flow,,F2,0,0.18166728606575455,stockpile,equal_capacity
0.169894676397954,"[2,0,0.25,0.0]",attack_flow,,F2,0,0.1779789054182393,stockpile,equal_capacity
0.169894676397954,"[2,0,0.25,0.5]",attack_flow,,F2,0,0.18047141552761164,stockpile,equal_capacity
0.169894676397954,"[2,0,0.25,1.0]",attack_flow,,F2,0,0.1812303959352243,stockpile,equal_capacity
0.169894676397954,"[2,0,0.0,0.0]",attack_flow,,F2,0,0.1776297865864367,stockpile,equal_capacity
0.169894676397954,"[2,0,0.0,0.5]",attack_flow,,F2,0,0.18114409270531703,stockpile,equal_capacity
0.169894676397954,"[2,0,0.0,1.0]",attack_flow,,F2,0,0.18108631514749624,stockpile,equal_capacity
0.17875477816964674,,attack_flow,0.001,F3,0,0.17114790853593725,ctid,equal_capacity
0.18630352151227111,,attack_flow,0.01,F3,0,0.17492228020724945,ctid,equal_capacity
0.19427925702024187,,attack_flow,0.1,F3,0,0.17891014796123483,ctid,equal_capacity
0.19427925702024187,,attack_flow,1.0,F3,1,0.1841938675811915,ctid,equal_capacity
0.1635410389022278,,attack_flow,0.001,F3,0,0.17114790853593725,stockpile,equal_capacity
0.1635410389022278,,attack_flow,0.01,F3,0,0.17492228020724945,stockpile,equal_capacity
0.1635410389022278,,attack_flow,0.1,F3,0,0.17891014796123483,stockpile,equal_capacity
0.17410847814214114,,attack_flow,1.0,F3,1,0.1841938675811915,stockpile,equal_capacity
0.19427925702024187,1.64,attack_flow,,F4,1,0.1841938675811915,ctid,equal_capacity
0.19427925702024187,1.0,attack_flow,,F4,0,0.1841938675811915,ctid,equal_capacity
0.18855013133677867,0.5,attack_flow,,F4,0,0.1813293047394599,ctid,equal_capacity
0.18855013133677867,0.0,attack_flow,,F4,0,0.1813293047394599,ctid,equal_capacity
0.17410847814214114,1.64,attack_flow,,F4,1,0.1841938675811915,stockpile,equal_capacity
0.17410847814214114,1.0,attack_flow,,F4,0,0.1841938675811915,stockpile,equal_capacity
0.17410847814214114,0.5,attack_flow,,F4,0,0.1813293047394599,stockpile,equal_capacity
0.17410847814214114,0.0,attack_flow,,F4,0,0.1813293047394599,stockpile,equal_capacity
0.24151158998323957,,stockpile,0.001,F1,0,0.2218760756565644,attack_flow,main
0.2419341137647472,,stockpile,0.01,F1,0,0.22245001427525452,attack_flow,main
0.24324508537363895,,stockpile,0.1,F1,1,0.22324024416471394,attack_flow,main
0.2383379408323951,,stockpile,1.0,F1,0,0.22024949017875434,attack_flow,main
0.2022405613298892,,stockpile,0.001,F1,0,0.2218760756565644,ctid,main
0.20296591478576187,,stockpile,0.01,F1,0,0.22245001427525452,ctid,main
0.20323540295578896,,stockpile,0.1,F1,1,0.22324024416471394,ctid,main
0.20216103952511358,,stockpile,1.0,F1,0,0.22024949017875434,ctid,main
0.24010145250687326,"[3,2,1.0,0.0]",stockpile,,F2,1,0.21719035476355758,attack_flow,main
0.24010145250687326,"[3,2,1.0,0.5]",stockpile,,F2,0,0.21719035476355758,attack_flow,main
0.24010145250687326,"[3,2,1.0,1.0]",stockpile,,F2,0,0.21719035476355758,attack_flow,main
0.24010145250687326,"[3,2,0.5,0.0]",stockpile,,F2,0,0.21719035476355758,attack_flow,main
0.24010145250687326,"[3,2,0.5,0.5]",stockpile,,F2,0,0.21719035476355758,attack_flow,main
0.24010145250687326,"[3,2,0.5,1.0]",stockpile,,F2,0,0.21719035476355758,attack_flow,main
0.24010145250687326,"[3,2,0.25,0.0]",stockpile,,F2,0,0.21719035476355758,attack_flow,main
0.24010145250687326,"[3,2,0.25,0.5]",stockpile,,F2,0,0.21719035476355758,attack_flow,main
0.24010145250687326,"[3,2,0.25,1.0]",stockpile,,F2,0,0.21719035476355758,attack_flow,main
0.24010145250687326,"[3,2,0.0,0.0]",stockpile,,F2,0,0.21719035476355758,attack_flow,main
0.24010145250687326,"[3,2,0.0,0.5]",stockpile,,F2,0,0.21719035476355758,attack_flow,main
0.24010145250687326,"[3,2,0.0,1.0]",stockpile,,F2,0,0.21719035476355758,attack_flow,main
0.23517654776188196,"[3,1,1.0,0.0]",stockpile,,F2,0,0.21454629511581053,attack_flow,main
0.23517654776188196,"[3,1,1.0,0.5]",stockpile,,F2,0,0.21454629511581053,attack_flow,main
0.23491720234397145,"[3,1,1.0,1.0]",stockpile,,F2,0,0.21441662240685527,attack_flow,main
0.23660000560125596,"[3,1,0.5,0.0]",stockpile,,F2,0,0.21454662514609024,attack_flow,main
0.23634066018334546,"[3,1,0.5,0.5]",stockpile,,F2,0,0.214416952437135,attack_flow,main
0.23634066018334546,"[3,1,0.5,1.0]",stockpile,,F2,0,0.214416952437135,attack_flow,main
0.23724836914603223,"[3,1,0.25,0.0]",stockpile,,F2,0,0.21487080691847837,attack_flow,main
0.2369890237281217,"[3,1,0.25,0.5]",stockpile,,F2,0,0.21474113420952312,attack_flow,main
0.2369890237281217,"[3,1,0.25,1.0]",stockpile,,F2,0,0.21434647813878974,attack_flow,main
0.2369890237281217,"[3,1,0.0,0.0]",stockpile,,F2,0,0.21474113420952312,attack_flow,main
0.2369890237281217,"[3,1,0.0,0.5]",stockpile,,F2,0,0.21474113420952312,attack_flow,main
0.2369890237281217,"[3,1,0.0,1.0]",stockpile,,F2,0,0.21434647813878974,attack_flow,main
0.2387863901902061,"[3,0,1.0,0.0]",stockpile,,F2,0,0.21579077722451695,attack_flow,main
0.2387863901902061,"[3,0,1.0,0.5]",stockpile,,F2,0,0.21579077722451695,attack_flow,main
0.23852704477229553,"[3,0,1.0,1.0]",stockpile,,F2,0,0.21566110451556167,attack_flow,main
0.24020984802958004,"[3,0,0.5,0.0]",stockpile,,F2,0,0.21564702646706857,attack_flow,main
0.23995050261166953,"[3,0,0.5,0.5]",stockpile,,F2,0,0.21551735375811332,attack_flow,main
0.23995050261166953,"[3,0,0.5,1.0]",stockpile,,F2,0,0.21551735375811332,attack_flow,main
0.24085821157435633,"[3,0,0.25,0.0]",stockpile,,F2,0,0.21597120823945673,attack_flow,main
0.24059886615644582,"[3,0,0.25,0.5]",stockpile,,F2,0,0.21584153553050148,attack_flow,main
0.24059886615644582,"[3,0,0.25,1.0]",stockpile,,F2,0,0.2154468794597681,attack_flow,main
0.24059886615644582,"[3,0,0.0,0.0]",stockpile,,F2,0,0.21584153553050148,attack_flow,main
0.24059886615644582,"[3,0,0.0,0.5]",stockpile,,F2,0,0.21584153553050148,attack_flow,main
0.24059886615644582,"[3,0,0.0,1.0]",stockpile,,F2,0,0.2154468794597681,attack_flow,main
0.24010145250687326,"[2,2,1.0,0.0]",stockpile,,F2,0,0.21719035476355758,attack_flow,main
0.24010145250687326,"[2,2,1.0,0.5]",stockpile,,F2,0,0.21719035476355758,attack_flow,main
0.24010145250687326,"[2,2,1.0,1.0]",stockpile,,F2,0,0.21719035476355758,attack_flow,main
0.24010145250687326,"[2,2,0.5,0.0]",stockpile,,F2,0,0.21719035476355758,attack_flow,main
0.24010145250687326,"[2,2,0.5,0.5]",stockpile,,F2,0,0.21719035476355758,attack_flow,main
0.24010145250687326,"[2,2,0.5,1.0]",stockpile,,F2,0,0.21719035476355758,attack_flow,main
0.24010145250687326,"[2,2,0.25,0.0]",stockpile,,F2,0,0.21719035476355758,attack_flow,main
0.24010145250687326,"[2,2,0.25,0.5]",stockpile,,F2,0,0.21719035476355758,attack_flow,main
0.24010145250687326,"[2,2,0.25,1.0]",stockpile,,F2,0,0.21719035476355758,attack_flow,main
0.24010145250687326,"[2,2,0.0,0.0]",stockpile,,F2,0,0.21719035476355758,attack_flow,main
0.24010145250687326,"[2,2,0.0,0.5]",stockpile,,F2,0,0.21719035476355758,attack_flow,main
0.24010145250687326,"[2,2,0.0,1.0]",stockpile,,F2,0,0.21719035476355758,attack_flow,main
0.23404243690210036,"[2,1,1.0,0.0]",stockpile,,F2,0,0.2134203661067262,attack_flow,main
0.2337830914841898,"[2,1,1.0,0.5]",stockpile,,F2,0,0.21329069339777093,attack_flow,main
0.2337830914841898,"[2,1,1.0,1.0]",stockpile,,F2,0,0.21329069339777093,attack_flow,main
0.2354658947414743,"[2,1,0.5,0.0]",stockpile,,F2,0,0.2131613507190954,attack_flow,main
0.2352065493235638,"[2,1,0.5,0.5]",stockpile,,F2,0,0.21303167801014014,attack_flow,main
0.2352065493235638,"[2,1,0.5,1.0]",stockpile,,F2,0,0.21303167801014014,attack_flow,main
0.2361142582862506,"[2,1,0.25,0.0]",stockpile,,F2,0,0.21348553249148355,attack_flow,main
0.2358549128683401,"[2,1,0.25,0.5]",stockpile,,F2,0,0.2133558597825283,attack_flow,main
0.2358549128683401,"[2,1,0.25,1.0]",stockpile,,F2,0,0.21296120371179492,attack_flow,main
0.2358549128683401,"[2,1,0.0,0.0]",stockpile,,F2,0,0.21349994057025634,attack_flow,main
0.2358549128683401,"[2,1,0.0,0.5]",stockpile,,F2,0,0.21349994057025634,attack_flow,main
0.2358549128683401,"[2,1,0.0,1.0]",stockpile,,F2,0,0.21310528449952298,attack_flow,main
0.23765227933042443,"[2,0,1.0,0.0]",stockpile,,F2,0,0.21412184374668247,attack_flow,main
0.23739293391251393,"[2,0,1.0,0.5]",stockpile,,F2,0,0.21399217103772722,attack_flow,main
0.23739293391251393,"[2,0,1.0,1.0]",stockpile,,F2,0,0.21399217103772722,attack_flow,main
0.23992287185826017,"[2,0,0.5,0.0]",stockpile,,F2,0,0.21428639570328256,attack_flow,main
0.2396635264403497,"[2,0,0.5,0.5]",stockpile,,F2,0,0.2141567229943273,attack_flow,main
0.2396635264403497,"[2,0,0.5,1.0]",stockpile,,F2,0,0.2141567229943273,attack_flow,main
0.24139415090850502,"[2,0,0.25,0.0]",stockpile,,F2,0,0.215022035228405,attack_flow,main
0.24113480549059452,"[2,0,0.25,0.5]",stockpile,,F2,0,0.21489236251944974,attack_flow,main
0.24113480549059452,"[2,0,0.25,1.0]",stockpile,,F2,0,0.21449770644871635,attack_flow,main
0.24113480549059452,"[2,0,0.0,0.0]",stockpile,,F2,0,0.2150364433071778,attack_flow,main
0.24113480549059452,"[2,0,0.0,0.5]",stockpile,,F2,0,0.2150364433071778,attack_flow,main
0.24113480549059452,"[2,0,0.0,1.0]",stockpile,,F2,0,0.21464178723644442,attack_flow,main
0.19427925702024187,"[3,2,1.0,0.0]",stockpile,,F2,1,0.21719035476355758,ctid,main
0.19427925702024187,"[3,2,1.0,0.5]",stockpile,,F2,0,0.21719035476355758,ctid,main
0.19427925702024187,"[3,2,1.0,1.0]",stockpile,,F2,0,0.21719035476355758,ctid,main
0.19427925702024187,"[3,2,0.5,0.0]",stockpile,,F2,0,0.21719035476355758,ctid,main
0.19427925702024187,"[3,2,0.5,0.5]",stockpile,,F2,0,0.21719035476355758,ctid,main
0.19427925702024187,"[3,2,0.5,1.0]",stockpile,,F2,0,0.21719035476355758,ctid,main
0.19427925702024187,"[3,2,0.25,0.0]",stockpile,,F2,0,0.21719035476355758,ctid,main
0.19427925702024187,"[3,2,0.25,0.5]",stockpile,,F2,0,0.21719035476355758,ctid,main
0.19427925702024187,"[3,2,0.25,1.0]",stockpile,,F2,0,0.21719035476355758,ctid,main
0.19427925702024187,"[3,2,0.0,0.0]",stockpile,,F2,0,0.21719035476355758,ctid,main
0.19427925702024187,"[3,2,0.0,0.5]",stockpile,,F2,0,0.21719035476355758,ctid,main
0.19427925702024187,"[3,2,0.0,1.0]",stockpile,,F2,0,0.21719035476355758,ctid,main
0.19391604246973912,"[3,1,1.0,0.0]",stockpile,,F2,0,0.21454629511581053,ctid,main
0.19391604246973912,"[3,1,1.0,0.5]",stockpile,,F2,0,0.21454629511581053,ctid,main
0.19391604246973912,"[3,1,1.0,1.0]",stockpile,,F2,0,0.21441662240685527,ctid,main
0.19249324469092455,"[3,1,0.5,0.0]",stockpile,,F2,0,0.21454662514609024,ctid,main
0.19249324469092455,"[3,1,0.5,0.5]",stockpile,,F2,0,0.214416952437135,ctid,main
0.19249324469092455,"[3,1,0.5,1.0]",stockpile,,F2,0,0.214416952437135,ctid,main
0.19249324469092455,"[3,1,0.25,0.0]",stockpile,,F2,0,0.21487080691847837,ctid,main
0.19249324469092455,"[3,1,0.25,0.5]",stockpile,,F2,0,0.21474113420952312,ctid,main
0.19170393254945778,"[3,1,0.25,1.0]",stockpile,,F2,0,0.21434647813878974,ctid,main
0.19249324469092455,"[3,1,0.0,0.0]",stockpile,,F2,0,0.21474113420952312,ctid,main
0.19249324469092455,"[3,1,0.0,0.5]",stockpile,,F2,0,0.21474113420952312,ctid,main
0.19170393254945778,"[3,1,0.0,1.0]",stockpile,,F2,0,0.21434647813878974,ctid,main
0.1927951642588278,"[3,0,1.0,0.0]",stockpile,,F2,0,0.21579077722451695,ctid,main
0.1927951642588278,"[3,0,1.0,0.5]",stockpile,,F2,0,0.21579077722451695,ctid,main
0.1927951642588278,"[3,0,1.0,1.0]",stockpile,,F2,0,0.21566110451556167,ctid,main
0.19108420490455713,"[3,0,0.5,0.0]",stockpile,,F2,0,0.21564702646706857,ctid,main
0.19108420490455713,"[3,0,0.5,0.5]",stockpile,,F2,0,0.21551735375811332,ctid,main
0.19108420490455713,"[3,0,0.5,1.0]",stockpile,,F2,0,0.21551735375811332,ctid,main
0.19108420490455713,"[3,0,0.25,0.0]",stockpile,,F2,0,0.21597120823945673,ctid,main
0.19108420490455713,"[3,0,0.25,0.5]",stockpile,,F2,0,0.21584153553050148,ctid,main
0.19029489276309036,"[3,0,0.25,1.0]",stockpile,,F2,0,0.2154468794597681,ctid,main
0.19108420490455713,"[3,0,0.0,0.0]",stockpile,,F2,0,0.21584153553050148,ctid,main
0.19108420490455713,"[3,0,0.0,0.5]",stockpile,,F2,0,0.21584153553050148,ctid,main
0.19029489276309036,"[3,0,0.0,1.0]",stockpile,,F2,0,0.2154468794597681,ctid,main
0.19427925702024187,"[2,2,1.0,0.0]",stockpile,,F2,0,0.21719035476355758,ctid,main
0.19427925702024187,"[2,2,1.0,0.5]",stockpile,,F2,0,0.21719035476355758,ctid,main
0.19427925702024187,"[2,2,1.0,1.0]",stockpile,,F2,0,0.21719035476355758,ctid,main
0.19427925702024187,"[2,2,0.5,0.0]",stockpile,,F2,0,0.21719035476355758,ctid,main
0.19427925702024187,"[2,2,0.5,0.5]",stockpile,,F2,0,0.21719035476355758,ctid,main
0.19427925702024187,"[2,2,0.5,1.0]",stockpile,,F2,0,0.21719035476355758,ctid,main
0.19427925702024187,"[2,2,0.25,0.0]",stockpile,,F2,0,0.21719035476355758,ctid,main
0.19427925702024187,"[2,2,0.25,0.5]",stockpile,,F2,0,0.21719035476355758,ctid,main
0.19427925702024187,"[2,2,0.25,1.0]",stockpile,,F2,0,0.21719035476355758,ctid,main
0.19427925702024187,"[2,2,0.0,0.0]",stockpile,,F2,0,0.21719035476355758,ctid,main
0.19427925702024187,"[2,2,0.0,0.5]",stockpile,,F2,0,0.21719035476355758,ctid,main
0.19427925702024187,"[2,2,0.0,1.0]",stockpile,,F2,0,0.21719035476355758,ctid,main
0.19279829531135206,"[2,1,1.0,0.0]",stockpile,,F2,0,0.2134203661067262,ctid,main
0.19279829531135206,"[2,1,1.0,0.5]",stockpile,,F2,0,0.21329069339777093,ctid,main
0.19279829531135206,"[2,1,1.0,1.0]",stockpile,,F2,0,0.21329069339777093,ctid,main
0.19085680669671648,"[2,1,0.5,0.0]",stockpile,,F2,0,0.2131613507190954,ctid,main
0.19085680669671648,"[2,1,0.5,0.5]",stockpile,,F2,0,0.21303167801014014,ctid,main
0.19085680669671648,"[2,1,0.5,1.0]",stockpile,,F2,0,0.21303167801014014,ctid,main
0.19085680669671648,"[2,1,0.25,0.0]",stockpile,,F2,0,0.21348553249148355,ctid,main
0.19085680669671648,"[2,1,0.25,0.5]",stockpile,,F2,0,0.2133558597825283,ctid,main
0.19006749455524974,"[2,1,0.25,1.0]",stockpile,,F2,0,0.21296120371179492,ctid,main
0.1911449682721726,"[2,1,0.0,0.0]",stockpile,,F2,0,0.21349994057025634,ctid,main
0.1911449682721726,"[2,1,0.0,0.5]",stockpile,,F2,0,0.21349994057025634,ctid,main
0.19035565613070585,"[2,1,0.0,1.0]",stockpile,,F2,0,0.21310528449952298,ctid,main
0.1905914081629405,"[2,0,1.0,0.0]",stockpile,,F2,0,0.21412184374668247,ctid,main
0.1905914081629405,"[2,0,1.0,0.5]",stockpile,,F2,0,0.21399217103772722,ctid,main
0.1905914081629405,"[2,0,1.0,1.0]",stockpile,,F2,0,0.21399217103772722,ctid,main
0.18864991954830496,"[2,0,0.5,0.0]",stockpile,,F2,0,0.21428639570328256,ctid,main
0.18864991954830496,"[2,0,0.5,0.5]",stockpile,,F2,0,0.2141567229943273,ctid,main
0.18864991954830496,"[2,0,0.5,1.0]",stockpile,,F2,0,0.2141567229943273,ctid,main
0.18864991954830496,"[2,0,0.25,0.0]",stockpile,,F2,0,0.215022035228405,ctid,main
0.18864991954830496,"[2,0,0.25,0.5]",stockpile,,F2,0,0.21489236251944974,ctid,main
0.1878606074068382,"[2,0,0.25,1.0]",stockpile,,F2,0,0.21449770644871635,ctid,main
0.18893808112376106,"[2,0,0.0,0.0]",stockpile,,F2,0,0.2150364433071778,ctid,main
0.18893808112376106,"[2,0,0.0,0.5]",stockpile,,F2,0,0.2150364433071778,ctid,main
0.18814876898229432,"[2,0,0.0,1.0]",stockpile,,F2,0,0.21464178723644442,ctid,main
0.23466849492905797,,stockpile,0.001,F3,0,0.21341848096797242,attack_flow,main
0.23718624092823193,,stockpile,0.01,F3,0,0.2145784241643766,attack_flow,main
0.2409675993452913,,stockpile,0.1,F3,0,0.21437126412130517,attack_flow,main
0.24010145250687326,,stockpile,1.0,F3,1,0.21719035476355758,attack_flow,main
0.19216846700688686,,stockpile,0.001,F3,0,0.21341848096797242,ctid,main
0.19197060740052133,,stockpile,0.01,F3,0,0.2145784241643766,ctid,main
0.18777492889731903,,stockpile,0.1,F3,0,0.21437126412130517,ctid,main
0.19427925702024187,,stockpile,1.0,F3,1,0.21719035476355758,ctid,main
0.24273371921577816,1.64,stockpile,,F4,1,0.21850648811801002,attack_flow,main
0.23684180797251428,1.0,stockpile,,F4,0,0.2135220182324962,attack_flow,main
0.23831905612927226,0.5,stockpile,,F4,0,0.21388260259644543,attack_flow,main
0.23783560847670257,0.0,stockpile,,F4,0,0.21404069098362893,attack_flow,main
0.19427925702024187,1.64,stockpile,,F4,1,0.21850648811801002,ctid,main
0.19020222849247811,1.0,stockpile,,F4,0,0.2135220182324962,ctid,main
0.18944614906361862,0.5,stockpile,,F4,0,0.21388260259644543,ctid,main
0.19024577349055533,0.0,stockpile,,F4,0,0.21404069098362893,ctid,main
0.23949811441447783,,stockpile,0.001,F1,1,0.22252697398084043,attack_flow,permuted
0.23861216758761208,,stockpile,0.01,F1,0,0.22189090081667534,attack_flow,permuted
0.23622805203846578,,stockpile,0.1,F1,0,0.22085763683680704,attack_flow,permuted
0.23759101172328245,,stockpile,1.0,F1,0,0.22030328474984917,attack_flow,permuted
0.20555583354720305,,stockpile,0.001,F1,1,0.22252697398084043,ctid,permuted
0.20516963404573857,,stockpile,0.01,F1,0,0.22189090081667534,ctid,permuted
0.20548722163514826,,stockpile,0.1,F1,0,0.22085763683680704,ctid,permuted
0.2030155577764159,,stockpile,1.0,F1,0,0.22030328474984917,ctid,permuted
0.24010145250687326,"[3,2,1.0,0.0]",stockpile,,F2,1,0.21719035476355758,attack_flow,permuted
0.24010145250687326,"[3,2,1.0,0.5]",stockpile,,F2,0,0.21719035476355758,attack_flow,permuted
0.24010145250687326,"[3,2,1.0,1.0]",stockpile,,F2,0,0.21719035476355758,attack_flow,permuted
0.24010145250687326,"[3,2,0.5,0.0]",stockpile,,F2,0,0.21719035476355758,attack_flow,permuted
0.24010145250687326,"[3,2,0.5,0.5]",stockpile,,F2,0,0.21719035476355758,attack_flow,permuted
0.24010145250687326,"[3,2,0.5,1.0]",stockpile,,F2,0,0.21719035476355758,attack_flow,permuted
0.24010145250687326,"[3,2,0.25,0.0]",stockpile,,F2,0,0.21719035476355758,attack_flow,permuted
0.24010145250687326,"[3,2,0.25,0.5]",stockpile,,F2,0,0.21719035476355758,attack_flow,permuted
0.24010145250687326,"[3,2,0.25,1.0]",stockpile,,F2,0,0.21719035476355758,attack_flow,permuted
0.24010145250687326,"[3,2,0.0,0.0]",stockpile,,F2,0,0.21719035476355758,attack_flow,permuted
0.24010145250687326,"[3,2,0.0,0.5]",stockpile,,F2,0,0.21719035476355758,attack_flow,permuted
0.24010145250687326,"[3,2,0.0,1.0]",stockpile,,F2,0,0.21719035476355758,attack_flow,permuted
0.2368470410217959,"[3,1,1.0,0.0]",stockpile,,F2,0,0.21098689944442395,attack_flow,permuted
0.23779011526874322,"[3,1,1.0,0.5]",stockpile,,F2,0,0.2114584365678976,attack_flow,permuted
0.23779011526874322,"[3,1,1.0,1.0]",stockpile,,F2,0,0.2114584365678976,attack_flow,permuted
0.23660004538569065,"[3,1,0.5,0.0]",stockpile,,F2,0,0.21051428279456869,attack_flow,permuted
0.23754311963263797,"[3,1,0.5,0.5]",stockpile,,F2,0,0.21098581991804236,attack_flow,permuted
0.23754311963263797,"[3,1,0.5,1.0]",stockpile,,F2,0,0.21098581991804236,attack_flow,permuted
0.23608135454986967,"[3,1,0.25,0.0]",stockpile,,F2,0,0.2102549373766582,attack_flow,permuted
0.23702442879681698,"[3,1,0.25,0.5]",stockpile,,F2,0,0.21072647450013188,attack_flow,permuted
0.23702442879681698,"[3,1,0.25,1.0]",stockpile,,F2,0,0.21072647450013188,attack_flow,permuted
0.23608135454986967,"[3,1,0.0,0.0]",stockpile,,F2,0,0.2102549373766582,attack_flow,permuted
0.23702442879681698,"[3,1,0.0,0.5]",stockpile,,F2,0,0.21072647450013188,attack_flow,permuted
0.23702442879681698,"[3,1,0.0,1.0]",stockpile,,F2,0,0.21072647450013188,attack_flow,permuted
0.238505969108683,"[3,0,1.0,0.0]",stockpile,,F2,0,0.21338425324435928,attack_flow,permuted
0.2394490433556303,"[3,0,1.0,0.5]",stockpile,,F2,0,0.21385579036783292,attack_flow,permuted
0.2394490433556303,"[3,0,1.0,1.0]",stockpile,,F2,0,0.21385579036783292,attack_flow,permuted
0.23825897347257774,"[3,0,0.5,0.0]",stockpile,,F2,0,0.21320444593730623,attack_flow,permuted
0.23920204771952505,"[3,0,0.5,0.5]",stockpile,,F2,0,0.2136759830607799,attack_flow,permuted
0.23920204771952505,"[3,0,0.5,1.0]",stockpile,,F2,0,0.2136759830607799,attack_flow,permuted
0.2388455763717126,"[3,0,0.25,0.0]",stockpile,,F2,0,0.21349774738687366,attack_flow,permuted
0.23978865061865987,"[3,0,0.25,0.5]",stockpile,,F2,0,0.2139692845103473,attack_flow,permuted
0.23978865061865987,"[3,0,0.25,1.0]",stockpile,,F2,0,0.2139692845103473,attack_flow,permuted
0.2388455763717126,"[3,0,0.0,0.0]",stockpile,,F2,0,0.21349774738687366,attack_flow,permuted
0.23978865061865987,"[3,0,0.0,0.5]",stockpile,,F2,0,0.2139692845103473,attack_flow,permuted
0.23978865061865987,"[3,0,0.0,1.0]",stockpile,,F2,0,0.2139692845103473,attack_flow,permuted
0.24010145250687326,"[2,2,1.0,0.0]",stockpile,,F2,0,0.21719035476355758,attack_flow,permuted
0.24010145250687326,"[2,2,1.0,0.5]",stockpile,,F2,0,0.21719035476355758,attack_flow,permuted
0.24010145250687326,"[2,2,1.0,1.0]",stockpile,,F2,0,0.21719035476355758,attack_flow,permuted
0.24010145250687326,"[2,2,0.5,0.0]",stockpile,,F2,0,0.21719035476355758,attack_flow,permuted
0.24010145250687326,"[2,2,0.5,0.5]",stockpile,,F2,0,0.21719035476355758,attack_flow,permuted
0.24010145250687326,"[2,2,0.5,1.0]",stockpile,,F2,0,0.21719035476355758,attack_flow,permuted
0.24010145250687326,"[2,2,0.25,0.0]",stockpile,,F2,0,0.21719035476355758,attack_flow,permuted
0.24010145250687326,"[2,2,0.25,0.5]",stockpile,,F2,0,0.21719035476355758,attack_flow,permuted
0.24010145250687326,"[2,2,0.25,1.0]",stockpile,,F2,0,0.21719035476355758,attack_flow,permuted
0.24010145250687326,"[2,2,0.0,0.0]",stockpile,,F2,0,0.21719035476355758,attack_flow,permuted
0.24010145250687326,"[2,2,0.0,0.5]",stockpile,,F2,0,0.21719035476355758,attack_flow,permuted
0.24010145250687326,"[2,2,0.0,1.0]",stockpile,,F2,0,0.21719035476355758,attack_flow,permuted
0.23599990633333415,"[2,1,1.0,0.0]",stockpile,,F2,0,0.21077714027917277,attack_flow,permuted
0.2369429805802814,"[2,1,1.0,0.5]",stockpile,,F2,0,0.2112486774026464,attack_flow,permuted
0.2369429805802814,"[2,1,1.0,1.0]",stockpile,,F2,0,0.2112486774026464,attack_flow,permuted
0.23575291069722892,"[2,1,0.5,0.0]",stockpile,,F2,0,0.21030452362931756,attack_flow,permuted
0.23669598494417618,"[2,1,0.5,0.5]",stockpile,,F2,0,0.2107760607527912,attack_flow,permuted
0.23669598494417618,"[2,1,0.5,1.0]",stockpile,,F2,0,0.2107760607527912,attack_flow,permuted
0.23523421986140788,"[2,1,0.25,0.0]",stockpile,,F2,0,0.21004517821140706,attack_flow,permuted
0.2361772941083552,"[2,1,0.25,0.5]",stockpile,,F2,0,0.2105167153348807,attack_flow,permuted
0.2361772941083552,"[2,1,0.25,1.0]",stockpile,,F2,0,0.2105167153348807,attack_flow,permuted
0.23523421986140788,"[2,1,0.0,0.0]",stockpile,,F2,0,0.21004517821140706,attack_flow,permuted
0.2361772941083552,"[2,1,0.0,0.5]",stockpile,,F2,0,0.2105167153348807,attack_flow,permuted
0.2361772941083552,"[2,1,0.0,1.0]",stockpile,,F2,0,0.2105167153348807,attack_flow,permuted
0.23765883442022126,"[2,0,1.0,0.0]",stockpile,,F2,0,0.21317899660372464,attack_flow,permuted
0.23860190866716852,"[2,0,1.0,0.5]",stockpile,,F2,0,0.21365053372719828,attack_flow,permuted
0.23860190866716852,"[2,0,1.0,1.0]",stockpile,,F2,0,0.21365053372719828,attack_flow,permuted
0.237411838784116,"[2,0,0.5,0.0]",stockpile,,F2,0,0.2127063799538694,attack_flow,permuted
0.23835491303106326,"[2,0,0.5,0.5]",stockpile,,F2,0,0.21317791707734302,attack_flow,permuted
0.23835491303106326,"[2,0,0.5,1.0]",stockpile,,F2,0,0.21317791707734302,attack_flow,permuted
0.23799844168325082,"[2,0,0.25,0.0]",stockpile,,F2,0,0.2129996814034368,attack_flow,permuted
0.23894151593019813,"[2,0,0.25,0.5]",stockpile,,F2,0,0.21347121852691048,attack_flow,permuted
0.23894151593019813,"[2,0,0.25,1.0]",stockpile,,F2,0,0.21347121852691048,attack_flow,permuted
0.23799844168325082,"[2,0,0.0,0.0]",stockpile,,F2,0,0.2129996814034368,attack_flow,permuted
0.23894151593019813,"[2,0,0.0,0.5]",stockpile,,F2,0,0.21347121852691048,attack_flow,permuted
0.23894151593019813,"[2,0,0.0,1.0]",stockpile,,F2,0,0.21347121852691048,attack_flow,permuted
0.19427925702024187,"[3,2,1.0,0.0]",stockpile,,F2,1,0.21719035476355758,ctid,permuted
0.19427925702024187,"[3,2,1.0,0.5]",stockpile,,F2,0,0.21719035476355758,ctid,permuted
0.19427925702024187,"[3,2,1.0,1.0]",stockpile,,F2,0,0.21719035476355758,ctid,permuted
0.19427925702024187,"[3,2,0.5,0.0]",stockpile,,F2,0,0.21719035476355758,ctid,permuted
0.19427925702024187,"[3,2,0.5,0.5]",stockpile,,F2,0,0.21719035476355758,ctid,permuted
0.19427925702024187,"[3,2,0.5,1.0]",stockpile,,F2,0,0.21719035476355758,ctid,permuted
0.19427925702024187,"[3,2,0.25,0.0]",stockpile,,F2,0,0.21719035476355758,ctid,permuted
0.19427925702024187,"[3,2,0.25,0.5]",stockpile,,F2,0,0.21719035476355758,ctid,permuted
0.19427925702024187,"[3,2,0.25,1.0]",stockpile,,F2,0,0.21719035476355758,ctid,permuted
0.19427925702024187,"[3,2,0.0,0.0]",stockpile,,F2,0,0.21719035476355758,ctid,permuted
0.19427925702024187,"[3,2,0.0,0.5]",stockpile,,F2,0,0.21719035476355758,ctid,permuted
0.19427925702024187,"[3,2,0.0,1.0]",stockpile,,F2,0,0.21719035476355758,ctid,permuted
0.18512675786705196,"[3,1,1.0,0.0]",stockpile,,F2,0,0.21098689944442395,ctid,permuted
0.18512675786705196,"[3,1,1.0,0.5]",stockpile,,F2,0,0.2114584365678976,ctid,permuted
0.18512675786705196,"[3,1,1.0,1.0]",stockpile,,F2,0,0.2114584365678976,ctid,permuted
0.18442852020344674,"[3,1,0.5,0.0]",stockpile,,F2,0,0.21051428279456869,ctid,permuted
0.18442852020344674,"[3,1,0.5,0.5]",stockpile,,F2,0,0.21098581991804236,ctid,permuted
0.18442852020344674,"[3,1,0.5,1.0]",stockpile,,F2,0,0.21098581991804236,ctid,permuted
0.18442852020344674,"[3,1,0.25,0.0]",stockpile,,F2,0,0.2102549373766582,ctid,permuted
0.18442852020344674,"[3,1,0.25,0.5]",stockpile,,F2,0,0.21072647450013188,ctid,permuted
0.18442852020344674,"[3,1,0.25,1.0]",stockpile,,F2,0,0.21072647450013188,ctid,permuted
0.18442852020344674,"[3,1,0.0,0.0]",stockpile,,F2,0,0.2102549373766582,ctid,permuted
0.18442852020344674,"[3,1,0.0,0.5]",stockpile,,F2,0,0.21072647450013188,ctid,permuted
0.18442852020344674,"[3,1,0.0,1.0]",stockpile,,F2,0,0.21072647450013188,ctid,permuted
0.18826253738003554,"[3,0,1.0,0.0]",stockpile,,F2,0,0.21338425324435928,ctid,permuted
0.18826253738003554,"[3,0,1.0,0.5]",stockpile,,F2,0,0.21385579036783292,ctid,permuted
0.18826253738003554,"[3,0,1.0,1.0]",stockpile,,F2,0,0.21385579036783292,ctid,permuted
0.1881499184020347,"[3,0,0.5,0.0]",stockpile,,F2,0,0.21320444593730623,ctid,permuted
0.1881499184020347,"[3,0,0.5,0.5]",stockpile,,F2,0,0.2136759830607799,ctid,permuted
0.1881499184020347,"[3,0,0.5,1.0]",stockpile,,F2,0,0.2136759830607799,ctid,permuted
0.1881499184020347,"[3,0,0.25,0.0]",stockpile,,F2,0,0.21349774738687366,ctid,permuted
0.1881499184020347,"[3,0,0.25,0.5]",stockpile,,F2,0,0.2139692845103473,ctid,permuted
0.1881499184020347,"[3,0,0.25,1.0]",stockpile,,F2,0,0.2139692845103473,ctid,permuted
0.1881499184020347,"[3,0,0.0,0.0]",stockpile,,F2,0,0.21349774738687366,ctid,permuted
0.1881499184020347,"[3,0,0.0,0.5]",stockpile,,F2,0,0.2139692845103473,ctid,permuted
0.1881499184020347,"[3,0,0.0,1.0]",stockpile,,F2,0,0.2139692845103473,ctid,permuted
0.19427925702024187,"[2,2,1.0,0.0]",stockpile,,F2,0,0.21719035476355758,ctid,permuted
0.19427925702024187,"[2,2,1.0,0.5]",stockpile,,F2,0,0.21719035476355758,ctid,permuted
0.19427925702024187,"[2,2,1.0,1.0]",stockpile,,F2,0,0.21719035476355758,ctid,permuted
0.19427925702024187,"[2,2,0.5,0.0]",stockpile,,F2,0,0.21719035476355758,ctid,permuted
0.19427925702024187,"[2,2,0.5,0.5]",stockpile,,F2,0,0.21719035476355758,ctid,permuted
0.19427925702024187,"[2,2,0.5,1.0]",stockpile,,F2,0,0.21719035476355758,ctid,permuted
0.19427925702024187,"[2,2,0.25,0.0]",stockpile,,F2,0,0.21719035476355758,ctid,permuted
0.19427925702024187,"[2,2,0.25,0.5]",stockpile,,F2,0,0.21719035476355758,ctid,permuted
0.19427925702024187,"[2,2,0.25,1.0]",stockpile,,F2,0,0.21719035476355758,ctid,permuted
0.19427925702024187,"[2,2,0.0,0.0]",stockpile,,F2,0,0.21719035476355758,ctid,permuted
0.19427925702024187,"[2,2,0.0,0.5]",stockpile,,F2,0,0.21719035476355758,ctid,permuted
0.19427925702024187,"[2,2,0.0,1.0]",stockpile,,F2,0,0.21719035476355758,ctid,permuted
0.18555437422501142,"[2,1,1.0,0.0]",stockpile,,F2,0,0.21077714027917277,ctid,permuted
0.18555437422501142,"[2,1,1.0,0.5]",stockpile,,F2,0,0.2112486774026464,ctid,permuted
0.18555437422501142,"[2,1,1.0,1.0]",stockpile,,F2,0,0.2112486774026464,ctid,permuted
0.1848561365614062,"[2,1,0.5,0.0]",stockpile,,F2,0,0.21030452362931756,ctid,permuted
0.1848561365614062,"[2,1,0.5,0.5]",stockpile,,F2,0,0.2107760607527912,ctid,permuted
0.1848561365614062,"[2,1,0.5,1.0]",stockpile,,F2,0,0.2107760607527912,ctid,permuted
0.1848561365614062,"[2,1,0.25,0.0]",stockpile,,F2,0,0.21004517821140706,ctid,permuted
0.1848561365614062,"[2,1,0.25,0.5]",stockpile,,F2,0,0.2105167153348807,ctid,permuted
0.1848561365614062,"[2,1,0.25,1.0]",stockpile,,F2,0,0.2105167153348807,ctid,permuted
0.1848561365614062,"[2,1,0.0,0.0]",stockpile,,F2,0,0.21004517821140706,ctid,permuted
0.1848561365614062,"[2,1,0.0,0.5]",stockpile,,F2,0,0.2105167153348807,ctid,permuted
0.1848561365614062,"[2,1,0.0,1.0]",stockpile,,F2,0,0.2105167153348807,ctid,permuted
0.188699158787228,"[2,0,1.0,0.0]",stockpile,,F2,0,0.21317899660372464,ctid,permuted
0.188699158787228,"[2,0,1.0,0.5]",stockpile,,F2,0,0.21365053372719828,ctid,permuted
0.188699158787228,"[2,0,1.0,1.0]",stockpile,,F2,0,0.21365053372719828,ctid,permuted
0.1880009211236228,"[2,0,0.5,0.0]",stockpile,,F2,0,0.2127063799538694,ctid,permuted
0.1880009211236228,"[2,0,0.5,0.5]",stockpile,,F2,0,0.21317791707734302,ctid,permuted
0.1880009211236228,"[2,0,0.5,1.0]",stockpile,,F2,0,0.21317791707734302,ctid,permuted
0.1880009211236228,"[2,0,0.25,0.0]",stockpile,,F2,0,0.2129996814034368,ctid,permuted
0.1880009211236228,"[2,0,0.25,0.5]",stockpile,,F2,0,0.21347121852691048,ctid,permuted
0.1880009211236228,"[2,0,0.25,1.0]",stockpile,,F2,0,0.21347121852691048,ctid,permuted
0.1880009211236228,"[2,0,0.0,0.0]",stockpile,,F2,0,0.2129996814034368,ctid,permuted
0.1880009211236228,"[2,0,0.0,0.5]",stockpile,,F2,0,0.21347121852691048,ctid,permuted
0.1880009211236228,"[2,0,0.0,1.0]",stockpile,,F2,0,0.21347121852691048,ctid,permuted
0.2230035772095227,,stockpile,0.001,F3,0,0.2034172398365714,attack_flow,permuted
0.22825904476042266,,stockpile,0.01,F3,0,0.20658855618447225,attack_flow,permuted
0.23628540406711077,,stockpile,0.1,F3,0,0.21528233054367632,attack_flow,permuted
0.23906024271539025,,stockpile,1.0,F3,1,0.21666974986781606,attack_flow,permuted
0.18383090246362008,,stockpile,0.001,F3,0,0.2034172398365714,ctid,permuted
0.18491806760852186,,stockpile,0.01,F3,0,0.20658855618447225,ctid,permuted
0.19427925702024187,,stockpile,0.1,F3,0,0.21528233054367632,ctid,permuted
0.19427925702024187,,stockpile,1.0,F3,1,0.21666974986781606,ctid,permuted
0.24046147557622477,1.64,stockpile,,F4,1,0.21773778571396107,attack_flow,permuted
0.22558966948194756,1.0,stockpile,,F4,0,0.2101610761732925,attack_flow,permuted
0.2270145975756016,0.5,stockpile,,F4,0,0.20881402697134743,attack_flow,permuted
0.2270145975756016,0.0,stockpile,,F4,0,0.21357116602123571,attack_flow,permuted
0.19501409585169735,1.64,stockpile,,F4,1,0.21773778571396107,ctid,permuted
0.19473248286463743,1.0,stockpile,,F4,0,0.2101610761732925,ctid,permuted
0.19061345636709326,0.5,stockpile,,F4,0,0.20881402697134743,ctid,permuted
0.20012773446686985,0.0,stockpile,,F4,0,0.21357116602123571,ctid,permuted
0.22634127703294848,,stockpile,0.001,F1,0,0.215140655766185,attack_flow,no_prior
0.22765402824862177,,stockpile,0.01,F1,0,0.21613229709490972,attack_flow,no_prior
0.231443013397556,,stockpile,0.1,F1,1,0.21748411305739435,attack_flow,no_prior
0.23134613311937988,,stockpile,1.0,F1,0,0.21683865595963098,attack_flow,no_prior
0.2039400344994215,,stockpile,0.001,F1,0,0.215140655766185,ctid,no_prior
0.2046105659411977,,stockpile,0.01,F1,0,0.21613229709490972,ctid,no_prior
0.20352521271723273,,stockpile,0.1,F1,1,0.21748411305739435,ctid,no_prior
0.20233117879988205,,stockpile,1.0,F1,0,0.21683865595963098,ctid,no_prior
0.24010145250687326,"[3,2,1.0,0.0]",stockpile,,F2,0,0.21719035476355758,attack_flow,no_prior
0.24010145250687326,"[3,2,1.0,0.5]",stockpile,,F2,0,0.21719035476355758,attack_flow,no_prior
0.24010145250687326,"[3,2,1.0,1.0]",stockpile,,F2,0,0.21719035476355758,attack_flow,no_prior
0.24010145250687326,"[3,2,0.5,0.0]",stockpile,,F2,0,0.21719035476355758,attack_flow,no_prior
0.24010145250687326,"[3,2,0.5,0.5]",stockpile,,F2,0,0.21719035476355758,attack_flow,no_prior
0.24010145250687326,"[3,2,0.5,1.0]",stockpile,,F2,0,0.21719035476355758,attack_flow,no_prior
0.24010145250687326,"[3,2,0.25,0.0]",stockpile,,F2,0,0.21719035476355758,attack_flow,no_prior
0.24010145250687326,"[3,2,0.25,0.5]",stockpile,,F2,0,0.21719035476355758,attack_flow,no_prior
0.24010145250687326,"[3,2,0.25,1.0]",stockpile,,F2,0,0.21719035476355758,attack_flow,no_prior
0.24010145250687326,"[3,2,0.0,0.0]",stockpile,,F2,0,0.21719035476355758,attack_flow,no_prior
0.24010145250687326,"[3,2,0.0,0.5]",stockpile,,F2,0,0.21719035476355758,attack_flow,no_prior
0.24010145250687326,"[3,2,0.0,1.0]",stockpile,,F2,0,0.21719035476355758,attack_flow,no_prior
0.23806962963608216,"[3,1,1.0,0.0]",stockpile,,F2,0,0.2181232590203297,attack_flow,no_prior
0.237709427666762,"[3,1,1.0,0.5]",stockpile,,F2,0,0.2184208995949784,attack_flow,no_prior
0.237709427666762,"[3,1,1.0,1.0]",stockpile,,F2,0,0.2178535814932992,attack_flow,no_prior
0.2374212660913059,"[3,1,0.5,0.0]",stockpile,,F2,0,0.21693894980346012,attack_flow,no_prior
0.237709427666762,"[3,1,0.5,0.5]",stockpile,,F2,0,0.2170830305911882,attack_flow,no_prior
0.237709427666762,"[3,1,0.5,1.0]",stockpile,,F2,0,0.2178535814932992,attack_flow,no_prior
0.2374212660913059,"[3,1,0.25,0.0]",stockpile,,F2,0,0.21654429373272677,attack_flow,no_prior
0.237709427666762,"[3,1,0.25,0.5]",stockpile,,F2,0,0.2170830305911882,attack_flow,no_prior
0.237709427666762,"[3,1,0.25,1.0]",stockpile,,F2,0,0.21756077215049702,attack_flow,no_prior
0.2374212660913059,"[3,1,0.0,0.0]",stockpile,,F2,0,0.21654429373272677,attack_flow,no_prior
0.237709427666762,"[3,1,0.0,0.5]",stockpile,,F2,0,0.2170830305911882,attack_flow,no_prior
0.237709427666762,"[3,1,0.0,1.0]",stockpile,,F2,0,0.21756077215049702,attack_flow,no_prior
0.24167947206440624,"[3,0,1.0,0.0]",stockpile,,F2,0,0.21922366034130802,attack_flow,no_prior
0.24131927009508614,"[3,0,1.0,0.5]",stockpile,,F2,1,0.21952130091595679,attack_flow,no_prior
0.24131927009508614,"[3,0,1.0,1.0]",stockpile,,F2,0,0.21895398281427755,attack_flow,no_prior
0.24103110851962997,"[3,0,0.5,0.0]",stockpile,,F2,0,0.21803935112443845,attack_flow,no_prior
0.24131927009508614,"[3,0,0.5,0.5]",stockpile,,F2,0,0.21818343191216655,attack_flow,no_prior
0.24131927009508614,"[3,0,0.5,1.0]",stockpile,,F2,0,0.21895398281427755,attack_flow,no_prior
0.24103110851962997,"[3,0,0.25,0.0]",stockpile,,F2,0,0.2176446950537051,attack_flow,no_prior
0.24131927009508614,"[3,0,0.25,0.5]",stockpile,,F2,0,0.21818343191216655,attack_flow,no_prior
0.24131927009508614,"[3,0,0.25,1.0]",stockpile,,F2,0,0.21866117347147537,attack_flow,no_prior
0.24103110851962997,"[3,0,0.0,0.0]",stockpile,,F2,0,0.2176446950537051,attack_flow,no_prior
0.24131927009508614,"[3,0,0.0,0.5]",stockpile,,F2,0,0.21818343191216655,attack_flow,no_prior
0.24131927009508614,"[3,0,0.0,1.0]",stockpile,,F2,0,0.21866117347147537,attack_flow,no_prior
0.24010145250687326,"[2,2,1.0,0.0]",stockpile,,F2,0,0.21719035476355758,attack_flow,no_prior
0.24010145250687326,"[2,2,1.0,0.5]",stockpile,,F2,0,0.21719035476355758,attack_flow,no_prior
0.24010145250687326,"[2,2,1.0,1.0]",stockpile,,F2,0,0.21719035476355758,attack_flow,no_prior
0.24010145250687326,"[2,2,0.5,0.0]",stockpile,,F2,0,0.21719035476355758,attack_flow,no_prior
0.24010145250687326,"[2,2,0.5,0.5]",stockpile,,F2,0,0.21719035476355758,attack_flow,no_prior
0.24010145250687326,"[2,2,0.5,1.0]",stockpile,,F2,0,0.21719035476355758,attack_flow,no_prior
0.24010145250687326,"[2,2,0.25,0.0]",stockpile,,F2,0,0.21719035476355758,attack_flow,no_prior
0.24010145250687326,"[2,2,0.25,0.5]",stockpile,,F2,0,0.21719035476355758,attack_flow,no_prior
0.24010145250687326,"[2,2,0.25,1.0]",stockpile,,F2,0,0.21719035476355758,attack_flow,no_prior
0.24010145250687326,"[2,2,0.0,0.0]",stockpile,,F2,0,0.21719035476355758,attack_flow,no_prior
0.24010145250687326,"[2,2,0.0,0.5]",stockpile,,F2,0,0.21719035476355758,attack_flow,no_prior
0.24010145250687326,"[2,2,0.0,1.0]",stockpile,,F2,0,0.21719035476355758,attack_flow,no_prior
0.23627331415384575,"[2,1,1.0,0.0]",stockpile,,F2,0,0.21706822242460116,attack_flow,no_prior
0.23591311218452557,"[2,1,1.0,0.5]",stockpile,,F2,0,0.21722178221152186,attack_flow,no_prior
0.23588223773001243,"[2,1,1.0,1.0]",stockpile,,F2,0,0.21720634498426528,attack_flow,no_prior
0.23562495060906946,"[2,1,0.5,0.0]",stockpile,,F2,0,0.21674404065221303,attack_flow,no_prior
0.23591311218452557,"[2,1,0.5,0.5]",stockpile,,F2,0,0.21674404065221303,attack_flow,no_prior
0.23588223773001243,"[2,1,0.5,1.0]",stockpile,,F2,0,0.21720634498426528,attack_flow,no_prior
0.23562495060906946,"[2,1,0.25,0.0]",stockpile,,F2,0,0.21622839345054065,attack_flow,no_prior
0.23591311218452557,"[2,1,0.25,0.5]",stockpile,,F2,0,0.21622839345054065,attack_flow,no_prior
0.23588223773001243,"[2,1,0.25,1.0]",stockpile,,F2,0,0.21669069778259292,attack_flow,no_prior
0.23562495060906946,"[2,1,0.0,0.0]",stockpile,,F2,0,0.21622839345054065,attack_flow,no_prior
0.23591311218452557,"[2,1,0.0,0.5]",stockpile,,F2,0,0.21622839345054065,attack_flow,no_prior
0.23588223773001243,"[2,1,0.0,1.0]",stockpile,,F2,0,0.21669069778259292,attack_flow,no_prior
0.24044791304114435,"[2,0,1.0,0.0]",stockpile,,F2,0,0.21805207829404472,attack_flow,no_prior
0.24008771107182422,"[2,0,1.0,0.5]",stockpile,,F2,0,0.2182056380809654,attack_flow,no_prior
0.24005683661731106,"[2,0,1.0,1.0]",stockpile,,F2,0,0.21819020085370883,attack_flow,no_prior
0.23979954949636811,"[2,0,0.5,0.0]",stockpile,,F2,0,0.21772789652165658,attack_flow,no_prior
0.24008771107182422,"[2,0,0.5,0.5]",stockpile,,F2,0,0.21772789652165658,attack_flow,no_prior
0.2411621303522669,"[2,0,0.5,1.0]",stockpile,,F2,0,0.21874284772118674,attack_flow,no_prior
0.24090484323132394,"[2,0,0.25,0.0]",stockpile,,F2,0,0.21776489618746214,attack_flow,no_prior
0.24119300480678005,"[2,0,0.25,0.5]",stockpile,,F2,0,0.21776489618746211,attack_flow,no_prior
0.2411621303522669,"[2,0,0.25,1.0]",stockpile,,F2,0,0.21822720051951439,attack_flow,no_prior
0.24090484323132394,"[2,0,0.0,0.0]",stockpile,,F2,0,0.21776489618746214,attack_flow,no_prior
0.24119300480678005,"[2,0,0.0,0.5]",stockpile,,F2,0,0.21776489618746211,attack_flow,no_prior
0.2411621303522669,"[2,0,0.0,1.0]",stockpile,,F2,0,0.21822720051951439,attack_flow,no_prior
0.19427925702024187,"[3,2,1.0,0.0]",stockpile,,F2,0,0.21719035476355758,ctid,no_prior
0.19427925702024187,"[3,2,1.0,0.5]",stockpile,,F2,0,0.21719035476355758,ctid,no_prior
0.19427925702024187,"[3,2,1.0,1.0]",stockpile,,F2,0,0.21719035476355758,ctid,no_prior
0.19427925702024187,"[3,2,0.5,0.0]",stockpile,,F2,0,0.21719035476355758,ctid,no_prior
0.19427925702024187,"[3,2,0.5,0.5]",stockpile,,F2,0,0.21719035476355758,ctid,no_prior
0.19427925702024187,"[3,2,0.5,1.0]",stockpile,,F2,0,0.21719035476355758,ctid,no_prior
0.19427925702024187,"[3,2,0.25,0.0]",stockpile,,F2,0,0.21719035476355758,ctid,no_prior
0.19427925702024187,"[3,2,0.25,0.5]",stockpile,,F2,0,0.21719035476355758,ctid,no_prior
0.19427925702024187,"[3,2,0.25,1.0]",stockpile,,F2,0,0.21719035476355758,ctid,no_prior
0.19427925702024187,"[3,2,0.0,0.0]",stockpile,,F2,0,0.21719035476355758,ctid,no_prior
0.19427925702024187,"[3,2,0.0,0.5]",stockpile,,F2,0,0.21719035476355758,ctid,no_prior
0.19427925702024187,"[3,2,0.0,1.0]",stockpile,,F2,0,0.21719035476355758,ctid,no_prior
0.1981768884045772,"[3,1,1.0,0.0]",stockpile,,F2,0,0.2181232590203297,ctid,no_prior
0.19913237152319482,"[3,1,1.0,0.5]",stockpile,,F2,0,0.2184208995949784,ctid,no_prior
0.1979977353198364,"[3,1,1.0,1.0]",stockpile,,F2,0,0.2178535814932992,ctid,no_prior
0.19645663351561438,"[3,1,0.5,0.0]",stockpile,,F2,0,0.21693894980346012,ctid,no_prior
0.19645663351561438,"[3,1,0.5,0.5]",stockpile,,F2,0,0.2170830305911882,ctid,no_prior
0.1979977353198364,"[3,1,0.5,1.0]",stockpile,,F2,0,0.2178535814932992,ctid,no_prior
0.19566732137414763,"[3,1,0.25,0.0]",stockpile,,F2,0,0.21654429373272677,ctid,no_prior
0.19645663351561438,"[3,1,0.25,0.5]",stockpile,,F2,0,0.2170830305911882,ctid,no_prior
0.19741211663423203,"[3,1,0.25,1.0]",stockpile,,F2,0,0.21756077215049702,ctid,no_prior
0.19566732137414763,"[3,1,0.0,0.0]",stockpile,,F2,0,0.21654429373272677,ctid,no_prior
0.19645663351561438,"[3,1,0.0,0.5]",stockpile,,F2,0,0.2170830305911882,ctid,no_prior
0.19741211663423203,"[3,1,0.0,1.0]",stockpile,,F2,0,0.21756077215049702,ctid,no_prior
0.19676784861820978,"[3,0,1.0,0.0]",stockpile,,F2,0,0.21922366034130802,ctid,no_prior
0.19772333173682743,"[3,0,1.0,0.5]",stockpile,,F2,1,0.21952130091595679,ctid,no_prior
0.19658869553346897,"[3,0,1.0,1.0]",stockpile,,F2,0,0.21895398281427755,ctid,no_prior
0.19504759372924696,"[3,0,0.5,0.0]",stockpile,,F2,0,0.21803935112443845,ctid,no_prior
0.19504759372924696,"[3,0,0.5,0.5]",stockpile,,F2,0,0.21818343191216655,ctid,no_prior
0.19658869553346897,"[3,0,0.5,1.0]",stockpile,,F2,0,0.21895398281427755,ctid,no_prior
0.1942582815877802,"[3,0,0.25,0.0]",stockpile,,F2,0,0.2176446950537051,ctid,no_prior
0.19504759372924696,"[3,0,0.25,0.5]",stockpile,,F2,0,0.21818343191216655,ctid,no_prior
0.1960030768478646,"[3,0,0.25,1.0]",stockpile,,F2,0,0.21866117347147537,ctid,no_prior
0.1942582815877802,"[3,0,0.0,0.0]",stockpile,,F2,0,0.2176446950537051,ctid,no_prior
0.19504759372924696,"[3,0,0.0,0.5]",stockpile,,F2,0,0.21818343191216655,ctid,no_prior
0.1960030768478646,"[3,0,0.0,1.0]",stockpile,,F2,0,0.21866117347147537,ctid,no_prior
0.19427925702024187,"[2,2,1.0,0.0]",stockpile,,F2,0,0.21719035476355758,ctid,no_prior
0.19427925702024187,"[2,2,1.0,0.5]",stockpile,,F2,0,0.21719035476355758,ctid,no_prior
0.19427925702024187,"[2,2,1.0,1.0]",stockpile,,F2,0,0.21719035476355758,ctid,no_prior
0.19427925702024187,"[2,2,0.5,0.0]",stockpile,,F2,0,0.21719035476355758,ctid,no_prior
0.19427925702024187,"[2,2,0.5,0.5]",stockpile,,F2,0,0.21719035476355758,ctid,no_prior
0.19427925702024187,"[2,2,0.5,1.0]",stockpile,,F2,0,0.21719035476355758,ctid,no_prior
0.19427925702024187,"[2,2,0.25,0.0]",stockpile,,F2,0,0.21719035476355758,ctid,no_prior
0.19427925702024187,"[2,2,0.25,0.5]",stockpile,,F2,0,0.21719035476355758,ctid,no_prior
0.19427925702024187,"[2,2,0.25,1.0]",stockpile,,F2,0,0.21719035476355758,ctid,no_prior
0.19427925702024187,"[2,2,0.0,0.0]",stockpile,,F2,0,0.21719035476355758,ctid,no_prior
0.19427925702024187,"[2,2,0.0,0.5]",stockpile,,F2,0,0.21719035476355758,ctid,no_prior
0.19427925702024187,"[2,2,0.0,1.0]",stockpile,,F2,0,0.21719035476355758,ctid,no_prior
0.1978631306953566,"[2,1,1.0,0.0]",stockpile,,F2,0,0.21706822242460116,ctid,no_prior
0.19853045223851815,"[2,1,1.0,0.5]",stockpile,,F2,0,0.21722178221152186,ctid,no_prior
0.19853045223851815,"[2,1,1.0,1.0]",stockpile,,F2,0,0.21720634498426528,ctid,no_prior
0.1978631306953566,"[2,1,0.5,0.0]",stockpile,,F2,0,0.21674404065221303,ctid,no_prior
0.19757496911990052,"[2,1,0.5,0.5]",stockpile,,F2,0,0.21674404065221303,ctid,no_prior
0.19853045223851815,"[2,1,0.5,1.0]",stockpile,,F2,0,0.21720634498426528,ctid,no_prior
0.19683183629201184,"[2,1,0.25,0.0]",stockpile,,F2,0,0.21622839345054065,ctid,no_prior
0.19654367471655573,"[2,1,0.25,0.5]",stockpile,,F2,0,0.21622839345054065,ctid,no_prior
0.19749915783517338,"[2,1,0.25,1.0]",stockpile,,F2,0,0.21669069778259292,ctid,no_prior
0.19683183629201184,"[2,1,0.0,0.0]",stockpile,,F2,0,0.21622839345054065,ctid,no_prior
0.19654367471655573,"[2,1,0.0,0.5]",stockpile,,F2,0,0.21622839345054065,ctid,no_prior
0.19749915783517338,"[2,1,0.0,1.0]",stockpile,,F2,0,0.21669069778259292,ctid,no_prior
0.19565624354694508,"[2,0,1.0,0.0]",stockpile,,F2,0,0.21805207829404472,ctid,no_prior
0.1963235650901066,"[2,0,1.0,0.5]",stockpile,,F2,0,0.2182056380809654,ctid,no_prior
0.1963235650901066,"[2,0,1.0,1.0]",stockpile,,F2,0,0.21819020085370883,ctid,no_prior
0.19565624354694508,"[2,0,0.5,0.0]",stockpile,,F2,0,0.21772789652165658,ctid,no_prior
0.19536808197148897,"[2,0,0.5,0.5]",stockpile,,F2,0,0.21772789652165658,ctid,no_prior
0.1963235650901066,"[2,0,0.5,1.0]",stockpile,,F2,0,0.21874284772118674,ctid,no_prior
0.19462494914360032,"[2,0,0.25,0.0]",stockpile,,F2,0,0.21776489618746214,ctid,no_prior
0.19433678756814418,"[2,0,0.25,0.5]",stockpile,,F2,0,0.21776489618746211,ctid,no_prior
0.19529227068676186,"[2,0,0.25,1.0]",stockpile,,F2,0,0.21822720051951439,ctid,no_prior
0.19462494914360032,"[2,0,0.0,0.0]",stockpile,,F2,0,0.21776489618746214,ctid,no_prior
0.19433678756814418,"[2,0,0.0,0.5]",stockpile,,F2,0,0.21776489618746211,ctid,no_prior
0.19529227068676186,"[2,0,0.0,1.0]",stockpile,,F2,0,0.21822720051951439,ctid,no_prior
0.2298859158300008,,stockpile,0.001,F3,0,0.2121830071542108,attack_flow,no_prior
0.23573102485223174,,stockpile,0.01,F3,0,0.21468448486268604,attack_flow,no_prior
0.2401690152729809,,stockpile,0.1,F3,1,0.21848534676724463,attack_flow,no_prior
0.24010145250687326,,stockpile,1.0,F3,0,0.21719035476355758,attack_flow,no_prior
0.1944800984784208,,stockpile,0.001,F3,0,0.2121830071542108,ctid,no_prior
0.19363794487314037,,stockpile,0.01,F3,0,0.21468448486268604,ctid,no_prior
0.19680167826150838,,stockpile,0.1,F3,1,0.21848534676724463,ctid,no_prior
0.19427925702024187,,stockpile,1.0,F3,0,0.21719035476355758,ctid,no_prior
0.24126963702118412,1.64,stockpile,,F4,1,0.217774447020713,attack_flow,no_prior
0.2390273287134336,1.0,stockpile,,F4,0,0.21581632760261438,attack_flow,no_prior
0.24165152837197787,0.5,stockpile,,F4,0,0.2171284274318865,attack_flow,no_prior
0.2399490888237579,0.0,stockpile,,F4,0,0.21351930390281487,attack_flow,no_prior
0.19427925702024187,1.64,stockpile,,F4,1,0.217774447020713,ctid,no_prior
0.19260532649179515,1.0,stockpile,,F4,0,0.21581632760261438,ctid,no_prior
0.19260532649179515,0.5,stockpile,,F4,0,0.2171284274318865,ctid,no_prior
0.18708951898187184,0.0,stockpile,,F4,0,0.21351930390281487,ctid,no_prior
0.22637736939614847,,stockpile,0.001,F1,0,0.21064986899790594,attack_flow,equal_capacity
0.22722064383216792,,stockpile,0.01,F1,0,0.21092636555512934,attack_flow,equal_capacity
0.23268749733044092,,stockpile,0.1,F1,0,0.2139750963112308,attack_flow,equal_capacity
0.24417986696178182,,stockpile,1.0,F1,1,0.22052337393462745,attack_flow,equal_capacity
0.19492236859966344,,stockpile,0.001,F1,0,0.21064986899790594,ctid,equal_capacity
0.19463208727809078,,stockpile,0.01,F1,0,0.21092636555512934,ctid,equal_capacity
0.1952626952920207,,stockpile,0.1,F1,0,0.2139750963112308,ctid,equal_capacity
0.19686688090747306,,stockpile,1.0,F1,1,0.22052337393462745,ctid,equal_capacity
0.24010145250687326,"[3,2,1.0,0.0]",stockpile,,F2,1,0.21719035476355758,attack_flow,equal_capacity
0.24010145250687326,"[3,2,1.0,0.5]",stockpile,,F2,0,0.21719035476355758,attack_flow,equal_capacity
0.24010145250687326,"[3,2,1.0,1.0]",stockpile,,F2,0,0.21719035476355758,attack_flow,equal_capacity
0.24010145250687326,"[3,2,0.5,0.0]",stockpile,,F2,0,0.21719035476355758,attack_flow,equal_capacity
0.24010145250687326,"[3,2,0.5,0.5]",stockpile,,F2,0,0.21719035476355758,attack_flow,equal_capacity
0.24010145250687326,"[3,2,0.5,1.0]",stockpile,,F2,0,0.21719035476355758,attack_flow,equal_capacity
0.24010145250687326,"[3,2,0.25,0.0]",stockpile,,F2,0,0.21719035476355758,attack_flow,equal_capacity
0.24010145250687326,"[3,2,0.25,0.5]",stockpile,,F2,0,0.21719035476355758,attack_flow,equal_capacity
0.24010145250687326,"[3,2,0.25,1.0]",stockpile,,F2,0,0.21719035476355758,attack_flow,equal_capacity
0.24010145250687326,"[3,2,0.0,0.0]",stockpile,,F2,0,0.21719035476355758,attack_flow,equal_capacity
0.24010145250687326,"[3,2,0.0,0.5]",stockpile,,F2,0,0.21719035476355758,attack_flow,equal_capacity
0.24010145250687326,"[3,2,0.0,1.0]",stockpile,,F2,0,0.21719035476355758,attack_flow,equal_capacity
0.24010145250687326,"[3,1,1.0,0.0]",stockpile,,F2,0,0.21719035476355758,attack_flow,equal_capacity
0.24010145250687326,"[3,1,1.0,0.5]",stockpile,,F2,0,0.21719035476355758,attack_flow,equal_capacity
0.24010145250687326,"[3,1,1.0,1.0]",stockpile,,F2,0,0.21719035476355758,attack_flow,equal_capacity
0.24010145250687326,"[3,1,0.5,0.0]",stockpile,,F2,0,0.21719035476355758,attack_flow,equal_capacity
0.24010145250687326,"[3,1,0.5,0.5]",stockpile,,F2,0,0.21719035476355758,attack_flow,equal_capacity
0.24010145250687326,"[3,1,0.5,1.0]",stockpile,,F2,0,0.21719035476355758,attack_flow,equal_capacity
0.24010145250687326,"[3,1,0.25,0.0]",stockpile,,F2,0,0.21719035476355758,attack_flow,equal_capacity
0.24010145250687326,"[3,1,0.25,0.5]",stockpile,,F2,0,0.21719035476355758,attack_flow,equal_capacity
0.24010145250687326,"[3,1,0.25,1.0]",stockpile,,F2,0,0.21719035476355758,attack_flow,equal_capacity
0.24010145250687326,"[3,1,0.0,0.0]",stockpile,,F2,0,0.21719035476355758,attack_flow,equal_capacity
0.24010145250687326,"[3,1,0.0,0.5]",stockpile,,F2,0,0.21719035476355758,attack_flow,equal_capacity
0.24010145250687326,"[3,1,0.0,1.0]",stockpile,,F2,0,0.21719035476355758,attack_flow,equal_capacity
0.23981907427738597,"[3,0,1.0,0.0]",stockpile,,F2,0,0.21704916564881394,attack_flow,equal_capacity
0.24010145250687326,"[3,0,1.0,0.5]",stockpile,,F2,0,0.21719035476355758,attack_flow,equal_capacity
0.24010145250687326,"[3,0,1.0,1.0]",stockpile,,F2,0,0.21719035476355758,attack_flow,equal_capacity
0.23981907427738597,"[3,0,0.5,0.0]",stockpile,,F2,0,0.21704916564881394,attack_flow,equal_capacity
0.24010145250687326,"[3,0,0.5,0.5]",stockpile,,F2,0,0.21719035476355758,attack_flow,equal_capacity
0.24010145250687326,"[3,0,0.5,1.0]",stockpile,,F2,0,0.21719035476355758,attack_flow,equal_capacity
0.23981907427738597,"[3,0,0.25,0.0]",stockpile,,F2,0,0.21704916564881394,attack_flow,equal_capacity
0.24010145250687326,"[3,0,0.25,0.5]",stockpile,,F2,0,0.21719035476355758,attack_flow,equal_capacity
0.24010145250687326,"[3,0,0.25,1.0]",stockpile,,F2,0,0.21719035476355758,attack_flow,equal_capacity
0.23981907427738597,"[3,0,0.0,0.0]",stockpile,,F2,0,0.21704916564881394,attack_flow,equal_capacity
0.23981907427738597,"[3,0,0.0,0.5]",stockpile,,F2,0,0.21704916564881394,attack_flow,equal_capacity
0.24010145250687326,"[3,0,0.0,1.0]",stockpile,,F2,0,0.21719035476355758,attack_flow,equal_capacity
0.24010145250687326,"[2,2,1.0,0.0]",stockpile,,F2,0,0.21719035476355758,attack_flow,equal_capacity
0.24010145250687326,"[2,2,1.0,0.5]",stockpile,,F2,0,0.21719035476355758,attack_flow,equal_capacity
0.24010145250687326,"[2,2,1.0,1.0]",stockpile,,F2,0,0.21719035476355758,attack_flow,equal_capacity
0.24010145250687326,"[2,2,0.5,0.0]",stockpile,,F2,0,0.21719035476355758,attack_flow,equal_capacity
0.24010145250687326,"[2,2,0.5,0.5]",stockpile,,F2,0,0.21719035476355758,attack_flow,equal_capacity
0.24010145250687326,"[2,2,0.5,1.0]",stockpile,,F2,0,0.21719035476355758,attack_flow,equal_capacity
0.24010145250687326,"[2,2,0.25,0.0]",stockpile,,F2,0,0.21719035476355758,attack_flow,equal_capacity
0.24010145250687326,"[2,2,0.25,0.5]",stockpile,,F2,0,0.21719035476355758,attack_flow,equal_capacity
0.24010145250687326,"[2,2,0.25,1.0]",stockpile,,F2,0,0.21719035476355758,attack_flow,equal_capacity
0.24010145250687326,"[2,2,0.0,0.0]",stockpile,,F2,0,0.21719035476355758,attack_flow,equal_capacity
0.24010145250687326,"[2,2,0.0,0.5]",stockpile,,F2,0,0.21719035476355758,attack_flow,equal_capacity
0.24010145250687326,"[2,2,0.0,1.0]",stockpile,,F2,0,0.21719035476355758,attack_flow,equal_capacity
0.24010145250687326,"[2,1,1.0,0.0]",stockpile,,F2,0,0.21719035476355758,attack_flow,equal_capacity
0.24010145250687326,"[2,1,1.0,0.5]",stockpile,,F2,0,0.21719035476355758,attack_flow,equal_capacity
0.24010145250687326,"[2,1,1.0,1.0]",stockpile,,F2,0,0.21719035476355758,attack_flow,equal_capacity
0.24010145250687326,"[2,1,0.5,0.0]",stockpile,,F2,0,0.21719035476355758,attack_flow,equal_capacity
0.24010145250687326,"[2,1,0.5,0.5]",stockpile,,F2,0,0.21719035476355758,attack_flow,equal_capacity
0.24010145250687326,"[2,1,0.5,1.0]",stockpile,,F2,0,0.21719035476355758,attack_flow,equal_capacity
0.24010145250687326,"[2,1,0.25,0.0]",stockpile,,F2,0,0.21719035476355758,attack_flow,equal_capacity
0.24010145250687326,"[2,1,0.25,0.5]",stockpile,,F2,0,0.21719035476355758,attack_flow,equal_capacity
0.24010145250687326,"[2,1,0.25,1.0]",stockpile,,F2,0,0.21719035476355758,attack_flow,equal_capacity
0.24010145250687326,"[2,1,0.0,0.0]",stockpile,,F2,0,0.21719035476355758,attack_flow,equal_capacity
0.24010145250687326,"[2,1,0.0,0.5]",stockpile,,F2,0,0.21719035476355758,attack_flow,equal_capacity
0.24010145250687326,"[2,1,0.0,1.0]",stockpile,,F2,0,0.21719035476355758,attack_flow,equal_capacity
0.23184356146241467,"[2,0,1.0,0.0]",stockpile,,F2,0,0.2115019263548079,attack_flow,equal_capacity
0.23310859205493978,"[2,0,1.0,0.5]",stockpile,,F2,0,0.21320885338289391,attack_flow,equal_capacity
0.2332313247487324,"[2,0,1.0,1.0]",stockpile,,F2,0,0.21273148287132881,attack_flow,equal_capacity
0.22813585613645668,"[2,0,0.5,0.0]",stockpile,,F2,0,0.20773490964396196,attack_flow,equal_capacity
0.23095405622995777,"[2,0,0.5,0.5]",stockpile,,F2,0,0.2117871144059464,attack_flow,equal_capacity
0.2319412736501187,"[2,0,0.5,1.0]",stockpile,,F2,0,0.21269058469183688,attack_flow,equal_capacity
0.22701202599217785,"[2,0,0.25,0.0]",stockpile,,F2,0,0.2065375802153512,attack_flow,equal_capacity
0.2278419112150317,"[2,0,0.25,0.5]",stockpile,,F2,0,0.20944503293615052,attack_flow,equal_capacity
0.22900896559562897,"[2,0,0.25,1.0]",stockpile,,F2,0,0.2107875405340618,attack_flow,equal_capacity
0.22753071682799886,"[2,0,0.0,0.0]",stockpile,,F2,0,0.2064478068014591,attack_flow,equal_capacity
0.22801338746688785,"[2,0,0.0,0.5]",stockpile,,F2,0,0.21020344823978396,attack_flow,equal_capacity
0.22777707486055407,"[2,0,0.0,1.0]",stockpile,,F2,0,0.2100275143787963,attack_flow,equal_capacity
0.19427925702024187,"[3,2,1.0,0.0]",stockpile,,F2,1,0.21719035476355758,ctid,equal_capacity
0.19427925702024187,"[3,2,1.0,0.5]",stockpile,,F2,0,0.21719035476355758,ctid,equal_capacity
0.19427925702024187,"[3,2,1.0,1.0]",stockpile,,F2,0,0.21719035476355758,ctid,equal_capacity
0.19427925702024187,"[3,2,0.5,0.0]",stockpile,,F2,0,0.21719035476355758,ctid,equal_capacity
0.19427925702024187,"[3,2,0.5,0.5]",stockpile,,F2,0,0.21719035476355758,ctid,equal_capacity
0.19427925702024187,"[3,2,0.5,1.0]",stockpile,,F2,0,0.21719035476355758,ctid,equal_capacity
0.19427925702024187,"[3,2,0.25,0.0]",stockpile,,F2,0,0.21719035476355758,ctid,equal_capacity
0.19427925702024187,"[3,2,0.25,0.5]",stockpile,,F2,0,0.21719035476355758,ctid,equal_capacity
0.19427925702024187,"[3,2,0.25,1.0]",stockpile,,F2,0,0.21719035476355758,ctid,equal_capacity
0.19427925702024187,"[3,2,0.0,0.0]",stockpile,,F2,0,0.21719035476355758,ctid,equal_capacity
0.19427925702024187,"[3,2,0.0,0.5]",stockpile,,F2,0,0.21719035476355758,ctid,equal_capacity
0.19427925702024187,"[3,2,0.0,1.0]",stockpile,,F2,0,0.21719035476355758,ctid,equal_capacity
0.19427925702024187,"[3,1,1.0,0.0]",stockpile,,F2,0,0.21719035476355758,ctid,equal_capacity
0.19427925702024187,"[3,1,1.0,0.5]",stockpile,,F2,0,0.21719035476355758,ctid,equal_capacity
0.19427925702024187,"[3,1,1.0,1.0]",stockpile,,F2,0,0.21719035476355758,ctid,equal_capacity
0.19427925702024187,"[3,1,0.5,0.0]",stockpile,,F2,0,0.21719035476355758,ctid,equal_capacity
0.19427925702024187,"[3,1,0.5,0.5]",stockpile,,F2,0,0.21719035476355758,ctid,equal_capacity
0.19427925702024187,"[3,1,0.5,1.0]",stockpile,,F2,0,0.21719035476355758,ctid,equal_capacity
0.19427925702024187,"[3,1,0.25,0.0]",stockpile,,F2,0,0.21719035476355758,ctid,equal_capacity
0.19427925702024187,"[3,1,0.25,0.5]",stockpile,,F2,0,0.21719035476355758,ctid,equal_capacity
0.19427925702024187,"[3,1,0.25,1.0]",stockpile,,F2,0,0.21719035476355758,ctid,equal_capacity
0.19427925702024187,"[3,1,0.0,0.0]",stockpile,,F2,0,0.21719035476355758,ctid,equal_capacity
0.19427925702024187,"[3,1,0.0,0.5]",stockpile,,F2,0,0.21719035476355758,ctid,equal_capacity
0.19427925702024187,"[3,1,0.0,1.0]",stockpile,,F2,0,0.21719035476355758,ctid,equal_capacity
0.19427925702024187,"[3,0,1.0,0.0]",stockpile,,F2,0,0.21704916564881394,ctid,equal_capacity
0.19427925702024187,"[3,0,1.0,0.5]",stockpile,,F2,0,0.21719035476355758,ctid,equal_capacity
0.19427925702024187,"[3,0,1.0,1.0]",stockpile,,F2,0,0.21719035476355758,ctid,equal_capacity
0.19427925702024187,"[3,0,0.5,0.0]",stockpile,,F2,0,0.21704916564881394,ctid,equal_capacity
0.19427925702024187,"[3,0,0.5,0.5]",stockpile,,F2,0,0.21719035476355758,ctid,equal_capacity
0.19427925702024187,"[3,0,0.5,1.0]",stockpile,,F2,0,0.21719035476355758,ctid,equal_capacity
0.19427925702024187,"[3,0,0.25,0.0]",stockpile,,F2,0,0.21704916564881394,ctid,equal_capacity
0.19427925702024187,"[3,0,0.25,0.5]",stockpile,,F2,0,0.21719035476355758,ctid,equal_capacity
0.19427925702024187,"[3,0,0.25,1.0]",stockpile,,F2,0,0.21719035476355758,ctid,equal_capacity
0.19427925702024187,"[3,0,0.0,0.0]",stockpile,,F2,0,0.21704916564881394,ctid,equal_capacity
0.19427925702024187,"[3,0,0.0,0.5]",stockpile,,F2,0,0.21704916564881394,ctid,equal_capacity
0.19427925702024187,"[3,0,0.0,1.0]",stockpile,,F2,0,0.21719035476355758,ctid,equal_capacity
0.19427925702024187,"[2,2,1.0,0.0]",stockpile,,F2,0,0.21719035476355758,ctid,equal_capacity
0.19427925702024187,"[2,2,1.0,0.5]",stockpile,,F2,0,0.21719035476355758,ctid,equal_capacity
0.19427925702024187,"[2,2,1.0,1.0]",stockpile,,F2,0,0.21719035476355758,ctid,equal_capacity
0.19427925702024187,"[2,2,0.5,0.0]",stockpile,,F2,0,0.21719035476355758,ctid,equal_capacity
0.19427925702024187,"[2,2,0.5,0.5]",stockpile,,F2,0,0.21719035476355758,ctid,equal_capacity
0.19427925702024187,"[2,2,0.5,1.0]",stockpile,,F2,0,0.21719035476355758,ctid,equal_capacity
0.19427925702024187,"[2,2,0.25,0.0]",stockpile,,F2,0,0.21719035476355758,ctid,equal_capacity
0.19427925702024187,"[2,2,0.25,0.5]",stockpile,,F2,0,0.21719035476355758,ctid,equal_capacity
0.19427925702024187,"[2,2,0.25,1.0]",stockpile,,F2,0,0.21719035476355758,ctid,equal_capacity
0.19427925702024187,"[2,2,0.0,0.0]",stockpile,,F2,0,0.21719035476355758,ctid,equal_capacity
0.19427925702024187,"[2,2,0.0,0.5]",stockpile,,F2,0,0.21719035476355758,ctid,equal_capacity
0.19427925702024187,"[2,2,0.0,1.0]",stockpile,,F2,0,0.21719035476355758,ctid,equal_capacity
0.19427925702024187,"[2,1,1.0,0.0]",stockpile,,F2,0,0.21719035476355758,ctid,equal_capacity
0.19427925702024187,"[2,1,1.0,0.5]",stockpile,,F2,0,0.21719035476355758,ctid,equal_capacity
0.19427925702024187,"[2,1,1.0,1.0]",stockpile,,F2,0,0.21719035476355758,ctid,equal_capacity
0.19427925702024187,"[2,1,0.5,0.0]",stockpile,,F2,0,0.21719035476355758,ctid,equal_capacity
0.19427925702024187,"[2,1,0.5,0.5]",stockpile,,F2,0,0.21719035476355758,ctid,equal_capacity
0.19427925702024187,"[2,1,0.5,1.0]",stockpile,,F2,0,0.21719035476355758,ctid,equal_capacity
0.19427925702024187,"[2,1,0.25,0.0]",stockpile,,F2,0,0.21719035476355758,ctid,equal_capacity
0.19427925702024187,"[2,1,0.25,0.5]",stockpile,,F2,0,0.21719035476355758,ctid,equal_capacity
0.19427925702024187,"[2,1,0.25,1.0]",stockpile,,F2,0,0.21719035476355758,ctid,equal_capacity
0.19427925702024187,"[2,1,0.0,0.0]",stockpile,,F2,0,0.21719035476355758,ctid,equal_capacity
0.19427925702024187,"[2,1,0.0,0.5]",stockpile,,F2,0,0.21719035476355758,ctid,equal_capacity
0.19427925702024187,"[2,1,0.0,1.0]",stockpile,,F2,0,0.21719035476355758,ctid,equal_capacity
0.19116029124720113,"[2,0,1.0,0.0]",stockpile,,F2,0,0.2115019263548079,ctid,equal_capacity
0.19330911471084808,"[2,0,1.0,0.5]",stockpile,,F2,0,0.21320885338289391,ctid,equal_capacity
0.19223164099392523,"[2,0,1.0,1.0]",stockpile,,F2,0,0.21273148287132881,ctid,equal_capacity
0.18733396315146722,"[2,0,0.5,0.0]",stockpile,,F2,0,0.20773490964396196,ctid,equal_capacity
0.19262017258193503,"[2,0,0.5,0.5]",stockpile,,F2,0,0.2117871144059464,ctid,equal_capacity
0.19343989573355508,"[2,0,0.5,1.0]",stockpile,,F2,0,0.21269058469183688,ctid,equal_capacity
0.18606313443852457,"[2,0,0.25,0.0]",stockpile,,F2,0,0.2065375802153512,ctid,equal_capacity
0.19104815465726932,"[2,0,0.25,0.5]",stockpile,,F2,0,0.20944503293615052,ctid,equal_capacity
0.1925661154724946,"[2,0,0.25,1.0]",stockpile,,F2,0,0.2107875405340618,ctid,equal_capacity
0.18536489677491935,"[2,0,0.0,0.0]",stockpile,,F2,0,0.2064478068014591,ctid,equal_capacity
0.19239350901268007,"[2,0,0.0,0.5]",stockpile,,F2,0,0.21020344823978396,ctid,equal_capacity
0.1922779538970385,"[2,0,0.0,1.0]",stockpile,,F2,0,0.2100275143787963,ctid,equal_capacity
0.23121076462598766,,stockpile,0.001,F3,0,0.21274501082311476,attack_flow,equal_capacity
0.2324256227799378,,stockpile,0.01,F3,0,0.21335243990008984,attack_flow,equal_capacity
0.23972900907352185,,stockpile,0.1,F3,0,0.21700413304688188,attack_flow,equal_capacity
0.24010145250687326,,stockpile,1.0,F3,1,0.21719035476355758,attack_flow,equal_capacity
0.19427925702024187,,stockpile,0.001,F3,0,0.21274501082311476,ctid,equal_capacity
0.19427925702024187,,stockpile,0.01,F3,0,0.21335243990008984,ctid,equal_capacity
0.19427925702024187,,stockpile,0.1,F3,0,0.21700413304688188,ctid,equal_capacity
0.19427925702024187,,stockpile,1.0,F3,1,0.21719035476355758,ctid,equal_capacity
0.24010145250687326,1.64,stockpile,,F4,1,0.21719035476355758,attack_flow,equal_capacity
0.24010145250687326,1.0,stockpile,,F4,0,0.21719035476355758,attack_flow,equal_capacity
0.24010145250687326,0.5,stockpile,,F4,0,0.21719035476355758,attack_flow,equal_capacity
0.24010145250687326,0.0,stockpile,,F4,0,0.21719035476355758,attack_flow,equal_capacity
0.19427925702024187,1.64,stockpile,,F4,1,0.21719035476355758,ctid,equal_capacity
0.19427925702024187,1.0,stockpile,,F4,0,0.21719035476355758,ctid,equal_capacity
0.19427925702024187,0.5,stockpile,,F4,0,0.21719035476355758,ctid,equal_capacity
0.19427925702024187,0.0,stockpile,,F4,0,0.21719035476355758,ctid,equal_capacity
