source,campaign_id,step_index,stable_step_id,raw_technique_id,parent_technique_id,description_clean,description_chars,has_description,description_truncated,raw_description_had_attack_id,step_name_audit_only,description_raw_audit_only,source_file_audit_only,source_file_sha256
attack_flow,Black Basta Ransomware,0,attack_flow::Black Basta Ransomware::a3679838-b02f-4c2b-a0b6-d3450ca2e1dd,T1566.001,T1566,Victims receive spear phishing emails with malicious zip files attached.,72,1,0,0,Phishing: Spearphishing Attachment,Victims receive spear phishing emails with  malicious zip files attached.,data_v2/repro_external/attack_flow/corpus/Black Basta Ransomware.afb,7a899ca862eaa48b85da60e8e079095fba9e9cd3a54b273d1db82884c8b552aa
attack_flow,Black Basta Ransomware,1,attack_flow::Black Basta Ransomware::b2345e48-33c8-4a67-99cc-7dec00f978cc,T1140,T1140,"Due to password protection, the zip files are able to bypass some AV detections.",80,1,0,0,Deobfuscate/Decode Files or Information,"Due to password protection, the zip files are able to bypass some AV detections.",data_v2/repro_external/attack_flow/corpus/Black Basta Ransomware.afb,7a899ca862eaa48b85da60e8e079095fba9e9cd3a54b273d1db82884c8b552aa
attack_flow,Black Basta Ransomware,2,attack_flow::Black Basta Ransomware::e5715d9b-4fd2-4ad3-85f8-75d958bddb5d,T1204.002,T1204,"The zip files are extracted and usually contain a malicious document, such as a.doc,.pdf, or.xls.",97,1,0,0,User Execution: Malicious File,"The zip files are extracted and usually contain a malicious document, such as a .doc, .pdf, or .xls.",data_v2/repro_external/attack_flow/corpus/Black Basta Ransomware.afb,7a899ca862eaa48b85da60e8e079095fba9e9cd3a54b273d1db82884c8b552aa
attack_flow,Black Basta Ransomware,3,attack_flow::Black Basta Ransomware::b681891b-bd67-4d54-8cd0-ceb3cce9767c,T1059.005,T1059,The extracted files contain malicious macros.,45,1,0,0,Command and Scripting Interpreter: Visual Basic,The extracted files contain malicious macros.,data_v2/repro_external/attack_flow/corpus/Black Basta Ransomware.afb,7a899ca862eaa48b85da60e8e079095fba9e9cd3a54b273d1db82884c8b552aa
attack_flow,Black Basta Ransomware,4,attack_flow::Black Basta Ransomware::ec4f8e09-7106-478a-886b-82d0732cf97a,T1059.001,T1059,"Within the malicious files, encoded PowerShell scripts are used to download additional malicious scripts.",105,1,0,0,Command and Scripting Interpreter: PowerShell,"Within the malicious files, encoded PowerShell scripts are used to download additional malicious scripts.",data_v2/repro_external/attack_flow/corpus/Black Basta Ransomware.afb,7a899ca862eaa48b85da60e8e079095fba9e9cd3a54b273d1db82884c8b552aa
attack_flow,Black Basta Ransomware,5,attack_flow::Black Basta Ransomware::c94bdb43-30a0-47ec-8bd9-b4487fdde268,T1574.001,T1574,"Black Basta uses Qakbot DLL files, which can exploit the Windows 7 calculator to execute malicious payloads.",108,1,0,0,Hijack Execution Flow: DLL Search Order Hijacking,"Black Basta uses Qakbot DLL files, which can exploit the Windows 7 calculator to execute malicious payloads.",data_v2/repro_external/attack_flow/corpus/Black Basta Ransomware.afb,7a899ca862eaa48b85da60e8e079095fba9e9cd3a54b273d1db82884c8b552aa
attack_flow,Black Basta Ransomware,6,attack_flow::Black Basta Ransomware::9f5746cd-931b-4e2a-815f-b65519baabfc,T1218.010,T1218,regsvr32.exe is used to execute a malicious DLL,47,1,0,0,System Binary Proxy Execution: Regsvr32,regsvr32.exe is used to execute a malicious DLL,data_v2/repro_external/attack_flow/corpus/Black Basta Ransomware.afb,7a899ca862eaa48b85da60e8e079095fba9e9cd3a54b273d1db82884c8b552aa
attack_flow,Black Basta Ransomware,7,attack_flow::Black Basta Ransomware::d88229be-c790-4963-92e8-ca0bf0080ad0,T1136,T1136,"Accounts are created with names such as temp, r, or admin.",58,1,0,0,Create Account,"Accounts are created with names such as temp, r, or admin.",data_v2/repro_external/attack_flow/corpus/Black Basta Ransomware.afb,7a899ca862eaa48b85da60e8e079095fba9e9cd3a54b273d1db82884c8b552aa
attack_flow,Black Basta Ransomware,8,attack_flow::Black Basta Ransomware::1ab99f8c-71a2-4518-a034-9100998b949c,T1484.001,T1484,The Group Policy is modified for privilege escalation and defense evasion.,74,1,0,0,Domain Policy Modification: Group Policy Modification,The Group Policy is modified for privilege escalation and defense evasion.,data_v2/repro_external/attack_flow/corpus/Black Basta Ransomware.afb,7a899ca862eaa48b85da60e8e079095fba9e9cd3a54b273d1db82884c8b552aa
attack_flow,Black Basta Ransomware,9,attack_flow::Black Basta Ransomware::599cf0b7-3d8f-4988-85de-4301a29f86b6,T1098,T1098,The new accounts are added to the administrator's group to maintain elevated access.,84,1,0,0,Account Manipulation,The new accounts are added to the administrator's group to maintain elevated access.,data_v2/repro_external/attack_flow/corpus/Black Basta Ransomware.afb,7a899ca862eaa48b85da60e8e079095fba9e9cd3a54b273d1db82884c8b552aa
attack_flow,Black Basta Ransomware,10,attack_flow::Black Basta Ransomware::8db6f663-3eda-4a6d-b887-3b67ac5d218c,T1573,T1573,Qakbot is used for command-and-control communications,53,1,0,0,Encrypted Channel,Qakbot is used for command-and-control communications,data_v2/repro_external/attack_flow/corpus/Black Basta Ransomware.afb,7a899ca862eaa48b85da60e8e079095fba9e9cd3a54b273d1db82884c8b552aa
attack_flow,Black Basta Ransomware,11,attack_flow::Black Basta Ransomware::21faed62-d790-40dd-a97c-e20cad02e4ed,T1105,T1105,Cobalt Strike is deployed on the targeted system.,49,1,0,0,Ingress Tool Transfer,Cobalt Strike is deployed on the targeted system.,data_v2/repro_external/attack_flow/corpus/Black Basta Ransomware.afb,7a899ca862eaa48b85da60e8e079095fba9e9cd3a54b273d1db82884c8b552aa
attack_flow,Black Basta Ransomware,12,attack_flow::Black Basta Ransomware::2d4931da-3298-420c-ace1-582fabc4a558,T1555,T1555,Mimkatz is used to dump passwords.,34,1,0,0,Credentials from Password Stores,Mimkatz is used to dump passwords.,data_v2/repro_external/attack_flow/corpus/Black Basta Ransomware.afb,7a899ca862eaa48b85da60e8e079095fba9e9cd3a54b273d1db82884c8b552aa
attack_flow,Black Basta Ransomware,13,attack_flow::Black Basta Ransomware::bfc59d4e-32d1-42ae-94f7-8a1bc4d6dc91,T1021.001,T1021,RDP used for lateral movement.,30,1,0,0,Remote Services: Remote Desktop Protocol,RDP used for lateral movement.,data_v2/repro_external/attack_flow/corpus/Black Basta Ransomware.afb,7a899ca862eaa48b85da60e8e079095fba9e9cd3a54b273d1db82884c8b552aa
attack_flow,Black Basta Ransomware,14,attack_flow::Black Basta Ransomware::c14c8d17-1a12-439b-aef4-a2f1e66052ea,T1569.002,T1569,Black Basta installs and uses PsExec to execute payloads on remote hosts.,73,1,0,0,System Services: Service Execution,Black Basta installs and uses PsExec to execute payloads on remote hosts.,data_v2/repro_external/attack_flow/corpus/Black Basta Ransomware.afb,7a899ca862eaa48b85da60e8e079095fba9e9cd3a54b273d1db82884c8b552aa
attack_flow,Black Basta Ransomware,15,attack_flow::Black Basta Ransomware::93a4a781-5805-494a-9d93-6cf72577876a,T1562.001,T1562,"BlackBasta disables Windows Defender with batch scripts, such as d.bat or defof.bat.",84,1,0,0,Impair Defenses: Disable or Modify Tools,"BlackBasta disables Windows Defender with batch scripts, such as d.bat or defof.bat.",data_v2/repro_external/attack_flow/corpus/Black Basta Ransomware.afb,7a899ca862eaa48b85da60e8e079095fba9e9cd3a54b273d1db82884c8b552aa
attack_flow,Black Basta Ransomware,16,attack_flow::Black Basta Ransomware::e4784eca-c724-4035-acb4-3fc76cbcb59f,T1560.001,T1560,BlackBasta collects data from infected systems.,47,1,0,0,Archive Collected Data: Archive via Utility,BlackBasta collects data from infected systems.,data_v2/repro_external/attack_flow/corpus/Black Basta Ransomware.afb,7a899ca862eaa48b85da60e8e079095fba9e9cd3a54b273d1db82884c8b552aa
attack_flow,Black Basta Ransomware,17,attack_flow::Black Basta Ransomware::28045127-d6be-4d1a-b45b-d52e9185fbf8,T1573,T1573,Cobalt Strike is used for command-and-control communications.,61,1,0,0,Encrypted Channel,Cobalt Strike is used for command-and-control communications.,data_v2/repro_external/attack_flow/corpus/Black Basta Ransomware.afb,7a899ca862eaa48b85da60e8e079095fba9e9cd3a54b273d1db82884c8b552aa
attack_flow,Black Basta Ransomware,18,attack_flow::Black Basta Ransomware::44650151-de19-4ebd-a9ae-d8aa4e5015f5,T1567,T1567,BlackBasta exfiltrates data from the network prior to encrypting files.,71,1,0,0,Exfiltration Over Web Service,BlackBasta exfiltrates data from the network prior to encrypting files.,data_v2/repro_external/attack_flow/corpus/Black Basta Ransomware.afb,7a899ca862eaa48b85da60e8e079095fba9e9cd3a54b273d1db82884c8b552aa
attack_flow,Black Basta Ransomware,19,attack_flow::Black Basta Ransomware::60f72c38-7df7-4c48-b5f6-8b6b7a39f00a,T1047,T1047,Invoke-TotalExec is used to push out the ransomware binary.,59,1,0,0,Windows Management Instrumentation,Invoke-TotalExec is used to push out the ransomware binary.,data_v2/repro_external/attack_flow/corpus/Black Basta Ransomware.afb,7a899ca862eaa48b85da60e8e079095fba9e9cd3a54b273d1db82884c8b552aa
attack_flow,Black Basta Ransomware,20,attack_flow::Black Basta Ransomware::ab3bbdcf-9899-4fa9-9365-52d416300957,T1562.009,T1562,BlackBasta uses bcdedit to boot the device in safe mode.,56,1,0,0,Impair Defenses: Safe Mode Boot,BlackBasta uses bcdedit to boot the device in safe mode.,data_v2/repro_external/attack_flow/corpus/Black Basta Ransomware.afb,7a899ca862eaa48b85da60e8e079095fba9e9cd3a54b273d1db82884c8b552aa
attack_flow,Black Basta Ransomware,21,attack_flow::Black Basta Ransomware::fb48d182-4241-483c-b97d-bdb1440ab5e5,T1083,T1083,"Once booted in safe mode, BlackBasta will iterate through the entire file system",80,1,0,0,File and Directory Discovery,"Once booted in safe mode, BlackBasta will iterate through the entire file system",data_v2/repro_external/attack_flow/corpus/Black Basta Ransomware.afb,7a899ca862eaa48b85da60e8e079095fba9e9cd3a54b273d1db82884c8b552aa
attack_flow,Black Basta Ransomware,22,attack_flow::Black Basta Ransomware::fea70dfe-cdbe-405c-a1ab-9d4632f423cb,T1486,T1486,"Files (except.exe,.cmd,.bat, and.com) on the system are encrypted using ChaCha20 or RSA-4096, and their extension is changed to.basta.",134,1,0,0,Data Encrypted for Impact,"Files (except .exe, .cmd, .bat, and .com) on the system are encrypted using ChaCha20 or RSA-4096, and their extension is changed to .basta.",data_v2/repro_external/attack_flow/corpus/Black Basta Ransomware.afb,7a899ca862eaa48b85da60e8e079095fba9e9cd3a54b273d1db82884c8b552aa
attack_flow,Black Basta Ransomware,23,attack_flow::Black Basta Ransomware::1b746e0c-0285-4a7a-9619-1e76b2f5e92d,T1491.001,T1491,"The files <random-letters>.ico and <random-letters>.jpg are written to the %TEMP% directory. The.jpg file is leveraged to overwrite the desktop background and appears as follows: ""Your network is encrypted by the Black Basta group. Instructions in the file readme.txt""",268,1,0,0,Internal Defacement,"The files <random-letters>.ico and <random-letters>.jpg are written to the %TEMP% directory. The .jpg file is leveraged to overwrite the desktop background and appears as follows: ""Your network is encrypted by the Black Basta group. Instructions in the file readme.txt""",data_v2/repro_external/attack_flow/corpus/Black Basta Ransomware.afb,7a899ca862eaa48b85da60e8e079095fba9e9cd3a54b273d1db82884c8b552aa
attack_flow,Black Basta Ransomware,24,attack_flow::Black Basta Ransomware::a4051af5-0069-4c5e-9792-c785a0e1259d,T1070.004,T1070,BlackBasta attempts to delete malicious batch files.,52,1,0,0,Indicator Removal on Host: File Deletion,BlackBasta attempts to delete malicious batch files.,data_v2/repro_external/attack_flow/corpus/Black Basta Ransomware.afb,7a899ca862eaa48b85da60e8e079095fba9e9cd3a54b273d1db82884c8b552aa
attack_flow,CISA AA22-138B VMWare Workspace (Alt),0,attack_flow::CISA AA22-138B VMWare Workspace (Alt)::84454574-3ed2-43eb-979f-66c3d343a71a,T1203,T1203,attackers used a Bash script to exploit software vulnerabilities in VMWare Workspace ONE Access,95,1,0,0,Exploitation for Client Execution,attackers used a Bash script to exploit software vulnerabilities in VMWare Workspace ONE Access,data_v2/repro_external/attack_flow/corpus/CISA AA22-138B VMWare Workspace (Alt).afb,bd9a4110db6c3d3e5f4692b23d9246bfe76b35f3aed6b322656a5ddefe74f5fa
attack_flow,CISA AA22-138B VMWare Workspace (Alt),1,attack_flow::CISA AA22-138B VMWare Workspace (Alt)::401fbfb9-930a-43b9-a43e-6cbc7f9e3802,T1068,T1068,Horizon user's privileges escalated,35,1,0,0,Exploitation for Privilege Escalation,Horizon user's privileges escalated,data_v2/repro_external/attack_flow/corpus/CISA AA22-138B VMWare Workspace (Alt).afb,bd9a4110db6c3d3e5f4692b23d9246bfe76b35f3aed6b322656a5ddefe74f5fa
attack_flow,CISA AA22-138B VMWare Workspace (Alt),2,attack_flow::CISA AA22-138B VMWare Workspace (Alt)::3c019d2c-c56f-47e4-8977-e86a4a359069,T1059,T1059,Horizon user can execute commands and scripts as a superuser (sudo),67,1,0,0,Command and Scripting Interpreter,Horizon user can execute commands and scripts as a superuser (sudo),data_v2/repro_external/attack_flow/corpus/CISA AA22-138B VMWare Workspace (Alt).afb,bd9a4110db6c3d3e5f4692b23d9246bfe76b35f3aed6b322656a5ddefe74f5fa
attack_flow,CISA AA22-138B VMWare Workspace (Alt),3,attack_flow::CISA AA22-138B VMWare Workspace (Alt)::24692f77-c123-4107-923e-937e7cc9349e,T1070,T1070,publishCaCert.hzn overwritten with fd86ald0.pem,47,1,0,0,Indicator Removal,publishCaCert.hzn overwritten with fd86ald0.pem,data_v2/repro_external/attack_flow/corpus/CISA AA22-138B VMWare Workspace (Alt).afb,bd9a4110db6c3d3e5f4692b23d9246bfe76b35f3aed6b322656a5ddefe74f5fa
attack_flow,CISA AA22-138B VMWare Workspace (Alt),4,attack_flow::CISA AA22-138B VMWare Workspace (Alt)::7fa1a34d-5d0c-4655-8e23-ef9d23771bba,T1560.001,T1560,"script compresses files containing network interface configurations, users, passwords, masterkeys, hosts, and domains to a TAR archive, located in a VMWare Workspace ONE Access directory",186,1,0,0,Archive via Utility,"script compresses files containing network interface configurations, users, passwords, masterkeys, hosts, and domains to a TAR archive, located in a VMWare Workspace ONE Access  directory",data_v2/repro_external/attack_flow/corpus/CISA AA22-138B VMWare Workspace (Alt).afb,bd9a4110db6c3d3e5f4692b23d9246bfe76b35f3aed6b322656a5ddefe74f5fa
attack_flow,CISA AA22-138B VMWare Workspace (Alt),5,attack_flow::CISA AA22-138B VMWare Workspace (Alt)::3c3fea04-7678-4ae6-a8dd-0b0c28eafe97,T1105,T1105,attackers attempted to download MoneroOcean miner from GitHub from the associated IP,84,1,0,0,Ingress Tool Transfer,attackers attempted to download MoneroOcean miner from GitHub from the associated IP,data_v2/repro_external/attack_flow/corpus/CISA AA22-138B VMWare Workspace (Alt).afb,bd9a4110db6c3d3e5f4692b23d9246bfe76b35f3aed6b322656a5ddefe74f5fa
attack_flow,CISA AA22-138B VMWare Workspace (Alt),6,attack_flow::CISA AA22-138B VMWare Workspace (Alt)::747d2282-1bf8-4848-89f0-0ee82ca3b6a5,T1083,T1083,attackers used an associated IP address to run cat on a number of files in the listed directory,95,1,0,0,File and Directory Discovery,attackers used an associated IP address to run cat on a number of files in the listed directory,data_v2/repro_external/attack_flow/corpus/CISA AA22-138B VMWare Workspace (Alt).afb,bd9a4110db6c3d3e5f4692b23d9246bfe76b35f3aed6b322656a5ddefe74f5fa
attack_flow,CISA AA22-138B VMWare Workspace (Alt),7,attack_flow::CISA AA22-138B VMWare Workspace (Alt)::6dbde84b-f026-46b8-bde6-f963be602a4c,T1105,T1105,attackers attempted to download a JSP webshell from the listed URL,66,1,0,0,Ingress Tool Transfer,attackers attempted to download a JSP webshell from the listed URL,data_v2/repro_external/attack_flow/corpus/CISA AA22-138B VMWare Workspace (Alt).afb,bd9a4110db6c3d3e5f4692b23d9246bfe76b35f3aed6b322656a5ddefe74f5fa
attack_flow,CISA AA22-138B VMWare Workspace (Alt),8,attack_flow::CISA AA22-138B VMWare Workspace (Alt)::298530ff-51b1-43f6-8c1f-59f432625094,T1070,T1070,fd86ald0.pem removed from host,30,1,0,0,Indicator Removal,fd86ald0.pem removed from host,data_v2/repro_external/attack_flow/corpus/CISA AA22-138B VMWare Workspace (Alt).afb,bd9a4110db6c3d3e5f4692b23d9246bfe76b35f3aed6b322656a5ddefe74f5fa
attack_flow,CISA AA22-138B VMWare Workspace (TA1),0,attack_flow::CISA AA22-138B VMWare Workspace (TA1)::87cf2efa-5784-4ccd-a75e-ec4d964d58a5,T1071.001,T1071,Freemarker targeted by attackers to send a customized GET request URI to a vulnerable server,92,1,0,0,Web Protocols,Freemarker targeted by attackers to send  a customized GET request URI to a vulnerable server,data_v2/repro_external/attack_flow/corpus/CISA AA22-138B VMWare Workspace (TA1).afb,11b9db66e55c792742e1d9863030e7dcaddbe83472dce5f2778b1f44742e22b7
attack_flow,CISA AA22-138B VMWare Workspace (TA1),1,attack_flow::CISA AA22-138B VMWare Workspace (TA1)::780d1e10-6642-41d2-b1a7-de801a6b972a,T1203,T1203,attackers exploited software vulnerabilities,44,1,0,0,Exploitation for Client Execution,attackers exploited software vulnerabilities,data_v2/repro_external/attack_flow/corpus/CISA AA22-138B VMWare Workspace (TA1).afb,11b9db66e55c792742e1d9863030e7dcaddbe83472dce5f2778b1f44742e22b7
attack_flow,CISA AA22-138B VMWare Workspace (TA1),2,attack_flow::CISA AA22-138B VMWare Workspace (TA1)::427f3a5b-4890-4305-951b-b76da8b9651b,T1105,T1105,server downloads a malicious shell script to VMWare Workspace ONE Access,72,1,0,0,Ingress Tool Transfer,server downloads a malicious shell script to VMWare Workspace ONE Access,data_v2/repro_external/attack_flow/corpus/CISA AA22-138B VMWare Workspace (TA1).afb,11b9db66e55c792742e1d9863030e7dcaddbe83472dce5f2778b1f44742e22b7
attack_flow,CISA AA22-138B VMWare Workspace (TA1),3,attack_flow::CISA AA22-138B VMWare Workspace (TA1)::847def26-4d0a-4562-865d-d9c23e3820cf,T1068,T1068,Malicious script run with root privileges (run with SUDO),57,1,0,0,Exploitation for Privilege Escalation,Malicious script run with root privileges (run with SUDO),data_v2/repro_external/attack_flow/corpus/CISA AA22-138B VMWare Workspace (TA1).afb,11b9db66e55c792742e1d9863030e7dcaddbe83472dce5f2778b1f44742e22b7
attack_flow,CISA AA22-138B VMWare Workspace (TA1),4,attack_flow::CISA AA22-138B VMWare Workspace (TA1)::4c353a44-3987-401a-b578-d4a1e9280bbd,T1119,T1119,"script collects sensitive files, including user names, passwords, master keys, and firewall rules and stored them in a tar ball",127,1,0,0,Automated Collection,"script collects sensitive files, including user names, passwords, master keys, and firewall rules and stored them in a tar ball",data_v2/repro_external/attack_flow/corpus/CISA AA22-138B VMWare Workspace (TA1).afb,11b9db66e55c792742e1d9863030e7dcaddbe83472dce5f2778b1f44742e22b7
attack_flow,CISA AA22-138B VMWare Workspace (TA1),5,attack_flow::CISA AA22-138B VMWare Workspace (TA1)::af956aab-7dd4-440d-8af4-adb9ae32a63b,T1560.001,T1560,collected information stored in a tar ball file on the server,61,1,0,0,Archive via Utility,collected information stored in a tar ball file on the server,data_v2/repro_external/attack_flow/corpus/CISA AA22-138B VMWare Workspace (TA1).afb,11b9db66e55c792742e1d9863030e7dcaddbe83472dce5f2778b1f44742e22b7
attack_flow,CISA AA22-138B VMWare Workspace (TA1),6,attack_flow::CISA AA22-138B VMWare Workspace (TA1)::a9ddb932-cc96-49fc-acd8-f5675b7368ea,T1070,T1070,"deleted files and logs, including fd86ald0.pem, localhost_access logs, logs associated with the VMWare Horizon application, and greenbox logs for the date of activity",166,1,0,0,Indicator Removal,"deleted files and logs, including fd86ald0.pem, localhost_access logs, logs associated with the VMWare Horizon application, and greenbox logs for the date of activity",data_v2/repro_external/attack_flow/corpus/CISA AA22-138B VMWare Workspace (TA1).afb,11b9db66e55c792742e1d9863030e7dcaddbe83472dce5f2778b1f44742e22b7
attack_flow,CISA AA22-138B VMWare Workspace (TA1),7,attack_flow::CISA AA22-138B VMWare Workspace (TA1)::4edb3b2d-7bc8-4fe2-85d7-66c04ceba3c7,T1071.001,T1071,GET requests are used to exfiltrate data,40,1,0,0,Web Protocols,GET requests are used to exfiltrate data,data_v2/repro_external/attack_flow/corpus/CISA AA22-138B VMWare Workspace (TA1).afb,11b9db66e55c792742e1d9863030e7dcaddbe83472dce5f2778b1f44742e22b7
attack_flow,CISA AA22-138B VMWare Workspace (TA1),8,attack_flow::CISA AA22-138B VMWare Workspace (TA1)::49b28f56-71c6-4a42-9a01-9e95c2974454,T1041,T1041,sensitive data stored in tar ball is exfiltrated by GET request,63,1,0,0,Exfiltration Over C2 Channel,sensitive data stored in tar ball is exfiltrated by GET request,data_v2/repro_external/attack_flow/corpus/CISA AA22-138B VMWare Workspace (TA1).afb,11b9db66e55c792742e1d9863030e7dcaddbe83472dce5f2778b1f44742e22b7
attack_flow,CISA AA22-138B VMWare Workspace (TA2),0,attack_flow::CISA AA22-138B VMWare Workspace (TA2)::1249135e-bfdd-48fa-b128-b86236337d73,T1071.001,T1071,"multiple GET requests to VMWare Workspace ONE Access to obtain RCE, upload binaries, and upload webshells",105,1,0,0,Web Protocols,"multiple GET requests to VMWare Workspace ONE Access to obtain RCE, upload binaries, and upload webshells",data_v2/repro_external/attack_flow/corpus/CISA AA22-138B VMWare Workspace (TA2).afb,b82f840b8e5f36376a40c1c0ce09904c60994746e72ae15c6979fb6b8dce65e0
attack_flow,CISA AA22-138B VMWare Workspace (TA2),1,attack_flow::CISA AA22-138B VMWare Workspace (TA2)::4b5c1c23-d2c7-464d-813d-439a36f837aa,T1105,T1105,Attackers attempted to download a webshell,42,1,0,0,Ingress Tool Transfer,Attackers attempted to download a webshell,data_v2/repro_external/attack_flow/corpus/CISA AA22-138B VMWare Workspace (TA2).afb,b82f840b8e5f36376a40c1c0ce09904c60994746e72ae15c6979fb6b8dce65e0
attack_flow,CISA AA22-138B VMWare Workspace (TA2),2,attack_flow::CISA AA22-138B VMWare Workspace (TA2)::d32524ea-375d-4c91-8100-c77e2c9f904c,T1105,T1105,Attackers downloaded a JSP webshell,35,1,0,0,Ingress Tool Transfer,Attackers downloaded a JSP webshell,data_v2/repro_external/attack_flow/corpus/CISA AA22-138B VMWare Workspace (TA2).afb,b82f840b8e5f36376a40c1c0ce09904c60994746e72ae15c6979fb6b8dce65e0
attack_flow,CISA AA22-138B VMWare Workspace (TA2),3,attack_flow::CISA AA22-138B VMWare Workspace (TA2)::a2b22b62-4ab7-483b-8d26-9d8306abc03c,T1059.004,T1059,Attackers sent Unix commands,28,1,0,0,Unix Shell,Attackers sent Unix commands,data_v2/repro_external/attack_flow/corpus/CISA AA22-138B VMWare Workspace (TA2).afb,b82f840b8e5f36376a40c1c0ce09904c60994746e72ae15c6979fb6b8dce65e0
attack_flow,CISA AA22-138B VMWare Workspace (TA2),4,attack_flow::CISA AA22-138B VMWare Workspace (TA2)::a0767d23-cc44-43bd-bd57-807e5e571721,T1003.008,T1003,Attackers viewed /etc/passwd and /etc/shadow,44,1,0,0,OS Credential Dumping: /etc/passwd and /etc/shadow,Attackers viewed /etc/passwd and /etc/shadow,data_v2/repro_external/attack_flow/corpus/CISA AA22-138B VMWare Workspace (TA2).afb,b82f840b8e5f36376a40c1c0ce09904c60994746e72ae15c6979fb6b8dce65e0
attack_flow,CISA AA22-138B VMWare Workspace (TA2),5,attack_flow::CISA AA22-138B VMWare Workspace (TA2)::3a2d7968-b69a-47cc-9fdd-30a7d27bf19d,T1105,T1105,Attackers downloaded 2 copies of a webshell,43,1,0,0,Ingress Tool Transfer,Attackers downloaded 2 copies of a webshell,data_v2/repro_external/attack_flow/corpus/CISA AA22-138B VMWare Workspace (TA2).afb,b82f840b8e5f36376a40c1c0ce09904c60994746e72ae15c6979fb6b8dce65e0
attack_flow,CISA AA22-138B VMWare Workspace (TA2),6,attack_flow::CISA AA22-138B VMWare Workspace (TA2)::96854c51-e17a-4747-b08b-51dbe773dc00,T1573.001,T1573,POST requests used to communicate with webshells; commands and output were encrypted with XOR key,97,1,0,0,Symmetric Cryptography,POST requests used to communicate with webshells; commands and output were encrypted with XOR key,data_v2/repro_external/attack_flow/corpus/CISA AA22-138B VMWare Workspace (TA2).afb,b82f840b8e5f36376a40c1c0ce09904c60994746e72ae15c6979fb6b8dce65e0
attack_flow,CISA AA22-138B VMWare Workspace (TA2),7,attack_flow::CISA AA22-138B VMWare Workspace (TA2)::049af2f2-8d04-4d37-9c3a-9c4232119a5e,T1105,T1105,Attackers downloaded a reverse SOCKS proxy,42,1,0,0,Ingress Tool Transfer,Attackers downloaded a reverse SOCKS proxy,data_v2/repro_external/attack_flow/corpus/CISA AA22-138B VMWare Workspace (TA2).afb,b82f840b8e5f36376a40c1c0ce09904c60994746e72ae15c6979fb6b8dce65e0
attack_flow,CISA AA22-138B VMWare Workspace (TA2),8,attack_flow::CISA AA22-138B VMWare Workspace (TA2)::abb24ca4-0847-4eb8-9a2f-3330415f3006,T1090,T1090,Attackers use reverse SOCKS proxy,33,1,0,0,Proxy,Attackers use reverse SOCKS proxy,data_v2/repro_external/attack_flow/corpus/CISA AA22-138B VMWare Workspace (TA2).afb,b82f840b8e5f36376a40c1c0ce09904c60994746e72ae15c6979fb6b8dce65e0
attack_flow,CISA AA22-138B VMWare Workspace (TA2),9,attack_flow::CISA AA22-138B VMWare Workspace (TA2)::af19a045-d1cd-4854-87b7-047e55033d5c,T1222.002,T1222,GET request with chmod to change permissions of hidden file in /tmp directory,77,1,0,0,File and Directory Permissions Modification: Linux and Mac File and Directory Permissions Modification,GET request with chmod to change permissions of hidden file in /tmp directory,data_v2/repro_external/attack_flow/corpus/CISA AA22-138B VMWare Workspace (TA2).afb,b82f840b8e5f36376a40c1c0ce09904c60994746e72ae15c6979fb6b8dce65e0
attack_flow,CISA AA22-138B VMWare Workspace (TA2),10,attack_flow::CISA AA22-138B VMWare Workspace (TA2)::22bae6a7-0937-447d-9a5b-8f0327a1c5bf,T1105,T1105,Attackers downloaded binary,27,1,0,0,Ingress Tool Transfer,Attackers downloaded binary,data_v2/repro_external/attack_flow/corpus/CISA AA22-138B VMWare Workspace (TA2).afb,b82f840b8e5f36376a40c1c0ce09904c60994746e72ae15c6979fb6b8dce65e0
attack_flow,CISA Iranian APT,0,attack_flow::CISA Iranian APT::b6143619-dac3-4f9c-ae0a-605961bef9c7,T1190,T1190,Initial access gained through Log4Shell,39,1,0,0,Exploit Public-Facing Application,Initial access gained through Log4Shell,data_v2/repro_external/attack_flow/corpus/CISA Iranian APT.afb,6a25d526e4c33a70b70d733d70ca4d759caa18f939c7c06703159ec3f5cb4702
attack_flow,CISA Iranian APT,1,attack_flow::CISA Iranian APT::0d573bcd-ee5d-4231-ab43-188ef7e809e9,T1059.001,T1059,PowerShell added an exclusion rule to Windows Defender and was executed on AD to obtain a list of machines on the domain,120,1,0,0,PowerShell,PowerShell added an exclusion rule to Windows Defender and was executed on AD to obtain a list of machines on the domain,data_v2/repro_external/attack_flow/corpus/CISA Iranian APT.afb,6a25d526e4c33a70b70d733d70ca4d759caa18f939c7c06703159ec3f5cb4702
attack_flow,CISA Iranian APT,2,attack_flow::CISA Iranian APT::56ca6034-001b-4c5d-99b4-4f9bd3db56ba,T1562.001,T1562,Exclusion rule allowlisted the entire c:\drive. Attackers also manually disabled Windows Defender via the GUI,109,1,0,0,Disable or Modify Tools,Exclusion rule allowlisted the entire c:\drive. Attackers also manually disabled Windows Defender via the GUI,data_v2/repro_external/attack_flow/corpus/CISA Iranian APT.afb,6a25d526e4c33a70b70d733d70ca4d759caa18f939c7c06703159ec3f5cb4702
attack_flow,CISA Iranian APT,3,attack_flow::CISA Iranian APT::cfae690b-64c4-405f-84f1-5e8b65da3f83,T1105,T1105,mde.ps1 downloaded onto disk,28,1,0,0,Ingress Tool Transfer,mde.ps1 downloaded onto disk,data_v2/repro_external/attack_flow/corpus/CISA Iranian APT.afb,6a25d526e4c33a70b70d733d70ca4d759caa18f939c7c06703159ec3f5cb4702
attack_flow,CISA Iranian APT,4,attack_flow::CISA Iranian APT::3fbadab6-0484-4754-85af-fe99f575677e,T1105,T1105,mde.ps1 downloads file.zip,26,1,0,0,Ingress Tool Transfer,mde.ps1 downloads file.zip,data_v2/repro_external/attack_flow/corpus/CISA Iranian APT.afb,6a25d526e4c33a70b70d733d70ca4d759caa18f939c7c06703159ec3f5cb4702
attack_flow,CISA Iranian APT,5,attack_flow::CISA Iranian APT::9c30cd6b-b97c-4336-8f91-777437b3824c,T1070.004,T1070,mde.ps1 is removed from the system,34,1,0,0,File Deletion,mde.ps1 is removed from the system,data_v2/repro_external/attack_flow/corpus/CISA Iranian APT.afb,6a25d526e4c33a70b70d733d70ca4d759caa18f939c7c06703159ec3f5cb4702
attack_flow,CISA Iranian APT,6,attack_flow::CISA Iranian APT::857eaaa1-d168-417a-8446-fe6e80095490,T1136.001,T1136,RuntimeBroker.exe can create local user accounts,48,1,0,0,Local Account,RuntimeBroker.exe can create local user accounts,data_v2/repro_external/attack_flow/corpus/CISA Iranian APT.afb,6a25d526e4c33a70b70d733d70ca4d759caa18f939c7c06703159ec3f5cb4702
attack_flow,CISA Iranian APT,7,attack_flow::CISA Iranian APT::69978025-0b45-44ae-8a3e-1730d7d93d07,T1016.001,T1016,Malware tests for internet connectivity by pinging 8.8.8.8,58,1,0,0,Internet Connection Discovery,Malware tests for internet connectivity by pinging 8.8.8.8,data_v2/repro_external/attack_flow/corpus/CISA Iranian APT.afb,6a25d526e4c33a70b70d733d70ca4d759caa18f939c7c06703159ec3f5cb4702
attack_flow,CISA Iranian APT,8,attack_flow::CISA Iranian APT::de68b787-80bb-424d-8d70-32b0cec8c94f,T1053.005,T1053,exploit payload created a scheduled task that executed RuntimeBroker.exe daily as SYSTEM,88,1,0,0,Scheduled Task,exploit payload created a scheduled task that executed RuntimeBroker.exe daily as SYSTEM,data_v2/repro_external/attack_flow/corpus/CISA Iranian APT.afb,6a25d526e4c33a70b70d733d70ca4d759caa18f939c7c06703159ec3f5cb4702
attack_flow,CISA Iranian APT,9,attack_flow::CISA Iranian APT::f8daeaa9-22f9-4601-96f9-ef3426c4630b,T1021.001,T1021,RDP used to move laterally to multiple hosts on the network,59,1,0,0,Remote Desktop Protocol,RDP used to move laterally to multiple hosts on the network,data_v2/repro_external/attack_flow/corpus/CISA Iranian APT.afb,6a25d526e4c33a70b70d733d70ca4d759caa18f939c7c06703159ec3f5cb4702
attack_flow,CISA Iranian APT,10,attack_flow::CISA Iranian APT::57e36a89-fa92-470c-9d78-a90d8bd938a7,T1078.001,T1078,Actors used built-in Windows account - DefaultAccount,53,1,0,0,Default Accounts,Actors used built-in Windows account - DefaultAccount,data_v2/repro_external/attack_flow/corpus/CISA Iranian APT.afb,6a25d526e4c33a70b70d733d70ca4d759caa18f939c7c06703159ec3f5cb4702
attack_flow,CISA Iranian APT,11,attack_flow::CISA Iranian APT::0606c44c-4fcf-4d24-837c-e78341f77183,T1105,T1105,actors downloaded around 30MB of files from transfer.sh server associated with 144.76.136.153,93,1,0,0,Ingress Tool Transfer,actors downloaded around 30MB of files from transfer.sh server associated with 144.76.136.153,data_v2/repro_external/attack_flow/corpus/CISA Iranian APT.afb,6a25d526e4c33a70b70d733d70ca4d759caa18f939c7c06703159ec3f5cb4702
attack_flow,CISA Iranian APT,12,attack_flow::CISA Iranian APT::d8ba9c2f-c6a6-4950-8cb3-d2d84c97859f,T1136.002,T1136,Mimikatz was used to create a rogue domain administrator account,64,1,0,0,Domain Account,Mimikatz was used to create a rogue domain administrator account,data_v2/repro_external/attack_flow/corpus/CISA Iranian APT.afb,6a25d526e4c33a70b70d733d70ca4d759caa18f939c7c06703159ec3f5cb4702
attack_flow,CISA Iranian APT,13,attack_flow::CISA Iranian APT::52069465-600c-487a-8185-e809ed74588b,T1021.001,T1021,RDP used to move laterally to multiple hosts on the network,59,1,0,0,Remote Desktop Protocol,RDP used to move laterally to multiple hosts on the network,data_v2/repro_external/attack_flow/corpus/CISA Iranian APT.afb,6a25d526e4c33a70b70d733d70ca4d759caa18f939c7c06703159ec3f5cb4702
attack_flow,CISA Iranian APT,14,attack_flow::CISA Iranian APT::1d283005-09ce-49d3-8610-625a75635755,T1562.001,T1562,"Logging into multiple hosts on the system, attackers manually disabled Windows Defender via the GUI",99,1,0,0,Disable or Modify Tools,"Logging into multiple hosts on the system, attackers manually disabled Windows Defender via the GUI",data_v2/repro_external/attack_flow/corpus/CISA Iranian APT.afb,6a25d526e4c33a70b70d733d70ca4d759caa18f939c7c06703159ec3f5cb4702
attack_flow,CISA Iranian APT,15,attack_flow::CISA Iranian APT::ee829570-2ca7-4948-a3de-a667f81fa2f5,T1570,T1570,actors implanted Ngrok executables and configuration files on multiple hosts,76,1,0,0,Lateral Tool Transfer,actors implanted Ngrok executables and configuration files on multiple hosts,data_v2/repro_external/attack_flow/corpus/CISA Iranian APT.afb,6a25d526e4c33a70b70d733d70ca4d759caa18f939c7c06703159ec3f5cb4702
attack_flow,CISA Iranian APT,16,attack_flow::CISA Iranian APT::4beb5555-7460-4636-a2e4-096a01b54186,T1090,T1090,Ngrok was used to proxy RDP connections,39,1,0,0,Proxy,Ngrok was used to proxy RDP connections,data_v2/repro_external/attack_flow/corpus/CISA Iranian APT.afb,6a25d526e4c33a70b70d733d70ca4d759caa18f939c7c06703159ec3f5cb4702
attack_flow,CISA Iranian APT,17,attack_flow::CISA Iranian APT::7e2175b8-63f8-4934-82cf-394390accd82,T1021.001,T1021,actors moved laterally to the domain controller via RDP,55,1,0,0,Remote Desktop Protocol,actors moved laterally to the domain controller via RDP,data_v2/repro_external/attack_flow/corpus/CISA Iranian APT.afb,6a25d526e4c33a70b70d733d70ca4d759caa18f939c7c06703159ec3f5cb4702
attack_flow,CISA Iranian APT,18,attack_flow::CISA Iranian APT::2f9114f6-e715-448a-b0b7-3ccce0f95f7a,T1059.001,T1059,Attackers executed PowerShell commands on the AD,48,1,0,0,PowerShell,Attackers executed PowerShell commands on the AD,data_v2/repro_external/attack_flow/corpus/CISA Iranian APT.afb,6a25d526e4c33a70b70d733d70ca4d759caa18f939c7c06703159ec3f5cb4702
attack_flow,CISA Iranian APT,19,attack_flow::CISA Iranian APT::45e8b0a1-83a5-41dc-8186-7d6d4c8a7c0a,T1018,T1018,Attackers used PowerShell on the AD to obtain a list of all machines attached to the domain,91,1,0,0,Remote System Discovery,Attackers used PowerShell on the AD to obtain a list of all machines attached to the domain,data_v2/repro_external/attack_flow/corpus/CISA Iranian APT.afb,6a25d526e4c33a70b70d733d70ca4d759caa18f939c7c06703159ec3f5cb4702
attack_flow,CISA Iranian APT,20,attack_flow::CISA Iranian APT::792aaa39-bd97-4206-b088-2c29e5119da6,T1098,T1098,Actors changed the password for the local administrator account on several hosts,80,1,0,0,Account Manipulation,Actors changed the password for the local administrator account on several hosts,data_v2/repro_external/attack_flow/corpus/CISA Iranian APT.afb,6a25d526e4c33a70b70d733d70ca4d759caa18f939c7c06703159ec3f5cb4702
attack_flow,CISA Iranian APT,21,attack_flow::CISA Iranian APT::99406b0d-2c64-4f78-a80b-f50898876197,T1003.001,T1003,Actors tried to dump the LSASS process with task manager,56,1,0,0,LSASS Memory,Actors tried to dump the LSASS process with task manager,data_v2/repro_external/attack_flow/corpus/CISA Iranian APT.afb,6a25d526e4c33a70b70d733d70ca4d759caa18f939c7c06703159ec3f5cb4702
attack_flow,Cobalt Kitty Campaign,0,attack_flow::Cobalt Kitty Campaign::7e43c3eb-f609-4a53-beb3-40829afb89aa,T1566.002,T1566,Link to a malicious site that downloads a fake Flash Installer delivering Cobalt Strike beacon.,95,1,0,0,Spearphishing Link,Link to a malicious site that downloads a fake Flash Installer delivering Cobalt Strike beacon.,data_v2/repro_external/attack_flow/corpus/Cobalt Kitty Campaign.afb,0fa8f27fdcf7e822de2927b4c8f7aec030c12c99b6e93d97deff9bdc6338814b
attack_flow,Cobalt Kitty Campaign,1,attack_flow::Cobalt Kitty Campaign::d3d7d621-23f1-4536-8777-aa37cfa4789f,T1059.001,T1059,Obfuscated PowerShell scripts delivering Cobalt Strike beacons are downloaded,77,1,0,0,PowerShell,Obfuscated PowerShell scripts delivering Cobalt Strike beacons are downloaded,data_v2/repro_external/attack_flow/corpus/Cobalt Kitty Campaign.afb,0fa8f27fdcf7e822de2927b4c8f7aec030c12c99b6e93d97deff9bdc6338814b
attack_flow,Cobalt Kitty Campaign,2,attack_flow::Cobalt Kitty Campaign::398ab58e-b755-4251-9dc5-293817d349ea,T1140,T1140,Obfuscated and XOR'ed PowerShell is decoded to download additional obfuscated PowerShell payloads,97,1,0,0,Deobfuscate/Decode Files or Information,Obfuscated and XOR'ed PowerShell is decoded to download additional obfuscated PowerShell payloads,data_v2/repro_external/attack_flow/corpus/Cobalt Kitty Campaign.afb,0fa8f27fdcf7e822de2927b4c8f7aec030c12c99b6e93d97deff9bdc6338814b
attack_flow,Cobalt Kitty Campaign,3,attack_flow::Cobalt Kitty Campaign::96bb23ee-9fa2-4442-b49c-4b2dcc49d043,T1059.001,T1059,Obfuscated PowerShell scripts that executes a Cobalt Strike beacon,66,1,0,0,PowerShell,Obfuscated PowerShell scripts that executes a Cobalt Strike beacon,data_v2/repro_external/attack_flow/corpus/Cobalt Kitty Campaign.afb,0fa8f27fdcf7e822de2927b4c8f7aec030c12c99b6e93d97deff9bdc6338814b
attack_flow,Cobalt Kitty Campaign,4,attack_flow::Cobalt Kitty Campaign::3488c178-ef07-4ba9-9007-6ca8aaff51c9,T1547.001,T1547,Windows Registry Autorun is used to execute VBScript and PowerShell scripts residing in the ProgramData folder,110,1,0,0,Registry Run Keys / Startup Folder,Windows Registry Autorun is used to execute VBScript and PowerShell scripts residing in the ProgramData folder,data_v2/repro_external/attack_flow/corpus/Cobalt Kitty Campaign.afb,0fa8f27fdcf7e822de2927b4c8f7aec030c12c99b6e93d97deff9bdc6338814b
attack_flow,Cobalt Kitty Campaign,5,attack_flow::Cobalt Kitty Campaign::53f217bc-c353-4ada-b782-7391aaee5685,T1574.002,T1574,A malicious DLL file was implanted where the Windows Search Service would run and load the DLL,94,1,0,0,DLL Side-Loading,A malicious DLL file was implanted where the Windows Search Service would run and load the DLL,data_v2/repro_external/attack_flow/corpus/Cobalt Kitty Campaign.afb,0fa8f27fdcf7e822de2927b4c8f7aec030c12c99b6e93d97deff9bdc6338814b
attack_flow,Cobalt Kitty Campaign,6,attack_flow::Cobalt Kitty Campaign::4c1cd5fd-27ee-4600-901a-5897e05d1b58,T1218.010,T1218,Regsvr32.exe is used to download COM scriplets for malicious execution,70,1,0,0,Regsvr32,Regsvr32.exe is used to download COM scriplets for malicious execution,data_v2/repro_external/attack_flow/corpus/Cobalt Kitty Campaign.afb,0fa8f27fdcf7e822de2927b4c8f7aec030c12c99b6e93d97deff9bdc6338814b
attack_flow,Cobalt Kitty Campaign,7,attack_flow::Cobalt Kitty Campaign::a19b78e2-9d90-46a7-bb55-7dc533edee63,T1001.003,T1001,"Cobalt Strike's malleable C2 profiles were used to impersonate Amazon, Google Safe Browsing, Pandora, and OSCP traffic",118,1,0,0,Protocol Impersonation,"Cobalt Strike's malleable C2 profiles were used to impersonate Amazon, Google Safe Browsing, Pandora, and OSCP traffic",data_v2/repro_external/attack_flow/corpus/Cobalt Kitty Campaign.afb,0fa8f27fdcf7e822de2927b4c8f7aec030c12c99b6e93d97deff9bdc6338814b
attack_flow,Cobalt Kitty Campaign,8,attack_flow::Cobalt Kitty Campaign::436a56c4-7998-45f2-8f4e-3e4709e3e80c,T1018,T1018,"Network scanning was performed against entire ranges to gain information on open ports, services, and operating systems for remote systems",138,1,0,0,Remote System Discovery,"Network scanning was performed against entire ranges to gain information on open ports, services, and operating systems for remote systems",data_v2/repro_external/attack_flow/corpus/Cobalt Kitty Campaign.afb,0fa8f27fdcf7e822de2927b4c8f7aec030c12c99b6e93d97deff9bdc6338814b
attack_flow,Cobalt Kitty Campaign,9,attack_flow::Cobalt Kitty Campaign::90c24039-8903-407d-a9a8-9960faf084e2,T1016,T1016,The attackers used several tools built into the Windows OS to gather information on the environment’s network configurations.,125,1,0,0,System Network Configuration Discovery,The attackers used several tools built into the Windows OS to gather information on the environment’s network configurations.,data_v2/repro_external/attack_flow/corpus/Cobalt Kitty Campaign.afb,0fa8f27fdcf7e822de2927b4c8f7aec030c12c99b6e93d97deff9bdc6338814b
attack_flow,Cobalt Kitty Campaign,10,attack_flow::Cobalt Kitty Campaign::7ec57638-9eba-4456-af50-1a0e4804510d,T1003.004,T1003,Modified version of Mimikatz was used to dump credentials,57,1,0,0,LSA Secrets,Modified version of Mimikatz was used to dump credentials,data_v2/repro_external/attack_flow/corpus/Cobalt Kitty Campaign.afb,0fa8f27fdcf7e822de2927b4c8f7aec030c12c99b6e93d97deff9bdc6338814b
attack_flow,Cobalt Kitty Campaign,11,attack_flow::Cobalt Kitty Campaign::03fd7c2f-1eab-4468-8d67-7a331b75c261,T1021.002,T1021,Net.exe was used to perform lateral movement via Windows Admin Shares,69,1,0,0,SMB/Windows Admin Shares,Net.exe was used to perform lateral movement via Windows Admin Shares,data_v2/repro_external/attack_flow/corpus/Cobalt Kitty Campaign.afb,0fa8f27fdcf7e822de2927b4c8f7aec030c12c99b6e93d97deff9bdc6338814b
attack_flow,Conti CISA Alert,0,attack_flow::Conti CISA Alert::2a8b2d9c-c1cb-44e8-9c18-e146fdb28c3b,T1566.001,T1566,Malicious Microsoft Excel file is attached to a phishing email.,63,1,0,0,Spearphishing Attachment,Malicious Microsoft Excel file is attached to a phishing email.,data_v2/repro_external/attack_flow/corpus/Conti CISA Alert.afb,8fd37257a93caaf0da2e395404165adc0bfce0b41c67df21ec37e7a84b53cb6c
attack_flow,Conti CISA Alert,1,attack_flow::Conti CISA Alert::803b8f27-1c9b-4d83-b155-b443b69672f8,T1204.002,T1204,"User of the Patient Zero Workstation clicks on malicious Excel file, compromising the workstation.",98,1,0,0,Malicious File,"User of the Patient Zero Workstation clicks on malicious Excel file, compromising the workstation.",data_v2/repro_external/attack_flow/corpus/Conti CISA Alert.afb,8fd37257a93caaf0da2e395404165adc0bfce0b41c67df21ec37e7a84b53cb6c
attack_flow,Conti CISA Alert,2,attack_flow::Conti CISA Alert::08dfcf4a-96c4-487e-8531-3ddd7fbb6e70,T1558.003,T1558,Actors use Kerberos attacks to attempt to get the Admin hash to conduct brute force attacks.,92,1,0,0,Kerberoasting,Actors use Kerberos attacks to attempt to get the Admin hash to conduct brute force attacks.,data_v2/repro_external/attack_flow/corpus/Conti CISA Alert.afb,8fd37257a93caaf0da2e395404165adc0bfce0b41c67df21ec37e7a84b53cb6c
attack_flow,Conti CISA Alert,3,attack_flow::Conti CISA Alert::51d84486-8f49-40aa-a3ef-65ab544dff0f,T1110,T1110,Actors get the Admin hash to conduct brute force attacks.,57,1,0,0,Brute Force,Actors get the Admin hash to conduct brute force attacks.,data_v2/repro_external/attack_flow/corpus/Conti CISA Alert.afb,8fd37257a93caaf0da2e395404165adc0bfce0b41c67df21ec37e7a84b53cb6c
attack_flow,Conti CISA Alert,4,attack_flow::Conti CISA Alert::21b2ccee-d3ed-4866-b931-87c37f98dc93,T1203,T1203,Threat actors exploit vulnerabilities in unpatched assets to escalate privileges and move laterally.,100,1,0,0,Exploitation for Client Execution,Threat actors exploit vulnerabilities in unpatched assets to escalate privileges and move laterally.,data_v2/repro_external/attack_flow/corpus/Conti CISA Alert.afb,8fd37257a93caaf0da2e395404165adc0bfce0b41c67df21ec37e7a84b53cb6c
attack_flow,Conti CISA Alert,5,attack_flow::Conti CISA Alert::fda03654-388a-45e1-b3c5-36a0593aec6d,T1486,T1486,Threat actors encrypt sensitive data by detonating Conti ransomware.,68,1,0,0,Data Encrypted for Impact,Threat actors encrypt sensitive data by detonating Conti ransomware.,data_v2/repro_external/attack_flow/corpus/Conti CISA Alert.afb,8fd37257a93caaf0da2e395404165adc0bfce0b41c67df21ec37e7a84b53cb6c
attack_flow,Conti PWC,0,attack_flow::Conti PWC::2a8b2d9c-c1cb-44e8-9c18-e146fdb28c3b,T1566.001,T1566,Malicious Microsoft Excel file is attached to a phishing email.,63,1,0,0,Spearphishing Attachment,Malicious Microsoft Excel file is attached to a phishing email.,data_v2/repro_external/attack_flow/corpus/Conti PWC.afb,358080c1fccfd660b178e1b83b7a71e9e9f25157a9099332d658cd9da41f6107
attack_flow,Conti PWC,1,attack_flow::Conti PWC::803b8f27-1c9b-4d83-b155-b443b69672f8,T1204,T1204,"User of the Patient Zero Workstation clicks on malicious Excel file, compromising the workstation.",98,1,0,0,User Execution,"User of the Patient Zero Workstation clicks on malicious Excel file, compromising the workstation.",data_v2/repro_external/attack_flow/corpus/Conti PWC.afb,358080c1fccfd660b178e1b83b7a71e9e9f25157a9099332d658cd9da41f6107
attack_flow,Conti PWC,2,attack_flow::Conti PWC::08dfcf4a-96c4-487e-8531-3ddd7fbb6e70,T1586,T1586,Compromise and abuse accounts with high privilege levels,56,1,0,0,Compromise Accounts,Compromise and abuse accounts with high privilege levels,data_v2/repro_external/attack_flow/corpus/Conti PWC.afb,358080c1fccfd660b178e1b83b7a71e9e9f25157a9099332d658cd9da41f6107
attack_flow,Conti PWC,3,attack_flow::Conti PWC::823c7ef5-0569-4678-a773-4f465690998c,T1083,T1083,Browsed folders and opened files within HSE,43,1,0,0,File and Directory Discovery,Browsed folders and opened files within HSE,data_v2/repro_external/attack_flow/corpus/Conti PWC.afb,358080c1fccfd660b178e1b83b7a71e9e9f25157a9099332d658cd9da41f6107
attack_flow,Conti Ransomware,0,attack_flow::Conti Ransomware::63b4d51e-84a0-4dee-b22a-0ffaea346e33,T1566.001,T1566,The initial vector used by the threat actor was a zip file delivered through a phishing campaign.,97,1,0,0,Spearphishing Attachment,The initial vector used by the threat actor was a zip file delivered through a phishing campaign.,data_v2/repro_external/attack_flow/corpus/Conti Ransomware.afb,f728b852a7cf15d2b43305f97344e89534853cf59252ff7317b36c38f24a71ae
attack_flow,Conti Ransomware,1,attack_flow::Conti Ransomware::7a811b31-03be-481a-8344-1310218b0fd3,T1059.007,T1059,A JavaScript file is located within the zip file and executed,61,1,0,0,JavaScript,A JavaScript file is located within the zip file and executed,data_v2/repro_external/attack_flow/corpus/Conti Ransomware.afb,f728b852a7cf15d2b43305f97344e89534853cf59252ff7317b36c38f24a71ae
attack_flow,Conti Ransomware,2,attack_flow::Conti Ransomware::8fbbfd31-5bde-4c5e-bfbd-4cd34a382694,T1105,T1105,The JavaScript downloaded the IcedID malware,44,1,0,0,Ingress Tool Transfer,The JavaScript downloaded the IcedID malware,data_v2/repro_external/attack_flow/corpus/Conti Ransomware.afb,f728b852a7cf15d2b43305f97344e89534853cf59252ff7317b36c38f24a71ae
attack_flow,Conti Ransomware,3,attack_flow::Conti Ransomware::0cd8c60f-e89b-4cbf-ac17-2699a2c7f3b3,T1218.011,T1218,rundll32.exe executed IcedID malware and ran command and control over port 443 for the duration of the intrusion,112,1,0,0,Rundll32,rundll32.exe executed IcedID malware and ran command and control over port 443 for the duration of the intrusion,data_v2/repro_external/attack_flow/corpus/Conti Ransomware.afb,f728b852a7cf15d2b43305f97344e89534853cf59252ff7317b36c38f24a71ae
attack_flow,Conti Ransomware,4,attack_flow::Conti Ransomware::fd17c242-ee9e-46e7-ae64-034a61b80260,T1105,T1105,A Cobalt Strike Beacon was dropped and executed,47,1,0,0,Ingress Tool Transfer,A Cobalt Strike Beacon was dropped and executed,data_v2/repro_external/attack_flow/corpus/Conti Ransomware.afb,f728b852a7cf15d2b43305f97344e89534853cf59252ff7317b36c38f24a71ae
attack_flow,Conti Ransomware,5,attack_flow::Conti Ransomware::c1c2e798-adba-4c7b-95ab-3afb8dd69c73,T1033,T1033,"discovery activity with native windows utilities such as nltest.exe, whoami.exe, and net.exe",92,1,0,0,System Owner/User Discovery,"discovery activity with native windows utilities such as nltest.exe, whoami.exe, and net.exe",data_v2/repro_external/attack_flow/corpus/Conti Ransomware.afb,f728b852a7cf15d2b43305f97344e89534853cf59252ff7317b36c38f24a71ae
attack_flow,Conti Ransomware,6,attack_flow::Conti Ransomware::eb41545a-feb2-4709-a184-3b76b4f11724,T1134,T1134,Attackers escalated to SYSTEM privileges via Cobalt Strike’s built-in “named pipe impersonation” (GetSystem) functionality.,123,1,0,0,Access Token Manipulation,Attackers escalated to SYSTEM privileges via Cobalt Strike’s built-in “named pipe impersonation” (GetSystem) functionality.,data_v2/repro_external/attack_flow/corpus/Conti Ransomware.afb,f728b852a7cf15d2b43305f97344e89534853cf59252ff7317b36c38f24a71ae
attack_flow,Conti Ransomware,7,attack_flow::Conti Ransomware::f8a23107-18ea-4ae8-a224-392fbd8ae25d,T1021.002,T1021,The threat actors continued by moving laterally to the domain controllers on the network using SMB to transfer and execute a Cobalt Strike Beacon,145,1,0,0,SMB/Windows Admin Shares,The threat actors continued by moving laterally to the domain controllers on the network using SMB to transfer and execute a Cobalt Strike Beacon,data_v2/repro_external/attack_flow/corpus/Conti Ransomware.afb,f728b852a7cf15d2b43305f97344e89534853cf59252ff7317b36c38f24a71ae
attack_flow,Conti Ransomware,8,attack_flow::Conti Ransomware::97fc06cc-cc3d-43a0-8b57-f7964c10bff3,T1046,T1046,"During that time, we observed port scanning activity from one of the domain controllers, to identify open ports such as SSH, SMB, MSSQL, RDP and WinRM, and attempts to enumerate what networks were present in the environment",223,1,0,0,Network Service Discovery,"During that time, we observed port scanning activity from one of the domain controllers, to identify open ports such as SSH, SMB, MSSQL, RDP and WinRM, and attempts to enumerate what networks were present in the environment",data_v2/repro_external/attack_flow/corpus/Conti Ransomware.afb,f728b852a7cf15d2b43305f97344e89534853cf59252ff7317b36c38f24a71ae
attack_flow,Conti Ransomware,9,attack_flow::Conti Ransomware::809a956f-52ae-4d56-af4c-0504543dacd7,T1021.001,T1021,Cobalt Strike enabled RDP and allowed connections through the firewall on the domain controllers,96,1,0,0,Remote Desktop Protocol,Cobalt Strike enabled RDP and allowed connections through the firewall on the domain controllers,data_v2/repro_external/attack_flow/corpus/Conti Ransomware.afb,f728b852a7cf15d2b43305f97344e89534853cf59252ff7317b36c38f24a71ae
attack_flow,Conti Ransomware,10,attack_flow::Conti Ransomware::94ac64c0-2ced-4a0a-b756-d0e27aa5c1dd,T1021.002,T1021,"PsExec was used to copy and execute a Cobalt Strike Beacon DLL on most of the systems in the network, including Admin shares.",125,1,0,0,SMB/Windows Admin Shares,"PsExec was used to copy and execute a Cobalt Strike Beacon DLL on most of the systems in the network, including Admin shares.",data_v2/repro_external/attack_flow/corpus/Conti Ransomware.afb,f728b852a7cf15d2b43305f97344e89534853cf59252ff7317b36c38f24a71ae
attack_flow,Conti Ransomware,11,attack_flow::Conti Ransomware::834638ac-9ed6-4b87-bc7f-a9bb36124e2f,T1021.001,T1021,"A RDP connection was made from the victim host to the domain controller and other systems throughout the environment. This RDP activity was being proxied through the IcedID process running on that host, to a remote proxy over port 8080.",236,1,0,0,Remote Desktop Protocol,"A RDP connection was made from the victim host to the domain controller and other systems throughout the environment. This RDP activity was being proxied through the IcedID process running on that host, to a remote proxy over port 8080.",data_v2/repro_external/attack_flow/corpus/Conti Ransomware.afb,f728b852a7cf15d2b43305f97344e89534853cf59252ff7317b36c38f24a71ae
attack_flow,Conti Ransomware,12,attack_flow::Conti Ransomware::3dde05e7-c85d-491c-9477-8f8c8f09c3a4,T1087.002,T1087,The attackers created a new local user on one of the domain controllers and added it to the Administrators group,112,1,0,0,Domain Account,The attackers created a new local user on one of the domain controllers and added it to the Administrators group,data_v2/repro_external/attack_flow/corpus/Conti Ransomware.afb,f728b852a7cf15d2b43305f97344e89534853cf59252ff7317b36c38f24a71ae
attack_flow,Conti Ransomware,13,attack_flow::Conti Ransomware::fc2f373d-3ee7-4d28-b3c7-939273123d88,T1484.001,T1484,Group Policy was modified to disable Windows Defender,53,1,0,0,Group Policy Modification,Group Policy was modified to disable Windows Defender,data_v2/repro_external/attack_flow/corpus/Conti Ransomware.afb,f728b852a7cf15d2b43305f97344e89534853cf59252ff7317b36c38f24a71ae
attack_flow,Conti Ransomware,14,attack_flow::Conti Ransomware::b1ed079a-a69f-42c4-8c6b-75b00164a775,T1562.001,T1562,disabled Windows Defender,25,1,0,0,Disable or Modify Tools,disabled Windows Defender,data_v2/repro_external/attack_flow/corpus/Conti Ransomware.afb,f728b852a7cf15d2b43305f97344e89534853cf59252ff7317b36c38f24a71ae
attack_flow,Conti Ransomware,15,attack_flow::Conti Ransomware::99d68cdd-73de-4809-8055-3f0a85076a5e,T1486,T1486,Attackers encrypted all systems,31,1,0,0,Data Encrypted for Impact,Attackers encrypted all systems,data_v2/repro_external/attack_flow/corpus/Conti Ransomware.afb,f728b852a7cf15d2b43305f97344e89534853cf59252ff7317b36c38f24a71ae
attack_flow,DFIR - BumbleBee Round 2,0,attack_flow::DFIR - BumbleBee Round 2::5bde19de-dfc9-4a67-b7f0-58d63b146fee,T1547.009,T1547,Bumblebee Initial Execution. (All dates in this flow are relative. The breach start time is not known.),103,1,0,0,Shortcut Modification,Bumblebee Initial Execution. (All dates in this flow are relative. The breach start time is not known.),data_v2/repro_external/attack_flow/corpus/DFIR - BumbleBee Round 2.afb,4aed30c8f617bcc77e4375ff09d9a9701173fb5a79db09afa6c0019ce25784d0
attack_flow,DFIR - BumbleBee Round 2,1,attack_flow::DFIR - BumbleBee Round 2::52551dbb-9709-4a90-b7e2-ad92c735d5cc,T1059,T1059,12:19 UTC to 12:27 UTC: Meterpreter shell for command execution,63,1,0,0,Command and Scripting Interpreter,12:19 UTC to 12:27 UTC: Meterpreter shell for command execution,data_v2/repro_external/attack_flow/corpus/DFIR - BumbleBee Round 2.afb,4aed30c8f617bcc77e4375ff09d9a9701173fb5a79db09afa6c0019ce25784d0
attack_flow,DFIR - BumbleBee Round 2,2,attack_flow::DFIR - BumbleBee Round 2::1da9c661-90f5-4bca-b5f1-2798deb4acbe,T1135,T1135,12:28 to 12:57 UTC Discovery from Meterpreter Sessions,54,1,0,0,Network Share Discovery,12:28 to 12:57 UTC Discovery from Meterpreter Sessions,data_v2/repro_external/attack_flow/corpus/DFIR - BumbleBee Round 2.afb,4aed30c8f617bcc77e4375ff09d9a9701173fb5a79db09afa6c0019ce25784d0
attack_flow,DFIR - BumbleBee Round 2,3,attack_flow::DFIR - BumbleBee Round 2::a69439a7-6d16-421a-9ff7-776302391be0,T1071,T1071,18:26 UTC - 18:27 UTC Cobalt Strike executed and initiates reconnaissance,73,1,0,0,Application Layer Protocol,18:26 UTC - 18:27 UTC  Cobalt Strike executed and initiates reconnaissance,data_v2/repro_external/attack_flow/corpus/DFIR - BumbleBee Round 2.afb,4aed30c8f617bcc77e4375ff09d9a9701173fb5a79db09afa6c0019ce25784d0
attack_flow,DFIR - BumbleBee Round 2,4,attack_flow::DFIR - BumbleBee Round 2::d31e9ed3-3eb9-44d1-9a53-2e2e4c3dcac2,T1087,T1087,18:26 UTC - 18:27 UTC Cobalt Strike executed and initiates reconnaissance,73,1,0,0,Account Discovery,18:26 UTC - 18:27 UTC  Cobalt Strike executed and initiates reconnaissance,data_v2/repro_external/attack_flow/corpus/DFIR - BumbleBee Round 2.afb,4aed30c8f617bcc77e4375ff09d9a9701173fb5a79db09afa6c0019ce25784d0
attack_flow,DFIR - BumbleBee Round 2,5,attack_flow::DFIR - BumbleBee Round 2::40029c58-c769-4dbd-a901-87ce0857e074,T1003.001,T1003,18:31 UTC Credential dump with procdump and collection,54,1,0,0,LSASS Memory,18:31 UTC Credential dump with procdump and collection,data_v2/repro_external/attack_flow/corpus/DFIR - BumbleBee Round 2.afb,4aed30c8f617bcc77e4375ff09d9a9701173fb5a79db09afa6c0019ce25784d0
attack_flow,DFIR - BumbleBee Round 2,6,attack_flow::DFIR - BumbleBee Round 2::dc4fb9cd-da86-48d8-b062-7a78f4fcccad,T1021.001,T1021,18:53 UTC Lateral Movement to Server via RDP and Anydesk install,64,1,0,0,Remote Desktop Protocol,18:53 UTC Lateral Movement to Server via RDP and Anydesk install,data_v2/repro_external/attack_flow/corpus/DFIR - BumbleBee Round 2.afb,4aed30c8f617bcc77e4375ff09d9a9701173fb5a79db09afa6c0019ce25784d0
attack_flow,DFIR - BumbleBee Round 2,7,attack_flow::DFIR - BumbleBee Round 2::3cd623e4-d522-4a49-9274-80daab9d548d,T1219,T1219,Remote access with AnyDesk,26,1,0,0,Remote Access Software,Remote access with AnyDesk,data_v2/repro_external/attack_flow/corpus/DFIR - BumbleBee Round 2.afb,4aed30c8f617bcc77e4375ff09d9a9701173fb5a79db09afa6c0019ce25784d0
attack_flow,DFIR - BumbleBee Round 2,8,attack_flow::DFIR - BumbleBee Round 2::f988de9b-8b10-45bc-9f97-151ff552a196,T1136.002,T1136,19:00 UTC User Added for Persistence on Server,46,1,0,0,Domain Account,19:00 UTC User Added for Persistence on Server,data_v2/repro_external/attack_flow/corpus/DFIR - BumbleBee Round 2.afb,4aed30c8f617bcc77e4375ff09d9a9701173fb5a79db09afa6c0019ce25784d0
attack_flow,DFIR - BumbleBee Round 2,9,attack_flow::DFIR - BumbleBee Round 2::a39cb9ff-6740-4503-8a22-7549753a892c,T1016,T1016,19:09 UTC AdFind executed for system reconnaissance,51,1,0,0,System Network Configuration Discovery,19:09 UTC AdFind executed for system reconnaissance,data_v2/repro_external/attack_flow/corpus/DFIR - BumbleBee Round 2.afb,4aed30c8f617bcc77e4375ff09d9a9701173fb5a79db09afa6c0019ce25784d0
attack_flow,DFIR - BumbleBee Round 2,10,attack_flow::DFIR - BumbleBee Round 2::26ba213f-b338-42a5-a791-c666668db1e3,T1219,T1219,19:13 UTC AnyDesk used to browse files,38,1,0,0,Remote Access Software,19:13 UTC AnyDesk used to browse files,data_v2/repro_external/attack_flow/corpus/DFIR - BumbleBee Round 2.afb,4aed30c8f617bcc77e4375ff09d9a9701173fb5a79db09afa6c0019ce25784d0
attack_flow,DFIR - BumbleBee Round 2,11,attack_flow::DFIR - BumbleBee Round 2::e40758a2-cd01-4706-9edb-849dc3664091,T1021.001,T1021,19:17 UTC Lateral Movement to Backup Server via RDP,51,1,0,0,Remote Services: Remote Desktop Protocol,19:17 UTC Lateral Movement to Backup Server via RDP,data_v2/repro_external/attack_flow/corpus/DFIR - BumbleBee Round 2.afb,4aed30c8f617bcc77e4375ff09d9a9701173fb5a79db09afa6c0019ce25784d0
attack_flow,DFIR - BumbleBee Round 2,12,attack_flow::DFIR - BumbleBee Round 2::f3466114-62e4-472e-9204-1523cf78352a,T1059.003,T1059,00:14 UTC Batch Script executed for system reconnaissance,57,1,0,0,Windows Command Shell,00:14 UTC Batch Script executed for system reconnaissance,data_v2/repro_external/attack_flow/corpus/DFIR - BumbleBee Round 2.afb,4aed30c8f617bcc77e4375ff09d9a9701173fb5a79db09afa6c0019ce25784d0
attack_flow,Equifax Breach,0,attack_flow::Equifax Breach::6f347c34-9d8a-48f1-889e-23752c87197b,T1595.002,T1595,US-CERT warned about a vulnerability within Apache Struts. Attackers searched the web for systems with this vulnerability,121,1,0,0,Vulnerability Scanning,US-CERT warned about a vulnerability within Apache Struts. Attackers searched the web for systems with this vulnerability,data_v2/repro_external/attack_flow/corpus/Equifax Breach.afb,ab88baa8960094edf74e1a2b481ed0dd5e342d9eb8599e7670a070b539fc8340
attack_flow,Equifax Breach,1,attack_flow::Equifax Breach::ed1d3b65-7d96-4fb0-88c4-c2cd30623b03,T1190,T1190,Attackers used software designed to exploit the Apache Struts Web Framework vulnerability to gain access to Equifax's online dispute portal,139,1,0,0,Exploit Public-Facing Application,Attackers used software designed to exploit the Apache Struts Web Framework vulnerability to gain access to Equifax's online dispute portal,data_v2/repro_external/attack_flow/corpus/Equifax Breach.afb,ab88baa8960094edf74e1a2b481ed0dd5e342d9eb8599e7670a070b539fc8340
attack_flow,Equifax Breach,2,attack_flow::Equifax Breach::21be9f13-3c4b-4c97-b532-326568e19550,T1505.003,T1505,New attackers exploited foothold and installed web shell onto the Online Dispute Portal,87,1,0,0,Web Shell,New attackers exploited foothold and installed web shell onto the Online Dispute Portal,data_v2/repro_external/attack_flow/corpus/Equifax Breach.afb,ab88baa8960094edf74e1a2b481ed0dd5e342d9eb8599e7670a070b539fc8340
attack_flow,Equifax Breach,3,attack_flow::Equifax Breach::d9d6e1e2-dc1e-404f-a4fd-a1fac90c0a86,T1589.001,T1589,Attackers conducted recon on the online dispute portal to obtain valid credentials for database servers,103,1,0,0,Credentials,Attackers conducted recon on the online dispute portal to obtain valid credentials for database servers,data_v2/repro_external/attack_flow/corpus/Equifax Breach.afb,ab88baa8960094edf74e1a2b481ed0dd5e342d9eb8599e7670a070b539fc8340
attack_flow,Equifax Breach,4,attack_flow::Equifax Breach::6641e2c7-8ea1-443f-a29d-89e544be5eb9,T1573,T1573,Queried databases for PII using existing encrypted channels,59,1,0,0,Encrypted Channel,Queried databases for PII using existing encrypted channels,data_v2/repro_external/attack_flow/corpus/Equifax Breach.afb,ab88baa8960094edf74e1a2b481ed0dd5e342d9eb8599e7670a070b539fc8340
attack_flow,Equifax Breach,5,attack_flow::Equifax Breach::bd230072-e0f0-4478-a209-7d7aded898f2,T1560,T1560,Split and compress output files with information,48,1,0,0,Archive Collected Data,Split and compress output files with information,data_v2/repro_external/attack_flow/corpus/Equifax Breach.afb,ab88baa8960094edf74e1a2b481ed0dd5e342d9eb8599e7670a070b539fc8340
attack_flow,Equifax Breach,6,attack_flow::Equifax Breach::23fade7d-fc7b-42d6-b962-fd13f8d67e88,T1048.002,T1048,Exfiltration over standard encrypted web protocols to disguise the exchanges as normal network traffic,102,1,0,0,Exfiltration Over Asymmetric Encrypted Non-C2 Protocol,Exfiltration over standard encrypted web protocols to disguise the exchanges as normal network traffic,data_v2/repro_external/attack_flow/corpus/Equifax Breach.afb,ab88baa8960094edf74e1a2b481ed0dd5e342d9eb8599e7670a070b539fc8340
attack_flow,Equifax Breach,7,attack_flow::Equifax Breach::e0206671-984d-49d1-bd1a-12e10966395f,T1090.003,T1090,Attackers used multi-hop proxies in approximately thirty-four servers located in nearly twenty countries,104,1,0,0,Multi-hop Proxy,Attackers used multi-hop proxies in approximately thirty-four servers located in nearly twenty countries,data_v2/repro_external/attack_flow/corpus/Equifax Breach.afb,ab88baa8960094edf74e1a2b481ed0dd5e342d9eb8599e7670a070b539fc8340
attack_flow,Equifax Breach,8,attack_flow::Equifax Breach::f4e8ee77-2e14-450d-92d4-d7a1b6595c16,T1070.004,T1070,Deleted the compressed files after exfiltrating the sensitive data,66,1,0,0,File Deletion,Deleted the compressed files after exfiltrating the sensitive data,data_v2/repro_external/attack_flow/corpus/Equifax Breach.afb,ab88baa8960094edf74e1a2b481ed0dd5e342d9eb8599e7670a070b539fc8340
attack_flow,FIN13 Case 1,0,attack_flow::FIN13 Case 1::06617ed8-35b6-42e2-9f14-99e97f57b78f,T1595.002,T1595,The attacker scanned the perimeter of the victim looking for vulnerable webservices.,84,1,0,0,Vulnerability Scanning,The attacker scanned the perimeter of the victim looking for vulnerable webservices.,data_v2/repro_external/attack_flow/corpus/FIN13 Case 1.afb,3d0c8ea7c4cc19b964f3510fe6c77d793dc7dbd701877dd955389014186513b5
attack_flow,FIN13 Case 1,1,attack_flow::FIN13 Case 1::05411f8d-39a0-45a2-824f-230d9c9b2fd5,T1595,T1595,Scanned the targeted web server again.,38,1,0,0,Active Scanning,Scanned the targeted web server again.,data_v2/repro_external/attack_flow/corpus/FIN13 Case 1.afb,3d0c8ea7c4cc19b964f3510fe6c77d793dc7dbd701877dd955389014186513b5
attack_flow,FIN13 Case 1,2,attack_flow::FIN13 Case 1::1f6da219-83ad-4f6a-ba67-5b5e873abb9f,T1190,T1190,"Exploited a vulnerability in the Oracle WebLogic server, and passed malicious content via POST requests to a web page called AsyncResponseServiceHttps, and executed commands",173,1,0,0,Exploit Public-Facing Application,"Exploited a vulnerability in the Oracle WebLogic server, and passed malicious content via POST requests to a web page called AsyncResponseServiceHttps, and executed commands",data_v2/repro_external/attack_flow/corpus/FIN13 Case 1.afb,3d0c8ea7c4cc19b964f3510fe6c77d793dc7dbd701877dd955389014186513b5
attack_flow,FIN13 Case 1,3,attack_flow::FIN13 Case 1::0b518f13-5622-4f1f-8f5c-a8a7ddb069aa,T1505.003,T1505,Uploaded and accessed a webshell,32,1,0,0,Web Shell,Uploaded and accessed a webshell,data_v2/repro_external/attack_flow/corpus/FIN13 Case 1.afb,3d0c8ea7c4cc19b964f3510fe6c77d793dc7dbd701877dd955389014186513b5
attack_flow,FIN13 Case 1,4,attack_flow::FIN13 Case 1::338654f7-6429-4f19-9cab-23970b2db208,T1046,T1046,Attempted to recon the DMZ segment where the infected webserver was operating.,78,1,0,0,Network Service Discovery,Attempted to recon the DMZ segment where the infected webserver was operating.,data_v2/repro_external/attack_flow/corpus/FIN13 Case 1.afb,3d0c8ea7c4cc19b964f3510fe6c77d793dc7dbd701877dd955389014186513b5
attack_flow,FIN13 Case 1,5,attack_flow::FIN13 Case 1::aac1df04-b869-4d4c-8a6a-4c8c46bf46dd,T1105,T1105,Uploaded a zip archive of tools for various OS via the webshell onto the compromised web server,95,1,0,0,Ingress Tool Transfer,Uploaded a zip archive of tools for various OS via the webshell onto the compromised web server,data_v2/repro_external/attack_flow/corpus/FIN13 Case 1.afb,3d0c8ea7c4cc19b964f3510fe6c77d793dc7dbd701877dd955389014186513b5
attack_flow,FIN13 Case 1,6,attack_flow::FIN13 Case 1::f57144a5-23e3-4141-a14f-0054f1f3baa2,T1505.003,T1505,Implanted a WSO PHP webshell on the Zabbix server.,50,1,0,0,Web Shell,Implanted a WSO PHP webshell on the Zabbix server.,data_v2/repro_external/attack_flow/corpus/FIN13 Case 1.afb,3d0c8ea7c4cc19b964f3510fe6c77d793dc7dbd701877dd955389014186513b5
attack_flow,FIN13 Case 1,7,attack_flow::FIN13 Case 1::1972489e-527b-42d1-946b-1712ca9d88d7,T1505.003,T1505,"Attacker dropped a BlueAgave Perl webshell, configured on port 65510",68,1,0,0,Web Shell,"Attacker dropped a BlueAgave Perl webshell, configured on port 65510",data_v2/repro_external/attack_flow/corpus/FIN13 Case 1.afb,3d0c8ea7c4cc19b964f3510fe6c77d793dc7dbd701877dd955389014186513b5
attack_flow,FIN13 Case 1,8,attack_flow::FIN13 Case 1::8ae9cc92-e769-44d4-a4c0-00081223f860,T1595.001,T1595,Attacker launched massive ping sweeps against private subnets.,62,1,0,0,Active Scanning: Scanning IP Blocks,Attacker launched massive ping sweeps against private subnets.,data_v2/repro_external/attack_flow/corpus/FIN13 Case 1.afb,3d0c8ea7c4cc19b964f3510fe6c77d793dc7dbd701877dd955389014186513b5
attack_flow,FIN13 Case 1,9,attack_flow::FIN13 Case 1::273407ed-343c-4dce-849e-68a96326f8fb,T1570,T1570,"PortHole used to verify the first 10,000 TCP ports of any machine that responded to the ping sweep",98,1,0,0,Lateral Tool Transfer,"PortHole used to verify the first 10,000 TCP ports of any machine that responded to the ping sweep",data_v2/repro_external/attack_flow/corpus/FIN13 Case 1.afb,3d0c8ea7c4cc19b964f3510fe6c77d793dc7dbd701877dd955389014186513b5
attack_flow,FIN13 Case 1,10,attack_flow::FIN13 Case 1::e1ce720a-a99e-4714-ae35-b9f259c515a4,T1570,T1570,Transferred additional tools to the Zabbix from the WebLogic Server,67,1,0,0,Lateral Tool Transfer,Transferred additional tools to the Zabbix from the WebLogic Server,data_v2/repro_external/attack_flow/corpus/FIN13 Case 1.afb,3d0c8ea7c4cc19b964f3510fe6c77d793dc7dbd701877dd955389014186513b5
attack_flow,FIN13 Case 1,11,attack_flow::FIN13 Case 1::bcd31619-522d-40c4-a0f0-ecff1fc40188,T1210,T1210,Attacker moved laterally from the Zabbix server to the Oracle Identity Manager server (in the DMZ),98,1,0,0,Exploitation of Remote Services,Attacker moved laterally from the Zabbix server to the Oracle Identity Manager server (in the DMZ),data_v2/repro_external/attack_flow/corpus/FIN13 Case 1.afb,3d0c8ea7c4cc19b964f3510fe6c77d793dc7dbd701877dd955389014186513b5
attack_flow,FIN13 Case 1,12,attack_flow::FIN13 Case 1::516a162a-e8c3-437e-bcf8-f5045840a9c9,T1003,T1003,Attacker dumped the sysadmin account related to the IAM service,63,1,0,0,OS Credential Dumping,Attacker dumped the sysadmin account related to the IAM service,data_v2/repro_external/attack_flow/corpus/FIN13 Case 1.afb,3d0c8ea7c4cc19b964f3510fe6c77d793dc7dbd701877dd955389014186513b5
attack_flow,FIN13 Case 1,13,attack_flow::FIN13 Case 1::144109da-1040-4cba-ae66-ff8a2832dd75,T1021.004,T1021,Attacker used SSH to access the Oracle IAM server administrative UI,67,1,0,0,SSH,Attacker used SSH to access the Oracle IAM server administrative UI,data_v2/repro_external/attack_flow/corpus/FIN13 Case 1.afb,3d0c8ea7c4cc19b964f3510fe6c77d793dc7dbd701877dd955389014186513b5
attack_flow,FIN13 Case 1,14,attack_flow::FIN13 Case 1::445159ff-e8fc-42e6-9c4f-6972b015da70,T1005,T1005,Attacker dumped the IAM local database of accounts allowing them to find domain accounts,88,1,0,0,Data from Local System,Attacker dumped the IAM local database of accounts allowing them to find domain accounts,data_v2/repro_external/attack_flow/corpus/FIN13 Case 1.afb,3d0c8ea7c4cc19b964f3510fe6c77d793dc7dbd701877dd955389014186513b5
attack_flow,FIN13 Case 1,15,attack_flow::FIN13 Case 1::94b2422d-0950-424f-9350-a12d3d732922,T1040,T1040,Sniffed credentials passed by the IAM service to the DMZ servers.,65,1,0,0,Network Sniffing,Sniffed credentials passed by the IAM service to the DMZ servers.,data_v2/repro_external/attack_flow/corpus/FIN13 Case 1.afb,3d0c8ea7c4cc19b964f3510fe6c77d793dc7dbd701877dd955389014186513b5
attack_flow,FIN13 Case 1,16,attack_flow::FIN13 Case 1::3aa3633a-0dce-4f87-8b81-a1c810797686,T1070,T1070,Attacker deleted RawCap output files and the RawCap tool,56,1,0,0,Indicator Removal on Host: File Deletion,Attacker deleted RawCap output files and the RawCap tool,data_v2/repro_external/attack_flow/corpus/FIN13 Case 1.afb,3d0c8ea7c4cc19b964f3510fe6c77d793dc7dbd701877dd955389014186513b5
attack_flow,FIN13 Case 1,17,attack_flow::FIN13 Case 1::3c484f24-0328-4750-8a71-758e69718297,T1570,T1570,Attacker copied pr64.zip to the Backweb server,46,1,0,0,Lateral Tool Transfer,Attacker copied pr64.zip to the Backweb server,data_v2/repro_external/attack_flow/corpus/FIN13 Case 1.afb,3d0c8ea7c4cc19b964f3510fe6c77d793dc7dbd701877dd955389014186513b5
attack_flow,FIN13 Case 1,18,attack_flow::FIN13 Case 1::01813f00-c84d-4bd2-8276-736722e0e3f8,T1558.003,T1558,Attacker used Kerberoasting technique to collect the ticket from system memory and crack offline to obtain credentials.,119,1,0,0,Kerberoasting,Attacker used Kerberoasting technique to collect the ticket from system memory and crack offline to obtain credentials.,data_v2/repro_external/attack_flow/corpus/FIN13 Case 1.afb,3d0c8ea7c4cc19b964f3510fe6c77d793dc7dbd701877dd955389014186513b5
attack_flow,FIN13 Case 1,19,attack_flow::FIN13 Case 1::ae89eafb-e337-431f-af43-50f8d6897d0c,T1078,T1078,Attacker accessed the Backweb server using customasp local user account,71,1,0,0,Valid Accounts: Local Accounts,Attacker accessed the Backweb server using customasp local user account,data_v2/repro_external/attack_flow/corpus/FIN13 Case 1.afb,3d0c8ea7c4cc19b964f3510fe6c77d793dc7dbd701877dd955389014186513b5
attack_flow,FIN13 Case 1,20,attack_flow::FIN13 Case 1::0fa237a6-3703-4c7c-a03d-eb9ba25c3ca0,T1059.001,T1059,Attacker created a service and initialized it with an obfuscated PowerShell payload,83,1,0,0,PowerShell,Attacker created a service and initialized it with an obfuscated PowerShell payload,data_v2/repro_external/attack_flow/corpus/FIN13 Case 1.afb,3d0c8ea7c4cc19b964f3510fe6c77d793dc7dbd701877dd955389014186513b5
attack_flow,FIN13 Case 1,21,attack_flow::FIN13 Case 1::feef2c34-c57b-481c-9f1b-358c5cfb3ccf,T1505.003,T1505,Decoded PowerShell payload results in a similar PowerShell HTTP Bindshell that listens on port 65512,100,1,0,0,Web Shell,Decoded PowerShell payload results in a similar PowerShell HTTP Bindshell that listens on port 65512,data_v2/repro_external/attack_flow/corpus/FIN13 Case 1.afb,3d0c8ea7c4cc19b964f3510fe6c77d793dc7dbd701877dd955389014186513b5
attack_flow,FIN13 Case 1,22,attack_flow::FIN13 Case 1::0574f20a-0604-4681-9245-a53fc4491e52,T1570,T1570,"Attacker left several files in ""Windows\Temp"" directory, such as the Java scanner",81,1,0,0,Lateral Tool Transfer,"Attacker left several files in ""Windows\Temp"" directory, such as the Java scanner",data_v2/repro_external/attack_flow/corpus/FIN13 Case 1.afb,3d0c8ea7c4cc19b964f3510fe6c77d793dc7dbd701877dd955389014186513b5
attack_flow,FIN13 Case 1,23,attack_flow::FIN13 Case 1::ea65ce07-b01f-448c-ad0f-1e75f48fe802,T1595.001,T1595,Scanned internal subnets looking for additional servers,55,1,0,0,Scanning IP Blocks,Scanned internal subnets looking for additional servers,data_v2/repro_external/attack_flow/corpus/FIN13 Case 1.afb,3d0c8ea7c4cc19b964f3510fe6c77d793dc7dbd701877dd955389014186513b5
attack_flow,FIN13 Case 1,24,attack_flow::FIN13 Case 1::9657b790-d5a8-4253-9932-b358f8d6c992,T1110,T1110,Attacker attempted to access the RSA servers by leveraging service accounts previously stolen through executing dictionary-based access attempts,144,1,0,0,Brute Force,Attacker attempted to access the RSA servers by leveraging service accounts previously stolen through executing dictionary-based access attempts,data_v2/repro_external/attack_flow/corpus/FIN13 Case 1.afb,3d0c8ea7c4cc19b964f3510fe6c77d793dc7dbd701877dd955389014186513b5
attack_flow,FIN13 Case 1,25,attack_flow::FIN13 Case 1::e5b25470-9b73-4a90-abad-efaf56a241a7,T1590,T1590,Attacker enumerated databases in the same network segment as the RSA servers,76,1,0,0,Gather Victim Network Information,Attacker enumerated databases in the same network segment as the RSA servers,data_v2/repro_external/attack_flow/corpus/FIN13 Case 1.afb,3d0c8ea7c4cc19b964f3510fe6c77d793dc7dbd701877dd955389014186513b5
attack_flow,FIN13 Case 1,26,attack_flow::FIN13 Case 1::6e420205-86d5-457c-9952-0eb1d4d0c29b,T1595,T1595,Attacker scanned for MS-SQL servers,35,1,0,0,Active Scanning,Attacker scanned for MS-SQL servers,data_v2/repro_external/attack_flow/corpus/FIN13 Case 1.afb,3d0c8ea7c4cc19b964f3510fe6c77d793dc7dbd701877dd955389014186513b5
attack_flow,FIN13 Case 1,27,attack_flow::FIN13 Case 1::5f223e58-a5d8-406e-8ad9-72a80b0abc38,T1570,T1570,Attacker moved several tools to the Backweb server,50,1,0,0,Lateral Tool Transfer,Attacker moved several tools to the Backweb server,data_v2/repro_external/attack_flow/corpus/FIN13 Case 1.afb,3d0c8ea7c4cc19b964f3510fe6c77d793dc7dbd701877dd955389014186513b5
attack_flow,FIN13 Case 1,28,attack_flow::FIN13 Case 1::14f1573e-dea1-49ff-94a0-65c662c0a9ac,T1533,T1533,The attackers dumped the database containing the SecurID token serials with the corresponding end-user accounts,111,1,0,0,Data from Local System,The attackers dumped the database containing the SecurID token serials with the corresponding end-user accounts,data_v2/repro_external/attack_flow/corpus/FIN13 Case 1.afb,3d0c8ea7c4cc19b964f3510fe6c77d793dc7dbd701877dd955389014186513b5
attack_flow,FIN13 Case 1,29,attack_flow::FIN13 Case 1::d3cb375e-3c91-48aa-b3ec-1af4e3af0ec3,T1021.001,T1021,Attacker accessed the Backweb server again multiple times using RDP and the sqlservice and sqlinstall accounts,110,1,0,0,Remote Desktop Protocol,Attacker accessed the Backweb server again multiple times using RDP and the sqlservice and sqlinstall accounts,data_v2/repro_external/attack_flow/corpus/FIN13 Case 1.afb,3d0c8ea7c4cc19b964f3510fe6c77d793dc7dbd701877dd955389014186513b5
attack_flow,FIN13 Case 1,30,attack_flow::FIN13 Case 1::d8c00dfb-334f-44b5-9363-6c378ac48ce5,T1111,T1111,"Attacker harvested token serials from the database and collected daily token transactions in clear text stored inside a service account folder, where the storage procedure was scripted",184,1,0,0,Multi-Factor Authentication Interception,"Attacker harvested token serials from the database and collected daily token transactions in clear text stored inside a service account folder, where the storage procedure was scripted",data_v2/repro_external/attack_flow/corpus/FIN13 Case 1.afb,3d0c8ea7c4cc19b964f3510fe6c77d793dc7dbd701877dd955389014186513b5
attack_flow,FIN13 Case 1,31,attack_flow::FIN13 Case 1::97790d66-c67b-416c-8072-a3942d5c0b44,T1078,T1078,Attacker logged into the bank users' accounts,45,1,0,0,Valid Accounts,Attacker logged into the bank users' accounts,data_v2/repro_external/attack_flow/corpus/FIN13 Case 1.afb,3d0c8ea7c4cc19b964f3510fe6c77d793dc7dbd701877dd955389014186513b5
attack_flow,FIN13 Case 2,0,attack_flow::FIN13 Case 2::81e5c5eb-d20d-46e2-8755-d196dce3cf55,T1190,T1190,Exploited the Log4j vulnerability to open a breach head on the DMZ,66,1,0,0,Exploit Public-Facing Application,Exploited the Log4j vulnerability to open a breach head on the DMZ,data_v2/repro_external/attack_flow/corpus/FIN13 Case 2.afb,af34b6d95652ef08cfa6526fb5146bbc91324d01931e7e11b69aa20c69f7f4cf
attack_flow,FIN13 Case 2,1,attack_flow::FIN13 Case 2::6a89f34f-6ad9-492f-801a-d67148b37c18,T1105,T1105,The attacker immediately deployed tools on the breached DMZ,59,1,0,0,Ingress Tool Transfer,The attacker immediately deployed tools on the breached DMZ,data_v2/repro_external/attack_flow/corpus/FIN13 Case 2.afb,af34b6d95652ef08cfa6526fb5146bbc91324d01931e7e11b69aa20c69f7f4cf
attack_flow,FIN13 Case 2,2,attack_flow::FIN13 Case 2::fcd49b6d-5dde-4cdd-b73a-a3b5031a6942,T1505.003,T1505,Implanted a JSP webshell,24,1,0,0,Web Shell,Implanted a JSP webshell,data_v2/repro_external/attack_flow/corpus/FIN13 Case 2.afb,af34b6d95652ef08cfa6526fb5146bbc91324d01931e7e11b69aa20c69f7f4cf
attack_flow,FIN13 Case 2,3,attack_flow::FIN13 Case 2::6c480520-1fa3-436d-832f-fecd8de08f62,T1203,T1203,Moved laterally to a DMZ segment hosting a SharePoint server probably by using a RCE vulnerability.,99,1,0,0,Exploitation for Client Execution,Moved laterally to a DMZ segment hosting a SharePoint server probably by using a RCE vulnerability.,data_v2/repro_external/attack_flow/corpus/FIN13 Case 2.afb,af34b6d95652ef08cfa6526fb5146bbc91324d01931e7e11b69aa20c69f7f4cf
attack_flow,FIN13 Case 2,4,attack_flow::FIN13 Case 2::482cf545-fe5c-4a0b-b56d-bcf5aa522006,T1003.001,T1003,Succesfully dumped the SharePoint cached credentials and sent the files to a Dropzone to crack offline.,103,1,0,0,LSASS Memory,Succesfully dumped the SharePoint cached credentials and sent the files to a Dropzone to crack offline.,data_v2/repro_external/attack_flow/corpus/FIN13 Case 2.afb,af34b6d95652ef08cfa6526fb5146bbc91324d01931e7e11b69aa20c69f7f4cf
attack_flow,FIN13 Case 2,5,attack_flow::FIN13 Case 2::47fdc13f-2f34-4b53-8cf5-82646d3f12c7,T1595,T1595,Executed a scan on the REMWK DMZ to find additional servers.,60,1,0,0,Active Scanning,Executed a scan on the REMWK DMZ to find additional servers.,data_v2/repro_external/attack_flow/corpus/FIN13 Case 2.afb,af34b6d95652ef08cfa6526fb5146bbc91324d01931e7e11b69aa20c69f7f4cf
attack_flow,FIN13 Case 2,6,attack_flow::FIN13 Case 2::f5ca2849-e569-49ac-917c-5b33e1c077d7,T1003.001,T1003,Executed another LSASS dump,27,1,0,0,LSASS Memory,Executed another LSASS dump,data_v2/repro_external/attack_flow/corpus/FIN13 Case 2.afb,af34b6d95652ef08cfa6526fb5146bbc91324d01931e7e11b69aa20c69f7f4cf
attack_flow,FIN13 Case 2,7,attack_flow::FIN13 Case 2::a6fcee5f-d0e7-4669-8513-e0c4e3ecc058,T1078,T1078,Attacker used RBMAdmin account to log into all databases on REMWK DMZ.,70,1,0,0,Valid Accounts,Attacker used RBMAdmin account to log into all databases on REMWK DMZ.,data_v2/repro_external/attack_flow/corpus/FIN13 Case 2.afb,af34b6d95652ef08cfa6526fb5146bbc91324d01931e7e11b69aa20c69f7f4cf
attack_flow,FIN13 Case 2,8,attack_flow::FIN13 Case 2::b36be7d2-2b70-44eb-abbe-9b2dd668bdad,T1005,T1005,Attacker logged and queried all databases and dumped data containing user information.,86,1,0,0,Data From Local System,Attacker logged and queried all databases and dumped data containing user information.,data_v2/repro_external/attack_flow/corpus/FIN13 Case 2.afb,af34b6d95652ef08cfa6526fb5146bbc91324d01931e7e11b69aa20c69f7f4cf
attack_flow,FIN13 Case 2,9,attack_flow::FIN13 Case 2::727d3aed-67d6-4886-a45b-e78b924778bc,T1083,T1083,"A VBScript was identified on the system, which scanned system shares and output the result.",91,1,0,0,File and Directory Discovery,"A VBScript was identified on the system, which scanned system shares and output the result.",data_v2/repro_external/attack_flow/corpus/FIN13 Case 2.afb,af34b6d95652ef08cfa6526fb5146bbc91324d01931e7e11b69aa20c69f7f4cf
attack_flow,FIN13 Case 2,10,attack_flow::FIN13 Case 2::b595110b-25ff-4a38-b17f-e23a033c044c,T1595.002,T1595,Tested INTSRV machines to find one accessible from the Internet,63,1,0,0,Vulnerability Scanning,Tested INTSRV machines to find one accessible from the Internet,data_v2/repro_external/attack_flow/corpus/FIN13 Case 2.afb,af34b6d95652ef08cfa6526fb5146bbc91324d01931e7e11b69aa20c69f7f4cf
attack_flow,FIN13 Case 2,11,attack_flow::FIN13 Case 2::5f327121-40b8-4cee-b35c-4ef4d1115919,T1505.003,T1505,Implanted a webshell,20,1,0,0,Web Shell,Implanted a webshell,data_v2/repro_external/attack_flow/corpus/FIN13 Case 2.afb,af34b6d95652ef08cfa6526fb5146bbc91324d01931e7e11b69aa20c69f7f4cf
attack_flow,FIN13 Case 2,12,attack_flow::FIN13 Case 2::4d2a4ed1-fb36-4bfc-8163-0a92e8f64fb9,T1078,T1078,Attacker accessed the V-Center server using previously stolen valid accounts,76,1,0,0,Valid Accounts,Attacker accessed the V-Center server using previously stolen valid accounts,data_v2/repro_external/attack_flow/corpus/FIN13 Case 2.afb,af34b6d95652ef08cfa6526fb5146bbc91324d01931e7e11b69aa20c69f7f4cf
attack_flow,FIN13 Case 2,13,attack_flow::FIN13 Case 2::dc98744f-0b1b-46ab-9be5-68de533ee32c,T1111,T1111,Attackers cloned one of the SecurID servers in the VMware center,64,1,0,0,Multi-Factor Authentication Interception,Attackers cloned one of the SecurID servers in the VMware center,data_v2/repro_external/attack_flow/corpus/FIN13 Case 2.afb,af34b6d95652ef08cfa6526fb5146bbc91324d01931e7e11b69aa20c69f7f4cf
attack_flow,FIN13 Case 2,14,attack_flow::FIN13 Case 2::08bd0251-2db7-4ea0-854d-7a320c98ae6a,T1041,T1041,Attacker exported the SecurID server image over the webshell on QTJPGPA1,72,1,0,0,Exfiltration Over C2 Channel,Attacker exported the SecurID server image over the webshell on QTJPGPA1,data_v2/repro_external/attack_flow/corpus/FIN13 Case 2.afb,af34b6d95652ef08cfa6526fb5146bbc91324d01931e7e11b69aa20c69f7f4cf
attack_flow,Gootloader,0,attack_flow::Gootloader::35f13ec8-9c18-40b4-b76a-0c313a99f525,T1584,T1584,Attackers compromised websites to host malware,46,1,0,0,Compromise Infrastructure,Attackers compromised websites to host malware,data_v2/repro_external/attack_flow/corpus/Gootloader.afb,6216133af80d3bfb991c67ea212d79227c4f5bbfb3bf306ee0cb650dca6abcf9
attack_flow,Gootloader,1,attack_flow::Gootloader::b8cd023a-4f26-43cc-ac71-38f90533cf2d,T1189,T1189,"The user searched for results and clicked on a compromised website. After navigating to the compromised website, a forum-looking page was displayed and the user clicked on a link, which downloaded a file",203,1,0,0,Drive-by Compromise,"The user searched for results and clicked on a compromised website. After navigating to the compromised website, a forum-looking page was displayed and the user clicked on a link, which downloaded a file",data_v2/repro_external/attack_flow/corpus/Gootloader.afb,6216133af80d3bfb991c67ea212d79227c4f5bbfb3bf306ee0cb650dca6abcf9
attack_flow,Gootloader,2,attack_flow::Gootloader::1cfc90fc-4363-48e3-ae47-c2cb9ea6fb60,T1204.002,T1204,The user double clicked on the dropped zip file,47,1,0,0,Malicious File,The user double clicked on the dropped zip file,data_v2/repro_external/attack_flow/corpus/Gootloader.afb,6216133af80d3bfb991c67ea212d79227c4f5bbfb3bf306ee0cb650dca6abcf9
attack_flow,Gootloader,3,attack_flow::Gootloader::89b4e412-c715-4a2f-b04f-1024d7c3b9c6,T1059.007,T1059,"User double-clicks Javascript file, located within zip, to execute",66,1,0,0,JavaScript,"User double-clicks Javascript file, located within zip, to execute",data_v2/repro_external/attack_flow/corpus/Gootloader.afb,6216133af80d3bfb991c67ea212d79227c4f5bbfb3bf306ee0cb650dca6abcf9
attack_flow,Gootloader,4,attack_flow::Gootloader::1aa73c1d-cb93-4a7b-9da9-e4eb45d7b8e8,T1112,T1112,"Gootloader creates two registry keys, the first is populated with an encoded Cobalt Strike payload and the latter stores a.NET loader",133,1,0,0,Modify Registry,"Gootloader creates two registry keys, the first is populated with an encoded Cobalt Strike payload and the latter stores a .NET loader",data_v2/repro_external/attack_flow/corpus/Gootloader.afb,6216133af80d3bfb991c67ea212d79227c4f5bbfb3bf306ee0cb650dca6abcf9
attack_flow,Gootloader,5,attack_flow::Gootloader::dc97c560-1be2-4a23-96e1-86ae94342358,T1059.001,T1059,A PowerShell command is issued to extract the.NET loader from the registry and executes the code in memory via Assembly.Load(),126,1,0,0,PowerShell,A PowerShell command is issued to extract the .NET loader from the registry and executes the code in memory via Assembly.Load(),data_v2/repro_external/attack_flow/corpus/Gootloader.afb,6216133af80d3bfb991c67ea212d79227c4f5bbfb3bf306ee0cb650dca6abcf9
attack_flow,Gootloader,6,attack_flow::Gootloader::29237ebb-4255-4531-8a2a-91c9418a9ac6,T1053.005,T1053,The encoded PowerShell script creates a Scheduled Task that executes when the user logs on to the computer.,107,1,0,0,Scheduled Task,The encoded PowerShell script creates a Scheduled Task that executes when the user logs on to the computer.,data_v2/repro_external/attack_flow/corpus/Gootloader.afb,6216133af80d3bfb991c67ea212d79227c4f5bbfb3bf306ee0cb650dca6abcf9
attack_flow,Gootloader,7,attack_flow::Gootloader::e8bf52fd-c737-4489-9c7b-018472ed744e,T1218.011,T1218,.NET loader decodes a Cobalt Strike payload from the registry and loads and executes the payload,96,1,0,0,Rundll32,.NET loader decodes a Cobalt Strike payload from the registry and loads and executes the payload,data_v2/repro_external/attack_flow/corpus/Gootloader.afb,6216133af80d3bfb991c67ea212d79227c4f5bbfb3bf306ee0cb650dca6abcf9
attack_flow,Gootloader,8,attack_flow::Gootloader::8702e9e7-8f4d-40b2-9898-29c92efed749,T1087,T1087,The threat actors used Bloodhound on the initial victim computer to enumerate the Active Directory domain,105,1,0,0,Account Discovery,The threat actors used Bloodhound on the initial victim computer to enumerate the Active Directory domain,data_v2/repro_external/attack_flow/corpus/Gootloader.afb,6216133af80d3bfb991c67ea212d79227c4f5bbfb3bf306ee0cb650dca6abcf9
attack_flow,Gootloader,9,attack_flow::Gootloader::219e8a53-054f-49d7-ba94-b0c63083d21e,T1059.001,T1059,The attackers then pivoted to nearby workstation host via a Cobalt Strike Powershell beacon,91,1,0,0,PowerShell,The attackers then pivoted to nearby workstation host via a Cobalt Strike Powershell beacon,data_v2/repro_external/attack_flow/corpus/Gootloader.afb,6216133af80d3bfb991c67ea212d79227c4f5bbfb3bf306ee0cb650dca6abcf9
attack_flow,Gootloader,10,attack_flow::Gootloader::dda7f652-9e4c-4785-b0e0-25ac92cf7e0a,T1562.001,T1562,Attackers disabled Windows Defender logs on the Workstation,59,1,0,0,Disable or Modify Tools,Attackers disabled Windows Defender logs on the Workstation,data_v2/repro_external/attack_flow/corpus/Gootloader.afb,6216133af80d3bfb991c67ea212d79227c4f5bbfb3bf306ee0cb650dca6abcf9
attack_flow,Gootloader,11,attack_flow::Gootloader::87e0d495-959e-47dc-bb2d-3e7e02d281d6,T1059,T1059,A second Cobalt Strike payload is deployed on the workstation to initiate a second C2 server,92,1,0,0,Command and Scripting Interpreter,A second Cobalt Strike payload is deployed on the workstation to initiate a second C2 server,data_v2/repro_external/attack_flow/corpus/Gootloader.afb,6216133af80d3bfb991c67ea212d79227c4f5bbfb3bf306ee0cb650dca6abcf9
attack_flow,Gootloader,12,attack_flow::Gootloader::27af526a-99d9-4803-9b2e-f586ac27dcfb,T1047,T1047,WMI used to check for AV software on the 2 compromised computers,64,1,0,0,Windows Management Instrumentation,WMI used to check for AV software on the 2 compromised computers,data_v2/repro_external/attack_flow/corpus/Gootloader.afb,6216133af80d3bfb991c67ea212d79227c4f5bbfb3bf306ee0cb650dca6abcf9
attack_flow,Gootloader,13,attack_flow::Gootloader::87d5b719-5732-4b5a-9472-26fc6c8730ab,T1518.001,T1518,checks for AV software on the 2 compromised computers,53,1,0,0,Security Software Discovery,checks for AV software on the 2 compromised computers,data_v2/repro_external/attack_flow/corpus/Gootloader.afb,6216133af80d3bfb991c67ea212d79227c4f5bbfb3bf306ee0cb650dca6abcf9
attack_flow,Gootloader,14,attack_flow::Gootloader::da40e44b-a8d5-42e2-aa73-4be50cbc33a5,T1059.001,T1059,The malicious PowerShell process used by Gootloader dropped a PowerShell script on the file system.,99,1,0,0,PowerShell,The malicious PowerShell process used by Gootloader dropped a PowerShell script on the file system.,data_v2/repro_external/attack_flow/corpus/Gootloader.afb,6216133af80d3bfb991c67ea212d79227c4f5bbfb3bf306ee0cb650dca6abcf9
attack_flow,Gootloader,15,attack_flow::Gootloader::d3720beb-e659-4c5a-919d-f413794bfd40,T1059.001,T1059,Another PowerShell command triggers the mi.ps1 script on the initial victim's computer to harvest credentials,109,1,0,0,PowerShell,Another PowerShell command triggers the mi.ps1 script on the initial victim's computer to harvest credentials,data_v2/repro_external/attack_flow/corpus/Gootloader.afb,6216133af80d3bfb991c67ea212d79227c4f5bbfb3bf306ee0cb650dca6abcf9
attack_flow,Gootloader,16,attack_flow::Gootloader::fa506eae-7768-45fb-ad44-6a937b8a7064,T1555,T1555,The threat actors then ran LaZagne to retrieve all saved credentials from the workstation,89,1,0,0,Credentials from Password Stores,The threat actors then ran LaZagne to retrieve all saved credentials from the workstation,data_v2/repro_external/attack_flow/corpus/Gootloader.afb,6216133af80d3bfb991c67ea212d79227c4f5bbfb3bf306ee0cb650dca6abcf9
attack_flow,Gootloader,17,attack_flow::Gootloader::18dc9f3a-7634-42ac-9bdc-9663d4b00727,T1021.006,T1021,"The attackers enabled Restricted Admin Mode through remote WMI. This was allowed because RAM only requires knowledge of the password hash, not the cleartext password",165,1,0,0,Windows Remote Management,"The attackers enabled Restricted Admin Mode through remote WMI. This was allowed because RAM only requires knowledge of the password hash, not the cleartext password",data_v2/repro_external/attack_flow/corpus/Gootloader.afb,6216133af80d3bfb991c67ea212d79227c4f5bbfb3bf306ee0cb650dca6abcf9
attack_flow,Gootloader,18,attack_flow::Gootloader::5142db39-7197-481b-8815-732e39006d77,T1021.001,T1021,"Using the harvested credentials, the threat actors used RDP to move from the initial victim computer to the compromised workstation in restricted admin mode.",157,1,0,0,Remote Desktop Protocol,"Using the harvested credentials, the threat actors used RDP to move from the initial victim computer to the compromised workstation in restricted admin mode.",data_v2/repro_external/attack_flow/corpus/Gootloader.afb,6216133af80d3bfb991c67ea212d79227c4f5bbfb3bf306ee0cb650dca6abcf9
attack_flow,Gootloader,19,attack_flow::Gootloader::d28510ff-ed32-4ff2-be70-133133094f0f,T1562.001,T1562,Microsoft Defender Scheduled Tasks Deleted,42,1,0,0,Disable or Modify Tools,Microsoft Defender Scheduled Tasks Deleted,data_v2/repro_external/attack_flow/corpus/Gootloader.afb,6216133af80d3bfb991c67ea212d79227c4f5bbfb3bf306ee0cb650dca6abcf9
attack_flow,Gootloader,20,attack_flow::Gootloader::82d244af-b5a4-44dc-93a1-704f401e0a3d,T1021.002,T1021,SMB was used to transfer Cobalt Strike payload executables to 3 additional workstations.,88,1,0,0,SMB/Windows Admin Shares,SMB was used to transfer Cobalt Strike payload executables to 3 additional workstations.,data_v2/repro_external/attack_flow/corpus/Gootloader.afb,6216133af80d3bfb991c67ea212d79227c4f5bbfb3bf306ee0cb650dca6abcf9
attack_flow,Gootloader,21,attack_flow::Gootloader::64563afb-79af-405b-a335-7d296ea271b7,T1021.006,T1021,The attackers enabled Restricted Admin Mode via remote WMI,58,1,0,0,Windows Remote Management,The attackers enabled Restricted Admin Mode via remote WMI,data_v2/repro_external/attack_flow/corpus/Gootloader.afb,6216133af80d3bfb991c67ea212d79227c4f5bbfb3bf306ee0cb650dca6abcf9
attack_flow,Gootloader,22,attack_flow::Gootloader::11de041a-0431-46dd-be9c-94b7bbc80f49,T1021.001,T1021,The attackers logged into the Domain Controller through RDP,59,1,0,0,Remote Desktop Protocol,The attackers logged into the Domain Controller through RDP,data_v2/repro_external/attack_flow/corpus/Gootloader.afb,6216133af80d3bfb991c67ea212d79227c4f5bbfb3bf306ee0cb650dca6abcf9
attack_flow,Gootloader,23,attack_flow::Gootloader::bb12a865-13bc-49b6-b377-c05be7f5d3dd,T1059.001,T1059,PowerShell used to execute Cobalt Strike PowerShell payload,59,1,0,0,PowerShell,PowerShell used to execute Cobalt Strike PowerShell payload,data_v2/repro_external/attack_flow/corpus/Gootloader.afb,6216133af80d3bfb991c67ea212d79227c4f5bbfb3bf306ee0cb650dca6abcf9
attack_flow,Gootloader,24,attack_flow::Gootloader::a795f05e-bf22-4af4-ab28-b0ad647d9bfb,T1021.001,T1021,The attackers logged into the File Share Server through RDP from the initial victim's computer,94,1,0,0,Remote Desktop Protocol,The attackers logged into the File Share Server through RDP from the initial victim's computer,data_v2/repro_external/attack_flow/corpus/Gootloader.afb,6216133af80d3bfb991c67ea212d79227c4f5bbfb3bf306ee0cb650dca6abcf9
attack_flow,Gootloader,25,attack_flow::Gootloader::5bced297-0612-40f0-8a91-7d05bd05c283,T1059.001,T1059,PowerShell used to execute Cobalt Strike PowerShell payload,59,1,0,0,PowerShell,PowerShell used to execute Cobalt Strike PowerShell payload,data_v2/repro_external/attack_flow/corpus/Gootloader.afb,6216133af80d3bfb991c67ea212d79227c4f5bbfb3bf306ee0cb650dca6abcf9
attack_flow,Gootloader,26,attack_flow::Gootloader::fb419879-57a9-4e9a-bb0f-ae375b316a05,T1039,T1039,The attackers then accessed documents on the file share server interactively through wordpad.exe from the initial victim's computer,131,1,0,0,Data from Network Shared Drive,The attackers then accessed documents on the file share server interactively through wordpad.exe from the initial victim's computer,data_v2/repro_external/attack_flow/corpus/Gootloader.afb,6216133af80d3bfb991c67ea212d79227c4f5bbfb3bf306ee0cb650dca6abcf9
attack_flow,Gootloader,27,attack_flow::Gootloader::a5f7f950-d331-4574-9762-7789b4869bd3,T1046,T1046,"From the Domain Controller, attackers ran an Advanced IP Scanner",64,1,0,0,Network Service Discovery,"From the Domain Controller, attackers ran an Advanced IP Scanner",data_v2/repro_external/attack_flow/corpus/Gootloader.afb,6216133af80d3bfb991c67ea212d79227c4f5bbfb3bf306ee0cb650dca6abcf9
attack_flow,Gootloader,28,attack_flow::Gootloader::7326e71a-4664-4842-9800-f0088335b16e,T1039,T1039,The file server SMB shares were accessed from the Domain Controller,67,1,0,0,Data from Network Shared Drive,The file server SMB shares were accessed from the Domain Controller,data_v2/repro_external/attack_flow/corpus/Gootloader.afb,6216133af80d3bfb991c67ea212d79227c4f5bbfb3bf306ee0cb650dca6abcf9
attack_flow,Gootloader,29,attack_flow::Gootloader::22c3d3a1-894f-4785-8658-a66987ecb789,T1021.001,T1021,RDP Connection to Backup Server and File Server to look for more interesting files,82,1,0,0,Remote Desktop Protocol,RDP Connection to Backup Server and File Server to look for more interesting files,data_v2/repro_external/attack_flow/corpus/Gootloader.afb,6216133af80d3bfb991c67ea212d79227c4f5bbfb3bf306ee0cb650dca6abcf9
attack_flow,Hancitor DLL,0,attack_flow::Hancitor DLL::0fc122a5-7f3b-4a0d-81b4-f841e1d01e1c,T1566.002,T1566,Email campaign aimed to trick the user into enabling macros on a malicious document; delivered via a link to Google's Feed Proxy service,136,1,0,0,Spearphishing Link,Email campaign aimed to trick the user into enabling macros on a malicious document; delivered via a link to Google's Feed Proxy service,data_v2/repro_external/attack_flow/corpus/Hancitor DLL.afb,9ae90e1553e633b286b5a06f5ae50df064e595ac2e5f6db2797bf1a323304b34
attack_flow,Hancitor DLL,1,attack_flow::Hancitor DLL::1d851bc1-c568-463d-8e5e-270e997a65bd,T1204.002,T1204,User enabled macros,19,1,0,0,Malicious File,User enabled macros,data_v2/repro_external/attack_flow/corpus/Hancitor DLL.afb,9ae90e1553e633b286b5a06f5ae50df064e595ac2e5f6db2797bf1a323304b34
attack_flow,Hancitor DLL,2,attack_flow::Hancitor DLL::7f226db5-d7a2-4af5-aa98-b2bc3bac699a,T1059.005,T1059,Macro downloads ier.dll and executes it,39,1,0,0,Visual Basic,Macro downloads ier.dll and executes it,data_v2/repro_external/attack_flow/corpus/Hancitor DLL.afb,9ae90e1553e633b286b5a06f5ae50df064e595ac2e5f6db2797bf1a323304b34
attack_flow,Hancitor DLL,3,attack_flow::Hancitor DLL::8ec450fa-b704-40d2-8560-94d5a8fd677a,T1218.011,T1218,ier.dll executed,16,1,0,0,Rundll32,ier.dll executed,data_v2/repro_external/attack_flow/corpus/Hancitor DLL.afb,9ae90e1553e633b286b5a06f5ae50df064e595ac2e5f6db2797bf1a323304b34
attack_flow,Hancitor DLL,4,attack_flow::Hancitor DLL::5d55cc3d-c059-4937-a4c6-c1b5a48c3fc1,T1105,T1105,Hancitor downloaded 2 Cobalt Strike payloads (including a stager) and Ficker Stealer,84,1,0,0,Ingress Tool Transfer,Hancitor downloaded 2 Cobalt Strike payloads (including a stager) and Ficker Stealer,data_v2/repro_external/attack_flow/corpus/Hancitor DLL.afb,9ae90e1553e633b286b5a06f5ae50df064e595ac2e5f6db2797bf1a323304b34
attack_flow,Hancitor DLL,5,attack_flow::Hancitor DLL::264c553e-266e-4143-983b-35bee0e23a63,T1055,T1055,Multiple instances of svchost.exe launched and injected with Cobalt Strike,74,1,0,0,Process Injection,Multiple instances of svchost.exe launched and injected with Cobalt Strike,data_v2/repro_external/attack_flow/corpus/Hancitor DLL.afb,9ae90e1553e633b286b5a06f5ae50df064e595ac2e5f6db2797bf1a323304b34
attack_flow,Hancitor DLL,6,attack_flow::Hancitor DLL::f6ff7411-18b2-412f-ae4b-c72f8b6def69,T1087.001,T1087,enumerated local access,23,1,0,0,Local Account,enumerated local access,data_v2/repro_external/attack_flow/corpus/Hancitor DLL.afb,9ae90e1553e633b286b5a06f5ae50df064e595ac2e5f6db2797bf1a323304b34
attack_flow,Hancitor DLL,7,attack_flow::Hancitor DLL::d53ce876-ead2-4d68-a864-e340bdc1aa31,T1105,T1105,Hancitor downloaded Cobalt Strike DLL and batch file on victim machine,70,1,0,0,Ingress Tool Transfer,Hancitor downloaded Cobalt Strike DLL and batch file on victim machine,data_v2/repro_external/attack_flow/corpus/Hancitor DLL.afb,9ae90e1553e633b286b5a06f5ae50df064e595ac2e5f6db2797bf1a323304b34
attack_flow,Hancitor DLL,8,attack_flow::Hancitor DLL::615f4282-5407-44e4-b0e1-b68198baadd3,T1497,T1497,Cobalt Strike DLL stager does not run unless it is given a specific command line parameter,90,1,0,0,Virtualization/Sandbox Evasion,Cobalt Strike DLL stager does not run unless it is given a specific command line parameter,data_v2/repro_external/attack_flow/corpus/Hancitor DLL.afb,9ae90e1553e633b286b5a06f5ae50df064e595ac2e5f6db2797bf1a323304b34
attack_flow,Hancitor DLL,9,attack_flow::Hancitor DLL::6c4ed453-8eec-4b2b-9ff0-5b45edb1a804,T1218.011,T1218,cor.dll executed,16,1,0,0,Rundll32,cor.dll executed,data_v2/repro_external/attack_flow/corpus/Hancitor DLL.afb,9ae90e1553e633b286b5a06f5ae50df064e595ac2e5f6db2797bf1a323304b34
attack_flow,Hancitor DLL,10,attack_flow::Hancitor DLL::8c95b74c-07b8-4277-989f-ff499ff32ae4,T1027,T1027,Base64-encoded PowerShell dropped onto the machine,50,1,0,0,Obfuscated Files or Information,Base64-encoded PowerShell dropped onto the machine,data_v2/repro_external/attack_flow/corpus/Hancitor DLL.afb,9ae90e1553e633b286b5a06f5ae50df064e595ac2e5f6db2797bf1a323304b34
attack_flow,Hancitor DLL,11,attack_flow::Hancitor DLL::9c595315-eb12-4643-85be-33986d8c031b,T1059.001,T1059,PowerShell loader deobfuscates shellcode and runs it in memory as a thread in the same PowerShell process; shellcode includes a PE file embedded inside,151,1,0,0,PowerShell,PowerShell loader deobfuscates shellcode and runs it in memory as a thread in the same PowerShell process; shellcode includes a PE file embedded inside,data_v2/repro_external/attack_flow/corpus/Hancitor DLL.afb,9ae90e1553e633b286b5a06f5ae50df064e595ac2e5f6db2797bf1a323304b34
attack_flow,Hancitor DLL,12,attack_flow::Hancitor DLL::75818fd9-2ca6-43b1-9dd7-08be16fec19c,T1105,T1105,PE file is loaded into memory and executed; beacons out at regular intervals to C2 server for instructions,106,1,0,0,Ingress Tool Transfer,PE file is loaded into memory and executed; beacons out at regular intervals to C2 server for instructions,data_v2/repro_external/attack_flow/corpus/Hancitor DLL.afb,9ae90e1553e633b286b5a06f5ae50df064e595ac2e5f6db2797bf1a323304b34
attack_flow,Hancitor DLL,13,attack_flow::Hancitor DLL::15d89326-a900-4881-9811-5881bd05fb1d,T1027.004,T1027,Visual C# Command Line Compiler invoked by PowerShell script; most likely instructions that the PE file retrieved from the C2 server,132,1,0,0,Compile After Delivery,Visual C# Command Line Compiler invoked by PowerShell script; most likely instructions that the PE file retrieved from the C2 server,data_v2/repro_external/attack_flow/corpus/Hancitor DLL.afb,9ae90e1553e633b286b5a06f5ae50df064e595ac2e5f6db2797bf1a323304b34
attack_flow,Hancitor DLL,14,attack_flow::Hancitor DLL::ba5d97f4-f1d8-4a42-8634-a43483c57389,T1105,T1105,Attacker used a custom implementation of Zerologon,50,1,0,0,Ingress Tool Transfer,Attacker used a custom implementation of Zerologon,data_v2/repro_external/attack_flow/corpus/Hancitor DLL.afb,9ae90e1553e633b286b5a06f5ae50df064e595ac2e5f6db2797bf1a323304b34
attack_flow,Hancitor DLL,15,attack_flow::Hancitor DLL::5c8d3aac-79ac-4ef8-81dd-7046b5355e9c,T1212,T1212,Zero.exe executes and obtains the NTLM hash of a Domain Administrator account,77,1,0,0,Exploitation for Credential Access,Zero.exe executes and obtains the NTLM hash of a Domain Administrator account,data_v2/repro_external/attack_flow/corpus/Hancitor DLL.afb,9ae90e1553e633b286b5a06f5ae50df064e595ac2e5f6db2797bf1a323304b34
attack_flow,Hancitor DLL,16,attack_flow::Hancitor DLL::42530d17-73ed-4f57-86f4-de1b3f85eae1,T1550.002,T1550,Attackers use the Domain Administrator's NTLM hash to authenticate to other domain controllers,94,1,0,0,Pass the Hash,Attackers use the Domain Administrator's NTLM hash to authenticate to other domain controllers,data_v2/repro_external/attack_flow/corpus/Hancitor DLL.afb,9ae90e1553e633b286b5a06f5ae50df064e595ac2e5f6db2797bf1a323304b34
attack_flow,Hancitor DLL,17,attack_flow::Hancitor DLL::75aac24f-ecf5-4981-9349-2e1d9c9eb38a,T1105,T1105,Attackers deployed Cobalt Strike beacons on the domain controllers,66,1,0,0,Ingress Tool Transfer,Attackers deployed Cobalt Strike beacons on the domain controllers,data_v2/repro_external/attack_flow/corpus/Hancitor DLL.afb,9ae90e1553e633b286b5a06f5ae50df064e595ac2e5f6db2797bf1a323304b34
attack_flow,Hancitor DLL,18,attack_flow::Hancitor DLL::858fd8b8-6914-4c92-9a7d-66277e7224e4,T1059.001,T1059,PowerShell executed on every Domain Controller and used the Active Directory RSAT module to get a list of computers and compiled this list into a file,150,1,0,0,PowerShell,PowerShell executed on every Domain Controller and used the Active Directory RSAT module to get a list of computers and compiled this list into a file,data_v2/repro_external/attack_flow/corpus/Hancitor DLL.afb,9ae90e1553e633b286b5a06f5ae50df064e595ac2e5f6db2797bf1a323304b34
attack_flow,Hancitor DLL,19,attack_flow::Hancitor DLL::c0a8d30d-8908-49ea-be12-61e7dc39c9a8,T1595.001,T1595,Executable uses IPs and hostnames from comps.txt and checks if they are online using ICMP scans,95,1,0,0,Scanning IP Blocks,Executable uses IPs and hostnames from comps.txt and checks if they are online using ICMP scans,data_v2/repro_external/attack_flow/corpus/Hancitor DLL.afb,9ae90e1553e633b286b5a06f5ae50df064e595ac2e5f6db2797bf1a323304b34
attack_flow,Ivanti Vulnerabilities,0,attack_flow::Ivanti Vulnerabilities::31a53687-0695-4e56-84a2-926c1d2d1027,T1190,T1190,The adversary uses a chain of two 0-day exploits.,49,1,0,0,Exploit Public-Facing Application,The adversary uses a chain of two 0-day exploits.,data_v2/repro_external/attack_flow/corpus/Ivanti Vulnerabilities.afb,181c20ae4fafa0f5b4e3a634642789d08a02f37bcf0a2fc2fa9fc59c68c220a6
attack_flow,Ivanti Vulnerabilities,1,attack_flow::Ivanti Vulnerabilities::9215e2af-7d43-44d2-92dc-bffe18cd376d,T1554,T1554,The adversary inserts a backdoor into a legitimate JavaScript file used by the SSL VPN login form.,98,1,0,0,Compromise Host Software Binary,The adversary inserts a backdoor into a legitimate JavaScript file used by the SSL VPN login form.,data_v2/repro_external/attack_flow/corpus/Ivanti Vulnerabilities.afb,181c20ae4fafa0f5b4e3a634642789d08a02f37bcf0a2fc2fa9fc59c68c220a6
attack_flow,Ivanti Vulnerabilities,2,attack_flow::Ivanti Vulnerabilities::33d36b98-79ec-4e83-9fb6-ff6f57ccef7e,T1056.003,T1056,The adversary collects plaintext credentials from SSL VPN logins.,65,1,0,0,Web Portal Capture,The adversary collects plaintext credentials from SSL VPN logins.,data_v2/repro_external/attack_flow/corpus/Ivanti Vulnerabilities.afb,181c20ae4fafa0f5b4e3a634642789d08a02f37bcf0a2fc2fa9fc59c68c220a6
attack_flow,Ivanti Vulnerabilities,3,attack_flow::Ivanti Vulnerabilities::12d166be-c90d-4228-8b93-70ba5426da87,T1021.001,T1021,The adversary uses stolen credentials to access servers on the internal network over RDP.,89,1,0,0,Remote Desktop Protocol,The adversary uses stolen credentials to access servers on the internal network over RDP.,data_v2/repro_external/attack_flow/corpus/Ivanti Vulnerabilities.afb,181c20ae4fafa0f5b4e3a634642789d08a02f37bcf0a2fc2fa9fc59c68c220a6
attack_flow,Ivanti Vulnerabilities,4,attack_flow::Ivanti Vulnerabilities::55140b59-4167-4410-9269-12be8042d591,T1003.003,T1003,The adversary extracts NTDS.DIT from the hard disk image.,57,1,0,0,NTDS,The adversary extracts NTDS.DIT from the hard disk image.,data_v2/repro_external/attack_flow/corpus/Ivanti Vulnerabilities.afb,181c20ae4fafa0f5b4e3a634642789d08a02f37bcf0a2fc2fa9fc59c68c220a6
attack_flow,Ivanti Vulnerabilities,5,attack_flow::Ivanti Vulnerabilities::9bd0a0d1-d4fe-47b5-931b-3158c7878bff,T1560.001,T1560,The adversary compresses the NTDS.DIT file.,43,1,0,0,Archive via Utility,The adversary compresses the NTDS.DIT file.,data_v2/repro_external/attack_flow/corpus/Ivanti Vulnerabilities.afb,181c20ae4fafa0f5b4e3a634642789d08a02f37bcf0a2fc2fa9fc59c68c220a6
attack_flow,JP Morgan Breach,0,attack_flow::JP Morgan Breach::c4b5213a-588e-4f70-bb81-731b875ae7d8,T1566,T1566,Employee interacted with phishing email on their personal computer,66,1,0,0,Phishing,Employee interacted with phishing email on their personal computer,data_v2/repro_external/attack_flow/corpus/JP Morgan Breach.afb,7cff8997a716207373efb6bb042a4f9f3ae1da63bf57a294fe994d9e56a6e324
attack_flow,JP Morgan Breach,1,attack_flow::JP Morgan Breach::b47629f7-445c-4605-a0a3-126bfad7d133,T1056,T1056,"employee used infected personal computer to connect to the victim system through a VPN, allowing attackers to steal login credentials of the employee",149,1,0,0,Input Capture,"employee used infected personal computer to connect to the victim system through a VPN, allowing attackers to steal login credentials of the employee",data_v2/repro_external/attack_flow/corpus/JP Morgan Breach.afb,7cff8997a716207373efb6bb042a4f9f3ae1da63bf57a294fe994d9e56a6e324
attack_flow,JP Morgan Breach,2,attack_flow::JP Morgan Breach::f6428576-e9f7-4702-9914-a4fa4c9793d7,T1190,T1190,Attackers used valid credentials to exploit the lack of 2-factor authentication into a web-development server,109,1,0,0,Exploit Public-Facing Application,Attackers used valid credentials to exploit the lack of 2-factor authentication into a web-development server,data_v2/repro_external/attack_flow/corpus/JP Morgan Breach.afb,7cff8997a716207373efb6bb042a4f9f3ae1da63bf57a294fe994d9e56a6e324
attack_flow,JP Morgan Breach,3,attack_flow::JP Morgan Breach::ec2cc0ea-2b44-40ef-bc5a-53ccc45ec8b1,T1068,T1068,attackers used multiple zero-day attacks to gain access to various systems and move throughout the network,106,1,0,0,Exploitation for Privilege Escalation,attackers used multiple zero-day attacks to gain access to various systems and move throughout the network,data_v2/repro_external/attack_flow/corpus/JP Morgan Breach.afb,7cff8997a716207373efb6bb042a4f9f3ae1da63bf57a294fe994d9e56a6e324
attack_flow,JP Morgan Breach,4,attack_flow::JP Morgan Breach::22366a07-5595-46c6-a246-8713fca3724e,T1056,T1056,attackers collected credentials and other info that customers gave to the bank and vice versa,93,1,0,0,Input Capture,attackers collected credentials and other info that customers gave to the bank and vice versa,data_v2/repro_external/attack_flow/corpus/JP Morgan Breach.afb,7cff8997a716207373efb6bb042a4f9f3ae1da63bf57a294fe994d9e56a6e324
attack_flow,JP Morgan Breach,5,attack_flow::JP Morgan Breach::72910b74-d081-4b61-a66b-b0affd2d783d,T1030,T1030,attackers slowly extracted gigabytes of data over the course of several months,78,1,0,0,Data Transfer Size Limits,attackers slowly extracted gigabytes of data over the course of several months,data_v2/repro_external/attack_flow/corpus/JP Morgan Breach.afb,7cff8997a716207373efb6bb042a4f9f3ae1da63bf57a294fe994d9e56a6e324
attack_flow,JP Morgan Breach,6,attack_flow::JP Morgan Breach::15f080d7-77c0-4583-ba2c-a866de1f2d9a,T1090.003,T1090,"attackers routed attacks/exfiltration through computers in several countries, including Brazil",94,1,0,0,Multi-hop Proxy,"attackers routed attacks/exfiltration through computers in several countries, including Brazil",data_v2/repro_external/attack_flow/corpus/JP Morgan Breach.afb,7cff8997a716207373efb6bb042a4f9f3ae1da63bf57a294fe994d9e56a6e324
attack_flow,JP Morgan Breach,7,attack_flow::JP Morgan Breach::4219a30c-6b2c-48a0-98f6-d864448210b9,T1090.002,T1090,Attackers redirected traffic to a large city in Russia,54,1,0,0,External Proxy,Attackers redirected traffic to a large city in Russia,data_v2/repro_external/attack_flow/corpus/JP Morgan Breach.afb,7cff8997a716207373efb6bb042a4f9f3ae1da63bf57a294fe994d9e56a6e324
attack_flow,JP Morgan Breach,8,attack_flow::JP Morgan Breach::7a4cae41-8364-43cf-adb1-5a8f2376c833,T1070,T1070,Attackers used defense evasion techniques and deleted multiple log files,72,1,0,0,Indicator Removal,Attackers used defense evasion techniques and deleted multiple log files,data_v2/repro_external/attack_flow/corpus/JP Morgan Breach.afb,7cff8997a716207373efb6bb042a4f9f3ae1da63bf57a294fe994d9e56a6e324
attack_flow,JP Morgan Breach,9,attack_flow::JP Morgan Breach::7d4a94af-cd71-42fd-8aa1-c27322d79997,T1190,T1190,Security personnel discovered the breach when a routine scan triggered an alarm for a flaw in one of their websites for charitable race sponsored by the bank,157,1,0,0,Exploit Public-Facing Application,Security personnel discovered the breach when a routine scan triggered an alarm for a flaw in one of their websites for charitable race sponsored by the bank,data_v2/repro_external/attack_flow/corpus/JP Morgan Breach.afb,7cff8997a716207373efb6bb042a4f9f3ae1da63bf57a294fe994d9e56a6e324
attack_flow,MITRE NERVE,0,attack_flow::MITRE NERVE::3211abb9-dbfa-46db-8d42-58273efd5359,T1190,T1190,The adversary compromises MITRE's NERVE system through multiple zero-day vulnerabilities in Ivanti Connect Secure.,114,1,0,0,Exploit Public-Facing Application,The adversary compromises MITRE's NERVE system through multiple zero-day vulnerabilities in Ivanti Connect Secure.,data_v2/repro_external/attack_flow/corpus/MITRE NERVE.afb,9faaae34063541b2d9f8a846e23e94dfdf3f07f1667cedb5e5c50a60963584f0
attack_flow,MITRE NERVE,1,attack_flow::MITRE NERVE::77d4f01d-2333-4147-a841-45754ddf39da,T1505.003,T1505,The adversary installs ROOTROT web shell to maintain persistence.,65,1,0,0,Web Shell,The adversary installs ROOTROT web shell to maintain persistence.,data_v2/repro_external/attack_flow/corpus/MITRE NERVE.afb,9faaae34063541b2d9f8a846e23e94dfdf3f07f1667cedb5e5c50a60963584f0
attack_flow,MITRE NERVE,2,attack_flow::MITRE NERVE::04724f7f-de70-46e0-860c-fb1165ab5b36,T1563.002,T1563,"The adversary highjacks multiple RDP sessions to move laterally into the VMware environment, bypassing MFA. This includes some administrator some and unprivileged sessions.",172,1,0,0,RDP Hijacking,"The adversary highjacks multiple RDP sessions to move laterally into the VMware environment, bypassing MFA. This includes some administrator some and unprivileged sessions.",data_v2/repro_external/attack_flow/corpus/MITRE NERVE.afb,9faaae34063541b2d9f8a846e23e94dfdf3f07f1667cedb5e5c50a60963584f0
attack_flow,MITRE NERVE,3,attack_flow::MITRE NERVE::926e83ad-ed25-4e6b-a674-69c057928e7f,T1078,T1078,The adversary gains access to legitimate user accounts.,55,1,0,0,Valid Accounts,The adversary gains access to legitimate user accounts.,data_v2/repro_external/attack_flow/corpus/MITRE NERVE.afb,9faaae34063541b2d9f8a846e23e94dfdf3f07f1667cedb5e5c50a60963584f0
attack_flow,MITRE NERVE,4,attack_flow::MITRE NERVE::f5d7cebf-6d82-497b-9961-a508d0c2b7b4,T1021.001,T1021,The adversary connects from the Ivanti appliance to multiple VMs in the NERVE environment using compromised credentials.,120,1,0,0,Remote Desktop Protocol,The adversary connects from the Ivanti appliance to multiple VMs in the NERVE environment using compromised credentials.,data_v2/repro_external/attack_flow/corpus/MITRE NERVE.afb,9faaae34063541b2d9f8a846e23e94dfdf3f07f1667cedb5e5c50a60963584f0
attack_flow,MITRE NERVE,5,attack_flow::MITRE NERVE::f0f30a1f-984d-498c-aaba-98798077a478,T1119,T1119,The adversary automates the collection of documents to exfiltrate.,66,1,0,0,Automated Collection,The adversary automates the collection of documents to exfiltrate.,data_v2/repro_external/attack_flow/corpus/MITRE NERVE.afb,9faaae34063541b2d9f8a846e23e94dfdf3f07f1667cedb5e5c50a60963584f0
attack_flow,MITRE NERVE,6,attack_flow::MITRE NERVE::ca65fb33-f9cc-4f6e-80bb-25f85a545934,T1005,T1005,The adversary collects data from the local system.,50,1,0,0,Data from Local System,The adversary collects data from the local system.,data_v2/repro_external/attack_flow/corpus/MITRE NERVE.afb,9faaae34063541b2d9f8a846e23e94dfdf3f07f1667cedb5e5c50a60963584f0
attack_flow,MITRE NERVE,7,attack_flow::MITRE NERVE::418c0c2f-f15f-4d3d-8cd9-4db7728b50c5,T1041,T1041,The adversary exfiltrates several documents.,44,1,0,0,Exfiltration Over C2 Channel,The adversary exfiltrates several documents.,data_v2/repro_external/attack_flow/corpus/MITRE NERVE.afb,9faaae34063541b2d9f8a846e23e94dfdf3f07f1667cedb5e5c50a60963584f0
attack_flow,Maastricht University Ransomware,0,attack_flow::Maastricht University Ransomware::e846ce14-d8d4-4d87-aa1c-4581a52e0642,T1566.001,T1566,Malicious Microsoft Excel file is attached in a phishing campaign,65,1,0,0,Phishing: Spearphishing Attachment,Malicious Microsoft Excel file is attached in a phishing campaign,data_v2/repro_external/attack_flow/corpus/Maastricht University Ransomware.afb,aa23ff06425680e136a09a7fb8fded043520362f5c599d02032c657606b0c442
attack_flow,Maastricht University Ransomware,1,attack_flow::Maastricht University Ransomware::47ffc519-7b5c-419d-8b4d-d738abb1ef1f,T1204.002,T1204,A malware is downloaded through Excel Macros and executed into the victim's server,82,1,0,0,User Execution: Malicious File,A malware is downloaded through Excel Macros and executed into the victim's server,data_v2/repro_external/attack_flow/corpus/Maastricht University Ransomware.afb,aa23ff06425680e136a09a7fb8fded043520362f5c599d02032c657606b0c442
attack_flow,Maastricht University Ransomware,2,attack_flow::Maastricht University Ransomware::8b19cc76-f722-4b26-8100-5f96c5437ee8,T1059.004,T1059,An interactive shell is deployed by another malware included in SDBBot,70,1,0,0,Command and Scripting Interpreter: Unix Shell,An interactive shell is deployed by another malware included in SDBBot,data_v2/repro_external/attack_flow/corpus/Maastricht University Ransomware.afb,aa23ff06425680e136a09a7fb8fded043520362f5c599d02032c657606b0c442
attack_flow,Maastricht University Ransomware,3,attack_flow::Maastricht University Ransomware::986b710d-19da-4022-86fb-27df6ee27515,T1210,T1210,Attacker spreads Meterpreter malware to different internal servers through an unpatched vulnerability,101,1,0,0,Exploitation of Remote Services,Attacker spreads Meterpreter malware to different internal servers through an unpatched vulnerability,data_v2/repro_external/attack_flow/corpus/Maastricht University Ransomware.afb,aa23ff06425680e136a09a7fb8fded043520362f5c599d02032c657606b0c442
attack_flow,Maastricht University Ransomware,4,attack_flow::Maastricht University Ransomware::f5e02545-48d0-48ed-8452-558605dc32be,T1068,T1068,Attacker gains access to local SYSTEM account through a vulnerability,69,1,0,0,Exploitation for Privilege Escalation,Attacker gains access to local SYSTEM account through a vulnerability,data_v2/repro_external/attack_flow/corpus/Maastricht University Ransomware.afb,aa23ff06425680e136a09a7fb8fded043520362f5c599d02032c657606b0c442
attack_flow,Maastricht University Ransomware,5,attack_flow::Maastricht University Ransomware::b2302d5c-7e98-4bf2-857b-609b68bc30a7,T1003.001,T1003,Attacker retrieves the login credential stored in memory from a recent login activity,85,1,0,0,OS Credential Dumping: LSASS Memory,Attacker retrieves the login credential stored in memory from a recent login activity,data_v2/repro_external/attack_flow/corpus/Maastricht University Ransomware.afb,aa23ff06425680e136a09a7fb8fded043520362f5c599d02032c657606b0c442
attack_flow,Maastricht University Ransomware,6,attack_flow::Maastricht University Ransomware::694536a5-19cc-4b18-b8f4-17da494e9b3d,T1059,T1059,Attacker has execution access on the machine,44,1,0,0,Command and Scripting Interpreter,Attacker has execution access on the machine,data_v2/repro_external/attack_flow/corpus/Maastricht University Ransomware.afb,aa23ff06425680e136a09a7fb8fded043520362f5c599d02032c657606b0c442
attack_flow,Maastricht University Ransomware,7,attack_flow::Maastricht University Ransomware::72b25a1c-bd74-4d2b-acce-774967a3d6d3,T1018,T1018,Attackers discovers all active servers in the domain,52,1,0,0,Remote System Discovery,Attackers discovers all active servers in the domain,data_v2/repro_external/attack_flow/corpus/Maastricht University Ransomware.afb,aa23ff06425680e136a09a7fb8fded043520362f5c599d02032c657606b0c442
attack_flow,Maastricht University Ransomware,8,attack_flow::Maastricht University Ransomware::5d119bee-b5dc-4ace-b7d9-6b69d7bd1b76,T1105,T1105,"Using domain administrator privileges, the attacker places malicious software on internal servers as a preparation for deploying a ransomware attack.",149,1,0,0,Ingress Tool Transfer,"Using domain administrator privileges, the attacker places malicious software on internal servers as a preparation for deploying a ransomware attack.",data_v2/repro_external/attack_flow/corpus/Maastricht University Ransomware.afb,aa23ff06425680e136a09a7fb8fded043520362f5c599d02032c657606b0c442
attack_flow,Maastricht University Ransomware,9,attack_flow::Maastricht University Ransomware::1ef2bbee-79c3-4b92-b0c8-acc139984154,T1562.001,T1562,"Using local administrator account, attacker disables and uninstalls McAfee antivirus from the server",100,1,0,0,Impair Defense: Disable or Modify Tools,"Using local administrator account, attacker disables and uninstalls McAfee antivirus from the server",data_v2/repro_external/attack_flow/corpus/Maastricht University Ransomware.afb,aa23ff06425680e136a09a7fb8fded043520362f5c599d02032c657606b0c442
attack_flow,Maastricht University Ransomware,10,attack_flow::Maastricht University Ransomware::75bcb6d2-a7b0-4985-81f2-8f1335f8aa12,T1562.001,T1562,"Using local administrator account, attacker disables Microsoft Defender from the server",87,1,0,0,Impair Defenses: Disable or Modify Tools,"Using local administrator account, attacker disables Microsoft Defender from the server",data_v2/repro_external/attack_flow/corpus/Maastricht University Ransomware.afb,aa23ff06425680e136a09a7fb8fded043520362f5c599d02032c657606b0c442
attack_flow,Maastricht University Ransomware,11,attack_flow::Maastricht University Ransomware::24aad6b2-b3ed-4a91-912c-aecc31d43dab,T1486,T1486,Attacker launches ransomware attack on all infected servers in the UNIMAAS domain.,82,1,0,0,Data Encrypted for Impact,Attacker launches ransomware attack on all infected servers in the UNIMAAS domain.,data_v2/repro_external/attack_flow/corpus/Maastricht University Ransomware.afb,aa23ff06425680e136a09a7fb8fded043520362f5c599d02032c657606b0c442
attack_flow,Mac Malware Steals Crypto,0,attack_flow::Mac Malware Steals Crypto::9e267c9d-ab5c-446f-b1e1-b57fe510ce86,T1059.006,T1059,Python script extracts saved login credentials and credit card information from Chrome's local data storage,107,1,0,0,Python,Python script extracts saved login credentials and credit card information from Chrome's local data storage,data_v2/repro_external/attack_flow/corpus/Mac Malware Steals Crypto.afb,dce4a3bcb8774e55276875346895db63e010564091a90866ce60829b810f8fa4
attack_flow,Mac Malware Steals Crypto,1,attack_flow::Mac Malware Steals Crypto::77409eed-e668-4a19-bd85-9c55b48bc59d,T1211,T1211,Abuses Google Chromium's techniques for decryption and extraction to steal credit card information and saved login credentials,126,1,0,0,Exploitation for Defense Evasion,Abuses Google Chromium's techniques for decryption and extraction to steal credit card information and saved login credentials,data_v2/repro_external/attack_flow/corpus/Mac Malware Steals Crypto.afb,dce4a3bcb8774e55276875346895db63e010564091a90866ce60829b810f8fa4
attack_flow,Mac Malware Steals Crypto,2,attack_flow::Mac Malware Steals Crypto::5be1aafd-dc2a-4a68-aab0-745bd70b7427,T1105,T1105,Mach-O executable used for mining cryptocurrency (Koto) on the listed mining address,84,1,0,0,Ingress Tool Transfer,Mach-O executable used for mining cryptocurrency (Koto) on the listed mining address,data_v2/repro_external/attack_flow/corpus/Mac Malware Steals Crypto.afb,dce4a3bcb8774e55276875346895db63e010564091a90866ce60829b810f8fa4
attack_flow,Mac Malware Steals Crypto,3,attack_flow::Mac Malware Steals Crypto::f07bd6fe-b4cb-4d42-89f2-8235297b880a,T1059.006,T1059,Establishes remote control on the victim's machine,50,1,0,0,Python,Establishes remote control on the victim's machine,data_v2/repro_external/attack_flow/corpus/Mac Malware Steals Crypto.afb,dce4a3bcb8774e55276875346895db63e010564091a90866ce60829b810f8fa4
attack_flow,Mac Malware Steals Crypto,4,attack_flow::Mac Malware Steals Crypto::afbd6c13-5d78-4812-aeb5-523ae08c3053,T1518.001,T1518,Checks if an application firewall (Little Snitch) is running. Terminates if this firewall is running,100,1,0,0,Security Software Discovery,Checks if an application firewall (Little Snitch) is running. Terminates if this firewall is running,data_v2/repro_external/attack_flow/corpus/Mac Malware Steals Crypto.afb,dce4a3bcb8774e55276875346895db63e010564091a90866ce60829b810f8fa4
attack_flow,Marriott Breach,0,attack_flow::Marriott Breach::2bf2f95c-5d35-4c50-850a-f81c31470ca9,T1566,T1566,Phishing email used to gain access to Starwood brands reservation system,72,1,0,0,Phishing,Phishing email used to gain access to Starwood brands reservation system,data_v2/repro_external/attack_flow/corpus/Marriott Breach.afb,1323fe0d1bd6f0e3c37c51e874723c1a232ce4209218603d925eacf58968490b
attack_flow,Marriott Breach,1,attack_flow::Marriott Breach::ccc7e534-0ab7-4301-b666-9f86f8985863,T1555,T1555,Attackers obtained valid passwords/accounts to move laterally within the network,80,1,0,0,Credentials from Password Stores,Attackers obtained valid passwords/accounts to move laterally within the network,data_v2/repro_external/attack_flow/corpus/Marriott Breach.afb,1323fe0d1bd6f0e3c37c51e874723c1a232ce4209218603d925eacf58968490b
attack_flow,Marriott Breach,2,attack_flow::Marriott Breach::704d2b3a-4d25-41bd-9461-260e960840dc,T1590.004,T1590,Attackers used an administrator account to query for data within the network. Attackers searched for databases with relevant customer information.,146,1,0,0,Network Topology,Attackers used an administrator account to query for data within the network. Attackers searched for databases with relevant customer information.,data_v2/repro_external/attack_flow/corpus/Marriott Breach.afb,1323fe0d1bd6f0e3c37c51e874723c1a232ce4209218603d925eacf58968490b
attack_flow,Marriott Breach,3,attack_flow::Marriott Breach::65436923-b069-45f9-af06-9e67998aab8b,T1001,T1001,Attackers obfuscated data that they removed from the network,60,1,0,0,Data Obfuscation,Attackers obfuscated data that they removed from the network,data_v2/repro_external/attack_flow/corpus/Marriott Breach.afb,1323fe0d1bd6f0e3c37c51e874723c1a232ce4209218603d925eacf58968490b
attack_flow,Marriott Breach,4,attack_flow::Marriott Breach::0ed7f887-8cc8-4339-b91b-f7ace1f67ad7,T1070.004,T1070,Attackers conducted defense evasion by deleting exfiltrated files,65,1,0,0,File Deletion,Attackers conducted defense evasion by deleting exfiltrated files,data_v2/repro_external/attack_flow/corpus/Marriott Breach.afb,1323fe0d1bd6f0e3c37c51e874723c1a232ce4209218603d925eacf58968490b
attack_flow,Muddy Water,0,attack_flow::Muddy Water::2cdde459-21d7-424b-8cfe-676dee071b83,T1566.001,T1566,This campaign begins by delivering malicious PDF attachments with embedded links to victims via email,101,1,0,0,Spearphishing Attachment,This campaign begins by delivering malicious PDF attachments with embedded links to victims via email,data_v2/repro_external/attack_flow/corpus/Muddy Water.afb,1a60358bcb7fdb1816bfb5123dbff7ee1c2461a36ff006c4d8f888c3598c1907
attack_flow,Muddy Water,1,attack_flow::Muddy Water::4e3f6133-4b02-47af-a50b-483944466072,T1204.001,T1204,"The PDF gives an error message, prompting the user to click on a link to the file hosting domain and downloading malicious XLS file containing macros.",150,1,0,0,Malicious Link,"The PDF gives an error message, prompting the user to click on a link to the file hosting domain and downloading malicious XLS file containing macros.",data_v2/repro_external/attack_flow/corpus/Muddy Water.afb,1a60358bcb7fdb1816bfb5123dbff7ee1c2461a36ff006c4d8f888c3598c1907
attack_flow,Muddy Water,2,attack_flow::Muddy Water::1695cced-1223-43ce-87b5-4c0ed7b1a4ad,T1204.002,T1204,The link drops a malicious Excel file that contains VBA macros.,63,1,0,0,Malicious File,The link drops a malicious Excel file that contains VBA macros.,data_v2/repro_external/attack_flow/corpus/Muddy Water.afb,1a60358bcb7fdb1816bfb5123dbff7ee1c2461a36ff006c4d8f888c3598c1907
attack_flow,Muddy Water,3,attack_flow::Muddy Water::f7334146-26ec-456d-98aa-26d3cd1e2721,T1059.005,T1059,The VBA Macros in the Excel file begin executing the infection chain.,69,1,0,0,Visual Basic,The VBA Macros in the Excel file begin executing the infection chain.,data_v2/repro_external/attack_flow/corpus/Muddy Water.afb,1a60358bcb7fdb1816bfb5123dbff7ee1c2461a36ff006c4d8f888c3598c1907
attack_flow,Muddy Water,4,attack_flow::Muddy Water::2bf75e39-3cc3-4ee9-aa3f-35700a2da4ba,T1547.001,T1547,VBA macros creates a VB script set up persistence by creating a malicious Registry Run key for the infected user: HKCU\Software\Microsoft\windows\CurrentVersion\Run | <random>,175,1,0,0,Registry Run Keys / Startup Folder,VBA macros creates a VB script set up persistence by creating a malicious Registry Run key for the infected user: HKCU\Software\Microsoft\windows\CurrentVersion\Run | <random>,data_v2/repro_external/attack_flow/corpus/Muddy Water.afb,1a60358bcb7fdb1816bfb5123dbff7ee1c2461a36ff006c4d8f888c3598c1907
attack_flow,Muddy Water,5,attack_flow::Muddy Water::f867b082-394a-4951-8fcb-70d8e082d42f,T1059.005,T1059,An intermediate VB Script file is used to execute a dropped PowerShell script for persistence,93,1,0,0,Visual Basic,An intermediate VB Script file is used to execute a dropped PowerShell script for persistence,data_v2/repro_external/attack_flow/corpus/Muddy Water.afb,1a60358bcb7fdb1816bfb5123dbff7ee1c2461a36ff006c4d8f888c3598c1907
attack_flow,Muddy Water,6,attack_flow::Muddy Water::80364c38-1930-40ab-a6aa-7d01bc8a11ae,T1059.001,T1059,"The PS script is located in the maldoc's metadata, with later versions obfuscated, and is dropped by the macro. It uses the VB Script file to execute. It downloads and executes another PowerShell script from a remote location. It attempts twice to download the PowerShell script, with a custom timeout of 40 seconds and a custom user agent.",340,1,0,0,PowerShell,"The PS script is located in the maldoc's metadata, with later versions obfuscated, and is dropped by the macro. It uses the VB Script file to execute. It downloads and executes another PowerShell script from a remote location. It attempts twice to download the PowerShell script, with a custom timeout of 40 seconds and a custom user agent.",data_v2/repro_external/attack_flow/corpus/Muddy Water.afb,1a60358bcb7fdb1816bfb5123dbff7ee1c2461a36ff006c4d8f888c3598c1907
attack_flow,Muddy Water,7,attack_flow::Muddy Water::096fea1d-4466-4468-970f-81a7e660ba87,T1105,T1105,The downloader script downloads and executes another PowerShell script from a remote location.,94,1,0,0,Ingress Tool Transfer,The downloader script downloads and executes another PowerShell script from a remote location.,data_v2/repro_external/attack_flow/corpus/Muddy Water.afb,1a60358bcb7fdb1816bfb5123dbff7ee1c2461a36ff006c4d8f888c3598c1907
attack_flow,Muddy Water,8,attack_flow::Muddy Water::c1c8d659-2a90-415a-a671-5ee7a3e1510e,T1059.001,T1059,Executes a final payload stage.,31,1,0,0,PowerShell,Executes a final payload stage.,data_v2/repro_external/attack_flow/corpus/Muddy Water.afb,1a60358bcb7fdb1816bfb5123dbff7ee1c2461a36ff006c4d8f888c3598c1907
attack_flow,Muddy Water,9,attack_flow::Muddy Water::4e9f73e2-7198-490a-87c9-2b45cb305f48,T1486,T1486,[NO_DESCRIPTION],0,0,0,0,Data Encrypted for Impact,,data_v2/repro_external/attack_flow/corpus/Muddy Water.afb,1a60358bcb7fdb1816bfb5123dbff7ee1c2461a36ff006c4d8f888c3598c1907
attack_flow,NotPetya,0,attack_flow::NotPetya::605180eb-64d7-4f54-ae85-a1036cf2dbd3,T1593,T1593,"Attackers conducted reconnaissance by learning about EDRPOU and M.E.Doc, queried EDRPOU website, and changed their computer language sets to the Ukrainian alphabet",163,1,0,0,Search Open Websites/Domains,"Attackers conducted reconnaissance by learning about EDRPOU and M.E.Doc, queried EDRPOU website, and changed their computer language sets to the Ukrainian alphabet",data_v2/repro_external/attack_flow/corpus/NotPetya.afb,e1a794ad90e6e67c0fbab1e921e3e726ee9aacfce3b2312f287a275ccd13554d
attack_flow,NotPetya,1,attack_flow::NotPetya::9ac3cd71-b8e4-4902-a134-5bbf2c3dc9b9,T1195.002,T1195,Attackers added malicious functionality to the files containing software updates for M.E.Doc to collect a list of all EDRPOUs associated with computers using the M.E.Doc software and had downloaded the update file and to send a cookie back to the Update Server,260,1,0,0,Compromise Software Supply Chain,Attackers added malicious functionality to the files containing software updates for M.E.Doc to collect a list of all EDRPOUs associated with computers using the M.E.Doc software and had downloaded the update file and to send a cookie back to the Update Server,data_v2/repro_external/attack_flow/corpus/NotPetya.afb,e1a794ad90e6e67c0fbab1e921e3e726ee9aacfce3b2312f287a275ccd13554d
attack_flow,NotPetya,2,attack_flow::NotPetya::460b67ee-7fbe-4930-a019-fe07ae742c34,T1195.002,T1195,Attackers added malicious functionality to the files containing software updates for M.E.Doc to collect a list of all EDRPOUs associated with computers using the M.E.Doc software which would eventually deliver the NotPetya,222,1,0,0,Compromise Software Supply Chain,Attackers added malicious functionality to the files containing software updates for M.E.Doc to collect a list of all EDRPOUs associated with computers using the M.E.Doc software which would eventually deliver the NotPetya,data_v2/repro_external/attack_flow/corpus/NotPetya.afb,e1a794ad90e6e67c0fbab1e921e3e726ee9aacfce3b2312f287a275ccd13554d
attack_flow,NotPetya,3,attack_flow::NotPetya::0cfbada8-ad55-4b75-a4c6-acd5e34a00d0,T1195,T1195,Attackers rerouted internet traffic from computers updating M.E.Doc software via the Update Server to France-based server controlled by attackers,145,1,0,0,Supply Chain Compromise,Attackers rerouted internet traffic from computers updating M.E.Doc software via the Update Server to France-based server controlled by attackers,data_v2/repro_external/attack_flow/corpus/NotPetya.afb,e1a794ad90e6e67c0fbab1e921e3e726ee9aacfce3b2312f287a275ccd13554d
attack_flow,NotPetya,4,attack_flow::NotPetya::698fd2b3-f021-4f74-8141-d48ba11ce09c,T1036,T1036,"NotPetya drops the ransomware DLL perfc.dat, writes a resource to C:\Windows\dllhost.dat, and drops its ransomware splash and warning files",139,1,0,0,Masquerading,"NotPetya drops the ransomware DLL perfc.dat, writes a resource to C:\Windows\dllhost.dat, and drops its ransomware splash and warning files",data_v2/repro_external/attack_flow/corpus/NotPetya.afb,e1a794ad90e6e67c0fbab1e921e3e726ee9aacfce3b2312f287a275ccd13554d
attack_flow,NotPetya,5,attack_flow::NotPetya::3d221636-c915-4e2a-903a-e10047a1f34a,T1057,T1057,"Malware attempts to determine privilege of its running process and sets the PRIV_FLAG: SeTcbPrivilege, SeDebugPrivilege, SeShutdownPrivilege",140,1,0,0,Malware Privilege Discovery,"Malware attempts to determine privilege of its running process and sets the PRIV_FLAG: SeTcbPrivilege, SeDebugPrivilege, SeShutdownPrivilege",data_v2/repro_external/attack_flow/corpus/NotPetya.afb,e1a794ad90e6e67c0fbab1e921e3e726ee9aacfce3b2312f287a275ccd13554d
attack_flow,NotPetya,6,attack_flow::NotPetya::2010cb6c-cca8-45a4-99ca-ed2a2ace8d45,T1003.001,T1003,Operates as a modified version of Mimikatz and uses a named pipe to extract credentials from LSASS,98,1,0,0,LSASS Memory,Operates as a modified version of Mimikatz and uses a named pipe to extract credentials from LSASS,data_v2/repro_external/attack_flow/corpus/NotPetya.afb,e1a794ad90e6e67c0fbab1e921e3e726ee9aacfce3b2312f287a275ccd13554d
attack_flow,NotPetya,7,attack_flow::NotPetya::efe3d7fe-9a22-4b05-a5af-1eb0f42aa41f,T0866,T0866,"To move laterally, NotPetya tests for vulnerable SMBv1 condition (Eternal Blue/Romance exploit) and deploys an SMB backdoor",123,1,0,0,Exploitation of Remote Services,"To move laterally, NotPetya tests for vulnerable SMBv1 condition (Eternal Blue/Romance exploit) and deploys an SMB backdoor",data_v2/repro_external/attack_flow/corpus/NotPetya.afb,e1a794ad90e6e67c0fbab1e921e3e726ee9aacfce3b2312f287a275ccd13554d
attack_flow,NotPetya,8,attack_flow::NotPetya::f519deb9-ffbf-4568-9c18-26313af17849,T1055.001,T1055,"To deploy NotPetya on the system, a staging DLL is injected into lsass.exe",74,1,0,0,Dynamic-link Library Injection,"To deploy NotPetya on the system, a staging DLL is injected into lsass.exe",data_v2/repro_external/attack_flow/corpus/NotPetya.afb,e1a794ad90e6e67c0fbab1e921e3e726ee9aacfce3b2312f287a275ccd13554d
attack_flow,NotPetya,9,attack_flow::NotPetya::146b0928-071a-43e8-b115-5ab2c8934fe0,T1218.011,T1218,NotPetya written to c:/windows and executed by the staging DLL as rundll32.exe,78,1,0,0,Rundll32,NotPetya written to c:/windows and executed by the staging DLL as rundll32.exe,data_v2/repro_external/attack_flow/corpus/NotPetya.afb,e1a794ad90e6e67c0fbab1e921e3e726ee9aacfce3b2312f287a275ccd13554d
attack_flow,NotPetya,10,attack_flow::NotPetya::be8a7164-7483-4c1a-8e07-ae64b5cb2be7,T1542.003,T1542,Malware reads and encodes MBR with a custom boot loader that will encrypt the MFT.,82,1,0,0,Bootkit,Malware reads and encodes MBR with a custom boot loader that will encrypt the MFT.,data_v2/repro_external/attack_flow/corpus/NotPetya.afb,e1a794ad90e6e67c0fbab1e921e3e726ee9aacfce3b2312f287a275ccd13554d
attack_flow,NotPetya,11,attack_flow::NotPetya::cd21649c-7134-4d4b-ad33-40daaf36e9c1,T1053.005,T1053,NotPetya creates a scheduled task that triggers a reboot 60 min after execution by default,90,1,0,0,Scheduled Task,NotPetya creates a scheduled task that triggers a reboot 60 min after execution by default,data_v2/repro_external/attack_flow/corpus/NotPetya.afb,e1a794ad90e6e67c0fbab1e921e3e726ee9aacfce3b2312f287a275ccd13554d
attack_flow,NotPetya,12,attack_flow::NotPetya::c41e27f8-e094-489b-8fee-62698f187dce,T1529,T1529,"System reboots, displays decoy message",38,1,0,0,System Shutdown/Reboot,"System reboots, displays decoy message",data_v2/repro_external/attack_flow/corpus/NotPetya.afb,e1a794ad90e6e67c0fbab1e921e3e726ee9aacfce3b2312f287a275ccd13554d
attack_flow,NotPetya,13,attack_flow::NotPetya::fab926e5-88d8-48b4-9bf2-23aa996076d1,T1486,T1486,The custom boot loader encrypts the MFT. NotPetya also encrypted files with specific extensions.,96,1,0,0,Data Encrypted for Impact,The custom boot loader encrypts the MFT. NotPetya also encrypted files with specific extensions.,data_v2/repro_external/attack_flow/corpus/NotPetya.afb,e1a794ad90e6e67c0fbab1e921e3e726ee9aacfce3b2312f287a275ccd13554d
attack_flow,NotPetya,14,attack_flow::NotPetya::9f0ada89-d028-4c87-a1a4-4563705a70b3,T1070.001,T1070,"The malware clears setup, system, security, application, and USN journal logs",77,1,0,0,Clear Windows Event Logs,"The malware clears setup, system, security, application, and USN journal logs",data_v2/repro_external/attack_flow/corpus/NotPetya.afb,e1a794ad90e6e67c0fbab1e921e3e726ee9aacfce3b2312f287a275ccd13554d
attack_flow,NotPetya,15,attack_flow::NotPetya::351a47ca-c39f-43e5-8493-3bafe24a6338,T1529,T1529,"The custom boot loader initiates a disk reboot, and the NotPetya ransomware note is displayed",93,1,0,0,System Shutdown/Reboot,"The custom boot loader initiates a disk reboot, and the NotPetya ransomware note is displayed",data_v2/repro_external/attack_flow/corpus/NotPetya.afb,e1a794ad90e6e67c0fbab1e921e3e726ee9aacfce3b2312f287a275ccd13554d
attack_flow,NotPetya,16,attack_flow::NotPetya::2b64c735-0355-408c-b3a9-755772cc257c,T1485,T1485,The data is not recoverable,27,1,0,0,Data Destruction,The data is not recoverable,data_v2/repro_external/attack_flow/corpus/NotPetya.afb,e1a794ad90e6e67c0fbab1e921e3e726ee9aacfce3b2312f287a275ccd13554d
attack_flow,OceanLotus,0,attack_flow::OceanLotus::8196f7e1-3d8b-42ed-bede-b81bfd38f864,T1566.001,T1566,OceanLotus uses a targeted phishing attack with an attachment.,62,1,0,0,Spearphishing Attachment,OceanLotus uses a targeted phishing attack with an attachment.,data_v2/repro_external/attack_flow/corpus/OceanLotus.afb,6f61e61efcd006e62a069b97e5527ecce00ae50e9006025ee0de82fd8a645f65
attack_flow,OceanLotus,1,attack_flow::OceanLotus::2ea61897-a90d-4cae-b835-facc2885cf12,T1566.001,T1566,Hope Potter downloads a macOS application disguised Word document.,66,1,0,0,Spearphishing Attachment,Hope Potter downloads a macOS application disguised Word document.,data_v2/repro_external/attack_flow/corpus/OceanLotus.afb,6f61e61efcd006e62a069b97e5527ecce00ae50e9006025ee0de82fd8a645f65
attack_flow,OceanLotus,2,attack_flow::OceanLotus::91aa2f3d-f804-484b-9aee-14fec5c90baf,T1204.002,T1204,"This document, conkylan.app, now resides in the /Downloads folder on Hope Potter's macOS Catalina Host.",103,1,0,0,Malicious File,"This document, conkylan.app, now resides in the /Downloads folder on Hope Potter's macOS Catalina Host.",data_v2/repro_external/attack_flow/corpus/OceanLotus.afb,6f61e61efcd006e62a069b97e5527ecce00ae50e9006025ee0de82fd8a645f65
attack_flow,OceanLotus,3,attack_flow::OceanLotus::4a759635-9f2d-480a-a855-45f05024266b,T1036,T1036,"The Word document is actually an Application bundle, the the first stage payload.",81,1,0,0,Masquerading,"The Word document is actually an Application bundle, the the first stage payload.",data_v2/repro_external/attack_flow/corpus/OceanLotus.afb,6f61e61efcd006e62a069b97e5527ecce00ae50e9006025ee0de82fd8a645f65
attack_flow,OceanLotus,4,attack_flow::OceanLotus::32ecc8a5-bed1-40ca-a33f-9e0be0efa4fb,T1027.009,T1027,"The second stage of the payload detonates and deploys a decoy Word document, and connects to the C2 server.",107,1,0,0,Embedded Payloads,"The second stage of the payload detonates and deploys a decoy Word document, and connects to the C2 server.",data_v2/repro_external/attack_flow/corpus/OceanLotus.afb,6f61e61efcd006e62a069b97e5527ecce00ae50e9006025ee0de82fd8a645f65
attack_flow,OceanLotus,5,attack_flow::OceanLotus::fd60cf7d-cf9a-45f8-8335-62ddf1eac56d,T1543.001,T1543,"Using the script, OceanLotus also installs persistence via Launch Agent",71,1,0,0,Launch Agent,"Using the script, OceanLotus also installs persistence via Launch Agent",data_v2/repro_external/attack_flow/corpus/OceanLotus.afb,6f61e61efcd006e62a069b97e5527ecce00ae50e9006025ee0de82fd8a645f65
attack_flow,OceanLotus,6,attack_flow::OceanLotus::4a2525ee-6951-4faa-9091-f88387c18b3e,T1070,T1070,OceanLotus then removes file information used by security tools,63,1,0,0,Indicator Removal,OceanLotus then removes file information used by security tools,data_v2/repro_external/attack_flow/corpus/OceanLotus.afb,6f61e61efcd006e62a069b97e5527ecce00ae50e9006025ee0de82fd8a645f65
attack_flow,OceanLotus,7,attack_flow::OceanLotus::88d99557-c2f4-4cbf-9ecc-7aa81d51c40d,T1082,T1082,OceanLotus conducts local system discovery on the macOS host.,61,1,0,0,System Information Discovery,OceanLotus conducts local system discovery on the macOS host.,data_v2/repro_external/attack_flow/corpus/OceanLotus.afb,6f61e61efcd006e62a069b97e5527ecce00ae50e9006025ee0de82fd8a645f65
attack_flow,OceanLotus,8,attack_flow::OceanLotus::96631858-d587-44a0-8a6d-fb28b5fc59fa,T1041,T1041,"OceanLotus reviews the contents of the.ssh folder. Seeing there is an SSH key, the known_hosts and history files are exfiled to the C2 server for analysis.",155,1,0,0,Exfiltration Over C2 Channel,"OceanLotus reviews the contents of the .ssh folder. Seeing there is an SSH key, the known_hosts and history files are exfiled to the C2 server for analysis.",data_v2/repro_external/attack_flow/corpus/OceanLotus.afb,6f61e61efcd006e62a069b97e5527ecce00ae50e9006025ee0de82fd8a645f65
attack_flow,OceanLotus,9,attack_flow::OceanLotus::f4069dc6-a40c-4e38-8134-e70b960d2edd,T1018,T1018,The history file reveals Hope Potter sends files to the file server using SCP,77,1,0,0,Remote System Discovery,The history file reveals Hope Potter sends files to the file server using SCP,data_v2/repro_external/attack_flow/corpus/OceanLotus.afb,6f61e61efcd006e62a069b97e5527ecce00ae50e9006025ee0de82fd8a645f65
attack_flow,OceanLotus,10,attack_flow::OceanLotus::61c13fc8-0842-4d89-9954-3be92a917cd5,T1105,T1105,OceanLotus downloads Rota Jakiro to the macOS host in the /Users/hpotter/Library/WebKit folder (the execution folder for OSX.OceanLotus) as osx.download,152,1,0,0,Ingress Tool Transfer,OceanLotus downloads Rota Jakiro to the macOS host in the /Users/hpotter/Library/WebKit folder (the execution folder for OSX.OceanLotus) as osx.download,data_v2/repro_external/attack_flow/corpus/OceanLotus.afb,6f61e61efcd006e62a069b97e5527ecce00ae50e9006025ee0de82fd8a645f65
attack_flow,OceanLotus,11,attack_flow::OceanLotus::84b5c4df-ac03-48da-a3f8-e2202d3dbe36,T1021,T1021,OSX.OceanLotus then uses SCP to transfer Rota Jakiro to the \tmp folder of the Linux host,89,1,0,0,Remote Services,OSX.OceanLotus then uses SCP to transfer Rota Jakiro to the \tmp folder of the Linux host,data_v2/repro_external/attack_flow/corpus/OceanLotus.afb,6f61e61efcd006e62a069b97e5527ecce00ae50e9006025ee0de82fd8a645f65
attack_flow,OceanLotus,12,attack_flow::OceanLotus::8765d47d-ce2d-4a0a-92de-a646eb8e7ab5,T1021.004,T1021,"Using SSH, OSX.OceanLotus changes Rota Jakiro to an executable",62,1,0,0,SSH,"Using SSH, OSX.OceanLotus changes Rota Jakiro to an executable",data_v2/repro_external/attack_flow/corpus/OceanLotus.afb,6f61e61efcd006e62a069b97e5527ecce00ae50e9006025ee0de82fd8a645f65
attack_flow,OceanLotus,13,attack_flow::OceanLotus::427e660b-489c-4b2f-9a26-53bb1bc1d552,T1059.004,T1059,OceanLotus executes Rota Jakiro on the Linux host,49,1,0,0,Unix Shell,OceanLotus executes Rota Jakiro on the Linux host,data_v2/repro_external/attack_flow/corpus/OceanLotus.afb,6f61e61efcd006e62a069b97e5527ecce00ae50e9006025ee0de82fd8a645f65
attack_flow,OceanLotus,14,attack_flow::OceanLotus::9facbe22-eb51-4968-a775-93d5c71a0141,T1082,T1082,"For initial collection, Rota Jakiro executes and collects the results from the uname syscall.",93,1,0,0,System Information Discovery,"For initial collection, Rota Jakiro executes and collects the results from the uname syscall.",data_v2/repro_external/attack_flow/corpus/OceanLotus.afb,6f61e61efcd006e62a069b97e5527ecce00ae50e9006025ee0de82fd8a645f65
attack_flow,OceanLotus,15,attack_flow::OceanLotus::5e7dfe2e-ff0d-4a0f-80c3-3420647ae6ff,T1041,T1041,The resulting information is saved to the mount.txt file. Rota Jakiro then uploads this file to the C2 server for offline analysis,130,1,0,0,Exfiltration Over C2 Channel,The resulting information is saved to the mount.txt file. Rota Jakiro then uploads this file to the C2 server for offline analysis,data_v2/repro_external/attack_flow/corpus/OceanLotus.afb,6f61e61efcd006e62a069b97e5527ecce00ae50e9006025ee0de82fd8a645f65
attack_flow,OceanLotus,16,attack_flow::OceanLotus::3a38eb18-4404-4df0-b4a2-242431de8966,T1119,T1119,OceanLotus downloads and executes a shared object on the Linux host (pdf.so). The shared object performs the following actions:,127,1,0,0,Automated Collection,OceanLotus downloads and executes a shared object on the Linux host (pdf.so). The shared object performs the following actions:,data_v2/repro_external/attack_flow/corpus/OceanLotus.afb,6f61e61efcd006e62a069b97e5527ecce00ae50e9006025ee0de82fd8a645f65
attack_flow,OceanLotus,17,attack_flow::OceanLotus::0232d3f7-1627-4645-86dd-f121aa9309b9,T1564.001,T1564,1. Creates a hidden directory named tmp.rota folder,51,1,0,0,Hidden Files and Directories,1. Creates a hidden directory named tmp.rota folder,data_v2/repro_external/attack_flow/corpus/OceanLotus.afb,6f61e61efcd006e62a069b97e5527ecce00ae50e9006025ee0de82fd8a645f65
attack_flow,OceanLotus,18,attack_flow::OceanLotus::a939030b-f74f-45b7-bb62-123fde280a5b,T1083,T1083,"2. Starting from the $HOME folder using the find command, copy files with a.pdf extension into the tmp.rota folder",114,1,0,0,File and Directory Discovery,"2. Starting from the $HOME folder using the find command, copy files with a .pdf extension into the tmp.rota folder",data_v2/repro_external/attack_flow/corpus/OceanLotus.afb,6f61e61efcd006e62a069b97e5527ecce00ae50e9006025ee0de82fd8a645f65
attack_flow,OceanLotus,19,attack_flow::OceanLotus::e04845fa-6f37-42bf-8479-2e9cc4a4923b,T1074.001,T1074,[NO_DESCRIPTION],0,0,0,0,Local Data Staging,,data_v2/repro_external/attack_flow/corpus/OceanLotus.afb,6f61e61efcd006e62a069b97e5527ecce00ae50e9006025ee0de82fd8a645f65
attack_flow,OceanLotus,20,attack_flow::OceanLotus::7fef99a8-a29a-4e34-8b46-013392f28ab8,T1041,T1041,OceanLotus tasks Rota Jakiro to upload the /tmp/rota.tar.gz file to the C2 server completeing the objective.,108,1,0,0,Exfiltration Over C2 Channel,OceanLotus tasks Rota Jakiro to upload the /tmp/rota.tar.gz file to the C2 server completeing the objective.,data_v2/repro_external/attack_flow/corpus/OceanLotus.afb,6f61e61efcd006e62a069b97e5527ecce00ae50e9006025ee0de82fd8a645f65
attack_flow,REvil,0,attack_flow::REvil::94742c71-532b-4aa9-b437-41a9bb8f38d7,T1189,T1189,Watering hole attacks on forum websites that download REvil onto the victim devices.,84,1,0,0,Drive-by Compromise,Watering hole attacks on forum websites that download REvil onto the victim devices.,data_v2/repro_external/attack_flow/corpus/REvil.afb,9e7a30966b2d01c72e8e71fa7defa0065bee68b2b9b0b8b16d4215e051ce2f4b
attack_flow,REvil,1,attack_flow::REvil::817870ea-bc9d-4734-a36d-8e3d966b2bc7,T1068,T1068,Attempts to run with elevated privileges by exploiting CVE-2018-8453 vulnerability to gain SYSTEM privileges on host.,117,1,0,0,Exploitation for Privilege Escalation,Attempts to run with elevated privileges by exploiting CVE-2018-8453 vulnerability to gain SYSTEM privileges on host.,data_v2/repro_external/attack_flow/corpus/REvil.afb,9e7a30966b2d01c72e8e71fa7defa0065bee68b2b9b0b8b16d4215e051ce2f4b
attack_flow,REvil,2,attack_flow::REvil::1ec51403-5eeb-4d38-97b8-cf3b426303f9,T1140,T1140,REvil deobfuscates and decodes its own data and configuration,61,1,0,0,Deobfuscate/Decode Files or Information,REvil deobfuscates and decodes its own data and configuration,data_v2/repro_external/attack_flow/corpus/REvil.afb,9e7a30966b2d01c72e8e71fa7defa0065bee68b2b9b0b8b16d4215e051ce2f4b
attack_flow,REvil,3,attack_flow::REvil::a8243150-f0db-47dd-b715-3fe09d331981,T1134.002,T1134,"Verifies that it is running with administrative rights via making sure that TokenElevationType is set to TokenElevationTypeFull and its integrity level is set to a minimum level of High. However, if it is running with low integrity, it will use the RunAs command to relaunch a new instance of itself with administrative rights.",327,1,0,0,Create Process with Token,"Verifies that it is running with administrative rights via making sure that TokenElevationType is set to TokenElevationTypeFull and its integrity level is set to a minimum level of High.
However, if it is running with low integrity, it will use the RunAs command to relaunch a new instance of itself with administrative rights.",data_v2/repro_external/attack_flow/corpus/REvil.afb,9e7a30966b2d01c72e8e71fa7defa0065bee68b2b9b0b8b16d4215e051ce2f4b
attack_flow,REvil,4,attack_flow::REvil::cbc2c498-0f40-4fba-bfd0-dbfeae60d993,T1012,T1012,Checks the Registry to see if it has already generated and stored session encryption keys.,90,1,0,0,Query Registry,"Checks the Registry to see
if it has already generated
and stored session
encryption keys.",data_v2/repro_external/attack_flow/corpus/REvil.afb,9e7a30966b2d01c72e8e71fa7defa0065bee68b2b9b0b8b16d4215e051ce2f4b
attack_flow,REvil,5,attack_flow::REvil::37cc493d-eefc-4a85-a78d-8160d4007a5d,T1033,T1033,REvil will collect the current username from the victim's machine.,66,1,0,0,System Owner/User Discovery,REvil will collect the current username from the victim's machine.,data_v2/repro_external/attack_flow/corpus/REvil.afb,9e7a30966b2d01c72e8e71fa7defa0065bee68b2b9b0b8b16d4215e051ce2f4b
attack_flow,REvil,6,attack_flow::REvil::b1025067-bb3b-446f-aa45-d97591c24ef0,T1027,T1027,"Has obfuscated user profile information, modules/functions, and will encrypt components from the configuration data stored in the Registry. All strings have also been encrypted with RC4 before use.",197,1,0,0,Obfuscated Files or Information,"Has obfuscated user profile
information, modules/functions, and will encrypt components from the configuration data stored in the Registry. All strings have also been encrypted
with RC4 before use.",data_v2/repro_external/attack_flow/corpus/REvil.afb,9e7a30966b2d01c72e8e71fa7defa0065bee68b2b9b0b8b16d4215e051ce2f4b
attack_flow,REvil,7,attack_flow::REvil::a85199ff-3207-4c2c-828e-c7f56244e5ef,T1112,T1112,REvil stores encrypted system information added to the Registry. It will check if it is already generated and stored the session encryption keys in the victim’s Registry.,170,1,0,0,Modify Registry,REvil stores encrypted system information added to the Registry. It will check if it is already generated and stored the session encryption keys in the victim’s Registry.,data_v2/repro_external/attack_flow/corpus/REvil.afb,9e7a30966b2d01c72e8e71fa7defa0065bee68b2b9b0b8b16d4215e051ce2f4b
attack_flow,REvil,8,attack_flow::REvil::b7bb4f4c-a1ce-4968-8887-0eb6516ec60e,T1489,T1489,REvil will stop and delete services if name matches list of service in JavaScript Object Notation (JSON) config list and has terminated all processes specified by prc value.,173,1,0,0,Service Stop,"REvil will stop and delete services if name matches list of service in JavaScript
Object Notation (JSON) config list and has terminated all processes specified by prc value.",data_v2/repro_external/attack_flow/corpus/REvil.afb,9e7a30966b2d01c72e8e71fa7defa0065bee68b2b9b0b8b16d4215e051ce2f4b
attack_flow,REvil,9,attack_flow::REvil::b8777ca1-4cf7-449c-8cd5-545d5e98693a,T1059.001,T1059,REvil has used PowerShell to perform inhibit system recovery technique.,71,1,0,0,PowerShell,"REvil has used PowerShell
to perform inhibit system
recovery technique.",data_v2/repro_external/attack_flow/corpus/REvil.afb,9e7a30966b2d01c72e8e71fa7defa0065bee68b2b9b0b8b16d4215e051ce2f4b
attack_flow,REvil,10,attack_flow::REvil::d65fcb15-abb0-4bc5-a97e-0ee5a1e7548c,T1490,T1490,REvil will destroy all shadow volumes of the victim machine and disable protection of the recovery boot,103,1,0,0,Inhibit System Recovery,"REvil will destroy all shadow volumes
of the victim machine and
disable protection of the
recovery boot",data_v2/repro_external/attack_flow/corpus/REvil.afb,9e7a30966b2d01c72e8e71fa7defa0065bee68b2b9b0b8b16d4215e051ce2f4b
attack_flow,REvil,11,attack_flow::REvil::9e2b0afb-d172-4686-b453-64ad4ffec914,T1485,T1485,All the files and folders listed will be zeroed out and deleted with random trash or NULL values.,97,1,0,0,Data Destruction,All the files and folders listed will be zeroed out and deleted with random trash or NULL values.,data_v2/repro_external/attack_flow/corpus/REvil.afb,9e7a30966b2d01c72e8e71fa7defa0065bee68b2b9b0b8b16d4215e051ce2f4b
attack_flow,REvil,12,attack_flow::REvil::523ac20c-e73d-4899-a233-cd2c3fde4d08,T1083,T1083,REvil has iterated through all folders and files residing on local fixed drives and verifies they are not included in config lists and has an exclude list as well.,163,1,0,0,File and Directory Discovery,REvil has iterated through all folders and files residing on local fixed drives and verifies they are not included in config lists and has an exclude list as well.,data_v2/repro_external/attack_flow/corpus/REvil.afb,9e7a30966b2d01c72e8e71fa7defa0065bee68b2b9b0b8b16d4215e051ce2f4b
attack_flow,REvil,13,attack_flow::REvil::446454d9-1612-41b5-8f6a-d282e06b52af,T1135,T1135,REvil attempts to identify attached network shares and encrypt their contents,77,1,0,0,Network Share Discovery,REvil attempts to identify attached network shares and encrypt their contents,data_v2/repro_external/attack_flow/corpus/REvil.afb,9e7a30966b2d01c72e8e71fa7defa0065bee68b2b9b0b8b16d4215e051ce2f4b
attack_flow,REvil,14,attack_flow::REvil::72266354-eb09-4f29-9704-2a6117285354,T1486,T1486,REvil has used multithreading I/O completion ports and encrypt files It will encrypt the flagged files and drop a ransom note in each folder,140,1,0,0,Data Encrypted for Impact,REvil has used multithreading I/O completion ports and encrypt files It will encrypt the flagged files and drop a ransom note in each folder,data_v2/repro_external/attack_flow/corpus/REvil.afb,9e7a30966b2d01c72e8e71fa7defa0065bee68b2b9b0b8b16d4215e051ce2f4b
attack_flow,REvil,15,attack_flow::REvil::9bdfeccc-64f3-4338-b58d-62b528437dac,T1491.001,T1491,"After encrypting all the files, REvil will create a bitmap image of the desktop in runtime with the text that comes with the config file prepared with the random extension and set this and the ransom note to the desktop background. The text will read ""You are infected!"" and it will explain where the user can go to read. instructions in the text file on the system.",366,1,0,0,Internal Defacement,"After encrypting all the files, REvil will
create a bitmap image of the desktop in runtime with the text that comes with the config file prepared with the random extension and set this and the ransom note to the desktop background. The text will read ""You are infected!"" and it will explain where the user can go to read. instructions in the text file on the system.",data_v2/repro_external/attack_flow/corpus/REvil.afb,9e7a30966b2d01c72e8e71fa7defa0065bee68b2b9b0b8b16d4215e051ce2f4b
attack_flow,REvil,16,attack_flow::REvil::c922e4f2-57ae-4e23-9d09-8c70edf725ae,T1012,T1012,REvil queries the net configuration key value to determine if C2 communication should take place.,97,1,0,0,Query Registry,REvil queries the net configuration key value to determine if C2 communication should take place.,data_v2/repro_external/attack_flow/corpus/REvil.afb,9e7a30966b2d01c72e8e71fa7defa0065bee68b2b9b0b8b16d4215e051ce2f4b
attack_flow,REvil,17,attack_flow::REvil::f5f61076-5c5d-43f8-ac93-bd72e76fc4bc,T1573.002,T1573,"If flag is set, it will conceal C2 communications using an asymmetric key scheduling algorithm",94,1,0,0,Asymmetric Cryptography,"If flag is set, it will conceal C2 communications using an asymmetric key
scheduling algorithm",data_v2/repro_external/attack_flow/corpus/REvil.afb,9e7a30966b2d01c72e8e71fa7defa0065bee68b2b9b0b8b16d4215e051ce2f4b
attack_flow,REvil,18,attack_flow::REvil::611913ef-15ce-44cb-a885-2dda47cf134b,T1041,T1041,REvil will take the data out of the victim’s environment,56,1,0,0,Exfiltration Over C2 Channel,REvil will take the data out of the victim’s environment,data_v2/repro_external/attack_flow/corpus/REvil.afb,9e7a30966b2d01c72e8e71fa7defa0065bee68b2b9b0b8b16d4215e051ce2f4b
attack_flow,Ragnar Locker,0,attack_flow::Ragnar Locker::3e22a477-71cd-4aef-94da-33cdde6da4d8,T1110,T1110,Attackers brute force passwords for the RDP service,51,1,0,0,Brute Force,Attackers brute force passwords for the RDP service,data_v2/repro_external/attack_flow/corpus/Ragnar Locker.afb,739e3d76a90f1d2b037ceea752bd83bdff1db9b4e6e131409db966df5f1136a2
attack_flow,Ragnar Locker,1,attack_flow::Ragnar Locker::5342b2fd-c6dd-42ec-a6e0-3ed811f73850,T1546.015,T1546,Attacker exploited a vulnerability in the Windows COM Aggregate Marshaler,73,1,0,0,Component Object Model Hijacking,Attacker exploited a vulnerability in the Windows COM Aggregate Marshaler,data_v2/repro_external/attack_flow/corpus/Ragnar Locker.afb,739e3d76a90f1d2b037ceea752bd83bdff1db9b4e6e131409db966df5f1136a2
attack_flow,Ragnar Locker,2,attack_flow::Ragnar Locker::4c86708e-d142-4521-909d-3e3ce918042f,T1484.001,T1484,Attackers use GPO to move laterally,35,1,0,0,Group Policy Modification,Attackers use GPO to move laterally,data_v2/repro_external/attack_flow/corpus/Ragnar Locker.afb,739e3d76a90f1d2b037ceea752bd83bdff1db9b4e6e131409db966df5f1136a2
attack_flow,Ragnar Locker,3,attack_flow::Ragnar Locker::e0c4c51e-004b-4b3f-91a0-0c6d45683f38,T1218.007,T1218,Attackers used GPO to execute Microsoft Installer,49,1,0,0,Msiexec,Attackers used GPO to execute Microsoft Installer,data_v2/repro_external/attack_flow/corpus/Ragnar Locker.afb,739e3d76a90f1d2b037ceea752bd83bdff1db9b4e6e131409db966df5f1136a2
attack_flow,Ragnar Locker,4,attack_flow::Ragnar Locker::a157005f-50a2-45e4-9e7b-ea713e9bbcc8,T1105,T1105,"Attackers install a 122MB crafted, unsigned MSI package from the remote web server",82,1,0,0,Ingress Tool Transfer,"Attackers install a 122MB crafted, unsigned MSI package from the remote web server",data_v2/repro_external/attack_flow/corpus/Ragnar Locker.afb,739e3d76a90f1d2b037ceea752bd83bdff1db9b4e6e131409db966df5f1136a2
attack_flow,Ragnar Locker,5,attack_flow::Ragnar Locker::258682c6-fad0-4daf-964b-41b1e6cb6fdd,T1105,T1105,"Attackers run an executable, batch file, and support files",58,1,0,0,Ingress Tool Transfer,"Attackers run an executable, batch file, and support files",data_v2/repro_external/attack_flow/corpus/Ragnar Locker.afb,739e3d76a90f1d2b037ceea752bd83bdff1db9b4e6e131409db966df5f1136a2
attack_flow,Ragnar Locker,6,attack_flow::Ragnar Locker::80af5404-8374-4dc8-a254-8503c30b7bcd,T1489,T1489,"Batch file terminates many processes/servers and remote management software, closes opened files, and disables AntiVirus software",129,1,0,0,Service Stop,"Batch file terminates many processes/servers and remote management software, closes opened files, and disables AntiVirus software",data_v2/repro_external/attack_flow/corpus/Ragnar Locker.afb,739e3d76a90f1d2b037ceea752bd83bdff1db9b4e6e131409db966df5f1136a2
attack_flow,Ragnar Locker,7,attack_flow::Ragnar Locker::a8c21650-07b5-4afd-b75a-7ab04eb40029,T1614.001,T1614,"Attackers check for locale information. If the machine’s default language matches one on the CIS list, the ransomware process is terminated with the “666” exit code.",165,1,0,0,System Language Discovery,"Attackers check for locale information. If the machine’s default language matches one on the CIS list, the ransomware process is terminated with the “666” exit code.",data_v2/repro_external/attack_flow/corpus/Ragnar Locker.afb,739e3d76a90f1d2b037ceea752bd83bdff1db9b4e6e131409db966df5f1136a2
attack_flow,Ragnar Locker,8,attack_flow::Ragnar Locker::47d7d677-d9ca-41fc-a6c4-f9911e056b35,T1564.006,T1564,The attacker deploys a VirtualBox VM and loads a Windows XP image,65,1,0,0,Run Virtual Instance,The attacker deploys a VirtualBox VM and loads a Windows XP image,data_v2/repro_external/attack_flow/corpus/Ragnar Locker.afb,739e3d76a90f1d2b037ceea752bd83bdff1db9b4e6e131409db966df5f1136a2
attack_flow,Ragnar Locker,9,attack_flow::Ragnar Locker::065964e1-07c5-468b-ba47-7b59dd3784a2,T1120,T1120,The VM image maps all local drives as read/writable into the virtual machine. This allows the ransomware process running inside the VM to encrypt all files.,156,1,0,0,Peripheral Device Discovery,The VM image maps all local drives as read/writable into the virtual machine. This allows the ransomware process running inside the VM to encrypt all files.,data_v2/repro_external/attack_flow/corpus/Ragnar Locker.afb,739e3d76a90f1d2b037ceea752bd83bdff1db9b4e6e131409db966df5f1136a2
attack_flow,Ragnar Locker,10,attack_flow::Ragnar Locker::c4d26264-450d-4fd0-8ae2-64708b5c267c,T1567,T1567,The ransomware steals files and uploads them to one or more servers in case the victim refuses to pay the ransom,112,1,0,0,Exfiltration over Web Service,The ransomware steals files and uploads them to one or more servers in case the victim refuses to pay the ransom,data_v2/repro_external/attack_flow/corpus/Ragnar Locker.afb,739e3d76a90f1d2b037ceea752bd83bdff1db9b4e6e131409db966df5f1136a2
attack_flow,Ragnar Locker,11,attack_flow::Ragnar Locker::cdcf257c-acd6-4a62-9b9a-f10aca957af5,T1027,T1027,Attackers protect the ransomware code with junk code and encryption,67,1,0,0,Obfuscated Files or Information,Attackers protect the ransomware code with junk code and encryption,data_v2/repro_external/attack_flow/corpus/Ragnar Locker.afb,739e3d76a90f1d2b037ceea752bd83bdff1db9b4e6e131409db966df5f1136a2
attack_flow,Ragnar Locker,12,attack_flow::Ragnar Locker::33285dd9-ae14-4bfd-9fdc-7e235da39487,T1486,T1486,Ragnar Locker begins the encryption process in 64 simultaneous threads. The encrypted file contains the encrypted Salsa20 key data (40+32 bytes) with the signature ‘_RAGNAR_’ added to the footer at the very end.,211,1,0,0,Data Encrypted for Impact,Ragnar Locker begins the encryption process in 64 simultaneous threads. The encrypted file contains the encrypted Salsa20 key data (40+32 bytes) with the signature ‘_RAGNAR_’ added to the footer at the very end.,data_v2/repro_external/attack_flow/corpus/Ragnar Locker.afb,739e3d76a90f1d2b037ceea752bd83bdff1db9b4e6e131409db966df5f1136a2
attack_flow,SWIFT Heist,0,attack_flow::SWIFT Heist::d958677e-8790-4ad2-8b04-8d71489f7ac2,T1566.001,T1566,Suspected that phishing emails were sent to employees at Bangladesh Bank which dropped malware.,95,1,0,0,Spearphishing Attachment,Suspected that phishing emails were sent to employees at Bangladesh Bank which dropped malware.,data_v2/repro_external/attack_flow/corpus/SWIFT Heist.afb,fd386f13b617812f9dbd75828346464f4a28df63687cb3d69298e99344087c89
attack_flow,SWIFT Heist,1,attack_flow::SWIFT Heist::8d1cbde9-c24f-4d33-b9a6-a8b48edcf7bb,T1078,T1078,Credentials stolen for SWIFT operator at Bangladesh Bank.,57,1,0,0,Valid Accounts,Credentials stolen for SWIFT operator at Bangladesh Bank.,data_v2/repro_external/attack_flow/corpus/SWIFT Heist.afb,fd386f13b617812f9dbd75828346464f4a28df63687cb3d69298e99344087c89
attack_flow,SWIFT Heist,2,attack_flow::SWIFT Heist::dd27481f-2aee-41f3-b7f9-19dcc8212c16,T1105,T1105,Attackers installed 6 types of malware,38,1,0,0,Ingress Tool Transfer,Attackers installed 6 types of malware,data_v2/repro_external/attack_flow/corpus/SWIFT Heist.afb,fd386f13b617812f9dbd75828346464f4a28df63687cb3d69298e99344087c89
attack_flow,SWIFT Heist,3,attack_flow::SWIFT Heist::61348e67-38c5-4042-8195-5717b1aa2d2b,T1070.004,T1070,Attackers deleted files associated with SWIFT software to prevent employees from seeing the SWIFT messages,106,1,0,0,File Deletion,Attackers deleted files associated with SWIFT software to prevent employees from seeing the SWIFT messages,data_v2/repro_external/attack_flow/corpus/SWIFT Heist.afb,fd386f13b617812f9dbd75828346464f4a28df63687cb3d69298e99344087c89
attack_flow,SWIFT Heist,4,attack_flow::SWIFT Heist::90cbb515-964d-4e76-906e-10d25be6c73a,T1562.001,T1562,"Attackers used malware to disable printer, which prevented SWIFT acknowledgement messages being printed out for manual review",125,1,0,0,Disable or Modify Tools,"Attackers used malware to disable printer, which prevented SWIFT acknowledgement messages being printed out for manual review",data_v2/repro_external/attack_flow/corpus/SWIFT Heist.afb,fd386f13b617812f9dbd75828346464f4a28df63687cb3d69298e99344087c89
attack_flow,SearchAwesome Adware,0,attack_flow::SearchAwesome Adware::cb85f8b2-a64d-49a3-beca-c307558fe4cb,T1204.002,T1204,The user opens a disk image file which invisibly installs its components,72,1,0,0,Malicious File,The user opens a disk image file which invisibly installs its components,data_v2/repro_external/attack_flow/corpus/SearchAwesome Adware.afb,4018bc2a0a37d48fe5a27ad0fd878a177270e8b58edd6848ba5a24974e86a353
attack_flow,SearchAwesome Adware,1,attack_flow::SearchAwesome Adware::91742a64-73d0-4302-9b43-5ae374a7516a,T1105,T1105,Malware receives data from the C2 server,40,1,0,0,Ingress Tool Transfer,Malware receives data from the C2 server,data_v2/repro_external/attack_flow/corpus/SearchAwesome Adware.afb,4018bc2a0a37d48fe5a27ad0fd878a177270e8b58edd6848ba5a24974e86a353
attack_flow,SearchAwesome Adware,2,attack_flow::SearchAwesome Adware::638fbd7e-e680-4360-86d5-29454f354071,T1553.004,T1553,The malware installs a certificate,34,1,0,0,Install Root Certificate,The malware installs a certificate,data_v2/repro_external/attack_flow/corpus/SearchAwesome Adware.afb,4018bc2a0a37d48fe5a27ad0fd878a177270e8b58edd6848ba5a24974e86a353
attack_flow,SearchAwesome Adware,3,attack_flow::SearchAwesome Adware::912ab340-e636-4742-8333-f692368ef2ee,T1557,T1557,"Malware inserts itself into a chain of custody, typically within network packets",80,1,0,0,Adversary-in-the-Middle,"Malware inserts itself into a chain of custody, typically within network packets",data_v2/repro_external/attack_flow/corpus/SearchAwesome Adware.afb,4018bc2a0a37d48fe5a27ad0fd878a177270e8b58edd6848ba5a24974e86a353
attack_flow,SearchAwesome Adware,4,attack_flow::SearchAwesome Adware::f6677d9d-1c87-43bf-9b55-88099a820d4d,T1553,T1553,The malware uses certificates to gain access to HTTPS traffic,61,1,0,0,Subvert Trust Controls,The malware uses certificates to gain access to HTTPS traffic,data_v2/repro_external/attack_flow/corpus/SearchAwesome Adware.afb,4018bc2a0a37d48fe5a27ad0fd878a177270e8b58edd6848ba5a24974e86a353
attack_flow,SearchAwesome Adware,5,attack_flow::SearchAwesome Adware::ef2455bc-724f-4abf-9b1d-6883128ae328,T1105,T1105,Malware installs an open-source program called mitmproxy,56,1,0,0,Ingress Tool Transfer,Malware installs an open-source program called mitmproxy,data_v2/repro_external/attack_flow/corpus/SearchAwesome Adware.afb,4018bc2a0a37d48fe5a27ad0fd878a177270e8b58edd6848ba5a24974e86a353
attack_flow,SearchAwesome Adware,6,attack_flow::SearchAwesome Adware::f829939a-e8cf-4d78-891c-35135405e046,T1090,T1090,Malware uses mitmproxy to intercept and modify web traffic,58,1,0,0,Proxy,Malware uses mitmproxy to intercept and modify web traffic,data_v2/repro_external/attack_flow/corpus/SearchAwesome Adware.afb,4018bc2a0a37d48fe5a27ad0fd878a177270e8b58edd6848ba5a24974e86a353
attack_flow,SearchAwesome Adware,7,attack_flow::SearchAwesome Adware::d545cf7c-c227-49e8-b3ef-6836f9431513,T1583.008,T1583,Malware intercepts encrypted web traffic to inject ads,54,1,0,0,Malvertising,Malware intercepts encrypted web traffic to inject ads,data_v2/repro_external/attack_flow/corpus/SearchAwesome Adware.afb,4018bc2a0a37d48fe5a27ad0fd878a177270e8b58edd6848ba5a24974e86a353
attack_flow,SearchAwesome Adware,8,attack_flow::SearchAwesome Adware::5fb732fb-80d7-4815-ba89-44d18484ed94,T1059,T1059,Malware installs a script to inject a JavaScript script and modify web traffic,78,1,0,0,Command and Scripting Interpreter,Malware installs a script to inject a JavaScript script and modify web traffic,data_v2/repro_external/attack_flow/corpus/SearchAwesome Adware.afb,4018bc2a0a37d48fe5a27ad0fd878a177270e8b58edd6848ba5a24974e86a353
attack_flow,SearchAwesome Adware,9,attack_flow::SearchAwesome Adware::3ab0e565-c92d-40c0-a0d8-5795cd1fd6a2,T1185,T1185,Malware can modify web traffic for the purpose of injecting Javascript,70,1,0,0,Browser Session Hijacking,Malware can modify web traffic for the purpose of injecting Javascript,data_v2/repro_external/attack_flow/corpus/SearchAwesome Adware.afb,4018bc2a0a37d48fe5a27ad0fd878a177270e8b58edd6848ba5a24974e86a353
attack_flow,SearchAwesome Adware,10,attack_flow::SearchAwesome Adware::9701d9a7-0c9b-4f07-b565-b01ffd871a36,T1070.004,T1070,Malware will monitor if a specific file gets deleted and then will delete itself,80,1,0,0,File Deletion,Malware will monitor if a specific file gets deleted and then will delete itself,data_v2/repro_external/attack_flow/corpus/SearchAwesome Adware.afb,4018bc2a0a37d48fe5a27ad0fd878a177270e8b58edd6848ba5a24974e86a353
attack_flow,Shamoon,0,attack_flow::Shamoon::45238a64-cca7-4b73-b70e-f2bb9d57f5c6,T1105,T1105,Shamoon is placed on the target system through unknown means,60,1,0,0,Ingress Tool Transfer,Shamoon is placed on the target system through unknown means,data_v2/repro_external/attack_flow/corpus/Shamoon.afb,1aeafedf6d033af3844bd9acf13b57b8cc989aa9e36b7da108f774c587b19d73
attack_flow,Shamoon,1,attack_flow::Shamoon::5042c11d-5d35-4bf0-a8c8-e8913e2505ce,T1027.009,T1027,Shamoon dropper contains 3 components masked as encrypted files embedded in the PE sections,91,1,0,0,Embedded Payloads,Shamoon dropper contains 3 components masked as encrypted files embedded in the PE sections,data_v2/repro_external/attack_flow/corpus/Shamoon.afb,1aeafedf6d033af3844bd9acf13b57b8cc989aa9e36b7da108f774c587b19d73
attack_flow,Shamoon,2,attack_flow::Shamoon::18ac2f5f-282e-4d62-aa93-bc7567467f76,T1140,T1140,Shamoon dropper decrypts several strings in memory,50,1,0,0,Deobfuscate/Decode Files or Information,Shamoon dropper decrypts several strings in memory,data_v2/repro_external/attack_flow/corpus/Shamoon.afb,1aeafedf6d033af3844bd9acf13b57b8cc989aa9e36b7da108f774c587b19d73
attack_flow,Shamoon,3,attack_flow::Shamoon::1fe37889-9591-40d8-b20b-a3578e05f1c0,T1082,T1082,Shamoon gathers information on the System and determines whether to drop the 32-bit or 64-bit version,101,1,0,0,System Information Discovery,Shamoon gathers information on the System and determines whether to drop the 32-bit or 64-bit version,data_v2/repro_external/attack_flow/corpus/Shamoon.afb,1aeafedf6d033af3844bd9acf13b57b8cc989aa9e36b7da108f774c587b19d73
attack_flow,Shamoon,4,attack_flow::Shamoon::f468a33c-d9e2-4938-9412-658e256acedf,T1105,T1105,Shamoon drops a file key8854321.pub into the folder c:\Windows\Temp\key8854321.pub,82,1,0,0,Ingress Tool Transfer,Shamoon drops a file key8854321.pub into the folder c:\Windows\Temp\key8854321.pub,data_v2/repro_external/attack_flow/corpus/Shamoon.afb,1aeafedf6d033af3844bd9acf13b57b8cc989aa9e36b7da108f774c587b19d73
attack_flow,Shamoon,5,attack_flow::Shamoon::1514add9-71b2-41ab-9be9-2382620367ef,T1569,T1569,Shamoon enables the service RemoteRegistry to remotely modify the registry,74,1,0,0,System Services,Shamoon enables the service RemoteRegistry to remotely modify the registry,data_v2/repro_external/attack_flow/corpus/Shamoon.afb,1aeafedf6d033af3844bd9acf13b57b8cc989aa9e36b7da108f774c587b19d73
attack_flow,Shamoon,6,attack_flow::Shamoon::0c56e942-1cb5-4335-ac0b-fe11442bcb4a,T1112,T1112,"Shamoon enables the registry key LocalAccountTokenFilterPolicy, which disables remote user account control",106,1,0,0,Modify Registry,"Shamoon enables the registry key LocalAccountTokenFilterPolicy, which disables remote user account control",data_v2/repro_external/attack_flow/corpus/Shamoon.afb,1aeafedf6d033af3844bd9acf13b57b8cc989aa9e36b7da108f774c587b19d73
attack_flow,Shamoon,7,attack_flow::Shamoon::7573f4c7-5cef-4aaf-853b-391dc145dd81,T1135,T1135,Malware checks if specific shares exist to copy and spread itself,65,1,0,0,Network Share Discovery,Malware checks if specific shares exist to copy and spread itself,data_v2/repro_external/attack_flow/corpus/Shamoon.afb,1aeafedf6d033af3844bd9acf13b57b8cc989aa9e36b7da108f774c587b19d73
attack_flow,Shamoon,8,attack_flow::Shamoon::0ab1c6fd-eb0a-4601-a629-3694f5ed5222,T1007,T1007,Shamoon queries LocalService to retrieve specific information related to the LocalService account,97,1,0,0,System Service Discovery,Shamoon queries LocalService to retrieve specific information related to the LocalService account,data_v2/repro_external/attack_flow/corpus/Shamoon.afb,1aeafedf6d033af3844bd9acf13b57b8cc989aa9e36b7da108f774c587b19d73
attack_flow,Shamoon,9,attack_flow::Shamoon::536348d5-cd08-4031-82e0-612d13187348,T1140,T1140,Shamoon dropper decrypts the embedded resources into the C:\Windows\System32 folder,83,1,0,0,Deobfuscate/Decode Files or Information,Shamoon dropper decrypts the embedded resources into the C:\Windows\System32 folder,data_v2/repro_external/attack_flow/corpus/Shamoon.afb,1aeafedf6d033af3844bd9acf13b57b8cc989aa9e36b7da108f774c587b19d73
attack_flow,Shamoon,10,attack_flow::Shamoon::11e47c90-b34b-4265-b4dc-010d857a5752,T1070.006,T1070,The file times are set to August 2012 as an anti-forensics trick,64,1,0,0,Timestomp,The file times are set to August 2012 as an anti-forensics trick,data_v2/repro_external/attack_flow/corpus/Shamoon.afb,1aeafedf6d033af3844bd9acf13b57b8cc989aa9e36b7da108f774c587b19d73
attack_flow,Shamoon,11,attack_flow::Shamoon::81b765cf-ba71-4818-8b1f-276aee316264,T1134.001,T1134,Shamoon elevates privileges by impersonating the user's token,61,1,0,0,Token Impersonation/Theft,Shamoon elevates privileges by impersonating the user's token,data_v2/repro_external/attack_flow/corpus/Shamoon.afb,1aeafedf6d033af3844bd9acf13b57b8cc989aa9e36b7da108f774c587b19d73
attack_flow,Shamoon,12,attack_flow::Shamoon::6934aee5-fb1d-456c-a0f8-020991900f6b,T1543.003,T1543,Shamoon creates a new service MaintenaceSrv with the Autostart option and runs the service with its own process,111,1,0,0,Windows Service,Shamoon creates a new service MaintenaceSrv with the Autostart option and runs the service with its own process,data_v2/repro_external/attack_flow/corpus/Shamoon.afb,1aeafedf6d033af3844bd9acf13b57b8cc989aa9e36b7da108f774c587b19d73
attack_flow,Shamoon,13,attack_flow::Shamoon::b18d81cf-9c59-413d-b148-45a2067adbbd,T1105,T1105,Wiper is dropped into the System32 folder,41,1,0,0,Ingress Tool Transfer,Wiper is dropped into the System32 folder,data_v2/repro_external/attack_flow/corpus/Shamoon.afb,1aeafedf6d033af3844bd9acf13b57b8cc989aa9e36b7da108f774c587b19d73
attack_flow,Shamoon,14,attack_flow::Shamoon::128547af-e0f2-4185-afae-9b40736a5c56,T1027.009,T1027,Shamoon wiper component contains the wiper driver embedded in its resources,75,1,0,0,Embedded Payloads,Shamoon wiper component contains the wiper driver embedded in its resources,data_v2/repro_external/attack_flow/corpus/Shamoon.afb,1aeafedf6d033af3844bd9acf13b57b8cc989aa9e36b7da108f774c587b19d73
attack_flow,Shamoon,15,attack_flow::Shamoon::697e8511-7e7e-48b3-aff7-0bf6b15bc868,T1140,T1140,Shamoon wiper decrypts the wiper driver,39,1,0,0,Deobfuscate/Decode Files or Information,Shamoon wiper decrypts the wiper driver,data_v2/repro_external/attack_flow/corpus/Shamoon.afb,1aeafedf6d033af3844bd9acf13b57b8cc989aa9e36b7da108f774c587b19d73
attack_flow,Shamoon,16,attack_flow::Shamoon::ce6c04c1-c6ab-4aab-a194-ac50e51640d7,T1543.003,T1543,The wiper driver creates a service to run the driver,52,1,0,0,Windows Service,The wiper driver creates a service to run the driver,data_v2/repro_external/attack_flow/corpus/Shamoon.afb,1aeafedf6d033af3844bd9acf13b57b8cc989aa9e36b7da108f774c587b19d73
attack_flow,Shamoon,17,attack_flow::Shamoon::2f8b5bc0-849b-44c2-adbd-4846bfbcf382,T1561,T1561,The wiper driver overwrites every file in C:\Windows\System32 and all files on the system,89,1,0,0,Disk Wipe,The wiper driver overwrites every file in C:\Windows\System32 and all files on the system,data_v2/repro_external/attack_flow/corpus/Shamoon.afb,1aeafedf6d033af3844bd9acf13b57b8cc989aa9e36b7da108f774c587b19d73
attack_flow,Shamoon,18,attack_flow::Shamoon::3a6645fc-5ec3-426b-be28-b2faaa221b1f,T1529,T1529,Disk wiper forces a reboot,26,1,0,0,System Shutdown/Reboot,Disk wiper forces a reboot,data_v2/repro_external/attack_flow/corpus/Shamoon.afb,1aeafedf6d033af3844bd9acf13b57b8cc989aa9e36b7da108f774c587b19d73
attack_flow,SolarWinds,0,attack_flow::SolarWinds::384373d8-dbe0-425e-aeaf-ad8c70fc11be,T1587.001,T1587,"Attackers embedded their malicious payload on a legitimate component of the SolarWinds Orion Platform software. This component is a DLL library, SolarWinds.Orion.Core.BusinessLayer.dll",184,1,0,0,Malware,"Attackers embedded their malicious payload on a legitimate component of the SolarWinds Orion Platform software. This component is a DLL library, SolarWinds.Orion.Core.BusinessLayer.dll",data_v2/repro_external/attack_flow/corpus/SolarWinds.afb,61c63e6fed9dff97071785b6e0d684f5d8c9e0e04945510f514ff19920afbb9b
attack_flow,SolarWinds,1,attack_flow::SolarWinds::0c739735-a984-4897-bc2f-a8737deff66f,T1195.002,T1195,The malicious DLL file was distributed to victims through an automated update mechanism,87,1,0,0,Compromise Software Supply Chain,The malicious DLL file was distributed to victims through an automated update mechanism,data_v2/repro_external/attack_flow/corpus/SolarWinds.afb,61c63e6fed9dff97071785b6e0d684f5d8c9e0e04945510f514ff19920afbb9b
attack_flow,SolarWinds,2,attack_flow::SolarWinds::b9ac316b-c623-4fe3-8ab2-eb8673081edc,T1569.002,T1569,"During the SolarWinds installation or update to victim machines, the tampered DLL is loaded by legitimate executables and installed as a Windows service. The malicious code calls the function that contains the backdoor capabilities",231,1,0,0,Service Execution,"During the SolarWinds installation or update to victim machines, the tampered DLL is loaded by legitimate executables and installed as a Windows service. The malicious code calls the function that contains the backdoor capabilities",data_v2/repro_external/attack_flow/corpus/SolarWinds.afb,61c63e6fed9dff97071785b6e0d684f5d8c9e0e04945510f514ff19920afbb9b
attack_flow,SolarWinds,3,attack_flow::SolarWinds::68866dd4-7e92-4e0a-a8dc-aff4df1d46df,T1497.003,T1497,"Once loaded, the backdoor runs a series of checks to ensure it is running in an actual environment. The backdoor also checks that the last write-time of the malicious DLL was 12-14 days ago",189,1,0,0,Time Based Evasion,"Once loaded, the backdoor runs a series of checks to ensure it is running in an actual environment. The backdoor also checks that the last write-time of the malicious DLL was 12-14 days ago",data_v2/repro_external/attack_flow/corpus/SolarWinds.afb,61c63e6fed9dff97071785b6e0d684f5d8c9e0e04945510f514ff19920afbb9b
attack_flow,SolarWinds,4,attack_flow::SolarWinds::b04df257-4f67-487d-a60a-077518519cab,T1057,T1057,The backdoor conducts basic reconnaissance on the compromised system to determine running processes to report to the C2 server.,127,1,0,0,Process Discovery,The backdoor conducts basic reconnaissance on the compromised system to determine running processes to report to the C2 server.,data_v2/repro_external/attack_flow/corpus/SolarWinds.afb,61c63e6fed9dff97071785b6e0d684f5d8c9e0e04945510f514ff19920afbb9b
attack_flow,SolarWinds,5,attack_flow::SolarWinds::bf2e8e32-d299-4094-a3ae-103a2488c931,T1568.002,T1568,Adversaries use DGAs to dynamically generate a C2 domain rather than relying on static IP addresses,99,1,0,0,Domain Generation Algorithms,Adversaries use DGAs to dynamically generate a C2 domain rather than relying on static IP addresses,data_v2/repro_external/attack_flow/corpus/SolarWinds.afb,61c63e6fed9dff97071785b6e0d684f5d8c9e0e04945510f514ff19920afbb9b
attack_flow,SolarWinds,6,attack_flow::SolarWinds::4d69ebea-7c78-41b1-87bb-e75d84d5f319,T1132,T1132,"The C2 responds with an encoded buffer of commands for the backdoor to execute. The commands allow the attackers to run, stop, enumerate processes; read, write, enumerate files and registry keys; collect and upload information about the device; and restart the device",267,1,0,0,Data Encoding,"The C2 responds with an encoded buffer of commands for the backdoor to execute. The commands allow the attackers to run, stop, enumerate processes; read, write, enumerate files and registry keys; collect and upload information about the device; and restart the device",data_v2/repro_external/attack_flow/corpus/SolarWinds.afb,61c63e6fed9dff97071785b6e0d684f5d8c9e0e04945510f514ff19920afbb9b
attack_flow,SolarWinds,7,attack_flow::SolarWinds::b0bc5a83-a0bb-4bf9-93b9-e63638820963,T1562.004,T1562,Attackers used NETSH to configure firewall rules that limit certain UDP outbound packets before intense reconnaissance with NSLOOKUP and ADFIND,143,1,0,0,Disable or Modify System Firewall,Attackers used NETSH to configure firewall rules that limit certain UDP outbound packets before intense reconnaissance with NSLOOKUP and ADFIND,data_v2/repro_external/attack_flow/corpus/SolarWinds.afb,61c63e6fed9dff97071785b6e0d684f5d8c9e0e04945510f514ff19920afbb9b
attack_flow,SolarWinds,8,attack_flow::SolarWinds::1850d451-cbfd-4557-869b-386321a39a44,T1558.003,T1558,Attackers obtained Ticket Granting Service (TGS) tickets for Active Directory Service Principal Names (SPNs) to crack offline,125,1,0,0,Kerberoasting,Attackers obtained Ticket Granting Service (TGS) tickets for Active Directory Service Principal Names (SPNs) to crack offline,data_v2/repro_external/attack_flow/corpus/SolarWinds.afb,61c63e6fed9dff97071785b6e0d684f5d8c9e0e04945510f514ff19920afbb9b
attack_flow,SolarWinds,9,attack_flow::SolarWinds::fbccf7e7-4d2b-4f19-9ebb-6acab1322eb2,T1562.001,T1562,"Attackers used the service control manager on a remote system to disable security monitoring processes before moving laterally. After they completed their lateral movement, they reenabled the services to avoid detection",219,1,0,0,Disable or Modify Tools,"Attackers used the service control manager on a remote system to disable security monitoring processes before moving laterally. After they completed their lateral movement, they reenabled the services to avoid detection",data_v2/repro_external/attack_flow/corpus/SolarWinds.afb,61c63e6fed9dff97071785b6e0d684f5d8c9e0e04945510f514ff19920afbb9b
attack_flow,SolarWinds,10,attack_flow::SolarWinds::f55a3f10-2a62-47f2-98b3-78d4983a2b87,T1053.005,T1053,PowerShell remote task creation enabling lateral movement,57,1,0,0,Scheduled Task,PowerShell remote task creation enabling lateral movement,data_v2/repro_external/attack_flow/corpus/SolarWinds.afb,61c63e6fed9dff97071785b6e0d684f5d8c9e0e04945510f514ff19920afbb9b
attack_flow,SolarWinds,11,attack_flow::SolarWinds::4737ef94-c67f-461d-a616-8d04d949a790,T1036,T1036,"During lateral movement, custom-loader DLLs, including TEARDROP, were deployed into exiting Windows sub-directories. The files resemble legitimate Windows file and directory names",179,1,0,0,Masquerading,"During lateral movement, custom-loader DLLs, including TEARDROP, were deployed into exiting Windows sub-directories. The files resemble legitimate Windows file and directory names",data_v2/repro_external/attack_flow/corpus/SolarWinds.afb,61c63e6fed9dff97071785b6e0d684f5d8c9e0e04945510f514ff19920afbb9b
attack_flow,SolarWinds,12,attack_flow::SolarWinds::f69ad6fa-05c5-48b9-bfea-7201321c6909,T1047,T1047,"When executed during lateral movement, rundll32 ran through WMIC. The Cobalt Strike beacon was loaded onto the machine",118,1,0,0,Windows Management Instrumentation,"When executed during lateral movement, rundll32 ran through WMIC. The Cobalt Strike beacon was loaded onto the machine",data_v2/repro_external/attack_flow/corpus/SolarWinds.afb,61c63e6fed9dff97071785b6e0d684f5d8c9e0e04945510f514ff19920afbb9b
attack_flow,SolarWinds,13,attack_flow::SolarWinds::fbc07276-1257-44e8-a855-3b1fa3d95290,T1070,T1070,"According to Microsoft, the Cobalt Strike DLL was likely deleted after execution to avoid forensic discovery",108,1,0,0,Indicator Removal on Host,"According to Microsoft, the Cobalt Strike DLL was likely deleted after execution to avoid forensic discovery",data_v2/repro_external/attack_flow/corpus/SolarWinds.afb,61c63e6fed9dff97071785b6e0d684f5d8c9e0e04945510f514ff19920afbb9b
attack_flow,SolarWinds,14,attack_flow::SolarWinds::e08ff657-a12d-4ed7-bbe5-be90b963a153,T1562.002,T1562,Attackers used AUDITPOL to disable event logging while carrying out their attacks and reenabling it afterwards,110,1,0,0,Disable Windows Event Logging,Attackers used AUDITPOL to disable event logging while carrying out their attacks and reenabling it afterwards,data_v2/repro_external/attack_flow/corpus/SolarWinds.afb,61c63e6fed9dff97071785b6e0d684f5d8c9e0e04945510f514ff19920afbb9b
attack_flow,SolarWinds,15,attack_flow::SolarWinds::e4055553-f146-4d1e-99d7-6910b1e2a224,T1082,T1082,"Attackers used fsutil to check available free space before executing collection or exfiltration, which might create large files on disk",135,1,0,0,System Information Discovery,"Attackers used fsutil to check available free space before executing collection or exfiltration, which might create large files on disk",data_v2/repro_external/attack_flow/corpus/SolarWinds.afb,61c63e6fed9dff97071785b6e0d684f5d8c9e0e04945510f514ff19920afbb9b
attack_flow,SolarWinds,16,attack_flow::SolarWinds::0ce96a7f-cab8-4842-b19d-83db4586deca,T1005,T1005,The attackers were able to collect sensitive data from victims,62,1,0,0,Data from Local System,The attackers were able to collect sensitive data from victims,data_v2/repro_external/attack_flow/corpus/SolarWinds.afb,61c63e6fed9dff97071785b6e0d684f5d8c9e0e04945510f514ff19920afbb9b
attack_flow,SolarWinds,17,attack_flow::SolarWinds::337844f6-ac0f-4d25-a565-c7af73ea6dcd,T1567.002,T1567,The attackers mapped a OneDrive share from the command-line using the net.exe command-line utility. They also likely used other cloud services such as Google Drive,163,1,0,0,Exfiltration to Cloud Storage,The attackers mapped a OneDrive share from the command-line using the net.exe command-line utility. They also likely used other cloud services such as Google Drive,data_v2/repro_external/attack_flow/corpus/SolarWinds.afb,61c63e6fed9dff97071785b6e0d684f5d8c9e0e04945510f514ff19920afbb9b
attack_flow,Sony Malware,0,attack_flow::Sony Malware::7db3befa-8e5e-46c3-86af-ee1b84812499,T1105,T1105,Malware dropper installs on the compromised system through unknown means,72,1,0,0,Ingress Tool Transfer,Malware dropper installs on the compromised system through unknown means,data_v2/repro_external/attack_flow/corpus/Sony Malware.afb,5a368baed9a124c9337602ca9c3a5ba20930aca2617568fdcfe42d41f1ca8971
attack_flow,Sony Malware,1,attack_flow::Sony Malware::9daff210-f031-4171-8b2a-2a7be3b5e1f3,T1574.007,T1574,"The malware created a network file share using %SystemRoot% environment variable (pointing to location of Windows system files, usually \WINDOWS)",145,1,0,0,Path Interception by PATH Environment Variable,"The malware created a network file share using %SystemRoot% environment variable (pointing to location of Windows system files, usually \WINDOWS)",data_v2/repro_external/attack_flow/corpus/Sony Malware.afb,5a368baed9a124c9337602ca9c3a5ba20930aca2617568fdcfe42d41f1ca8971
attack_flow,Sony Malware,2,attack_flow::Sony Malware::d1a40010-d151-4afb-b3f1-318fa53e5f69,T1047,T1047,The malware uses WMI to communicate with other computers on the network and move laterally,90,1,0,0,Windows Management Instrumentation,The malware uses WMI to communicate with other computers on the network and move laterally,data_v2/repro_external/attack_flow/corpus/Sony Malware.afb,5a368baed9a124c9337602ca9c3a5ba20930aca2617568fdcfe42d41f1ca8971
attack_flow,Sony Malware,3,attack_flow::Sony Malware::6f02e06f-b1d5-4d7b-89c1-078177a8841a,T1505.004,T1505,The dropper installs a file with the same name as Microsoft's Internet Information Server (IIS). The file is actually an internal web server that listens on port 80 and displays scrolling text and a JPEG message to victims,222,1,0,0,IIS Components,The dropper installs a file with the same name as Microsoft's Internet Information Server (IIS). The file is actually an internal web server that listens on port 80 and displays scrolling text and a JPEG message to victims,data_v2/repro_external/attack_flow/corpus/Sony Malware.afb,5a368baed9a124c9337602ca9c3a5ba20930aca2617568fdcfe42d41f1ca8971
attack_flow,Sony Malware,4,attack_flow::Sony Malware::28f1aff8-235d-4f40-8ea2-284b93d3d295,T1105,T1105,malware drops additional malware called igfxtrayex.exe,54,1,0,0,Ingress Tool Transfer,malware drops additional malware called igfxtrayex.exe,data_v2/repro_external/attack_flow/corpus/Sony Malware.afb,5a368baed9a124c9337602ca9c3a5ba20930aca2617568fdcfe42d41f1ca8971
attack_flow,Sony Malware,5,attack_flow::Sony Malware::a9727af2-a940-4904-bbd0-eb4a5fe842b6,T1080,T1080,igfxtrayex.exe makes 4 copies of itself on the compromised system,65,1,0,0,Taint Shared Content,igfxtrayex.exe makes 4 copies of itself on the compromised system,data_v2/repro_external/attack_flow/corpus/Sony Malware.afb,5a368baed9a124c9337602ca9c3a5ba20930aca2617568fdcfe42d41f1ca8971
attack_flow,Sony Malware,6,attack_flow::Sony Malware::7a6223a9-9b69-451e-86cc-bbb5e33bb7df,T1497.003,T1497,igfxtrayex.exe causes the system to sleep for 10 minutes,56,1,0,0,Time Based Evasion,igfxtrayex.exe causes the system to sleep for 10 minutes,data_v2/repro_external/attack_flow/corpus/Sony Malware.afb,5a368baed9a124c9337602ca9c3a5ba20930aca2617568fdcfe42d41f1ca8971
attack_flow,Sony Malware,7,attack_flow::Sony Malware::e2bc6f78-67de-45f1-a9b5-75528f46b983,T1059.003,T1059,igfxtrayex.exe uses command line to launch each copy of itself to trigger different parts of its code,101,1,0,0,Windows Command Shell,igfxtrayex.exe uses command line to launch each copy of itself to trigger different parts of its code,data_v2/repro_external/attack_flow/corpus/Sony Malware.afb,5a368baed9a124c9337602ca9c3a5ba20930aca2617568fdcfe42d41f1ca8971
attack_flow,Sony Malware,8,attack_flow::Sony Malware::7c5dec3b-9e26-480c-839b-674df94a44d6,T1489,T1489,igfxtrayex.exe shuts down Microsoft Exchange Information Store service and makes email inaccessible,99,1,0,0,Service Stop,igfxtrayex.exe shuts down Microsoft Exchange Information Store service and makes email inaccessible,data_v2/repro_external/attack_flow/corpus/Sony Malware.afb,5a368baed9a124c9337602ca9c3a5ba20930aca2617568fdcfe42d41f1ca8971
attack_flow,Sony Malware,9,attack_flow::Sony Malware::eeb763dd-bd44-4b43-a596-a376bc6cbe42,T1132,T1132,"3 hard-coded IP addresses (Italy, Poland, and Thailand) for C2 communication",76,1,0,0,Data Encoding,"3 hard-coded IP addresses (Italy, Poland, and Thailand) for C2 communication",data_v2/repro_external/attack_flow/corpus/Sony Malware.afb,5a368baed9a124c9337602ca9c3a5ba20930aca2617568fdcfe42d41f1ca8971
attack_flow,Sony Malware,10,attack_flow::Sony Malware::40704e16-74cc-400c-90a1-d7a2ad846ff7,T1561.001,T1561,Malware wipes a computer's hard drive by sector,47,1,0,0,Disk Content Wipe,Malware wipes a computer's hard drive by sector,data_v2/repro_external/attack_flow/corpus/Sony Malware.afb,5a368baed9a124c9337602ca9c3a5ba20930aca2617568fdcfe42d41f1ca8971
attack_flow,Sony Malware,11,attack_flow::Sony Malware::b72654fd-379d-414c-a956-4eaec2163dfd,T1529,T1529,Malware reboots computer,24,1,0,0,System Shutdown/Reboot,Malware reboots computer,data_v2/repro_external/attack_flow/corpus/Sony Malware.afb,5a368baed9a124c9337602ca9c3a5ba20930aca2617568fdcfe42d41f1ca8971
attack_flow,Sony Malware,12,attack_flow::Sony Malware::d976d733-9035-494f-8c2c-a36e5857a00a,T1491.001,T1491,Malware displays a wallpaper on the computer background stating that the computer was hacked,92,1,0,0,Internal Defacement,Malware displays a wallpaper on the computer background stating that the computer was hacked,data_v2/repro_external/attack_flow/corpus/Sony Malware.afb,5a368baed9a124c9337602ca9c3a5ba20930aca2617568fdcfe42d41f1ca8971
attack_flow,Target Breach,0,attack_flow::Target Breach::9ac3cd71-b8e4-4902-a134-5bbf2c3dc9b9,T1592.004,T1592,Gathered information on Target network configurations,53,1,0,0,Client Configurations,Gathered information on Target network configurations,data_v2/repro_external/attack_flow/corpus/Target Breach.afb,4b88ba5d615401888af97998de2719eb022dc2b8fa3a759ad615728e7af0cbae
attack_flow,Target Breach,1,attack_flow::Target Breach::698fd2b3-f021-4f74-8141-d48ba11ce09c,T1199,T1199,Targeted third-party supplier to gain access to Target's internal systems,73,1,0,0,Trusted Relationship,Targeted third-party supplier to gain access to Target's internal systems,data_v2/repro_external/attack_flow/corpus/Target Breach.afb,4b88ba5d615401888af97998de2719eb022dc2b8fa3a759ad615728e7af0cbae
attack_flow,Target Breach,2,attack_flow::Target Breach::371fe05f-e6b1-41ea-84ef-2c76f8186089,T1566,T1566,phishing attempts toward Fazio employees,40,1,0,0,Phishing,phishing attempts toward Fazio employees,data_v2/repro_external/attack_flow/corpus/Target Breach.afb,4b88ba5d615401888af97998de2719eb022dc2b8fa3a759ad615728e7af0cbae
attack_flow,Target Breach,3,attack_flow::Target Breach::2010cb6c-cca8-45a4-99ca-ed2a2ace8d45,T1078.002,T1078,Attackers compromised AD credentials,36,1,0,0,Domain Accounts,Attackers compromised AD credentials,data_v2/repro_external/attack_flow/corpus/Target Breach.afb,4b88ba5d615401888af97998de2719eb022dc2b8fa3a759ad615728e7af0cbae
attack_flow,Target Breach,4,attack_flow::Target Breach::8b0ac8bf-9642-4c25-811c-781942284dac,T1078.001,T1078,Attackers may have compromised a default account on the BMC Software Management system to gain further access into Target's network and move laterally,150,1,0,0,Default Accounts,Attackers may have compromised a default account on the BMC Software Management system to gain further access into Target's network and move laterally,data_v2/repro_external/attack_flow/corpus/Target Breach.afb,4b88ba5d615401888af97998de2719eb022dc2b8fa3a759ad615728e7af0cbae
attack_flow,Target Breach,5,attack_flow::Target Breach::3d2dfd9d-c7a5-40e9-aa7c-5b987d732c86,T1505,T1505,Attackers compromised additional servers using compromised valid accounts,73,1,0,0,Server Software Component,Attackers compromised additional servers using compromised valid accounts,data_v2/repro_external/attack_flow/corpus/Target Breach.afb,4b88ba5d615401888af97998de2719eb022dc2b8fa3a759ad615728e7af0cbae
attack_flow,Target Breach,6,attack_flow::Target Breach::b8a0b6a3-554c-4cdc-87c0-03c916e52765,T1105,T1105,Attackers dropped malware to Target's POS systems,49,1,0,0,Ingress Tool Transfer,Attackers dropped malware to Target's POS systems,data_v2/repro_external/attack_flow/corpus/Target Breach.afb,4b88ba5d615401888af97998de2719eb022dc2b8fa3a759ad615728e7af0cbae
attack_flow,Target Breach,7,attack_flow::Target Breach::c4c51349-fb4e-49af-9466-9a926f84f874,T1029,T1029,Every seven hours the Trojan malware checks to see if the local time is between the hours of 10 AM and 5 PM,107,1,0,0,Scheduled Transfer,Every seven hours the Trojan malware checks to see if the local time is between the hours of 10 AM and 5 PM,data_v2/repro_external/attack_flow/corpus/Target Breach.afb,4b88ba5d615401888af97998de2719eb022dc2b8fa3a759ad615728e7af0cbae
attack_flow,Target Breach,8,attack_flow::Target Breach::4ee6c3a1-4cbc-437d-80da-c78dd57d063a,T1570,T1570,Winxml.dll is sent over a temporary NetBIOS share,49,1,0,0,Lateral Tool Transfer,Winxml.dll is sent over a temporary NetBIOS share,data_v2/repro_external/attack_flow/corpus/Target Breach.afb,4b88ba5d615401888af97998de2719eb022dc2b8fa3a759ad615728e7af0cbae
attack_flow,Target Breach,9,attack_flow::Target Breach::3473c9f8-ad1c-4984-ad44-fef099578405,T1557.001,T1557,A temporary NetBIOS share is established to transfer POS data to an internal dump server,88,1,0,0,LLMNR/NBT-NS Poisoning and SMB Relay,A temporary NetBIOS share is established to transfer POS data to an internal dump server,data_v2/repro_external/attack_flow/corpus/Target Breach.afb,4b88ba5d615401888af97998de2719eb022dc2b8fa3a759ad615728e7af0cbae
attack_flow,Target Breach,10,attack_flow::Target Breach::ccd71d3f-2243-4cc0-8e82-382f649073ab,T1074.002,T1074,An internal dump server is created to collect POS information from multiple systems via the temporary NetBIOS share,115,1,0,0,Remote Data Staging,An internal dump server is created to collect POS information from multiple systems via the temporary NetBIOS share,data_v2/repro_external/attack_flow/corpus/Target Breach.afb,4b88ba5d615401888af97998de2719eb022dc2b8fa3a759ad615728e7af0cbae
attack_flow,Target Breach,11,attack_flow::Target Breach::5bc375fd-6c57-48c2-8506-4c74515137b6,T1095,T1095,"Once data is stored on the internal dump server, an ICMP packet is sent to a remote server (possibly a C2 server) to alert attackers that data is located on the internal dump server and ready for exfiltration",208,1,0,0,Non-Application Layer Protocol,"Once data is stored on the internal dump server, an ICMP packet is sent to a remote server (possibly a C2 server) to alert attackers that data is located on the internal dump server and ready for exfiltration",data_v2/repro_external/attack_flow/corpus/Target Breach.afb,4b88ba5d615401888af97998de2719eb022dc2b8fa3a759ad615728e7af0cbae
attack_flow,Tesla Kubernetes Breach,0,attack_flow::Tesla Kubernetes Breach::7edcb647-8d0c-4ba4-86e8-b2a423d9b43a,T1133,T1133,The adversary logs into the Kubernetes console.,47,1,0,0,External Remote Services,The adversary logs into the Kubernetes console.,data_v2/repro_external/attack_flow/corpus/Tesla Kubernetes Breach.afb,42baa8f7232c359ecc88e50f3bab423ef68b24ad34e89d293cc1de0b8287d797
attack_flow,Tesla Kubernetes Breach,1,attack_flow::Tesla Kubernetes Breach::307e4dc4-e109-4ef1-b0f5-7eaa7816ca25,T1552,T1552,The adversary can view plaintext AWS keys in the Kubernetes console.,68,1,0,0,Unsecured Credentials,The adversary can view plaintext AWS keys in the Kubernetes console.,data_v2/repro_external/attack_flow/corpus/Tesla Kubernetes Breach.afb,42baa8f7232c359ecc88e50f3bab423ef68b24ad34e89d293cc1de0b8287d797
attack_flow,Tesla Kubernetes Breach,2,attack_flow::Tesla Kubernetes Breach::3475ec81-5b70-4f9a-a9a9-9a089216ab44,T1078.004,T1078,The adversary authenticates to AWS S3 using the discovered credentials.,71,1,0,0,Cloud Accounts,The adversary authenticates to AWS S3 using the discovered credentials.,data_v2/repro_external/attack_flow/corpus/Tesla Kubernetes Breach.afb,42baa8f7232c359ecc88e50f3bab423ef68b24ad34e89d293cc1de0b8287d797
attack_flow,Tesla Kubernetes Breach,3,attack_flow::Tesla Kubernetes Breach::5d19b518-7bcd-48d7-9d61-5e6001b130b1,T1530,T1530,The adversary can access data in private S3 buckets.,52,1,0,0,Data from Cloud Storage,The adversary can access data in private S3 buckets.,data_v2/repro_external/attack_flow/corpus/Tesla Kubernetes Breach.afb,42baa8f7232c359ecc88e50f3bab423ef68b24ad34e89d293cc1de0b8287d797
attack_flow,Uber Breach,0,attack_flow::Uber Breach::b1b20bb1-bdb3-437f-89c7-3cce30687643,T1586,T1586,Unknown malware was used to compromise the accounts/credentials of an external contractor,89,1,0,0,Compromise Accounts,Unknown malware was used to compromise the accounts/credentials of an external contractor,data_v2/repro_external/attack_flow/corpus/Uber Breach.afb,d1d128d7fae64902d30b882855ba30c6575931a1896f9b8584e879cd9b1bf26a
attack_flow,Uber Breach,1,attack_flow::Uber Breach::95926e82-a770-4752-b6ff-cfcd3451a92f,T1078,T1078,Attacker attempted to log in to the user's Uber VPN account but were blocked due to multi-factor authentication,111,1,0,0,Valid Accounts,Attacker attempted to log in to the user's Uber VPN account but were blocked due to multi-factor authentication,data_v2/repro_external/attack_flow/corpus/Uber Breach.afb,d1d128d7fae64902d30b882855ba30c6575931a1896f9b8584e879cd9b1bf26a
attack_flow,Uber Breach,2,attack_flow::Uber Breach::4b16b17d-0648-49d2-84b7-8ce4aa0dfd24,T1621,T1621,Attackers repeatedly tried to use the user's credentials which caused MFA to spam the user requesting access to the VPN,119,1,0,0,Multi-Factor Authentication Request Generation,Attackers repeatedly tried to use the user's credentials which caused MFA to spam the user requesting access to the VPN,data_v2/repro_external/attack_flow/corpus/Uber Breach.afb,d1d128d7fae64902d30b882855ba30c6575931a1896f9b8584e879cd9b1bf26a
attack_flow,Uber Breach,3,attack_flow::Uber Breach::6177c027-6e9b-4fa5-9f4a-78390af7767d,T1135,T1135,"Winthin the Uber environment, the user had access to a network share",68,1,0,0,Network Share Discovery,"Winthin the Uber environment, the user had access to a network share",data_v2/repro_external/attack_flow/corpus/Uber Breach.afb,d1d128d7fae64902d30b882855ba30c6575931a1896f9b8584e879cd9b1bf26a
attack_flow,Uber Breach,4,attack_flow::Uber Breach::06a47d7f-05a1-4c5d-969e-eeae50417206,T1552.001,T1552,Attackers discovered a PowerShell script containing hard-coded privileged accounts within the network share,107,1,0,0,Credentials In Files,Attackers discovered a PowerShell script containing hard-coded privileged accounts within the network share,data_v2/repro_external/attack_flow/corpus/Uber Breach.afb,d1d128d7fae64902d30b882855ba30c6575931a1896f9b8584e879cd9b1bf26a
attack_flow,Uber Breach,5,attack_flow::Uber Breach::d1b3bb69-a9e5-4f7e-9926-66eb7bd951db,T1078,T1078,Attackers used valid account credentials to access the PAM solution,67,1,0,0,Valid Accounts,Attackers used valid account credentials to access the PAM solution,data_v2/repro_external/attack_flow/corpus/Uber Breach.afb,d1d128d7fae64902d30b882855ba30c6575931a1896f9b8584e879cd9b1bf26a
attack_flow,Uber Breach,6,attack_flow::Uber Breach::322cb48c-ec57-4311-94b2-489b06f18451,T1555,T1555,"Through PAM, attackers compromised access to systems using SSO and consoles, including the cloud management console",115,1,0,0,Credentials from Password Stores,"Through PAM, attackers compromised access to systems using SSO and consoles, including the cloud management console",data_v2/repro_external/attack_flow/corpus/Uber Breach.afb,d1d128d7fae64902d30b882855ba30c6575931a1896f9b8584e879cd9b1bf26a
attack_flow,WhisperGate,0,attack_flow::WhisperGate::b28935d3-2248-4304-93c7-f3c73afd7351,T1078,T1078,Attackers gained initial access through stolen credentials and likely had access to the victim's network for months,115,1,0,0,Valid Accounts,Attackers gained initial access through stolen credentials and likely had access to the victim's network for months,data_v2/repro_external/attack_flow/corpus/WhisperGate.afb,313078f80b3fa9b03a57e3b75c5d20f98e35dff26fd1ea775b3f9f6330a17241
attack_flow,WhisperGate,1,attack_flow::WhisperGate::c89289c0-e397-4de8-bc10-9bb36817433a,T1105,T1105,The malware is written to the C: drive in various directories and executes via Impacket,87,1,0,0,Ingress Tool Transfer,The malware is written to the C: drive in various directories and executes via Impacket,data_v2/repro_external/attack_flow/corpus/WhisperGate.afb,313078f80b3fa9b03a57e3b75c5d20f98e35dff26fd1ea775b3f9f6330a17241
attack_flow,WhisperGate,2,attack_flow::WhisperGate::3fb61bf8-98d3-474f-9ffb-db073ac92b5e,T1542.003,T1542,Executable wipes the MBR and replaces it with the ransom note,61,1,0,0,Bootkit,Executable wipes the MBR and replaces it with the ransom note,data_v2/repro_external/attack_flow/corpus/WhisperGate.afb,313078f80b3fa9b03a57e3b75c5d20f98e35dff26fd1ea775b3f9f6330a17241
attack_flow,WhisperGate,3,attack_flow::WhisperGate::bafd6a81-968b-4436-890a-a08b3ba0e825,T1059.001,T1059,The malware executes a base64-encoded PowerShell command twice to make the machine sleep for 20 seconds,103,1,0,0,PowerShell,The malware executes a base64-encoded PowerShell command twice to make the machine sleep for 20 seconds,data_v2/repro_external/attack_flow/corpus/WhisperGate.afb,313078f80b3fa9b03a57e3b75c5d20f98e35dff26fd1ea775b3f9f6330a17241
attack_flow,WhisperGate,4,attack_flow::WhisperGate::0a685dd5-0838-4883-8c08-52ae92e1bb27,T1105,T1105,The malware retrieves a file from a Discord channel.,52,1,0,0,Ingress Tool Transfer,The malware retrieves a file from a Discord channel.,data_v2/repro_external/attack_flow/corpus/WhisperGate.afb,313078f80b3fa9b03a57e3b75c5d20f98e35dff26fd1ea775b3f9f6330a17241
attack_flow,WhisperGate,5,attack_flow::WhisperGate::e37c269c-2993-49b2-847f-b2b2a2ae973d,T1027.003,T1027,"JPG file is loaded as a.NET assembly file; when restored, it is a Win32 DLL",75,1,0,0,Steganography,"JPG file is loaded as a .NET assembly file; when restored, it is a Win32 DLL",data_v2/repro_external/attack_flow/corpus/WhisperGate.afb,313078f80b3fa9b03a57e3b75c5d20f98e35dff26fd1ea775b3f9f6330a17241
attack_flow,WhisperGate,6,attack_flow::WhisperGate::daa0a62b-cc76-4709-b9c4-3f7454d02c5f,T1027,T1027,WhisperGate uses Eazfuscator to obfuscate the.NET malware,57,1,0,0,Obfuscated Files or Information,WhisperGate uses Eazfuscator to obfuscate the .NET malware,data_v2/repro_external/attack_flow/corpus/WhisperGate.afb,313078f80b3fa9b03a57e3b75c5d20f98e35dff26fd1ea775b3f9f6330a17241
attack_flow,WhisperGate,7,attack_flow::WhisperGate::217e84c6-e343-4d62-8c4e-f55dace6c913,T1059.005,T1059,The DLL drops a VBScript into the %Temp% directory and executes it.,67,1,0,0,Visual Basic,The DLL drops a VBScript into the %Temp% directory and executes it.,data_v2/repro_external/attack_flow/corpus/WhisperGate.afb,313078f80b3fa9b03a57e3b75c5d20f98e35dff26fd1ea775b3f9f6330a17241
attack_flow,WhisperGate,8,attack_flow::WhisperGate::14e8a54a-8f87-4e65-b227-3df091053118,T1562.001,T1562,The script modifies Windows Defender settings to exclude the C: from being scanned,82,1,0,0,Disable or Modify Tools,The script modifies Windows Defender settings to exclude the C: from being scanned,data_v2/repro_external/attack_flow/corpus/WhisperGate.afb,313078f80b3fa9b03a57e3b75c5d20f98e35dff26fd1ea775b3f9f6330a17241
attack_flow,WhisperGate,9,attack_flow::WhisperGate::aa432949-7c30-48da-8028-38687985a8eb,T1140,T1140,A resource from the DLL is loaded into memory and decoded by a XOR operation,76,1,0,0,Deobfuscate/Decode Files or Information,A resource from the DLL is loaded into memory and decoded by a XOR operation,data_v2/repro_external/attack_flow/corpus/WhisperGate.afb,313078f80b3fa9b03a57e3b75c5d20f98e35dff26fd1ea775b3f9f6330a17241
attack_flow,WhisperGate,10,attack_flow::WhisperGate::832777c4-7164-4da2-a8c6-4f0c8afab9ce,T1027.009,T1027,Decoded resource is another.NET DLL containing 2 additional resources,69,1,0,0,Embedded Payloads,Decoded resource is another .NET DLL containing 2 additional resources,data_v2/repro_external/attack_flow/corpus/WhisperGate.afb,313078f80b3fa9b03a57e3b75c5d20f98e35dff26fd1ea775b3f9f6330a17241
attack_flow,WhisperGate,11,attack_flow::WhisperGate::490d6448-7f30-42f8-8269-8070af8c8923,T1059.001,T1059,AdvancedRun uses PowerShell to execute multiple commands to stop Windows Defender from running and to delete its files and directories from memory,146,1,0,0,PowerShell,AdvancedRun uses PowerShell to execute multiple commands to stop Windows Defender from running and to delete its files and directories from memory,data_v2/repro_external/attack_flow/corpus/WhisperGate.afb,313078f80b3fa9b03a57e3b75c5d20f98e35dff26fd1ea775b3f9f6330a17241
attack_flow,WhisperGate,12,attack_flow::WhisperGate::694efa68-7cff-4b29-ac5b-2500dd3a7fa9,T1055.001,T1055,Waqybg resource is loaded into memory and restores it as the wiper payload. The DLL then injects the payload into legitimate Windows utility InstallUtil.exe,156,1,0,0,Dynamic-link Library Injection,Waqybg resource is loaded into memory and restores it as the wiper payload. The DLL then injects the payload into legitimate Windows utility InstallUtil.exe,data_v2/repro_external/attack_flow/corpus/WhisperGate.afb,313078f80b3fa9b03a57e3b75c5d20f98e35dff26fd1ea775b3f9f6330a17241
attack_flow,WhisperGate,13,attack_flow::WhisperGate::256a646b-d1f6-4f11-86a7-86fbff6fba36,T1218.004,T1218,The malware executes Waqybg through the legitimate program InstallUtil,70,1,0,0,InstallUtil,The malware executes Waqybg through the legitimate program InstallUtil,data_v2/repro_external/attack_flow/corpus/WhisperGate.afb,313078f80b3fa9b03a57e3b75c5d20f98e35dff26fd1ea775b3f9f6330a17241
attack_flow,WhisperGate,14,attack_flow::WhisperGate::b1d2c424-5d2e-4693-a3cc-de5047e8819f,T1082,T1082,The wiper looks for fixed logical drives in the system,54,1,0,0,System Information Discovery,The wiper looks for fixed logical drives in the system,data_v2/repro_external/attack_flow/corpus/WhisperGate.afb,313078f80b3fa9b03a57e3b75c5d20f98e35dff26fd1ea775b3f9f6330a17241
attack_flow,WhisperGate,15,attack_flow::WhisperGate::2d74bde7-a217-4a95-88c8-5c57a42c0bd8,T1485,T1485,"For each enumeration, the malware wipes the files in the logical drive with specific file extensions, while ignoring files in the %HOMEDRIVE%/Windows directory.",160,1,0,0,Data Destruction,"For each enumeration, the malware wipes the files in the logical drive with specific file extensions, while ignoring files in the %HOMEDRIVE%/Windows directory.",data_v2/repro_external/attack_flow/corpus/WhisperGate.afb,313078f80b3fa9b03a57e3b75c5d20f98e35dff26fd1ea775b3f9f6330a17241
attack_flow,WhisperGate,16,attack_flow::WhisperGate::4e521454-aecf-4dd1-8180-a4b0947dbb8f,T1070.004,T1070,"WhisperGate deletes InstallerUtil.exe"" from the %TEMP% directory.",65,1,0,0,File Deletion,"WhisperGate deletes InstallerUtil.exe"" from the %TEMP% directory.",data_v2/repro_external/attack_flow/corpus/WhisperGate.afb,313078f80b3fa9b03a57e3b75c5d20f98e35dff26fd1ea775b3f9f6330a17241
attack_flow,WhisperGate,17,attack_flow::WhisperGate::6fde518b-a422-4e01-bd91-17b9ce07e884,T1529,T1529,WhisperGate attempts to stop all running processes (including itself) by calling ExitWindowsEx API,98,1,0,0,System Shutdown/Reboot,WhisperGate attempts to stop all running processes (including itself) by calling ExitWindowsEx API,data_v2/repro_external/attack_flow/corpus/WhisperGate.afb,313078f80b3fa9b03a57e3b75c5d20f98e35dff26fd1ea775b3f9f6330a17241
ctid,apt29::unknown,0,ctid::apt29::571845f6-b75c-4b9d-a666-a78f7827261f,T1036.002,T1036,Perform RTLO technique with SANDCAT,35,1,0,0,RTLO Start Sandcat,Perform RTLO technique with SANDCAT,data_v2/repro_external/ctid/raw_yaml/apt29.yaml,644f28185097f545e522ca8ed04b43f19ec8b31ace864d347feb138bc56c1615
ctid,apt29::unknown,1,ctid::apt29::a5daa530-c640-49bc-aa54-6808789a684a,T1059.001,T1059,Spawn powershell.exe from cmd.exe,33,1,0,0,PowerShell,Spawn powershell.exe from cmd.exe,data_v2/repro_external/ctid/raw_yaml/apt29.yaml,644f28185097f545e522ca8ed04b43f19ec8b31ace864d347feb138bc56c1615
ctid,apt29::unknown,2,ctid::apt29::5692da31-3586-4e4f-8f07-5750070c730b,T1119,T1119,Execute PowerShell from cmd.exe to collect and compress files of specific extensions.,85,1,0,0,Automated Collection,Execute PowerShell from cmd.exe to collect and compress files of specific extensions.,data_v2/repro_external/ctid/raw_yaml/apt29.yaml,644f28185097f545e522ca8ed04b43f19ec8b31ace864d347feb138bc56c1615
ctid,apt29::unknown,3,ctid::apt29::ee08a427-1e1d-4d8a-aeb1-978a7fcf9087,T1016,T1016,The ipconfig utility is executed via cmd to enumerate local TCP/IP network configuration information.,101,1,0,0,System Network Configuration Discovery,The ipconfig utility is executed via cmd to enumerate local TCP/IP network configuration information.,data_v2/repro_external/ctid/raw_yaml/apt29.yaml,644f28185097f545e522ca8ed04b43f19ec8b31ace864d347feb138bc56c1615
ctid,apt29::unknown,4,ctid::apt29::35d95b64-c1f8-4ac7-a2f2-8959218239cd,T1033,T1033,The native echo command is executed via cmd to enumerate local environment variables associated with current user and domain.,125,1,0,0,System Owner / User Discovery,The native echo command is executed via cmd to enumerate local environment variables associated with current user and domain.,data_v2/repro_external/ctid/raw_yaml/apt29.yaml,644f28185097f545e522ca8ed04b43f19ec8b31ace864d347feb138bc56c1615
ctid,apt29::unknown,5,ctid::apt29::68e209dd-f354-4adc-8bc6-e85a3e55a7f4,T1041,T1041,Copy a target file from a remote file share through the existing C2 channel,75,1,0,0,Data from staged fileand Exfiltration over C2 Channel,Copy a target file from a remote file share through the existing C2 channel,data_v2/repro_external/ctid/raw_yaml/apt29.yaml,644f28185097f545e522ca8ed04b43f19ec8b31ace864d347feb138bc56c1615
ctid,apt29::unknown,6,ctid::apt29::5df12481-9d8c-4235-b550-9cefc8ed7361,T1057,T1057,API call(s) are executed to enumerate local running processes.,62,1,0,0,Process Discovery,API call(s) are executed to enumerate local running processes.,data_v2/repro_external/ctid/raw_yaml/apt29.yaml,644f28185097f545e522ca8ed04b43f19ec8b31ace864d347feb138bc56c1615
ctid,apt29::unknown,7,ctid::apt29::2ff877b4-0c00-401e-9d3f-070c70b610df,T1007,T1007,The sc utility is executed via cmd to enumerate local active services.,70,1,0,0,System Service Discovery,The sc utility is executed via cmd to enumerate local active services.,data_v2/repro_external/ctid/raw_yaml/apt29.yaml,644f28185097f545e522ca8ed04b43f19ec8b31ace864d347feb138bc56c1615
ctid,apt29::unknown,8,ctid::apt29::d2ea2676-7f85-4228-b980-ab3c0e1adc03,T1082,T1082,The systeminfo utility is executed via cmd to enumerate local operating system configuration.,93,1,0,0,System Information Discovery,The systeminfo utility is executed via cmd to enumerate local operating system configuration.,data_v2/repro_external/ctid/raw_yaml/apt29.yaml,644f28185097f545e522ca8ed04b43f19ec8b31ace864d347feb138bc56c1615
ctid,apt29::unknown,9,ctid::apt29::faa96e7f-081a-40b7-a743-a6a7f2627ea3,T1069,T1069,The net utility is executed via cmd to enumerate members of the local system's administrators group.,100,1,0,0,Permissions Groups Discovery,The net utility is executed via cmd to enumerate members of the local system's administrators group.,data_v2/repro_external/ctid/raw_yaml/apt29.yaml,644f28185097f545e522ca8ed04b43f19ec8b31ace864d347feb138bc56c1615
ctid,apt29::unknown,10,ctid::apt29::61221fb9-cb32-46d5-98fd-90567a621526,T1087,T1087,The net utility is executed via cmd to enumerate domain user accounts.,70,1,0,0,Account Discovery,The net utility is executed via cmd to enumerate domain user accounts.,data_v2/repro_external/ctid/raw_yaml/apt29.yaml,644f28185097f545e522ca8ed04b43f19ec8b31ace864d347feb138bc56c1615
ctid,apt29::unknown,11,ctid::apt29::5c23f638-9cfc-4fc4-9cab-4af628fef70a,T1012,T1012,The reg utility is executed via cmd to enumerate a specific Registry key associated with local system policies to ensure that the user will not be prompted for credentials when elevating permissions.,199,1,0,0,Query Registry,The reg utility is executed via cmd to enumerate a specific Registry key associated with local system policies to ensure that the user will not be prompted for credentials when elevating permissions.,data_v2/repro_external/ctid/raw_yaml/apt29.yaml,644f28185097f545e522ca8ed04b43f19ec8b31ace864d347feb138bc56c1615
ctid,apt29::unknown,12,ctid::apt29::68b588bc-002a-42dc-bac7-9189f944065b,T1036.005,T1036,Staging PNG for Lateral Movement,32,1,0,0,Staging monkey PNG,Staging PNG for Lateral Movement,data_v2/repro_external/ctid/raw_yaml/apt29.yaml,644f28185097f545e522ca8ed04b43f19ec8b31ace864d347feb138bc56c1615
ctid,apt29::unknown,13,ctid::apt29::1345bff7-6f26-43b2-a92a-9aabccdb3db0,T1134.001,T1134,"A UAC bypass technique is executed to steal the token of an existing high-integrity process and launch a new, high-integrity RAT with limited functionality.",156,1,0,0,Bypass User Account Control,"A UAC bypass technique is executed to steal the token of an existing high-integrity process and launch a new, high-integrity RAT with limited functionality.",data_v2/repro_external/ctid/raw_yaml/apt29.yaml,644f28185097f545e522ca8ed04b43f19ec8b31ace864d347feb138bc56c1615
ctid,apt29::unknown,14,ctid::apt29::89e9dffa-8836-4672-8cf3-bebd006d2a2b,T1548.002,T1548,Modify registry values of sdclt to bypass UAC,45,1,0,0,UAC Bypass via Backup Utility,Modify registry values of sdclt to bypass UAC,data_v2/repro_external/ctid/raw_yaml/apt29.yaml,644f28185097f545e522ca8ed04b43f19ec8b31ace864d347feb138bc56c1615
ctid,apt29::unknown,15,ctid::apt29::5ff80022-8d85-410b-b868-6c7565b267e5,T1112,T1112,Delete registry entries post-UAC bypass.,40,1,0,0,Registry Cleanup for UAC Bypass Technique,Delete registry entries post-UAC bypass.,data_v2/repro_external/ctid/raw_yaml/apt29.yaml,644f28185097f545e522ca8ed04b43f19ec8b31ace864d347feb138bc56c1615
ctid,apt29::unknown,16,ctid::apt29::088b8639-3f37-42cc-9dc8-01aabb645461,T1055,T1055,"The limited functionality high-integrity RAT will inject malicious code into an existing fully functional high-integrity process, resulting in a new elevated, fully functional high-integrity RAT.",195,1,0,0,Process Injection,"The limited functionality high-integrity RAT will inject malicious code into an existing fully functional high-integrity process, resulting in a new elevated, fully functional high-integrity RAT.",data_v2/repro_external/ctid/raw_yaml/apt29.yaml,644f28185097f545e522ca8ed04b43f19ec8b31ace864d347feb138bc56c1615
ctid,apt29::unknown,17,ctid::apt29::4f7d21c9-ea31-4943-ad8a-efbbeeccdd7d,T1036.005,T1036,Uploading payloads masquerading as via modified SysInternalsSuite,65,1,0,0,Planting Modified Sysinternals Utilities,Uploading payloads masquerading as via modified SysInternalsSuite,data_v2/repro_external/ctid/raw_yaml/apt29.yaml,644f28185097f545e522ca8ed04b43f19ec8b31ace864d347feb138bc56c1615
ctid,apt29::unknown,18,ctid::apt29::59592c35-8207-4896-8d8b-36ad4600245d,T1018,T1018,The net utility is executed via cmd to enumerate DCs within the domain,70,1,0,0,Remote System Discovery,The net utility is executed via cmd to enumerate DCs within the domain,data_v2/repro_external/ctid/raw_yaml/apt29.yaml,644f28185097f545e522ca8ed04b43f19ec8b31ace864d347feb138bc56c1615
ctid,apt29::unknown,19,ctid::apt29::5f4263c4-7ff1-4098-b5f5-f41faa31cf5b,T1016,T1016,The netsh utility is executed via cmd to enumerate local firewall configuration information.,92,1,0,0,System Network Configuration Discovery,The netsh utility is executed via cmd to enumerate local firewall configuration information.,data_v2/repro_external/ctid/raw_yaml/apt29.yaml,644f28185097f545e522ca8ed04b43f19ec8b31ace864d347feb138bc56c1615
ctid,apt29::unknown,20,ctid::apt29::646be6c9-f27a-4f5f-be5d-b8a0317e215f,T1057,T1057,List running process on the machine via PowerShell.,51,1,0,0,Process Discovery,List running process on the machine via PowerShell.,data_v2/repro_external/ctid/raw_yaml/apt29.yaml,644f28185097f545e522ca8ed04b43f19ec8b31ace864d347feb138bc56c1615
ctid,apt29::unknown,21,ctid::apt29::9b5b5aec-32ff-4d74-8555-727b50ab15f6,T1070.004,T1070,Cleanup files related to Operation,34,1,0,0,Artifact Cleanup - Delete Files,Cleanup files related to Operation,data_v2/repro_external/ctid/raw_yaml/apt29.yaml,644f28185097f545e522ca8ed04b43f19ec8b31ace864d347feb138bc56c1615
ctid,apt29::unknown,22,ctid::apt29::6f1f4768-7099-45d2-a858-b49dc792234e,T1082,T1082,Load Stage-2 from Modified Sysinternals Toolset,47,1,0,0,Loading Stage-2 & Performing Discovery,Load Stage-2 from Modified Sysinternals Toolset,data_v2/repro_external/ctid/raw_yaml/apt29.yaml,644f28185097f545e522ca8ed04b43f19ec8b31ace864d347feb138bc56c1615
ctid,apt29::unknown,23,ctid::apt29::ba0b398d-91b8-490a-bed2-f959afa8e1aa,T1049,T1049,The netstat utility is executed via cmd to enumerate local active network connections.,86,1,0,0,4.C.2 - System Network Connections Discovery (T1049),The netstat utility is executed via cmd to enumerate local active network connections.,data_v2/repro_external/ctid/raw_yaml/apt29.yaml,644f28185097f545e522ca8ed04b43f19ec8b31ace864d347feb138bc56c1615
ctid,apt29::unknown,24,ctid::apt29::effbedc1-1bc8-4a75-9395-980559700008,T1003,T1003,Mimikatz lsadump::sam is executed via Invoke-Mimikatz to dump hashes via process injection into LSASS.,102,1,0,0,Credential Dumping using Process Injection,Mimikatz lsadump::sam is executed via Invoke-Mimikatz to dump hashes via process injection into LSASS.,data_v2/repro_external/ctid/raw_yaml/apt29.yaml,644f28185097f545e522ca8ed04b43f19ec8b31ace864d347feb138bc56c1615
ctid,apt29::unknown,25,ctid::apt29::9c75155e-21ab-4471-af16-45f3795a313c,T1547.009,T1547,Leverage modified Sysinternals,30,1,0,0,Persistent Service 1,Leverage modified Sysinternals,data_v2/repro_external/ctid/raw_yaml/apt29.yaml,644f28185097f545e522ca8ed04b43f19ec8b31ace864d347feb138bc56c1615
ctid,apt29::unknown,26,ctid::apt29::03afada1-1714-408f-bde5-f528b91dc89d,T1134,T1134,"A token theft script was executed to steal and assume the token of another user’s existing process, changing the user context of the process.",141,1,0,0,Access Token Manipulation,"A token theft script was executed to steal and assume the token of another user’s existing process, changing the user context of the process.",data_v2/repro_external/ctid/raw_yaml/apt29.yaml,644f28185097f545e522ca8ed04b43f19ec8b31ace864d347feb138bc56c1615
ctid,apt29::unknown,27,ctid::apt29::e7cab9bb-3e3a-4d93-99cc-3593c1dc8c6d,T1003,T1003,Obtain credentials from Chrome Dumper,37,1,0,0,Credentials In Files- Chrome,Obtain credentials from Chrome Dumper,data_v2/repro_external/ctid/raw_yaml/apt29.yaml,644f28185097f545e522ca8ed04b43f19ec8b31ace864d347feb138bc56c1615
ctid,apt29::unknown,28,ctid::apt29::1b9e018d-986d-42d9-bb8b-0e104e98ce9c,T1134,T1134,"A token theft script was executed to steal and assume the token of another user’s existing process, changing the user context of the process.",141,1,0,0,Query Registry,"A token theft script was executed to steal and assume the token of another user’s existing process, changing the user context of the process.",data_v2/repro_external/ctid/raw_yaml/apt29.yaml,644f28185097f545e522ca8ed04b43f19ec8b31ace864d347feb138bc56c1615
ctid,apt29::unknown,29,ctid::apt29::c4f4b13c-87b6-498c-b814-93570173068c,T1552.004,T1552,Obtain credentials via Custom PowerShell,40,1,0,0,Credentials In Files (T1081) - Private Keys Extraction,Obtain credentials via Custom PowerShell,data_v2/repro_external/ctid/raw_yaml/apt29.yaml,644f28185097f545e522ca8ed04b43f19ec8b31ace864d347feb138bc56c1615
ctid,apt29::unknown,30,ctid::apt29::a4b14c10-49aa-4ae4-b165-d5a37364fe62,T1036.005,T1036,Renaming psversion.txt to psversion.txt to be imported,54,1,0,0,Staging files for PowerShell module imports,Renaming psversion.txt to psversion.txt to be imported,data_v2/repro_external/ctid/raw_yaml/apt29.yaml,644f28185097f545e522ca8ed04b43f19ec8b31ace864d347feb138bc56c1615
ctid,apt29::unknown,31,ctid::apt29::a81ea4ad-bc9f-49a7-82d4-4466df641487,T1113,T1113,Load custom PowerShell module and take screenshots.,51,1,0,0,Screen Capturing,Load custom PowerShell module and take screenshots.,data_v2/repro_external/ctid/raw_yaml/apt29.yaml,644f28185097f545e522ca8ed04b43f19ec8b31ace864d347feb138bc56c1615
ctid,apt29::unknown,32,ctid::apt29::ee4c2eab-be57-434c-a32c-14b77360301a,T1115,T1115,Get contents of clipboard,25,1,0,0,Automated Collection (T1119) - Clipboard (T1115),Get contents of clipboard,data_v2/repro_external/ctid/raw_yaml/apt29.yaml,644f28185097f545e522ca8ed04b43f19ec8b31ace864d347feb138bc56c1615
ctid,apt29::unknown,33,ctid::apt29::db28f68d-e8b8-46e6-b680-642570d4b257,T1056.001,T1056,"Load custom PowerShell module, and grab keystrokes for 15 seconds.",66,1,0,0,Automated Collection (T1119) - Input Capture (T1417),"Load custom PowerShell module, and grab keystrokes for 15 seconds.",data_v2/repro_external/ctid/raw_yaml/apt29.yaml,644f28185097f545e522ca8ed04b43f19ec8b31ace864d347feb138bc56c1615
ctid,apt29::unknown,34,ctid::apt29::a612311d-a802-48da-bb7f-88a4b9dd7a24,T1041,T1041,Compress all data within Download directory and exfiltrate the results.,71,1,0,0,Data from staged file (T1074) and Exfiltration over C2 Channel (T1041),Compress all data within Download directory and exfiltrate the results.,data_v2/repro_external/ctid/raw_yaml/apt29.yaml,644f28185097f545e522ca8ed04b43f19ec8b31ace864d347feb138bc56c1615
ctid,apt29::unknown,35,ctid::apt29::9b518cfb-125f-466e-872b-4f8171773ce5,T1134.001,T1134,"A token theft script was executed to steal and assume the token of another user’s existing process, changing the user context of the process.",141,1,0,0,Remote File Copy (T1105),"A token theft script was executed to steal and assume the token of another user’s existing process, changing the user context of the process.",data_v2/repro_external/ctid/raw_yaml/apt29.yaml,644f28185097f545e522ca8ed04b43f19ec8b31ace864d347feb138bc56c1615
ctid,apt29::unknown,36,ctid::apt29::95564347-e77a-4a89-b08f-dcafa5468f2c,T1059.001,T1059,Custom PowerShell script to perform AD triage for domain bound computers.,73,1,0,0,Remote System Discovery (T1018),Custom PowerShell script to perform AD triage for domain bound computers.,data_v2/repro_external/ctid/raw_yaml/apt29.yaml,644f28185097f545e522ca8ed04b43f19ec8b31ace864d347feb138bc56c1615
ctid,apt29::unknown,37,ctid::apt29::9fefcde6-083a-4440-8eca-dc03d30c0bcb,T1134.001,T1134,"A token theft script was executed to steal and assume the token of another user’s existing process, changing the user context of the process.",141,1,0,0,File and Directory Discovery (T1083),"A token theft script was executed to steal and assume the token of another user’s existing process, changing the user context of the process.",data_v2/repro_external/ctid/raw_yaml/apt29.yaml,644f28185097f545e522ca8ed04b43f19ec8b31ace864d347feb138bc56c1615
ctid,apt29::unknown,38,ctid::apt29::bddc0abc-07a0-41b7-813f-e0c64d9226b3,T1105,T1105,Copy Sandcat file using PsExec,30,1,0,0,Copy Sandcat File,Copy Sandcat file using PsExec,data_v2/repro_external/ctid/raw_yaml/apt29.yaml,644f28185097f545e522ca8ed04b43f19ec8b31ace864d347feb138bc56c1615
ctid,apt29::unknown,39,ctid::apt29::0b1841bd-ef8b-475c-bce7-8fcb2860984a,T1113,T1113,Native API call(s) were used to collect a screenshot.,53,1,0,0,Screen Capture (T1113),Native API call(s) were used to collect a screenshot.,data_v2/repro_external/ctid/raw_yaml/apt29.yaml,644f28185097f545e522ca8ed04b43f19ec8b31ace864d347feb138bc56c1615
ctid,apt29::unknown,40,ctid::apt29::d5170a60-3bdc-44e0-9870-a38db5c0cf81,T1083,T1083,PowerShell's Get-ChildItem alias 'ls' is used to enumerate files in a remote file share.,88,1,0,0,File and Directory Discovery (T1083),PowerShell's Get-ChildItem alias 'ls' is used to enumerate files in a remote file share.,data_v2/repro_external/ctid/raw_yaml/apt29.yaml,644f28185097f545e522ca8ed04b43f19ec8b31ace864d347feb138bc56c1615
ctid,apt29::unknown,41,ctid::apt29::08e57385-dbce-4850-8bb7-589ef79465ab,T1059.001,T1059,Execute PowerShell collection command to collect and compress files of specific extensions.,91,1,0,0,Automated document collection (T1119),Execute PowerShell collection command to collect and compress files of specific extensions.,data_v2/repro_external/ctid/raw_yaml/apt29.yaml,644f28185097f545e522ca8ed04b43f19ec8b31ace864d347feb138bc56c1615
ctid,apt29::unknown,42,ctid::apt29::2d18c8ec-4593-49dc-9bf4-11d0673d6ae6,T1041,T1041,Copy a target file from a remote file share through the existing C2 channel,75,1,0,0,Data from staged file (T1074) and Exfiltration over C2 Channel (T1041),Copy a target file from a remote file share through the existing C2 channel,data_v2/repro_external/ctid/raw_yaml/apt29.yaml,644f28185097f545e522ca8ed04b43f19ec8b31ace864d347feb138bc56c1615
ctid,apt29::unknown,43,ctid::apt29::208b021b-c79a-4176-8ad1-3af99ed50c6f,T1070.004,T1070,Cleanup files related to Operation,34,1,0,0,Artifact Cleanup - Delete Staged Files,Cleanup files related to Operation,data_v2/repro_external/ctid/raw_yaml/apt29.yaml,644f28185097f545e522ca8ed04b43f19ec8b31ace864d347feb138bc56c1615
ctid,apt29::unknown,44,ctid::apt29::4b2e9574-b1a7-4b38-95b2-6054ded9c4fe,T1529,T1529,Reboot the machine to aid in peristence callbacks,49,1,0,0,Scheduled Task,Reboot the machine to aid in peristence callbacks,data_v2/repro_external/ctid/raw_yaml/apt29.yaml,644f28185097f545e522ca8ed04b43f19ec8b31ace864d347feb138bc56c1615
ctid,apt29::unknown,45,ctid::apt29::4bedbd9b-a570-4f9f-b78a-2f7f99ad5e92,T1070.004,T1070,Delete file artifacts left from the operation.,46,1,0,0,Artifact Cleanup,Delete file artifacts left from the operation.,data_v2/repro_external/ctid/raw_yaml/apt29.yaml,644f28185097f545e522ca8ed04b43f19ec8b31ace864d347feb138bc56c1615
ctid,apt29::unknown,46,ctid::apt29::00446217-53ca-4749-bacd-f41fe189d36e,T1037.005,T1037,Sets credentials for a headless RDP session to spawn triggering startup folder persistence.,91,1,0,0,Startup Folder Persistence Execution,Sets credentials for a headless RDP session to spawn triggering startup folder persistence.,data_v2/repro_external/ctid/raw_yaml/apt29.yaml,644f28185097f545e522ca8ed04b43f19ec8b31ace864d347feb138bc56c1615
ctid,apt29::unknown,47,ctid::apt29::e506f811-884d-4992-aacb-514b33a0324f,T1204.002,T1204,Execute PowerShell collection command to collect and compress files of specific extensions.,91,1,0,0,Click .LNK payload,Execute PowerShell collection command to collect and compress files of specific extensions.,data_v2/repro_external/ctid/raw_yaml/apt29.yaml,644f28185097f545e522ca8ed04b43f19ec8b31ace864d347feb138bc56c1615
ctid,apt29::unknown,48,ctid::apt29::4a2ad84e-a93a-4b2e-b1f0-c354d6a41278,T1070.006,T1070,Timestomp kxwn.lock,19,1,0,0,Timestomp kxwn.lock,Timestomp kxwn.lock,data_v2/repro_external/ctid/raw_yaml/apt29.yaml,644f28185097f545e522ca8ed04b43f19ec8b31ace864d347feb138bc56c1615
ctid,apt29::unknown,49,ctid::apt29::f9c0b150-822f-497b-ad6d-187f24561e9a,T1518.001,T1518,Detect anti-virus software on host,34,1,0,0,Detect Anti-Virus,Detect anti-virus software on host,data_v2/repro_external/ctid/raw_yaml/apt29.yaml,644f28185097f545e522ca8ed04b43f19ec8b31ace864d347feb138bc56c1615
ctid,apt29::unknown,50,ctid::apt29::0cfadbcb-ec21-44ae-adb7-9a23176dd620,T1082,T1082,"Triage host for ComputerNameNetBIOS,ComputerNameDnsHostname,ComputerNameDnsDomain,ComputerNameDnsFullyQualified,ComputerNamePhysicalNetBIOS,ComputerNamePhysicalDnsHostname,ComputerNamePhysicalDnsDomain,ComputerNamePhysical,DnsFullyQualifie",239,1,0,0,Enumerate Computer Name,"Triage host for ComputerNameNetBIOS,ComputerNameDnsHostname,ComputerNameDnsDomain,ComputerNameDnsFullyQualified,ComputerNamePhysicalNetBIOS,ComputerNamePhysicalDnsHostname,ComputerNamePhysicalDnsDomain,ComputerNamePhysical,DnsFullyQualifie",data_v2/repro_external/ctid/raw_yaml/apt29.yaml,644f28185097f545e522ca8ed04b43f19ec8b31ace864d347feb138bc56c1615
ctid,apt29::unknown,51,ctid::apt29::f320eebd-e75b-4194-b529-79e64ad0b9ee,T1033,T1033,user triage,11,1,0,0,Enumerate Username,user triage,data_v2/repro_external/ctid/raw_yaml/apt29.yaml,644f28185097f545e522ca8ed04b43f19ec8b31ace864d347feb138bc56c1615
ctid,apt29::unknown,52,ctid::apt29::a34ab8f2-a106-41fb-af0b-cf5382bd18ae,T1057,T1057,Process triage,14,1,0,0,Enumerate Processes,Process triage,data_v2/repro_external/ctid/raw_yaml/apt29.yaml,644f28185097f545e522ca8ed04b43f19ec8b31ace864d347feb138bc56c1615
ctid,apt29::unknown,53,ctid::apt29::5226e5dc-fc28-43b7-a679-0db49d520402,T1134.002,T1134,Invoke UAC bypass sdctl,23,1,0,0,UAC Bypass via sdctl,Invoke UAC bypass sdctl,data_v2/repro_external/ctid/raw_yaml/apt29.yaml,644f28185097f545e522ca8ed04b43f19ec8b31ace864d347feb138bc56c1615
ctid,apt29::unknown,54,ctid::apt29::4ef6009d-2d62-4bb4-8de9-0458df2e9567,T1003,T1003,Dumping credentials via wmidump (Mimikatz),42,1,0,0,Credential Dumping,Dumping credentials via wmidump (Mimikatz),data_v2/repro_external/ctid/raw_yaml/apt29.yaml,644f28185097f545e522ca8ed04b43f19ec8b31ace864d347feb138bc56c1615
ctid,apt29::unknown,55,ctid::apt29::43aad2d6-d16a-4adb-aa2b-9510a3be4c52,T1546.003,T1546,user triage,11,1,0,0,WMI Persistence technique,user triage,data_v2/repro_external/ctid/raw_yaml/apt29.yaml,644f28185097f545e522ca8ed04b43f19ec8b31ace864d347feb138bc56c1615
ctid,apt29::unknown,56,ctid::apt29::1c8552c7-f7ed-4523-b640-72d65af5f855,T1018,T1018,Get domain controller and current user SID for the domain,57,1,0,0,Enumerate Domain Controller,Get domain controller and current user SID for the domain,data_v2/repro_external/ctid/raw_yaml/apt29.yaml,644f28185097f545e522ca8ed04b43f19ec8b31ace864d347feb138bc56c1615
ctid,apt29::unknown,57,ctid::apt29::a42be479-fc26-4d7c-9e63-7a9b74e4c8d2,T1033,T1033,Get domain user SID,19,1,0,0,Enumerate Domain SID,Get domain user SID,data_v2/repro_external/ctid/raw_yaml/apt29.yaml,644f28185097f545e522ca8ed04b43f19ec8b31ace864d347feb138bc56c1615
ctid,apt29::unknown,58,ctid::apt29::acecc8f7-18c2-41fd-87bc-39ffd644e4e9,T1105,T1105,Establish connection to Domain Controller,41,1,0,0,Remote Connection (T1028) & Remote File Copy (T1105) & Credential Dumping,Establish connection to Domain Controller,data_v2/repro_external/ctid/raw_yaml/apt29.yaml,644f28185097f545e522ca8ed04b43f19ec8b31ace864d347feb138bc56c1615
ctid,apt29::unknown,59,ctid::apt29::b1dcc53a-c86c-46ba-8a3d-e1da74a8db3c,T1114.001,T1114,Perform e-mail collection from custom PowerShell module.,56,1,0,0,Collect E-mails,Perform e-mail collection from custom PowerShell module.,data_v2/repro_external/ctid/raw_yaml/apt29.yaml,644f28185097f545e522ca8ed04b43f19ec8b31ace864d347feb138bc56c1615
ctid,apt29::unknown,60,ctid::apt29::fc231955-774f-442c-ac0e-e74dfda50c5c,T1005,T1005,Collect a specific document from a target machine.,50,1,0,0,Collect Files & Compress Collection,Collect a specific document from a target machine.,data_v2/repro_external/ctid/raw_yaml/apt29.yaml,644f28185097f545e522ca8ed04b43f19ec8b31ace864d347feb138bc56c1615
ctid,apt29::unknown,61,ctid::apt29::4840d6dd-da13-401a-be46-05db56f4e1e0,T1537,T1537,Transfer data to a OneDrive account,35,1,0,0,Exfiltrate data to OneDrive,Transfer data to a OneDrive account,data_v2/repro_external/ctid/raw_yaml/apt29.yaml,644f28185097f545e522ca8ed04b43f19ec8b31ace864d347feb138bc56c1615
ctid,apt29::unknown,62,ctid::apt29::f820b93d-6176-4a72-a138-a70b0b549c49,T1561.001,T1561,Securely delete previously staged files.,40,1,0,0,Data Wiping of staged files,Securely delete previously staged files.,data_v2/repro_external/ctid/raw_yaml/apt29.yaml,644f28185097f545e522ca8ed04b43f19ec8b31ace864d347feb138bc56c1615
ctid,apt29::unknown,63,ctid::apt29::267bad86-3f06-49f1-9a3e-6522f2a61e7a,T1003,T1003,Perfofrm Mimikatz credential collection,39,1,0,0,Execute Invoke-Mimikatz,Perfofrm Mimikatz credential collection,data_v2/repro_external/ctid/raw_yaml/apt29.yaml,644f28185097f545e522ca8ed04b43f19ec8b31ace864d347feb138bc56c1615
ctid,apt29::unknown,64,ctid::apt29::afb8d8f7-d059-4825-95ae-c5727e2db320,T1218.011,T1218,Trigger RegKey persistence by rebooting the machine,51,1,0,0,Triggering Persistent,Trigger RegKey persistence by rebooting the machine,data_v2/repro_external/ctid/raw_yaml/apt29.yaml,644f28185097f545e522ca8ed04b43f19ec8b31ace864d347feb138bc56c1615
ctid,carbanak::unknown,0,ctid::carbanak::453cb643-892b-475d-8db9-df61289749f1,T1113,T1113,Download screen capture PowerShell script to target and execute,63,1,0,0,Screen Capture,Download screen capture PowerShell script to target and execute,data_v2/repro_external/ctid/raw_yaml/carbanak.yaml,ea19b5c0bb85ffb98c2fd6072a4d487b43c98b9831daa89fcb10f266039d40db
ctid,carbanak::unknown,1,ctid::carbanak::e238f1b5-a4e7-464d-82eb-36d0cc875434,T1112,T1112,"The shellcode for the 2nd stage RAT, which is a reverse Meterpreter shell, is written to the Registry",101,1,0,0,Stage 2nd Stage RAT,"The shellcode for the 2nd stage RAT, which is a reverse Meterpreter shell, is written to the Registry",data_v2/repro_external/ctid/raw_yaml/carbanak.yaml,ea19b5c0bb85ffb98c2fd6072a4d487b43c98b9831daa89fcb10f266039d40db
ctid,carbanak::unknown,2,ctid::carbanak::50cf48b9-2076-4efc-80f1-5b8f421ecae4,T1140,T1140,"A PowerShell script is used to execute the staged 2nd stage RAT, which is a reverse Meterpreter shell",101,1,0,0,Execute 2nd Stage RAT,"A PowerShell script is used to execute the staged 2nd stage RAT, which is a reverse Meterpreter shell",data_v2/repro_external/ctid/raw_yaml/carbanak.yaml,ea19b5c0bb85ffb98c2fd6072a4d487b43c98b9831daa89fcb10f266039d40db
ctid,carbanak::unknown,3,ctid::carbanak::473e5707-5786-4f53-934f-22175c1059b0,T1003.001,T1003,A UAC Bypass script and modified Mimikatz are uploaded to current directory and executed,88,1,0,0,UAC Bypass and Credential Dumping,A UAC Bypass script and modified Mimikatz are uploaded to current directory and executed,data_v2/repro_external/ctid/raw_yaml/carbanak.yaml,ea19b5c0bb85ffb98c2fd6072a4d487b43c98b9831daa89fcb10f266039d40db
ctid,carbanak::unknown,4,ctid::carbanak::8bd3edc3-14ad-4e44-9e45-9ec8d43f374b,T1105,T1105,Tools required for lateral movement are uploaded and moved to the expected directory.,85,1,0,0,Upload Tools for Lateral Movement,Tools required for lateral movement are uploaded and moved to the expected directory.,data_v2/repro_external/ctid/raw_yaml/carbanak.yaml,ea19b5c0bb85ffb98c2fd6072a4d487b43c98b9831daa89fcb10f266039d40db
ctid,carbanak::unknown,5,ctid::carbanak::4983721e-9633-4e33-bc2f-b4e9f58336a0,T1570,T1570,Previously uploaded tools are transferred to bankfileserver using pscp.exe,74,1,0,0,Lateral Tool Transfer,Previously uploaded tools are transferred to bankfileserver using pscp.exe,data_v2/repro_external/ctid/raw_yaml/carbanak.yaml,ea19b5c0bb85ffb98c2fd6072a4d487b43c98b9831daa89fcb10f266039d40db
ctid,carbanak::unknown,6,ctid::carbanak::51da22bc-a6a4-4d60-95ab-d61af87a23d0,T1021.004,T1021,Use plink.exe to SSH into bankfileserver,40,1,0,0,SSH to bankfileserver,Use plink.exe to SSH into bankfileserver,data_v2/repro_external/ctid/raw_yaml/carbanak.yaml,ea19b5c0bb85ffb98c2fd6072a4d487b43c98b9831daa89fcb10f266039d40db
ctid,carbanak::unknown,7,ctid::carbanak::9c5d756e-c72a-40d0-838d-3ace6cc96a09,T1057,T1057,Processes are listed on bankfileserver,38,1,0,0,Process Discovery on bankfileserver,Processes are listed on bankfileserver,data_v2/repro_external/ctid/raw_yaml/carbanak.yaml,ea19b5c0bb85ffb98c2fd6072a4d487b43c98b9831daa89fcb10f266039d40db
ctid,carbanak::unknown,8,ctid::carbanak::da810df4-c1c2-48f1-a29a-765098acec17,T1083,T1083,List directories and files within the /var/ directory on bankfileserver,71,1,0,0,File and Directory Discovery on bankfileserver,List directories and files within the /var/ directory on bankfileserver,data_v2/repro_external/ctid/raw_yaml/carbanak.yaml,ea19b5c0bb85ffb98c2fd6072a4d487b43c98b9831daa89fcb10f266039d40db
ctid,carbanak::unknown,9,ctid::carbanak::9ec26b39-9d77-4a3d-b309-8c819a2f59e7,T1005,T1005,Read files within the /var/tmp/ directory on bankfileserver 1,61,1,0,0,Data from Local System on bankfileserver 1,Read files within the /var/tmp/ directory on bankfileserver 1,data_v2/repro_external/ctid/raw_yaml/carbanak.yaml,ea19b5c0bb85ffb98c2fd6072a4d487b43c98b9831daa89fcb10f266039d40db
ctid,carbanak::unknown,10,ctid::carbanak::76c8f978-cc38-4281-8236-ecb7fae8f99c,T1018,T1018,The nslookup utility is used to find the IP address of bankdc,61,1,0,0,Remote System Discovery on bankfileserver,The nslookup utility is used to find the IP address of bankdc,data_v2/repro_external/ctid/raw_yaml/carbanak.yaml,ea19b5c0bb85ffb98c2fd6072a4d487b43c98b9831daa89fcb10f266039d40db
ctid,carbanak::unknown,11,ctid::carbanak::b82639f7-530b-4ff5-baa8-ff249cd73df4,T1569.002,T1569,Lateral Movement to bankdc from bankfileserver using psexec.py,62,1,0,0,Lateral Movement to bankdc from bankfileserver,Lateral Movement to bankdc from bankfileserver using psexec.py,data_v2/repro_external/ctid/raw_yaml/carbanak.yaml,ea19b5c0bb85ffb98c2fd6072a4d487b43c98b9831daa89fcb10f266039d40db
ctid,carbanak::unknown,12,ctid::carbanak::7e3a8de9-edb9-4df4-beef-9577c4562420,T1571,T1571,Upload and execute Tiny.exe on bankdc. Requires elevated agent,62,1,0,0,Upload and execute Tiny.exe on bankdc,Upload and execute Tiny.exe on bankdc. Requires elevated agent,data_v2/repro_external/ctid/raw_yaml/carbanak.yaml,ea19b5c0bb85ffb98c2fd6072a4d487b43c98b9831daa89fcb10f266039d40db
ctid,carbanak::unknown,13,ctid::carbanak::c66c3b49-719f-4643-a307-4a889177b61d,T1018,T1018,Get CFO Workstation Information from bankdc by running Get-ADComputer,69,1,0,0,Get CFO Workstation Information from bankdc,Get CFO Workstation Information from bankdc by running Get-ADComputer,data_v2/repro_external/ctid/raw_yaml/carbanak.yaml,ea19b5c0bb85ffb98c2fd6072a4d487b43c98b9831daa89fcb10f266039d40db
ctid,carbanak::unknown,14,ctid::carbanak::38d009be-4ba2-46dc-a321-8be05c07630c,T1572,T1572,The nslookup utility is used to find the IP address of bankdc,61,1,0,0,Create SSH Tunnel on bankdc,The nslookup utility is used to find the IP address of bankdc,data_v2/repro_external/ctid/raw_yaml/carbanak.yaml,ea19b5c0bb85ffb98c2fd6072a4d487b43c98b9831daa89fcb10f266039d40db
ctid,carbanak::unknown,15,ctid::carbanak::71c20631-adf4-4073-9f2f-6ab7f053326f,T1033,T1033,Use qwinsta to check if the CFO user is logged into their workstation,69,1,0,0,Check for Active CFO Login on CFO from BankDC,Use qwinsta to check if the CFO user is logged into their workstation,data_v2/repro_external/ctid/raw_yaml/carbanak.yaml,ea19b5c0bb85ffb98c2fd6072a4d487b43c98b9831daa89fcb10f266039d40db
ctid,carbanak::unknown,16,ctid::carbanak::5beb978f-dce0-4ccd-b4fa-de47e0adb453,T1105,T1105,Upload JavaUpdater.exe and Create JavaUpdater.vbs on CFO. Files renamed to prevent auto-removal after execution of step,119,1,0,0,Upload JavaUpdate.exe and Create JavaUpdate.vbs on CFO,Upload JavaUpdater.exe and Create JavaUpdater.vbs on CFO. Files renamed to prevent auto-removal after execution of step,data_v2/repro_external/ctid/raw_yaml/carbanak.yaml,ea19b5c0bb85ffb98c2fd6072a4d487b43c98b9831daa89fcb10f266039d40db
ctid,carbanak::unknown,17,ctid::carbanak::6af29018-9779-49aa-ad8e-66627a23f329,T1547.001,T1547,Set Registry Persistence on CFO to run Java-Update.vbs when the CFO user logs in,80,1,0,0,Set Registry Persistence on CFO,Set Registry Persistence on CFO to run Java-Update.vbs when the CFO user logs in,data_v2/repro_external/ctid/raw_yaml/carbanak.yaml,ea19b5c0bb85ffb98c2fd6072a4d487b43c98b9831daa89fcb10f266039d40db
ctid,carbanak::unknown,18,ctid::carbanak::5f3f7045-ae92-4a3e-8b39-35e4f8cc3038,T1056.001,T1056,Upload and Execute Keylogger on CFO as CFO,42,1,0,0,Upload and Execute Keylogger on CFO as CFO,Upload and Execute Keylogger on CFO as CFO,data_v2/repro_external/ctid/raw_yaml/carbanak.yaml,ea19b5c0bb85ffb98c2fd6072a4d487b43c98b9831daa89fcb10f266039d40db
ctid,carbanak::unknown,19,ctid::carbanak::22ddbc4f-fb5d-4785-8bc8-373da2f3e176,T1555.003,T1555,Upload and Execute Web Cred Dumper on CFO as CFO,48,1,0,0,Upload and Execute Web Cred Dumper on CFO as CFO,Upload and Execute Web Cred Dumper on CFO as CFO,data_v2/repro_external/ctid/raw_yaml/carbanak.yaml,ea19b5c0bb85ffb98c2fd6072a4d487b43c98b9831daa89fcb10f266039d40db
ctid,carbanak::unknown,20,ctid::carbanak::f3678315-cdbb-4579-b25d-f92783e5599b,T1070.004,T1070,Stop Keylogger and clean artifacts in TEMP directory,52,1,0,0,Stop Keylogger and Clean Artifacts,Stop Keylogger and clean artifacts in TEMP directory,data_v2/repro_external/ctid/raw_yaml/carbanak.yaml,ea19b5c0bb85ffb98c2fd6072a4d487b43c98b9831daa89fcb10f266039d40db
ctid,fin6::unknown,0,ctid::fin6::e44a39ce-0651-3ddd-8f05-f83aa2ffd657,T1087.002,T1087,Find all person objects and output the results to a text file.,62,1,0,0,Enumerate AD person objects,Find all person objects and output the results to a text file.,data_v2/repro_external/ctid/raw_yaml/fin6.yaml,72522be3a107824446c55615455f2990df447aeaf463cf4e2ad376b4330ef172
ctid,fin6::unknown,1,ctid::fin6::5b24eef2-7a7f-4d34-8cab-e588074c59bc,T1018,T1018,Identify all computer objects and output the results to a text file.,68,1,0,0,Enumerate AD computer objects,Identify all computer objects and output the results to a text file.,data_v2/repro_external/ctid/raw_yaml/fin6.yaml,72522be3a107824446c55615455f2990df447aeaf463cf4e2ad376b4330ef172
ctid,fin6::unknown,2,ctid::fin6::d30692dd-779f-4a40-b947-de23dabbb033,T1482,T1482,Enumerate all Organizational Units (OUs) in the domain of the user running the command and output the results to a text file.,125,1,0,0,Enumerate AD Organizational Units,Enumerate all Organizational Units (OUs) in the domain of the user running the command and output the results to a text file.,data_v2/repro_external/ctid/raw_yaml/fin6.yaml,72522be3a107824446c55615455f2990df447aeaf463cf4e2ad376b4330ef172
ctid,fin6::unknown,3,ctid::fin6::e4cdb5c6-d322-3b6e-ac8e-68b2e8a7dd4c,T1016,T1016,List subnets and output the results to a text file.,51,1,0,0,Enumerate AD subnets,List subnets and output the results to a text file.,data_v2/repro_external/ctid/raw_yaml/fin6.yaml,72522be3a107824446c55615455f2990df447aeaf463cf4e2ad376b4330ef172
ctid,fin6::unknown,4,ctid::fin6::2738b811-a360-4a4f-af9d-704343ebab4d,T1069.002,T1069,List groups and output the results to a text file.,50,1,0,0,Enumerate AD groups,List groups and output the results to a text file.,data_v2/repro_external/ctid/raw_yaml/fin6.yaml,72522be3a107824446c55615455f2990df447aeaf463cf4e2ad376b4330ef172
ctid,fin6::unknown,5,ctid::fin6::a89ea459-97ec-28fd-a552-9d305f023bbe,T1134,T1134,"PowerSploit named-pipe impersonation, similar to the technique used to escalate to SYSTEM-level privileges by FIN6.",115,1,0,0,PowerSploit Named-Pipe Impersonation,"PowerSploit named-pipe impersonation, similar to the technique used to escalate to SYSTEM-level privileges by FIN6.",data_v2/repro_external/ctid/raw_yaml/fin6.yaml,72522be3a107824446c55615455f2990df447aeaf463cf4e2ad376b4330ef172
ctid,fin6::unknown,6,ctid::fin6::ff77db3d-ded1-48da-9885-8dfc097edec0,T1003.001,T1003,"Dump credentials from memory via PowerShell by invoking a remote Mimikatz script, similar to the procedure used by FIN6.",120,1,0,0,PowerSploit Invoke-Mimikatz,"Dump credentials from memory via PowerShell by invoking a remote Mimikatz script, similar to the procedure used by FIN6.",data_v2/repro_external/ctid/raw_yaml/fin6.yaml,72522be3a107824446c55615455f2990df447aeaf463cf4e2ad376b4330ef172
ctid,fin6::unknown,7,ctid::fin6::fd27fe6c-4846-4e94-aef9-f6bc21ab0f0e,T1560.001,T1560,"Compress text files for exfiltration staging using 7zip, renamed to 7.exe",73,1,0,0,Compress Files with 7zip (7.exe),"Compress text files for exfiltration staging using 7zip, renamed to 7.exe",data_v2/repro_external/ctid/raw_yaml/fin6.yaml,72522be3a107824446c55615455f2990df447aeaf463cf4e2ad376b4330ef172
ctid,fin6::unknown,8,ctid::fin6::6824cbb6-f3e1-4081-8a63-d72ae368cb23,T1567.002,T1567,Initiate an interactive SSH session with a remote server with pscp,66,1,0,0,Exfiltration with PSCP,Initiate an interactive SSH session with a remote server with pscp,data_v2/repro_external/ctid/raw_yaml/fin6.yaml,72522be3a107824446c55615455f2990df447aeaf463cf4e2ad376b4330ef172
ctid,fin6::unknown,9,ctid::fin6::e4027dff-280b-4964-82be-b35a40c4a493,T1569.002,T1569,Use PsExec to execute a command on a remote host. FIN6 is reported to have used a variant of PsExec to execute code on remote hosts.,132,1,0,0,PsExec Remote Command,Use PsExec to execute a command on a remote host. FIN6 is reported to have used a variant of PsExec to execute code on remote hosts.,data_v2/repro_external/ctid/raw_yaml/fin6.yaml,72522be3a107824446c55615455f2990df447aeaf463cf4e2ad376b4330ef172
ctid,fin6::unknown,10,ctid::fin6::661efd66-d876-41de-88ee-ba9ec4328154,T1047,T1047,WMIC to execute a process on a remote host. Specify the remote IP using node parameter. FIN6 is reported to have used WMI to execute code on remote systems.,156,1,0,0,WMIC Remote Process Execution,WMIC to execute a process on a remote host. Specify the remote IP using node parameter.  FIN6 is reported to have used WMI to execute code on remote systems.,data_v2/repro_external/ctid/raw_yaml/fin6.yaml,72522be3a107824446c55615455f2990df447aeaf463cf4e2ad376b4330ef172
ctid,fin6::unknown,11,ctid::fin6::44d82f6f-f367-4db7-aa65-a9e5717b1a21,T1547.001,T1547,FIN6 utilizes cmd to execute Registry Run Keys,46,1,0,0,Registry Run Keys,FIN6 utilizes cmd to execute Registry Run Keys,data_v2/repro_external/ctid/raw_yaml/fin6.yaml,72522be3a107824446c55615455f2990df447aeaf463cf4e2ad376b4330ef172
ctid,fin6::unknown,12,ctid::fin6::0864a91a-ae17-1cce-8b89-d4f8f2854699,T1053.005,T1053,FIN6 utilizes cmd to execute Scheduled Tasks,44,1,0,0,Scheduled Task Persistence,FIN6 utilizes cmd to execute Scheduled Tasks,data_v2/repro_external/ctid/raw_yaml/fin6.yaml,72522be3a107824446c55615455f2990df447aeaf463cf4e2ad376b4330ef172
ctid,fin6::unknown,13,ctid::fin6::e74554b8-0bc9-3d50-95a4-e45421925b49,T1048.003,T1048,Powershell to execute POS data exfiltration over DNS tunnel via dnscat2,71,1,0,0,dnscat2-powershell Exfiltration,Powershell to execute POS data exfiltration over DNS tunnel via dnscat2,data_v2/repro_external/ctid/raw_yaml/fin6.yaml,72522be3a107824446c55615455f2990df447aeaf463cf4e2ad376b4330ef172
ctid,fin6::unknown,14,ctid::fin6::b393c022-329a-4c52-ab1f-eb594ee8d3cd,T1047,T1047,FIN6 utilizes WMI to distribute ransomware to intended targets,62,1,0,0,WMI Ransomware Distribution,FIN6 utilizes WMI to distribute ransomware to intended targets,data_v2/repro_external/ctid/raw_yaml/fin6.yaml,72522be3a107824446c55615455f2990df447aeaf463cf4e2ad376b4330ef172
ctid,fin6::unknown,15,ctid::fin6::f50f8f39-2fb0-4fe3-9e2d-9af38aee447d,T1021.002,T1021,FIN6 utilizes cmd to copy ransomware to an internal distribution server,71,1,0,0,Copy Ransomware,FIN6 utilizes cmd to copy ransomware to an internal distribution server,data_v2/repro_external/ctid/raw_yaml/fin6.yaml,72522be3a107824446c55615455f2990df447aeaf463cf4e2ad376b4330ef172
ctid,fin6::unknown,16,ctid::fin6::5599b7cf-6e8d-43c1-a311-e953dd0fbd2a,T1047,T1047,FIN6 utilizes WMI to distribute ransomware to intended targets,62,1,0,0,Distribute Ransomware via WMI,FIN6 utilizes WMI to distribute ransomware to intended targets,data_v2/repro_external/ctid/raw_yaml/fin6.yaml,72522be3a107824446c55615455f2990df447aeaf463cf4e2ad376b4330ef172
ctid,fin6::unknown,17,ctid::fin6::0c752dce-9302-4465-805f-522650aece3f,T1569.002,T1569,FIN6 has utilized PsExec to execute kill scripts on intended targets,68,1,0,0,Execute Kill Scripts via PsExec,FIN6 has utilized PsExec to execute kill scripts on intended targets,data_v2/repro_external/ctid/raw_yaml/fin6.yaml,72522be3a107824446c55615455f2990df447aeaf463cf4e2ad376b4330ef172
ctid,fin7::unknown,0,ctid::fin7::eac2cf0f-7b51-44d2-83cb-57a34a29b7ff,T1113,T1113,Take screenshots of end user's endpoint.,40,1,0,0,Screenshot of end-users desktop,Take screenshots of end user's endpoint.,data_v2/repro_external/ctid/raw_yaml/fin7.yaml,0cf46d63a8a24b271c2993f4e5b8f07ef0f7f17dfc9af301a85d53cfb5da3f44
ctid,fin7::unknown,1,ctid::fin7::82d2f5c7-7561-4d91-96d2-959473b9ad2b,T1059.003,T1059,Execution of previously placed stager.,38,1,0,0,Execution of stager.ps1,Execution of previously placed stager.,data_v2/repro_external/ctid/raw_yaml/fin7.yaml,0cf46d63a8a24b271c2993f4e5b8f07ef0f7f17dfc9af301a85d53cfb5da3f44
ctid,fin7::unknown,2,ctid::fin7::ab937ef4-7c66-4349-ad3b-658c41fcf4c5,T1057,T1057,Perform process discovery ( ),29,1,0,1,Enumerate,Perform process discovery (T1057),data_v2/repro_external/ctid/raw_yaml/fin7.yaml,0cf46d63a8a24b271c2993f4e5b8f07ef0f7f17dfc9af301a85d53cfb5da3f44
ctid,fin7::unknown,3,ctid::fin7::b15d3014-a5d1-4ec6-934b-d7fe44451192,T1003.002,T1003,Dump SAM via Mimikatz( ),24,1,0,1,Execute SAMCats (Mimikatz),Dump SAM via Mimikatz(T1003.002),data_v2/repro_external/ctid/raw_yaml/fin7.yaml,0cf46d63a8a24b271c2993f4e5b8f07ef0f7f17dfc9af301a85d53cfb5da3f44
ctid,fin7::unknown,4,ctid::fin7::9a76889c-9518-4b3e-9c87-6618156015c6,T1570,T1570,Leverage PAExec to laterally move and execute on itadmin,56,1,0,0,Expand Access to itadmin,Leverage PAExec to laterally move and execute on itadmin,data_v2/repro_external/ctid/raw_yaml/fin7.yaml,0cf46d63a8a24b271c2993f4e5b8f07ef0f7f17dfc9af301a85d53cfb5da3f44
ctid,fin7::unknown,5,ctid::fin7::ab48e12f-def0-40a4-b3d9-ad958f45202a,T1574.001,T1574,Perform DLL hijack to escalate privileges.,42,1,0,0,Privilege Escalation,Perform DLL hijack to escalate privileges.,data_v2/repro_external/ctid/raw_yaml/fin7.yaml,0cf46d63a8a24b271c2993f4e5b8f07ef0f7f17dfc9af301a85d53cfb5da3f44
ctid,fin7::unknown,6,ctid::fin7::eb99abcb-93e2-4a3e-bf05-a484839dc851,T1027,T1027,Execute PowerShell oneliner to install application shim.,56,1,0,0,Setup Application Shim Persistence,Execute PowerShell oneliner to install application shim.,data_v2/repro_external/ctid/raw_yaml/fin7.yaml,0cf46d63a8a24b271c2993f4e5b8f07ef0f7f17dfc9af301a85d53cfb5da3f44
ctid,fin7::unknown,7,ctid::fin7::6ec6561b-e535-4fe3-9c20-a52e5982b513,T1546.011,T1546,Reboot the host to start shim persistence.,42,1,0,0,Execute Application Shim Persistence,Reboot the host to start shim persistence.,data_v2/repro_external/ctid/raw_yaml/fin7.yaml,0cf46d63a8a24b271c2993f4e5b8f07ef0f7f17dfc9af301a85d53cfb5da3f44
ctid,fin7::unknown,8,ctid::fin7::d04a02e1-a05c-46f8-adf0-c036266fe0a1,T1057,T1057,Upload and execute the PillowMint credit card scraper as debug.exe,66,1,0,0,Execute PillowMint Credit Card Scraper,Upload and execute the PillowMint credit card scraper as debug.exe,data_v2/repro_external/ctid/raw_yaml/fin7.yaml,0cf46d63a8a24b271c2993f4e5b8f07ef0f7f17dfc9af301a85d53cfb5da3f44
ctid,fin7::unknown,9,ctid::fin7::89b84389-036e-4c3d-a490-bf8ba50bffe8,T1560.001,T1560,Compress credit card data into an archive using 7za.exe,55,1,0,0,Archive Credit Card Data,Compress credit card data into an archive using 7za.exe,data_v2/repro_external/ctid/raw_yaml/fin7.yaml,0cf46d63a8a24b271c2993f4e5b8f07ef0f7f17dfc9af301a85d53cfb5da3f44
ctid,menu_pass::unknown,0,ctid::menu_pass::a750b196-8168-461a-8747-bdc4add107ac,T1105,T1105,Pushing tools to compromised host,33,1,0,0,Ingress Tool Transfer,Pushing tools to compromised host,data_v2/repro_external/ctid/raw_yaml/menu_pass.yaml,2b964302dd76da8744d287d4a6b5192e918310ee1f909b90e38e89dce89413c3
ctid,menu_pass::unknown,1,ctid::menu_pass::7877ec4d-3c11-40f2-9650-35261e4ac879,T1135,T1135,Display network shares,22,1,0,0,Network Share Discovery,Display network shares,data_v2/repro_external/ctid/raw_yaml/menu_pass.yaml,2b964302dd76da8744d287d4a6b5192e918310ee1f909b90e38e89dce89413c3
ctid,menu_pass::unknown,2,ctid::menu_pass::e132a235-fe43-45c2-a334-2f235a7646b5,T1018,T1018,Identify remote systems using net,33,1,0,0,Remote System Discovery,Identify remote systems using net,data_v2/repro_external/ctid/raw_yaml/menu_pass.yaml,2b964302dd76da8744d287d4a6b5192e918310ee1f909b90e38e89dce89413c3
ctid,menu_pass::unknown,3,ctid::menu_pass::b6026408-c815-47ca-bbb0-6b74591badc8,T1046,T1046,Enumerate remote hosts for running services using tcping,56,1,0,0,Network Service Scanning,Enumerate remote hosts for running services using tcping,data_v2/repro_external/ctid/raw_yaml/menu_pass.yaml,2b964302dd76da8744d287d4a6b5192e918310ee1f909b90e38e89dce89413c3
ctid,menu_pass::unknown,4,ctid::menu_pass::814005f7-c8d3-45c8-aea2-45758b2d6e90,T1016,T1016,Scan for nameservers and enumerate NetBIOS sessions,51,1,0,0,System Network Configuration Discovery,Scan for nameservers and enumerate NetBIOS sessions,data_v2/repro_external/ctid/raw_yaml/menu_pass.yaml,2b964302dd76da8744d287d4a6b5192e918310ee1f909b90e38e89dce89413c3
ctid,menu_pass::unknown,5,ctid::menu_pass::ffb50e17-cb3c-4424-a4e7-99e3885f22cc,T1003.001,T1003,menuPass has used mimikatz.exe to dump credentials locally,58,1,0,0,OS Credential Dumping,menuPass has used mimikatz.exe to dump credentials locally,data_v2/repro_external/ctid/raw_yaml/menu_pass.yaml,2b964302dd76da8744d287d4a6b5192e918310ee1f909b90e38e89dce89413c3
ctid,menu_pass::unknown,6,ctid::menu_pass::4b1748e5-532c-453c-b195-557ce5550fef,T1569.002,T1569,Using compiled psexec.py to achieve remote code execution,57,1,0,0,Service Execution,Using compiled psexec.py to achieve remote code execution,data_v2/repro_external/ctid/raw_yaml/menu_pass.yaml,2b964302dd76da8744d287d4a6b5192e918310ee1f909b90e38e89dce89413c3
ctid,menu_pass::unknown,7,ctid::menu_pass::160a1e0f-0f9b-49bb-a0fe-7e362b51737f,T1560.001,T1560,Compress and stage data for exfiltration,40,1,0,0,Archive Collected Data - Archive via Utility,Compress and stage data for exfiltration,data_v2/repro_external/ctid/raw_yaml/menu_pass.yaml,2b964302dd76da8744d287d4a6b5192e918310ee1f909b90e38e89dce89413c3
ctid,menu_pass::unknown,8,ctid::menu_pass::b4fa6d2e-ed9c-4a86-81aa-19331983fe0d,T1074.001,T1074,menuPass actors are thought to have staged archives in the Recycle Bin for exfiltration.,88,1,0,0,Recycle Bin Staging,menuPass actors are thought to have staged archives in the Recycle Bin for exfiltration.,data_v2/repro_external/ctid/raw_yaml/menu_pass.yaml,2b964302dd76da8744d287d4a6b5192e918310ee1f909b90e38e89dce89413c3
ctid,menu_pass::unknown,9,ctid::menu_pass::ea4bc858-ba13-4f97-9df3-c543d8f3d44c,T1537,T1537,Exfil data to cloud account,27,1,0,0,Transfer Data to Cloud Account,Exfil data to cloud account,data_v2/repro_external/ctid/raw_yaml/menu_pass.yaml,2b964302dd76da8744d287d4a6b5192e918310ee1f909b90e38e89dce89413c3
ctid,menu_pass::unknown,10,ctid::menu_pass::8911d502-747a-4155-adcd-b03a1f284ee7,T1047,T1047,Using wmiexec.vbs to execute tactical malware,45,1,0,0,Windows Management Instrumentation,Using wmiexec.vbs to execute tactical malware,data_v2/repro_external/ctid/raw_yaml/menu_pass.yaml,2b964302dd76da8744d287d4a6b5192e918310ee1f909b90e38e89dce89413c3
ctid,menu_pass::unknown,11,ctid::menu_pass::236d1357-64f9-4a98-afc1-bccaa89aba8c,T1553.005,T1553,menuPass is reported to have used scheduled tasks to persist,60,1,0,0,Scheduled Task Persistence,menuPass is reported to have used scheduled tasks to persist,data_v2/repro_external/ctid/raw_yaml/menu_pass.yaml,2b964302dd76da8744d287d4a6b5192e918310ee1f909b90e38e89dce89413c3
ctid,oilrig::unknown,0,ctid::oilrig::ed2471a9-1eeb-4787-a5d8-61f66b278a50,T1082,T1082,Executes the payload to collect the hostname of the victim machine.,67,1,0,0,OilRig Execute VBS payload to collect hostname,Executes the payload to collect the hostname of the victim machine.,data_v2/repro_external/ctid/raw_yaml/oilrig.yaml,52d12e12b81e0340dc5b3a2e0eaafd71676957ed1831b2f6e809c2773df6356b
ctid,oilrig::unknown,1,ctid::oilrig::88378065-bedf-46b9-a8b7-bc5897f4abcb,T1033,T1033,Executes the payload to collect the username of the victim machine.,67,1,0,0,OilRig Execute VBS payload to collect username,Executes the payload to collect the username of the victim machine.,data_v2/repro_external/ctid/raw_yaml/oilrig.yaml,52d12e12b81e0340dc5b3a2e0eaafd71676957ed1831b2f6e809c2773df6356b
ctid,oilrig::unknown,2,ctid::oilrig::a9861ea9-4f9a-46c9-ba60-15a02806dfdc,T1082,T1082,Find the hostname,17,1,0,0,OilRig Collect hostname,Find the hostname,data_v2/repro_external/ctid/raw_yaml/oilrig.yaml,52d12e12b81e0340dc5b3a2e0eaafd71676957ed1831b2f6e809c2773df6356b
ctid,oilrig::unknown,3,ctid::oilrig::628e8ad3-14af-4670-b797-bcf175a42842,T1016,T1016,View network configuration information for host,47,1,0,0,OilRig Network Interface Configuration,View network configuration information for host,data_v2/repro_external/ctid/raw_yaml/oilrig.yaml,52d12e12b81e0340dc5b3a2e0eaafd71676957ed1831b2f6e809c2773df6356b
ctid,oilrig::unknown,4,ctid::oilrig::13d5ab62-c05a-4d25-bd8f-e3b27a5be611,T1087.002,T1087,The net utility is executed via cmd to enumerate domain user accounts.,70,1,0,0,OilRig Domain Account Discovery,The net utility is executed via cmd to enumerate domain user accounts.,data_v2/repro_external/ctid/raw_yaml/oilrig.yaml,52d12e12b81e0340dc5b3a2e0eaafd71676957ed1831b2f6e809c2773df6356b
ctid,oilrig::unknown,5,ctid::oilrig::e0b534a6-bff3-4964-8f7b-863ddee224b0,T1069.002,T1069,The net utility is executed via cmd to enumerate group accounts.,64,1,0,0,OilRig Group Account Discovery,The net utility is executed via cmd to enumerate group accounts.,data_v2/repro_external/ctid/raw_yaml/oilrig.yaml,52d12e12b81e0340dc5b3a2e0eaafd71676957ed1831b2f6e809c2773df6356b
ctid,oilrig::unknown,6,ctid::oilrig::41ce9dd8-dc9f-4fba-8ce9-9ef5aaee3d19,T1021,T1021,View domain account settings and password policy,48,1,0,0,OilRig List domain account settings,View domain account settings and password policy,data_v2/repro_external/ctid/raw_yaml/oilrig.yaml,52d12e12b81e0340dc5b3a2e0eaafd71676957ed1831b2f6e809c2773df6356b
ctid,oilrig::unknown,7,ctid::oilrig::821fd81e-2086-4ea6-b792-fb9e044e2323,T1087.001,T1087,Enumerate user accounts,23,1,0,0,OilRig Local Account Discovery,Enumerate user accounts,data_v2/repro_external/ctid/raw_yaml/oilrig.yaml,52d12e12b81e0340dc5b3a2e0eaafd71676957ed1831b2f6e809c2773df6356b
ctid,oilrig::unknown,8,ctid::oilrig::ae4e4c08-82cb-4a17-a873-660f851a1a38,T1069.001,T1069,"View the details and members of the ""administrators"" local group",64,1,0,0,"OilRig ""administrators"" local group discovery","View the details and members of the ""administrators"" local group",data_v2/repro_external/ctid/raw_yaml/oilrig.yaml,52d12e12b81e0340dc5b3a2e0eaafd71676957ed1831b2f6e809c2773df6356b
ctid,oilrig::unknown,9,ctid::oilrig::cb8e9faa-ac00-48d8-a359-88044a2c0252,T1049,T1049,Find system network connections,31,1,0,0,OilRig View Network Connections,Find system network connections,data_v2/repro_external/ctid/raw_yaml/oilrig.yaml,52d12e12b81e0340dc5b3a2e0eaafd71676957ed1831b2f6e809c2773df6356b
ctid,oilrig::unknown,10,ctid::oilrig::de39f574-f6cc-4026-973e-c5370b36220b,T1057,T1057,View running processes on system,32,1,0,0,OilRig Process discovery,View running processes on system,data_v2/repro_external/ctid/raw_yaml/oilrig.yaml,52d12e12b81e0340dc5b3a2e0eaafd71676957ed1831b2f6e809c2773df6356b
ctid,oilrig::unknown,11,ctid::oilrig::e6eb7d18-606e-4889-8924-f75cafa92811,T1007,T1007,Gather information about registered local system services,57,1,0,0,OilRig System Service Discovery,Gather information about registered local system services,data_v2/repro_external/ctid/raw_yaml/oilrig.yaml,52d12e12b81e0340dc5b3a2e0eaafd71676957ed1831b2f6e809c2773df6356b
ctid,oilrig::unknown,12,ctid::oilrig::178bb431-4eaf-43b1-922c-f484ab54bbee,T1082,T1082,Gather detailed system information,34,1,0,0,OilRig System Information Discovery,Gather detailed system information,data_v2/repro_external/ctid/raw_yaml/oilrig.yaml,52d12e12b81e0340dc5b3a2e0eaafd71676957ed1831b2f6e809c2773df6356b
ctid,oilrig::unknown,13,ctid::oilrig::09502b3c-7541-4c11-92a9-f55e683a6355,T1012,T1012,Query the Windows registry key HKEY_CURRENT_USER\Software\Microsoft\Terminal Server Client\Default,98,1,0,0,OilRig Query Registry,Query the Windows registry key HKEY_CURRENT_USER\Software\Microsoft\Terminal Server Client\Default,data_v2/repro_external/ctid/raw_yaml/oilrig.yaml,52d12e12b81e0340dc5b3a2e0eaafd71676957ed1831b2f6e809c2773df6356b
ctid,oilrig::unknown,14,ctid::oilrig::7971246d-1392-411e-a803-a7946cf9e4d2,T1087.002,T1087,The net utility is executed via cmd to enumerate detailed information about the Gosta user account,98,1,0,0,"OilRig Targeted ""Gosta"" Account Discovery",The net utility is executed via cmd to enumerate detailed information about the Gosta user account,data_v2/repro_external/ctid/raw_yaml/oilrig.yaml,52d12e12b81e0340dc5b3a2e0eaafd71676957ed1831b2f6e809c2773df6356b
ctid,oilrig::unknown,15,ctid::oilrig::6a7b4ba0-a9bb-451d-ba9f-d3a2e8a82ffe,T1069.002,T1069,"The net utility is executed via cmd to enumerate the ""SQL Admins"" group",71,1,0,0,"OilRig ""SQL Admins"" Group Discovery","The net utility is executed via cmd to enumerate the ""SQL Admins"" group",data_v2/repro_external/ctid/raw_yaml/oilrig.yaml,52d12e12b81e0340dc5b3a2e0eaafd71676957ed1831b2f6e809c2773df6356b
ctid,oilrig::unknown,16,ctid::oilrig::f9f1bd68-ec0a-47e7-8645-210844190d92,T1018,T1018,Perform DNS lookup for WATERFALLS,33,1,0,0,OilRig nslookup WATERFALLS,Perform DNS lookup for WATERFALLS,data_v2/repro_external/ctid/raw_yaml/oilrig.yaml,52d12e12b81e0340dc5b3a2e0eaafd71676957ed1831b2f6e809c2773df6356b
ctid,oilrig::unknown,17,ctid::oilrig::a23fb84f-dfb7-4d07-a6ec-0352ae983651,T1555.004,T1555,Create a SQLite database with output of Windows Credential Value for Internet Explorer,86,1,0,0,OilRig Dump Credentials from Windows Credential Manager,Create a SQLite database with output of Windows Credential Value for Internet Explorer,data_v2/repro_external/ctid/raw_yaml/oilrig.yaml,52d12e12b81e0340dc5b3a2e0eaafd71676957ed1831b2f6e809c2773df6356b
ctid,oilrig::unknown,18,ctid::oilrig::021245dd-c0be-4900-bd6c-1c680f00a237,T1041,T1041,Exfil the SQLite database fsociety.dat created by b.exe,55,1,0,0,OilRig Exfil fsociety.dat,Exfil the SQLite database fsociety.dat created by b.exe,data_v2/repro_external/ctid/raw_yaml/oilrig.yaml,52d12e12b81e0340dc5b3a2e0eaafd71676957ed1831b2f6e809c2773df6356b
ctid,oilrig::unknown,19,ctid::oilrig::2f3be960-5c00-4f03-a9c2-da09c31d38d9,T1105,T1105,SystemFailureReporter.exe downloads contact.aspx,48,1,0,0,OilRig Copy webshell to THEBLOCK,SystemFailureReporter.exe downloads contact.aspx,data_v2/repro_external/ctid/raw_yaml/oilrig.yaml,52d12e12b81e0340dc5b3a2e0eaafd71676957ed1831b2f6e809c2773df6356b
ctid,oilrig::unknown,20,ctid::oilrig::7aaecfb7-a1eb-477c-8d53-ab3009389623,T1505.003,T1505,contact.aspx is copied from THEBLOCK to WATERFALL to the Exchange Web Services directory. This ability implements Step 4.A.3.,125,1,0,0,OilRig Copy webshell to WATERFALLS,contact.aspx is copied from THEBLOCK to WATERFALL to the Exchange Web Services directory. This ability implements Step 4.A.3.,data_v2/repro_external/ctid/raw_yaml/oilrig.yaml,52d12e12b81e0340dc5b3a2e0eaafd71676957ed1831b2f6e809c2773df6356b
ctid,oilrig::unknown,21,ctid::oilrig::5f7dc4b3-1287-4a25-b0b0-b6e73756cc11,T1082,T1082,Set file hidden attribute for contact.aspx on WATERFALLS,56,1,0,0,OilRig Set file hidden attribute,Set file hidden attribute for contact.aspx on WATERFALLS,data_v2/repro_external/ctid/raw_yaml/oilrig.yaml,52d12e12b81e0340dc5b3a2e0eaafd71676957ed1831b2f6e809c2773df6356b
ctid,oilrig::unknown,22,ctid::oilrig::87d3322b-a435-47b5-9f97-a8db4f86dad5,T1033,T1033,Attacker machine obtains user from current session gosta's current session on 10.1.0.6,86,1,0,0,OilRig Current User (Kali Agent),Attacker machine obtains user from current session gosta's current session on 10.1.0.6,data_v2/repro_external/ctid/raw_yaml/oilrig.yaml,52d12e12b81e0340dc5b3a2e0eaafd71676957ed1831b2f6e809c2773df6356b
ctid,oilrig::unknown,23,ctid::oilrig::48927544-5a18-11ed-9b6a-0242ac120002,T1016,T1016,Attacker machine views network configuration information for gosta on 10.1.0.6,78,1,0,0,OilRig Network Interface Configuration (Kali Agent),Attacker machine views network configuration information for gosta on 10.1.0.6,data_v2/repro_external/ctid/raw_yaml/oilrig.yaml,52d12e12b81e0340dc5b3a2e0eaafd71676957ed1831b2f6e809c2773df6356b
ctid,oilrig::unknown,24,ctid::oilrig::5c279562-a004-4d9c-9ec6-a7dc4997f699,T1049,T1049,Attacker machine views system network connections for gosta on 10.1.0.6,71,1,0,0,OilRig View Network Connections (Kali Agent),Attacker machine views system network connections for gosta on 10.1.0.6,data_v2/repro_external/ctid/raw_yaml/oilrig.yaml,52d12e12b81e0340dc5b3a2e0eaafd71676957ed1831b2f6e809c2773df6356b
ctid,oilrig::unknown,25,ctid::oilrig::f96e8195-8b0f-4b87-bdce-748dfda2861f,T1105,T1105,Download Mimikatz,17,1,0,0,OilRig Download Mimikatz (Kali Agent),Download Mimikatz,data_v2/repro_external/ctid/raw_yaml/oilrig.yaml,52d12e12b81e0340dc5b3a2e0eaafd71676957ed1831b2f6e809c2773df6356b
ctid,oilrig::unknown,26,ctid::oilrig::f01e86f9-0b66-4191-beee-324c380690df,T1003.001,T1003,Dump credentials using Mimikatz,31,1,0,0,OilRig Execute Mimikatz (Kali Agent),Dump credentials using Mimikatz,data_v2/repro_external/ctid/raw_yaml/oilrig.yaml,52d12e12b81e0340dc5b3a2e0eaafd71676957ed1831b2f6e809c2773df6356b
ctid,oilrig::unknown,27,ctid::oilrig::845d36f1-13b6-4d42-a384-aa2f4af9bc27,T1041,T1041,Exfiltrate the resulting output file to the attacker system,59,1,0,0,OilRig Exfiltrate Mimikatz Output (Kali Agent),Exfiltrate the resulting output file to the attacker system,data_v2/repro_external/ctid/raw_yaml/oilrig.yaml,52d12e12b81e0340dc5b3a2e0eaafd71676957ed1831b2f6e809c2773df6356b
ctid,oilrig::unknown,28,ctid::oilrig::6482ba12-fa47-409c-bab8-704de6475e38,T1070.004,T1070,Clean up by removing the binary and output file,47,1,0,0,OilRig Delete Mimikatz and MimiKatz Output (Kali Agent),Clean up by removing the binary and output file,data_v2/repro_external/ctid/raw_yaml/oilrig.yaml,52d12e12b81e0340dc5b3a2e0eaafd71676957ed1831b2f6e809c2773df6356b
ctid,oilrig::unknown,29,ctid::oilrig::f3df5a83-2a5a-4277-8763-8fb51032d3fc,T1105,T1105,Download Plink in order to gain RDP access,42,1,0,0,OilRig Download Plink,Download Plink in order to gain RDP access,data_v2/repro_external/ctid/raw_yaml/oilrig.yaml,52d12e12b81e0340dc5b3a2e0eaafd71676957ed1831b2f6e809c2773df6356b
ctid,oilrig::unknown,30,ctid::oilrig::212995b5-acfc-404b-b3a9-a19cc0afa9a5,T1572,T1572,Run Plink,9,1,0,0,OilRig Run Plink,Run Plink,data_v2/repro_external/ctid/raw_yaml/oilrig.yaml,52d12e12b81e0340dc5b3a2e0eaafd71676957ed1831b2f6e809c2773df6356b
ctid,oilrig::unknown,31,ctid::oilrig::dc2efbdd-3ab4-44a0-9839-385540b8a8cc,T1021.001,T1021,RDP to 10.1.0.6 using xfreerdp,30,1,0,0,OilRig RDP to WATERFALLS,RDP to 10.1.0.6 using xfreerdp,data_v2/repro_external/ctid/raw_yaml/oilrig.yaml,52d12e12b81e0340dc5b3a2e0eaafd71676957ed1831b2f6e809c2773df6356b
ctid,oilrig::unknown,32,ctid::oilrig::5cb977ae-87c8-450f-b016-f414b42ba60f,T1105,T1105,OilRig uses the webshell to download PsExec as ps.exe to WATERFALLS,67,1,0,0,OilRig Downloads PsExec,OilRig uses the webshell to download PsExec as ps.exe to WATERFALLS,data_v2/repro_external/ctid/raw_yaml/oilrig.yaml,52d12e12b81e0340dc5b3a2e0eaafd71676957ed1831b2f6e809c2773df6356b
ctid,oilrig::unknown,33,ctid::oilrig::44073aa3-70e9-4a48-86b7-c25b6f29c25c,T1569.002,T1569,"Requires xdotool to be installed on the running machine. Uses xdotool to control the RDP window to 10.1.0.6 that was opened in Step 7.A.4. Executes Mimikatz PTH, copies RDAT to 10.1.0.7, and PsExecs to the SQL server",216,1,0,0,OilRig PSEXEC is used to execute commands on ENDOFROAD,"Requires xdotool to be installed on the running machine.
Uses xdotool to control the RDP window to 10.1.0.6 that was opened in Step 7.A.4.
Executes Mimikatz PTH, copies RDAT to 10.1.0.7, and PsExecs to the SQL server",data_v2/repro_external/ctid/raw_yaml/oilrig.yaml,52d12e12b81e0340dc5b3a2e0eaafd71676957ed1831b2f6e809c2773df6356b
ctid,oilrig::unknown,34,ctid::oilrig::f1f34439-ca0d-4fe7-99af-a198a29b6a3e,T1083,T1083,Requires xdotool to be installed on the running machine. Uses xdotool to execute file and directory discovery commands on ENDOFROAD,131,1,0,0,OilRig File and Directory Discovery on ENDOFROAD,"Requires xdotool to be installed on the running machine.
Uses xdotool to execute file and directory discovery commands on ENDOFROAD",data_v2/repro_external/ctid/raw_yaml/oilrig.yaml,52d12e12b81e0340dc5b3a2e0eaafd71676957ed1831b2f6e809c2773df6356b
ctid,oilrig::unknown,35,ctid::oilrig::885c14a2-bc56-4176-8671-4cb25489ae39,T1048.003,T1048,Requires xdotool to be installed on the running machine. Creates a directory to stage collected data and moves RDAT to the newly created directory. Read and exfiltrate the data from sitedata_db.bak in chunks via EWS API to an attacker-controlled email.,252,1,0,0,OilRig Exfiltrate Data via EWS API to attacker-controlled email,"Requires xdotool to be installed on the running machine.
Creates a directory to stage collected data and moves RDAT to the newly created directory.
Read and exfiltrate the data from sitedata_db.bak in chunks via EWS API to an attacker-controlled email.",data_v2/repro_external/ctid/raw_yaml/oilrig.yaml,52d12e12b81e0340dc5b3a2e0eaafd71676957ed1831b2f6e809c2773df6356b
ctid,oilrig::unknown,36,ctid::oilrig::0c5cf9e2-3152-4b4c-9629-2ed7a00da09d,T1070.004,T1070,Requires xdotool to be installed on the running machine. Emulates OilRig's cleanup and egress from the target network.,118,1,0,0,OilRig Cleanup via RDP,"Requires xdotool to be installed on the running machine.
Emulates OilRig's cleanup and egress from the target network.",data_v2/repro_external/ctid/raw_yaml/oilrig.yaml,52d12e12b81e0340dc5b3a2e0eaafd71676957ed1831b2f6e809c2773df6356b
ctid,sandworm::unknown,0,ctid::sandworm::60c4ddd6-2ce0-4f5c-8ddb-c5eccd744686,T1105,T1105,"Sandworm logs into patient zero via SSH using Valid Accounts. It is unknown how Sandworm obtained the credentials (perhaps an SSH password guessing attack, or zero day exploit). Sandworm then deploys a PHP webshell for persistent access. This ability must be run by an agent running on the attacker-controlled machine (e.g. on the C2 server itself), since it will target patient zero. Requires sshpass to be installed on attacker-controlled machine (sudo apt install sshpass).",476,1,0,0,Sandworm Initial Compromise - Transfer Webshell,"Sandworm logs into patient zero via SSH using Valid Accounts. It is unknown how Sandworm obtained the credentials
(perhaps an SSH password guessing attack, or zero day exploit).
Sandworm then deploys a PHP webshell for persistent access. This ability must be run by an agent running on the
attacker-controlled machine (e.g. on the C2 server itself), since it will target patient zero. Requires sshpass
to be installed on attacker-controlled machine (sudo apt install sshpass).",data_v2/repro_external/ctid/raw_yaml/sandworm.yaml,e6d8902a34e83925cb1dee25f501b02026f1a67ea5d6770ec57b7500077e0f85
ctid,sandworm::unknown,1,ctid::sandworm::6249ff61-75ec-4ead-8ca2-e8d9fbbc225a,T1505.003,T1505,"Sandworm logs into patient zero via SSH using Valid Accounts. It is unknown how Sandworm obtained the credentials (perhaps an SSH password guessing attack, or zero day exploit). Sandworm then deploys a PHP webshell for persistent access. This ability must be run by an agent running on the attacker-controlled machine (e.g. on the C2 server itself), since it will target patient zero. Requires sshpass to be installed on attacker-controlled machine (sudo apt install sshpass).",476,1,0,0,Sandworm Initial Compromise - Deploy Webshell,"Sandworm logs into patient zero via SSH using Valid Accounts. It is unknown how Sandworm obtained the credentials
(perhaps an SSH password guessing attack, or zero day exploit).
Sandworm then deploys a PHP webshell for persistent access. This ability must be run by an agent running on the
attacker-controlled machine (e.g. on the C2 server itself), since it will target patient zero. Requires sshpass
to be installed on attacker-controlled machine (sudo apt install sshpass).",data_v2/repro_external/ctid/raw_yaml/sandworm.yaml,e6d8902a34e83925cb1dee25f501b02026f1a67ea5d6770ec57b7500077e0f85
ctid,sandworm::unknown,2,ctid::sandworm::06dd8117-caaf-4535-a70f-cc31268fd9b8,T1033,T1033,"Sandworm collects the username from a compromised host by issuing shell commands through the PHP webshell. This ability must be run by an agent running on the attacker-controlled machine (e.g. on the C2 server itself), since it will target patient zero. Requires curl to be installed on the attacker-controlled machine.",319,1,0,0,Sandworm Initial Discovery via Webshell - Whoami,"Sandworm collects the username from a compromised host by issuing shell commands through the PHP webshell.
This ability must be run by an agent running on the attacker-controlled machine (e.g. on the C2 server itself),
since it will target patient zero. Requires curl to be installed on the attacker-controlled machine.",data_v2/repro_external/ctid/raw_yaml/sandworm.yaml,e6d8902a34e83925cb1dee25f501b02026f1a67ea5d6770ec57b7500077e0f85
ctid,sandworm::unknown,3,ctid::sandworm::75efc0b8-eafa-4300-8e7b-5e56179944e8,T1082,T1082,"Sandworm enumerates information about the infected system's operating system by issuing shell commands through the PHP webshell. This ability must be run by an agent running on the attacker-controlled machine (e.g. on the C2 server itself), since it will target patient zero. Requires curl to be installed on the attacker-controlled machine.",341,1,0,0,Sandworm Initial Discovery via Webshell - Uname,"Sandworm enumerates information about the infected system's operating system by issuing shell commands through the
PHP webshell.
This ability must be run by an agent running on the attacker-controlled machine (e.g. on the C2 server itself),
since it will target patient zero. Requires curl to be installed on the attacker-controlled machine.",data_v2/repro_external/ctid/raw_yaml/sandworm.yaml,e6d8902a34e83925cb1dee25f501b02026f1a67ea5d6770ec57b7500077e0f85
ctid,sandworm::unknown,4,ctid::sandworm::65dd006d-a76e-423d-83f2-6c29b66690e1,T1083,T1083,"Sandworm enumerates files on a compromised host by issuing shell commands through the PHP webshell. This ability must be run by an agent running on the attacker-controlled machine (e.g. on the C2 server itself), since it will target patient zero. Requires curl to be installed on the attacker-controlled machine.",312,1,0,0,Sandworm Initial Discovery via Webshell - ls,"Sandworm enumerates files on a compromised host by issuing shell commands through the PHP webshell.
This ability must be run by an agent running on the attacker-controlled machine (e.g. on the C2 server itself),
since it will target patient zero. Requires curl to be installed on the attacker-controlled machine.",data_v2/repro_external/ctid/raw_yaml/sandworm.yaml,e6d8902a34e83925cb1dee25f501b02026f1a67ea5d6770ec57b7500077e0f85
ctid,sandworm::unknown,5,ctid::sandworm::c7e4a043-e67a-4199-8e52-d7d5219a7614,T1003.008,T1003,"Sandworm displays the /etc/passwd file on a compromised host by issuing shell commands through the PHP webshell. This ability must be run by an agent running on the attacker-controlled machine (e.g. on the C2 server itself), since it will target patient zero. Requires curl to be installed on the attacker-controlled machine.",325,1,0,0,Sandworm Initial Discovery via Webshell - cat /etc/passwd,"Sandworm displays the /etc/passwd file on a compromised host by issuing shell commands through the PHP webshell.
This ability must be run by an agent running on the attacker-controlled machine (e.g. on the C2 server itself),
since it will target patient zero. Requires curl to be installed on the attacker-controlled machine.",data_v2/repro_external/ctid/raw_yaml/sandworm.yaml,e6d8902a34e83925cb1dee25f501b02026f1a67ea5d6770ec57b7500077e0f85
ctid,sandworm::unknown,6,ctid::sandworm::a85bd5a0-c977-4fd1-b339-97fffed54f8c,T1105,T1105,"Sandworm downloads an ELF executable from the control server using curl. Once downloaded to disk, Sandworm sets the file permissions to read-write-execute. This ability must be run by an agent running on the attacker-controlled machine (e.g. on the C2 server itself), since it will target patient zero. Requires curl to be installed on the attacker-controlled machine.",368,1,0,0,Sandworm Download Agent Executable,"Sandworm downloads an ELF executable from the control server using curl.
Once downloaded to disk, Sandworm sets the file permissions to read-write-execute.
This ability must be run by an agent running on the attacker-controlled machine (e.g. on the C2 server itself),
since it will target patient zero. Requires curl to be installed on the attacker-controlled machine.",data_v2/repro_external/ctid/raw_yaml/sandworm.yaml,e6d8902a34e83925cb1dee25f501b02026f1a67ea5d6770ec57b7500077e0f85
ctid,sandworm::unknown,7,ctid::sandworm::decf0a4d-6ff1-474f-af0c-5b652401a5e4,T1548.001,T1548,"Sandworm executes the downloaded agent executable by running SUID binary /bin/backup. This binary executes check.sh, which causes the agent to be executed with root privileges. This ability must be run by an agent running on the attacker-controlled machine (e.g. on the C2 server itself), since it will target patient zero. Requires curl to be installed on the attacker-controlled machine.",389,1,0,0,Sandworm Set Up SUID for Agent Execution,"Sandworm executes the downloaded agent executable by running SUID binary /bin/backup.
This binary executes check.sh, which causes the agent to be executed with root privileges.
This ability must be run by an agent running on the attacker-controlled machine (e.g. on the C2 server itself),
since it will target patient zero. Requires curl to be installed on the attacker-controlled machine.",data_v2/repro_external/ctid/raw_yaml/sandworm.yaml,e6d8902a34e83925cb1dee25f501b02026f1a67ea5d6770ec57b7500077e0f85
ctid,sandworm::unknown,8,ctid::sandworm::f6d72009-d093-461a-986c-e1ab9b04db51,T1053.003,T1053,Sandworm establishes crontab persistence.,41,1,0,0,Sandworm Establish Crontab Persistence,Sandworm establishes crontab persistence.,data_v2/repro_external/ctid/raw_yaml/sandworm.yaml,e6d8902a34e83925cb1dee25f501b02026f1a67ea5d6770ec57b7500077e0f85
ctid,sandworm::unknown,9,ctid::sandworm::82d61362-0f60-45d9-a3e1-26ec20cb3387,T1543.002,T1543,Sandworm establishes systemd persistence.,41,1,0,0,Sandworm Establish Systemd Persistence,Sandworm establishes systemd persistence.,data_v2/repro_external/ctid/raw_yaml/sandworm.yaml,e6d8902a34e83925cb1dee25f501b02026f1a67ea5d6770ec57b7500077e0f85
ctid,sandworm::unknown,10,ctid::sandworm::8e965415-40be-40f8-8786-da4f67748fef,T1003.008,T1003,Sandworm reads /etc/shadow. Note: not in CTI but in TTP scope.,62,1,0,0,Sandworm Read /etc/shadow,Sandworm reads /etc/shadow. Note: not in CTI but in TTP scope.,data_v2/repro_external/ctid/raw_yaml/sandworm.yaml,e6d8902a34e83925cb1dee25f501b02026f1a67ea5d6770ec57b7500077e0f85
ctid,sandworm::unknown,11,ctid::sandworm::40934e60-6b0d-4d3b-a8f5-ad111c6a0abc,T1552.003,T1552,Sandworm reads bash history. Note: not in CTI but in TTP scope.,63,1,0,0,Sandworm Get Bash History,Sandworm reads bash history. Note: not in CTI but in TTP scope.,data_v2/repro_external/ctid/raw_yaml/sandworm.yaml,e6d8902a34e83925cb1dee25f501b02026f1a67ea5d6770ec57b7500077e0f85
ctid,sandworm::unknown,12,ctid::sandworm::ee1e23ad-87d4-4d69-932f-2e5631508c8e,T1021.002,T1021,"Sandworm Team has pushed additional malicious tools onto an infected system to steal user credentials, move laterally, and destroy data. Sandworm Team has used previously acquired legitimate credentials prior to attacks. This ability must be run by an agent running on the attacker-controlled machine (e.g. on the C2 server itself).",332,1,0,0,Sandworm Upload Agent to Windows Host,"Sandworm Team has pushed additional malicious tools onto an infected system to steal user credentials, move laterally, and destroy data.
Sandworm Team has used previously acquired legitimate credentials prior to attacks.
This ability must be run by an agent running on the attacker-controlled machine (e.g. on the C2 server itself).",data_v2/repro_external/ctid/raw_yaml/sandworm.yaml,e6d8902a34e83925cb1dee25f501b02026f1a67ea5d6770ec57b7500077e0f85
ctid,sandworm::unknown,13,ctid::sandworm::57771abd-0789-4dda-bb02-31359e6860db,T1569.002,T1569,"Uses psexec.py to gain a bind-shell to target over SMB (TCP 445). Loads the registry hive for target user. Set registry persistence for target user only, which will execute the previously uploaded agent executable. This ability must be run by an agent running on the attacker-controlled machine (e.g. on the C2 server itself).",326,1,0,0,Sandworm Service Creation/Execution and Registry Persistence,"Uses psexec.py to gain a bind-shell to target over SMB (TCP 445).
Loads the registry hive for target user. Set registry persistence for target user only, which will
execute the previously uploaded agent executable.
This ability must be run by an agent running on the attacker-controlled machine (e.g. on the C2 server itself).",data_v2/repro_external/ctid/raw_yaml/sandworm.yaml,e6d8902a34e83925cb1dee25f501b02026f1a67ea5d6770ec57b7500077e0f85
ctid,sandworm::unknown,14,ctid::sandworm::c4c08a1f-15d6-4dfd-9ba7-9b61594762ff,T1547.001,T1547,RDP into target host to trigger the registry persistence which will execute the uploaded agent implant. This ability must be run by an agent running on the attacker-controlled machine (e.g. on the C2 server itself).,215,1,0,0,Sandworm RDP to Execute Agent Implant,"RDP into target host to trigger the registry persistence which will execute the uploaded agent implant.
This ability must be run by an agent running on the attacker-controlled machine (e.g. on the C2 server itself).",data_v2/repro_external/ctid/raw_yaml/sandworm.yaml,e6d8902a34e83925cb1dee25f501b02026f1a67ea5d6770ec57b7500077e0f85
ctid,sandworm::unknown,15,ctid::sandworm::e870a202-354f-4214-82e6-c5f88cb33b65,T1033,T1033,Sandworm Team has collected the username from a compromised host.,65,1,0,0,Sandworm Windows Discovery - Current User,Sandworm Team has collected the username from a compromised host.,data_v2/repro_external/ctid/raw_yaml/sandworm.yaml,e6d8902a34e83925cb1dee25f501b02026f1a67ea5d6770ec57b7500077e0f85
ctid,sandworm::unknown,16,ctid::sandworm::90cbd004-d5e9-4b05-9abe-12b93f77ede3,T1082,T1082,Sandworm Team enumerates information about the infected system's operating system.,82,1,0,0,Sandworm Windows Discovery - Windows Version Info,Sandworm Team enumerates information about the infected system's operating system.,data_v2/repro_external/ctid/raw_yaml/sandworm.yaml,e6d8902a34e83925cb1dee25f501b02026f1a67ea5d6770ec57b7500077e0f85
ctid,sandworm::unknown,17,ctid::sandworm::fa3ea4c1-c980-41b1-be78-c8c932d68e98,T1083,T1083,Sandworm Team has enumerated files on a compromised host.,57,1,0,0,Sandworm Windows Discovery - List Entire File System,Sandworm Team has enumerated files on a compromised host.,data_v2/repro_external/ctid/raw_yaml/sandworm.yaml,e6d8902a34e83925cb1dee25f501b02026f1a67ea5d6770ec57b7500077e0f85
ctid,sandworm::unknown,18,ctid::sandworm::73decaa1-5ba3-4739-812d-633929a158fd,T1049,T1049,"Sandworm Team had gathered user, IP address, and server data related to RDP sessions on a compromised host.",107,1,0,0,Sandworm Windows Discovery - List RDP Connections,"Sandworm Team had gathered user, IP address, and server data related to RDP sessions on a compromised host.",data_v2/repro_external/ctid/raw_yaml/sandworm.yaml,e6d8902a34e83925cb1dee25f501b02026f1a67ea5d6770ec57b7500077e0f85
ctid,sandworm::unknown,19,ctid::sandworm::9a438a2a-c95b-4fd2-a29f-8b1250fc3adc,T1105,T1105,"Sandworm downloads web credential dumper oradump.exe to disk. oradump.exe is a variant of the open source tool, LaZagne. It has been refactored, some functionality removed, and compiled into a portable executable via PyInstaller.",229,1,0,0,Sandworm Download Web Credential Dumper,"Sandworm downloads web credential dumper oradump.exe to disk.
oradump.exe is a variant of the open source tool, LaZagne.
It has been refactored, some functionality removed, and compiled into a portable executable via PyInstaller.",data_v2/repro_external/ctid/raw_yaml/sandworm.yaml,e6d8902a34e83925cb1dee25f501b02026f1a67ea5d6770ec57b7500077e0f85
ctid,sandworm::unknown,20,ctid::sandworm::1da1b17e-66fd-4f39-bf10-203570a62624,T1555.003,T1555,Sandworm executes web credential dumper oradump.exe.,52,1,0,0,Sandworm Execute Web Credential Dumper,Sandworm executes web credential dumper oradump.exe.,data_v2/repro_external/ctid/raw_yaml/sandworm.yaml,e6d8902a34e83925cb1dee25f501b02026f1a67ea5d6770ec57b7500077e0f85
ctid,sandworm::unknown,21,ctid::sandworm::ccbb3c07-dc04-46f5-83d3-54fe71deab3c,T1105,T1105,Sandworm downloads keylogger to disk.,37,1,0,0,Sandworm Download Keylogger,Sandworm downloads keylogger to disk.,data_v2/repro_external/ctid/raw_yaml/sandworm.yaml,e6d8902a34e83925cb1dee25f501b02026f1a67ea5d6770ec57b7500077e0f85
ctid,sandworm::unknown,22,ctid::sandworm::1d317399-d786-4c58-889f-01cf496ba5d2,T1056.001,T1056,Sandworm runs the keylogger in the background to log keystrokes to mslog.txt. Sandworm Team has used a keylogger to capture keystrokes by using the SetWindowsHookEx function.,174,1,0,0,Sandworm Log Keystrokes,"Sandworm runs the keylogger in the background to log keystrokes to mslog.txt.
Sandworm Team has used a keylogger to capture keystrokes by using the SetWindowsHookEx function.",data_v2/repro_external/ctid/raw_yaml/sandworm.yaml,e6d8902a34e83925cb1dee25f501b02026f1a67ea5d6770ec57b7500077e0f85
ctid,sandworm::unknown,23,ctid::sandworm::854c63de-cc94-4581-81b0-4c2292123898,T1041,T1041,Reads contents of the mslog.txt keystroke file and uploads the file to the C2 server.,85,1,0,0,Sandworm Upload Keystroke File,Reads contents of the mslog.txt keystroke file and uploads the file to the C2 server.,data_v2/repro_external/ctid/raw_yaml/sandworm.yaml,e6d8902a34e83925cb1dee25f501b02026f1a67ea5d6770ec57b7500077e0f85
ctid,sandworm::unknown,24,ctid::sandworm::65639630-733c-4179-8543-2c64cb577ca0,T1056.001,T1056,Terminates the mslog.exe keystroke process.,43,1,0,0,Sandworm Stop Keystroke Logger,Terminates the mslog.exe keystroke process.,data_v2/repro_external/ctid/raw_yaml/sandworm.yaml,e6d8902a34e83925cb1dee25f501b02026f1a67ea5d6770ec57b7500077e0f85
ctid,sandworm::unknown,25,ctid::sandworm::6222bcab-b7ec-4523-a236-273d48270649,T1018,T1018,Sandworm Enumerate all domain hosts via dsquery.exe in preparation for notpetya deployment.,91,1,0,0,Sandworm Remote System Discovery (dsquery),Sandworm Enumerate all domain hosts via dsquery.exe in preparation for notpetya deployment.,data_v2/repro_external/ctid/raw_yaml/sandworm.yaml,e6d8902a34e83925cb1dee25f501b02026f1a67ea5d6770ec57b7500077e0f85
ctid,sandworm::unknown,26,ctid::sandworm::d91962e6-cb75-4f29-b2ce-36db15415e40,T1070.004,T1070,Sandworm Team has used backdoors that can delete files used in an attack from an infected system.,97,1,0,0,Sandworm Cleanup Artifacts,Sandworm Team has used backdoors that can delete files used in an attack from an infected system.,data_v2/repro_external/ctid/raw_yaml/sandworm.yaml,e6d8902a34e83925cb1dee25f501b02026f1a67ea5d6770ec57b7500077e0f85
ctid,sandworm::unknown,27,ctid::sandworm::2093de68-db55-4c75-82d1-3abd5fc58028,T1021.001,T1021,"End the RDP session to the second target. This ability must be run by an agent running on the attacker-controlled machine (e.g. on the C2 server itself), since the RDP connection originates from the attacker's machine.",218,1,0,0,Terminate RDP Session to Second Target (Gammu),"End the RDP session to the second target.
This ability must be run by an agent running on the attacker-controlled machine (e.g. on the C2 server itself),
since the RDP connection originates from the attacker's machine.",data_v2/repro_external/ctid/raw_yaml/sandworm.yaml,e6d8902a34e83925cb1dee25f501b02026f1a67ea5d6770ec57b7500077e0f85
ctid,sandworm::unknown,28,ctid::sandworm::690e889f-5844-473e-98c5-c90c9f1772dc,T1105,T1105,[NO_DESCRIPTION],0,0,0,0,Prepare Tools for Ingress Tool Transfer (Arrakis),,data_v2/repro_external/ctid/raw_yaml/sandworm.yaml,e6d8902a34e83925cb1dee25f501b02026f1a67ea5d6770ec57b7500077e0f85
ctid,sandworm::unknown,29,ctid::sandworm::2f107b88-065f-4d91-9d46-212212b235d5,T1021.001,T1021,"This ability must be run by an agent running on the attacker-controlled machine (e.g. on the C2 server itself), since the RDP connection must originate from the attacker's machine.",180,1,0,0,Lateral Movement Via RDP (Arrakis),"This ability must be run by an agent running on the attacker-controlled machine (e.g. on the C2 server itself),
since the RDP connection must originate from the attacker's machine.",data_v2/repro_external/ctid/raw_yaml/sandworm.yaml,e6d8902a34e83925cb1dee25f501b02026f1a67ea5d6770ec57b7500077e0f85
ctid,sandworm::unknown,30,ctid::sandworm::58cf78ef-e777-4de8-aeaa-8cc8349be6f7,T1105,T1105,"Downloads a new agent executable and executes it on the domain controller over RDP. This ability must be run by an agent running on the attacker-controlled Linux machine (e.g. on the C2 server itself), since the RDP connection will be from the attacker's machine. Requires xdotool to be installed on the running machine.",320,1,0,0,Download and Execute Agent for Lateral Movement (Arrakis),"Downloads a new agent executable and executes it on the domain controller over RDP.
This ability must be run by an agent running on the attacker-controlled Linux machine (e.g. on the C2 server itself),
since the RDP connection will be from the attacker's machine.
Requires xdotool to be installed on the running machine.",data_v2/repro_external/ctid/raw_yaml/sandworm.yaml,e6d8902a34e83925cb1dee25f501b02026f1a67ea5d6770ec57b7500077e0f85
ctid,sandworm::unknown,31,ctid::sandworm::9a39f75e-215d-4ef5-b505-ce81be74d58f,T1486,T1486,"Sandworm executes NotPetya (perfc.dat). NotPetya creates a scheduled task called ""Restart"" that reboots the workstation and is executed at the end of the program. NotPetya encrypts files under C:\Users (recursive) via AES-128. NotPetya drops a ransom note in C:\README.txt. NotPetya copies and executes itself on other hosts.",325,1,0,0,Sandworm Executes NotPetya (perfc.dat),"Sandworm executes NotPetya (perfc.dat). NotPetya creates a scheduled task called ""Restart"" that reboots the
workstation and is executed at the end of the program.
NotPetya encrypts files under C:\Users (recursive) via AES-128.
NotPetya drops a ransom note in C:\README.txt.
NotPetya copies and executes itself on other hosts.",data_v2/repro_external/ctid/raw_yaml/sandworm.yaml,e6d8902a34e83925cb1dee25f501b02026f1a67ea5d6770ec57b7500077e0f85
ctid,sandworm::unknown,32,ctid::sandworm::a86485c0-772d-4159-aa6f-5c2a9bb13ac8,T1021.001,T1021,"End the RDP session to the domain controller. This ability must be run by an agent running on the attacker-controlled machine (e.g. on the C2 server itself), since the RDP connection originates from the attacker's machine.",222,1,0,0,Terminate RDP Session to Domain Controller (Arrakis),"End the RDP session to the domain controller.
This ability must be run by an agent running on the attacker-controlled machine (e.g. on the C2 server itself),
since the RDP connection originates from the attacker's machine.",data_v2/repro_external/ctid/raw_yaml/sandworm.yaml,e6d8902a34e83925cb1dee25f501b02026f1a67ea5d6770ec57b7500077e0f85
ctid,turla_carbon::unknown,0,ctid::turla_carbon::2c7ad0e1-d112-4c71-8deb-38bc3ce5654b,T1566.002,T1566,"Using xdotool, send keystrokes to download the EPIC dropper.",60,1,0,0,Download EPIC dropper (User),"Using xdotool, send keystrokes to download the EPIC dropper.",data_v2/repro_external/ctid/raw_yaml/turla_carbon.yaml,48abb930d0fe54f7c9faf1b72519ea7dd67a9e5695e33efed72d0fa772a4fda2
ctid,turla_carbon::unknown,1,ctid::turla_carbon::bb4dd7c0-c5df-4321-94ca-cb7da59b9c32,T1204.002,T1204,"Using xdotool, run the EPIC droppper.",37,1,0,0,Run EPIC dropper (User),"Using xdotool, run the EPIC droppper.",data_v2/repro_external/ctid/raw_yaml/turla_carbon.yaml,48abb930d0fe54f7c9faf1b72519ea7dd67a9e5695e33efed72d0fa772a4fda2
ctid,turla_carbon::unknown,2,ctid::turla_carbon::eb66d327-3f82-4433-8897-76cd8a46865b,T1069.002,T1069,Execute net group discovery commands and execute `tasklist /svc`,64,1,0,0,Execute net group discovery commands and execute `tasklist /svc` (Adversary),Execute net group discovery commands and execute `tasklist /svc`,data_v2/repro_external/ctid/raw_yaml/turla_carbon.yaml,48abb930d0fe54f7c9faf1b72519ea7dd67a9e5695e33efed72d0fa772a4fda2
ctid,turla_carbon::unknown,3,ctid::turla_carbon::88bb16c5-f78b-45c3-91b6-a7422cd2fb13,T1059.001,T1059,Reg query the ViperVPNSvc Service & verify which users can access it,68,1,0,0,Reg query the ViperVPNSvc Service & verify which users can access it (Adversary),Reg query the ViperVPNSvc Service & verify which users can access it,data_v2/repro_external/ctid/raw_yaml/turla_carbon.yaml,48abb930d0fe54f7c9faf1b72519ea7dd67a9e5695e33efed72d0fa772a4fda2
ctid,turla_carbon::unknown,4,ctid::turla_carbon::d5e29782-72ca-45f0-b286-09525ae91d75,T1574.011,T1574,Modify the ViperVPN service registry key,40,1,0,0,Modify the ViperVPN service registry key (Adversary),Modify the ViperVPN service registry key,data_v2/repro_external/ctid/raw_yaml/turla_carbon.yaml,48abb930d0fe54f7c9faf1b72519ea7dd67a9e5695e33efed72d0fa772a4fda2
ctid,turla_carbon::unknown,5,ctid::turla_carbon::da986326-8d71-4e85-b767-0c8ffc49a2af,T1105,T1105,Task the SYSTEM level EPIC implant to download the CARBON-DLL installer.,72,1,0,0,Download the CARBON-DLL installer (Adversary),Task the SYSTEM level EPIC implant to download the CARBON-DLL installer.,data_v2/repro_external/ctid/raw_yaml/turla_carbon.yaml,48abb930d0fe54f7c9faf1b72519ea7dd67a9e5695e33efed72d0fa772a4fda2
ctid,turla_carbon::unknown,6,ctid::turla_carbon::d702d810-3414-4e38-8cbc-22fc429d2da4,T1112,T1112,Task the SYSTEM level EPIC implant to execute the CARBON-DLL installer.,71,1,0,0,Execute the CARBON-DLL installer (Adversary),Task the SYSTEM level EPIC implant to execute the CARBON-DLL installer.,data_v2/repro_external/ctid/raw_yaml/turla_carbon.yaml,48abb930d0fe54f7c9faf1b72519ea7dd67a9e5695e33efed72d0fa772a4fda2
ctid,turla_carbon::unknown,7,ctid::turla_carbon::f2462df4-2867-4d72-b3f1-ffa9a7431f87,T1033,T1033,Task the Carbon implant to execute the whoami discovery command.,64,1,0,0,Perform whoami discovery command (Adversary),Task the Carbon implant to execute the whoami discovery command.,data_v2/repro_external/ctid/raw_yaml/turla_carbon.yaml,48abb930d0fe54f7c9faf1b72519ea7dd67a9e5695e33efed72d0fa772a4fda2
ctid,turla_carbon::unknown,8,ctid::turla_carbon::99748bd2-530e-47b6-b6d7-576d4f573b6d,T1110.003,T1110,Task CARBON-DLL to download and execute the batch script to spray weak passwords against the domain admin accounts and attempt to mount the C$ drive of the DC.,159,1,0,0,Password Spray (Adversary),Task CARBON-DLL to download and execute the batch script to spray weak passwords against the domain admin accounts and attempt to mount the C$ drive of the DC.,data_v2/repro_external/ctid/raw_yaml/turla_carbon.yaml,48abb930d0fe54f7c9faf1b72519ea7dd67a9e5695e33efed72d0fa772a4fda2
ctid,turla_carbon::unknown,9,ctid::turla_carbon::4945a1e5-75ab-4665-8441-6995105edf38,T1070.004,T1070,Task CARBON-DLL to remove the password spray script,51,1,0,0,Remove password spray script (Adversary),Task CARBON-DLL to remove the password spray script,data_v2/repro_external/ctid/raw_yaml/turla_carbon.yaml,48abb930d0fe54f7c9faf1b72519ea7dd67a9e5695e33efed72d0fa772a4fda2
ctid,turla_carbon::unknown,10,ctid::turla_carbon::386b614d-7237-4d1a-a6dd-543f6f515bd4,T1570,T1570,Task CARBON-DLL to download a second version of the CARBON-DLL installer and move it to the System32 folder on the DC via the mounted drive.,140,1,0,0,Download second CARBON-DLL (Adversary),Task CARBON-DLL to download a second version of the CARBON-DLL installer and move it to the System32 folder on the DC via the mounted drive.,data_v2/repro_external/ctid/raw_yaml/turla_carbon.yaml,48abb930d0fe54f7c9faf1b72519ea7dd67a9e5695e33efed72d0fa772a4fda2
ctid,turla_carbon::unknown,11,ctid::turla_carbon::954ee411-8443-41f9-9a0c-f8ac032b68e7,T1053.005,T1053,"Task CARBON-DLL to enumerate remote scheduled tasks on the domain controller, using the discovered password for the domain admin",128,1,0,0,Enumerate remote scheduled tasks (Adversary),"Task CARBON-DLL to enumerate remote scheduled tasks on the domain controller, using the discovered password for the domain admin",data_v2/repro_external/ctid/raw_yaml/turla_carbon.yaml,48abb930d0fe54f7c9faf1b72519ea7dd67a9e5695e33efed72d0fa772a4fda2
ctid,turla_carbon::unknown,12,ctid::turla_carbon::bf90a64c-5367-4de6-93b5-a718189803c3,T1069.002,T1069,Task the new CARBON-DLL implant with discovery commands to be run on the domain controller.,91,1,0,0,Discovery on domain controller (Adversary),Task the new CARBON-DLL implant with discovery commands to be run on the domain controller.,data_v2/repro_external/ctid/raw_yaml/turla_carbon.yaml,48abb930d0fe54f7c9faf1b72519ea7dd67a9e5695e33efed72d0fa772a4fda2
ctid,turla_carbon::unknown,13,ctid::turla_carbon::4e31798e-f973-4480-aa38-3372c44c29c9,T1018,T1018,Task CARBON-DLL to enumerate the Active Directory Computers,59,1,0,0,Enumerate Active Directory Computers (Adversary),Task CARBON-DLL to enumerate the Active Directory Computers,data_v2/repro_external/ctid/raw_yaml/turla_carbon.yaml,48abb930d0fe54f7c9faf1b72519ea7dd67a9e5695e33efed72d0fa772a4fda2
ctid,turla_carbon::unknown,14,ctid::turla_carbon::33d4136a-d5e6-45f2-b0e1-786d3ec8bf02,T1003,T1003,Task the CARBON-DLL implant on the DC to download and execute mimikatz lsadump,78,1,0,0,Mimikatz lsadump (Adversary),Task the CARBON-DLL implant on the DC to download and execute mimikatz lsadump,data_v2/repro_external/ctid/raw_yaml/turla_carbon.yaml,48abb930d0fe54f7c9faf1b72519ea7dd67a9e5695e33efed72d0fa772a4fda2
ctid,turla_carbon::unknown,15,ctid::turla_carbon::f9ad6b77-518e-4784-9fba-5e4cd97fc455,T1105,T1105,Task the CARBON-DLL implant on the domain controller to download PsExec.,72,1,0,0,Download PsExec (Adversary),Task the CARBON-DLL implant on the domain controller to download PsExec.,data_v2/repro_external/ctid/raw_yaml/turla_carbon.yaml,48abb930d0fe54f7c9faf1b72519ea7dd67a9e5695e33efed72d0fa772a4fda2
ctid,turla_carbon::unknown,16,ctid::turla_carbon::824d5eda-7743-4c10-89d8-143d4bc50eda,T1550.002,T1550,Task the CARBON-DLL implant on the domain controller to use the previously downloaded Mimikatz to pass-the-hash and (1) copy the installer to Adalwolfa's workstation and (2) execute it using PsExec.,198,1,0,0,Copy installer & execute using PsExec (Adversary),Task the CARBON-DLL implant on the domain controller to use the previously downloaded Mimikatz to pass-the-hash and (1) copy the installer to Adalwolfa's workstation and (2) execute it using PsExec.,data_v2/repro_external/ctid/raw_yaml/turla_carbon.yaml,48abb930d0fe54f7c9faf1b72519ea7dd67a9e5695e33efed72d0fa772a4fda2
ctid,turla_carbon::unknown,17,ctid::turla_carbon::f8ab9b59-89a7-4c25-90bf-0c2485785a36,T1070.004,T1070,Task the CARBON-DLL implant to remove the keylogger and keylogger output file.,78,1,0,0,Remove keylogging evidence (Adversary),Task the CARBON-DLL implant to remove the keylogger and keylogger output file.,data_v2/repro_external/ctid/raw_yaml/turla_carbon.yaml,48abb930d0fe54f7c9faf1b72519ea7dd67a9e5695e33efed72d0fa772a4fda2
ctid,turla_carbon::unknown,18,ctid::turla_carbon::4d5197fa-4ba7-4bfd-9c91-1697ce0a80a4,T1105,T1105,Task the CARBON-DLL implant on Adawolfa's workstation to download Penquin (named tmp504e.tmp).,94,1,0,0,Download Penquin (Adversary),Task the CARBON-DLL implant on Adawolfa's workstation to download Penquin (named tmp504e.tmp).,data_v2/repro_external/ctid/raw_yaml/turla_carbon.yaml,48abb930d0fe54f7c9faf1b72519ea7dd67a9e5695e33efed72d0fa772a4fda2
ctid,turla_carbon::unknown,19,ctid::turla_carbon::83a79c7d-721c-44ac-b8d5-d9ba2bc84852,T1021.004,T1021,Task the implant to copy Penquin to the Apache web server using the third target user's credentials.,100,1,0,0,Copy Penquin to Apache web server (Adversary),Task the implant to copy Penquin to the Apache web server using the third target user's credentials.,data_v2/repro_external/ctid/raw_yaml/turla_carbon.yaml,48abb930d0fe54f7c9faf1b72519ea7dd67a9e5695e33efed72d0fa772a4fda2
ctid,turla_carbon::unknown,20,ctid::turla_carbon::4468cc14-8e77-44cd-93de-b892253b3e27,T1105,T1105,Task the implant to download plink.exe,38,1,0,0,Download plink.exe (Adversary),Task the implant to download plink.exe,data_v2/repro_external/ctid/raw_yaml/turla_carbon.yaml,48abb930d0fe54f7c9faf1b72519ea7dd67a9e5695e33efed72d0fa772a4fda2
ctid,turla_carbon::unknown,21,ctid::turla_carbon::8c6a546b-e03b-4761-b422-8eaf40f59580,T1021.004,T1021,Task the implant to execute Penquin,35,1,0,0,Execute Penquin (Adversary),Task the implant to execute Penquin,data_v2/repro_external/ctid/raw_yaml/turla_carbon.yaml,48abb930d0fe54f7c9faf1b72519ea7dd67a9e5695e33efed72d0fa772a4fda2
ctid,turla_carbon::unknown,22,ctid::turla_carbon::1fe4de9d-d8d3-4188-8a2a-6ff42394400c,T1070.004,T1070,Task the implant to clean up downloaded files,45,1,0,0,Clean up downloaded files (Adversary),Task the implant to clean up downloaded files,data_v2/repro_external/ctid/raw_yaml/turla_carbon.yaml,48abb930d0fe54f7c9faf1b72519ea7dd67a9e5695e33efed72d0fa772a4fda2
ctid,turla_carbon::unknown,23,ctid::turla_carbon::7086ff8c-da64-4b85-a3ee-6157fc0e0a70,T1205,T1205,Send the magic packet to the Apache server using the `sendPacket.py` utility,76,1,0,0,Send magic packet to Apache server (Adversary),Send the magic packet to the Apache server using the `sendPacket.py` utility,data_v2/repro_external/ctid/raw_yaml/turla_carbon.yaml,48abb930d0fe54f7c9faf1b72519ea7dd67a9e5695e33efed72d0fa772a4fda2
ctid,turla_carbon::unknown,24,ctid::turla_carbon::4b6ed411-6b13-484e-bed6-60b07562d6de,T1189,T1189,Send the command to ncat to add the watering hole redirection to `index.html`,77,1,0,0,Add watering hole redirection (Adversary),Send the command to ncat to add the watering hole redirection to `index.html`,data_v2/repro_external/ctid/raw_yaml/turla_carbon.yaml,48abb930d0fe54f7c9faf1b72519ea7dd67a9e5695e33efed72d0fa772a4fda2
ctid,turla_snake::unknown,0,ctid::turla_snake::78f44095-73b0-4ab4-a4cc-e5090ae1ae44,T1189,T1189,"Use xdotool to open Microsoft Edge, browse to nato-int.com. After redirection to anto-int.com, click to download the update (NFVersion_5e.exe) bundled with EPIC (a.k.a. Tavdig/Wipbot).",184,1,0,0,Download malicious update (User),"Use xdotool to open Microsoft Edge, browse to nato-int.com. After redirection to anto-int.com, click to download the update
(NFVersion_5e.exe) bundled with EPIC (a.k.a. Tavdig/Wipbot).",data_v2/repro_external/ctid/raw_yaml/turla_snake.yaml,4e0da121dc366ee04855a844ed37ea72d344c6331fbafaa6581a0c0090e22ddb
ctid,turla_snake::unknown,1,ctid::turla_snake::0328ddeb-cc6b-4971-b695-771178b50ed7,T1204.002,T1204,"Run the downloaded malicious update via win+r, wait for it to finish running.",77,1,0,0,Initial compromise (User),"Run the downloaded malicious update via win+r, wait for it to finish running.",data_v2/repro_external/ctid/raw_yaml/turla_snake.yaml,4e0da121dc366ee04855a844ed37ea72d344c6331fbafaa6581a0c0090e22ddb
ctid,turla_snake::unknown,2,ctid::turla_snake::32dd2b5f-5798-4c05-9d65-ee1e2d494cee,T1082,T1082,"Once C2 communications have been established between EPIC and the C2 via the proxy server, discovery is performed on the first host where information about the host device and domain computers is collected.",206,1,0,0,Systeminfo discovery (Adversary),"Once C2 communications have been established between EPIC and the C2 via
the proxy server, discovery is performed on the first host where
information about the host device and domain computers is collected.",data_v2/repro_external/ctid/raw_yaml/turla_snake.yaml,4e0da121dc366ee04855a844ed37ea72d344c6331fbafaa6581a0c0090e22ddb
ctid,turla_snake::unknown,3,ctid::turla_snake::bd51f583-249a-4995-b5d0-7da7e824bc56,T1105,T1105,Task the EPIC implant to download the Snake rootkit installer.,62,1,0,0,Download 1st Snake installer (Adversary),Task the EPIC implant to download the Snake rootkit installer.,data_v2/repro_external/ctid/raw_yaml/turla_snake.yaml,4e0da121dc366ee04855a844ed37ea72d344c6331fbafaa6581a0c0090e22ddb
ctid,turla_snake::unknown,4,ctid::turla_snake::0daff7a0-d1e4-4bf2-8100-c0a824a34c52,T1014,T1014,Task the EPIC implant to execute the Snake rootkit installer with the privilege escalation option,97,1,0,0,Execute the 1st Snake installer (Adversary),Task the EPIC implant to execute the Snake rootkit installer with the privilege escalation option,data_v2/repro_external/ctid/raw_yaml/turla_snake.yaml,4e0da121dc366ee04855a844ed37ea72d344c6331fbafaa6581a0c0090e22ddb
ctid,turla_snake::unknown,5,ctid::turla_snake::4f222cd4-4c53-4cf5-869f-335a51711d8a,T1057,T1057,Task the Snake rootkit to run the process discovery command.,60,1,0,0,Search for File Server Administrator process in running processes (Adversary),Task the Snake rootkit to run the process discovery command.,data_v2/repro_external/ctid/raw_yaml/turla_snake.yaml,4e0da121dc366ee04855a844ed37ea72d344c6331fbafaa6581a0c0090e22ddb
ctid,turla_snake::unknown,6,ctid::turla_snake::5dbc34ff-eb4d-4897-8c4e-8288e5dd9e88,T1087.002,T1087,Execute the discovery command to confirm the user is in the file server admin's groups.,87,1,0,0,Enumerate file server admin groups (Adversary),Execute the discovery command to confirm the user is in the file server admin's groups.,data_v2/repro_external/ctid/raw_yaml/turla_snake.yaml,4e0da121dc366ee04855a844ed37ea72d344c6331fbafaa6581a0c0090e22ddb
ctid,turla_snake::unknown,7,ctid::turla_snake::6315f9e9-a6ee-46f2-b846-24f9c3c219c9,T1049,T1049,Execute the discovery command to the drive mapped to the file server.,69,1,0,0,Enumerate mapped network drives (Adversary),Execute the discovery command to the drive mapped to the file server.,data_v2/repro_external/ctid/raw_yaml/turla_snake.yaml,4e0da121dc366ee04855a844ed37ea72d344c6331fbafaa6581a0c0090e22ddb
ctid,turla_snake::unknown,8,ctid::turla_snake::9c65d9cc-6f72-471c-80e0-4c3029fc5e6d,T1105,T1105,Task the implant to download PsExec.,36,1,0,0,Download PsExec (Adversary),Task the implant to download PsExec.,data_v2/repro_external/ctid/raw_yaml/turla_snake.yaml,4e0da121dc366ee04855a844ed37ea72d344c6331fbafaa6581a0c0090e22ddb
ctid,turla_snake::unknown,9,ctid::turla_snake::0970d7d6-279a-4ad8-a334-cfe0b5e7e0a6,T1569.002,T1569,"Run the following command to execute PsExec as the file server admin, which will run the Snake installer on the file server",123,1,0,0,Execute PsExec as the File Server Administrator (Adversary),"Run the following command to execute PsExec as the file server admin, which will run the Snake installer on the file server",data_v2/repro_external/ctid/raw_yaml/turla_snake.yaml,4e0da121dc366ee04855a844ed37ea72d344c6331fbafaa6581a0c0090e22ddb
ctid,turla_snake::unknown,10,ctid::turla_snake::057a6b9b-36d6-456d-aa28-66e61295dd9c,T1070.004,T1070,"After the new beacon is received, remove files from the first target.",69,1,0,0,Delete artifacts from first target host (Adversary),"After the new beacon is received, remove files from the first target.",data_v2/repro_external/ctid/raw_yaml/turla_snake.yaml,4e0da121dc366ee04855a844ed37ea72d344c6331fbafaa6581a0c0090e22ddb
ctid,turla_snake::unknown,11,ctid::turla_snake::79dae739-fd89-4842-946e-a4675110814e,T1059.001,T1059,Task Snake to check if the ActiveDirectory PowerShell module is installed.,74,1,0,0,Check if ActiveDirectory is installed (Adversary),Task Snake to check if the ActiveDirectory PowerShell module is installed.,data_v2/repro_external/ctid/raw_yaml/turla_snake.yaml,4e0da121dc366ee04855a844ed37ea72d344c6331fbafaa6581a0c0090e22ddb
ctid,turla_snake::unknown,12,ctid::turla_snake::70a19730-04e9-45be-8463-7a359eaee657,T1069.001,T1069,"Task Snake to collect a list of Active Directory groups containing the word ""management"", as members of these groups will likely have elevated permissions on the network. Confirm existence of a ""Server Management"" group.",220,1,0,0,Enumerate Active Directory groups (Adversary),"Task Snake to collect a list of Active Directory groups containing the word ""management"", as members of these groups will likely have elevated permissions on the network. Confirm existence of a ""Server Management"" group.",data_v2/repro_external/ctid/raw_yaml/turla_snake.yaml,4e0da121dc366ee04855a844ed37ea72d344c6331fbafaa6581a0c0090e22ddb
ctid,turla_snake::unknown,13,ctid::turla_snake::d761e02e-fea4-457e-a434-aa49383b7996,T1087.002,T1087,Task Snake to discover domain users.,36,1,0,0,Enumerate account information (Adversary),Task Snake to discover domain users.,data_v2/repro_external/ctid/raw_yaml/turla_snake.yaml,4e0da121dc366ee04855a844ed37ea72d344c6331fbafaa6581a0c0090e22ddb
ctid,turla_snake::unknown,14,ctid::turla_snake::44daae27-4c78-4a38-9a68-88aeabd87a32,T1018,T1018,"Task Snake to obtain a list of domain computers and some of their information (IP addresses, DNS names, and description).",121,1,0,0,Enumerate domain computer information (Adversary),"Task Snake to obtain a list of domain computers and some of their information (IP addresses, DNS names, and description).",data_v2/repro_external/ctid/raw_yaml/turla_snake.yaml,4e0da121dc366ee04855a844ed37ea72d344c6331fbafaa6581a0c0090e22ddb
ctid,turla_snake::unknown,15,ctid::turla_snake::bc88a0f3-245f-46a7-be47-42538fd0521d,T1105,T1105,Task Snake to download Mimikatz to the file server.,51,1,0,0,Download Mimikatz to file server (Adversary),Task Snake to download Mimikatz to the file server.,data_v2/repro_external/ctid/raw_yaml/turla_snake.yaml,4e0da121dc366ee04855a844ed37ea72d344c6331fbafaa6581a0c0090e22ddb
ctid,turla_snake::unknown,16,ctid::turla_snake::256ed126-a10c-4736-a074-216ab90da8f2,T1003.001,T1003,Task Snake to run Mimikatz to dump all NTLM hashes from LSASS.exe.,66,1,0,0,Dump NTLM hashes on the file server (Adversary),Task Snake to run Mimikatz to dump all NTLM hashes from LSASS.exe.,data_v2/repro_external/ctid/raw_yaml/turla_snake.yaml,4e0da121dc366ee04855a844ed37ea72d344c6331fbafaa6581a0c0090e22ddb
ctid,turla_snake::unknown,17,ctid::turla_snake::b4018de2-bb0c-493e-8fe3-5f355831012f,T1550.002,T1550,Task Snake to pass-the-hash using the previously discovered NTLM hash to run PsExec and install Snake on the target workstation.,128,1,0,0,Install the 3rd Snake installer on the third target host (Adversary),Task Snake to pass-the-hash using the previously discovered NTLM hash to run PsExec and install Snake on the target workstation.,data_v2/repro_external/ctid/raw_yaml/turla_snake.yaml,4e0da121dc366ee04855a844ed37ea72d344c6331fbafaa6581a0c0090e22ddb
ctid,turla_snake::unknown,18,ctid::turla_snake::ca32f105-2e35-4524-8589-0f71d92d98f6,T1070.004,T1070,"Delete PsExec, the Snake installer, and Mimikatz from the file server.",70,1,0,0,Delete artifacts from the file server (Adversary),"Delete PsExec, the Snake installer, and Mimikatz from the file server.",data_v2/repro_external/ctid/raw_yaml/turla_snake.yaml,4e0da121dc366ee04855a844ed37ea72d344c6331fbafaa6581a0c0090e22ddb
ctid,turla_snake::unknown,19,ctid::turla_snake::27083aa1-9a0d-4fe4-9154-fa6f0598e2f9,T1057,T1057,Task Snake to enumerate running processes on the machine to discover processes under the domain admin.,102,1,0,0,Enumerate processes (Adversary),Task Snake to enumerate running processes on the machine to discover processes under the domain admin.,data_v2/repro_external/ctid/raw_yaml/turla_snake.yaml,4e0da121dc366ee04855a844ed37ea72d344c6331fbafaa6581a0c0090e22ddb
ctid,turla_snake::unknown,20,ctid::turla_snake::384f3d1f-97f1-4070-98c5-764de023ed2c,T1136.002,T1136,Task Snake to create a new domain user using an access token from one of the domain admin processes. The new domain user will be used as a backdoor domain admin account for persistence on the domain.,199,1,0,0,Create a new domain user (Adversary),"Task Snake to create a new domain user using an access token from one of the domain admin processes.
The new domain user will be used as a backdoor domain admin account for persistence on the domain.",data_v2/repro_external/ctid/raw_yaml/turla_snake.yaml,4e0da121dc366ee04855a844ed37ea72d344c6331fbafaa6581a0c0090e22ddb
ctid,turla_snake::unknown,21,ctid::turla_snake::c5bceb16-2f13-40a5-b460-9adb1d567b76,T1105,T1105,Task Snake to download LightNeuron,34,1,0,0,Download LightNeuron (Adversary),Task Snake to download LightNeuron,data_v2/repro_external/ctid/raw_yaml/turla_snake.yaml,4e0da121dc366ee04855a844ed37ea72d344c6331fbafaa6581a0c0090e22ddb
ctid,turla_snake::unknown,22,ctid::turla_snake::fea61ba7-d932-4a42-b988-5cf9de3ed118,T1570,T1570,Task Snake to copy LightNeuron using token impersonation to perform the copy as the domain admin.,97,1,0,0,Copy LightNeuron transport agent DLL to the Exchange Server (Adversary),Task Snake to copy LightNeuron using token impersonation to perform the copy as the domain admin.,data_v2/repro_external/ctid/raw_yaml/turla_snake.yaml,4e0da121dc366ee04855a844ed37ea72d344c6331fbafaa6581a0c0090e22ddb
ctid,turla_snake::unknown,23,ctid::turla_snake::6dd62c1c-b65c-4e28-b241-04121cbbc9af,T1505.002,T1505,"Task Snake to install LightNeuron remotely using WMI and PowerShell, using the domain admin's token",99,1,0,0,Install LightNeuron on the Exchange Server (Adversary),"Task Snake to install LightNeuron remotely using WMI and PowerShell, using the domain admin's token",data_v2/repro_external/ctid/raw_yaml/turla_snake.yaml,4e0da121dc366ee04855a844ed37ea72d344c6331fbafaa6581a0c0090e22ddb
ctid,turla_snake::unknown,24,ctid::turla_snake::658daa6f-97c0-41c0-af97-d6b4969d2e7c,T1059.003,T1059,Task Snake to check the installation log for any errors.,56,1,0,0,Check installation log (Adversary),Task Snake to check the installation log for any errors.,data_v2/repro_external/ctid/raw_yaml/turla_snake.yaml,4e0da121dc366ee04855a844ed37ea72d344c6331fbafaa6581a0c0090e22ddb
ctid,turla_snake::unknown,25,ctid::turla_snake::38023f7d-d776-46bb-bbfc-1f4853e8169b,T1070.004,T1070,Task Snake to remove artifacts from the fourth target host:,59,1,0,0,Delete artifacts from the fourth target host (Adversary),Task Snake to remove artifacts from the fourth target host:,data_v2/repro_external/ctid/raw_yaml/turla_snake.yaml,4e0da121dc366ee04855a844ed37ea72d344c6331fbafaa6581a0c0090e22ddb
ctid,turla_snake::unknown,26,ctid::turla_snake::def5cfe8-7aea-4cd3-803f-2c55e616c1fe,T1016,T1016,Task LightNeuron to perform system network configuration discovery.,67,1,0,0,Perform system network configuration discovery (Adversary),Task LightNeuron to perform system network configuration discovery.,data_v2/repro_external/ctid/raw_yaml/turla_snake.yaml,4e0da121dc366ee04855a844ed37ea72d344c6331fbafaa6581a0c0090e22ddb
ctid,turla_snake::unknown,27,ctid::turla_snake::4d10b3a8-6199-4615-861f-e4292630a9b9,T1041,T1041,Task the LightNeuron implant to exfiltrate the email log file.,62,1,0,0,Exfiltrate the email log file (Adversary),Task the LightNeuron implant to exfiltrate the email log file.,data_v2/repro_external/ctid/raw_yaml/turla_snake.yaml,4e0da121dc366ee04855a844ed37ea72d344c6331fbafaa6581a0c0090e22ddb
ctid,wizard_spider::unknown,0,ctid::wizard_spider::605bb8dc-f6ef-411c-ad1f-94d91bc23ee6,T1105,T1105,"Uploads the agent executable to the target using smbclient. Note that this ability drops an executable rather than a malicious word doc. This ability must be run by an agent running on the attacker-controlled machine (e.g. on the C2 server itself), since it will handle initial access to the target.",299,1,0,0,Upload Agent Executable to Initial Target,"Uploads the agent executable to the target using smbclient.
Note that this ability drops an executable rather than a malicious word doc.
This ability must be run by an agent running on the attacker-controlled machine (e.g. on the C2 server itself),
since it will handle initial access to the target.",data_v2/repro_external/ctid/raw_yaml/wizard_spider.yaml,10631ae393597bce3d290eb993aabbea622cca9ed5c8a73e1ffd373ec4ca3eca
ctid,wizard_spider::unknown,1,ctid::wizard_spider::5ca7a1b3-ff43-4057-b41f-0d8d4ecae848,T1078,T1078,"Start RDP connection to Initial Target in preparation for user execution. This ability must be run by an agent running on the attacker-controlled machine (e.g. on the C2 server itself), since it will handle initial access to the target.",236,1,0,0,RDP Connection to Initial Target (Dorothy),"Start RDP connection to Initial Target in preparation for user execution.
This ability must be run by an agent running on the attacker-controlled machine (e.g. on the C2 server itself),
since it will handle initial access to the target.",data_v2/repro_external/ctid/raw_yaml/wizard_spider.yaml,10631ae393597bce3d290eb993aabbea622cca9ed5c8a73e1ffd373ec4ca3eca
ctid,wizard_spider::unknown,2,ctid::wizard_spider::bdf16e6e-ad27-4513-9d54-64289440265f,T1204.002,T1204,"Gains initial access by running the uploaded agent executable to establish a C2 connection. Note that this ability runs an executable rather than a malicious word doc. This ability must be run by an agent running on the attacker-controlled Linux machine (e.g. on the C2 server itself), since it will handle initial access to the target. Requires xdotool to be installed on the running machine.",393,1,0,0,Run Agent Executable for Initial Access,"Gains initial access by running the uploaded agent executable to establish a C2 connection.
Note that this ability runs an executable rather than a malicious word doc.
This ability must be run by an agent running on the attacker-controlled Linux machine (e.g. on the C2 server itself),
since it will handle initial access to the target. Requires xdotool to be installed on the running machine.",data_v2/repro_external/ctid/raw_yaml/wizard_spider.yaml,10631ae393597bce3d290eb993aabbea622cca9ed5c8a73e1ffd373ec4ca3eca
ctid,wizard_spider::unknown,3,ctid::wizard_spider::04cf7962-28c4-40fb-8915-1fd632393a6f,T1547.001,T1547,Wizard Spider establishes registry persistence by adding the blbdigital registry key.,85,1,0,0,Emotet Persistence,Wizard Spider establishes registry persistence by adding the blbdigital registry key.,data_v2/repro_external/ctid/raw_yaml/wizard_spider.yaml,10631ae393597bce3d290eb993aabbea622cca9ed5c8a73e1ffd373ec4ca3eca
ctid,wizard_spider::unknown,4,ctid::wizard_spider::1a925a0f-7f95-4d5c-9f95-9408f65063a6,T1082,T1082,Wizard Spider performs system information discovery to collect information about the OS.,88,1,0,0,Emotet System Info Discovery,Wizard Spider performs system information discovery to collect information about the OS.,data_v2/repro_external/ctid/raw_yaml/wizard_spider.yaml,10631ae393597bce3d290eb993aabbea622cca9ed5c8a73e1ffd373ec4ca3eca
ctid,wizard_spider::unknown,5,ctid::wizard_spider::69ce4dd6-ab00-4c63-bcfd-ab02da96c63a,T1057,T1057,Emotet has been observed enumerating local processes.,53,1,0,0,Emotet Process Discovery,Emotet has been observed enumerating local processes.,data_v2/repro_external/ctid/raw_yaml/wizard_spider.yaml,10631ae393597bce3d290eb993aabbea622cca9ed5c8a73e1ffd373ec4ca3eca
ctid,wizard_spider::unknown,6,ctid::wizard_spider::b80ca347-2d2a-4e33-8683-1975cda6664f,T1105,T1105,Wizard Spider downloads an Outlook scraper DLL and saves it as C:\Windows\SysWOW64\Outlook.dll.,95,1,0,0,Emotet Download Outlook Scraper DLL,Wizard Spider downloads an Outlook scraper DLL and saves it as C:\Windows\SysWOW64\Outlook.dll.,data_v2/repro_external/ctid/raw_yaml/wizard_spider.yaml,10631ae393597bce3d290eb993aabbea622cca9ed5c8a73e1ffd373ec4ca3eca
ctid,wizard_spider::unknown,7,ctid::wizard_spider::16abc48a-1f69-4246-83e3-4d0cec0e8d81,T1552,T1552,Wizard Spider leverages a module that scrapes email data from Outlook.,70,1,0,0,Emotet Scrape Email Content From Outlook,Wizard Spider leverages a module that scrapes email data from Outlook.,data_v2/repro_external/ctid/raw_yaml/wizard_spider.yaml,10631ae393597bce3d290eb993aabbea622cca9ed5c8a73e1ffd373ec4ca3eca
ctid,wizard_spider::unknown,8,ctid::wizard_spider::5a5c65c7-d0ff-4275-8f8e-ea0b617369bd,T1114.001,T1114,Wizard Spider leverages a module that can scrape email addresses from Outlook.,78,1,0,0,Emotet Scrape Email Addresses from Outlook,Wizard Spider leverages a module that can scrape email addresses from Outlook.,data_v2/repro_external/ctid/raw_yaml/wizard_spider.yaml,10631ae393597bce3d290eb993aabbea622cca9ed5c8a73e1ffd373ec4ca3eca
ctid,wizard_spider::unknown,9,ctid::wizard_spider::94942df6-6833-4e69-a6f7-89fda0ef25e1,T1021.001,T1021,"End the RDP session to the initial target. This ability must be run by an agent running on the attacker-controlled machine (e.g. on the C2 server itself), since the RDP connection originates from the attacker's machine.",219,1,0,0,Terminate RDP Session to Initial Target,"End the RDP session to the initial target.
This ability must be run by an agent running on the attacker-controlled machine (e.g. on the C2 server itself),
since the RDP connection originates from the attacker's machine.",data_v2/repro_external/ctid/raw_yaml/wizard_spider.yaml,10631ae393597bce3d290eb993aabbea622cca9ed5c8a73e1ffd373ec4ca3eca
ctid,wizard_spider::unknown,10,ctid::wizard_spider::1b21e49a-9550-4616-b125-d790a73165a6,T1105,T1105,"Downloads a new agent executable and executes it on the target host over RDP. This ability must be run by an agent running on the attacker-controlled Linux machine (e.g. on the C2 server itself), since the RDP connection will be from the attacker's machine. Requires xdotool to be installed on the running machine.",314,1,0,0,Download and Execute Agent for Lateral Movement (Toto),"Downloads a new agent executable and executes it on the target host over RDP.
This ability must be run by an agent running on the attacker-controlled Linux machine (e.g. on the C2 server itself),
since the RDP connection will be from the attacker's machine.
Requires xdotool to be installed on the running machine.",data_v2/repro_external/ctid/raw_yaml/wizard_spider.yaml,10631ae393597bce3d290eb993aabbea622cca9ed5c8a73e1ffd373ec4ca3eca
ctid,wizard_spider::unknown,11,ctid::wizard_spider::4750c01e-98fc-43f8-8178-14bcc66c2cc9,T1082,T1082,"Wizard Spider uses TrickBot to gathers the OS version, machine name, CPU type, amount of RAM available, and UEFI/BIOS firmware information from the victim’s machine.",165,1,0,0,TrickBot System Information Discovery,"Wizard Spider uses TrickBot to gathers the OS version, machine name, CPU type, amount of RAM available, and UEFI/BIOS firmware information from the victim’s machine.",data_v2/repro_external/ctid/raw_yaml/wizard_spider.yaml,10631ae393597bce3d290eb993aabbea622cca9ed5c8a73e1ffd373ec4ca3eca
ctid,wizard_spider::unknown,12,ctid::wizard_spider::dc4236df-0484-4763-891a-c2f6ede5293d,T1007,T1007,Wizard Spider uses TrickBot to collect a list of installed programs and services on the system’s machine,104,1,0,0,TrickBot System Service Discovery (systeminfo),Wizard Spider uses TrickBot to collect a list of installed programs and services on the system’s machine,data_v2/repro_external/ctid/raw_yaml/wizard_spider.yaml,10631ae393597bce3d290eb993aabbea622cca9ed5c8a73e1ffd373ec4ca3eca
ctid,wizard_spider::unknown,13,ctid::wizard_spider::53e87d17-b904-4739-92f0-4b5169d9a1d4,T1087.001,T1087,Wizard Spider uses TrickBot to collect the local users of the system.,69,1,0,0,TrickBot Local Account Discovery,Wizard Spider uses TrickBot to collect the local users of the system.,data_v2/repro_external/ctid/raw_yaml/wizard_spider.yaml,10631ae393597bce3d290eb993aabbea622cca9ed5c8a73e1ffd373ec4ca3eca
ctid,wizard_spider::unknown,14,ctid::wizard_spider::f6de05d2-5ec5-4d27-b19c-f8cf817d6213,T1016,T1016,"Wizard Spider uses TrickBot to obtain the IP address, location, and other relevant network information from the victim’s machine.",129,1,0,0,TrickBot System Network Configuration Discovery,"Wizard Spider uses TrickBot to obtain the IP address, location, and other relevant network information from the victim’s machine.",data_v2/repro_external/ctid/raw_yaml/wizard_spider.yaml,10631ae393597bce3d290eb993aabbea622cca9ed5c8a73e1ffd373ec4ca3eca
ctid,wizard_spider::unknown,15,ctid::wizard_spider::aa1b8eef-2c76-4184-b7a7-2b5c175e49f6,T1049,T1049,Wizard Spider uses TrickBot to obtain the network connection information from the victim’s machine.,99,1,0,0,TrickBot System Network Connections Discovery,Wizard Spider uses TrickBot to obtain the network connection information from the victim’s machine.,data_v2/repro_external/ctid/raw_yaml/wizard_spider.yaml,10631ae393597bce3d290eb993aabbea622cca9ed5c8a73e1ffd373ec4ca3eca
ctid,wizard_spider::unknown,16,ctid::wizard_spider::1f30fdc6-88c0-4c69-958d-6101468bd0ec,T1082,T1082,Wizard Spider uses TrickBot to gather client specfic information,64,1,0,0,TrickBot System Information Discovery (net config),Wizard Spider uses TrickBot to gather client specfic information,data_v2/repro_external/ctid/raw_yaml/wizard_spider.yaml,10631ae393597bce3d290eb993aabbea622cca9ed5c8a73e1ffd373ec4ca3eca
ctid,wizard_spider::unknown,17,ctid::wizard_spider::ed40220d-9d1f-4191-b73f-54f17278e256,T1482,T1482,Wizard Spider uses TrickBot to gather domain specfic information,64,1,0,0,TrickBot Domain Trust Discovery,Wizard Spider uses TrickBot to gather domain specfic information,data_v2/repro_external/ctid/raw_yaml/wizard_spider.yaml,10631ae393597bce3d290eb993aabbea622cca9ed5c8a73e1ffd373ec4ca3eca
ctid,wizard_spider::unknown,18,ctid::wizard_spider::ced2de73-54fa-49ec-b60d-de635dcde620,T1069,T1069,Wizard Spider uses TrickBot to identify the groups the user on a compromised host belongs to.,93,1,0,0,TrickBot Permission Groups Discovery,Wizard Spider uses TrickBot to identify the groups the user on a compromised host belongs to.,data_v2/repro_external/ctid/raw_yaml/wizard_spider.yaml,10631ae393597bce3d290eb993aabbea622cca9ed5c8a73e1ffd373ec4ca3eca
ctid,wizard_spider::unknown,19,ctid::wizard_spider::3de63509-4171-488f-8938-ce346677a5a6,T1558.003,T1558,"Wizard Spider performs Kerberoasting using a public tool, Rubeus. Through Kerberoasting, Wizard Spider obtains encrypted credentials.",133,1,0,0,TrickBot Perform Kerberoasting,"Wizard Spider performs Kerberoasting using a public tool, Rubeus. Through Kerberoasting, Wizard Spider obtains encrypted credentials.",data_v2/repro_external/ctid/raw_yaml/wizard_spider.yaml,10631ae393597bce3d290eb993aabbea622cca9ed5c8a73e1ffd373ec4ca3eca
ctid,wizard_spider::unknown,20,ctid::wizard_spider::dedb77a9-16b9-498c-bd07-074891abd345,T1021.001,T1021,"End the RDP session to the second target. This ability must be run by an agent running on the attacker-controlled machine (e.g. on the C2 server itself), since the RDP connection originates from the attacker's machine.",218,1,0,0,Terminate RDP Session to Second Target (Toto),"End the RDP session to the second target.
This ability must be run by an agent running on the attacker-controlled machine (e.g. on the C2 server itself),
since the RDP connection originates from the attacker's machine.",data_v2/repro_external/ctid/raw_yaml/wizard_spider.yaml,10631ae393597bce3d290eb993aabbea622cca9ed5c8a73e1ffd373ec4ca3eca
ctid,wizard_spider::unknown,21,ctid::wizard_spider::b8ad9654-80a1-4fde-b2d4-c0de7648621c,T1105,T1105,"Prepares the local folder with kill.bat, window.bat, and ryuk.exe to use as the RDP shared-drive. This ability must be run by an agent running on the attacker-controlled Linux machine (e.g. on the C2 server itself), since the RDP connection will be from the attacker's machine. Requires xdotool to be installed on the running machine.",334,1,0,0,Prepare Tools for Ingress Tool Transfer (Wizard),"Prepares the local folder with kill.bat, window.bat, and ryuk.exe to use as the RDP shared-drive.
This ability must be run by an agent running on the attacker-controlled Linux machine (e.g. on the C2 server itself),
since the RDP connection will be from the attacker's machine.
Requires xdotool to be installed on the running machine.",data_v2/repro_external/ctid/raw_yaml/wizard_spider.yaml,10631ae393597bce3d290eb993aabbea622cca9ed5c8a73e1ffd373ec4ca3eca
ctid,wizard_spider::unknown,22,ctid::wizard_spider::6b9da996-145e-40b1-935f-6818a89bb561,T1021.001,T1021,"Uses discovered credentials to RDP into the domain controller. This ability must be run by an agent running on the attacker-controlled machine (e.g. on the C2 server itself), since the RDP connection must originate from the attacker's machine.",243,1,0,0,Lateral Movement Via RDP (Wizard),"Uses discovered credentials to RDP into the domain controller.
This ability must be run by an agent running on the attacker-controlled machine (e.g. on the C2 server itself),
since the RDP connection must originate from the attacker's machine.",data_v2/repro_external/ctid/raw_yaml/wizard_spider.yaml,10631ae393597bce3d290eb993aabbea622cca9ed5c8a73e1ffd373ec4ca3eca
ctid,wizard_spider::unknown,23,ctid::wizard_spider::7a46a8c9-f46a-481b-8b38-68a3aea68114,T1105,T1105,"Downloads a new agent executable and executes it on the domain controller over RDP. This ability must be run by an agent running on the attacker-controlled Linux machine (e.g. on the C2 server itself), since the RDP connection will be from the attacker's machine. Requires xdotool to be installed on the running machine.",320,1,0,0,Download and Execute Agent for Lateral Movement (Wizard),"Downloads a new agent executable and executes it on the domain controller over RDP.
This ability must be run by an agent running on the attacker-controlled Linux machine (e.g. on the C2 server itself),
since the RDP connection will be from the attacker's machine.
Requires xdotool to be installed on the running machine.",data_v2/repro_external/ctid/raw_yaml/wizard_spider.yaml,10631ae393597bce3d290eb993aabbea622cca9ed5c8a73e1ffd373ec4ca3eca
ctid,wizard_spider::unknown,24,ctid::wizard_spider::1536bbcf-858e-44c2-95cb-ebd46d7434be,T1547.004,T1547,Wizard Spider has established persistence using Userinit by adding the Registry key HKLM\SOFTWARE\Microsoft\Windows NT\CurrentVersion\Winlogon.,143,1,0,0,Wizard Spider Registry Persistence,Wizard Spider has established persistence using Userinit by adding the Registry key HKLM\SOFTWARE\Microsoft\Windows NT\CurrentVersion\Winlogon.,data_v2/repro_external/ctid/raw_yaml/wizard_spider.yaml,10631ae393597bce3d290eb993aabbea622cca9ed5c8a73e1ffd373ec4ca3eca
ctid,wizard_spider::unknown,25,ctid::wizard_spider::46430565-f9e8-4580-b497-f5f561962d95,T1069.002,T1069,"Wizard Spider has used AdFind to enumerate domain computers, including the domain controller.",93,1,0,0,Wizard Spider Domain Group Discovery,"Wizard Spider has used AdFind to enumerate domain computers, including the domain controller.",data_v2/repro_external/ctid/raw_yaml/wizard_spider.yaml,10631ae393597bce3d290eb993aabbea622cca9ed5c8a73e1ffd373ec4ca3eca
ctid,wizard_spider::unknown,26,ctid::wizard_spider::5746a074-1f51-4a96-8e69-f7eb81578f5e,T1003.003,T1003,Wizard Spider uses vssadmin to create a volume shadow copy in order to collect the active directory database (ntds.dit). Wizard Spider has gained access to credentials via exported copies of the ntds.dit Active Directory database.,230,1,0,0,Wizard Spider Create Volume Shadow Copy,"Wizard Spider uses vssadmin to create a volume shadow copy in order to collect the active directory database (ntds.dit).
Wizard Spider has gained access to credentials via exported copies of the ntds.dit Active Directory database.",data_v2/repro_external/ctid/raw_yaml/wizard_spider.yaml,10631ae393597bce3d290eb993aabbea622cca9ed5c8a73e1ffd373ec4ca3eca
ctid,wizard_spider::unknown,27,ctid::wizard_spider::d9787a1d-0fd4-4776-a073-00423a33e7e2,T1105,T1105,"Mounts share so Ryuk can encrypt lateral drives. Downloads kill.bat, which Ryuk has used for stopping services, disabling services and killing processes.",153,1,0,0,Wizard Spider Downloads kill.bat,"Mounts share so Ryuk can encrypt lateral drives.
Downloads kill.bat, which Ryuk has used for stopping services, disabling services and killing processes.",data_v2/repro_external/ctid/raw_yaml/wizard_spider.yaml,10631ae393597bce3d290eb993aabbea622cca9ed5c8a73e1ffd373ec4ca3eca
ctid,wizard_spider::unknown,28,ctid::wizard_spider::180eb3b8-1590-4b77-9b8c-7972c198f09e,T1489,T1489,"Ryuk has called kill.bat for stopping services, disabling services and killing processes. Ryuk can launch icacls /grant Everyone:F /T /C /Q to delete every access-based restrictions on files and directories. Ryuk has stopped services related to anti-virus. This also covers - File and Directory Permissions Modification: Windows File and Directory Permissions Modification",372,1,0,1,Wizard Spider Runs kill.bat,"Ryuk has called kill.bat for stopping services, disabling services and killing processes.
Ryuk can launch icacls /grant Everyone:F /T /C /Q to delete every access-based restrictions on files and directories.
Ryuk has stopped services related to anti-virus.
This also covers T1222.001 - File and Directory Permissions Modification: Windows File and Directory Permissions Modification",data_v2/repro_external/ctid/raw_yaml/wizard_spider.yaml,10631ae393597bce3d290eb993aabbea622cca9ed5c8a73e1ffd373ec4ca3eca
ctid,wizard_spider::unknown,29,ctid::wizard_spider::69b0a93e-3c71-42f5-8019-13289d9353b3,T1105,T1105,"Downloads window.bat, which will use vssadmin Delete Shadows /all /quiet to delete volume shadow copies and vssadmin resize shadowstorage to force deletion of shadow copies created by third-party applications.",209,1,0,0,Wizard Spider Downloads window.bat,"Downloads window.bat, which will use vssadmin Delete Shadows /all /quiet to delete volume shadow copies and vssadmin resize shadowstorage to force deletion of shadow copies created by third-party applications.",data_v2/repro_external/ctid/raw_yaml/wizard_spider.yaml,10631ae393597bce3d290eb993aabbea622cca9ed5c8a73e1ffd373ec4ca3eca
ctid,wizard_spider::unknown,30,ctid::wizard_spider::3f878fc6-d5b0-4c95-b022-88f0becbb61e,T1490,T1490,Ryuk has used vssadmin Delete Shadows /all /quiet to delete volume shadow copies and vssadmin resize shadowstorage to force deletion of shadow copies created by third-party applications.,186,1,0,0,Wizard Spider Runs window.bat,Ryuk has used vssadmin Delete Shadows /all /quiet to delete volume shadow copies and vssadmin resize shadowstorage to force deletion of shadow copies created by third-party applications.,data_v2/repro_external/ctid/raw_yaml/wizard_spider.yaml,10631ae393597bce3d290eb993aabbea622cca9ed5c8a73e1ffd373ec4ca3eca
ctid,wizard_spider::unknown,31,ctid::wizard_spider::06b694af-f503-44ca-bc3c-bd017f75ed89,T1105,T1105,Downloads ryuk.exe ransomware.,30,1,0,0,Wizard Spider Downloads ryuk.exe,Downloads ryuk.exe ransomware.,data_v2/repro_external/ctid/raw_yaml/wizard_spider.yaml,10631ae393597bce3d290eb993aabbea622cca9ed5c8a73e1ffd373ec4ca3eca
ctid,wizard_spider::unknown,32,ctid::wizard_spider::cd16fcb6-e1f0-4e0f-bb83-2369516587f2,T1486,T1486,"Starts a notepad process and executes ryuk.exe ransomware. When Ryuk executes, it will first gain SeDebugPrivilege. Ryuk will then inject its own executable into a remote process, notepad.exe, via WriteProcessMemory and CreateRemoteThread WinAPI calls. Ryuk uses a symmetric key algorithm, AES256 to encrypt files. Note that the symmetric key is itself encrypted with RSA2048.",376,1,0,0,Wizard Spider Executes Ryuk Ransomware,"Starts a notepad process and executes ryuk.exe ransomware. When Ryuk executes, it will first gain SeDebugPrivilege.
Ryuk will then inject its own executable into a remote process, notepad.exe, via WriteProcessMemory and
CreateRemoteThread WinAPI calls. Ryuk uses a symmetric key algorithm, AES256 to encrypt files.
Note that the symmetric key is itself encrypted with RSA2048.",data_v2/repro_external/ctid/raw_yaml/wizard_spider.yaml,10631ae393597bce3d290eb993aabbea622cca9ed5c8a73e1ffd373ec4ca3eca
ctid,wizard_spider::unknown,33,ctid::wizard_spider::95d6c92c-e328-4997-ae01-507b709dfa7b,T1021.001,T1021,"End the RDP session to the Domain Controller. This ability must be run by an agent running on the attacker-controlled machine (e.g. on the C2 server itself), since the RDP connection originates from the attacker's machine.",222,1,0,0,Terminate RDP Session to Domain Controller,"End the RDP session to the Domain Controller.
This ability must be run by an agent running on the attacker-controlled machine (e.g. on the C2 server itself),
since the RDP connection originates from the attacker's machine.",data_v2/repro_external/ctid/raw_yaml/wizard_spider.yaml,10631ae393597bce3d290eb993aabbea622cca9ed5c8a73e1ffd373ec4ca3eca
stockpile,01c96671-afd3-47d4-8d31-8c116cc0221a,0,stockpile::01c96671-afd3-47d4-8d31-8c116cc0221a::0000::10fad81e-3f68-47be-83b6-fbee7711c6a9,T1119,T1119,"Highly configurable file finder and stager for Linux and Windows. Drops a payload file to the host to parse arguments rather than running multiple commands for each fact (e.g., each file type). This ability allows for a safe mode, only staging files found that have the appropriate file ending. The staging directory is configurable but defaults to the current user's Recycle Bin (Windows) and /tmp (Linux). Payload files include default values for all parameters (matching the base fact source - File Search and Stage). Options for searches: file extensions (include, exclude [windows]), directories (include, exclude), accessed date cutoff, modified date cutoff, sensitive search strings in files or titles.",709,1,0,0,Advanced File Search and Stager,"Highly configurable file finder and stager for Linux and Windows. Drops a payload file to the host to parse
arguments rather than running multiple commands for each fact (e.g., each file type). This ability allows for a safe
mode, only staging files found that have the appropriate file ending. The staging directory is configurable but
defaults to the current user's Recycle Bin (Windows) and /tmp (Linux). Payload files include default values for all
parameters (matching the base fact source - File Search and Stage). Options for searches: file extensions (include,
exclude [windows]), directories (include, exclude), accessed date cutoff, modified date cutoff, sensitive search
strings in files or titles.",data_v2/repro_external/stockpile/data/abilities/collection/10fad81e-3f68-47be-83b6-fbee7711c6a9.yml,23e736c910b16e6bb508d09d8d0c529b424f0a45bab5074029500486aa992d51
stockpile,01c96671-afd3-47d4-8d31-8c116cc0221a,1,stockpile::01c96671-afd3-47d4-8d31-8c116cc0221a::0001::30a8cf10-73dc-497c-8261-a64cc9e91505,T1560.001,T1560,This ability packages staged files into a password-protected archive. Note - Requires 7Z for Windows and GPG version 2.1+ for Linux,131,1,0,0,Compress staged directory (Password Protected),This ability packages staged files into a password-protected archive. Note - Requires 7Z for Windows and GPG version 2.1+ for Linux,data_v2/repro_external/stockpile/data/abilities/collection/30a8cf10-73dc-497c-8261-a64cc9e91505.yml,acd33fbfec053f9828bc7309389df1b8647e3b460d5d74906d416a190c6aaa2e
stockpile,01c96671-afd3-47d4-8d31-8c116cc0221a,2,stockpile::01c96671-afd3-47d4-8d31-8c116cc0221a::0002::3ce95a28-25fc-4a7e-a0cd-0fdb190e2081,T1567.002,T1567,This will exfiltrate an archive to Dropbox.,43,1,0,0,Exfil Compressed Archive to Dropbox,This will exfiltrate an archive to Dropbox.,data_v2/repro_external/stockpile/data/abilities/exfiltration/3ce95a28-25fc-4a7e-a0cd-0fdb190e2081.yml,26d0786a0537217965a44d09badd43751c4a5e0ca0a67a437b1fb98551017f80
stockpile,01d77744-2515-401a-a497-d9f7241aac3c,0,stockpile::01d77744-2515-401a-a497-d9f7241aac3c::0000::bd527b63-9f9e-46e0-9816-b8434d2b8989,T1033,T1033,Obtain user from current session,32,1,0,0,Current User,Obtain user from current session,data_v2/repro_external/stockpile/data/abilities/discovery/bd527b63-9f9e-46e0-9816-b8434d2b8989.yml,01e1ee43706d2bc912490a17ffe0e8653d321010a2c1b3649d013c1126ab66a6
stockpile,01d77744-2515-401a-a497-d9f7241aac3c,1,stockpile::01d77744-2515-401a-a497-d9f7241aac3c::0001::6e1a53c0-7352-4899-be35-fa7f364d5722,T1083,T1083,Print the current working directory on the system,49,1,0,0,Print Working Directory,Print the current working directory on the system,data_v2/repro_external/stockpile/data/abilities/discovery/6e1a53c0-7352-4899-be35-fa7f364d5722.yml,d8b61c64c3c64aff34867f6511217a642d77f6ba71a4fc48b4f9a35e9e7065e8
stockpile,01d77744-2515-401a-a497-d9f7241aac3c,2,stockpile::01d77744-2515-401a-a497-d9f7241aac3c::0002::52177cc1-b9ab-4411-ac21-2eadc4b5d3b8,T1083,T1083,List contents of current directory,34,1,0,0,List Directory,List contents of current directory,data_v2/repro_external/stockpile/data/abilities/discovery/52177cc1-b9ab-4411-ac21-2eadc4b5d3b8.yml,03d65393a133105ae98211369810e1e945fa5c8ff5d5e1a2b3fcbb9f13ec63aa
stockpile,01d77744-2515-401a-a497-d9f7241aac3c,3,stockpile::01d77744-2515-401a-a497-d9f7241aac3c::0004::e8017c46-acb8-400c-a4b5-b3362b5b5baa,T1016,T1016,View network configuration info for host,40,1,0,0,Network Interface Configuration,View network configuration info for host,data_v2/repro_external/stockpile/data/abilities/discovery/e8017c46-acb8-400c-a4b5-b3362b5b5baa.yml,234bd61bd7c2110f7ff6c6f9a70031e17ff2707b9262e3149cfc2385fdd7f935
stockpile,01d77744-2515-401a-a497-d9f7241aac3c,4,stockpile::01d77744-2515-401a-a497-d9f7241aac3c::0005::9849d956-37ea-49f2-a8b5-f2ca080b315d,T1518,T1518,Check to see if GoLang is installed,35,1,0,0,Check Go,Check to see if GoLang is installed,data_v2/repro_external/stockpile/data/abilities/discovery/9849d956-37ea-49f2-a8b5-f2ca080b315d.yml,fb9a981148a1850ba91c84b9855b737affd3c2d59a3c0181492258736f9ab51d
stockpile,01d77744-2515-401a-a497-d9f7241aac3c,5,stockpile::01d77744-2515-401a-a497-d9f7241aac3c::0006::830bb6ed-9594-4817-b1a1-c298c0f9f425,T1518,T1518,Check to see if Gooogle Chrome browser is installed,51,1,0,0,Check Chrome,Check to see if Gooogle Chrome browser is installed,data_v2/repro_external/stockpile/data/abilities/discovery/830bb6ed-9594-4817-b1a1-c298c0f9f425.yml,33c95b64d4fdff42412383a2230bcbe608b4e48dd0d329eef49ca4c326bbef85
stockpile,01d77744-2515-401a-a497-d9f7241aac3c,6,stockpile::01d77744-2515-401a-a497-d9f7241aac3c::0007::b18e8767-b7ea-41a3-8e80-baf65a5ddef5,T1518,T1518,Check to see what version of python is installed,48,1,0,0,Check Python,Check to see what version of python is installed,data_v2/repro_external/stockpile/data/abilities/discovery/b18e8767-b7ea-41a3-8e80-baf65a5ddef5.yml,b82c862982d8b5e3c9342c54a20a172345c5b4f8e7958f54138b63102633bce3
stockpile,09ad625e-6cba-490f-afe3-5417e7edb9c6,0,stockpile::09ad625e-6cba-490f-afe3-5417e7edb9c6::0000::10fad81e-3f68-47be-83b6-fbee7711c6a9,T1119,T1119,"Highly configurable file finder and stager for Linux and Windows. Drops a payload file to the host to parse arguments rather than running multiple commands for each fact (e.g., each file type). This ability allows for a safe mode, only staging files found that have the appropriate file ending. The staging directory is configurable but defaults to the current user's Recycle Bin (Windows) and /tmp (Linux). Payload files include default values for all parameters (matching the base fact source - File Search and Stage). Options for searches: file extensions (include, exclude [windows]), directories (include, exclude), accessed date cutoff, modified date cutoff, sensitive search strings in files or titles.",709,1,0,0,Advanced File Search and Stager,"Highly configurable file finder and stager for Linux and Windows. Drops a payload file to the host to parse
arguments rather than running multiple commands for each fact (e.g., each file type). This ability allows for a safe
mode, only staging files found that have the appropriate file ending. The staging directory is configurable but
defaults to the current user's Recycle Bin (Windows) and /tmp (Linux). Payload files include default values for all
parameters (matching the base fact source - File Search and Stage). Options for searches: file extensions (include,
exclude [windows]), directories (include, exclude), accessed date cutoff, modified date cutoff, sensitive search
strings in files or titles.",data_v2/repro_external/stockpile/data/abilities/collection/10fad81e-3f68-47be-83b6-fbee7711c6a9.yml,23e736c910b16e6bb508d09d8d0c529b424f0a45bab5074029500486aa992d51
stockpile,09ad625e-6cba-490f-afe3-5417e7edb9c6,1,stockpile::09ad625e-6cba-490f-afe3-5417e7edb9c6::0001::30a8cf10-73dc-497c-8261-a64cc9e91505,T1560.001,T1560,This ability packages staged files into a password-protected archive. Note - Requires 7Z for Windows and GPG version 2.1+ for Linux,131,1,0,0,Compress staged directory (Password Protected),This ability packages staged files into a password-protected archive. Note - Requires 7Z for Windows and GPG version 2.1+ for Linux,data_v2/repro_external/stockpile/data/abilities/collection/30a8cf10-73dc-497c-8261-a64cc9e91505.yml,acd33fbfec053f9828bc7309389df1b8647e3b460d5d74906d416a190c6aaa2e
stockpile,09ad625e-6cba-490f-afe3-5417e7edb9c6,2,stockpile::09ad625e-6cba-490f-afe3-5417e7edb9c6::0002::4a1120a5-971c-457f-bb07-60641b4723fd,T1567.001,T1567,This will exfiltrate a given compressed directory to a GitHub repository. It assumes that all the facts supplied are valid.,123,1,0,0,Exfil Compressed Archive to Github Repository,This will exfiltrate a given compressed directory to a GitHub repository. It assumes that all the facts supplied are valid.,data_v2/repro_external/stockpile/data/abilities/exfiltration/4a1120a5-971c-457f-bb07-60641b4723fd.yml,17f60683b4e5208a852a79acc29483a756e92689be8772768fe44c9b3b13fc66
stockpile,0b5636cf-f019-4ec9-aa7c-6e4f55505374,0,stockpile::0b5636cf-f019-4ec9-aa7c-6e4f55505374::0000::85341c8c-4ecb-4579-8f53-43e3e91d7617,T1018,T1018,Identify remote hosts from ARP cache,36,1,0,0,Collect ARP details,Identify remote hosts from ARP cache,data_v2/repro_external/stockpile/data/abilities/discovery/85341c8c-4ecb-4579-8f53-43e3e91d7617.yml,0922ece3a2bf96e9966b39df8bd1d00b68b3bbb5c29d6d0f6837fb349fa212bf
stockpile,0b5636cf-f019-4ec9-aa7c-6e4f55505374,1,stockpile::0b5636cf-f019-4ec9-aa7c-6e4f55505374::0001::fa4ed735-7006-4451-a578-b516f80e559f,T1018,T1018,Find hostname of remote IP in domain,36,1,0,0,Reverse nslookup IP,Find hostname of remote IP in domain,data_v2/repro_external/stockpile/data/abilities/discovery/fa4ed735-7006-4451-a578-b516f80e559f.yml,695bcffba5a1695b30fb6fa2770816feb24a1aae3f9cf42ab35a53c90be2e058
stockpile,0b5636cf-f019-4ec9-aa7c-6e4f55505374,2,stockpile::0b5636cf-f019-4ec9-aa7c-6e4f55505374::0002::deeac480-5c2a-42b5-90bb-41675ee53c7e,T1135,T1135,View the shares of a remote host,32,1,0,0,View remote shares,View the shares of a remote host,data_v2/repro_external/stockpile/data/abilities/discovery/deeac480-5c2a-42b5-90bb-41675ee53c7e.yml,4a2e467f7486ebea69852edcd78073d4d3739daa45b48bd89a42a1031d206877
stockpile,0b5636cf-f019-4ec9-aa7c-6e4f55505374,3,stockpile::0b5636cf-f019-4ec9-aa7c-6e4f55505374::0003::65048ec1-f7ca-49d3-9410-10813e472b30,T1021.002,T1021,Copy Sandcat to remote host (SMB),33,1,0,0,Copy Sandcat (SMB),Copy Sandcat to remote host (SMB),data_v2/repro_external/stockpile/data/abilities/lateral-movement/65048ec1-f7ca-49d3-9410-10813e472b30.yml,e1cf44f5a34e3189e203d0cbbe99558c91d826123ba84fad93ffc342b56dc458
stockpile,0b5636cf-f019-4ec9-aa7c-6e4f55505374,4,stockpile::0b5636cf-f019-4ec9-aa7c-6e4f55505374::0004::ece5dde3-d370-4c20-b213-a1f424aa8d03,T1047,T1047,Remotely executes the Sandcat Agent over WMI,44,1,0,0,Start Sandcat Agent (WMI),Remotely executes the Sandcat Agent over WMI,data_v2/repro_external/stockpile/data/abilities/execution/ece5dde3-d370-4c20-b213-a1f424aa8d03.yml,0d23a685901081fb1a1f5e2b7dc3f9890e006f7496e368f6e61cb3a4864174dc
stockpile,0b73bf34-fc5b-48f7-9194-dce993b915b1,0,stockpile::0b73bf34-fc5b-48f7-9194-dce993b915b1::0000::43b3754c-def4-4699-a673-1d85648fda6a,T1070.003,T1070,Stop terminal from logging history,34,1,0,0,Avoid logs,Stop terminal from logging history,data_v2/repro_external/stockpile/data/abilities/defense-evasion/43b3754c-def4-4699-a673-1d85648fda6a.yml,e5f272d68cc5467658e0f8ff77829eeff706984028e4b83a5fab8d3feb11259a
stockpile,0b73bf34-fc5b-48f7-9194-dce993b915b1,1,stockpile::0b73bf34-fc5b-48f7-9194-dce993b915b1::0001::c0da588f-79f0-4263-8998-7496b1a40596,T1033,T1033,Find user running agent,23,1,0,0,Identify active user,Find user running agent,data_v2/repro_external/stockpile/data/abilities/discovery/c0da588f-79f0-4263-8998-7496b1a40596.yml,a0ef5c9665d18a294b53c84c2857a9b43d42386b4b005521c5eddb7914c1e3c1
stockpile,0b73bf34-fc5b-48f7-9194-dce993b915b1,2,stockpile::0b73bf34-fc5b-48f7-9194-dce993b915b1::0002::85341c8c-4ecb-4579-8f53-43e3e91d7617,T1018,T1018,Identify remote hosts from ARP cache,36,1,0,0,Collect ARP details,Identify remote hosts from ARP cache,data_v2/repro_external/stockpile/data/abilities/discovery/85341c8c-4ecb-4579-8f53-43e3e91d7617.yml,0922ece3a2bf96e9966b39df8bd1d00b68b3bbb5c29d6d0f6837fb349fa212bf
stockpile,0b73bf34-fc5b-48f7-9194-dce993b915b1,3,stockpile::0b73bf34-fc5b-48f7-9194-dce993b915b1::0004::9a30740d-3aa8-4c23-8efa-d51215e8a5b9,T1016.002,T1016,View all potential WIFI networks on host,40,1,0,0,Scan WIFI networks,View all potential WIFI networks on host,data_v2/repro_external/stockpile/data/abilities/discovery/9a30740d-3aa8-4c23-8efa-d51215e8a5b9.yml,c798ea1d1bb0aebbe0731b4ccebef748f0307eec5ffdf768c84944d86f486b3a
stockpile,0b73bf34-fc5b-48f7-9194-dce993b915b1,4,stockpile::0b73bf34-fc5b-48f7-9194-dce993b915b1::0005::a0676fe1-cd52-482e-8dde-349b73f9aa69,T1016.002,T1016,See the most used WIFI networks of a machine,44,1,0,0,Preferred WIFI,See the most used WIFI networks of a machine,data_v2/repro_external/stockpile/data/abilities/discovery/a0676fe1-cd52-482e-8dde-349b73f9aa69.yml,394bac3bc7d5c952adefb79746b7727c15340eb9a712ceb257adf6efb5184bbb
stockpile,0b73bf34-fc5b-48f7-9194-dce993b915b1,5,stockpile::0b73bf34-fc5b-48f7-9194-dce993b915b1::0006::2fe2d5e6-7b06-4fc0-bf71-6966a1226731,T1499,T1499,Turn a computers WIFI off,25,1,0,0,Disrupt WIFI,Turn a computers WIFI off,data_v2/repro_external/stockpile/data/abilities/impact/2fe2d5e6-7b06-4fc0-bf71-6966a1226731.yml,f72ecfc533ae1044a0eddf8411283b6add6bb42d9279ff44cea92a319d3edf8d
stockpile,0f4c3c67-845e-49a0-927e-90ed33c044e0,0,stockpile::0f4c3c67-845e-49a0-927e-90ed33c044e0::0000::c0da588f-79f0-4263-8998-7496b1a40596,T1033,T1033,Find user running agent,23,1,0,0,Identify active user,Find user running agent,data_v2/repro_external/stockpile/data/abilities/discovery/c0da588f-79f0-4263-8998-7496b1a40596.yml,a0ef5c9665d18a294b53c84c2857a9b43d42386b4b005521c5eddb7914c1e3c1
stockpile,0f4c3c67-845e-49a0-927e-90ed33c044e0,1,stockpile::0f4c3c67-845e-49a0-927e-90ed33c044e0::0001::c1cd6388-3ced-48c7-a511-0434c6ba8f48,T1087.001,T1087,Get a list of all local users,29,1,0,0,Find local users,Get a list of all local users,data_v2/repro_external/stockpile/data/abilities/discovery/c1cd6388-3ced-48c7-a511-0434c6ba8f48.yml,50e8bdfd0326b047a19272fdc7367cd57be6d3445325beeefe0b3156ad3026c9
stockpile,0f4c3c67-845e-49a0-927e-90ed33c044e0,2,stockpile::0f4c3c67-845e-49a0-927e-90ed33c044e0::0002::feaced8f-f43f-452a-9500-a5219488abb8,T1087.001,T1087,Identify all local users,24,1,0,0,Identify local users,Identify all local users,data_v2/repro_external/stockpile/data/abilities/discovery/feaced8f-f43f-452a-9500-a5219488abb8.yml,b8654bcc5d054e5312e5526a313fa4e1ac6848e1bd401495b158968ac079d12b
stockpile,0f4c3c67-845e-49a0-927e-90ed33c044e0,3,stockpile::0f4c3c67-845e-49a0-927e-90ed33c044e0::0003::b6f545ef-f802-4537-b59d-2cb19831c8ed,T1016,T1016,Capture the local network broadcast IP address,46,1,0,0,Snag broadcast IP,Capture the local network broadcast IP address,data_v2/repro_external/stockpile/data/abilities/discovery/b6f545ef-f802-4537-b59d-2cb19831c8ed.yml,798c66f8ef726661f4406d89a7500c2a896c991e1064586008dea5483083dcfd
stockpile,0f4c3c67-845e-49a0-927e-90ed33c044e0,4,stockpile::0f4c3c67-845e-49a0-927e-90ed33c044e0::0004::3b5db901-2cb8-4df7-8043-c4628a6a5d5a,T1057,T1057,Get process info for processes running under a given user,57,1,0,0,Find user processes,Get process info for processes running under a given user,data_v2/repro_external/stockpile/data/abilities/discovery/3b5db901-2cb8-4df7-8043-c4628a6a5d5a.yml,a7d6e28269ab02f851828813d4edd100c834ed51d751a625a6bcf9c2c2868bd8
stockpile,0f4c3c67-845e-49a0-927e-90ed33c044e0,5,stockpile::0f4c3c67-845e-49a0-927e-90ed33c044e0::0005::530e47c6-8592-42bf-91df-c59ffbd8541b,T1135,T1135,Network Share Discovery,23,1,0,0,View admin shares,Network Share Discovery,data_v2/repro_external/stockpile/data/abilities/discovery/530e47c6-8592-42bf-91df-c59ffbd8541b.yml,1a7108e60e2e4a230de7370dc3541c617a1e5a4a98ceb881a948c597260723b5
stockpile,0f4c3c67-845e-49a0-927e-90ed33c044e0,6,stockpile::0f4c3c67-845e-49a0-927e-90ed33c044e0::0006::26c8b8b5-7b5b-4de1-a128-7d37fb14f517,T1018,T1018,Identify the remote domain controllers,38,1,0,0,Discover domain controller,Identify the remote domain controllers,data_v2/repro_external/stockpile/data/abilities/discovery/26c8b8b5-7b5b-4de1-a128-7d37fb14f517.yml,fb23cb9e0a637bb6473624a15fb0688c6e69ffc37bb06a1274808477fe1a0e5b
stockpile,0f4c3c67-845e-49a0-927e-90ed33c044e0,7,stockpile::0f4c3c67-845e-49a0-927e-90ed33c044e0::0007::2dece965-37a0-4f70-a391-0f30e3331aba,T1518.001,T1518,Identify AV,11,1,0,0,Discover antivirus programs,Identify AV,data_v2/repro_external/stockpile/data/abilities/discovery/2dece965-37a0-4f70-a391-0f30e3331aba.yml,d6eda121d4c5d2682acd1ac2498ef114615fc799728302f8ee9bb7a542612444
stockpile,0f4c3c67-845e-49a0-927e-90ed33c044e0,8,stockpile::0f4c3c67-845e-49a0-927e-90ed33c044e0::0008::5c4dd985-89e3-4590-9b57-71fed66ff4e2,T1069.001,T1069,Summary of permission and security groups,41,1,0,0,Permission Groups Discovery,Summary of permission and security groups,data_v2/repro_external/stockpile/data/abilities/discovery/5c4dd985-89e3-4590-9b57-71fed66ff4e2.yml,dc3c0ede2ae560375f56de22a7a8501ffc048d825ed44a5859b0bbdc3f42c63b
stockpile,0f4c3c67-845e-49a0-927e-90ed33c044e0,9,stockpile::0f4c3c67-845e-49a0-927e-90ed33c044e0::0009::8c06ebf8-bacf-486b-bd77-21ba8c5a5777,T1518.001,T1518,Identify Firewalls,18,1,0,0,Identify Firewalls,Identify Firewalls,data_v2/repro_external/stockpile/data/abilities/discovery/8c06ebf8-bacf-486b-bd77-21ba8c5a5777.yml,6a17d519a12cf3bfe1eb47f4594fc9f859f969c25ae7091ce6bac64da1e51454
stockpile,0f4c3c67-845e-49a0-927e-90ed33c044e0,10,stockpile::0f4c3c67-845e-49a0-927e-90ed33c044e0::0010::ce485320-41a4-42e8-a510-f5a8fe96a644,T1018,T1018,Identify the organizations mail server,38,1,0,0,Discover Mail Server,Identify the organizations mail server,data_v2/repro_external/stockpile/data/abilities/discovery/ce485320-41a4-42e8-a510-f5a8fe96a644.yml,70e93eebbdf9cd052a879e9a18b145d1324986f0e75f2193114c0a18e1d6572d
stockpile,0f4c3c67-845e-49a0-927e-90ed33c044e0,11,stockpile::0f4c3c67-845e-49a0-927e-90ed33c044e0::0011::b007fc38-9eb7-4320-92b3-9a3ad3e6ec25,T1217,T1217,Get Chrome Bookmarks,20,1,0,0,Get Chrome Bookmarks,Get Chrome Bookmarks,data_v2/repro_external/stockpile/data/abilities/discovery/b007fc38-9eb7-4320-92b3-9a3ad3e6ec25.yml,91aff32e3e5775661d8e7f22ff2bf72382654f7c9d92c0a952dcd8c851707588
stockpile,1a98b8e6-18ce-4617-8cc5-e65a1a9d490e,0,stockpile::1a98b8e6-18ce-4617-8cc5-e65a1a9d490e::0000::6469befa-748a-4b9c-a96d-f191fde47d89,T1074.001,T1074,create a directory for exfil staging,36,1,0,0,Create local staging directory,create a directory for exfil staging,data_v2/repro_external/stockpile/data/abilities/collection/6469befa-748a-4b9c-a96d-f191fde47d89.yml,bdbf8933a70d3fe63b2c56dcf16e1e87ae6f5bba05efdea7ec7c542697cd37a7
stockpile,1a98b8e6-18ce-4617-8cc5-e65a1a9d490e,1,stockpile::1a98b8e6-18ce-4617-8cc5-e65a1a9d490e::0001::90c2efaa-8205-480d-8bb6-61d90dbaf81b,T1005,T1005,Locate files deemed sensitive,29,1,0,0,Find files,Locate files deemed sensitive,data_v2/repro_external/stockpile/data/abilities/collection/90c2efaa-8205-480d-8bb6-61d90dbaf81b.yml,cdd5a70129b28b085032360b13280c80f77508853da9578d40173bc217a25f77
stockpile,1a98b8e6-18ce-4617-8cc5-e65a1a9d490e,2,stockpile::1a98b8e6-18ce-4617-8cc5-e65a1a9d490e::0002::4e97e699-93d7-4040-b5a3-2e906a58199e,T1074.001,T1074,copy files to staging directory,31,1,0,0,Stage sensitive files,copy files to staging directory,data_v2/repro_external/stockpile/data/abilities/collection/4e97e699-93d7-4040-b5a3-2e906a58199e.yml,bf5c7387ce67a5e0e567728c8d4471bb051d09c44ec2cdb6df463d3900dedadc
stockpile,1a98b8e6-18ce-4617-8cc5-e65a1a9d490e,3,stockpile::1a98b8e6-18ce-4617-8cc5-e65a1a9d490e::0003::300157e5-f4ad-4569-b533-9d1fa0e74d74,T1560.001,T1560,Compress a directory on the file system,39,1,0,0,Compress staged directory,Compress a directory on the file system,data_v2/repro_external/stockpile/data/abilities/collection/300157e5-f4ad-4569-b533-9d1fa0e74d74.yml,c71651924a1f5c8aa9bfb0776829dfacdc4eb8f913aa3afc38a92bd444ecef8e
stockpile,1a98b8e6-18ce-4617-8cc5-e65a1a9d490e,4,stockpile::1a98b8e6-18ce-4617-8cc5-e65a1a9d490e::0004::ea713bc4-63f0-491c-9a6f-0b01d560b87e,T1041,T1041,Exfil the staged directory,26,1,0,0,Exfil staged directory,Exfil the staged directory,data_v2/repro_external/stockpile/data/abilities/exfiltration/ea713bc4-63f0-491c-9a6f-0b01d560b87e.yml,7b3493a92a5bbb13f34db9da6dd17cac426c57157a7bd33542aee8810a865779
stockpile,1bac97ca-77fc-4c9a-835e-4de1b1b7f639,0,stockpile::1bac97ca-77fc-4c9a-835e-4de1b1b7f639::0000::74d1b640-7f1e-4b36-beba-23a8228f39e0,T1082,T1082,Uses windows libraries to get FQDN of infected host,51,1,0,0,Get Local FQDN,Uses windows libraries to get FQDN of infected host,data_v2/repro_external/stockpile/data/abilities/discovery/74d1b640-7f1e-4b36-beba-23a8228f39e0.yml,022ea1ccc00bee92fa6acee639acee0eb6b779df512c67a831f337615846c302
stockpile,1bac97ca-77fc-4c9a-835e-4de1b1b7f639,1,stockpile::1bac97ca-77fc-4c9a-835e-4de1b1b7f639::0001::13379ae1-d20e-4162-91f8-320d78a35e7f,T1018,T1018,Use PowerView to query the Active Directory server for a list of computers in the Domain,88,1,0,0,Discover local hosts,Use PowerView to query the Active Directory server for a list of computers in the Domain,data_v2/repro_external/stockpile/data/abilities/discovery/13379ae1-d20e-4162-91f8-320d78a35e7f.yml,f852c6527f04c19654ab390e714999f2ba2dfc6edaf44223aa2749e5c3f28381
stockpile,1bac97ca-77fc-4c9a-835e-4de1b1b7f639,2,stockpile::1bac97ca-77fc-4c9a-835e-4de1b1b7f639::0002::22881b9d-0efa-4ef4-9704-df0f11170cc3,T1564.004,T1564,Tool transfer to lateral hosts using Alternate Data Streams to hide implant,75,1,0,0,Lateral Movement - esentutl,Tool transfer to lateral hosts using Alternate Data Streams to hide implant,data_v2/repro_external/stockpile/data/abilities/lateral-movement/22881b9d-0efa-4ef4-9704-df0f11170cc3.yml,ab89321c82aab4b9037f571708ca687510144673fdc558cb70722f5228f09e84
stockpile,4c28c132-d7d7-4a04-8908-d643b7cb1d58,0,stockpile::4c28c132-d7d7-4a04-8908-d643b7cb1d58::0000::05cda6f6-2b1b-462e-bff1-845af94343f7,T1057,T1057,Discovers processes that the current user has the ability to access and selects an injectable one,97,1,0,0,Discover injectable process,Discovers processes that the current user has the ability to access and selects an injectable one,data_v2/repro_external/stockpile/data/abilities/discovery/05cda6f6-2b1b-462e-bff1-845af94343f7.yml,f57893b30fffe27e3790eac3c5c2deca487af71733e703679b45fabfb1e7af1f
stockpile,4c28c132-d7d7-4a04-8908-d643b7cb1d58,1,stockpile::4c28c132-d7d7-4a04-8908-d643b7cb1d58::0001::a398986f-31b0-436a-87e9-c8e82c028f3c,T1055.001,T1055,Injects sandcat DLL into an available process,45,1,0,0,Inject Sandcat DLL into process,Injects sandcat DLL into an available process,data_v2/repro_external/stockpile/data/abilities/defense-evasion/a398986f-31b0-436a-87e9-c8e82c028f3c.yml,3fba2bf368952150e9e55196e44921a87b44383ac1ffb17a463f11f665e7ea8d
stockpile,50855e29-3b4e-4562-aa55-b3d7f93c26b8,0,stockpile::50855e29-3b4e-4562-aa55-b3d7f93c26b8::0000::13379ae1-d20e-4162-91f8-320d78a35e7f,T1018,T1018,Use PowerView to query the Active Directory server for a list of computers in the Domain,88,1,0,0,Discover local hosts,Use PowerView to query the Active Directory server for a list of computers in the Domain,data_v2/repro_external/stockpile/data/abilities/discovery/13379ae1-d20e-4162-91f8-320d78a35e7f.yml,f852c6527f04c19654ab390e714999f2ba2dfc6edaf44223aa2749e5c3f28381
stockpile,50855e29-3b4e-4562-aa55-b3d7f93c26b8,1,stockpile::50855e29-3b4e-4562-aa55-b3d7f93c26b8::0001::7049e3ec-b822-4fdf-a4ac-18190f9b66d1,T1003.001,T1003,Use Invoke-Mimikatz,19,1,0,0,Powerkatz (Staged),Use Invoke-Mimikatz,data_v2/repro_external/stockpile/data/abilities/credential-access/7049e3ec-b822-4fdf-a4ac-18190f9b66d1.yml,c6539b5bace0798bb1d146454417e4a45273a53003199b80063f4b23eff6cd31
stockpile,50855e29-3b4e-4562-aa55-b3d7f93c26b8,2,stockpile::50855e29-3b4e-4562-aa55-b3d7f93c26b8::0002::14a21534-350f-4d83-9dd7-3c56b93a0c17,T1016,T1016,Find Domain information,23,1,0,0,Find Domain,Find Domain information,data_v2/repro_external/stockpile/data/abilities/discovery/14a21534-350f-4d83-9dd7-3c56b93a0c17.yml,8f88b74a904a103aa6537a48505bbed8fd430d8ccf955e4b4ae0e4522bd2f285
stockpile,50855e29-3b4e-4562-aa55-b3d7f93c26b8,3,stockpile::50855e29-3b4e-4562-aa55-b3d7f93c26b8::0003::6d90e6fa-9324-4eb5-93be-9f737245bd7z,T1069.002,T1069,Use PowerView to query the Active Directory server to determine remote admins,77,1,0,0,Discover Domain Admins,Use PowerView to query the Active Directory server to determine remote admins,data_v2/repro_external/stockpile/data/abilities/discovery/6d90e6fa-9324-4eb5-93be-9f737245bd7z.yml,efc2c4a86a8c05f2b77715736e3c284581016c59ed975d2940e7fa2c6c8c7f3d
stockpile,50855e29-3b4e-4562-aa55-b3d7f93c26b8,4,stockpile::50855e29-3b4e-4562-aa55-b3d7f93c26b8::0004::2afae782-6d0a-4fbd-a6b6-d1ce90090eac,T1069.002,T1069,Use PowerView to query the Active Directory server to determine remote admins,77,1,0,0,Account-type Admin Enumerator,Use PowerView to query the Active Directory server to determine remote admins,data_v2/repro_external/stockpile/data/abilities/discovery/2afae782-6d0a-4fbd-a6b6-d1ce90090eac.yml,9250be084154d563e0f7047743e8435e233e33a2794dcc91ad7015916ef581f6
stockpile,50855e29-3b4e-4562-aa55-b3d7f93c26b8,5,stockpile::50855e29-3b4e-4562-aa55-b3d7f93c26b8::0005::921055f4-5970-4707-909e-62f594234d91,T1016,T1016,Ping a remote host to see if it is accessible,45,1,0,0,Remote Host Ping,Ping a remote host to see if it is accessible,data_v2/repro_external/stockpile/data/abilities/discovery/921055f4-5970-4707-909e-62f594234d91.yml,40c11bd9e66f1671b0237500523eef2b11a9c8fb2e064be7c00bfecf7bd0d186
stockpile,50855e29-3b4e-4562-aa55-b3d7f93c26b8,6,stockpile::50855e29-3b4e-4562-aa55-b3d7f93c26b8::0006::aa6ec4dd-db09-4925-b9b9-43adeb154686,T1021.002,T1021,Mount a windows share,21,1,0,0,Mount Share,Mount a windows share,data_v2/repro_external/stockpile/data/abilities/lateral-movement/aa6ec4dd-db09-4925-b9b9-43adeb154686.yml,c790496ffff3b86d48e1aa5fbf96bd20b62012061426ba3a8951efc09298f40a
stockpile,50855e29-3b4e-4562-aa55-b3d7f93c26b8,7,stockpile::50855e29-3b4e-4562-aa55-b3d7f93c26b8::0007::65048ec1-f7ca-49d3-9410-10813e472b30,T1021.002,T1021,Copy Sandcat to remote host (SMB),33,1,0,0,Copy Sandcat (SMB),Copy Sandcat to remote host (SMB),data_v2/repro_external/stockpile/data/abilities/lateral-movement/65048ec1-f7ca-49d3-9410-10813e472b30.yml,e1cf44f5a34e3189e203d0cbbe99558c91d826123ba84fad93ffc342b56dc458
stockpile,50855e29-3b4e-4562-aa55-b3d7f93c26b8,8,stockpile::50855e29-3b4e-4562-aa55-b3d7f93c26b8::0008::ece5dde3-d370-4c20-b213-a1f424aa8d03,T1047,T1047,Remotely executes the Sandcat Agent over WMI,44,1,0,0,Start Sandcat Agent (WMI),Remotely executes the Sandcat Agent over WMI,data_v2/repro_external/stockpile/data/abilities/execution/ece5dde3-d370-4c20-b213-a1f424aa8d03.yml,0d23a685901081fb1a1f5e2b7dc3f9890e006f7496e368f6e61cb3a4864174dc
stockpile,564ae20d-778d-4965-93dc-b523be2e2ab4,0,stockpile::564ae20d-778d-4965-93dc-b523be2e2ab4::0000::316251ed-6a28-4013-812b-ddf5b5b007f8,T1113,T1113,capture the contents of the screen,34,1,0,0,Screen Capture,capture the contents of the screen,data_v2/repro_external/stockpile/data/abilities/collection/316251ed-6a28-4013-812b-ddf5b5b007f8.yml,0f31a239c52f27c22d5ff669039184d5bdc9d2f87cb166c8b7d73217dfdfdf0d
stockpile,564ae20d-778d-4965-93dc-b523be2e2ab4,1,stockpile::564ae20d-778d-4965-93dc-b523be2e2ab4::0001::b007fe0c-c6b0-4fda-915c-255bbc070de2,T1115,T1115,copy the contents for the clipboard and print them,50,1,0,0,Copy Clipboard,copy the contents for the clipboard and print them,data_v2/repro_external/stockpile/data/abilities/collection/b007fe0c-c6b0-4fda-915c-255bbc070de2.yml,642337901854d4c1e4f09570a9590a8f0986f9e14dfe2dd5384f45aeda57f98f
stockpile,564ae20d-778d-4965-93dc-b523be2e2ab4,2,stockpile::564ae20d-778d-4965-93dc-b523be2e2ab4::0002::b007fc38-9eb7-4320-92b3-9a3ad3e6ec25,T1217,T1217,Get Chrome Bookmarks,20,1,0,0,Get Chrome Bookmarks,Get Chrome Bookmarks,data_v2/repro_external/stockpile/data/abilities/discovery/b007fc38-9eb7-4320-92b3-9a3ad3e6ec25.yml,91aff32e3e5775661d8e7f22ff2bf72382654f7c9d92c0a952dcd8c851707588
stockpile,564ae20d-778d-4965-93dc-b523be2e2ab4,3,stockpile::564ae20d-778d-4965-93dc-b523be2e2ab4::0003::78524da1-f347-4fbb-9295-209f1f408330,T1496,T1496,Install sox and record microphone for n-seconds,47,1,0,0,Record microphone,Install sox and record microphone for n-seconds,data_v2/repro_external/stockpile/data/abilities/impact/78524da1-f347-4fbb-9295-209f1f408330.yml,4d44386b96e2ee84b8922bd108c10ee0aadc132b2e7ed3b7cf8d06721e9f068a
stockpile,564ae20d-778d-4965-93dc-b523be2e2ab4,4,stockpile::564ae20d-778d-4965-93dc-b523be2e2ab4::0004::6469befa-748a-4b9c-a96d-f191fde47d89,T1074.001,T1074,create a directory for exfil staging,36,1,0,0,Create local staging directory,create a directory for exfil staging,data_v2/repro_external/stockpile/data/abilities/collection/6469befa-748a-4b9c-a96d-f191fde47d89.yml,bdbf8933a70d3fe63b2c56dcf16e1e87ae6f5bba05efdea7ec7c542697cd37a7
stockpile,564ae20d-778d-4965-93dc-b523be2e2ab4,5,stockpile::564ae20d-778d-4965-93dc-b523be2e2ab4::0005::90c2efaa-8205-480d-8bb6-61d90dbaf81b,T1005,T1005,Locate files deemed sensitive,29,1,0,0,Find files,Locate files deemed sensitive,data_v2/repro_external/stockpile/data/abilities/collection/90c2efaa-8205-480d-8bb6-61d90dbaf81b.yml,cdd5a70129b28b085032360b13280c80f77508853da9578d40173bc217a25f77
stockpile,564ae20d-778d-4965-93dc-b523be2e2ab4,6,stockpile::564ae20d-778d-4965-93dc-b523be2e2ab4::0006::4e97e699-93d7-4040-b5a3-2e906a58199e,T1074.001,T1074,copy files to staging directory,31,1,0,0,Stage sensitive files,copy files to staging directory,data_v2/repro_external/stockpile/data/abilities/collection/4e97e699-93d7-4040-b5a3-2e906a58199e.yml,bf5c7387ce67a5e0e567728c8d4471bb051d09c44ec2cdb6df463d3900dedadc
stockpile,564ae20d-778d-4965-93dc-b523be2e2ab4,7,stockpile::564ae20d-778d-4965-93dc-b523be2e2ab4::0007::300157e5-f4ad-4569-b533-9d1fa0e74d74,T1560.001,T1560,Compress a directory on the file system,39,1,0,0,Compress staged directory,Compress a directory on the file system,data_v2/repro_external/stockpile/data/abilities/collection/300157e5-f4ad-4569-b533-9d1fa0e74d74.yml,c71651924a1f5c8aa9bfb0776829dfacdc4eb8f913aa3afc38a92bd444ecef8e
stockpile,564ae20d-778d-4965-93dc-b523be2e2ab4,8,stockpile::564ae20d-778d-4965-93dc-b523be2e2ab4::0008::ea713bc4-63f0-491c-9a6f-0b01d560b87e,T1041,T1041,Exfil the staged directory,26,1,0,0,Exfil staged directory,Exfil the staged directory,data_v2/repro_external/stockpile/data/abilities/exfiltration/ea713bc4-63f0-491c-9a6f-0b01d560b87e.yml,7b3493a92a5bbb13f34db9da6dd17cac426c57157a7bd33542aee8810a865779
stockpile,564ae20d-778d-4965-93dc-b523be2e2ab4,9,stockpile::564ae20d-778d-4965-93dc-b523be2e2ab4::0009::90c2efaa-8205-480d-8bb6-61d90dbaf81b,T1005,T1005,Locate files deemed sensitive,29,1,0,0,Find files,Locate files deemed sensitive,data_v2/repro_external/stockpile/data/abilities/collection/90c2efaa-8205-480d-8bb6-61d90dbaf81b.yml,cdd5a70129b28b085032360b13280c80f77508853da9578d40173bc217a25f77
stockpile,564ae20d-778d-4965-93dc-b523be2e2ab4,10,stockpile::564ae20d-778d-4965-93dc-b523be2e2ab4::0010::2dece965-37a0-4f70-a391-0f30e3331aba,T1518.001,T1518,Identify AV,11,1,0,0,Discover antivirus programs,Identify AV,data_v2/repro_external/stockpile/data/abilities/discovery/2dece965-37a0-4f70-a391-0f30e3331aba.yml,d6eda121d4c5d2682acd1ac2498ef114615fc799728302f8ee9bb7a542612444
stockpile,564ae20d-778d-4965-93dc-b523be2e2ab4,11,stockpile::564ae20d-778d-4965-93dc-b523be2e2ab4::0011::9a30740d-3aa8-4c23-8efa-d51215e8a5b9,T1016.002,T1016,View all potential WIFI networks on host,40,1,0,0,Scan WIFI networks,View all potential WIFI networks on host,data_v2/repro_external/stockpile/data/abilities/discovery/9a30740d-3aa8-4c23-8efa-d51215e8a5b9.yml,c798ea1d1bb0aebbe0731b4ccebef748f0307eec5ffdf768c84944d86f486b3a
stockpile,564ae20d-778d-4965-93dc-b523be2e2ab4,12,stockpile::564ae20d-778d-4965-93dc-b523be2e2ab4::0012::a0676fe1-cd52-482e-8dde-349b73f9aa69,T1016.002,T1016,See the most used WIFI networks of a machine,44,1,0,0,Preferred WIFI,See the most used WIFI networks of a machine,data_v2/repro_external/stockpile/data/abilities/discovery/a0676fe1-cd52-482e-8dde-349b73f9aa69.yml,394bac3bc7d5c952adefb79746b7727c15340eb9a712ceb257adf6efb5184bbb
stockpile,564ae20d-778d-4965-93dc-b523be2e2ab4,13,stockpile::564ae20d-778d-4965-93dc-b523be2e2ab4::0013::1b4fb81c-8090-426c-93ab-0a633e7a16a7,T1040,T1040,Perform a packet capture,24,1,0,0,Sniff network traffic,Perform a packet capture,data_v2/repro_external/stockpile/data/abilities/credential-access/1b4fb81c-8090-426c-93ab-0a633e7a16a7.yml,0153ee300ad1854f0dc9114635badcf2fac66b073345b8186fa715e9cd71d468
stockpile,564ae20d-778d-4965-93dc-b523be2e2ab4,14,stockpile::564ae20d-778d-4965-93dc-b523be2e2ab4::0014::de52784d-4de6-4d4e-b79e-e7b68fe037fb,T1059.002,T1059,Add a malicious bookmark which looks like a current one,55,1,0,0,Add bookmark via AppleScript,Add a malicious bookmark which looks like a current one,data_v2/repro_external/stockpile/data/abilities/execution/de52784d-4de6-4d4e-b79e-e7b68fe037fb.yml,dbe760925bcba01acbfbb98f63ae04fcc28235df5937cf8cc0e764ab21521f63
stockpile,5d3e170e-f1b8-49f9-9ee1-c51605552a08,0,stockpile::5d3e170e-f1b8-49f9-9ee1-c51605552a08::0000::1f7ff232-ebf8-42bf-a3c4-657855794cfe,T1114.001,T1114,Grep for all emails for the given target company,48,1,0,0,Find company emails,Grep for all emails for the given target company,data_v2/repro_external/stockpile/data/abilities/collection/1f7ff232-ebf8-42bf-a3c4-657855794cfe.yml,e98bb9628f5bf114f3832ea1ccb2cf81058b742cd5cd903a0eb6019cda03b3e5
stockpile,5d3e170e-f1b8-49f9-9ee1-c51605552a08,1,stockpile::5d3e170e-f1b8-49f9-9ee1-c51605552a08::0001::d69e8660-62c9-431e-87eb-8cf6bd4e35cf,T1005,T1005,Grep for IP addresses in file system per user,45,1,0,0,Find IP addresses from file system,Grep for IP addresses in file system per user,data_v2/repro_external/stockpile/data/abilities/collection/d69e8660-62c9-431e-87eb-8cf6bd4e35cf.yml,83d336cb5b4d294a53f3a2d6718e959f373d9caf3a77a4f1db4e2687cc56e0c5
stockpile,5d3e170e-f1b8-49f9-9ee1-c51605552a08,2,stockpile::5d3e170e-f1b8-49f9-9ee1-c51605552a08::0002::90c2efaa-8205-480d-8bb6-61d90dbaf81b,T1005,T1005,Locate files deemed sensitive,29,1,0,0,Find files,Locate files deemed sensitive,data_v2/repro_external/stockpile/data/abilities/collection/90c2efaa-8205-480d-8bb6-61d90dbaf81b.yml,cdd5a70129b28b085032360b13280c80f77508853da9578d40173bc217a25f77
stockpile,5d3e170e-f1b8-49f9-9ee1-c51605552a08,3,stockpile::5d3e170e-f1b8-49f9-9ee1-c51605552a08::0003::6469befa-748a-4b9c-a96d-f191fde47d89,T1074.001,T1074,create a directory for exfil staging,36,1,0,0,Create local staging directory,create a directory for exfil staging,data_v2/repro_external/stockpile/data/abilities/collection/6469befa-748a-4b9c-a96d-f191fde47d89.yml,bdbf8933a70d3fe63b2c56dcf16e1e87ae6f5bba05efdea7ec7c542697cd37a7
stockpile,725226e0-45b8-4432-84ee-144d3f37ff8d,0,stockpile::725226e0-45b8-4432-84ee-144d3f37ff8d::0000::85341c8c-4ecb-4579-8f53-43e3e91d7617,T1018,T1018,Identify remote hosts from ARP cache,36,1,0,0,Collect ARP details,Identify remote hosts from ARP cache,data_v2/repro_external/stockpile/data/abilities/discovery/85341c8c-4ecb-4579-8f53-43e3e91d7617.yml,0922ece3a2bf96e9966b39df8bd1d00b68b3bbb5c29d6d0f6837fb349fa212bf
stockpile,725226e0-45b8-4432-84ee-144d3f37ff8d,1,stockpile::725226e0-45b8-4432-84ee-144d3f37ff8d::0001::fa4ed735-7006-4451-a578-b516f80e559f,T1018,T1018,Find hostname of remote IP in domain,36,1,0,0,Reverse nslookup IP,Find hostname of remote IP in domain,data_v2/repro_external/stockpile/data/abilities/discovery/fa4ed735-7006-4451-a578-b516f80e559f.yml,695bcffba5a1695b30fb6fa2770816feb24a1aae3f9cf42ab35a53c90be2e058
stockpile,725226e0-45b8-4432-84ee-144d3f37ff8d,2,stockpile::725226e0-45b8-4432-84ee-144d3f37ff8d::0002::4908fdc4-74fc-4d7c-8935-26d11ad26a8d,T1570,T1570,Copy Sandcat to remote host (powershell 5 or newer only) or SCP,63,1,0,0,Copy Sandcat (WinRM and SCP),Copy Sandcat to remote host (powershell 5 or newer only) or SCP,data_v2/repro_external/stockpile/data/abilities/lateral-movement/4908fdc4-74fc-4d7c-8935-26d11ad26a8d.yml,6090f3a6e78a9c1ce9c90835358732a0b43abe9fd585ec00193936fadb826525
stockpile,725226e0-45b8-4432-84ee-144d3f37ff8d,3,stockpile::725226e0-45b8-4432-84ee-144d3f37ff8d::0003::41bb2b7a-75af-49fd-bd15-6c827df25921,T1021.006,T1021,Start Agent using WinRM (WinRM),31,1,0,0,Start Agent (WinRM),Start Agent using WinRM (WinRM),data_v2/repro_external/stockpile/data/abilities/lateral-movement/41bb2b7a-75af-49fd-bd15-6c827df25921.yml,4c1876e63769798092eb616a8b2bb22b37781ce72c851c2399b942e6cc86bd24
stockpile,78e7504d-968f-477d-8806-4d6c04b94431,0,stockpile::78e7504d-968f-477d-8806-4d6c04b94431::0000::02de522f-7e0a-4544-8afc-0c195f400f5f,T1005,T1005,Search for valid SSH commands in the config file,48,1,0,0,Parse SSH config,Search for valid SSH commands in the config file,data_v2/repro_external/stockpile/data/abilities/collection/02de522f-7e0a-4544-8afc-0c195f400f5f.yml,589f147a038515072a50d3d4b7997d211ce5006bf45f98530a7c6a8f6eb2bd04
stockpile,78e7504d-968f-477d-8806-4d6c04b94431,1,stockpile::78e7504d-968f-477d-8806-4d6c04b94431::0001::422526ec-27e9-429a-995b-c686a29561a4,T1552.003,T1552,Get contents of bash history,28,1,0,0,Dump bash history,Get contents of bash history,data_v2/repro_external/stockpile/data/abilities/credential-access/422526ec-27e9-429a-995b-c686a29561a4.yml,e65b069875f3e79604d7bc35005acd63a6eeef5074d94efb041f6e549119fe54
stockpile,78e7504d-968f-477d-8806-4d6c04b94431,2,stockpile::78e7504d-968f-477d-8806-4d6c04b94431::0002::530e47c6-8592-42bf-91df-c59ffbd8541b,T1135,T1135,Network Share Discovery,23,1,0,0,View admin shares,Network Share Discovery,data_v2/repro_external/stockpile/data/abilities/discovery/530e47c6-8592-42bf-91df-c59ffbd8541b.yml,1a7108e60e2e4a230de7370dc3541c617a1e5a4a98ceb881a948c597260723b5
stockpile,78e7504d-968f-477d-8806-4d6c04b94431,3,stockpile::78e7504d-968f-477d-8806-4d6c04b94431::0003::85341c8c-4ecb-4579-8f53-43e3e91d7617,T1018,T1018,Identify remote hosts from ARP cache,36,1,0,0,Collect ARP details,Identify remote hosts from ARP cache,data_v2/repro_external/stockpile/data/abilities/discovery/85341c8c-4ecb-4579-8f53-43e3e91d7617.yml,0922ece3a2bf96e9966b39df8bd1d00b68b3bbb5c29d6d0f6837fb349fa212bf
stockpile,78e7504d-968f-477d-8806-4d6c04b94431,4,stockpile::78e7504d-968f-477d-8806-4d6c04b94431::0004::baac2c6d-4652-4b7e-ab0a-f1bf246edd12,T1003.001,T1003,Use powerkatz to execute mimikatz and attempt to grab plaintext and/or hashed passwords,87,1,0,0,Run PowerKatz,Use powerkatz to execute mimikatz and attempt to grab plaintext and/or hashed passwords,data_v2/repro_external/stockpile/data/abilities/credential-access/baac2c6d-4652-4b7e-ab0a-f1bf246edd12.yml,9b440c8a7bbd61d7b86f18a24b31cc987c8df6fa9956df2e7974d1bb8dd3e00b
stockpile,78e7504d-968f-477d-8806-4d6c04b94431,5,stockpile::78e7504d-968f-477d-8806-4d6c04b94431::0005::fdf8bf36-797f-4157-805b-fe7c1c6fc903,T1018,T1018,Find hostname of remote host,28,1,0,0,Find Hostname,Find hostname of remote host,data_v2/repro_external/stockpile/data/abilities/discovery/fdf8bf36-797f-4157-805b-fe7c1c6fc903.yml,dca57ce00eef2f7f04b138dae8cf0f26c036ba33aa83de2396bc85e946502081
stockpile,78e7504d-968f-477d-8806-4d6c04b94431,6,stockpile::78e7504d-968f-477d-8806-4d6c04b94431::0006::fa4ed735-7006-4451-a578-b516f80e559f,T1018,T1018,Find hostname of remote IP in domain,36,1,0,0,Reverse nslookup IP,Find hostname of remote IP in domain,data_v2/repro_external/stockpile/data/abilities/discovery/fa4ed735-7006-4451-a578-b516f80e559f.yml,695bcffba5a1695b30fb6fa2770816feb24a1aae3f9cf42ab35a53c90be2e058
stockpile,78e7504d-968f-477d-8806-4d6c04b94431,7,stockpile::78e7504d-968f-477d-8806-4d6c04b94431::0007::aa6ec4dd-db09-4925-b9b9-43adeb154686,T1021.002,T1021,Mount a windows share,21,1,0,0,Mount Share,Mount a windows share,data_v2/repro_external/stockpile/data/abilities/lateral-movement/aa6ec4dd-db09-4925-b9b9-43adeb154686.yml,c790496ffff3b86d48e1aa5fbf96bd20b62012061426ba3a8951efc09298f40a
stockpile,78e7504d-968f-477d-8806-4d6c04b94431,8,stockpile::78e7504d-968f-477d-8806-4d6c04b94431::0008::65048ec1-f7ca-49d3-9410-10813e472b30,T1021.002,T1021,Copy Sandcat to remote host (SMB),33,1,0,0,Copy Sandcat (SMB),Copy Sandcat to remote host (SMB),data_v2/repro_external/stockpile/data/abilities/lateral-movement/65048ec1-f7ca-49d3-9410-10813e472b30.yml,e1cf44f5a34e3189e203d0cbbe99558c91d826123ba84fad93ffc342b56dc458
stockpile,78e7504d-968f-477d-8806-4d6c04b94431,9,stockpile::78e7504d-968f-477d-8806-4d6c04b94431::0009::4908fdc4-74fc-4d7c-8935-26d11ad26a8d,T1570,T1570,Copy Sandcat to remote host (powershell 5 or newer only) or SCP,63,1,0,0,Copy Sandcat (WinRM and SCP),Copy Sandcat to remote host (powershell 5 or newer only) or SCP,data_v2/repro_external/stockpile/data/abilities/lateral-movement/4908fdc4-74fc-4d7c-8935-26d11ad26a8d.yml,6090f3a6e78a9c1ce9c90835358732a0b43abe9fd585ec00193936fadb826525
stockpile,78e7504d-968f-477d-8806-4d6c04b94431,10,stockpile::78e7504d-968f-477d-8806-4d6c04b94431::0010::ece5dde3-d370-4c20-b213-a1f424aa8d03,T1047,T1047,Remotely executes the Sandcat Agent over WMI,44,1,0,0,Start Sandcat Agent (WMI),Remotely executes the Sandcat Agent over WMI,data_v2/repro_external/stockpile/data/abilities/execution/ece5dde3-d370-4c20-b213-a1f424aa8d03.yml,0d23a685901081fb1a1f5e2b7dc3f9890e006f7496e368f6e61cb3a4864174dc
stockpile,78e7504d-968f-477d-8806-4d6c04b94431,11,stockpile::78e7504d-968f-477d-8806-4d6c04b94431::0011::41bb2b7a-75af-49fd-bd15-6c827df25921,T1021.006,T1021,Start Agent using WinRM (WinRM),31,1,0,0,Start Agent (WinRM),Start Agent using WinRM (WinRM),data_v2/repro_external/stockpile/data/abilities/lateral-movement/41bb2b7a-75af-49fd-bd15-6c827df25921.yml,4c1876e63769798092eb616a8b2bb22b37781ce72c851c2399b942e6cc86bd24
stockpile,78e7504d-968f-477d-8806-4d6c04b94431,12,stockpile::78e7504d-968f-477d-8806-4d6c04b94431::0012::10a9d979-e342-418a-a9b0-002c483e0fa6,T1021.004,T1021,"Copy Sandcat agent to remote host and start it, assumes target uses SSH keys and passwordless authentication",108,1,0,0,Start remote Sandcat agent (54ndc47) via SSH,"Copy Sandcat agent to remote host and start it, assumes target uses SSH keys and passwordless authentication",data_v2/repro_external/stockpile/data/abilities/lateral-movement/10a9d979-e342-418a-a9b0-002c483e0fa6.yml,ebac7ff385490520db7891ee410b4548b88652b6828c39c72e70f0249404ccf2
stockpile,bcdbf6b9-14c5-495c-be84-37bce32c312b,0,stockpile::bcdbf6b9-14c5-495c-be84-37bce32c312b::0000::0ef4cc7b-611c-4237-b20b-db36b6906554,T1003.001,T1003,Dump lsass for later use with mimikatz,38,1,0,0,Dump LSASS memory using ProcDump,Dump lsass for later use with mimikatz,data_v2/repro_external/stockpile/data/abilities/credential-access/0ef4cc7b-611c-4237-b20b-db36b6906554.yml,019b813cc6e61e73aa7001cada568a167c71c03e373fba07e59b94af8fd0ca38
stockpile,bcdbf6b9-14c5-495c-be84-37bce32c312b,1,stockpile::bcdbf6b9-14c5-495c-be84-37bce32c312b::0001::a74bc239-a196-4f7e-8d5c-fe8c0266071c,T1218.008,T1218,Leverage odbcconf for DLL injection,35,1,0,0,Signed Binary Execution - odbcconf,Leverage odbcconf for DLL injection,data_v2/repro_external/stockpile/data/abilities/defense-evasion/a74bc239-a196-4f7e-8d5c-fe8c0266071c.yml,9fc564c826a30ae21f5ffaea6c73b3cceb5657aa68afcf91914f63e034eaa21a
stockpile,bcdbf6b9-14c5-495c-be84-37bce32c312b,2,stockpile::bcdbf6b9-14c5-495c-be84-37bce32c312b::0002::e5bcefee-262d-4568-a261-e8a20855ec81,T1218.013,T1218,Leverage Mavinject (signed binary) for DLL injection,52,1,0,0,Signed Binary Execution - Mavinject,Leverage Mavinject (signed binary) for DLL injection,data_v2/repro_external/stockpile/data/abilities/defense-evasion/e5bcefee-262d-4568-a261-e8a20855ec81.yml,09f88c74190c96d428dc69619cc1b2763fdc61aae5b7de259605b5a7baecea76
stockpile,c220a8e6-609c-4d5b-9e1c-068ca01c2eec,0,stockpile::c220a8e6-609c-4d5b-9e1c-068ca01c2eec::0000::74d1b640-7f1e-4b36-beba-23a8228f39e0,T1082,T1082,Uses windows libraries to get FQDN of infected host,51,1,0,0,Get Local FQDN,Uses windows libraries to get FQDN of infected host,data_v2/repro_external/stockpile/data/abilities/discovery/74d1b640-7f1e-4b36-beba-23a8228f39e0.yml,022ea1ccc00bee92fa6acee639acee0eb6b779df512c67a831f337615846c302
stockpile,c220a8e6-609c-4d5b-9e1c-068ca01c2eec,1,stockpile::c220a8e6-609c-4d5b-9e1c-068ca01c2eec::0001::13379ae1-d20e-4162-91f8-320d78a35e7f,T1018,T1018,Use PowerView to query the Active Directory server for a list of computers in the Domain,88,1,0,0,Discover local hosts,Use PowerView to query the Active Directory server for a list of computers in the Domain,data_v2/repro_external/stockpile/data/abilities/discovery/13379ae1-d20e-4162-91f8-320d78a35e7f.yml,f852c6527f04c19654ab390e714999f2ba2dfc6edaf44223aa2749e5c3f28381
stockpile,c220a8e6-609c-4d5b-9e1c-068ca01c2eec,2,stockpile::c220a8e6-609c-4d5b-9e1c-068ca01c2eec::0002::96d3c175-5e58-424c-8350-d7514b28a075,T1570,T1570,Uses CertUtil as a LOTL technique to base64-encode and transfer the agent binary using windows-signed binaries,110,1,0,0,Lateral Movement - Certutil,Uses CertUtil as a LOTL technique to base64-encode and transfer the agent binary using windows-signed binaries,data_v2/repro_external/stockpile/data/abilities/lateral-movement/96d3c175-5e58-424c-8350-d7514b28a075.yml,8dc2cf1153580d67bdb352990a66e7eebc31737315dfe7844f44eff528639894
stockpile,c724545d-a4cc-492e-8075-2ab9a699c847,0,stockpile::c724545d-a4cc-492e-8075-2ab9a699c847::0000::665432a4-42e7-4ee1-af19-a9a8c9455d0c,T1548.002,T1548,Set a registry key to allow UAC bypass,38,1,0,0,UAC bypass registry,Set a registry key to allow UAC bypass,data_v2/repro_external/stockpile/data/abilities/privilege-escalation/665432a4-42e7-4ee1-af19-a9a8c9455d0c.yml,e4642aebbb184ee34c879b5d3dc45d140bbeb5e45f5dc1304e7f79b9a92968ba
stockpile,c724545d-a4cc-492e-8075-2ab9a699c847,1,stockpile::c724545d-a4cc-492e-8075-2ab9a699c847::0001::95ad5d69-563e-477b-802b-4855bfb3be09,T1548.002,T1548,UAC Bypass via Dll Hijack of WOW64 logger wow64log.dll using Akagi.exe,70,1,0,0,wow64log DLL Hijack (UAC Bypass),UAC Bypass via Dll Hijack of WOW64 logger wow64log.dll using Akagi.exe,data_v2/repro_external/stockpile/data/abilities/privilege-escalation/95ad5d69-563e-477b-802b-4855bfb3be09.yml,779974a5ec03a5a25369e8b0b06378c3749668ef0e21b8ede4ca58885c9d06ca
stockpile,c724545d-a4cc-492e-8075-2ab9a699c847,2,stockpile::c724545d-a4cc-492e-8075-2ab9a699c847::0002::e99cce5c-cb7e-4a6e-8a09-1609a221b90a,T1548.002,T1548,UIPI bypass with uiAccess application,37,1,0,0,duser/osksupport DLL Hijack,UIPI bypass with uiAccess application,data_v2/repro_external/stockpile/data/abilities/privilege-escalation/e99cce5c-cb7e-4a6e-8a09-1609a221b90a.yml,5fc9494ceab28b7c246071ca4ccc6195c3c7e32f5b7575aebefc54c47c803e8d
stockpile,c724545d-a4cc-492e-8075-2ab9a699c847,3,stockpile::c724545d-a4cc-492e-8075-2ab9a699c847::0003::e3db134c-4aed-4c5a-9607-c50183c9ef9e,T1548.002,T1548,Bypass user account controls - medium,37,1,0,0,Bypass UAC Medium,Bypass user account controls - medium,data_v2/repro_external/stockpile/data/abilities/privilege-escalation/e3db134c-4aed-4c5a-9607-c50183c9ef9e.yml,733737a90d4de6239ae44e5d68c8311ad952460308aad0411f923b0e4164c6a7
stockpile,d6ea4c1e-7959-4eb1-a292-b6fd2b06c73e,0,stockpile::d6ea4c1e-7959-4eb1-a292-b6fd2b06c73e::0000::94f21386-9547-43c4-99df-938ab05d45ce,T1047,T1047,"Capture process id, executable path, pid and parent pid before writing to disk",78,1,0,0,WMIC Process Enumeration,"Capture process id, executable path, pid and parent pid before writing to disk",data_v2/repro_external/stockpile/data/abilities/execution/94f21386-9547-43c4-99df-938ab05d45ce.yml,f387c70569cc114521e954d0870dd020c48cced5b946ce787240a4617973f426
stockpile,d6ea4c1e-7959-4eb1-a292-b6fd2b06c73e,1,stockpile::d6ea4c1e-7959-4eb1-a292-b6fd2b06c73e::0001::8adf02e8-6e71-4244-886c-98c402857404,T1057,T1057,Capture running processes and their loaded DLLs,47,1,0,0,tasklist Process Module Enumeration,Capture running processes and their loaded DLLs,data_v2/repro_external/stockpile/data/abilities/discovery/8adf02e8-6e71-4244-886c-98c402857404.yml,ade2725469ea28b04da4cdf85295ef4d9ddbbc6873df2b7175d20996bf463008
stockpile,d6ea4c1e-7959-4eb1-a292-b6fd2b06c73e,2,stockpile::d6ea4c1e-7959-4eb1-a292-b6fd2b06c73e::0002::4d9b079c-9ede-4116-8b14-72ad3a5533af,T1057,T1057,Capture running processes via PowerShell,40,1,0,0,PowerShell Process Enumeration,Capture running processes via PowerShell,data_v2/repro_external/stockpile/data/abilities/discovery/4d9b079c-9ede-4116-8b14-72ad3a5533af.yml,e4b8b4ea3cecd247ecfe0128a769519e129380917374baa1b7be1e13dce8cecd
stockpile,d6ea4c1e-7959-4eb1-a292-b6fd2b06c73e,3,stockpile::d6ea4c1e-7959-4eb1-a292-b6fd2b06c73e::0003::7c42a30c-c8c7-44c5-80a8-862d364ac1e4,T1518.001,T1518,Determine whether or not UAC is enabled,39,1,0,0,UAC Status,Determine whether or not UAC is enabled,data_v2/repro_external/stockpile/data/abilities/discovery/7c42a30c-c8c7-44c5-80a8-862d364ac1e4.yml,08369a758332cfa702f7d96d5ace5fe57bb95ad5e4441eeaa5dd63faec171c9b
stockpile,d6ea4c1e-7959-4eb1-a292-b6fd2b06c73e,4,stockpile::d6ea4c1e-7959-4eb1-a292-b6fd2b06c73e::0004::cc191baa-7472-4386-a2f4-42f203f1acfd,T1057,T1057,Process discovery via SysInternals pstool,41,1,0,0,SysInternals PSTool Process Discovery,Process discovery via SysInternals pstool,data_v2/repro_external/stockpile/data/abilities/discovery/cc191baa-7472-4386-a2f4-42f203f1acfd.yml,fbef7c6924c3bf100d28657bebe5f2078a61e59151b5cfdc37f17c49fc494a4b
stockpile,dbd49a4a-ba2d-40d0-9348-2db24fc4b0b6,0,stockpile::dbd49a4a-ba2d-40d0-9348-2db24fc4b0b6::0000::deeac480-5c2a-42b5-90bb-41675ee53c7e,T1135,T1135,View the shares of a remote host,32,1,0,0,View remote shares,View the shares of a remote host,data_v2/repro_external/stockpile/data/abilities/discovery/deeac480-5c2a-42b5-90bb-41675ee53c7e.yml,4a2e467f7486ebea69852edcd78073d4d3739daa45b48bd89a42a1031d206877
stockpile,dbd49a4a-ba2d-40d0-9348-2db24fc4b0b6,1,stockpile::dbd49a4a-ba2d-40d0-9348-2db24fc4b0b6::0001::65048ec1-f7ca-49d3-9410-10813e472b30,T1021.002,T1021,Copy Sandcat to remote host (SMB),33,1,0,0,Copy Sandcat (SMB),Copy Sandcat to remote host (SMB),data_v2/repro_external/stockpile/data/abilities/lateral-movement/65048ec1-f7ca-49d3-9410-10813e472b30.yml,e1cf44f5a34e3189e203d0cbbe99558c91d826123ba84fad93ffc342b56dc458
stockpile,dbd49a4a-ba2d-40d0-9348-2db24fc4b0b6,2,stockpile::dbd49a4a-ba2d-40d0-9348-2db24fc4b0b6::0002::95727b87-175c-4a69-8c7a-a5d82746a753,T1569.002,T1569,"Create a service named ""sandsvc"" to execute remote 54ndc57 binary named ""s4ndc4t.exe""",85,1,0,0,Service Creation,"Create a service named ""sandsvc"" to execute remote 54ndc57 binary named ""s4ndc4t.exe""",data_v2/repro_external/stockpile/data/abilities/execution/95727b87-175c-4a69-8c7a-a5d82746a753.yml,7c179f72e307f6f2728f959eab8d91d9b2447da602e93852a1a2a986baffe82d
stockpile,ddbd1850-5fd7-41d5-a7a1-1b15dac49090,0,stockpile::ddbd1850-5fd7-41d5-a7a1-1b15dac49090::0000::85341c8c-4ecb-4579-8f53-43e3e91d7617,T1018,T1018,Identify remote hosts from ARP cache,36,1,0,0,Collect ARP details,Identify remote hosts from ARP cache,data_v2/repro_external/stockpile/data/abilities/discovery/85341c8c-4ecb-4579-8f53-43e3e91d7617.yml,0922ece3a2bf96e9966b39df8bd1d00b68b3bbb5c29d6d0f6837fb349fa212bf
stockpile,ddbd1850-5fd7-41d5-a7a1-1b15dac49090,1,stockpile::ddbd1850-5fd7-41d5-a7a1-1b15dac49090::0001::fa4ed735-7006-4451-a578-b516f80e559f,T1018,T1018,Find hostname of remote IP in domain,36,1,0,0,Reverse nslookup IP,Find hostname of remote IP in domain,data_v2/repro_external/stockpile/data/abilities/discovery/fa4ed735-7006-4451-a578-b516f80e559f.yml,695bcffba5a1695b30fb6fa2770816feb24a1aae3f9cf42ab35a53c90be2e058
stockpile,ddbd1850-5fd7-41d5-a7a1-1b15dac49090,2,stockpile::ddbd1850-5fd7-41d5-a7a1-1b15dac49090::0002::deeac480-5c2a-42b5-90bb-41675ee53c7e,T1135,T1135,View the shares of a remote host,32,1,0,0,View remote shares,View the shares of a remote host,data_v2/repro_external/stockpile/data/abilities/discovery/deeac480-5c2a-42b5-90bb-41675ee53c7e.yml,4a2e467f7486ebea69852edcd78073d4d3739daa45b48bd89a42a1031d206877
stockpile,ddbd1850-5fd7-41d5-a7a1-1b15dac49090,3,stockpile::ddbd1850-5fd7-41d5-a7a1-1b15dac49090::0003::65048ec1-f7ca-49d3-9410-10813e472b30,T1021.002,T1021,Copy Sandcat to remote host (SMB),33,1,0,0,Copy Sandcat (SMB),Copy Sandcat to remote host (SMB),data_v2/repro_external/stockpile/data/abilities/lateral-movement/65048ec1-f7ca-49d3-9410-10813e472b30.yml,e1cf44f5a34e3189e203d0cbbe99558c91d826123ba84fad93ffc342b56dc458
stockpile,ddbd1850-5fd7-41d5-a7a1-1b15dac49090,4,stockpile::ddbd1850-5fd7-41d5-a7a1-1b15dac49090::0004::41bb2b7a-75af-49fd-bd15-6c827df25921,T1021.006,T1021,Start Agent using WinRM (WinRM),31,1,0,0,Start Agent (WinRM),Start Agent using WinRM (WinRM),data_v2/repro_external/stockpile/data/abilities/lateral-movement/41bb2b7a-75af-49fd-bd15-6c827df25921.yml,4c1876e63769798092eb616a8b2bb22b37781ce72c851c2399b942e6cc86bd24
stockpile,de07f52d-9928-4071-9142-cb1d3bd851e8,0,stockpile::de07f52d-9928-4071-9142-cb1d3bd851e8::0000::90c2efaa-8205-480d-8bb6-61d90dbaf81b,T1005,T1005,Locate files deemed sensitive,29,1,0,0,Find files,Locate files deemed sensitive,data_v2/repro_external/stockpile/data/abilities/collection/90c2efaa-8205-480d-8bb6-61d90dbaf81b.yml,cdd5a70129b28b085032360b13280c80f77508853da9578d40173bc217a25f77
stockpile,de07f52d-9928-4071-9142-cb1d3bd851e8,1,stockpile::de07f52d-9928-4071-9142-cb1d3bd851e8::0001::c0da588f-79f0-4263-8998-7496b1a40596,T1033,T1033,Find user running agent,23,1,0,0,Identify active user,Find user running agent,data_v2/repro_external/stockpile/data/abilities/discovery/c0da588f-79f0-4263-8998-7496b1a40596.yml,a0ef5c9665d18a294b53c84c2857a9b43d42386b4b005521c5eddb7914c1e3c1
stockpile,de07f52d-9928-4071-9142-cb1d3bd851e8,2,stockpile::de07f52d-9928-4071-9142-cb1d3bd851e8::0002::c1cd6388-3ced-48c7-a511-0434c6ba8f48,T1087.001,T1087,Get a list of all local users,29,1,0,0,Find local users,Get a list of all local users,data_v2/repro_external/stockpile/data/abilities/discovery/c1cd6388-3ced-48c7-a511-0434c6ba8f48.yml,50e8bdfd0326b047a19272fdc7367cd57be6d3445325beeefe0b3156ad3026c9
stockpile,de07f52d-9928-4071-9142-cb1d3bd851e8,3,stockpile::de07f52d-9928-4071-9142-cb1d3bd851e8::0003::feaced8f-f43f-452a-9500-a5219488abb8,T1087.001,T1087,Identify all local users,24,1,0,0,Identify local users,Identify all local users,data_v2/repro_external/stockpile/data/abilities/discovery/feaced8f-f43f-452a-9500-a5219488abb8.yml,b8654bcc5d054e5312e5526a313fa4e1ac6848e1bd401495b158968ac079d12b
stockpile,de07f52d-9928-4071-9142-cb1d3bd851e8,4,stockpile::de07f52d-9928-4071-9142-cb1d3bd851e8::0004::b6f545ef-f802-4537-b59d-2cb19831c8ed,T1016,T1016,Capture the local network broadcast IP address,46,1,0,0,Snag broadcast IP,Capture the local network broadcast IP address,data_v2/repro_external/stockpile/data/abilities/discovery/b6f545ef-f802-4537-b59d-2cb19831c8ed.yml,798c66f8ef726661f4406d89a7500c2a896c991e1064586008dea5483083dcfd
stockpile,de07f52d-9928-4071-9142-cb1d3bd851e8,5,stockpile::de07f52d-9928-4071-9142-cb1d3bd851e8::0005::3b5db901-2cb8-4df7-8043-c4628a6a5d5a,T1057,T1057,Get process info for processes running under a given user,57,1,0,0,Find user processes,Get process info for processes running under a given user,data_v2/repro_external/stockpile/data/abilities/discovery/3b5db901-2cb8-4df7-8043-c4628a6a5d5a.yml,a7d6e28269ab02f851828813d4edd100c834ed51d751a625a6bcf9c2c2868bd8
stockpile,de07f52d-9928-4071-9142-cb1d3bd851e8,6,stockpile::de07f52d-9928-4071-9142-cb1d3bd851e8::0006::530e47c6-8592-42bf-91df-c59ffbd8541b,T1135,T1135,Network Share Discovery,23,1,0,0,View admin shares,Network Share Discovery,data_v2/repro_external/stockpile/data/abilities/discovery/530e47c6-8592-42bf-91df-c59ffbd8541b.yml,1a7108e60e2e4a230de7370dc3541c617a1e5a4a98ceb881a948c597260723b5
stockpile,de07f52d-9928-4071-9142-cb1d3bd851e8,7,stockpile::de07f52d-9928-4071-9142-cb1d3bd851e8::0007::26c8b8b5-7b5b-4de1-a128-7d37fb14f517,T1018,T1018,Identify the remote domain controllers,38,1,0,0,Discover domain controller,Identify the remote domain controllers,data_v2/repro_external/stockpile/data/abilities/discovery/26c8b8b5-7b5b-4de1-a128-7d37fb14f517.yml,fb23cb9e0a637bb6473624a15fb0688c6e69ffc37bb06a1274808477fe1a0e5b
stockpile,de07f52d-9928-4071-9142-cb1d3bd851e8,8,stockpile::de07f52d-9928-4071-9142-cb1d3bd851e8::0008::2dece965-37a0-4f70-a391-0f30e3331aba,T1518.001,T1518,Identify AV,11,1,0,0,Discover antivirus programs,Identify AV,data_v2/repro_external/stockpile/data/abilities/discovery/2dece965-37a0-4f70-a391-0f30e3331aba.yml,d6eda121d4c5d2682acd1ac2498ef114615fc799728302f8ee9bb7a542612444
stockpile,de07f52d-9928-4071-9142-cb1d3bd851e8,9,stockpile::de07f52d-9928-4071-9142-cb1d3bd851e8::0009::5c4dd985-89e3-4590-9b57-71fed66ff4e2,T1069.001,T1069,Summary of permission and security groups,41,1,0,0,Permission Groups Discovery,Summary of permission and security groups,data_v2/repro_external/stockpile/data/abilities/discovery/5c4dd985-89e3-4590-9b57-71fed66ff4e2.yml,dc3c0ede2ae560375f56de22a7a8501ffc048d825ed44a5859b0bbdc3f42c63b
stockpile,de07f52d-9928-4071-9142-cb1d3bd851e8,10,stockpile::de07f52d-9928-4071-9142-cb1d3bd851e8::0010::8c06ebf8-bacf-486b-bd77-21ba8c5a5777,T1518.001,T1518,Identify Firewalls,18,1,0,0,Identify Firewalls,Identify Firewalls,data_v2/repro_external/stockpile/data/abilities/discovery/8c06ebf8-bacf-486b-bd77-21ba8c5a5777.yml,6a17d519a12cf3bfe1eb47f4594fc9f859f969c25ae7091ce6bac64da1e51454
stockpile,de07f52d-9928-4071-9142-cb1d3bd851e8,11,stockpile::de07f52d-9928-4071-9142-cb1d3bd851e8::0011::ce485320-41a4-42e8-a510-f5a8fe96a644,T1018,T1018,Identify the organizations mail server,38,1,0,0,Discover Mail Server,Identify the organizations mail server,data_v2/repro_external/stockpile/data/abilities/discovery/ce485320-41a4-42e8-a510-f5a8fe96a644.yml,70e93eebbdf9cd052a879e9a18b145d1324986f0e75f2193114c0a18e1d6572d
stockpile,de07f52d-9928-4071-9142-cb1d3bd851e8,12,stockpile::de07f52d-9928-4071-9142-cb1d3bd851e8::0012::b007fc38-9eb7-4320-92b3-9a3ad3e6ec25,T1217,T1217,Get Chrome Bookmarks,20,1,0,0,Get Chrome Bookmarks,Get Chrome Bookmarks,data_v2/repro_external/stockpile/data/abilities/discovery/b007fc38-9eb7-4320-92b3-9a3ad3e6ec25.yml,91aff32e3e5775661d8e7f22ff2bf72382654f7c9d92c0a952dcd8c851707588
stockpile,de07f52d-9928-4071-9142-cb1d3bd851e8,13,stockpile::de07f52d-9928-4071-9142-cb1d3bd851e8::0013::6469befa-748a-4b9c-a96d-f191fde47d89,T1074.001,T1074,create a directory for exfil staging,36,1,0,0,Create local staging directory,create a directory for exfil staging,data_v2/repro_external/stockpile/data/abilities/collection/6469befa-748a-4b9c-a96d-f191fde47d89.yml,bdbf8933a70d3fe63b2c56dcf16e1e87ae6f5bba05efdea7ec7c542697cd37a7
stockpile,de07f52d-9928-4071-9142-cb1d3bd851e8,14,stockpile::de07f52d-9928-4071-9142-cb1d3bd851e8::0014::90c2efaa-8205-480d-8bb6-61d90dbaf81b,T1005,T1005,Locate files deemed sensitive,29,1,0,0,Find files,Locate files deemed sensitive,data_v2/repro_external/stockpile/data/abilities/collection/90c2efaa-8205-480d-8bb6-61d90dbaf81b.yml,cdd5a70129b28b085032360b13280c80f77508853da9578d40173bc217a25f77
stockpile,de07f52d-9928-4071-9142-cb1d3bd851e8,15,stockpile::de07f52d-9928-4071-9142-cb1d3bd851e8::0015::4e97e699-93d7-4040-b5a3-2e906a58199e,T1074.001,T1074,copy files to staging directory,31,1,0,0,Stage sensitive files,copy files to staging directory,data_v2/repro_external/stockpile/data/abilities/collection/4e97e699-93d7-4040-b5a3-2e906a58199e.yml,bf5c7387ce67a5e0e567728c8d4471bb051d09c44ec2cdb6df463d3900dedadc
stockpile,de07f52d-9928-4071-9142-cb1d3bd851e8,16,stockpile::de07f52d-9928-4071-9142-cb1d3bd851e8::0016::300157e5-f4ad-4569-b533-9d1fa0e74d74,T1560.001,T1560,Compress a directory on the file system,39,1,0,0,Compress staged directory,Compress a directory on the file system,data_v2/repro_external/stockpile/data/abilities/collection/300157e5-f4ad-4569-b533-9d1fa0e74d74.yml,c71651924a1f5c8aa9bfb0776829dfacdc4eb8f913aa3afc38a92bd444ecef8e
stockpile,de07f52d-9928-4071-9142-cb1d3bd851e8,17,stockpile::de07f52d-9928-4071-9142-cb1d3bd851e8::0017::ea713bc4-63f0-491c-9a6f-0b01d560b87e,T1041,T1041,Exfil the staged directory,26,1,0,0,Exfil staged directory,Exfil the staged directory,data_v2/repro_external/stockpile/data/abilities/exfiltration/ea713bc4-63f0-491c-9a6f-0b01d560b87e.yml,7b3493a92a5bbb13f34db9da6dd17cac426c57157a7bd33542aee8810a865779
stockpile,e4324b88-8836-4803-b6b7-09b3c6cd4e94,0,stockpile::e4324b88-8836-4803-b6b7-09b3c6cd4e94::0000::6c91884e-11ec-422f-a6ed-e76774b0daac,T1120,T1120,View details of queued documents in printer queue,49,1,0,0,View printer queue,View details of queued documents in printer queue,data_v2/repro_external/stockpile/data/abilities/discovery/6c91884e-11ec-422f-a6ed-e76774b0daac.yml,e8e21da66e1b156581878bee3c6fb988a96798e5ef7dfdf445e6def09e104e12
stockpile,e4324b88-8836-4803-b6b7-09b3c6cd4e94,1,stockpile::e4324b88-8836-4803-b6b7-09b3c6cd4e94::0001::a41c2324-8c63-4b15-b3c5-84f920d1f226,T1083,T1083,Locate file that appears in the printer queue,45,1,0,0,Locate file from printer queue,Locate file that appears in the printer queue,data_v2/repro_external/stockpile/data/abilities/discovery/a41c2324-8c63-4b15-b3c5-84f920d1f226.yml,7230aa1491af71afb05e08b594e7d0c80003fbf42af30e89819200ef17956b6d
stockpile,e89a10d3-004f-4c15-b0eb-d1ba76a4b67f,0,stockpile::e89a10d3-004f-4c15-b0eb-d1ba76a4b67f::0000::10fad81e-3f68-47be-83b6-fbee7711c6a9,T1119,T1119,"Highly configurable file finder and stager for Linux and Windows. Drops a payload file to the host to parse arguments rather than running multiple commands for each fact (e.g., each file type). This ability allows for a safe mode, only staging files found that have the appropriate file ending. The staging directory is configurable but defaults to the current user's Recycle Bin (Windows) and /tmp (Linux). Payload files include default values for all parameters (matching the base fact source - File Search and Stage). Options for searches: file extensions (include, exclude [windows]), directories (include, exclude), accessed date cutoff, modified date cutoff, sensitive search strings in files or titles.",709,1,0,0,Advanced File Search and Stager,"Highly configurable file finder and stager for Linux and Windows. Drops a payload file to the host to parse
arguments rather than running multiple commands for each fact (e.g., each file type). This ability allows for a safe
mode, only staging files found that have the appropriate file ending. The staging directory is configurable but
defaults to the current user's Recycle Bin (Windows) and /tmp (Linux). Payload files include default values for all
parameters (matching the base fact source - File Search and Stage). Options for searches: file extensions (include,
exclude [windows]), directories (include, exclude), accessed date cutoff, modified date cutoff, sensitive search
strings in files or titles.",data_v2/repro_external/stockpile/data/abilities/collection/10fad81e-3f68-47be-83b6-fbee7711c6a9.yml,23e736c910b16e6bb508d09d8d0c529b424f0a45bab5074029500486aa992d51
stockpile,e89a10d3-004f-4c15-b0eb-d1ba76a4b67f,1,stockpile::e89a10d3-004f-4c15-b0eb-d1ba76a4b67f::0001::30a8cf10-73dc-497c-8261-a64cc9e91505,T1560.001,T1560,This ability packages staged files into a password-protected archive. Note - Requires 7Z for Windows and GPG version 2.1+ for Linux,131,1,0,0,Compress staged directory (Password Protected),This ability packages staged files into a password-protected archive. Note - Requires 7Z for Windows and GPG version 2.1+ for Linux,data_v2/repro_external/stockpile/data/abilities/collection/30a8cf10-73dc-497c-8261-a64cc9e91505.yml,acd33fbfec053f9828bc7309389df1b8647e3b460d5d74906d416a190c6aaa2e
stockpile,e89a10d3-004f-4c15-b0eb-d1ba76a4b67f,2,stockpile::e89a10d3-004f-4c15-b0eb-d1ba76a4b67f::0002::0582dc26-e0cf-4645-88cf-f37a02279976,T1567.001,T1567,"This ability exfiltrates a compressed archive to Github Gists (Base64 Encoded). To reconstitute, save the base64 string from the Gist and run ---- (Powershell) [Convert]::FromBase64String($(Get-Content b64.txt)) | set-content archive.extension -encoding byte ---- (Linux) cat b64.txt | base64 -d > archive.extension",315,1,0,0,Exfil Compressed Archive to Github Gist,"This ability exfiltrates a compressed archive to Github Gists (Base64 Encoded). To reconstitute, save
the base64 string from the Gist and run ----
(Powershell) [Convert]::FromBase64String($(Get-Content b64.txt)) | set-content archive.extension -encoding byte ----
(Linux) cat b64.txt | base64 -d > archive.extension",data_v2/repro_external/stockpile/data/abilities/exfiltration/0582dc26-e0cf-4645-88cf-f37a02279976.yml,a7a2018c4a10d52770e6d326836f5dba1bd50ecdc3742c191e5aa314a64b71c8
stockpile,eddc8f03-f930-41e7-95ba-33fb87bfed74,0,stockpile::eddc8f03-f930-41e7-95ba-33fb87bfed74::0000::10fad81e-3f68-47be-83b6-fbee7711c6a9,T1119,T1119,"Highly configurable file finder and stager for Linux and Windows. Drops a payload file to the host to parse arguments rather than running multiple commands for each fact (e.g., each file type). This ability allows for a safe mode, only staging files found that have the appropriate file ending. The staging directory is configurable but defaults to the current user's Recycle Bin (Windows) and /tmp (Linux). Payload files include default values for all parameters (matching the base fact source - File Search and Stage). Options for searches: file extensions (include, exclude [windows]), directories (include, exclude), accessed date cutoff, modified date cutoff, sensitive search strings in files or titles.",709,1,0,0,Advanced File Search and Stager,"Highly configurable file finder and stager for Linux and Windows. Drops a payload file to the host to parse
arguments rather than running multiple commands for each fact (e.g., each file type). This ability allows for a safe
mode, only staging files found that have the appropriate file ending. The staging directory is configurable but
defaults to the current user's Recycle Bin (Windows) and /tmp (Linux). Payload files include default values for all
parameters (matching the base fact source - File Search and Stage). Options for searches: file extensions (include,
exclude [windows]), directories (include, exclude), accessed date cutoff, modified date cutoff, sensitive search
strings in files or titles.",data_v2/repro_external/stockpile/data/abilities/collection/10fad81e-3f68-47be-83b6-fbee7711c6a9.yml,23e736c910b16e6bb508d09d8d0c529b424f0a45bab5074029500486aa992d51
stockpile,eddc8f03-f930-41e7-95ba-33fb87bfed74,1,stockpile::eddc8f03-f930-41e7-95ba-33fb87bfed74::0001::300157e5-f4ad-4569-b533-9d1fa0e74d74,T1560.001,T1560,Compress a directory on the file system,39,1,0,0,Compress staged directory,Compress a directory on the file system,data_v2/repro_external/stockpile/data/abilities/collection/300157e5-f4ad-4569-b533-9d1fa0e74d74.yml,c71651924a1f5c8aa9bfb0776829dfacdc4eb8f913aa3afc38a92bd444ecef8e
stockpile,eddc8f03-f930-41e7-95ba-33fb87bfed74,2,stockpile::eddc8f03-f930-41e7-95ba-33fb87bfed74::0002::ea713bc4-63f0-491c-9a6f-0b01d560b87e,T1041,T1041,Exfil the staged directory,26,1,0,0,Exfil staged directory,Exfil the staged directory,data_v2/repro_external/stockpile/data/abilities/exfiltration/ea713bc4-63f0-491c-9a6f-0b01d560b87e.yml,7b3493a92a5bbb13f34db9da6dd17cac426c57157a7bd33542aee8810a865779
stockpile,ef4d997c-a0d1-4067-9efa-87c58682db71,0,stockpile::ef4d997c-a0d1-4067-9efa-87c58682db71::0000::43b3754c-def4-4699-a673-1d85648fda6a,T1070.003,T1070,Stop terminal from logging history,34,1,0,0,Avoid logs,Stop terminal from logging history,data_v2/repro_external/stockpile/data/abilities/defense-evasion/43b3754c-def4-4699-a673-1d85648fda6a.yml,e5f272d68cc5467658e0f8ff77829eeff706984028e4b83a5fab8d3feb11259a
stockpile,ef4d997c-a0d1-4067-9efa-87c58682db71,1,stockpile::ef4d997c-a0d1-4067-9efa-87c58682db71::0002::b007f6e8-4a87-4440-8888-29ceab047d9b,T1562.001,T1562,Disable Windows Defender All,28,1,0,0,Disable Windows Defender All,Disable Windows Defender All,data_v2/repro_external/stockpile/data/abilities/defense-evasion/b007f6e8-4a87-4440-8888-29ceab047d9b.yml,17299f2cd03c2a2def3c1f4d63a3d6540ae67e6e7e3d886a99899bcce6fa872c
stockpile,ef4d997c-a0d1-4067-9efa-87c58682db71,2,stockpile::ef4d997c-a0d1-4067-9efa-87c58682db71::0004::e5f9de8f-3df1-4e78-ad92-a784e3f6770d,T1036.003,T1036,Copy powershell to non-standard location and perform triage commands,68,1,0,0,Move Powershell & triage,Copy powershell to non-standard location and perform triage commands,data_v2/repro_external/stockpile/data/abilities/defense-evasion/e5f9de8f-3df1-4e78-ad92-a784e3f6770d.yml,492269c2b232305d1a0ad52fb69f6c7916fac0651250783e69f36932de073ef0
stockpile,ef4d997c-a0d1-4067-9efa-87c58682db71,3,stockpile::ef4d997c-a0d1-4067-9efa-87c58682db71::0005::fcf71ee3-d1a9-4136-b919-9e5f6da43608,T1070.001,T1070,Clear Windows Event logs [intended to trigger CAR-2016-04-002],62,1,0,0,Clear Windows Event Logs,Clear Windows Event logs [intended to trigger CAR-2016-04-002],data_v2/repro_external/stockpile/data/abilities/defense-evasion/fcf71ee3-d1a9-4136-b919-9e5f6da43608.yml,c1f7e20a43d41bca1e7ed6d238bc5354089f927bb828d25eaea3a8c9ce09755e
stockpile,f98193a0-8b5b-4b5e-a5aa-e8c3adfcd4e6,0,stockpile::f98193a0-8b5b-4b5e-a5aa-e8c3adfcd4e6::0000::60f63260-39bb-4136-87a0-b6c2dca799fc,T1105,T1105,"Download, install and start new process under PowerShell Core 6",63,1,0,0,Install and Execute PowerShell Core 6,"Download, install and start new process under PowerShell Core 6",data_v2/repro_external/stockpile/data/abilities/command-and-control/60f63260-39bb-4136-87a0-b6c2dca799fc.yml,502bb18942cc0fc842fa23afe35bb51128f330c1715a9969d7b78a870ab1f8c0
stockpile,f98193a0-8b5b-4b5e-a5aa-e8c3adfcd4e6,1,stockpile::f98193a0-8b5b-4b5e-a5aa-e8c3adfcd4e6::0001::134b49a3-3f93-41bd-85f4-563eadbb6055,T1489,T1489,Kill all PowerShell processes,29,1,0,0,Stop PowerShell processes,Kill all PowerShell processes,data_v2/repro_external/stockpile/data/abilities/impact/134b49a3-3f93-41bd-85f4-563eadbb6055.yml,af04da5e1b4c811fc026ba4c63aab7bb4515a033c36ed012df2b808af5b1813e
stockpile,fbc41624-1052-490c-b5ec-4fd718e2501d,0,stockpile::fbc41624-1052-490c-b5ec-4fd718e2501d::0000::10fad81e-3f68-47be-83b6-fbee7711c6a9,T1119,T1119,"Highly configurable file finder and stager for Linux and Windows. Drops a payload file to the host to parse arguments rather than running multiple commands for each fact (e.g., each file type). This ability allows for a safe mode, only staging files found that have the appropriate file ending. The staging directory is configurable but defaults to the current user's Recycle Bin (Windows) and /tmp (Linux). Payload files include default values for all parameters (matching the base fact source - File Search and Stage). Options for searches: file extensions (include, exclude [windows]), directories (include, exclude), accessed date cutoff, modified date cutoff, sensitive search strings in files or titles.",709,1,0,0,Advanced File Search and Stager,"Highly configurable file finder and stager for Linux and Windows. Drops a payload file to the host to parse
arguments rather than running multiple commands for each fact (e.g., each file type). This ability allows for a safe
mode, only staging files found that have the appropriate file ending. The staging directory is configurable but
defaults to the current user's Recycle Bin (Windows) and /tmp (Linux). Payload files include default values for all
parameters (matching the base fact source - File Search and Stage). Options for searches: file extensions (include,
exclude [windows]), directories (include, exclude), accessed date cutoff, modified date cutoff, sensitive search
strings in files or titles.",data_v2/repro_external/stockpile/data/abilities/collection/10fad81e-3f68-47be-83b6-fbee7711c6a9.yml,23e736c910b16e6bb508d09d8d0c529b424f0a45bab5074029500486aa992d51
stockpile,fbc41624-1052-490c-b5ec-4fd718e2501d,1,stockpile::fbc41624-1052-490c-b5ec-4fd718e2501d::0001::30a8cf10-73dc-497c-8261-a64cc9e91505,T1560.001,T1560,This ability packages staged files into a password-protected archive. Note - Requires 7Z for Windows and GPG version 2.1+ for Linux,131,1,0,0,Compress staged directory (Password Protected),This ability packages staged files into a password-protected archive. Note - Requires 7Z for Windows and GPG version 2.1+ for Linux,data_v2/repro_external/stockpile/data/abilities/collection/30a8cf10-73dc-497c-8261-a64cc9e91505.yml,acd33fbfec053f9828bc7309389df1b8647e3b460d5d74906d416a190c6aaa2e
stockpile,fbc41624-1052-490c-b5ec-4fd718e2501d,2,stockpile::fbc41624-1052-490c-b5ec-4fd718e2501d::0002::d754878c-17dd-46dc-891c-a993f8a10336,T1048.003,T1048,This ability exfiltrates a compressed archive to an FTP server.,63,1,0,0,Exfil Compressed Archive to FTP Server,This ability exfiltrates a compressed archive to an FTP server.,data_v2/repro_external/stockpile/data/abilities/exfiltration/d754878c-17dd-46dc-891c-a993f8a10336.yml,b0424e723f4ef0309da410117ededf8350b102a4e9acaf376b80e4a14aa8f679
