embedding_row,sample_id,is_development,development_slot,token_count,oldest_events_removed,retained_text_sha256,l2_norm
0,attack_flow::Black Basta Ransomware::0001,0,,39,0,d60c665d24e8cffffb9ad0c8d52572b8f2b65a0469e2e6ca48452d367453db57,0.9999998807907104
1,attack_flow::Black Basta Ransomware::0002,0,,79,0,140c2b61f9ade225efb93d60575c538b0dcd9b4b0d0eedc17526974af261aba1,1.0000001192092896
2,attack_flow::Black Basta Ransomware::0003,0,,126,0,86d1ee826b6e8da89a8d40e02cd113871d6eb178822d10a520348f6ac2fadeb4,0.9999999403953552
3,attack_flow::Black Basta Ransomware::0004,0,,155,0,d08b0daf66241ee4b6b8a1498119b54381be24d0e180780a7748228ec0d6cf45,0.9999998807907104
4,attack_flow::Black Basta Ransomware::0005,0,,199,0,c268f675b292a2f1c99b772b78dba00b53e6694f0c38af8705a17fcf98dc2ef7,0.9999999403953552
5,attack_flow::Black Basta Ransomware::0006,0,,256,0,11771c29706af12b95c1df03d0be17e816ff5ad67746fa2d2d404dbb1f74100b,0.9999999403953552
6,attack_flow::Black Basta Ransomware::0007,0,,293,0,677c742b675a0ccc7457b44c27c4a0ccb9fcc5dd23da1766baab3202bc7a6f1d,1.0
7,attack_flow::Black Basta Ransomware::0008,0,,327,0,523322de005c13ea205aa811d3ffdf81af6ab776f4e4a0da510908e93fde65f6,0.9999999403953552
8,attack_flow::Black Basta Ransomware::0009,0,,369,0,dd3346f7b99e62cf70411b80579dc68a16258c53d8ca3ad0c2bc724d496a1c7c,0.9999999403953552
9,attack_flow::Black Basta Ransomware::0010,0,,412,0,12c7137d675bad2a82d38a47eb80775ad99c00e7ec98004f5b36e3cdbb5e2f20,0.9999998807907104
10,attack_flow::Black Basta Ransomware::0011,0,,447,0,8154d4b717fc592656ca4c370e6710d1db0667d6e0883552bae7e73298e750ed,0.9999999403953552
11,attack_flow::Black Basta Ransomware::0012,0,,484,0,f0e2d17311230e0b6bae8b0951b196070361fbef5117e32fea952b1ffcb6c72a,0.9999999403953552
12,attack_flow::Black Basta Ransomware::0013,0,,517,0,1479d582bffacd1e57bf5761f54ebdbbecb136b02feadc8e79cc4fde708652db,0.9999998807907104
13,attack_flow::Black Basta Ransomware::0014,0,,545,0,908ebef3082774e48fb78b87c6b0418faf216080b127e349e62f0a78798c967e,0.9999999403953552
14,attack_flow::Black Basta Ransomware::0015,0,,586,0,27e106ac2a89bb4b29c0accb0cddade35f9a4deb293e3b6e20afc6a2cd04539f,1.0
15,attack_flow::Black Basta Ransomware::0016,0,,632,0,3283db419a6d885a1ee13b024c65270be7232907eccb423f1e533fb0e95a6816,1.0000001192092896
16,attack_flow::Black Basta Ransomware::0017,0,,661,0,cdac357806b3014f176fc5b352f2e5ce4e3a8e14598ea3a91d80fc41bfbc6ca1,1.0
17,attack_flow::Black Basta Ransomware::0018,0,,698,0,05ef021268426c7e58faf44f80d32422654d5dea87186a144010c977bcc1120c,1.0
18,attack_flow::Black Basta Ransomware::0019,0,,735,0,aa8125dcaae8a80b9b4b80e33d90dab0797067024efe97d67d0b370421850a28,1.0
19,attack_flow::Black Basta Ransomware::0020,0,,773,0,469fec02312676bbfccccd31afe530939e43eacb49777099098a6ded29807277,1.0
20,attack_flow::Black Basta Ransomware::0021,0,,810,0,817f53eb2c4739fc189b8d9bb20aa8969c00ac8e25ae26817b02a4f0e9075c16,0.9999999403953552
21,attack_flow::Black Basta Ransomware::0022,0,,848,0,22c7b176224befff8ec662b3d27c69b997f1efd086034fa631fb4c288c4ddedc,1.0000001192092896
22,attack_flow::Black Basta Ransomware::0023,0,,912,0,b0277faef6c4d35e990240d41e180d71c5b59aab813596b55bc11ddec677962c,1.0
23,attack_flow::Black Basta Ransomware::0024,0,,1008,0,0070867ca35147aaa51a2141db71c943371be3fb588b71a4ab39b27b0a1feaf6,1.0
24,attack_flow::CISA AA22-138B VMWare Workspace (Alt)::0001,0,,41,0,a5ed6108fc3688fb5904d760d1047ab20913bff7cee555b361aaf74ced902b3c,1.0000001192092896
25,attack_flow::CISA AA22-138B VMWare Workspace (Alt)::0002,0,,71,0,f7ae6881ec667d4e122100fdbee365ba89a8af8ff86a9cf6c95a076ada92bd16,0.9999998807907104
26,attack_flow::CISA AA22-138B VMWare Workspace (Alt)::0003,0,,108,0,3a401248ffecba0a2f6a88115cabbeddb98086a02db61582150969f1e472891a,0.9999998807907104
27,attack_flow::CISA AA22-138B VMWare Workspace (Alt)::0004,0,,148,0,2618be3b665018eecb05e2ba87c93c8dcd8a62ebd088c127996179a67bcc1646,1.0000001192092896
28,attack_flow::CISA AA22-138B VMWare Workspace (Alt)::0005,0,,211,0,4aab75f1e0853e392fec198522cf28f043faeb5945617a94df97c2cbfaec202a,0.9999999403953552
29,attack_flow::CISA AA22-138B VMWare Workspace (Alt)::0006,0,,254,0,0cdfdd34d1b9269a179afc974ab60b0bf02041da09653325e5774db3d2292137,1.0
30,attack_flow::CISA AA22-138B VMWare Workspace (Alt)::0007,0,,293,0,eca295f036188f5bc764263c73e72d0b7399b4b47fdb8b6ed2a6bd304a658e41,0.9999999403953552
31,attack_flow::CISA AA22-138B VMWare Workspace (Alt)::0008,0,,330,0,36597cda3a7987d6cf34ac2f080c7279bcd2a4b03fd60c30231b3cb4898ceabe,1.0
32,attack_flow::CISA AA22-138B VMWare Workspace (TA1)::0001,0,,46,0,e44d1ebf99c3116073976cef49a845f00e58bb8fdee55a2715c0e71111cfcb00,0.9999999403953552
33,attack_flow::CISA AA22-138B VMWare Workspace (TA1)::0002,0,,72,0,711834db440b3ecd8180fe49c475d2c8e82e1972b1fc37bed66ac1946fe2b051,1.0000001192092896
34,attack_flow::CISA AA22-138B VMWare Workspace (TA1)::0003,0,,112,0,a8f6c83dd2d76dc3928ab74b4dbe62fd4cbcf564fba93fe15143602293fbf03c,1.0000001192092896
35,attack_flow::CISA AA22-138B VMWare Workspace (TA1)::0004,0,,148,0,7734dabe52f7a5c9f441a475a36bcfaec86cc36a4bb71cd891752677409bc06e,0.9999999403953552
36,attack_flow::CISA AA22-138B VMWare Workspace (TA1)::0005,0,,194,0,de61f2ee9569be008525336e89910b797344f1f43e786f7bb8492ccb332296e4,1.0
37,attack_flow::CISA AA22-138B VMWare Workspace (TA1)::0006,0,,225,0,ee8cffc50af208eefe7a6f861ddd91786470fa02d1ebdbfe36d5c39847066696,0.9999999403953552
38,attack_flow::CISA AA22-138B VMWare Workspace (TA1)::0007,0,,290,0,fad98711ee510807652ab766b41f95290d3dc8d788c78d925eda517912cfa32a,0.9999998807907104
39,attack_flow::CISA AA22-138B VMWare Workspace (TA1)::0008,0,,323,0,191095b68356cc136782d4da9993a47c072a904cd8380bf821edb8c4a73e9af0,0.9999999403953552
40,attack_flow::CISA AA22-138B VMWare Workspace (TA2)::0001,0,,52,0,53b7f396877f688f9d9d0e9ee22eceaddfce9a2cf6b1c2861ffaf1ef61b21fa1,0.9999999403953552
41,attack_flow::CISA AA22-138B VMWare Workspace (TA2)::0002,0,,83,0,48461e36936342e9d079bc7697222758aae720bfd6aacbaf5004f160acf8da43,1.0
42,attack_flow::CISA AA22-138B VMWare Workspace (TA2)::0003,0,,114,0,3db7785f0d67eb0303b7a45f85656dfd41d87216e3d1a51202f2dad3c0f4a619,1.0
43,attack_flow::CISA AA22-138B VMWare Workspace (TA2)::0004,0,,140,0,5fca5037a4010d5c0f2638eba9e5482416036b48f0c44e56dde9ef99ddda4dea,0.9999999403953552
44,attack_flow::CISA AA22-138B VMWare Workspace (TA2)::0005,0,,176,0,c02b68a8a58ccb804948beb1b7838f40c6f2e104a7b8b3a97c43693fb8896fb4,1.0
45,attack_flow::CISA AA22-138B VMWare Workspace (TA2)::0006,0,,209,0,2844801095c2dec25374bc68aae754c0b507b58093da8b86f580f6b67c8a7432,1.0
46,attack_flow::CISA AA22-138B VMWare Workspace (TA2)::0007,0,,256,0,616f2185dbb375d83f535b93bd05f5f5016783ce7197b0fda4b49969164767fa,1.0
47,attack_flow::CISA AA22-138B VMWare Workspace (TA2)::0008,0,,290,0,73341f6c89330102c1d8a4f6c1d5bf92c4587dfadce6e7fe644c4e54328dddc9,1.0
48,attack_flow::CISA AA22-138B VMWare Workspace (TA2)::0009,0,,322,0,3b1a67f4b7bb4c2003e020293cfbd6c765bd65f8613eef8bed1362e34ae765d4,0.9999999403953552
49,attack_flow::CISA AA22-138B VMWare Workspace (TA2)::0010,0,,362,0,0673f02bfd9fdd0a7c0a626be1f53d647773d60ce6e4e49c56d5d83a8005d219,0.9999999403953552
50,attack_flow::CISA Iranian APT::0001,0,,33,0,ae5acf0d7e41eb55177e8f99c1952ae0d4c5a8a08ad3d9d00ccd2e1b28e71bcf,1.0
51,attack_flow::CISA Iranian APT::0002,0,,78,0,c4f65e42f94d0154059e675d2a89a85510ff046df6c2c850caad07abd3f8ca90,1.0
52,attack_flow::CISA Iranian APT::0003,0,,124,0,fcbaf123df1bb5bd837dad7c4c5df46fb6cea6d19d0b3f1539f3ebac5c4b5584,1.0
53,attack_flow::CISA Iranian APT::0004,0,,156,0,ad44aa0e0c01771de47b20ba0850135fd3bc6e8ce549ab804aea1f77395956ab,1.0
54,attack_flow::CISA Iranian APT::0005,0,,188,0,3ff5278f5cd8566effe58c69becd82bfbec21c3c26a3daddbea4f6d1ec7b1f41,1.0
55,attack_flow::CISA Iranian APT::0006,0,,219,0,f3bf03fd3b95d7d49339bf72df892d0440065a0437135617ef8e423c23de6491,0.9999999403953552
56,attack_flow::CISA Iranian APT::0007,0,,250,0,b02693b6ac9ec2833dfb4de2eb8fd2f24c7fdd16a8776caca154dfbecce28607,1.0
57,attack_flow::CISA Iranian APT::0008,0,,283,0,80157e742b3d3185270182f6f45af4b5e55c1f5e867ff7be4b712279ef2c7a9e,1.0
58,attack_flow::CISA Iranian APT::0009,0,,332,0,15506c5d0a67fe52cd7d8a0319b8759fd40a2657937c74a3b6bfee3a47190ee2,1.0
59,attack_flow::CISA Iranian APT::0010,0,,367,0,387219fd405c230422beccd14ca6f89c1266fcba57bbf9b47de52708b6dda084,1.0
60,attack_flow::CISA Iranian APT::0011,0,,415,0,6cacd978d9f5e90da3dcdd0e0a31604c1b38477c19b66ba05da33aa9eaea8629,1.0
61,attack_flow::CISA Iranian APT::0012,0,,460,0,aac009c5c172f2015e75578e1e898f2956f3493caa76bf15834fda5e779fe42d,0.9999998211860657
62,attack_flow::CISA Iranian APT::0013,0,,492,0,f48bde885016e8fd22fbcf77226f5247c47552f5d164762088e92e0f90a99ac3,1.0
63,attack_flow::CISA Iranian APT::0014,0,,527,0,0bdff02f9e743af1b5e9033766d3eb07aa71de579d77bacb99861dadb060f376,1.0
64,attack_flow::CISA Iranian APT::0015,0,,568,0,8702e576decc34aebcd35983a6cad0223ebfd323a0dd8873480f7d63a31d9888,1.0000001192092896
65,attack_flow::CISA Iranian APT::0016,0,,604,0,7a552ee452d49e472bf3daf0d46d1880fe315e0cb98ecb497e1fca9bfd24a0ea,0.9999999403953552
66,attack_flow::CISA Iranian APT::0017,0,,637,0,f818bb788c5817935311b56c65df6a0c2631043d891233a0d85d865b23092ea4,0.9999999403953552
67,attack_flow::CISA Iranian APT::0018,0,,670,0,0e5e81c1aeb4ab7045278f4fb73914f599ba8835c82559025677843da424d5aa,0.9999999403953552
68,attack_flow::CISA Iranian APT::0019,0,,701,0,b5ecbcaaaf7ace27a194ca371c7875952ba0efba18d81b918b81d6366acb445e,1.0
69,attack_flow::CISA Iranian APT::0020,0,,740,0,831c07731bf30ab71ad0956ca9ff06eae932244ddec40e86480b00b48f5b7647,1.0
70,attack_flow::CISA Iranian APT::0021,0,,779,0,2b951a92cd8b3d8afde79e1fe5cbaccc876aa7d26ef59f9b6b8a72a8e749236b,0.9999999403953552
71,attack_flow::Cobalt Kitty Campaign::0001,0,,46,0,9fbf0d3be4dc8128da8526ebb09944b01982a7ed584cc4f7f2bf234c2bd138db,1.0
72,attack_flow::Cobalt Kitty Campaign::0002,0,,86,0,5ea9302edac8edc048f4241a01f07d9bb08c7a4ffc16d372af2f2dcc49273b5e,0.9999999403953552
73,attack_flow::Cobalt Kitty Campaign::0003,0,,136,0,b9f7096104e8c3b419101cbbc677a64de77c2894cf9c2a905575cf19fed6c518,0.9999999403953552
74,attack_flow::Cobalt Kitty Campaign::0004,0,,175,0,f5cae549bf733ff6f31dffeb81fa233e2e4898862424ee6d9b347edd32a52990,1.0
75,attack_flow::Cobalt Kitty Campaign::0005,0,,226,0,1d6d9033eeb2d81239c6d2358d27cd2754b4688db759840a2aa6f8695b682094,1.0000001192092896
76,attack_flow::Cobalt Kitty Campaign::0006,0,,277,0,aa75c00d50565e78136f07fa5a748b9b88a0fa33cb0315ab442c218e11555724,1.0
77,attack_flow::Cobalt Kitty Campaign::0007,0,,317,0,a7e70ba04b4d3ffb824d04812c73fd74414b58a1513d3a186cb7aba084990099,0.9999999403953552
78,attack_flow::Cobalt Kitty Campaign::0008,0,,373,0,65efb1dec5e100387894398b933c8fc3a6641274fbbb3bc70b117d63fc372d5f,1.0000001192092896
79,attack_flow::Cobalt Kitty Campaign::0009,0,,418,0,63de77a81bb0caf98684de7a048009d5ed13248e5e8a860a70c4301511e2a726,0.9999999403953552
80,attack_flow::Cobalt Kitty Campaign::0010,0,,461,0,1a52819e2abd68d9e8967bb89452831f000274a60cb1ecd915d015b5a976b169,1.0
81,attack_flow::Cobalt Kitty Campaign::0011,0,,497,0,5e198adc84e50609a88d1ace47e9834e8d33d78e9d682c20c23e94cccd7ac60c,1.0
82,attack_flow::Conti CISA Alert::0001,0,,35,0,9b2fe54bcf46570d0433586635d4e096e3ef3cecfe3c3194fcc8a0618b929b41,0.9999999403953552
83,attack_flow::Conti CISA Alert::0002,0,,75,0,82b42c2a02f715b557a0db925a6a6acbee40cc826443ab79eb4113ff72b453d0,0.9999998807907104
84,attack_flow::Conti CISA Alert::0003,0,,120,0,a709579bcb55ece57492bc1d089cfc0e7610291996bedbb0832deca0661c2cd4,1.0
85,attack_flow::Conti CISA Alert::0004,0,,156,0,005f915936126f77bdd1647cb7e223333b1b61eae59bd80f60e827a4bb2e0c7e,0.9999999403953552
86,attack_flow::Conti CISA Alert::0005,0,,198,0,6f647aca82093ddaa0b1d70029e720bd01c8e845e5ff4e1962b2484086378452,0.9999999403953552
87,attack_flow::Conti PWC::0001,0,,35,0,9b2fe54bcf46570d0433586635d4e096e3ef3cecfe3c3194fcc8a0618b929b41,0.9999999403953552
88,attack_flow::Conti PWC::0002,0,,75,0,82b42c2a02f715b557a0db925a6a6acbee40cc826443ab79eb4113ff72b453d0,0.9999998807907104
89,attack_flow::Conti PWC::0003,0,,107,0,dc0475d4208ef725fbf7af8d3b53b38de943b37b1c9f056d94f3e28476d0647c,1.0
90,attack_flow::Conti Ransomware::0001,0,,43,0,4b265f54bbaa45f67183370c82247bbf6ef598cce33963d45cc7afd2222d6959,1.0
91,attack_flow::Conti Ransomware::0002,0,,74,0,257d3c3b94d0de7f81d187d3a93e6e40454d2b6a761c3c481e550ab609baa08b,1.0
92,attack_flow::Conti Ransomware::0003,0,,105,0,e67e305ea406d2fd05a60acda89cf1e2fc6e6adf371693edf7eda341734e1995,1.0
93,attack_flow::Conti Ransomware::0004,0,,154,0,e425b85830a851ab8df89fb58a802fe659829b3da84f99b02291809bde35c223,0.9999998807907104
94,attack_flow::Conti Ransomware::0005,0,,190,0,c0b247eb40d02fc59406bd09a000384419f8507a1c9ab5d2605d76248992ff22,0.9999999403953552
95,attack_flow::Conti Ransomware::0006,0,,235,0,ad9cfc0efd98b75975011a6a6bc9f970b09cbd1216401a414d5118654a05ffc9,1.0
96,attack_flow::Conti Ransomware::0007,0,,297,0,0ee5be30f0cd7ae14fe8b91915aa8fb06cc2a1dc505708325fb238111cfef6fb,0.9999999403953552
97,attack_flow::Conti Ransomware::0008,0,,351,0,eec3c8353928919e4cb032ef6de8378cb176f1ef83cd3a6c312abc4c9b19841a,0.9999999403953552
98,attack_flow::Conti Ransomware::0009,0,,425,0,5b8566c1496c756975f55dee3a2d70908fe830364de622e90d65a0689b6ec7f0,1.0
99,attack_flow::Conti Ransomware::0010,0,,465,0,b664ee7169d6595ae8de416bbbdb7efaad3f1f35bfdae556c35fc6b93ad8ab8f,1.0
100,attack_flow::Conti Ransomware::0011,0,,521,0,f0856d7ea08d66a227391536e71548148a948a93d941d0150c8083831fcb48fc,1.0
101,attack_flow::Conti Ransomware::0012,0,,593,0,c569ed92de63b245535d0797556c1f95a7438451c024d8fe4c226d483fbf0d0e,1.0
102,attack_flow::Conti Ransomware::0013,1,attack_flow:long:2,635,0,0bf99e3dc4e3041d5fa598eeaeeb10c8ba4b6bd3637b4521ffa16e32cb86536c,1.0
103,attack_flow::Conti Ransomware::0014,0,,672,0,04aec40e4e051fcc443fb72d93a93ea150c96ea8fa4a2c1b7a5889cf71919cd8,1.0000001192092896
104,attack_flow::Conti Ransomware::0015,0,,696,0,54e5f86bff2dd0c09570bd7fe2d362a98407112c02fc30129d79ceaaa5afc498,0.9999999403953552
105,attack_flow::DFIR - BumbleBee Round 2::0001,0,,57,0,3277dac9ba22a0bb40be104b7f0e76bcae2f7965cbb48b7c59013c4d8d1cfa43,1.0
106,attack_flow::DFIR - BumbleBee Round 2::0002,0,,93,0,4366c328b4f6f7ca9a63433ca5841d314318b6f6f3ac174a6587d55b19c26e7b,1.0
107,attack_flow::DFIR - BumbleBee Round 2::0003,0,,125,0,4607e60965fa4eaff882d2c628aad6ca268a43cb3afcc58d13133da5ad246be3,1.0
108,attack_flow::DFIR - BumbleBee Round 2::0004,0,,164,0,604d49a3e65a6583b0915e8713aadaead90b7f23904c6aef69c1bcf498979ed3,1.0
109,attack_flow::DFIR - BumbleBee Round 2::0005,0,,200,0,dbed959c84856989250021d7b5f622a40a78e053907b75fa09fc88028946d490,0.9999999403953552
110,attack_flow::DFIR - BumbleBee Round 2::0006,0,,234,0,81591b0dbf5a77da19d649874a4dffd26ceb7bd5800caef72b6dfa6164fbf92a,1.0
111,attack_flow::DFIR - BumbleBee Round 2::0007,0,,270,0,644656b0b906a4b1368d0a288a396a55b3fb0cb2b399aa1a04efab366b2e24e2,0.9999998807907104
112,attack_flow::DFIR - BumbleBee Round 2::0008,0,,298,0,be5788e9d41207a065c613eb6710b820490e6142a7aff02ce187383152e0c0bc,1.0
113,attack_flow::DFIR - BumbleBee Round 2::0009,0,,328,0,0aab3489e90fa6295ec6836370e78c6a3ee7aa0aea193c6213750926764fe432,0.9999999403953552
114,attack_flow::DFIR - BumbleBee Round 2::0010,0,,357,0,88c2fd3a1b07b98e7beb5831d65b89a02c345fd17bce754516ada488e21d7476,0.9999998807907104
115,attack_flow::DFIR - BumbleBee Round 2::0011,0,,391,0,e3a22d727f41952a235c5490ff82225ad420fe9b2b712256cd7b99d9af1f5d18,0.9999998807907104
116,attack_flow::DFIR - BumbleBee Round 2::0012,0,,424,0,6459152e17c914bef0c03cf7b8ee97087c5b49ef2a4f9f751f2edc63918cf775,1.0
117,attack_flow::Equifax Breach::0001,0,,47,0,0e0c7555fe61dcbcb9a80d313a5de11eed0bf1a3e6ff472dd13a76f8452251e2,0.9999999403953552
118,attack_flow::Equifax Breach::0002,0,,94,0,b93924b68e8f9fe496882777ec954a95db1a7455fcae9b37d51450f3678df617,1.0000001192092896
119,attack_flow::Equifax Breach::0003,0,,134,0,ac713fea2d6c82e6ba65cc131612812f3d8fe62a6105865d95ec59d981c04d85,0.9999999403953552
120,attack_flow::Equifax Breach::0004,0,,172,0,9b737fdadb9391266ba0517b0a460fcc9fb1688cb1771d7d300bd6914ed423c2,1.0
121,attack_flow::Equifax Breach::0005,0,,208,0,c0cd6451f4dc824cce0a5587841a739ec2741ad53bba1f7006cad8b00d3c0512,1.0000001192092896
122,attack_flow::Equifax Breach::0006,0,,234,0,817c2ca7ecf129b3058f5461c69760f930e2906b4bae5d66e748c10eec75dea9,0.9999999403953552
123,attack_flow::Equifax Breach::0007,0,,276,0,76c7230663d4ee089a8d0908a724517ec8d92155f86f8b8bd97f655736ba8975,0.9999998807907104
124,attack_flow::Equifax Breach::0008,0,,321,0,8d9a0f67a440e01829bba662747fadbf2ec41f881aaa80b9c1d20c4ae1590655,1.0
125,attack_flow::FIN13 Case 1::0001,0,,39,0,3abc97b6edb494eb7c666e73e7c3f05d3bd906e2005982d43a2d704da628dbde,1.0
126,attack_flow::FIN13 Case 1::0002,0,,66,0,072d6d4dd74b443eea04d66c1db252d22a33149d25390dee6ec466c30468b2f7,0.9999998807907104
127,attack_flow::FIN13 Case 1::0003,0,,129,0,b31fb16bbdeb04c0b3a463792b9aa8aa1b8e658f2818aacc467065749f13f9ce,0.9999998807907104
128,attack_flow::FIN13 Case 1::0004,0,,156,0,565b9a9fc8ea86c2f854c7818f7732650c6fac74171c033df0640df685c48fa4,1.0
129,attack_flow::FIN13 Case 1::0005,0,,193,0,1b5f6dae6e6c70defb753a5e5a8558659a386a8c30b88438519ddf4869645722,1.0
130,attack_flow::FIN13 Case 1::0006,0,,237,0,c2dbfcb171910d3abd295c5725cdefb15e8b5d0b69c05d7c20c4844dee2a0ede,0.9999999403953552
131,attack_flow::FIN13 Case 1::0007,0,,271,0,20a0931bb2be38bc64539c66705a1023ba9baefb3631138bf7b816cd7fb60dde,1.0
132,attack_flow::FIN13 Case 1::0008,0,,310,0,05c735f7a9371f38e0686bf26f0f9b5969c0c1ea46661b0b9c803faf85de5e1d,0.9999999403953552
133,attack_flow::FIN13 Case 1::0009,0,,343,0,35d74129c8a9d13bc8b6475a0ca3cb8f0709a8ac313deff81e3b499b0118fa3a,0.9999999403953552
134,attack_flow::FIN13 Case 1::0010,0,,389,0,517a36895a00614be7f0ec47eb08720493c374da38dd972b7be73142de5f0336,1.0
135,attack_flow::FIN13 Case 1::0011,0,,425,0,24e6b4c25fdde25f3dd99f051b52091bbed5a60a1f53e34b2795e3cc5be3914e,1.0
136,attack_flow::FIN13 Case 1::0012,0,,470,0,df14da55e2862e460b5ec20cde91ae4fd7eae3118483356ff0528b17b02aa68c,0.9999999403953552
137,attack_flow::FIN13 Case 1::0013,0,,506,0,4364843f9ad6ce22139e2513d5dc08feb6dd68608bccb3dbec857b813b367d87,1.0000001192092896
138,attack_flow::FIN13 Case 1::0014,0,,541,0,70d930baba4e00f3fd6c460ccc0103fc6d517305af35826fdd634dd5c748421c,1.0
139,attack_flow::FIN13 Case 1::0015,0,,579,0,c6aa31450235f283544c5d65df9971395ede5bc894ffa9a8201d7d01611c9413,0.9999999403953552
140,attack_flow::FIN13 Case 1::0016,0,,623,0,04142e103221f1ea1eeb7f88ad44a48cd22ea8200feb84e387bf6212554b9211,1.0
141,attack_flow::FIN13 Case 1::0017,0,,657,0,4ee052c9e478cd53df734831f66a8276ab63a1d2e8b55326422554db4c234139,1.0
142,attack_flow::FIN13 Case 1::0018,0,,691,0,1bf26202972cc4e743083c8a01e5ce7e49bb841d6cd2eabfd59ff44bb184540b,1.0
143,attack_flow::FIN13 Case 1::0019,0,,737,0,8a092d7d57da8349c7893aceeb553a4d4e1b26ccb2f28d5df356282a79e68861,0.9999999403953552
144,attack_flow::FIN13 Case 1::0020,0,,786,0,3c22a485d333f02734b6fbaa7e8e80c0a46ae62302f6f481d4535224cd50900d,1.0
145,attack_flow::FIN13 Case 1::0021,0,,825,0,3d3a1beff858c61375c7a64711ac49f2b4fa0a4a32a1ffd348ae0ecc2ec70b2f,0.9999999403953552
146,attack_flow::FIN13 Case 1::0022,0,,871,0,4dc6f328e66cae661bc4eef78bc35793bb3d8e6149ddbb060c00c82d2cf998bc,1.0000001192092896
147,attack_flow::FIN13 Case 1::0023,0,,911,0,fc4d9d3338962b78055da42781c239d20a1dab7ce6b783c698e5e700097dc75b,1.0
148,attack_flow::FIN13 Case 1::0024,0,,940,0,38f1c345459daf3898beac04771b73ba47cccc297e47ab87e74d915c370a954d,1.0
149,attack_flow::FIN13 Case 1::0025,0,,992,0,2028bbcd4815037e073db798fbbb426719dbfb6fe93bc7a77abb1193acb24553,0.9999999403953552
150,attack_flow::FIN13 Case 1::0029,0,,1132,0,db3c73185b46249a7c46629ca9f58d3b920ddedb5de012d563f0553ec29ba402,1.0
151,attack_flow::FIN13 Case 1::0030,0,,1178,0,b86011ca570e3cbbd0b8e24f960e22b344d728a0557c780c7774c2fd7c52f4da,1.0000001192092896
152,attack_flow::FIN13 Case 1::0031,0,,1236,0,fc94b85c4700557fe71c9e681cef9262fe17b8892ea47211b7ecab060a19a81a,1.0
153,attack_flow::FIN13 Case 2::0001,0,,41,0,d8eba50823c565aaf4293769719059b01f171b20bcbd3d9fcbb7b6ecee84c431,1.0000001192092896
154,attack_flow::FIN13 Case 2::0002,0,,79,0,e74c47f7c15887c0153716ccd507b5ea5c5925c64f6ac6201d12a675e4b0000e,0.9999999403953552
155,attack_flow::FIN13 Case 2::0003,0,,105,0,1958f9a06bf6fe0b5f5193c1fe380c096fae289aa897f150efb0cfa6ec72bc9d,0.9999999403953552
156,attack_flow::FIN13 Case 2::0004,0,,146,0,2a6ca052878f0d378bb20d15a94cbefcf38b6fcbc116cb15ced664d557d46039,1.0
157,attack_flow::FIN13 Case 2::0005,0,,190,0,2095c4a00677a5113fc22f69c5258d27c6ed2368164f9c62fa2531af59d24ce8,1.0
158,attack_flow::FIN13 Case 2::0006,1,attack_flow:medium:3,226,0,b071c6a1708e10a8cca6c257df526a30261dac15eafc9f94ade57b4b8ef8880f,1.0
159,attack_flow::FIN13 Case 2::0007,0,,256,0,12b7147912da31b43edfbf3faaa2ffb125a394340cbcc9abd0d52874dee4db40,0.9999998807907104
160,attack_flow::FIN13 Case 2::0008,0,,311,0,a47de09f1287861297741eab472fb4330fc29a4053f79228b16da632cac9b27f,1.0
161,attack_flow::FIN13 Case 2::0009,0,,348,0,4c749556df638c7ec3a0272a09f1f01bb00a03244f3dece11e1c65e459322eff,1.0
162,attack_flow::FIN13 Case 2::0010,0,,388,0,c2a959cad8ee54ee80c901356654a04f167a159a41e43f2820b356baf547cd80,1.0
163,attack_flow::FIN13 Case 2::0011,0,,419,0,0d38b473496caed90f41932c85f992d18e149bd77d4b7558fa48d3bfe3fda33a,1.0
164,attack_flow::FIN13 Case 2::0012,0,,443,0,3ef2c164dd2a242119a144da0df1969c8b18ca73ec6c7b940af38c51994139f1,0.9999999403953552
165,attack_flow::FIN13 Case 2::0013,0,,493,0,b39b0800eeda0ec3684ee982188a579857353696d38e82402eb95fb9292bb274,1.0
166,attack_flow::FIN13 Case 2::0014,0,,530,0,ce6a7eb2f0e558b24478124f3fe0345883b3e6414d2d19204f30e4bcf86cbd67,1.0000001192092896
167,attack_flow::Gootloader::0001,0,,31,0,e0410e57255d67f2e0d791cf445e667236c5238529ee184bd5e6f07652bc9143,0.9999999403953552
168,attack_flow::Gootloader::0002,0,,98,0,0efffba7c8f72cfbbf695cfcf1a8976a4f71dda94ddffed870844740c79f8c97,1.0
169,attack_flow::Gootloader::0003,0,,128,0,2a030042574e0912702f1d227b38a872f128e3b9ecd8ed0ac93636ae895592be,0.9999999403953552
170,attack_flow::Gootloader::0004,1,attack_flow:short:1,162,0,2f38d367aa28d190696314287698c63a989f734194685ff697ee1a2d963ab507,1.0
171,attack_flow::Gootloader::0005,0,,225,0,49f3652ae4fa6fa4c2ebe8c9dd89cd522ae955ee23ccea6d13e610df83d79a6f,1.0000001192092896
172,attack_flow::Gootloader::0006,0,,278,0,dbacfbaea5a02531c63ac8daeff9fbad915468ece07a0f8f5f8d8e953645c091,1.0
173,attack_flow::Gootloader::0007,0,,334,0,31f0f9994768f2ea55908826b457be0c6b01d284da50da0f6e2e614954d9c561,1.0
174,attack_flow::Gootloader::0008,0,,383,0,c263c8e1be4fedb81f4fb08bb3c21222ea1136935221f0dc17727fe4a5e5d080,0.9999999403953552
175,attack_flow::Gootloader::0009,0,,423,0,3d2ff898a83519057c487fd48449aea9ca9704049e9231c0cba3f4350081879b,0.9999999403953552
176,attack_flow::Gootloader::0010,0,,465,0,a5f063e02106f8ea0a5cb9639083c5618044ca79a436297b270c4528488d29e4,1.0000001192092896
177,attack_flow::Gootloader::0011,0,,497,0,2951368b3e7de3b43c6245930843b0b29159aad63a039ed228b05fcd72dabccf,1.0
178,attack_flow::Gootloader::0012,0,,541,0,d76e322d41e8c31d25bd10d16e71ec07220b1adeb3077032f59aba5379bfe010,0.9999998807907104
179,attack_flow::Gootloader::0013,0,,575,0,caa2575a1749bb908c01b807765c17f4fdd84acecae934e43704d11aa489361a,1.0000001192092896
180,attack_flow::Gootloader::0014,0,,606,0,2eab056bf33fe136f2c085e47a8fa93022f8033d995ff631f40db8eb13833cbf,0.9999999403953552
181,attack_flow::Gootloader::0015,0,,650,0,9aeadbd88761eca67c4c3b439b776344c97d9610524d2cbb3c3981751b9740fd,1.0
182,attack_flow::Gootloader::0016,0,,695,0,625703e5ec4400bbd0ea85b0912de783f6aaab4f3fb0bd5bedc110ea976a8230,0.9999998807907104
183,attack_flow::Gootloader::0017,0,,739,0,9d1e377436d7869a9c3a61f47be10df92f1d26e8bd10d54dcba280b984f922fe,1.0000001192092896
184,attack_flow::Gootloader::0018,0,,793,0,767a8b11de9863bb5f5cf51fa81a3fb67e4b91d472a88cd5da79861ada66b2d3,1.0
185,attack_flow::Gootloader::0019,0,,850,0,8a482efb2c5a56a29275c0e95dfe8dfb4e2f07e0585a5faa2c59ec8e80224196,1.0
186,attack_flow::Gootloader::0020,0,,880,0,7c7cabd3d8050ad52ae25f01b9cd2359aa3ec02425eaa73dffc55ac1015dddaf,0.9999999403953552
187,attack_flow::Gootloader::0021,0,,922,0,cc9bcbeec66e31514ba4473896cf6fcd63ed00172b60cc8b29c87ad5faed078e,0.9999998211860657
188,attack_flow::Gootloader::0022,0,,956,0,18df059048c283b3ee1734b8a18e4fbda959bd87bdbabf1eccd0a8b36dba8279,1.0
189,attack_flow::Gootloader::0023,0,,990,0,94b64739df08c04fb33fc7d632fe71c64f06ca6800dd6cc5288cbd04ce52121d,0.9999998807907104
190,attack_flow::Gootloader::0024,0,,1025,0,4b2e94674af28a5bada453b84d5df6cdbf74f0e9f9b0cfedbb641bd11ca47f31,1.0
191,attack_flow::Gootloader::0025,0,,1066,0,0d084cb78f3a11c3013ec630eaafa19acb35ce9fcb0eb7dd9e711897cc5d6d0c,0.9999998807907104
192,attack_flow::Gootloader::0026,0,,1101,0,c642b87804b2fbae1ce1ab9fb1d177e30ad8cf634d6f629ab883eccf850f607e,1.0000001192092896
193,attack_flow::Gootloader::0027,0,,1145,0,ba5fd78cba15ceb38ee63a6b2d2933d61a9336754dbbe2d6007d9140f3bfbf68,1.0000001192092896
194,attack_flow::Gootloader::0028,0,,1178,0,fb2917526af8c2f5381e475cc1f9f97adae8d18c965c80cea1f97a18b0034724,0.9999999403953552
195,attack_flow::Gootloader::0029,0,,1211,0,02a1628b90de5fe933a8c70bdc246f72a1d05f6a86778456e0720c30e25717a8,0.9999998807907104
196,attack_flow::Hancitor DLL::0001,0,,55,0,6ba5b030801948c4b855006a396760f35fe299eb836ae81fa6b67e77db328028,0.9999999403953552
197,attack_flow::Hancitor DLL::0002,0,,78,0,40e41f0bd0c0e1ba4703f1e22140fbc28fbc4d8aa072ff3583544a0e3282bdc5,1.0
198,attack_flow::Hancitor DLL::0003,0,,110,0,5ccc890c6b6070b38f8d271884f0aef69a5b01e65ab35171c2f036b7983fa353,1.0
199,attack_flow::Hancitor DLL::0004,0,,138,0,b3c9e96f8ba2a0287e0bded482d41a5f6effce8bdadd178b31678e5fa4954271,0.9999999403953552
200,attack_flow::Hancitor DLL::0005,0,,185,0,8b5d3e24a853538b83a768baf17c70b982d44196ee0fbbce9c2d16c10b81f14c,1.0
201,attack_flow::Hancitor DLL::0006,0,,232,0,2ed6f9c6a6f2ae93e5715050e5f8756fa2de181eba4bad69b473a681a1c72fba,0.9999999403953552
202,attack_flow::Hancitor DLL::0007,0,,255,0,96c417b2459f408b0453db8a5b27b2db2efa9aa5249f9888313eb104dc8df068,1.0000001192092896
203,attack_flow::Hancitor DLL::0008,0,,295,0,349f0b6e5b3339b52a6fde1ba4d5a06bfaefac7aac8aa28622a1033bda513ddc,0.9999998807907104
204,attack_flow::Hancitor DLL::0009,1,attack_flow:medium:1,339,0,8132e93cfda04a2d92875e6f44ef2607a322d7b36cf72ceaf59d5ca9c04b2e56,1.0000001192092896
205,attack_flow::Hancitor DLL::0010,0,,366,0,6dea322fd37827e4b6a0e6819ed059ed100bbc28a31dd736bb150264aaea449c,0.9999999403953552
206,attack_flow::Hancitor DLL::0011,0,,401,0,c4b12d4df828ca0c02a15e0b75793c28c2e8d0657955f286ba186edd57dec0ce,0.9999998807907104
207,attack_flow::Hancitor DLL::0012,0,,460,0,76c7fbfc9e8d3dfab1edb3782268e538b99a473004060c57bd86b06c6c83af51,1.0000001192092896
208,attack_flow::Hancitor DLL::0013,0,,507,0,35b2da4f39a72777a6ff10191be92fc30fee25cb22ecbed4fa87d7c48af96cb4,1.0000001192092896
209,attack_flow::Hancitor DLL::0014,0,,559,0,29c0cacdfaee170d4d995d16dfe56ec976f98ad30d73bbe7fd82e90a841e4630,0.9999999403953552
210,attack_flow::Hancitor DLL::0015,0,,591,0,92bedc7c0d0f27a2876c9aece2d1c44ad6a7cd5e09f5ec4530329512f338ce89,0.9999999403953552
211,attack_flow::Hancitor DLL::0016,0,,630,0,7b0ae6b6256f5e8c3aedef92bcc2bb9ea7b29967aa0a1dc59b522f3d214d0355,0.9999999403953552
212,attack_flow::Hancitor DLL::0017,0,,676,0,4918542f0fb12e19aa35f979048359df32ded3b366ed5b74034986111a8f7bf9,1.0
213,attack_flow::Hancitor DLL::0018,0,,716,0,787c22643ed322eaae1173f69b6e86e1ca5b9b96c5be3578fe44733c798b111b,0.9999999403953552
214,attack_flow::Hancitor DLL::0019,0,,770,0,920b5f8685472d0b59cd13d925215271d603fb7abdf6843da32d1fe272b288ec,0.9999998807907104
215,attack_flow::Ivanti Vulnerabilities::0001,0,,37,0,00ef32b2f681e87002ea0430891a4acba522f87f059fc76b1bd9e1c487161088,1.0000001192092896
216,attack_flow::Ivanti Vulnerabilities::0002,0,,78,0,5e5ea0cf824ca8807ffb71ee3f435b50493ade2a1c169b83c0100243161d211e,1.0000001192092896
217,attack_flow::Ivanti Vulnerabilities::0003,0,,117,0,ed05f89f1dd1649890ff61bad666b98ab841480905a3152c068c53d6569c0f9d,1.0
218,attack_flow::Ivanti Vulnerabilities::0004,0,,160,0,0816af67f5464731ab68625d3504ef0c992c03352eef7068244065059dc70780,1.0
219,attack_flow::Ivanti Vulnerabilities::0005,0,,197,0,943bc47a8dc55a15831c7f2b6d9efd57366d08984a8b644585ca2e407e4d05cb,1.0
220,attack_flow::JP Morgan Breach::0001,0,,36,0,4536e8aead413236e676d9bc32c70c44381d4658dcf0f4f36f90fdb1de3c8566,1.0
221,attack_flow::JP Morgan Breach::0002,0,,89,0,1887b353a7c4af3f57069d5122c7360621880ac8438e640100187843b2e27adc,0.9999999403953552
222,attack_flow::JP Morgan Breach::0003,0,,132,0,33afdd04e4b04b6d864e133ffef40a9a695189eedefb4976d1fb9fef262af452,1.0
223,attack_flow::JP Morgan Breach::0004,0,,174,0,2653311339c814b9ad1faa2fa911e046e9f03a0200fa3ac260efae75abd9625d,1.0000001192092896
224,attack_flow::JP Morgan Breach::0005,0,,216,0,ac6e308940144aa8f8c2f9645dd1dcdd462bbe430787d30dc004cf7eb1a0ee69,1.0
225,attack_flow::JP Morgan Breach::0006,0,,252,0,1f7ddbec05dbdfc04ba27dc51a0631765bd04913ea33fb23b9f451841b619ca3,1.0000001192092896
226,attack_flow::JP Morgan Breach::0007,1,attack_flow:medium:2,293,0,57b4fd7a5bc3fc3430f26abf94a99f358dc7a559b932f23b2b6846346a38e633,1.0
227,attack_flow::JP Morgan Breach::0008,0,,327,0,d4e31dad452fcbf9af3987782bc084ecac21ed0de62905e72b33594ea2807838,1.0
228,attack_flow::JP Morgan Breach::0009,0,,361,0,30e959b1dfedafd0d9dda84a2355d08bf7e08aca4651b5859f059aff8f2437bd,0.9999998807907104
229,attack_flow::MITRE NERVE::0001,0,,48,0,9524e556ee748e4d3a4e70470d7e3c715ea369dd05575baec101ba93435279e0,0.9999999403953552
230,attack_flow::MITRE NERVE::0002,0,,84,0,f34c3f7862282d9c3d2bc3994000c609e87118d7193f25e03b4ff3a04609106e,1.0
231,attack_flow::MITRE NERVE::0003,0,,142,0,d12d89f99e0f511b4b4b8442624dd57dc28cc73b60d88aa5707808faeb2d2157,1.0
232,attack_flow::MITRE NERVE::0004,0,,189,0,e64c666400bbe7d541d4a2e749e3b3766b52a64f91410f45e653f429b11a25aa,1.0
233,attack_flow::MITRE NERVE::0005,0,,238,0,bb0fca4af80e069037f3f49ccc06b659879739b60c9d291e6a1d583814770ab8,0.9999999403953552
234,attack_flow::MITRE NERVE::0006,0,,270,0,098e6e7bf85a31f5c5eaf5668505b0ccf0668240830882b9240589e7bdad0a3a,1.0
235,attack_flow::MITRE NERVE::0007,0,,299,0,f721061ce7aef66da8dfc8641a1fda3be5ce883d190580102a9b6e055146c409,1.0
236,attack_flow::Maastricht University Ransomware::0001,0,,34,0,0dbb54c24e1a4dd7e7bcf96a386e50232b3d47e0994362a5b449ed0253c97280,1.0000001192092896
237,attack_flow::Maastricht University Ransomware::0002,1,attack_flow:short:2,71,0,27f6e650d836f2fbddc0fcca275de13c99db5e0c6c4272ff5b14135ad8c73fab,0.9999999403953552
238,attack_flow::Maastricht University Ransomware::0003,0,,107,0,879f3e54bb123842125f0e786c8adfab79f4d43b6063b544861bd7c4d4c5275d,1.0000001192092896
239,attack_flow::Maastricht University Ransomware::0004,0,,148,0,3c5f524289f38aa97359a6f2d46db77364381978db5e82ab9a31bd31d8686829,0.9999999403953552
240,attack_flow::Maastricht University Ransomware::0005,0,,184,0,862ce0b80754c821f66ba1375bba78737adff32fd3a89ea14d5a3e6b6492563e,1.0000001192092896
241,attack_flow::Maastricht University Ransomware::0006,0,,223,0,257c64be4f4f7c054f0ed456692318fe9f6bc0ec9a45b6ba6847d8f9be279d41,1.0
242,attack_flow::Maastricht University Ransomware::0007,0,,251,0,9529ca2b5199430037d8e26e825f98ec904b8a235eba58586315570da16168be,1.0
243,attack_flow::Maastricht University Ransomware::0008,0,,281,0,f1ac3cdb0b98ed8c896756ac0e4bd11dbef3b038d67fd12f2fec85d7ad7d5577,0.9999999403953552
244,attack_flow::Maastricht University Ransomware::0009,0,,334,0,ff4da17fc0e7407ac5251407dd950d0f21e7656bee4a3a549f76b44802f32889,1.0
245,attack_flow::Maastricht University Ransomware::0010,0,,377,0,f084590fa409c75b2307a57e342b5c6da61152d480c874ff31ba3c2934ed0eac,1.0
246,attack_flow::Maastricht University Ransomware::0011,0,,413,0,33de1d0d1b21290c0ab0701c04d78414a0a6476763f26c28fd5f6ccaa6d02cb9,1.0000001192092896
247,attack_flow::Mac Malware Steals Crypto::0001,0,,42,0,e990b5b0f794ad2eb790fcf6d92e74f131df8a0c6124b65718b85d5a4bb39f5c,1.0
248,attack_flow::Mac Malware Steals Crypto::0002,0,,91,0,c80cbdb323e6a7ae7bc62aa00c19b125df623d3c24157e3bff3bb47da95158c9,0.9999999403953552
249,attack_flow::Mac Malware Steals Crypto::0003,1,attack_flow:short:3,133,0,ffd4875a819d1bc69141120d97884514ac65d56cc7519ef3a3ad3edd69d505ac,0.9999998807907104
250,attack_flow::Mac Malware Steals Crypto::0004,0,,163,0,0a58126a8b9f13aae4567253c5aef514e7afc12a20cc0b4fe369638be39cc7f0,0.9999998211860657
251,attack_flow::Marriott Breach::0001,0,,37,0,00c884b2a166890b4ac3d1ac1701d4b6ee5ac9266ce5eacdffa60c1860d85615,0.9999998807907104
252,attack_flow::Marriott Breach::0002,0,,75,0,4269eefe63b6da8d6d6b930ffe2eb3b53ff69be711e020ed9798901b7c9f67c3,0.9999998211860657
253,attack_flow::Marriott Breach::0003,0,,120,0,b3579516ac14b8619d435804076f94f8313c3cfdf64f68228282616b58c85d1f,0.9999999403953552
254,attack_flow::Marriott Breach::0004,0,,155,0,c416bf964bac10c059ea75232ce06afb10cebbca50f682c49651d811a1acaae8,1.0
255,attack_flow::Muddy Water::0001,0,,45,0,ac3f3ad3b0e7cc3330ecf2c7c8cd858cad141aaf18e9c7800fb5053be0c7b687,0.9999999403953552
256,attack_flow::Muddy Water::0002,0,,98,0,ca3f98a1fbb6303f0a1ec9d550b55f27e746592a0fca5ebd32b0d016c8adde8f,0.9999998807907104
257,attack_flow::Muddy Water::0003,0,,134,0,c0a2bea0feb7200a28d55befff04088831d3638007880240d12536161ae5c576,0.9999999403953552
258,attack_flow::Muddy Water::0004,0,,169,0,0f8464b0c131936b0ea0c63b383f24adebf3c064015b9c21b6754c155c9cfa11,1.0
259,attack_flow::Muddy Water::0005,0,,244,0,4f85e0912a6ea01248a14f5097e8aaf556cb145414f68bfe14be9ca5f45617cb,1.0
260,attack_flow::Muddy Water::0006,0,,285,0,59aa4da2e4dca36837fa5dbb284a1bd7be72bb27f2750e02e8bbc031fd755b92,0.9999998807907104
261,attack_flow::Muddy Water::0007,1,attack_flow:medium:4,389,0,422396f241229ee75c729cf57885d47b6e4b056c0e1ed6ba6b920533d73c2b14,1.0
262,attack_flow::Muddy Water::0008,0,,430,0,a4033da0b6a99176560e10fc36279e799782121b34f31a6b9cae6a79e15e9fed,0.9999999403953552
263,attack_flow::Muddy Water::0009,0,,458,0,396f80bcc4049404a042e6ea0e7bdea260cbe7c76ef4a99bce582e6f1e1e2243,1.0000001192092896
264,attack_flow::NotPetya::0001,0,,59,0,094fe3ee1c3946aa5067025bab12bf90c90a06f3f2e1836104ca85b86c9d1461,1.0
265,attack_flow::NotPetya::0002,0,,140,0,2a946f374905c9510a14c18d55e3244ac91848f66462519356ac0869f429d34c,0.9999999403953552
266,attack_flow::NotPetya::0003,0,,212,0,a11ebbd69c7b67af48ddcc495d9f26e07f146cdce7fa2a73cce211f5e6f91c21,1.0
267,attack_flow::NotPetya::0004,0,,265,0,29df1d1cbfae09dfd593b4da0adc1fe961840262b23375245a30ae3e6ad29961,1.0
268,attack_flow::NotPetya::0008,0,,496,0,4f5f607aa05aea4128697173d07fca67bce2f385505230b9f782450cb23c4089,1.0
269,attack_flow::NotPetya::0009,0,,548,0,66eadc2f79e6a411180bd9ad1bcb760f2a4220920ad342a1c585fddfbc138bdf,0.9999999403953552
270,attack_flow::NotPetya::0010,0,,593,0,20076d3c49784090fa85bac217aaeed07b2d54edb97f2d83aa8d4689b7f93aa9,1.0
271,attack_flow::NotPetya::0011,0,,641,0,7465f358c3b48aa6bdd57cc46211cb0e912be698672221b7761a83d139eca188,0.9999999403953552
272,attack_flow::NotPetya::0012,0,,691,0,eeb775bd16202d925d8e86c35f501e35c3c1b6236ec7c777ebdabefdba0658b5,0.9999999403953552
273,attack_flow::NotPetya::0013,0,,720,0,402453a86e533ae993e4474d45e2c876686cddca00e5f67d9ba19505cf473771,0.9999999403953552
274,attack_flow::NotPetya::0014,0,,763,0,8d07600bb922b05a19d56d28df9f53066a906257e793c1f2eebfc22181377272,1.0
275,attack_flow::NotPetya::0015,0,,802,0,e4cb2d3a6013f9ed890e88128e7300f137616e2955c05623c8666730ab9686b1,0.9999997615814209
276,attack_flow::NotPetya::0016,0,,844,0,7cdc85cf1e55e835b85a23b3ed73df3e461e0c326d7b78a98416712d22733bf6,1.0
277,attack_flow::OceanLotus::0001,0,,38,0,c1923a5a8dd7393fe911cf60ec1bd4a53e0ba0e321202c5c59e771fa53347a6c,0.9999999403953552
278,attack_flow::OceanLotus::0002,0,,72,0,4ab52d7d83b516871c297d49f46a31a794846ed13ba90a2c14068529b4147c0e,1.0
279,attack_flow::OceanLotus::0003,0,,120,0,056a17a9a5324943db02f27252001c42794fbfb0412ced3d50ddc8d95a8a3ddb,1.0
280,attack_flow::OceanLotus::0004,0,,158,0,d7202e48a2697b5ccb66f7fed4a7048d89615689f37b66d8821c384e70688c18,1.0
281,attack_flow::OceanLotus::0005,0,,209,0,2830f6470e296758307442252f561d0e21576842752de7de868a5e65639f11d5,0.9999999403953552
282,attack_flow::OceanLotus::0006,0,,250,0,44cd6f7b06a63d13b1508f91f466b48b27530ee147ff880277099abdd998769d,1.0
283,attack_flow::OceanLotus::0007,0,,283,0,4c017c502a6db5a03adc7c805088d7fbed0a752cdf2a29097594c0db693a7ddf,1.0
284,attack_flow::OceanLotus::0008,0,,317,0,299684f48fcc666f8db728267150532c6926fdce4354138723e8a65aa6df50b5,1.0
285,attack_flow::OceanLotus::0009,0,,380,0,5e5b57dc1b65a2df11e98b46af747ccb6d288690651f5ebec3157fa27ad83abb,0.9999998807907104
286,attack_flow::OceanLotus::0010,0,,416,0,d2722a6cd8413e538044386571c075b83aea385c0c2f68e9ffc9aae45cabad53,0.9999999403953552
287,attack_flow::OceanLotus::0011,0,,490,0,157357c1ba8a265fc4cd485487e0797bad3b81232cc5fe932f96dcf3ee3f27a7,0.9999999403953552
288,attack_flow::OceanLotus::0012,0,,540,0,77699b4fb710139593fffe058bcbdc403d451c4ed215b2e0909b4765e55c5aa5,0.9999999403953552
289,attack_flow::OceanLotus::0013,0,,582,0,7f9bfb13f8f808187ce91d76e0f21f8f736d065bba00e3e3c3c5b94e809fd77e,0.9999998807907104
290,attack_flow::OceanLotus::0014,0,,613,0,e92f5efdb61c60c8cc3a81ca63abfbb1df9a967c26601f12a201a6ba8c370071,1.0
291,attack_flow::OceanLotus::0015,0,,654,0,4ed3e595fc99f157c919c076a5200d2bb84f1bb2a8ada94394b4d3ebb0378bc3,1.0
292,attack_flow::OceanLotus::0016,0,,705,0,c31ee8fede7ecb74d6b84b5e0a49eead964b7be35208d74723a3d6c8b8086ce7,1.0
293,attack_flow::OceanLotus::0017,0,,752,0,1094adfdf22a61509055f0f074d9517d65815d8507f107f89995501d728dbe58,1.0
294,attack_flow::OceanLotus::0018,0,,787,0,97624e6b6528286f8486111b26064786d26382c5b1ebeadeca76e335b3717664,1.0
295,attack_flow::OceanLotus::0019,0,,834,0,102269904132791503d8cb073a1dc4c185947e2ba72fe79520725fb8d7240cd8,1.0
296,attack_flow::OceanLotus::0020,0,,860,0,3118027fca42b3b0c4d77ecc5e1572cdeec737f58ecc88a556f5aad048f2c651,1.0000001192092896
297,attack_flow::REvil::0001,0,,40,0,88c8dce0f8d24577b6e9b73655687a4bdb4f65c5ecaae400025fe444993108b4,1.0
298,attack_flow::REvil::0002,0,,91,0,b0bc9ee2d27a6b2cae9200acc49960b6df9da1a5761dc103e90eeaf532636b41,0.9999999403953552
299,attack_flow::REvil::0003,0,,128,0,17681aa4180a93be7cadcef8db8bf26cfebe4fb0efc99fb0647de1ea1cb69a5d,0.9999998807907104
300,attack_flow::REvil::0004,0,,230,0,17ffe243837a456b0b716dac895abdffda5896634ad8d72139fcb751f5cb46ad,1.0000001192092896
301,attack_flow::REvil::0005,0,,272,0,249b1711b16b851dd71df1c638dacdf5f8d6d89d7a9374e7065280d3a502760b,1.0
302,attack_flow::REvil::0006,0,,306,0,24e7970f1eb88deac141ff4c1ab83ef2508a7e7dad553676c37a1aa050c86d0c,0.9999998807907104
303,attack_flow::REvil::0007,0,,374,0,af54ece7df9e0c6f2ad93ed427045b0032f1a4508ff43757ac356e7924a8e906,1.0
304,attack_flow::REvil::0008,0,,440,0,192ca58ec16b905a4dd1252b9b1a0c1c99c176cb82d7b49d82920f28b60c9ebc,0.9999999403953552
305,attack_flow::REvil::0009,0,,498,0,4d0d323cfcbb7c3711b3db389afd664a78adafa7b365b78924fdda8d67acceb8,1.0
306,attack_flow::REvil::0010,0,,532,0,cca32ded55503659741c4b2390f7ea516baa8a626e08e571937c22b6e0d0eb42,1.0
307,attack_flow::REvil::0011,0,,570,0,ac6d52bba56a1a11bce4275e9b1ded3b85557a9aac61da1424574188e8e53550,0.9999999403953552
308,attack_flow::REvil::0012,0,,612,0,4d20b411d009fe451bf38406e4c1a7c30fe9f215df0f2dcd5719ba12fe68ed23,1.0
309,attack_flow::REvil::0013,0,,672,0,fe0099e064f6cdf883e9e03bcf5d792665bddfacecc17721a49e1162a8b7edaf,1.0
310,attack_flow::REvil::0014,0,,707,0,010c8224169984752ecf1c3f7a4b0856f80b55bcdff0b9961f82893120ebc362,1.0
311,attack_flow::REvil::0015,0,,761,0,e9cebb0a816b33acae4d33a885b5a5c763bb7c721b863d75d492163908bb9312,1.0
312,attack_flow::REvil::0016,0,,860,0,ee7a57d58b38ccfd355256aaae02cf5f9808dbcb59d89187ac7178d6c230e3a4,1.0000001192092896
313,attack_flow::REvil::0017,0,,898,0,4449df84317eadadfb677ca32f4116787d50b5aaad2860c18151bbb8d097a505,0.9999999403953552
314,attack_flow::REvil::0018,0,,943,0,1a42d22d9d649c0de85040a79e360cdbf00297b8781827c439238843be615bf8,0.9999999403953552
315,attack_flow::Ragnar Locker::0001,0,,35,0,b62e9b3543f6fb0539bff0fd7f7597e705364e935412f64223e907a5481adeb6,1.0
316,attack_flow::Ragnar Locker::0002,0,,77,0,d156a408d3998684616b3aad22fa65483d5a15faeffcdf7b40f7a8ca0fbcdd64,1.0
317,attack_flow::Ragnar Locker::0003,0,,113,0,3e373d79ec3953566d6dc21005fa251dbbdda1146d8205c6cd3f5d14365c48d2,1.0
318,attack_flow::Ragnar Locker::0004,0,,145,0,81015355c21664c6bcea5e7e1bc89719ce978b05f5892d53f6609bb63bf54827,1.0
319,attack_flow::Ragnar Locker::0005,0,,186,0,90cd11f1c5582619285edc010a572d2df5e65a5a4daccfb81cfa4888909e7222,1.0
320,attack_flow::Ragnar Locker::0006,0,,222,0,3c6f68851552a8f052340e9eb0aed5de25f33698128be421cc1d1ec017e170d1,1.0
321,attack_flow::Ragnar Locker::0007,0,,268,0,b396dc93fe2095a063a924f28b9944ef13384dc7b16a2ccc34896ef2c4faf9d5,1.0
322,attack_flow::Ragnar Locker::0008,0,,326,0,37bfda875295c5ad1f6bc7008ca6b957786e3c20b6e087f8c1a306e1a3e788ad,0.9999999403953552
323,attack_flow::Ragnar Locker::0009,0,,364,0,23a7644d47778f1540d1cc975b81b08a372ec2b007b68e9479848cac923a5f24,1.0
324,attack_flow::Ragnar Locker::0010,0,,420,0,353ba0ef6fd4c72442ebea2d0bb0c976b778acdb1395c305b5a7ea2296f19321,1.0000001192092896
325,attack_flow::Ragnar Locker::0011,0,,468,0,57d3d880b4129485591094459c2c0fbdb00f1bbce3b7586471069866a08676c1,1.0
326,attack_flow::Ragnar Locker::0012,0,,505,0,2b32794e273cd0ef3a6125d43327e0bbfca17713a4a39faf65387cbaa53923ed,1.0
327,attack_flow::SWIFT Heist::0001,0,,42,0,c589cbb1ca02fec41406c3d3b9c3db2ce2a364cde48f3fb2039d38f9aa38fdb3,0.9999998807907104
328,attack_flow::SWIFT Heist::0002,0,,90,0,f14823e6bc1127211cb2a37965fdb7ec4b7280d94937973679cce23988af5aa1,1.0
329,attack_flow::SWIFT Heist::0003,0,,120,0,d5f27f41a10cad3df5791b0e490f7f9d7806314961ace1cbdb8834683142618e,0.9999999403953552
330,attack_flow::SWIFT Heist::0004,0,,162,0,2bdb2428760fa26518dca3a37bce15fdf43eef87f5d14553f48342d9bf401a7c,0.9999999403953552
331,attack_flow::SearchAwesome Adware::0001,0,,38,0,3dab82245c7251da85a43a19372c340b22b9a6b3e94bb6e6c46ed228de3aa425,1.0000001192092896
332,attack_flow::SearchAwesome Adware::0002,0,,70,0,8a09816b05b7f2735480d5c877a6ae6a441ce7b06290d4e9414edda44aa3af23,1.0
333,attack_flow::SearchAwesome Adware::0003,0,,97,0,886c405a2f5eb3e5961c17f0757207fbde9bacc805f40292156c10fba670bea0,1.0
334,attack_flow::SearchAwesome Adware::0004,0,,137,0,9f5eaeb43cf6b18eebc1e372df36ba7e1b8920f1799474f3c61e3c3aa8896ba2,1.0
335,attack_flow::SearchAwesome Adware::0005,0,,171,0,3c1dcf073827bef476f0fe479a106727047517a65b69966273c096a32893a14d,1.0000001192092896
336,attack_flow::SearchAwesome Adware::0006,0,,207,0,3f98bde3add7e7dce6b556a2f604958bcbd8fda1a91c690cabc7eadb8cc70595,1.0
337,attack_flow::SearchAwesome Adware::0007,0,,245,0,2a6b28daad482bfa745dbe5db0707e71355dc7fdc9b53cf9c7ea5dec719e4f57,1.0000001192092896
338,attack_flow::SearchAwesome Adware::0008,0,,280,0,30ab415fdeea34e4c2c2e651330e083207465fa698a0e9beb3337b478a50f242,1.0
339,attack_flow::SearchAwesome Adware::0009,0,,315,0,2dc49593c2d3e4cf61562e7ac8f09b74f831268c4ed57d1c45115a9b4ddb63db,1.0000001192092896
340,attack_flow::SearchAwesome Adware::0010,0,,347,0,3b0431574a4dfe81b5c89141fcba18e1e7dcfe86240ea0c3b9ce8646749bb4a8,0.9999999403953552
341,attack_flow::Shamoon::0001,0,,37,0,980377be4a5abe5e1441631b438d95868014a90baf7a4f0a34473ca6e94a4e71,1.0
342,attack_flow::Shamoon::0002,0,,82,0,b905d28a5799915ebec29f8aa66f293b1865a3404380cdc17a9d46560c1cb235,0.9999998807907104
343,attack_flow::Shamoon::0003,0,,115,0,ca0fb1f00ad41ec4b17b2e263aa98517d91b9f4f23011b869a9ee915a7868d79,0.9999998807907104
344,attack_flow::Shamoon::0004,0,,158,0,72897c04da0a2e44cbec706e2ca4c1ca9340deee35a71ddccefeaf82faaf80fe,1.0
345,attack_flow::Shamoon::0005,0,,208,0,bc8f2e9cf695c9dffae03741ac3a7dc0045fa4d51643a61d90f2d2c65c2d4d7c,0.9999997615814209
346,attack_flow::Shamoon::0006,0,,245,0,c85eec4cf049c2f862015adf57f6eecdeca6629d50e3b3133587519a35bd3623,1.0
347,attack_flow::Shamoon::0007,0,,295,0,42153b7986bbf9fca437651464b16e4ac10530e930e692d6186e68e9087a24ba,0.9999999403953552
348,attack_flow::Shamoon::0008,0,,328,0,f8ced67885b23cb5729334e687e3ecae0643415b8eaef973b365dd01eb272353,1.0000001192092896
349,attack_flow::Shamoon::0009,0,,365,0,d2ffb95c621c50b106fcef7fbbbc8fa659cd06f5bb952a06aea674c88721ad4c,1.0
350,attack_flow::Shamoon::0010,0,,408,0,4fa00be07ea95ec1cf0be6a7fd2d87a0c6b16143363e24a34b944a9383d54d3f,1.0
351,attack_flow::Shamoon::0011,0,,445,0,357c596b1d44504329cb93e587dd5a8162ac5e419dc70854d1bd88372b119d9d,0.9999999403953552
352,attack_flow::Shamoon::0012,0,,488,0,9bd869ad858ea564462712bd9e1fff7e95efb585cf7ae6415cad23038767f1a6,1.0
353,attack_flow::Shamoon::0013,0,,538,0,e28e48e7e024a5b6cc88e4b42ba58baff73ceca34082ac52d2c00228160fb034,0.9999999403953552
354,attack_flow::Shamoon::0014,0,,570,0,4c2a6ce4eb9b66047dbdfb4b186d8a4228ff3829c5676ff8a67158ad9bd65557,1.0
355,attack_flow::Shamoon::0015,0,,608,0,af5f991c4e1075e047eed3e7df08745dca2e5cae5f5349a19f72d1cef76968de,1.0
356,attack_flow::Shamoon::0016,0,,640,0,2184fe1dece889b82563a1aaf14ea0af19e1f163360d69440e10b54c0f07b73a,1.0
357,attack_flow::Shamoon::0017,0,,677,0,901797b7ab1eb52004a26285880cbf4fee0243898bb3e04f6967f250d0e743c2,0.9999999403953552
358,attack_flow::Shamoon::0018,0,,718,0,31ef2d563f250d62c54283606641018d4426d9078c600ba122919cec3513a0bd,0.9999999403953552
359,attack_flow::SolarWinds::0001,0,,72,0,ca82fc37cb252591ed4f3f6885a03343f4103ea75bd62649e64a77507679106d,1.0000001192092896
360,attack_flow::SolarWinds::0002,0,,110,0,3d04b3fb2bbc3da323233346be0dc07736ff20981b39c1ab80c5f6f3fa05210f,1.0
361,attack_flow::SolarWinds::0003,0,,178,0,01aa28190e8a84a7b479ce791211219d66028390fa5a5d2acb59fccdb0e71ce7,1.0
362,attack_flow::SolarWinds::0004,0,,248,0,b9fc09bb6239b1d81b8354fa497f39de2cfbf85f81a013c2a106c5f34a621779,1.0
363,attack_flow::SolarWinds::0005,0,,292,0,ca9b60513b910f3d4a02fc5446bc44a70f588ec5b65a362eaa93d18106827fed,1.0
364,attack_flow::SolarWinds::0006,0,,340,0,20875e9dbc0d2d8a645c603df72151c8c11e622afa04119769a176ba82ea5456,0.9999999403953552
365,attack_flow::SolarWinds::0007,0,,428,0,4e9021ffebcbefa36e41f8ba7dc7c8206f295bd69a3bb094ab3bb1448789c8f3,1.0
366,attack_flow::SolarWinds::0008,0,,480,0,564622b664dd3b1055de1db7b32bec6db6b340f949a46e55b1ea40450c96dc04,1.0
367,attack_flow::SolarWinds::0009,0,,530,0,c9743a2363a37c63f2b8d7356368dbba8d2d141f3907f57b89cb27339b33c94b,1.0
368,attack_flow::SolarWinds::0010,0,,592,0,6efb2ea7307400a6594b5ecd12d98bc5a7533e53393134e357923758d6da638a,1.0
369,attack_flow::SolarWinds::0011,0,,631,0,e17c7336bdff5459a19d051f14c275348cfddb561e2f2e9ddf68e2eb16c527d6,1.0
370,attack_flow::SolarWinds::0012,0,,696,0,938a1b5a5dd596d989af029ad424e94ae7eb8791dc94a3d244a1feb592d54c10,0.9999999403953552
371,attack_flow::SolarWinds::0013,0,,745,0,93a83ef9ab2bf2ce70b40af4fbe143100bc53d3b1bbb2694e1154badfd182dfd,1.0
372,attack_flow::SolarWinds::0014,0,,791,0,34a363328cb273ff4191c078a0879ea1d865d99d87ac9833bd592759ab8a3f11,1.0000001192092896
373,attack_flow::SolarWinds::0015,0,,840,0,16de4ef0bd30fa939ab65088a40bfde4778f77c8e6f6607df3e05dc80aad822f,0.9999998807907104
374,attack_flow::SolarWinds::0016,0,,886,0,9b91efc00dbec30200db9fde6b35dd4b81d3936dfd206fcebe951704f4e72b1a,1.0
375,attack_flow::SolarWinds::0017,1,attack_flow:long:3,916,0,c42519779ec3dabdcd230d5152cecbd219c34bae9896ce2da66beb7c4d24e00a,0.9999999403953552
376,attack_flow::Sony Malware::0001,0,,40,0,71be497581902c51a86f55bb69cd394fc16f2122e505392b856db87c980f6286,1.0000001192092896
377,attack_flow::Sony Malware::0002,0,,102,0,8c281d4f26d1d8ee25cf29b262f29abf463323affa52d64ca88e2717ac5b18fc,0.9999999403953552
378,attack_flow::Sony Malware::0003,0,,142,0,ff2fe15c9f877a27aac0c254365b82f86ee06fc33761daca76343e9043555038,0.9999998807907104
379,attack_flow::Sony Malware::0004,0,,210,0,97fb78cbea569a456721dbae7b96323e1b5fc542b816a24ac757abfa5305463d,1.0
380,attack_flow::Sony Malware::0005,0,,246,0,9e5da213f95487501c731ef840c3c4c186d2c247b9699b76ceaf2d0755fccc01,1.0
381,attack_flow::Sony Malware::0006,0,,285,0,e755c12125af6f1a07b8abcc383632790004b286ff4d44f7dcc97e888751f347,1.0
382,attack_flow::Sony Malware::0007,0,,325,0,21960881d84977f3ffb563c8dffcd4adb6dd4053aee13584fa447a72a6c4ffd5,1.0
383,attack_flow::Sony Malware::0008,0,,369,0,cacc484220b3dd9ee79b4ec29f83722e87556ea5b13be0f2d0846b5413770f1f,0.9999999403953552
384,attack_flow::Sony Malware::0009,0,,409,0,d733e4cf18f0d30e61b67ab3af70ec70954277a554d11b702e8068c66188c6a6,0.9999999403953552
385,attack_flow::Sony Malware::0010,0,,453,0,ea20035d9d0986becb44f8209d5a2e8a6e0dccc33ef290a69508ce12d1a03f73,0.9999999403953552
386,attack_flow::Sony Malware::0011,0,,483,0,041fdc4df81418e7a076abec7d7fb3f398b3f5479e05ee6a40ddd1d7b5c3e85b,1.0
387,attack_flow::Sony Malware::0012,0,,507,0,929928d77c6d6a2fae5935a6938f6d685ad6c17c4d848f28aeaff99db94d2775,1.0
388,attack_flow::Target Breach::0001,0,,29,0,148773d57faa57cb20f180df8c9ca0ae6029cc380acb85e63f803052fa060465,0.9999999403953552
389,attack_flow::Target Breach::0002,0,,64,0,56bf388a56e1e3f46c866ce56f8a97ad7d74cf827c7a72a4693fa1aa817e5af0,1.0
390,attack_flow::Target Breach::0003,0,,92,0,0918fd639f99b6ff1076a9ba8205722021d3038f0bea431a3baa3dee8405bb63,0.9999999403953552
391,attack_flow::Target Breach::0004,0,,134,0,742923a978c03586698678c310f9130777db970955191a6df16a974c659e6fd8,1.0
392,attack_flow::Target Breach::0008,0,,307,0,9b14c42f8992588ea380d549ee6a30e1b381a00afa99983690a920328d975509,1.0
393,attack_flow::Target Breach::0009,0,,343,0,fdc2f22e7d30e7014b22ff78b1582bf8a0f4d547b6cd3a648f2e6a92d1b74ebf,1.0
394,attack_flow::Target Breach::0010,0,,385,0,5420f1a5390087eb0f2ced0b37b983730ed0b4760276f56fe8dd856f92b12890,0.9999999403953552
395,attack_flow::Target Breach::0011,0,,425,0,4556e9ad7041db5be21492da97364b38dc506cef4794c4d9cc7a6bcc0de2a570,1.0
396,attack_flow::Tesla Kubernetes Breach::0001,0,,37,0,a1fec3ee373ed62c043bd64806b7f2d65548f20ba30bdaa2b09e55aa46884dee,1.0
397,attack_flow::Tesla Kubernetes Breach::0002,0,,76,0,138095133f5ab68cbafbadbd4dd56e19a4bb70658fa9bd69c2e0e5157cc4a8dc,1.0
398,attack_flow::Tesla Kubernetes Breach::0003,0,,127,0,7553f66bb63472ea85df29e485e770d98e5cfe75b1086af57f1dba14881b0e20,1.0
399,attack_flow::Uber Breach::0001,0,,44,0,74cee0b707f1308743c7131dfbac1f272cc8356667f15fc606f52c2eeb99717d,1.0
400,attack_flow::Uber Breach::0002,0,,104,0,6b7317ee69d1378311449748344808e90c7531a929489767571d7406d81e230e,0.9999998807907104
401,attack_flow::Uber Breach::0003,0,,154,0,38cd17e67cc28c88b5dba6646b74f42e3a51e8c80e846235efc418ca8acf11a5,1.0000001192092896
402,attack_flow::Uber Breach::0004,0,,187,0,3f5726b9d9c8e16fa76aec052bdec52b4b9ab6b36a88935f697411a6112a8c87,0.9999999403953552
403,attack_flow::Uber Breach::0005,0,,230,0,61c17edbd6cd6ad874e27dbbecde2a789de166cb7a576318e903428ebe784072,1.0
404,attack_flow::Uber Breach::0006,0,,278,0,42ec77066b85e65479bb0ec3a427a8403622b75b231840732d1b709b2af2f5a3,0.9999999403953552
405,attack_flow::WhisperGate::0001,0,,60,0,c3c3141439a7a43663837bfc629c3e87cddd6305c0e20497a5a4671b73e39293,1.0000001192092896
406,attack_flow::WhisperGate::0002,0,,102,0,d8ed63c14dd22d2ed554b9387c9c3a5bd752a747620cb9512769074583f082cf,0.9999998807907104
407,attack_flow::WhisperGate::0003,0,,143,0,228314b1aa4227d62e7c6303cce5971cb134a28abcea178cc0b926bc310c494d,1.0
408,attack_flow::WhisperGate::0004,0,,185,0,4510f01d96180e4791c80d0bbae71bc54a20fbbc8a4d6cfa32dcb32929aaabaa,0.9999999403953552
409,attack_flow::WhisperGate::0005,0,,220,0,fc5333681ad6ee475173367b10341fd39e2c6409fccefa00ae9cee5a39eab7ab,1.0
410,attack_flow::WhisperGate::0006,0,,267,0,df966faeb199587c1a260cadaef85b7099353c288b550a8f51839dab406bd74b,1.0000001192092896
411,attack_flow::WhisperGate::0007,0,,308,0,27b7d7744fbcfdd6df0ee7e4b4576db426bab08ca2e9f6d883543f150c25676b,0.9999998807907104
412,attack_flow::WhisperGate::0008,0,,348,0,5fe6272adb83536386c8b82924363b2a317bffb9fe74718ad5b9766ca236db82,1.0
413,attack_flow::WhisperGate::0009,0,,387,0,eeec1ad4ba85fe3594dcb8afaf35a6564053850f4c8a52383208dcff464aa4e8,1.0
414,attack_flow::WhisperGate::0010,0,,428,0,7aa0ef423e4d3c170f067ad1df7863a877f17757911859905891300550c4fb87,1.0
415,attack_flow::WhisperGate::0011,0,,464,0,1b6ffc5e94969b9532ab50392032082ce262b43ef68d62df4b442fcce4d0d26a,1.0
416,attack_flow::WhisperGate::0012,1,attack_flow:long:1,512,0,5f09fcb1f9ba9522682fcc1bcfa6f7e8771790b3bdedeb29aab4d2abd0d1a8ec,1.0000001192092896
417,attack_flow::WhisperGate::0013,0,,579,0,bf516498ba9e0313854ae72919bb732e259f694c422411256db724fa9b72a997,1.0
418,attack_flow::WhisperGate::0014,0,,615,0,ff7c4efb453fe965fc7163a6c4434211cf3e668e3dc0a4b466bf76bbc90e5a3d,1.0
419,attack_flow::WhisperGate::0015,0,,647,0,aaa74b2bd1d41377ab292a0109ac3eac5de8cf433a3b856841f8ac79725d1940,1.0000001192092896
420,attack_flow::WhisperGate::0016,0,,704,0,7837adf3fb206c569df493e64fbe8ebe2911857dc9707dbeaa04a0681e5dead0,0.9999999403953552
421,attack_flow::WhisperGate::0017,0,,748,0,69b5235eac8fcc89050ce800c175beb8f53cfc0198a1848bed04824411c43cb5,1.0000001192092896
422,ctid::apt29::unknown::0001,0,,31,0,e3e778fca9bd7d4f7ed337c40584e17611d8320f05c1d78c7ea7b815bfbcbde9,0.9999998807907104
423,ctid::apt29::unknown::0002,0,,61,0,c4dc2bc8ae498ce618f704d85f38a54d4f9be23065a802d33742480c7573f820,0.9999999403953552
424,ctid::apt29::unknown::0003,0,,101,0,cd6c854286d5375fd76479447514cac24e586f475c797af73907f6d0dfa237c4,1.0000001192092896
425,ctid::apt29::unknown::0004,0,,144,0,0fc0d8bb085d16544321b98a50588127a145cf773c35f51bd6db9a6bf220e159,1.0
426,ctid::apt29::unknown::0005,0,,189,0,b9e28a6f6b5cc9eed8126100d6bf9e48648fdf65b5e53045e872c9a2d441ca32,1.0
427,ctid::apt29::unknown::0006,0,,224,0,3025563e88f3fb25017978c6e1b9af1863e036bdf28e2e9c1ffd99b94250599d,1.0
428,ctid::apt29::unknown::0007,0,,259,0,03be93a24b4a6c3f6c549e97f61700d5992bc333c343a9fc2fe6f254092d39a0,1.0
429,ctid::apt29::unknown::0008,0,,295,0,19e6ae1f79be3ac4cb6cc1cb3a7a5934c77d087e9ff8914ddc7eebf411380ec7,0.9999999403953552
430,ctid::apt29::unknown::0009,0,,333,0,0472a10a3f1b43b0b259402f9d5d0503deb0db0d5ba3d25fd2a81c71aa26620c,1.0
431,ctid::apt29::unknown::0010,0,,376,0,98f1717b89d8086f03c718471391fe529adb5856e20bbc7e30f1f2d8a4ead188,0.9999998807907104
432,ctid::apt29::unknown::0011,0,,413,0,651becc9249c7ff27ca5c3e97578dd49b30d3124f0939022d9b60c226f4c0e84,0.9999999403953552
433,ctid::apt29::unknown::0012,0,,475,0,7f588b18bd99ddc3b22a1f85c317c9fda291113685300415f25fdf331c9e4871,1.0
434,ctid::apt29::unknown::0013,0,,504,0,7b51a25d6ceb6f61c11d8a1768a4c920cd45d562107d7883ae766bd1cf8a6f8e,1.0
435,ctid::apt29::unknown::0014,0,,570,0,6e454b8cf9b4a10e46a424912e014f030a6309d48194b9d73c0a0e4967ab620f,0.9999999403953552
436,ctid::apt29::unknown::0015,0,,612,0,e337a255bdaf918f7cb81931530a4eeb4e9feccfd1a04e6ed96ad05a88e7f5b0,0.9999999403953552
437,ctid::apt29::unknown::0016,0,,649,0,501e7b908f614383cdc12f49524bb78cc4e998bbcf2207ed1253f7fb0ff73d19,1.0
438,ctid::apt29::unknown::0017,0,,719,0,f3cb1511f8fd3c481825fa5f4f4b6deea7a75a45e2bf94b6a462318f7034e87f,0.9999999403953552
439,ctid::apt29::unknown::0018,0,,759,0,24525c49864bf32af5b4010f42acef059dc5065ae5a028a4f6668af8ce179cf6,1.0
440,ctid::apt29::unknown::0019,0,,796,0,096876dac188608d38021f8f5c7170b311fd85d5ec28c5725bc8036011f98fc2,0.9999998807907104
441,ctid::apt29::unknown::0020,0,,834,0,5fa9ddf4b38f413a6c2996476943e1b88008e581b0ad0c795f29f2bbcc4ea01c,1.0000001192092896
442,ctid::apt29::unknown::0021,0,,864,0,b53273f7405bc86a2a8cf78d11acd6d6ea0fe7a1dd77df0a88b372c8ccaa52e7,1.0
443,ctid::apt29::unknown::0022,0,,891,0,2a74b2ff734eda6af3cc0517b47c248131556096fb1cfdece8fac9896a2ba2da,1.0000001192092896
444,ctid::apt29::unknown::0023,0,,924,0,a0aa1ed113d6931d019796b2af8a59cf60526aa94092f364093ad714b80ff079,1.0
445,ctid::apt29::unknown::0024,0,,963,0,34f3fa22fe2437a430987f3aadcfc0ff7595fe344586091eace60e2c565953e4,1.0
446,ctid::apt29::unknown::0025,0,,1019,0,a9d516d182774650bf709c0888d7934a12892d61536ca0040a647b48fcbfeaf0,1.0000001192092896
447,ctid::apt29::unknown::0026,0,,1053,0,32befb7cac94da43829f9c17fe03491e05079a003ca69bfe06912f0eaccc0c5f,0.9999998211860657
448,ctid::apt29::unknown::0027,1,ctid:long:1,1113,0,ca79b1b7c71a9c76dc873982482685b5d063ae009abfd7b0f702a752d9627e5a,1.0
449,ctid::apt29::unknown::0028,0,,1143,0,b47cb39cc896e2cf252164f9f00db7306b85fd1f28241bee8e50cf5e0468b0bd,1.0
450,ctid::apt29::unknown::0029,0,,1203,0,24f376580c2184dbd4e8dd1df0619002304ee670c9f2d04d63c7ddd0e75841b6,0.9999999403953552
451,ctid::apt29::unknown::0030,0,,1234,0,aa0ccf00e2e9a98e7d41b40b80254d2e4a76b84dffdf2ba79314dd2e162c5420,1.0
452,ctid::apt29::unknown::0031,0,,1271,0,1293e8f783400d90707495c81a764bf037e912ba9dc2106ca1ec7585886f6bc5,0.9999999403953552
453,ctid::apt29::unknown::0032,0,,1301,0,09570552da62057c4e3eacb1c1763c42a68fa61f01800f529cbbdd794f13f2c5,0.9999998807907104
454,ctid::apt29::unknown::0033,0,,1325,0,c71a15f9f68a91eb19001d12f24a3f27a1f432c304cc176745de76fee5d33a37,1.0
455,ctid::apt29::unknown::0034,0,,1365,0,6e4a5487301b6e779e51af34af83d263235d2371d38a78ff61b09ca59a64a56c,1.0
456,ctid::apt29::unknown::0035,0,,1400,0,1d45bb9ca72539cae0384e16d1537729688bf2362660bd41cb47dd32a318a61e,0.9999999403953552
457,ctid::apt29::unknown::0036,0,,1460,0,a0d17dca766cee38f0d12d9611666b31d771d0e184a6d24e1ae531a6fe2215fb,1.0
458,ctid::apt29::unknown::0037,0,,1496,0,11073413f31094b63ae951160670c782c3601a91d89f773493be49218826cc81,0.9999998807907104
459,ctid::apt29::unknown::0038,0,,1556,0,97e5565cd268e80d07f11181b2fceb4c8e39735280fedd83aff19bedea3256a6,0.9999998211860657
460,ctid::apt29::unknown::0039,0,,1587,0,09862cd9facfaf937e6069c2efa97a0483b8266131cdedf4e356e36eed8ac23d,0.9999998211860657
461,ctid::apt29::unknown::0040,0,,1619,0,d4150e7a5874922a086939afaa436d24284a7746421bcf795fee6c6fab63d6bd,0.9999998807907104
462,ctid::apt29::unknown::0041,0,,1665,0,026ca5d9ccc10ac1e2ec3db8dddfe7a11a5b66ed34cf3a32a126378f7791a825,0.9999999403953552
463,ctid::apt29::unknown::0042,0,,1703,0,6009e7024c62aa8f8bcfe32db0bcaeda7a953a25c4abc2df5052cc8d8bb7b742,0.9999998211860657
464,ctid::apt29::unknown::0043,0,,1738,0,94d682d4d6fe63fbba714deda3e5b0d072747fb9f8aa10f0169103ae0ef0c23f,1.0
465,ctid::apt29::unknown::0044,0,,1765,0,23437879dbfe81aa7d92c367215360ffe9847926bfabe4eac8a35b4b91563734,1.0
466,ctid::apt29::unknown::0045,0,,1796,0,1884a0d9068d4e8a3f37d7d645459ba50601c94368241b06b40bea4cbf8286a7,1.0
467,ctid::apt29::unknown::0046,0,,1828,0,c75af6bf502ce1e115877afbbd33d7807f53fa3171324fa1071564f6ebea9cf5,1.0000001192092896
468,ctid::apt29::unknown::0047,0,,1875,0,d42e45c59c8019e5c05e800e9e630eef0618dde0fd35dd342f960d5646a6f81e,1.0
469,ctid::apt29::unknown::0048,0,,1913,0,ad4f284b056fc7172d02299dcdf83ab97803e9426269d0b46b8d179f60c88cd4,0.9999998807907104
470,ctid::apt29::unknown::0049,0,,1942,0,b3bc8728835ac1f7d7d787ff5f910e952cd81b1f7c3c17c4f70b18179cf2169d,1.0000001192092896
471,ctid::apt29::unknown::0050,0,,1969,0,f8d8c314020c2be64b7a1341bb1b76655d1a834fc98a13935532aab69a92c1c0,1.0
472,ctid::apt29::unknown::0051,0,,2072,0,c4a9498b2bc44dbb2ab6cfe3a1a2f9a3423bd1fdf90d665a5b7fcb4324023837,1.0
473,ctid::apt29::unknown::0052,0,,2094,0,b9103d49408a5bc8dadde67a96b049c1a1657ca56c19dcd7e426c55f79c812d1,1.0000001192092896
474,ctid::apt29::unknown::0053,0,,2116,0,911cf3ff01e3ed813badbc3f8dde52f042157e55f9fc62e1492282703ae5ccdb,1.0000001192092896
475,ctid::apt29::unknown::0054,0,,2154,0,c9b442386a7c1f5957b39c4f9620ec21e04ca8a66dba478278c72022235f5bd4,0.9999998807907104
476,ctid::apt29::unknown::0055,0,,2190,0,6291ec7ff2553b11a7114123ded43d7c68f8dcc3106932accf7f2389155eeb22,0.9999999403953552
477,ctid::apt29::unknown::0056,0,,2218,0,4c751b369a4c690827e119098296daa6dca0d418cfa57704c2687ea756477058,0.9999999403953552
478,ctid::apt29::unknown::0057,0,,2248,0,349dd3efdfa4002e831b8e52e6ebb80c63cee96186fb225b1b1d32d98d64bda7,0.9999999403953552
479,ctid::apt29::unknown::0058,0,,2272,0,c948f37ffa0933036d7402b9b48fd74d7056219030960b3cfd005b69e34aa812,1.0
480,ctid::apt29::unknown::0059,0,,2302,0,2cac971fa4d496432eea62c16d271fd9118992490f0e2851b85cd86a0e9f69ff,0.9999998807907104
481,ctid::apt29::unknown::0060,0,,2332,0,5bfd90f174063181ca636e355380ad33d5ec990f792081024c5cb28a16bc5c51,1.0000001192092896
482,ctid::apt29::unknown::0061,0,,2359,0,1b17dfdaf722c638161bef2642e3da134bfb0fa1b6a46af4e85fbf4dd6039af1,1.0
483,ctid::apt29::unknown::0062,0,,2385,0,055bf710196808b18ecc7050f06e9ac09d15847664c75ba66b2adf399ee49a15,1.0
484,ctid::apt29::unknown::0063,0,,2411,0,f624b119ee3ade5cb913c3891d8bff505cd1ded03afa397d59efafd3b7e9dffa,0.9999999403953552
485,ctid::apt29::unknown::0064,0,,2442,0,3dde1eab4b74bb15a745d6d60c89637280d5f0dd993ac0b4a47f3749d11d5f1c,1.0000001192092896
486,ctid::carbanak::unknown::0001,0,,32,0,e9908a4ca29828a0ba6e39dfd5548d57753f347365d8dc9f790ea7ee2e794db2,1.0
487,ctid::carbanak::unknown::0002,0,,85,0,9bde8c7d590672d68a0e8518bc68579712a11786b5820c60d6d7fee6bc5d3967,1.0000001192092896
488,ctid::carbanak::unknown::0003,0,,135,0,7e4d5cca1b52f8474a14c004981da7c4e7a9a5a7cf9282a2381f32acfd39b233,0.9999999403953552
489,ctid::carbanak::unknown::0004,0,,178,0,d94d811c065da85b5db0a502fb05e94efb887836e2f55849c3c2c3f5ad903448,0.9999999403953552
490,ctid::carbanak::unknown::0005,0,,216,0,6afa74152d0789d6b68295c3f3a0ff185fe7639fe40f5c0aa4e82613e5c5a9dd,0.9999999403953552
491,ctid::carbanak::unknown::0006,0,,254,0,967679506cce5063a814d5f4f54af67c4e3f9e808405cfbef548b75ab04bbf1b,1.0
492,ctid::carbanak::unknown::0007,1,ctid:short:1,287,0,a89f7fd5fe380bb0336f9c7fb50b30392689e01630bb185e69d7f858858e584a,0.9999999403953552
493,ctid::carbanak::unknown::0008,0,,314,0,b3b9796bf31068f333896a92eb2e723d7fd238497a447fa3866ba7901d1a5c21,1.0
494,ctid::carbanak::unknown::0009,0,,349,0,0713fefbca991bec4b48443858aa3140d2d2a02a15232a71b3a3acdadc85591c,1.0
495,ctid::carbanak::unknown::0010,0,,384,0,2393d7aaf9abfc741affa9cb4e399676de53e0d18f463bcc1cb728eede3b1743,0.9999999403953552
496,ctid::carbanak::unknown::0011,0,,421,0,0731afc98f4263d255ca69d329dd48f045eadb37b25d77f5aaf8eedc55839d1e,1.0
497,ctid::carbanak::unknown::0012,0,,457,0,7be3eaeb72154ba81525747aa9cc88055bb0d89d654180b52bae6f5e0186320f,1.0
498,ctid::carbanak::unknown::0013,0,,498,0,d26c9a6565191960729529a8d21da2764d7015af0fef142654136f7bb950b1d3,1.0000001192092896
499,ctid::carbanak::unknown::0014,0,,534,0,6f55495841d59cac948c7c40893e502a86bfbd014e0a0a8db00576412e5129f3,0.9999999403953552
500,ctid::carbanak::unknown::0015,0,,574,0,1cff888fbc239c7731906e70d07f110aa272b0938fd1bc464382ad3d45c0a28e,1.0
501,ctid::carbanak::unknown::0016,0,,611,0,63eade323a10f172a1ed6b22c6a3083ed2cbe415049ec2356c33a3d1cc73db4d,0.9999999403953552
502,ctid::carbanak::unknown::0017,0,,666,0,04a7cdddadc1eab04f1c504dee3714248fff1db77899f97c42321ab06fd85b3c,0.9999999403953552
503,ctid::carbanak::unknown::0018,0,,716,0,7720b4fa62666653c5a433cb07e8a6db0597431662d0450e9b2792f6be5d2d46,0.9999999403953552
504,ctid::carbanak::unknown::0019,0,,753,0,7bbc8f91da73c8bd953fa6187a89dbe992ced3ded1f89168542b7442d156c3d0,1.0
505,ctid::carbanak::unknown::0020,0,,789,0,222b51f0911cb94bcb39781b897c38c9cc2ded8e162b7fc298010b1d492b4add,1.0
506,ctid::fin6::unknown::0001,0,,35,0,2ef7dd3936f06bb5f92f90c1ca6c271fefa5ec196a81750ab48c92e8d2e75b77,0.9999999403953552
507,ctid::fin6::unknown::0002,0,,69,0,7c85056ab20d707db033c15b10cf2d7079592805cf121913f8cce2360dfc104d,1.0000001192092896
508,ctid::fin6::unknown::0003,0,,118,0,81800fc3f92ff0ebc772d96666fd9750b6c41f588d7f66828d1ebb3bfa30d14b,1.0
509,ctid::fin6::unknown::0004,0,,150,0,b0d2a77853708a7b920407179f4e6c93bc85f8cbad75afd6d309c66596155203,0.9999998211860657
510,ctid::fin6::unknown::0005,0,,180,0,dce2b63b7ed8460ff75d97b1cfeccf5f29a00a727417b1eee95c075cc28f5f3a,1.0
511,ctid::fin6::unknown::0006,0,,239,0,1f183062b2c36f7540b4e0ec7e44d65d951e7c4bcdffcc3bd232600f73b17260,1.0
512,ctid::fin6::unknown::0007,0,,291,0,38e29cd9640621085d46e417e893d129cd5b8da7e494944c4f4b7fb59a0a365f,1.0
513,ctid::fin6::unknown::0008,0,,328,0,67373b9ac3af58918c336bea2b758a5d6854209478624a706d3f251f3d9a4c9a,1.000000238418579
514,ctid::fin6::unknown::0009,0,,363,0,c507136b8faba7e5930fa84fe088b23fdc9f2691b7b29d4b6c6d924ae42dfd73,0.9999999403953552
515,ctid::fin6::unknown::0010,0,,420,0,ac978406d2b5b9bdf5caa89626289cff6851f86bcac67b13b05b821a9e2cfde1,0.9999999403953552
516,ctid::fin6::unknown::0011,1,ctid:medium:3,478,0,5e298fa1572c38f949c2212e051df3f8c0d06bedb9ed2d5b2409fbd8b18deb48,1.0
517,ctid::fin6::unknown::0012,0,,517,0,79f2a47efe863e669a88c3595d42d181d7203467ac25789402a57047ed429883,1.0
518,ctid::fin6::unknown::0013,0,,558,0,0f22f8e7a1cca5f61b3b1a77a834c8991d6e160531638ea0f54f3d2aab9caf9f,1.0
519,ctid::fin6::unknown::0014,0,,596,0,d305097e605f815c5467b461e28084e50826d9bd6cb2957ed67458b837655c12,0.9999999403953552
520,ctid::fin6::unknown::0015,0,,631,0,bba9d51cded31ade92248a48757bd7c5ce5468e607487dd0b13ecd156de36f80,1.0
521,ctid::fin6::unknown::0016,0,,668,0,a7d8dc97340bdb69128234a21aab5a57a4f4a75a92e3df0af1685ee2e258882f,1.0
522,ctid::fin6::unknown::0017,0,,703,0,92bc7707cb6f0af5b098c886290b15cf8b79a9caa7ea046faa8be35362f19d03,0.9999998211860657
523,ctid::fin7::unknown::0001,0,,31,0,15cbab5ae899a575faebb51431456cbe058255d539313c933370817d0966c1e1,1.0
524,ctid::fin7::unknown::0002,0,,59,0,f0d3b03119822e91c39b68419915c64cc3d8bef2c5767a7a430aea8a378e6bfa,1.0
525,ctid::fin7::unknown::0003,0,,84,0,5d7a8749825b2126a618c5d2f5383e7f1361c0557fcb8c3cd563fb1b1776f45b,0.9999999403953552
526,ctid::fin7::unknown::0004,0,,114,0,47716bacccb09ee76ce28e073b626d06fd604e2e9b997034c21fda6ec4aad646,1.0
527,ctid::fin7::unknown::0005,1,ctid:short:3,150,0,60dd39027fc7860bdeacb1cd6c049ac1c6bdf4990ec158ae7d72c6c12ed38959,1.0
528,ctid::fin7::unknown::0006,0,,191,0,b259d0be6eda43fc020f1f2f2454c62e22b8e00d7dfe766bd108c2c5a129fba5,0.9999998807907104
529,ctid::fin7::unknown::0007,0,,226,0,5a8ff3b15097afbce44bd43c42ccdc1235cdeafb9aab308aa3353bc15626e2a8,0.9999999403953552
530,ctid::fin7::unknown::0008,0,,262,0,70ed32cbd05487614a0d586fc50bb8df210c4784b293e8f58ad82ce37f568954,1.0
531,ctid::fin7::unknown::0009,0,,299,0,5af73beb477122f123b1123c40db22432608c7d26c8901bc33aaf6d025ba113e,1.0
532,ctid::menu_pass::unknown::0001,0,,31,0,c004837ce3339be7dd80981a733b71db778d65a4696121b97d7a1a0ca68b0109,1.0000001192092896
533,ctid::menu_pass::unknown::0002,0,,54,0,2b14d2aef2cb27191dfb38038d2e977eee3329115927c738708102dda00a7fc2,1.0
534,ctid::menu_pass::unknown::0003,0,,79,0,9bb22ef1ac1d131b30b50f8649044c5dc8b13f3f0363fa4cbb2379390fb36519,1.0000001192092896
535,ctid::menu_pass::unknown::0004,0,,111,0,683fec10ed9d677964f62311026f2efbd68af09548cddd0ecec3fa1cb7666441,1.0
536,ctid::menu_pass::unknown::0005,0,,142,0,d6000c7b35604c9db6d9f901d958704f864a24e5e3577fcbb8ae0563ccbd7032,1.0
537,ctid::menu_pass::unknown::0006,0,,180,0,3bc62942dd4568c7dc49d47b1149e682deb623b32905c6175fc9e5ae7e67b0d1,1.0
538,ctid::menu_pass::unknown::0007,0,,215,0,48422fa20336356b7611f79f610c44f27083f3579d27a5f083c2aac1a3f86de1,0.9999998807907104
539,ctid::menu_pass::unknown::0008,0,,242,0,0f1f25600490f6a9de9826d2d09cc30279bf51f9e473b1cfcace4de2a76f0dce,1.0
540,ctid::menu_pass::unknown::0009,0,,282,0,7caf61fe2ba477825228d97d5d911129dc1f5cd377eb524186254959136dd8f4,1.0
541,ctid::menu_pass::unknown::0010,0,,308,0,bee1ee7effd28be89dab26668ee4aff1732adb4c31b952fb58157f818548707d,1.0
542,ctid::menu_pass::unknown::0011,1,ctid:medium:1,342,0,4c1bbe6ab5176afb4aeb9d0ea1468b4c8c9d7acf0f6f7a97cc1e2bae621f5f34,1.0000001192092896
543,ctid::oilrig::unknown::0001,0,,37,0,3daae4dc88ecf460dde275a7fc16e63914d29f11718b794f163391a5f1ac634c,1.0
544,ctid::oilrig::unknown::0002,0,,72,0,89f404052959a2be1afd8760518210e06164dd99aec51012f53e2fc8a823908b,0.9999999403953552
545,ctid::oilrig::unknown::0003,0,,95,0,27989ae9511481ceb6c914b8fb2fcf754f361513b8f551adfc1346b9c2a5b52b,0.9999999403953552
546,ctid::oilrig::unknown::0004,0,,120,0,606722b2dd5fd2ad5d32a45fe10e8979f7b80af3c0268f6ad3c3aed03ac74795,0.9999998807907104
547,ctid::oilrig::unknown::0005,0,,157,0,e0efe0795cacdb8b7f3212d5765a1672d2f617621ffd590288d165158efb454a,1.0000001192092896
548,ctid::oilrig::unknown::0006,0,,193,0,38e2fe90b85f9799d57508ac4656f6e630ed1a9a28ae0f68cca660c99a3b1ea4,0.9999998807907104
549,ctid::oilrig::unknown::0007,0,,222,0,f837dbe9c0db51573e09da888ff77353b91c5ac766de1ca45e980f015ad8d01d,0.9999999403953552
550,ctid::oilrig::unknown::0008,0,,247,0,dff8a1a7800f77a95da50ed127abac9e46964e38989e98533b485ef6555dbac7,1.0
551,ctid::oilrig::unknown::0009,0,,279,0,e55c2ba32e91188b9ed2a22167df4fe225a3ff690fd115245e17c93a5abd21ab,1.0000001192092896
552,ctid::oilrig::unknown::0010,0,,303,0,b0aae6383c477b7465f3e6815013f1121fedf7d18f7c84efb54d340f78583844,0.9999999403953552
553,ctid::oilrig::unknown::0011,0,,328,0,36d163378c56b51538ad855e088a8d146246489168d2c41f1df9d691f233b8d4,1.0
554,ctid::oilrig::unknown::0012,0,,355,0,00c0f41bd963bdcde5412e7688ed968be6c4fbb2e3984c94b2b9e251630594b6,0.9999999403953552
555,ctid::oilrig::unknown::0013,0,,379,0,7e73df877992a8147999f4b09fd8547b1133b8e9543a5d479e1af5f233863494,1.0000001192092896
556,ctid::oilrig::unknown::0014,0,,428,0,b69d5698736dfde2c9236a6f99cd8f31f1e748911100ab4580614c61d277a8d8,1.0
557,ctid::oilrig::unknown::0015,0,,468,0,6ab4fde8bba6b722a3f658bcb3acafd56e724f9f329ea0c33f16905efe3a7eaa,1.0
558,ctid::oilrig::unknown::0016,0,,507,0,d2a7602bec3d9928d67de428ea6ecfe6c7d009b98708b79b5576188bc82943ea,0.9999998807907104
559,ctid::oilrig::unknown::0017,0,,536,0,106bb22a471b43ff6d1b6e46ac5195276c206a971339718ae67e85af62098094,0.9999999403953552
560,ctid::oilrig::unknown::0018,0,,572,0,ab80471da912b650b249d192c6a40a7340e16c46431ce861999dae01812c8e3b,1.0
561,ctid::oilrig::unknown::0019,0,,608,0,77028ade7ecf632a38063c6b6f65e0e02b9f79f75bcad7223b060d158658315d,0.9999998807907104
562,ctid::oilrig::unknown::0020,0,,643,0,0ca592bfbbb363c0e01d7cac56edaf082ad186858dc4851005f87170f11666be,1.0
563,ctid::oilrig::unknown::0021,0,,694,0,cdad5abe8d111f0dbee1d3c7c65c0837c4347f097528549ad15752311593b625,1.0
564,ctid::oilrig::unknown::0022,0,,728,0,a1524fc70f15fec4e072fe3356c5c842ba62ab31bbb7f06d6596fe8aa4432479,0.9999998807907104
565,ctid::oilrig::unknown::0023,0,,765,0,103e26ba17798505459567b789bf239a3e880cafbc066cb616ef61f10fa21c0d,1.0
566,ctid::oilrig::unknown::0024,0,,797,0,9a82ea423e4c293e4addd922b501d87f4eab950654e9cbc0737d782488776264,0.9999998211860657
567,ctid::oilrig::unknown::0025,0,,830,0,fa56a41894afe81f9a1a14ff23ad561c4fd6c0a122f744c6890511f0f5cb225e,1.0
568,ctid::oilrig::unknown::0026,0,,856,0,d61b52f8a2f74ce080db8fd1951ecac67bdd3929a44da8d53818ac9144d8ecba,1.0
569,ctid::oilrig::unknown::0027,0,,886,0,2b2588c0504f654fbd1b90a20674f71398fe5febb55ff64d0e0de0e2b2c41726,1.0
570,ctid::oilrig::unknown::0028,0,,919,0,ebf80dda4dfd901b4241fbf2c1fc59ff400f5689aa9230977f6c5a657a891233,0.9999998807907104
571,ctid::oilrig::unknown::0029,0,,951,0,4f6b25e81e415600e5c952dbd8efa774b296cf4ad18c49a547ff28218bd83ba6,1.0000001192092896
572,ctid::oilrig::unknown::0030,0,,983,0,b13447d259e0def551e03b4e9b129792af2bb420091621a3d4695a0e52e71588,0.9999998807907104
573,ctid::oilrig::unknown::0031,0,,1008,0,57096e85249a5dfd0e6de2db2b74f6e52df2139230a458edda2a54f3a4db37af,1.0
574,ctid::oilrig::unknown::0032,0,,1040,0,d17abfb7b80e5553c9ff66b3bb07083d4de8d4f364672e80b6c3a5c4ad447d6c,1.0
575,ctid::oilrig::unknown::0033,0,,1086,0,80ad53b068f4a43a50441764c9aa5ee72ac1d377e22b23a0bd687722c80d2e55,1.0
576,ctid::oilrig::unknown::0034,1,ctid:long:2,1171,0,cd974c35994360367483a5869ff5fc82e670ac5ea18fc73757359ebb2d026de7,0.9999999403953552
577,ctid::oilrig::unknown::0035,0,,1227,0,a6dc91e09761d1257030df29aae3fa00d86ecbd91517a2ea93d5ed67059528a0,0.9999998807907104
578,ctid::oilrig::unknown::0036,0,,1315,0,76ed98e49521ef89129f6942ff2fec38f09576b1f7e6c090e5f6e45f49fb1d7b,0.9999999403953552
579,ctid::sandworm::unknown::0001,0,,149,0,91ad1780a7b95f584091f8d4825af40b93ed83d8d053ede7c3e8dca59fc3799b,1.0000001192092896
580,ctid::sandworm::unknown::0002,0,,293,0,5e41238254bf7581bf057a5cf4265056bdb3db402986ecdf9ee5e364e8097870,1.0
581,ctid::sandworm::unknown::0003,0,,392,0,1de6fa33afb91f86559515033b10f88f9ce9c4a2e3ea4191db3d575509f4df6e,0.9999999403953552
582,ctid::sandworm::unknown::0004,0,,493,0,45703f59110a763276b57e41027becdb938e2e41f96224f3111a519096633b52,0.9999999403953552
583,ctid::sandworm::unknown::0005,0,,590,0,d68a2dca2ceed53be53a96e0bc997aaab25e4d1d7db31694b319b2561ed9a7a4,0.9999999403953552
584,ctid::sandworm::unknown::0006,0,,695,0,2959295ab7b70b264616a793fbb22286657d0f504652898cae640a12d188248b,1.0
585,ctid::sandworm::unknown::0007,0,,811,0,f557e44bfc8385a3f63b0c517eb05c8ca3f6d1520dc4f986db41cbea7f8d695b,1.0000001192092896
586,ctid::sandworm::unknown::0008,0,,936,0,1569e2e51d4aec47e43fc235a2eed72bb399ba3cd9ff4578eec4c5fb1b952cd8,0.9999999403953552
587,ctid::sandworm::unknown::0009,0,,973,0,e0e03d49d5296d0e995fc7fc845e670ca679ebf1d8ac44f211d8a573b27e9ee0,0.9999999403953552
588,ctid::sandworm::unknown::0010,1,ctid:short:2,1007,0,6049c6c32dc90f59b8471b1779f6980fb9e9da5e063a0be37847b5f5957bec55,1.0
589,ctid::sandworm::unknown::0011,0,,1051,0,6c6a9eb98506a740ab262e16ec938026d827c8e95b1eea70605df1ed62e520b8,1.0000001192092896
590,ctid::sandworm::unknown::0012,0,,1093,0,bbdd4e6650527582a72147fea162a1666909556601c334c66b54997026696c0c,1.0000001192092896
591,ctid::sandworm::unknown::0013,0,,1193,0,2065819ac16b84501c667c47056a7aef06a9868ce2c845b4ca62e9815faff645,1.0000001192092896
592,ctid::sandworm::unknown::0014,0,,1299,0,2f204f3f465d03a5c77cdba94d93830e23145e755f384e8f2ffc538bc74558a9,1.0000001192092896
593,ctid::sandworm::unknown::0015,0,,1375,0,f184304a29b6defe6c6f9d2940f5bf01c06c29a69f34f721996a76d9f1606fbe,1.0
594,ctid::sandworm::unknown::0016,0,,1409,0,202e15b7d17bf08b4b34e510c1812a2623263099f815a19f3f3c1fd2221b90de,1.0000001192092896
595,ctid::sandworm::unknown::0017,0,,1444,0,b8fda9db5f3d54e660c26407ac9ca48b50e637ebcecc15f4fe5d8e0c3df21ee5,1.0000001192092896
596,ctid::sandworm::unknown::0018,0,,1476,0,06b770f756cb8d35ae83e720ecb9e25073529d638da152d68fac4d2cef61eacb,1.0
597,ctid::sandworm::unknown::0019,0,,1521,0,1fe698e3c8555fd08ba310c0d928f064f1d598ae788b4fd2db5e5d22253850b5,1.0
598,ctid::sandworm::unknown::0020,0,,1605,0,cdac564e02e015a597bfcdba79d2fd2355abe4299878cbdd254c114b111fd87b,0.9999998807907104
599,ctid::sandworm::unknown::0021,0,,1641,0,4a6030bbe563428fa7a4f6caad2081f08799c932df542a1ed5e461867429ecea,1.0
600,ctid::sandworm::unknown::0022,0,,1673,0,c7dc4167c782bc051e9e18af756913278530c80692c400b5dea4a1c8e7d1c757,0.9999999403953552
601,ctid::sandworm::unknown::0023,0,,1741,0,9c0c636c1c2f2d39c924736625cce911b89a3ffd710b76a2c5ddd4b4394e6d0d,1.0
602,ctid::sandworm::unknown::0024,0,,1786,0,b92afb65dd3af924991b1f7eadd69d0267a2ccb63edf23ba9855e911b6965012,1.0
603,ctid::sandworm::unknown::0025,0,,1821,0,8411971a443bafedf7915274c6af4023c36cc3de910952694fb2e60611aea340,1.0
604,ctid::sandworm::unknown::0026,0,,1866,0,1d715c4f8dbcb8e60a0ab3b51bf77799f432f256d9a2079fc1ebe92a907b3d25,0.9999999403953552
605,ctid::sandworm::unknown::0027,0,,1909,0,f324e9f630a1c84f6561025f092f5559baaa401dac851c8285f5dbe407e7302e,1.0
606,ctid::sandworm::unknown::0028,0,,1984,0,785898e0da047e4431f7c2764ba3475864101c076a23b3adb050c76cab2c14e2,1.0
607,ctid::sandworm::unknown::0029,0,,2014,0,4c33b4796bd7d301b54fb9ad133e1f965d371527a4c0e6b9224ed1cba1933239,0.9999998807907104
608,ctid::sandworm::unknown::0030,0,,2080,0,86ee432c8927bd0f789600ed5a5bafdfa30bbbea106c04d7a11e5dd8efd81d5d,1.0
609,ctid::sandworm::unknown::0031,0,,2181,0,58a4f800a9d4b1accef343864e257bbe401f1f11325a5a2b4e03f9f2b3a5dc1e,1.0
610,ctid::sandworm::unknown::0032,0,,2302,0,8e5c38cbceb385c5ffbe502c4a8f370453fa1bfce6da4148a7d0cd93f2b13331,1.0
611,ctid::turla_carbon::unknown::0001,0,,40,0,f27b9bac3d5fa8692bb8355e34b25879d3a69e48ab21a7ccc9e012675187664b,1.0
612,ctid::turla_carbon::unknown::0002,0,,72,0,7f561b3f9a7f6755ed39f5d12fb767827ce4e3753e9726be62924f898dadefea,0.9999999403953552
613,ctid::turla_carbon::unknown::0003,0,,111,0,6078acc38d3368af6b23e269394e252c307a276eacf51f4dcb39d2bf09a8011f,1.0
614,ctid::turla_carbon::unknown::0004,0,,148,0,201769fd90025f9b43fdd63c38677fb7eab8595f95131793acda3fbf649c1529,1.0000001192092896
615,ctid::turla_carbon::unknown::0005,0,,189,0,abd67cfc312188f464b781d09e0e7a9a7b0601ce7b7a023176376433f410b6df,0.9999999403953552
616,ctid::turla_carbon::unknown::0006,0,,230,0,1349cbd171e083392d5271f4da799362ac20c41625ce7bcc03c5793a6858e52f,1.0
617,ctid::turla_carbon::unknown::0007,0,,274,0,ef0ded63507a06b6829cd562289978923874c53f3c14ee84fad70d76f4a43aba,1.0
618,ctid::turla_carbon::unknown::0008,0,,308,0,c16fee3b9e54d20f6728116eecc138788f955772c239cd273e89c355f46ec883,1.0000001192092896
619,ctid::turla_carbon::unknown::0009,0,,370,0,241fec1b132f12c393851f6f47feed060215a3aec612ee969bae29f250b1f24a,0.9999998807907104
620,ctid::turla_carbon::unknown::0010,0,,404,0,dcaefca10615320a961cb6aeec827748da381baf1e9ef1214b4e49123a3774df,0.9999998807907104
621,ctid::turla_carbon::unknown::0011,0,,463,0,870464703cf46dcd5c2968fbe1c5f891a21148f01707e10d70f8ad6bbe50b6d9,1.0
622,ctid::turla_carbon::unknown::0012,0,,519,0,3fe9a638337ea73c6eec488d283121204892c96d27adb3e169586a840af51130,1.0000001192092896
623,ctid::turla_carbon::unknown::0013,0,,561,0,365fe265b9c0ace12e492d18e3d3bfb55f846cdd7ce08f0b40e71163dc2c93c9,1.0
624,ctid::turla_carbon::unknown::0014,0,,596,0,1747640bc0222af260dd66f03c3bd6f9073b8e777fea519a442b47383b57f088,0.9999999403953552
625,ctid::turla_carbon::unknown::0015,0,,641,0,b4553f657200f83ede7b8a6f9d8dd8d59fe64894e608a32098424522b4156b45,0.9999998807907104
626,ctid::turla_carbon::unknown::0016,0,,683,0,84c94aa9ba8594c3b479cc45a4f5ed90981cb3782b7f9650d6fc94bd00b88033,1.0
627,ctid::turla_carbon::unknown::0017,0,,762,0,d1dc30a4ee31c1560425fc5ecd7ad628bb2b3369fbb5ef2a4c841eb4306427cb,1.0000001192092896
628,ctid::turla_carbon::unknown::0018,0,,805,0,2ef8469a731376e1897e1cfdf86138b5d679faa04e009433850843cdcc7a9203,1.0
629,ctid::turla_carbon::unknown::0019,0,,860,0,b622d1f1161bd438d5434d6991ab4cbad867757af228d6502e488e7d7176e8a3,1.0
630,ctid::turla_carbon::unknown::0020,0,,906,0,50a20efbb20cddf55daa43ce8b6f49166b3d63531ea2f5dd41406d5fe39e6b68,0.9999998211860657
631,ctid::turla_carbon::unknown::0021,0,,938,0,eb9768f1074c2444b807396dfb81e35627630d3a54d4862e4728c8bd833b7560,1.0000001192092896
632,ctid::turla_carbon::unknown::0022,0,,968,0,08367f75ec115ca0b969c6422e35f3fc529d0fd4ac074ccf4e446f7373a73d6e,1.0
633,ctid::turla_carbon::unknown::0023,0,,999,0,62404bf861bec5c1d7d68c99246093ae106247be4f84b3cbd1d7bd93b4e363e1,0.9999999403953552
634,ctid::turla_carbon::unknown::0024,1,ctid:long:3,1050,0,dfa0a1535ff193b0ae0d614dc95d21d0488bd1067525d1430c4b7da0655b44aa,0.9999999403953552
635,ctid::turla_snake::unknown::0001,0,,87,0,425ef7fcbce00d37b7b2aecdc344aa3332c5697549cf7e792db79ce2df00f721,0.9999998211860657
636,ctid::turla_snake::unknown::0002,0,,125,0,6fd2f8cb256b212f3d769d304c457e7edd07ee0ee7a0539c0b8576ae59753753,1.0
637,ctid::turla_snake::unknown::0003,0,,188,0,2d1e71f01312dbcb03a7490b05f4b63ff5a78e4791c4e6f093b25e9c4fe88e86,0.9999999403953552
638,ctid::turla_snake::unknown::0004,0,,226,0,5cab56dcf7fc62fb883bf4642843a28eabb3f7feb5e573b085fdbc1138a2b7ab,1.0
639,ctid::turla_snake::unknown::0005,0,,269,0,29b77b76a34d68929a6d0f97ec6c36dfdca0b5a6013da35dca826a54dffacec6,0.9999999403953552
640,ctid::turla_snake::unknown::0006,0,,304,0,71cb6a1545c6db12ee3d63a27cd9e0e52b67b4c6affd0d1168aec635bdbeb35e,1.0
641,ctid::turla_snake::unknown::0007,0,,344,0,f5c3a8bfda9440c553816c9d8c06e0f9b8660e295d0b361d145ebbffff9fbec6,1.0
642,ctid::turla_snake::unknown::0008,0,,380,0,4d4de4d32223ff1c09f40b0c7fa1c184ba219a8cf7a499e07ae5effe08dfafa9,1.0000001192092896
643,ctid::turla_snake::unknown::0009,0,,413,0,92ca593ec7024e3fca5db75a8fe27bf4d6d82b1ba54c0a1ebc4267a1a5bc30e2,1.0000001192092896
644,ctid::turla_snake::unknown::0010,0,,461,0,6f7a9b5edbccbffceef9c6f929372d2b1f50277ffd79bc73b8aad0cd4c5db25d,1.0
645,ctid::turla_snake::unknown::0011,0,,498,0,f032e0844080b17bf75eded99423903a3cb1f40f164839b0bde91ee8a808e4b7,0.9999998807907104
646,ctid::turla_snake::unknown::0012,1,ctid:medium:2,537,0,d5577facf737f330d5b721c5b092c15bfb41daf71f784813a28f1b429fb4bae4,1.0
647,ctid::turla_snake::unknown::0013,0,,605,0,1fecb2b4548d7fe16706020dd115b76f8bc3c8aae85bb9937536819b6a4e5279,1.0
648,ctid::turla_snake::unknown::0014,0,,634,0,23040fc9a1917eb363b1da90827435f01db3b6e615938f684b65eaeb33e0cea1,0.9999998807907104
649,ctid::turla_snake::unknown::0015,0,,682,0,3887c8fb9a51b3be4485df33e99d3ec7728ae6c704f5effff7dbe30edb82d82c,1.0
650,ctid::turla_snake::unknown::0016,0,,719,0,f0278c924dc3fce6d86ce05f89d5c86be7d83a32b9c79c6971073c910afdd18b,0.9999998807907104
651,ctid::turla_snake::unknown::0017,0,,765,0,11c74953c1b4ad9231826712abbb5289265e24264b416913aa3622e088a57eeb,1.0
652,ctid::turla_snake::unknown::0018,0,,827,0,5b2963fe6411bc7ea38a2fa45b4de020f9120eabd9fd40a0e1f494df4ae39dbf,0.9999998807907104
653,ctid::turla_snake::unknown::0019,0,,870,0,89bf3483e8e267871b3f9deff8dca4825212a4ce70cfa0cac47186c398d327aa,0.9999999403953552
654,ctid::turla_snake::unknown::0020,0,,912,0,9bae982590df9b4f82d79e35cd269e9a7899220449eefa4007e61036fa38c265,0.9999999403953552
655,ctid::turla_snake::unknown::0021,0,,977,0,ff21e1fdef50bbc647572f8db32b1e2cdc2bf4838454500ef28438a495c3c54d,1.0000001192092896
656,ctid::turla_snake::unknown::0022,0,,1010,0,d4f98683761e6c4d7916b836fc2399bc879a065ca3f9b2b4116a3803fca0dc96,0.9999998807907104
657,ctid::turla_snake::unknown::0023,0,,1057,0,db0bdd9582ab52d3117825c6b4412814ae2b4e4a21b28fd971af05b5766a0152,1.0000001192092896
658,ctid::turla_snake::unknown::0024,0,,1105,0,a9946ed45151f3f62de740fc67eb2365d1f9c77d8d259c52af9217ebbc90ee6f,0.9999998807907104
659,ctid::turla_snake::unknown::0025,0,,1139,0,caf5b1188bd289ceb2d5f878a01c914628b0d73ec45c604f46eac6208cdd76e8,0.9999999403953552
660,ctid::turla_snake::unknown::0026,0,,1177,0,d132a3212668db1377fd7d38319d70fac7662d12969747819b7d317b95cdb245,1.0
661,ctid::turla_snake::unknown::0027,0,,1210,0,23e4379dceeec9f68b1dfd377c85b6bce6eb625ef2a39c5995a7d6781c3bfc09,1.0
662,ctid::wizard_spider::unknown::0001,0,,94,0,5fb80b4e055d44db5bc7ddb70a0516ec595c2958bd6a64c19db5bbadd95b60b4,0.9999999403953552
663,ctid::wizard_spider::unknown::0002,0,,183,0,f9d1971349d4c32a885b4df77540a5b52596eff4952314c7183a2af455860fb6,1.0
664,ctid::wizard_spider::unknown::0003,0,,292,0,b72630b89a4151abe13d7c308b118dbaefeefb66ccd74eaed99e357eab4249a6,1.0
665,ctid::wizard_spider::unknown::0004,0,,335,0,0f793f2bd84bd42291b166e302d1cf3523dbe0af174a3eda561f000e81aa4969,1.0
666,ctid::wizard_spider::unknown::0005,0,,369,0,7e3a1dd3300f051697133281e09fc2dc3e97f753f7580b0c1decbbff80cab5e6,0.9999999403953552
667,ctid::wizard_spider::unknown::0006,0,,400,0,e19ca38f765b36441c13572a2532051ba31f136b4b418b60539e880321854457,0.9999999403953552
668,ctid::wizard_spider::unknown::0007,0,,454,0,812267a095039f2f2375a307417cc2d6bb93c355451aa5d01872ed6dc7bb64c9,1.0
669,ctid::wizard_spider::unknown::0008,0,,489,0,e5c5e16d2ab80fd195c81f7f3012b5f77a5cd3ac1059f7f5ed070a86d8e74d3e,1.0
670,ctid::wizard_spider::unknown::0009,0,,523,0,9a93b32220121b6a1f47fd5daa502e22502ba893368d27051d3f6c2e0dc4dcc4,0.9999999403953552
671,ctid::wizard_spider::unknown::0010,0,,598,0,d3dfc085b633de3f05a18b79de2ea765e827612de4e7f256f186021ebdf65ebb,0.9999999403953552
672,ctid::wizard_spider::unknown::0011,0,,699,0,e8c8ecc19a6c74393f862651ca5f3aa3ca614a10588696816526aeb7b94f6a80,1.0
673,ctid::wizard_spider::unknown::0012,0,,758,0,2deaf526791673ae4d820ca041034fab27116aefcab06551f843a314ffd9bf41,1.0
674,ctid::wizard_spider::unknown::0013,0,,799,0,86491a532f7c7fd1da5b67effd47dd08f81a916b427e541162e003d4c83d76f1,1.0000001192092896
675,ctid::wizard_spider::unknown::0014,0,,833,0,e97b2c63eafd76b5047f3525794ca8a24d1710978bdbb891d5486451a168cd80,0.9999999403953552
676,ctid::wizard_spider::unknown::0015,0,,878,0,0aa579ae658dfb3116d1e862a18e6e69a78f6288ad7142e429a9f3c574246deb,1.0000001192092896
677,ctid::wizard_spider::unknown::0016,0,,916,0,7fa6dedee6c40075ddd020f5e5662753ddda89c646962783b6ed4c245729e9c4,0.9999999403953552
678,ctid::wizard_spider::unknown::0017,0,,948,0,9e9515b6f5ad36de674d26e3f7efe67e96793a2894493e2dba35b3748b83c832,0.9999998807907104
679,ctid::wizard_spider::unknown::0018,1,ctid:medium:4,980,0,ee4b96f34e9a7854876a6865474b27be4e335e5b4025dea0e9da1c84d31406ee,1.0
680,ctid::wizard_spider::unknown::0019,0,,1021,0,503289a53fc6ad5e7b084d0981c95ae4093d09d1d535ae87cd65ac4c42a5570e,1.0
681,ctid::wizard_spider::unknown::0020,0,,1077,0,df13cfaaf1d3295c679e06fd86b9e443d7cab089e47ae11a8be4f62dbb556331,1.0
682,ctid::wizard_spider::unknown::0021,0,,1152,0,cfe49c9e0973e93d6e6edeb6602eda89bbc9405e2f4c37ac614f1a6b017bd8d0,0.9999999403953552
683,ctid::wizard_spider::unknown::0022,0,,1264,0,c8b7b20c2c556aeada5cef0d37a8cb3c712262223778a8fa0befcff813b4424d,1.0
684,ctid::wizard_spider::unknown::0023,0,,1344,0,9ea2b5a8d5e0b3183e02c2d6da0ccadbeee146ed9e776c513ad119f28078ba77,1.0
685,ctid::wizard_spider::unknown::0024,0,,1445,0,37f3b9d5c2245d495a744e07f688755be7cd234e1bf1c71252d5c18ed286c03b,0.9999999403953552
686,ctid::wizard_spider::unknown::0025,0,,1507,0,a91da0707a0acc83b4653c13f90253bc4c15fbaaa516b3817603863171648d53,1.0
687,ctid::wizard_spider::unknown::0026,0,,1544,0,c02085d991091c65940fb52f532cd7ef83bf1fba787f7eacc322fb8f21ba8018,1.0
688,ctid::wizard_spider::unknown::0027,0,,1620,0,da1d4b3c3d07d7125f3c31baa596d7b694795ce6a300418a85077fbb09ac5734,1.0000001192092896
689,ctid::wizard_spider::unknown::0028,0,,1680,0,8c4d338ac198dc4a5dcc9909352e88a3f32971c740dc2c56195660717fb058e3,1.0
690,ctid::wizard_spider::unknown::0029,0,,1787,0,28ee5f402b0f17cb070f6c3f88efc6e7ad68c236808c330ec58e3e3f337190aa,1.0
691,ctid::wizard_spider::unknown::0030,0,,1860,0,2e45eab31c30da53ac623825bec22f50fe84bb6122968315f22485305905e7e2,0.9999999403953552
692,ctid::wizard_spider::unknown::0031,0,,1924,0,eab1896f3dd35fa97db0fec64cc29275c71572837468208bbb2acdf57431d7dd,0.9999999403953552
693,ctid::wizard_spider::unknown::0032,0,,1956,0,7ba243d995e0330834290257a04c2150966e16fb2b64953707f0f351dc8f9b90,0.9999998807907104
694,ctid::wizard_spider::unknown::0033,0,,2084,0,b6bb7a1cd2fb6cb40e555ef404f60ec45b7a70066a8debe6f6d5fb7f9428f33d,1.0
695,stockpile::01c96671-afd3-47d4-8d31-8c116cc0221a::0001,0,,187,0,64e4208aabd77e1f931853c9c56f4eb464cce75e0187760c6cb4fe9feb5a6494,1.0
696,stockpile::01c96671-afd3-47d4-8d31-8c116cc0221a::0002,0,,238,0,52af3e3a5f2d44b616b3c2b705a4a7b9f769241b75d46ec7fb20ad3e42a0bf0d,0.9999999403953552
697,stockpile::01d77744-2515-401a-a497-d9f7241aac3c::0001,0,,27,0,89c7192637be7e0b40fc6ce623253622ffd051bff9aa0401a7ef125cd7ad21eb,1.0000001192092896
698,stockpile::01d77744-2515-401a-a497-d9f7241aac3c::0002,0,,55,0,81ba0e3404abb9f2a6d47744010a56ea6cdc6c7c274fcf4ba82aa33ed86682ec,1.0
699,stockpile::01d77744-2515-401a-a497-d9f7241aac3c::0003,0,,81,0,95ca491fc313f4030d6ac346bf1c83eaae8dc412fecefe009d871de3f5dd1949,0.9999999403953552
700,stockpile::01d77744-2515-401a-a497-d9f7241aac3c::0004,0,,106,0,5cc95cf90b30f398d89c7b733d97643f71bf1e78537b6ae1ca59755c8eb9bc5d,1.0
701,stockpile::01d77744-2515-401a-a497-d9f7241aac3c::0005,0,,135,0,69acf68ff40aa81e1ad2f532ceddd4c1685086e601f2e42adfd66666a76a12fd,1.0000001192092896
702,stockpile::01d77744-2515-401a-a497-d9f7241aac3c::0006,0,,166,0,6f8097cfb9e4a21e30f5f705475c676bc257693a8fde310c0e0f466fdb625132,0.9999998807907104
703,stockpile::09ad625e-6cba-490f-afe3-5417e7edb9c6::0001,0,,187,0,64e4208aabd77e1f931853c9c56f4eb464cce75e0187760c6cb4fe9feb5a6494,1.0
704,stockpile::09ad625e-6cba-490f-afe3-5417e7edb9c6::0002,0,,238,0,52af3e3a5f2d44b616b3c2b705a4a7b9f769241b75d46ec7fb20ad3e42a0bf0d,0.9999999403953552
705,stockpile::0b5636cf-f019-4ec9-aa7c-6e4f55505374::0001,0,,30,0,dbcf730cb42f9dcfa22f13d81067a435bb2ee38b2c16412ff2a9014dda90b3f0,0.9999999403953552
706,stockpile::0b5636cf-f019-4ec9-aa7c-6e4f55505374::0002,0,,57,0,0cab13b28e4c35867b5dd054626f2e94f479ec1acab79d7d3dac8456ca5adb67,0.9999999403953552
707,stockpile::0b5636cf-f019-4ec9-aa7c-6e4f55505374::0003,0,,84,0,61765b70c999300ea972d9c05653b570913b6428a99f611fd6f7f48490e0bdb3,1.0
708,stockpile::0b5636cf-f019-4ec9-aa7c-6e4f55505374::0004,0,,115,0,7ea91dd60dec17e35efdd55e7a2b73d58e6d8bd3180f79516bf5365e90f4683c,1.0000001192092896
709,stockpile::0b73bf34-fc5b-48f7-9194-dce993b915b1::0001,0,,29,0,c9f713da59b3bc8dc065b5309e35cf56afad25db5d4f497797f4addfcc9bad0f,0.9999999403953552
710,stockpile::0b73bf34-fc5b-48f7-9194-dce993b915b1::0002,0,,52,0,cc255b573222c081c0bdf0a667bd901151e2a933e5763a591320d7b1d69c48f9,1.0000001192092896
711,stockpile::0f4c3c67-845e-49a0-927e-90ed33c044e0::0001,0,,25,0,efdc0c30f3cdfa9c12f40bfb4685aa09d833c5232f5220c34288d4ea478084f9,1.0
712,stockpile::0f4c3c67-845e-49a0-927e-90ed33c044e0::0002,0,,51,0,9b9c88c2c90e68b8ea67c3a2b626585c761fa696917b9d1f9c32fab7c3ff1b35,1.0
713,stockpile::0f4c3c67-845e-49a0-927e-90ed33c044e0::0003,0,,75,0,0c7f7d2c475ab81d612305956ed21908220d0e48b0d14476f3c19bb3847c59af,1.0
714,stockpile::0f4c3c67-845e-49a0-927e-90ed33c044e0::0004,0,,102,0,4f2f9a1654c01e2fe6ba8f7854041f014e063c52666819b530e5d7d6987d75f6,1.0
715,stockpile::0f4c3c67-845e-49a0-927e-90ed33c044e0::0005,0,,132,0,3fb626de5a031f5b57ff1023ed04e034bdaa347922050f34e62ed0fbaf05d5a1,0.9999999403953552
716,stockpile::0f4c3c67-845e-49a0-927e-90ed33c044e0::0006,0,,154,0,eb88bab9280b14353780dad0995e03e09f394d2fe9ece0056f943a2d6a0793e2,0.9999999403953552
717,stockpile::0f4c3c67-845e-49a0-927e-90ed33c044e0::0007,0,,180,0,7061751b5bcbcb43f1ef52f7725bd8341177994d02b8ab723b376d66f72a99d9,0.9999999403953552
718,stockpile::0f4c3c67-845e-49a0-927e-90ed33c044e0::0008,0,,202,0,3b756d7fcf258299c770e40c07852967e906e82a385cf6987d8a31ef15df75fa,0.9999999403953552
719,stockpile::0f4c3c67-845e-49a0-927e-90ed33c044e0::0009,0,,228,0,c9a1fe2d3e2401d52c7efae6d37a4a615d9dab476d3c8bfb6b924e878693ebeb,0.9999999403953552
720,stockpile::0f4c3c67-845e-49a0-927e-90ed33c044e0::0010,0,,252,0,8068b0528e07416a3c9371e39462fc9b981ec8c07a5e3a84cbed92414927d699,0.9999998807907104
721,stockpile::0f4c3c67-845e-49a0-927e-90ed33c044e0::0011,0,,278,0,bde67126824b71699fe2c5528c0d09e8ce30ca93a514cc71afa5c059f8acae40,0.9999998211860657
722,stockpile::1a98b8e6-18ce-4617-8cc5-e65a1a9d490e::0001,0,,29,0,85dd9b5bcd019172eaedaca925c9a57f50fa70393a15a1b907c7f98843f8c255,1.0
723,stockpile::1a98b8e6-18ce-4617-8cc5-e65a1a9d490e::0002,0,,54,0,b03c7e972a9013b23f7e820592740aabf80117381b6f360856ea598291a7d28e,0.9999999403953552
724,stockpile::1a98b8e6-18ce-4617-8cc5-e65a1a9d490e::0003,0,,79,0,aa3f770626391ebfac21f81b7948dc541bc195ac1b3aad0dfd06cb717c220371,1.0
725,stockpile::1a98b8e6-18ce-4617-8cc5-e65a1a9d490e::0004,0,,106,0,b994937c2de8971a7eb52295cf47ed2344a2398ee1f03c8ecc1ec6bec3bbfd0f,0.9999998807907104
726,stockpile::1bac97ca-77fc-4c9a-835e-4de1b1b7f639::0001,0,,35,0,d74dd6a9e780c4339739d4aaee8000c0a39f3182538fb8750798d267c9e622e6,1.0
727,stockpile::1bac97ca-77fc-4c9a-835e-4de1b1b7f639::0002,0,,74,0,808a9ac287860fac16efe0dec2aafcadb082db388ec3315df2777b799d374b0e,1.0
728,stockpile::4c28c132-d7d7-4a04-8908-d643b7cb1d58::0001,0,,42,0,56cf19c364bf15f3e03f27d8190d93c74419ee038683f78590649d5a3eb0acf2,0.9999999403953552
729,stockpile::50855e29-3b4e-4562-aa55-b3d7f93c26b8::0001,0,,41,0,d55fa340626b287a6d61eaf47befed5e265152f1dd6ef6e08554938f7ddb35b5,0.9999999403953552
730,stockpile::50855e29-3b4e-4562-aa55-b3d7f93c26b8::0002,0,,70,0,0365fc598a9d4633168658acd0a46c3c276f0d4856d8641bcb3e34a22b61340c,0.9999999403953552
731,stockpile::50855e29-3b4e-4562-aa55-b3d7f93c26b8::0003,0,,92,0,ce80248716c3733ae810ec5f2e1693c952ba6fa95e2ce069c72d2a728cd7a801,1.0
732,stockpile::50855e29-3b4e-4562-aa55-b3d7f93c26b8::0004,0,,127,0,ab8eb3d1d8020fcdc678fbff140b81f56c7933694514f99eafcb59456d1820ef,1.0
733,stockpile::50855e29-3b4e-4562-aa55-b3d7f93c26b8::0005,0,,162,0,248b7db3b415d1eaa28866623710afcca7499667079f36aa3006446c4700e1fb,1.0000001192092896
734,stockpile::50855e29-3b4e-4562-aa55-b3d7f93c26b8::0006,0,,191,0,030ba192d046261ee9c888049be4f4342fae9170cacbe28a4486bf0f5140a7a8,0.9999999403953552
735,stockpile::50855e29-3b4e-4562-aa55-b3d7f93c26b8::0007,0,,216,0,9747a43f3514b013ca80c6ed3eb1b510f3d2f160e8091c3dcd49958a44962395,0.9999998807907104
736,stockpile::50855e29-3b4e-4562-aa55-b3d7f93c26b8::0008,1,stockpile:long:2,247,0,610cbca2c4c2c52b06cf37e2a01275dc824666936f2fdaaba486417f9bc726df,0.9999999403953552
737,stockpile::564ae20d-778d-4965-93dc-b523be2e2ab4::0001,0,,27,0,a7dbc4b2ba862ecdf106408b9200f4ecbedee5803b461d8139fec1e0e8f82a3f,1.0
738,stockpile::564ae20d-778d-4965-93dc-b523be2e2ab4::0002,0,,56,0,2cbc88d3900b24ee6ec0e32a1f45a795b61e645921726ab3777973253d80116a,1.0
739,stockpile::564ae20d-778d-4965-93dc-b523be2e2ab4::0003,0,,79,0,48bd45436a1498b66dd85a0bc97143b159b91fbd3f4cdcafa329cafbda6245a8,1.0
740,stockpile::564ae20d-778d-4965-93dc-b523be2e2ab4::0004,0,,109,0,46c17977bd8551f0c1e7a78e353ef0fcef7a4a0d76ec499b8ab025042407229f,0.9999999403953552
741,stockpile::564ae20d-778d-4965-93dc-b523be2e2ab4::0005,0,,136,0,5d13a113f999c213bbd032bbac1b54e6eb4c084f155b6c160e17878fb7dc8859,0.9999999403953552
742,stockpile::564ae20d-778d-4965-93dc-b523be2e2ab4::0006,0,,161,0,e05686c514fa2c0234568feb12dbb97911d98f63d8846d485fcc26803c135c28,1.0
743,stockpile::564ae20d-778d-4965-93dc-b523be2e2ab4::0007,0,,186,0,c3b6e235e1fe74912ac442b15508eb71a4edc43b3014906f7670b4a41d4fc485,0.9999998807907104
744,stockpile::564ae20d-778d-4965-93dc-b523be2e2ab4::0008,0,,213,0,198958daa1ea1a6a2645768c83d607e2b1ad06c9dff44bf30be15aa6215171da,0.9999999403953552
745,stockpile::564ae20d-778d-4965-93dc-b523be2e2ab4::0009,0,,240,0,ae6d46479913541ada3bf9cca3138e2729e1adb0d691e77e235bfd4e0f4bd0b4,1.0
746,stockpile::564ae20d-778d-4965-93dc-b523be2e2ab4::0010,0,,265,0,24952827d068972c534c28edba1a48f12792ac971e2e97ecb82e736304a862a7,0.9999999403953552
747,stockpile::564ae20d-778d-4965-93dc-b523be2e2ab4::0011,0,,287,0,0ef40169f92f2a847698825fb98140122106456cfb89da6f236b49f209895e66,0.9999999403953552
748,stockpile::564ae20d-778d-4965-93dc-b523be2e2ab4::0012,1,stockpile:long:1,314,0,c2cc05633fbb13ffa7b3428e1d202057d0e91ce99acdf96d295b435080245bba,1.0
749,stockpile::564ae20d-778d-4965-93dc-b523be2e2ab4::0013,0,,343,0,02b7ebb0d3aee9ef445fa7dcf322c5ed6b7cbcf7037cee4bf4350b47d2c542cc,1.0
750,stockpile::564ae20d-778d-4965-93dc-b523be2e2ab4::0014,0,,372,0,dcbdfcf82ab43365d5629a10be09426d53f5ae7da6c2b113ca94fbc5f4072960,0.9999998211860657
751,stockpile::5d3e170e-f1b8-49f9-9ee1-c51605552a08::0001,0,,31,0,75d544f21aeda27b4a2015d85ed755da33910c4f3d2a4d0d580e0036f8b9060f,0.9999999403953552
752,stockpile::5d3e170e-f1b8-49f9-9ee1-c51605552a08::0002,0,,60,0,9639ca3447118d05ce090b26a2b6a10087245d99d1782f616ddec39f42e43271,0.9999998807907104
753,stockpile::5d3e170e-f1b8-49f9-9ee1-c51605552a08::0003,1,stockpile:medium:1,85,0,5813c76bbadcbd433730b6e1f6b5b66e67b4a5a780a494f7cb23e42f9aed96ee,1.0
754,stockpile::725226e0-45b8-4432-84ee-144d3f37ff8d::0001,0,,30,0,dbcf730cb42f9dcfa22f13d81067a435bb2ee38b2c16412ff2a9014dda90b3f0,0.9999999403953552
755,stockpile::725226e0-45b8-4432-84ee-144d3f37ff8d::0002,0,,57,0,0cab13b28e4c35867b5dd054626f2e94f479ec1acab79d7d3dac8456ca5adb67,0.9999999403953552
756,stockpile::725226e0-45b8-4432-84ee-144d3f37ff8d::0003,0,,96,0,6b727a315d2c7b1d08bb6d3c6a27f6a99c9ba5f59754cc7ef3b5a25fa6079870,1.0
757,stockpile::78e7504d-968f-477d-8806-4d6c04b94431::0001,0,,32,0,a296ee3f2bc265fc5dba58bf0049fbeae1dc3e034ceef604214aa594c21ede9e,1.0000001192092896
758,stockpile::78e7504d-968f-477d-8806-4d6c04b94431::0002,0,,60,0,4168891869423b275cc40027f4bfb037bfd4bbee6d77195a52bcac0120053ec6,0.9999999403953552
759,stockpile::78e7504d-968f-477d-8806-4d6c04b94431::0003,0,,82,0,162fb2757fb2d1efd1c365a40385d14d92a4985d4d98d8c7b95539ac069e2433,1.0000001192092896
760,stockpile::78e7504d-968f-477d-8806-4d6c04b94431::0004,0,,110,0,70dae7148225cdcda0bbe30a2df2aafcf9669125cdbc12480d9b7a8cc359539e,0.9999999403953552
761,stockpile::78e7504d-968f-477d-8806-4d6c04b94431::0005,0,,154,0,f08c0669f0f9c318c62095fca46362e80f7a7ea8177804eef11727d61a98dc89,1.0
762,stockpile::78e7504d-968f-477d-8806-4d6c04b94431::0006,0,,179,0,a553a6fda99db0ad6e50308c70db139ce681406f26d3e9aed6e2b30ac84c5338,0.9999998211860657
763,stockpile::78e7504d-968f-477d-8806-4d6c04b94431::0007,0,,206,0,07e021d09b3a1ed140015964772622fc73255cb756c1f659c7ad89d822712c2f,1.0
764,stockpile::78e7504d-968f-477d-8806-4d6c04b94431::0008,0,,231,0,5c571a71e6975523e99155c4aea895e8c3301e49fa9709977e2baf18af2225a2,0.9999998807907104
765,stockpile::78e7504d-968f-477d-8806-4d6c04b94431::0009,1,stockpile:long:3,262,0,d97969088e818b3666440bec38521bef496f65b736b734069d16c56470617011,0.9999999403953552
766,stockpile::78e7504d-968f-477d-8806-4d6c04b94431::0010,0,,301,0,570d6e2c454af5ae3f0360743af19f5bfb144eef591628d5bf3b037f7c7ddcee,1.0
767,stockpile::78e7504d-968f-477d-8806-4d6c04b94431::0011,0,,331,0,1948e92bb5a2f0612eb7a60b69b7759277048e30902c5ba0939bed4ef217a1ec,0.9999998807907104
768,stockpile::78e7504d-968f-477d-8806-4d6c04b94431::0012,0,,361,0,f9efbc7661a9831ea8c576e9bf639b02a5c50d65e1515d2251f9a9deaa89db3e,1.0
769,stockpile::bcdbf6b9-14c5-495c-be84-37bce32c312b::0001,0,,35,0,466963bb09a61d15e3ded0c23a9e57605e7f9d3f5af6baccd721cc91c1d660ae,1.0
770,stockpile::bcdbf6b9-14c5-495c-be84-37bce32c312b::0002,0,,66,0,05f82f6385b8ddf1ca47e8f41e686d61c569f9c0e0c55ea1e026fef69eed6e74,1.0
771,stockpile::c220a8e6-609c-4d5b-9e1c-068ca01c2eec::0001,1,stockpile:short:2,35,0,d74dd6a9e780c4339739d4aaee8000c0a39f3182538fb8750798d267c9e622e6,1.0
772,stockpile::c220a8e6-609c-4d5b-9e1c-068ca01c2eec::0002,0,,74,0,808a9ac287860fac16efe0dec2aafcadb082db388ec3315df2777b799d374b0e,1.0
773,stockpile::c724545d-a4cc-492e-8075-2ab9a699c847::0001,0,,40,0,29813693486f62b6c3eb1622b2e40cab58fd5dcb5bcef8466c66f19888b57e1c,1.0000001192092896
774,stockpile::c724545d-a4cc-492e-8075-2ab9a699c847::0002,0,,92,0,33fb8e4b5ecf188f85841b7b03b55bcf11a6a57f590889a1a07f889345663977,1.0
775,stockpile::c724545d-a4cc-492e-8075-2ab9a699c847::0003,1,stockpile:medium:4,129,0,944983ff9b03195f2c31fd598d67c3b8667bf58aaba72e30efe88db65ab34d50,1.0
776,stockpile::d6ea4c1e-7959-4eb1-a292-b6fd2b06c73e::0001,0,,40,0,30606060cdcb87783dab053bb1f076087e07e687c5ed7687f357ffe746be7fbd,1.0
777,stockpile::d6ea4c1e-7959-4eb1-a292-b6fd2b06c73e::0002,0,,71,0,fed1b747a2b3bb10f4e407a66c907daca220216922eff8b4d25f8921881364cf,1.0
778,stockpile::d6ea4c1e-7959-4eb1-a292-b6fd2b06c73e::0003,1,stockpile:medium:2,99,0,25a92b8aa5457110b214a6a6b282e0d599b1094ad9e4674a28bdc53a44b5cdf5,1.0
779,stockpile::d6ea4c1e-7959-4eb1-a292-b6fd2b06c73e::0004,0,,128,0,67931a139724f0504ff74b1210f5df13515260ca397342a1a4f9e2a3edc06a12,1.0
780,stockpile::dbd49a4a-ba2d-40d0-9348-2db24fc4b0b6::0001,1,stockpile:short:3,29,0,b14a42108a00a75738193e8ec64a2cfc2e0903eced8e13bc764a8e5414ea5a60,1.0
781,stockpile::dbd49a4a-ba2d-40d0-9348-2db24fc4b0b6::0002,0,,60,0,fb03d21acf53627e02c8654886cb47ffa7b3125a2a98e814d2aa8720304502ea,0.9999999403953552
782,stockpile::ddbd1850-5fd7-41d5-a7a1-1b15dac49090::0001,0,,30,0,dbcf730cb42f9dcfa22f13d81067a435bb2ee38b2c16412ff2a9014dda90b3f0,0.9999999403953552
783,stockpile::ddbd1850-5fd7-41d5-a7a1-1b15dac49090::0002,0,,57,0,0cab13b28e4c35867b5dd054626f2e94f479ec1acab79d7d3dac8456ca5adb67,0.9999999403953552
784,stockpile::ddbd1850-5fd7-41d5-a7a1-1b15dac49090::0003,0,,84,0,61765b70c999300ea972d9c05653b570913b6428a99f611fd6f7f48490e0bdb3,1.0
785,stockpile::ddbd1850-5fd7-41d5-a7a1-1b15dac49090::0004,1,stockpile:medium:3,115,0,7ea91dd60dec17e35efdd55e7a2b73d58e6d8bd3180f79516bf5365e90f4683c,1.0000001192092896
786,stockpile::de07f52d-9928-4071-9142-cb1d3bd851e8::0001,0,,27,0,5eeabdafc36eb2a9692f2a21d6d7a57d46737d618d952bbd46a685176a54656f,0.9999999403953552
787,stockpile::de07f52d-9928-4071-9142-cb1d3bd851e8::0002,1,stockpile:short:1,50,0,af224a19eb10143ea656f7010211290a69b5524617f5274d5d71592491300f53,0.9999998211860657
788,stockpile::de07f52d-9928-4071-9142-cb1d3bd851e8::0003,0,,76,0,ae29f2342a3cefcc440fc50f7f2a1af0c59ccf98391568ea15258e732a4afe56,0.9999998807907104
789,stockpile::de07f52d-9928-4071-9142-cb1d3bd851e8::0004,0,,100,0,2f56b0d3abd4d1367a692863b1342adef178d2887586c4f7555053976050e6fc,0.9999998807907104
790,stockpile::de07f52d-9928-4071-9142-cb1d3bd851e8::0005,0,,127,0,8e31ea1619c5b40520f0eaf3fb02dcc858aeb5bd20d62e8dbf89b9f864316e9d,1.0
791,stockpile::de07f52d-9928-4071-9142-cb1d3bd851e8::0006,0,,157,0,344a946d6b14be75d5898f58c51334ba145cc2ba958a2886601de33fbe0fd8ef,1.0
792,stockpile::de07f52d-9928-4071-9142-cb1d3bd851e8::0007,0,,179,0,bd16e0437c425f5066b7fcde048c5cfdbe587f3f347cfda38808a78b980f370b,1.0
793,stockpile::de07f52d-9928-4071-9142-cb1d3bd851e8::0008,0,,205,0,8f7e18c8e7d87506d1fa705ad5376b6ba3e50d9985a43f480151515be00f1f08,1.0000001192092896
794,stockpile::de07f52d-9928-4071-9142-cb1d3bd851e8::0009,0,,227,0,4ae5a80d75bd81520521a98fbdf70365869d1c4e0a76fff0a3da4fa00f25880b,1.0000001192092896
795,stockpile::de07f52d-9928-4071-9142-cb1d3bd851e8::0010,0,,253,0,747c4a4823e5c8b68bc950b954b2b52e957f90714cde512b7c3687301fed10fc,1.0000001192092896
796,stockpile::de07f52d-9928-4071-9142-cb1d3bd851e8::0011,0,,277,0,156c9010aef9f510e26200012b1859f55fe2e647ba792b950eaa7e250897a525,1.0
797,stockpile::de07f52d-9928-4071-9142-cb1d3bd851e8::0012,0,,303,0,0262594a228b2e3f643e5f0456482a6fa5d2f692f202ddc2aaa88245365d8180,1.0000001192092896
798,stockpile::de07f52d-9928-4071-9142-cb1d3bd851e8::0013,0,,326,0,bfb0722068c9290440342d68d3bd67a512fd5abd77daafed1e52aa1272bc6e57,0.9999999403953552
799,stockpile::de07f52d-9928-4071-9142-cb1d3bd851e8::0014,0,,353,0,8fd2fd0cc97d766e53c29993788d9898f10f929c63a863cf86ffb27f1d6aa3b0,0.9999999403953552
800,stockpile::de07f52d-9928-4071-9142-cb1d3bd851e8::0015,0,,378,0,225427d0325a4c7bfacde02235bf2213d1d930c66d0b19754b00f77636136bf4,1.0
801,stockpile::de07f52d-9928-4071-9142-cb1d3bd851e8::0016,0,,403,0,c1260c665d73e34572911999ca4957be67ddec5c2b1288ef59dd472dd0b00c64,1.0000001192092896
802,stockpile::de07f52d-9928-4071-9142-cb1d3bd851e8::0017,0,,430,0,ab4061b0fb27e3374e49d9ba9e4be06d4d9668ea13ddd7f0a654a4aa3563c1e1,1.0
803,stockpile::e4324b88-8836-4803-b6b7-09b3c6cd4e94::0001,0,,32,0,4f2edba7d7b9f1ae93c3cb8e44b250e125390e1ccb7e2b6284a05e1ebf687e99,1.0
804,stockpile::e89a10d3-004f-4c15-b0eb-d1ba76a4b67f::0001,0,,187,0,64e4208aabd77e1f931853c9c56f4eb464cce75e0187760c6cb4fe9feb5a6494,1.0
805,stockpile::e89a10d3-004f-4c15-b0eb-d1ba76a4b67f::0002,0,,238,0,52af3e3a5f2d44b616b3c2b705a4a7b9f769241b75d46ec7fb20ad3e42a0bf0d,0.9999999403953552
806,stockpile::eddc8f03-f930-41e7-95ba-33fb87bfed74::0001,0,,187,0,64e4208aabd77e1f931853c9c56f4eb464cce75e0187760c6cb4fe9feb5a6494,1.0
807,stockpile::eddc8f03-f930-41e7-95ba-33fb87bfed74::0002,0,,214,0,c639118c789485833cac4de0f60609e9310999cdb75ff13e2291c121bc68c21d,0.9999999403953552
808,stockpile::ef4d997c-a0d1-4067-9efa-87c58682db71::0001,0,,29,0,c9f713da59b3bc8dc065b5309e35cf56afad25db5d4f497797f4addfcc9bad0f,0.9999999403953552
809,stockpile::ef4d997c-a0d1-4067-9efa-87c58682db71::0002,0,,55,0,6009387e388d7ea583dd1c4ff5ca32444da62ebaa67800136bb175a6f31ade1e,1.0
810,stockpile::ef4d997c-a0d1-4067-9efa-87c58682db71::0003,0,,90,0,307ae81b3f4dd53177e6dc5a4ce5f61dd70b71fc31fe617ef059abc0d35d4cb2,0.9999999403953552
811,stockpile::f98193a0-8b5b-4b5e-a5aa-e8c3adfcd4e6::0001,0,,37,0,692ea4a8c2fd609d538b1e8aed8eb07dea75167f840531ed4d7c91062ef22068,1.0
812,stockpile::fbc41624-1052-490c-b5ec-4fd718e2501d::0001,0,,187,0,64e4208aabd77e1f931853c9c56f4eb464cce75e0187760c6cb4fe9feb5a6494,1.0
813,stockpile::fbc41624-1052-490c-b5ec-4fd718e2501d::0002,0,,238,0,52af3e3a5f2d44b616b3c2b705a4a7b9f769241b75d46ec7fb20ad3e42a0bf0d,0.9999999403953552
